mission_id,tick,timestamp,rpm,cht_celsius,egt_celsius,oil_pressure_bar,oil_temp_celsius,vibration,fuel_flow,battery_voltage_v,injection_timing_deg,throttle_position,altitude_m,ambient_temp_celsius,label_fault_type,label_severity
fault_battery_alternator_fail_2,0,1789811965.4219189,0.0,25.0,25.48,0.0,25.01,0.0,0.0,12.45,0.03,0.0,0.0,25.0,healthy,0.0
fault_battery_alternator_fail_2,1,1789811966.4219189,0.0,25.03,25.72,0.0,25.0,0.0,0.0,12.45,0.0,0.0,0.0,25.0,healthy,0.0
fault_battery_alternator_fail_2,2,1789811967.4219189,1.8,25.03,25.85,0.0,25.0,0.0,0.0,12.51,0.01,0.0,0.0,25.0,healthy,0.0
fault_battery_alternator_fail_2,3,1789811968.4219189,2.5,25.02,25.58,0.0,25.0,0.0,0.0,12.51,0.01,0.0,0.0,25.0,healthy,0.0
fault_battery_alternator_fail_2,4,1789811969.4219189,1.7,25.02,25.61,0.0,25.0,0.0,0.0,12.53,0.01,0.0,0.0,25.0,healthy,0.0
fault_battery_alternator_fail_2,5,1789811970.4219189,0.4,25.0,25.84,0.0,25.0,0.0,0.0,12.48,0.01,0.0,0.0,25.0,healthy,0.0
fault_battery_alternator_fail_2,6,1789811971.4219189,0.5,25.04,25.84,0.0,25.0,0.0004,0.0,12.42,0.02,0.0,0.0,25.0,healthy,0.0
fault_battery_alternator_fail_2,7,1789811972.4219189,1.9,25.08,25.52,0.0,25.0,0.0001,0.0,12.42,0.02,0.0,0.0,25.0,healthy,0.0
fault_battery_alternator_fail_2,8,1789811973.4219189,1.6,25.09,25.33,0.0,25.0,0.0001,0.0,12.44,0.0,0.0,0.0,25.0,healthy,0.0
fault_battery_alternator_fail_2,9,1789811974.4219189,1.9,25.06,25.49,0.0,25.0,0.0002,0.0,12.36,0.02,0.0,0.0,25.0,healthy,0.0
fault_battery_alternator_fail_2,10,1789811975.4219189,0.0,25.08,25.0,0.0,25.0,0.0001,0.0,12.43,0.01,0.0,0.0,25.0,healthy,0.0
fault_battery_alternator_fail_2,11,1789811976.4219189,0.0,25.03,25.0,0.0,25.0,0.0008,0.0,12.45,0.02,0.0,0.0,25.0,healthy,0.0
fault_battery_alternator_fail_2,12,1789811977.4219189,0.0,25.02,25.0,0.0,25.0,0.0003,0.0,12.41,0.02,0.0,0.0,25.0,healthy,0.0
fault_battery_alternator_fail_2,13,1789811978.4219189,0.0,25.04,25.22,0.0,25.0,0.0008,0.0,12.37,0.01,0.0,0.0,25.0,healthy,0.0
fault_battery_alternator_fail_2,14,1789811979.4219189,1.4,25.06,25.16,0.0,25.0,0.0012,0.0,12.4,0.03,0.0,0.0,25.0,healthy,0.0
fault_battery_alternator_fail_2,15,1789811980.4219189,0.0,25.06,25.0,0.0,25.0,0.0012,0.0,12.4,0.0,0.0,0.0,25.0,healthy,0.0
fault_battery_alternator_fail_2,16,1789811981.4219189,0.0,25.06,25.27,0.0,25.0,0.0,0.0,12.38,0.01,0.0,0.0,25.0,healthy,0.0
fault_battery_alternator_fail_2,17,1789811982.4219189,0.0,25.05,25.27,0.0,25.0,0.0,0.0,12.47,0.03,0.0,0.0,25.0,healthy,0.0
fault_battery_alternator_fail_2,18,1789811983.4219189,0.0,25.11,25.38,0.01,25.0,0.0,0.0,12.52,0.02,0.0,0.0,25.0,healthy,0.0
fault_battery_alternator_fail_2,19,1789811984.4219189,0.0,25.11,25.07,0.01,25.0,0.0,0.0,12.51,0.03,0.0,0.0,25.0,healthy,0.0
fault_battery_alternator_fail_2,20,1789811985.4219189,0.0,25.09,25.45,0.0,25.0,0.0,0.0,12.39,0.01,0.0,0.0,25.0,healthy,0.0
fault_battery_alternator_fail_2,21,1789811986.4219189,0.0,25.07,25.0,0.0,25.01,0.0006,0.0,12.45,0.02,0.0,0.0,25.0,healthy,0.0
fault_battery_alternator_fail_2,22,1789811987.4219189,0.0,25.03,25.22,0.0,25.0,0.0,0.0,12.45,0.02,0.0,0.0,25.0,healthy,0.0
fault_battery_alternator_fail_2,23,1789811988.4219189,0.0,25.04,25.0,0.0,25.0,0.0,0.0,12.48,0.0,0.0,0.0,25.0,healthy,0.0
fault_battery_alternator_fail_2,24,1789811989.4219189,1.0,25.03,25.0,0.0,25.0,0.0,0.0,12.48,0.0,0.0,0.0,25.0,healthy,0.0
fault_battery_alternator_fail_2,25,1789811990.4219189,2.2,25.0,25.0,0.01,25.0,0.0,0.0,12.46,0.0,0.0,0.0,25.0,healthy,0.0
fault_battery_alternator_fail_2,26,1789811991.4219189,0.8,25.0,25.0,0.01,25.0,0.0,0.0,12.37,0.0,0.0,0.0,25.0,healthy,0.0
fault_battery_alternator_fail_2,27,1789811992.4219189,0.7,25.01,25.04,0.01,25.0,0.0,0.0,12.42,0.0,0.0,0.0,25.0,healthy,0.0
fault_battery_alternator_fail_2,28,1789811993.4219189,1.1,25.03,25.31,0.01,25.0,0.0,0.0,12.41,0.01,0.0,0.0,25.0,healthy,0.0
fault_battery_alternator_fail_2,29,1789811994.4219189,2.1,25.03,25.0,0.0,25.0,0.0004,0.0,12.44,0.03,0.0,0.0,25.0,healthy,0.0
fault_battery_alternator_fail_2,30,1789811995.4219189,2.6,25.03,25.0,0.0,25.0,0.0011,0.0,12.44,0.01,0.0,0.0,25.0,healthy,0.0
fault_battery_alternator_fail_2,31,1789811996.4219189,0.0,25.05,25.13,0.0,25.0,0.0002,0.0,12.5,0.01,0.0,0.0,25.0,healthy,0.0
fault_battery_alternator_fail_2,32,1789811997.4219189,0.0,25.06,25.35,0.0,25.0,0.0004,0.0,12.51,0.0,0.0,0.0,25.0,healthy,0.0
fault_battery_alternator_fail_2,33,1789811998.4219189,0.0,25.04,25.0,0.0,25.0,0.0009,0.0,12.48,0.02,0.0,0.0,25.0,healthy,0.0
fault_battery_alternator_fail_2,34,1789811999.4219189,0.0,25.0,25.0,0.0,25.0,0.0006,0.0,12.44,0.05,0.0,0.0,25.0,healthy,0.0
fault_battery_alternator_fail_2,35,1789812000.4219189,0.0,25.0,25.0,0.0,25.0,0.0,0.01,12.42,0.02,0.0,0.0,25.0,healthy,0.0
fault_battery_alternator_fail_2,36,1789812001.4219189,0.0,25.0,25.0,0.0,25.0,0.0004,0.01,12.44,0.03,0.0,0.0,25.0,healthy,0.0
fault_battery_alternator_fail_2,37,1789812002.4219189,0.0,25.03,25.0,0.0,25.0,0.0004,0.0,12.48,0.04,0.0,0.0,25.0,healthy,0.0
fault_battery_alternator_fail_2,38,1789812003.4219189,0.0,25.03,25.0,0.0,25.0,0.0,0.02,12.4,0.02,0.0,0.0,25.0,healthy,0.0
fault_battery_alternator_fail_2,39,1789812004.4219189,0.0,25.03,25.0,0.0,25.0,0.0,0.01,12.48,0.02,0.0,0.0,25.0,healthy,0.0
fault_battery_alternator_fail_2,40,1789812005.4219189,0.1,25.01,25.0,0.0,25.0,0.0,0.02,12.5,0.0,0.0,0.0,25.0,healthy,0.0
fault_battery_alternator_fail_2,41,1789812006.4219189,0.0,25.01,25.11,0.0,25.0,0.0,0.02,12.54,0.02,0.0,0.0,25.0,healthy,0.0
fault_battery_alternator_fail_2,42,1789812007.4219189,0.8,25.03,25.0,0.0,25.0,0.0,0.01,12.51,0.0,0.0,0.0,25.0,healthy,0.0
fault_battery_alternator_fail_2,43,1789812008.4219189,2.6,25.02,25.08,0.01,25.0,0.0,0.0,12.48,0.0,0.0,0.0,25.0,healthy,0.0
fault_battery_alternator_fail_2,44,1789812009.4219189,5.1,25.04,25.0,0.01,25.0,0.0,0.0,12.41,0.0,0.0,0.0,25.0,healthy,0.0
fault_battery_alternator_fail_2,45,1789812010.4219189,4.0,25.01,25.0,0.0,25.0,0.0,0.0,12.44,0.0,0.0,0.0,25.0,healthy,0.0
fault_battery_alternator_fail_2,46,1789812011.4219189,3.3,25.01,25.0,0.0,25.0,0.0003,0.0,12.42,0.0,0.0,0.0,25.0,healthy,0.0
fault_battery_alternator_fail_2,47,1789812012.4219189,5.2,25.0,25.24,0.0,25.0,0.0003,0.0,12.43,0.01,0.0,0.0,25.0,healthy,0.0
fault_battery_alternator_fail_2,48,1789812013.4219189,5.1,25.0,25.47,0.0,25.0,0.0008,0.0,12.36,0.02,0.0,0.0,25.0,healthy,0.0
fault_battery_alternator_fail_2,49,1789812014.4219189,3.8,25.01,25.0,0.0,25.0,0.0005,0.0,12.45,0.01,0.0,0.0,25.0,healthy,0.0
fault_battery_alternator_fail_2,50,1789812015.4219189,3.3,25.01,25.0,0.0,25.0,0.0006,0.0,12.4,0.0,0.0,0.0,25.0,healthy,0.0
fault_battery_alternator_fail_2,51,1789812016.4219189,3.5,25.05,25.0,0.0,25.0,0.0011,0.0,12.4,0.0,0.0,0.0,25.0,healthy,0.0
fault_battery_alternator_fail_2,52,1789812017.4219189,0.6,25.05,25.0,0.0,25.01,0.0012,0.01,12.36,0.0,0.0,0.0,25.0,healthy,0.0
fault_battery_alternator_fail_2,53,1789812018.4219189,0.8,25.06,25.0,0.0,25.01,0.0006,0.0,12.37,0.01,0.0,0.0,25.0,healthy,0.0
fault_battery_alternator_fail_2,54,1789812019.4219189,0.0,25.05,25.0,0.0,25.02,0.0002,0.0,12.34,0.02,0.0,0.0,25.0,healthy,0.0
fault_battery_alternator_fail_2,55,1789812020.4219189,0.0,25.08,25.0,0.0,25.02,0.0,0.0,12.35,0.0,0.0,0.0,25.0,healthy,0.0
fault_battery_alternator_fail_2,56,1789812021.4219189,0.0,25.07,25.0,0.0,25.02,0.0,0.0,12.35,0.0,0.0,0.0,25.0,healthy,0.0
fault_battery_alternator_fail_2,57,1789812022.4219189,0.0,25.08,25.0,0.0,25.02,0.0,0.0,12.34,0.0,0.0,0.0,25.0,healthy,0.0
fault_battery_alternator_fail_2,58,1789812023.4219189,0.0,25.08,25.0,0.0,25.01,0.0,0.0,12.38,0.01,0.0,0.0,25.0,healthy,0.0
fault_battery_alternator_fail_2,59,1789812024.4219189,0.0,25.08,25.0,0.0,25.01,0.0004,0.0,12.39,0.0,0.0,0.0,25.0,healthy,0.0
fault_battery_alternator_fail_2,60,1789812025.4219189,853.4,29.43,145.47,1.48,25.37,0.0313,3.33,12.73,8.16,10.0,0.0,25.0,healthy,0.0
fault_battery_alternator_fail_2,61,1789812026.4219189,1293.6,33.51,250.36,1.99,25.78,0.0299,4.85,12.95,10.07,10.0,0.0,25.0,healthy,0.0
fault_battery_alternator_fail_2,62,1789812027.4219189,1516.5,36.79,325.23,2.22,26.25,0.0302,5.53,13.1,10.63,10.0,0.0,25.0,healthy,0.0
fault_battery_alternator_fail_2,63,1789812028.4219189,1650.9,40.5,379.13,2.28,26.57,0.0228,6.13,13.19,10.78,10.0,0.0,25.0,healthy,0.0
fault_battery_alternator_fail_2,64,1789812029.4219189,1736.1,44.31,424.75,2.37,27.03,0.0249,6.25,13.23,10.75,10.0,0.0,25.0,healthy,0.0
fault_battery_alternator_fail_2,65,1789812030.4219189,1773.2,47.69,461.13,2.42,27.36,0.0287,6.38,13.35,10.8,10.0,0.0,25.0,healthy,0.0
fault_battery_alternator_fail_2,66,1789812031.4219189,1802.5,50.45,489.47,2.36,27.94,0.0211,6.47,13.39,10.84,10.0,0.0,25.0,healthy,0.0
fault_battery_alternator_fail_2,67,1789812032.4219189,1791.0,52.95,509.78,2.32,28.4,0.0217,6.49,13.52,10.96,10.0,0.0,25.0,healthy,0.0
fault_battery_alternator_fail_2,68,1789812033.4219189,1799.0,55.91,522.69,2.32,28.54,0.0235,6.63,13.54,10.93,10.0,0.0,25.0,healthy,0.0
fault_battery_alternator_fail_2,69,1789812034.4219189,1809.6,58.74,528.29,2.24,28.89,0.0237,6.61,13.55,11.09,10.0,0.0,25.0,healthy,0.0
fault_battery_alternator_fail_2,70,1789812035.4219189,1804.9,61.54,533.82,2.23,29.1,0.0168,6.63,13.59,11.32,10.0,0.0,25.0,healthy,0.0
fault_battery_alternator_fail_2,71,1789812036.4219189,1806.5,64.07,538.35,2.27,29.42,0.0247,6.48,13.65,10.92,10.0,0.0,25.0,healthy,0.0
fault_battery_alternator_fail_2,72,1789812037.4219189,1817.6,66.2,538.65,2.26,29.75,0.0159,6.58,13.67,11.47,10.0,0.0,25.0,healthy,0.0
fault_battery_alternator_fail_2,73,1789812038.4219189,1815.6,68.43,540.17,2.25,30.06,0.0187,6.37,13.71,11.33,10.0,0.0,25.0,healthy,0.0
fault_battery_alternator_fail_2,74,1789812039.4219189,1833.3,70.63,543.17,2.22,30.51,0.0173,6.55,13.72,11.46,10.0,0.0,25.0,healthy,0.0
fault_battery_alternator_fail_2,75,1789812040.4219189,1883.8,72.88,545.03,2.3,30.76,0.0271,6.5,13.79,11.42,10.0,0.0,25.0,healthy,0.0
fault_battery_alternator_fail_2,76,1789812041.4219189,1883.9,74.91,543.43,2.34,31.28,0.0253,6.58,13.83,11.47,10.0,0.0,25.0,healthy,0.0
fault_battery_alternator_fail_2,77,1789812042.4219189,1861.9,76.34,541.69,2.33,31.66,0.0317,6.42,13.83,11.71,10.0,0.0,25.0,healthy,0.0
fault_battery_alternator_fail_2,78,1789812043.4219189,1826.5,78.07,546.12,2.29,31.97,0.0297,6.63,13.84,11.38,10.0,0.0,25.0,healthy,0.0
fault_battery_alternator_fail_2,79,1789812044.4219189,1833.0,79.81,544.24,2.3,32.39,0.0274,6.65,13.84,11.35,10.0,0.0,25.0,healthy,0.0
fault_battery_alternator_fail_2,80,1789812045.4219189,1816.9,81.6,541.48,2.32,32.49,0.0275,6.67,13.8,10.97,10.0,0.0,25.0,healthy,0.0
fault_battery_alternator_fail_2,81,1789812046.4219189,1830.8,83.09,536.38,2.4,32.6,0.03,6.77,13.77,10.82,10.0,0.0,25.0,healthy,0.0
fault_battery_alternator_fail_2,82,1789812047.4219189,1823.5,84.17,540.32,2.33,32.94,0.0253,6.7,13.82,10.91,10.0,0.0,25.0,healthy,0.0
fault_battery_alternator_fail_2,83,1789812048.4219189,1808.5,85.28,539.24,2.27,33.24,0.0243,6.6,13.85,11.03,10.0,0.0,25.0,healthy,0.0
fault_battery_alternator_fail_2,84,1789812049.4219189,1804.8,86.68,537.05,2.26,33.43,0.0269,6.55,13.82,11.3,10.0,0.0,25.0,healthy,0.0
fault_battery_alternator_fail_2,85,1789812050.4219189,1790.2,87.53,538.71,2.26,33.72,0.0292,6.69,13.76,10.92,10.0,0.0,25.0,healthy,0.0
fault_battery_alternator_fail_2,86,1789812051.4219189,1797.3,88.74,539.6,2.29,34.09,0.0324,6.73,13.77,11.43,10.0,0.0,25.0,healthy,0.0
fault_battery_alternator_fail_2,87,1789812052.4219189,1827.2,90.1,534.44,2.29,34.45,0.0324,6.75,13.78,11.34,10.0,0.0,25.0,healthy,0.0
fault_battery_alternator_fail_2,88,1789812053.4219189,1822.0,91.38,535.0,2.34,34.63,0.0319,6.77,13.84,11.85,10.0,0.0,25.0,healthy,0.0
fault_battery_alternator_fail_2,89,1789812054.4219189,1845.3,92.11,539.5,2.32,34.94,0.026,6.79,13.81,11.71,10.0,0.0,25.0,healthy,0.0
fault_battery_alternator_fail_2,90,1789812055.4219189,1857.9,93.04,543.39,2.35,35.08,0.0255,6.66,13.79,11.5,10.0,0.0,25.0,healthy,0.0
fault_battery_alternator_fail_2,91,1789812056.4219189,1841.2,93.77,541.35,2.38,35.45,0.0279,6.62,13.85,11.45,10.0,0.0,25.0,healthy,0.0
fault_battery_alternator_fail_2,92,1789812057.4219189,1825.9,94.27,544.61,2.28,35.94,0.0197,6.66,13.81,11.54,10.0,0.0,25.0,healthy,0.0
fault_battery_alternator_fail_2,93,1789812058.4219189,1815.5,94.98,548.19,2.27,36.52,0.0192,6.51,13.86,11.18,10.0,0.0,25.0,healthy,0.0
fault_battery_alternator_fail_2,94,1789812059.4219189,1807.5,95.96,548.98,2.37,36.9,0.0119,6.53,13.83,11.57,10.0,0.0,25.0,healthy,0.0
fault_battery_alternator_fail_2,95,1789812060.4219189,1815.9,96.91,543.42,2.42,37.05,0.016,6.51,13.86,11.67,10.0,0.0,25.0,healthy,0.0
fault_battery_alternator_fail_2,96,1789812061.4219189,1815.9,97.65,549.8,2.42,37.51,0.0235,6.61,13.81,11.04,10.0,0.0,25.0,healthy,0.0
fault_battery_alternator_fail_2,97,1789812062.4219189,1809.7,98.14,550.94,2.32,37.88,0.0301,6.62,13.74,11.36,10.0,0.0,25.0,healthy,0.0
fault_battery_alternator_fail_2,98,1789812063.4219189,1818.4,98.72,551.36,2.32,38.32,0.032,6.68,13.66,11.5,10.0,0.0,25.0,healthy,0.0
fault_battery_alternator_fail_2,99,1789812064.4219189,1798.3,99.64,546.46,2.41,38.66,0.0237,6.61,13.65,11.61,10.0,0.0,25.0,healthy,0.0
fault_battery_alternator_fail_2,100,1789812065.4219189,1814.9,100.0,547.05,2.39,38.99,0.0263,6.35,13.69,11.75,10.0,0.0,25.0,healthy,0.0
fault_battery_alternator_fail_2,101,1789812066.4219189,1822.1,100.59,551.57,2.34,39.31,0.0277,6.56,13.67,11.53,10.0,0.0,25.0,healthy,0.0
fault_battery_alternator_fail_2,102,1789812067.4219189,1815.9,101.06,550.73,2.35,39.75,0.0261,6.52,13.69,11.5,10.0,0.0,25.0,healthy,0.0
fault_battery_alternator_fail_2,103,1789812068.4219189,1829.3,101.29,552.83,2.39,40.1,0.0316,6.63,13.67,11.62,10.0,0.0,25.0,healthy,0.0
fault_battery_alternator_fail_2,104,1789812069.4219189,1841.4,102.31,551.8,2.48,40.22,0.0271,6.67,13.59,11.6,10.0,0.0,25.0,healthy,0.0
fault_battery_alternator_fail_2,105,1789812070.4219189,1837.3,102.61,552.12,2.49,40.45,0.0298,6.63,13.54,11.27,10.0,0.0,25.0,healthy,0.0
fault_battery_alternator_fail_2,106,1789812071.4219189,1850.8,102.98,552.4,2.39,40.86,0.0324,6.66,13.54,11.5,10.0,0.0,25.0,healthy,0.0
fault_battery_alternator_fail_2,107,1789812072.4219189,1846.5,103.3,550.74,2.36,41.08,0.0241,6.71,13.51,11.75,10.0,0.0,25.0,healthy,0.0
fault_battery_alternator_fail_2,108,1789812073.4219189,1835.2,103.92,551.96,2.35,41.28,0.022,6.56,13.56,11.47,10.0,0.0,25.0,healthy,0.0
fault_battery_alternator_fail_2,109,1789812074.4219189,1833.5,104.17,547.35,2.33,41.64,0.0354,6.53,13.49,11.37,10.0,0.0,25.0,healthy,0.0
fault_battery_alternator_fail_2,110,1789812075.4219189,1828.7,104.61,548.75,2.26,41.99,0.0352,6.66,13.49,11.39,10.0,0.0,25.0,healthy,0.0
fault_battery_alternator_fail_2,111,1789812076.4219189,1831.9,104.94,551.43,2.28,42.36,0.0304,6.55,13.57,11.38,10.0,0.0,25.0,healthy,0.0
fault_battery_alternator_fail_2,112,1789812077.4219189,1839.8,105.35,549.0,2.31,42.53,0.0341,6.57,13.59,11.48,10.0,0.0,25.0,healthy,0.0
fault_battery_alternator_fail_2,113,1789812078.4219189,1829.2,105.69,550.96,2.29,42.68,0.0291,6.53,13.58,11.17,10.0,0.0,25.0,healthy,0.0
fault_battery_alternator_fail_2,114,1789812079.4219189,1844.0,106.04,548.55,2.33,42.81,0.0235,6.5,13.63,11.43,10.0,0.0,25.0,healthy,0.0
fault_battery_alternator_fail_2,115,1789812080.4219189,1838.6,106.07,545.39,2.33,43.02,0.0285,6.53,13.65,11.37,10.0,0.0,25.0,healthy,0.0
fault_battery_alternator_fail_2,116,1789812081.4219189,1847.7,106.37,544.94,2.27,43.28,0.0285,6.5,13.67,11.18,10.0,0.0,25.0,healthy,0.0
fault_battery_alternator_fail_2,117,1789812082.4219189,1856.2,106.92,548.26,2.37,43.67,0.0291,6.33,13.59,11.47,10.0,0.0,25.0,healthy,0.0
fault_battery_alternator_fail_2,118,1789812083.4219189,1833.2,107.35,543.27,2.35,43.97,0.029,6.36,13.71,11.46,10.0,0.0,25.0,healthy,0.0
fault_battery_alternator_fail_2,119,1789812084.4219189,1853.8,107.31,541.29,2.29,44.18,0.03,6.36,13.72,11.4,10.0,0.0,25.0,healthy,0.0
fault_battery_alternator_fail_2,120,1789812085.4219189,1837.9,107.38,540.17,2.23,44.73,0.0311,6.29,13.66,10.96,10.0,0.0,25.0,healthy,0.0
fault_battery_alternator_fail_2,121,1789812086.4219189,1832.9,107.56,545.01,2.21,44.86,0.0355,6.32,13.68,11.68,10.0,0.0,25.0,healthy,0.0
fault_battery_alternator_fail_2,122,1789812087.4219189,1816.8,107.68,545.11,2.25,45.21,0.0348,6.22,13.64,11.5,10.0,0.0,25.0,healthy,0.0
fault_battery_alternator_fail_2,123,1789812088.4219189,1817.9,108.17,544.87,2.23,45.49,0.0316,6.3,13.73,11.21,10.0,0.0,25.0,healthy,0.0
fault_battery_alternator_fail_2,124,1789812089.4219189,1810.7,108.33,544.31,2.25,45.58,0.0353,6.24,13.64,10.73,10.0,0.0,25.0,healthy,0.0
fault_battery_alternator_fail_2,125,1789812090.4219189,1829.4,108.64,548.58,2.36,45.81,0.0234,6.23,13.67,10.82,10.0,0.0,25.0,healthy,0.0
fault_battery_alternator_fail_2,126,1789812091.4219189,1877.1,109.05,547.05,2.33,46.16,0.0304,6.25,13.62,11.09,10.0,0.0,25.0,healthy,0.0
fault_battery_alternator_fail_2,127,1789812092.4219189,1856.8,109.19,545.29,2.34,46.43,0.0223,6.29,13.55,11.42,10.0,0.0,25.0,healthy,0.0
fault_battery_alternator_fail_2,128,1789812093.4219189,1856.3,109.49,544.99,2.37,46.55,0.0213,6.27,13.55,11.13,10.0,0.0,25.0,healthy,0.0
fault_battery_alternator_fail_2,129,1789812094.4219189,1857.0,109.6,543.78,2.28,46.89,0.0228,6.51,13.57,11.34,10.0,0.0,25.0,healthy,0.0
fault_battery_alternator_fail_2,130,1789812095.4219189,1852.9,109.76,540.75,2.29,47.29,0.0333,6.45,13.46,11.59,10.0,0.0,25.0,healthy,0.0
fault_battery_alternator_fail_2,131,1789812096.4219189,1862.3,109.82,545.96,2.33,47.48,0.0334,6.38,13.52,11.02,10.0,0.0,25.0,healthy,0.0
fault_battery_alternator_fail_2,132,1789812097.4219189,1852.5,110.29,548.33,2.37,47.78,0.0278,6.44,13.52,11.18,10.0,0.0,25.0,healthy,0.0
fault_battery_alternator_fail_2,133,1789812098.4219189,1842.9,110.52,548.78,2.34,47.85,0.0258,6.26,13.5,11.37,10.0,0.0,25.0,healthy,0.0
fault_battery_alternator_fail_2,134,1789812099.4219189,1847.7,110.62,542.98,2.4,48.24,0.0282,6.47,13.53,11.25,10.0,0.0,25.0,healthy,0.0
fault_battery_alternator_fail_2,135,1789812100.4219189,1843.9,110.6,547.48,2.3,48.56,0.023,6.48,13.59,11.25,10.0,0.0,25.0,healthy,0.0
fault_battery_alternator_fail_2,136,1789812101.4219189,1863.2,110.54,543.77,2.38,48.72,0.0175,6.22,13.58,11.23,10.0,0.0,25.0,healthy,0.0
fault_battery_alternator_fail_2,137,1789812102.4219189,1842.0,110.31,539.09,2.47,48.78,0.017,6.45,13.59,11.26,10.0,0.0,25.0,healthy,0.0
fault_battery_alternator_fail_2,138,1789812103.4219189,1853.3,110.24,543.13,2.35,48.89,0.0216,6.34,13.61,10.96,10.0,0.0,25.0,healthy,0.0
fault_battery_alternator_fail_2,139,1789812104.4219189,1844.5,110.2,542.32,2.31,49.1,0.023,6.28,13.64,11.09,10.0,0.0,25.0,healthy,0.0
fault_battery_alternator_fail_2,140,1789812105.4219189,1861.0,110.22,540.6,2.32,49.3,0.0269,6.54,13.72,11.47,10.0,0.0,25.0,healthy,0.0
fault_battery_alternator_fail_2,141,1789812106.4219189,1843.3,110.12,546.51,2.38,49.46,0.0282,6.75,13.76,11.43,10.0,0.0,25.0,healthy,0.0
fault_battery_alternator_fail_2,142,1789812107.4219189,1826.4,110.22,548.88,2.36,49.65,0.0276,6.48,13.77,11.44,10.0,0.0,25.0,healthy,0.0
fault_battery_alternator_fail_2,143,1789812108.4219189,1798.9,110.57,546.84,2.4,49.91,0.0294,6.55,13.74,11.13,10.0,0.0,25.0,healthy,0.0
fault_battery_alternator_fail_2,144,1789812109.4219189,1805.6,110.61,544.81,2.45,50.24,0.0399,6.49,13.72,10.98,10.0,0.0,25.0,healthy,0.0
fault_battery_alternator_fail_2,145,1789812110.4219189,1778.2,110.35,545.0,2.47,50.57,0.0278,6.36,13.83,11.2,10.0,0.0,25.0,healthy,0.0
fault_battery_alternator_fail_2,146,1789812111.4219189,1811.4,110.37,540.61,2.4,50.69,0.0262,6.44,13.78,11.2,10.0,0.0,25.0,healthy,0.0
fault_battery_alternator_fail_2,147,1789812112.4219189,1803.1,111.03,539.25,2.38,51.02,0.0266,6.38,13.73,11.23,10.0,0.0,25.0,healthy,0.0
fault_battery_alternator_fail_2,148,1789812113.4219189,1828.1,110.9,541.26,2.43,51.23,0.0286,6.2,13.71,11.44,10.0,0.0,25.0,healthy,0.0
fault_battery_alternator_fail_2,149,1789812114.4219189,1832.6,110.78,541.57,2.44,51.42,0.0309,6.27,13.73,11.61,10.0,0.0,25.0,healthy,0.0
fault_battery_alternator_fail_2,150,1789812115.4219189,1847.4,110.85,542.16,2.42,51.56,0.033,6.34,13.68,11.66,10.0,0.0,25.0,healthy,0.0
fault_battery_alternator_fail_2,151,1789812116.4219189,1849.5,110.94,538.53,2.4,51.91,0.029,6.26,13.71,11.6,10.0,0.0,25.0,healthy,0.0
fault_battery_alternator_fail_2,152,1789812117.4219189,1850.9,110.89,543.19,2.42,52.11,0.0303,6.39,13.72,11.8,10.0,0.0,25.0,healthy,0.0
fault_battery_alternator_fail_2,153,1789812118.4219189,1852.7,110.98,544.33,2.43,52.47,0.0354,6.57,13.68,11.98,10.0,0.0,25.0,healthy,0.0
fault_battery_alternator_fail_2,154,1789812119.4219189,1867.2,111.13,543.15,2.35,52.68,0.0334,6.74,13.62,11.67,10.0,0.0,25.0,healthy,0.0
fault_battery_alternator_fail_2,155,1789812120.4219189,1881.4,111.42,540.64,2.39,52.76,0.0308,6.59,13.67,11.74,10.0,0.0,25.0,healthy,0.0
fault_battery_alternator_fail_2,156,1789812121.4219189,1871.8,111.47,541.95,2.44,53.05,0.019,6.63,13.76,11.67,10.0,0.0,25.0,healthy,0.0
fault_battery_alternator_fail_2,157,1789812122.4219189,1878.1,111.34,539.81,2.45,53.33,0.0216,6.62,13.82,11.7,10.0,0.0,25.0,healthy,0.0
fault_battery_alternator_fail_2,158,1789812123.4219189,1884.8,111.49,539.86,2.45,53.31,0.0131,6.72,13.81,11.62,10.0,0.0,25.0,healthy,0.0
fault_battery_alternator_fail_2,159,1789812124.4219189,1837.3,111.56,538.8,2.45,53.52,0.0182,6.83,13.81,11.69,10.0,0.0,25.0,healthy,0.0
fault_battery_alternator_fail_2,160,1789812125.4219189,1846.3,111.5,539.8,2.45,53.54,0.0175,6.67,13.88,11.54,10.0,0.0,25.0,healthy,0.0
fault_battery_alternator_fail_2,161,1789812126.4219189,1848.9,111.64,534.27,2.35,53.74,0.0146,6.68,13.83,11.16,10.0,0.0,25.0,healthy,0.0
fault_battery_alternator_fail_2,162,1789812127.4219189,1861.7,111.91,534.0,2.38,54.09,0.0142,6.86,13.77,11.77,10.0,0.0,25.0,healthy,0.0
fault_battery_alternator_fail_2,163,1789812128.4219189,1832.9,111.6,537.19,2.36,54.19,0.0237,6.68,13.76,11.39,10.0,0.0,25.0,healthy,0.0
fault_battery_alternator_fail_2,164,1789812129.4219189,1863.1,111.67,535.25,2.38,54.31,0.0257,6.61,13.83,11.15,10.0,0.0,25.0,healthy,0.0
fault_battery_alternator_fail_2,165,1789812130.4219189,1849.5,111.97,530.88,2.34,54.52,0.0331,6.58,13.72,11.25,10.0,0.0,25.0,healthy,0.0
fault_battery_alternator_fail_2,166,1789812131.4219189,1823.7,111.99,529.05,2.35,54.7,0.0269,6.46,13.79,11.65,10.0,0.0,25.0,healthy,0.0
fault_battery_alternator_fail_2,167,1789812132.4219189,1821.1,112.1,536.57,2.36,54.88,0.0227,6.36,13.7,11.12,10.0,0.0,25.0,healthy,0.0
fault_battery_alternator_fail_2,168,1789812133.4219189,1850.0,111.91,543.94,2.3,55.18,0.0277,6.28,13.79,11.34,10.0,0.0,25.0,healthy,0.0
fault_battery_alternator_fail_2,169,1789812134.4219189,1858.3,112.1,543.84,2.33,55.43,0.0282,6.24,13.86,11.2,10.0,0.0,25.0,healthy,0.0
fault_battery_alternator_fail_2,170,1789812135.4219189,1851.9,112.3,552.47,2.39,55.46,0.0272,6.29,13.84,11.32,10.0,0.0,25.0,healthy,0.0
fault_battery_alternator_fail_2,171,1789812136.4219189,1848.3,112.42,553.7,2.34,55.72,0.0351,6.42,13.81,11.33,10.0,0.0,25.0,healthy,0.0
fault_battery_alternator_fail_2,172,1789812137.4219189,1849.9,112.39,551.85,2.43,55.87,0.0344,6.42,13.76,11.22,10.0,0.0,25.0,healthy,0.0
fault_battery_alternator_fail_2,173,1789812138.4219189,1834.3,112.02,553.58,2.5,56.1,0.0317,6.39,13.72,11.29,10.0,0.0,25.0,healthy,0.0
fault_battery_alternator_fail_2,174,1789812139.4219189,1811.7,112.14,558.29,2.38,56.14,0.0293,6.56,13.74,11.32,10.0,0.0,25.0,healthy,0.0
fault_battery_alternator_fail_2,175,1789812140.4219189,1819.1,111.84,560.06,2.41,56.55,0.0249,6.46,13.73,11.37,10.0,0.0,25.0,healthy,0.0
fault_battery_alternator_fail_2,176,1789812141.4219189,1817.5,111.94,549.58,2.36,56.78,0.0258,6.37,13.7,11.2,10.0,0.0,25.0,healthy,0.0
fault_battery_alternator_fail_2,177,1789812142.4219189,1860.4,111.46,551.12,2.31,56.98,0.0302,6.27,13.79,11.06,10.0,0.0,25.0,healthy,0.0
fault_battery_alternator_fail_2,178,1789812143.4219189,1847.7,111.18,550.33,2.32,57.16,0.0259,6.54,13.66,11.37,10.0,0.0,25.0,healthy,0.0
fault_battery_alternator_fail_2,179,1789812144.4219189,1861.9,111.16,548.12,2.34,57.42,0.0282,6.6,13.73,11.47,10.0,0.0,25.0,healthy,0.0
fault_battery_alternator_fail_2,180,1789812145.4219189,1869.8,110.85,547.2,2.22,57.77,0.0277,6.67,13.78,11.62,10.0,0.0,25.0,healthy,0.0
fault_battery_alternator_fail_2,181,1789812146.4219189,1839.1,110.49,549.71,2.3,57.87,0.0217,6.56,13.88,11.5,10.0,0.0,25.0,healthy,0.0
fault_battery_alternator_fail_2,182,1789812147.4219189,1827.5,110.74,542.45,2.32,58.06,0.0277,6.37,13.9,11.79,10.0,0.0,25.0,healthy,0.0
fault_battery_alternator_fail_2,183,1789812148.4219189,1853.9,110.49,545.43,2.34,58.31,0.0276,6.14,13.85,11.43,10.0,0.0,25.0,healthy,0.0
fault_battery_alternator_fail_2,184,1789812149.4219189,1885.1,110.6,549.5,2.47,58.62,0.0275,6.18,13.81,11.16,10.0,0.0,25.0,healthy,0.0
fault_battery_alternator_fail_2,185,1789812150.4219189,1915.8,110.43,548.37,2.47,58.85,0.0276,6.38,13.82,10.99,10.0,0.0,25.0,healthy,0.0
fault_battery_alternator_fail_2,186,1789812151.4219189,1903.4,110.63,547.16,2.38,59.12,0.0272,6.5,13.84,11.26,10.0,0.0,25.0,healthy,0.0
fault_battery_alternator_fail_2,187,1789812152.4219189,1857.0,111.04,545.95,2.38,59.32,0.0275,6.6,13.84,11.14,10.0,0.0,25.0,healthy,0.0
fault_battery_alternator_fail_2,188,1789812153.4219189,1869.6,111.35,547.37,2.4,59.53,0.0216,6.56,13.81,11.31,10.0,0.0,25.0,healthy,0.0
fault_battery_alternator_fail_2,189,1789812154.4219189,1863.4,111.37,545.78,2.31,59.97,0.0322,6.43,13.87,11.16,10.0,0.0,25.0,healthy,0.0
fault_battery_alternator_fail_2,190,1789812155.4219189,1854.5,111.63,547.06,2.28,60.3,0.0283,6.44,13.83,11.21,10.0,0.0,25.0,healthy,0.0
fault_battery_alternator_fail_2,191,1789812156.4219189,1830.0,111.88,547.14,2.3,60.42,0.0335,6.37,13.88,11.29,10.0,0.0,25.0,healthy,0.0
fault_battery_alternator_fail_2,192,1789812157.4219189,1840.3,111.54,547.97,2.37,60.61,0.02,6.26,13.96,11.22,10.0,0.0,25.0,healthy,0.0
fault_battery_alternator_fail_2,193,1789812158.4219189,1847.0,111.49,552.59,2.3,60.73,0.0249,6.32,13.94,11.44,10.0,0.0,25.0,healthy,0.0
fault_battery_alternator_fail_2,194,1789812159.4219189,1853.4,111.58,554.01,2.35,60.78,0.03,6.22,13.9,11.46,10.0,0.0,25.0,healthy,0.0
fault_battery_alternator_fail_2,195,1789812160.4219189,1842.7,111.44,549.87,2.38,61.07,0.0258,6.35,13.84,11.43,10.0,0.0,25.0,healthy,0.0
fault_battery_alternator_fail_2,196,1789812161.4219189,1848.0,111.47,551.3,2.44,61.19,0.0309,6.62,13.85,11.57,10.0,0.0,25.0,healthy,0.0
fault_battery_alternator_fail_2,197,1789812162.4219189,1858.7,111.6,550.91,2.39,61.31,0.0347,6.52,13.83,11.55,10.0,0.0,25.0,healthy,0.0
fault_battery_alternator_fail_2,198,1789812163.4219189,1876.8,111.58,547.98,2.42,61.38,0.0344,6.52,13.77,11.56,10.0,0.0,25.0,healthy,0.0
fault_battery_alternator_fail_2,199,1789812164.4219189,1866.7,111.44,542.85,2.51,61.56,0.0272,6.43,13.82,11.67,10.0,0.0,25.0,healthy,0.0
fault_battery_alternator_fail_2,200,1789812165.4219189,1865.7,111.04,542.04,2.57,61.65,0.028,6.43,13.83,11.78,10.0,0.0,25.0,healthy,0.0
fault_battery_alternator_fail_2,201,1789812166.4219189,1874.5,110.58,538.37,2.41,61.73,0.0278,6.51,13.81,11.63,10.0,0.0,25.0,healthy,0.0
fault_battery_alternator_fail_2,202,1789812167.4219189,1871.1,110.57,535.6,2.34,61.9,0.0282,6.5,13.8,11.52,10.0,0.0,25.0,healthy,0.0
fault_battery_alternator_fail_2,203,1789812168.4219189,1874.7,110.9,535.86,2.39,62.06,0.0319,6.37,13.72,11.6,10.0,0.0,25.0,healthy,0.0
fault_battery_alternator_fail_2,204,1789812169.4219189,1841.3,110.85,537.73,2.43,62.12,0.0401,6.32,13.73,12.02,10.0,0.0,25.0,healthy,0.0
fault_battery_alternator_fail_2,205,1789812170.4219189,1848.0,110.99,542.93,2.42,62.22,0.0236,6.44,13.68,11.99,10.0,0.0,25.0,healthy,0.0
fault_battery_alternator_fail_2,206,1789812171.4219189,1846.2,110.91,543.37,2.35,62.22,0.0347,6.48,13.65,11.88,10.0,0.0,25.0,healthy,0.0
fault_battery_alternator_fail_2,207,1789812172.4219189,1843.2,111.18,543.45,2.33,62.46,0.0365,6.46,13.65,11.87,10.0,0.0,25.0,healthy,0.0
fault_battery_alternator_fail_2,208,1789812173.4219189,1827.2,111.29,548.87,2.35,62.62,0.0329,6.24,13.64,11.72,10.0,0.0,25.0,healthy,0.0
fault_battery_alternator_fail_2,209,1789812174.4219189,1855.8,111.04,548.98,2.42,62.76,0.0232,6.21,13.63,11.65,10.0,0.0,25.0,healthy,0.0
fault_battery_alternator_fail_2,210,1789812175.4219189,1855.8,111.01,549.31,2.44,62.97,0.0349,6.27,13.66,11.6,10.0,0.0,25.0,healthy,0.0
fault_battery_alternator_fail_2,211,1789812176.4219189,1844.5,111.19,546.17,2.48,63.2,0.0347,6.13,13.7,11.36,10.0,0.0,25.0,healthy,0.0
fault_battery_alternator_fail_2,212,1789812177.4219189,1857.4,111.49,545.54,2.49,63.49,0.0352,6.07,13.73,11.37,10.0,0.0,25.0,healthy,0.0
fault_battery_alternator_fail_2,213,1789812178.4219189,1848.6,111.33,548.44,2.43,63.57,0.0314,6.07,13.7,11.43,10.0,0.0,25.0,healthy,0.0
fault_battery_alternator_fail_2,214,1789812179.4219189,1862.1,111.12,551.84,2.43,63.97,0.0361,6.04,13.68,11.25,10.0,0.0,25.0,healthy,0.0
fault_battery_alternator_fail_2,215,1789812180.4219189,1838.5,111.01,548.0,2.37,64.05,0.0281,6.0,13.75,11.5,10.0,0.0,25.0,healthy,0.0
fault_battery_alternator_fail_2,216,1789812181.4219189,1836.8,111.0,547.94,2.45,64.14,0.0299,6.05,13.67,11.27,10.0,0.0,25.0,healthy,0.0
fault_battery_alternator_fail_2,217,1789812182.4219189,1864.2,111.0,547.18,2.34,64.35,0.0325,5.96,13.67,11.23,10.0,0.0,25.0,healthy,0.0
fault_battery_alternator_fail_2,218,1789812183.4219189,1852.6,111.31,547.24,2.33,64.41,0.0249,6.24,13.7,11.28,10.0,0.0,25.0,healthy,0.0
fault_battery_alternator_fail_2,219,1789812184.4219189,1846.1,111.53,548.76,2.31,64.75,0.0365,6.4,13.69,11.39,10.0,0.0,25.0,healthy,0.0
fault_battery_alternator_fail_2,220,1789812185.4219189,1810.7,111.27,544.56,2.37,65.11,0.0302,6.44,13.65,11.48,10.0,0.0,25.0,healthy,0.0
fault_battery_alternator_fail_2,221,1789812186.4219189,1803.7,111.44,542.3,2.32,65.22,0.0314,6.52,13.64,11.12,10.0,0.0,25.0,healthy,0.0
fault_battery_alternator_fail_2,222,1789812187.4219189,1773.0,111.53,545.27,2.24,65.44,0.0188,6.65,13.64,11.5,10.0,0.0,25.0,healthy,0.0
fault_battery_alternator_fail_2,223,1789812188.4219189,1765.5,111.24,544.01,2.27,65.61,0.0175,6.61,13.66,11.26,10.0,0.0,25.0,healthy,0.0
fault_battery_alternator_fail_2,224,1789812189.4219189,1761.2,111.2,542.04,2.38,65.82,0.0307,6.54,13.71,11.09,10.0,0.0,25.0,healthy,0.0
fault_battery_alternator_fail_2,225,1789812190.4219189,1787.8,111.16,537.23,2.37,65.82,0.022,6.61,13.66,11.41,10.0,0.0,25.0,healthy,0.0
fault_battery_alternator_fail_2,226,1789812191.4219189,1782.6,111.22,537.38,2.3,65.87,0.0321,6.53,13.66,11.31,10.0,0.0,25.0,healthy,0.0
fault_battery_alternator_fail_2,227,1789812192.4219189,1771.0,111.7,539.96,2.37,66.01,0.0356,6.35,13.71,11.3,10.0,0.0,25.0,healthy,0.0
fault_battery_alternator_fail_2,228,1789812193.4219189,1786.3,111.61,535.25,2.4,66.17,0.0403,6.33,13.68,11.2,10.0,0.0,25.0,healthy,0.0
fault_battery_alternator_fail_2,229,1789812194.4219189,1781.4,111.65,540.22,2.39,66.2,0.0434,6.42,13.68,11.55,10.0,0.0,25.0,healthy,0.0
fault_battery_alternator_fail_2,230,1789812195.4219189,1776.4,111.57,544.89,2.35,66.33,0.0339,6.4,13.75,11.65,10.0,0.0,25.0,healthy,0.0
fault_battery_alternator_fail_2,231,1789812196.4219189,1776.1,111.21,543.0,2.32,66.39,0.0277,6.27,13.79,11.53,10.0,0.0,25.0,healthy,0.0
fault_battery_alternator_fail_2,232,1789812197.4219189,1773.8,111.29,546.8,2.34,66.56,0.0298,6.39,13.78,11.53,10.0,0.0,25.0,healthy,0.0
fault_battery_alternator_fail_2,233,1789812198.4219189,1791.4,111.14,548.73,2.37,66.78,0.0275,6.57,13.72,11.35,10.0,0.0,25.0,healthy,0.0
fault_battery_alternator_fail_2,234,1789812199.4219189,1794.7,111.17,547.83,2.39,66.88,0.0257,6.53,13.72,11.41,10.0,0.0,25.0,healthy,0.0
fault_battery_alternator_fail_2,235,1789812200.4219189,1791.0,111.16,545.87,2.41,67.08,0.0298,6.54,13.74,11.12,10.0,0.0,25.0,healthy,0.0
fault_battery_alternator_fail_2,236,1789812201.4219189,1818.3,111.55,545.52,2.5,67.15,0.0381,6.53,13.74,11.39,10.0,0.0,25.0,healthy,0.0
fault_battery_alternator_fail_2,237,1789812202.4219189,1847.6,111.27,546.58,2.51,67.1,0.0397,6.55,13.74,11.54,10.0,0.0,25.0,healthy,0.0
fault_battery_alternator_fail_2,238,1789812203.4219189,1830.6,111.33,551.89,2.45,67.22,0.0313,6.47,13.76,11.82,10.0,0.0,25.0,healthy,0.0
fault_battery_alternator_fail_2,239,1789812204.4219189,1856.5,111.3,551.98,2.34,67.37,0.0274,6.31,13.76,11.96,10.0,0.0,25.0,healthy,0.0
fault_battery_alternator_fail_2,240,1789812205.4219189,1852.0,110.98,548.16,2.37,67.58,0.0293,6.21,13.82,11.49,10.0,0.0,25.0,healthy,0.0
fault_battery_alternator_fail_2,241,1789812206.4219189,1814.9,111.06,550.42,2.42,67.8,0.0223,6.29,13.83,11.29,10.0,0.0,25.0,healthy,0.0
fault_battery_alternator_fail_2,242,1789812207.4219189,1853.9,110.64,550.74,2.39,67.86,0.0304,6.54,13.87,11.39,10.0,0.0,25.0,healthy,0.0
fault_battery_alternator_fail_2,243,1789812208.4219189,1870.3,110.78,550.56,2.33,68.02,0.026,6.39,13.88,11.38,10.0,0.0,25.0,healthy,0.0
fault_battery_alternator_fail_2,244,1789812209.4219189,1836.6,111.31,547.1,2.41,68.04,0.0269,6.28,13.86,11.57,10.0,0.0,25.0,healthy,0.0
fault_battery_alternator_fail_2,245,1789812210.4219189,1848.0,111.68,543.69,2.37,68.2,0.0339,6.45,13.82,11.55,10.0,0.0,25.0,healthy,0.0
fault_battery_alternator_fail_2,246,1789812211.4219189,1837.4,111.79,542.63,2.39,68.24,0.0298,6.44,13.73,11.55,10.0,0.0,25.0,healthy,0.0
fault_battery_alternator_fail_2,247,1789812212.4219189,1836.0,111.6,540.63,2.43,68.43,0.0198,6.38,13.8,11.38,10.0,0.0,25.0,healthy,0.0
fault_battery_alternator_fail_2,248,1789812213.4219189,1857.3,111.7,546.87,2.44,68.6,0.0249,6.22,13.85,11.44,10.0,0.0,25.0,healthy,0.0
fault_battery_alternator_fail_2,249,1789812214.4219189,1852.7,111.95,546.71,2.4,68.74,0.035,6.32,13.84,11.54,10.0,0.0,25.0,healthy,0.0
fault_battery_alternator_fail_2,250,1789812215.4219189,1850.5,111.8,553.18,2.34,68.78,0.0377,6.4,13.79,11.57,10.0,0.0,25.0,healthy,0.0
fault_battery_alternator_fail_2,251,1789812216.4219189,1830.2,111.58,552.34,2.3,68.84,0.0291,6.36,13.85,11.37,10.0,0.0,25.0,healthy,0.0
fault_battery_alternator_fail_2,252,1789812217.4219189,1827.9,111.65,556.36,2.35,69.12,0.022,6.27,13.73,11.29,10.0,0.0,25.0,healthy,0.0
fault_battery_alternator_fail_2,253,1789812218.4219189,1816.2,111.74,556.49,2.23,69.38,0.0159,6.5,13.77,11.42,10.0,0.0,25.0,healthy,0.0
fault_battery_alternator_fail_2,254,1789812219.4219189,1809.7,111.5,545.54,2.3,69.58,0.0153,6.67,13.78,11.5,10.0,0.0,25.0,healthy,0.0
fault_battery_alternator_fail_2,255,1789812220.4219189,1810.1,111.78,547.02,2.31,69.71,0.0194,6.59,13.81,11.53,10.0,0.0,25.0,healthy,0.0
fault_battery_alternator_fail_2,256,1789812221.4219189,1852.1,111.79,548.79,2.21,69.94,0.0212,6.39,13.74,11.57,10.0,0.0,25.0,healthy,0.0
fault_battery_alternator_fail_2,257,1789812222.4219189,1847.5,111.61,552.44,2.21,69.92,0.0174,6.33,13.74,11.56,10.0,0.0,25.0,healthy,0.0
fault_battery_alternator_fail_2,258,1789812223.4219189,1844.6,111.83,544.7,2.3,70.03,0.0263,6.35,13.71,11.41,10.0,0.0,25.0,healthy,0.0
fault_battery_alternator_fail_2,259,1789812224.4219189,1843.3,111.67,544.99,2.33,70.28,0.0153,6.39,13.75,11.36,10.0,0.0,25.0,healthy,0.0
fault_battery_alternator_fail_2,260,1789812225.4219189,1843.5,111.7,546.62,2.3,70.5,0.0224,6.58,13.69,11.17,10.0,0.0,25.0,healthy,0.0
fault_battery_alternator_fail_2,261,1789812226.4219189,1823.4,112.04,546.19,2.3,70.59,0.0303,6.67,13.66,11.57,10.0,0.0,25.0,healthy,0.0
fault_battery_alternator_fail_2,262,1789812227.4219189,1825.3,112.15,540.12,2.27,70.72,0.0353,6.62,13.62,11.63,10.0,0.0,25.0,healthy,0.0
fault_battery_alternator_fail_2,263,1789812228.4219189,1824.3,112.35,537.0,2.28,70.83,0.036,6.7,13.62,11.54,10.0,0.0,25.0,healthy,0.0
fault_battery_alternator_fail_2,264,1789812229.4219189,1841.7,112.35,538.47,2.29,71.11,0.0367,6.75,13.65,11.63,10.0,0.0,25.0,healthy,0.0
fault_battery_alternator_fail_2,265,1789812230.4219189,1855.3,112.14,534.47,2.27,71.19,0.0296,6.68,13.65,11.49,10.0,0.0,25.0,healthy,0.0
fault_battery_alternator_fail_2,266,1789812231.4219189,1847.2,112.01,534.18,2.24,71.36,0.0401,6.58,13.58,11.38,10.0,0.0,25.0,healthy,0.0
fault_battery_alternator_fail_2,267,1789812232.4219189,1824.8,112.13,539.59,2.21,71.57,0.0347,6.59,13.51,11.52,10.0,0.0,25.0,healthy,0.0
fault_battery_alternator_fail_2,268,1789812233.4219189,1836.5,111.84,539.81,2.27,71.57,0.0321,6.5,13.62,11.34,10.0,0.0,25.0,healthy,0.0
fault_battery_alternator_fail_2,269,1789812234.4219189,1843.9,111.72,541.3,2.27,71.64,0.0297,6.67,13.61,11.6,10.0,0.0,25.0,healthy,0.0
fault_battery_alternator_fail_2,270,1789812235.4219189,1843.8,111.56,548.86,2.3,71.76,0.0324,6.59,13.71,11.61,10.0,0.0,25.0,healthy,0.0
fault_battery_alternator_fail_2,271,1789812236.4219189,1847.0,111.21,548.96,2.33,71.95,0.0226,6.32,13.68,11.44,10.0,0.0,25.0,healthy,0.0
fault_battery_alternator_fail_2,272,1789812237.4219189,1845.3,111.23,547.14,2.31,72.06,0.023,6.35,13.69,11.5,10.0,0.0,25.0,healthy,0.0
fault_battery_alternator_fail_2,273,1789812238.4219189,1858.6,111.35,542.56,2.27,72.22,0.0258,6.51,13.79,11.75,10.0,0.0,25.0,healthy,0.0
fault_battery_alternator_fail_2,274,1789812239.4219189,1868.3,111.19,538.98,2.34,72.29,0.0256,6.47,13.86,11.44,10.0,0.0,25.0,healthy,0.0
fault_battery_alternator_fail_2,275,1789812240.4219189,1870.1,111.22,539.75,2.33,72.48,0.0273,6.69,13.84,11.06,10.0,0.0,25.0,healthy,0.0
fault_battery_alternator_fail_2,276,1789812241.4219189,1875.6,111.27,544.73,2.4,72.62,0.0204,6.56,13.89,11.23,10.0,0.0,25.0,healthy,0.0
fault_battery_alternator_fail_2,277,1789812242.4219189,1838.0,111.31,541.98,2.32,72.58,0.0333,6.48,13.91,11.52,10.0,0.0,25.0,healthy,0.0
fault_battery_alternator_fail_2,278,1789812243.4219189,1814.8,111.15,544.44,2.32,72.72,0.0267,6.41,13.87,11.54,10.0,0.0,25.0,healthy,0.0
fault_battery_alternator_fail_2,279,1789812244.4219189,1836.0,111.33,542.88,2.42,72.85,0.0254,6.4,13.81,11.45,10.0,0.0,25.0,healthy,0.0
fault_battery_alternator_fail_2,280,1789812245.4219189,1825.1,111.73,544.91,2.33,72.91,0.0268,6.35,13.88,11.32,10.0,0.0,25.0,healthy,0.0
fault_battery_alternator_fail_2,281,1789812246.4219189,1842.7,111.58,545.04,2.4,73.04,0.0311,6.26,13.81,11.52,10.0,0.0,25.0,healthy,0.0
fault_battery_alternator_fail_2,282,1789812247.4219189,1846.0,111.58,543.77,2.41,73.3,0.0264,6.27,13.76,11.66,10.0,0.0,25.0,healthy,0.0
fault_battery_alternator_fail_2,283,1789812248.4219189,1836.7,111.52,540.64,2.23,73.36,0.0246,6.46,13.73,11.68,10.0,0.0,25.0,healthy,0.0
fault_battery_alternator_fail_2,284,1789812249.4219189,1845.1,111.44,539.68,2.18,73.37,0.018,6.49,13.67,11.26,10.0,0.0,25.0,healthy,0.0
fault_battery_alternator_fail_2,285,1789812250.4219189,1831.3,111.79,538.08,2.25,73.34,0.0139,6.57,13.66,11.16,10.0,0.0,25.0,healthy,0.0
fault_battery_alternator_fail_2,286,1789812251.4219189,1825.1,111.95,533.09,2.31,73.62,0.0223,6.52,13.67,11.42,10.0,0.0,25.0,healthy,0.0
fault_battery_alternator_fail_2,287,1789812252.4219189,1861.7,112.09,531.48,2.36,73.59,0.0179,6.48,13.72,11.34,10.0,0.0,25.0,healthy,0.0
fault_battery_alternator_fail_2,288,1789812253.4219189,1848.1,111.84,527.93,2.25,73.55,0.0173,6.45,13.77,11.43,10.0,0.0,25.0,healthy,0.0
fault_battery_alternator_fail_2,289,1789812254.4219189,1847.1,111.88,536.64,2.2,73.67,0.0244,6.35,13.75,11.19,10.0,0.0,25.0,healthy,0.0
fault_battery_alternator_fail_2,290,1789812255.4219189,1870.3,112.07,541.02,2.21,73.55,0.0255,6.23,13.7,11.36,10.0,0.0,25.0,healthy,0.0
fault_battery_alternator_fail_2,291,1789812256.4219189,1845.9,111.83,539.3,2.25,73.7,0.0221,6.45,13.72,11.15,10.0,0.0,25.0,healthy,0.0
fault_battery_alternator_fail_2,292,1789812257.4219189,1825.3,112.02,534.4,2.21,73.9,0.0168,6.35,13.73,11.31,10.0,0.0,25.0,healthy,0.0
fault_battery_alternator_fail_2,293,1789812258.4219189,1825.0,112.08,539.79,2.24,73.94,0.0204,6.34,13.68,11.43,10.0,0.0,25.0,healthy,0.0
fault_battery_alternator_fail_2,294,1789812259.4219189,1841.8,112.11,542.51,2.29,74.23,0.0199,6.23,13.69,11.24,10.0,0.0,25.0,healthy,0.0
fault_battery_alternator_fail_2,295,1789812260.4219189,1853.0,112.12,547.88,2.23,74.4,0.0148,6.37,13.72,11.02,10.0,0.0,25.0,healthy,0.0
fault_battery_alternator_fail_2,296,1789812261.4219189,1876.6,111.98,548.18,2.32,74.5,0.0218,6.33,13.76,11.51,10.0,0.0,25.0,healthy,0.0
fault_battery_alternator_fail_2,297,1789812262.4219189,1888.0,111.87,551.25,2.36,74.56,0.0238,6.29,13.84,11.56,10.0,0.0,25.0,healthy,0.0
fault_battery_alternator_fail_2,298,1789812263.4219189,1880.3,111.59,548.08,2.36,74.73,0.0322,6.34,13.82,11.32,10.0,0.0,25.0,healthy,0.0
fault_battery_alternator_fail_2,299,1789812264.4219189,1864.8,111.67,549.35,2.3,74.85,0.0318,6.3,13.83,11.29,10.0,0.0,25.0,healthy,0.0
fault_battery_alternator_fail_2,300,1789812265.4219189,3794.6,112.16,590.82,3.85,75.03,0.057,15.02,14.03,17.86,100.0,5.0,25.0,healthy,0.0
fault_battery_alternator_fail_2,301,1789812266.4219189,4777.7,113.12,642.18,4.6,75.24,0.0796,20.61,14.1,21.19,100.0,10.0,24.9,healthy,0.0
fault_battery_alternator_fail_2,302,1789812267.4219189,5263.9,114.35,692.74,5.12,75.38,0.0798,23.79,14.13,23.22,100.0,15.0,24.9,healthy,0.0
fault_battery_alternator_fail_2,303,1789812268.4219189,5512.6,115.31,733.7,5.31,75.58,0.0899,25.43,14.32,23.84,100.0,20.0,24.9,healthy,0.0
fault_battery_alternator_fail_2,304,1789812269.4219189,5648.6,116.5,765.98,5.39,75.88,0.0968,26.18,14.32,24.78,100.0,25.0,24.8,healthy,0.0
fault_battery_alternator_fail_2,305,1789812270.4219189,5718.3,117.54,789.49,5.42,76.01,0.099,26.7,14.29,24.85,100.0,30.0,24.8,healthy,0.0
fault_battery_alternator_fail_2,306,1789812271.4219189,5744.3,118.92,801.07,5.4,76.13,0.0926,26.85,14.25,25.17,100.0,35.0,24.8,healthy,0.0
fault_battery_alternator_fail_2,307,1789812272.4219189,5742.4,120.05,818.38,5.36,76.3,0.0928,26.86,14.18,24.82,100.0,40.0,24.7,healthy,0.0
fault_battery_alternator_fail_2,308,1789812273.4219189,5749.2,121.3,822.46,5.56,76.49,0.1011,26.84,14.08,24.59,100.0,45.0,24.7,healthy,0.0
fault_battery_alternator_fail_2,309,1789812274.4219189,5751.3,122.37,834.43,5.51,76.79,0.1067,26.9,14.04,24.51,100.0,50.0,24.7,healthy,0.0
fault_battery_alternator_fail_2,310,1789812275.4219189,5780.6,123.34,839.18,5.5,77.23,0.1038,26.78,14.02,24.77,100.0,55.0,24.6,healthy,0.0
fault_battery_alternator_fail_2,311,1789812276.4219189,5798.1,124.26,845.31,5.57,77.44,0.1031,26.73,13.98,24.95,100.0,60.0,24.6,healthy,0.0
fault_battery_alternator_fail_2,312,1789812277.4219189,5806.0,125.15,846.14,5.51,77.49,0.1034,26.43,14.07,24.53,100.0,65.0,24.6,healthy,0.0
fault_battery_alternator_fail_2,313,1789812278.4219189,5800.7,126.03,851.77,5.58,77.61,0.0946,26.62,14.04,24.59,100.0,70.0,24.5,healthy,0.0
fault_battery_alternator_fail_2,314,1789812279.4219189,5826.0,127.09,855.71,5.53,77.7,0.096,26.57,14.05,24.61,100.0,75.0,24.5,healthy,0.0
fault_battery_alternator_fail_2,315,1789812280.4219189,5827.3,128.07,850.13,5.54,77.87,0.1009,26.72,14.11,24.41,100.0,80.0,24.5,healthy,0.0
fault_battery_alternator_fail_2,316,1789812281.4219189,5832.5,128.6,846.03,5.52,78.13,0.1026,26.77,14.05,24.75,100.0,85.0,24.4,healthy,0.0
fault_battery_alternator_fail_2,317,1789812282.4219189,5811.1,129.26,849.25,5.55,78.37,0.1015,26.92,14.0,24.64,100.0,90.0,24.4,healthy,0.0
fault_battery_alternator_fail_2,318,1789812283.4219189,5842.8,130.04,850.18,5.51,78.67,0.0929,26.88,13.98,24.62,100.0,95.0,24.4,healthy,0.0
fault_battery_alternator_fail_2,319,1789812284.4219189,5838.7,130.37,851.33,5.56,78.71,0.0987,26.8,14.05,24.75,100.0,100.0,24.4,healthy,0.0
fault_battery_alternator_fail_2,320,1789812285.4219189,5832.1,130.91,847.37,5.55,78.73,0.0903,26.9,14.11,24.84,100.0,105.0,24.3,healthy,0.0
fault_battery_alternator_fail_2,321,1789812286.4219189,5830.2,131.54,854.55,5.51,78.95,0.095,26.98,14.11,24.78,100.0,110.0,24.3,healthy,0.0
fault_battery_alternator_fail_2,322,1789812287.4219189,5815.0,132.09,856.06,5.51,79.18,0.0963,26.96,14.13,25.0,100.0,115.0,24.3,healthy,0.0
fault_battery_alternator_fail_2,323,1789812288.4219189,5805.0,132.39,857.98,5.5,79.52,0.1056,27.01,14.1,25.3,100.0,120.0,24.2,healthy,0.0
fault_battery_alternator_fail_2,324,1789812289.4219189,5817.6,132.84,859.29,5.56,79.81,0.0971,26.83,14.13,25.28,100.0,125.0,24.2,healthy,0.0
fault_battery_alternator_fail_2,325,1789812290.4219189,5809.1,133.58,853.96,5.61,79.94,0.1,26.91,14.07,25.22,100.0,130.0,24.2,healthy,0.0
fault_battery_alternator_fail_2,326,1789812291.4219189,5796.1,133.77,860.16,5.6,80.16,0.1031,26.97,14.13,25.25,100.0,135.0,24.1,healthy,0.0
fault_battery_alternator_fail_2,327,1789812292.4219189,5803.5,133.96,865.42,5.54,80.22,0.1013,27.0,14.04,24.88,100.0,140.0,24.1,healthy,0.0
fault_battery_alternator_fail_2,328,1789812293.4219189,5806.6,134.07,855.02,5.56,80.43,0.0947,27.07,14.15,24.99,100.0,145.0,24.1,healthy,0.0
fault_battery_alternator_fail_2,329,1789812294.4219189,5801.4,134.43,856.31,5.59,80.72,0.0908,27.14,14.19,25.07,100.0,150.0,24.0,healthy,0.0
fault_battery_alternator_fail_2,330,1789812295.4219189,5797.6,134.77,854.28,5.61,80.91,0.0996,27.14,14.16,24.6,100.0,155.0,24.0,healthy,0.0
fault_battery_alternator_fail_2,331,1789812296.4219189,5818.1,134.99,852.38,5.52,81.04,0.0954,27.12,14.2,24.95,100.0,160.0,24.0,healthy,0.0
fault_battery_alternator_fail_2,332,1789812297.4219189,5791.1,135.42,852.33,5.45,81.21,0.0943,27.03,14.17,25.07,100.0,165.0,23.9,healthy,0.0
fault_battery_alternator_fail_2,333,1789812298.4219189,5804.1,135.6,854.22,5.46,81.42,0.0944,27.03,14.23,25.19,100.0,170.0,23.9,healthy,0.0
fault_battery_alternator_fail_2,334,1789812299.4219189,5828.8,136.13,854.83,5.43,81.58,0.1004,27.03,14.21,25.14,100.0,175.0,23.9,healthy,0.0
fault_battery_alternator_fail_2,335,1789812300.4219189,5832.3,136.6,858.17,5.35,81.63,0.1026,26.87,14.13,24.88,100.0,180.0,23.8,healthy,0.0
fault_battery_alternator_fail_2,336,1789812301.4219189,5825.2,136.67,855.92,5.41,81.67,0.0954,27.0,14.1,25.0,100.0,185.0,23.8,healthy,0.0
fault_battery_alternator_fail_2,337,1789812302.4219189,5828.6,136.94,855.93,5.45,81.89,0.0931,26.97,14.11,25.37,100.0,190.0,23.8,healthy,0.0
fault_battery_alternator_fail_2,338,1789812303.4219189,5818.1,137.09,853.17,5.42,81.84,0.0977,27.07,14.15,24.76,100.0,195.0,23.7,healthy,0.0
fault_battery_alternator_fail_2,339,1789812304.4219189,5786.6,137.28,857.62,5.49,81.89,0.1062,26.99,14.1,25.06,100.0,200.0,23.7,healthy,0.0
fault_battery_alternator_fail_2,340,1789812305.4219189,5788.1,137.13,860.1,5.39,82.18,0.0981,26.95,14.09,24.97,100.0,205.0,23.7,healthy,0.0
fault_battery_alternator_fail_2,341,1789812306.4219189,5784.6,137.69,855.19,5.39,82.43,0.0947,26.96,14.07,25.04,100.0,210.0,23.6,healthy,0.0
fault_battery_alternator_fail_2,342,1789812307.4219189,5816.2,138.06,853.49,5.45,82.67,0.1024,27.08,14.17,24.83,100.0,215.0,23.6,healthy,0.0
fault_battery_alternator_fail_2,343,1789812308.4219189,5792.3,138.39,860.21,5.49,82.86,0.0985,27.07,14.2,25.12,100.0,220.0,23.6,healthy,0.0
fault_battery_alternator_fail_2,344,1789812309.4219189,5810.8,138.32,859.52,5.54,83.06,0.0955,27.14,14.21,24.46,100.0,225.0,23.5,healthy,0.0
fault_battery_alternator_fail_2,345,1789812310.4219189,5805.6,138.61,860.17,5.51,83.12,0.1042,27.17,14.18,24.6,100.0,230.0,23.5,healthy,0.0
fault_battery_alternator_fail_2,346,1789812311.4219189,5803.8,138.99,857.42,5.57,83.32,0.1042,27.25,14.18,24.91,100.0,235.0,23.5,healthy,0.0
fault_battery_alternator_fail_2,347,1789812312.4219189,5807.3,139.45,851.59,5.49,83.39,0.1017,27.19,14.17,25.09,100.0,240.0,23.4,healthy,0.0
fault_battery_alternator_fail_2,348,1789812313.4219189,5833.0,139.88,843.01,5.53,83.61,0.1007,27.35,14.24,24.92,100.0,245.0,23.4,healthy,0.0
fault_battery_alternator_fail_2,349,1789812314.4219189,5850.3,139.63,843.04,5.49,84.01,0.0987,27.27,14.14,24.82,100.0,250.0,23.4,healthy,0.0
fault_battery_alternator_fail_2,350,1789812315.4219189,5854.7,139.88,845.51,5.48,84.06,0.0992,27.19,14.1,24.79,100.0,255.0,23.3,healthy,0.0
fault_battery_alternator_fail_2,351,1789812316.4219189,5836.0,139.73,844.67,5.42,84.22,0.1054,27.13,14.21,24.86,100.0,260.0,23.3,healthy,0.0
fault_battery_alternator_fail_2,352,1789812317.4219189,5806.3,139.89,847.39,5.41,84.46,0.1061,27.05,14.27,24.32,100.0,265.0,23.3,healthy,0.0
fault_battery_alternator_fail_2,353,1789812318.4219189,5825.6,140.15,843.94,5.48,84.58,0.1048,27.19,14.32,24.71,100.0,270.0,23.2,healthy,0.0
fault_battery_alternator_fail_2,354,1789812319.4219189,5812.5,140.42,849.14,5.5,84.68,0.1098,27.03,14.35,25.18,100.0,275.0,23.2,healthy,0.0
fault_battery_alternator_fail_2,355,1789812320.4219189,5798.9,140.26,842.8,5.41,84.89,0.104,27.13,14.32,24.87,100.0,280.0,23.2,healthy,0.0
fault_battery_alternator_fail_2,356,1789812321.4219189,5777.0,140.37,843.73,5.38,85.15,0.1041,27.23,14.36,24.81,100.0,285.0,23.1,healthy,0.0
fault_battery_alternator_fail_2,357,1789812322.4219189,5787.2,140.52,849.16,5.38,85.37,0.0992,26.95,14.28,24.98,100.0,290.0,23.1,healthy,0.0
fault_battery_alternator_fail_2,358,1789812323.4219189,5812.4,140.73,848.02,5.36,85.65,0.1009,26.99,14.36,25.2,100.0,295.0,23.1,healthy,0.0
fault_battery_alternator_fail_2,359,1789812324.4219189,5825.6,140.77,847.75,5.36,85.83,0.0889,27.03,14.33,25.27,100.0,300.0,23.1,healthy,0.0
fault_battery_alternator_fail_2,360,1789812325.4219189,5825.5,140.84,848.77,5.38,86.05,0.0843,26.99,14.36,25.01,100.0,305.0,23.0,healthy,0.0
fault_battery_alternator_fail_2,361,1789812326.4219189,5805.3,140.89,847.05,5.41,86.25,0.0882,27.23,14.35,24.91,100.0,310.0,23.0,healthy,0.0
fault_battery_alternator_fail_2,362,1789812327.4219189,5800.3,141.03,848.43,5.47,86.44,0.094,27.17,14.31,25.16,100.0,315.0,23.0,healthy,0.0
fault_battery_alternator_fail_2,363,1789812328.4219189,5798.4,140.88,851.6,5.54,86.52,0.0851,27.03,14.3,25.23,100.0,320.0,22.9,healthy,0.0
fault_battery_alternator_fail_2,364,1789812329.4219189,5809.8,141.07,852.41,5.44,86.52,0.098,27.07,14.33,24.98,100.0,325.0,22.9,healthy,0.0
fault_battery_alternator_fail_2,365,1789812330.4219189,5788.4,141.02,848.67,5.42,86.66,0.1035,26.88,14.32,25.49,100.0,330.0,22.9,healthy,0.0
fault_battery_alternator_fail_2,366,1789812331.4219189,5807.6,140.86,852.54,5.41,86.69,0.0985,26.88,14.35,25.1,100.0,335.0,22.8,healthy,0.0
fault_battery_alternator_fail_2,367,1789812332.4219189,5795.6,140.77,850.22,5.49,86.99,0.0896,26.91,14.31,24.95,100.0,340.0,22.8,healthy,0.0
fault_battery_alternator_fail_2,368,1789812333.4219189,5807.8,140.79,854.69,5.49,87.15,0.1012,26.92,14.33,24.93,100.0,345.0,22.8,healthy,0.0
fault_battery_alternator_fail_2,369,1789812334.4219189,5808.8,140.91,855.24,5.48,87.26,0.1037,26.8,14.31,24.86,100.0,350.0,22.7,healthy,0.0
fault_battery_alternator_fail_2,370,1789812335.4219189,5810.8,140.96,851.96,5.5,87.43,0.1078,26.85,14.33,24.86,100.0,355.0,22.7,healthy,0.0
fault_battery_alternator_fail_2,371,1789812336.4219189,5820.9,140.7,849.67,5.42,87.55,0.1037,26.88,14.34,25.22,100.0,360.0,22.7,healthy,0.0
fault_battery_alternator_fail_2,372,1789812337.4219189,5805.2,140.8,850.66,5.48,87.57,0.1054,26.86,14.39,25.33,100.0,365.0,22.6,healthy,0.0
fault_battery_alternator_fail_2,373,1789812338.4219189,5802.0,140.82,855.22,5.45,87.66,0.0955,26.78,14.35,25.08,100.0,370.0,22.6,healthy,0.0
fault_battery_alternator_fail_2,374,1789812339.4219189,5801.9,140.7,857.97,5.4,87.83,0.0961,26.75,14.32,24.97,100.0,375.0,22.6,healthy,0.0
fault_battery_alternator_fail_2,375,1789812340.4219189,5789.7,140.96,852.92,5.38,88.07,0.0951,26.8,14.32,24.88,100.0,380.0,22.5,healthy,0.0
fault_battery_alternator_fail_2,376,1789812341.4219189,5794.9,140.87,851.72,5.45,88.22,0.0981,26.72,14.33,25.33,100.0,385.0,22.5,healthy,0.0
fault_battery_alternator_fail_2,377,1789812342.4219189,5803.2,140.64,853.41,5.45,88.29,0.1008,26.85,14.41,25.25,100.0,390.0,22.5,healthy,0.0
fault_battery_alternator_fail_2,378,1789812343.4219189,5790.5,140.57,854.67,5.47,88.33,0.103,26.9,14.38,24.94,100.0,395.0,22.4,healthy,0.0
fault_battery_alternator_fail_2,379,1789812344.4219189,5785.6,141.12,859.18,5.48,88.51,0.0926,27.07,14.41,24.55,100.0,400.0,22.4,healthy,0.0
fault_battery_alternator_fail_2,380,1789812345.4219189,5805.3,141.09,863.0,5.44,88.76,0.0949,27.04,14.46,24.67,100.0,405.0,22.4,healthy,0.0
fault_battery_alternator_fail_2,381,1789812346.4219189,5798.9,141.07,859.61,5.5,88.92,0.0978,26.95,14.47,24.51,100.0,410.0,22.3,healthy,0.0
fault_battery_alternator_fail_2,382,1789812347.4219189,5815.5,141.15,856.2,5.49,88.93,0.1003,27.07,14.38,24.66,100.0,415.0,22.3,healthy,0.0
fault_battery_alternator_fail_2,383,1789812348.4219189,5846.9,141.06,862.52,5.53,89.03,0.1103,27.1,14.43,24.73,100.0,420.0,22.3,healthy,0.0
fault_battery_alternator_fail_2,384,1789812349.4219189,5845.2,141.17,864.8,5.52,89.11,0.1109,27.05,14.4,25.11,100.0,425.0,22.2,healthy,0.0
fault_battery_alternator_fail_2,385,1789812350.4219189,5807.9,141.18,861.59,5.54,89.26,0.107,27.06,14.35,25.49,100.0,430.0,22.2,healthy,0.0
fault_battery_alternator_fail_2,386,1789812351.4219189,5797.3,140.96,862.07,5.5,89.33,0.1097,27.1,14.32,25.31,100.0,435.0,22.2,healthy,0.0
fault_battery_alternator_fail_2,387,1789812352.4219189,5784.0,140.75,863.6,5.48,89.34,0.1106,27.15,14.36,25.08,100.0,440.0,22.1,healthy,0.0
fault_battery_alternator_fail_2,388,1789812353.4219189,5805.0,140.76,862.11,5.47,89.31,0.1118,27.25,14.28,25.38,100.0,445.0,22.1,healthy,0.0
fault_battery_alternator_fail_2,389,1789812354.4219189,5813.3,141.12,862.01,5.48,89.26,0.1116,27.15,14.33,25.35,100.0,450.0,22.1,healthy,0.0
fault_battery_alternator_fail_2,390,1789812355.4219189,5812.8,141.06,855.1,5.59,89.57,0.1097,27.17,14.32,25.28,100.0,455.0,22.0,healthy,0.0
fault_battery_alternator_fail_2,391,1789812356.4219189,5816.2,141.2,852.52,5.6,89.83,0.1045,27.02,14.44,25.3,100.0,460.0,22.0,healthy,0.0
fault_battery_alternator_fail_2,392,1789812357.4219189,5831.4,141.45,847.27,5.54,89.87,0.0983,26.98,14.43,25.19,100.0,465.0,22.0,healthy,0.0
fault_battery_alternator_fail_2,393,1789812358.4219189,5797.8,141.33,844.12,5.47,90.18,0.1006,27.03,14.37,25.25,100.0,470.0,21.9,healthy,0.0
fault_battery_alternator_fail_2,394,1789812359.4219189,5791.7,141.05,845.59,5.51,90.28,0.0914,27.02,14.4,24.61,100.0,475.0,21.9,healthy,0.0
fault_battery_alternator_fail_2,395,1789812360.4219189,5782.7,140.83,848.67,5.43,90.56,0.0994,27.14,14.38,25.18,100.0,480.0,21.9,healthy,0.0
fault_battery_alternator_fail_2,396,1789812361.4219189,5779.8,140.93,853.13,5.48,90.76,0.0984,26.99,14.42,25.32,100.0,485.0,21.8,healthy,0.0
fault_battery_alternator_fail_2,397,1789812362.4219189,5786.1,140.92,855.93,5.45,91.04,0.0928,26.93,14.39,25.3,100.0,490.0,21.8,healthy,0.0
fault_battery_alternator_fail_2,398,1789812363.4219189,5805.4,140.78,854.01,5.46,91.26,0.094,26.91,14.41,25.12,100.0,495.0,21.8,healthy,0.0
fault_battery_alternator_fail_2,399,1789812364.4219189,5802.1,140.8,859.55,5.38,91.15,0.0923,26.79,14.34,25.13,100.0,500.0,21.8,healthy,0.0
fault_battery_alternator_fail_2,400,1789812365.4219189,5794.7,141.1,853.74,5.36,91.25,0.0945,26.91,14.22,25.01,100.0,505.0,21.7,healthy,0.0
fault_battery_alternator_fail_2,401,1789812366.4219189,5817.7,141.22,848.67,5.36,91.42,0.0969,26.78,14.19,24.68,100.0,510.0,21.7,healthy,0.0
fault_battery_alternator_fail_2,402,1789812367.4219189,5797.5,141.42,849.47,5.36,91.63,0.1011,26.58,14.14,24.89,100.0,515.0,21.7,healthy,0.0
fault_battery_alternator_fail_2,403,1789812368.4219189,5798.7,141.34,852.68,5.33,91.67,0.098,26.6,14.2,25.15,100.0,520.0,21.6,healthy,0.0
fault_battery_alternator_fail_2,404,1789812369.4219189,5819.4,141.59,852.65,5.34,91.9,0.0965,26.72,14.12,25.25,100.0,525.0,21.6,healthy,0.0
fault_battery_alternator_fail_2,405,1789812370.4219189,5828.5,141.58,851.44,5.5,92.09,0.0978,26.94,14.2,25.27,100.0,530.0,21.6,healthy,0.0
fault_battery_alternator_fail_2,406,1789812371.4219189,5830.4,141.32,846.33,5.53,92.26,0.0992,26.96,14.22,25.23,100.0,535.0,21.5,healthy,0.0
fault_battery_alternator_fail_2,407,1789812372.4219189,5845.8,141.13,849.75,5.48,92.48,0.1028,26.88,14.18,25.11,100.0,540.0,21.5,healthy,0.0
fault_battery_alternator_fail_2,408,1789812373.4219189,5833.5,141.55,844.12,5.5,92.22,0.1048,26.97,14.2,25.04,100.0,545.0,21.5,healthy,0.0
fault_battery_alternator_fail_2,409,1789812374.4219189,5806.6,141.6,847.63,5.51,92.32,0.0973,26.93,14.08,24.86,100.0,550.0,21.4,healthy,0.0
fault_battery_alternator_fail_2,410,1789812375.4219189,5805.6,141.14,845.77,5.55,92.42,0.1062,26.94,14.03,25.09,100.0,555.0,21.4,healthy,0.0
fault_battery_alternator_fail_2,411,1789812376.4219189,5809.0,140.83,842.46,5.57,92.62,0.0999,26.63,14.01,25.01,100.0,560.0,21.4,healthy,0.0
fault_battery_alternator_fail_2,412,1789812377.4219189,5831.8,140.64,844.56,5.51,92.72,0.0991,26.55,14.05,24.75,100.0,565.0,21.3,healthy,0.0
fault_battery_alternator_fail_2,413,1789812378.4219189,5830.0,140.91,842.81,5.47,92.81,0.1031,26.51,14.04,24.94,100.0,570.0,21.3,healthy,0.0
fault_battery_alternator_fail_2,414,1789812379.4219189,5837.2,140.7,838.83,5.47,92.84,0.1043,26.54,14.06,24.71,100.0,575.0,21.3,healthy,0.0
fault_battery_alternator_fail_2,415,1789812380.4219189,5829.5,140.55,842.34,5.49,93.05,0.1046,26.71,14.04,25.03,100.0,580.0,21.2,healthy,0.0
fault_battery_alternator_fail_2,416,1789812381.4219189,5810.0,140.6,840.95,5.41,93.26,0.1079,26.69,13.99,25.12,100.0,585.0,21.2,healthy,0.0
fault_battery_alternator_fail_2,417,1789812382.4219189,5834.1,140.53,842.01,5.43,93.46,0.1027,26.79,14.09,24.79,100.0,590.0,21.2,healthy,0.0
fault_battery_alternator_fail_2,418,1789812383.4219189,5828.8,140.55,835.99,5.47,93.65,0.1018,26.78,14.15,25.14,100.0,595.0,21.1,healthy,0.0
fault_battery_alternator_fail_2,419,1789812384.4219189,5843.7,140.25,837.17,5.41,93.76,0.1067,26.84,14.17,25.12,100.0,600.0,21.1,healthy,0.0
fault_battery_alternator_fail_2,420,1789812385.4219189,5827.0,140.2,839.68,5.46,94.01,0.1053,26.91,14.19,25.41,100.0,605.0,21.1,healthy,0.0
fault_battery_alternator_fail_2,421,1789812386.4219189,5833.0,139.98,839.08,5.36,94.11,0.0989,27.03,14.13,25.39,100.0,610.0,21.0,healthy,0.0
fault_battery_alternator_fail_2,422,1789812387.4219189,5831.1,140.07,837.13,5.4,94.27,0.0923,27.19,14.07,25.04,100.0,615.0,21.0,healthy,0.0
fault_battery_alternator_fail_2,423,1789812388.4219189,5824.7,139.7,839.99,5.44,94.5,0.0867,27.15,14.18,25.04,100.0,620.0,21.0,healthy,0.0
fault_battery_alternator_fail_2,424,1789812389.4219189,5814.1,139.43,841.83,5.49,94.63,0.0893,27.04,14.25,25.11,100.0,625.0,20.9,healthy,0.0
fault_battery_alternator_fail_2,425,1789812390.4219189,5826.3,139.51,841.65,5.49,94.62,0.1042,27.07,14.27,25.07,100.0,630.0,20.9,healthy,0.0
fault_battery_alternator_fail_2,426,1789812391.4219189,5832.2,139.71,840.61,5.47,94.64,0.0965,27.08,14.24,24.49,100.0,635.0,20.9,healthy,0.0
fault_battery_alternator_fail_2,427,1789812392.4219189,5831.3,139.48,839.43,5.43,94.85,0.0899,27.06,14.25,24.88,100.0,640.0,20.8,healthy,0.0
fault_battery_alternator_fail_2,428,1789812393.4219189,5842.3,139.53,843.64,5.44,95.08,0.1005,27.1,14.18,24.93,100.0,645.0,20.8,healthy,0.0
fault_battery_alternator_fail_2,429,1789812394.4219189,5825.4,139.85,848.81,5.37,95.18,0.1018,26.96,14.09,24.83,100.0,650.0,20.8,healthy,0.0
fault_battery_alternator_fail_2,430,1789812395.4219189,5816.5,139.84,851.85,5.4,95.36,0.0962,26.93,14.09,24.7,100.0,655.0,20.7,healthy,0.0
fault_battery_alternator_fail_2,431,1789812396.4219189,5821.6,140.0,850.37,5.4,95.62,0.0909,26.77,14.06,25.23,100.0,660.0,20.7,healthy,0.0
fault_battery_alternator_fail_2,432,1789812397.4219189,5806.2,139.84,850.12,5.39,95.74,0.0872,26.85,14.04,25.15,100.0,665.0,20.7,healthy,0.0
fault_battery_alternator_fail_2,433,1789812398.4219189,5806.7,139.83,841.57,5.4,95.91,0.0927,27.05,14.12,25.14,100.0,670.0,20.6,healthy,0.0
fault_battery_alternator_fail_2,434,1789812399.4219189,5816.0,139.78,838.76,5.43,96.08,0.0957,27.05,14.15,24.93,100.0,675.0,20.6,healthy,0.0
fault_battery_alternator_fail_2,435,1789812400.4219189,5795.1,139.64,833.34,5.43,96.24,0.1045,26.93,14.16,24.96,100.0,680.0,20.6,healthy,0.0
fault_battery_alternator_fail_2,436,1789812401.4219189,5799.5,140.0,837.49,5.35,96.32,0.1011,26.87,14.15,24.66,100.0,685.0,20.5,healthy,0.0
fault_battery_alternator_fail_2,437,1789812402.4219189,5791.7,139.93,837.77,5.29,96.46,0.096,26.98,14.14,24.73,100.0,690.0,20.5,healthy,0.0
fault_battery_alternator_fail_2,438,1789812403.4219189,5786.4,139.86,846.27,5.35,96.51,0.1046,27.1,14.08,24.98,100.0,695.0,20.5,healthy,0.0
fault_battery_alternator_fail_2,439,1789812404.4219189,5783.0,140.0,845.52,5.35,96.64,0.1017,26.94,14.08,24.9,100.0,700.0,20.4,healthy,0.0
fault_battery_alternator_fail_2,440,1789812405.4219189,5788.1,139.84,849.33,5.41,96.65,0.0983,27.07,14.05,25.1,100.0,705.0,20.4,healthy,0.0
fault_battery_alternator_fail_2,441,1789812406.4219189,5796.3,140.1,846.52,5.41,96.8,0.1077,27.24,14.13,24.96,100.0,710.0,20.4,healthy,0.0
fault_battery_alternator_fail_2,442,1789812407.4219189,5791.3,139.87,850.15,5.35,96.73,0.1034,27.33,14.12,25.09,100.0,715.0,20.4,healthy,0.0
fault_battery_alternator_fail_2,443,1789812408.4219189,5816.5,139.96,846.81,5.37,96.79,0.1078,27.28,14.13,25.07,100.0,720.0,20.3,healthy,0.0
fault_battery_alternator_fail_2,444,1789812409.4219189,5791.5,139.94,845.32,5.32,96.73,0.1107,27.24,14.17,25.38,100.0,725.0,20.3,healthy,0.0
fault_battery_alternator_fail_2,445,1789812410.4219189,5811.3,139.89,848.03,5.35,96.82,0.106,27.14,14.18,25.1,100.0,730.0,20.3,healthy,0.0
fault_battery_alternator_fail_2,446,1789812411.4219189,5794.8,139.99,841.79,5.42,96.9,0.1006,27.18,14.21,24.92,100.0,735.0,20.2,healthy,0.0
fault_battery_alternator_fail_2,447,1789812412.4219189,5792.2,139.82,841.73,5.47,96.91,0.0996,27.24,14.17,25.09,100.0,740.0,20.2,healthy,0.0
fault_battery_alternator_fail_2,448,1789812413.4219189,5771.3,140.06,846.17,5.49,97.03,0.1072,27.21,14.19,24.84,100.0,745.0,20.2,healthy,0.0
fault_battery_alternator_fail_2,449,1789812414.4219189,5773.0,140.11,849.02,5.49,97.1,0.1026,27.19,14.17,25.28,100.0,750.0,20.1,healthy,0.0
fault_battery_alternator_fail_2,450,1789812415.4219189,5786.9,139.93,854.83,5.49,97.29,0.0955,27.06,14.21,25.21,100.0,755.0,20.1,healthy,0.0
fault_battery_alternator_fail_2,451,1789812416.4219189,5787.3,139.82,854.83,5.49,97.49,0.1029,27.02,14.13,24.98,100.0,760.0,20.1,healthy,0.0
fault_battery_alternator_fail_2,452,1789812417.4219189,5792.8,139.59,855.27,5.49,97.64,0.1038,27.07,14.08,25.17,100.0,765.0,20.0,healthy,0.0
fault_battery_alternator_fail_2,453,1789812418.4219189,5812.2,139.69,856.64,5.54,97.7,0.0992,26.85,14.06,25.14,100.0,770.0,20.0,healthy,0.0
fault_battery_alternator_fail_2,454,1789812419.4219189,5826.8,139.36,852.45,5.43,97.72,0.1,27.01,14.11,24.92,100.0,775.0,20.0,healthy,0.0
fault_battery_alternator_fail_2,455,1789812420.4219189,5834.8,139.59,843.83,5.46,97.73,0.0951,27.06,14.12,24.59,100.0,780.0,19.9,healthy,0.0
fault_battery_alternator_fail_2,456,1789812421.4219189,5817.1,139.85,837.63,5.4,97.77,0.0991,27.15,14.15,24.67,100.0,785.0,19.9,healthy,0.0
fault_battery_alternator_fail_2,457,1789812422.4219189,5820.8,140.14,838.08,5.43,97.87,0.0995,27.17,14.11,25.16,100.0,790.0,19.9,healthy,0.0
fault_battery_alternator_fail_2,458,1789812423.4219189,5801.9,140.07,834.87,5.36,97.93,0.1069,27.02,14.15,24.86,100.0,795.0,19.8,healthy,0.0
fault_battery_alternator_fail_2,459,1789812424.4219189,5812.5,139.67,837.72,5.31,97.99,0.1053,27.06,14.2,24.54,100.0,800.0,19.8,healthy,0.0
fault_battery_alternator_fail_2,460,1789812425.4219189,5799.6,139.4,834.67,5.33,98.07,0.0972,26.88,14.19,24.57,100.0,805.0,19.8,healthy,0.0
fault_battery_alternator_fail_2,461,1789812426.4219189,5791.5,139.76,840.2,5.45,98.04,0.0921,27.19,14.2,24.69,100.0,810.0,19.7,healthy,0.0
fault_battery_alternator_fail_2,462,1789812427.4219189,5813.7,139.82,843.47,5.4,98.2,0.0981,27.19,14.23,25.02,100.0,815.0,19.7,healthy,0.0
fault_battery_alternator_fail_2,463,1789812428.4219189,5801.3,139.76,845.78,5.34,98.33,0.0966,27.18,14.27,25.16,100.0,820.0,19.7,healthy,0.0
fault_battery_alternator_fail_2,464,1789812429.4219189,5816.1,139.73,843.47,5.37,98.39,0.0966,26.97,14.25,25.06,100.0,825.0,19.6,healthy,0.0
fault_battery_alternator_fail_2,465,1789812430.4219189,5796.0,139.91,842.81,5.38,98.36,0.1024,27.07,14.21,25.26,100.0,830.0,19.6,healthy,0.0
fault_battery_alternator_fail_2,466,1789812431.4219189,5808.4,140.06,839.69,5.35,98.3,0.0946,27.07,14.23,25.66,100.0,835.0,19.6,healthy,0.0
fault_battery_alternator_fail_2,467,1789812432.4219189,5818.3,139.99,842.65,5.43,98.27,0.0889,27.01,14.21,25.24,100.0,840.0,19.5,healthy,0.0
fault_battery_alternator_fail_2,468,1789812433.4219189,5836.7,140.18,839.58,5.35,98.39,0.0901,26.96,14.22,25.12,100.0,845.0,19.5,healthy,0.0
fault_battery_alternator_fail_2,469,1789812434.4219189,5833.2,140.17,834.8,5.28,98.5,0.0935,26.89,14.23,25.29,100.0,850.0,19.5,healthy,0.0
fault_battery_alternator_fail_2,470,1789812435.4219189,5835.3,139.9,835.86,5.36,98.59,0.0964,26.97,14.26,25.17,100.0,855.0,19.4,healthy,0.0
fault_battery_alternator_fail_2,471,1789812436.4219189,5842.9,139.72,835.7,5.36,98.69,0.1012,26.9,14.24,25.02,100.0,860.0,19.4,healthy,0.0
fault_battery_alternator_fail_2,472,1789812437.4219189,5836.2,139.75,838.2,5.3,98.72,0.1005,27.02,14.24,25.42,100.0,865.0,19.4,healthy,0.0
fault_battery_alternator_fail_2,473,1789812438.4219189,5815.1,139.69,830.31,5.34,98.71,0.1007,27.02,14.18,24.89,100.0,870.0,19.3,healthy,0.0
fault_battery_alternator_fail_2,474,1789812439.4219189,5797.1,139.41,830.63,5.42,98.69,0.1068,26.88,14.2,24.86,100.0,875.0,19.3,healthy,0.0
fault_battery_alternator_fail_2,475,1789812440.4219189,5826.8,139.7,830.03,5.44,98.98,0.1062,26.8,14.15,24.79,100.0,880.0,19.3,healthy,0.0
fault_battery_alternator_fail_2,476,1789812441.4219189,5817.2,139.73,834.12,5.36,99.0,0.1022,26.95,14.17,25.12,100.0,885.0,19.2,healthy,0.0
fault_battery_alternator_fail_2,477,1789812442.4219189,5809.2,139.39,834.6,5.4,99.04,0.1017,26.82,14.16,24.93,100.0,890.0,19.2,healthy,0.0
fault_battery_alternator_fail_2,478,1789812443.4219189,5803.7,139.43,837.1,5.37,99.19,0.1,26.73,14.22,24.91,100.0,895.0,19.2,healthy,0.0
fault_battery_alternator_fail_2,479,1789812444.4219189,5798.9,139.05,838.12,5.32,99.26,0.0981,26.73,14.24,24.68,100.0,900.0,19.1,healthy,0.0
fault_battery_alternator_fail_2,480,1789812445.4219189,5803.6,138.98,838.58,5.44,99.37,0.0994,26.67,14.25,25.11,100.0,905.0,19.1,healthy,0.0
fault_battery_alternator_fail_2,481,1789812446.4219189,5799.8,138.87,843.54,5.44,99.57,0.1048,26.6,14.21,25.08,100.0,910.0,19.1,healthy,0.0
fault_battery_alternator_fail_2,482,1789812447.4219189,5807.7,138.68,845.88,5.34,99.53,0.1078,26.55,14.31,25.07,100.0,915.0,19.1,healthy,0.0
fault_battery_alternator_fail_2,483,1789812448.4219189,5811.0,138.85,846.4,5.31,99.56,0.1128,26.64,14.27,24.98,100.0,920.0,19.0,healthy,0.0
fault_battery_alternator_fail_2,484,1789812449.4219189,5817.9,139.12,845.92,5.39,99.59,0.107,26.55,14.33,24.94,100.0,925.0,19.0,healthy,0.0
fault_battery_alternator_fail_2,485,1789812450.4219189,5818.2,138.95,842.57,5.3,99.87,0.1041,26.69,14.31,24.85,100.0,930.0,19.0,healthy,0.0
fault_battery_alternator_fail_2,486,1789812451.4219189,5794.3,139.02,838.6,5.32,99.78,0.098,26.76,14.3,24.82,100.0,935.0,18.9,healthy,0.0
fault_battery_alternator_fail_2,487,1789812452.4219189,5811.2,139.35,839.84,5.36,99.74,0.098,26.84,14.3,24.83,100.0,940.0,18.9,healthy,0.0
fault_battery_alternator_fail_2,488,1789812453.4219189,5794.6,139.48,839.37,5.36,99.73,0.1001,26.78,14.23,24.8,100.0,945.0,18.9,healthy,0.0
fault_battery_alternator_fail_2,489,1789812454.4219189,5797.8,138.92,835.51,5.4,99.83,0.1107,26.91,14.15,24.89,100.0,950.0,18.8,healthy,0.0
fault_battery_alternator_fail_2,490,1789812455.4219189,5769.0,138.98,839.13,5.43,99.74,0.1078,27.04,14.18,24.5,100.0,955.0,18.8,healthy,0.0
fault_battery_alternator_fail_2,491,1789812456.4219189,5798.6,138.88,838.7,5.34,99.88,0.1125,27.11,14.22,24.99,100.0,960.0,18.8,healthy,0.0
fault_battery_alternator_fail_2,492,1789812457.4219189,5790.3,138.69,835.28,5.31,99.95,0.1059,27.11,14.25,24.64,100.0,965.0,18.7,healthy,0.0
fault_battery_alternator_fail_2,493,1789812458.4219189,5823.7,138.72,835.91,5.37,99.86,0.1072,27.0,14.25,24.79,100.0,970.0,18.7,healthy,0.0
fault_battery_alternator_fail_2,494,1789812459.4219189,5808.9,138.89,837.64,5.41,99.96,0.104,27.06,14.32,24.59,100.0,975.0,18.7,healthy,0.0
fault_battery_alternator_fail_2,495,1789812460.4219189,5794.8,138.66,838.6,5.33,99.82,0.1032,26.83,14.22,24.85,100.0,980.0,18.6,healthy,0.0
fault_battery_alternator_fail_2,496,1789812461.4219189,5792.9,138.68,831.51,5.43,99.92,0.1058,26.86,14.25,24.86,100.0,985.0,18.6,healthy,0.0
fault_battery_alternator_fail_2,497,1789812462.4219189,5793.1,138.37,830.16,5.3,99.98,0.099,26.99,14.24,24.86,100.0,990.0,18.6,healthy,0.0
fault_battery_alternator_fail_2,498,1789812463.4219189,5816.8,138.43,825.75,5.36,100.01,0.1118,27.06,14.29,24.93,100.0,995.0,18.5,healthy,0.0
fault_battery_alternator_fail_2,499,1789812464.4219189,5796.7,138.59,831.22,5.26,99.95,0.0942,27.18,14.23,25.44,100.0,1000.0,18.5,healthy,0.0
fault_battery_alternator_fail_2,500,1789812465.4219189,5812.9,138.28,830.1,5.23,100.01,0.0955,27.21,14.22,25.32,100.0,1005.0,18.5,healthy,0.0
fault_battery_alternator_fail_2,501,1789812466.4219189,5809.1,138.03,830.59,5.3,100.11,0.0966,27.28,14.24,24.83,100.0,1010.0,18.4,healthy,0.0
fault_battery_alternator_fail_2,502,1789812467.4219189,5779.9,138.0,829.51,5.28,100.08,0.0938,27.02,14.22,25.21,100.0,1015.0,18.4,healthy,0.0
fault_battery_alternator_fail_2,503,1789812468.4219189,5762.5,137.82,837.83,5.21,100.09,0.0983,26.81,14.2,25.26,100.0,1020.0,18.4,healthy,0.0
fault_battery_alternator_fail_2,504,1789812469.4219189,5782.5,138.18,834.78,5.21,100.15,0.102,26.86,14.16,24.98,100.0,1025.0,18.3,healthy,0.0
fault_battery_alternator_fail_2,505,1789812470.4219189,5789.7,137.86,834.3,5.24,100.25,0.0977,27.04,14.14,25.14,100.0,1030.0,18.3,healthy,0.0
fault_battery_alternator_fail_2,506,1789812471.4219189,5783.1,138.14,834.54,5.22,100.39,0.1036,26.95,14.16,25.08,100.0,1035.0,18.3,healthy,0.0
fault_battery_alternator_fail_2,507,1789812472.4219189,5776.4,138.29,834.62,5.3,100.59,0.1028,26.93,14.15,25.03,100.0,1040.0,18.2,healthy,0.0
fault_battery_alternator_fail_2,508,1789812473.4219189,5765.7,138.37,840.01,5.37,100.52,0.1025,26.85,14.14,24.71,100.0,1045.0,18.2,healthy,0.0
fault_battery_alternator_fail_2,509,1789812474.4219189,5791.1,137.99,842.3,5.33,100.58,0.1058,26.86,14.14,24.78,100.0,1050.0,18.2,healthy,0.0
fault_battery_alternator_fail_2,510,1789812475.4219189,5809.4,138.17,840.4,5.34,100.64,0.106,26.82,14.09,24.94,100.0,1055.0,18.1,healthy,0.0
fault_battery_alternator_fail_2,511,1789812476.4219189,5811.5,137.85,838.45,5.26,100.7,0.1018,26.76,14.09,25.1,100.0,1060.0,18.1,healthy,0.0
fault_battery_alternator_fail_2,512,1789812477.4219189,5821.4,137.73,836.94,5.25,100.77,0.0968,26.71,14.08,24.97,100.0,1065.0,18.1,healthy,0.0
fault_battery_alternator_fail_2,513,1789812478.4219189,5813.9,137.7,835.83,5.23,100.69,0.1036,26.69,14.11,24.96,100.0,1070.0,18.0,healthy,0.0
fault_battery_alternator_fail_2,514,1789812479.4219189,5836.2,137.86,840.42,5.3,100.81,0.104,26.7,14.06,25.05,100.0,1075.0,18.0,healthy,0.0
fault_battery_alternator_fail_2,515,1789812480.4219189,5827.8,137.65,845.49,5.29,100.92,0.1152,26.69,14.03,24.83,100.0,1080.0,18.0,healthy,0.0
fault_battery_alternator_fail_2,516,1789812481.4219189,5818.3,137.72,847.58,5.25,100.99,0.1044,26.6,14.09,24.35,100.0,1085.0,17.9,healthy,0.0
fault_battery_alternator_fail_2,517,1789812482.4219189,5815.1,137.57,842.8,5.33,101.25,0.1066,26.77,14.13,24.73,100.0,1090.0,17.9,healthy,0.0
fault_battery_alternator_fail_2,518,1789812483.4219189,5824.6,137.41,838.64,5.24,101.19,0.1055,26.82,14.16,24.89,100.0,1095.0,17.9,healthy,0.0
fault_battery_alternator_fail_2,519,1789812484.4219189,5836.8,137.9,837.25,5.24,101.27,0.0943,26.78,14.21,24.93,100.0,1100.0,17.9,healthy,0.0
fault_battery_alternator_fail_2,520,1789812485.4219189,5809.3,138.07,840.57,5.29,101.35,0.0944,26.8,14.19,24.98,100.0,1105.0,17.8,healthy,0.0
fault_battery_alternator_fail_2,521,1789812486.4219189,5801.8,138.32,835.1,5.32,101.37,0.097,26.77,14.15,24.98,100.0,1110.0,17.8,healthy,0.0
fault_battery_alternator_fail_2,522,1789812487.4219189,5828.4,137.95,835.56,5.29,101.45,0.0991,26.76,14.13,25.46,100.0,1115.0,17.8,healthy,0.0
fault_battery_alternator_fail_2,523,1789812488.4219189,5827.6,137.99,830.89,5.33,101.38,0.0994,26.75,14.2,25.4,100.0,1120.0,17.7,healthy,0.0
fault_battery_alternator_fail_2,524,1789812489.4219189,5811.7,137.95,830.49,5.4,101.47,0.1022,26.68,14.16,25.0,100.0,1125.0,17.7,healthy,0.0
fault_battery_alternator_fail_2,525,1789812490.4219189,5798.3,137.81,827.9,5.4,101.6,0.1031,26.72,14.15,24.83,100.0,1130.0,17.7,healthy,0.0
fault_battery_alternator_fail_2,526,1789812491.4219189,5785.2,137.7,832.58,5.32,101.56,0.1029,26.85,14.09,24.51,100.0,1135.0,17.6,healthy,0.0
fault_battery_alternator_fail_2,527,1789812492.4219189,5824.3,137.77,831.78,5.28,101.6,0.0973,26.86,14.2,24.85,100.0,1140.0,17.6,healthy,0.0
fault_battery_alternator_fail_2,528,1789812493.4219189,5803.6,137.68,830.99,5.33,101.75,0.103,26.88,14.19,24.67,100.0,1145.0,17.6,healthy,0.0
fault_battery_alternator_fail_2,529,1789812494.4219189,5815.3,137.84,832.15,5.35,101.85,0.0978,26.82,14.25,24.78,100.0,1150.0,17.5,healthy,0.0
fault_battery_alternator_fail_2,530,1789812495.4219189,5804.5,137.48,829.84,5.32,101.88,0.0962,26.72,14.27,24.93,100.0,1155.0,17.5,healthy,0.0
fault_battery_alternator_fail_2,531,1789812496.4219189,5810.2,137.66,831.2,5.23,101.96,0.0989,26.85,14.25,24.8,100.0,1160.0,17.5,healthy,0.0
fault_battery_alternator_fail_2,532,1789812497.4219189,5803.7,137.41,828.65,5.16,102.06,0.102,26.89,14.26,24.81,100.0,1165.0,17.4,healthy,0.0
fault_battery_alternator_fail_2,533,1789812498.4219189,5819.7,137.48,829.15,5.21,101.95,0.1039,26.99,14.24,24.87,100.0,1170.0,17.4,healthy,0.0
fault_battery_alternator_fail_2,534,1789812499.4219189,5817.6,137.6,828.73,5.21,102.02,0.0976,26.94,14.13,25.23,100.0,1175.0,17.4,healthy,0.0
fault_battery_alternator_fail_2,535,1789812500.4219189,5830.2,137.52,828.44,5.16,101.88,0.0988,27.01,14.12,24.98,100.0,1180.0,17.3,healthy,0.0
fault_battery_alternator_fail_2,536,1789812501.4219189,5808.7,137.57,827.31,5.18,101.82,0.0943,27.01,14.28,24.94,100.0,1185.0,17.3,healthy,0.0
fault_battery_alternator_fail_2,537,1789812502.4219189,5834.6,137.15,825.0,5.16,101.94,0.0909,26.95,14.31,24.9,100.0,1190.0,17.3,healthy,0.0
fault_battery_alternator_fail_2,538,1789812503.4219189,5841.6,136.84,828.1,5.21,102.1,0.0954,26.98,14.24,25.04,100.0,1195.0,17.2,healthy,0.0
fault_battery_alternator_fail_2,539,1789812504.4219189,5823.3,136.62,830.11,5.16,102.23,0.0976,27.06,14.18,25.58,100.0,1200.0,17.2,healthy,0.0
fault_battery_alternator_fail_2,540,1789812505.4219189,5818.6,136.6,834.31,5.16,102.27,0.0978,27.13,14.15,25.09,100.0,1205.0,17.2,healthy,0.0
fault_battery_alternator_fail_2,541,1789812506.4219189,5808.0,136.76,832.93,5.17,102.51,0.0985,27.12,14.11,24.99,100.0,1210.0,17.1,healthy,0.0
fault_battery_alternator_fail_2,542,1789812507.4219189,5792.7,137.0,835.06,5.2,102.54,0.1017,27.21,14.22,24.98,100.0,1215.0,17.1,healthy,0.0
fault_battery_alternator_fail_2,543,1789812508.4219189,5801.5,136.93,836.12,5.16,102.61,0.1058,27.21,14.12,24.86,100.0,1220.0,17.1,healthy,0.0
fault_battery_alternator_fail_2,544,1789812509.4219189,5801.1,137.1,836.35,5.21,102.6,0.1082,27.34,14.02,24.96,100.0,1225.0,17.0,healthy,0.0
fault_battery_alternator_fail_2,545,1789812510.4219189,5772.2,137.28,837.8,5.3,102.91,0.1122,27.35,14.1,24.97,100.0,1230.0,17.0,healthy,0.0
fault_battery_alternator_fail_2,546,1789812511.4219189,5792.5,137.53,833.02,5.23,102.94,0.1158,27.25,14.07,25.04,100.0,1235.0,17.0,healthy,0.0
fault_battery_alternator_fail_2,547,1789812512.4219189,5795.2,137.37,835.19,5.22,103.11,0.1082,27.15,14.09,25.19,100.0,1240.0,16.9,healthy,0.0
fault_battery_alternator_fail_2,548,1789812513.4219189,5800.8,137.4,836.88,5.25,103.1,0.1029,27.18,14.11,24.88,100.0,1245.0,16.9,healthy,0.0
fault_battery_alternator_fail_2,549,1789812514.4219189,5798.5,137.29,838.65,5.25,103.04,0.1034,27.06,14.13,24.87,100.0,1250.0,16.9,healthy,0.0
fault_battery_alternator_fail_2,550,1789812515.4219189,5814.2,137.4,840.58,5.32,103.1,0.0997,26.8,14.12,25.1,100.0,1255.0,16.8,healthy,0.0
fault_battery_alternator_fail_2,551,1789812516.4219189,5793.0,137.29,835.15,5.39,103.05,0.1038,26.86,14.13,24.95,100.0,1260.0,16.8,healthy,0.0
fault_battery_alternator_fail_2,552,1789812517.4219189,5792.3,136.96,837.37,5.33,103.16,0.0936,26.84,14.16,24.72,100.0,1265.0,16.8,healthy,0.0
fault_battery_alternator_fail_2,553,1789812518.4219189,5800.1,136.49,839.58,5.36,103.14,0.0902,26.92,14.23,24.95,100.0,1270.0,16.7,healthy,0.0
fault_battery_alternator_fail_2,554,1789812519.4219189,5788.1,136.43,834.91,5.23,103.17,0.0889,26.8,14.23,24.84,100.0,1275.0,16.7,healthy,0.0
fault_battery_alternator_fail_2,555,1789812520.4219189,5789.5,136.33,835.31,5.16,103.14,0.0921,26.9,14.19,25.17,100.0,1280.0,16.7,healthy,0.0
fault_battery_alternator_fail_2,556,1789812521.4219189,5802.4,136.53,828.2,5.12,103.09,0.1024,26.87,14.15,25.22,100.0,1285.0,16.6,healthy,0.0
fault_battery_alternator_fail_2,557,1789812522.4219189,5785.5,136.67,830.95,5.15,103.25,0.1025,26.98,14.15,25.16,100.0,1290.0,16.6,healthy,0.0
fault_battery_alternator_fail_2,558,1789812523.4219189,5811.6,136.74,831.58,5.17,103.3,0.1034,27.09,14.18,25.25,100.0,1295.0,16.6,healthy,0.0
fault_battery_alternator_fail_2,559,1789812524.4219189,5824.3,136.88,834.77,5.16,103.27,0.085,27.12,14.22,25.14,100.0,1300.0,16.5,healthy,0.0
fault_battery_alternator_fail_2,560,1789812525.4219189,5816.6,136.95,834.31,5.24,103.25,0.0817,27.25,14.18,25.09,100.0,1305.0,16.5,healthy,0.0
fault_battery_alternator_fail_2,561,1789812526.4219189,5823.0,137.09,825.43,5.23,103.35,0.0939,27.28,14.21,25.13,100.0,1310.0,16.5,healthy,0.0
fault_battery_alternator_fail_2,562,1789812527.4219189,5807.4,137.11,828.14,5.21,103.35,0.0974,27.33,14.16,25.19,100.0,1315.0,16.5,healthy,0.0
fault_battery_alternator_fail_2,563,1789812528.4219189,5806.9,137.12,829.97,5.27,103.55,0.099,27.26,14.12,25.09,100.0,1320.0,16.4,healthy,0.0
fault_battery_alternator_fail_2,564,1789812529.4219189,5828.8,136.99,829.29,5.29,103.51,0.0959,27.09,14.09,24.93,100.0,1325.0,16.4,healthy,0.0
fault_battery_alternator_fail_2,565,1789812530.4219189,5835.6,137.41,827.79,5.14,103.55,0.1012,27.03,14.1,24.7,100.0,1330.0,16.4,healthy,0.0
fault_battery_alternator_fail_2,566,1789812531.4219189,5828.6,137.61,829.31,5.23,103.55,0.0988,27.14,14.21,24.7,100.0,1335.0,16.3,healthy,0.0
fault_battery_alternator_fail_2,567,1789812532.4219189,5813.7,137.88,827.52,5.27,103.55,0.0959,27.08,14.21,25.24,100.0,1340.0,16.3,healthy,0.0
fault_battery_alternator_fail_2,568,1789812533.4219189,5810.7,137.31,829.27,5.27,103.68,0.0927,27.12,14.21,25.33,100.0,1345.0,16.3,healthy,0.0
fault_battery_alternator_fail_2,569,1789812534.4219189,5795.7,137.0,825.53,5.19,103.82,0.1004,27.12,14.19,25.13,100.0,1350.0,16.2,healthy,0.0
fault_battery_alternator_fail_2,570,1789812535.4219189,5815.5,137.2,827.14,5.25,103.97,0.0958,27.13,14.2,25.17,100.0,1355.0,16.2,healthy,0.0
fault_battery_alternator_fail_2,571,1789812536.4219189,5821.9,137.31,827.34,5.26,103.95,0.0911,27.25,14.25,25.07,100.0,1360.0,16.2,healthy,0.0
fault_battery_alternator_fail_2,572,1789812537.4219189,5806.3,136.86,830.87,5.21,104.05,0.0936,27.25,14.19,25.29,100.0,1365.0,16.1,healthy,0.0
fault_battery_alternator_fail_2,573,1789812538.4219189,5794.4,136.92,831.68,5.15,103.98,0.1027,27.28,14.19,25.31,100.0,1370.0,16.1,healthy,0.0
fault_battery_alternator_fail_2,574,1789812539.4219189,5780.4,137.15,835.67,5.29,104.01,0.1031,27.18,14.07,25.16,100.0,1375.0,16.1,healthy,0.0
fault_battery_alternator_fail_2,575,1789812540.4219189,5791.8,137.24,833.28,5.28,104.09,0.096,27.26,14.11,25.01,100.0,1380.0,16.0,healthy,0.0
fault_battery_alternator_fail_2,576,1789812541.4219189,5782.8,136.97,834.86,5.33,104.02,0.1023,27.23,14.14,24.76,100.0,1385.0,16.0,healthy,0.0
fault_battery_alternator_fail_2,577,1789812542.4219189,5779.2,137.01,831.69,5.35,104.0,0.1073,27.14,14.17,24.9,100.0,1390.0,16.0,healthy,0.0
fault_battery_alternator_fail_2,578,1789812543.4219189,5826.7,136.98,833.69,5.31,104.2,0.1037,27.04,14.23,25.18,100.0,1395.0,15.9,healthy,0.0
fault_battery_alternator_fail_2,579,1789812544.4219189,5823.7,136.81,831.65,5.21,104.39,0.1069,27.04,14.22,25.19,100.0,1400.0,15.9,healthy,0.0
fault_battery_alternator_fail_2,580,1789812545.4219189,5818.7,136.71,825.69,5.22,104.28,0.1069,27.21,14.33,24.99,100.0,1405.0,15.9,healthy,0.0
fault_battery_alternator_fail_2,581,1789812546.4219189,5801.7,136.19,824.8,5.25,104.27,0.1079,27.05,14.32,24.87,100.0,1410.0,15.8,healthy,0.0
fault_battery_alternator_fail_2,582,1789812547.4219189,5798.8,136.32,826.2,5.26,104.36,0.0962,27.05,14.36,25.01,100.0,1415.0,15.8,healthy,0.0
fault_battery_alternator_fail_2,583,1789812548.4219189,5784.2,136.18,828.09,5.27,104.38,0.1036,27.02,14.43,25.02,100.0,1420.0,15.8,healthy,0.0
fault_battery_alternator_fail_2,584,1789812549.4219189,5758.4,136.14,829.18,5.28,104.31,0.101,26.99,14.43,25.32,100.0,1425.0,15.7,healthy,0.0
fault_battery_alternator_fail_2,585,1789812550.4219189,5771.2,136.2,830.66,5.2,104.24,0.1062,27.02,14.42,25.39,100.0,1430.0,15.7,healthy,0.0
fault_battery_alternator_fail_2,586,1789812551.4219189,5744.3,136.09,823.11,5.2,104.26,0.0988,27.03,14.42,25.64,100.0,1435.0,15.7,healthy,0.0
fault_battery_alternator_fail_2,587,1789812552.4219189,5773.9,135.76,827.12,5.22,104.02,0.1006,27.1,14.4,25.21,100.0,1440.0,15.6,healthy,0.0
fault_battery_alternator_fail_2,588,1789812553.4219189,5768.3,135.85,827.84,5.2,104.13,0.103,27.04,14.46,25.15,100.0,1445.0,15.6,healthy,0.0
fault_battery_alternator_fail_2,589,1789812554.4219189,5789.4,135.75,822.61,5.2,104.28,0.1015,27.05,14.47,25.17,100.0,1450.0,15.6,healthy,0.0
fault_battery_alternator_fail_2,590,1789812555.4219189,5790.8,135.74,827.9,5.14,104.29,0.0978,27.14,14.45,24.95,100.0,1455.0,15.5,healthy,0.0
fault_battery_alternator_fail_2,591,1789812556.4219189,5790.7,135.33,824.33,5.23,104.23,0.0934,27.24,14.44,24.86,100.0,1460.0,15.5,healthy,0.0
fault_battery_alternator_fail_2,592,1789812557.4219189,5793.3,135.45,823.63,5.26,104.04,0.0948,26.96,14.39,24.81,100.0,1465.0,15.5,healthy,0.0
fault_battery_alternator_fail_2,593,1789812558.4219189,5799.1,135.65,823.52,5.18,103.93,0.0994,26.88,14.38,24.8,100.0,1470.0,15.4,healthy,0.0
fault_battery_alternator_fail_2,594,1789812559.4219189,5810.8,135.91,822.62,5.21,104.12,0.0996,27.06,14.34,24.96,100.0,1475.0,15.4,healthy,0.0
fault_battery_alternator_fail_2,595,1789812560.4219189,5784.9,135.64,825.22,5.24,104.27,0.1105,27.24,14.36,24.89,100.0,1480.0,15.4,healthy,0.0
fault_battery_alternator_fail_2,596,1789812561.4219189,5806.2,135.3,824.47,5.24,104.28,0.1003,27.24,14.32,25.18,100.0,1485.0,15.3,healthy,0.0
fault_battery_alternator_fail_2,597,1789812562.4219189,5812.6,135.43,822.58,5.2,104.44,0.0954,27.13,14.28,25.14,100.0,1490.0,15.3,healthy,0.0
fault_battery_alternator_fail_2,598,1789812563.4219189,5808.2,135.56,827.1,5.26,104.35,0.1023,27.09,14.28,24.92,100.0,1495.0,15.3,healthy,0.0
fault_battery_alternator_fail_2,599,1789812564.4219189,5772.8,135.94,826.66,5.26,104.47,0.1086,26.99,14.25,24.66,100.0,1500.0,15.2,healthy,0.0
fault_battery_alternator_fail_2,600,1789812565.4219189,5233.3,135.63,815.47,4.86,104.77,0.0847,23.48,14.28,22.99,75.0,1500.0,15.2,healthy,0.0
fault_battery_alternator_fail_2,601,1789812566.4219189,4969.5,134.84,802.96,4.57,104.93,0.0705,21.64,14.32,21.9,75.0,1500.0,15.2,healthy,0.0
fault_battery_alternator_fail_2,602,1789812567.4219189,4846.1,134.58,789.46,4.46,105.03,0.064,20.83,14.24,21.93,75.0,1500.0,15.2,healthy,0.0
fault_battery_alternator_fail_2,603,1789812568.4219189,4761.5,134.39,776.15,4.42,105.14,0.0683,20.51,14.2,21.26,75.0,1500.0,15.2,healthy,0.0
fault_battery_alternator_fail_2,604,1789812569.4219189,4714.9,133.7,767.63,4.43,105.06,0.0613,20.28,14.28,21.14,75.0,1500.0,15.2,healthy,0.0
fault_battery_alternator_fail_2,605,1789812570.4219189,4685.9,133.48,765.92,4.35,105.02,0.064,20.3,14.26,21.2,75.0,1500.0,15.2,healthy,0.0
fault_battery_alternator_fail_2,606,1789812571.4219189,4674.2,133.23,763.72,4.33,105.17,0.0678,20.11,14.27,21.41,75.0,1500.0,15.2,healthy,0.0
fault_battery_alternator_fail_2,607,1789812572.4219189,4698.5,132.76,761.68,4.31,105.09,0.0686,20.02,14.28,21.5,75.0,1500.0,15.2,healthy,0.0
fault_battery_alternator_fail_2,608,1789812573.4219189,4698.3,132.52,754.48,4.27,105.06,0.0749,19.99,14.25,21.37,75.0,1500.0,15.2,healthy,0.0
fault_battery_alternator_fail_2,609,1789812574.4219189,4713.2,131.95,751.43,4.31,104.92,0.0812,20.3,14.18,21.29,75.0,1500.0,15.2,healthy,0.0
fault_battery_alternator_fail_2,610,1789812575.4219189,4706.8,131.63,752.84,4.33,104.83,0.0764,20.17,14.17,21.31,75.0,1500.0,15.2,healthy,0.0
fault_battery_alternator_fail_2,611,1789812576.4219189,4699.3,131.53,748.38,4.37,104.85,0.0797,20.05,14.19,21.28,75.0,1500.0,15.2,healthy,0.0
fault_battery_alternator_fail_2,612,1789812577.4219189,4707.7,131.39,752.07,4.35,104.94,0.0719,20.13,14.14,21.43,75.0,1500.0,15.2,healthy,0.0
fault_battery_alternator_fail_2,613,1789812578.4219189,4691.8,131.14,748.14,4.24,105.01,0.0673,19.99,14.17,21.08,75.0,1500.0,15.2,healthy,0.0
fault_battery_alternator_fail_2,614,1789812579.4219189,4688.5,130.98,744.36,4.2,104.98,0.0653,20.02,14.2,21.01,75.0,1500.0,15.2,healthy,0.0
fault_battery_alternator_fail_2,615,1789812580.4219189,4686.3,130.69,743.15,4.28,105.07,0.0617,20.01,14.2,20.91,75.0,1500.0,15.2,healthy,0.0
fault_battery_alternator_fail_2,616,1789812581.4219189,4689.1,130.58,741.78,4.35,104.92,0.072,20.18,14.29,20.91,75.0,1500.0,15.2,healthy,0.0
fault_battery_alternator_fail_2,617,1789812582.4219189,4679.1,130.18,742.49,4.27,104.81,0.0706,20.3,14.25,21.16,75.0,1500.0,15.2,healthy,0.0
fault_battery_alternator_fail_2,618,1789812583.4219189,4698.7,130.25,745.6,4.34,104.79,0.0691,20.33,14.31,20.91,75.0,1500.0,15.2,healthy,0.0
fault_battery_alternator_fail_2,619,1789812584.4219189,4713.8,130.1,748.92,4.3,104.75,0.0689,20.26,14.26,20.78,75.0,1500.0,15.2,healthy,0.0
fault_battery_alternator_fail_2,620,1789812585.4219189,4715.1,129.49,743.44,4.33,104.68,0.0703,20.29,14.14,21.16,75.0,1500.0,15.2,healthy,0.0
fault_battery_alternator_fail_2,621,1789812586.4219189,4715.7,129.13,743.92,4.41,104.64,0.0651,20.36,14.12,21.22,75.0,1500.0,15.2,healthy,0.0
fault_battery_alternator_fail_2,622,1789812587.4219189,4687.7,129.02,740.32,4.38,104.68,0.0644,20.17,14.04,21.09,75.0,1500.0,15.2,healthy,0.0
fault_battery_alternator_fail_2,623,1789812588.4219189,4684.5,128.88,739.58,4.38,104.48,0.0759,20.24,14.17,21.31,75.0,1500.0,15.2,healthy,0.0
fault_battery_alternator_fail_2,624,1789812589.4219189,4649.9,128.83,742.6,4.33,104.49,0.0742,19.99,14.12,21.01,75.0,1500.0,15.2,healthy,0.0
fault_battery_alternator_fail_2,625,1789812590.4219189,4675.4,129.11,746.2,4.25,104.55,0.0804,20.22,14.22,21.02,75.0,1500.0,15.2,healthy,0.0
fault_battery_alternator_fail_2,626,1789812591.4219189,4700.5,128.91,741.14,4.26,104.58,0.0751,20.31,14.2,21.07,75.0,1500.0,15.2,healthy,0.0
fault_battery_alternator_fail_2,627,1789812592.4219189,4722.6,128.77,740.7,4.32,104.62,0.07,20.13,14.2,21.43,75.0,1500.0,15.2,healthy,0.0
fault_battery_alternator_fail_2,628,1789812593.4219189,4732.0,128.45,741.67,4.25,104.58,0.0781,20.24,14.17,21.04,75.0,1500.0,15.2,healthy,0.0
fault_battery_alternator_fail_2,629,1789812594.4219189,4718.1,128.51,729.8,4.31,104.6,0.0808,20.17,14.2,21.21,75.0,1500.0,15.2,healthy,0.0
fault_battery_alternator_fail_2,630,1789812595.4219189,4719.6,128.3,728.43,4.35,104.4,0.0808,20.2,14.23,21.22,75.0,1500.0,15.2,healthy,0.0
fault_battery_alternator_fail_2,631,1789812596.4219189,4693.9,128.25,735.19,4.4,104.33,0.0779,20.26,14.22,21.28,75.0,1500.0,15.2,healthy,0.0
fault_battery_alternator_fail_2,632,1789812597.4219189,4681.3,128.24,734.57,4.41,104.51,0.0767,20.14,14.16,21.14,75.0,1500.0,15.2,healthy,0.0
fault_battery_alternator_fail_2,633,1789812598.4219189,4679.1,128.14,735.55,4.42,104.61,0.0714,20.34,14.06,21.13,75.0,1500.0,15.2,healthy,0.0
fault_battery_alternator_fail_2,634,1789812599.4219189,4673.3,128.16,735.81,4.34,104.52,0.0796,20.18,14.16,21.38,75.0,1500.0,15.2,healthy,0.0
fault_battery_alternator_fail_2,635,1789812600.4219189,4661.4,128.13,737.64,4.27,104.5,0.0665,20.23,14.18,21.09,75.0,1500.0,15.2,healthy,0.0
fault_battery_alternator_fail_2,636,1789812601.4219189,4662.4,127.73,738.2,4.35,104.57,0.0661,19.89,14.14,20.85,75.0,1500.0,15.2,healthy,0.0
fault_battery_alternator_fail_2,637,1789812602.4219189,4642.4,127.8,735.54,4.37,104.46,0.0634,19.85,14.11,21.46,75.0,1500.0,15.2,healthy,0.0
fault_battery_alternator_fail_2,638,1789812603.4219189,4662.2,127.67,733.93,4.27,104.27,0.0619,19.91,14.17,21.35,75.0,1500.0,15.2,healthy,0.0
fault_battery_alternator_fail_2,639,1789812604.4219189,4663.0,127.57,735.33,4.24,104.16,0.0726,19.87,14.28,21.22,75.0,1500.0,15.2,healthy,0.0
fault_battery_alternator_fail_2,640,1789812605.4219189,4680.9,127.53,739.59,4.24,104.32,0.0766,19.95,14.35,20.87,75.0,1500.0,15.2,healthy,0.0
fault_battery_alternator_fail_2,641,1789812606.4219189,4658.0,127.62,740.57,4.33,104.38,0.0743,19.95,14.32,20.88,75.0,1500.0,15.2,healthy,0.0
fault_battery_alternator_fail_2,642,1789812607.4219189,4679.8,127.71,740.35,4.39,104.46,0.0781,19.94,14.3,21.18,75.0,1500.0,15.2,healthy,0.0
fault_battery_alternator_fail_2,643,1789812608.4219189,4679.9,127.79,740.89,4.45,104.41,0.0802,20.07,14.29,21.14,75.0,1500.0,15.2,healthy,0.0
fault_battery_alternator_fail_2,644,1789812609.4219189,4697.7,127.86,743.68,4.45,104.47,0.0784,20.11,14.27,21.33,75.0,1500.0,15.2,healthy,0.0
fault_battery_alternator_fail_2,645,1789812610.4219189,4676.3,127.98,747.84,4.4,104.42,0.0688,20.09,14.19,21.28,75.0,1500.0,15.2,healthy,0.0
fault_battery_alternator_fail_2,646,1789812611.4219189,4696.2,127.64,747.58,4.36,104.2,0.0686,20.3,14.23,21.32,75.0,1500.0,15.2,healthy,0.0
fault_battery_alternator_fail_2,647,1789812612.4219189,4669.8,127.36,745.4,4.32,104.09,0.0739,20.38,14.24,21.19,75.0,1500.0,15.2,healthy,0.0
fault_battery_alternator_fail_2,648,1789812613.4219189,4684.2,127.24,747.54,4.39,103.91,0.0764,20.41,14.27,21.22,75.0,1500.0,15.2,healthy,0.0
fault_battery_alternator_fail_2,649,1789812614.4219189,4678.7,126.95,747.98,4.32,103.87,0.0787,20.48,14.19,21.26,75.0,1500.0,15.2,healthy,0.0
fault_battery_alternator_fail_2,650,1789812615.4219189,4674.6,126.89,749.89,4.28,103.93,0.0698,20.49,14.18,21.36,75.0,1500.0,15.2,healthy,0.0
fault_battery_alternator_fail_2,651,1789812616.4219189,4674.5,126.8,744.01,4.28,103.87,0.0648,20.43,14.13,21.13,75.0,1500.0,15.2,healthy,0.0
fault_battery_alternator_fail_2,652,1789812617.4219189,4674.3,126.81,741.5,4.24,103.92,0.0628,20.56,14.2,21.3,75.0,1500.0,15.2,healthy,0.0
fault_battery_alternator_fail_2,653,1789812618.4219189,4680.4,126.55,736.21,4.2,104.01,0.0664,20.43,14.16,20.9,75.0,1500.0,15.2,healthy,0.0
fault_battery_alternator_fail_2,654,1789812619.4219189,4679.2,126.79,734.71,4.22,104.12,0.0745,20.41,14.14,21.09,75.0,1500.0,15.2,healthy,0.0
fault_battery_alternator_fail_2,655,1789812620.4219189,4698.4,126.85,732.15,4.32,104.27,0.0749,20.37,14.08,21.1,75.0,1500.0,15.2,healthy,0.0
fault_battery_alternator_fail_2,656,1789812621.4219189,4703.4,126.78,732.99,4.41,104.16,0.074,20.43,14.07,21.0,75.0,1500.0,15.2,healthy,0.0
fault_battery_alternator_fail_2,657,1789812622.4219189,4704.9,126.44,738.66,4.43,104.09,0.0705,20.45,14.04,20.9,75.0,1500.0,15.2,healthy,0.0
fault_battery_alternator_fail_2,658,1789812623.4219189,4722.8,126.38,742.84,4.38,104.2,0.0636,20.44,14.1,21.24,75.0,1500.0,15.2,healthy,0.0
fault_battery_alternator_fail_2,659,1789812624.4219189,4704.7,126.24,742.65,4.35,104.34,0.0675,20.41,14.18,21.29,75.0,1500.0,15.2,healthy,0.0
fault_battery_alternator_fail_2,660,1789812625.4219189,4697.6,126.44,743.41,4.37,104.32,0.0683,20.44,14.24,21.17,75.0,1500.0,15.2,healthy,0.0
fault_battery_alternator_fail_2,661,1789812626.4219189,4691.0,126.45,739.77,4.37,104.25,0.0607,20.56,14.24,21.21,75.0,1500.0,15.2,healthy,0.0
fault_battery_alternator_fail_2,662,1789812627.4219189,4677.0,126.37,738.78,4.36,104.39,0.0636,20.59,14.23,21.26,75.0,1500.0,15.2,healthy,0.0
fault_battery_alternator_fail_2,663,1789812628.4219189,4699.3,126.81,736.62,4.37,104.37,0.0709,20.43,14.19,21.68,75.0,1500.0,15.2,healthy,0.0
fault_battery_alternator_fail_2,664,1789812629.4219189,4664.2,127.05,738.29,4.37,104.35,0.0786,20.36,14.21,21.54,75.0,1500.0,15.2,healthy,0.0
fault_battery_alternator_fail_2,665,1789812630.4219189,4696.1,127.19,739.75,4.45,104.46,0.0746,20.39,14.23,21.4,75.0,1500.0,15.2,healthy,0.0
fault_battery_alternator_fail_2,666,1789812631.4219189,4680.4,127.2,740.91,4.46,104.53,0.07,20.26,14.18,21.53,75.0,1500.0,15.2,healthy,0.0
fault_battery_alternator_fail_2,667,1789812632.4219189,4687.8,127.29,735.89,4.36,104.61,0.0741,20.11,14.15,21.37,75.0,1500.0,15.2,healthy,0.0
fault_battery_alternator_fail_2,668,1789812633.4219189,4684.0,127.4,733.26,4.37,104.57,0.0737,20.06,14.12,21.49,75.0,1500.0,15.2,healthy,0.0
fault_battery_alternator_fail_2,669,1789812634.4219189,4700.5,127.5,735.05,4.29,104.62,0.0724,20.15,14.09,21.21,75.0,1500.0,15.2,healthy,0.0
fault_battery_alternator_fail_2,670,1789812635.4219189,4713.1,127.23,741.07,4.32,104.72,0.066,19.98,14.05,21.24,75.0,1500.0,15.2,healthy,0.0
fault_battery_alternator_fail_2,671,1789812636.4219189,4705.4,127.25,738.66,4.35,104.84,0.0668,20.16,14.06,21.28,75.0,1500.0,15.2,healthy,0.0
fault_battery_alternator_fail_2,672,1789812637.4219189,4696.4,127.24,739.51,4.3,104.77,0.0719,20.32,14.01,21.42,75.0,1500.0,15.2,healthy,0.0
fault_battery_alternator_fail_2,673,1789812638.4219189,4693.3,127.02,741.9,4.32,104.82,0.0645,20.27,13.98,21.05,75.0,1500.0,15.2,healthy,0.0
fault_battery_alternator_fail_2,674,1789812639.4219189,4709.2,127.39,738.31,4.31,104.78,0.0643,20.23,13.93,21.2,75.0,1500.0,15.2,healthy,0.0
fault_battery_alternator_fail_2,675,1789812640.4219189,4690.7,127.15,737.28,4.26,104.65,0.0583,20.35,13.96,21.23,75.0,1500.0,15.2,healthy,0.0
fault_battery_alternator_fail_2,676,1789812641.4219189,4686.4,127.06,735.06,4.29,104.55,0.0641,20.29,13.94,21.16,75.0,1500.0,15.2,healthy,0.0
fault_battery_alternator_fail_2,677,1789812642.4219189,4682.6,127.12,737.68,4.28,104.57,0.0686,20.3,14.09,21.15,75.0,1500.0,15.2,healthy,0.0
fault_battery_alternator_fail_2,678,1789812643.4219189,4693.5,126.88,730.91,4.33,104.51,0.0703,20.59,14.04,21.12,75.0,1500.0,15.2,healthy,0.0
fault_battery_alternator_fail_2,679,1789812644.4219189,4671.4,126.89,731.54,4.35,104.53,0.0624,20.51,13.94,20.77,75.0,1500.0,15.2,healthy,0.0
fault_battery_alternator_fail_2,680,1789812645.4219189,4661.9,126.71,736.46,4.49,104.6,0.0704,20.49,13.98,20.98,75.0,1500.0,15.2,healthy,0.0
fault_battery_alternator_fail_2,681,1789812646.4219189,4673.3,126.78,736.99,4.4,104.64,0.0662,20.61,13.96,21.03,75.0,1500.0,15.2,healthy,0.0
fault_battery_alternator_fail_2,682,1789812647.4219189,4685.1,126.51,740.4,4.3,104.53,0.0716,20.43,14.06,20.86,75.0,1500.0,15.2,healthy,0.0
fault_battery_alternator_fail_2,683,1789812648.4219189,4710.1,126.35,738.55,4.24,104.45,0.0694,20.35,14.1,21.1,75.0,1500.0,15.2,healthy,0.0
fault_battery_alternator_fail_2,684,1789812649.4219189,4707.0,126.07,736.84,4.23,104.42,0.0643,20.4,14.09,21.3,75.0,1500.0,15.2,healthy,0.0
fault_battery_alternator_fail_2,685,1789812650.4219189,4746.9,126.29,733.43,4.2,104.38,0.0755,20.48,14.03,21.48,75.0,1500.0,15.2,healthy,0.0
fault_battery_alternator_fail_2,686,1789812651.4219189,4743.5,126.15,738.88,4.24,104.53,0.0672,20.4,14.08,21.2,75.0,1500.0,15.2,healthy,0.0
fault_battery_alternator_fail_2,687,1789812652.4219189,4743.3,126.15,736.01,4.25,104.65,0.068,20.47,14.15,21.0,75.0,1500.0,15.2,healthy,0.0
fault_battery_alternator_fail_2,688,1789812653.4219189,4748.5,126.13,734.05,4.25,104.62,0.0749,20.59,14.14,20.81,75.0,1500.0,15.2,healthy,0.0
fault_battery_alternator_fail_2,689,1789812654.4219189,4734.4,126.37,738.19,4.26,104.75,0.0697,20.71,14.13,21.18,75.0,1500.0,15.2,healthy,0.0
fault_battery_alternator_fail_2,690,1789812655.4219189,4710.2,126.56,735.08,4.24,104.65,0.0774,20.72,14.11,20.93,75.0,1500.0,15.2,healthy,0.0
fault_battery_alternator_fail_2,691,1789812656.4219189,4717.3,126.31,736.99,4.22,104.71,0.0776,20.7,14.08,20.92,75.0,1500.0,15.2,healthy,0.0
fault_battery_alternator_fail_2,692,1789812657.4219189,4710.5,126.47,732.6,4.29,104.86,0.0712,20.71,14.13,21.05,75.0,1500.0,15.2,healthy,0.0
fault_battery_alternator_fail_2,693,1789812658.4219189,4710.8,126.05,738.47,4.3,104.89,0.0732,20.62,14.2,20.81,75.0,1500.0,15.2,healthy,0.0
fault_battery_alternator_fail_2,694,1789812659.4219189,4688.1,126.12,732.94,4.31,104.7,0.0726,20.52,14.29,20.7,75.0,1500.0,15.2,healthy,0.0
fault_battery_alternator_fail_2,695,1789812660.4219189,4703.1,126.37,732.86,4.37,104.63,0.0679,20.35,14.17,21.01,75.0,1500.0,15.2,healthy,0.0
fault_battery_alternator_fail_2,696,1789812661.4219189,4680.9,126.63,737.48,4.37,104.64,0.0683,20.29,14.23,21.24,75.0,1500.0,15.2,healthy,0.0
fault_battery_alternator_fail_2,697,1789812662.4219189,4690.9,126.66,740.15,4.34,104.58,0.0739,20.29,14.2,21.33,75.0,1500.0,15.2,healthy,0.0
fault_battery_alternator_fail_2,698,1789812663.4219189,4706.5,126.3,738.41,4.27,104.44,0.0761,20.37,14.22,21.41,75.0,1500.0,15.2,healthy,0.0
fault_battery_alternator_fail_2,699,1789812664.4219189,4713.7,126.42,731.82,4.26,104.38,0.0796,20.14,14.2,21.21,75.0,1500.0,15.2,healthy,0.0
fault_battery_alternator_fail_2,700,1789812665.4219189,4703.6,126.71,737.53,4.27,104.29,0.0838,20.14,14.2,21.36,75.0,1500.0,15.2,healthy,0.0
fault_battery_alternator_fail_2,701,1789812666.4219189,4711.5,126.83,733.89,4.26,104.11,0.087,20.16,14.18,21.37,75.0,1500.0,15.2,healthy,0.0
fault_battery_alternator_fail_2,702,1789812667.4219189,4724.6,126.8,731.43,4.23,104.12,0.0842,20.18,14.21,21.4,75.0,1500.0,15.2,healthy,0.0
fault_battery_alternator_fail_2,703,1789812668.4219189,4710.3,126.74,730.67,4.27,103.96,0.08,20.23,14.15,21.38,75.0,1500.0,15.2,healthy,0.0
fault_battery_alternator_fail_2,704,1789812669.4219189,4707.3,126.98,731.21,4.29,104.0,0.0723,20.35,14.21,21.51,75.0,1500.0,15.2,healthy,0.0
fault_battery_alternator_fail_2,705,1789812670.4219189,4695.7,126.9,733.27,4.33,104.12,0.0759,20.5,14.16,21.11,75.0,1500.0,15.2,healthy,0.0
fault_battery_alternator_fail_2,706,1789812671.4219189,4693.4,127.09,733.01,4.38,103.99,0.0737,20.66,14.17,20.77,75.0,1500.0,15.2,healthy,0.0
fault_battery_alternator_fail_2,707,1789812672.4219189,4710.8,126.98,735.22,4.33,104.03,0.0685,20.51,14.13,21.0,75.0,1500.0,15.2,healthy,0.0
fault_battery_alternator_fail_2,708,1789812673.4219189,4705.6,127.03,736.34,4.28,103.95,0.0649,20.37,14.19,21.32,75.0,1500.0,15.2,healthy,0.0
fault_battery_alternator_fail_2,709,1789812674.4219189,4697.2,126.74,734.42,4.32,104.02,0.0574,20.1,14.18,20.99,75.0,1500.0,15.2,healthy,0.0
fault_battery_alternator_fail_2,710,1789812675.4219189,4685.3,126.73,733.02,4.26,103.98,0.0679,20.21,14.22,21.33,75.0,1500.0,15.2,healthy,0.0
fault_battery_alternator_fail_2,711,1789812676.4219189,4689.5,126.49,727.8,4.32,104.0,0.071,20.0,14.17,21.46,75.0,1500.0,15.2,healthy,0.0
fault_battery_alternator_fail_2,712,1789812677.4219189,4701.0,126.5,737.55,4.37,104.08,0.0736,20.19,14.14,21.36,75.0,1500.0,15.2,healthy,0.0
fault_battery_alternator_fail_2,713,1789812678.4219189,4698.7,126.52,738.28,4.46,103.95,0.0624,20.24,14.17,21.79,75.0,1500.0,15.2,healthy,0.0
fault_battery_alternator_fail_2,714,1789812679.4219189,4705.2,126.33,736.49,4.44,103.81,0.0735,20.32,14.15,21.36,75.0,1500.0,15.2,healthy,0.0
fault_battery_alternator_fail_2,715,1789812680.4219189,4725.5,126.28,739.97,4.42,103.89,0.0712,20.53,14.11,21.46,75.0,1500.0,15.2,healthy,0.0
fault_battery_alternator_fail_2,716,1789812681.4219189,4710.8,126.57,740.79,4.4,103.71,0.0687,20.46,14.14,21.61,75.0,1500.0,15.2,healthy,0.0
fault_battery_alternator_fail_2,717,1789812682.4219189,4725.2,126.6,743.41,4.38,103.77,0.0695,20.56,14.17,21.18,75.0,1500.0,15.2,healthy,0.0
fault_battery_alternator_fail_2,718,1789812683.4219189,4714.2,126.51,742.84,4.34,103.75,0.0724,20.5,14.06,21.17,75.0,1500.0,15.2,healthy,0.0
fault_battery_alternator_fail_2,719,1789812684.4219189,4677.9,126.38,741.54,4.37,103.9,0.0722,20.49,14.1,21.26,75.0,1500.0,15.2,healthy,0.0
fault_battery_alternator_fail_2,720,1789812685.4219189,4689.5,126.66,741.49,4.35,103.99,0.0699,20.53,14.2,21.04,75.0,1500.0,15.2,healthy,0.0
fault_battery_alternator_fail_2,721,1789812686.4219189,4651.9,126.4,742.33,4.25,104.19,0.0747,20.48,14.19,21.23,75.0,1500.0,15.2,healthy,0.0
fault_battery_alternator_fail_2,722,1789812687.4219189,4651.6,126.11,745.48,4.29,104.3,0.0673,20.42,14.25,21.03,75.0,1500.0,15.2,healthy,0.0
fault_battery_alternator_fail_2,723,1789812688.4219189,4673.6,126.32,741.17,4.38,104.27,0.0695,20.28,14.15,21.1,75.0,1500.0,15.2,healthy,0.0
fault_battery_alternator_fail_2,724,1789812689.4219189,4689.8,126.32,741.34,4.37,104.15,0.0799,20.41,14.15,21.0,75.0,1500.0,15.2,healthy,0.0
fault_battery_alternator_fail_2,725,1789812690.4219189,4706.6,126.15,736.86,4.39,104.3,0.0779,20.44,14.11,21.04,75.0,1500.0,15.2,healthy,0.0
fault_battery_alternator_fail_2,726,1789812691.4219189,4694.0,125.93,741.77,4.32,104.13,0.0705,20.29,14.19,21.44,75.0,1500.0,15.2,healthy,0.0
fault_battery_alternator_fail_2,727,1789812692.4219189,4684.4,125.83,744.77,4.27,104.3,0.0602,20.17,14.18,21.5,75.0,1500.0,15.2,healthy,0.0
fault_battery_alternator_fail_2,728,1789812693.4219189,4686.9,126.37,740.0,4.29,104.31,0.063,20.29,14.17,21.12,75.0,1500.0,15.2,healthy,0.0
fault_battery_alternator_fail_2,729,1789812694.4219189,4707.2,125.95,742.46,4.29,104.23,0.0651,20.26,14.16,20.84,75.0,1500.0,15.2,healthy,0.0
fault_battery_alternator_fail_2,730,1789812695.4219189,4706.0,126.14,740.78,4.32,104.34,0.059,20.26,14.19,20.85,75.0,1500.0,15.2,healthy,0.0
fault_battery_alternator_fail_2,731,1789812696.4219189,4685.1,126.26,739.15,4.42,104.34,0.0631,20.2,14.18,21.54,75.0,1500.0,15.2,healthy,0.0
fault_battery_alternator_fail_2,732,1789812697.4219189,4699.5,126.07,737.79,4.44,104.33,0.0723,20.21,14.15,21.22,75.0,1500.0,15.2,healthy,0.0
fault_battery_alternator_fail_2,733,1789812698.4219189,4682.4,126.04,739.22,4.47,104.38,0.0672,20.33,14.11,21.3,75.0,1500.0,15.2,healthy,0.0
fault_battery_alternator_fail_2,734,1789812699.4219189,4683.4,126.63,741.48,4.39,104.25,0.072,20.51,14.2,21.27,75.0,1500.0,15.2,healthy,0.0
fault_battery_alternator_fail_2,735,1789812700.4219189,4673.0,126.46,741.42,4.35,104.43,0.0677,20.33,14.21,21.06,75.0,1500.0,15.2,healthy,0.0
fault_battery_alternator_fail_2,736,1789812701.4219189,4676.1,126.64,740.03,4.39,104.42,0.0741,20.43,14.15,21.18,75.0,1500.0,15.2,healthy,0.0
fault_battery_alternator_fail_2,737,1789812702.4219189,4685.5,126.66,744.36,4.32,104.45,0.0664,20.39,14.16,21.19,75.0,1500.0,15.2,healthy,0.0
fault_battery_alternator_fail_2,738,1789812703.4219189,4703.2,126.67,743.89,4.35,104.44,0.0749,20.34,14.12,21.11,75.0,1500.0,15.2,healthy,0.0
fault_battery_alternator_fail_2,739,1789812704.4219189,4688.3,126.6,745.58,4.3,104.4,0.0723,20.34,14.17,21.18,75.0,1500.0,15.2,healthy,0.0
fault_battery_alternator_fail_2,740,1789812705.4219189,4658.5,126.88,743.63,4.33,104.37,0.0742,20.27,14.18,21.23,75.0,1500.0,15.2,healthy,0.0
fault_battery_alternator_fail_2,741,1789812706.4219189,4691.9,127.09,742.4,4.39,104.38,0.0793,20.21,14.21,21.13,75.0,1500.0,15.2,healthy,0.0
fault_battery_alternator_fail_2,742,1789812707.4219189,4685.1,127.27,741.21,4.37,104.53,0.0834,20.31,14.09,21.46,75.0,1500.0,15.2,healthy,0.0
fault_battery_alternator_fail_2,743,1789812708.4219189,4692.3,127.37,743.75,4.3,104.63,0.0862,20.34,14.09,21.2,75.0,1500.0,15.2,healthy,0.0
fault_battery_alternator_fail_2,744,1789812709.4219189,4716.0,127.39,746.07,4.33,104.6,0.0754,20.52,14.04,21.37,75.0,1500.0,15.2,healthy,0.0
fault_battery_alternator_fail_2,745,1789812710.4219189,4712.5,126.94,740.95,4.25,104.51,0.0722,20.52,14.08,21.22,75.0,1500.0,15.2,healthy,0.0
fault_battery_alternator_fail_2,746,1789812711.4219189,4703.4,126.88,737.76,4.24,104.48,0.0738,20.54,14.08,21.18,75.0,1500.0,15.2,healthy,0.0
fault_battery_alternator_fail_2,747,1789812712.4219189,4710.7,126.69,738.24,4.23,104.39,0.0663,20.54,14.09,21.29,75.0,1500.0,15.2,healthy,0.0
fault_battery_alternator_fail_2,748,1789812713.4219189,4688.7,126.34,735.46,4.31,104.4,0.0702,20.54,14.08,21.23,75.0,1500.0,15.2,healthy,0.0
fault_battery_alternator_fail_2,749,1789812714.4219189,4672.7,126.71,740.79,4.41,104.22,0.077,20.5,14.03,21.39,75.0,1500.0,15.2,healthy,0.0
fault_battery_alternator_fail_2,750,1789812715.4219189,4694.3,126.79,740.29,4.45,104.42,0.0728,20.62,14.02,21.39,75.0,1500.0,15.2,healthy,0.0
fault_battery_alternator_fail_2,751,1789812716.4219189,4718.9,126.47,744.04,4.46,104.41,0.0707,20.52,14.1,21.27,75.0,1500.0,15.2,healthy,0.0
fault_battery_alternator_fail_2,752,1789812717.4219189,4701.3,126.27,746.21,4.34,104.45,0.0698,20.38,14.1,21.09,75.0,1500.0,15.2,healthy,0.0
fault_battery_alternator_fail_2,753,1789812718.4219189,4699.4,126.3,743.27,4.35,104.47,0.0719,20.32,14.12,21.19,75.0,1500.0,15.2,healthy,0.0
fault_battery_alternator_fail_2,754,1789812719.4219189,4711.6,126.58,738.51,4.34,104.57,0.068,20.25,14.18,21.24,75.0,1500.0,15.2,healthy,0.0
fault_battery_alternator_fail_2,755,1789812720.4219189,4714.3,126.7,741.5,4.36,104.54,0.0697,20.25,14.11,21.1,75.0,1500.0,15.2,healthy,0.0
fault_battery_alternator_fail_2,756,1789812721.4219189,4700.1,126.66,740.84,4.23,104.46,0.0752,20.43,14.14,20.99,75.0,1500.0,15.2,healthy,0.0
fault_battery_alternator_fail_2,757,1789812722.4219189,4715.2,126.82,734.8,4.38,104.28,0.0767,20.27,14.11,21.21,75.0,1500.0,15.2,healthy,0.0
fault_battery_alternator_fail_2,758,1789812723.4219189,4697.0,126.61,739.85,4.38,104.15,0.0698,20.26,14.13,20.73,75.0,1500.0,15.2,healthy,0.0
fault_battery_alternator_fail_2,759,1789812724.4219189,4699.1,126.53,739.53,4.41,104.16,0.0784,20.2,14.13,20.92,75.0,1500.0,15.2,healthy,0.0
fault_battery_alternator_fail_2,760,1789812725.4219189,4702.5,126.32,738.42,4.41,104.15,0.071,20.23,14.1,20.89,75.0,1500.0,15.2,healthy,0.0
fault_battery_alternator_fail_2,761,1789812726.4219189,4718.1,126.4,737.01,4.38,104.03,0.074,20.18,14.19,21.18,75.0,1500.0,15.2,healthy,0.0
fault_battery_alternator_fail_2,762,1789812727.4219189,4719.8,126.52,739.43,4.41,103.94,0.0748,20.2,14.07,21.09,75.0,1500.0,15.2,healthy,0.0
fault_battery_alternator_fail_2,763,1789812728.4219189,4719.9,126.66,736.33,4.41,104.01,0.0741,20.28,14.18,21.13,75.0,1500.0,15.2,healthy,0.0
fault_battery_alternator_fail_2,764,1789812729.4219189,4710.8,126.68,736.35,4.37,104.07,0.0682,20.26,14.17,21.11,75.0,1500.0,15.2,healthy,0.0
fault_battery_alternator_fail_2,765,1789812730.4219189,4703.1,126.91,739.09,4.33,104.04,0.0706,20.26,14.15,21.03,75.0,1500.0,15.2,healthy,0.0
fault_battery_alternator_fail_2,766,1789812731.4219189,4713.6,126.84,739.47,4.32,104.15,0.0792,20.21,14.2,20.96,75.0,1500.0,15.2,healthy,0.0
fault_battery_alternator_fail_2,767,1789812732.4219189,4713.9,126.68,738.76,4.35,104.2,0.0688,20.37,14.17,20.97,75.0,1500.0,15.2,healthy,0.0
fault_battery_alternator_fail_2,768,1789812733.4219189,4695.5,126.88,739.34,4.35,104.27,0.0705,20.26,14.19,21.41,75.0,1500.0,15.2,healthy,0.0
fault_battery_alternator_fail_2,769,1789812734.4219189,4705.1,126.5,735.48,4.32,104.25,0.0666,20.33,14.21,21.53,75.0,1500.0,15.2,healthy,0.0
fault_battery_alternator_fail_2,770,1789812735.4219189,4695.2,126.76,738.94,4.28,104.42,0.0782,20.33,14.14,21.33,75.0,1500.0,15.2,healthy,0.0
fault_battery_alternator_fail_2,771,1789812736.4219189,4705.2,126.79,744.51,4.33,104.3,0.0806,20.28,14.14,21.78,75.0,1500.0,15.2,healthy,0.0
fault_battery_alternator_fail_2,772,1789812737.4219189,4701.8,126.94,740.58,4.31,104.22,0.0762,20.22,14.15,21.43,75.0,1500.0,15.2,healthy,0.0
fault_battery_alternator_fail_2,773,1789812738.4219189,4686.2,127.06,740.04,4.27,104.2,0.0732,20.26,14.14,21.19,75.0,1500.0,15.2,healthy,0.0
fault_battery_alternator_fail_2,774,1789812739.4219189,4695.1,126.88,745.27,4.19,104.03,0.0772,20.2,14.2,21.63,75.0,1500.0,15.2,healthy,0.0
fault_battery_alternator_fail_2,775,1789812740.4219189,4700.5,127.21,740.12,4.2,104.14,0.0769,20.32,14.19,21.29,75.0,1500.0,15.2,healthy,0.0
fault_battery_alternator_fail_2,776,1789812741.4219189,4689.6,126.9,733.93,4.22,104.27,0.0748,20.31,14.15,21.29,75.0,1500.0,15.2,healthy,0.0
fault_battery_alternator_fail_2,777,1789812742.4219189,4696.3,126.89,736.57,4.2,104.32,0.0724,20.28,14.17,21.15,75.0,1500.0,15.2,healthy,0.0
fault_battery_alternator_fail_2,778,1789812743.4219189,4701.8,126.81,735.78,4.34,104.38,0.0767,20.24,14.15,20.74,75.0,1500.0,15.2,healthy,0.0
fault_battery_alternator_fail_2,779,1789812744.4219189,4721.9,126.66,733.47,4.34,104.33,0.0762,20.12,14.2,20.9,75.0,1500.0,15.2,healthy,0.0
fault_battery_alternator_fail_2,780,1789812745.4219189,4701.5,127.0,734.15,4.35,104.23,0.0612,20.07,14.21,20.99,75.0,1500.0,15.2,healthy,0.0
fault_battery_alternator_fail_2,781,1789812746.4219189,4694.1,127.07,731.11,4.28,104.07,0.0623,20.2,14.22,21.07,75.0,1500.0,15.2,healthy,0.0
fault_battery_alternator_fail_2,782,1789812747.4219189,4701.9,127.12,736.15,4.34,104.11,0.0732,20.24,14.19,20.93,75.0,1500.0,15.2,healthy,0.0
fault_battery_alternator_fail_2,783,1789812748.4219189,4667.2,127.18,738.37,4.38,104.25,0.0803,20.3,14.23,21.13,75.0,1500.0,15.2,healthy,0.0
fault_battery_alternator_fail_2,784,1789812749.4219189,4665.8,126.75,737.28,4.42,104.2,0.0721,20.24,14.22,21.15,75.0,1500.0,15.2,healthy,0.0
fault_battery_alternator_fail_2,785,1789812750.4219189,4674.2,127.01,739.38,4.39,104.04,0.0663,20.31,14.17,21.09,75.0,1500.0,15.2,healthy,0.0
fault_battery_alternator_fail_2,786,1789812751.4219189,4692.5,126.8,738.75,4.34,104.12,0.0694,20.41,14.25,20.89,75.0,1500.0,15.2,healthy,0.0
fault_battery_alternator_fail_2,787,1789812752.4219189,4683.9,126.82,739.5,4.37,104.06,0.0655,20.58,14.26,21.04,75.0,1500.0,15.2,healthy,0.0
fault_battery_alternator_fail_2,788,1789812753.4219189,4679.5,126.57,742.27,4.36,103.99,0.0623,20.36,14.23,21.11,75.0,1500.0,15.2,healthy,0.0
fault_battery_alternator_fail_2,789,1789812754.4219189,4665.8,126.32,741.72,4.34,103.89,0.0676,20.39,14.17,21.01,75.0,1500.0,15.2,healthy,0.0
fault_battery_alternator_fail_2,790,1789812755.4219189,4655.3,126.33,741.76,4.33,103.98,0.065,20.28,14.17,21.24,75.0,1500.0,15.2,healthy,0.0
fault_battery_alternator_fail_2,791,1789812756.4219189,4658.6,126.38,743.18,4.22,104.1,0.0709,20.51,14.23,21.31,75.0,1500.0,15.2,healthy,0.0
fault_battery_alternator_fail_2,792,1789812757.4219189,4662.6,126.11,741.12,4.24,104.26,0.0697,20.51,14.3,20.97,75.0,1500.0,15.2,healthy,0.0
fault_battery_alternator_fail_2,793,1789812758.4219189,4654.4,126.28,742.29,4.34,104.2,0.0625,20.31,14.26,21.14,75.0,1500.0,15.2,healthy,0.0
fault_battery_alternator_fail_2,794,1789812759.4219189,4639.7,126.44,741.07,4.4,104.4,0.0666,20.24,14.22,21.32,75.0,1500.0,15.2,healthy,0.0
fault_battery_alternator_fail_2,795,1789812760.4219189,4653.0,126.44,745.47,4.4,104.37,0.0747,20.25,14.22,21.24,75.0,1500.0,15.2,healthy,0.0
fault_battery_alternator_fail_2,796,1789812761.4219189,4648.8,126.36,744.19,4.42,104.41,0.0717,20.26,14.23,21.55,75.0,1500.0,15.2,healthy,0.0
fault_battery_alternator_fail_2,797,1789812762.4219189,4652.5,126.58,738.71,4.42,104.46,0.0713,20.28,14.28,21.31,75.0,1500.0,15.2,healthy,0.0
fault_battery_alternator_fail_2,798,1789812763.4219189,4673.8,126.43,734.89,4.39,104.36,0.079,20.27,14.22,20.77,75.0,1500.0,15.2,healthy,0.0
fault_battery_alternator_fail_2,799,1789812764.4219189,4669.9,126.63,735.53,4.4,104.45,0.0855,20.28,14.23,21.02,75.0,1500.0,15.2,healthy,0.0
fault_battery_alternator_fail_2,800,1789812765.4219189,4682.3,126.31,735.52,4.44,104.34,0.083,20.2,14.21,21.34,75.0,1500.0,15.2,healthy,0.0
fault_battery_alternator_fail_2,801,1789812766.4219189,4708.4,126.14,735.76,4.45,104.34,0.0735,20.2,14.18,21.63,75.0,1500.0,15.2,healthy,0.0
fault_battery_alternator_fail_2,802,1789812767.4219189,4703.2,125.99,734.23,4.41,104.31,0.0824,20.07,14.13,21.59,75.0,1500.0,15.2,healthy,0.0
fault_battery_alternator_fail_2,803,1789812768.4219189,4702.4,125.96,742.56,4.44,104.26,0.0745,19.94,14.18,21.27,75.0,1500.0,15.2,healthy,0.0
fault_battery_alternator_fail_2,804,1789812769.4219189,4712.3,126.01,736.41,4.43,104.29,0.0787,20.04,14.19,21.27,75.0,1500.0,15.2,healthy,0.0
fault_battery_alternator_fail_2,805,1789812770.4219189,4729.3,126.06,739.55,4.38,104.17,0.0817,20.02,14.21,21.32,75.0,1500.0,15.2,healthy,0.0
fault_battery_alternator_fail_2,806,1789812771.4219189,4707.4,125.99,738.77,4.39,104.26,0.0739,19.97,14.15,21.19,75.0,1500.0,15.2,healthy,0.0
fault_battery_alternator_fail_2,807,1789812772.4219189,4711.4,126.08,740.67,4.38,104.27,0.0666,20.3,14.16,21.2,75.0,1500.0,15.2,healthy,0.0
fault_battery_alternator_fail_2,808,1789812773.4219189,4682.5,126.53,741.09,4.38,104.12,0.0629,20.31,14.2,21.25,75.0,1500.0,15.2,healthy,0.0
fault_battery_alternator_fail_2,809,1789812774.4219189,4701.2,126.88,743.17,4.32,104.26,0.0685,20.24,14.18,21.39,75.0,1500.0,15.2,healthy,0.0
fault_battery_alternator_fail_2,810,1789812775.4219189,4694.3,126.81,741.08,4.25,104.36,0.073,20.26,14.21,21.49,75.0,1500.0,15.2,healthy,0.0
fault_battery_alternator_fail_2,811,1789812776.4219189,4684.9,126.92,740.73,4.29,104.3,0.0804,20.12,14.16,21.27,75.0,1500.0,15.2,healthy,0.0
fault_battery_alternator_fail_2,812,1789812777.4219189,4701.4,126.98,738.98,4.28,104.28,0.0721,20.03,14.14,21.33,75.0,1500.0,15.2,healthy,0.0
fault_battery_alternator_fail_2,813,1789812778.4219189,4693.6,126.61,741.91,4.35,104.27,0.0735,20.02,14.14,20.95,75.0,1500.0,15.2,healthy,0.0
fault_battery_alternator_fail_2,814,1789812779.4219189,4701.4,126.33,739.98,4.32,104.13,0.0723,20.06,14.17,21.24,75.0,1500.0,15.2,healthy,0.0
fault_battery_alternator_fail_2,815,1789812780.4219189,4714.7,126.39,739.14,4.36,104.04,0.0697,20.02,14.17,21.24,75.0,1500.0,15.2,healthy,0.0
fault_battery_alternator_fail_2,816,1789812781.4219189,4720.5,126.47,732.5,4.38,103.98,0.0686,20.06,14.17,21.37,75.0,1500.0,15.2,healthy,0.0
fault_battery_alternator_fail_2,817,1789812782.4219189,4704.2,126.12,732.26,4.4,104.03,0.0672,20.04,14.14,21.13,75.0,1500.0,15.2,healthy,0.0
fault_battery_alternator_fail_2,818,1789812783.4219189,4718.0,125.95,734.66,4.5,104.2,0.061,20.0,14.21,21.18,75.0,1500.0,15.2,healthy,0.0
fault_battery_alternator_fail_2,819,1789812784.4219189,4718.2,125.87,736.8,4.46,104.02,0.0783,20.06,14.24,21.28,75.0,1500.0,15.2,healthy,0.0
fault_battery_alternator_fail_2,820,1789812785.4219189,4700.0,126.1,737.71,4.33,104.15,0.0668,20.12,14.15,21.5,75.0,1500.0,15.2,healthy,0.0
fault_battery_alternator_fail_2,821,1789812786.4219189,4694.8,126.37,736.52,4.22,104.21,0.0703,20.17,14.1,21.46,75.0,1500.0,15.2,healthy,0.0
fault_battery_alternator_fail_2,822,1789812787.4219189,4700.6,126.38,740.19,4.27,104.12,0.0759,20.19,14.14,21.7,75.0,1500.0,15.2,healthy,0.0
fault_battery_alternator_fail_2,823,1789812788.4219189,4696.4,126.38,741.74,4.22,104.14,0.074,20.3,14.05,21.21,75.0,1500.0,15.2,healthy,0.0
fault_battery_alternator_fail_2,824,1789812789.4219189,4684.6,126.02,743.84,4.26,104.1,0.0757,20.39,14.08,21.53,75.0,1500.0,15.2,healthy,0.0
fault_battery_alternator_fail_2,825,1789812790.4219189,4659.7,125.87,744.08,4.3,104.03,0.0773,20.28,14.03,21.29,75.0,1500.0,15.2,healthy,0.0
fault_battery_alternator_fail_2,826,1789812791.4219189,4649.9,126.04,744.25,4.4,103.88,0.079,20.12,14.01,21.37,75.0,1500.0,15.2,healthy,0.0
fault_battery_alternator_fail_2,827,1789812792.4219189,4648.6,126.32,742.57,4.4,103.73,0.0803,20.28,14.02,20.9,75.0,1500.0,15.2,healthy,0.0
fault_battery_alternator_fail_2,828,1789812793.4219189,4644.0,126.42,736.53,4.38,103.5,0.0809,20.35,14.14,21.36,75.0,1500.0,15.2,healthy,0.0
fault_battery_alternator_fail_2,829,1789812794.4219189,4669.6,126.23,737.0,4.27,103.6,0.077,20.41,14.29,21.3,75.0,1500.0,15.2,healthy,0.0
fault_battery_alternator_fail_2,830,1789812795.4219189,4720.8,126.53,739.79,4.27,103.57,0.0776,20.44,14.3,20.92,75.0,1500.0,15.2,healthy,0.0
fault_battery_alternator_fail_2,831,1789812796.4219189,4736.5,126.41,732.94,4.3,103.51,0.069,20.57,14.24,20.91,75.0,1500.0,15.2,healthy,0.0
fault_battery_alternator_fail_2,832,1789812797.4219189,4747.4,126.27,736.82,4.28,103.58,0.0679,20.47,14.19,21.38,75.0,1500.0,15.2,healthy,0.0
fault_battery_alternator_fail_2,833,1789812798.4219189,4740.4,126.45,737.78,4.25,103.69,0.0727,20.37,14.23,21.5,75.0,1500.0,15.2,healthy,0.0
fault_battery_alternator_fail_2,834,1789812799.4219189,4732.9,126.51,738.88,4.19,103.76,0.083,20.51,14.29,21.87,75.0,1500.0,15.2,healthy,0.0
fault_battery_alternator_fail_2,835,1789812800.4219189,4733.3,126.51,737.15,4.23,103.67,0.0693,20.32,14.23,21.61,75.0,1500.0,15.2,healthy,0.0
fault_battery_alternator_fail_2,836,1789812801.4219189,4694.0,126.84,736.72,4.2,103.68,0.0718,20.35,14.13,21.35,75.0,1500.0,15.2,healthy,0.0
fault_battery_alternator_fail_2,837,1789812802.4219189,4660.1,127.16,731.92,4.18,103.77,0.0682,20.36,14.04,21.33,75.0,1500.0,15.2,healthy,0.0
fault_battery_alternator_fail_2,838,1789812803.4219189,4679.4,126.87,733.05,4.25,103.82,0.0689,20.28,14.08,21.41,75.0,1500.0,15.2,healthy,0.0
fault_battery_alternator_fail_2,839,1789812804.4219189,4673.9,126.63,734.14,4.35,103.83,0.0698,20.41,14.08,21.37,75.0,1500.0,15.2,healthy,0.0
fault_battery_alternator_fail_2,840,1789812805.4219189,4699.1,126.74,735.53,4.35,103.73,0.0705,20.46,14.06,21.4,75.0,1500.0,15.2,healthy,0.0
fault_battery_alternator_fail_2,841,1789812806.4219189,4712.3,126.77,742.65,4.33,103.82,0.0684,20.5,14.08,21.17,75.0,1500.0,15.2,healthy,0.0
fault_battery_alternator_fail_2,842,1789812807.4219189,4691.0,126.92,742.56,4.31,103.94,0.0681,20.45,13.99,21.47,75.0,1500.0,15.2,healthy,0.0
fault_battery_alternator_fail_2,843,1789812808.4219189,4711.6,126.87,738.58,4.34,103.96,0.0715,20.38,13.96,21.4,75.0,1500.0,15.2,healthy,0.0
fault_battery_alternator_fail_2,844,1789812809.4219189,4713.9,126.8,739.05,4.35,103.88,0.0736,20.22,13.94,20.97,75.0,1500.0,15.2,healthy,0.0
fault_battery_alternator_fail_2,845,1789812810.4219189,4716.2,126.86,739.04,4.4,103.76,0.0753,20.19,14.03,20.88,75.0,1500.0,15.2,healthy,0.0
fault_battery_alternator_fail_2,846,1789812811.4219189,4697.7,126.21,739.0,4.38,103.77,0.076,19.97,13.98,20.99,75.0,1500.0,15.2,healthy,0.0
fault_battery_alternator_fail_2,847,1789812812.4219189,4691.9,125.93,734.22,4.44,104.04,0.0675,20.11,13.93,21.12,75.0,1500.0,15.2,healthy,0.0
fault_battery_alternator_fail_2,848,1789812813.4219189,4680.5,126.35,733.24,4.37,104.08,0.0577,20.11,13.92,21.17,75.0,1500.0,15.2,healthy,0.0
fault_battery_alternator_fail_2,849,1789812814.4219189,4684.7,126.46,735.55,4.35,104.03,0.0629,19.93,13.93,21.09,75.0,1500.0,15.2,healthy,0.0
fault_battery_alternator_fail_2,850,1789812815.4219189,4680.5,126.68,733.79,4.34,103.88,0.0612,19.93,14.01,20.99,75.0,1500.0,15.2,healthy,0.0
fault_battery_alternator_fail_2,851,1789812816.4219189,4692.7,126.43,730.92,4.28,103.95,0.0651,20.03,14.14,21.2,75.0,1500.0,15.2,healthy,0.0
fault_battery_alternator_fail_2,852,1789812817.4219189,4685.0,126.65,733.77,4.31,103.81,0.0577,20.18,14.21,21.0,75.0,1500.0,15.2,healthy,0.0
fault_battery_alternator_fail_2,853,1789812818.4219189,4669.1,126.78,735.82,4.31,103.78,0.0622,20.24,14.12,20.99,75.0,1500.0,15.2,healthy,0.0
fault_battery_alternator_fail_2,854,1789812819.4219189,4694.4,126.85,734.01,4.32,103.85,0.0678,20.23,14.13,21.29,75.0,1500.0,15.2,healthy,0.0
fault_battery_alternator_fail_2,855,1789812820.4219189,4668.6,127.03,735.9,4.34,103.75,0.0641,20.13,14.03,20.93,75.0,1500.0,15.2,healthy,0.0
fault_battery_alternator_fail_2,856,1789812821.4219189,4687.9,126.92,736.58,4.29,103.79,0.0616,20.05,14.08,21.14,75.0,1500.0,15.2,healthy,0.0
fault_battery_alternator_fail_2,857,1789812822.4219189,4715.8,126.98,737.72,4.35,103.61,0.0673,20.2,14.15,21.25,75.0,1500.0,15.2,healthy,0.0
fault_battery_alternator_fail_2,858,1789812823.4219189,4715.3,126.67,738.32,4.35,103.62,0.0717,20.17,14.17,21.27,75.0,1500.0,15.2,healthy,0.0
fault_battery_alternator_fail_2,859,1789812824.4219189,4714.7,126.95,739.68,4.3,103.73,0.0717,20.0,14.23,20.94,75.0,1500.0,15.2,healthy,0.0
fault_battery_alternator_fail_2,860,1789812825.4219189,4730.5,126.45,737.07,4.28,103.73,0.0607,19.97,14.22,20.73,75.0,1500.0,15.2,healthy,0.0
fault_battery_alternator_fail_2,861,1789812826.4219189,4729.5,126.31,734.87,4.41,103.7,0.0687,19.99,14.23,20.58,75.0,1500.0,15.2,healthy,0.0
fault_battery_alternator_fail_2,862,1789812827.4219189,4712.0,126.4,730.68,4.37,103.88,0.0678,20.04,14.28,20.9,75.0,1500.0,15.2,healthy,0.0
fault_battery_alternator_fail_2,863,1789812828.4219189,4708.5,126.37,733.29,4.4,103.84,0.0772,20.04,14.31,20.8,75.0,1500.0,15.2,healthy,0.0
fault_battery_alternator_fail_2,864,1789812829.4219189,4679.6,126.5,735.49,4.42,103.95,0.057,20.08,14.34,20.99,75.0,1500.0,15.2,healthy,0.0
fault_battery_alternator_fail_2,865,1789812830.4219189,4677.9,126.58,733.44,4.32,104.03,0.0621,20.09,14.33,21.18,75.0,1500.0,15.2,healthy,0.0
fault_battery_alternator_fail_2,866,1789812831.4219189,4674.0,126.84,734.05,4.33,103.91,0.062,20.13,14.32,20.83,75.0,1500.0,15.2,healthy,0.0
fault_battery_alternator_fail_2,867,1789812832.4219189,4651.1,126.75,738.33,4.34,103.87,0.0685,20.18,14.33,21.42,75.0,1500.0,15.2,healthy,0.0
fault_battery_alternator_fail_2,868,1789812833.4219189,4680.9,126.59,740.15,4.31,103.94,0.0698,20.37,14.28,21.31,75.0,1500.0,15.2,healthy,0.0
fault_battery_alternator_fail_2,869,1789812834.4219189,4696.5,126.72,738.22,4.28,103.86,0.0722,20.35,14.28,21.24,75.0,1500.0,15.2,healthy,0.0
fault_battery_alternator_fail_2,870,1789812835.4219189,4674.0,126.4,741.8,4.21,103.76,0.0686,20.24,14.28,21.13,75.0,1500.0,15.2,healthy,0.0
fault_battery_alternator_fail_2,871,1789812836.4219189,4678.5,126.36,744.81,4.11,103.74,0.069,20.23,14.3,20.79,75.0,1500.0,15.2,healthy,0.0
fault_battery_alternator_fail_2,872,1789812837.4219189,4667.2,126.13,744.27,4.15,103.89,0.0627,20.23,14.33,21.12,75.0,1500.0,15.2,healthy,0.0
fault_battery_alternator_fail_2,873,1789812838.4219189,4677.1,126.34,749.47,4.21,103.87,0.0592,20.23,14.26,21.03,75.0,1500.0,15.2,healthy,0.0
fault_battery_alternator_fail_2,874,1789812839.4219189,4681.5,126.39,745.5,4.2,103.72,0.07,20.22,14.21,21.51,75.0,1500.0,15.2,healthy,0.0
fault_battery_alternator_fail_2,875,1789812840.4219189,4700.8,126.12,742.27,4.25,103.8,0.0778,20.32,14.19,21.5,75.0,1500.0,15.2,healthy,0.0
fault_battery_alternator_fail_2,876,1789812841.4219189,4708.8,126.25,739.31,4.29,103.84,0.086,20.35,14.28,21.35,75.0,1500.0,15.2,healthy,0.0
fault_battery_alternator_fail_2,877,1789812842.4219189,4675.5,126.14,743.17,4.36,103.79,0.0821,20.33,14.25,21.39,75.0,1500.0,15.2,healthy,0.0
fault_battery_alternator_fail_2,878,1789812843.4219189,4695.1,126.25,743.69,4.36,103.67,0.0771,20.35,14.33,21.36,75.0,1500.0,15.2,healthy,0.0
fault_battery_alternator_fail_2,879,1789812844.4219189,4669.9,126.04,744.89,4.36,103.82,0.0757,20.41,14.28,21.5,75.0,1500.0,15.2,healthy,0.0
fault_battery_alternator_fail_2,880,1789812845.4219189,4645.8,126.2,748.88,4.33,103.96,0.0758,20.38,14.31,21.53,75.0,1500.0,15.2,healthy,0.0
fault_battery_alternator_fail_2,881,1789812846.4219189,4664.4,126.42,750.91,4.46,103.9,0.0775,20.32,14.2,21.36,75.0,1500.0,15.2,healthy,0.0
fault_battery_alternator_fail_2,882,1789812847.4219189,4666.9,126.56,751.87,4.43,103.92,0.0758,20.31,14.15,20.96,75.0,1500.0,15.2,healthy,0.0
fault_battery_alternator_fail_2,883,1789812848.4219189,4680.9,126.65,745.8,4.49,103.84,0.0758,20.47,14.13,21.07,75.0,1500.0,15.2,healthy,0.0
fault_battery_alternator_fail_2,884,1789812849.4219189,4704.6,126.27,743.77,4.48,103.89,0.0712,20.52,14.13,20.91,75.0,1500.0,15.2,healthy,0.0
fault_battery_alternator_fail_2,885,1789812850.4219189,4713.6,126.21,744.71,4.41,103.81,0.0679,20.52,14.14,20.81,75.0,1500.0,15.2,healthy,0.0
fault_battery_alternator_fail_2,886,1789812851.4219189,4711.8,126.3,743.77,4.4,103.92,0.0733,20.49,14.01,21.14,75.0,1500.0,15.2,healthy,0.0
fault_battery_alternator_fail_2,887,1789812852.4219189,4714.2,126.31,744.96,4.41,103.89,0.0726,20.43,14.05,20.88,75.0,1500.0,15.2,healthy,0.0
fault_battery_alternator_fail_2,888,1789812853.4219189,4683.8,126.29,746.0,4.5,103.67,0.0711,20.35,14.09,21.29,75.0,1500.0,15.2,healthy,0.0
fault_battery_alternator_fail_2,889,1789812854.4219189,4693.8,126.18,743.93,4.44,103.76,0.0677,20.07,14.07,21.12,75.0,1500.0,15.2,healthy,0.0
fault_battery_alternator_fail_2,890,1789812855.4219189,4694.5,125.99,741.81,4.4,103.75,0.0723,20.06,14.08,21.12,75.0,1500.0,15.2,healthy,0.0
fault_battery_alternator_fail_2,891,1789812856.4219189,4700.4,125.9,746.92,4.33,103.71,0.0708,19.97,14.12,20.88,75.0,1500.0,15.2,healthy,0.0
fault_battery_alternator_fail_2,892,1789812857.4219189,4714.6,125.63,751.16,4.31,103.57,0.0712,19.94,14.06,20.97,75.0,1500.0,15.2,healthy,0.0
fault_battery_alternator_fail_2,893,1789812858.4219189,4729.8,125.57,751.77,4.33,103.65,0.0731,19.9,14.1,21.23,75.0,1500.0,15.2,healthy,0.0
fault_battery_alternator_fail_2,894,1789812859.4219189,4703.7,125.62,752.86,4.3,103.58,0.0749,19.92,14.09,20.89,75.0,1500.0,15.2,healthy,0.0
fault_battery_alternator_fail_2,895,1789812860.4219189,4715.2,125.89,748.8,4.29,103.67,0.0796,19.87,14.08,21.02,75.0,1500.0,15.2,healthy,0.0
fault_battery_alternator_fail_2,896,1789812861.4219189,4730.2,126.03,751.65,4.29,103.59,0.0715,20.1,14.08,21.28,75.0,1500.0,15.2,healthy,0.0
fault_battery_alternator_fail_2,897,1789812862.4219189,4715.3,125.93,747.03,4.31,103.63,0.0756,20.21,14.09,21.13,75.0,1500.0,15.2,healthy,0.0
fault_battery_alternator_fail_2,898,1789812863.4219189,4699.4,126.0,744.08,4.21,103.51,0.0843,20.27,14.14,21.4,75.0,1500.0,15.2,healthy,0.0
fault_battery_alternator_fail_2,899,1789812864.4219189,4684.2,125.74,744.69,4.3,103.64,0.0724,20.12,14.22,21.31,75.0,1500.0,15.2,healthy,0.0
fault_battery_alternator_fail_2,900,1789812865.4219189,4644.4,125.68,741.3,4.3,103.73,0.0723,19.85,14.27,21.26,75.0,1500.0,15.2,healthy,0.0
fault_battery_alternator_fail_2,901,1789812866.4219189,4683.0,125.18,741.82,4.37,103.89,0.0759,20.1,14.27,21.42,75.0,1500.0,15.2,healthy,0.0
fault_battery_alternator_fail_2,902,1789812867.4219189,4700.8,125.69,743.24,4.36,104.03,0.076,19.9,14.23,21.64,75.0,1500.0,15.2,healthy,0.0
fault_battery_alternator_fail_2,903,1789812868.4219189,4697.2,125.47,742.75,4.43,103.97,0.0813,19.9,14.25,21.48,75.0,1500.0,15.2,healthy,0.0
fault_battery_alternator_fail_2,904,1789812869.4219189,4686.8,126.0,741.34,4.27,103.87,0.0767,19.99,14.32,21.01,75.0,1500.0,15.2,healthy,0.0
fault_battery_alternator_fail_2,905,1789812870.4219189,4705.6,125.97,737.47,4.33,103.88,0.0769,20.04,14.32,21.03,75.0,1500.0,15.2,healthy,0.0
fault_battery_alternator_fail_2,906,1789812871.4219189,4697.5,126.22,731.97,4.34,103.94,0.0721,20.21,14.31,20.78,75.0,1500.0,15.2,healthy,0.0
fault_battery_alternator_fail_2,907,1789812872.4219189,4702.9,126.32,734.42,4.33,103.98,0.0784,20.15,14.27,20.83,75.0,1500.0,15.2,healthy,0.0
fault_battery_alternator_fail_2,908,1789812873.4219189,4682.6,126.42,736.48,4.46,103.85,0.0804,20.0,14.25,21.21,75.0,1500.0,15.2,healthy,0.0
fault_battery_alternator_fail_2,909,1789812874.4219189,4701.5,126.43,735.84,4.35,103.77,0.0736,19.97,14.31,21.34,75.0,1500.0,15.2,healthy,0.0
fault_battery_alternator_fail_2,910,1789812875.4219189,4719.3,126.57,731.85,4.31,103.76,0.0673,19.97,14.27,21.21,75.0,1500.0,15.2,healthy,0.0
fault_battery_alternator_fail_2,911,1789812876.4219189,4720.0,126.58,735.44,4.43,103.96,0.0706,20.0,14.28,21.17,75.0,1500.0,15.2,healthy,0.0
fault_battery_alternator_fail_2,912,1789812877.4219189,4727.9,126.72,737.9,4.51,103.92,0.0656,20.14,14.3,21.03,75.0,1500.0,15.2,healthy,0.0
fault_battery_alternator_fail_2,913,1789812878.4219189,4727.9,126.56,741.99,4.46,103.9,0.0573,20.11,14.26,20.9,75.0,1500.0,15.2,healthy,0.0
fault_battery_alternator_fail_2,914,1789812879.4219189,4718.3,126.24,741.93,4.41,103.92,0.0638,20.19,14.19,20.78,75.0,1500.0,15.2,healthy,0.0
fault_battery_alternator_fail_2,915,1789812880.4219189,4730.4,126.09,739.5,4.38,103.87,0.0818,20.11,14.21,21.1,75.0,1500.0,15.2,healthy,0.0
fault_battery_alternator_fail_2,916,1789812881.4219189,4729.8,126.17,744.09,4.32,103.94,0.0806,20.12,14.27,21.32,75.0,1500.0,15.2,healthy,0.0
fault_battery_alternator_fail_2,917,1789812882.4219189,4715.1,125.92,738.81,4.23,103.96,0.0644,20.16,14.2,21.15,75.0,1500.0,15.2,healthy,0.0
fault_battery_alternator_fail_2,918,1789812883.4219189,4733.1,125.58,738.13,4.29,103.76,0.0717,20.11,14.22,21.14,75.0,1500.0,15.2,healthy,0.0
fault_battery_alternator_fail_2,919,1789812884.4219189,4734.2,125.41,735.83,4.3,103.67,0.076,20.27,14.27,20.95,75.0,1500.0,15.2,healthy,0.0
fault_battery_alternator_fail_2,920,1789812885.4219189,4713.2,125.55,736.26,4.39,103.76,0.0678,20.41,14.3,20.86,75.0,1500.0,15.2,healthy,0.0
fault_battery_alternator_fail_2,921,1789812886.4219189,4679.5,125.57,735.69,4.46,103.69,0.0776,20.34,14.34,20.74,75.0,1500.0,15.2,healthy,0.0
fault_battery_alternator_fail_2,922,1789812887.4219189,4670.5,125.39,735.52,4.42,103.7,0.0699,20.38,14.39,20.99,75.0,1500.0,15.2,healthy,0.0
fault_battery_alternator_fail_2,923,1789812888.4219189,4703.0,125.45,737.21,4.27,103.79,0.0668,20.48,14.41,21.22,75.0,1500.0,15.2,healthy,0.0
fault_battery_alternator_fail_2,924,1789812889.4219189,4692.9,125.24,745.22,4.29,103.79,0.068,20.32,14.42,21.54,75.0,1500.0,15.2,healthy,0.0
fault_battery_alternator_fail_2,925,1789812890.4219189,4688.7,125.21,743.49,4.36,103.83,0.0752,20.35,14.34,21.4,75.0,1500.0,15.2,healthy,0.0
fault_battery_alternator_fail_2,926,1789812891.4219189,4690.7,125.28,743.23,4.38,103.76,0.0774,20.65,14.28,20.82,75.0,1500.0,15.2,healthy,0.0
fault_battery_alternator_fail_2,927,1789812892.4219189,4689.8,125.18,745.55,4.38,103.72,0.0791,20.55,14.25,20.68,75.0,1500.0,15.2,healthy,0.0
fault_battery_alternator_fail_2,928,1789812893.4219189,4702.6,125.1,749.15,4.38,103.65,0.0764,20.37,14.24,20.6,75.0,1500.0,15.2,healthy,0.0
fault_battery_alternator_fail_2,929,1789812894.4219189,4693.0,124.94,746.91,4.27,103.53,0.0723,20.41,14.23,21.18,75.0,1500.0,15.2,healthy,0.0
fault_battery_alternator_fail_2,930,1789812895.4219189,4709.9,125.14,742.36,4.31,103.42,0.0715,20.25,14.24,21.18,75.0,1500.0,15.2,healthy,0.0
fault_battery_alternator_fail_2,931,1789812896.4219189,4719.4,125.38,744.03,4.37,103.55,0.0748,20.35,14.26,21.27,75.0,1500.0,15.2,healthy,0.0
fault_battery_alternator_fail_2,932,1789812897.4219189,4712.2,125.9,744.01,4.36,103.61,0.0695,20.42,14.2,21.6,75.0,1500.0,15.2,healthy,0.0
fault_battery_alternator_fail_2,933,1789812898.4219189,4717.6,126.06,743.5,4.41,103.65,0.0696,20.3,14.16,21.3,75.0,1500.0,15.2,healthy,0.0
fault_battery_alternator_fail_2,934,1789812899.4219189,4698.1,126.27,748.28,4.39,103.72,0.0714,20.29,14.15,21.06,75.0,1500.0,15.2,healthy,0.0
fault_battery_alternator_fail_2,935,1789812900.4219189,4695.2,126.19,746.02,4.39,103.68,0.073,20.3,14.25,21.18,75.0,1500.0,15.2,healthy,0.0
fault_battery_alternator_fail_2,936,1789812901.4219189,4681.4,126.29,744.64,4.37,103.8,0.0732,20.34,14.22,21.31,75.0,1500.0,15.2,healthy,0.0
fault_battery_alternator_fail_2,937,1789812902.4219189,4699.4,126.38,738.17,4.4,103.85,0.0679,20.18,14.22,21.05,75.0,1500.0,15.2,healthy,0.0
fault_battery_alternator_fail_2,938,1789812903.4219189,4711.1,126.68,733.49,4.37,103.93,0.0735,20.19,14.17,20.85,75.0,1500.0,15.2,healthy,0.0
fault_battery_alternator_fail_2,939,1789812904.4219189,4709.3,126.74,734.94,4.35,103.93,0.0764,20.18,14.17,20.9,75.0,1500.0,15.2,healthy,0.0
fault_battery_alternator_fail_2,940,1789812905.4219189,4695.9,126.66,736.26,4.37,103.9,0.0803,20.23,14.12,21.05,75.0,1500.0,15.2,healthy,0.0
fault_battery_alternator_fail_2,941,1789812906.4219189,4697.5,126.52,738.73,4.41,103.89,0.0824,20.27,14.1,21.13,75.0,1500.0,15.2,healthy,0.0
fault_battery_alternator_fail_2,942,1789812907.4219189,4670.9,126.6,739.71,4.39,104.04,0.0653,20.04,13.99,21.22,75.0,1500.0,15.2,healthy,0.0
fault_battery_alternator_fail_2,943,1789812908.4219189,4671.9,126.2,739.5,4.37,104.12,0.0653,19.96,13.93,21.43,75.0,1500.0,15.2,healthy,0.0
fault_battery_alternator_fail_2,944,1789812909.4219189,4670.8,125.83,738.08,4.28,104.22,0.0765,20.0,13.92,21.26,75.0,1500.0,15.2,healthy,0.0
fault_battery_alternator_fail_2,945,1789812910.4219189,4658.6,125.88,740.33,4.3,104.1,0.0749,20.12,13.98,21.19,75.0,1500.0,15.2,healthy,0.0
fault_battery_alternator_fail_2,946,1789812911.4219189,4679.5,125.55,739.74,4.26,104.25,0.0702,20.25,13.97,20.93,75.0,1500.0,15.2,healthy,0.0
fault_battery_alternator_fail_2,947,1789812912.4219189,4667.5,125.58,735.58,4.26,104.1,0.0654,20.18,14.07,21.18,75.0,1500.0,15.2,healthy,0.0
fault_battery_alternator_fail_2,948,1789812913.4219189,4668.8,126.07,737.5,4.26,104.02,0.0766,20.04,14.12,21.56,75.0,1500.0,15.2,healthy,0.0
fault_battery_alternator_fail_2,949,1789812914.4219189,4685.9,126.29,742.29,4.28,104.07,0.0717,20.12,14.13,21.46,75.0,1500.0,15.2,healthy,0.0
fault_battery_alternator_fail_2,950,1789812915.4219189,4694.9,126.58,743.48,4.34,104.03,0.0731,20.2,14.07,21.8,75.0,1500.0,15.2,healthy,0.0
fault_battery_alternator_fail_2,951,1789812916.4219189,4719.5,126.59,748.03,4.38,104.17,0.0706,20.18,14.09,21.38,75.0,1500.0,15.2,healthy,0.0
fault_battery_alternator_fail_2,952,1789812917.4219189,4731.3,126.51,747.26,4.3,104.01,0.0672,20.07,14.07,21.28,75.0,1500.0,15.2,healthy,0.0
fault_battery_alternator_fail_2,953,1789812918.4219189,4729.9,126.57,745.99,4.3,104.1,0.0708,20.16,14.04,21.57,75.0,1500.0,15.2,healthy,0.0
fault_battery_alternator_fail_2,954,1789812919.4219189,4732.4,125.78,742.64,4.39,104.07,0.0682,20.19,14.03,21.28,75.0,1500.0,15.2,healthy,0.0
fault_battery_alternator_fail_2,955,1789812920.4219189,4766.4,125.86,746.03,4.3,104.02,0.069,20.33,14.07,21.26,75.0,1500.0,15.2,healthy,0.0
fault_battery_alternator_fail_2,956,1789812921.4219189,4734.8,125.85,742.96,4.33,103.99,0.0664,20.3,14.11,21.16,75.0,1500.0,15.2,healthy,0.0
fault_battery_alternator_fail_2,957,1789812922.4219189,4725.3,125.74,742.76,4.28,104.27,0.0771,20.33,14.15,20.78,75.0,1500.0,15.2,healthy,0.0
fault_battery_alternator_fail_2,958,1789812923.4219189,4726.3,126.22,740.62,4.31,104.37,0.071,20.38,14.14,21.0,75.0,1500.0,15.2,healthy,0.0
fault_battery_alternator_fail_2,959,1789812924.4219189,4756.8,125.98,748.43,4.35,104.34,0.0657,20.44,14.18,21.06,75.0,1500.0,15.2,healthy,0.0
fault_battery_alternator_fail_2,960,1789812925.4219189,4726.8,125.91,746.38,4.34,104.35,0.0715,20.33,14.15,20.65,75.0,1500.0,15.2,healthy,0.0
fault_battery_alternator_fail_2,961,1789812926.4219189,4733.7,126.28,745.9,4.34,104.49,0.0647,20.22,14.28,20.84,75.0,1500.0,15.2,healthy,0.0
fault_battery_alternator_fail_2,962,1789812927.4219189,4717.6,126.34,749.29,4.4,104.56,0.0722,20.08,14.33,21.05,75.0,1500.0,15.2,healthy,0.0
fault_battery_alternator_fail_2,963,1789812928.4219189,4704.0,126.24,745.33,4.42,104.54,0.0756,20.03,14.33,21.3,75.0,1500.0,15.2,healthy,0.0
fault_battery_alternator_fail_2,964,1789812929.4219189,4686.4,126.22,743.28,4.34,104.43,0.08,20.18,14.3,21.02,75.0,1500.0,15.2,healthy,0.0
fault_battery_alternator_fail_2,965,1789812930.4219189,4693.4,126.43,743.35,4.37,104.38,0.0839,20.24,14.3,21.12,75.0,1500.0,15.2,healthy,0.0
fault_battery_alternator_fail_2,966,1789812931.4219189,4709.2,126.03,739.02,4.37,104.45,0.0855,20.3,14.22,21.3,75.0,1500.0,15.2,healthy,0.0
fault_battery_alternator_fail_2,967,1789812932.4219189,4725.2,125.74,735.86,4.36,104.54,0.0817,20.25,14.17,21.34,75.0,1500.0,15.2,healthy,0.0
fault_battery_alternator_fail_2,968,1789812933.4219189,4729.4,125.72,738.17,4.44,104.59,0.076,20.24,14.22,21.44,75.0,1500.0,15.2,healthy,0.0
fault_battery_alternator_fail_2,969,1789812934.4219189,4708.6,125.91,739.01,4.43,104.69,0.0787,20.55,14.1,21.38,75.0,1500.0,15.2,healthy,0.0
fault_battery_alternator_fail_2,970,1789812935.4219189,4675.4,126.06,740.32,4.39,104.56,0.08,20.6,14.07,21.5,75.0,1500.0,15.2,healthy,0.0
fault_battery_alternator_fail_2,971,1789812936.4219189,4675.4,126.37,735.36,4.39,104.64,0.089,20.51,14.03,21.32,75.0,1500.0,15.2,healthy,0.0
fault_battery_alternator_fail_2,972,1789812937.4219189,4686.2,126.62,732.53,4.35,104.63,0.0856,20.48,14.08,21.23,75.0,1500.0,15.2,healthy,0.0
fault_battery_alternator_fail_2,973,1789812938.4219189,4682.1,126.67,732.29,4.37,104.57,0.0867,20.37,14.03,21.08,75.0,1500.0,15.2,healthy,0.0
fault_battery_alternator_fail_2,974,1789812939.4219189,4693.6,126.26,732.86,4.36,104.6,0.0774,20.12,14.11,21.07,75.0,1500.0,15.2,healthy,0.0
fault_battery_alternator_fail_2,975,1789812940.4219189,4702.1,125.92,735.4,4.38,104.62,0.064,20.2,14.07,21.43,75.0,1500.0,15.2,healthy,0.0
fault_battery_alternator_fail_2,976,1789812941.4219189,4707.9,125.99,735.74,4.28,104.72,0.0775,20.22,14.06,21.29,75.0,1500.0,15.2,healthy,0.0
fault_battery_alternator_fail_2,977,1789812942.4219189,4689.0,125.84,740.58,4.3,104.79,0.0773,20.18,14.08,21.31,75.0,1500.0,15.2,healthy,0.0
fault_battery_alternator_fail_2,978,1789812943.4219189,4715.6,125.64,740.52,4.28,104.83,0.0826,20.12,14.1,21.38,75.0,1500.0,15.2,healthy,0.0
fault_battery_alternator_fail_2,979,1789812944.4219189,4725.0,125.91,737.01,4.32,104.77,0.0759,20.21,14.16,20.98,75.0,1500.0,15.2,healthy,0.0
fault_battery_alternator_fail_2,980,1789812945.4219189,4713.8,126.04,733.26,4.31,104.74,0.0697,20.31,14.12,20.86,75.0,1500.0,15.2,healthy,0.0
fault_battery_alternator_fail_2,981,1789812946.4219189,4728.2,125.97,729.65,4.36,104.52,0.0689,20.3,14.15,20.96,75.0,1500.0,15.2,healthy,0.0
fault_battery_alternator_fail_2,982,1789812947.4219189,4740.4,126.37,731.62,4.37,104.62,0.0677,20.33,14.03,21.05,75.0,1500.0,15.2,healthy,0.0
fault_battery_alternator_fail_2,983,1789812948.4219189,4708.8,126.43,730.7,4.31,104.71,0.0743,20.17,14.03,21.12,75.0,1500.0,15.2,healthy,0.0
fault_battery_alternator_fail_2,984,1789812949.4219189,4733.6,126.44,733.07,4.3,104.52,0.0793,20.27,14.03,20.81,75.0,1500.0,15.2,healthy,0.0
fault_battery_alternator_fail_2,985,1789812950.4219189,4707.9,126.41,736.06,4.38,104.37,0.0762,20.31,14.01,21.13,75.0,1500.0,15.2,healthy,0.0
fault_battery_alternator_fail_2,986,1789812951.4219189,4710.5,126.7,736.01,4.38,104.24,0.082,20.3,14.12,21.06,75.0,1500.0,15.2,healthy,0.0
fault_battery_alternator_fail_2,987,1789812952.4219189,4697.2,126.67,734.66,4.42,104.37,0.0723,20.28,14.18,21.12,75.0,1500.0,15.2,healthy,0.0
fault_battery_alternator_fail_2,988,1789812953.4219189,4691.3,126.54,731.2,4.43,104.24,0.0768,20.2,14.2,21.16,75.0,1500.0,15.2,healthy,0.0
fault_battery_alternator_fail_2,989,1789812954.4219189,4711.9,126.71,731.45,4.45,104.05,0.0751,20.34,14.25,21.21,75.0,1500.0,15.2,healthy,0.0
fault_battery_alternator_fail_2,990,1789812955.4219189,4703.2,126.74,731.46,4.41,104.07,0.0704,20.27,14.27,21.3,75.0,1500.0,15.2,healthy,0.0
fault_battery_alternator_fail_2,991,1789812956.4219189,4713.5,126.5,732.37,4.39,104.09,0.0754,20.13,14.24,21.49,75.0,1500.0,15.2,healthy,0.0
fault_battery_alternator_fail_2,992,1789812957.4219189,4696.4,126.51,735.0,4.34,104.07,0.0775,20.04,14.25,21.34,75.0,1500.0,15.2,healthy,0.0
fault_battery_alternator_fail_2,993,1789812958.4219189,4665.9,126.25,733.29,4.36,103.96,0.0761,20.04,14.21,21.4,75.0,1500.0,15.2,healthy,0.0
fault_battery_alternator_fail_2,994,1789812959.4219189,4677.0,126.44,736.77,4.34,104.04,0.0737,20.05,14.24,21.44,75.0,1500.0,15.2,healthy,0.0
fault_battery_alternator_fail_2,995,1789812960.4219189,4689.4,126.28,739.96,4.39,104.02,0.0766,20.19,14.15,21.15,75.0,1500.0,15.2,healthy,0.0
fault_battery_alternator_fail_2,996,1789812961.4219189,4707.0,126.48,740.0,4.45,104.06,0.0741,20.13,14.28,21.2,75.0,1500.0,15.2,healthy,0.0
fault_battery_alternator_fail_2,997,1789812962.4219189,4734.5,126.34,743.02,4.35,104.19,0.077,20.17,14.27,21.47,75.0,1500.0,15.2,healthy,0.0
fault_battery_alternator_fail_2,998,1789812963.4219189,4728.5,126.41,739.93,4.35,104.04,0.0775,20.28,14.22,21.44,75.0,1500.0,15.2,healthy,0.0
fault_battery_alternator_fail_2,999,1789812964.4219189,4718.7,126.4,739.52,4.44,103.96,0.0801,20.23,14.26,21.51,75.0,1500.0,15.2,healthy,0.0
fault_battery_alternator_fail_2,1000,1789812965.4219189,4744.4,126.34,742.81,4.36,103.97,0.0761,20.19,14.22,21.7,75.0,1500.0,15.2,healthy,0.0
fault_battery_alternator_fail_2,1001,1789812966.4219189,4729.5,126.7,744.51,4.33,104.05,0.0733,20.31,14.15,21.85,75.0,1500.0,15.2,healthy,0.0
fault_battery_alternator_fail_2,1002,1789812967.4219189,4728.5,126.67,746.71,4.44,104.08,0.0752,20.36,14.2,21.72,75.0,1500.0,15.2,healthy,0.0
fault_battery_alternator_fail_2,1003,1789812968.4219189,4723.5,126.3,741.81,4.44,103.93,0.0726,20.27,14.2,21.43,75.0,1500.0,15.2,healthy,0.0
fault_battery_alternator_fail_2,1004,1789812969.4219189,4722.9,126.04,741.24,4.48,103.88,0.0698,20.29,14.16,21.32,75.0,1500.0,15.2,healthy,0.0
fault_battery_alternator_fail_2,1005,1789812970.4219189,4712.0,126.06,740.71,4.38,103.88,0.0744,20.34,14.17,21.54,75.0,1500.0,15.2,healthy,0.0
fault_battery_alternator_fail_2,1006,1789812971.4219189,4711.8,125.83,743.25,4.35,103.92,0.0696,20.34,14.18,21.1,75.0,1500.0,15.2,healthy,0.0
fault_battery_alternator_fail_2,1007,1789812972.4219189,4693.2,125.91,748.95,4.36,103.97,0.0704,20.31,14.18,21.47,75.0,1500.0,15.2,healthy,0.0
fault_battery_alternator_fail_2,1008,1789812973.4219189,4688.9,126.25,744.26,4.34,103.96,0.0735,20.41,14.18,21.69,75.0,1500.0,15.2,healthy,0.0
fault_battery_alternator_fail_2,1009,1789812974.4219189,4711.1,126.32,741.27,4.31,103.73,0.0763,20.45,14.25,21.41,75.0,1500.0,15.2,healthy,0.0
fault_battery_alternator_fail_2,1010,1789812975.4219189,4693.5,126.16,742.79,4.38,103.58,0.0747,20.48,14.23,21.25,75.0,1500.0,15.2,healthy,0.0
fault_battery_alternator_fail_2,1011,1789812976.4219189,4692.9,126.1,738.58,4.39,103.7,0.0848,20.38,14.13,21.2,75.0,1500.0,15.2,healthy,0.0
fault_battery_alternator_fail_2,1012,1789812977.4219189,4680.4,125.79,734.87,4.38,103.69,0.0694,20.36,14.23,21.15,75.0,1500.0,15.2,healthy,0.0
fault_battery_alternator_fail_2,1013,1789812978.4219189,4705.2,125.69,738.26,4.36,103.57,0.0759,20.45,14.23,21.09,75.0,1500.0,15.2,healthy,0.0
fault_battery_alternator_fail_2,1014,1789812979.4219189,4716.6,125.7,730.82,4.39,103.53,0.0806,20.6,14.25,20.98,75.0,1500.0,15.2,healthy,0.0
fault_battery_alternator_fail_2,1015,1789812980.4219189,4685.4,125.62,733.62,4.39,103.5,0.081,20.49,14.27,21.11,75.0,1500.0,15.2,healthy,0.0
fault_battery_alternator_fail_2,1016,1789812981.4219189,4712.2,125.75,734.92,4.36,103.65,0.0768,20.55,14.19,21.09,75.0,1500.0,15.2,healthy,0.0
fault_battery_alternator_fail_2,1017,1789812982.4219189,4696.6,126.0,738.78,4.44,103.7,0.0781,20.54,14.23,21.12,75.0,1500.0,15.2,healthy,0.0
fault_battery_alternator_fail_2,1018,1789812983.4219189,4708.7,125.84,742.68,4.47,103.71,0.0724,20.36,14.28,21.12,75.0,1500.0,15.2,healthy,0.0
fault_battery_alternator_fail_2,1019,1789812984.4219189,4694.3,125.98,747.45,4.49,103.78,0.0714,20.29,14.28,21.14,75.0,1500.0,15.2,healthy,0.0
fault_battery_alternator_fail_2,1020,1789812985.4219189,4686.3,126.08,747.33,4.45,103.65,0.0717,20.33,14.21,21.17,75.0,1500.0,15.2,healthy,0.0
fault_battery_alternator_fail_2,1021,1789812986.4219189,4677.5,126.21,747.51,4.36,103.5,0.0762,20.21,14.18,21.08,75.0,1500.0,15.2,healthy,0.0
fault_battery_alternator_fail_2,1022,1789812987.4219189,4686.6,126.16,749.15,4.42,103.63,0.0714,20.21,14.18,21.32,75.0,1500.0,15.2,healthy,0.0
fault_battery_alternator_fail_2,1023,1789812988.4219189,4693.2,126.69,745.04,4.44,103.61,0.0687,20.26,14.16,21.36,75.0,1500.0,15.2,healthy,0.0
fault_battery_alternator_fail_2,1024,1789812989.4219189,4667.9,126.59,743.73,4.39,103.76,0.0779,20.38,14.18,21.63,75.0,1500.0,15.2,healthy,0.0
fault_battery_alternator_fail_2,1025,1789812990.4219189,4667.3,126.62,743.72,4.39,103.65,0.0742,20.55,14.12,21.64,75.0,1500.0,15.2,healthy,0.0
fault_battery_alternator_fail_2,1026,1789812991.4219189,4664.1,126.55,739.26,4.36,103.75,0.064,20.44,14.05,21.63,75.0,1500.0,15.2,healthy,0.0
fault_battery_alternator_fail_2,1027,1789812992.4219189,4670.8,126.43,737.32,4.34,103.91,0.075,20.45,13.99,21.34,75.0,1500.0,15.2,healthy,0.0
fault_battery_alternator_fail_2,1028,1789812993.4219189,4680.0,126.34,740.99,4.39,104.06,0.0767,20.33,14.02,21.33,75.0,1500.0,15.2,healthy,0.0
fault_battery_alternator_fail_2,1029,1789812994.4219189,4682.7,126.19,748.79,4.43,104.05,0.0705,20.26,14.04,21.13,75.0,1500.0,15.2,healthy,0.0
fault_battery_alternator_fail_2,1030,1789812995.4219189,4655.5,126.61,742.82,4.37,103.94,0.0707,20.18,14.05,20.94,75.0,1500.0,15.2,healthy,0.0
fault_battery_alternator_fail_2,1031,1789812996.4219189,4651.0,126.87,739.15,4.33,104.0,0.0696,20.24,13.98,20.84,75.0,1500.0,15.2,healthy,0.0
fault_battery_alternator_fail_2,1032,1789812997.4219189,4656.6,126.57,738.96,4.3,103.92,0.0741,20.36,14.04,20.92,75.0,1500.0,15.2,healthy,0.0
fault_battery_alternator_fail_2,1033,1789812998.4219189,4671.5,126.22,737.34,4.27,103.99,0.0761,20.22,14.07,20.82,75.0,1500.0,15.2,healthy,0.0
fault_battery_alternator_fail_2,1034,1789812999.4219189,4641.4,126.3,732.26,4.27,104.02,0.0767,20.3,14.01,20.64,75.0,1500.0,15.2,healthy,0.0
fault_battery_alternator_fail_2,1035,1789813000.4219189,4654.5,126.25,736.89,4.25,104.03,0.0828,20.28,13.97,21.07,75.0,1500.0,15.2,healthy,0.0
fault_battery_alternator_fail_2,1036,1789813001.4219189,4670.8,126.39,743.4,4.35,103.99,0.0773,20.28,14.01,21.18,75.0,1500.0,15.2,healthy,0.0
fault_battery_alternator_fail_2,1037,1789813002.4219189,4667.7,126.59,745.42,4.41,104.09,0.0783,20.34,13.99,21.35,75.0,1500.0,15.2,healthy,0.0
fault_battery_alternator_fail_2,1038,1789813003.4219189,4696.0,126.5,748.25,4.4,104.14,0.086,20.33,13.94,21.36,75.0,1500.0,15.2,healthy,0.0
fault_battery_alternator_fail_2,1039,1789813004.4219189,4686.9,126.51,746.08,4.33,104.2,0.0798,20.35,13.94,21.35,75.0,1500.0,15.2,healthy,0.0
fault_battery_alternator_fail_2,1040,1789813005.4219189,4713.0,126.63,740.48,4.38,104.18,0.076,20.32,13.88,21.14,75.0,1500.0,15.2,healthy,0.0
fault_battery_alternator_fail_2,1041,1789813006.4219189,4705.7,126.57,741.67,4.39,104.13,0.0718,20.37,13.88,21.06,75.0,1500.0,15.2,healthy,0.0
fault_battery_alternator_fail_2,1042,1789813007.4219189,4740.6,126.63,734.13,4.42,104.2,0.071,20.12,13.94,21.43,75.0,1500.0,15.2,healthy,0.0
fault_battery_alternator_fail_2,1043,1789813008.4219189,4725.8,126.55,732.71,4.42,104.25,0.0736,20.23,13.94,21.36,75.0,1500.0,15.2,healthy,0.0
fault_battery_alternator_fail_2,1044,1789813009.4219189,4722.7,126.34,729.51,4.4,104.33,0.0726,20.32,13.92,21.35,75.0,1500.0,15.2,healthy,0.0
fault_battery_alternator_fail_2,1045,1789813010.4219189,4687.6,126.69,729.66,4.47,104.4,0.0719,20.2,13.94,21.53,75.0,1500.0,15.2,healthy,0.0
fault_battery_alternator_fail_2,1046,1789813011.4219189,4682.6,126.98,734.75,4.48,104.49,0.0742,20.43,13.98,21.41,75.0,1500.0,15.2,healthy,0.0
fault_battery_alternator_fail_2,1047,1789813012.4219189,4698.0,127.14,734.37,4.38,104.46,0.0753,20.57,13.96,21.5,75.0,1500.0,15.2,healthy,0.0
fault_battery_alternator_fail_2,1048,1789813013.4219189,4704.6,126.85,731.81,4.37,104.63,0.0782,20.53,13.97,21.13,75.0,1500.0,15.2,healthy,0.0
fault_battery_alternator_fail_2,1049,1789813014.4219189,4708.2,126.65,730.12,4.34,104.65,0.0765,20.65,14.05,21.24,75.0,1500.0,15.2,healthy,0.0
fault_battery_alternator_fail_2,1050,1789813015.4219189,4720.3,126.01,732.78,4.32,104.52,0.0806,20.69,14.12,21.42,75.0,1500.0,15.2,healthy,0.0
fault_battery_alternator_fail_2,1051,1789813016.4219189,4712.5,126.23,738.97,4.29,104.68,0.0788,20.76,14.14,21.15,75.0,1500.0,15.2,healthy,0.0
fault_battery_alternator_fail_2,1052,1789813017.4219189,4694.9,126.4,742.88,4.31,104.58,0.075,20.85,14.16,21.22,75.0,1500.0,15.2,healthy,0.0
fault_battery_alternator_fail_2,1053,1789813018.4219189,4730.4,126.46,739.71,4.31,104.31,0.0747,20.67,14.09,21.42,75.0,1500.0,15.2,healthy,0.0
fault_battery_alternator_fail_2,1054,1789813019.4219189,4697.0,126.6,741.44,4.35,104.36,0.0689,20.54,14.04,21.29,75.0,1500.0,15.2,healthy,0.0
fault_battery_alternator_fail_2,1055,1789813020.4219189,4697.6,126.42,743.54,4.36,104.38,0.0751,20.61,14.11,21.36,75.0,1500.0,15.2,healthy,0.0
fault_battery_alternator_fail_2,1056,1789813021.4219189,4698.4,126.37,742.61,4.34,104.33,0.0667,20.4,14.02,21.2,75.0,1500.0,15.2,healthy,0.0
fault_battery_alternator_fail_2,1057,1789813022.4219189,4680.4,126.62,740.44,4.35,104.37,0.0757,20.36,13.98,21.1,75.0,1500.0,15.2,healthy,0.0
fault_battery_alternator_fail_2,1058,1789813023.4219189,4682.5,126.33,744.09,4.35,104.37,0.0737,20.35,13.95,21.24,75.0,1500.0,15.2,healthy,0.0
fault_battery_alternator_fail_2,1059,1789813024.4219189,4678.4,126.37,749.1,4.4,104.41,0.0735,20.52,14.07,21.06,75.0,1500.0,15.2,healthy,0.0
fault_battery_alternator_fail_2,1060,1789813025.4219189,4659.1,126.5,747.37,4.41,104.37,0.0843,20.38,14.15,21.15,75.0,1500.0,15.2,healthy,0.0
fault_battery_alternator_fail_2,1061,1789813026.4219189,4693.6,126.46,749.48,4.45,104.37,0.0886,20.31,14.16,21.17,75.0,1500.0,15.2,healthy,0.0
fault_battery_alternator_fail_2,1062,1789813027.4219189,4691.6,126.48,748.19,4.38,104.37,0.0869,20.28,14.12,21.15,75.0,1500.0,15.2,healthy,0.0
fault_battery_alternator_fail_2,1063,1789813028.4219189,4664.8,126.35,744.85,4.39,104.42,0.0792,20.17,14.18,21.09,75.0,1500.0,15.2,healthy,0.0
fault_battery_alternator_fail_2,1064,1789813029.4219189,4669.3,126.35,743.44,4.45,104.56,0.0815,20.28,14.17,21.33,75.0,1500.0,15.2,healthy,0.0
fault_battery_alternator_fail_2,1065,1789813030.4219189,4679.0,126.27,742.62,4.42,104.68,0.0717,20.23,14.17,21.36,75.0,1500.0,15.2,healthy,0.0
fault_battery_alternator_fail_2,1066,1789813031.4219189,4683.5,126.36,734.4,4.43,104.66,0.0645,20.06,14.14,20.98,75.0,1500.0,15.2,healthy,0.0
fault_battery_alternator_fail_2,1067,1789813032.4219189,4687.1,126.17,737.85,4.42,104.63,0.0705,20.1,14.13,21.26,75.0,1500.0,15.2,healthy,0.0
fault_battery_alternator_fail_2,1068,1789813033.4219189,4698.0,126.39,733.62,4.37,104.82,0.0744,20.3,14.18,21.08,75.0,1500.0,15.2,healthy,0.0
fault_battery_alternator_fail_2,1069,1789813034.4219189,4702.8,126.31,736.13,4.24,104.77,0.07,20.24,14.22,21.07,75.0,1500.0,15.2,healthy,0.0
fault_battery_alternator_fail_2,1070,1789813035.4219189,4669.6,126.3,734.75,4.27,104.82,0.0721,20.15,14.2,20.89,75.0,1500.0,15.2,healthy,0.0
fault_battery_alternator_fail_2,1071,1789813036.4219189,4675.2,126.31,732.74,4.24,104.98,0.0812,20.07,14.12,21.24,75.0,1500.0,15.2,healthy,0.0
fault_battery_alternator_fail_2,1072,1789813037.4219189,4699.5,126.32,736.54,4.2,105.01,0.0764,20.09,14.21,21.37,75.0,1500.0,15.2,healthy,0.0
fault_battery_alternator_fail_2,1073,1789813038.4219189,4677.5,126.41,740.43,4.27,104.92,0.0756,20.07,14.17,21.11,75.0,1500.0,15.2,healthy,0.0
fault_battery_alternator_fail_2,1074,1789813039.4219189,4672.8,126.35,740.83,4.38,104.97,0.067,20.05,14.24,21.02,75.0,1500.0,15.2,healthy,0.0
fault_battery_alternator_fail_2,1075,1789813040.4219189,4674.7,126.58,737.76,4.44,105.04,0.0632,20.09,14.31,20.98,75.0,1500.0,15.2,healthy,0.0
fault_battery_alternator_fail_2,1076,1789813041.4219189,4691.0,126.66,744.68,4.47,104.93,0.0649,20.09,14.26,21.16,75.0,1500.0,15.2,healthy,0.0
fault_battery_alternator_fail_2,1077,1789813042.4219189,4685.9,126.52,746.52,4.44,104.82,0.0616,20.13,14.21,21.18,75.0,1500.0,15.2,healthy,0.0
fault_battery_alternator_fail_2,1078,1789813043.4219189,4689.6,126.56,742.62,4.46,104.63,0.071,20.32,14.19,21.22,75.0,1500.0,15.2,healthy,0.0
fault_battery_alternator_fail_2,1079,1789813044.4219189,4680.7,126.57,740.44,4.54,104.7,0.0672,20.24,14.2,21.14,75.0,1500.0,15.2,healthy,0.0
fault_battery_alternator_fail_2,1080,1789813045.4219189,4685.7,126.4,740.44,4.43,104.68,0.0692,20.29,14.21,21.2,75.0,1500.0,15.2,healthy,0.0
fault_battery_alternator_fail_2,1081,1789813046.4219189,4686.1,126.35,745.36,4.38,104.58,0.0744,20.23,14.13,21.04,75.0,1500.0,15.2,healthy,0.0
fault_battery_alternator_fail_2,1082,1789813047.4219189,4698.2,126.2,747.24,4.49,104.54,0.0759,20.26,14.16,21.59,75.0,1500.0,15.2,healthy,0.0
fault_battery_alternator_fail_2,1083,1789813048.4219189,4704.1,125.89,743.29,4.46,104.34,0.0795,20.35,14.16,21.5,75.0,1500.0,15.2,healthy,0.0
fault_battery_alternator_fail_2,1084,1789813049.4219189,4685.8,125.97,742.5,4.41,104.38,0.0742,20.37,14.18,21.09,75.0,1500.0,15.2,healthy,0.0
fault_battery_alternator_fail_2,1085,1789813050.4219189,4687.2,125.86,733.94,4.41,104.43,0.0703,20.18,14.17,21.28,75.0,1500.0,15.2,healthy,0.0
fault_battery_alternator_fail_2,1086,1789813051.4219189,4668.5,126.19,736.84,4.42,104.44,0.0722,20.15,14.18,21.23,75.0,1500.0,15.2,healthy,0.0
fault_battery_alternator_fail_2,1087,1789813052.4219189,4653.1,125.83,739.79,4.39,104.34,0.0702,20.11,14.11,21.03,75.0,1500.0,15.2,healthy,0.0
fault_battery_alternator_fail_2,1088,1789813053.4219189,4650.1,126.2,738.14,4.35,104.2,0.07,20.13,14.06,20.81,75.0,1500.0,15.2,healthy,0.0
fault_battery_alternator_fail_2,1089,1789813054.4219189,4677.0,126.08,740.08,4.33,104.33,0.0658,20.08,14.0,21.01,75.0,1500.0,15.2,healthy,0.0
fault_battery_alternator_fail_2,1090,1789813055.4219189,4689.5,125.89,735.89,4.39,104.36,0.0733,20.05,14.03,21.39,75.0,1500.0,15.2,healthy,0.0
fault_battery_alternator_fail_2,1091,1789813056.4219189,4697.3,125.89,736.2,4.4,104.27,0.0733,20.11,14.04,21.42,75.0,1500.0,15.2,healthy,0.0
fault_battery_alternator_fail_2,1092,1789813057.4219189,4669.9,126.05,739.24,4.41,104.11,0.0724,20.12,14.09,21.28,75.0,1500.0,15.2,healthy,0.0
fault_battery_alternator_fail_2,1093,1789813058.4219189,4679.9,125.65,736.86,4.4,104.16,0.0643,20.12,14.16,21.24,75.0,1500.0,15.2,healthy,0.0
fault_battery_alternator_fail_2,1094,1789813059.4219189,4681.8,125.76,738.24,4.31,104.16,0.0625,20.17,14.18,21.42,75.0,1500.0,15.2,healthy,0.0
fault_battery_alternator_fail_2,1095,1789813060.4219189,4673.6,125.75,741.33,4.3,103.96,0.0694,20.15,14.16,21.6,75.0,1500.0,15.2,healthy,0.0
fault_battery_alternator_fail_2,1096,1789813061.4219189,4687.8,125.6,742.05,4.33,103.74,0.079,20.3,14.18,21.56,75.0,1500.0,15.2,healthy,0.0
fault_battery_alternator_fail_2,1097,1789813062.4219189,4698.6,125.89,737.2,4.35,103.93,0.0745,20.38,14.18,21.37,75.0,1500.0,15.2,healthy,0.0
fault_battery_alternator_fail_2,1098,1789813063.4219189,4708.5,125.71,735.21,4.35,103.76,0.075,20.37,14.26,21.46,75.0,1500.0,15.2,healthy,0.0
fault_battery_alternator_fail_2,1099,1789813064.4219189,4679.5,125.81,732.96,4.35,103.7,0.0757,20.15,14.3,21.4,75.0,1500.0,15.2,healthy,0.0
fault_battery_alternator_fail_2,1100,1789813065.4219189,4678.0,125.9,733.07,4.33,103.85,0.0665,20.17,14.32,21.11,75.0,1500.0,15.2,healthy,0.0
fault_battery_alternator_fail_2,1101,1789813066.4219189,4682.5,125.83,737.55,4.29,103.73,0.0658,20.15,14.32,20.97,75.0,1500.0,15.2,healthy,0.0
fault_battery_alternator_fail_2,1102,1789813067.4219189,4675.1,126.28,738.77,4.39,103.74,0.0749,20.25,14.27,20.99,75.0,1500.0,15.2,healthy,0.0
fault_battery_alternator_fail_2,1103,1789813068.4219189,4685.3,126.13,736.73,4.54,103.85,0.0697,20.33,14.12,21.1,75.0,1500.0,15.2,healthy,0.0
fault_battery_alternator_fail_2,1104,1789813069.4219189,4692.8,125.86,737.11,4.49,103.81,0.0637,20.19,14.11,21.27,75.0,1500.0,15.2,healthy,0.0
fault_battery_alternator_fail_2,1105,1789813070.4219189,4674.2,125.84,737.68,4.56,103.91,0.0617,20.28,14.13,21.19,75.0,1500.0,15.2,healthy,0.0
fault_battery_alternator_fail_2,1106,1789813071.4219189,4660.9,126.36,739.01,4.53,103.8,0.0654,20.31,14.01,21.17,75.0,1500.0,15.2,healthy,0.0
fault_battery_alternator_fail_2,1107,1789813072.4219189,4686.4,126.23,743.14,4.47,103.92,0.0605,20.3,13.98,21.71,75.0,1500.0,15.2,healthy,0.0
fault_battery_alternator_fail_2,1108,1789813073.4219189,4702.8,126.28,741.99,4.4,103.85,0.0622,20.23,14.12,21.62,75.0,1500.0,15.2,healthy,0.0
fault_battery_alternator_fail_2,1109,1789813074.4219189,4705.4,126.46,744.06,4.34,103.78,0.0657,20.27,14.13,21.38,75.0,1500.0,15.2,healthy,0.0
fault_battery_alternator_fail_2,1110,1789813075.4219189,4726.1,126.26,744.37,4.41,103.89,0.0636,20.22,14.18,21.37,75.0,1500.0,15.2,healthy,0.0
fault_battery_alternator_fail_2,1111,1789813076.4219189,4728.0,126.21,743.25,4.54,103.98,0.0722,20.46,14.21,21.58,75.0,1500.0,15.2,healthy,0.0
fault_battery_alternator_fail_2,1112,1789813077.4219189,4720.6,126.11,740.05,4.52,103.89,0.0718,20.43,14.2,21.43,75.0,1500.0,15.2,healthy,0.0
fault_battery_alternator_fail_2,1113,1789813078.4219189,4734.3,126.06,738.57,4.46,103.72,0.0703,20.55,14.3,21.37,75.0,1500.0,15.2,healthy,0.0
fault_battery_alternator_fail_2,1114,1789813079.4219189,4706.6,125.87,740.19,4.4,103.75,0.0737,20.57,14.3,21.01,75.0,1500.0,15.2,healthy,0.0
fault_battery_alternator_fail_2,1115,1789813080.4219189,4684.7,126.14,740.63,4.26,103.62,0.0767,20.61,14.3,21.36,75.0,1500.0,15.2,healthy,0.0
fault_battery_alternator_fail_2,1116,1789813081.4219189,4706.9,125.96,743.25,4.34,103.71,0.0838,20.44,14.24,21.49,75.0,1500.0,15.2,healthy,0.0
fault_battery_alternator_fail_2,1117,1789813082.4219189,4701.2,125.74,741.69,4.37,103.62,0.0834,20.37,14.25,21.44,75.0,1500.0,15.2,healthy,0.0
fault_battery_alternator_fail_2,1118,1789813083.4219189,4727.8,125.96,742.12,4.41,103.53,0.0807,20.23,14.29,21.18,75.0,1500.0,15.2,healthy,0.0
fault_battery_alternator_fail_2,1119,1789813084.4219189,4734.4,126.21,743.48,4.37,103.51,0.0772,20.41,14.32,21.08,75.0,1500.0,15.2,healthy,0.0
fault_battery_alternator_fail_2,1120,1789813085.4219189,4712.5,126.47,740.72,4.42,103.56,0.0813,20.25,14.28,21.12,75.0,1500.0,15.2,healthy,0.0
fault_battery_alternator_fail_2,1121,1789813086.4219189,4702.3,126.51,738.46,4.37,103.55,0.0844,20.26,14.21,20.96,75.0,1500.0,15.2,healthy,0.0
fault_battery_alternator_fail_2,1122,1789813087.4219189,4710.9,126.59,739.35,4.35,103.6,0.0865,20.16,14.27,21.34,75.0,1500.0,15.2,healthy,0.0
fault_battery_alternator_fail_2,1123,1789813088.4219189,4695.0,126.49,744.49,4.4,103.64,0.084,20.38,14.19,21.54,75.0,1500.0,15.2,healthy,0.0
fault_battery_alternator_fail_2,1124,1789813089.4219189,4677.8,126.16,740.31,4.37,103.6,0.0794,20.4,14.2,21.28,75.0,1500.0,15.2,healthy,0.0
fault_battery_alternator_fail_2,1125,1789813090.4219189,4678.5,126.44,738.76,4.44,103.56,0.0712,20.32,14.29,21.37,75.0,1500.0,15.2,healthy,0.0
fault_battery_alternator_fail_2,1126,1789813091.4219189,4686.8,126.79,741.31,4.46,103.47,0.0711,20.13,14.31,21.21,75.0,1500.0,15.2,healthy,0.0
fault_battery_alternator_fail_2,1127,1789813092.4219189,4690.8,126.64,737.46,4.41,103.55,0.0661,20.22,14.3,21.41,75.0,1500.0,15.2,healthy,0.0
fault_battery_alternator_fail_2,1128,1789813093.4219189,4684.6,126.74,734.92,4.38,103.57,0.0661,20.06,14.32,21.07,75.0,1500.0,15.2,healthy,0.0
fault_battery_alternator_fail_2,1129,1789813094.4219189,4663.7,126.63,728.37,4.44,103.69,0.0742,20.08,14.41,21.15,75.0,1500.0,15.2,healthy,0.0
fault_battery_alternator_fail_2,1130,1789813095.4219189,4667.1,126.6,729.28,4.4,103.7,0.0789,20.15,14.38,20.89,75.0,1500.0,15.2,healthy,0.0
fault_battery_alternator_fail_2,1131,1789813096.4219189,4691.4,126.35,730.26,4.43,103.73,0.0783,20.22,14.34,21.08,75.0,1500.0,15.2,healthy,0.0
fault_battery_alternator_fail_2,1132,1789813097.4219189,4703.7,126.37,736.17,4.37,103.8,0.0729,20.16,14.4,21.34,75.0,1500.0,15.2,healthy,0.0
fault_battery_alternator_fail_2,1133,1789813098.4219189,4719.7,126.4,737.09,4.32,103.77,0.0738,20.25,14.46,21.26,75.0,1500.0,15.2,healthy,0.0
fault_battery_alternator_fail_2,1134,1789813099.4219189,4715.0,126.34,736.97,4.34,103.8,0.0717,20.41,14.42,21.25,75.0,1500.0,15.2,healthy,0.0
fault_battery_alternator_fail_2,1135,1789813100.4219189,4728.1,126.58,739.01,4.38,103.93,0.0684,20.45,14.41,21.25,75.0,1500.0,15.2,healthy,0.0
fault_battery_alternator_fail_2,1136,1789813101.4219189,4730.8,126.46,741.32,4.37,103.8,0.0686,20.36,14.39,21.13,75.0,1500.0,15.2,healthy,0.0
fault_battery_alternator_fail_2,1137,1789813102.4219189,4720.0,126.62,741.06,4.35,103.74,0.0711,20.35,14.41,21.34,75.0,1500.0,15.2,healthy,0.0
fault_battery_alternator_fail_2,1138,1789813103.4219189,4719.7,126.6,739.48,4.38,103.83,0.0772,20.32,14.36,21.17,75.0,1500.0,15.2,healthy,0.0
fault_battery_alternator_fail_2,1139,1789813104.4219189,4697.7,127.02,736.6,4.39,103.8,0.0775,20.12,14.3,20.95,75.0,1500.0,15.2,healthy,0.0
fault_battery_alternator_fail_2,1140,1789813105.4219189,4716.0,126.98,733.42,4.37,103.93,0.0702,20.29,14.25,21.09,75.0,1500.0,15.2,healthy,0.0
fault_battery_alternator_fail_2,1141,1789813106.4219189,4711.1,126.95,731.23,4.41,103.82,0.0685,20.42,14.29,21.42,75.0,1500.0,15.2,healthy,0.0
fault_battery_alternator_fail_2,1142,1789813107.4219189,4698.4,127.01,731.27,4.34,103.64,0.0652,20.35,14.22,21.16,75.0,1500.0,15.2,healthy,0.0
fault_battery_alternator_fail_2,1143,1789813108.4219189,4699.3,127.22,735.33,4.23,103.62,0.071,20.42,14.24,21.19,75.0,1500.0,15.2,healthy,0.0
fault_battery_alternator_fail_2,1144,1789813109.4219189,4720.5,127.28,732.91,4.24,103.78,0.0806,20.36,14.13,21.11,75.0,1500.0,15.2,healthy,0.0
fault_battery_alternator_fail_2,1145,1789813110.4219189,4706.0,127.03,736.72,4.42,103.84,0.0866,20.29,14.13,21.05,75.0,1500.0,15.2,healthy,0.0
fault_battery_alternator_fail_2,1146,1789813111.4219189,4720.9,127.02,739.92,4.33,103.79,0.0723,20.32,14.09,20.83,75.0,1500.0,15.2,healthy,0.0
fault_battery_alternator_fail_2,1147,1789813112.4219189,4702.3,126.88,736.95,4.22,103.74,0.0733,20.15,14.11,21.12,75.0,1500.0,15.2,healthy,0.0
fault_battery_alternator_fail_2,1148,1789813113.4219189,4690.0,126.68,744.64,4.2,103.65,0.078,20.06,14.1,20.7,75.0,1500.0,15.2,healthy,0.0
fault_battery_alternator_fail_2,1149,1789813114.4219189,4718.7,126.94,750.55,4.31,103.64,0.0731,20.04,14.07,20.83,75.0,1500.0,15.2,healthy,0.0
fault_battery_alternator_fail_2,1150,1789813115.4219189,4708.6,126.7,749.29,4.34,103.7,0.0727,19.97,14.01,21.13,75.0,1500.0,15.2,healthy,0.0
fault_battery_alternator_fail_2,1151,1789813116.4219189,4702.4,126.54,743.93,4.35,103.72,0.0646,20.05,14.0,21.13,75.0,1500.0,15.2,healthy,0.0
fault_battery_alternator_fail_2,1152,1789813117.4219189,4721.4,126.47,745.63,4.38,103.53,0.0698,20.15,14.09,21.03,75.0,1500.0,15.2,healthy,0.0
fault_battery_alternator_fail_2,1153,1789813118.4219189,4709.2,126.55,743.84,4.35,103.73,0.0718,20.07,14.09,21.09,75.0,1500.0,15.2,healthy,0.0
fault_battery_alternator_fail_2,1154,1789813119.4219189,4713.1,126.54,748.18,4.36,103.76,0.0764,20.01,14.16,20.99,75.0,1500.0,15.2,healthy,0.0
fault_battery_alternator_fail_2,1155,1789813120.4219189,4716.7,126.18,749.64,4.41,103.75,0.0638,20.03,14.08,21.25,75.0,1500.0,15.2,healthy,0.0
fault_battery_alternator_fail_2,1156,1789813121.4219189,4705.1,126.06,747.55,4.41,103.7,0.0701,20.14,14.05,21.42,75.0,1500.0,15.2,healthy,0.0
fault_battery_alternator_fail_2,1157,1789813122.4219189,4720.2,126.2,747.27,4.34,103.71,0.0696,20.14,14.01,21.25,75.0,1500.0,15.2,healthy,0.0
fault_battery_alternator_fail_2,1158,1789813123.4219189,4687.4,126.31,747.3,4.3,103.65,0.067,20.15,14.09,20.84,75.0,1500.0,15.2,healthy,0.0
fault_battery_alternator_fail_2,1159,1789813124.4219189,4693.3,126.33,743.37,4.29,103.73,0.0701,20.33,14.1,21.01,75.0,1500.0,15.2,healthy,0.0
fault_battery_alternator_fail_2,1160,1789813125.4219189,4679.5,126.39,742.0,4.31,103.76,0.0717,20.26,14.09,21.29,75.0,1500.0,15.2,healthy,0.0
fault_battery_alternator_fail_2,1161,1789813126.4219189,4708.6,126.4,743.4,4.21,103.89,0.0611,20.3,14.12,21.5,75.0,1500.0,15.2,healthy,0.0
fault_battery_alternator_fail_2,1162,1789813127.4219189,4711.6,126.35,742.22,4.22,103.99,0.0654,20.37,14.07,21.5,75.0,1500.0,15.2,healthy,0.0
fault_battery_alternator_fail_2,1163,1789813128.4219189,4698.3,126.42,742.04,4.26,104.15,0.0685,20.36,14.16,21.44,75.0,1500.0,15.2,healthy,0.0
fault_battery_alternator_fail_2,1164,1789813129.4219189,4722.7,126.07,739.26,4.28,104.06,0.0712,20.31,14.18,21.12,75.0,1500.0,15.2,healthy,0.0
fault_battery_alternator_fail_2,1165,1789813130.4219189,4745.7,126.13,739.02,4.29,103.87,0.0673,20.27,14.26,21.07,75.0,1500.0,15.2,healthy,0.0
fault_battery_alternator_fail_2,1166,1789813131.4219189,4743.6,126.27,738.68,4.39,103.86,0.0647,20.23,14.3,21.11,75.0,1500.0,15.2,healthy,0.0
fault_battery_alternator_fail_2,1167,1789813132.4219189,4732.8,126.37,733.92,4.31,104.01,0.0717,20.27,14.31,20.91,75.0,1500.0,15.2,healthy,0.0
fault_battery_alternator_fail_2,1168,1789813133.4219189,4733.0,126.41,736.47,4.36,104.0,0.0798,20.28,14.21,21.36,75.0,1500.0,15.2,healthy,0.0
fault_battery_alternator_fail_2,1169,1789813134.4219189,4770.9,125.95,737.48,4.3,104.1,0.0831,20.34,14.24,21.17,75.0,1500.0,15.2,healthy,0.0
fault_battery_alternator_fail_2,1170,1789813135.4219189,4758.4,125.83,735.85,4.28,104.02,0.0742,20.36,14.3,20.91,75.0,1500.0,15.2,healthy,0.0
fault_battery_alternator_fail_2,1171,1789813136.4219189,4731.4,125.82,733.08,4.22,104.13,0.0845,20.1,14.31,21.13,75.0,1500.0,15.2,healthy,0.0
fault_battery_alternator_fail_2,1172,1789813137.4219189,4738.0,125.69,735.13,4.25,104.17,0.0786,20.25,14.3,20.95,75.0,1500.0,15.2,healthy,0.0
fault_battery_alternator_fail_2,1173,1789813138.4219189,4707.4,125.89,739.02,4.28,104.18,0.0615,20.12,14.23,20.78,75.0,1500.0,15.2,healthy,0.0
fault_battery_alternator_fail_2,1174,1789813139.4219189,4703.7,126.13,736.87,4.26,104.17,0.0716,20.13,14.26,21.02,75.0,1500.0,15.2,healthy,0.0
fault_battery_alternator_fail_2,1175,1789813140.4219189,4718.4,126.23,735.92,4.23,104.18,0.0803,20.23,14.18,21.18,75.0,1500.0,15.2,healthy,0.0
fault_battery_alternator_fail_2,1176,1789813141.4219189,4703.0,126.09,737.27,4.22,104.14,0.0688,20.2,14.11,20.99,75.0,1500.0,15.2,healthy,0.0
fault_battery_alternator_fail_2,1177,1789813142.4219189,4703.8,126.06,735.99,4.22,104.13,0.0623,20.29,14.09,21.32,75.0,1500.0,15.2,healthy,0.0
fault_battery_alternator_fail_2,1178,1789813143.4219189,4695.5,126.6,742.18,4.24,104.35,0.0621,20.26,14.05,21.23,75.0,1500.0,15.2,healthy,0.0
fault_battery_alternator_fail_2,1179,1789813144.4219189,4692.2,126.55,738.57,4.27,104.64,0.0721,20.33,14.0,21.58,75.0,1500.0,15.2,healthy,0.0
fault_battery_alternator_fail_2,1180,1789813145.4219189,4684.9,126.14,739.8,4.29,104.79,0.0701,20.28,13.98,21.43,75.0,1500.0,15.2,healthy,0.0
fault_battery_alternator_fail_2,1181,1789813146.4219189,4701.3,126.14,739.56,4.29,104.57,0.0624,20.3,14.02,20.92,75.0,1500.0,15.2,healthy,0.0
fault_battery_alternator_fail_2,1182,1789813147.4219189,4696.5,125.91,743.54,4.31,104.64,0.0681,20.04,14.05,20.79,75.0,1500.0,15.2,healthy,0.0
fault_battery_alternator_fail_2,1183,1789813148.4219189,4686.0,125.93,742.99,4.28,104.54,0.0703,20.01,14.13,20.93,75.0,1500.0,15.2,healthy,0.0
fault_battery_alternator_fail_2,1184,1789813149.4219189,4673.7,125.86,738.92,4.32,104.34,0.0708,19.93,14.14,20.88,75.0,1500.0,15.2,healthy,0.0
fault_battery_alternator_fail_2,1185,1789813150.4219189,4677.1,125.53,739.11,4.32,104.3,0.0734,19.89,14.09,20.99,75.0,1500.0,15.2,healthy,0.0
fault_battery_alternator_fail_2,1186,1789813151.4219189,4684.2,125.53,740.79,4.34,104.24,0.066,20.08,14.12,21.12,75.0,1500.0,15.2,healthy,0.0
fault_battery_alternator_fail_2,1187,1789813152.4219189,4679.1,125.5,745.98,4.31,104.26,0.0696,20.07,14.18,21.38,75.0,1500.0,15.2,healthy,0.0
fault_battery_alternator_fail_2,1188,1789813153.4219189,4684.4,125.61,740.54,4.29,104.37,0.0714,20.13,14.09,21.33,75.0,1500.0,15.2,healthy,0.0
fault_battery_alternator_fail_2,1189,1789813154.4219189,4700.8,125.6,741.24,4.22,104.29,0.0744,20.32,14.14,21.31,75.0,1500.0,15.2,healthy,0.0
fault_battery_alternator_fail_2,1190,1789813155.4219189,4700.0,125.85,740.97,4.31,104.23,0.068,20.23,14.09,21.14,75.0,1500.0,15.2,healthy,0.0
fault_battery_alternator_fail_2,1191,1789813156.4219189,4711.2,125.94,739.69,4.33,104.09,0.0689,20.28,14.08,20.99,75.0,1500.0,15.2,healthy,0.0
fault_battery_alternator_fail_2,1192,1789813157.4219189,4710.8,126.13,737.89,4.34,104.09,0.0741,20.15,14.05,20.87,75.0,1500.0,15.2,healthy,0.0
fault_battery_alternator_fail_2,1193,1789813158.4219189,4731.5,126.03,738.47,4.36,104.04,0.0698,20.21,14.08,20.64,75.0,1500.0,15.2,healthy,0.0
fault_battery_alternator_fail_2,1194,1789813159.4219189,4717.4,126.1,739.62,4.3,104.04,0.0764,20.17,14.19,20.89,75.0,1500.0,15.2,healthy,0.0
fault_battery_alternator_fail_2,1195,1789813160.4219189,4702.0,126.09,733.57,4.38,104.02,0.0712,20.3,14.12,21.24,75.0,1500.0,15.2,healthy,0.0
fault_battery_alternator_fail_2,1196,1789813161.4219189,4707.8,125.92,735.45,4.37,103.97,0.0688,20.34,14.15,21.19,75.0,1500.0,15.2,healthy,0.0
fault_battery_alternator_fail_2,1197,1789813162.4219189,4695.0,125.79,733.65,4.32,103.69,0.0708,20.32,14.19,21.21,75.0,1500.0,15.2,healthy,0.0
fault_battery_alternator_fail_2,1198,1789813163.4219189,4669.4,125.72,735.31,4.35,103.72,0.0758,20.31,14.12,21.58,75.0,1500.0,15.2,healthy,0.0
fault_battery_alternator_fail_2,1199,1789813164.4219189,4674.5,125.91,735.56,4.37,103.62,0.0761,20.3,14.06,21.47,75.0,1500.0,15.2,healthy,0.0
fault_battery_alternator_fail_2,1200,1789813165.4219189,4669.7,126.04,736.12,4.4,103.63,0.0735,20.35,14.13,20.96,75.0,1500.0,15.2,healthy,0.0
fault_battery_alternator_fail_2,1201,1789813166.4219189,4643.5,126.02,736.94,4.38,103.69,0.0719,20.43,14.17,21.2,75.0,1500.0,15.2,healthy,0.0
fault_battery_alternator_fail_2,1202,1789813167.4219189,4666.1,125.76,738.04,4.37,103.79,0.0685,20.44,14.2,20.93,75.0,1500.0,15.2,healthy,0.0
fault_battery_alternator_fail_2,1203,1789813168.4219189,4679.8,125.61,736.11,4.45,103.79,0.0687,20.51,14.2,21.09,75.0,1500.0,15.2,healthy,0.0
fault_battery_alternator_fail_2,1204,1789813169.4219189,4671.2,125.47,736.86,4.44,103.84,0.0661,20.44,14.31,20.98,75.0,1500.0,15.2,healthy,0.0
fault_battery_alternator_fail_2,1205,1789813170.4219189,4671.3,126.0,739.53,4.44,103.74,0.0657,20.23,14.31,20.88,75.0,1500.0,15.2,healthy,0.0
fault_battery_alternator_fail_2,1206,1789813171.4219189,4684.3,125.88,740.15,4.38,103.62,0.0663,20.27,14.26,20.83,75.0,1500.0,15.2,healthy,0.0
fault_battery_alternator_fail_2,1207,1789813172.4219189,4717.5,125.93,736.89,4.37,103.71,0.0675,20.19,14.25,20.47,75.0,1500.0,15.2,healthy,0.0
fault_battery_alternator_fail_2,1208,1789813173.4219189,4717.8,126.09,737.66,4.41,103.94,0.0663,20.02,14.22,21.15,75.0,1500.0,15.2,healthy,0.0
fault_battery_alternator_fail_2,1209,1789813174.4219189,4717.6,126.25,735.06,4.36,104.0,0.0646,19.99,14.15,20.95,75.0,1500.0,15.2,healthy,0.0
fault_battery_alternator_fail_2,1210,1789813175.4219189,4709.4,126.31,735.62,4.34,103.99,0.0645,19.94,14.2,21.3,75.0,1500.0,15.2,healthy,0.0
fault_battery_alternator_fail_2,1211,1789813176.4219189,4726.6,126.18,734.84,4.39,103.94,0.0627,19.92,14.16,21.29,75.0,1500.0,15.2,healthy,0.0
fault_battery_alternator_fail_2,1212,1789813177.4219189,4726.8,125.98,734.09,4.33,104.09,0.0668,20.11,14.16,21.02,75.0,1500.0,15.2,healthy,0.0
fault_battery_alternator_fail_2,1213,1789813178.4219189,4701.5,125.9,738.08,4.38,104.02,0.069,20.26,14.11,21.0,75.0,1500.0,15.2,healthy,0.0
fault_battery_alternator_fail_2,1214,1789813179.4219189,4715.2,126.14,738.33,4.3,104.08,0.0709,20.25,14.07,20.81,75.0,1500.0,15.2,healthy,0.0
fault_battery_alternator_fail_2,1215,1789813180.4219189,4727.5,125.99,735.55,4.32,104.24,0.0736,20.15,14.08,21.21,75.0,1500.0,15.2,healthy,0.0
fault_battery_alternator_fail_2,1216,1789813181.4219189,4730.1,125.64,736.35,4.28,104.4,0.0713,20.14,14.03,20.94,75.0,1500.0,15.2,healthy,0.0
fault_battery_alternator_fail_2,1217,1789813182.4219189,4709.7,125.68,747.1,4.27,104.39,0.0771,20.25,14.1,21.09,75.0,1500.0,15.2,healthy,0.0
fault_battery_alternator_fail_2,1218,1789813183.4219189,4699.5,125.45,748.95,4.31,104.5,0.0823,20.29,14.11,20.86,75.0,1500.0,15.2,healthy,0.0
fault_battery_alternator_fail_2,1219,1789813184.4219189,4714.3,125.51,747.04,4.4,104.46,0.0722,20.3,14.15,20.99,75.0,1500.0,15.2,healthy,0.0
fault_battery_alternator_fail_2,1220,1789813185.4219189,4693.5,125.32,747.25,4.36,104.28,0.072,20.36,14.05,21.2,75.0,1500.0,15.2,healthy,0.0
fault_battery_alternator_fail_2,1221,1789813186.4219189,4691.7,125.18,744.07,4.36,104.18,0.077,20.46,14.05,21.55,75.0,1500.0,15.2,healthy,0.0
fault_battery_alternator_fail_2,1222,1789813187.4219189,4676.1,125.49,743.58,4.41,104.11,0.0788,20.32,13.99,21.46,75.0,1500.0,15.2,healthy,0.0
fault_battery_alternator_fail_2,1223,1789813188.4219189,4680.1,125.55,746.86,4.39,104.21,0.0767,20.37,14.02,21.37,75.0,1500.0,15.2,healthy,0.0
fault_battery_alternator_fail_2,1224,1789813189.4219189,4680.4,125.42,746.65,4.33,104.21,0.0717,20.47,14.05,21.33,75.0,1500.0,15.2,healthy,0.0
fault_battery_alternator_fail_2,1225,1789813190.4219189,4682.9,125.85,745.01,4.35,104.21,0.0713,20.43,14.04,21.31,75.0,1500.0,15.2,healthy,0.0
fault_battery_alternator_fail_2,1226,1789813191.4219189,4698.2,125.95,739.64,4.36,104.19,0.071,20.63,14.08,21.39,75.0,1500.0,15.2,healthy,0.0
fault_battery_alternator_fail_2,1227,1789813192.4219189,4702.4,125.75,739.04,4.31,104.16,0.075,20.52,14.2,21.1,75.0,1500.0,15.2,healthy,0.0
fault_battery_alternator_fail_2,1228,1789813193.4219189,4729.8,125.57,736.22,4.35,104.05,0.0727,20.47,14.11,20.94,75.0,1500.0,15.2,healthy,0.0
fault_battery_alternator_fail_2,1229,1789813194.4219189,4711.8,125.5,739.51,4.44,104.08,0.0662,20.46,14.05,21.09,75.0,1500.0,15.2,healthy,0.0
fault_battery_alternator_fail_2,1230,1789813195.4219189,4697.8,125.49,742.41,4.51,104.04,0.0583,20.54,14.05,20.61,75.0,1500.0,15.2,healthy,0.0
fault_battery_alternator_fail_2,1231,1789813196.4219189,4710.2,125.94,747.28,4.51,104.2,0.0666,20.45,14.03,20.92,75.0,1500.0,15.2,healthy,0.0
fault_battery_alternator_fail_2,1232,1789813197.4219189,4681.4,125.98,747.79,4.5,104.27,0.073,20.39,14.02,21.1,75.0,1500.0,15.2,healthy,0.0
fault_battery_alternator_fail_2,1233,1789813198.4219189,4650.2,126.39,742.29,4.49,104.28,0.0779,20.44,13.98,21.17,75.0,1500.0,15.2,healthy,0.0
fault_battery_alternator_fail_2,1234,1789813199.4219189,4668.4,126.6,742.8,4.38,104.35,0.0792,20.43,14.02,21.46,75.0,1500.0,15.2,healthy,0.0
fault_battery_alternator_fail_2,1235,1789813200.4219189,4688.4,126.4,744.54,4.41,104.09,0.0719,20.46,14.06,21.43,75.0,1500.0,15.2,healthy,0.0
fault_battery_alternator_fail_2,1236,1789813201.4219189,4697.4,126.29,741.92,4.4,104.06,0.068,20.24,14.07,21.54,75.0,1500.0,15.2,healthy,0.0
fault_battery_alternator_fail_2,1237,1789813202.4219189,4677.2,126.5,742.28,4.33,104.17,0.0746,20.01,14.15,21.19,75.0,1500.0,15.2,healthy,0.0
fault_battery_alternator_fail_2,1238,1789813203.4219189,4680.5,126.33,739.43,4.39,104.18,0.0802,20.05,14.12,21.39,75.0,1500.0,15.2,healthy,0.0
fault_battery_alternator_fail_2,1239,1789813204.4219189,4673.8,125.94,739.18,4.34,104.18,0.0784,20.17,14.09,21.19,75.0,1500.0,15.2,healthy,0.0
fault_battery_alternator_fail_2,1240,1789813205.4219189,4679.4,125.77,738.15,4.29,104.13,0.0773,20.2,14.01,21.43,75.0,1500.0,15.2,healthy,0.0
fault_battery_alternator_fail_2,1241,1789813206.4219189,4690.0,125.85,737.66,4.32,103.97,0.079,20.34,14.07,21.55,75.0,1500.0,15.2,healthy,0.0
fault_battery_alternator_fail_2,1242,1789813207.4219189,4698.2,126.18,741.58,4.37,103.98,0.0777,20.28,14.02,21.46,75.0,1500.0,15.2,healthy,0.0
fault_battery_alternator_fail_2,1243,1789813208.4219189,4708.6,126.75,740.24,4.35,104.17,0.0722,20.38,14.06,20.96,75.0,1500.0,15.2,healthy,0.0
fault_battery_alternator_fail_2,1244,1789813209.4219189,4723.1,126.44,738.19,4.29,104.17,0.0745,20.46,14.09,21.31,75.0,1500.0,15.2,healthy,0.0
fault_battery_alternator_fail_2,1245,1789813210.4219189,4730.8,126.35,737.32,4.44,104.19,0.0673,20.39,14.15,21.6,75.0,1500.0,15.2,healthy,0.0
fault_battery_alternator_fail_2,1246,1789813211.4219189,4730.0,126.46,739.11,4.44,104.03,0.0704,20.55,14.15,21.67,75.0,1500.0,15.2,healthy,0.0
fault_battery_alternator_fail_2,1247,1789813212.4219189,4712.1,126.53,739.41,4.36,103.96,0.0696,20.55,14.12,21.4,75.0,1500.0,15.2,healthy,0.0
fault_battery_alternator_fail_2,1248,1789813213.4219189,4709.5,126.76,735.08,4.41,104.1,0.068,20.56,14.13,21.69,75.0,1500.0,15.2,healthy,0.0
fault_battery_alternator_fail_2,1249,1789813214.4219189,4724.7,126.89,736.78,4.36,103.9,0.0672,20.6,14.21,21.46,75.0,1500.0,15.2,healthy,0.0
fault_battery_alternator_fail_2,1250,1789813215.4219189,4712.9,126.77,737.51,4.26,104.0,0.0695,20.63,14.18,21.24,75.0,1500.0,15.2,healthy,0.0
fault_battery_alternator_fail_2,1251,1789813216.4219189,4709.0,126.98,740.14,4.31,103.95,0.0648,20.59,14.29,21.43,75.0,1500.0,15.2,healthy,0.0
fault_battery_alternator_fail_2,1252,1789813217.4219189,4689.5,127.02,737.96,4.28,103.92,0.0684,20.82,14.26,20.78,75.0,1500.0,15.2,healthy,0.0
fault_battery_alternator_fail_2,1253,1789813218.4219189,4686.1,126.91,743.44,4.26,103.8,0.0661,20.63,14.17,21.0,75.0,1500.0,15.2,healthy,0.0
fault_battery_alternator_fail_2,1254,1789813219.4219189,4669.8,126.7,738.9,4.29,103.73,0.0709,20.55,14.09,21.28,75.0,1500.0,15.2,healthy,0.0
fault_battery_alternator_fail_2,1255,1789813220.4219189,4680.0,126.43,744.19,4.27,103.8,0.0734,20.62,14.1,21.54,75.0,1500.0,15.2,healthy,0.0
fault_battery_alternator_fail_2,1256,1789813221.4219189,4690.3,126.41,740.11,4.21,103.74,0.0686,20.59,14.13,21.25,75.0,1500.0,15.2,healthy,0.0
fault_battery_alternator_fail_2,1257,1789813222.4219189,4664.9,126.8,742.84,4.24,103.87,0.0739,20.58,14.13,21.32,75.0,1500.0,15.2,healthy,0.0
fault_battery_alternator_fail_2,1258,1789813223.4219189,4697.1,126.86,745.41,4.23,103.94,0.0761,20.66,14.12,21.68,75.0,1500.0,15.2,healthy,0.0
fault_battery_alternator_fail_2,1259,1789813224.4219189,4678.6,127.17,740.14,4.18,104.06,0.0762,20.62,14.12,21.5,75.0,1500.0,15.2,healthy,0.0
fault_battery_alternator_fail_2,1260,1789813225.4219189,4690.3,127.03,736.95,4.2,104.08,0.0739,20.5,14.21,21.03,75.0,1500.0,15.2,healthy,0.0
fault_battery_alternator_fail_2,1261,1789813226.4219189,4688.6,126.9,739.52,4.3,103.88,0.082,20.72,14.27,21.31,75.0,1500.0,15.2,healthy,0.0
fault_battery_alternator_fail_2,1262,1789813227.4219189,4685.4,126.93,742.75,4.25,104.03,0.0771,20.75,14.32,21.54,75.0,1500.0,15.2,healthy,0.0
fault_battery_alternator_fail_2,1263,1789813228.4219189,4695.6,126.83,743.31,4.33,104.17,0.0769,20.54,14.33,21.29,75.0,1500.0,15.2,healthy,0.0
fault_battery_alternator_fail_2,1264,1789813229.4219189,4709.7,126.68,743.28,4.31,104.31,0.069,20.54,14.35,20.74,75.0,1500.0,15.2,healthy,0.0
fault_battery_alternator_fail_2,1265,1789813230.4219189,4706.9,126.61,740.09,4.35,104.31,0.074,20.45,14.26,21.15,75.0,1500.0,15.2,healthy,0.0
fault_battery_alternator_fail_2,1266,1789813231.4219189,4707.4,126.72,743.51,4.3,104.32,0.07,20.52,14.23,21.17,75.0,1500.0,15.2,healthy,0.0
fault_battery_alternator_fail_2,1267,1789813232.4219189,4716.2,126.7,740.45,4.37,104.38,0.0756,20.53,14.25,20.96,75.0,1500.0,15.2,healthy,0.0
fault_battery_alternator_fail_2,1268,1789813233.4219189,4717.7,126.85,742.15,4.33,104.47,0.07,20.53,14.24,21.05,75.0,1500.0,15.2,healthy,0.0
fault_battery_alternator_fail_2,1269,1789813234.4219189,4717.6,126.71,740.7,4.34,104.39,0.0608,20.58,14.18,20.76,75.0,1500.0,15.2,healthy,0.0
fault_battery_alternator_fail_2,1270,1789813235.4219189,4698.4,126.53,733.0,4.39,104.2,0.0656,20.62,14.12,21.13,75.0,1500.0,15.2,healthy,0.0
fault_battery_alternator_fail_2,1271,1789813236.4219189,4691.6,126.54,730.42,4.34,104.09,0.0704,20.63,14.16,21.59,75.0,1500.0,15.2,healthy,0.0
fault_battery_alternator_fail_2,1272,1789813237.4219189,4699.8,126.63,735.24,4.34,103.83,0.0692,20.6,14.16,21.26,75.0,1500.0,15.2,healthy,0.0
fault_battery_alternator_fail_2,1273,1789813238.4219189,4735.8,126.55,739.67,4.27,103.82,0.0707,20.44,14.17,21.18,75.0,1500.0,15.2,healthy,0.0
fault_battery_alternator_fail_2,1274,1789813239.4219189,4727.3,126.55,737.22,4.3,103.63,0.0639,20.43,14.18,21.21,75.0,1500.0,15.2,healthy,0.0
fault_battery_alternator_fail_2,1275,1789813240.4219189,4699.8,126.66,736.22,4.28,103.63,0.0759,20.28,14.14,20.94,75.0,1500.0,15.2,healthy,0.0
fault_battery_alternator_fail_2,1276,1789813241.4219189,4695.1,126.63,739.82,4.28,103.6,0.0686,20.28,14.22,20.96,75.0,1500.0,15.2,healthy,0.0
fault_battery_alternator_fail_2,1277,1789813242.4219189,4715.0,126.76,741.67,4.32,103.63,0.0724,19.96,14.23,21.13,75.0,1500.0,15.2,healthy,0.0
fault_battery_alternator_fail_2,1278,1789813243.4219189,4698.6,126.72,742.18,4.33,103.66,0.0734,20.11,14.22,21.06,75.0,1500.0,15.2,healthy,0.0
fault_battery_alternator_fail_2,1279,1789813244.4219189,4682.1,126.64,741.83,4.45,103.84,0.0666,20.13,14.22,21.03,75.0,1500.0,15.2,healthy,0.0
fault_battery_alternator_fail_2,1280,1789813245.4219189,4662.8,126.72,742.68,4.47,103.91,0.068,20.25,14.21,20.7,75.0,1500.0,15.2,healthy,0.0
fault_battery_alternator_fail_2,1281,1789813246.4219189,4692.7,126.63,742.43,4.36,103.93,0.0696,20.26,14.23,21.07,75.0,1500.0,15.2,healthy,0.0
fault_battery_alternator_fail_2,1282,1789813247.4219189,4695.0,126.52,740.7,4.35,103.85,0.0792,20.29,14.22,20.96,75.0,1500.0,15.2,healthy,0.0
fault_battery_alternator_fail_2,1283,1789813248.4219189,4694.8,126.66,741.54,4.38,103.81,0.0743,20.19,14.26,21.4,75.0,1500.0,15.2,healthy,0.0
fault_battery_alternator_fail_2,1284,1789813249.4219189,4692.7,126.42,741.22,4.38,103.76,0.0764,20.36,14.21,21.41,75.0,1500.0,15.2,healthy,0.0
fault_battery_alternator_fail_2,1285,1789813250.4219189,4667.6,126.4,739.34,4.28,103.76,0.0631,20.03,14.15,21.48,75.0,1500.0,15.2,healthy,0.0
fault_battery_alternator_fail_2,1286,1789813251.4219189,4692.5,126.58,736.42,4.27,103.67,0.0711,20.05,14.07,21.36,75.0,1500.0,15.2,healthy,0.0
fault_battery_alternator_fail_2,1287,1789813252.4219189,4683.8,126.52,740.97,4.25,103.85,0.0825,19.98,14.07,21.03,75.0,1500.0,15.2,healthy,0.0
fault_battery_alternator_fail_2,1288,1789813253.4219189,4702.7,126.53,734.8,4.29,103.76,0.0751,20.07,14.13,20.48,75.0,1500.0,15.2,healthy,0.0
fault_battery_alternator_fail_2,1289,1789813254.4219189,4677.9,126.79,741.89,4.32,103.94,0.0727,20.17,14.08,20.96,75.0,1500.0,15.2,healthy,0.0
fault_battery_alternator_fail_2,1290,1789813255.4219189,4670.5,126.61,747.72,4.31,103.84,0.0769,20.16,14.07,21.33,75.0,1500.0,15.2,healthy,0.0
fault_battery_alternator_fail_2,1291,1789813256.4219189,4695.5,126.66,746.18,4.33,103.74,0.0827,20.17,14.16,21.67,75.0,1500.0,15.2,healthy,0.0
fault_battery_alternator_fail_2,1292,1789813257.4219189,4699.4,126.94,741.63,4.32,103.84,0.0787,20.14,14.33,21.51,75.0,1500.0,15.2,healthy,0.0
fault_battery_alternator_fail_2,1293,1789813258.4219189,4691.3,127.13,732.22,4.34,103.68,0.0753,20.12,14.37,21.62,75.0,1500.0,15.2,healthy,0.0
fault_battery_alternator_fail_2,1294,1789813259.4219189,4664.6,127.33,741.13,4.34,103.71,0.0715,20.14,14.37,21.46,75.0,1500.0,15.2,healthy,0.0
fault_battery_alternator_fail_2,1295,1789813260.4219189,4659.7,127.3,742.87,4.44,103.84,0.0776,20.07,14.33,21.35,75.0,1500.0,15.2,healthy,0.0
fault_battery_alternator_fail_2,1296,1789813261.4219189,4659.9,127.47,743.0,4.46,103.96,0.0769,20.14,14.34,21.31,75.0,1500.0,15.2,healthy,0.0
fault_battery_alternator_fail_2,1297,1789813262.4219189,4656.0,127.12,741.93,4.46,103.89,0.0691,20.03,14.29,21.18,75.0,1500.0,15.2,healthy,0.0
fault_battery_alternator_fail_2,1298,1789813263.4219189,4654.0,127.08,746.22,4.34,103.79,0.0657,20.01,14.27,21.03,75.0,1500.0,15.2,healthy,0.0
fault_battery_alternator_fail_2,1299,1789813264.4219189,4666.0,127.49,744.91,4.33,103.89,0.0664,19.89,14.25,21.0,75.0,1500.0,15.2,healthy,0.0
fault_battery_alternator_fail_2,1300,1789813265.4219189,4661.2,127.28,745.84,4.41,103.8,0.0619,19.9,14.29,20.91,75.0,1500.0,15.2,healthy,0.0
fault_battery_alternator_fail_2,1301,1789813266.4219189,4652.8,127.14,744.28,4.31,104.04,0.0695,19.9,14.3,21.06,75.0,1500.0,15.2,healthy,0.0
fault_battery_alternator_fail_2,1302,1789813267.4219189,4655.6,127.12,744.19,4.4,104.2,0.0691,19.86,14.33,21.07,75.0,1500.0,15.2,healthy,0.0
fault_battery_alternator_fail_2,1303,1789813268.4219189,4680.6,126.92,737.62,4.41,104.07,0.0693,19.99,14.33,20.8,75.0,1500.0,15.2,healthy,0.0
fault_battery_alternator_fail_2,1304,1789813269.4219189,4671.4,126.86,740.07,4.48,104.18,0.0699,20.01,14.4,21.02,75.0,1500.0,15.2,healthy,0.0
fault_battery_alternator_fail_2,1305,1789813270.4219189,4686.4,126.51,739.96,4.41,104.2,0.0767,19.89,14.32,21.05,75.0,1500.0,15.2,healthy,0.0
fault_battery_alternator_fail_2,1306,1789813271.4219189,4665.7,126.64,741.07,4.31,104.24,0.0731,19.97,14.3,20.85,75.0,1500.0,15.2,healthy,0.0
fault_battery_alternator_fail_2,1307,1789813272.4219189,4676.7,126.49,738.69,4.28,104.31,0.0794,19.99,14.19,21.05,75.0,1500.0,15.2,healthy,0.0
fault_battery_alternator_fail_2,1308,1789813273.4219189,4691.4,126.71,736.66,4.24,104.27,0.0732,20.08,14.16,21.29,75.0,1500.0,15.2,healthy,0.0
fault_battery_alternator_fail_2,1309,1789813274.4219189,4665.1,126.62,739.26,4.23,104.27,0.0752,20.13,14.14,21.33,75.0,1500.0,15.2,healthy,0.0
fault_battery_alternator_fail_2,1310,1789813275.4219189,4656.3,126.86,738.55,4.31,104.4,0.0759,20.32,14.19,21.59,75.0,1500.0,15.2,healthy,0.0
fault_battery_alternator_fail_2,1311,1789813276.4219189,4682.1,126.98,740.01,4.3,104.27,0.0753,20.18,14.18,21.53,75.0,1500.0,15.2,healthy,0.0
fault_battery_alternator_fail_2,1312,1789813277.4219189,4683.9,127.0,742.12,4.38,104.24,0.0716,20.16,14.1,21.22,75.0,1500.0,15.2,healthy,0.0
fault_battery_alternator_fail_2,1313,1789813278.4219189,4703.4,126.9,739.82,4.34,104.03,0.0786,20.19,14.05,21.21,75.0,1500.0,15.2,healthy,0.0
fault_battery_alternator_fail_2,1314,1789813279.4219189,4694.3,127.09,736.83,4.31,103.85,0.077,20.12,14.06,21.51,75.0,1500.0,15.2,healthy,0.0
fault_battery_alternator_fail_2,1315,1789813280.4219189,4689.7,127.28,739.64,4.36,103.93,0.0637,20.29,14.05,21.83,75.0,1500.0,15.2,healthy,0.0
fault_battery_alternator_fail_2,1316,1789813281.4219189,4680.2,127.09,739.6,4.38,103.98,0.0664,20.16,14.01,21.3,75.0,1500.0,15.2,healthy,0.0
fault_battery_alternator_fail_2,1317,1789813282.4219189,4688.1,126.79,739.0,4.36,103.91,0.0623,19.97,14.07,21.46,75.0,1500.0,15.2,healthy,0.0
fault_battery_alternator_fail_2,1318,1789813283.4219189,4684.6,126.68,734.19,4.35,103.85,0.0719,20.0,14.17,20.87,75.0,1500.0,15.2,healthy,0.0
fault_battery_alternator_fail_2,1319,1789813284.4219189,4684.7,126.51,730.47,4.36,103.93,0.0731,20.08,14.22,20.98,75.0,1500.0,15.2,healthy,0.0
fault_battery_alternator_fail_2,1320,1789813285.4219189,4663.0,126.69,737.42,4.44,104.06,0.0791,20.06,14.22,20.95,75.0,1500.0,15.2,healthy,0.0
fault_battery_alternator_fail_2,1321,1789813286.4219189,4654.7,126.31,736.24,4.36,104.09,0.0758,20.04,14.23,20.95,75.0,1500.0,15.2,healthy,0.0
fault_battery_alternator_fail_2,1322,1789813287.4219189,4650.2,126.09,734.74,4.28,104.09,0.0839,20.19,14.16,21.19,75.0,1500.0,15.2,healthy,0.0
fault_battery_alternator_fail_2,1323,1789813288.4219189,4644.2,126.26,738.54,4.24,104.2,0.0806,20.11,14.14,21.09,75.0,1500.0,15.2,healthy,0.0
fault_battery_alternator_fail_2,1324,1789813289.4219189,4653.0,126.12,743.58,4.29,104.24,0.0722,20.38,14.12,21.04,75.0,1500.0,15.2,healthy,0.0
fault_battery_alternator_fail_2,1325,1789813290.4219189,4669.0,125.74,745.9,4.37,104.23,0.0635,20.36,14.16,21.12,75.0,1500.0,15.2,healthy,0.0
fault_battery_alternator_fail_2,1326,1789813291.4219189,4669.6,125.64,744.8,4.4,104.16,0.0629,20.45,14.22,21.03,75.0,1500.0,15.2,healthy,0.0
fault_battery_alternator_fail_2,1327,1789813292.4219189,4687.7,125.61,739.87,4.42,103.9,0.075,20.43,14.21,21.1,75.0,1500.0,15.2,healthy,0.0
fault_battery_alternator_fail_2,1328,1789813293.4219189,4711.1,125.76,739.71,4.41,104.04,0.0702,20.49,14.14,21.12,75.0,1500.0,15.2,healthy,0.0
fault_battery_alternator_fail_2,1329,1789813294.4219189,4710.9,125.91,736.77,4.4,103.93,0.0681,20.29,14.12,21.47,75.0,1500.0,15.2,healthy,0.0
fault_battery_alternator_fail_2,1330,1789813295.4219189,4731.5,125.82,737.56,4.42,103.93,0.0702,20.35,14.13,21.28,75.0,1500.0,15.2,healthy,0.0
fault_battery_alternator_fail_2,1331,1789813296.4219189,4751.8,126.07,738.67,4.51,103.94,0.0645,20.33,14.08,21.36,75.0,1500.0,15.2,healthy,0.0
fault_battery_alternator_fail_2,1332,1789813297.4219189,4738.5,125.76,739.31,4.4,103.96,0.0625,20.41,14.08,21.04,75.0,1500.0,15.2,healthy,0.0
fault_battery_alternator_fail_2,1333,1789813298.4219189,4719.9,125.73,739.01,4.34,103.97,0.0675,20.42,14.11,20.88,75.0,1500.0,15.2,healthy,0.0
fault_battery_alternator_fail_2,1334,1789813299.4219189,4738.7,126.28,743.5,4.29,104.1,0.068,20.45,14.03,20.74,75.0,1500.0,15.2,healthy,0.0
fault_battery_alternator_fail_2,1335,1789813300.4219189,4752.3,126.2,732.69,4.24,104.14,0.0658,20.48,13.99,21.17,75.0,1500.0,15.2,healthy,0.0
fault_battery_alternator_fail_2,1336,1789813301.4219189,4741.8,125.94,731.37,4.26,104.01,0.065,20.48,13.96,20.87,75.0,1500.0,15.2,healthy,0.0
fault_battery_alternator_fail_2,1337,1789813302.4219189,4729.1,126.04,729.78,4.23,104.11,0.0693,20.35,13.94,20.94,75.0,1500.0,15.2,healthy,0.0
fault_battery_alternator_fail_2,1338,1789813303.4219189,4715.8,126.18,730.3,4.29,104.06,0.0655,20.42,14.02,21.39,75.0,1500.0,15.2,healthy,0.0
fault_battery_alternator_fail_2,1339,1789813304.4219189,4712.7,126.17,730.57,4.34,104.13,0.0614,20.36,13.96,21.47,75.0,1500.0,15.2,healthy,0.0
fault_battery_alternator_fail_2,1340,1789813305.4219189,4729.4,125.79,733.16,4.4,104.16,0.055,20.21,14.03,21.35,75.0,1500.0,15.2,healthy,0.0
fault_battery_alternator_fail_2,1341,1789813306.4219189,4752.6,125.9,733.3,4.43,104.15,0.0623,20.09,14.11,21.12,75.0,1500.0,15.2,healthy,0.0
fault_battery_alternator_fail_2,1342,1789813307.4219189,4765.6,125.94,733.47,4.45,104.09,0.0721,19.98,14.05,21.39,75.0,1500.0,15.2,healthy,0.0
fault_battery_alternator_fail_2,1343,1789813308.4219189,4761.3,126.13,733.64,4.39,104.17,0.0672,20.17,14.13,21.43,75.0,1500.0,15.2,healthy,0.0
fault_battery_alternator_fail_2,1344,1789813309.4219189,4733.1,126.18,734.3,4.28,104.16,0.0725,20.23,14.16,21.21,75.0,1500.0,15.2,healthy,0.0
fault_battery_alternator_fail_2,1345,1789813310.4219189,4722.3,126.32,733.07,4.38,104.26,0.0759,20.3,14.14,21.11,75.0,1500.0,15.2,healthy,0.0
fault_battery_alternator_fail_2,1346,1789813311.4219189,4746.7,126.32,733.62,4.32,104.23,0.0735,20.22,14.12,20.79,75.0,1500.0,15.2,healthy,0.0
fault_battery_alternator_fail_2,1347,1789813312.4219189,4741.9,126.49,739.14,4.25,104.26,0.0772,20.31,14.18,20.9,75.0,1500.0,15.2,healthy,0.0
fault_battery_alternator_fail_2,1348,1789813313.4219189,4770.5,126.59,738.65,4.17,104.29,0.0832,20.56,14.2,21.39,75.0,1500.0,15.2,healthy,0.0
fault_battery_alternator_fail_2,1349,1789813314.4219189,4768.3,126.45,736.36,4.15,104.19,0.0783,20.37,14.22,21.18,75.0,1500.0,15.2,healthy,0.0
fault_battery_alternator_fail_2,1350,1789813315.4219189,4761.6,126.19,736.86,4.18,104.13,0.0791,20.45,14.13,21.7,75.0,1500.0,15.2,healthy,0.0
fault_battery_alternator_fail_2,1351,1789813316.4219189,4736.4,126.3,736.18,4.19,104.28,0.0753,20.3,14.11,21.43,75.0,1500.0,15.2,healthy,0.0
fault_battery_alternator_fail_2,1352,1789813317.4219189,4719.0,126.59,740.99,4.3,104.28,0.0738,20.01,14.09,21.12,75.0,1500.0,15.2,healthy,0.0
fault_battery_alternator_fail_2,1353,1789813318.4219189,4714.4,126.36,742.48,4.38,104.39,0.0747,19.96,14.14,21.31,75.0,1500.0,15.2,healthy,0.0
fault_battery_alternator_fail_2,1354,1789813319.4219189,4700.9,126.57,740.6,4.41,104.31,0.0697,20.04,14.09,21.32,75.0,1500.0,15.2,healthy,0.0
fault_battery_alternator_fail_2,1355,1789813320.4219189,4704.3,126.89,739.06,4.32,104.26,0.0664,19.97,14.12,21.73,75.0,1500.0,15.2,healthy,0.0
fault_battery_alternator_fail_2,1356,1789813321.4219189,4714.5,126.94,738.4,4.3,104.33,0.0562,20.21,14.2,21.28,75.0,1500.0,15.2,healthy,0.0
fault_battery_alternator_fail_2,1357,1789813322.4219189,4685.4,126.88,742.86,4.31,104.27,0.0668,20.2,14.19,21.05,75.0,1500.0,15.2,healthy,0.0
fault_battery_alternator_fail_2,1358,1789813323.4219189,4691.0,127.21,738.31,4.34,104.11,0.0665,20.12,14.12,20.95,75.0,1500.0,15.2,healthy,0.0
fault_battery_alternator_fail_2,1359,1789813324.4219189,4704.3,127.51,740.04,4.39,103.99,0.066,20.08,14.15,21.37,75.0,1500.0,15.2,healthy,0.0
fault_battery_alternator_fail_2,1360,1789813325.4219189,4700.3,127.35,738.32,4.36,104.15,0.0712,20.03,14.15,21.54,75.0,1500.0,15.2,healthy,0.0
fault_battery_alternator_fail_2,1361,1789813326.4219189,4684.9,127.28,739.26,4.35,104.15,0.0638,19.96,14.15,21.26,75.0,1500.0,15.2,healthy,0.0
fault_battery_alternator_fail_2,1362,1789813327.4219189,4690.3,127.38,744.71,4.37,104.0,0.0672,19.93,14.21,21.06,75.0,1500.0,15.2,healthy,0.0
fault_battery_alternator_fail_2,1363,1789813328.4219189,4704.1,127.57,747.0,4.46,104.1,0.0696,20.03,14.26,20.83,75.0,1500.0,15.2,healthy,0.0
fault_battery_alternator_fail_2,1364,1789813329.4219189,4707.4,127.32,744.45,4.37,104.14,0.0763,19.84,14.17,21.03,75.0,1500.0,15.2,healthy,0.0
fault_battery_alternator_fail_2,1365,1789813330.4219189,4724.8,127.45,747.8,4.33,104.2,0.0775,19.84,14.1,21.22,75.0,1500.0,15.2,healthy,0.0
fault_battery_alternator_fail_2,1366,1789813331.4219189,4725.0,127.45,747.44,4.29,104.2,0.0775,19.71,14.05,21.28,75.0,1500.0,15.2,healthy,0.0
fault_battery_alternator_fail_2,1367,1789813332.4219189,4689.4,127.21,744.43,4.25,104.04,0.0775,19.67,14.13,21.35,75.0,1500.0,15.2,healthy,0.0
fault_battery_alternator_fail_2,1368,1789813333.4219189,4690.5,127.0,744.65,4.32,103.93,0.0785,19.64,14.14,20.82,75.0,1500.0,15.2,healthy,0.0
fault_battery_alternator_fail_2,1369,1789813334.4219189,4697.7,126.78,741.79,4.33,103.95,0.072,19.88,14.07,21.29,75.0,1500.0,15.2,healthy,0.0
fault_battery_alternator_fail_2,1370,1789813335.4219189,4689.2,126.98,741.14,4.42,104.01,0.0761,19.78,14.05,21.1,75.0,1500.0,15.2,healthy,0.0
fault_battery_alternator_fail_2,1371,1789813336.4219189,4681.1,127.18,739.81,4.37,103.79,0.0768,19.69,14.06,21.12,75.0,1500.0,15.2,healthy,0.0
fault_battery_alternator_fail_2,1372,1789813337.4219189,4666.3,127.44,738.59,4.39,103.75,0.0795,19.78,14.1,21.44,75.0,1500.0,15.2,healthy,0.0
fault_battery_alternator_fail_2,1373,1789813338.4219189,4687.8,127.33,741.18,4.41,103.75,0.0711,19.89,14.2,21.32,75.0,1500.0,15.2,healthy,0.0
fault_battery_alternator_fail_2,1374,1789813339.4219189,4721.1,127.23,746.02,4.43,103.63,0.0805,19.89,14.11,21.22,75.0,1500.0,15.2,healthy,0.0
fault_battery_alternator_fail_2,1375,1789813340.4219189,4711.1,127.29,740.53,4.46,103.49,0.0786,19.84,14.12,21.36,75.0,1500.0,15.2,healthy,0.0
fault_battery_alternator_fail_2,1376,1789813341.4219189,4702.6,127.23,738.75,4.45,103.24,0.0829,19.86,14.15,21.56,75.0,1500.0,15.2,healthy,0.0
fault_battery_alternator_fail_2,1377,1789813342.4219189,4715.6,126.92,733.43,4.44,103.16,0.0796,19.8,14.08,21.61,75.0,1500.0,15.2,healthy,0.0
fault_battery_alternator_fail_2,1378,1789813343.4219189,4699.1,126.83,732.16,4.47,103.16,0.083,19.9,14.17,20.98,75.0,1500.0,15.2,healthy,0.0
fault_battery_alternator_fail_2,1379,1789813344.4219189,4665.4,126.85,734.47,4.4,103.33,0.0778,19.86,14.12,20.76,75.0,1500.0,15.2,healthy,0.0
fault_battery_alternator_fail_2,1380,1789813345.4219189,4682.9,126.77,739.48,4.41,103.4,0.074,20.07,14.17,21.03,75.0,1500.0,15.2,healthy,0.0
fault_battery_alternator_fail_2,1381,1789813346.4219189,4687.0,126.72,738.06,4.38,103.41,0.0769,20.0,14.11,21.15,75.0,1500.0,15.2,healthy,0.0
fault_battery_alternator_fail_2,1382,1789813347.4219189,4696.0,126.6,742.19,4.34,103.31,0.0758,19.9,14.07,21.18,75.0,1500.0,15.2,healthy,0.0
fault_battery_alternator_fail_2,1383,1789813348.4219189,4694.9,126.52,743.79,4.37,103.22,0.082,19.91,14.0,21.0,75.0,1500.0,15.2,healthy,0.0
fault_battery_alternator_fail_2,1384,1789813349.4219189,4714.8,126.53,740.16,4.33,103.34,0.0779,20.01,14.0,21.15,75.0,1500.0,15.2,healthy,0.0
fault_battery_alternator_fail_2,1385,1789813350.4219189,4741.9,126.47,738.81,4.34,103.37,0.0732,20.13,14.04,21.5,75.0,1500.0,15.2,healthy,0.0
fault_battery_alternator_fail_2,1386,1789813351.4219189,4740.8,126.58,740.47,4.34,103.43,0.0719,20.02,14.04,21.42,75.0,1500.0,15.2,healthy,0.0
fault_battery_alternator_fail_2,1387,1789813352.4219189,4750.2,126.72,737.17,4.42,103.62,0.064,19.96,14.07,21.26,75.0,1500.0,15.2,healthy,0.0
fault_battery_alternator_fail_2,1388,1789813353.4219189,4713.9,126.88,735.12,4.34,103.81,0.0576,20.0,14.04,21.29,75.0,1500.0,15.2,healthy,0.0
fault_battery_alternator_fail_2,1389,1789813354.4219189,4697.3,126.58,741.67,4.24,103.86,0.0591,20.04,14.11,21.21,75.0,1500.0,15.2,healthy,0.0
fault_battery_alternator_fail_2,1390,1789813355.4219189,4704.2,126.71,742.76,4.23,103.73,0.0606,20.26,14.07,21.0,75.0,1500.0,15.2,healthy,0.0
fault_battery_alternator_fail_2,1391,1789813356.4219189,4726.0,126.95,745.64,4.29,103.71,0.0685,20.09,14.15,21.3,75.0,1500.0,15.2,healthy,0.0
fault_battery_alternator_fail_2,1392,1789813357.4219189,4727.1,126.71,746.6,4.28,103.7,0.0764,20.2,14.2,21.34,75.0,1500.0,15.2,healthy,0.0
fault_battery_alternator_fail_2,1393,1789813358.4219189,4730.3,126.83,749.75,4.35,103.68,0.0779,20.33,14.23,21.34,75.0,1500.0,15.2,healthy,0.0
fault_battery_alternator_fail_2,1394,1789813359.4219189,4705.1,126.83,746.55,4.31,103.78,0.085,20.37,14.29,21.03,75.0,1500.0,15.2,healthy,0.0
fault_battery_alternator_fail_2,1395,1789813360.4219189,4692.0,126.55,740.24,4.24,103.67,0.0816,20.11,14.32,21.11,75.0,1500.0,15.2,healthy,0.0
fault_battery_alternator_fail_2,1396,1789813361.4219189,4687.0,126.54,739.07,4.33,103.83,0.0778,20.29,14.31,20.95,75.0,1500.0,15.2,healthy,0.0
fault_battery_alternator_fail_2,1397,1789813362.4219189,4684.3,126.71,737.35,4.2,103.88,0.0829,20.35,14.31,21.37,75.0,1500.0,15.2,healthy,0.0
fault_battery_alternator_fail_2,1398,1789813363.4219189,4678.8,126.7,734.56,4.29,103.87,0.0787,20.3,14.31,21.14,75.0,1500.0,15.2,healthy,0.0
fault_battery_alternator_fail_2,1399,1789813364.4219189,4659.7,126.73,741.29,4.34,103.83,0.0755,20.28,14.43,20.86,75.0,1500.0,15.2,healthy,0.0
fault_battery_alternator_fail_2,1400,1789813365.4219189,4643.3,127.02,743.92,4.33,103.85,0.0726,20.3,14.48,20.98,75.0,1500.0,15.2,healthy,0.0
fault_battery_alternator_fail_2,1401,1789813366.4219189,4651.0,126.81,743.93,4.34,103.8,0.0758,20.24,14.41,21.13,75.0,1500.0,15.2,healthy,0.0
fault_battery_alternator_fail_2,1402,1789813367.4219189,4647.5,127.07,745.46,4.25,103.71,0.0758,20.21,14.32,21.07,75.0,1500.0,15.2,healthy,0.0
fault_battery_alternator_fail_2,1403,1789813368.4219189,4680.3,126.97,743.12,4.31,103.59,0.0751,20.04,14.27,21.36,75.0,1500.0,15.2,healthy,0.0
fault_battery_alternator_fail_2,1404,1789813369.4219189,4702.0,126.87,741.04,4.3,103.75,0.0738,20.01,14.25,21.16,75.0,1500.0,15.2,healthy,0.0
fault_battery_alternator_fail_2,1405,1789813370.4219189,4724.0,126.73,738.77,4.24,103.75,0.076,20.09,14.25,21.18,75.0,1500.0,15.2,healthy,0.0
fault_battery_alternator_fail_2,1406,1789813371.4219189,4708.5,126.66,740.16,4.37,103.73,0.0728,20.1,14.3,21.28,75.0,1500.0,15.2,healthy,0.0
fault_battery_alternator_fail_2,1407,1789813372.4219189,4703.4,126.62,736.55,4.32,103.89,0.0693,20.02,14.26,21.4,75.0,1500.0,15.2,healthy,0.0
fault_battery_alternator_fail_2,1408,1789813373.4219189,4682.7,126.61,736.71,4.27,104.03,0.0662,20.18,14.21,21.09,75.0,1500.0,15.2,healthy,0.0
fault_battery_alternator_fail_2,1409,1789813374.4219189,4694.9,126.91,738.09,4.34,104.11,0.071,20.27,14.17,21.56,75.0,1500.0,15.2,healthy,0.0
fault_battery_alternator_fail_2,1410,1789813375.4219189,4694.6,126.93,735.43,4.42,104.18,0.067,20.4,14.16,21.53,75.0,1500.0,15.2,healthy,0.0
fault_battery_alternator_fail_2,1411,1789813376.4219189,4683.9,126.52,740.65,4.45,104.14,0.0729,20.3,14.16,21.39,75.0,1500.0,15.2,healthy,0.0
fault_battery_alternator_fail_2,1412,1789813377.4219189,4710.3,126.5,741.3,4.39,104.1,0.0695,20.45,14.12,21.25,75.0,1500.0,15.2,healthy,0.0
fault_battery_alternator_fail_2,1413,1789813378.4219189,4728.9,126.17,741.68,4.32,104.19,0.0815,20.43,14.13,21.27,75.0,1500.0,15.2,healthy,0.0
fault_battery_alternator_fail_2,1414,1789813379.4219189,4701.5,126.23,738.65,4.31,104.18,0.0736,20.5,14.14,21.39,75.0,1500.0,15.2,healthy,0.0
fault_battery_alternator_fail_2,1415,1789813380.4219189,4697.1,126.27,744.37,4.35,104.1,0.0729,20.53,14.15,21.03,75.0,1500.0,15.2,healthy,0.0
fault_battery_alternator_fail_2,1416,1789813381.4219189,4694.1,126.27,746.45,4.35,104.18,0.0728,20.45,14.25,21.22,75.0,1500.0,15.2,healthy,0.0
fault_battery_alternator_fail_2,1417,1789813382.4219189,4685.0,126.14,745.17,4.4,104.2,0.0757,20.46,14.27,21.14,75.0,1500.0,15.2,healthy,0.0
fault_battery_alternator_fail_2,1418,1789813383.4219189,4691.8,126.4,744.53,4.43,104.28,0.0726,20.5,14.21,21.73,75.0,1500.0,15.2,healthy,0.0
fault_battery_alternator_fail_2,1419,1789813384.4219189,4678.4,126.63,741.94,4.48,104.34,0.0698,20.47,14.17,21.66,75.0,1500.0,15.2,healthy,0.0
fault_battery_alternator_fail_2,1420,1789813385.4219189,4730.0,126.53,744.06,4.47,104.18,0.0665,20.37,14.13,21.24,75.0,1500.0,15.2,healthy,0.0
fault_battery_alternator_fail_2,1421,1789813386.4219189,4722.7,126.36,745.89,4.37,104.17,0.0703,20.49,14.13,21.35,75.0,1500.0,15.2,healthy,0.0
fault_battery_alternator_fail_2,1422,1789813387.4219189,4692.5,126.53,747.35,4.35,104.23,0.0784,20.48,14.07,21.32,75.0,1500.0,15.2,healthy,0.0
fault_battery_alternator_fail_2,1423,1789813388.4219189,4689.9,127.02,747.53,4.29,104.36,0.084,20.38,14.13,21.51,75.0,1500.0,15.2,healthy,0.0
fault_battery_alternator_fail_2,1424,1789813389.4219189,4696.3,127.16,743.14,4.33,104.24,0.0785,20.26,14.15,21.21,75.0,1500.0,15.2,healthy,0.0
fault_battery_alternator_fail_2,1425,1789813390.4219189,4690.6,126.94,741.25,4.39,104.36,0.0782,20.44,14.12,21.58,75.0,1500.0,15.2,healthy,0.0
fault_battery_alternator_fail_2,1426,1789813391.4219189,4684.5,126.57,743.5,4.39,104.22,0.0838,20.44,14.16,21.8,75.0,1500.0,15.2,healthy,0.0
fault_battery_alternator_fail_2,1427,1789813392.4219189,4671.3,126.9,740.06,4.35,104.2,0.0817,20.32,14.12,21.65,75.0,1500.0,15.2,healthy,0.0
fault_battery_alternator_fail_2,1428,1789813393.4219189,4669.0,126.54,742.66,4.47,104.25,0.0748,20.31,14.05,21.29,75.0,1500.0,15.2,healthy,0.0
fault_battery_alternator_fail_2,1429,1789813394.4219189,4681.4,126.55,747.12,4.42,104.39,0.0641,20.33,14.02,21.1,75.0,1500.0,15.2,healthy,0.0
fault_battery_alternator_fail_2,1430,1789813395.4219189,4670.7,126.75,739.88,4.43,104.28,0.0638,20.03,14.0,21.36,75.0,1500.0,15.2,healthy,0.0
fault_battery_alternator_fail_2,1431,1789813396.4219189,4656.3,126.22,741.11,4.41,104.3,0.07,20.06,14.02,21.47,75.0,1500.0,15.2,healthy,0.0
fault_battery_alternator_fail_2,1432,1789813397.4219189,4654.2,126.22,742.85,4.38,104.31,0.0704,20.14,14.06,21.28,75.0,1500.0,15.2,healthy,0.0
fault_battery_alternator_fail_2,1433,1789813398.4219189,4661.9,126.37,742.54,4.39,104.23,0.071,20.21,14.07,21.31,75.0,1500.0,15.2,healthy,0.0
fault_battery_alternator_fail_2,1434,1789813399.4219189,4652.0,126.42,746.12,4.38,104.29,0.0819,20.23,14.1,21.15,75.0,1500.0,15.2,healthy,0.0
fault_battery_alternator_fail_2,1435,1789813400.4219189,4682.5,126.6,745.08,4.35,104.29,0.0734,20.26,14.09,21.63,75.0,1500.0,15.2,healthy,0.0
fault_battery_alternator_fail_2,1436,1789813401.4219189,4689.8,126.94,747.7,4.31,104.29,0.0707,20.4,14.1,21.25,75.0,1500.0,15.2,healthy,0.0
fault_battery_alternator_fail_2,1437,1789813402.4219189,4722.1,126.96,747.89,4.27,104.32,0.0723,20.37,14.1,21.56,75.0,1500.0,15.2,healthy,0.0
fault_battery_alternator_fail_2,1438,1789813403.4219189,4722.7,127.15,739.6,4.22,104.34,0.0633,20.31,14.07,21.07,75.0,1500.0,15.2,healthy,0.0
fault_battery_alternator_fail_2,1439,1789813404.4219189,4709.1,127.16,738.63,4.25,104.3,0.0653,20.07,14.07,20.62,75.0,1500.0,15.2,healthy,0.0
fault_battery_alternator_fail_2,1440,1789813405.4219189,4694.1,127.22,738.71,4.25,104.37,0.0629,20.05,14.02,21.1,75.0,1500.0,15.2,healthy,0.0
fault_battery_alternator_fail_2,1441,1789813406.4219189,4714.1,127.32,744.82,4.21,104.39,0.0605,20.05,14.12,21.36,75.0,1500.0,15.2,healthy,0.0
fault_battery_alternator_fail_2,1442,1789813407.4219189,4704.8,127.11,745.77,4.23,104.47,0.0628,19.79,14.12,20.94,75.0,1500.0,15.2,healthy,0.0
fault_battery_alternator_fail_2,1443,1789813408.4219189,4717.5,126.87,746.49,4.33,104.47,0.0581,19.8,14.19,20.98,75.0,1500.0,15.2,healthy,0.0
fault_battery_alternator_fail_2,1444,1789813409.4219189,4720.1,126.8,747.03,4.39,104.45,0.0656,19.9,14.25,20.91,75.0,1500.0,15.2,healthy,0.0
fault_battery_alternator_fail_2,1445,1789813410.4219189,4719.9,126.73,744.97,4.37,104.39,0.0638,19.87,14.33,21.41,75.0,1500.0,15.2,healthy,0.0
fault_battery_alternator_fail_2,1446,1789813411.4219189,4705.3,126.82,745.67,4.38,104.48,0.0645,20.04,14.3,21.2,75.0,1500.0,15.2,healthy,0.0
fault_battery_alternator_fail_2,1447,1789813412.4219189,4738.2,126.7,741.5,4.49,104.39,0.0644,20.1,14.25,21.1,75.0,1500.0,15.2,healthy,0.0
fault_battery_alternator_fail_2,1448,1789813413.4219189,4720.5,126.94,736.69,4.49,104.34,0.0654,20.04,14.24,20.9,75.0,1500.0,15.2,healthy,0.0
fault_battery_alternator_fail_2,1449,1789813414.4219189,4713.0,126.87,739.71,4.51,104.28,0.071,20.15,14.18,20.98,75.0,1500.0,15.2,healthy,0.0
fault_battery_alternator_fail_2,1450,1789813415.4219189,4715.9,126.94,743.25,4.47,104.04,0.0645,20.16,14.21,21.3,75.0,1500.0,15.2,healthy,0.0
fault_battery_alternator_fail_2,1451,1789813416.4219189,4726.0,126.78,741.76,4.41,104.0,0.0687,20.3,14.17,21.02,75.0,1500.0,15.2,healthy,0.0
fault_battery_alternator_fail_2,1452,1789813417.4219189,4701.0,126.48,740.13,4.39,103.91,0.0715,20.22,14.15,20.78,75.0,1500.0,15.2,healthy,0.0
fault_battery_alternator_fail_2,1453,1789813418.4219189,4725.8,126.35,738.71,4.39,103.84,0.0609,20.18,14.2,21.12,75.0,1500.0,15.2,healthy,0.0
fault_battery_alternator_fail_2,1454,1789813419.4219189,4701.1,126.41,741.27,4.36,103.6,0.059,20.16,14.16,21.35,75.0,1500.0,15.2,healthy,0.0
fault_battery_alternator_fail_2,1455,1789813420.4219189,4703.8,126.48,742.67,4.32,103.62,0.0554,20.09,14.23,21.26,75.0,1500.0,15.2,healthy,0.0
fault_battery_alternator_fail_2,1456,1789813421.4219189,4685.9,126.38,740.87,4.3,103.48,0.0664,20.0,14.23,21.36,75.0,1500.0,15.2,healthy,0.0
fault_battery_alternator_fail_2,1457,1789813422.4219189,4701.5,126.34,739.66,4.36,103.37,0.0658,20.19,14.28,21.52,75.0,1500.0,15.2,healthy,0.0
fault_battery_alternator_fail_2,1458,1789813423.4219189,4707.1,126.42,739.87,4.35,103.38,0.0657,19.99,14.32,21.15,75.0,1500.0,15.2,healthy,0.0
fault_battery_alternator_fail_2,1459,1789813424.4219189,4703.9,126.21,739.84,4.33,103.33,0.0649,20.09,14.24,21.36,75.0,1500.0,15.2,healthy,0.0
fault_battery_alternator_fail_2,1460,1789813425.4219189,4686.9,126.36,740.69,4.38,103.36,0.0688,20.12,14.18,21.45,75.0,1500.0,15.2,healthy,0.0
fault_battery_alternator_fail_2,1461,1789813426.4219189,4706.4,126.41,741.83,4.37,103.22,0.0649,20.22,14.11,21.54,75.0,1500.0,15.2,healthy,0.0
fault_battery_alternator_fail_2,1462,1789813427.4219189,4713.0,126.53,741.27,4.34,103.09,0.0719,20.15,14.12,21.47,75.0,1500.0,15.2,healthy,0.0
fault_battery_alternator_fail_2,1463,1789813428.4219189,4716.3,126.45,740.89,4.29,103.09,0.0711,20.3,14.15,21.47,75.0,1500.0,15.2,healthy,0.0
fault_battery_alternator_fail_2,1464,1789813429.4219189,4733.3,126.5,739.64,4.34,103.21,0.0772,20.25,14.11,21.18,75.0,1500.0,15.2,healthy,0.0
fault_battery_alternator_fail_2,1465,1789813430.4219189,4717.9,126.65,739.61,4.34,103.3,0.0787,20.09,14.22,21.25,75.0,1500.0,15.2,healthy,0.0
fault_battery_alternator_fail_2,1466,1789813431.4219189,4710.3,126.37,733.53,4.29,103.19,0.0811,20.13,14.23,21.22,75.0,1500.0,15.2,healthy,0.0
fault_battery_alternator_fail_2,1467,1789813432.4219189,4723.9,126.41,736.58,4.31,103.3,0.0758,20.04,14.12,21.16,75.0,1500.0,15.2,healthy,0.0
fault_battery_alternator_fail_2,1468,1789813433.4219189,4709.7,126.2,737.73,4.28,103.46,0.0851,20.14,14.16,21.02,75.0,1500.0,15.2,healthy,0.0
fault_battery_alternator_fail_2,1469,1789813434.4219189,4693.6,126.19,742.71,4.39,103.43,0.0819,20.17,14.14,21.06,75.0,1500.0,15.2,healthy,0.0
fault_battery_alternator_fail_2,1470,1789813435.4219189,4711.5,126.08,740.44,4.38,103.58,0.0788,20.18,14.25,21.33,75.0,1500.0,15.2,healthy,0.0
fault_battery_alternator_fail_2,1471,1789813436.4219189,4720.3,126.02,742.45,4.42,103.52,0.0744,20.06,14.2,20.91,75.0,1500.0,15.2,healthy,0.0
fault_battery_alternator_fail_2,1472,1789813437.4219189,4693.4,126.03,745.1,4.4,103.62,0.0655,19.94,14.2,20.97,75.0,1500.0,15.2,healthy,0.0
fault_battery_alternator_fail_2,1473,1789813438.4219189,4694.7,125.95,744.42,4.42,103.55,0.0687,20.07,14.17,21.44,75.0,1500.0,15.2,healthy,0.0
fault_battery_alternator_fail_2,1474,1789813439.4219189,4690.3,125.73,744.75,4.42,103.56,0.0715,20.2,14.14,20.87,75.0,1500.0,15.2,healthy,0.0
fault_battery_alternator_fail_2,1475,1789813440.4219189,4677.4,125.66,746.89,4.41,103.55,0.073,20.17,14.17,20.85,75.0,1500.0,15.2,healthy,0.0
fault_battery_alternator_fail_2,1476,1789813441.4219189,4703.4,125.71,749.57,4.43,103.52,0.0793,20.2,14.14,21.52,75.0,1500.0,15.2,healthy,0.0
fault_battery_alternator_fail_2,1477,1789813442.4219189,4701.8,125.44,749.99,4.46,103.45,0.0772,20.29,14.08,21.38,75.0,1500.0,15.2,healthy,0.0
fault_battery_alternator_fail_2,1478,1789813443.4219189,4724.3,125.57,742.93,4.45,103.33,0.0762,20.09,14.07,21.36,75.0,1500.0,15.2,healthy,0.0
fault_battery_alternator_fail_2,1479,1789813444.4219189,4715.6,125.97,744.33,4.5,103.31,0.0781,20.04,14.11,21.35,75.0,1500.0,15.2,healthy,0.0
fault_battery_alternator_fail_2,1480,1789813445.4219189,4699.7,126.03,738.19,4.5,103.49,0.0749,20.29,14.19,20.85,75.0,1500.0,15.2,healthy,0.0
fault_battery_alternator_fail_2,1481,1789813446.4219189,4702.0,125.77,737.71,4.54,103.59,0.0806,20.28,14.28,21.06,75.0,1500.0,15.2,healthy,0.0
fault_battery_alternator_fail_2,1482,1789813447.4219189,4704.9,125.82,736.24,4.5,103.74,0.0787,20.36,14.32,20.87,75.0,1500.0,15.2,healthy,0.0
fault_battery_alternator_fail_2,1483,1789813448.4219189,4706.0,125.65,730.3,4.46,103.84,0.0768,20.35,14.26,21.2,75.0,1500.0,15.2,healthy,0.0
fault_battery_alternator_fail_2,1484,1789813449.4219189,4695.6,125.51,732.94,4.43,103.85,0.0788,20.3,14.35,21.42,75.0,1500.0,15.2,healthy,0.0
fault_battery_alternator_fail_2,1485,1789813450.4219189,4705.9,125.79,731.86,4.35,103.95,0.0776,20.37,14.33,21.37,75.0,1500.0,15.2,healthy,0.0
fault_battery_alternator_fail_2,1486,1789813451.4219189,4725.6,125.97,733.18,4.4,103.97,0.0818,20.39,14.26,21.24,75.0,1500.0,15.2,healthy,0.0
fault_battery_alternator_fail_2,1487,1789813452.4219189,4762.0,125.97,734.59,4.36,104.02,0.0775,20.33,14.17,21.29,75.0,1500.0,15.2,healthy,0.0
fault_battery_alternator_fail_2,1488,1789813453.4219189,4740.8,126.27,738.15,4.34,103.86,0.0805,20.16,14.22,21.33,75.0,1500.0,15.2,healthy,0.0
fault_battery_alternator_fail_2,1489,1789813454.4219189,4731.5,125.89,740.66,4.33,103.88,0.0693,20.26,14.17,21.47,75.0,1500.0,15.2,healthy,0.0
fault_battery_alternator_fail_2,1490,1789813455.4219189,4701.3,125.96,743.0,4.28,103.82,0.0665,20.14,14.12,21.17,75.0,1500.0,15.2,healthy,0.0
fault_battery_alternator_fail_2,1491,1789813456.4219189,4706.9,126.17,745.91,4.35,103.76,0.0711,20.13,14.13,21.0,75.0,1500.0,15.2,healthy,0.0
fault_battery_alternator_fail_2,1492,1789813457.4219189,4712.2,126.22,744.65,4.26,103.66,0.0626,20.2,14.13,21.04,75.0,1500.0,15.2,healthy,0.0
fault_battery_alternator_fail_2,1493,1789813458.4219189,4725.8,125.87,746.05,4.27,103.73,0.0697,20.23,14.07,21.39,75.0,1500.0,15.2,healthy,0.0
fault_battery_alternator_fail_2,1494,1789813459.4219189,4742.2,125.97,749.54,4.25,103.71,0.0706,20.5,14.06,21.08,75.0,1500.0,15.2,healthy,0.0
fault_battery_alternator_fail_2,1495,1789813460.4219189,4725.6,125.99,747.14,4.34,103.64,0.0714,20.38,14.04,21.3,75.0,1500.0,15.2,healthy,0.0
fault_battery_alternator_fail_2,1496,1789813461.4219189,4728.9,126.07,747.46,4.34,103.7,0.0677,20.54,14.02,21.39,75.0,1500.0,15.2,healthy,0.0
fault_battery_alternator_fail_2,1497,1789813462.4219189,4735.2,126.47,746.38,4.37,103.74,0.0705,20.3,14.03,21.35,75.0,1500.0,15.2,healthy,0.0
fault_battery_alternator_fail_2,1498,1789813463.4219189,4723.0,126.18,744.86,4.31,103.82,0.0764,20.39,14.05,21.28,75.0,1500.0,15.2,healthy,0.0
fault_battery_alternator_fail_2,1499,1789813464.4219189,4732.1,126.32,741.52,4.31,103.92,0.0856,20.34,14.03,21.33,75.0,1500.0,15.2,healthy,0.0
fault_battery_alternator_fail_2,1500,1789813465.4219189,4747.3,126.53,741.68,4.38,103.85,0.0777,20.62,14.09,21.05,75.0,1500.0,15.2,healthy,0.0
fault_battery_alternator_fail_2,1501,1789813466.4219189,4751.4,126.86,744.16,4.37,103.8,0.0743,20.54,14.17,21.32,75.0,1500.0,15.2,healthy,0.0
fault_battery_alternator_fail_2,1502,1789813467.4219189,4746.2,127.36,741.95,4.45,103.92,0.0691,20.32,14.12,21.35,75.0,1500.0,15.2,healthy,0.0
fault_battery_alternator_fail_2,1503,1789813468.4219189,4734.0,126.96,747.56,4.46,103.78,0.0681,20.4,14.16,21.4,75.0,1500.0,15.2,healthy,0.0
fault_battery_alternator_fail_2,1504,1789813469.4219189,4705.3,126.8,743.83,4.38,103.9,0.0721,20.59,14.13,21.57,75.0,1500.0,15.2,healthy,0.0
fault_battery_alternator_fail_2,1505,1789813470.4219189,4703.1,126.91,742.39,4.35,103.91,0.0681,20.69,14.22,21.43,75.0,1500.0,15.2,healthy,0.0
fault_battery_alternator_fail_2,1506,1789813471.4219189,4718.1,126.56,746.6,4.31,103.73,0.0689,20.61,14.25,21.31,75.0,1500.0,15.2,healthy,0.0
fault_battery_alternator_fail_2,1507,1789813472.4219189,4704.8,126.37,747.68,4.33,103.81,0.0793,20.53,14.26,21.23,75.0,1500.0,15.2,healthy,0.0
fault_battery_alternator_fail_2,1508,1789813473.4219189,4703.1,126.54,747.19,4.23,103.73,0.0835,20.55,14.2,21.25,75.0,1500.0,15.2,healthy,0.0
fault_battery_alternator_fail_2,1509,1789813474.4219189,4709.3,126.68,747.54,4.22,103.6,0.0774,20.53,14.18,21.23,75.0,1500.0,15.2,healthy,0.0
fault_battery_alternator_fail_2,1510,1789813475.4219189,4709.2,126.89,748.47,4.3,103.63,0.0753,20.57,14.14,21.42,75.0,1500.0,15.2,healthy,0.0
fault_battery_alternator_fail_2,1511,1789813476.4219189,4689.2,126.99,743.84,4.33,103.56,0.0785,20.59,14.19,21.05,75.0,1500.0,15.2,healthy,0.0
fault_battery_alternator_fail_2,1512,1789813477.4219189,4702.0,127.12,742.42,4.27,103.52,0.0808,20.42,14.16,20.83,75.0,1500.0,15.2,healthy,0.0
fault_battery_alternator_fail_2,1513,1789813478.4219189,4681.0,127.3,741.04,4.3,103.51,0.0857,20.48,14.17,21.34,75.0,1500.0,15.2,healthy,0.0
fault_battery_alternator_fail_2,1514,1789813479.4219189,4711.6,126.96,741.48,4.32,103.55,0.0828,20.69,14.15,21.02,75.0,1500.0,15.2,healthy,0.0
fault_battery_alternator_fail_2,1515,1789813480.4219189,4715.3,126.85,743.46,4.34,103.69,0.0773,20.46,14.2,21.22,75.0,1500.0,15.2,healthy,0.0
fault_battery_alternator_fail_2,1516,1789813481.4219189,4705.2,126.85,735.62,4.33,103.71,0.0799,20.45,14.21,21.21,75.0,1500.0,15.2,healthy,0.0
fault_battery_alternator_fail_2,1517,1789813482.4219189,4702.1,126.75,737.29,4.36,103.82,0.0768,20.6,14.2,21.08,75.0,1500.0,15.2,healthy,0.0
fault_battery_alternator_fail_2,1518,1789813483.4219189,4700.8,126.73,734.3,4.48,103.72,0.083,20.66,14.2,20.87,75.0,1500.0,15.2,healthy,0.0
fault_battery_alternator_fail_2,1519,1789813484.4219189,4703.4,126.6,735.65,4.46,103.69,0.0847,20.62,14.23,20.76,75.0,1500.0,15.2,healthy,0.0
fault_battery_alternator_fail_2,1520,1789813485.4219189,4704.6,126.3,734.81,4.42,103.82,0.076,20.44,14.14,21.02,75.0,1500.0,15.2,healthy,0.0
fault_battery_alternator_fail_2,1521,1789813486.4219189,4721.5,126.59,736.36,4.43,103.76,0.0781,20.41,14.16,21.07,75.0,1500.0,15.2,healthy,0.0
fault_battery_alternator_fail_2,1522,1789813487.4219189,4713.3,126.28,734.48,4.37,103.55,0.0667,20.4,14.14,21.26,75.0,1500.0,15.2,healthy,0.0
fault_battery_alternator_fail_2,1523,1789813488.4219189,4699.3,126.43,736.29,4.31,103.61,0.0651,20.3,14.1,21.09,75.0,1500.0,15.2,healthy,0.0
fault_battery_alternator_fail_2,1524,1789813489.4219189,4688.4,126.41,737.3,4.27,103.66,0.0718,20.32,14.07,21.46,75.0,1500.0,15.2,healthy,0.0
fault_battery_alternator_fail_2,1525,1789813490.4219189,4674.7,126.03,737.09,4.29,103.77,0.0712,20.34,14.06,21.5,75.0,1500.0,15.2,healthy,0.0
fault_battery_alternator_fail_2,1526,1789813491.4219189,4680.7,125.83,741.52,4.36,103.54,0.0714,20.11,14.16,21.46,75.0,1500.0,15.2,healthy,0.0
fault_battery_alternator_fail_2,1527,1789813492.4219189,4690.9,126.05,739.2,4.41,103.57,0.075,20.16,14.15,21.44,75.0,1500.0,15.2,healthy,0.0
fault_battery_alternator_fail_2,1528,1789813493.4219189,4677.5,126.33,742.19,4.36,103.62,0.067,20.32,14.19,21.12,75.0,1500.0,15.2,healthy,0.0
fault_battery_alternator_fail_2,1529,1789813494.4219189,4690.8,126.29,741.18,4.36,103.63,0.0596,20.29,14.13,21.36,75.0,1500.0,15.2,healthy,0.0
fault_battery_alternator_fail_2,1530,1789813495.4219189,4692.2,125.95,742.07,4.4,103.6,0.0694,20.2,14.17,21.69,75.0,1500.0,15.2,healthy,0.0
fault_battery_alternator_fail_2,1531,1789813496.4219189,4706.9,125.97,739.85,4.43,103.69,0.0688,20.23,14.18,21.65,75.0,1500.0,15.2,healthy,0.0
fault_battery_alternator_fail_2,1532,1789813497.4219189,4713.3,126.09,741.46,4.53,103.69,0.0768,20.24,14.22,21.0,75.0,1500.0,15.2,healthy,0.0
fault_battery_alternator_fail_2,1533,1789813498.4219189,4687.9,126.19,744.25,4.48,103.65,0.08,20.31,14.28,21.34,75.0,1500.0,15.2,healthy,0.0
fault_battery_alternator_fail_2,1534,1789813499.4219189,4699.1,126.15,746.59,4.4,103.63,0.0625,20.41,14.28,21.39,75.0,1500.0,15.2,healthy,0.0
fault_battery_alternator_fail_2,1535,1789813500.4219189,4721.0,126.37,743.76,4.33,103.69,0.0716,20.55,14.34,21.39,75.0,1500.0,15.2,healthy,0.0
fault_battery_alternator_fail_2,1536,1789813501.4219189,4698.8,126.5,742.36,4.31,103.6,0.0721,20.39,14.27,21.02,75.0,1500.0,15.2,healthy,0.0
fault_battery_alternator_fail_2,1537,1789813502.4219189,4681.9,126.61,738.67,4.35,103.59,0.0684,20.47,14.28,20.7,75.0,1500.0,15.2,healthy,0.0
fault_battery_alternator_fail_2,1538,1789813503.4219189,4675.1,126.4,737.46,4.4,103.59,0.0766,20.33,14.25,20.61,75.0,1500.0,15.2,healthy,0.0
fault_battery_alternator_fail_2,1539,1789813504.4219189,4658.6,126.2,733.72,4.45,103.68,0.0714,20.36,14.23,20.73,75.0,1500.0,15.2,healthy,0.0
fault_battery_alternator_fail_2,1540,1789813505.4219189,4654.1,126.2,735.16,4.44,103.8,0.0681,20.21,14.19,20.64,75.0,1500.0,15.2,healthy,0.0
fault_battery_alternator_fail_2,1541,1789813506.4219189,4672.9,126.23,732.94,4.41,103.83,0.0642,19.92,14.27,20.97,75.0,1500.0,15.2,healthy,0.0
fault_battery_alternator_fail_2,1542,1789813507.4219189,4662.4,126.63,732.76,4.46,103.8,0.066,20.07,14.21,20.71,75.0,1500.0,15.2,healthy,0.0
fault_battery_alternator_fail_2,1543,1789813508.4219189,4669.5,126.73,731.71,4.5,103.74,0.0653,19.98,14.17,20.87,75.0,1500.0,15.2,healthy,0.0
fault_battery_alternator_fail_2,1544,1789813509.4219189,4665.6,126.59,733.5,4.51,103.88,0.0703,19.85,14.14,20.98,75.0,1500.0,15.2,healthy,0.0
fault_battery_alternator_fail_2,1545,1789813510.4219189,4702.1,126.44,731.95,4.51,103.9,0.0818,19.81,14.16,21.09,75.0,1500.0,15.2,healthy,0.0
fault_battery_alternator_fail_2,1546,1789813511.4219189,4700.0,126.44,731.71,4.5,104.05,0.0797,19.86,14.12,21.27,75.0,1500.0,15.2,healthy,0.0
fault_battery_alternator_fail_2,1547,1789813512.4219189,4686.5,126.38,739.33,4.44,104.14,0.0811,20.01,14.23,21.55,75.0,1500.0,15.2,healthy,0.0
fault_battery_alternator_fail_2,1548,1789813513.4219189,4683.4,126.45,738.58,4.42,104.24,0.0749,19.9,14.28,21.24,75.0,1500.0,15.2,healthy,0.0
fault_battery_alternator_fail_2,1549,1789813514.4219189,4696.2,126.3,735.55,4.32,104.16,0.0752,20.05,14.26,21.3,75.0,1500.0,15.2,healthy,0.0
fault_battery_alternator_fail_2,1550,1789813515.4219189,4705.9,126.29,729.33,4.43,104.03,0.0786,20.17,14.28,21.18,75.0,1500.0,15.2,healthy,0.0
fault_battery_alternator_fail_2,1551,1789813516.4219189,4708.9,126.06,732.09,4.44,104.07,0.075,20.06,14.29,21.06,75.0,1500.0,15.2,healthy,0.0
fault_battery_alternator_fail_2,1552,1789813517.4219189,4688.8,125.87,734.9,4.3,104.03,0.0765,20.1,14.34,20.9,75.0,1500.0,15.2,healthy,0.0
fault_battery_alternator_fail_2,1553,1789813518.4219189,4699.6,125.61,733.48,4.26,103.94,0.0744,20.12,14.26,21.09,75.0,1500.0,15.2,healthy,0.0
fault_battery_alternator_fail_2,1554,1789813519.4219189,4680.8,125.68,736.25,4.31,103.95,0.074,20.26,14.26,21.25,75.0,1500.0,15.2,healthy,0.0
fault_battery_alternator_fail_2,1555,1789813520.4219189,4699.8,125.97,737.45,4.37,104.08,0.0707,20.37,14.25,21.5,75.0,1500.0,15.2,healthy,0.0
fault_battery_alternator_fail_2,1556,1789813521.4219189,4699.5,126.09,736.46,4.28,103.94,0.0617,20.41,14.32,21.41,75.0,1500.0,15.2,healthy,0.0
fault_battery_alternator_fail_2,1557,1789813522.4219189,4693.8,126.11,732.89,4.28,103.84,0.0662,20.31,14.27,21.36,75.0,1500.0,15.2,healthy,0.0
fault_battery_alternator_fail_2,1558,1789813523.4219189,4681.8,125.63,728.3,4.31,103.91,0.0676,20.22,14.16,21.43,75.0,1500.0,15.2,healthy,0.0
fault_battery_alternator_fail_2,1559,1789813524.4219189,4711.8,125.49,732.05,4.29,103.89,0.0745,20.19,14.1,21.28,75.0,1500.0,15.2,healthy,0.0
fault_battery_alternator_fail_2,1560,1789813525.4219189,4711.3,125.59,730.89,4.22,103.68,0.0699,20.25,14.15,21.32,75.0,1500.0,15.2,healthy,0.0
fault_battery_alternator_fail_2,1561,1789813526.4219189,4704.1,125.48,732.57,4.18,103.79,0.0689,20.16,14.23,21.62,75.0,1500.0,15.2,healthy,0.0
fault_battery_alternator_fail_2,1562,1789813527.4219189,4711.1,125.48,734.44,4.29,103.72,0.0659,20.22,14.23,21.44,75.0,1500.0,15.2,healthy,0.0
fault_battery_alternator_fail_2,1563,1789813528.4219189,4741.7,125.5,734.68,4.34,103.7,0.0719,20.35,14.22,21.48,75.0,1500.0,15.2,healthy,0.0
fault_battery_alternator_fail_2,1564,1789813529.4219189,4737.2,125.38,733.79,4.42,103.78,0.0775,20.37,14.21,21.13,75.0,1500.0,15.2,healthy,0.0
fault_battery_alternator_fail_2,1565,1789813530.4219189,4727.0,125.58,736.47,4.4,103.86,0.0737,20.3,14.2,20.93,75.0,1500.0,15.2,healthy,0.0
fault_battery_alternator_fail_2,1566,1789813531.4219189,4717.0,125.31,736.74,4.38,103.77,0.0648,20.24,14.15,21.17,75.0,1500.0,15.2,healthy,0.0
fault_battery_alternator_fail_2,1567,1789813532.4219189,4739.5,125.81,735.76,4.36,103.67,0.0739,20.29,14.12,21.37,75.0,1500.0,15.2,healthy,0.0
fault_battery_alternator_fail_2,1568,1789813533.4219189,4716.2,125.9,741.79,4.39,103.72,0.0737,20.29,12.5,21.58,75.0,1500.0,15.2,battery_alternator_fail,0.79
fault_battery_alternator_fail_2,1569,1789813534.4219189,4706.1,126.0,741.72,4.37,103.61,0.07,20.17,12.5,21.46,75.0,1500.0,15.2,battery_alternator_fail,0.79
fault_battery_alternator_fail_2,1570,1789813535.4219189,4675.8,125.8,740.07,4.38,103.48,0.0731,20.31,12.49,21.52,75.0,1500.0,15.2,battery_alternator_fail,0.79
fault_battery_alternator_fail_2,1571,1789813536.4219189,4671.4,126.01,736.57,4.37,103.53,0.0681,20.06,12.49,21.28,75.0,1500.0,15.2,battery_alternator_fail,0.79
fault_battery_alternator_fail_2,1572,1789813537.4219189,4683.6,125.86,737.8,4.44,103.7,0.0769,20.38,12.49,21.13,75.0,1500.0,15.2,battery_alternator_fail,0.79
fault_battery_alternator_fail_2,1573,1789813538.4219189,4683.8,125.78,744.26,4.42,103.76,0.0767,20.25,12.49,21.08,75.0,1500.0,15.2,battery_alternator_fail,0.79
fault_battery_alternator_fail_2,1574,1789813539.4219189,4678.6,125.65,742.03,4.36,103.78,0.0732,20.23,12.49,21.45,75.0,1500.0,15.2,battery_alternator_fail,0.79
fault_battery_alternator_fail_2,1575,1789813540.4219189,4687.2,125.35,742.83,4.34,103.79,0.0654,20.33,12.48,21.3,75.0,1500.0,15.2,battery_alternator_fail,0.79
fault_battery_alternator_fail_2,1576,1789813541.4219189,4717.6,125.69,741.74,4.35,103.79,0.0603,20.33,12.48,20.91,75.0,1500.0,15.2,battery_alternator_fail,0.79
fault_battery_alternator_fail_2,1577,1789813542.4219189,4711.5,126.02,737.56,4.34,103.62,0.0623,20.36,12.48,20.75,75.0,1500.0,15.2,battery_alternator_fail,0.79
fault_battery_alternator_fail_2,1578,1789813543.4219189,4727.5,125.94,734.27,4.36,103.58,0.0693,20.37,12.48,21.31,75.0,1500.0,15.2,battery_alternator_fail,0.79
fault_battery_alternator_fail_2,1579,1789813544.4219189,4721.8,126.33,736.79,4.33,103.63,0.0699,20.4,12.48,21.45,75.0,1500.0,15.2,battery_alternator_fail,0.79
fault_battery_alternator_fail_2,1580,1789813545.4219189,4738.3,126.56,739.87,4.34,103.62,0.0672,20.47,12.47,21.25,75.0,1500.0,15.2,battery_alternator_fail,0.79
fault_battery_alternator_fail_2,1581,1789813546.4219189,4724.7,126.47,740.82,4.22,103.52,0.0739,20.21,12.47,21.25,75.0,1500.0,15.2,battery_alternator_fail,0.79
fault_battery_alternator_fail_2,1582,1789813547.4219189,4718.6,126.41,741.24,4.28,103.49,0.0752,20.17,12.47,20.98,75.0,1500.0,15.2,battery_alternator_fail,0.79
fault_battery_alternator_fail_2,1583,1789813548.4219189,4716.4,126.56,738.15,4.28,103.49,0.077,20.21,12.47,20.99,75.0,1500.0,15.2,battery_alternator_fail,0.79
fault_battery_alternator_fail_2,1584,1789813549.4219189,4732.8,126.48,743.98,4.27,103.6,0.0666,20.37,12.47,21.22,75.0,1500.0,15.2,battery_alternator_fail,0.79
fault_battery_alternator_fail_2,1585,1789813550.4219189,4714.7,126.78,741.74,4.29,103.76,0.0706,20.33,12.46,21.25,75.0,1500.0,15.2,battery_alternator_fail,0.79
fault_battery_alternator_fail_2,1586,1789813551.4219189,4734.8,126.6,739.95,4.3,103.76,0.0623,20.35,12.46,21.32,75.0,1500.0,15.2,battery_alternator_fail,0.79
fault_battery_alternator_fail_2,1587,1789813552.4219189,4709.3,126.35,734.05,4.37,103.74,0.072,20.34,12.46,21.47,75.0,1500.0,15.2,battery_alternator_fail,0.79
fault_battery_alternator_fail_2,1588,1789813553.4219189,4705.6,126.18,737.58,4.42,103.55,0.0771,20.37,12.46,21.32,75.0,1500.0,15.2,battery_alternator_fail,0.79
fault_battery_alternator_fail_2,1589,1789813554.4219189,4680.9,126.29,737.94,4.28,103.47,0.0746,20.38,12.46,21.55,75.0,1500.0,15.2,battery_alternator_fail,0.79
fault_battery_alternator_fail_2,1590,1789813555.4219189,4675.0,126.35,738.62,4.22,103.42,0.07,20.52,12.45,20.93,75.0,1500.0,15.2,battery_alternator_fail,0.79
fault_battery_alternator_fail_2,1591,1789813556.4219189,4684.8,126.45,735.39,4.31,103.44,0.0672,20.48,12.45,21.1,75.0,1500.0,15.2,battery_alternator_fail,0.79
fault_battery_alternator_fail_2,1592,1789813557.4219189,4714.2,126.31,739.54,4.39,103.41,0.0629,20.53,12.45,21.04,75.0,1500.0,15.2,battery_alternator_fail,0.79
fault_battery_alternator_fail_2,1593,1789813558.4219189,4699.9,126.3,747.09,4.3,103.47,0.072,20.58,12.45,21.03,75.0,1500.0,15.2,battery_alternator_fail,0.79
fault_battery_alternator_fail_2,1594,1789813559.4219189,4675.2,126.27,749.98,4.25,103.37,0.0665,20.61,12.45,21.04,75.0,1500.0,15.2,battery_alternator_fail,0.79
fault_battery_alternator_fail_2,1595,1789813560.4219189,4708.2,126.66,745.41,4.3,103.4,0.0732,20.74,12.44,21.16,75.0,1500.0,15.2,battery_alternator_fail,0.79
fault_battery_alternator_fail_2,1596,1789813561.4219189,4719.4,126.6,745.87,4.29,103.61,0.0775,20.64,12.44,21.34,75.0,1500.0,15.2,battery_alternator_fail,0.79
fault_battery_alternator_fail_2,1597,1789813562.4219189,4727.7,126.59,745.01,4.26,103.53,0.0845,20.43,12.44,21.2,75.0,1500.0,15.2,battery_alternator_fail,0.79
fault_battery_alternator_fail_2,1598,1789813563.4219189,4703.3,126.77,742.59,4.23,103.51,0.0852,20.37,12.44,21.25,75.0,1500.0,15.2,battery_alternator_fail,0.79
fault_battery_alternator_fail_2,1599,1789813564.4219189,4706.4,126.55,743.36,4.25,103.53,0.0841,20.43,12.43,21.52,75.0,1500.0,15.2,battery_alternator_fail,0.79
fault_battery_alternator_fail_2,1600,1789813565.4219189,4713.7,126.57,738.95,4.22,103.55,0.0773,20.22,12.43,21.23,75.0,1500.0,15.2,battery_alternator_fail,0.79
fault_battery_alternator_fail_2,1601,1789813566.4219189,4708.9,126.81,747.81,4.28,103.71,0.0751,20.44,12.43,21.52,75.0,1500.0,15.2,battery_alternator_fail,0.79
fault_battery_alternator_fail_2,1602,1789813567.4219189,4714.5,126.91,747.0,4.3,103.82,0.0766,20.33,12.43,21.36,75.0,1500.0,15.2,battery_alternator_fail,0.79
fault_battery_alternator_fail_2,1603,1789813568.4219189,4727.1,126.65,745.79,4.33,103.62,0.0778,20.25,12.43,21.46,75.0,1500.0,15.2,battery_alternator_fail,0.79
fault_battery_alternator_fail_2,1604,1789813569.4219189,4737.9,126.68,745.92,4.27,103.65,0.0701,20.56,12.42,21.35,75.0,1500.0,15.2,battery_alternator_fail,0.79
fault_battery_alternator_fail_2,1605,1789813570.4219189,4746.6,127.2,740.74,4.24,103.65,0.065,20.44,12.42,20.83,75.0,1500.0,15.2,battery_alternator_fail,0.79
fault_battery_alternator_fail_2,1606,1789813571.4219189,4726.1,127.28,740.69,4.22,103.45,0.0622,20.49,12.42,21.42,75.0,1500.0,15.2,battery_alternator_fail,0.79
fault_battery_alternator_fail_2,1607,1789813572.4219189,4721.8,127.34,743.36,4.31,103.5,0.0519,20.49,12.42,21.47,75.0,1500.0,15.2,battery_alternator_fail,0.79
fault_battery_alternator_fail_2,1608,1789813573.4219189,4731.9,127.11,747.34,4.31,103.71,0.0614,20.5,12.42,21.32,75.0,1500.0,15.2,battery_alternator_fail,0.79
fault_battery_alternator_fail_2,1609,1789813574.4219189,4695.3,126.82,745.79,4.31,103.68,0.07,20.57,12.41,21.37,75.0,1500.0,15.2,battery_alternator_fail,0.79
fault_battery_alternator_fail_2,1610,1789813575.4219189,4728.4,127.08,744.88,4.24,103.68,0.0764,20.64,12.41,21.42,75.0,1500.0,15.2,battery_alternator_fail,0.79
fault_battery_alternator_fail_2,1611,1789813576.4219189,4715.9,127.41,743.21,4.27,103.68,0.0652,20.41,12.41,20.9,75.0,1500.0,15.2,battery_alternator_fail,0.79
fault_battery_alternator_fail_2,1612,1789813577.4219189,4718.9,127.39,741.37,4.35,103.54,0.068,20.5,12.41,20.95,75.0,1500.0,15.2,battery_alternator_fail,0.79
fault_battery_alternator_fail_2,1613,1789813578.4219189,4712.6,127.13,740.59,4.35,103.75,0.0638,20.54,12.41,21.05,75.0,1500.0,15.2,battery_alternator_fail,0.79
fault_battery_alternator_fail_2,1614,1789813579.4219189,4724.3,127.46,743.06,4.33,103.9,0.0613,20.48,12.4,20.93,75.0,1500.0,15.2,battery_alternator_fail,0.79
fault_battery_alternator_fail_2,1615,1789813580.4219189,4751.3,127.2,734.43,4.35,103.95,0.0642,20.35,12.4,21.32,75.0,1500.0,15.2,battery_alternator_fail,0.79
fault_battery_alternator_fail_2,1616,1789813581.4219189,4715.4,127.33,734.66,4.32,104.1,0.0695,20.57,12.4,21.33,75.0,1500.0,15.2,battery_alternator_fail,0.79
fault_battery_alternator_fail_2,1617,1789813582.4219189,4710.8,126.84,735.62,4.34,104.06,0.0649,20.3,12.4,21.19,75.0,1500.0,15.2,battery_alternator_fail,0.79
fault_battery_alternator_fail_2,1618,1789813583.4219189,4696.5,126.66,732.7,4.34,104.05,0.0621,20.36,12.4,20.99,75.0,1500.0,15.2,battery_alternator_fail,0.79
fault_battery_alternator_fail_2,1619,1789813584.4219189,4732.3,126.5,730.71,4.21,104.08,0.0681,20.3,12.39,21.1,75.0,1500.0,15.2,battery_alternator_fail,0.79
fault_battery_alternator_fail_2,1620,1789813585.4219189,4721.3,126.79,730.08,4.25,104.06,0.0682,20.11,12.39,21.31,75.0,1500.0,15.2,battery_alternator_fail,0.79
fault_battery_alternator_fail_2,1621,1789813586.4219189,4701.2,126.67,734.54,4.18,103.89,0.0705,20.15,12.39,20.83,75.0,1500.0,15.2,battery_alternator_fail,0.79
fault_battery_alternator_fail_2,1622,1789813587.4219189,4686.3,126.18,735.04,4.21,103.71,0.0734,20.25,12.39,21.27,75.0,1500.0,15.2,battery_alternator_fail,0.79
fault_battery_alternator_fail_2,1623,1789813588.4219189,4689.4,125.73,736.94,4.29,103.7,0.0803,20.22,12.39,21.28,75.0,1500.0,15.2,battery_alternator_fail,0.79
fault_battery_alternator_fail_2,1624,1789813589.4219189,4681.4,125.84,735.73,4.3,103.73,0.0827,20.19,12.38,21.09,75.0,1500.0,15.2,battery_alternator_fail,0.79
fault_battery_alternator_fail_2,1625,1789813590.4219189,4667.2,125.9,733.84,4.36,103.84,0.0766,20.12,12.38,20.97,75.0,1500.0,15.2,battery_alternator_fail,0.79
fault_battery_alternator_fail_2,1626,1789813591.4219189,4682.4,125.99,738.01,4.33,103.87,0.0751,20.19,12.38,21.21,75.0,1500.0,15.2,battery_alternator_fail,0.79
fault_battery_alternator_fail_2,1627,1789813592.4219189,4685.7,125.91,740.71,4.27,103.89,0.0732,20.14,12.38,21.14,75.0,1500.0,15.2,battery_alternator_fail,0.79
fault_battery_alternator_fail_2,1628,1789813593.4219189,4732.7,126.06,742.78,4.41,103.83,0.062,20.2,12.38,21.43,75.0,1500.0,15.2,battery_alternator_fail,0.79
fault_battery_alternator_fail_2,1629,1789813594.4219189,4708.9,126.35,741.36,4.36,103.75,0.0648,20.22,12.37,21.4,75.0,1500.0,15.2,battery_alternator_fail,0.79
fault_battery_alternator_fail_2,1630,1789813595.4219189,4698.9,126.45,744.02,4.36,103.71,0.072,20.23,12.37,21.26,75.0,1500.0,15.2,battery_alternator_fail,0.79
fault_battery_alternator_fail_2,1631,1789813596.4219189,4684.6,126.4,745.07,4.38,103.6,0.0634,20.15,12.37,21.47,75.0,1500.0,15.2,battery_alternator_fail,0.79
fault_battery_alternator_fail_2,1632,1789813597.4219189,4683.6,126.54,748.69,4.43,103.64,0.0628,20.19,12.37,21.59,75.0,1500.0,15.2,battery_alternator_fail,0.79
fault_battery_alternator_fail_2,1633,1789813598.4219189,4681.8,126.52,743.85,4.36,103.54,0.0648,20.14,12.37,21.34,75.0,1500.0,15.2,battery_alternator_fail,0.79
fault_battery_alternator_fail_2,1634,1789813599.4219189,4670.8,126.56,740.25,4.34,103.54,0.0687,20.22,12.36,21.13,75.0,1500.0,15.2,battery_alternator_fail,0.79
fault_battery_alternator_fail_2,1635,1789813600.4219189,4690.5,126.33,740.12,4.34,103.56,0.0598,20.22,12.36,21.24,75.0,1500.0,15.2,battery_alternator_fail,0.79
fault_battery_alternator_fail_2,1636,1789813601.4219189,4703.4,126.44,736.74,4.36,103.45,0.0637,20.1,12.36,21.18,75.0,1500.0,15.2,battery_alternator_fail,0.79
fault_battery_alternator_fail_2,1637,1789813602.4219189,4683.7,126.7,734.77,4.36,103.52,0.0722,20.2,12.36,20.97,75.0,1500.0,15.2,battery_alternator_fail,0.79
fault_battery_alternator_fail_2,1638,1789813603.4219189,4673.7,126.5,730.95,4.36,103.68,0.0659,20.14,12.36,21.31,75.0,1500.0,15.2,battery_alternator_fail,0.79
fault_battery_alternator_fail_2,1639,1789813604.4219189,4687.8,126.46,728.63,4.37,103.67,0.0699,20.3,12.35,21.12,75.0,1500.0,15.2,battery_alternator_fail,0.79
fault_battery_alternator_fail_2,1640,1789813605.4219189,4705.3,126.58,729.67,4.36,103.68,0.0757,20.24,12.35,21.29,75.0,1500.0,15.2,battery_alternator_fail,0.79
fault_battery_alternator_fail_2,1641,1789813606.4219189,4736.8,126.67,736.23,4.3,103.75,0.0778,20.31,12.35,21.39,75.0,1500.0,15.2,battery_alternator_fail,0.79
fault_battery_alternator_fail_2,1642,1789813607.4219189,4735.7,126.58,731.98,4.24,103.72,0.0769,20.23,12.35,21.26,75.0,1500.0,15.2,battery_alternator_fail,0.79
fault_battery_alternator_fail_2,1643,1789813608.4219189,4724.9,126.46,729.24,4.16,103.66,0.0718,20.22,12.35,21.89,75.0,1500.0,15.2,battery_alternator_fail,0.79
fault_battery_alternator_fail_2,1644,1789813609.4219189,4728.1,126.57,726.29,4.23,103.63,0.0693,20.14,12.34,21.31,75.0,1500.0,15.2,battery_alternator_fail,0.79
fault_battery_alternator_fail_2,1645,1789813610.4219189,4738.9,126.62,731.96,4.25,103.71,0.066,20.27,12.34,21.14,75.0,1500.0,15.2,battery_alternator_fail,0.79
fault_battery_alternator_fail_2,1646,1789813611.4219189,4746.3,126.67,733.53,4.26,103.66,0.0651,20.38,12.34,21.01,75.0,1500.0,15.2,battery_alternator_fail,0.79
fault_battery_alternator_fail_2,1647,1789813612.4219189,4756.2,126.45,737.61,4.28,103.69,0.0672,20.27,12.34,20.92,75.0,1500.0,15.2,battery_alternator_fail,0.79
fault_battery_alternator_fail_2,1648,1789813613.4219189,4736.8,126.23,733.09,4.36,103.69,0.0679,20.21,12.34,21.27,75.0,1500.0,15.2,battery_alternator_fail,0.79
fault_battery_alternator_fail_2,1649,1789813614.4219189,4744.0,126.69,735.31,4.35,103.73,0.0623,20.23,12.33,21.35,75.0,1500.0,15.2,battery_alternator_fail,0.79
fault_battery_alternator_fail_2,1650,1789813615.4219189,4737.0,126.78,738.4,4.37,103.73,0.0674,19.95,12.33,21.74,75.0,1500.0,15.2,battery_alternator_fail,0.79
fault_battery_alternator_fail_2,1651,1789813616.4219189,4694.1,126.47,740.47,4.28,103.65,0.065,20.04,12.33,21.39,75.0,1500.0,15.2,battery_alternator_fail,0.79
fault_battery_alternator_fail_2,1652,1789813617.4219189,4703.8,126.43,741.94,4.31,103.83,0.0669,19.88,12.33,21.29,75.0,1500.0,15.2,battery_alternator_fail,0.79
fault_battery_alternator_fail_2,1653,1789813618.4219189,4677.5,126.46,739.88,4.2,103.78,0.0685,19.93,12.33,21.01,75.0,1500.0,15.2,battery_alternator_fail,0.79
fault_battery_alternator_fail_2,1654,1789813619.4219189,4681.4,126.72,739.72,4.09,103.75,0.0719,19.87,12.32,20.84,75.0,1500.0,15.2,battery_alternator_fail,0.79
fault_battery_alternator_fail_2,1655,1789813620.4219189,4670.7,127.12,747.34,4.11,103.89,0.074,20.02,12.32,21.16,75.0,1500.0,15.2,battery_alternator_fail,0.79
fault_battery_alternator_fail_2,1656,1789813621.4219189,4684.5,127.19,747.13,4.22,103.89,0.0703,20.07,12.32,21.38,75.0,1500.0,15.2,battery_alternator_fail,0.79
fault_battery_alternator_fail_2,1657,1789813622.4219189,4690.8,127.38,745.15,4.24,104.02,0.0768,20.03,12.32,21.3,75.0,1500.0,15.2,battery_alternator_fail,0.79
fault_battery_alternator_fail_2,1658,1789813623.4219189,4694.3,127.14,744.07,4.3,104.16,0.0769,20.03,12.31,21.43,75.0,1500.0,15.2,battery_alternator_fail,0.79
fault_battery_alternator_fail_2,1659,1789813624.4219189,4673.6,127.33,745.33,4.29,104.14,0.0637,20.18,12.31,21.55,75.0,1500.0,15.2,battery_alternator_fail,0.79
fault_battery_alternator_fail_2,1660,1789813625.4219189,4664.2,127.34,742.24,4.4,104.07,0.0668,20.14,12.31,21.18,75.0,1500.0,15.2,battery_alternator_fail,0.79
fault_battery_alternator_fail_2,1661,1789813626.4219189,4686.5,127.31,746.23,4.45,103.93,0.0665,20.49,12.31,21.09,75.0,1500.0,15.2,battery_alternator_fail,0.79
fault_battery_alternator_fail_2,1662,1789813627.4219189,4711.7,127.25,745.62,4.43,103.82,0.0768,20.33,12.31,21.1,75.0,1500.0,15.2,battery_alternator_fail,0.79
fault_battery_alternator_fail_2,1663,1789813628.4219189,4706.1,127.21,750.64,4.42,103.61,0.0685,20.27,12.3,20.79,75.0,1500.0,15.2,battery_alternator_fail,0.79
fault_battery_alternator_fail_2,1664,1789813629.4219189,4729.9,126.94,751.41,4.43,103.72,0.0682,20.29,12.3,20.89,75.0,1500.0,15.2,battery_alternator_fail,0.79
fault_battery_alternator_fail_2,1665,1789813630.4219189,4733.3,126.65,752.26,4.37,103.71,0.0749,20.32,12.3,21.14,75.0,1500.0,15.2,battery_alternator_fail,0.79
fault_battery_alternator_fail_2,1666,1789813631.4219189,4722.7,126.26,750.72,4.36,103.41,0.0734,20.33,12.3,21.09,75.0,1500.0,15.2,battery_alternator_fail,0.79
fault_battery_alternator_fail_2,1667,1789813632.4219189,4717.2,126.48,748.96,4.39,103.51,0.0678,20.21,12.3,21.2,75.0,1500.0,15.2,battery_alternator_fail,0.79
fault_battery_alternator_fail_2,1668,1789813633.4219189,4702.5,126.58,748.81,4.39,103.48,0.08,20.35,12.29,21.58,75.0,1500.0,15.2,battery_alternator_fail,0.79
fault_battery_alternator_fail_2,1669,1789813634.4219189,4681.5,126.77,751.23,4.35,103.49,0.079,20.32,12.29,21.55,75.0,1500.0,15.2,battery_alternator_fail,0.79
fault_battery_alternator_fail_2,1670,1789813635.4219189,4679.8,126.37,745.87,4.3,103.48,0.0685,20.4,12.29,21.18,75.0,1500.0,15.2,battery_alternator_fail,0.79
fault_battery_alternator_fail_2,1671,1789813636.4219189,4674.6,126.58,743.62,4.32,103.79,0.0679,20.5,12.29,21.28,75.0,1500.0,15.2,battery_alternator_fail,0.79
fault_battery_alternator_fail_2,1672,1789813637.4219189,4677.9,126.62,743.16,4.3,103.7,0.0772,20.45,12.29,21.33,75.0,1500.0,15.2,battery_alternator_fail,0.79
fault_battery_alternator_fail_2,1673,1789813638.4219189,4677.9,126.51,739.74,4.35,103.58,0.0773,20.51,12.28,21.01,75.0,1500.0,15.2,battery_alternator_fail,0.79
fault_battery_alternator_fail_2,1674,1789813639.4219189,4685.1,126.13,744.32,4.32,103.53,0.0743,20.38,12.28,21.49,75.0,1500.0,15.2,battery_alternator_fail,0.79
fault_battery_alternator_fail_2,1675,1789813640.4219189,4683.2,126.18,738.92,4.29,103.5,0.0785,20.35,12.28,21.53,75.0,1500.0,15.2,battery_alternator_fail,0.79
fault_battery_alternator_fail_2,1676,1789813641.4219189,4677.5,125.7,735.69,4.25,103.39,0.0698,20.25,12.28,21.48,75.0,1500.0,15.2,battery_alternator_fail,0.79
fault_battery_alternator_fail_2,1677,1789813642.4219189,4680.6,125.43,741.87,4.32,103.34,0.0583,20.38,12.28,21.29,75.0,1500.0,15.2,battery_alternator_fail,0.79
fault_battery_alternator_fail_2,1678,1789813643.4219189,4686.3,125.21,748.49,4.34,103.06,0.066,20.48,12.27,21.16,75.0,1500.0,15.2,battery_alternator_fail,0.79
fault_battery_alternator_fail_2,1679,1789813644.4219189,4685.8,125.49,749.28,4.33,102.94,0.0776,20.54,12.27,21.21,75.0,1500.0,15.2,battery_alternator_fail,0.79
fault_battery_alternator_fail_2,1680,1789813645.4219189,4677.6,125.53,745.57,4.32,102.98,0.0728,20.57,12.27,21.24,75.0,1500.0,15.2,battery_alternator_fail,0.79
fault_battery_alternator_fail_2,1681,1789813646.4219189,4696.9,125.5,742.96,4.34,102.98,0.0702,20.51,12.27,20.93,75.0,1500.0,15.2,battery_alternator_fail,0.79
fault_battery_alternator_fail_2,1682,1789813647.4219189,4708.5,125.64,745.97,4.31,102.96,0.0696,20.59,12.27,20.83,75.0,1500.0,15.2,battery_alternator_fail,0.79
fault_battery_alternator_fail_2,1683,1789813648.4219189,4706.8,126.43,739.74,4.31,102.97,0.0763,20.54,12.26,20.85,75.0,1500.0,15.2,battery_alternator_fail,0.79
fault_battery_alternator_fail_2,1684,1789813649.4219189,4705.7,126.66,743.51,4.34,103.01,0.0725,20.46,12.26,21.39,75.0,1500.0,15.2,battery_alternator_fail,0.79
fault_battery_alternator_fail_2,1685,1789813650.4219189,4692.5,126.63,740.48,4.36,103.01,0.0725,20.45,12.26,21.19,75.0,1500.0,15.2,battery_alternator_fail,0.79
fault_battery_alternator_fail_2,1686,1789813651.4219189,4686.7,126.46,739.09,4.3,103.22,0.0778,20.49,12.26,21.35,75.0,1500.0,15.2,battery_alternator_fail,0.79
fault_battery_alternator_fail_2,1687,1789813652.4219189,4686.4,126.47,744.84,4.35,103.2,0.0727,20.42,12.26,21.31,75.0,1500.0,15.2,battery_alternator_fail,0.79
fault_battery_alternator_fail_2,1688,1789813653.4219189,4686.0,126.26,745.53,4.38,103.36,0.0755,20.29,12.25,21.35,75.0,1500.0,15.2,battery_alternator_fail,0.79
fault_battery_alternator_fail_2,1689,1789813654.4219189,4702.1,126.14,741.77,4.38,103.51,0.0653,20.26,12.25,21.29,75.0,1500.0,15.2,battery_alternator_fail,0.79
fault_battery_alternator_fail_2,1690,1789813655.4219189,4693.8,126.28,745.3,4.43,103.64,0.0695,20.24,12.25,21.56,75.0,1500.0,15.2,battery_alternator_fail,0.79
fault_battery_alternator_fail_2,1691,1789813656.4219189,4726.3,126.28,743.62,4.45,103.66,0.0636,20.05,12.25,21.22,75.0,1500.0,15.2,battery_alternator_fail,0.79
fault_battery_alternator_fail_2,1692,1789813657.4219189,4714.6,126.59,747.03,4.37,103.5,0.068,20.12,12.25,20.88,75.0,1500.0,15.2,battery_alternator_fail,0.79
fault_battery_alternator_fail_2,1693,1789813658.4219189,4725.6,127.08,743.03,4.43,103.67,0.0693,20.27,12.24,21.03,75.0,1500.0,15.2,battery_alternator_fail,0.79
fault_battery_alternator_fail_2,1694,1789813659.4219189,4747.7,126.76,744.08,4.29,103.71,0.0708,20.15,12.24,21.12,75.0,1500.0,15.2,battery_alternator_fail,0.79
fault_battery_alternator_fail_2,1695,1789813660.4219189,4747.1,126.45,739.46,4.3,103.67,0.0844,20.21,12.24,21.42,75.0,1500.0,15.2,battery_alternator_fail,0.79
fault_battery_alternator_fail_2,1696,1789813661.4219189,4739.7,126.65,738.68,4.38,103.61,0.0728,20.38,12.24,21.37,75.0,1500.0,15.2,battery_alternator_fail,0.79
fault_battery_alternator_fail_2,1697,1789813662.4219189,4711.1,127.18,738.83,4.27,103.45,0.0704,20.27,12.24,21.43,75.0,1500.0,15.2,battery_alternator_fail,0.79
fault_battery_alternator_fail_2,1698,1789813663.4219189,4695.1,127.1,748.37,4.31,103.36,0.0693,20.26,12.23,20.91,75.0,1500.0,15.2,battery_alternator_fail,0.79
fault_battery_alternator_fail_2,1699,1789813664.4219189,4661.6,126.8,745.18,4.3,103.33,0.0672,20.44,12.23,21.69,75.0,1500.0,15.2,battery_alternator_fail,0.79
fault_battery_alternator_fail_2,1700,1789813665.4219189,4660.3,126.93,743.03,4.32,103.36,0.0721,20.34,12.23,21.26,75.0,1500.0,15.2,battery_alternator_fail,0.79
fault_battery_alternator_fail_2,1701,1789813666.4219189,4679.8,127.06,744.46,4.33,103.26,0.0694,20.25,12.23,21.25,75.0,1500.0,15.2,battery_alternator_fail,0.79
fault_battery_alternator_fail_2,1702,1789813667.4219189,4694.4,126.95,747.1,4.36,103.33,0.0631,20.18,12.23,21.2,75.0,1500.0,15.2,battery_alternator_fail,0.79
fault_battery_alternator_fail_2,1703,1789813668.4219189,4704.1,126.81,743.26,4.29,103.39,0.0669,20.02,12.22,20.82,75.0,1500.0,15.2,battery_alternator_fail,0.79
fault_battery_alternator_fail_2,1704,1789813669.4219189,4707.8,126.8,747.33,4.4,103.5,0.0672,20.03,12.22,20.96,75.0,1500.0,15.2,battery_alternator_fail,0.79
fault_battery_alternator_fail_2,1705,1789813670.4219189,4714.2,126.69,748.52,4.41,103.47,0.0601,20.08,12.22,21.29,75.0,1500.0,15.2,battery_alternator_fail,0.79
fault_battery_alternator_fail_2,1706,1789813671.4219189,4694.8,126.63,748.9,4.43,103.53,0.0726,20.03,12.22,21.14,75.0,1500.0,15.2,battery_alternator_fail,0.79
fault_battery_alternator_fail_2,1707,1789813672.4219189,4698.2,126.69,742.21,4.49,103.41,0.0651,19.94,12.22,20.99,75.0,1500.0,15.2,battery_alternator_fail,0.79
fault_battery_alternator_fail_2,1708,1789813673.4219189,4683.8,126.84,745.5,4.44,103.31,0.065,19.88,12.21,20.67,75.0,1500.0,15.2,battery_alternator_fail,0.79
fault_battery_alternator_fail_2,1709,1789813674.4219189,4685.7,126.89,745.1,4.44,103.6,0.0727,19.9,12.21,20.84,75.0,1500.0,15.2,battery_alternator_fail,0.79
fault_battery_alternator_fail_2,1710,1789813675.4219189,4653.9,126.57,745.77,4.45,103.55,0.0678,20.05,12.21,20.76,75.0,1500.0,15.2,battery_alternator_fail,0.79
fault_battery_alternator_fail_2,1711,1789813676.4219189,4657.6,126.64,748.42,4.46,103.63,0.076,20.1,12.21,21.02,75.0,1500.0,15.2,battery_alternator_fail,0.79
fault_battery_alternator_fail_2,1712,1789813677.4219189,4655.4,126.82,744.86,4.45,103.79,0.082,20.08,12.2,21.03,75.0,1500.0,15.2,battery_alternator_fail,0.79
fault_battery_alternator_fail_2,1713,1789813678.4219189,4676.5,126.67,743.59,4.44,103.84,0.0809,20.23,12.2,21.12,75.0,1500.0,15.2,battery_alternator_fail,0.79
fault_battery_alternator_fail_2,1714,1789813679.4219189,4678.9,126.82,747.1,4.38,103.95,0.0773,20.3,12.2,21.22,75.0,1500.0,15.2,battery_alternator_fail,0.79
fault_battery_alternator_fail_2,1715,1789813680.4219189,4675.5,127.16,744.03,4.53,104.0,0.0749,20.45,12.2,21.28,75.0,1500.0,15.2,battery_alternator_fail,0.79
fault_battery_alternator_fail_2,1716,1789813681.4219189,4656.9,126.7,743.4,4.4,104.01,0.0743,20.5,12.2,21.22,75.0,1500.0,15.2,battery_alternator_fail,0.79
fault_battery_alternator_fail_2,1717,1789813682.4219189,4667.8,126.74,738.11,4.47,104.07,0.0634,20.58,12.19,20.85,75.0,1500.0,15.2,battery_alternator_fail,0.79
fault_battery_alternator_fail_2,1718,1789813683.4219189,4668.9,126.61,738.35,4.37,104.09,0.0661,20.52,12.19,20.95,75.0,1500.0,15.2,battery_alternator_fail,0.79
fault_battery_alternator_fail_2,1719,1789813684.4219189,4669.9,126.55,739.56,4.3,104.07,0.0678,20.73,12.19,21.16,75.0,1500.0,15.2,battery_alternator_fail,0.79
fault_battery_alternator_fail_2,1720,1789813685.4219189,4691.9,126.82,736.93,4.38,103.94,0.0771,20.62,12.19,21.51,75.0,1500.0,15.2,battery_alternator_fail,0.79
fault_battery_alternator_fail_2,1721,1789813686.4219189,4686.1,126.84,738.1,4.43,104.0,0.0834,20.58,12.19,21.41,75.0,1500.0,15.2,battery_alternator_fail,0.79
fault_battery_alternator_fail_2,1722,1789813687.4219189,4683.2,126.25,741.04,4.4,103.9,0.0732,20.44,12.18,21.26,75.0,1500.0,15.2,battery_alternator_fail,0.79
fault_battery_alternator_fail_2,1723,1789813688.4219189,4687.5,126.53,738.66,4.36,103.97,0.0707,20.34,12.18,21.22,75.0,1500.0,15.2,battery_alternator_fail,0.79
fault_battery_alternator_fail_2,1724,1789813689.4219189,4693.8,126.6,740.87,4.3,104.11,0.0703,20.34,12.18,21.6,75.0,1500.0,15.2,battery_alternator_fail,0.79
fault_battery_alternator_fail_2,1725,1789813690.4219189,4698.4,126.49,741.54,4.29,104.02,0.0742,20.12,12.18,20.89,75.0,1500.0,15.2,battery_alternator_fail,0.79
fault_battery_alternator_fail_2,1726,1789813691.4219189,4700.7,126.42,739.5,4.21,104.13,0.0716,20.05,12.18,21.03,75.0,1500.0,15.2,battery_alternator_fail,0.79
fault_battery_alternator_fail_2,1727,1789813692.4219189,4682.8,126.45,747.62,4.27,103.92,0.0669,20.1,12.17,20.98,75.0,1500.0,15.2,battery_alternator_fail,0.79
fault_battery_alternator_fail_2,1728,1789813693.4219189,4700.7,126.2,742.74,4.32,103.96,0.0679,20.07,12.17,20.84,75.0,1500.0,15.2,battery_alternator_fail,0.79
fault_battery_alternator_fail_2,1729,1789813694.4219189,4697.5,126.19,748.26,4.36,103.91,0.0674,20.16,12.17,21.02,75.0,1500.0,15.2,battery_alternator_fail,0.79
fault_battery_alternator_fail_2,1730,1789813695.4219189,4698.8,125.97,747.03,4.48,103.9,0.0753,20.04,12.17,21.04,75.0,1500.0,15.2,battery_alternator_fail,0.79
fault_battery_alternator_fail_2,1731,1789813696.4219189,4688.9,125.91,743.88,4.48,103.93,0.0662,20.05,12.17,21.05,75.0,1500.0,15.2,battery_alternator_fail,0.79
fault_battery_alternator_fail_2,1732,1789813697.4219189,4687.5,126.02,746.17,4.4,103.91,0.0657,20.08,12.16,21.28,75.0,1500.0,15.2,battery_alternator_fail,0.79
fault_battery_alternator_fail_2,1733,1789813698.4219189,4697.6,126.21,744.97,4.37,103.88,0.0723,20.3,12.16,21.34,75.0,1500.0,15.2,battery_alternator_fail,0.79
fault_battery_alternator_fail_2,1734,1789813699.4219189,4707.3,126.26,742.04,4.31,103.85,0.0723,20.1,12.16,21.02,75.0,1500.0,15.2,battery_alternator_fail,0.79
fault_battery_alternator_fail_2,1735,1789813700.4219189,4712.3,126.42,743.39,4.34,103.89,0.0696,20.24,12.16,21.02,75.0,1500.0,15.2,battery_alternator_fail,0.79
fault_battery_alternator_fail_2,1736,1789813701.4219189,4700.9,126.52,740.03,4.37,104.0,0.0779,20.4,12.16,21.04,75.0,1500.0,15.2,battery_alternator_fail,0.79
fault_battery_alternator_fail_2,1737,1789813702.4219189,4676.2,126.56,733.0,4.36,103.98,0.0725,20.31,12.15,21.23,75.0,1500.0,15.2,battery_alternator_fail,0.79
fault_battery_alternator_fail_2,1738,1789813703.4219189,4669.5,126.33,739.83,4.35,103.93,0.0832,20.35,12.15,21.39,75.0,1500.0,15.2,battery_alternator_fail,0.79
fault_battery_alternator_fail_2,1739,1789813704.4219189,4688.8,126.35,739.5,4.34,103.92,0.0803,20.4,12.15,21.35,75.0,1500.0,15.2,battery_alternator_fail,0.79
fault_battery_alternator_fail_2,1740,1789813705.4219189,4681.3,126.44,743.95,4.4,103.92,0.0736,20.29,12.15,21.42,75.0,1500.0,15.2,battery_alternator_fail,0.79
fault_battery_alternator_fail_2,1741,1789813706.4219189,4688.3,126.42,739.53,4.34,103.94,0.0784,20.35,12.15,21.19,75.0,1500.0,15.2,battery_alternator_fail,0.79
fault_battery_alternator_fail_2,1742,1789813707.4219189,4705.5,126.66,740.18,4.37,103.79,0.0763,20.37,12.14,20.78,75.0,1500.0,15.2,battery_alternator_fail,0.79
fault_battery_alternator_fail_2,1743,1789813708.4219189,4714.3,126.76,742.55,4.45,103.76,0.0859,20.32,12.14,20.82,75.0,1500.0,15.2,battery_alternator_fail,0.79
fault_battery_alternator_fail_2,1744,1789813709.4219189,4731.0,126.81,744.84,4.41,103.96,0.0793,20.48,12.14,20.98,75.0,1500.0,15.2,battery_alternator_fail,0.79
fault_battery_alternator_fail_2,1745,1789813710.4219189,4723.1,126.77,744.09,4.48,104.05,0.0809,20.51,12.14,21.53,75.0,1500.0,15.2,battery_alternator_fail,0.79
fault_battery_alternator_fail_2,1746,1789813711.4219189,4729.4,126.59,745.13,4.44,103.88,0.0732,20.43,12.14,21.5,75.0,1500.0,15.2,battery_alternator_fail,0.79
fault_battery_alternator_fail_2,1747,1789813712.4219189,4729.5,126.43,743.78,4.44,103.54,0.0735,20.35,12.13,21.47,75.0,1500.0,15.2,battery_alternator_fail,0.79
fault_battery_alternator_fail_2,1748,1789813713.4219189,4720.4,126.59,742.98,4.46,103.52,0.0724,20.35,12.13,21.24,75.0,1500.0,15.2,battery_alternator_fail,0.79
fault_battery_alternator_fail_2,1749,1789813714.4219189,4701.2,126.15,740.25,4.39,103.49,0.0743,20.18,12.13,21.28,75.0,1500.0,15.2,battery_alternator_fail,0.79
fault_battery_alternator_fail_2,1750,1789813715.4219189,4673.6,126.06,738.95,4.33,103.41,0.0743,20.09,12.13,21.23,75.0,1500.0,15.2,battery_alternator_fail,0.79
fault_battery_alternator_fail_2,1751,1789813716.4219189,4669.2,126.6,749.98,4.4,103.44,0.0681,19.96,12.13,20.92,75.0,1500.0,15.2,battery_alternator_fail,0.79
fault_battery_alternator_fail_2,1752,1789813717.4219189,4650.9,126.52,743.68,4.43,103.44,0.0629,20.19,12.12,20.83,75.0,1500.0,15.2,battery_alternator_fail,0.79
fault_battery_alternator_fail_2,1753,1789813718.4219189,4633.0,126.22,740.05,4.45,103.49,0.0653,20.13,12.12,21.01,75.0,1500.0,15.2,battery_alternator_fail,0.79
fault_battery_alternator_fail_2,1754,1789813719.4219189,4635.9,126.36,739.24,4.38,103.43,0.0689,20.0,12.12,20.98,75.0,1500.0,15.2,battery_alternator_fail,0.79
fault_battery_alternator_fail_2,1755,1789813720.4219189,4645.8,126.33,738.52,4.35,103.25,0.0706,20.01,12.12,20.72,75.0,1500.0,15.2,battery_alternator_fail,0.79
fault_battery_alternator_fail_2,1756,1789813721.4219189,4655.6,126.7,742.65,4.26,103.25,0.0752,20.0,12.12,21.28,75.0,1500.0,15.2,battery_alternator_fail,0.79
fault_battery_alternator_fail_2,1757,1789813722.4219189,4669.4,126.63,745.63,4.31,103.29,0.0768,20.0,12.11,21.29,75.0,1500.0,15.2,battery_alternator_fail,0.79
fault_battery_alternator_fail_2,1758,1789813723.4219189,4663.5,126.6,747.1,4.35,103.55,0.0742,20.15,12.11,21.44,75.0,1500.0,15.2,battery_alternator_fail,0.79
fault_battery_alternator_fail_2,1759,1789813724.4219189,4700.1,126.43,744.82,4.41,103.62,0.0694,20.21,12.11,21.42,75.0,1500.0,15.2,battery_alternator_fail,0.79
fault_battery_alternator_fail_2,1760,1789813725.4219189,4695.2,126.5,743.75,4.28,103.67,0.0729,20.24,12.11,21.35,75.0,1500.0,15.2,battery_alternator_fail,0.79
fault_battery_alternator_fail_2,1761,1789813726.4219189,4700.3,126.56,744.9,4.27,103.67,0.0718,20.47,12.11,21.34,75.0,1500.0,15.2,battery_alternator_fail,0.79
fault_battery_alternator_fail_2,1762,1789813727.4219189,4702.7,126.43,745.07,4.3,103.44,0.0712,20.41,12.1,21.22,75.0,1500.0,15.2,battery_alternator_fail,0.79
fault_battery_alternator_fail_2,1763,1789813728.4219189,4704.9,126.59,744.57,4.38,103.49,0.0679,20.3,12.1,21.45,75.0,1500.0,15.2,battery_alternator_fail,0.79
fault_battery_alternator_fail_2,1764,1789813729.4219189,4706.8,126.18,746.53,4.46,103.56,0.0631,20.24,12.1,21.22,75.0,1500.0,15.2,battery_alternator_fail,0.79
fault_battery_alternator_fail_2,1765,1789813730.4219189,4695.9,126.15,747.98,4.4,103.48,0.066,20.26,12.1,21.23,75.0,1500.0,15.2,battery_alternator_fail,0.79
fault_battery_alternator_fail_2,1766,1789813731.4219189,4680.9,126.47,754.17,4.38,103.67,0.0744,20.12,12.1,21.16,75.0,1500.0,15.2,battery_alternator_fail,0.79
fault_battery_alternator_fail_2,1767,1789813732.4219189,4668.2,126.48,746.43,4.39,103.77,0.0658,20.0,12.09,21.47,75.0,1500.0,15.2,battery_alternator_fail,0.79
fault_battery_alternator_fail_2,1768,1789813733.4219189,4679.0,126.39,741.78,4.43,103.78,0.0704,20.09,12.09,20.94,75.0,1500.0,15.2,battery_alternator_fail,0.79
fault_battery_alternator_fail_2,1769,1789813734.4219189,4691.8,126.23,740.07,4.56,103.69,0.0837,20.04,12.09,20.98,75.0,1500.0,15.2,battery_alternator_fail,0.79
fault_battery_alternator_fail_2,1770,1789813735.4219189,4696.9,126.29,742.92,4.51,103.62,0.086,20.1,12.09,20.94,75.0,1500.0,15.2,battery_alternator_fail,0.79
fault_battery_alternator_fail_2,1771,1789813736.4219189,4696.5,126.31,745.58,4.43,103.61,0.0804,20.08,12.08,21.05,75.0,1500.0,15.2,battery_alternator_fail,0.79
fault_battery_alternator_fail_2,1772,1789813737.4219189,4691.8,125.68,743.21,4.49,103.69,0.0761,20.13,12.08,21.17,75.0,1500.0,15.2,battery_alternator_fail,0.79
fault_battery_alternator_fail_2,1773,1789813738.4219189,4682.4,125.7,743.44,4.47,103.8,0.0718,20.09,12.08,21.12,75.0,1500.0,15.2,battery_alternator_fail,0.79
fault_battery_alternator_fail_2,1774,1789813739.4219189,4707.5,125.44,745.48,4.46,103.88,0.0767,20.19,12.08,20.95,75.0,1500.0,15.2,battery_alternator_fail,0.79
fault_battery_alternator_fail_2,1775,1789813740.4219189,4724.4,125.95,745.0,4.44,103.81,0.0731,20.37,12.08,20.97,75.0,1500.0,15.2,battery_alternator_fail,0.79
fault_battery_alternator_fail_2,1776,1789813741.4219189,4724.9,126.09,744.43,4.47,103.77,0.0695,20.44,12.07,21.1,75.0,1500.0,15.2,battery_alternator_fail,0.79
fault_battery_alternator_fail_2,1777,1789813742.4219189,4704.8,126.41,741.56,4.46,103.92,0.062,20.47,12.07,21.06,75.0,1500.0,15.2,battery_alternator_fail,0.79
fault_battery_alternator_fail_2,1778,1789813743.4219189,4704.2,126.16,742.74,4.44,104.02,0.0664,20.39,12.07,20.64,75.0,1500.0,15.2,battery_alternator_fail,0.79
fault_battery_alternator_fail_2,1779,1789813744.4219189,4702.2,126.18,747.06,4.46,104.18,0.0816,20.31,12.07,20.59,75.0,1500.0,15.2,battery_alternator_fail,0.79
fault_battery_alternator_fail_2,1780,1789813745.4219189,4699.4,126.47,745.6,4.37,104.07,0.0772,20.31,12.07,20.97,75.0,1500.0,15.2,battery_alternator_fail,0.79
fault_battery_alternator_fail_2,1781,1789813746.4219189,4711.8,126.62,748.01,4.35,104.19,0.0765,20.33,12.06,21.06,75.0,1500.0,15.2,battery_alternator_fail,0.79
fault_battery_alternator_fail_2,1782,1789813747.4219189,4707.4,126.6,739.37,4.37,104.14,0.0791,20.27,12.06,21.04,75.0,1500.0,15.2,battery_alternator_fail,0.79
fault_battery_alternator_fail_2,1783,1789813748.4219189,4682.4,126.91,737.56,4.41,104.14,0.078,20.13,12.06,21.01,75.0,1500.0,15.2,battery_alternator_fail,0.79
fault_battery_alternator_fail_2,1784,1789813749.4219189,4680.3,126.83,739.22,4.35,104.16,0.0812,20.11,12.06,20.75,75.0,1500.0,15.2,battery_alternator_fail,0.79
fault_battery_alternator_fail_2,1785,1789813750.4219189,4686.9,126.57,739.27,4.33,104.12,0.0682,20.14,12.06,20.83,75.0,1500.0,15.2,battery_alternator_fail,0.79
fault_battery_alternator_fail_2,1786,1789813751.4219189,4687.5,126.5,739.87,4.32,104.04,0.0685,20.06,12.05,20.8,75.0,1500.0,15.2,battery_alternator_fail,0.79
fault_battery_alternator_fail_2,1787,1789813752.4219189,4689.6,126.53,736.66,4.3,104.08,0.0831,20.09,12.05,20.97,75.0,1500.0,15.2,battery_alternator_fail,0.79
fault_battery_alternator_fail_2,1788,1789813753.4219189,4716.8,126.46,734.17,4.31,104.09,0.0744,20.09,12.05,21.32,75.0,1500.0,15.2,battery_alternator_fail,0.79
fault_battery_alternator_fail_2,1789,1789813754.4219189,4707.1,126.57,735.42,4.28,104.09,0.068,20.1,12.05,21.19,75.0,1500.0,15.2,battery_alternator_fail,0.79
fault_battery_alternator_fail_2,1790,1789813755.4219189,4717.7,126.68,741.3,4.28,104.06,0.067,20.19,12.05,21.16,75.0,1500.0,15.2,battery_alternator_fail,0.79
fault_battery_alternator_fail_2,1791,1789813756.4219189,4714.2,126.67,738.12,4.24,104.09,0.0693,20.33,12.04,21.09,75.0,1500.0,15.2,battery_alternator_fail,0.79
fault_battery_alternator_fail_2,1792,1789813757.4219189,4708.5,126.57,739.31,4.25,103.99,0.0643,20.39,12.04,21.05,75.0,1500.0,15.2,battery_alternator_fail,0.79
fault_battery_alternator_fail_2,1793,1789813758.4219189,4732.9,126.65,738.98,4.18,103.95,0.0739,20.45,12.04,21.4,75.0,1500.0,15.2,battery_alternator_fail,0.79
fault_battery_alternator_fail_2,1794,1789813759.4219189,4727.0,127.1,743.04,4.22,103.99,0.0863,20.45,12.04,21.47,75.0,1500.0,15.2,battery_alternator_fail,0.79
fault_battery_alternator_fail_2,1795,1789813760.4219189,4714.6,126.72,740.1,4.29,104.07,0.0843,20.46,12.04,21.23,75.0,1500.0,15.2,battery_alternator_fail,0.79
fault_battery_alternator_fail_2,1796,1789813761.4219189,4728.3,126.5,739.89,4.2,104.23,0.0712,20.46,12.03,21.03,75.0,1500.0,15.2,battery_alternator_fail,0.79
fault_battery_alternator_fail_2,1797,1789813762.4219189,4721.0,126.44,739.07,4.28,104.1,0.0853,20.46,12.03,20.91,75.0,1500.0,15.2,battery_alternator_fail,0.79
fault_battery_alternator_fail_2,1798,1789813763.4219189,4707.2,126.0,736.65,4.3,104.16,0.0727,20.54,12.03,20.93,75.0,1500.0,15.2,battery_alternator_fail,0.79
fault_battery_alternator_fail_2,1799,1789813764.4219189,4726.8,126.25,734.32,4.23,104.07,0.0835,20.5,12.03,21.11,75.0,1500.0,15.2,battery_alternator_fail,0.79
fault_battery_alternator_fail_2,1800,1789813765.4219189,4724.8,126.54,733.99,4.31,104.22,0.0826,20.46,12.03,21.4,75.0,1500.0,15.2,battery_alternator_fail,0.79
fault_battery_alternator_fail_2,1801,1789813766.4219189,4730.7,126.8,728.05,4.36,104.25,0.0749,20.4,12.02,21.43,75.0,1500.0,15.2,battery_alternator_fail,0.79
fault_battery_alternator_fail_2,1802,1789813767.4219189,4713.4,126.41,731.62,4.26,104.26,0.0695,20.34,12.02,21.38,75.0,1500.0,15.2,battery_alternator_fail,0.79
fault_battery_alternator_fail_2,1803,1789813768.4219189,4704.3,126.46,732.13,4.21,104.1,0.0717,20.28,12.02,21.18,75.0,1500.0,15.2,battery_alternator_fail,0.79
fault_battery_alternator_fail_2,1804,1789813769.4219189,4714.2,126.56,735.36,4.26,104.04,0.0659,20.28,12.02,21.25,75.0,1500.0,15.2,battery_alternator_fail,0.79
fault_battery_alternator_fail_2,1805,1789813770.4219189,4708.4,126.58,733.0,4.24,104.02,0.0698,20.34,12.02,21.38,75.0,1500.0,15.2,battery_alternator_fail,0.79
fault_battery_alternator_fail_2,1806,1789813771.4219189,4697.4,126.73,733.34,4.36,104.02,0.0698,20.32,12.01,21.2,75.0,1500.0,15.2,battery_alternator_fail,0.79
fault_battery_alternator_fail_2,1807,1789813772.4219189,4707.4,126.89,734.05,4.32,103.95,0.0746,20.2,12.01,21.27,75.0,1500.0,15.2,battery_alternator_fail,0.79
fault_battery_alternator_fail_2,1808,1789813773.4219189,4696.2,127.19,733.74,4.33,103.7,0.0794,20.06,12.01,21.42,75.0,1500.0,15.2,battery_alternator_fail,0.79
fault_battery_alternator_fail_2,1809,1789813774.4219189,4700.4,127.17,737.38,4.4,103.76,0.0716,20.21,12.01,21.52,75.0,1500.0,15.2,battery_alternator_fail,0.79
fault_battery_alternator_fail_2,1810,1789813775.4219189,4703.0,127.28,738.72,4.47,103.69,0.078,20.04,12.01,21.63,75.0,1500.0,15.2,battery_alternator_fail,0.79
fault_battery_alternator_fail_2,1811,1789813776.4219189,4701.2,127.32,741.48,4.41,103.78,0.0703,20.07,12.0,21.39,75.0,1500.0,15.2,battery_alternator_fail,0.79
fault_battery_alternator_fail_2,1812,1789813777.4219189,4692.7,127.43,740.74,4.43,103.93,0.0777,20.2,12.0,21.29,75.0,1500.0,15.2,battery_alternator_fail,0.79
fault_battery_alternator_fail_2,1813,1789813778.4219189,4667.4,127.7,742.9,4.43,103.92,0.0758,20.17,12.0,21.15,75.0,1500.0,15.2,battery_alternator_fail,0.79
fault_battery_alternator_fail_2,1814,1789813779.4219189,4672.0,127.52,741.99,4.4,103.83,0.0702,20.16,12.0,21.2,75.0,1500.0,15.2,battery_alternator_fail,0.79
fault_battery_alternator_fail_2,1815,1789813780.4219189,4701.2,127.15,737.9,4.36,103.84,0.0652,20.24,12.0,21.39,75.0,1500.0,15.2,battery_alternator_fail,0.79
fault_battery_alternator_fail_2,1816,1789813781.4219189,4695.9,127.45,742.71,4.35,103.81,0.0715,20.09,11.99,21.54,75.0,1500.0,15.2,battery_alternator_fail,0.79
fault_battery_alternator_fail_2,1817,1789813782.4219189,4669.6,127.45,745.07,4.35,103.84,0.0722,20.09,11.99,21.35,75.0,1500.0,15.2,battery_alternator_fail,0.79
fault_battery_alternator_fail_2,1818,1789813783.4219189,4635.4,127.74,741.3,4.38,104.01,0.0628,20.2,11.99,21.11,75.0,1500.0,15.2,battery_alternator_fail,0.79
fault_battery_alternator_fail_2,1819,1789813784.4219189,4673.8,127.61,744.5,4.39,104.05,0.0644,20.3,11.99,21.28,75.0,1500.0,15.2,battery_alternator_fail,0.79
fault_battery_alternator_fail_2,1820,1789813785.4219189,4653.9,127.45,746.4,4.4,104.03,0.0636,20.21,11.99,21.06,75.0,1500.0,15.2,battery_alternator_fail,0.79
fault_battery_alternator_fail_2,1821,1789813786.4219189,4676.1,127.34,745.99,4.39,104.04,0.0732,20.18,11.98,21.27,75.0,1500.0,15.2,battery_alternator_fail,0.79
fault_battery_alternator_fail_2,1822,1789813787.4219189,4680.3,126.78,742.68,4.36,103.83,0.0816,20.22,11.98,21.28,75.0,1500.0,15.2,battery_alternator_fail,0.79
fault_battery_alternator_fail_2,1823,1789813788.4219189,4685.5,126.67,741.26,4.35,103.67,0.0786,20.18,11.98,21.23,75.0,1500.0,15.2,battery_alternator_fail,0.79
fault_battery_alternator_fail_2,1824,1789813789.4219189,4685.8,126.55,738.72,4.41,103.74,0.0772,20.06,11.98,21.19,75.0,1500.0,15.2,battery_alternator_fail,0.79
fault_battery_alternator_fail_2,1825,1789813790.4219189,4710.5,126.56,733.08,4.4,103.78,0.0783,20.12,11.98,20.81,75.0,1500.0,15.2,battery_alternator_fail,0.79
fault_battery_alternator_fail_2,1826,1789813791.4219189,4720.3,126.58,730.65,4.37,103.91,0.0851,20.34,11.97,20.85,75.0,1500.0,15.2,battery_alternator_fail,0.79
fault_battery_alternator_fail_2,1827,1789813792.4219189,4700.2,126.38,733.92,4.38,103.88,0.0804,20.41,11.97,21.21,75.0,1500.0,15.2,battery_alternator_fail,0.79
fault_battery_alternator_fail_2,1828,1789813793.4219189,4668.5,126.17,736.54,4.37,103.99,0.081,20.34,11.97,21.26,75.0,1500.0,15.2,battery_alternator_fail,0.79
fault_battery_alternator_fail_2,1829,1789813794.4219189,4640.7,126.3,734.82,4.31,104.02,0.0741,20.27,11.97,21.24,75.0,1500.0,15.2,battery_alternator_fail,0.79
fault_battery_alternator_fail_2,1830,1789813795.4219189,4654.2,126.34,736.85,4.24,103.91,0.0717,20.06,11.96,21.51,75.0,1500.0,15.2,battery_alternator_fail,0.79
fault_battery_alternator_fail_2,1831,1789813796.4219189,4637.1,126.58,733.4,4.25,103.83,0.074,20.02,11.96,20.93,75.0,1500.0,15.2,battery_alternator_fail,0.79
fault_battery_alternator_fail_2,1832,1789813797.4219189,4658.8,126.35,732.39,4.24,103.78,0.0729,20.05,11.96,20.8,75.0,1500.0,15.2,battery_alternator_fail,0.79
fault_battery_alternator_fail_2,1833,1789813798.4219189,4681.8,126.35,735.42,4.24,103.73,0.0657,20.22,11.96,20.95,75.0,1500.0,15.2,battery_alternator_fail,0.79
fault_battery_alternator_fail_2,1834,1789813799.4219189,4697.4,126.11,735.17,4.27,103.82,0.0621,20.23,11.96,21.4,75.0,1500.0,15.2,battery_alternator_fail,0.79
fault_battery_alternator_fail_2,1835,1789813800.4219189,4716.0,126.14,730.14,4.33,103.86,0.0612,20.46,11.95,21.31,75.0,1500.0,15.2,battery_alternator_fail,0.79
fault_battery_alternator_fail_2,1836,1789813801.4219189,4734.1,126.54,728.79,4.3,103.96,0.0607,20.33,11.95,21.24,75.0,1500.0,15.2,battery_alternator_fail,0.79
fault_battery_alternator_fail_2,1837,1789813802.4219189,4702.5,126.44,731.05,4.34,104.03,0.0649,20.21,11.95,21.59,75.0,1500.0,15.2,battery_alternator_fail,0.79
fault_battery_alternator_fail_2,1838,1789813803.4219189,4708.4,126.43,729.79,4.36,104.03,0.0664,20.19,11.95,21.78,75.0,1500.0,15.2,battery_alternator_fail,0.79
fault_battery_alternator_fail_2,1839,1789813804.4219189,4720.5,126.64,729.39,4.39,104.08,0.0745,20.17,11.95,21.43,75.0,1500.0,15.2,battery_alternator_fail,0.79
fault_battery_alternator_fail_2,1840,1789813805.4219189,4721.5,126.42,732.07,4.44,104.13,0.0782,19.95,11.94,21.04,75.0,1500.0,15.2,battery_alternator_fail,0.79
fault_battery_alternator_fail_2,1841,1789813806.4219189,4739.9,126.44,735.64,4.42,104.07,0.08,19.99,11.94,21.13,75.0,1500.0,15.2,battery_alternator_fail,0.79
fault_battery_alternator_fail_2,1842,1789813807.4219189,4745.7,126.06,735.05,4.5,103.81,0.0764,20.0,11.94,21.54,75.0,1500.0,15.2,battery_alternator_fail,0.79
fault_battery_alternator_fail_2,1843,1789813808.4219189,4744.6,125.94,732.18,4.52,103.94,0.0683,19.97,11.94,21.52,75.0,1500.0,15.2,battery_alternator_fail,0.79
fault_battery_alternator_fail_2,1844,1789813809.4219189,4743.9,126.11,733.64,4.46,103.84,0.0728,20.0,11.94,21.08,75.0,1500.0,15.2,battery_alternator_fail,0.79
fault_battery_alternator_fail_2,1845,1789813810.4219189,4749.3,126.21,736.1,4.47,103.88,0.0754,20.08,11.93,20.98,75.0,1500.0,15.2,battery_alternator_fail,0.79
fault_battery_alternator_fail_2,1846,1789813811.4219189,4729.9,126.11,737.4,4.43,103.89,0.0684,20.11,11.93,21.1,75.0,1500.0,15.2,battery_alternator_fail,0.79
fault_battery_alternator_fail_2,1847,1789813812.4219189,4719.6,126.17,738.23,4.38,103.95,0.0721,20.29,11.93,20.82,75.0,1500.0,15.2,battery_alternator_fail,0.79
fault_battery_alternator_fail_2,1848,1789813813.4219189,4710.0,125.92,735.6,4.42,103.79,0.0645,20.2,11.93,20.86,75.0,1500.0,15.2,battery_alternator_fail,0.79
fault_battery_alternator_fail_2,1849,1789813814.4219189,4712.2,125.79,736.72,4.32,103.72,0.0745,20.18,11.93,21.28,75.0,1500.0,15.2,battery_alternator_fail,0.79
fault_battery_alternator_fail_2,1850,1789813815.4219189,4701.6,125.82,737.27,4.29,103.8,0.0771,20.12,11.92,21.09,75.0,1500.0,15.2,battery_alternator_fail,0.79
fault_battery_alternator_fail_2,1851,1789813816.4219189,4680.0,125.97,736.94,4.36,103.92,0.0759,20.08,11.92,21.28,75.0,1500.0,15.2,battery_alternator_fail,0.79
fault_battery_alternator_fail_2,1852,1789813817.4219189,4650.5,125.71,738.42,4.34,104.03,0.0792,20.13,11.92,21.11,75.0,1500.0,15.2,battery_alternator_fail,0.79
fault_battery_alternator_fail_2,1853,1789813818.4219189,4665.7,125.76,738.86,4.34,103.85,0.0759,20.17,11.92,20.8,75.0,1500.0,15.2,battery_alternator_fail,0.79
fault_battery_alternator_fail_2,1854,1789813819.4219189,4672.7,125.79,735.94,4.31,103.72,0.0665,20.1,11.92,21.05,75.0,1500.0,15.2,battery_alternator_fail,0.79
fault_battery_alternator_fail_2,1855,1789813820.4219189,4659.9,125.65,736.95,4.23,103.5,0.0755,19.96,11.91,20.99,75.0,1500.0,15.2,battery_alternator_fail,0.79
fault_battery_alternator_fail_2,1856,1789813821.4219189,4665.9,125.72,741.49,4.28,103.54,0.0694,20.07,11.91,20.97,75.0,1500.0,15.2,battery_alternator_fail,0.79
fault_battery_alternator_fail_2,1857,1789813822.4219189,4676.2,125.67,745.47,4.3,103.54,0.0702,20.15,11.91,21.26,75.0,1500.0,15.2,battery_alternator_fail,0.79
fault_battery_alternator_fail_2,1858,1789813823.4219189,4668.4,125.97,745.21,4.34,103.45,0.072,20.2,11.91,20.97,75.0,1500.0,15.2,battery_alternator_fail,0.79
fault_battery_alternator_fail_2,1859,1789813824.4219189,4650.7,125.93,746.24,4.44,103.3,0.0674,20.14,11.91,21.01,75.0,1500.0,15.2,battery_alternator_fail,0.79
fault_battery_alternator_fail_2,1860,1789813825.4219189,4693.9,126.11,747.11,4.41,103.27,0.0818,20.25,11.9,20.87,75.0,1500.0,15.2,battery_alternator_fail,0.79
fault_battery_alternator_fail_2,1861,1789813826.4219189,4695.3,125.83,745.05,4.36,103.01,0.0752,20.35,11.9,21.12,75.0,1500.0,15.2,battery_alternator_fail,0.79
fault_battery_alternator_fail_2,1862,1789813827.4219189,4690.2,125.94,744.86,4.35,102.96,0.0745,20.44,11.9,21.08,75.0,1500.0,15.2,battery_alternator_fail,0.79
fault_battery_alternator_fail_2,1863,1789813828.4219189,4684.9,125.84,741.19,4.44,103.02,0.07,20.47,11.9,21.36,75.0,1500.0,15.2,battery_alternator_fail,0.79
fault_battery_alternator_fail_2,1864,1789813829.4219189,4715.1,125.8,738.02,4.3,102.98,0.0676,20.43,11.9,21.1,75.0,1500.0,15.2,battery_alternator_fail,0.79
fault_battery_alternator_fail_2,1865,1789813830.4219189,4745.6,126.08,734.92,4.35,103.06,0.0735,20.4,11.89,21.36,75.0,1500.0,15.2,battery_alternator_fail,0.79
fault_battery_alternator_fail_2,1866,1789813831.4219189,4734.0,126.25,729.68,4.41,103.09,0.0737,20.48,11.89,21.04,75.0,1500.0,15.2,battery_alternator_fail,0.79
fault_battery_alternator_fail_2,1867,1789813832.4219189,4722.5,126.43,731.85,4.36,103.1,0.0742,20.22,11.89,21.15,75.0,1500.0,15.2,battery_alternator_fail,0.79
fault_battery_alternator_fail_2,1868,1789813833.4219189,4704.9,126.34,733.11,4.33,103.05,0.0792,20.21,11.89,21.52,75.0,1500.0,15.2,battery_alternator_fail,0.79
fault_battery_alternator_fail_2,1869,1789813834.4219189,4704.7,126.38,737.14,4.42,103.02,0.0866,20.14,11.89,21.39,75.0,1500.0,15.2,battery_alternator_fail,0.79
fault_battery_alternator_fail_2,1870,1789813835.4219189,4713.4,126.54,736.41,4.45,103.16,0.0705,20.13,11.88,21.3,75.0,1500.0,15.2,battery_alternator_fail,0.79
fault_battery_alternator_fail_2,1871,1789813836.4219189,4705.2,126.76,737.65,4.42,103.17,0.0756,20.12,11.88,21.25,75.0,1500.0,15.2,battery_alternator_fail,0.79
fault_battery_alternator_fail_2,1872,1789813837.4219189,4738.7,126.43,735.56,4.44,103.07,0.0675,20.13,11.88,21.03,75.0,1500.0,15.2,battery_alternator_fail,0.79
fault_battery_alternator_fail_2,1873,1789813838.4219189,4721.6,126.5,731.23,4.46,103.08,0.067,20.14,11.88,21.0,75.0,1500.0,15.2,battery_alternator_fail,0.79
fault_battery_alternator_fail_2,1874,1789813839.4219189,4727.7,126.81,739.35,4.41,103.19,0.0688,20.29,11.88,20.68,75.0,1500.0,15.2,battery_alternator_fail,0.79
fault_battery_alternator_fail_2,1875,1789813840.4219189,4699.6,126.67,735.49,4.38,103.42,0.0679,20.17,11.87,20.86,75.0,1500.0,15.2,battery_alternator_fail,0.79
fault_battery_alternator_fail_2,1876,1789813841.4219189,4698.1,126.61,734.64,4.38,103.44,0.0636,20.32,11.87,20.91,75.0,1500.0,15.2,battery_alternator_fail,0.79
fault_battery_alternator_fail_2,1877,1789813842.4219189,4683.5,126.51,735.8,4.4,103.34,0.0657,20.34,11.87,21.02,75.0,1500.0,15.2,battery_alternator_fail,0.79
fault_battery_alternator_fail_2,1878,1789813843.4219189,4673.3,126.5,738.63,4.31,103.42,0.0608,20.29,11.87,21.3,75.0,1500.0,15.2,battery_alternator_fail,0.79
fault_battery_alternator_fail_2,1879,1789813844.4219189,4672.0,126.3,740.81,4.28,103.4,0.07,20.29,11.87,21.14,75.0,1500.0,15.2,battery_alternator_fail,0.79
fault_battery_alternator_fail_2,1880,1789813845.4219189,4695.8,126.13,740.06,4.35,103.42,0.0726,20.4,11.86,21.18,75.0,1500.0,15.2,battery_alternator_fail,0.79
fault_battery_alternator_fail_2,1881,1789813846.4219189,4680.5,126.18,739.07,4.36,103.26,0.0682,20.28,11.86,21.22,75.0,1500.0,15.2,battery_alternator_fail,0.79
fault_battery_alternator_fail_2,1882,1789813847.4219189,4667.5,126.29,746.11,4.36,103.28,0.077,20.16,11.86,21.7,75.0,1500.0,15.2,battery_alternator_fail,0.79
fault_battery_alternator_fail_2,1883,1789813848.4219189,4665.6,126.12,746.36,4.41,103.39,0.0811,20.15,11.86,21.37,75.0,1500.0,15.2,battery_alternator_fail,0.79
fault_battery_alternator_fail_2,1884,1789813849.4219189,4660.5,126.2,747.17,4.39,103.49,0.0689,20.23,11.86,21.03,75.0,1500.0,15.2,battery_alternator_fail,0.79
fault_battery_alternator_fail_2,1885,1789813850.4219189,4641.5,126.34,746.11,4.37,103.65,0.0666,20.07,11.85,21.26,75.0,1500.0,15.2,battery_alternator_fail,0.79
fault_battery_alternator_fail_2,1886,1789813851.4219189,4650.8,126.46,744.65,4.37,103.7,0.0696,20.09,11.85,21.17,75.0,1500.0,15.2,battery_alternator_fail,0.79
fault_battery_alternator_fail_2,1887,1789813852.4219189,4660.7,126.68,740.15,4.32,103.75,0.0739,20.16,11.85,21.23,75.0,1500.0,15.2,battery_alternator_fail,0.79
fault_battery_alternator_fail_2,1888,1789813853.4219189,4664.2,126.62,738.99,4.24,103.74,0.0756,20.06,11.85,21.57,75.0,1500.0,15.2,battery_alternator_fail,0.79
fault_battery_alternator_fail_2,1889,1789813854.4219189,4662.7,126.75,736.62,4.31,103.87,0.0748,20.05,11.84,21.45,75.0,1500.0,15.2,battery_alternator_fail,0.79
fault_battery_alternator_fail_2,1890,1789813855.4219189,4668.3,126.52,737.04,4.26,103.94,0.075,20.03,11.84,21.36,75.0,1500.0,15.2,battery_alternator_fail,0.79
fault_battery_alternator_fail_2,1891,1789813856.4219189,4643.5,126.39,741.19,4.19,104.08,0.079,20.0,11.84,21.36,75.0,1500.0,15.2,battery_alternator_fail,0.79
fault_battery_alternator_fail_2,1892,1789813857.4219189,4654.1,126.09,740.12,4.24,103.95,0.078,19.96,11.84,21.51,75.0,1500.0,15.2,battery_alternator_fail,0.79
fault_battery_alternator_fail_2,1893,1789813858.4219189,4668.3,125.78,736.59,4.16,104.11,0.0762,19.96,11.84,21.27,75.0,1500.0,15.2,battery_alternator_fail,0.79
fault_battery_alternator_fail_2,1894,1789813859.4219189,4657.5,125.69,738.52,4.28,104.09,0.0797,19.92,11.83,21.06,75.0,1500.0,15.2,battery_alternator_fail,0.79
fault_battery_alternator_fail_2,1895,1789813860.4219189,4675.5,125.95,735.01,4.26,104.09,0.0785,19.96,11.83,21.25,75.0,1500.0,15.2,battery_alternator_fail,0.79
fault_battery_alternator_fail_2,1896,1789813861.4219189,4707.8,126.2,736.61,4.31,104.18,0.0783,19.95,11.83,21.55,75.0,1500.0,15.2,battery_alternator_fail,0.79
fault_battery_alternator_fail_2,1897,1789813862.4219189,4709.1,126.22,735.84,4.29,104.25,0.0849,20.07,11.83,21.12,75.0,1500.0,15.2,battery_alternator_fail,0.79
fault_battery_alternator_fail_2,1898,1789813863.4219189,4678.4,126.38,735.31,4.25,104.45,0.0825,19.94,11.83,21.03,75.0,1500.0,15.2,battery_alternator_fail,0.79
fault_battery_alternator_fail_2,1899,1789813864.4219189,4706.1,126.28,735.39,4.29,104.43,0.0722,20.11,11.82,21.18,75.0,1500.0,15.2,battery_alternator_fail,0.79
fault_battery_alternator_fail_2,1900,1789813865.4219189,4704.5,126.31,736.47,4.35,104.53,0.0741,20.16,11.82,21.19,75.0,1500.0,15.2,battery_alternator_fail,0.79
fault_battery_alternator_fail_2,1901,1789813866.4219189,4704.2,126.05,739.05,4.4,104.51,0.0759,20.18,11.82,21.28,75.0,1500.0,15.2,battery_alternator_fail,0.79
fault_battery_alternator_fail_2,1902,1789813867.4219189,4695.8,126.23,737.88,4.3,104.52,0.0811,20.24,11.82,21.28,75.0,1500.0,15.2,battery_alternator_fail,0.79
fault_battery_alternator_fail_2,1903,1789813868.4219189,4713.2,126.36,736.17,4.31,104.61,0.0815,20.33,11.82,21.15,75.0,1500.0,15.2,battery_alternator_fail,0.79
fault_battery_alternator_fail_2,1904,1789813869.4219189,4707.4,126.67,735.76,4.33,104.58,0.0758,20.25,11.81,21.05,75.0,1500.0,15.2,battery_alternator_fail,0.79
fault_battery_alternator_fail_2,1905,1789813870.4219189,4691.3,126.47,737.08,4.28,104.53,0.0784,20.27,11.81,21.11,75.0,1500.0,15.2,battery_alternator_fail,0.79
fault_battery_alternator_fail_2,1906,1789813871.4219189,4697.1,126.28,740.15,4.21,104.49,0.0768,20.2,11.81,21.07,75.0,1500.0,15.2,battery_alternator_fail,0.79
fault_battery_alternator_fail_2,1907,1789813872.4219189,4722.0,126.06,739.43,4.29,104.49,0.0717,20.01,11.81,21.34,75.0,1500.0,15.2,battery_alternator_fail,0.79
fault_battery_alternator_fail_2,1908,1789813873.4219189,4737.0,126.06,737.15,4.35,104.47,0.0756,19.89,11.81,21.26,75.0,1500.0,15.2,battery_alternator_fail,0.79
fault_battery_alternator_fail_2,1909,1789813874.4219189,4736.3,126.09,735.61,4.27,104.42,0.0837,20.11,11.8,21.01,75.0,1500.0,15.2,battery_alternator_fail,0.79
fault_battery_alternator_fail_2,1910,1789813875.4219189,4722.4,126.17,740.27,4.32,104.45,0.0759,20.17,11.8,20.95,75.0,1500.0,15.2,battery_alternator_fail,0.79
fault_battery_alternator_fail_2,1911,1789813876.4219189,4731.5,126.16,746.13,4.21,104.49,0.0722,20.2,11.8,21.1,75.0,1500.0,15.2,battery_alternator_fail,0.79
fault_battery_alternator_fail_2,1912,1789813877.4219189,4745.4,126.36,741.61,4.22,104.53,0.0678,20.07,11.8,21.18,75.0,1500.0,15.2,battery_alternator_fail,0.79
fault_battery_alternator_fail_2,1913,1789813878.4219189,4764.5,126.16,743.91,4.24,104.62,0.0741,20.31,11.8,21.32,75.0,1500.0,15.2,battery_alternator_fail,0.79
fault_battery_alternator_fail_2,1914,1789813879.4219189,4748.4,126.14,741.28,4.29,104.7,0.0742,20.23,11.79,21.42,75.0,1500.0,15.2,battery_alternator_fail,0.79
fault_battery_alternator_fail_2,1915,1789813880.4219189,4745.4,126.25,744.74,4.29,104.69,0.076,20.29,11.79,21.48,75.0,1500.0,15.2,battery_alternator_fail,0.79
fault_battery_alternator_fail_2,1916,1789813881.4219189,4735.9,126.08,744.6,4.28,104.72,0.0677,20.29,11.79,21.17,75.0,1500.0,15.2,battery_alternator_fail,0.79
fault_battery_alternator_fail_2,1917,1789813882.4219189,4750.9,126.08,743.65,4.25,104.8,0.0805,20.2,11.79,21.01,75.0,1500.0,15.2,battery_alternator_fail,0.79
fault_battery_alternator_fail_2,1918,1789813883.4219189,4731.7,126.39,741.98,4.32,104.69,0.0786,20.14,11.79,21.13,75.0,1500.0,15.2,battery_alternator_fail,0.79
fault_battery_alternator_fail_2,1919,1789813884.4219189,4728.0,126.26,738.25,4.35,104.64,0.0793,20.25,11.78,21.21,75.0,1500.0,15.2,battery_alternator_fail,0.79
fault_battery_alternator_fail_2,1920,1789813885.4219189,4719.7,126.24,744.25,4.42,104.71,0.069,20.27,11.78,21.06,75.0,1500.0,15.2,battery_alternator_fail,0.79
fault_battery_alternator_fail_2,1921,1789813886.4219189,4686.5,126.21,737.33,4.37,104.76,0.0736,20.2,11.78,21.23,75.0,1500.0,15.2,battery_alternator_fail,0.79
fault_battery_alternator_fail_2,1922,1789813887.4219189,4708.2,126.3,736.66,4.42,104.87,0.072,20.35,11.78,21.56,75.0,1500.0,15.2,battery_alternator_fail,0.79
fault_battery_alternator_fail_2,1923,1789813888.4219189,4701.4,126.28,734.58,4.41,104.68,0.075,20.36,11.78,21.23,75.0,1500.0,15.2,battery_alternator_fail,0.79
fault_battery_alternator_fail_2,1924,1789813889.4219189,4704.4,126.54,734.71,4.31,104.73,0.0682,20.31,11.77,21.71,75.0,1500.0,15.2,battery_alternator_fail,0.79
fault_battery_alternator_fail_2,1925,1789813890.4219189,4698.7,126.8,735.69,4.33,104.61,0.067,20.31,11.77,21.77,75.0,1500.0,15.2,battery_alternator_fail,0.79
fault_battery_alternator_fail_2,1926,1789813891.4219189,4674.8,126.58,737.06,4.29,104.45,0.0683,20.29,11.77,21.49,75.0,1500.0,15.2,battery_alternator_fail,0.79
fault_battery_alternator_fail_2,1927,1789813892.4219189,4666.3,126.62,737.95,4.35,104.43,0.0783,20.17,11.77,21.07,75.0,1500.0,15.2,battery_alternator_fail,0.79
fault_battery_alternator_fail_2,1928,1789813893.4219189,4679.6,126.75,736.84,4.32,104.27,0.073,20.06,11.77,21.28,75.0,1500.0,15.2,battery_alternator_fail,0.79
fault_battery_alternator_fail_2,1929,1789813894.4219189,4695.8,126.87,737.51,4.28,104.12,0.0862,20.15,11.76,21.62,75.0,1500.0,15.2,battery_alternator_fail,0.79
fault_battery_alternator_fail_2,1930,1789813895.4219189,4697.0,126.58,742.16,4.33,104.12,0.0819,20.17,11.76,21.27,75.0,1500.0,15.2,battery_alternator_fail,0.79
fault_battery_alternator_fail_2,1931,1789813896.4219189,4720.2,126.78,747.19,4.34,104.07,0.0792,20.18,11.76,21.12,75.0,1500.0,15.2,battery_alternator_fail,0.79
fault_battery_alternator_fail_2,1932,1789813897.4219189,4711.8,126.33,738.79,4.37,104.16,0.0734,20.14,11.76,21.07,75.0,1500.0,15.2,battery_alternator_fail,0.79
fault_battery_alternator_fail_2,1933,1789813898.4219189,4709.8,126.33,745.0,4.38,104.17,0.0732,20.23,11.76,20.92,75.0,1500.0,15.2,battery_alternator_fail,0.79
fault_battery_alternator_fail_2,1934,1789813899.4219189,4707.6,126.02,748.03,4.42,104.17,0.0743,20.27,11.75,20.98,75.0,1500.0,15.2,battery_alternator_fail,0.79
fault_battery_alternator_fail_2,1935,1789813900.4219189,4714.7,125.88,742.19,4.44,104.04,0.08,20.21,11.75,20.98,75.0,1500.0,15.2,battery_alternator_fail,0.79
fault_battery_alternator_fail_2,1936,1789813901.4219189,4710.0,125.75,739.68,4.39,103.99,0.0764,20.43,11.75,20.97,75.0,1500.0,15.2,battery_alternator_fail,0.79
fault_battery_alternator_fail_2,1937,1789813902.4219189,4713.1,125.82,738.66,4.4,103.97,0.0722,20.38,11.75,21.1,75.0,1500.0,15.2,battery_alternator_fail,0.79
fault_battery_alternator_fail_2,1938,1789813903.4219189,4710.7,126.01,741.2,4.32,104.1,0.0632,20.36,11.75,21.42,75.0,1500.0,15.2,battery_alternator_fail,0.79
fault_battery_alternator_fail_2,1939,1789813904.4219189,4723.4,125.99,741.74,4.27,104.23,0.0674,20.29,11.74,21.24,75.0,1500.0,15.2,battery_alternator_fail,0.79
fault_battery_alternator_fail_2,1940,1789813905.4219189,4720.9,126.34,742.73,4.23,104.09,0.0699,20.32,11.74,21.12,75.0,1500.0,15.2,battery_alternator_fail,0.79
fault_battery_alternator_fail_2,1941,1789813906.4219189,4709.4,126.79,741.31,4.27,104.04,0.0676,20.37,11.74,21.12,75.0,1500.0,15.2,battery_alternator_fail,0.79
fault_battery_alternator_fail_2,1942,1789813907.4219189,4716.0,126.75,737.82,4.34,103.98,0.0715,20.27,11.74,21.23,75.0,1500.0,15.2,battery_alternator_fail,0.79
fault_battery_alternator_fail_2,1943,1789813908.4219189,4712.0,126.62,743.01,4.33,103.88,0.0712,20.34,11.73,21.08,75.0,1500.0,15.2,battery_alternator_fail,0.79
fault_battery_alternator_fail_2,1944,1789813909.4219189,4697.1,126.41,746.23,4.42,104.01,0.0663,20.55,11.73,20.98,75.0,1500.0,15.2,battery_alternator_fail,0.79
fault_battery_alternator_fail_2,1945,1789813910.4219189,4707.8,126.33,743.53,4.39,103.91,0.0768,20.3,11.73,21.33,75.0,1500.0,15.2,battery_alternator_fail,0.79
fault_battery_alternator_fail_2,1946,1789813911.4219189,4731.7,126.02,747.91,4.38,103.91,0.067,20.35,11.73,21.32,75.0,1500.0,15.2,battery_alternator_fail,0.79
fault_battery_alternator_fail_2,1947,1789813912.4219189,4721.1,126.2,749.76,4.33,103.94,0.0701,20.42,11.73,21.54,75.0,1500.0,15.2,battery_alternator_fail,0.79
fault_battery_alternator_fail_2,1948,1789813913.4219189,4732.9,126.55,746.25,4.28,104.02,0.0689,20.3,11.72,21.41,75.0,1500.0,15.2,battery_alternator_fail,0.79
fault_battery_alternator_fail_2,1949,1789813914.4219189,4731.0,126.74,743.59,4.32,104.05,0.0642,20.21,11.72,20.92,75.0,1500.0,15.2,battery_alternator_fail,0.79
fault_battery_alternator_fail_2,1950,1789813915.4219189,4746.7,126.81,741.75,4.32,104.1,0.0638,20.43,11.72,20.35,75.0,1500.0,15.2,battery_alternator_fail,0.79
fault_battery_alternator_fail_2,1951,1789813916.4219189,4716.6,126.64,744.19,4.3,103.82,0.0722,20.41,11.72,20.68,75.0,1500.0,15.2,battery_alternator_fail,0.79
fault_battery_alternator_fail_2,1952,1789813917.4219189,4705.6,126.41,740.63,4.3,103.81,0.0736,20.35,11.72,20.96,75.0,1500.0,15.2,battery_alternator_fail,0.79
fault_battery_alternator_fail_2,1953,1789813918.4219189,4692.3,126.38,743.14,4.31,104.02,0.0675,20.34,11.71,21.07,75.0,1500.0,15.2,battery_alternator_fail,0.79
fault_battery_alternator_fail_2,1954,1789813919.4219189,4697.5,126.11,742.23,4.38,104.13,0.0651,20.43,11.71,21.48,75.0,1500.0,15.2,battery_alternator_fail,0.79
fault_battery_alternator_fail_2,1955,1789813920.4219189,4675.5,126.08,744.07,4.35,104.15,0.066,20.27,11.71,21.72,75.0,1500.0,15.2,battery_alternator_fail,0.79
fault_battery_alternator_fail_2,1956,1789813921.4219189,4669.2,126.03,741.86,4.3,103.98,0.0737,20.37,11.71,21.5,75.0,1500.0,15.2,battery_alternator_fail,0.79
fault_battery_alternator_fail_2,1957,1789813922.4219189,4674.1,125.8,743.41,4.35,103.89,0.0673,20.37,11.71,21.53,75.0,1500.0,15.2,battery_alternator_fail,0.79
fault_battery_alternator_fail_2,1958,1789813923.4219189,4669.3,125.55,739.02,4.37,103.81,0.0721,20.22,11.7,21.29,75.0,1500.0,15.2,battery_alternator_fail,0.79
fault_battery_alternator_fail_2,1959,1789813924.4219189,4658.8,126.12,741.6,4.4,103.75,0.0677,20.21,11.7,21.2,75.0,1500.0,15.2,battery_alternator_fail,0.79
fault_battery_alternator_fail_2,1960,1789813925.4219189,4684.6,125.9,740.48,4.37,103.83,0.0711,20.26,11.7,21.13,75.0,1500.0,15.2,battery_alternator_fail,0.79
fault_battery_alternator_fail_2,1961,1789813926.4219189,4688.4,126.31,738.23,4.41,103.72,0.0677,20.26,11.7,21.38,75.0,1500.0,15.2,battery_alternator_fail,0.79
fault_battery_alternator_fail_2,1962,1789813927.4219189,4671.1,126.55,738.12,4.28,103.67,0.0648,20.24,11.7,21.21,75.0,1500.0,15.2,battery_alternator_fail,0.79
fault_battery_alternator_fail_2,1963,1789813928.4219189,4665.3,126.45,734.65,4.33,103.67,0.0656,20.2,11.69,21.35,75.0,1500.0,15.2,battery_alternator_fail,0.79
fault_battery_alternator_fail_2,1964,1789813929.4219189,4666.1,126.61,735.61,4.36,103.78,0.072,20.17,11.69,21.03,75.0,1500.0,15.2,battery_alternator_fail,0.79
fault_battery_alternator_fail_2,1965,1789813930.4219189,4687.4,126.43,740.15,4.44,103.67,0.0772,20.3,11.69,21.44,75.0,1500.0,15.2,battery_alternator_fail,0.79
fault_battery_alternator_fail_2,1966,1789813931.4219189,4672.9,126.42,736.34,4.41,103.53,0.0725,20.4,11.69,21.55,75.0,1500.0,15.2,battery_alternator_fail,0.79
fault_battery_alternator_fail_2,1967,1789813932.4219189,4657.2,126.14,740.64,4.45,103.56,0.0685,20.3,11.69,21.34,75.0,1500.0,15.2,battery_alternator_fail,0.79
fault_battery_alternator_fail_2,1968,1789813933.4219189,4652.8,126.11,738.31,4.3,103.67,0.0752,20.13,11.68,21.1,75.0,1500.0,15.2,battery_alternator_fail,0.79
fault_battery_alternator_fail_2,1969,1789813934.4219189,4616.3,126.41,741.0,4.32,103.75,0.0834,20.17,11.68,21.29,75.0,1500.0,15.2,battery_alternator_fail,0.79
fault_battery_alternator_fail_2,1970,1789813935.4219189,4619.6,126.43,739.36,4.31,103.83,0.0854,20.01,11.68,20.95,75.0,1500.0,15.2,battery_alternator_fail,0.79
fault_battery_alternator_fail_2,1971,1789813936.4219189,4622.9,126.56,742.61,4.39,103.84,0.0863,20.05,11.68,21.0,75.0,1500.0,15.2,battery_alternator_fail,0.79
fault_battery_alternator_fail_2,1972,1789813937.4219189,4623.6,126.39,742.91,4.44,103.74,0.0738,19.94,11.68,21.16,75.0,1500.0,15.2,battery_alternator_fail,0.79
fault_battery_alternator_fail_2,1973,1789813938.4219189,4651.3,126.32,740.8,4.5,103.75,0.0659,19.96,11.67,21.16,75.0,1500.0,15.2,battery_alternator_fail,0.79
fault_battery_alternator_fail_2,1974,1789813939.4219189,4642.4,126.17,746.71,4.39,103.86,0.0695,20.07,11.67,21.28,75.0,1500.0,15.2,battery_alternator_fail,0.79
fault_battery_alternator_fail_2,1975,1789813940.4219189,4669.1,126.23,743.97,4.39,103.87,0.0699,20.18,11.67,21.01,75.0,1500.0,15.2,battery_alternator_fail,0.79
fault_battery_alternator_fail_2,1976,1789813941.4219189,4644.9,126.24,740.3,4.38,103.87,0.0691,20.02,11.67,21.27,75.0,1500.0,15.2,battery_alternator_fail,0.79
fault_battery_alternator_fail_2,1977,1789813942.4219189,4644.2,126.55,738.72,4.42,103.8,0.066,20.36,11.67,21.01,75.0,1500.0,15.2,battery_alternator_fail,0.79
fault_battery_alternator_fail_2,1978,1789813943.4219189,4645.2,126.93,738.1,4.44,103.8,0.0688,20.42,11.66,21.12,75.0,1500.0,15.2,battery_alternator_fail,0.79
fault_battery_alternator_fail_2,1979,1789813944.4219189,4651.0,126.61,735.33,4.42,103.95,0.0681,20.34,11.66,21.3,75.0,1500.0,15.2,battery_alternator_fail,0.79
fault_battery_alternator_fail_2,1980,1789813945.4219189,4660.7,127.11,741.77,4.51,103.93,0.0672,20.29,11.66,21.25,75.0,1500.0,15.2,battery_alternator_fail,0.79
fault_battery_alternator_fail_2,1981,1789813946.4219189,4657.3,127.06,741.27,4.41,104.08,0.0696,20.19,11.66,20.98,75.0,1500.0,15.2,battery_alternator_fail,0.79
fault_battery_alternator_fail_2,1982,1789813947.4219189,4656.3,127.04,745.24,4.31,104.09,0.0658,20.18,11.66,21.32,75.0,1500.0,15.2,battery_alternator_fail,0.79
fault_battery_alternator_fail_2,1983,1789813948.4219189,4656.6,126.98,743.61,4.3,103.97,0.0582,20.14,11.65,21.08,75.0,1500.0,15.2,battery_alternator_fail,0.79
fault_battery_alternator_fail_2,1984,1789813949.4219189,4660.1,127.1,744.69,4.31,103.86,0.0653,20.22,11.65,21.3,75.0,1500.0,15.2,battery_alternator_fail,0.79
fault_battery_alternator_fail_2,1985,1789813950.4219189,4670.6,126.88,740.76,4.33,103.99,0.0744,20.26,11.65,21.32,75.0,1500.0,15.2,battery_alternator_fail,0.79
fault_battery_alternator_fail_2,1986,1789813951.4219189,4654.4,126.93,736.16,4.22,103.99,0.0686,20.19,11.65,20.96,75.0,1500.0,15.2,battery_alternator_fail,0.79
fault_battery_alternator_fail_2,1987,1789813952.4219189,4651.6,127.16,732.88,4.2,104.15,0.0705,20.29,11.65,20.64,75.0,1500.0,15.2,battery_alternator_fail,0.79
fault_battery_alternator_fail_2,1988,1789813953.4219189,4632.5,127.08,729.77,4.22,104.24,0.0717,20.23,11.64,21.03,75.0,1500.0,15.2,battery_alternator_fail,0.79
fault_battery_alternator_fail_2,1989,1789813954.4219189,4652.2,127.23,734.54,4.2,104.25,0.066,20.26,11.64,21.0,75.0,1500.0,15.2,battery_alternator_fail,0.79
fault_battery_alternator_fail_2,1990,1789813955.4219189,4688.2,127.05,736.03,4.24,104.13,0.0684,20.62,11.64,20.94,75.0,1500.0,15.2,battery_alternator_fail,0.79
fault_battery_alternator_fail_2,1991,1789813956.4219189,4701.8,127.04,735.83,4.26,104.13,0.0689,20.55,11.64,21.27,75.0,1500.0,15.2,battery_alternator_fail,0.79
fault_battery_alternator_fail_2,1992,1789813957.4219189,4703.0,127.02,740.86,4.33,104.17,0.0755,20.64,11.64,20.98,75.0,1500.0,15.2,battery_alternator_fail,0.79
fault_battery_alternator_fail_2,1993,1789813958.4219189,4674.4,126.68,739.88,4.26,104.03,0.0759,20.48,11.63,21.14,75.0,1500.0,15.2,battery_alternator_fail,0.79
fault_battery_alternator_fail_2,1994,1789813959.4219189,4680.3,126.8,739.53,4.27,104.06,0.0699,20.45,11.63,20.98,75.0,1500.0,15.2,battery_alternator_fail,0.79
fault_battery_alternator_fail_2,1995,1789813960.4219189,4685.7,126.43,739.89,4.23,104.11,0.0691,20.49,11.63,21.19,75.0,1500.0,15.2,battery_alternator_fail,0.79
fault_battery_alternator_fail_2,1996,1789813961.4219189,4694.8,126.54,744.72,4.32,104.02,0.0749,20.32,11.63,20.83,75.0,1500.0,15.2,battery_alternator_fail,0.79
fault_battery_alternator_fail_2,1997,1789813962.4219189,4692.8,126.15,745.41,4.28,104.05,0.0792,20.26,11.63,21.14,75.0,1500.0,15.2,battery_alternator_fail,0.79
fault_battery_alternator_fail_2,1998,1789813963.4219189,4702.9,126.26,744.84,4.16,104.15,0.066,20.12,11.62,20.67,75.0,1500.0,15.2,battery_alternator_fail,0.79
fault_battery_alternator_fail_2,1999,1789813964.4219189,4708.7,126.48,745.53,4.14,104.15,0.0615,20.1,11.62,20.94,75.0,1500.0,15.2,battery_alternator_fail,0.79
fault_battery_alternator_fail_2,2000,1789813965.4219189,4696.1,126.35,740.13,4.19,104.11,0.0731,20.15,11.62,20.7,75.0,1500.0,15.2,battery_alternator_fail,0.79
fault_battery_alternator_fail_2,2001,1789813966.4219189,4704.3,126.26,745.47,4.19,104.07,0.0685,20.13,11.62,20.57,75.0,1500.0,15.2,battery_alternator_fail,0.79
fault_battery_alternator_fail_2,2002,1789813967.4219189,4707.8,126.31,745.28,4.28,104.09,0.0587,20.09,11.61,20.88,75.0,1500.0,15.2,battery_alternator_fail,0.79
fault_battery_alternator_fail_2,2003,1789813968.4219189,4728.7,125.99,742.55,4.18,104.35,0.0682,20.0,11.61,21.3,75.0,1500.0,15.2,battery_alternator_fail,0.79
fault_battery_alternator_fail_2,2004,1789813969.4219189,4709.3,126.07,739.14,4.24,104.49,0.0669,20.04,11.61,21.47,75.0,1500.0,15.2,battery_alternator_fail,0.79
fault_battery_alternator_fail_2,2005,1789813970.4219189,4718.7,126.1,741.64,4.45,104.23,0.0682,20.2,11.61,21.25,75.0,1500.0,15.2,battery_alternator_fail,0.79
fault_battery_alternator_fail_2,2006,1789813971.4219189,4730.1,125.93,747.0,4.38,104.15,0.0759,20.35,11.61,21.14,75.0,1500.0,15.2,battery_alternator_fail,0.79
fault_battery_alternator_fail_2,2007,1789813972.4219189,4747.1,125.88,744.89,4.38,104.15,0.0697,20.39,11.6,20.99,75.0,1500.0,15.2,battery_alternator_fail,0.79
fault_battery_alternator_fail_2,2008,1789813973.4219189,4756.9,125.74,750.62,4.3,104.05,0.0671,20.44,11.6,21.23,75.0,1500.0,15.2,battery_alternator_fail,0.79
fault_battery_alternator_fail_2,2009,1789813974.4219189,4734.0,125.83,752.14,4.32,103.98,0.0723,20.33,11.6,21.44,75.0,1500.0,15.2,battery_alternator_fail,0.79
fault_battery_alternator_fail_2,2010,1789813975.4219189,4743.1,125.74,752.46,4.24,103.8,0.0726,20.35,11.6,21.32,75.0,1500.0,15.2,battery_alternator_fail,0.79
fault_battery_alternator_fail_2,2011,1789813976.4219189,4726.2,125.75,750.53,4.21,103.77,0.071,20.49,11.6,21.21,75.0,1500.0,15.2,battery_alternator_fail,0.79
fault_battery_alternator_fail_2,2012,1789813977.4219189,4718.5,126.01,745.6,4.27,103.97,0.0613,20.41,11.59,20.92,75.0,1500.0,15.2,battery_alternator_fail,0.79
fault_battery_alternator_fail_2,2013,1789813978.4219189,4708.4,125.89,745.86,4.29,103.97,0.0615,20.31,11.59,20.91,75.0,1500.0,15.2,battery_alternator_fail,0.79
fault_battery_alternator_fail_2,2014,1789813979.4219189,4717.5,126.02,746.23,4.34,103.95,0.0731,20.23,11.59,21.08,75.0,1500.0,15.2,battery_alternator_fail,0.79
fault_battery_alternator_fail_2,2015,1789813980.4219189,4714.8,126.09,745.77,4.4,103.73,0.0717,20.33,11.59,21.01,75.0,1500.0,15.2,battery_alternator_fail,0.79
fault_battery_alternator_fail_2,2016,1789813981.4219189,4712.1,125.99,749.75,4.37,103.66,0.0733,20.39,11.59,21.21,75.0,1500.0,15.2,battery_alternator_fail,0.79
fault_battery_alternator_fail_2,2017,1789813982.4219189,4711.4,126.12,749.78,4.39,103.71,0.0737,20.5,11.58,21.0,75.0,1500.0,15.2,battery_alternator_fail,0.79
fault_battery_alternator_fail_2,2018,1789813983.4219189,4718.5,126.24,748.42,4.35,103.84,0.0756,20.24,11.58,21.23,75.0,1500.0,15.2,battery_alternator_fail,0.79
fault_battery_alternator_fail_2,2019,1789813984.4219189,4699.7,126.82,749.49,4.4,103.7,0.0742,20.26,11.58,21.19,75.0,1500.0,15.2,battery_alternator_fail,0.79
fault_battery_alternator_fail_2,2020,1789813985.4219189,4704.1,126.98,746.06,4.37,103.59,0.0659,20.05,11.58,21.34,75.0,1500.0,15.2,battery_alternator_fail,0.79
fault_battery_alternator_fail_2,2021,1789813986.4219189,4722.7,127.08,744.98,4.35,103.62,0.065,20.16,11.58,21.15,75.0,1500.0,15.2,battery_alternator_fail,0.79
fault_battery_alternator_fail_2,2022,1789813987.4219189,4739.4,126.9,740.4,4.39,103.68,0.0676,20.23,11.57,21.11,75.0,1500.0,15.2,battery_alternator_fail,0.79
fault_battery_alternator_fail_2,2023,1789813988.4219189,4719.3,126.83,738.02,4.41,103.83,0.0753,20.12,11.57,21.48,75.0,1500.0,15.2,battery_alternator_fail,0.79
fault_battery_alternator_fail_2,2024,1789813989.4219189,4726.7,126.85,738.26,4.36,103.62,0.0795,20.08,11.57,21.3,75.0,1500.0,15.2,battery_alternator_fail,0.79
fault_battery_alternator_fail_2,2025,1789813990.4219189,4720.0,126.58,738.89,4.44,103.61,0.0813,20.17,11.57,20.98,75.0,1500.0,15.2,battery_alternator_fail,0.79
fault_battery_alternator_fail_2,2026,1789813991.4219189,4711.6,126.53,739.9,4.41,103.66,0.0769,20.28,11.57,21.03,75.0,1500.0,15.2,battery_alternator_fail,0.79
fault_battery_alternator_fail_2,2027,1789813992.4219189,4733.0,126.28,737.23,4.34,103.58,0.0799,20.37,11.56,21.28,75.0,1500.0,15.2,battery_alternator_fail,0.79
fault_battery_alternator_fail_2,2028,1789813993.4219189,4726.6,126.44,740.36,4.33,103.55,0.0768,20.47,11.56,21.11,75.0,1500.0,15.2,battery_alternator_fail,0.79
fault_battery_alternator_fail_2,2029,1789813994.4219189,4727.2,126.26,741.58,4.33,103.39,0.0803,20.57,11.56,21.16,75.0,1500.0,15.2,battery_alternator_fail,0.79
fault_battery_alternator_fail_2,2030,1789813995.4219189,4727.8,126.58,741.96,4.37,103.3,0.0737,20.6,11.56,21.21,75.0,1500.0,15.2,battery_alternator_fail,0.79
fault_battery_alternator_fail_2,2031,1789813996.4219189,4720.7,126.27,740.16,4.38,103.06,0.0857,20.47,11.56,21.41,75.0,1500.0,15.2,battery_alternator_fail,0.79
fault_battery_alternator_fail_2,2032,1789813997.4219189,4722.7,126.6,740.79,4.4,103.32,0.0749,20.52,11.55,21.36,75.0,1500.0,15.2,battery_alternator_fail,0.79
fault_battery_alternator_fail_2,2033,1789813998.4219189,4705.2,126.71,741.28,4.36,103.19,0.082,20.33,11.55,21.06,75.0,1500.0,15.2,battery_alternator_fail,0.79
fault_battery_alternator_fail_2,2034,1789813999.4219189,4696.7,127.13,744.27,4.35,103.31,0.0819,20.17,11.55,21.35,75.0,1500.0,15.2,battery_alternator_fail,0.79
fault_battery_alternator_fail_2,2035,1789814000.4219189,4699.9,127.38,745.12,4.46,103.41,0.0805,20.13,11.55,21.39,75.0,1500.0,15.2,battery_alternator_fail,0.79
fault_battery_alternator_fail_2,2036,1789814001.4219189,4683.4,127.14,745.2,4.46,103.26,0.0837,20.13,11.55,21.38,75.0,1500.0,15.2,battery_alternator_fail,0.79
fault_battery_alternator_fail_2,2037,1789814002.4219189,4687.3,127.16,739.92,4.46,103.16,0.0761,20.14,11.54,21.55,75.0,1500.0,15.2,battery_alternator_fail,0.79
fault_battery_alternator_fail_2,2038,1789814003.4219189,4689.3,127.13,744.56,4.43,103.25,0.0737,20.07,11.54,21.41,75.0,1500.0,15.2,battery_alternator_fail,0.79
fault_battery_alternator_fail_2,2039,1789814004.4219189,4648.3,127.42,745.66,4.34,103.32,0.0784,20.07,11.54,21.19,75.0,1500.0,15.2,battery_alternator_fail,0.79
fault_battery_alternator_fail_2,2040,1789814005.4219189,4672.3,127.29,753.53,4.3,103.32,0.0783,19.98,11.54,21.08,75.0,1500.0,15.2,battery_alternator_fail,0.79
fault_battery_alternator_fail_2,2041,1789814006.4219189,4665.3,127.34,748.21,4.37,103.24,0.0786,19.9,11.54,21.03,75.0,1500.0,15.2,battery_alternator_fail,0.79
fault_battery_alternator_fail_2,2042,1789814007.4219189,4687.6,127.44,745.27,4.37,103.08,0.0646,19.99,11.53,21.25,75.0,1500.0,15.2,battery_alternator_fail,0.79
fault_battery_alternator_fail_2,2043,1789814008.4219189,4665.4,127.36,745.59,4.28,102.86,0.0675,19.87,11.53,21.1,75.0,1500.0,15.2,battery_alternator_fail,0.79
fault_battery_alternator_fail_2,2044,1789814009.4219189,4652.4,127.17,741.88,4.32,102.91,0.0609,19.98,11.53,21.1,75.0,1500.0,15.2,battery_alternator_fail,0.79
fault_battery_alternator_fail_2,2045,1789814010.4219189,4646.0,127.1,745.04,4.27,102.75,0.0681,20.03,11.53,21.16,75.0,1500.0,15.2,battery_alternator_fail,0.79
fault_battery_alternator_fail_2,2046,1789814011.4219189,4631.4,127.38,743.57,4.28,102.83,0.0647,19.99,11.53,21.07,75.0,1500.0,15.2,battery_alternator_fail,0.79
fault_battery_alternator_fail_2,2047,1789814012.4219189,4645.3,127.46,741.05,4.32,102.73,0.0695,20.19,11.52,20.98,75.0,1500.0,15.2,battery_alternator_fail,0.79
fault_battery_alternator_fail_2,2048,1789814013.4219189,4674.8,126.97,735.22,4.42,102.71,0.0758,20.39,11.52,20.98,75.0,1500.0,15.2,battery_alternator_fail,0.79
fault_battery_alternator_fail_2,2049,1789814014.4219189,4667.0,127.02,734.06,4.43,102.79,0.073,20.36,11.52,21.04,75.0,1500.0,15.2,battery_alternator_fail,0.79
fault_battery_alternator_fail_2,2050,1789814015.4219189,4691.3,126.87,739.84,4.44,102.81,0.0696,20.43,11.52,21.18,75.0,1500.0,15.2,battery_alternator_fail,0.79
fault_battery_alternator_fail_2,2051,1789814016.4219189,4704.2,126.82,738.52,4.44,102.9,0.0713,20.38,11.52,21.37,75.0,1500.0,15.2,battery_alternator_fail,0.79
fault_battery_alternator_fail_2,2052,1789814017.4219189,4693.8,126.93,740.46,4.44,102.88,0.0711,20.46,11.51,21.5,75.0,1500.0,15.2,battery_alternator_fail,0.79
fault_battery_alternator_fail_2,2053,1789814018.4219189,4695.4,126.88,737.2,4.5,102.94,0.0631,20.53,11.51,21.46,75.0,1500.0,15.2,battery_alternator_fail,0.79
fault_battery_alternator_fail_2,2054,1789814019.4219189,4707.2,126.81,738.95,4.46,102.94,0.056,20.49,11.51,21.39,75.0,1500.0,15.2,battery_alternator_fail,0.79
fault_battery_alternator_fail_2,2055,1789814020.4219189,4683.4,126.79,738.69,4.42,102.91,0.0706,20.42,11.51,21.16,75.0,1500.0,15.2,battery_alternator_fail,0.79
fault_battery_alternator_fail_2,2056,1789814021.4219189,4715.1,126.77,739.88,4.32,102.82,0.0717,20.3,11.51,21.09,75.0,1500.0,15.2,battery_alternator_fail,0.79
fault_battery_alternator_fail_2,2057,1789814022.4219189,4675.8,126.8,740.48,4.31,102.73,0.0763,20.4,11.5,21.27,75.0,1500.0,15.2,battery_alternator_fail,0.79
fault_battery_alternator_fail_2,2058,1789814023.4219189,4684.0,127.06,736.66,4.3,102.74,0.0706,20.47,11.5,21.17,75.0,1500.0,15.2,battery_alternator_fail,0.79
fault_battery_alternator_fail_2,2059,1789814024.4219189,4706.8,127.05,742.4,4.26,102.6,0.0692,20.44,11.5,21.11,75.0,1500.0,15.2,battery_alternator_fail,0.79
fault_battery_alternator_fail_2,2060,1789814025.4219189,4686.9,127.09,741.21,4.32,102.76,0.0696,20.37,11.5,21.27,75.0,1500.0,15.2,battery_alternator_fail,0.79
fault_battery_alternator_fail_2,2061,1789814026.4219189,4678.7,127.51,741.48,4.23,102.65,0.0764,20.11,11.49,21.37,75.0,1500.0,15.2,battery_alternator_fail,0.79
fault_battery_alternator_fail_2,2062,1789814027.4219189,4719.0,127.44,743.76,4.29,102.54,0.0796,20.3,11.49,20.99,75.0,1500.0,15.2,battery_alternator_fail,0.79
fault_battery_alternator_fail_2,2063,1789814028.4219189,4702.5,127.45,741.38,4.31,102.6,0.0756,20.24,11.49,21.08,75.0,1500.0,15.2,battery_alternator_fail,0.79
fault_battery_alternator_fail_2,2064,1789814029.4219189,4688.4,127.08,734.22,4.29,102.89,0.0701,20.18,11.49,21.01,75.0,1500.0,15.2,battery_alternator_fail,0.79
fault_battery_alternator_fail_2,2065,1789814030.4219189,4710.6,127.44,739.62,4.28,103.16,0.0774,20.1,11.49,21.18,75.0,1500.0,15.2,battery_alternator_fail,0.79
fault_battery_alternator_fail_2,2066,1789814031.4219189,4699.4,127.44,735.46,4.19,103.03,0.0773,20.45,11.48,21.23,75.0,1500.0,15.2,battery_alternator_fail,0.79
fault_battery_alternator_fail_2,2067,1789814032.4219189,4681.2,127.06,734.54,4.23,103.11,0.0739,20.4,11.48,21.16,75.0,1500.0,15.2,battery_alternator_fail,0.79
fault_battery_alternator_fail_2,2068,1789814033.4219189,4686.7,126.9,729.6,4.29,103.04,0.0759,20.43,11.48,20.96,75.0,1500.0,15.2,battery_alternator_fail,0.79
fault_battery_alternator_fail_2,2069,1789814034.4219189,4722.5,126.58,732.85,4.32,103.11,0.0804,20.44,11.48,20.66,75.0,1500.0,15.2,battery_alternator_fail,0.79
fault_battery_alternator_fail_2,2070,1789814035.4219189,4708.2,126.54,736.69,4.35,103.21,0.0831,20.45,11.48,21.07,75.0,1500.0,15.2,battery_alternator_fail,0.79
fault_battery_alternator_fail_2,2071,1789814036.4219189,4715.5,126.67,738.41,4.35,103.26,0.0786,20.55,11.47,21.12,75.0,1500.0,15.2,battery_alternator_fail,0.79
fault_battery_alternator_fail_2,2072,1789814037.4219189,4685.6,126.53,742.21,4.31,103.25,0.0771,20.68,11.47,21.14,75.0,1500.0,15.2,battery_alternator_fail,0.79
fault_battery_alternator_fail_2,2073,1789814038.4219189,4693.0,126.48,736.36,4.33,103.47,0.0874,20.6,11.47,21.1,75.0,1500.0,15.2,battery_alternator_fail,0.79
fault_battery_alternator_fail_2,2074,1789814039.4219189,4714.1,126.23,732.62,4.22,103.31,0.0786,20.63,11.47,21.15,75.0,1500.0,15.2,battery_alternator_fail,0.79
fault_battery_alternator_fail_2,2075,1789814040.4219189,4707.7,126.26,733.15,4.29,103.46,0.0699,20.49,11.47,21.14,75.0,1500.0,15.2,battery_alternator_fail,0.79
fault_battery_alternator_fail_2,2076,1789814041.4219189,4702.4,126.26,732.49,4.3,103.57,0.0707,20.49,11.46,21.2,75.0,1500.0,15.2,battery_alternator_fail,0.79
fault_battery_alternator_fail_2,2077,1789814042.4219189,4680.3,126.03,733.1,4.32,103.5,0.0752,20.31,11.46,21.17,75.0,1500.0,15.2,battery_alternator_fail,0.79
fault_battery_alternator_fail_2,2078,1789814043.4219189,4683.4,126.41,736.12,4.29,103.54,0.0769,20.45,11.46,21.07,75.0,1500.0,15.2,battery_alternator_fail,0.79
fault_battery_alternator_fail_2,2079,1789814044.4219189,4672.4,126.18,742.85,4.31,103.65,0.0781,20.56,11.46,21.07,75.0,1500.0,15.2,battery_alternator_fail,0.79
fault_battery_alternator_fail_2,2080,1789814045.4219189,4680.4,126.62,743.27,4.23,103.62,0.0731,20.59,11.46,21.01,75.0,1500.0,15.2,battery_alternator_fail,0.79
fault_battery_alternator_fail_2,2081,1789814046.4219189,4682.4,126.41,744.03,4.25,103.62,0.0753,20.49,11.45,21.25,75.0,1500.0,15.2,battery_alternator_fail,0.79
fault_battery_alternator_fail_2,2082,1789814047.4219189,4660.3,126.43,743.69,4.25,103.61,0.0755,20.26,11.45,21.03,75.0,1500.0,15.2,battery_alternator_fail,0.79
fault_battery_alternator_fail_2,2083,1789814048.4219189,4675.0,126.35,744.51,4.25,103.72,0.0706,20.28,11.45,20.95,75.0,1500.0,15.2,battery_alternator_fail,0.79
fault_battery_alternator_fail_2,2084,1789814049.4219189,4702.9,126.41,742.24,4.26,103.85,0.0673,20.39,11.45,21.02,75.0,1500.0,15.2,battery_alternator_fail,0.79
fault_battery_alternator_fail_2,2085,1789814050.4219189,4692.4,126.21,744.39,4.19,103.96,0.0739,20.23,11.45,21.18,75.0,1500.0,15.2,battery_alternator_fail,0.79
fault_battery_alternator_fail_2,2086,1789814051.4219189,4706.9,125.92,742.76,4.3,104.03,0.0732,20.3,11.44,21.19,75.0,1500.0,15.2,battery_alternator_fail,0.79
fault_battery_alternator_fail_2,2087,1789814052.4219189,4680.2,125.95,743.8,4.27,104.15,0.072,20.31,11.44,21.16,75.0,1500.0,15.2,battery_alternator_fail,0.79
fault_battery_alternator_fail_2,2088,1789814053.4219189,4674.1,126.17,744.6,4.34,104.22,0.0809,20.18,11.44,20.74,75.0,1500.0,15.2,battery_alternator_fail,0.79
fault_battery_alternator_fail_2,2089,1789814054.4219189,4667.5,126.09,742.32,4.4,104.17,0.0823,20.15,11.44,21.18,75.0,1500.0,15.2,battery_alternator_fail,0.79
fault_battery_alternator_fail_2,2090,1789814055.4219189,4671.1,126.66,748.2,4.42,104.27,0.0753,20.07,11.44,21.12,75.0,1500.0,15.2,battery_alternator_fail,0.79
fault_battery_alternator_fail_2,2091,1789814056.4219189,4667.0,127.0,744.41,4.39,104.19,0.0798,20.09,11.43,21.22,75.0,1500.0,15.2,battery_alternator_fail,0.79
fault_battery_alternator_fail_2,2092,1789814057.4219189,4670.5,127.12,741.82,4.37,104.19,0.075,20.06,11.43,21.41,75.0,1500.0,15.2,battery_alternator_fail,0.79
fault_battery_alternator_fail_2,2093,1789814058.4219189,4671.5,127.04,743.91,4.33,104.28,0.0739,20.08,11.43,21.23,75.0,1500.0,15.2,battery_alternator_fail,0.79
fault_battery_alternator_fail_2,2094,1789814059.4219189,4670.9,127.24,741.87,4.22,104.08,0.077,20.2,11.43,21.12,75.0,1500.0,15.2,battery_alternator_fail,0.79
fault_battery_alternator_fail_2,2095,1789814060.4219189,4689.1,127.16,741.13,4.28,104.15,0.0841,20.32,11.43,21.25,75.0,1500.0,15.2,battery_alternator_fail,0.79
fault_battery_alternator_fail_2,2096,1789814061.4219189,4689.4,127.68,737.16,4.33,104.12,0.086,20.29,11.42,21.23,75.0,1500.0,15.2,battery_alternator_fail,0.79
fault_battery_alternator_fail_2,2097,1789814062.4219189,4679.5,127.66,737.09,4.38,104.14,0.0765,20.33,11.42,21.63,75.0,1500.0,15.2,battery_alternator_fail,0.79
fault_battery_alternator_fail_2,2098,1789814063.4219189,4714.3,127.7,733.88,4.36,104.36,0.0719,20.32,11.42,21.22,75.0,1500.0,15.2,battery_alternator_fail,0.79
fault_battery_alternator_fail_2,2099,1789814064.4219189,4741.0,127.4,732.67,4.3,104.36,0.0689,20.42,11.42,21.26,75.0,1500.0,15.2,battery_alternator_fail,0.79
fault_battery_alternator_fail_2,2100,1789814065.4219189,4745.8,127.27,729.37,4.39,104.39,0.072,20.52,11.42,21.2,75.0,1500.0,15.2,battery_alternator_fail,0.79
fault_battery_alternator_fail_2,2101,1789814066.4219189,4713.9,126.93,728.62,4.41,104.32,0.0729,20.61,11.41,21.19,75.0,1500.0,15.2,battery_alternator_fail,0.79
fault_battery_alternator_fail_2,2102,1789814067.4219189,4731.0,126.84,730.85,4.31,104.24,0.0775,20.57,11.41,21.14,75.0,1500.0,15.2,battery_alternator_fail,0.79
fault_battery_alternator_fail_2,2103,1789814068.4219189,4713.0,127.08,737.47,4.35,104.18,0.0723,20.49,11.41,21.07,75.0,1500.0,15.2,battery_alternator_fail,0.79
fault_battery_alternator_fail_2,2104,1789814069.4219189,4705.4,127.07,731.51,4.35,104.11,0.0719,20.48,11.41,20.88,75.0,1500.0,15.2,battery_alternator_fail,0.79
fault_battery_alternator_fail_2,2105,1789814070.4219189,4699.1,127.0,735.92,4.41,104.26,0.0739,20.29,11.41,21.17,75.0,1500.0,15.2,battery_alternator_fail,0.79
fault_battery_alternator_fail_2,2106,1789814071.4219189,4703.3,127.11,735.35,4.5,104.35,0.0755,20.34,11.4,21.07,75.0,1500.0,15.2,battery_alternator_fail,0.79
fault_battery_alternator_fail_2,2107,1789814072.4219189,4709.6,126.72,732.86,4.44,104.24,0.0712,20.26,11.4,21.55,75.0,1500.0,15.2,battery_alternator_fail,0.79
fault_battery_alternator_fail_2,2108,1789814073.4219189,4692.9,126.86,734.33,4.4,104.18,0.0685,20.07,11.4,21.66,75.0,1500.0,15.2,battery_alternator_fail,0.79
fault_battery_alternator_fail_2,2109,1789814074.4219189,4689.7,126.99,734.91,4.34,104.22,0.0633,20.13,11.4,21.29,75.0,1500.0,15.2,battery_alternator_fail,0.79
fault_battery_alternator_fail_2,2110,1789814075.4219189,4671.2,126.9,729.96,4.39,104.11,0.0686,20.2,11.4,21.3,75.0,1500.0,15.2,battery_alternator_fail,0.79
fault_battery_alternator_fail_2,2111,1789814076.4219189,4680.0,126.67,728.32,4.35,104.19,0.0741,20.31,11.39,21.3,75.0,1500.0,15.2,battery_alternator_fail,0.79
fault_battery_alternator_fail_2,2112,1789814077.4219189,4663.9,126.71,728.56,4.38,104.15,0.0802,20.32,11.39,21.22,75.0,1500.0,15.2,battery_alternator_fail,0.79
fault_battery_alternator_fail_2,2113,1789814078.4219189,4685.0,126.76,734.22,4.35,104.18,0.0794,20.18,11.39,21.36,75.0,1500.0,15.2,battery_alternator_fail,0.79
fault_battery_alternator_fail_2,2114,1789814079.4219189,4685.4,126.93,733.36,4.28,104.16,0.0742,20.07,11.39,21.63,75.0,1500.0,15.2,battery_alternator_fail,0.79
fault_battery_alternator_fail_2,2115,1789814080.4219189,4674.2,126.92,733.31,4.3,104.17,0.0687,20.05,11.39,21.4,75.0,1500.0,15.2,battery_alternator_fail,0.79
fault_battery_alternator_fail_2,2116,1789814081.4219189,4710.3,126.96,735.91,4.32,104.29,0.0584,20.09,11.38,21.31,75.0,1500.0,15.2,battery_alternator_fail,0.79
fault_battery_alternator_fail_2,2117,1789814082.4219189,4687.0,127.04,730.75,4.27,104.25,0.0618,20.1,11.38,21.08,75.0,1500.0,15.2,battery_alternator_fail,0.79
fault_battery_alternator_fail_2,2118,1789814083.4219189,4674.9,127.02,728.34,4.29,104.12,0.0688,20.21,11.38,21.03,75.0,1500.0,15.2,battery_alternator_fail,0.79
fault_battery_alternator_fail_2,2119,1789814084.4219189,4682.3,126.49,730.35,4.39,104.07,0.0714,20.22,11.38,21.04,75.0,1500.0,15.2,battery_alternator_fail,0.79
fault_battery_alternator_fail_2,2120,1789814085.4219189,4708.2,126.37,727.38,4.42,104.01,0.0813,20.25,11.37,20.88,75.0,1500.0,15.2,battery_alternator_fail,0.79
fault_battery_alternator_fail_2,2121,1789814086.4219189,4688.0,126.47,730.07,4.47,103.99,0.0765,20.22,11.37,21.26,75.0,1500.0,15.2,battery_alternator_fail,0.79
fault_battery_alternator_fail_2,2122,1789814087.4219189,4702.9,126.1,733.91,4.42,104.19,0.0777,20.38,11.37,21.38,75.0,1500.0,15.2,battery_alternator_fail,0.79
fault_battery_alternator_fail_2,2123,1789814088.4219189,4686.1,125.59,741.35,4.4,104.22,0.0762,20.21,11.37,21.43,75.0,1500.0,15.2,battery_alternator_fail,0.79
fault_battery_alternator_fail_2,2124,1789814089.4219189,4692.0,125.72,743.72,4.4,104.23,0.084,20.2,11.37,21.3,75.0,1500.0,15.2,battery_alternator_fail,0.79
fault_battery_alternator_fail_2,2125,1789814090.4219189,4665.4,126.09,738.95,4.35,104.06,0.0846,20.09,11.36,21.39,75.0,1500.0,15.2,battery_alternator_fail,0.79
fault_battery_alternator_fail_2,2126,1789814091.4219189,4660.8,126.48,740.63,4.38,104.13,0.0833,20.23,11.36,21.54,75.0,1500.0,15.2,battery_alternator_fail,0.79
fault_battery_alternator_fail_2,2127,1789814092.4219189,4658.6,126.22,742.22,4.42,104.2,0.0753,20.31,11.36,21.13,75.0,1500.0,15.2,battery_alternator_fail,0.79
fault_battery_alternator_fail_2,2128,1789814093.4219189,4664.6,125.82,738.81,4.34,104.2,0.0725,20.38,11.36,21.25,75.0,1500.0,15.2,battery_alternator_fail,0.79
fault_battery_alternator_fail_2,2129,1789814094.4219189,4673.5,125.98,735.39,4.4,104.09,0.0795,20.25,11.36,21.4,75.0,1500.0,15.2,battery_alternator_fail,0.79
fault_battery_alternator_fail_2,2130,1789814095.4219189,4665.0,125.78,732.0,4.4,104.08,0.0722,20.2,11.35,21.61,75.0,1500.0,15.2,battery_alternator_fail,0.79
fault_battery_alternator_fail_2,2131,1789814096.4219189,4649.8,125.55,728.97,4.47,103.99,0.0653,20.08,11.35,21.44,75.0,1500.0,15.2,battery_alternator_fail,0.79
fault_battery_alternator_fail_2,2132,1789814097.4219189,4665.4,125.47,732.87,4.46,103.91,0.0728,20.03,11.35,21.5,75.0,1500.0,15.2,battery_alternator_fail,0.79
fault_battery_alternator_fail_2,2133,1789814098.4219189,4676.9,125.68,735.44,4.38,104.03,0.078,20.04,11.35,21.11,75.0,1500.0,15.2,battery_alternator_fail,0.79
fault_battery_alternator_fail_2,2134,1789814099.4219189,4683.4,125.88,733.2,4.33,103.86,0.0843,20.13,11.35,20.96,75.0,1500.0,15.2,battery_alternator_fail,0.79
fault_battery_alternator_fail_2,2135,1789814100.4219189,4658.6,126.28,732.96,4.27,103.94,0.07,20.07,11.34,21.05,75.0,1500.0,15.2,battery_alternator_fail,0.79
fault_battery_alternator_fail_2,2136,1789814101.4219189,4672.7,125.93,736.38,4.34,103.85,0.0727,20.08,11.34,20.91,75.0,1500.0,15.2,battery_alternator_fail,0.79
fault_battery_alternator_fail_2,2137,1789814102.4219189,4658.4,126.28,736.16,4.34,104.01,0.0699,20.19,11.34,21.13,75.0,1500.0,15.2,battery_alternator_fail,0.79
fault_battery_alternator_fail_2,2138,1789814103.4219189,4681.8,126.16,739.69,4.33,104.09,0.0727,20.15,11.34,20.88,75.0,1500.0,15.2,battery_alternator_fail,0.79
fault_battery_alternator_fail_2,2139,1789814104.4219189,4720.5,125.78,740.87,4.38,104.07,0.0723,20.29,11.34,21.15,75.0,1500.0,15.2,battery_alternator_fail,0.79
fault_battery_alternator_fail_2,2140,1789814105.4219189,4735.9,125.99,741.51,4.39,104.09,0.0719,20.46,11.33,21.4,75.0,1500.0,15.2,battery_alternator_fail,0.79
fault_battery_alternator_fail_2,2141,1789814106.4219189,4724.2,125.95,737.2,4.4,104.23,0.0678,20.38,11.33,21.25,75.0,1500.0,15.2,battery_alternator_fail,0.79
fault_battery_alternator_fail_2,2142,1789814107.4219189,4731.4,125.82,741.48,4.42,104.35,0.0715,20.37,11.33,21.4,75.0,1500.0,15.2,battery_alternator_fail,0.79
fault_battery_alternator_fail_2,2143,1789814108.4219189,4701.4,126.0,742.56,4.47,104.24,0.0783,20.29,11.33,21.38,75.0,1500.0,15.2,battery_alternator_fail,0.79
fault_battery_alternator_fail_2,2144,1789814109.4219189,4715.9,126.11,744.36,4.41,104.34,0.0736,20.43,11.33,21.18,75.0,1500.0,15.2,battery_alternator_fail,0.79
fault_battery_alternator_fail_2,2145,1789814110.4219189,4718.8,126.34,740.39,4.36,104.24,0.0759,20.28,11.32,21.63,75.0,1500.0,15.2,battery_alternator_fail,0.79
fault_battery_alternator_fail_2,2146,1789814111.4219189,4727.8,126.35,744.01,4.38,104.21,0.0809,20.35,11.32,21.47,75.0,1500.0,15.2,battery_alternator_fail,0.79
fault_battery_alternator_fail_2,2147,1789814112.4219189,4724.7,126.46,741.38,4.44,104.07,0.0861,20.15,11.32,21.2,75.0,1500.0,15.2,battery_alternator_fail,0.79
fault_battery_alternator_fail_2,2148,1789814113.4219189,4712.8,126.51,740.14,4.36,104.27,0.0836,20.24,11.32,20.85,75.0,1500.0,15.2,battery_alternator_fail,0.79
fault_battery_alternator_fail_2,2149,1789814114.4219189,4699.5,126.55,738.27,4.39,104.32,0.0788,20.25,11.32,21.11,75.0,1500.0,15.2,battery_alternator_fail,0.79
fault_battery_alternator_fail_2,2150,1789814115.4219189,4710.8,126.49,737.81,4.39,104.25,0.0675,20.48,11.31,21.08,75.0,1500.0,15.2,battery_alternator_fail,0.79
fault_battery_alternator_fail_2,2151,1789814116.4219189,4713.7,126.54,734.25,4.36,104.07,0.0661,20.28,11.31,20.82,75.0,1500.0,15.2,battery_alternator_fail,0.79
fault_battery_alternator_fail_2,2152,1789814117.4219189,4730.6,126.6,730.96,4.39,103.95,0.068,20.26,11.31,20.76,75.0,1500.0,15.2,battery_alternator_fail,0.79
fault_battery_alternator_fail_2,2153,1789814118.4219189,4726.5,126.84,731.18,4.37,104.09,0.0704,20.3,11.31,21.05,75.0,1500.0,15.2,battery_alternator_fail,0.79
fault_battery_alternator_fail_2,2154,1789814119.4219189,4725.1,126.85,738.95,4.33,104.12,0.0639,20.27,11.31,21.22,75.0,1500.0,15.2,battery_alternator_fail,0.79
fault_battery_alternator_fail_2,2155,1789814120.4219189,4696.9,126.61,735.99,4.31,104.34,0.0675,20.17,11.3,21.54,75.0,1500.0,15.2,battery_alternator_fail,0.79
fault_battery_alternator_fail_2,2156,1789814121.4219189,4703.7,126.52,733.26,4.31,104.4,0.0639,20.32,11.3,21.58,75.0,1500.0,15.2,battery_alternator_fail,0.79
fault_battery_alternator_fail_2,2157,1789814122.4219189,4702.6,126.37,736.2,4.38,104.35,0.0624,20.21,11.3,21.62,75.0,1500.0,15.2,battery_alternator_fail,0.79
fault_battery_alternator_fail_2,2158,1789814123.4219189,4686.8,126.35,739.45,4.33,104.31,0.0673,20.28,11.3,21.56,75.0,1500.0,15.2,battery_alternator_fail,0.79
fault_battery_alternator_fail_2,2159,1789814124.4219189,4708.9,126.64,737.34,4.36,104.25,0.0708,20.3,11.3,20.97,75.0,1500.0,15.2,battery_alternator_fail,0.79
fault_battery_alternator_fail_2,2160,1789814125.4219189,4725.5,126.91,734.43,4.35,104.29,0.0758,20.06,11.29,21.21,75.0,1500.0,15.2,battery_alternator_fail,0.79
fault_battery_alternator_fail_2,2161,1789814126.4219189,4714.1,126.99,735.67,4.43,104.34,0.0768,19.83,11.29,21.55,75.0,1500.0,15.2,battery_alternator_fail,0.79
fault_battery_alternator_fail_2,2162,1789814127.4219189,4690.5,126.77,738.08,4.45,104.25,0.0818,20.02,11.29,21.18,75.0,1500.0,15.2,battery_alternator_fail,0.79
fault_battery_alternator_fail_2,2163,1789814128.4219189,4662.0,126.71,740.3,4.42,104.4,0.0812,19.88,11.29,21.31,75.0,1500.0,15.2,battery_alternator_fail,0.79
fault_battery_alternator_fail_2,2164,1789814129.4219189,4675.7,126.52,742.64,4.34,104.37,0.0807,20.18,11.29,21.0,75.0,1500.0,15.2,battery_alternator_fail,0.79
fault_battery_alternator_fail_2,2165,1789814130.4219189,4679.6,126.88,738.61,4.38,104.39,0.0716,20.16,11.28,21.15,75.0,1500.0,15.2,battery_alternator_fail,0.79
fault_battery_alternator_fail_2,2166,1789814131.4219189,4666.9,126.88,738.02,4.34,104.53,0.0741,20.07,11.28,21.16,75.0,1500.0,15.2,battery_alternator_fail,0.79
fault_battery_alternator_fail_2,2167,1789814132.4219189,4672.1,126.67,740.19,4.33,104.4,0.0696,20.18,11.28,21.28,75.0,1500.0,15.2,battery_alternator_fail,0.79
fault_battery_alternator_fail_2,2168,1789814133.4219189,4681.1,126.38,737.61,4.31,104.25,0.0703,20.31,11.28,21.4,75.0,1500.0,15.2,battery_alternator_fail,0.79
fault_battery_alternator_fail_2,2169,1789814134.4219189,4680.7,126.43,735.01,4.24,104.23,0.068,20.5,11.28,21.2,75.0,1500.0,15.2,battery_alternator_fail,0.79
fault_battery_alternator_fail_2,2170,1789814135.4219189,4723.0,126.42,735.9,4.39,104.24,0.0659,20.32,11.27,21.36,75.0,1500.0,15.2,battery_alternator_fail,0.79
fault_battery_alternator_fail_2,2171,1789814136.4219189,4723.1,126.62,738.16,4.35,104.13,0.0665,20.37,11.27,21.4,75.0,1500.0,15.2,battery_alternator_fail,0.79
fault_battery_alternator_fail_2,2172,1789814137.4219189,4728.4,126.75,739.86,4.3,104.18,0.072,20.15,11.27,21.51,75.0,1500.0,15.2,battery_alternator_fail,0.79
fault_battery_alternator_fail_2,2173,1789814138.4219189,4733.6,126.76,734.61,4.36,104.28,0.0733,20.04,11.27,21.38,75.0,1500.0,15.2,battery_alternator_fail,0.79
fault_battery_alternator_fail_2,2174,1789814139.4219189,4701.5,126.85,734.63,4.43,104.21,0.0788,20.13,11.27,21.35,75.0,1500.0,15.2,battery_alternator_fail,0.79
fault_battery_alternator_fail_2,2175,1789814140.4219189,4712.3,126.77,734.77,4.47,104.17,0.0828,19.95,11.26,21.07,75.0,1500.0,15.2,battery_alternator_fail,0.79
fault_battery_alternator_fail_2,2176,1789814141.4219189,4690.1,126.86,731.69,4.44,104.2,0.0765,19.96,11.26,21.31,75.0,1500.0,15.2,battery_alternator_fail,0.79
fault_battery_alternator_fail_2,2177,1789814142.4219189,4672.8,126.87,733.22,4.47,104.18,0.0786,19.92,11.26,21.22,75.0,1500.0,15.2,battery_alternator_fail,0.79
fault_battery_alternator_fail_2,2178,1789814143.4219189,4692.6,126.82,735.0,4.53,104.23,0.0769,20.02,11.26,21.23,75.0,1500.0,15.2,battery_alternator_fail,0.79
fault_battery_alternator_fail_2,2179,1789814144.4219189,4689.5,126.66,737.95,4.53,104.3,0.0676,20.04,11.25,21.2,75.0,1500.0,15.2,battery_alternator_fail,0.79
fault_battery_alternator_fail_2,2180,1789814145.4219189,4680.4,126.92,738.83,4.48,104.26,0.0722,20.21,11.25,21.31,75.0,1500.0,15.2,battery_alternator_fail,0.79
fault_battery_alternator_fail_2,2181,1789814146.4219189,4677.8,127.01,737.28,4.46,104.18,0.0734,20.34,11.25,21.23,75.0,1500.0,15.2,battery_alternator_fail,0.79
fault_battery_alternator_fail_2,2182,1789814147.4219189,4669.2,127.29,737.47,4.5,104.2,0.0744,20.42,11.25,21.26,75.0,1500.0,15.2,battery_alternator_fail,0.79
fault_battery_alternator_fail_2,2183,1789814148.4219189,4689.0,127.22,742.91,4.45,104.28,0.0759,20.25,11.25,21.19,75.0,1500.0,15.2,battery_alternator_fail,0.79
fault_battery_alternator_fail_2,2184,1789814149.4219189,4683.4,127.3,745.65,4.39,104.32,0.0774,20.36,11.24,21.42,75.0,1500.0,15.2,battery_alternator_fail,0.79
fault_battery_alternator_fail_2,2185,1789814150.4219189,4691.5,127.5,743.97,4.3,104.25,0.0726,20.3,11.24,21.52,75.0,1500.0,15.2,battery_alternator_fail,0.79
fault_battery_alternator_fail_2,2186,1789814151.4219189,4674.7,127.35,744.25,4.26,104.29,0.0704,20.15,11.24,21.3,75.0,1500.0,15.2,battery_alternator_fail,0.79
fault_battery_alternator_fail_2,2187,1789814152.4219189,4674.0,127.08,747.04,4.27,104.13,0.0707,20.31,11.24,21.24,75.0,1500.0,15.2,battery_alternator_fail,0.79
fault_battery_alternator_fail_2,2188,1789814153.4219189,4680.3,127.03,747.19,4.21,104.1,0.0665,20.14,11.24,21.47,75.0,1500.0,15.2,battery_alternator_fail,0.79
fault_battery_alternator_fail_2,2189,1789814154.4219189,4695.1,126.72,743.87,4.3,104.16,0.0727,20.2,11.23,21.49,75.0,1500.0,15.2,battery_alternator_fail,0.79
fault_battery_alternator_fail_2,2190,1789814155.4219189,4714.9,126.57,740.44,4.35,104.21,0.0685,20.03,11.23,21.59,75.0,1500.0,15.2,battery_alternator_fail,0.79
fault_battery_alternator_fail_2,2191,1789814156.4219189,4709.6,126.53,740.28,4.38,104.0,0.0785,20.14,11.23,21.68,75.0,1500.0,15.2,battery_alternator_fail,0.79
fault_battery_alternator_fail_2,2192,1789814157.4219189,4694.5,126.45,738.65,4.32,104.05,0.074,20.23,11.23,21.33,75.0,1500.0,15.2,battery_alternator_fail,0.79
fault_battery_alternator_fail_2,2193,1789814158.4219189,4717.8,126.39,737.07,4.37,104.0,0.0736,20.28,11.23,21.47,75.0,1500.0,15.2,battery_alternator_fail,0.79
fault_battery_alternator_fail_2,2194,1789814159.4219189,4695.5,126.14,737.77,4.36,104.0,0.0726,20.23,11.22,21.02,75.0,1500.0,15.2,battery_alternator_fail,0.79
fault_battery_alternator_fail_2,2195,1789814160.4219189,4705.2,126.07,737.77,4.36,104.19,0.0698,20.34,11.22,20.68,75.0,1500.0,15.2,battery_alternator_fail,0.79
fault_battery_alternator_fail_2,2196,1789814161.4219189,4674.0,126.05,741.43,4.37,104.27,0.0732,20.2,11.22,21.25,75.0,1500.0,15.2,battery_alternator_fail,0.79
fault_battery_alternator_fail_2,2197,1789814162.4219189,4681.1,126.24,741.77,4.33,104.2,0.0761,20.4,11.22,21.19,75.0,1500.0,15.2,battery_alternator_fail,0.79
fault_battery_alternator_fail_2,2198,1789814163.4219189,4694.5,126.07,739.43,4.29,104.11,0.0823,20.3,11.22,20.82,75.0,1500.0,15.2,battery_alternator_fail,0.79
fault_battery_alternator_fail_2,2199,1789814164.4219189,4698.3,126.22,735.81,4.24,104.13,0.0783,20.06,11.21,20.97,75.0,1500.0,15.2,battery_alternator_fail,0.79
fault_battery_alternator_fail_2,2200,1789814165.4219189,4699.2,126.35,736.38,4.29,104.25,0.0788,20.16,11.21,21.27,75.0,1500.0,15.2,battery_alternator_fail,0.79
fault_battery_alternator_fail_2,2201,1789814166.4219189,4704.6,126.4,736.05,4.29,104.05,0.0709,20.27,11.21,21.0,75.0,1500.0,15.2,battery_alternator_fail,0.79
fault_battery_alternator_fail_2,2202,1789814167.4219189,4704.1,126.45,739.64,4.42,103.85,0.0762,20.24,11.21,20.85,75.0,1500.0,15.2,battery_alternator_fail,0.79
fault_battery_alternator_fail_2,2203,1789814168.4219189,4707.2,126.56,745.54,4.38,103.82,0.0758,20.27,11.21,21.21,75.0,1500.0,15.2,battery_alternator_fail,0.79
fault_battery_alternator_fail_2,2204,1789814169.4219189,4734.8,127.04,747.04,4.33,103.72,0.0754,20.14,11.2,21.11,75.0,1500.0,15.2,battery_alternator_fail,0.79
fault_battery_alternator_fail_2,2205,1789814170.4219189,4720.8,126.92,749.48,4.42,103.81,0.0822,20.22,11.2,21.33,75.0,1500.0,15.2,battery_alternator_fail,0.79
fault_battery_alternator_fail_2,2206,1789814171.4219189,4720.5,126.76,746.85,4.38,103.73,0.0761,20.25,11.2,21.07,75.0,1500.0,15.2,battery_alternator_fail,0.79
fault_battery_alternator_fail_2,2207,1789814172.4219189,4723.3,127.04,745.72,4.34,103.66,0.0746,20.02,11.2,21.1,75.0,1500.0,15.2,battery_alternator_fail,0.79
fault_battery_alternator_fail_2,2208,1789814173.4219189,4716.3,127.05,743.17,4.4,103.72,0.0729,20.11,11.2,21.06,75.0,1500.0,15.2,battery_alternator_fail,0.79
fault_battery_alternator_fail_2,2209,1789814174.4219189,4703.2,126.87,740.03,4.4,103.68,0.0708,20.24,11.19,21.1,75.0,1500.0,15.2,battery_alternator_fail,0.79
fault_battery_alternator_fail_2,2210,1789814175.4219189,4678.8,126.78,742.43,4.37,103.71,0.0704,20.28,11.19,21.2,75.0,1500.0,15.2,battery_alternator_fail,0.79
fault_battery_alternator_fail_2,2211,1789814176.4219189,4694.4,126.9,744.65,4.45,103.73,0.0734,20.1,11.19,21.15,75.0,1500.0,15.2,battery_alternator_fail,0.79
fault_battery_alternator_fail_2,2212,1789814177.4219189,4689.8,126.92,739.24,4.43,103.78,0.0691,20.25,11.19,21.25,75.0,1500.0,15.2,battery_alternator_fail,0.79
fault_battery_alternator_fail_2,2213,1789814178.4219189,4688.3,126.7,745.95,4.43,103.9,0.0754,20.25,11.19,21.48,75.0,1500.0,15.2,battery_alternator_fail,0.79
fault_battery_alternator_fail_2,2214,1789814179.4219189,4688.7,126.86,742.0,4.33,103.87,0.0713,20.16,11.18,21.56,75.0,1500.0,15.2,battery_alternator_fail,0.79
fault_battery_alternator_fail_2,2215,1789814180.4219189,4740.2,126.79,741.31,4.39,103.87,0.0767,20.11,11.18,21.32,75.0,1500.0,15.2,battery_alternator_fail,0.79
fault_battery_alternator_fail_2,2216,1789814181.4219189,4707.2,127.0,741.21,4.23,103.97,0.0743,20.1,11.18,21.17,75.0,1500.0,15.2,battery_alternator_fail,0.79
fault_battery_alternator_fail_2,2217,1789814182.4219189,4684.1,127.13,744.37,4.29,104.03,0.0705,20.06,11.18,20.87,75.0,1500.0,15.2,battery_alternator_fail,0.79
fault_battery_alternator_fail_2,2218,1789814183.4219189,4692.9,127.03,745.48,4.32,104.04,0.0693,20.11,11.18,21.2,75.0,1500.0,15.2,battery_alternator_fail,0.79
fault_battery_alternator_fail_2,2219,1789814184.4219189,4698.8,126.91,742.66,4.29,104.07,0.0708,20.02,11.17,21.27,75.0,1500.0,15.2,battery_alternator_fail,0.79
fault_battery_alternator_fail_2,2220,1789814185.4219189,4692.5,126.93,740.01,4.27,104.26,0.0776,19.99,11.17,21.01,75.0,1500.0,15.2,battery_alternator_fail,0.79
fault_battery_alternator_fail_2,2221,1789814186.4219189,4691.1,126.51,740.59,4.26,104.3,0.0733,20.19,11.17,21.27,75.0,1500.0,15.2,battery_alternator_fail,0.79
fault_battery_alternator_fail_2,2222,1789814187.4219189,4715.2,126.15,743.39,4.32,104.12,0.0749,20.05,11.17,21.46,75.0,1500.0,15.2,battery_alternator_fail,0.79
fault_battery_alternator_fail_2,2223,1789814188.4219189,4693.7,126.69,745.09,4.32,104.12,0.0693,20.0,11.17,21.34,75.0,1500.0,15.2,battery_alternator_fail,0.79
fault_battery_alternator_fail_2,2224,1789814189.4219189,4723.1,126.55,738.8,4.24,104.03,0.0683,20.19,11.16,21.18,75.0,1500.0,15.2,battery_alternator_fail,0.79
fault_battery_alternator_fail_2,2225,1789814190.4219189,4733.4,126.85,737.71,4.25,103.89,0.0659,20.15,11.16,21.39,75.0,1500.0,15.2,battery_alternator_fail,0.79
fault_battery_alternator_fail_2,2226,1789814191.4219189,4721.4,126.95,735.25,4.23,103.86,0.0734,20.16,11.16,21.33,75.0,1500.0,15.2,battery_alternator_fail,0.79
fault_battery_alternator_fail_2,2227,1789814192.4219189,4728.4,126.95,735.94,4.31,103.79,0.0796,20.24,11.16,21.19,75.0,1500.0,15.2,battery_alternator_fail,0.79
fault_battery_alternator_fail_2,2228,1789814193.4219189,4709.3,126.74,732.68,4.33,103.74,0.0684,20.25,11.16,21.15,75.0,1500.0,15.2,battery_alternator_fail,0.79
fault_battery_alternator_fail_2,2229,1789814194.4219189,4705.5,126.81,735.38,4.32,103.76,0.0742,20.25,11.15,21.14,75.0,1500.0,15.2,battery_alternator_fail,0.79
fault_battery_alternator_fail_2,2230,1789814195.4219189,4696.3,126.66,737.05,4.41,103.7,0.0629,20.28,11.15,21.21,75.0,1500.0,15.2,battery_alternator_fail,0.79
fault_battery_alternator_fail_2,2231,1789814196.4219189,4713.2,126.74,736.84,4.44,103.64,0.0604,20.27,11.15,21.1,75.0,1500.0,15.2,battery_alternator_fail,0.79
fault_battery_alternator_fail_2,2232,1789814197.4219189,4706.1,126.97,734.31,4.38,103.79,0.0568,20.32,11.15,21.33,75.0,1500.0,15.2,battery_alternator_fail,0.79
fault_battery_alternator_fail_2,2233,1789814198.4219189,4702.2,126.66,746.17,4.39,103.95,0.0737,20.33,11.14,21.08,75.0,1500.0,15.2,battery_alternator_fail,0.79
fault_battery_alternator_fail_2,2234,1789814199.4219189,4717.7,126.49,745.17,4.27,103.94,0.0701,20.18,11.14,21.48,75.0,1500.0,15.2,battery_alternator_fail,0.79
fault_battery_alternator_fail_2,2235,1789814200.4219189,4693.3,126.69,749.51,4.26,103.86,0.0696,20.02,11.14,21.41,75.0,1500.0,15.2,battery_alternator_fail,0.79
fault_battery_alternator_fail_2,2236,1789814201.4219189,4695.3,126.5,749.53,4.33,103.89,0.0811,20.02,11.14,21.31,75.0,1500.0,15.2,battery_alternator_fail,0.79
fault_battery_alternator_fail_2,2237,1789814202.4219189,4695.8,126.24,751.17,4.35,103.82,0.0766,20.07,11.14,21.32,75.0,1500.0,15.2,battery_alternator_fail,0.79
fault_battery_alternator_fail_2,2238,1789814203.4219189,4688.5,125.86,752.31,4.42,103.93,0.0747,20.09,11.13,21.31,75.0,1500.0,15.2,battery_alternator_fail,0.79
fault_battery_alternator_fail_2,2239,1789814204.4219189,4691.8,126.18,745.58,4.43,104.01,0.0725,20.08,11.13,21.28,75.0,1500.0,15.2,battery_alternator_fail,0.79
fault_battery_alternator_fail_2,2240,1789814205.4219189,4690.6,126.5,740.45,4.38,103.94,0.0671,20.08,11.13,20.96,75.0,1500.0,15.2,battery_alternator_fail,0.79
fault_battery_alternator_fail_2,2241,1789814206.4219189,4680.0,126.41,740.59,4.39,104.2,0.0638,20.08,11.13,20.8,75.0,1500.0,15.2,battery_alternator_fail,0.79
fault_battery_alternator_fail_2,2242,1789814207.4219189,4683.5,126.37,740.49,4.36,104.13,0.0608,20.21,11.13,20.92,75.0,1500.0,15.2,battery_alternator_fail,0.79
fault_battery_alternator_fail_2,2243,1789814208.4219189,4694.5,126.34,739.36,4.31,104.15,0.059,20.16,11.12,21.04,75.0,1500.0,15.2,battery_alternator_fail,0.79
fault_battery_alternator_fail_2,2244,1789814209.4219189,4695.9,126.37,744.67,4.32,104.06,0.0661,20.23,11.12,21.2,75.0,1500.0,15.2,battery_alternator_fail,0.79
fault_battery_alternator_fail_2,2245,1789814210.4219189,4700.7,126.61,743.53,4.34,103.92,0.0623,20.14,11.12,21.2,75.0,1500.0,15.2,battery_alternator_fail,0.79
fault_battery_alternator_fail_2,2246,1789814211.4219189,4679.6,126.51,742.94,4.3,103.89,0.0664,20.19,11.12,21.01,75.0,1500.0,15.2,battery_alternator_fail,0.79
fault_battery_alternator_fail_2,2247,1789814212.4219189,4697.6,126.23,743.31,4.34,103.89,0.0698,20.19,11.12,21.1,75.0,1500.0,15.2,battery_alternator_fail,0.79
fault_battery_alternator_fail_2,2248,1789814213.4219189,4705.5,126.3,745.73,4.24,103.87,0.0728,20.11,11.11,21.1,75.0,1500.0,15.2,battery_alternator_fail,0.79
fault_battery_alternator_fail_2,2249,1789814214.4219189,4693.2,126.2,742.8,4.33,103.82,0.0742,20.3,11.11,21.09,75.0,1500.0,15.2,battery_alternator_fail,0.79
fault_battery_alternator_fail_2,2250,1789814215.4219189,4708.3,126.32,742.29,4.38,103.78,0.0785,20.37,11.11,21.12,75.0,1500.0,15.2,battery_alternator_fail,0.79
fault_battery_alternator_fail_2,2251,1789814216.4219189,4693.0,126.64,741.27,4.36,103.7,0.0814,20.36,11.11,21.23,75.0,1500.0,15.2,battery_alternator_fail,0.79
fault_battery_alternator_fail_2,2252,1789814217.4219189,4684.3,126.43,744.79,4.25,103.57,0.0746,20.37,11.11,21.15,75.0,1500.0,15.2,battery_alternator_fail,0.79
fault_battery_alternator_fail_2,2253,1789814218.4219189,4657.9,126.29,743.61,4.27,103.48,0.0742,20.19,11.1,21.24,75.0,1500.0,15.2,battery_alternator_fail,0.79
fault_battery_alternator_fail_2,2254,1789814219.4219189,4670.3,126.53,742.25,4.27,103.54,0.0659,20.24,11.1,21.22,75.0,1500.0,15.2,battery_alternator_fail,0.79
fault_battery_alternator_fail_2,2255,1789814220.4219189,4710.4,126.49,741.87,4.28,103.54,0.0688,20.06,11.1,21.27,75.0,1500.0,15.2,battery_alternator_fail,0.79
fault_battery_alternator_fail_2,2256,1789814221.4219189,4715.5,126.54,739.48,4.26,103.71,0.0664,20.1,11.1,21.4,75.0,1500.0,15.2,battery_alternator_fail,0.79
fault_battery_alternator_fail_2,2257,1789814222.4219189,4718.0,126.63,738.17,4.33,103.86,0.0645,20.03,11.1,20.95,75.0,1500.0,15.2,battery_alternator_fail,0.79
fault_battery_alternator_fail_2,2258,1789814223.4219189,4707.4,126.32,747.07,4.35,103.92,0.0676,20.04,11.09,20.84,75.0,1500.0,15.2,battery_alternator_fail,0.79
fault_battery_alternator_fail_2,2259,1789814224.4219189,4702.0,126.51,749.76,4.22,103.66,0.0734,19.94,11.09,21.06,75.0,1500.0,15.2,battery_alternator_fail,0.79
fault_battery_alternator_fail_2,2260,1789814225.4219189,4691.1,126.09,745.57,4.23,103.69,0.0768,20.1,11.09,20.8,75.0,1500.0,15.2,battery_alternator_fail,0.79
fault_battery_alternator_fail_2,2261,1789814226.4219189,4714.4,126.23,737.66,4.33,103.69,0.0865,20.28,11.09,21.03,75.0,1500.0,15.2,battery_alternator_fail,0.79
fault_battery_alternator_fail_2,2262,1789814227.4219189,4705.8,126.07,732.38,4.35,103.67,0.0809,20.19,11.09,21.21,75.0,1500.0,15.2,battery_alternator_fail,0.79
fault_battery_alternator_fail_2,2263,1789814228.4219189,4719.1,125.94,734.18,4.31,103.67,0.0898,20.23,11.08,21.43,75.0,1500.0,15.2,battery_alternator_fail,0.79
fault_battery_alternator_fail_2,2264,1789814229.4219189,4737.0,125.96,730.01,4.36,103.78,0.0826,20.29,11.08,21.14,75.0,1500.0,15.2,battery_alternator_fail,0.79
fault_battery_alternator_fail_2,2265,1789814230.4219189,4703.4,125.95,731.92,4.41,103.84,0.082,20.38,11.08,21.44,75.0,1500.0,15.2,battery_alternator_fail,0.79
fault_battery_alternator_fail_2,2266,1789814231.4219189,4712.5,126.04,733.31,4.38,103.83,0.0752,20.57,11.08,21.66,75.0,1500.0,15.2,battery_alternator_fail,0.79
fault_battery_alternator_fail_2,2267,1789814232.4219189,4714.0,126.11,739.12,4.33,103.83,0.0757,20.49,11.08,21.55,75.0,1500.0,15.2,battery_alternator_fail,0.79
fault_battery_alternator_fail_2,2268,1789814233.4219189,4704.1,126.32,738.48,4.39,103.79,0.0741,20.49,11.07,21.44,75.0,1500.0,15.2,battery_alternator_fail,0.79
fault_battery_alternator_fail_2,2269,1789814234.4219189,4709.4,126.72,740.11,4.43,103.9,0.0728,20.63,11.07,21.04,75.0,1500.0,15.2,battery_alternator_fail,0.79
fault_battery_alternator_fail_2,2270,1789814235.4219189,4729.4,126.6,736.27,4.31,103.92,0.0698,20.25,11.07,21.02,75.0,1500.0,15.2,battery_alternator_fail,0.79
fault_battery_alternator_fail_2,2271,1789814236.4219189,4726.6,126.6,734.11,4.44,103.85,0.0755,20.21,11.07,21.2,75.0,1500.0,15.2,battery_alternator_fail,0.79
fault_battery_alternator_fail_2,2272,1789814237.4219189,4725.1,126.62,734.28,4.43,103.89,0.069,20.14,11.07,21.23,75.0,1500.0,15.2,battery_alternator_fail,0.79
fault_battery_alternator_fail_2,2273,1789814238.4219189,4730.6,127.29,732.48,4.44,104.01,0.0777,20.18,11.06,20.89,75.0,1500.0,15.2,battery_alternator_fail,0.79
fault_battery_alternator_fail_2,2274,1789814239.4219189,4731.3,127.11,732.91,4.38,104.07,0.0818,20.08,11.06,21.26,75.0,1500.0,15.2,battery_alternator_fail,0.79
fault_battery_alternator_fail_2,2275,1789814240.4219189,4718.0,126.91,732.59,4.4,104.03,0.0718,20.09,11.06,21.01,75.0,1500.0,15.2,battery_alternator_fail,0.79
fault_battery_alternator_fail_2,2276,1789814241.4219189,4726.8,126.92,738.9,4.36,104.07,0.0758,20.14,11.06,21.08,75.0,1500.0,15.2,battery_alternator_fail,0.79
fault_battery_alternator_fail_2,2277,1789814242.4219189,4689.8,127.11,735.57,4.45,104.07,0.0726,20.15,11.06,21.27,75.0,1500.0,15.2,battery_alternator_fail,0.79
fault_battery_alternator_fail_2,2278,1789814243.4219189,4692.5,126.89,734.04,4.46,104.16,0.0787,20.15,11.05,21.15,75.0,1500.0,15.2,battery_alternator_fail,0.79
fault_battery_alternator_fail_2,2279,1789814244.4219189,4714.7,127.22,735.57,4.45,104.2,0.0782,20.16,11.05,21.27,75.0,1500.0,15.2,battery_alternator_fail,0.79
fault_battery_alternator_fail_2,2280,1789814245.4219189,4729.7,127.04,735.32,4.33,104.34,0.0699,20.17,11.05,21.15,75.0,1500.0,15.2,battery_alternator_fail,0.79
fault_battery_alternator_fail_2,2281,1789814246.4219189,4722.0,126.96,737.68,4.39,104.33,0.0822,20.22,11.05,21.3,75.0,1500.0,15.2,battery_alternator_fail,0.79
fault_battery_alternator_fail_2,2282,1789814247.4219189,4743.4,126.93,737.08,4.31,104.45,0.0839,20.42,11.05,21.29,75.0,1500.0,15.2,battery_alternator_fail,0.79
fault_battery_alternator_fail_2,2283,1789814248.4219189,4718.3,127.28,730.82,4.24,104.62,0.0684,20.42,11.04,21.28,75.0,1500.0,15.2,battery_alternator_fail,0.79
fault_battery_alternator_fail_2,2284,1789814249.4219189,4718.4,126.78,729.03,4.1,104.5,0.0612,20.23,11.04,20.87,75.0,1500.0,15.2,battery_alternator_fail,0.79
fault_battery_alternator_fail_2,2285,1789814250.4219189,4708.3,126.71,728.12,4.21,104.49,0.066,20.24,11.04,21.12,75.0,1500.0,15.2,battery_alternator_fail,0.79
fault_battery_alternator_fail_2,2286,1789814251.4219189,4687.9,126.85,729.78,4.24,104.75,0.0638,20.09,11.04,21.38,75.0,1500.0,15.2,battery_alternator_fail,0.79
fault_battery_alternator_fail_2,2287,1789814252.4219189,4698.2,126.56,732.48,4.24,104.69,0.0642,19.96,11.04,20.99,75.0,1500.0,15.2,battery_alternator_fail,0.79
fault_battery_alternator_fail_2,2288,1789814253.4219189,4688.5,126.49,740.3,4.18,104.69,0.0639,20.02,11.03,21.24,75.0,1500.0,15.2,battery_alternator_fail,0.79
fault_battery_alternator_fail_2,2289,1789814254.4219189,4669.7,126.15,734.55,4.28,104.62,0.0653,20.11,11.03,20.97,75.0,1500.0,15.2,battery_alternator_fail,0.79
fault_battery_alternator_fail_2,2290,1789814255.4219189,4683.7,126.53,738.97,4.29,104.55,0.074,20.18,11.03,21.24,75.0,1500.0,15.2,battery_alternator_fail,0.79
fault_battery_alternator_fail_2,2291,1789814256.4219189,4690.8,126.39,736.68,4.34,104.41,0.0685,20.07,11.03,20.91,75.0,1500.0,15.2,battery_alternator_fail,0.79
fault_battery_alternator_fail_2,2292,1789814257.4219189,4699.8,126.75,733.27,4.31,104.56,0.0646,20.01,11.02,20.92,75.0,1500.0,15.2,battery_alternator_fail,0.79
fault_battery_alternator_fail_2,2293,1789814258.4219189,4703.6,126.7,735.27,4.44,104.58,0.0626,20.14,11.02,20.89,75.0,1500.0,15.2,battery_alternator_fail,0.79
fault_battery_alternator_fail_2,2294,1789814259.4219189,4694.8,126.68,736.0,4.36,104.67,0.0703,20.24,11.02,21.16,75.0,1500.0,15.2,battery_alternator_fail,0.79
fault_battery_alternator_fail_2,2295,1789814260.4219189,4695.2,126.44,732.64,4.32,104.53,0.0764,20.21,11.02,21.24,75.0,1500.0,15.2,battery_alternator_fail,0.79
fault_battery_alternator_fail_2,2296,1789814261.4219189,4705.4,126.51,734.63,4.39,104.59,0.0697,20.05,11.02,21.2,75.0,1500.0,15.2,battery_alternator_fail,0.79
fault_battery_alternator_fail_2,2297,1789814262.4219189,4705.3,126.51,738.25,4.35,104.63,0.0793,20.07,11.01,21.37,75.0,1500.0,15.2,battery_alternator_fail,0.79
fault_battery_alternator_fail_2,2298,1789814263.4219189,4693.3,126.66,735.88,4.4,104.6,0.0698,20.03,11.01,21.45,75.0,1500.0,15.2,battery_alternator_fail,0.79
fault_battery_alternator_fail_2,2299,1789814264.4219189,4725.5,126.44,735.78,4.45,104.48,0.0637,19.92,11.01,21.67,75.0,1500.0,15.2,battery_alternator_fail,0.79
fault_battery_alternator_fail_2,2300,1789814265.4219189,4712.6,126.49,735.46,4.38,104.5,0.0685,20.18,11.01,21.47,75.0,1500.0,15.2,battery_alternator_fail,0.79
fault_battery_alternator_fail_2,2301,1789814266.4219189,4699.6,126.17,740.93,4.33,104.4,0.0707,20.19,11.01,21.04,75.0,1500.0,15.2,battery_alternator_fail,0.79
fault_battery_alternator_fail_2,2302,1789814267.4219189,4681.1,126.0,737.98,4.37,104.41,0.0724,20.11,11.0,21.07,75.0,1500.0,15.2,battery_alternator_fail,0.79
fault_battery_alternator_fail_2,2303,1789814268.4219189,4676.8,125.95,738.74,4.38,104.43,0.0645,20.01,11.0,21.28,75.0,1500.0,15.2,battery_alternator_fail,0.79
fault_battery_alternator_fail_2,2304,1789814269.4219189,4681.9,125.75,741.93,4.4,104.45,0.069,20.06,11.0,21.02,75.0,1500.0,15.2,battery_alternator_fail,0.79
fault_battery_alternator_fail_2,2305,1789814270.4219189,4697.2,125.62,744.8,4.28,104.41,0.0706,20.0,11.0,20.77,75.0,1500.0,15.2,battery_alternator_fail,0.79
fault_battery_alternator_fail_2,2306,1789814271.4219189,4721.2,125.92,745.12,4.29,104.37,0.0793,19.99,11.0,20.87,75.0,1500.0,15.2,battery_alternator_fail,0.79
fault_battery_alternator_fail_2,2307,1789814272.4219189,4724.6,125.57,743.61,4.32,104.32,0.0716,20.0,10.99,21.03,75.0,1500.0,15.2,battery_alternator_fail,0.79
fault_battery_alternator_fail_2,2308,1789814273.4219189,4719.5,125.69,743.37,4.37,104.24,0.0692,20.09,10.99,21.13,75.0,1500.0,15.2,battery_alternator_fail,0.79
fault_battery_alternator_fail_2,2309,1789814274.4219189,4750.0,125.55,740.1,4.34,104.22,0.0671,20.02,10.99,21.41,75.0,1500.0,15.2,battery_alternator_fail,0.79
fault_battery_alternator_fail_2,2310,1789814275.4219189,4725.4,126.08,741.7,4.28,104.36,0.0661,20.09,10.99,21.43,75.0,1500.0,15.2,battery_alternator_fail,0.79
fault_battery_alternator_fail_2,2311,1789814276.4219189,4709.1,126.42,742.71,4.3,104.39,0.0702,20.01,10.99,21.25,75.0,1500.0,15.2,battery_alternator_fail,0.79
fault_battery_alternator_fail_2,2312,1789814277.4219189,4699.5,126.45,744.25,4.32,104.44,0.0734,19.8,10.98,20.94,75.0,1500.0,15.2,battery_alternator_fail,0.79
fault_battery_alternator_fail_2,2313,1789814278.4219189,4718.5,126.3,745.68,4.34,104.29,0.0698,20.09,10.98,21.1,75.0,1500.0,15.2,battery_alternator_fail,0.79
fault_battery_alternator_fail_2,2314,1789814279.4219189,4700.2,126.26,743.04,4.41,104.17,0.066,20.06,10.98,21.11,75.0,1500.0,15.2,battery_alternator_fail,0.79
fault_battery_alternator_fail_2,2315,1789814280.4219189,4680.1,126.8,744.18,4.39,104.15,0.0641,20.21,10.98,21.17,75.0,1500.0,15.2,battery_alternator_fail,0.79
fault_battery_alternator_fail_2,2316,1789814281.4219189,4673.9,126.83,748.36,4.44,104.24,0.0606,20.27,10.98,21.07,75.0,1500.0,15.2,battery_alternator_fail,0.79
fault_battery_alternator_fail_2,2317,1789814282.4219189,4682.5,127.14,752.66,4.32,104.11,0.0618,20.26,10.97,21.27,75.0,1500.0,15.2,battery_alternator_fail,0.79
fault_battery_alternator_fail_2,2318,1789814283.4219189,4697.1,126.86,752.32,4.38,104.07,0.0676,20.33,10.97,21.44,75.0,1500.0,15.2,battery_alternator_fail,0.79
fault_battery_alternator_fail_2,2319,1789814284.4219189,4681.3,126.77,750.73,4.29,103.9,0.0703,20.45,10.97,21.24,75.0,1500.0,15.2,battery_alternator_fail,0.79
fault_battery_alternator_fail_2,2320,1789814285.4219189,4701.2,126.66,742.99,4.25,103.88,0.0826,20.63,10.97,21.09,75.0,1500.0,15.2,battery_alternator_fail,0.79
fault_battery_alternator_fail_2,2321,1789814286.4219189,4719.8,126.44,743.8,4.2,103.93,0.0778,20.63,10.97,20.98,75.0,1500.0,15.2,battery_alternator_fail,0.79
fault_battery_alternator_fail_2,2322,1789814287.4219189,4744.7,126.63,739.6,4.35,103.77,0.0738,20.27,10.96,20.66,75.0,1500.0,15.2,battery_alternator_fail,0.79
fault_battery_alternator_fail_2,2323,1789814288.4219189,4708.5,126.4,744.98,4.45,103.71,0.0662,20.3,10.96,20.48,75.0,1500.0,15.2,battery_alternator_fail,0.79
fault_battery_alternator_fail_2,2324,1789814289.4219189,4705.1,126.68,739.3,4.38,103.67,0.0724,20.39,10.96,21.0,75.0,1500.0,15.2,battery_alternator_fail,0.79
fault_battery_alternator_fail_2,2325,1789814290.4219189,4704.8,126.26,743.15,4.47,103.75,0.0785,20.41,10.96,21.57,75.0,1500.0,15.2,battery_alternator_fail,0.79
fault_battery_alternator_fail_2,2326,1789814291.4219189,4696.4,126.44,741.63,4.41,103.79,0.066,20.26,10.96,21.1,75.0,1500.0,15.2,battery_alternator_fail,0.79
fault_battery_alternator_fail_2,2327,1789814292.4219189,4700.6,126.29,745.35,4.36,103.81,0.0679,20.38,10.95,21.17,75.0,1500.0,15.2,battery_alternator_fail,0.79
fault_battery_alternator_fail_2,2328,1789814293.4219189,4686.2,126.24,744.2,4.39,103.96,0.0675,20.34,10.95,21.55,75.0,1500.0,15.2,battery_alternator_fail,0.79
fault_battery_alternator_fail_2,2329,1789814294.4219189,4691.9,126.27,747.32,4.44,103.94,0.0696,20.38,10.95,21.4,75.0,1500.0,15.2,battery_alternator_fail,0.79
fault_battery_alternator_fail_2,2330,1789814295.4219189,4669.7,126.13,743.45,4.48,104.05,0.0654,20.42,10.95,21.33,75.0,1500.0,15.2,battery_alternator_fail,0.79
fault_battery_alternator_fail_2,2331,1789814296.4219189,4685.1,126.13,741.74,4.41,104.12,0.0651,20.43,10.95,21.3,75.0,1500.0,15.2,battery_alternator_fail,0.79
fault_battery_alternator_fail_2,2332,1789814297.4219189,4704.8,125.77,744.91,4.34,104.18,0.0673,20.47,10.94,20.96,75.0,1500.0,15.2,battery_alternator_fail,0.79
fault_battery_alternator_fail_2,2333,1789814298.4219189,4694.9,125.92,736.98,4.4,104.26,0.0711,20.34,10.94,21.38,75.0,1500.0,15.2,battery_alternator_fail,0.79
fault_battery_alternator_fail_2,2334,1789814299.4219189,4698.0,125.86,738.16,4.33,104.2,0.0765,20.06,10.94,21.4,75.0,1500.0,15.2,battery_alternator_fail,0.79
fault_battery_alternator_fail_2,2335,1789814300.4219189,4693.6,125.85,739.28,4.32,104.06,0.0779,20.08,10.94,21.47,75.0,1500.0,15.2,battery_alternator_fail,0.79
fault_battery_alternator_fail_2,2336,1789814301.4219189,4694.7,125.97,745.93,4.35,104.07,0.0739,20.07,10.94,21.36,75.0,1500.0,15.2,battery_alternator_fail,0.79
fault_battery_alternator_fail_2,2337,1789814302.4219189,4678.9,126.19,742.96,4.37,103.91,0.0719,20.03,10.93,21.32,75.0,1500.0,15.2,battery_alternator_fail,0.79
fault_battery_alternator_fail_2,2338,1789814303.4219189,4683.0,126.1,743.22,4.44,103.91,0.0708,20.0,10.93,21.01,75.0,1500.0,15.2,battery_alternator_fail,0.79
fault_battery_alternator_fail_2,2339,1789814304.4219189,4690.2,126.03,742.7,4.48,103.9,0.0686,20.16,10.93,20.93,75.0,1500.0,15.2,battery_alternator_fail,0.79
fault_battery_alternator_fail_2,2340,1789814305.4219189,4692.7,126.41,740.08,4.34,103.83,0.077,20.16,10.93,21.2,75.0,1500.0,15.2,battery_alternator_fail,0.79
fault_battery_alternator_fail_2,2341,1789814306.4219189,4697.7,126.41,738.19,4.33,103.72,0.075,20.26,10.93,20.72,75.0,1500.0,15.2,battery_alternator_fail,0.79
fault_battery_alternator_fail_2,2342,1789814307.4219189,4692.1,126.13,734.06,4.41,103.64,0.0688,20.35,10.92,21.11,75.0,1500.0,15.2,battery_alternator_fail,0.79
fault_battery_alternator_fail_2,2343,1789814308.4219189,4682.3,126.21,735.87,4.45,103.59,0.0764,20.31,10.92,21.22,75.0,1500.0,15.2,battery_alternator_fail,0.79
fault_battery_alternator_fail_2,2344,1789814309.4219189,4673.0,126.25,739.76,4.44,103.82,0.0652,20.37,10.92,21.15,75.0,1500.0,15.2,battery_alternator_fail,0.79
fault_battery_alternator_fail_2,2345,1789814310.4219189,4646.5,126.24,743.04,4.48,103.69,0.0635,20.3,10.92,21.3,75.0,1500.0,15.2,battery_alternator_fail,0.79
fault_battery_alternator_fail_2,2346,1789814311.4219189,4654.8,126.17,744.34,4.42,103.65,0.0733,20.36,10.92,21.21,75.0,1500.0,15.2,battery_alternator_fail,0.79
fault_battery_alternator_fail_2,2347,1789814312.4219189,4624.4,126.35,743.12,4.31,103.77,0.0769,20.36,10.91,21.42,75.0,1500.0,15.2,battery_alternator_fail,0.79
fault_battery_alternator_fail_2,2348,1789814313.4219189,4637.8,126.23,745.58,4.33,103.71,0.0764,20.32,10.91,21.28,75.0,1500.0,15.2,battery_alternator_fail,0.79
fault_battery_alternator_fail_2,2349,1789814314.4219189,4678.7,126.3,744.79,4.36,103.78,0.0776,20.18,10.91,21.24,75.0,1500.0,15.2,battery_alternator_fail,0.79
fault_battery_alternator_fail_2,2350,1789814315.4219189,4705.6,126.52,741.16,4.31,103.72,0.0653,20.23,10.91,21.3,75.0,1500.0,15.2,battery_alternator_fail,0.79
fault_battery_alternator_fail_2,2351,1789814316.4219189,4719.6,126.56,736.22,4.32,103.72,0.0728,20.38,10.9,21.22,75.0,1500.0,15.2,battery_alternator_fail,0.79
fault_battery_alternator_fail_2,2352,1789814317.4219189,4721.9,126.06,737.42,4.37,103.65,0.073,20.27,10.9,21.13,75.0,1500.0,15.2,battery_alternator_fail,0.79
fault_battery_alternator_fail_2,2353,1789814318.4219189,4720.7,126.09,737.87,4.24,103.61,0.0742,20.22,10.9,21.31,75.0,1500.0,15.2,battery_alternator_fail,0.79
fault_battery_alternator_fail_2,2354,1789814319.4219189,4731.1,126.63,740.32,4.3,103.49,0.0648,20.29,10.9,21.44,75.0,1500.0,15.2,battery_alternator_fail,0.79
fault_battery_alternator_fail_2,2355,1789814320.4219189,4731.8,126.95,741.24,4.28,103.6,0.071,20.28,10.9,21.15,75.0,1500.0,15.2,battery_alternator_fail,0.79
fault_battery_alternator_fail_2,2356,1789814321.4219189,4713.4,126.99,738.03,4.33,103.81,0.0793,20.26,10.89,21.16,75.0,1500.0,15.2,battery_alternator_fail,0.79
fault_battery_alternator_fail_2,2357,1789814322.4219189,4714.9,126.83,730.9,4.32,103.82,0.078,20.03,10.89,21.31,75.0,1500.0,15.2,battery_alternator_fail,0.79
fault_battery_alternator_fail_2,2358,1789814323.4219189,4737.4,126.93,735.61,4.36,103.98,0.0643,20.1,10.89,21.23,75.0,1500.0,15.2,battery_alternator_fail,0.79
fault_battery_alternator_fail_2,2359,1789814324.4219189,4724.3,126.96,736.48,4.36,103.91,0.0595,20.34,10.89,21.44,75.0,1500.0,15.2,battery_alternator_fail,0.79
fault_battery_alternator_fail_2,2360,1789814325.4219189,4726.7,126.55,735.55,4.42,104.01,0.0725,20.19,10.89,21.38,75.0,1500.0,15.2,battery_alternator_fail,0.79
fault_battery_alternator_fail_2,2361,1789814326.4219189,4723.9,126.8,735.06,4.37,104.08,0.0763,20.29,10.88,21.36,75.0,1500.0,15.2,battery_alternator_fail,0.79
fault_battery_alternator_fail_2,2362,1789814327.4219189,4701.1,127.09,730.68,4.37,104.19,0.0758,20.26,10.88,21.46,75.0,1500.0,15.2,battery_alternator_fail,0.79
fault_battery_alternator_fail_2,2363,1789814328.4219189,4713.5,126.99,726.99,4.32,104.05,0.0742,20.36,10.88,21.11,75.0,1500.0,15.2,battery_alternator_fail,0.79
fault_battery_alternator_fail_2,2364,1789814329.4219189,4696.4,126.47,725.65,4.33,104.17,0.0701,20.34,10.88,20.77,75.0,1500.0,15.2,battery_alternator_fail,0.79
fault_battery_alternator_fail_2,2365,1789814330.4219189,4680.5,126.33,724.7,4.42,103.99,0.0758,20.26,10.88,20.83,75.0,1500.0,15.2,battery_alternator_fail,0.79
fault_battery_alternator_fail_2,2366,1789814331.4219189,4683.1,126.34,728.87,4.38,103.93,0.0789,20.35,10.87,21.16,75.0,1500.0,15.2,battery_alternator_fail,0.79
fault_battery_alternator_fail_2,2367,1789814332.4219189,4690.3,126.3,735.62,4.33,104.0,0.0767,20.21,10.87,21.18,75.0,1500.0,15.2,battery_alternator_fail,0.79
fault_battery_alternator_fail_2,2368,1789814333.4219189,4681.9,126.05,738.29,4.28,104.11,0.071,20.29,10.87,21.53,75.0,1500.0,15.2,battery_alternator_fail,0.79
fault_battery_alternator_fail_2,2369,1789814334.4219189,4691.9,126.22,735.85,4.4,103.95,0.0637,20.12,10.87,21.44,75.0,1500.0,15.2,battery_alternator_fail,0.79
fault_battery_alternator_fail_2,2370,1789814335.4219189,4681.2,125.95,734.94,4.42,103.85,0.0614,20.25,10.87,21.27,75.0,1500.0,15.2,battery_alternator_fail,0.79
fault_battery_alternator_fail_2,2371,1789814336.4219189,4671.4,125.68,734.15,4.43,103.88,0.0714,20.24,10.86,21.45,75.0,1500.0,15.2,battery_alternator_fail,0.79
fault_battery_alternator_fail_2,2372,1789814337.4219189,4664.7,125.88,729.65,4.43,103.85,0.0771,20.22,10.86,21.41,75.0,1500.0,15.2,battery_alternator_fail,0.79
fault_battery_alternator_fail_2,2373,1789814338.4219189,4677.1,126.11,730.92,4.29,103.94,0.0669,20.39,10.86,21.36,75.0,1500.0,15.2,battery_alternator_fail,0.79
fault_battery_alternator_fail_2,2374,1789814339.4219189,4691.9,125.95,730.43,4.34,103.91,0.066,20.39,10.86,21.13,75.0,1500.0,15.2,battery_alternator_fail,0.79
fault_battery_alternator_fail_2,2375,1789814340.4219189,4707.4,126.1,739.24,4.29,103.85,0.0702,20.57,10.86,21.48,75.0,1500.0,15.2,battery_alternator_fail,0.79
fault_battery_alternator_fail_2,2376,1789814341.4219189,4709.5,126.38,736.47,4.27,103.81,0.0773,20.46,10.85,21.32,75.0,1500.0,15.2,battery_alternator_fail,0.79
fault_battery_alternator_fail_2,2377,1789814342.4219189,4709.0,126.51,733.95,4.26,103.83,0.0834,20.52,10.85,21.08,75.0,1500.0,15.2,battery_alternator_fail,0.79
fault_battery_alternator_fail_2,2378,1789814343.4219189,4697.0,126.63,735.0,4.26,103.71,0.085,20.5,10.85,21.16,75.0,1500.0,15.2,battery_alternator_fail,0.79
fault_battery_alternator_fail_2,2379,1789814344.4219189,4702.6,126.69,737.81,4.26,103.65,0.079,20.31,10.85,21.34,75.0,1500.0,15.2,battery_alternator_fail,0.79
fault_battery_alternator_fail_2,2380,1789814345.4219189,4700.6,126.83,738.06,4.28,103.78,0.0822,20.37,10.85,21.3,75.0,1500.0,15.2,battery_alternator_fail,0.79
fault_battery_alternator_fail_2,2381,1789814346.4219189,4683.8,126.62,747.7,4.32,103.76,0.0798,20.45,10.84,21.5,75.0,1500.0,15.2,battery_alternator_fail,0.79
fault_battery_alternator_fail_2,2382,1789814347.4219189,4654.7,126.57,745.64,4.38,103.93,0.075,20.35,10.84,21.35,75.0,1500.0,15.2,battery_alternator_fail,0.79
fault_battery_alternator_fail_2,2383,1789814348.4219189,4634.2,126.42,744.97,4.37,103.95,0.0797,20.23,10.84,21.45,75.0,1500.0,15.2,battery_alternator_fail,0.79
fault_battery_alternator_fail_2,2384,1789814349.4219189,4668.0,126.1,749.31,4.36,103.89,0.0756,20.21,10.84,21.27,75.0,1500.0,15.2,battery_alternator_fail,0.79
fault_battery_alternator_fail_2,2385,1789814350.4219189,4681.2,126.23,745.18,4.46,103.75,0.0732,20.11,10.84,21.53,75.0,1500.0,15.2,battery_alternator_fail,0.79
fault_battery_alternator_fail_2,2386,1789814351.4219189,4698.6,126.17,746.63,4.48,104.0,0.0693,20.07,10.83,21.3,75.0,1500.0,15.2,battery_alternator_fail,0.79
fault_battery_alternator_fail_2,2387,1789814352.4219189,4691.2,126.27,745.77,4.53,104.06,0.0601,20.09,10.83,21.25,75.0,1500.0,15.2,battery_alternator_fail,0.79
fault_battery_alternator_fail_2,2388,1789814353.4219189,4706.5,126.32,744.71,4.48,103.99,0.0682,20.31,10.83,20.82,75.0,1500.0,15.2,battery_alternator_fail,0.79
fault_battery_alternator_fail_2,2389,1789814354.4219189,4672.4,126.41,742.79,4.37,104.05,0.0681,20.33,10.83,20.98,75.0,1500.0,15.2,battery_alternator_fail,0.79
fault_battery_alternator_fail_2,2390,1789814355.4219189,4690.3,126.14,743.23,4.37,104.09,0.0719,20.44,10.83,20.78,75.0,1500.0,15.2,battery_alternator_fail,0.79
fault_battery_alternator_fail_2,2391,1789814356.4219189,4688.9,126.46,743.63,4.42,104.04,0.0673,20.35,10.82,21.01,75.0,1500.0,15.2,battery_alternator_fail,0.79
fault_battery_alternator_fail_2,2392,1789814357.4219189,4709.7,126.42,743.55,4.33,104.0,0.0728,20.27,10.82,21.15,75.0,1500.0,15.2,battery_alternator_fail,0.79
fault_battery_alternator_fail_2,2393,1789814358.4219189,4708.3,126.37,738.36,4.38,104.06,0.0709,20.36,10.82,21.29,75.0,1500.0,15.2,battery_alternator_fail,0.79
fault_battery_alternator_fail_2,2394,1789814359.4219189,4706.9,126.34,736.44,4.36,104.09,0.0658,20.38,10.82,21.15,75.0,1500.0,15.2,battery_alternator_fail,0.79
fault_battery_alternator_fail_2,2395,1789814360.4219189,4707.1,126.33,741.58,4.35,104.03,0.0627,20.35,10.82,20.92,75.0,1500.0,15.2,battery_alternator_fail,0.79
fault_battery_alternator_fail_2,2396,1789814361.4219189,4692.6,126.14,739.36,4.37,104.09,0.0663,20.24,10.81,21.0,75.0,1500.0,15.2,battery_alternator_fail,0.79
fault_battery_alternator_fail_2,2397,1789814362.4219189,4690.2,126.13,737.49,4.35,103.85,0.0708,20.12,10.81,21.11,75.0,1500.0,15.2,battery_alternator_fail,0.79
fault_battery_alternator_fail_2,2398,1789814363.4219189,4699.2,126.48,737.9,4.37,103.7,0.0794,20.19,10.81,21.13,75.0,1500.0,15.2,battery_alternator_fail,0.79
fault_battery_alternator_fail_2,2399,1789814364.4219189,4703.0,126.7,738.77,4.42,103.6,0.0705,20.33,10.81,20.98,75.0,1500.0,15.2,battery_alternator_fail,0.79
fault_battery_alternator_fail_2,2400,1789814365.4219189,3741.9,126.62,716.33,3.57,103.66,0.0509,14.91,10.81,18.02,30.0,1495.8,15.3,battery_alternator_fail,0.79
fault_battery_alternator_fail_2,2401,1789814366.4219189,3244.1,126.31,686.76,3.21,103.67,0.043,12.45,10.8,16.39,30.0,1491.7,15.3,battery_alternator_fail,0.79
fault_battery_alternator_fail_2,2402,1789814367.4219189,3000.3,125.49,659.61,2.97,103.55,0.0277,11.11,10.8,15.24,30.0,1487.5,15.3,battery_alternator_fail,0.79
fault_battery_alternator_fail_2,2403,1789814368.4219189,2865.9,124.81,638.12,2.85,103.53,0.0333,10.5,10.8,14.88,30.0,1483.4,15.4,battery_alternator_fail,0.79
fault_battery_alternator_fail_2,2404,1789814369.4219189,2787.1,123.94,620.71,2.76,103.58,0.0411,10.36,10.8,14.82,30.0,1479.2,15.4,battery_alternator_fail,0.79
fault_battery_alternator_fail_2,2405,1789814370.4219189,2774.8,123.34,607.6,2.8,103.56,0.0407,10.26,10.8,14.39,30.0,1475.0,15.4,battery_alternator_fail,0.79
fault_battery_alternator_fail_2,2406,1789814371.4219189,2752.4,122.53,602.72,2.82,103.55,0.0435,10.41,10.79,14.43,30.0,1470.9,15.4,battery_alternator_fail,0.79
fault_battery_alternator_fail_2,2407,1789814372.4219189,2773.3,121.66,596.99,2.77,103.52,0.0357,10.24,10.79,14.32,30.0,1466.7,15.5,battery_alternator_fail,0.79
fault_battery_alternator_fail_2,2408,1789814373.4219189,2783.8,120.9,595.05,2.74,103.34,0.0344,10.33,10.79,14.19,30.0,1462.6,15.5,battery_alternator_fail,0.79
fault_battery_alternator_fail_2,2409,1789814374.4219189,2757.5,120.35,588.43,2.73,103.27,0.0376,10.31,10.79,14.38,30.0,1458.4,15.5,battery_alternator_fail,0.79
fault_battery_alternator_fail_2,2410,1789814375.4219189,2759.0,119.83,586.01,2.69,103.08,0.0301,10.24,10.78,14.46,30.0,1454.2,15.5,battery_alternator_fail,0.79
fault_battery_alternator_fail_2,2411,1789814376.4219189,2748.7,119.51,585.44,2.72,103.35,0.0308,10.26,10.78,14.64,30.0,1450.1,15.6,battery_alternator_fail,0.79
fault_battery_alternator_fail_2,2412,1789814377.4219189,2721.0,119.34,584.99,2.69,103.28,0.0286,10.09,10.78,14.62,30.0,1445.9,15.6,battery_alternator_fail,0.79
fault_battery_alternator_fail_2,2413,1789814378.4219189,2711.8,118.94,582.05,2.75,103.29,0.038,10.07,10.78,14.47,30.0,1441.8,15.6,battery_alternator_fail,0.79
fault_battery_alternator_fail_2,2414,1789814379.4219189,2706.0,118.68,579.22,2.78,103.26,0.0428,10.1,10.78,14.09,30.0,1437.6,15.7,battery_alternator_fail,0.79
fault_battery_alternator_fail_2,2415,1789814380.4219189,2714.3,118.16,583.36,2.78,103.16,0.0416,9.99,10.77,13.96,30.0,1433.4,15.7,battery_alternator_fail,0.79
fault_battery_alternator_fail_2,2416,1789814381.4219189,2738.3,117.79,580.25,2.77,103.11,0.0427,10.1,10.77,13.85,30.0,1429.3,15.7,battery_alternator_fail,0.79
fault_battery_alternator_fail_2,2417,1789814382.4219189,2745.5,117.66,578.04,2.78,103.06,0.0529,10.2,10.77,13.97,30.0,1425.1,15.7,battery_alternator_fail,0.79
fault_battery_alternator_fail_2,2418,1789814383.4219189,2741.5,117.29,577.9,2.86,102.98,0.0473,10.24,10.77,14.29,30.0,1421.0,15.8,battery_alternator_fail,0.79
fault_battery_alternator_fail_2,2419,1789814384.4219189,2728.1,117.12,581.05,2.84,102.92,0.0515,10.07,10.77,14.32,30.0,1416.8,15.8,battery_alternator_fail,0.79
fault_battery_alternator_fail_2,2420,1789814385.4219189,2727.8,116.89,582.02,2.78,102.74,0.0438,10.23,10.76,14.36,30.0,1412.6,15.8,battery_alternator_fail,0.79
fault_battery_alternator_fail_2,2421,1789814386.4219189,2751.5,116.41,582.63,2.82,102.73,0.0403,10.37,10.76,14.2,30.0,1408.5,15.8,battery_alternator_fail,0.79
fault_battery_alternator_fail_2,2422,1789814387.4219189,2768.5,116.24,583.6,2.81,102.8,0.0409,10.3,10.76,14.51,30.0,1404.3,15.9,battery_alternator_fail,0.79
fault_battery_alternator_fail_2,2423,1789814388.4219189,2762.8,116.04,578.66,2.78,102.65,0.0275,10.1,10.76,14.4,30.0,1400.2,15.9,battery_alternator_fail,0.79
fault_battery_alternator_fail_2,2424,1789814389.4219189,2772.9,115.82,580.33,2.85,102.57,0.0474,10.15,10.76,14.48,30.0,1396.0,15.9,battery_alternator_fail,0.79
fault_battery_alternator_fail_2,2425,1789814390.4219189,2747.5,115.48,582.74,2.86,102.59,0.0368,10.17,10.75,14.44,30.0,1391.8,16.0,battery_alternator_fail,0.79
fault_battery_alternator_fail_2,2426,1789814391.4219189,2746.1,115.11,575.46,2.86,102.64,0.0366,10.21,10.75,14.51,30.0,1387.7,16.0,battery_alternator_fail,0.79
fault_battery_alternator_fail_2,2427,1789814392.4219189,2757.2,114.82,582.27,2.91,102.42,0.0407,10.22,10.75,14.46,30.0,1383.5,16.0,battery_alternator_fail,0.79
fault_battery_alternator_fail_2,2428,1789814393.4219189,2773.9,114.72,590.31,2.93,102.33,0.038,10.14,10.75,14.61,30.0,1379.4,16.0,battery_alternator_fail,0.79
fault_battery_alternator_fail_2,2429,1789814394.4219189,2767.0,114.67,590.94,2.82,102.27,0.034,10.08,10.75,14.73,30.0,1375.2,16.1,battery_alternator_fail,0.79
fault_battery_alternator_fail_2,2430,1789814395.4219189,2780.8,114.52,589.05,2.88,102.28,0.0392,10.08,10.74,14.62,30.0,1371.0,16.1,battery_alternator_fail,0.79
fault_battery_alternator_fail_2,2431,1789814396.4219189,2793.4,114.09,589.3,2.92,102.33,0.0369,10.14,10.74,14.43,30.0,1366.9,16.1,battery_alternator_fail,0.79
fault_battery_alternator_fail_2,2432,1789814397.4219189,2776.2,113.82,591.68,2.89,102.17,0.0338,10.05,10.74,14.26,30.0,1362.7,16.1,battery_alternator_fail,0.79
fault_battery_alternator_fail_2,2433,1789814398.4219189,2779.8,113.6,593.13,2.85,101.98,0.0409,9.98,10.74,14.3,30.0,1358.6,16.2,battery_alternator_fail,0.79
fault_battery_alternator_fail_2,2434,1789814399.4219189,2797.8,113.1,587.25,2.84,101.85,0.0358,10.0,10.74,14.54,30.0,1354.4,16.2,battery_alternator_fail,0.79
fault_battery_alternator_fail_2,2435,1789814400.4219189,2821.6,113.0,588.79,2.88,101.89,0.0406,9.98,10.73,14.25,30.0,1350.2,16.2,battery_alternator_fail,0.79
fault_battery_alternator_fail_2,2436,1789814401.4219189,2790.7,113.14,589.86,2.82,101.75,0.0403,10.06,10.73,14.01,30.0,1346.1,16.3,battery_alternator_fail,0.79
fault_battery_alternator_fail_2,2437,1789814402.4219189,2778.0,113.29,582.1,2.8,101.73,0.0481,9.94,10.73,14.28,30.0,1341.9,16.3,battery_alternator_fail,0.79
fault_battery_alternator_fail_2,2438,1789814403.4219189,2747.4,113.62,583.48,2.82,101.71,0.0417,10.16,10.73,14.17,30.0,1337.8,16.3,battery_alternator_fail,0.79
fault_battery_alternator_fail_2,2439,1789814404.4219189,2762.8,113.4,583.44,2.82,101.73,0.0356,10.37,10.73,14.77,30.0,1333.6,16.3,battery_alternator_fail,0.79
fault_battery_alternator_fail_2,2440,1789814405.4219189,2788.4,113.47,577.29,2.75,101.7,0.0393,10.31,10.72,14.86,30.0,1329.4,16.4,battery_alternator_fail,0.79
fault_battery_alternator_fail_2,2441,1789814406.4219189,2781.6,113.75,583.88,2.72,101.67,0.034,10.19,10.72,14.7,30.0,1325.3,16.4,battery_alternator_fail,0.79
fault_battery_alternator_fail_2,2442,1789814407.4219189,2790.5,113.79,584.36,2.71,101.65,0.0382,10.01,10.72,14.34,30.0,1321.1,16.4,battery_alternator_fail,0.79
fault_battery_alternator_fail_2,2443,1789814408.4219189,2761.6,113.39,585.12,2.78,101.67,0.0288,9.95,10.72,14.37,30.0,1317.0,16.4,battery_alternator_fail,0.79
fault_battery_alternator_fail_2,2444,1789814409.4219189,2732.5,113.13,592.65,2.82,101.53,0.0397,9.9,10.72,14.1,30.0,1312.8,16.5,battery_alternator_fail,0.79
fault_battery_alternator_fail_2,2445,1789814410.4219189,2716.3,112.92,589.26,2.74,101.41,0.0476,10.03,10.71,14.58,30.0,1308.6,16.5,battery_alternator_fail,0.79
fault_battery_alternator_fail_2,2446,1789814411.4219189,2724.1,112.74,589.75,2.71,101.26,0.0447,9.94,10.71,14.3,30.0,1304.5,16.5,battery_alternator_fail,0.79
fault_battery_alternator_fail_2,2447,1789814412.4219189,2729.9,112.52,589.96,2.75,101.38,0.0372,10.06,10.71,14.21,30.0,1300.3,16.5,battery_alternator_fail,0.79
fault_battery_alternator_fail_2,2448,1789814413.4219189,2739.2,112.35,591.5,2.72,101.33,0.0314,9.92,10.71,14.61,30.0,1296.2,16.6,battery_alternator_fail,0.79
fault_battery_alternator_fail_2,2449,1789814414.4219189,2723.5,112.56,592.71,2.82,101.17,0.0278,9.93,10.71,14.72,30.0,1292.0,16.6,battery_alternator_fail,0.79
fault_battery_alternator_fail_2,2450,1789814415.4219189,2730.3,112.51,594.69,2.81,101.07,0.0368,10.1,10.7,14.54,30.0,1287.8,16.6,battery_alternator_fail,0.79
fault_battery_alternator_fail_2,2451,1789814416.4219189,2730.2,112.18,596.05,2.89,101.07,0.04,10.03,10.7,14.46,30.0,1283.7,16.7,battery_alternator_fail,0.79
fault_battery_alternator_fail_2,2452,1789814417.4219189,2728.3,112.31,590.28,2.92,101.09,0.0391,9.99,10.7,14.17,30.0,1279.5,16.7,battery_alternator_fail,0.79
fault_battery_alternator_fail_2,2453,1789814418.4219189,2710.9,112.13,588.48,2.86,101.09,0.041,10.12,10.7,14.51,30.0,1275.4,16.7,battery_alternator_fail,0.79
fault_battery_alternator_fail_2,2454,1789814419.4219189,2712.9,112.05,588.58,2.85,101.11,0.0534,10.12,10.7,14.35,30.0,1271.2,16.7,battery_alternator_fail,0.79
fault_battery_alternator_fail_2,2455,1789814420.4219189,2746.3,111.98,590.02,2.85,101.19,0.0425,10.0,10.69,14.32,30.0,1267.0,16.8,battery_alternator_fail,0.79
fault_battery_alternator_fail_2,2456,1789814421.4219189,2745.6,111.86,588.18,2.99,101.23,0.0379,10.02,10.69,14.07,30.0,1262.9,16.8,battery_alternator_fail,0.79
fault_battery_alternator_fail_2,2457,1789814422.4219189,2724.8,111.73,591.33,2.91,101.37,0.03,10.12,10.69,14.18,30.0,1258.7,16.8,battery_alternator_fail,0.79
fault_battery_alternator_fail_2,2458,1789814423.4219189,2732.1,112.06,588.79,2.85,101.16,0.038,10.04,10.69,14.12,30.0,1254.6,16.8,battery_alternator_fail,0.79
fault_battery_alternator_fail_2,2459,1789814424.4219189,2704.0,112.07,587.07,2.78,101.15,0.0461,10.06,10.69,14.23,30.0,1250.4,16.9,battery_alternator_fail,0.79
fault_battery_alternator_fail_2,2460,1789814425.4219189,2707.8,111.94,591.38,2.89,101.18,0.0429,10.21,10.68,13.89,30.0,1246.2,16.9,battery_alternator_fail,0.79
fault_battery_alternator_fail_2,2461,1789814426.4219189,2699.6,111.86,593.36,2.9,101.19,0.0386,10.25,10.68,14.19,30.0,1242.1,16.9,battery_alternator_fail,0.79
fault_battery_alternator_fail_2,2462,1789814427.4219189,2739.4,111.85,592.14,2.89,101.2,0.0289,10.29,10.68,14.64,30.0,1237.9,17.0,battery_alternator_fail,0.79
fault_battery_alternator_fail_2,2463,1789814428.4219189,2717.3,111.89,592.79,2.9,101.24,0.0225,10.36,10.68,14.37,30.0,1233.8,17.0,battery_alternator_fail,0.79
fault_battery_alternator_fail_2,2464,1789814429.4219189,2713.1,111.95,588.42,2.84,101.12,0.0382,10.32,10.67,14.38,30.0,1229.6,17.0,battery_alternator_fail,0.79
fault_battery_alternator_fail_2,2465,1789814430.4219189,2720.1,112.1,593.55,2.75,100.95,0.0361,10.22,10.67,14.55,30.0,1225.4,17.0,battery_alternator_fail,0.79
fault_battery_alternator_fail_2,2466,1789814431.4219189,2723.1,111.9,593.53,2.88,100.95,0.0377,10.01,10.67,14.43,30.0,1221.3,17.1,battery_alternator_fail,0.79
fault_battery_alternator_fail_2,2467,1789814432.4219189,2707.1,111.94,594.84,2.88,100.66,0.0384,10.05,10.67,14.39,30.0,1217.1,17.1,battery_alternator_fail,0.79
fault_battery_alternator_fail_2,2468,1789814433.4219189,2728.1,112.0,596.19,2.9,100.52,0.0405,10.13,10.67,14.36,30.0,1213.0,17.1,battery_alternator_fail,0.79
fault_battery_alternator_fail_2,2469,1789814434.4219189,2741.7,111.78,596.03,2.9,100.55,0.0428,9.94,10.66,14.2,30.0,1208.8,17.1,battery_alternator_fail,0.79
fault_battery_alternator_fail_2,2470,1789814435.4219189,2750.6,111.85,593.13,2.9,100.45,0.0388,10.05,10.66,14.1,30.0,1204.6,17.2,battery_alternator_fail,0.79
fault_battery_alternator_fail_2,2471,1789814436.4219189,2756.9,111.79,595.03,2.85,100.48,0.0481,10.08,10.66,13.97,30.0,1200.5,17.2,battery_alternator_fail,0.79
fault_battery_alternator_fail_2,2472,1789814437.4219189,2730.8,111.86,591.17,2.84,100.45,0.0431,10.17,10.66,13.95,30.0,1196.3,17.2,battery_alternator_fail,0.79
fault_battery_alternator_fail_2,2473,1789814438.4219189,2726.9,111.76,594.88,2.82,100.46,0.045,9.95,10.66,14.21,30.0,1192.2,17.3,battery_alternator_fail,0.79
fault_battery_alternator_fail_2,2474,1789814439.4219189,2718.0,111.49,596.34,2.87,100.44,0.0461,9.98,10.65,14.36,30.0,1188.0,17.3,battery_alternator_fail,0.79
fault_battery_alternator_fail_2,2475,1789814440.4219189,2718.3,111.68,593.84,2.87,100.38,0.0424,10.08,10.65,14.16,30.0,1183.8,17.3,battery_alternator_fail,0.79
fault_battery_alternator_fail_2,2476,1789814441.4219189,2713.9,112.05,589.65,2.91,100.36,0.0373,10.08,10.65,14.54,30.0,1179.7,17.3,battery_alternator_fail,0.79
fault_battery_alternator_fail_2,2477,1789814442.4219189,2718.7,112.17,586.96,2.98,100.28,0.0357,10.07,10.65,14.6,30.0,1175.5,17.4,battery_alternator_fail,0.79
fault_battery_alternator_fail_2,2478,1789814443.4219189,2710.4,112.11,586.22,2.97,100.42,0.0332,10.13,10.65,14.18,30.0,1171.4,17.4,battery_alternator_fail,0.79
fault_battery_alternator_fail_2,2479,1789814444.4219189,2735.9,111.9,585.54,2.97,100.5,0.0333,10.0,10.64,14.59,30.0,1167.2,17.4,battery_alternator_fail,0.79
fault_battery_alternator_fail_2,2480,1789814445.4219189,2744.5,111.79,589.96,3.0,100.65,0.0346,10.11,10.64,14.33,30.0,1163.0,17.4,battery_alternator_fail,0.79
fault_battery_alternator_fail_2,2481,1789814446.4219189,2742.1,111.48,596.73,3.05,100.6,0.0382,9.96,10.64,14.23,30.0,1158.9,17.5,battery_alternator_fail,0.79
fault_battery_alternator_fail_2,2482,1789814447.4219189,2722.8,111.28,593.44,2.93,100.64,0.0416,9.96,10.64,14.23,30.0,1154.7,17.5,battery_alternator_fail,0.79
fault_battery_alternator_fail_2,2483,1789814448.4219189,2740.5,111.47,593.48,2.88,100.6,0.0387,10.01,10.64,14.62,30.0,1150.6,17.5,battery_alternator_fail,0.79
fault_battery_alternator_fail_2,2484,1789814449.4219189,2747.1,111.6,599.89,2.93,100.51,0.0335,9.93,10.63,14.62,30.0,1146.4,17.5,battery_alternator_fail,0.79
fault_battery_alternator_fail_2,2485,1789814450.4219189,2731.7,111.09,593.31,2.99,100.5,0.0421,9.9,10.63,13.94,30.0,1142.2,17.6,battery_alternator_fail,0.79
fault_battery_alternator_fail_2,2486,1789814451.4219189,2726.3,111.12,591.06,2.97,100.37,0.0552,9.87,10.63,14.02,30.0,1138.1,17.6,battery_alternator_fail,0.79
fault_battery_alternator_fail_2,2487,1789814452.4219189,2725.6,111.45,598.78,2.87,100.2,0.0472,9.89,10.63,14.27,30.0,1133.9,17.6,battery_alternator_fail,0.79
fault_battery_alternator_fail_2,2488,1789814453.4219189,2753.1,111.73,603.3,2.95,100.3,0.0456,10.01,10.63,14.3,30.0,1129.8,17.7,battery_alternator_fail,0.79
fault_battery_alternator_fail_2,2489,1789814454.4219189,2729.8,112.0,594.25,2.95,100.23,0.0392,9.89,10.62,14.49,30.0,1125.6,17.7,battery_alternator_fail,0.79
fault_battery_alternator_fail_2,2490,1789814455.4219189,2734.0,111.94,586.6,2.88,100.21,0.0419,9.87,10.62,14.78,30.0,1121.4,17.7,battery_alternator_fail,0.79
fault_battery_alternator_fail_2,2491,1789814456.4219189,2742.9,112.33,584.56,2.85,100.15,0.0393,10.02,10.62,14.79,30.0,1117.3,17.7,battery_alternator_fail,0.79
fault_battery_alternator_fail_2,2492,1789814457.4219189,2737.9,112.19,588.75,2.79,100.02,0.0457,9.95,10.62,15.06,30.0,1113.1,17.8,battery_alternator_fail,0.79
fault_battery_alternator_fail_2,2493,1789814458.4219189,2703.7,112.08,587.84,2.78,99.95,0.0392,9.97,10.62,14.35,30.0,1109.0,17.8,battery_alternator_fail,0.79
fault_battery_alternator_fail_2,2494,1789814459.4219189,2686.3,112.27,586.38,2.77,99.84,0.0347,10.03,10.61,14.4,30.0,1104.8,17.8,battery_alternator_fail,0.79
fault_battery_alternator_fail_2,2495,1789814460.4219189,2706.1,112.34,583.53,2.77,99.7,0.0245,10.07,10.61,14.34,30.0,1100.6,17.8,battery_alternator_fail,0.79
fault_battery_alternator_fail_2,2496,1789814461.4219189,2701.1,112.33,584.09,2.77,99.73,0.0281,9.97,10.61,14.47,30.0,1096.5,17.9,battery_alternator_fail,0.79
fault_battery_alternator_fail_2,2497,1789814462.4219189,2717.5,112.26,590.82,2.72,99.81,0.0268,10.2,10.61,13.98,30.0,1092.3,17.9,battery_alternator_fail,0.79
fault_battery_alternator_fail_2,2498,1789814463.4219189,2711.4,112.31,589.92,2.74,99.69,0.0338,10.19,10.61,14.12,30.0,1088.2,17.9,battery_alternator_fail,0.79
fault_battery_alternator_fail_2,2499,1789814464.4219189,2726.6,112.15,592.75,2.72,99.61,0.0415,10.32,10.6,14.42,30.0,1084.0,18.0,battery_alternator_fail,0.79
fault_battery_alternator_fail_2,2500,1789814465.4219189,2721.2,112.17,591.89,2.75,99.58,0.0436,10.17,10.6,14.42,30.0,1079.8,18.0,battery_alternator_fail,0.79
fault_battery_alternator_fail_2,2501,1789814466.4219189,2719.5,112.15,594.67,2.8,99.48,0.0428,10.16,10.6,14.43,30.0,1075.7,18.0,battery_alternator_fail,0.79
fault_battery_alternator_fail_2,2502,1789814467.4219189,2718.1,112.5,593.04,2.9,99.51,0.0395,10.26,10.6,14.64,30.0,1071.5,18.0,battery_alternator_fail,0.79
fault_battery_alternator_fail_2,2503,1789814468.4219189,2698.9,112.58,589.66,2.88,99.41,0.0365,10.29,10.6,14.49,30.0,1067.4,18.1,battery_alternator_fail,0.79
fault_battery_alternator_fail_2,2504,1789814469.4219189,2677.3,112.41,593.48,2.91,99.49,0.0423,10.3,10.59,14.19,30.0,1063.2,18.1,battery_alternator_fail,0.79
fault_battery_alternator_fail_2,2505,1789814470.4219189,2711.7,112.53,595.62,3.0,99.54,0.0428,10.28,10.59,14.03,30.0,1059.0,18.1,battery_alternator_fail,0.79
fault_battery_alternator_fail_2,2506,1789814471.4219189,2697.4,112.79,592.53,2.97,99.67,0.0442,10.23,10.59,14.17,30.0,1054.9,18.1,battery_alternator_fail,0.79
fault_battery_alternator_fail_2,2507,1789814472.4219189,2689.8,112.81,592.65,2.96,99.68,0.0387,10.15,10.59,14.21,30.0,1050.7,18.2,battery_alternator_fail,0.79
fault_battery_alternator_fail_2,2508,1789814473.4219189,2702.0,112.6,591.8,3.0,99.51,0.0402,10.21,10.59,14.58,30.0,1046.6,18.2,battery_alternator_fail,0.79
fault_battery_alternator_fail_2,2509,1789814474.4219189,2723.6,112.36,593.65,2.96,99.32,0.0383,10.27,10.58,14.06,30.0,1042.4,18.2,battery_alternator_fail,0.79
fault_battery_alternator_fail_2,2510,1789814475.4219189,2752.3,112.68,591.61,2.95,99.26,0.0375,10.04,10.58,14.49,30.0,1038.2,18.3,battery_alternator_fail,0.79
fault_battery_alternator_fail_2,2511,1789814476.4219189,2749.9,112.5,598.56,2.93,99.3,0.0395,10.03,10.58,14.74,30.0,1034.1,18.3,battery_alternator_fail,0.79
fault_battery_alternator_fail_2,2512,1789814477.4219189,2758.0,112.56,589.99,2.93,99.29,0.0373,10.0,10.58,14.61,30.0,1029.9,18.3,battery_alternator_fail,0.79
fault_battery_alternator_fail_2,2513,1789814478.4219189,2784.3,112.37,585.35,2.99,99.27,0.0396,9.95,10.58,14.21,30.0,1025.8,18.3,battery_alternator_fail,0.79
fault_battery_alternator_fail_2,2514,1789814479.4219189,2775.3,112.23,588.54,2.96,99.01,0.0464,9.95,10.57,14.29,30.0,1021.6,18.4,battery_alternator_fail,0.79
fault_battery_alternator_fail_2,2515,1789814480.4219189,2767.3,112.29,592.14,2.99,98.93,0.0439,10.15,10.57,14.36,30.0,1017.4,18.4,battery_alternator_fail,0.79
fault_battery_alternator_fail_2,2516,1789814481.4219189,2712.8,112.51,590.79,3.01,98.9,0.0366,10.21,10.57,14.61,30.0,1013.3,18.4,battery_alternator_fail,0.79
fault_battery_alternator_fail_2,2517,1789814482.4219189,2714.2,112.76,588.14,3.05,98.92,0.0411,10.3,10.57,14.47,30.0,1009.1,18.4,battery_alternator_fail,0.79
fault_battery_alternator_fail_2,2518,1789814483.4219189,2733.2,112.74,591.0,3.03,98.86,0.0402,10.22,10.57,14.45,30.0,1005.0,18.5,battery_alternator_fail,0.79
fault_battery_alternator_fail_2,2519,1789814484.4219189,2714.5,112.9,587.48,2.96,98.86,0.0378,10.14,10.56,14.27,30.0,1000.8,18.5,battery_alternator_fail,0.79
fault_battery_alternator_fail_2,2520,1789814485.4219189,2682.5,113.05,590.74,2.92,98.85,0.0442,9.97,10.56,14.5,30.0,996.6,18.5,battery_alternator_fail,0.79
fault_battery_alternator_fail_2,2521,1789814486.4219189,2709.3,112.83,586.75,2.89,98.77,0.0481,9.93,10.56,14.29,30.0,992.5,18.5,battery_alternator_fail,0.79
fault_battery_alternator_fail_2,2522,1789814487.4219189,2717.3,112.69,590.04,2.87,98.68,0.0522,10.04,10.56,14.2,30.0,988.3,18.6,battery_alternator_fail,0.79
fault_battery_alternator_fail_2,2523,1789814488.4219189,2719.8,112.8,593.6,2.82,98.64,0.0462,10.16,10.55,14.42,30.0,984.2,18.6,battery_alternator_fail,0.79
fault_battery_alternator_fail_2,2524,1789814489.4219189,2711.2,112.7,592.0,2.86,98.57,0.0455,10.08,10.55,14.4,30.0,980.0,18.6,battery_alternator_fail,0.79
fault_battery_alternator_fail_2,2525,1789814490.4219189,2719.1,112.84,593.58,2.77,98.6,0.0403,10.09,10.55,14.05,30.0,975.8,18.7,battery_alternator_fail,0.79
fault_battery_alternator_fail_2,2526,1789814491.4219189,2725.4,112.91,598.85,2.81,98.54,0.042,9.98,10.55,14.45,30.0,971.7,18.7,battery_alternator_fail,0.79
fault_battery_alternator_fail_2,2527,1789814492.4219189,2708.1,112.94,598.52,2.86,98.42,0.043,9.97,10.55,14.46,30.0,967.5,18.7,battery_alternator_fail,0.79
fault_battery_alternator_fail_2,2528,1789814493.4219189,2694.7,112.6,597.99,2.91,98.44,0.036,10.05,10.54,14.72,30.0,963.4,18.7,battery_alternator_fail,0.79
fault_battery_alternator_fail_2,2529,1789814494.4219189,2714.4,112.51,600.0,2.98,98.52,0.0347,9.84,10.54,14.84,30.0,959.2,18.8,battery_alternator_fail,0.79
fault_battery_alternator_fail_2,2530,1789814495.4219189,2714.8,112.86,602.33,2.94,98.57,0.0371,10.06,10.54,14.45,30.0,955.0,18.8,battery_alternator_fail,0.79
fault_battery_alternator_fail_2,2531,1789814496.4219189,2742.7,112.75,601.81,2.9,98.67,0.0435,10.31,10.54,14.43,30.0,950.9,18.8,battery_alternator_fail,0.79
fault_battery_alternator_fail_2,2532,1789814497.4219189,2758.9,112.65,603.63,2.87,98.63,0.0407,10.24,10.54,14.61,30.0,946.7,18.8,battery_alternator_fail,0.79
fault_battery_alternator_fail_2,2533,1789814498.4219189,2764.2,112.71,602.07,2.88,98.65,0.0432,10.09,10.53,14.67,30.0,942.6,18.9,battery_alternator_fail,0.79
fault_battery_alternator_fail_2,2534,1789814499.4219189,2765.3,112.99,602.07,2.84,98.74,0.0458,10.18,10.53,14.46,30.0,938.4,18.9,battery_alternator_fail,0.79
fault_battery_alternator_fail_2,2535,1789814500.4219189,2731.0,112.93,600.94,2.93,98.53,0.0485,10.11,10.53,14.4,30.0,934.2,18.9,battery_alternator_fail,0.79
fault_battery_alternator_fail_2,2536,1789814501.4219189,2708.4,112.93,597.85,2.95,98.49,0.0424,10.25,10.53,14.57,30.0,930.1,19.0,battery_alternator_fail,0.79
fault_battery_alternator_fail_2,2537,1789814502.4219189,2692.0,113.08,598.44,2.9,98.36,0.0359,10.21,10.53,14.47,30.0,925.9,19.0,battery_alternator_fail,0.79
fault_battery_alternator_fail_2,2538,1789814503.4219189,2712.5,113.1,597.63,2.87,98.37,0.0346,10.2,10.52,14.41,30.0,921.8,19.0,battery_alternator_fail,0.79
fault_battery_alternator_fail_2,2539,1789814504.4219189,2728.8,113.29,591.23,2.91,98.3,0.027,10.27,10.52,14.62,30.0,917.6,19.0,battery_alternator_fail,0.79
fault_battery_alternator_fail_2,2540,1789814505.4219189,2746.1,113.52,596.86,2.94,98.17,0.0283,10.25,10.52,14.63,30.0,913.4,19.1,battery_alternator_fail,0.79
fault_battery_alternator_fail_2,2541,1789814506.4219189,2735.2,113.56,594.41,2.94,98.11,0.0345,10.23,10.52,14.42,30.0,909.3,19.1,battery_alternator_fail,0.79
fault_battery_alternator_fail_2,2542,1789814507.4219189,2723.7,113.35,596.42,3.0,98.21,0.0434,10.09,10.52,14.54,30.0,905.1,19.1,battery_alternator_fail,0.79
fault_battery_alternator_fail_2,2543,1789814508.4219189,2727.9,113.45,595.38,3.03,98.17,0.0442,10.15,10.51,14.55,30.0,901.0,19.1,battery_alternator_fail,0.79
fault_battery_alternator_fail_2,2544,1789814509.4219189,2715.2,113.41,593.1,3.0,98.05,0.0371,10.08,10.51,14.62,30.0,896.8,19.2,battery_alternator_fail,0.79
fault_battery_alternator_fail_2,2545,1789814510.4219189,2716.8,113.9,590.35,2.95,98.1,0.0339,10.18,10.51,14.55,30.0,892.6,19.2,battery_alternator_fail,0.79
fault_battery_alternator_fail_2,2546,1789814511.4219189,2725.7,113.69,595.47,2.95,98.13,0.0331,10.08,10.51,14.51,30.0,888.5,19.2,battery_alternator_fail,0.79
fault_battery_alternator_fail_2,2547,1789814512.4219189,2741.8,113.55,589.12,2.94,98.16,0.0347,10.16,10.51,14.48,30.0,884.3,19.3,battery_alternator_fail,0.79
fault_battery_alternator_fail_2,2548,1789814513.4219189,2744.5,114.26,593.88,2.89,98.3,0.0355,10.14,10.5,14.49,30.0,880.2,19.3,battery_alternator_fail,0.79
fault_battery_alternator_fail_2,2549,1789814514.4219189,2723.9,113.96,591.98,2.81,98.26,0.0346,10.21,10.5,14.21,30.0,876.0,19.3,battery_alternator_fail,0.79
fault_battery_alternator_fail_2,2550,1789814515.4219189,2716.4,113.8,594.15,2.76,98.44,0.0351,10.21,10.5,14.52,30.0,871.8,19.3,battery_alternator_fail,0.79
fault_battery_alternator_fail_2,2551,1789814516.4219189,2737.4,113.82,596.48,2.79,98.29,0.0398,10.35,10.5,14.35,30.0,867.7,19.4,battery_alternator_fail,0.79
fault_battery_alternator_fail_2,2552,1789814517.4219189,2715.5,114.06,596.86,2.76,98.18,0.0364,10.4,10.5,14.45,30.0,863.5,19.4,battery_alternator_fail,0.79
fault_battery_alternator_fail_2,2553,1789814518.4219189,2691.2,114.04,595.86,2.78,98.24,0.0253,10.19,10.49,14.52,30.0,859.4,19.4,battery_alternator_fail,0.79
fault_battery_alternator_fail_2,2554,1789814519.4219189,2673.8,114.23,595.38,2.83,98.28,0.0261,10.26,10.49,14.48,30.0,855.2,19.4,battery_alternator_fail,0.79
fault_battery_alternator_fail_2,2555,1789814520.4219189,2695.7,114.5,596.16,2.88,98.25,0.0326,10.22,10.49,14.63,30.0,851.0,19.5,battery_alternator_fail,0.79
fault_battery_alternator_fail_2,2556,1789814521.4219189,2726.1,114.61,598.44,2.87,98.15,0.0369,10.33,10.49,14.52,30.0,846.9,19.5,battery_alternator_fail,0.79
fault_battery_alternator_fail_2,2557,1789814522.4219189,2728.4,114.67,596.55,2.95,98.24,0.0332,10.21,10.49,14.29,30.0,842.7,19.5,battery_alternator_fail,0.79
fault_battery_alternator_fail_2,2558,1789814523.4219189,2712.2,114.33,595.23,2.98,98.19,0.03,10.09,10.48,14.21,30.0,838.6,19.5,battery_alternator_fail,0.79
fault_battery_alternator_fail_2,2559,1789814524.4219189,2705.8,114.26,598.57,2.95,98.14,0.0354,10.12,10.48,14.64,30.0,834.4,19.6,battery_alternator_fail,0.79
fault_battery_alternator_fail_2,2560,1789814525.4219189,2710.0,114.28,597.12,2.95,97.94,0.0393,10.15,10.48,14.25,30.0,830.2,19.6,battery_alternator_fail,0.79
fault_battery_alternator_fail_2,2561,1789814526.4219189,2737.1,114.68,598.88,3.02,97.97,0.0427,10.1,10.48,14.21,30.0,826.1,19.6,battery_alternator_fail,0.79
fault_battery_alternator_fail_2,2562,1789814527.4219189,2717.5,114.55,597.13,2.98,97.89,0.0387,10.24,10.48,14.21,30.0,821.9,19.7,battery_alternator_fail,0.79
fault_battery_alternator_fail_2,2563,1789814528.4219189,2711.7,114.84,601.43,3.03,97.92,0.042,10.26,10.47,14.33,30.0,817.8,19.7,battery_alternator_fail,0.79
fault_battery_alternator_fail_2,2564,1789814529.4219189,2697.3,114.74,598.15,2.99,97.98,0.0485,10.18,10.47,14.18,30.0,813.6,19.7,battery_alternator_fail,0.79
fault_battery_alternator_fail_2,2565,1789814530.4219189,2728.2,114.37,598.9,2.97,98.01,0.0436,10.13,10.47,14.45,30.0,809.4,19.7,battery_alternator_fail,0.79
fault_battery_alternator_fail_2,2566,1789814531.4219189,2720.3,114.35,596.14,3.07,97.97,0.0302,10.05,10.47,14.26,30.0,805.3,19.8,battery_alternator_fail,0.79
fault_battery_alternator_fail_2,2567,1789814532.4219189,2715.2,114.41,594.53,3.08,97.92,0.0216,10.02,10.47,14.13,30.0,801.1,19.8,battery_alternator_fail,0.79
fault_battery_alternator_fail_2,2568,1789814533.4219189,2734.2,114.32,591.5,3.06,97.85,0.0283,9.99,10.46,14.16,30.0,797.0,19.8,battery_alternator_fail,0.79
fault_battery_alternator_fail_2,2569,1789814534.4219189,2726.3,113.71,594.39,2.93,97.74,0.0327,9.91,10.46,14.08,30.0,792.8,19.8,battery_alternator_fail,0.79
fault_battery_alternator_fail_2,2570,1789814535.4219189,2747.6,113.56,587.94,2.87,97.63,0.0361,10.13,10.46,14.3,30.0,788.6,19.9,battery_alternator_fail,0.79
fault_battery_alternator_fail_2,2571,1789814536.4219189,2750.2,113.38,589.47,2.89,97.52,0.0372,10.03,10.46,14.47,30.0,784.5,19.9,battery_alternator_fail,0.79
fault_battery_alternator_fail_2,2572,1789814537.4219189,2749.6,113.17,597.03,2.91,97.41,0.0238,9.89,10.46,14.11,30.0,780.3,19.9,battery_alternator_fail,0.79
fault_battery_alternator_fail_2,2573,1789814538.4219189,2785.6,113.33,597.17,2.9,97.34,0.0258,9.95,10.45,14.0,30.0,776.2,20.0,battery_alternator_fail,0.79
fault_battery_alternator_fail_2,2574,1789814539.4219189,2771.0,113.72,601.96,2.86,97.37,0.0258,9.87,10.45,14.57,30.0,772.0,20.0,battery_alternator_fail,0.79
fault_battery_alternator_fail_2,2575,1789814540.4219189,2772.5,113.4,596.24,2.92,97.3,0.0328,9.8,10.45,14.42,30.0,767.8,20.0,battery_alternator_fail,0.79
fault_battery_alternator_fail_2,2576,1789814541.4219189,2774.6,113.63,597.01,2.87,97.34,0.0338,9.93,10.45,14.49,30.0,763.7,20.0,battery_alternator_fail,0.79
fault_battery_alternator_fail_2,2577,1789814542.4219189,2743.0,113.55,602.73,2.88,97.38,0.0349,10.05,10.45,14.41,30.0,759.5,20.1,battery_alternator_fail,0.79
fault_battery_alternator_fail_2,2578,1789814543.4219189,2749.9,113.75,601.35,2.96,97.31,0.033,10.08,10.44,14.32,30.0,755.4,20.1,battery_alternator_fail,0.79
fault_battery_alternator_fail_2,2579,1789814544.4219189,2738.9,113.39,602.68,2.93,97.22,0.0283,10.09,10.44,14.35,30.0,751.2,20.1,battery_alternator_fail,0.79
fault_battery_alternator_fail_2,2580,1789814545.4219189,2716.7,113.48,603.03,2.88,97.25,0.0412,10.15,10.44,14.33,30.0,747.0,20.1,battery_alternator_fail,0.79
fault_battery_alternator_fail_2,2581,1789814546.4219189,2727.0,113.53,600.31,2.85,97.11,0.0401,10.14,10.44,14.53,30.0,742.9,20.2,battery_alternator_fail,0.79
fault_battery_alternator_fail_2,2582,1789814547.4219189,2735.1,113.92,607.53,2.93,97.01,0.0355,10.11,10.43,14.09,30.0,738.7,20.2,battery_alternator_fail,0.79
fault_battery_alternator_fail_2,2583,1789814548.4219189,2747.5,114.24,606.18,2.93,96.93,0.0393,10.19,10.43,14.09,30.0,734.6,20.2,battery_alternator_fail,0.79
fault_battery_alternator_fail_2,2584,1789814549.4219189,2738.4,114.62,605.59,2.87,96.84,0.0407,10.2,10.43,14.19,30.0,730.4,20.3,battery_alternator_fail,0.79
fault_battery_alternator_fail_2,2585,1789814550.4219189,2726.2,114.76,605.31,2.9,96.8,0.0432,10.05,10.43,14.16,30.0,726.2,20.3,battery_alternator_fail,0.79
fault_battery_alternator_fail_2,2586,1789814551.4219189,2740.5,114.91,607.81,2.89,96.82,0.0312,9.84,10.43,14.37,30.0,722.1,20.3,battery_alternator_fail,0.79
fault_battery_alternator_fail_2,2587,1789814552.4219189,2712.2,115.04,609.32,2.89,96.97,0.0384,9.9,10.42,14.49,30.0,717.9,20.3,battery_alternator_fail,0.79
fault_battery_alternator_fail_2,2588,1789814553.4219189,2748.1,114.89,609.9,2.96,96.9,0.0444,9.91,10.42,14.79,30.0,713.8,20.4,battery_alternator_fail,0.79
fault_battery_alternator_fail_2,2589,1789814554.4219189,2745.4,114.74,611.12,2.89,96.9,0.0401,9.9,10.42,14.27,30.0,709.6,20.4,battery_alternator_fail,0.79
fault_battery_alternator_fail_2,2590,1789814555.4219189,2732.8,114.95,609.17,2.95,96.95,0.0372,9.8,10.42,14.16,30.0,705.4,20.4,battery_alternator_fail,0.79
fault_battery_alternator_fail_2,2591,1789814556.4219189,2752.5,114.91,609.52,2.81,96.92,0.0371,9.81,10.42,14.29,30.0,701.3,20.4,battery_alternator_fail,0.79
fault_battery_alternator_fail_2,2592,1789814557.4219189,2734.0,115.03,612.76,2.85,96.87,0.0412,9.88,10.41,14.16,30.0,697.1,20.5,battery_alternator_fail,0.79
fault_battery_alternator_fail_2,2593,1789814558.4219189,2725.4,115.18,614.77,2.84,96.81,0.041,9.92,10.41,14.35,30.0,693.0,20.5,battery_alternator_fail,0.79
fault_battery_alternator_fail_2,2594,1789814559.4219189,2728.2,115.11,612.24,2.89,96.99,0.0445,10.03,10.41,14.49,30.0,688.8,20.5,battery_alternator_fail,0.79
fault_battery_alternator_fail_2,2595,1789814560.4219189,2741.6,115.14,611.84,2.86,97.1,0.036,9.93,10.41,14.68,30.0,684.6,20.5,battery_alternator_fail,0.79
fault_battery_alternator_fail_2,2596,1789814561.4219189,2758.1,115.17,612.49,2.85,97.18,0.0419,9.89,10.41,14.31,30.0,680.5,20.6,battery_alternator_fail,0.79
fault_battery_alternator_fail_2,2597,1789814562.4219189,2747.9,115.19,607.96,2.85,97.34,0.0426,10.0,10.4,14.07,30.0,676.3,20.6,battery_alternator_fail,0.79
fault_battery_alternator_fail_2,2598,1789814563.4219189,2736.5,114.88,609.88,2.86,97.27,0.0455,10.0,10.4,14.15,30.0,672.2,20.6,battery_alternator_fail,0.79
fault_battery_alternator_fail_2,2599,1789814564.4219189,2752.4,115.02,607.15,2.82,97.13,0.0461,10.04,10.4,14.35,30.0,668.0,20.7,battery_alternator_fail,0.79
fault_battery_alternator_fail_2,2600,1789814565.4219189,2763.4,114.81,606.79,2.89,97.15,0.0523,10.06,10.4,14.41,30.0,663.8,20.7,battery_alternator_fail,0.79
fault_battery_alternator_fail_2,2601,1789814566.4219189,2738.8,115.2,610.06,2.91,97.2,0.0612,10.12,10.4,14.51,30.0,659.7,20.7,battery_alternator_fail,0.79
fault_battery_alternator_fail_2,2602,1789814567.4219189,2708.6,115.15,611.63,2.93,97.19,0.056,10.17,10.39,14.31,30.0,655.5,20.7,battery_alternator_fail,0.79
fault_battery_alternator_fail_2,2603,1789814568.4219189,2711.5,115.03,614.37,2.99,97.31,0.0482,10.19,10.39,14.19,30.0,651.4,20.8,battery_alternator_fail,0.79
fault_battery_alternator_fail_2,2604,1789814569.4219189,2690.8,114.94,613.02,2.93,97.41,0.047,10.13,10.39,13.9,30.0,647.2,20.8,battery_alternator_fail,0.79
fault_battery_alternator_fail_2,2605,1789814570.4219189,2688.4,115.0,608.22,2.88,97.57,0.0424,10.01,10.39,14.3,30.0,643.0,20.8,battery_alternator_fail,0.79
fault_battery_alternator_fail_2,2606,1789814571.4219189,2701.6,115.11,605.81,2.9,97.51,0.0389,10.07,10.39,14.39,30.0,638.9,20.8,battery_alternator_fail,0.79
fault_battery_alternator_fail_2,2607,1789814572.4219189,2710.4,114.95,604.5,2.88,97.44,0.036,10.01,10.38,14.4,30.0,634.7,20.9,battery_alternator_fail,0.79
fault_battery_alternator_fail_2,2608,1789814573.4219189,2714.8,115.14,604.39,2.94,97.36,0.0399,9.94,10.38,14.3,30.0,630.6,20.9,battery_alternator_fail,0.79
fault_battery_alternator_fail_2,2609,1789814574.4219189,2746.3,115.14,604.82,2.89,97.4,0.0415,9.8,10.38,14.21,30.0,626.4,20.9,battery_alternator_fail,0.79
fault_battery_alternator_fail_2,2610,1789814575.4219189,2755.8,114.88,607.91,2.89,97.36,0.0466,9.87,10.38,14.11,30.0,622.2,21.0,battery_alternator_fail,0.79
fault_battery_alternator_fail_2,2611,1789814576.4219189,2734.4,115.04,609.3,2.89,97.51,0.037,9.84,10.38,14.7,30.0,618.1,21.0,battery_alternator_fail,0.79
fault_battery_alternator_fail_2,2612,1789814577.4219189,2702.9,114.83,607.56,2.94,97.4,0.0403,9.95,10.37,14.49,30.0,613.9,21.0,battery_alternator_fail,0.79
fault_battery_alternator_fail_2,2613,1789814578.4219189,2692.6,114.89,605.01,2.92,97.26,0.0465,9.81,10.37,14.39,30.0,609.8,21.0,battery_alternator_fail,0.79
fault_battery_alternator_fail_2,2614,1789814579.4219189,2685.5,114.76,597.11,2.87,97.35,0.0454,9.85,10.37,14.6,30.0,605.6,21.1,battery_alternator_fail,0.79
fault_battery_alternator_fail_2,2615,1789814580.4219189,2707.5,114.81,595.33,2.85,97.33,0.0399,9.84,10.37,14.46,30.0,601.4,21.1,battery_alternator_fail,0.79
fault_battery_alternator_fail_2,2616,1789814581.4219189,2723.4,114.51,595.35,2.84,97.25,0.0345,9.99,10.37,14.37,30.0,597.3,21.1,battery_alternator_fail,0.79
fault_battery_alternator_fail_2,2617,1789814582.4219189,2731.4,114.56,599.43,2.98,97.36,0.0357,9.98,10.36,14.07,30.0,593.1,21.1,battery_alternator_fail,0.79
fault_battery_alternator_fail_2,2618,1789814583.4219189,2719.7,114.83,603.02,2.94,97.37,0.0377,9.9,10.36,13.88,30.0,589.0,21.2,battery_alternator_fail,0.79
fault_battery_alternator_fail_2,2619,1789814584.4219189,2743.8,114.97,598.44,2.94,97.25,0.0364,9.83,10.36,14.21,30.0,584.8,21.2,battery_alternator_fail,0.79
fault_battery_alternator_fail_2,2620,1789814585.4219189,2755.5,114.93,604.04,2.98,97.11,0.0373,9.83,10.36,14.2,30.0,580.6,21.2,battery_alternator_fail,0.79
fault_battery_alternator_fail_2,2621,1789814586.4219189,2771.8,114.7,595.43,2.93,97.18,0.0384,9.81,10.36,14.01,30.0,576.5,21.3,battery_alternator_fail,0.79
fault_battery_alternator_fail_2,2622,1789814587.4219189,2744.8,114.57,591.75,2.89,96.99,0.0393,9.91,10.35,14.37,30.0,572.3,21.3,battery_alternator_fail,0.79
fault_battery_alternator_fail_2,2623,1789814588.4219189,2730.8,114.74,593.23,2.87,96.98,0.0315,10.01,10.35,14.32,30.0,568.2,21.3,battery_alternator_fail,0.79
fault_battery_alternator_fail_2,2624,1789814589.4219189,2736.4,114.78,595.18,2.9,96.89,0.0234,9.96,10.35,13.77,30.0,564.0,21.3,battery_alternator_fail,0.79
fault_battery_alternator_fail_2,2625,1789814590.4219189,2724.1,114.85,601.62,2.93,97.02,0.0301,9.93,10.35,13.89,30.0,559.8,21.4,battery_alternator_fail,0.79
fault_battery_alternator_fail_2,2626,1789814591.4219189,2718.9,115.1,604.21,2.96,96.89,0.0362,10.02,10.35,14.21,30.0,555.7,21.4,battery_alternator_fail,0.79
fault_battery_alternator_fail_2,2627,1789814592.4219189,2713.2,115.19,605.13,2.88,96.98,0.0471,10.04,10.34,14.27,30.0,551.5,21.4,battery_alternator_fail,0.79
fault_battery_alternator_fail_2,2628,1789814593.4219189,2724.2,115.16,607.76,2.92,97.06,0.0414,10.01,10.34,14.22,30.0,547.4,21.4,battery_alternator_fail,0.79
fault_battery_alternator_fail_2,2629,1789814594.4219189,2715.7,115.03,609.91,2.89,96.99,0.0383,9.96,10.34,13.83,30.0,543.2,21.5,battery_alternator_fail,0.79
fault_battery_alternator_fail_2,2630,1789814595.4219189,2715.7,115.41,610.75,2.92,97.06,0.0363,10.01,10.34,13.74,30.0,539.0,21.5,battery_alternator_fail,0.79
fault_battery_alternator_fail_2,2631,1789814596.4219189,2708.1,115.77,608.42,2.86,97.03,0.0416,10.03,10.34,14.09,30.0,534.9,21.5,battery_alternator_fail,0.79
fault_battery_alternator_fail_2,2632,1789814597.4219189,2724.2,115.63,606.1,2.8,96.93,0.0384,9.96,10.33,14.12,30.0,530.7,21.6,battery_alternator_fail,0.79
fault_battery_alternator_fail_2,2633,1789814598.4219189,2731.9,115.53,605.23,2.83,97.11,0.0449,9.84,10.33,14.37,30.0,526.6,21.6,battery_alternator_fail,0.79
fault_battery_alternator_fail_2,2634,1789814599.4219189,2729.8,115.52,600.74,2.83,97.17,0.0448,10.07,10.33,14.36,30.0,522.4,21.6,battery_alternator_fail,0.79
fault_battery_alternator_fail_2,2635,1789814600.4219189,2713.6,115.47,605.44,2.78,97.23,0.0517,10.04,10.33,14.22,30.0,518.2,21.6,battery_alternator_fail,0.79
fault_battery_alternator_fail_2,2636,1789814601.4219189,2728.6,115.57,600.14,2.78,97.3,0.0453,10.08,10.33,14.21,30.0,514.1,21.7,battery_alternator_fail,0.79
fault_battery_alternator_fail_2,2637,1789814602.4219189,2742.9,115.47,605.18,2.79,97.25,0.0358,10.08,10.32,14.32,30.0,509.9,21.7,battery_alternator_fail,0.79
fault_battery_alternator_fail_2,2638,1789814603.4219189,2742.5,115.47,606.53,2.77,97.34,0.0324,10.15,10.32,14.37,30.0,505.8,21.7,battery_alternator_fail,0.79
fault_battery_alternator_fail_2,2639,1789814604.4219189,2760.2,115.43,606.69,2.91,97.21,0.0336,10.25,10.32,14.52,30.0,501.6,21.7,battery_alternator_fail,0.79
fault_battery_alternator_fail_2,2640,1789814605.4219189,2760.3,115.28,605.9,2.79,97.3,0.0349,10.24,10.32,14.99,30.0,497.4,21.8,battery_alternator_fail,0.79
fault_battery_alternator_fail_2,2641,1789814606.4219189,2734.8,115.24,605.62,2.85,97.31,0.0426,10.2,10.31,14.34,30.0,493.3,21.8,battery_alternator_fail,0.79
fault_battery_alternator_fail_2,2642,1789814607.4219189,2733.7,115.29,599.52,2.93,97.28,0.0394,10.1,10.31,14.39,30.0,489.1,21.8,battery_alternator_fail,0.79
fault_battery_alternator_fail_2,2643,1789814608.4219189,2704.4,115.18,604.08,2.97,97.35,0.0395,10.15,10.31,14.19,30.0,485.0,21.8,battery_alternator_fail,0.79
fault_battery_alternator_fail_2,2644,1789814609.4219189,2701.0,115.5,604.48,2.96,97.34,0.0367,9.98,10.31,14.21,30.0,480.8,21.9,battery_alternator_fail,0.79
fault_battery_alternator_fail_2,2645,1789814610.4219189,2723.5,115.45,600.28,2.96,97.58,0.046,9.92,10.31,14.43,30.0,476.6,21.9,battery_alternator_fail,0.79
fault_battery_alternator_fail_2,2646,1789814611.4219189,2717.0,115.39,599.93,2.98,97.41,0.0432,10.11,10.3,14.35,30.0,472.5,21.9,battery_alternator_fail,0.79
fault_battery_alternator_fail_2,2647,1789814612.4219189,2712.6,115.34,601.32,3.01,97.34,0.036,10.24,10.3,14.52,30.0,468.3,22.0,battery_alternator_fail,0.79
fault_battery_alternator_fail_2,2648,1789814613.4219189,2751.0,115.59,606.46,3.03,97.36,0.0335,10.08,10.3,14.79,30.0,464.2,22.0,battery_alternator_fail,0.79
fault_battery_alternator_fail_2,2649,1789814614.4219189,2754.1,115.43,605.31,3.03,97.22,0.0374,10.04,10.3,14.81,30.0,460.0,22.0,battery_alternator_fail,0.79
fault_battery_alternator_fail_2,2650,1789814615.4219189,2767.0,115.28,603.68,2.99,97.26,0.0283,9.85,10.3,14.24,30.0,455.8,22.0,battery_alternator_fail,0.79
fault_battery_alternator_fail_2,2651,1789814616.4219189,2779.0,115.16,603.53,3.03,97.31,0.0365,9.75,10.29,14.34,30.0,451.7,22.1,battery_alternator_fail,0.79
fault_battery_alternator_fail_2,2652,1789814617.4219189,2789.2,115.25,604.94,3.03,97.22,0.0391,9.79,10.29,14.71,30.0,447.5,22.1,battery_alternator_fail,0.79
fault_battery_alternator_fail_2,2653,1789814618.4219189,2784.9,115.61,605.21,3.03,97.34,0.0377,9.62,10.29,14.78,30.0,443.4,22.1,battery_alternator_fail,0.79
fault_battery_alternator_fail_2,2654,1789814619.4219189,2790.2,115.59,607.75,3.02,97.19,0.0288,9.55,10.29,14.68,30.0,439.2,22.1,battery_alternator_fail,0.79
fault_battery_alternator_fail_2,2655,1789814620.4219189,2773.7,115.77,609.54,2.89,97.2,0.0286,9.73,10.29,14.72,30.0,435.0,22.2,battery_alternator_fail,0.79
fault_battery_alternator_fail_2,2656,1789814621.4219189,2777.2,115.8,613.24,2.88,97.35,0.0398,9.76,10.28,14.59,30.0,430.9,22.2,battery_alternator_fail,0.79
fault_battery_alternator_fail_2,2657,1789814622.4219189,2749.4,115.97,607.8,2.98,97.48,0.04,9.96,10.28,14.49,30.0,426.7,22.2,battery_alternator_fail,0.79
fault_battery_alternator_fail_2,2658,1789814623.4219189,2776.6,116.14,604.59,2.9,97.51,0.0412,10.04,10.28,14.59,30.0,422.6,22.3,battery_alternator_fail,0.79
fault_battery_alternator_fail_2,2659,1789814624.4219189,2768.9,116.04,604.15,2.93,97.45,0.0397,10.02,10.28,14.62,30.0,418.4,22.3,battery_alternator_fail,0.79
fault_battery_alternator_fail_2,2660,1789814625.4219189,2771.2,116.01,603.91,2.96,97.49,0.0346,10.0,10.28,14.36,30.0,414.2,22.3,battery_alternator_fail,0.79
fault_battery_alternator_fail_2,2661,1789814626.4219189,2748.7,116.18,604.67,2.96,97.48,0.0403,9.95,10.27,14.68,30.0,410.1,22.3,battery_alternator_fail,0.79
fault_battery_alternator_fail_2,2662,1789814627.4219189,2742.1,116.41,602.82,3.05,97.46,0.0365,9.82,10.27,14.3,30.0,405.9,22.4,battery_alternator_fail,0.79
fault_battery_alternator_fail_2,2663,1789814628.4219189,2737.8,116.14,600.38,3.0,97.4,0.0326,9.88,10.27,14.48,30.0,401.8,22.4,battery_alternator_fail,0.79
fault_battery_alternator_fail_2,2664,1789814629.4219189,2739.7,116.08,600.3,3.02,97.49,0.0369,9.8,10.27,14.02,30.0,397.6,22.4,battery_alternator_fail,0.79
fault_battery_alternator_fail_2,2665,1789814630.4219189,2747.8,115.91,606.26,3.14,97.58,0.0418,9.87,10.27,14.17,30.0,393.4,22.4,battery_alternator_fail,0.79
fault_battery_alternator_fail_2,2666,1789814631.4219189,2737.2,115.79,607.17,3.07,97.53,0.0317,9.97,10.26,14.12,30.0,389.3,22.5,battery_alternator_fail,0.79
fault_battery_alternator_fail_2,2667,1789814632.4219189,2736.7,116.45,606.87,3.12,97.53,0.0394,9.95,10.26,14.37,30.0,385.1,22.5,battery_alternator_fail,0.79
fault_battery_alternator_fail_2,2668,1789814633.4219189,2713.5,116.42,608.86,3.03,97.44,0.043,9.98,10.26,14.2,30.0,381.0,22.5,battery_alternator_fail,0.79
fault_battery_alternator_fail_2,2669,1789814634.4219189,2690.2,116.26,603.57,3.0,97.44,0.0429,9.99,10.26,14.34,30.0,376.8,22.6,battery_alternator_fail,0.79
fault_battery_alternator_fail_2,2670,1789814635.4219189,2690.5,116.19,604.9,2.99,97.41,0.0341,10.05,10.26,14.12,30.0,372.6,22.6,battery_alternator_fail,0.79
fault_battery_alternator_fail_2,2671,1789814636.4219189,2701.8,115.9,604.26,2.98,97.43,0.0189,9.96,10.25,14.09,30.0,368.5,22.6,battery_alternator_fail,0.79
fault_battery_alternator_fail_2,2672,1789814637.4219189,2690.5,116.14,599.81,2.89,97.35,0.0322,9.99,10.25,14.06,30.0,364.3,22.6,battery_alternator_fail,0.79
fault_battery_alternator_fail_2,2673,1789814638.4219189,2676.9,116.07,605.05,2.88,97.09,0.0314,9.88,10.25,14.3,30.0,360.2,22.7,battery_alternator_fail,0.79
fault_battery_alternator_fail_2,2674,1789814639.4219189,2691.0,116.01,602.23,2.93,97.19,0.0315,9.99,10.25,14.6,30.0,356.0,22.7,battery_alternator_fail,0.79
fault_battery_alternator_fail_2,2675,1789814640.4219189,2698.1,115.99,599.37,2.97,97.29,0.0318,10.08,10.25,14.38,30.0,351.8,22.7,battery_alternator_fail,0.79
fault_battery_alternator_fail_2,2676,1789814641.4219189,2698.6,115.96,607.64,3.01,97.44,0.0258,10.11,10.24,14.2,30.0,347.7,22.7,battery_alternator_fail,0.79
fault_battery_alternator_fail_2,2677,1789814642.4219189,2711.3,115.82,606.39,2.96,97.4,0.0278,9.99,10.24,14.4,30.0,343.5,22.8,battery_alternator_fail,0.79
fault_battery_alternator_fail_2,2678,1789814643.4219189,2715.7,115.78,607.4,2.87,97.62,0.0383,10.07,10.24,14.19,30.0,339.4,22.8,battery_alternator_fail,0.79
fault_battery_alternator_fail_2,2679,1789814644.4219189,2705.3,115.57,608.48,2.86,97.5,0.0407,10.19,10.24,14.42,30.0,335.2,22.8,battery_alternator_fail,0.79
fault_battery_alternator_fail_2,2680,1789814645.4219189,2710.6,115.78,613.71,2.92,97.65,0.037,10.22,10.24,14.21,30.0,331.0,22.8,battery_alternator_fail,0.79
fault_battery_alternator_fail_2,2681,1789814646.4219189,2699.0,115.7,610.76,2.88,97.52,0.0353,10.13,10.23,14.22,30.0,326.9,22.9,battery_alternator_fail,0.79
fault_battery_alternator_fail_2,2682,1789814647.4219189,2695.6,115.91,604.18,2.88,97.39,0.033,10.02,10.23,13.94,30.0,322.7,22.9,battery_alternator_fail,0.79
fault_battery_alternator_fail_2,2683,1789814648.4219189,2717.6,115.62,603.94,2.92,97.4,0.0283,9.86,10.23,14.11,30.0,318.6,22.9,battery_alternator_fail,0.79
fault_battery_alternator_fail_2,2684,1789814649.4219189,2697.2,115.6,602.55,2.96,97.24,0.0345,9.84,10.23,14.14,30.0,314.4,23.0,battery_alternator_fail,0.79
fault_battery_alternator_fail_2,2685,1789814650.4219189,2711.5,115.87,606.52,3.01,97.27,0.0331,9.8,10.23,14.38,30.0,310.2,23.0,battery_alternator_fail,0.79
fault_battery_alternator_fail_2,2686,1789814651.4219189,2699.0,116.3,611.51,2.84,97.16,0.037,9.85,10.22,14.36,30.0,306.1,23.0,battery_alternator_fail,0.79
fault_battery_alternator_fail_2,2687,1789814652.4219189,2703.0,116.52,606.18,2.86,97.21,0.0368,9.9,10.22,14.51,30.0,301.9,23.0,battery_alternator_fail,0.79
fault_battery_alternator_fail_2,2688,1789814653.4219189,2711.8,116.47,608.2,2.92,97.28,0.04,10.04,10.22,14.43,30.0,297.8,23.1,battery_alternator_fail,0.79
fault_battery_alternator_fail_2,2689,1789814654.4219189,2721.5,116.6,609.63,3.0,97.32,0.0337,10.21,10.22,14.41,30.0,293.6,23.1,battery_alternator_fail,0.79
fault_battery_alternator_fail_2,2690,1789814655.4219189,2726.3,116.8,609.01,3.02,97.3,0.0368,10.06,10.22,14.28,30.0,289.4,23.1,battery_alternator_fail,0.79
fault_battery_alternator_fail_2,2691,1789814656.4219189,2738.0,116.84,609.79,3.07,97.14,0.038,10.15,10.21,14.17,30.0,285.3,23.1,battery_alternator_fail,0.79
fault_battery_alternator_fail_2,2692,1789814657.4219189,2695.1,116.69,612.02,3.06,97.0,0.0404,10.09,10.21,14.63,30.0,281.1,23.2,battery_alternator_fail,0.79
fault_battery_alternator_fail_2,2693,1789814658.4219189,2696.4,116.81,614.26,2.99,97.0,0.0504,10.02,10.21,14.68,30.0,277.0,23.2,battery_alternator_fail,0.79
fault_battery_alternator_fail_2,2694,1789814659.4219189,2713.2,116.96,611.01,2.93,96.91,0.0456,10.08,10.21,15.01,30.0,272.8,23.2,battery_alternator_fail,0.79
fault_battery_alternator_fail_2,2695,1789814660.4219189,2713.3,116.99,614.91,2.81,96.85,0.0581,9.88,10.2,14.66,30.0,268.6,23.3,battery_alternator_fail,0.79
fault_battery_alternator_fail_2,2696,1789814661.4219189,2715.2,116.82,613.51,2.79,97.03,0.0516,9.84,10.2,14.7,30.0,264.5,23.3,battery_alternator_fail,0.79
fault_battery_alternator_fail_2,2697,1789814662.4219189,2719.3,116.86,615.16,2.86,97.13,0.046,9.81,10.2,14.55,30.0,260.3,23.3,battery_alternator_fail,0.79
fault_battery_alternator_fail_2,2698,1789814663.4219189,2704.3,117.02,614.77,2.82,97.09,0.0417,9.98,10.2,14.58,30.0,256.2,23.3,battery_alternator_fail,0.79
fault_battery_alternator_fail_2,2699,1789814664.4219189,2716.2,117.03,615.46,2.88,97.11,0.0416,10.02,10.2,14.4,30.0,252.0,23.4,battery_alternator_fail,0.79
fault_battery_alternator_fail_2,2700,1789814665.4219189,2735.3,117.16,612.4,2.84,97.07,0.0427,10.03,10.19,14.46,30.0,247.8,23.4,battery_alternator_fail,0.79
fault_battery_alternator_fail_2,2701,1789814666.4219189,2731.6,117.07,611.94,2.87,97.02,0.0273,10.01,10.19,14.52,30.0,243.7,23.4,battery_alternator_fail,0.79
fault_battery_alternator_fail_2,2702,1789814667.4219189,2722.5,117.11,612.62,2.87,97.06,0.0283,9.99,10.19,15.14,30.0,239.5,23.4,battery_alternator_fail,0.79
fault_battery_alternator_fail_2,2703,1789814668.4219189,2717.7,117.51,609.27,2.91,96.95,0.0276,9.93,10.19,14.92,30.0,235.4,23.5,battery_alternator_fail,0.79
fault_battery_alternator_fail_2,2704,1789814669.4219189,2697.4,117.5,603.75,2.87,97.13,0.0351,9.87,10.19,14.42,30.0,231.2,23.5,battery_alternator_fail,0.79
fault_battery_alternator_fail_2,2705,1789814670.4219189,2716.9,117.23,605.89,2.89,97.12,0.0338,9.92,10.18,14.5,30.0,227.0,23.5,battery_alternator_fail,0.79
fault_battery_alternator_fail_2,2706,1789814671.4219189,2713.9,116.98,602.65,3.02,96.98,0.0414,9.96,10.18,14.67,30.0,222.9,23.6,battery_alternator_fail,0.79
fault_battery_alternator_fail_2,2707,1789814672.4219189,2742.7,116.85,604.02,3.05,96.99,0.0391,9.87,10.18,14.37,30.0,218.7,23.6,battery_alternator_fail,0.79
fault_battery_alternator_fail_2,2708,1789814673.4219189,2736.9,116.59,601.64,2.96,96.95,0.0297,9.83,10.18,14.81,30.0,214.6,23.6,battery_alternator_fail,0.79
fault_battery_alternator_fail_2,2709,1789814674.4219189,2710.8,116.95,607.92,2.92,96.76,0.0413,9.81,10.18,14.47,30.0,210.4,23.6,battery_alternator_fail,0.79
fault_battery_alternator_fail_2,2710,1789814675.4219189,2711.5,117.03,607.88,2.94,96.79,0.0324,9.74,10.17,14.19,30.0,206.2,23.7,battery_alternator_fail,0.79
fault_battery_alternator_fail_2,2711,1789814676.4219189,2733.4,117.02,605.46,2.92,96.83,0.0337,9.7,10.17,14.47,30.0,202.1,23.7,battery_alternator_fail,0.79
fault_battery_alternator_fail_2,2712,1789814677.4219189,2716.2,117.19,603.16,2.94,96.98,0.0352,9.82,10.17,14.65,30.0,197.9,23.7,battery_alternator_fail,0.79
fault_battery_alternator_fail_2,2713,1789814678.4219189,2726.5,116.98,604.64,2.9,96.91,0.0318,9.72,10.17,14.3,30.0,193.8,23.7,battery_alternator_fail,0.79
fault_battery_alternator_fail_2,2714,1789814679.4219189,2722.5,116.83,607.59,2.98,96.87,0.0425,9.74,10.17,14.21,30.0,189.6,23.8,battery_alternator_fail,0.79
fault_battery_alternator_fail_2,2715,1789814680.4219189,2727.3,116.61,608.23,2.97,96.98,0.0531,9.77,10.16,14.03,30.0,185.4,23.8,battery_alternator_fail,0.79
fault_battery_alternator_fail_2,2716,1789814681.4219189,2724.1,116.65,608.94,2.98,96.98,0.0478,9.76,10.16,14.42,30.0,181.3,23.8,battery_alternator_fail,0.79
fault_battery_alternator_fail_2,2717,1789814682.4219189,2721.7,116.92,609.39,2.98,97.26,0.0591,9.96,10.16,14.35,30.0,177.1,23.8,battery_alternator_fail,0.79
fault_battery_alternator_fail_2,2718,1789814683.4219189,2719.0,117.04,609.02,2.97,97.34,0.0531,9.88,10.16,14.55,30.0,173.0,23.9,battery_alternator_fail,0.79
fault_battery_alternator_fail_2,2719,1789814684.4219189,2720.3,117.09,615.91,2.98,97.23,0.0452,9.79,10.16,14.24,30.0,168.8,23.9,battery_alternator_fail,0.79
fault_battery_alternator_fail_2,2720,1789814685.4219189,2698.6,116.7,621.92,2.95,97.25,0.0471,9.81,10.15,14.57,30.0,164.6,23.9,battery_alternator_fail,0.79
fault_battery_alternator_fail_2,2721,1789814686.4219189,2707.9,116.88,620.34,2.92,97.31,0.0529,10.04,10.15,14.46,30.0,160.5,24.0,battery_alternator_fail,0.79
fault_battery_alternator_fail_2,2722,1789814687.4219189,2723.0,116.47,620.93,2.86,97.22,0.0526,10.02,10.15,14.54,30.0,156.3,24.0,battery_alternator_fail,0.79
fault_battery_alternator_fail_2,2723,1789814688.4219189,2723.1,116.82,617.84,2.86,97.33,0.0494,10.0,10.15,14.41,30.0,152.2,24.0,battery_alternator_fail,0.79
fault_battery_alternator_fail_2,2724,1789814689.4219189,2720.2,116.76,620.77,2.89,97.48,0.0459,10.01,10.15,14.46,30.0,148.0,24.0,battery_alternator_fail,0.79
fault_battery_alternator_fail_2,2725,1789814690.4219189,2712.9,116.78,620.03,2.87,97.64,0.0472,10.07,10.14,14.49,30.0,143.8,24.1,battery_alternator_fail,0.79
fault_battery_alternator_fail_2,2726,1789814691.4219189,2702.0,116.8,617.75,2.91,97.55,0.0501,10.06,10.14,14.28,30.0,139.7,24.1,battery_alternator_fail,0.79
fault_battery_alternator_fail_2,2727,1789814692.4219189,2709.5,116.75,615.93,2.84,97.51,0.0507,10.0,10.14,14.4,30.0,135.5,24.1,battery_alternator_fail,0.79
fault_battery_alternator_fail_2,2728,1789814693.4219189,2697.5,116.98,614.0,2.84,97.44,0.0421,10.09,10.14,14.54,30.0,131.4,24.1,battery_alternator_fail,0.79
fault_battery_alternator_fail_2,2729,1789814694.4219189,2705.9,117.16,607.67,2.83,97.43,0.0419,10.03,10.14,14.47,30.0,127.2,24.2,battery_alternator_fail,0.79
fault_battery_alternator_fail_2,2730,1789814695.4219189,2722.1,117.3,610.1,2.83,97.4,0.037,10.01,10.13,14.4,30.0,123.0,24.2,battery_alternator_fail,0.79
fault_battery_alternator_fail_2,2731,1789814696.4219189,2702.2,117.3,613.06,2.94,97.45,0.0372,9.87,10.13,14.26,30.0,118.9,24.2,battery_alternator_fail,0.79
fault_battery_alternator_fail_2,2732,1789814697.4219189,2722.1,117.51,613.43,2.96,97.37,0.0381,9.8,10.13,14.15,30.0,114.7,24.3,battery_alternator_fail,0.79
fault_battery_alternator_fail_2,2733,1789814698.4219189,2719.6,117.42,615.27,2.92,97.4,0.037,9.88,10.13,14.38,30.0,110.6,24.3,battery_alternator_fail,0.79
fault_battery_alternator_fail_2,2734,1789814699.4219189,2744.5,117.28,616.55,2.9,97.22,0.04,9.9,10.13,14.8,30.0,106.4,24.3,battery_alternator_fail,0.79
fault_battery_alternator_fail_2,2735,1789814700.4219189,2744.7,117.24,615.48,2.91,97.32,0.0333,9.86,10.12,14.8,30.0,102.2,24.3,battery_alternator_fail,0.79
fault_battery_alternator_fail_2,2736,1789814701.4219189,2754.3,117.41,614.9,2.93,97.27,0.0365,10.0,10.12,14.49,30.0,98.1,24.4,battery_alternator_fail,0.79
fault_battery_alternator_fail_2,2737,1789814702.4219189,2735.3,117.6,612.65,2.92,97.08,0.0351,9.96,10.12,14.51,30.0,93.9,24.4,battery_alternator_fail,0.79
fault_battery_alternator_fail_2,2738,1789814703.4219189,2696.1,117.77,615.01,2.96,97.1,0.0345,10.11,10.12,14.6,30.0,89.8,24.4,battery_alternator_fail,0.79
fault_battery_alternator_fail_2,2739,1789814704.4219189,2704.7,118.34,615.73,2.93,96.97,0.0406,10.28,10.12,14.78,30.0,85.6,24.4,battery_alternator_fail,0.79
fault_battery_alternator_fail_2,2740,1789814705.4219189,2709.1,117.96,617.13,3.0,97.03,0.0362,9.99,10.11,14.39,30.0,81.4,24.5,battery_alternator_fail,0.79
fault_battery_alternator_fail_2,2741,1789814706.4219189,2722.4,117.73,613.83,2.96,97.11,0.0353,9.96,10.11,14.51,30.0,77.3,24.5,battery_alternator_fail,0.79
fault_battery_alternator_fail_2,2742,1789814707.4219189,2722.0,118.1,611.46,2.9,96.99,0.028,9.99,10.11,14.35,30.0,73.1,24.5,battery_alternator_fail,0.79
fault_battery_alternator_fail_2,2743,1789814708.4219189,2723.6,118.29,614.09,2.87,96.96,0.027,10.05,10.11,14.17,30.0,69.0,24.6,battery_alternator_fail,0.79
fault_battery_alternator_fail_2,2744,1789814709.4219189,2713.0,118.51,617.01,2.87,96.95,0.0304,10.1,10.11,14.19,30.0,64.8,24.6,battery_alternator_fail,0.79
fault_battery_alternator_fail_2,2745,1789814710.4219189,2702.9,118.38,619.53,2.93,96.93,0.0365,10.09,10.1,13.91,30.0,60.6,24.6,battery_alternator_fail,0.79
fault_battery_alternator_fail_2,2746,1789814711.4219189,2705.7,118.4,618.22,3.02,96.95,0.0346,10.07,10.1,14.16,30.0,56.5,24.6,battery_alternator_fail,0.79
fault_battery_alternator_fail_2,2747,1789814712.4219189,2717.9,118.42,619.49,3.02,96.89,0.0311,10.09,10.1,14.12,30.0,52.3,24.7,battery_alternator_fail,0.79
fault_battery_alternator_fail_2,2748,1789814713.4219189,2706.6,118.26,619.24,2.95,96.82,0.0328,10.13,10.1,14.18,30.0,48.2,24.7,battery_alternator_fail,0.79
fault_battery_alternator_fail_2,2749,1789814714.4219189,2695.9,118.21,615.13,2.91,96.61,0.0446,10.07,10.1,14.44,30.0,44.0,24.7,battery_alternator_fail,0.79
fault_battery_alternator_fail_2,2750,1789814715.4219189,2705.8,118.42,622.21,2.99,96.61,0.0489,9.92,10.09,14.6,30.0,39.8,24.7,battery_alternator_fail,0.79
fault_battery_alternator_fail_2,2751,1789814716.4219189,2707.8,118.44,617.52,2.94,96.58,0.0377,9.93,10.09,14.44,30.0,35.7,24.8,battery_alternator_fail,0.79
fault_battery_alternator_fail_2,2752,1789814717.4219189,2700.2,118.18,619.41,2.91,96.58,0.036,10.0,10.09,13.96,30.0,31.5,24.8,battery_alternator_fail,0.79
fault_battery_alternator_fail_2,2753,1789814718.4219189,2691.2,117.97,619.74,3.04,96.45,0.04,9.94,10.09,13.83,30.0,27.4,24.8,battery_alternator_fail,0.79
fault_battery_alternator_fail_2,2754,1789814719.4219189,2693.8,117.95,616.32,3.0,96.31,0.0381,9.95,10.08,14.22,30.0,23.2,24.8,battery_alternator_fail,0.79
fault_battery_alternator_fail_2,2755,1789814720.4219189,2676.7,118.11,615.83,2.97,96.35,0.0353,9.86,10.08,14.52,30.0,19.0,24.9,battery_alternator_fail,0.79
fault_battery_alternator_fail_2,2756,1789814721.4219189,2692.3,118.11,616.13,2.99,96.49,0.0395,9.99,10.08,14.44,30.0,14.9,24.9,battery_alternator_fail,0.79
fault_battery_alternator_fail_2,2757,1789814722.4219189,2692.6,117.94,611.92,3.02,96.25,0.0442,9.81,10.08,14.33,30.0,10.7,24.9,battery_alternator_fail,0.79
fault_battery_alternator_fail_2,2758,1789814723.4219189,2685.0,118.18,611.44,2.98,96.29,0.0419,10.02,10.08,14.48,30.0,6.6,25.0,battery_alternator_fail,0.79
fault_battery_alternator_fail_2,2759,1789814724.4219189,2666.1,117.86,611.12,2.96,96.4,0.0311,9.94,10.07,14.45,30.0,2.4,25.0,battery_alternator_fail,0.79
fault_battery_alternator_fail_2,2760,1789814725.4219189,2675.7,117.95,613.76,3.0,96.5,0.0307,9.75,10.07,14.33,30.0,0.0,25.0,battery_alternator_fail,0.79
fault_battery_alternator_fail_2,2761,1789814726.4219189,2677.9,117.74,614.27,3.0,96.73,0.0326,9.98,10.07,14.62,30.0,0.0,25.0,battery_alternator_fail,0.79
fault_battery_alternator_fail_2,2762,1789814727.4219189,2684.8,118.02,614.46,2.97,96.69,0.0361,9.99,10.07,14.6,30.0,0.0,25.0,battery_alternator_fail,0.79
fault_battery_alternator_fail_2,2763,1789814728.4219189,2685.7,117.86,612.37,2.89,96.47,0.0349,9.88,10.07,14.32,30.0,0.0,25.0,battery_alternator_fail,0.79
fault_battery_alternator_fail_2,2764,1789814729.4219189,2699.7,117.93,611.9,2.87,96.55,0.0351,9.93,10.06,14.45,30.0,0.0,25.0,battery_alternator_fail,0.79
fault_battery_alternator_fail_2,2765,1789814730.4219189,2675.5,117.86,610.93,2.86,96.61,0.0283,9.95,10.06,14.43,30.0,0.0,25.0,battery_alternator_fail,0.79
fault_battery_alternator_fail_2,2766,1789814731.4219189,2671.8,117.92,610.81,2.86,96.83,0.0403,9.89,10.06,14.13,30.0,0.0,25.0,battery_alternator_fail,0.79
fault_battery_alternator_fail_2,2767,1789814732.4219189,2698.2,117.99,610.2,2.85,96.93,0.0409,10.1,10.06,14.14,30.0,0.0,25.0,battery_alternator_fail,0.79
fault_battery_alternator_fail_2,2768,1789814733.4219189,2693.9,118.22,610.71,2.89,96.87,0.0401,10.09,10.06,14.16,30.0,0.0,25.0,battery_alternator_fail,0.79
fault_battery_alternator_fail_2,2769,1789814734.4219189,2682.9,118.04,611.66,2.91,96.93,0.0307,10.02,10.05,14.46,30.0,0.0,25.0,battery_alternator_fail,0.79
fault_battery_alternator_fail_2,2770,1789814735.4219189,2690.4,118.21,611.69,2.92,96.99,0.0321,10.13,10.05,14.43,30.0,0.0,25.0,battery_alternator_fail,0.79
fault_battery_alternator_fail_2,2771,1789814736.4219189,2692.8,118.14,606.78,2.88,96.76,0.0278,10.16,10.05,14.21,30.0,0.0,25.0,battery_alternator_fail,0.79
fault_battery_alternator_fail_2,2772,1789814737.4219189,2728.0,118.08,609.65,2.89,96.62,0.0301,10.15,10.05,14.37,30.0,0.0,25.0,battery_alternator_fail,0.79
fault_battery_alternator_fail_2,2773,1789814738.4219189,2713.2,118.04,607.56,2.91,96.68,0.0369,10.02,10.05,14.65,30.0,0.0,25.0,battery_alternator_fail,0.79
fault_battery_alternator_fail_2,2774,1789814739.4219189,2721.1,117.83,610.02,2.9,96.62,0.0297,10.06,10.04,14.63,30.0,0.0,25.0,battery_alternator_fail,0.79
fault_battery_alternator_fail_2,2775,1789814740.4219189,2731.1,117.81,610.02,2.89,96.65,0.0414,9.93,10.04,14.37,30.0,0.0,25.0,battery_alternator_fail,0.79
fault_battery_alternator_fail_2,2776,1789814741.4219189,2730.6,117.89,613.78,2.92,96.78,0.0471,9.81,10.04,14.3,30.0,0.0,25.0,battery_alternator_fail,0.79
fault_battery_alternator_fail_2,2777,1789814742.4219189,2717.6,117.65,616.86,2.94,96.84,0.0471,9.73,10.04,14.11,30.0,0.0,25.0,battery_alternator_fail,0.79
fault_battery_alternator_fail_2,2778,1789814743.4219189,2716.5,118.08,620.93,2.92,96.99,0.0444,10.0,10.04,14.48,30.0,0.0,25.0,battery_alternator_fail,0.79
fault_battery_alternator_fail_2,2779,1789814744.4219189,2689.9,118.07,621.75,2.95,96.89,0.0443,9.9,10.03,14.39,30.0,0.0,25.0,battery_alternator_fail,0.79
fault_battery_alternator_fail_2,2780,1789814745.4219189,2703.6,117.95,621.41,2.97,96.98,0.0463,9.99,10.03,14.47,30.0,0.0,25.0,battery_alternator_fail,0.79
fault_battery_alternator_fail_2,2781,1789814746.4219189,2701.1,117.99,615.88,2.94,96.99,0.0403,10.03,10.03,14.75,30.0,0.0,25.0,battery_alternator_fail,0.79
fault_battery_alternator_fail_2,2782,1789814747.4219189,2733.5,117.77,614.74,2.91,97.08,0.0418,9.99,10.03,14.71,30.0,0.0,25.0,battery_alternator_fail,0.79
fault_battery_alternator_fail_2,2783,1789814748.4219189,2722.4,117.96,613.56,2.92,97.12,0.0388,10.01,10.03,14.81,30.0,0.0,25.0,battery_alternator_fail,0.79
fault_battery_alternator_fail_2,2784,1789814749.4219189,2686.7,118.0,612.44,2.85,97.18,0.0371,9.93,10.02,14.73,30.0,0.0,25.0,battery_alternator_fail,0.79
fault_battery_alternator_fail_2,2785,1789814750.4219189,2709.9,118.12,615.37,2.92,97.12,0.0414,9.83,10.02,14.36,30.0,0.0,25.0,battery_alternator_fail,0.79
fault_battery_alternator_fail_2,2786,1789814751.4219189,2739.1,118.36,616.42,2.98,97.18,0.0407,9.91,10.02,14.43,30.0,0.0,25.0,battery_alternator_fail,0.79
fault_battery_alternator_fail_2,2787,1789814752.4219189,2750.6,118.25,611.68,2.98,97.23,0.0363,9.82,10.02,14.2,30.0,0.0,25.0,battery_alternator_fail,0.79
fault_battery_alternator_fail_2,2788,1789814753.4219189,2745.4,118.29,612.51,2.91,97.26,0.0225,9.96,10.02,14.48,30.0,0.0,25.0,battery_alternator_fail,0.79
fault_battery_alternator_fail_2,2789,1789814754.4219189,2760.9,118.33,613.91,2.92,97.18,0.0274,10.03,10.01,14.62,30.0,0.0,25.0,battery_alternator_fail,0.79
fault_battery_alternator_fail_2,2790,1789814755.4219189,2753.9,118.43,619.9,2.97,97.26,0.0355,10.07,10.01,14.34,30.0,0.0,25.0,battery_alternator_fail,0.79
fault_battery_alternator_fail_2,2791,1789814756.4219189,2729.5,118.51,618.32,2.92,97.24,0.0199,9.97,10.01,14.52,30.0,0.0,25.0,battery_alternator_fail,0.79
fault_battery_alternator_fail_2,2792,1789814757.4219189,2735.2,118.68,617.07,2.94,97.14,0.0246,10.1,10.01,14.21,30.0,0.0,25.0,battery_alternator_fail,0.79
fault_battery_alternator_fail_2,2793,1789814758.4219189,2733.0,118.89,619.96,2.82,97.13,0.034,10.07,10.01,14.17,30.0,0.0,25.0,battery_alternator_fail,0.79
fault_battery_alternator_fail_2,2794,1789814759.4219189,2743.3,118.53,619.47,2.92,97.3,0.0327,10.2,10.0,13.88,30.0,0.0,25.0,battery_alternator_fail,0.79
fault_battery_alternator_fail_2,2795,1789814760.4219189,2758.0,118.67,617.36,2.95,97.28,0.0302,10.17,10.0,13.98,30.0,0.0,25.0,battery_alternator_fail,0.79
fault_battery_alternator_fail_2,2796,1789814761.4219189,2722.2,118.83,619.1,2.93,97.37,0.0338,10.28,10.0,14.09,30.0,0.0,25.0,battery_alternator_fail,0.79
fault_battery_alternator_fail_2,2797,1789814762.4219189,2724.9,118.65,619.86,2.88,97.43,0.0369,10.09,10.0,14.03,30.0,0.0,25.0,battery_alternator_fail,0.79
fault_battery_alternator_fail_2,2798,1789814763.4219189,2733.8,118.57,619.85,2.93,97.38,0.0417,10.03,10.0,14.17,30.0,0.0,25.0,battery_alternator_fail,0.79
fault_battery_alternator_fail_2,2799,1789814764.4219189,2736.6,118.54,618.53,2.91,97.46,0.038,10.04,9.99,14.24,30.0,0.0,25.0,battery_alternator_fail,0.79
fault_battery_alternator_fail_2,2800,1789814765.4219189,2719.7,118.62,622.76,2.95,97.4,0.0426,10.17,9.99,14.43,30.0,0.0,25.0,battery_alternator_fail,0.79
fault_battery_alternator_fail_2,2801,1789814766.4219189,2715.1,118.42,618.96,2.93,97.49,0.0326,10.13,9.99,14.35,30.0,0.0,25.0,battery_alternator_fail,0.79
fault_battery_alternator_fail_2,2802,1789814767.4219189,2717.4,118.73,611.01,2.96,97.47,0.0292,10.21,9.99,14.95,30.0,0.0,25.0,battery_alternator_fail,0.79
fault_battery_alternator_fail_2,2803,1789814768.4219189,2741.8,118.51,609.72,2.99,97.57,0.0324,10.19,9.99,14.49,30.0,0.0,25.0,battery_alternator_fail,0.79
fault_battery_alternator_fail_2,2804,1789814769.4219189,2738.5,118.51,612.7,2.99,97.71,0.0317,10.24,9.98,14.5,30.0,0.0,25.0,battery_alternator_fail,0.79
fault_battery_alternator_fail_2,2805,1789814770.4219189,2723.5,118.68,618.4,3.05,97.75,0.0405,10.12,9.98,15.17,30.0,0.0,25.0,battery_alternator_fail,0.79
fault_battery_alternator_fail_2,2806,1789814771.4219189,2726.2,118.84,619.95,2.99,97.84,0.0359,9.99,9.98,14.44,30.0,0.0,25.0,battery_alternator_fail,0.79
fault_battery_alternator_fail_2,2807,1789814772.4219189,2710.1,118.64,615.08,2.93,97.81,0.0285,10.0,9.98,14.21,30.0,0.0,25.0,battery_alternator_fail,0.79
fault_battery_alternator_fail_2,2808,1789814773.4219189,2708.9,118.6,613.89,2.89,97.64,0.0282,10.01,9.98,14.39,30.0,0.0,25.0,battery_alternator_fail,0.79
fault_battery_alternator_fail_2,2809,1789814774.4219189,2702.6,118.21,610.03,2.9,97.61,0.0317,10.29,9.97,14.14,30.0,0.0,25.0,battery_alternator_fail,0.79
fault_battery_alternator_fail_2,2810,1789814775.4219189,2744.1,117.9,608.58,2.91,97.47,0.029,10.27,9.97,14.16,30.0,0.0,25.0,battery_alternator_fail,0.79
fault_battery_alternator_fail_2,2811,1789814776.4219189,2749.6,118.1,605.15,2.89,97.55,0.0282,10.2,9.97,14.14,30.0,0.0,25.0,battery_alternator_fail,0.79
fault_battery_alternator_fail_2,2812,1789814777.4219189,2758.8,118.02,608.34,2.84,97.67,0.0373,10.09,9.97,14.2,30.0,0.0,25.0,battery_alternator_fail,0.79
fault_battery_alternator_fail_2,2813,1789814778.4219189,2728.5,117.87,613.24,2.87,97.73,0.043,10.05,9.96,14.08,30.0,0.0,25.0,battery_alternator_fail,0.79
fault_battery_alternator_fail_2,2814,1789814779.4219189,2729.9,117.73,612.93,2.89,97.7,0.0453,10.16,9.96,14.32,30.0,0.0,25.0,battery_alternator_fail,0.79
fault_battery_alternator_fail_2,2815,1789814780.4219189,2736.2,117.92,616.73,2.97,97.83,0.0484,10.24,9.96,14.46,30.0,0.0,25.0,battery_alternator_fail,0.79
fault_battery_alternator_fail_2,2816,1789814781.4219189,2752.8,118.08,617.0,3.03,97.77,0.0353,10.22,9.96,14.54,30.0,0.0,25.0,battery_alternator_fail,0.79
fault_battery_alternator_fail_2,2817,1789814782.4219189,2757.1,117.74,615.87,2.97,97.57,0.0382,10.42,9.96,14.75,30.0,0.0,25.0,battery_alternator_fail,0.79
fault_battery_alternator_fail_2,2818,1789814783.4219189,2742.4,118.17,620.83,3.01,97.63,0.0407,10.31,9.95,14.81,30.0,0.0,25.0,battery_alternator_fail,0.79
fault_battery_alternator_fail_2,2819,1789814784.4219189,2753.3,118.13,618.63,2.94,97.74,0.0368,10.47,9.95,14.97,30.0,0.0,25.0,battery_alternator_fail,0.79
fault_battery_alternator_fail_2,2820,1789814785.4219189,2745.3,118.13,618.27,2.89,97.81,0.0334,10.42,9.95,15.02,30.0,0.0,25.0,battery_alternator_fail,0.79
fault_battery_alternator_fail_2,2821,1789814786.4219189,2727.8,117.7,618.63,2.88,97.76,0.0347,10.28,9.95,14.73,30.0,0.0,25.0,battery_alternator_fail,0.79
fault_battery_alternator_fail_2,2822,1789814787.4219189,2710.5,117.67,618.09,2.92,97.8,0.0295,10.37,9.95,14.15,30.0,0.0,25.0,battery_alternator_fail,0.79
fault_battery_alternator_fail_2,2823,1789814788.4219189,2704.9,118.01,610.91,2.9,97.75,0.0435,10.49,9.94,13.98,30.0,0.0,25.0,battery_alternator_fail,0.79
fault_battery_alternator_fail_2,2824,1789814789.4219189,2727.0,117.65,612.93,2.86,97.87,0.0424,10.32,9.94,14.1,30.0,0.0,25.0,battery_alternator_fail,0.79
fault_battery_alternator_fail_2,2825,1789814790.4219189,2702.0,117.71,611.53,2.95,97.8,0.0409,10.2,9.94,14.28,30.0,0.0,25.0,battery_alternator_fail,0.79
fault_battery_alternator_fail_2,2826,1789814791.4219189,2712.2,117.6,620.67,2.96,98.1,0.0455,10.15,9.94,14.36,30.0,0.0,25.0,battery_alternator_fail,0.79
fault_battery_alternator_fail_2,2827,1789814792.4219189,2715.2,117.94,617.18,2.88,98.03,0.038,10.22,9.94,14.37,30.0,0.0,25.0,battery_alternator_fail,0.79
fault_battery_alternator_fail_2,2828,1789814793.4219189,2725.5,118.12,621.31,2.88,97.91,0.0354,10.38,9.93,14.28,30.0,0.0,25.0,battery_alternator_fail,0.79
fault_battery_alternator_fail_2,2829,1789814794.4219189,2701.6,118.16,620.87,2.88,97.78,0.0388,10.28,9.93,14.3,30.0,0.0,25.0,battery_alternator_fail,0.79
fault_battery_alternator_fail_2,2830,1789814795.4219189,2717.6,117.85,618.44,2.83,97.81,0.0231,10.33,9.93,14.38,30.0,0.0,25.0,battery_alternator_fail,0.79
fault_battery_alternator_fail_2,2831,1789814796.4219189,2733.0,118.08,619.62,2.92,97.74,0.0253,10.31,9.93,14.38,30.0,0.0,25.0,battery_alternator_fail,0.79
fault_battery_alternator_fail_2,2832,1789814797.4219189,2747.7,118.3,610.71,3.04,97.79,0.0152,10.26,9.93,14.5,30.0,0.0,25.0,battery_alternator_fail,0.79
fault_battery_alternator_fail_2,2833,1789814798.4219189,2725.8,118.55,617.33,3.0,97.71,0.0281,10.23,9.92,14.39,30.0,0.0,25.0,battery_alternator_fail,0.79
fault_battery_alternator_fail_2,2834,1789814799.4219189,2699.1,118.49,617.15,2.97,97.56,0.0297,10.34,9.92,14.26,30.0,0.0,25.0,battery_alternator_fail,0.79
fault_battery_alternator_fail_2,2835,1789814800.4219189,2706.5,118.58,620.32,3.01,97.53,0.03,10.21,9.92,14.05,30.0,0.0,25.0,battery_alternator_fail,0.79
fault_battery_alternator_fail_2,2836,1789814801.4219189,2707.7,118.33,618.36,2.95,97.54,0.0379,10.15,9.92,13.98,30.0,0.0,25.0,battery_alternator_fail,0.79
fault_battery_alternator_fail_2,2837,1789814802.4219189,2680.7,118.02,621.55,2.91,97.63,0.0449,10.07,9.92,14.66,30.0,0.0,25.0,battery_alternator_fail,0.79
fault_battery_alternator_fail_2,2838,1789814803.4219189,2698.7,117.97,618.41,2.94,97.49,0.041,10.06,9.91,14.59,30.0,0.0,25.0,battery_alternator_fail,0.79
fault_battery_alternator_fail_2,2839,1789814804.4219189,2714.6,118.05,613.92,2.83,97.36,0.0432,9.93,9.91,14.62,30.0,0.0,25.0,battery_alternator_fail,0.79
fault_battery_alternator_fail_2,2840,1789814805.4219189,2714.6,118.4,612.29,2.91,97.19,0.0464,9.92,9.91,14.27,30.0,0.0,25.0,battery_alternator_fail,0.79
fault_battery_alternator_fail_2,2841,1789814806.4219189,2713.0,118.27,610.05,2.84,97.23,0.038,9.99,9.91,14.51,30.0,0.0,25.0,battery_alternator_fail,0.79
fault_battery_alternator_fail_2,2842,1789814807.4219189,2721.5,118.19,609.52,2.8,97.14,0.0404,9.91,9.91,14.51,30.0,0.0,25.0,battery_alternator_fail,0.79
fault_battery_alternator_fail_2,2843,1789814808.4219189,2704.4,118.09,616.56,2.82,97.21,0.041,10.0,9.9,14.53,30.0,0.0,25.0,battery_alternator_fail,0.79
fault_battery_alternator_fail_2,2844,1789814809.4219189,2697.1,118.0,614.91,2.81,97.01,0.0484,9.94,9.9,14.73,30.0,0.0,25.0,battery_alternator_fail,0.79
fault_battery_alternator_fail_2,2845,1789814810.4219189,2691.9,118.09,616.53,2.83,96.92,0.0541,9.77,9.9,14.72,30.0,0.0,25.0,battery_alternator_fail,0.79
fault_battery_alternator_fail_2,2846,1789814811.4219189,2733.5,117.88,611.95,2.97,96.86,0.0371,9.93,9.9,14.43,30.0,0.0,25.0,battery_alternator_fail,0.79
fault_battery_alternator_fail_2,2847,1789814812.4219189,2747.8,118.41,611.44,2.96,96.88,0.0323,10.02,9.9,14.47,30.0,0.0,25.0,battery_alternator_fail,0.79
fault_battery_alternator_fail_2,2848,1789814813.4219189,2774.7,118.41,611.91,3.0,96.96,0.0424,10.17,9.89,14.8,30.0,0.0,25.0,battery_alternator_fail,0.79
fault_battery_alternator_fail_2,2849,1789814814.4219189,2774.3,118.16,614.65,3.14,96.94,0.0431,10.06,9.89,14.81,30.0,0.0,25.0,battery_alternator_fail,0.79
fault_battery_alternator_fail_2,2850,1789814815.4219189,2769.5,118.37,613.15,3.07,97.05,0.0299,9.97,9.89,14.51,30.0,0.0,25.0,battery_alternator_fail,0.79
fault_battery_alternator_fail_2,2851,1789814816.4219189,2761.8,118.46,618.67,3.07,97.15,0.027,10.1,9.89,14.26,30.0,0.0,25.0,battery_alternator_fail,0.79
fault_battery_alternator_fail_2,2852,1789814817.4219189,2763.1,118.37,615.24,3.08,97.01,0.0339,10.08,9.89,14.3,30.0,0.0,25.0,battery_alternator_fail,0.79
fault_battery_alternator_fail_2,2853,1789814818.4219189,2765.8,118.16,608.69,3.0,97.11,0.0305,10.02,9.88,14.34,30.0,0.0,25.0,battery_alternator_fail,0.79
fault_battery_alternator_fail_2,2854,1789814819.4219189,2749.6,118.04,609.02,2.95,97.25,0.0284,9.92,9.88,14.56,30.0,0.0,25.0,battery_alternator_fail,0.79
fault_battery_alternator_fail_2,2855,1789814820.4219189,2753.4,118.09,617.13,2.89,97.22,0.0369,10.11,9.88,14.23,30.0,0.0,25.0,battery_alternator_fail,0.79
fault_battery_alternator_fail_2,2856,1789814821.4219189,2770.0,117.81,615.22,2.87,97.26,0.0332,10.02,9.88,13.97,30.0,0.0,25.0,battery_alternator_fail,0.79
fault_battery_alternator_fail_2,2857,1789814822.4219189,2752.2,117.77,617.49,2.88,97.07,0.0299,10.12,9.88,14.12,30.0,0.0,25.0,battery_alternator_fail,0.79
fault_battery_alternator_fail_2,2858,1789814823.4219189,2770.3,117.97,614.31,2.94,97.06,0.0232,10.13,9.87,14.02,30.0,0.0,25.0,battery_alternator_fail,0.79
fault_battery_alternator_fail_2,2859,1789814824.4219189,2741.3,118.12,614.26,2.95,97.15,0.0331,10.0,9.87,14.44,30.0,0.0,25.0,battery_alternator_fail,0.79
fault_battery_alternator_fail_2,2860,1789814825.4219189,2726.3,118.11,617.8,2.9,97.34,0.0305,10.08,9.87,14.4,30.0,0.0,25.0,battery_alternator_fail,0.79
fault_battery_alternator_fail_2,2861,1789814826.4219189,2733.4,118.19,616.12,2.86,97.34,0.0296,10.03,9.87,14.32,30.0,0.0,25.0,battery_alternator_fail,0.79
fault_battery_alternator_fail_2,2862,1789814827.4219189,2752.3,118.32,617.04,2.9,97.44,0.0246,10.02,9.87,14.03,30.0,0.0,25.0,battery_alternator_fail,0.79
fault_battery_alternator_fail_2,2863,1789814828.4219189,2728.1,118.2,617.88,2.96,97.46,0.0217,10.08,9.86,14.32,30.0,0.0,25.0,battery_alternator_fail,0.79
fault_battery_alternator_fail_2,2864,1789814829.4219189,2741.0,118.02,617.47,2.89,97.51,0.027,9.97,9.86,14.36,30.0,0.0,25.0,battery_alternator_fail,0.79
fault_battery_alternator_fail_2,2865,1789814830.4219189,2737.4,118.13,614.44,2.92,97.42,0.0229,10.11,9.86,14.44,30.0,0.0,25.0,battery_alternator_fail,0.79
fault_battery_alternator_fail_2,2866,1789814831.4219189,2722.2,118.03,609.13,2.85,97.34,0.0237,10.19,9.86,14.31,30.0,0.0,25.0,battery_alternator_fail,0.79
fault_battery_alternator_fail_2,2867,1789814832.4219189,2741.3,118.13,606.03,2.87,97.32,0.0318,10.27,9.86,14.16,30.0,0.0,25.0,battery_alternator_fail,0.79
fault_battery_alternator_fail_2,2868,1789814833.4219189,2730.5,118.02,608.09,2.86,97.28,0.0412,10.39,9.85,14.34,30.0,0.0,25.0,battery_alternator_fail,0.79
fault_battery_alternator_fail_2,2869,1789814834.4219189,2739.1,117.95,609.42,2.87,97.41,0.0382,10.33,9.85,14.32,30.0,0.0,25.0,battery_alternator_fail,0.79
fault_battery_alternator_fail_2,2870,1789814835.4219189,2728.5,117.81,609.68,2.89,97.23,0.0371,10.15,9.85,14.28,30.0,0.0,25.0,battery_alternator_fail,0.79
fault_battery_alternator_fail_2,2871,1789814836.4219189,2732.1,117.75,610.49,2.89,97.2,0.0358,10.25,9.85,14.48,30.0,0.0,25.0,battery_alternator_fail,0.79
fault_battery_alternator_fail_2,2872,1789814837.4219189,2733.7,117.91,613.38,2.9,97.03,0.0368,10.04,9.84,14.25,30.0,0.0,25.0,battery_alternator_fail,0.79
fault_battery_alternator_fail_2,2873,1789814838.4219189,2734.4,118.24,613.83,2.87,97.1,0.0322,10.08,9.84,14.29,30.0,0.0,25.0,battery_alternator_fail,0.79
fault_battery_alternator_fail_2,2874,1789814839.4219189,2732.4,117.8,614.02,2.77,97.01,0.0395,10.15,9.84,14.36,30.0,0.0,25.0,battery_alternator_fail,0.79
fault_battery_alternator_fail_2,2875,1789814840.4219189,2705.7,117.51,612.86,2.76,97.15,0.0461,10.18,9.84,14.02,30.0,0.0,25.0,battery_alternator_fail,0.79
fault_battery_alternator_fail_2,2876,1789814841.4219189,2714.0,117.78,610.66,2.84,97.17,0.0491,10.1,9.84,14.03,30.0,0.0,25.0,battery_alternator_fail,0.79
fault_battery_alternator_fail_2,2877,1789814842.4219189,2727.4,117.67,617.14,2.85,97.24,0.0497,9.98,9.83,14.02,30.0,0.0,25.0,battery_alternator_fail,0.79
fault_battery_alternator_fail_2,2878,1789814843.4219189,2699.9,117.6,613.26,2.91,97.22,0.0502,10.0,9.83,14.04,30.0,0.0,25.0,battery_alternator_fail,0.79
fault_battery_alternator_fail_2,2879,1789814844.4219189,2698.8,117.78,613.13,2.89,97.43,0.0474,10.0,9.83,14.23,30.0,0.0,25.0,battery_alternator_fail,0.79
fault_battery_alternator_fail_2,2880,1789814845.4219189,2729.8,118.02,615.53,2.95,97.36,0.0385,9.94,9.83,14.47,30.0,0.0,25.0,battery_alternator_fail,0.79
fault_battery_alternator_fail_2,2881,1789814846.4219189,2735.3,118.17,609.66,2.96,97.39,0.0349,9.83,9.83,14.49,30.0,0.0,25.0,battery_alternator_fail,0.79
fault_battery_alternator_fail_2,2882,1789814847.4219189,2714.0,117.88,612.19,2.89,97.29,0.0323,9.94,9.82,14.37,30.0,0.0,25.0,battery_alternator_fail,0.79
fault_battery_alternator_fail_2,2883,1789814848.4219189,2727.9,118.29,615.3,3.0,97.3,0.0321,9.98,9.82,14.54,30.0,0.0,25.0,battery_alternator_fail,0.79
fault_battery_alternator_fail_2,2884,1789814849.4219189,2741.1,118.19,615.14,2.9,97.39,0.0347,10.1,9.82,14.08,30.0,0.0,25.0,battery_alternator_fail,0.79
fault_battery_alternator_fail_2,2885,1789814850.4219189,2733.0,118.33,615.51,2.87,97.38,0.0412,10.04,9.82,14.27,30.0,0.0,25.0,battery_alternator_fail,0.79
fault_battery_alternator_fail_2,2886,1789814851.4219189,2716.7,118.29,609.23,2.89,97.34,0.0376,9.96,9.82,14.3,30.0,0.0,25.0,battery_alternator_fail,0.79
fault_battery_alternator_fail_2,2887,1789814852.4219189,2697.0,118.6,610.09,2.95,97.31,0.0383,10.16,9.81,14.27,30.0,0.0,25.0,battery_alternator_fail,0.79
fault_battery_alternator_fail_2,2888,1789814853.4219189,2681.4,118.85,611.05,2.82,97.34,0.0333,10.2,9.81,14.32,30.0,0.0,25.0,battery_alternator_fail,0.79
fault_battery_alternator_fail_2,2889,1789814854.4219189,2691.7,118.99,610.63,2.86,97.56,0.0448,10.37,9.81,13.94,30.0,0.0,25.0,battery_alternator_fail,0.79
fault_battery_alternator_fail_2,2890,1789814855.4219189,2682.0,118.72,613.33,2.92,97.39,0.0446,10.2,9.81,14.02,30.0,0.0,25.0,battery_alternator_fail,0.79
fault_battery_alternator_fail_2,2891,1789814856.4219189,2672.4,118.31,615.47,3.01,97.37,0.0361,10.13,9.81,14.14,30.0,0.0,25.0,battery_alternator_fail,0.79
fault_battery_alternator_fail_2,2892,1789814857.4219189,2680.5,118.26,614.41,2.89,97.2,0.0359,10.16,9.8,14.31,30.0,0.0,25.0,battery_alternator_fail,0.79
fault_battery_alternator_fail_2,2893,1789814858.4219189,2695.3,118.21,608.84,2.95,97.06,0.0371,9.99,9.8,13.92,30.0,0.0,25.0,battery_alternator_fail,0.79
fault_battery_alternator_fail_2,2894,1789814859.4219189,2700.5,118.36,611.2,2.96,96.98,0.031,10.2,9.8,14.26,30.0,0.0,25.0,battery_alternator_fail,0.79
fault_battery_alternator_fail_2,2895,1789814860.4219189,2718.7,118.32,608.38,2.99,96.85,0.0375,10.36,9.8,14.23,30.0,0.0,25.0,battery_alternator_fail,0.79
fault_battery_alternator_fail_2,2896,1789814861.4219189,2717.4,117.99,611.81,2.95,96.8,0.0396,10.41,9.8,14.31,30.0,0.0,25.0,battery_alternator_fail,0.79
fault_battery_alternator_fail_2,2897,1789814862.4219189,2683.6,118.13,615.35,2.88,96.86,0.0328,10.22,9.79,14.48,30.0,0.0,25.0,battery_alternator_fail,0.79
fault_battery_alternator_fail_2,2898,1789814863.4219189,2696.5,118.21,617.46,2.88,96.7,0.0359,10.11,9.79,14.36,30.0,0.0,25.0,battery_alternator_fail,0.79
fault_battery_alternator_fail_2,2899,1789814864.4219189,2689.6,118.24,620.95,2.92,96.86,0.0364,10.19,9.79,14.74,30.0,0.0,25.0,battery_alternator_fail,0.79
fault_battery_alternator_fail_2,2900,1789814865.4219189,2678.0,118.02,624.91,2.88,96.94,0.0298,10.01,9.79,14.54,30.0,0.0,25.0,battery_alternator_fail,0.79
fault_battery_alternator_fail_2,2901,1789814866.4219189,2680.8,117.84,623.55,2.9,96.9,0.0264,9.96,9.79,14.75,30.0,0.0,25.0,battery_alternator_fail,0.79
fault_battery_alternator_fail_2,2902,1789814867.4219189,2682.9,117.74,624.44,2.86,96.87,0.0267,9.84,9.78,14.53,30.0,0.0,25.0,battery_alternator_fail,0.79
fault_battery_alternator_fail_2,2903,1789814868.4219189,2694.6,117.62,623.74,2.9,96.88,0.0342,9.9,9.78,14.26,30.0,0.0,25.0,battery_alternator_fail,0.79
fault_battery_alternator_fail_2,2904,1789814869.4219189,2691.0,117.71,621.76,2.97,96.87,0.0327,9.8,9.78,14.55,30.0,0.0,25.0,battery_alternator_fail,0.79
fault_battery_alternator_fail_2,2905,1789814870.4219189,2680.9,117.8,616.86,3.02,96.68,0.0372,9.84,9.78,14.48,30.0,0.0,25.0,battery_alternator_fail,0.79
fault_battery_alternator_fail_2,2906,1789814871.4219189,2702.0,117.68,617.3,2.96,96.55,0.0374,9.97,9.78,14.16,30.0,0.0,25.0,battery_alternator_fail,0.79
fault_battery_alternator_fail_2,2907,1789814872.4219189,2727.3,117.66,616.42,2.92,96.68,0.0422,9.94,9.77,14.21,30.0,0.0,25.0,battery_alternator_fail,0.79
fault_battery_alternator_fail_2,2908,1789814873.4219189,2730.0,117.71,616.44,2.79,96.75,0.0299,9.86,9.77,14.57,30.0,0.0,25.0,battery_alternator_fail,0.79
fault_battery_alternator_fail_2,2909,1789814874.4219189,2738.2,117.9,616.94,2.79,96.87,0.0338,10.09,9.77,14.44,30.0,0.0,25.0,battery_alternator_fail,0.79
fault_battery_alternator_fail_2,2910,1789814875.4219189,2718.3,118.11,618.53,2.81,96.89,0.0341,10.09,9.77,14.64,30.0,0.0,25.0,battery_alternator_fail,0.79
fault_battery_alternator_fail_2,2911,1789814876.4219189,2739.7,118.28,615.27,2.82,96.85,0.036,10.24,9.77,14.46,30.0,0.0,25.0,battery_alternator_fail,0.79
fault_battery_alternator_fail_2,2912,1789814877.4219189,2717.4,118.65,616.86,2.86,96.95,0.0411,10.18,9.76,14.46,30.0,0.0,25.0,battery_alternator_fail,0.79
fault_battery_alternator_fail_2,2913,1789814878.4219189,2684.7,118.63,618.65,2.87,96.88,0.0376,10.14,9.76,14.44,30.0,0.0,25.0,battery_alternator_fail,0.79
fault_battery_alternator_fail_2,2914,1789814879.4219189,2708.2,118.69,615.08,2.9,96.8,0.0354,10.04,9.76,14.32,30.0,0.0,25.0,battery_alternator_fail,0.79
fault_battery_alternator_fail_2,2915,1789814880.4219189,2714.9,118.77,613.59,2.91,96.7,0.0414,10.03,9.76,14.07,30.0,0.0,25.0,battery_alternator_fail,0.79
fault_battery_alternator_fail_2,2916,1789814881.4219189,2716.8,118.74,608.42,2.94,96.87,0.0387,9.86,9.76,14.37,30.0,0.0,25.0,battery_alternator_fail,0.79
fault_battery_alternator_fail_2,2917,1789814882.4219189,2726.5,118.83,609.66,2.95,96.92,0.0365,9.84,9.75,14.8,30.0,0.0,25.0,battery_alternator_fail,0.79
fault_battery_alternator_fail_2,2918,1789814883.4219189,2740.2,118.85,610.99,2.96,96.89,0.0381,9.92,9.75,14.37,30.0,0.0,25.0,battery_alternator_fail,0.79
fault_battery_alternator_fail_2,2919,1789814884.4219189,2714.7,118.76,611.75,2.88,97.0,0.0467,9.92,9.75,14.14,30.0,0.0,25.0,battery_alternator_fail,0.79
fault_battery_alternator_fail_2,2920,1789814885.4219189,2766.8,118.58,613.44,2.83,97.12,0.0436,9.84,9.75,14.17,30.0,0.0,25.0,battery_alternator_fail,0.79
fault_battery_alternator_fail_2,2921,1789814886.4219189,2772.0,118.74,616.02,2.84,97.07,0.0476,9.77,9.75,14.19,30.0,0.0,25.0,battery_alternator_fail,0.79
fault_battery_alternator_fail_2,2922,1789814887.4219189,2749.1,118.63,617.26,2.76,97.1,0.0341,9.71,9.74,14.33,30.0,0.0,25.0,battery_alternator_fail,0.79
fault_battery_alternator_fail_2,2923,1789814888.4219189,2742.0,118.62,617.64,2.83,97.1,0.0341,9.94,9.74,14.31,30.0,0.0,25.0,battery_alternator_fail,0.79
fault_battery_alternator_fail_2,2924,1789814889.4219189,2716.2,118.72,622.65,2.79,97.1,0.0369,9.81,9.74,14.48,30.0,0.0,25.0,battery_alternator_fail,0.79
fault_battery_alternator_fail_2,2925,1789814890.4219189,2675.8,118.74,623.68,2.83,97.08,0.0314,9.9,9.74,14.33,30.0,0.0,25.0,battery_alternator_fail,0.79
fault_battery_alternator_fail_2,2926,1789814891.4219189,2664.6,118.61,618.2,2.88,97.04,0.0346,9.79,9.73,14.35,30.0,0.0,25.0,battery_alternator_fail,0.79
fault_battery_alternator_fail_2,2927,1789814892.4219189,2670.2,118.78,618.8,2.93,96.99,0.0344,9.74,9.73,14.48,30.0,0.0,25.0,battery_alternator_fail,0.79
fault_battery_alternator_fail_2,2928,1789814893.4219189,2679.5,118.62,617.67,3.0,96.94,0.0385,10.01,9.73,14.49,30.0,0.0,25.0,battery_alternator_fail,0.79
fault_battery_alternator_fail_2,2929,1789814894.4219189,2708.1,118.86,619.42,2.93,96.72,0.0476,10.04,9.73,14.35,30.0,0.0,25.0,battery_alternator_fail,0.79
fault_battery_alternator_fail_2,2930,1789814895.4219189,2734.1,118.9,619.01,2.89,96.78,0.0471,10.02,9.73,14.23,30.0,0.0,25.0,battery_alternator_fail,0.79
fault_battery_alternator_fail_2,2931,1789814896.4219189,2715.7,119.21,618.27,2.86,96.97,0.0344,9.83,9.73,14.34,30.0,0.0,25.0,battery_alternator_fail,0.79
fault_battery_alternator_fail_2,2932,1789814897.4219189,2723.6,119.0,621.2,2.83,97.18,0.0352,9.83,9.73,14.42,30.0,0.0,25.0,battery_alternator_fail,0.79
fault_battery_alternator_fail_2,2933,1789814898.4219189,2708.2,118.95,620.89,2.84,96.95,0.0371,9.95,9.73,13.92,30.0,0.0,25.0,battery_alternator_fail,0.79
fault_battery_alternator_fail_2,2934,1789814899.4219189,2722.9,119.38,616.57,2.93,96.97,0.033,9.83,9.73,13.74,30.0,0.0,25.0,battery_alternator_fail,0.79
fault_battery_alternator_fail_2,2935,1789814900.4219189,2729.3,119.25,611.25,2.94,96.93,0.0338,9.89,9.73,13.67,30.0,0.0,25.0,battery_alternator_fail,0.79
fault_battery_alternator_fail_2,2936,1789814901.4219189,2755.3,119.26,613.63,2.94,97.07,0.0238,10.06,9.73,14.69,30.0,0.0,25.0,battery_alternator_fail,0.79
fault_battery_alternator_fail_2,2937,1789814902.4219189,2761.6,119.12,614.07,2.92,97.06,0.0259,9.77,9.73,14.62,30.0,0.0,25.0,battery_alternator_fail,0.79
fault_battery_alternator_fail_2,2938,1789814903.4219189,2724.4,119.22,613.83,2.88,97.06,0.0327,9.81,9.73,14.8,30.0,0.0,25.0,battery_alternator_fail,0.79
fault_battery_alternator_fail_2,2939,1789814904.4219189,2732.4,119.22,614.63,2.88,97.03,0.0357,9.93,9.73,14.71,30.0,0.0,25.0,battery_alternator_fail,0.79
fault_battery_alternator_fail_2,2940,1789814905.4219189,2737.0,119.25,611.76,2.9,97.12,0.0425,9.93,9.73,14.44,30.0,0.0,25.0,battery_alternator_fail,0.79
fault_battery_alternator_fail_2,2941,1789814906.4219189,2708.0,119.19,612.96,2.84,97.11,0.0399,10.01,9.73,14.19,30.0,0.0,25.0,battery_alternator_fail,0.79
fault_battery_alternator_fail_2,2942,1789814907.4219189,2705.6,119.06,613.24,2.89,97.08,0.0403,10.04,9.73,14.25,30.0,0.0,25.0,battery_alternator_fail,0.79
fault_battery_alternator_fail_2,2943,1789814908.4219189,2696.2,118.68,614.04,2.92,97.13,0.0412,9.89,9.73,14.57,30.0,0.0,25.0,battery_alternator_fail,0.79
fault_battery_alternator_fail_2,2944,1789814909.4219189,2694.7,118.51,612.03,2.88,97.3,0.0454,10.08,9.73,14.25,30.0,0.0,25.0,battery_alternator_fail,0.79
fault_battery_alternator_fail_2,2945,1789814910.4219189,2709.8,118.48,611.09,2.91,97.36,0.0452,10.14,9.73,14.3,30.0,0.0,25.0,battery_alternator_fail,0.79
fault_battery_alternator_fail_2,2946,1789814911.4219189,2689.3,118.73,614.27,2.86,97.23,0.0364,9.98,9.73,14.5,30.0,0.0,25.0,battery_alternator_fail,0.79
fault_battery_alternator_fail_2,2947,1789814912.4219189,2673.8,118.68,614.11,2.87,97.25,0.0493,9.87,9.73,14.75,30.0,0.0,25.0,battery_alternator_fail,0.79
fault_battery_alternator_fail_2,2948,1789814913.4219189,2692.4,118.85,617.65,2.92,97.24,0.041,9.82,9.73,14.56,30.0,0.0,25.0,battery_alternator_fail,0.79
fault_battery_alternator_fail_2,2949,1789814914.4219189,2690.2,118.83,612.97,3.0,97.27,0.0315,9.79,9.73,14.62,30.0,0.0,25.0,battery_alternator_fail,0.79
fault_battery_alternator_fail_2,2950,1789814915.4219189,2695.7,118.57,612.04,2.99,97.36,0.0305,9.8,9.73,14.6,30.0,0.0,25.0,battery_alternator_fail,0.79
fault_battery_alternator_fail_2,2951,1789814916.4219189,2712.2,118.48,617.66,2.98,97.44,0.0261,9.78,9.73,14.58,30.0,0.0,25.0,battery_alternator_fail,0.79
fault_battery_alternator_fail_2,2952,1789814917.4219189,2704.2,118.41,621.1,2.95,97.36,0.0204,9.88,9.73,14.41,30.0,0.0,25.0,battery_alternator_fail,0.79
fault_battery_alternator_fail_2,2953,1789814918.4219189,2719.3,118.66,617.4,2.93,97.35,0.0288,10.01,9.73,14.28,30.0,0.0,25.0,battery_alternator_fail,0.79
fault_battery_alternator_fail_2,2954,1789814919.4219189,2719.4,118.85,617.11,2.84,97.55,0.0265,10.03,9.73,14.52,30.0,0.0,25.0,battery_alternator_fail,0.79
fault_battery_alternator_fail_2,2955,1789814920.4219189,2720.5,118.79,615.6,2.86,97.53,0.0315,10.06,9.73,14.46,30.0,0.0,25.0,battery_alternator_fail,0.79
fault_battery_alternator_fail_2,2956,1789814921.4219189,2700.1,118.98,615.66,2.94,97.54,0.0412,10.11,9.73,14.61,30.0,0.0,25.0,battery_alternator_fail,0.79
fault_battery_alternator_fail_2,2957,1789814922.4219189,2717.3,119.0,609.67,2.92,97.48,0.049,10.11,9.73,14.27,30.0,0.0,25.0,battery_alternator_fail,0.79
fault_battery_alternator_fail_2,2958,1789814923.4219189,2723.7,119.1,611.22,2.88,97.43,0.0407,10.12,9.73,14.59,30.0,0.0,25.0,battery_alternator_fail,0.79
fault_battery_alternator_fail_2,2959,1789814924.4219189,2713.8,119.31,609.56,2.92,97.58,0.0305,10.12,9.73,14.34,30.0,0.0,25.0,battery_alternator_fail,0.79
fault_battery_alternator_fail_2,2960,1789814925.4219189,2736.8,119.18,610.55,3.02,97.62,0.0261,10.08,9.73,13.99,30.0,0.0,25.0,battery_alternator_fail,0.79
fault_battery_alternator_fail_2,2961,1789814926.4219189,2714.3,119.28,605.56,3.0,97.58,0.0314,10.06,9.73,14.1,30.0,0.0,25.0,battery_alternator_fail,0.79
fault_battery_alternator_fail_2,2962,1789814927.4219189,2696.8,119.33,614.59,3.0,97.59,0.0348,10.17,9.73,14.12,30.0,0.0,25.0,battery_alternator_fail,0.79
fault_battery_alternator_fail_2,2963,1789814928.4219189,2677.7,119.18,614.61,2.93,97.63,0.0383,10.21,9.73,13.82,30.0,0.0,25.0,battery_alternator_fail,0.79
fault_battery_alternator_fail_2,2964,1789814929.4219189,2697.5,119.11,617.39,2.9,97.71,0.0432,10.06,9.73,14.08,30.0,0.0,25.0,battery_alternator_fail,0.79
fault_battery_alternator_fail_2,2965,1789814930.4219189,2709.3,118.99,618.01,2.94,97.61,0.0355,10.09,9.73,14.41,30.0,0.0,25.0,battery_alternator_fail,0.79
fault_battery_alternator_fail_2,2966,1789814931.4219189,2687.5,118.72,619.85,2.96,97.75,0.0417,10.19,9.73,14.07,30.0,0.0,25.0,battery_alternator_fail,0.79
fault_battery_alternator_fail_2,2967,1789814932.4219189,2690.1,118.76,614.37,3.02,97.89,0.0294,10.01,9.73,14.17,30.0,0.0,25.0,battery_alternator_fail,0.79
fault_battery_alternator_fail_2,2968,1789814933.4219189,2694.5,118.53,612.54,2.97,97.87,0.0435,10.21,9.73,14.41,30.0,0.0,25.0,battery_alternator_fail,0.79
fault_battery_alternator_fail_2,2969,1789814934.4219189,2700.1,118.66,610.41,2.93,98.01,0.0357,10.08,9.73,14.68,30.0,0.0,25.0,battery_alternator_fail,0.79
fault_battery_alternator_fail_2,2970,1789814935.4219189,2716.7,118.75,612.25,2.99,97.96,0.0391,9.95,9.73,14.55,30.0,0.0,25.0,battery_alternator_fail,0.79
fault_battery_alternator_fail_2,2971,1789814936.4219189,2720.7,118.89,613.7,2.87,97.82,0.0373,10.0,9.73,14.65,30.0,0.0,25.0,battery_alternator_fail,0.79
fault_battery_alternator_fail_2,2972,1789814937.4219189,2706.7,118.82,615.95,2.92,97.86,0.038,10.12,9.73,14.38,30.0,0.0,25.0,battery_alternator_fail,0.79
fault_battery_alternator_fail_2,2973,1789814938.4219189,2693.6,118.47,614.67,2.87,97.81,0.0411,10.0,9.73,14.61,30.0,0.0,25.0,battery_alternator_fail,0.79
fault_battery_alternator_fail_2,2974,1789814939.4219189,2705.9,118.32,616.79,2.83,97.89,0.0309,10.18,9.73,14.25,30.0,0.0,25.0,battery_alternator_fail,0.79
fault_battery_alternator_fail_2,2975,1789814940.4219189,2700.8,118.55,624.73,2.84,97.77,0.0389,10.25,9.73,14.12,30.0,0.0,25.0,battery_alternator_fail,0.79
fault_battery_alternator_fail_2,2976,1789814941.4219189,2707.7,118.5,624.53,2.78,97.76,0.0321,10.24,9.73,14.02,30.0,0.0,25.0,battery_alternator_fail,0.79
fault_battery_alternator_fail_2,2977,1789814942.4219189,2729.8,118.45,617.92,2.88,97.76,0.0377,10.1,9.73,14.67,30.0,0.0,25.0,battery_alternator_fail,0.79
fault_battery_alternator_fail_2,2978,1789814943.4219189,2730.5,118.39,625.15,2.92,97.64,0.0334,10.1,9.73,14.66,30.0,0.0,25.0,battery_alternator_fail,0.79
fault_battery_alternator_fail_2,2979,1789814944.4219189,2742.4,118.57,622.65,2.98,97.73,0.0412,9.98,9.73,15.03,30.0,0.0,25.0,battery_alternator_fail,0.79
fault_battery_alternator_fail_2,2980,1789814945.4219189,2723.6,118.54,619.78,3.04,97.79,0.0372,9.84,9.73,14.59,30.0,0.0,25.0,battery_alternator_fail,0.79
fault_battery_alternator_fail_2,2981,1789814946.4219189,2726.6,118.32,615.4,3.08,97.71,0.0428,9.74,9.73,14.5,30.0,0.0,25.0,battery_alternator_fail,0.79
fault_battery_alternator_fail_2,2982,1789814947.4219189,2756.9,118.53,615.58,3.09,97.57,0.0363,9.84,9.73,14.5,30.0,0.0,25.0,battery_alternator_fail,0.79
fault_battery_alternator_fail_2,2983,1789814948.4219189,2734.4,118.41,616.4,3.04,97.52,0.0337,9.92,9.73,14.42,30.0,0.0,25.0,battery_alternator_fail,0.79
fault_battery_alternator_fail_2,2984,1789814949.4219189,2734.0,118.23,613.67,3.07,97.56,0.0396,9.99,9.73,14.77,30.0,0.0,25.0,battery_alternator_fail,0.79
fault_battery_alternator_fail_2,2985,1789814950.4219189,2745.9,118.43,612.59,3.13,97.73,0.0402,10.06,9.73,14.63,30.0,0.0,25.0,battery_alternator_fail,0.79
fault_battery_alternator_fail_2,2986,1789814951.4219189,2742.3,118.38,615.54,3.13,97.76,0.0421,10.11,9.73,14.33,30.0,0.0,25.0,battery_alternator_fail,0.79
fault_battery_alternator_fail_2,2987,1789814952.4219189,2713.6,118.41,620.37,3.11,97.66,0.0409,10.22,9.73,14.18,30.0,0.0,25.0,battery_alternator_fail,0.79
fault_battery_alternator_fail_2,2988,1789814953.4219189,2729.2,118.5,623.13,2.99,97.88,0.0488,10.21,9.73,14.18,30.0,0.0,25.0,battery_alternator_fail,0.79
fault_battery_alternator_fail_2,2989,1789814954.4219189,2713.1,118.6,620.71,2.9,97.83,0.0418,10.17,9.73,14.65,30.0,0.0,25.0,battery_alternator_fail,0.79
fault_battery_alternator_fail_2,2990,1789814955.4219189,2730.5,118.42,616.64,2.86,97.83,0.0366,10.15,9.73,14.46,30.0,0.0,25.0,battery_alternator_fail,0.79
fault_battery_alternator_fail_2,2991,1789814956.4219189,2745.8,118.63,609.23,2.91,97.89,0.0321,10.03,9.73,14.69,30.0,0.0,25.0,battery_alternator_fail,0.79
fault_battery_alternator_fail_2,2992,1789814957.4219189,2757.3,118.88,613.87,2.93,97.89,0.0353,10.17,9.73,14.52,30.0,0.0,25.0,battery_alternator_fail,0.79
fault_battery_alternator_fail_2,2993,1789814958.4219189,2762.0,119.11,616.37,2.9,97.95,0.0391,10.36,9.73,14.36,30.0,0.0,25.0,battery_alternator_fail,0.79
fault_battery_alternator_fail_2,2994,1789814959.4219189,2751.3,118.72,618.74,2.89,97.79,0.041,10.29,9.73,14.88,30.0,0.0,25.0,battery_alternator_fail,0.79
fault_battery_alternator_fail_2,2995,1789814960.4219189,2748.1,118.58,617.63,2.99,97.73,0.043,10.25,9.73,15.05,30.0,0.0,25.0,battery_alternator_fail,0.79
fault_battery_alternator_fail_2,2996,1789814961.4219189,2724.3,118.83,612.91,3.01,97.72,0.0315,10.46,9.73,14.7,30.0,0.0,25.0,battery_alternator_fail,0.79
fault_battery_alternator_fail_2,2997,1789814962.4219189,2725.8,118.93,613.0,2.95,97.55,0.039,10.37,9.73,14.89,30.0,0.0,25.0,battery_alternator_fail,0.79
fault_battery_alternator_fail_2,2998,1789814963.4219189,2729.2,118.88,613.41,2.91,97.54,0.0293,10.29,9.73,14.88,30.0,0.0,25.0,battery_alternator_fail,0.79
fault_battery_alternator_fail_2,2999,1789814964.4219189,2725.9,118.94,616.44,2.96,97.75,0.0253,10.09,9.73,14.56,30.0,0.0,25.0,battery_alternator_fail,0.79
fault_battery_alternator_fail_2,3000,1789814965.4219189,2320.1,118.75,608.24,2.6,97.76,0.0251,8.28,9.73,12.94,10.0,0.0,25.0,battery_alternator_fail,0.79
fault_battery_alternator_fail_2,3001,1789814966.4219189,2096.1,118.63,590.22,2.41,97.62,0.0283,7.32,9.73,12.26,10.0,0.0,25.0,battery_alternator_fail,0.79
fault_battery_alternator_fail_2,3002,1789814967.4219189,1995.3,118.27,581.32,2.21,97.63,0.0275,6.67,9.73,11.92,10.0,0.0,25.0,battery_alternator_fail,0.79
fault_battery_alternator_fail_2,3003,1789814968.4219189,1899.4,117.88,571.35,2.25,97.44,0.0326,6.41,9.73,11.66,10.0,0.0,25.0,battery_alternator_fail,0.79
fault_battery_alternator_fail_2,3004,1789814969.4219189,1864.7,117.29,566.63,2.2,97.33,0.0265,6.36,9.73,11.22,10.0,0.0,25.0,battery_alternator_fail,0.79
fault_battery_alternator_fail_2,3005,1789814970.4219189,1852.2,117.17,561.3,2.14,97.27,0.0254,6.29,9.73,11.32,10.0,0.0,25.0,battery_alternator_fail,0.79
fault_battery_alternator_fail_2,3006,1789814971.4219189,1816.9,117.06,552.85,2.24,97.28,0.0372,6.37,9.73,11.62,10.0,0.0,25.0,battery_alternator_fail,0.79
fault_battery_alternator_fail_2,3007,1789814972.4219189,1831.8,116.67,545.88,2.26,97.33,0.0249,6.45,9.73,11.59,10.0,0.0,25.0,battery_alternator_fail,0.79
fault_battery_alternator_fail_2,3008,1789814973.4219189,1822.7,116.07,543.08,2.24,97.35,0.0314,6.4,9.73,11.57,10.0,0.0,25.0,battery_alternator_fail,0.79
fault_battery_alternator_fail_2,3009,1789814974.4219189,1829.6,115.81,541.15,2.21,97.22,0.0165,6.5,9.73,11.59,10.0,0.0,25.0,battery_alternator_fail,0.79
fault_battery_alternator_fail_2,3010,1789814975.4219189,1849.4,115.43,542.71,2.13,97.26,0.0207,6.37,9.73,11.57,10.0,0.0,25.0,battery_alternator_fail,0.79
fault_battery_alternator_fail_2,3011,1789814976.4219189,1844.1,115.38,540.05,2.12,97.3,0.0325,6.32,9.73,11.31,10.0,0.0,25.0,battery_alternator_fail,0.79
fault_battery_alternator_fail_2,3012,1789814977.4219189,1844.0,115.61,537.98,2.14,97.27,0.0336,6.31,9.73,11.52,10.0,0.0,25.0,battery_alternator_fail,0.79
fault_battery_alternator_fail_2,3013,1789814978.4219189,1846.9,115.46,542.73,2.2,97.13,0.0341,6.43,9.73,11.11,10.0,0.0,25.0,battery_alternator_fail,0.79
fault_battery_alternator_fail_2,3014,1789814979.4219189,1826.7,115.14,544.34,2.21,96.97,0.0299,6.41,9.73,11.32,10.0,0.0,25.0,battery_alternator_fail,0.79
fault_battery_alternator_fail_2,3015,1789814980.4219189,1827.1,115.01,545.87,2.24,96.9,0.0255,6.74,9.73,11.68,10.0,0.0,25.0,battery_alternator_fail,0.79
fault_battery_alternator_fail_2,3016,1789814981.4219189,1844.4,114.87,546.73,2.22,96.9,0.0247,6.92,9.73,12.01,10.0,0.0,25.0,battery_alternator_fail,0.79
fault_battery_alternator_fail_2,3017,1789814982.4219189,1850.8,114.98,546.94,2.23,96.69,0.0278,6.85,9.73,11.49,10.0,0.0,25.0,battery_alternator_fail,0.79
fault_battery_alternator_fail_2,3018,1789814983.4219189,1820.2,114.85,541.95,2.29,96.9,0.027,6.72,9.73,11.39,10.0,0.0,25.0,battery_alternator_fail,0.79
fault_battery_alternator_fail_2,3019,1789814984.4219189,1843.9,114.74,542.55,2.33,96.73,0.0279,6.51,9.73,11.14,10.0,0.0,25.0,battery_alternator_fail,0.79
fault_battery_alternator_fail_2,3020,1789814985.4219189,1873.1,114.43,545.76,2.33,96.49,0.029,6.55,9.73,11.62,10.0,0.0,25.0,battery_alternator_fail,0.79
fault_battery_alternator_fail_2,3021,1789814986.4219189,1859.9,114.33,544.12,2.21,96.46,0.0306,6.4,9.73,11.18,10.0,0.0,25.0,battery_alternator_fail,0.79
fault_battery_alternator_fail_2,3022,1789814987.4219189,1873.0,114.09,541.8,2.16,96.5,0.0331,6.41,9.73,11.25,10.0,0.0,25.0,battery_alternator_fail,0.79
fault_battery_alternator_fail_2,3023,1789814988.4219189,1888.4,114.08,547.34,2.2,96.51,0.0348,6.43,9.73,11.62,10.0,0.0,25.0,battery_alternator_fail,0.79
fault_battery_alternator_fail_2,3024,1789814989.4219189,1884.8,113.95,545.39,2.19,96.68,0.0343,6.5,9.73,11.48,10.0,0.0,25.0,battery_alternator_fail,0.79
fault_battery_alternator_fail_2,3025,1789814990.4219189,1865.6,113.67,549.87,2.19,96.63,0.0336,6.7,9.73,11.26,10.0,0.0,25.0,battery_alternator_fail,0.79
fault_battery_alternator_fail_2,3026,1789814991.4219189,1854.0,113.59,551.84,2.17,96.44,0.0207,6.64,9.73,11.38,10.0,0.0,25.0,battery_alternator_fail,0.79
fault_battery_alternator_fail_2,3027,1789814992.4219189,1862.9,113.36,548.52,2.21,96.33,0.0242,6.73,9.73,11.75,10.0,0.0,25.0,battery_alternator_fail,0.79
fault_battery_alternator_fail_2,3028,1789814993.4219189,1867.2,113.24,548.07,2.21,96.34,0.0256,6.64,9.73,11.58,10.0,0.0,25.0,battery_alternator_fail,0.79
fault_battery_alternator_fail_2,3029,1789814994.4219189,1898.3,112.95,547.74,2.17,96.22,0.0263,6.66,9.73,11.82,10.0,0.0,25.0,battery_alternator_fail,0.79
fault_battery_alternator_fail_2,3030,1789814995.4219189,1908.6,112.61,543.48,2.17,96.16,0.024,6.58,9.73,11.47,10.0,0.0,25.0,battery_alternator_fail,0.79
fault_battery_alternator_fail_2,3031,1789814996.4219189,1928.5,112.96,540.65,2.24,96.06,0.0245,6.56,9.73,11.13,10.0,0.0,25.0,battery_alternator_fail,0.79
fault_battery_alternator_fail_2,3032,1789814997.4219189,1908.3,112.82,539.85,2.29,95.92,0.0307,6.45,9.73,11.01,10.0,0.0,25.0,battery_alternator_fail,0.79
fault_battery_alternator_fail_2,3033,1789814998.4219189,1870.4,112.72,544.92,2.26,95.87,0.0297,6.53,9.73,11.24,10.0,0.0,25.0,battery_alternator_fail,0.79
fault_battery_alternator_fail_2,3034,1789814999.4219189,1861.7,112.51,549.46,2.28,95.94,0.0295,6.56,9.73,11.23,10.0,0.0,25.0,battery_alternator_fail,0.79
fault_battery_alternator_fail_2,3035,1789815000.4219189,1890.1,112.36,545.04,2.31,95.82,0.0278,6.44,9.73,11.33,10.0,0.0,25.0,battery_alternator_fail,0.79
fault_battery_alternator_fail_2,3036,1789815001.4219189,1863.4,112.36,545.81,2.2,95.87,0.0371,6.48,9.73,11.51,10.0,0.0,25.0,battery_alternator_fail,0.79
fault_battery_alternator_fail_2,3037,1789815002.4219189,1876.5,112.16,550.13,2.21,95.69,0.0268,6.46,9.73,11.33,10.0,0.0,25.0,battery_alternator_fail,0.79
fault_battery_alternator_fail_2,3038,1789815003.4219189,1854.1,112.27,553.57,2.21,95.85,0.0244,6.4,9.73,11.21,10.0,0.0,25.0,battery_alternator_fail,0.79
fault_battery_alternator_fail_2,3039,1789815004.4219189,1857.9,112.4,552.91,2.23,95.83,0.0273,6.46,9.73,11.18,10.0,0.0,25.0,battery_alternator_fail,0.79
fault_battery_alternator_fail_2,3040,1789815005.4219189,1868.4,112.53,550.67,2.21,95.82,0.0264,6.68,9.73,11.53,10.0,0.0,25.0,battery_alternator_fail,0.79
fault_battery_alternator_fail_2,3041,1789815006.4219189,1844.8,112.37,547.51,2.19,95.78,0.024,6.51,9.73,11.0,10.0,0.0,25.0,battery_alternator_fail,0.79
fault_battery_alternator_fail_2,3042,1789815007.4219189,1820.8,112.85,540.32,2.18,95.89,0.0283,6.49,9.73,10.88,10.0,0.0,25.0,battery_alternator_fail,0.79
fault_battery_alternator_fail_2,3043,1789815008.4219189,1819.2,112.63,544.91,2.18,95.93,0.0296,6.25,9.73,10.93,10.0,0.0,25.0,battery_alternator_fail,0.79
fault_battery_alternator_fail_2,3044,1789815009.4219189,1816.1,112.39,542.94,2.26,95.91,0.0344,6.1,9.73,11.21,10.0,0.0,25.0,battery_alternator_fail,0.79
fault_battery_alternator_fail_2,3045,1789815010.4219189,1839.0,112.26,541.03,2.14,95.95,0.0273,6.2,9.73,11.37,10.0,0.0,25.0,battery_alternator_fail,0.79
fault_battery_alternator_fail_2,3046,1789815011.4219189,1864.6,111.97,540.3,2.07,95.95,0.0267,6.1,9.73,11.47,10.0,0.0,25.0,battery_alternator_fail,0.79
fault_battery_alternator_fail_2,3047,1789815012.4219189,1843.2,111.69,539.85,2.16,96.02,0.0204,6.21,9.73,11.52,10.0,0.0,25.0,battery_alternator_fail,0.79
fault_battery_alternator_fail_2,3048,1789815013.4219189,1836.6,111.77,542.6,2.29,95.98,0.0232,6.31,9.73,11.71,10.0,0.0,25.0,battery_alternator_fail,0.79
fault_battery_alternator_fail_2,3049,1789815014.4219189,1829.3,111.79,542.9,2.25,96.04,0.0321,6.53,9.73,11.25,10.0,0.0,25.0,battery_alternator_fail,0.79
fault_battery_alternator_fail_2,3050,1789815015.4219189,1830.2,111.98,549.79,2.28,96.13,0.0263,6.46,9.73,11.25,10.0,0.0,25.0,battery_alternator_fail,0.79
fault_battery_alternator_fail_2,3051,1789815016.4219189,1832.0,112.0,548.58,2.21,96.14,0.0295,6.47,9.73,11.26,10.0,0.0,25.0,battery_alternator_fail,0.79
fault_battery_alternator_fail_2,3052,1789815017.4219189,1837.4,111.79,549.19,2.26,96.11,0.0303,6.39,9.73,11.42,10.0,0.0,25.0,battery_alternator_fail,0.79
fault_battery_alternator_fail_2,3053,1789815018.4219189,1847.3,111.71,544.05,2.33,96.07,0.0213,6.44,9.73,11.51,10.0,0.0,25.0,battery_alternator_fail,0.79
fault_battery_alternator_fail_2,3054,1789815019.4219189,1848.0,111.76,542.44,2.32,96.06,0.0241,6.44,9.73,11.2,10.0,0.0,25.0,battery_alternator_fail,0.79
fault_battery_alternator_fail_2,3055,1789815020.4219189,1859.8,111.96,537.16,2.36,95.94,0.0221,6.59,9.73,11.91,10.0,0.0,25.0,battery_alternator_fail,0.79
fault_battery_alternator_fail_2,3056,1789815021.4219189,1851.4,111.78,536.62,2.35,95.77,0.0277,6.78,9.73,11.6,10.0,0.0,25.0,battery_alternator_fail,0.79
fault_battery_alternator_fail_2,3057,1789815022.4219189,1854.4,112.07,536.66,2.37,95.7,0.0208,6.54,9.73,11.17,10.0,0.0,25.0,battery_alternator_fail,0.79
fault_battery_alternator_fail_2,3058,1789815023.4219189,1862.1,111.85,543.45,2.32,95.54,0.029,6.57,9.73,11.46,10.0,0.0,25.0,battery_alternator_fail,0.79
fault_battery_alternator_fail_2,3059,1789815024.4219189,1835.7,112.02,540.8,2.31,95.43,0.0259,6.4,9.73,11.54,10.0,0.0,25.0,battery_alternator_fail,0.79
fault_battery_alternator_fail_2,3060,1789815025.4219189,1838.7,111.62,542.37,2.22,95.56,0.0312,6.44,9.73,11.44,10.0,0.0,25.0,battery_alternator_fail,0.79
fault_battery_alternator_fail_2,3061,1789815026.4219189,1841.7,111.76,543.16,2.29,95.61,0.0262,6.33,9.73,11.61,10.0,0.0,25.0,battery_alternator_fail,0.79
fault_battery_alternator_fail_2,3062,1789815027.4219189,1858.5,112.17,538.43,2.36,95.56,0.0212,6.43,9.73,11.5,10.0,0.0,25.0,battery_alternator_fail,0.79
fault_battery_alternator_fail_2,3063,1789815028.4219189,1852.4,112.12,541.51,2.27,95.55,0.0329,6.49,9.73,11.52,10.0,0.0,25.0,battery_alternator_fail,0.79
fault_battery_alternator_fail_2,3064,1789815029.4219189,1815.7,111.94,542.28,2.23,95.49,0.0472,6.29,9.73,11.39,10.0,0.0,25.0,battery_alternator_fail,0.79
fault_battery_alternator_fail_2,3065,1789815030.4219189,1807.7,112.08,541.1,2.3,95.34,0.0492,6.3,9.73,11.57,10.0,0.0,25.0,battery_alternator_fail,0.79
fault_battery_alternator_fail_2,3066,1789815031.4219189,1823.2,111.92,545.37,2.28,95.24,0.0315,6.28,9.73,11.3,10.0,0.0,25.0,battery_alternator_fail,0.79
fault_battery_alternator_fail_2,3067,1789815032.4219189,1804.9,111.78,538.67,2.27,95.25,0.0254,6.47,9.73,11.22,10.0,0.0,25.0,battery_alternator_fail,0.79
fault_battery_alternator_fail_2,3068,1789815033.4219189,1818.3,111.77,537.42,2.39,95.24,0.0211,6.64,9.73,11.3,10.0,0.0,25.0,battery_alternator_fail,0.79
fault_battery_alternator_fail_2,3069,1789815034.4219189,1810.8,111.36,541.15,2.35,95.18,0.0291,6.5,9.73,11.02,10.0,0.0,25.0,battery_alternator_fail,0.79
fault_battery_alternator_fail_2,3070,1789815035.4219189,1840.4,111.15,539.21,2.4,95.28,0.0251,6.54,9.73,11.23,10.0,0.0,25.0,battery_alternator_fail,0.79
fault_battery_alternator_fail_2,3071,1789815036.4219189,1853.2,111.34,536.77,2.26,95.32,0.0267,6.34,9.73,11.37,10.0,0.0,25.0,battery_alternator_fail,0.79
fault_battery_alternator_fail_2,3072,1789815037.4219189,1844.1,111.33,533.8,2.23,95.32,0.0271,6.28,9.73,11.27,10.0,0.0,25.0,battery_alternator_fail,0.79
fault_battery_alternator_fail_2,3073,1789815038.4219189,1828.4,111.6,532.72,2.3,95.22,0.0192,6.37,9.73,11.37,10.0,0.0,25.0,battery_alternator_fail,0.79
fault_battery_alternator_fail_2,3074,1789815039.4219189,1821.5,111.82,535.31,2.25,95.39,0.0253,6.11,9.73,11.26,10.0,0.0,25.0,battery_alternator_fail,0.79
fault_battery_alternator_fail_2,3075,1789815040.4219189,1809.9,111.85,538.38,2.18,95.37,0.0202,6.23,9.73,11.3,10.0,0.0,25.0,battery_alternator_fail,0.79
fault_battery_alternator_fail_2,3076,1789815041.4219189,1791.0,111.81,543.67,2.24,95.16,0.0213,6.04,9.73,11.64,10.0,0.0,25.0,battery_alternator_fail,0.79
fault_battery_alternator_fail_2,3077,1789815042.4219189,1784.3,112.11,543.34,2.14,95.4,0.0226,5.89,9.73,11.17,10.0,0.0,25.0,battery_alternator_fail,0.79
fault_battery_alternator_fail_2,3078,1789815043.4219189,1782.7,111.77,542.99,2.15,95.3,0.0316,5.94,9.73,10.96,10.0,0.0,25.0,battery_alternator_fail,0.79
fault_battery_alternator_fail_2,3079,1789815044.4219189,1805.3,111.67,544.05,2.19,95.23,0.0312,6.15,9.73,11.16,10.0,0.0,25.0,battery_alternator_fail,0.79
fault_battery_alternator_fail_2,3080,1789815045.4219189,1829.8,111.52,548.43,2.23,95.48,0.0233,6.32,9.73,10.89,10.0,0.0,25.0,battery_alternator_fail,0.79
fault_battery_alternator_fail_2,3081,1789815046.4219189,1826.9,111.38,544.82,2.17,95.38,0.0278,6.35,9.73,11.61,10.0,0.0,25.0,battery_alternator_fail,0.79
fault_battery_alternator_fail_2,3082,1789815047.4219189,1805.2,111.44,543.82,2.17,95.33,0.0297,6.51,9.73,11.39,10.0,0.0,25.0,battery_alternator_fail,0.79
fault_battery_alternator_fail_2,3083,1789815048.4219189,1824.4,111.46,550.02,2.25,95.4,0.0337,6.61,9.73,11.23,10.0,0.0,25.0,battery_alternator_fail,0.79
fault_battery_alternator_fail_2,3084,1789815049.4219189,1806.0,111.45,546.82,2.2,95.2,0.0367,6.52,9.73,11.33,10.0,0.0,25.0,battery_alternator_fail,0.79
fault_battery_alternator_fail_2,3085,1789815050.4219189,1801.0,111.49,544.6,2.23,95.32,0.0422,6.55,9.73,11.34,10.0,0.0,25.0,battery_alternator_fail,0.79
fault_battery_alternator_fail_2,3086,1789815051.4219189,1800.3,111.14,549.76,2.27,95.26,0.032,6.61,9.73,11.42,10.0,0.0,25.0,battery_alternator_fail,0.79
fault_battery_alternator_fail_2,3087,1789815052.4219189,1811.2,111.0,554.13,2.22,95.12,0.0284,6.81,9.73,11.28,10.0,0.0,25.0,battery_alternator_fail,0.79
fault_battery_alternator_fail_2,3088,1789815053.4219189,1805.8,111.27,551.62,2.14,95.31,0.038,6.64,9.73,11.26,10.0,0.0,25.0,battery_alternator_fail,0.79
fault_battery_alternator_fail_2,3089,1789815054.4219189,1811.3,111.6,543.9,2.16,95.48,0.0368,6.63,9.73,11.44,10.0,0.0,25.0,battery_alternator_fail,0.79
fault_battery_alternator_fail_2,3090,1789815055.4219189,1814.9,111.72,545.31,2.1,95.42,0.0376,6.7,9.73,11.06,10.0,0.0,25.0,battery_alternator_fail,0.79
fault_battery_alternator_fail_2,3091,1789815056.4219189,1801.3,111.36,541.35,2.18,95.41,0.0354,6.61,9.73,11.28,10.0,0.0,25.0,battery_alternator_fail,0.79
fault_battery_alternator_fail_2,3092,1789815057.4219189,1801.5,111.3,548.39,2.17,95.33,0.0383,6.65,9.73,11.48,10.0,0.0,25.0,battery_alternator_fail,0.79
fault_battery_alternator_fail_2,3093,1789815058.4219189,1795.8,111.47,551.13,2.14,95.23,0.0325,6.8,9.73,11.28,10.0,0.0,25.0,battery_alternator_fail,0.79
fault_battery_alternator_fail_2,3094,1789815059.4219189,1806.2,111.54,549.57,2.17,95.18,0.0258,6.6,9.73,11.25,10.0,0.0,25.0,battery_alternator_fail,0.79
fault_battery_alternator_fail_2,3095,1789815060.4219189,1793.8,111.72,543.46,2.27,95.1,0.0332,6.5,9.73,11.29,10.0,0.0,25.0,battery_alternator_fail,0.79
fault_battery_alternator_fail_2,3096,1789815061.4219189,1776.1,111.64,541.88,2.24,95.17,0.0246,6.59,9.73,10.91,10.0,0.0,25.0,battery_alternator_fail,0.79
fault_battery_alternator_fail_2,3097,1789815062.4219189,1774.2,111.32,540.67,2.29,94.91,0.0358,6.6,9.73,11.15,10.0,0.0,25.0,battery_alternator_fail,0.79
fault_battery_alternator_fail_2,3098,1789815063.4219189,1800.3,111.38,539.63,2.28,94.85,0.0345,6.54,9.73,10.97,10.0,0.0,25.0,battery_alternator_fail,0.79
fault_battery_alternator_fail_2,3099,1789815064.4219189,1815.1,111.35,540.74,2.28,94.87,0.0261,6.5,9.73,11.36,10.0,0.0,25.0,battery_alternator_fail,0.79
fault_battery_alternator_fail_2,3100,1789815065.4219189,1823.3,111.19,539.9,2.21,94.88,0.0257,6.49,9.73,11.55,10.0,0.0,25.0,battery_alternator_fail,0.79
fault_battery_alternator_fail_2,3101,1789815066.4219189,1819.2,111.44,539.33,2.15,95.19,0.0186,6.45,9.73,11.48,10.0,0.0,25.0,battery_alternator_fail,0.79
fault_battery_alternator_fail_2,3102,1789815067.4219189,1836.7,111.46,542.21,2.19,95.26,0.0205,6.61,9.73,11.19,10.0,0.0,25.0,battery_alternator_fail,0.79
fault_battery_alternator_fail_2,3103,1789815068.4219189,1863.5,111.39,538.36,2.12,95.31,0.0142,6.69,9.73,11.53,10.0,0.0,25.0,battery_alternator_fail,0.79
fault_battery_alternator_fail_2,3104,1789815069.4219189,1839.5,111.61,538.03,2.19,95.22,0.0232,6.66,9.73,11.28,10.0,0.0,25.0,battery_alternator_fail,0.79
fault_battery_alternator_fail_2,3105,1789815070.4219189,1826.9,111.61,537.1,2.22,95.17,0.0324,6.56,9.73,11.41,10.0,0.0,25.0,battery_alternator_fail,0.79
fault_battery_alternator_fail_2,3106,1789815071.4219189,1830.6,111.62,539.49,2.28,95.17,0.0355,6.66,9.73,11.54,10.0,0.0,25.0,battery_alternator_fail,0.79
fault_battery_alternator_fail_2,3107,1789815072.4219189,1818.1,111.82,541.47,2.26,95.05,0.0237,6.7,9.73,11.08,10.0,0.0,25.0,battery_alternator_fail,0.79
fault_battery_alternator_fail_2,3108,1789815073.4219189,1851.4,111.67,538.14,2.25,95.14,0.0258,6.6,9.73,11.32,10.0,0.0,25.0,battery_alternator_fail,0.79
fault_battery_alternator_fail_2,3109,1789815074.4219189,1843.2,111.79,538.69,2.28,95.01,0.0296,6.75,9.73,11.17,10.0,0.0,25.0,battery_alternator_fail,0.79
fault_battery_alternator_fail_2,3110,1789815075.4219189,1829.0,112.16,539.05,2.29,94.89,0.0339,6.7,9.73,11.15,10.0,0.0,25.0,battery_alternator_fail,0.79
fault_battery_alternator_fail_2,3111,1789815076.4219189,1840.8,111.86,540.93,2.32,94.96,0.0221,6.56,9.73,11.34,10.0,0.0,25.0,battery_alternator_fail,0.79
fault_battery_alternator_fail_2,3112,1789815077.4219189,1824.8,111.74,533.81,2.13,95.06,0.0264,6.32,9.73,11.5,10.0,0.0,25.0,battery_alternator_fail,0.79
fault_battery_alternator_fail_2,3113,1789815078.4219189,1823.6,111.87,532.98,2.04,95.07,0.0262,6.37,9.73,11.65,10.0,0.0,25.0,battery_alternator_fail,0.79
fault_battery_alternator_fail_2,3114,1789815079.4219189,1812.1,111.67,527.7,2.05,95.11,0.0277,6.12,9.73,11.32,10.0,0.0,25.0,battery_alternator_fail,0.79
fault_battery_alternator_fail_2,3115,1789815080.4219189,1799.4,111.92,533.54,2.12,95.06,0.026,6.24,9.73,11.36,10.0,0.0,25.0,battery_alternator_fail,0.79
fault_battery_alternator_fail_2,3116,1789815081.4219189,1785.7,112.19,536.66,2.2,95.1,0.0235,6.29,9.73,11.21,10.0,0.0,25.0,battery_alternator_fail,0.79
fault_battery_alternator_fail_2,3117,1789815082.4219189,1788.8,112.19,535.83,2.27,95.06,0.0226,6.19,9.73,11.34,10.0,0.0,25.0,battery_alternator_fail,0.79
fault_battery_alternator_fail_2,3118,1789815083.4219189,1824.3,112.2,540.83,2.35,94.98,0.0255,5.93,9.73,11.38,10.0,0.0,25.0,battery_alternator_fail,0.79
fault_battery_alternator_fail_2,3119,1789815084.4219189,1811.5,111.88,535.36,2.31,95.07,0.0313,6.11,9.73,11.46,10.0,0.0,25.0,battery_alternator_fail,0.79
fault_battery_alternator_fail_2,3120,1789815085.4219189,1820.4,111.99,542.16,2.19,95.19,0.0304,6.06,9.73,11.17,10.0,0.0,25.0,battery_alternator_fail,0.79
fault_battery_alternator_fail_2,3121,1789815086.4219189,1843.0,112.2,544.73,2.23,95.1,0.0304,6.11,9.73,11.69,10.0,0.0,25.0,battery_alternator_fail,0.79
fault_battery_alternator_fail_2,3122,1789815087.4219189,1839.3,112.43,542.67,2.26,94.97,0.0295,6.07,9.73,11.61,10.0,0.0,25.0,battery_alternator_fail,0.79
fault_battery_alternator_fail_2,3123,1789815088.4219189,1837.3,112.91,543.48,2.21,95.14,0.0122,6.12,9.73,11.34,10.0,0.0,25.0,battery_alternator_fail,0.79
fault_battery_alternator_fail_2,3124,1789815089.4219189,1862.5,112.82,536.76,2.18,95.02,0.0144,6.17,9.73,11.63,10.0,0.0,25.0,battery_alternator_fail,0.79
fault_battery_alternator_fail_2,3125,1789815090.4219189,1849.7,112.85,538.49,2.28,94.89,0.018,6.28,9.73,11.22,10.0,0.0,25.0,battery_alternator_fail,0.79
fault_battery_alternator_fail_2,3126,1789815091.4219189,1845.6,112.53,536.32,2.35,94.93,0.017,6.3,9.73,11.41,10.0,0.0,25.0,battery_alternator_fail,0.79
fault_battery_alternator_fail_2,3127,1789815092.4219189,1841.6,112.6,538.55,2.32,94.93,0.0276,6.43,9.73,11.56,10.0,0.0,25.0,battery_alternator_fail,0.79
fault_battery_alternator_fail_2,3128,1789815093.4219189,1839.6,112.54,536.4,2.3,94.88,0.0255,6.29,9.73,11.47,10.0,0.0,25.0,battery_alternator_fail,0.79
fault_battery_alternator_fail_2,3129,1789815094.4219189,1828.2,112.45,540.82,2.33,94.88,0.0224,6.49,9.73,11.56,10.0,0.0,25.0,battery_alternator_fail,0.79
fault_battery_alternator_fail_2,3130,1789815095.4219189,1793.4,112.04,537.61,2.26,94.9,0.0264,6.37,9.73,11.39,10.0,0.0,25.0,battery_alternator_fail,0.79
fault_battery_alternator_fail_2,3131,1789815096.4219189,1781.1,112.05,539.1,2.31,94.87,0.0243,6.35,9.73,11.54,10.0,0.0,25.0,battery_alternator_fail,0.79
fault_battery_alternator_fail_2,3132,1789815097.4219189,1777.7,112.06,541.83,2.25,94.93,0.0214,6.29,9.73,11.67,10.0,0.0,25.0,battery_alternator_fail,0.79
fault_battery_alternator_fail_2,3133,1789815098.4219189,1783.8,111.78,537.97,2.22,94.93,0.0181,6.32,9.73,11.89,10.0,0.0,25.0,battery_alternator_fail,0.79
fault_battery_alternator_fail_2,3134,1789815099.4219189,1777.6,111.82,535.52,2.14,94.96,0.0136,6.42,9.73,11.55,10.0,0.0,25.0,battery_alternator_fail,0.79
fault_battery_alternator_fail_2,3135,1789815100.4219189,1802.0,112.0,543.88,2.23,94.95,0.0231,6.44,9.73,11.6,10.0,0.0,25.0,battery_alternator_fail,0.79
fault_battery_alternator_fail_2,3136,1789815101.4219189,1807.6,112.15,543.84,2.22,95.13,0.0195,6.49,9.73,11.42,10.0,0.0,25.0,battery_alternator_fail,0.79
fault_battery_alternator_fail_2,3137,1789815102.4219189,1810.3,112.21,542.57,2.23,95.05,0.03,6.73,9.73,11.52,10.0,0.0,25.0,battery_alternator_fail,0.79
fault_battery_alternator_fail_2,3138,1789815103.4219189,1823.5,112.31,550.07,2.25,94.95,0.0264,6.67,9.73,11.36,10.0,0.0,25.0,battery_alternator_fail,0.79
fault_battery_alternator_fail_2,3139,1789815104.4219189,1809.5,112.3,549.52,2.16,94.9,0.0314,6.74,9.73,11.18,10.0,0.0,25.0,battery_alternator_fail,0.79
fault_battery_alternator_fail_2,3140,1789815105.4219189,1823.7,112.1,542.09,2.21,94.94,0.037,6.53,9.73,11.01,10.0,0.0,25.0,battery_alternator_fail,0.79
fault_battery_alternator_fail_2,3141,1789815106.4219189,1813.1,111.98,541.68,2.22,94.94,0.0316,6.31,9.73,11.26,10.0,0.0,25.0,battery_alternator_fail,0.79
fault_battery_alternator_fail_2,3142,1789815107.4219189,1812.2,111.5,541.33,2.26,94.95,0.0359,6.2,9.73,11.01,10.0,0.0,25.0,battery_alternator_fail,0.79
fault_battery_alternator_fail_2,3143,1789815108.4219189,1824.9,111.54,538.84,2.26,94.89,0.0306,6.11,9.73,11.0,10.0,0.0,25.0,battery_alternator_fail,0.79
fault_battery_alternator_fail_2,3144,1789815109.4219189,1828.3,111.74,539.86,2.28,94.79,0.0333,6.2,9.73,10.93,10.0,0.0,25.0,battery_alternator_fail,0.79
fault_battery_alternator_fail_2,3145,1789815110.4219189,1836.5,111.45,541.34,2.22,94.65,0.0289,6.22,9.73,11.05,10.0,0.0,25.0,battery_alternator_fail,0.79
fault_battery_alternator_fail_2,3146,1789815111.4219189,1838.4,111.56,543.82,2.18,94.71,0.0215,6.17,9.73,11.26,10.0,0.0,25.0,battery_alternator_fail,0.79
fault_battery_alternator_fail_2,3147,1789815112.4219189,1837.2,111.77,544.18,2.22,94.73,0.0216,6.26,9.73,11.15,10.0,0.0,25.0,battery_alternator_fail,0.79
fault_battery_alternator_fail_2,3148,1789815113.4219189,1844.6,111.39,546.98,2.2,94.78,0.0238,6.17,9.73,11.23,10.0,0.0,25.0,battery_alternator_fail,0.79
fault_battery_alternator_fail_2,3149,1789815114.4219189,1841.3,111.28,546.36,2.24,94.84,0.0301,6.14,9.73,11.45,10.0,0.0,25.0,battery_alternator_fail,0.79
fault_battery_alternator_fail_2,3150,1789815115.4219189,1832.1,111.34,549.4,2.26,94.84,0.0315,6.19,9.73,11.39,10.0,0.0,25.0,battery_alternator_fail,0.79
fault_battery_alternator_fail_2,3151,1789815116.4219189,1858.3,111.51,547.0,2.22,94.83,0.0301,6.2,9.73,11.08,10.0,0.0,25.0,battery_alternator_fail,0.79
fault_battery_alternator_fail_2,3152,1789815117.4219189,1866.2,111.54,541.63,2.15,94.79,0.0343,6.32,9.73,11.16,10.0,0.0,25.0,battery_alternator_fail,0.79
fault_battery_alternator_fail_2,3153,1789815118.4219189,1873.6,111.55,542.36,2.17,94.62,0.0313,6.46,9.73,11.12,10.0,0.0,25.0,battery_alternator_fail,0.79
fault_battery_alternator_fail_2,3154,1789815119.4219189,1871.6,111.26,543.9,2.18,94.75,0.0318,6.39,9.73,10.94,10.0,0.0,25.0,battery_alternator_fail,0.79
fault_battery_alternator_fail_2,3155,1789815120.4219189,1864.8,111.26,549.95,2.2,94.75,0.0382,6.47,9.73,11.43,10.0,0.0,25.0,battery_alternator_fail,0.79
fault_battery_alternator_fail_2,3156,1789815121.4219189,1826.7,111.67,548.65,2.21,94.71,0.0324,6.48,9.73,11.5,10.0,0.0,25.0,battery_alternator_fail,0.79
fault_battery_alternator_fail_2,3157,1789815122.4219189,1826.4,111.61,547.2,2.26,94.78,0.0295,6.53,9.73,11.44,10.0,0.0,25.0,battery_alternator_fail,0.79
fault_battery_alternator_fail_2,3158,1789815123.4219189,1843.4,111.4,546.12,2.3,94.74,0.0225,6.46,9.73,11.17,10.0,0.0,25.0,battery_alternator_fail,0.79
fault_battery_alternator_fail_2,3159,1789815124.4219189,1835.7,111.29,547.3,2.36,94.69,0.0223,6.39,9.73,11.0,10.0,0.0,25.0,battery_alternator_fail,0.79
fault_battery_alternator_fail_2,3160,1789815125.4219189,1853.2,111.15,546.13,2.27,94.77,0.0366,6.37,9.73,11.29,10.0,0.0,25.0,battery_alternator_fail,0.79
fault_battery_alternator_fail_2,3161,1789815126.4219189,1851.0,111.11,543.37,2.26,94.87,0.0338,6.39,9.73,11.27,10.0,0.0,25.0,battery_alternator_fail,0.79
fault_battery_alternator_fail_2,3162,1789815127.4219189,1853.9,111.06,543.86,2.17,94.85,0.0341,6.6,9.73,11.3,10.0,0.0,25.0,battery_alternator_fail,0.79
fault_battery_alternator_fail_2,3163,1789815128.4219189,1828.2,110.76,547.65,2.17,94.85,0.0355,6.51,9.73,11.34,10.0,0.0,25.0,battery_alternator_fail,0.79
fault_battery_alternator_fail_2,3164,1789815129.4219189,1841.6,110.49,547.06,2.33,94.72,0.0372,6.39,9.73,11.27,10.0,0.0,25.0,battery_alternator_fail,0.79
fault_battery_alternator_fail_2,3165,1789815130.4219189,1846.7,110.34,547.45,2.36,94.71,0.0353,6.48,9.73,11.09,10.0,0.0,25.0,battery_alternator_fail,0.79
fault_battery_alternator_fail_2,3166,1789815131.4219189,1841.2,110.17,550.16,2.35,94.6,0.041,6.37,9.73,11.27,10.0,0.0,25.0,battery_alternator_fail,0.79
fault_battery_alternator_fail_2,3167,1789815132.4219189,1877.7,110.24,550.53,2.32,94.71,0.0325,6.38,9.73,11.1,10.0,0.0,25.0,battery_alternator_fail,0.79
fault_battery_alternator_fail_2,3168,1789815133.4219189,1880.2,110.57,550.73,2.37,94.69,0.0239,6.54,9.73,11.33,10.0,0.0,25.0,battery_alternator_fail,0.79
fault_battery_alternator_fail_2,3169,1789815134.4219189,1866.5,110.7,549.84,2.34,94.76,0.0207,6.39,9.73,11.23,10.0,0.0,25.0,battery_alternator_fail,0.79
fault_battery_alternator_fail_2,3170,1789815135.4219189,1878.8,110.62,553.09,2.29,94.77,0.0159,6.26,9.73,10.97,10.0,0.0,25.0,battery_alternator_fail,0.79
fault_battery_alternator_fail_2,3171,1789815136.4219189,1862.5,110.66,554.44,2.26,94.76,0.0183,6.37,9.73,11.52,10.0,0.0,25.0,battery_alternator_fail,0.79
fault_battery_alternator_fail_2,3172,1789815137.4219189,1873.5,110.64,552.86,2.21,94.66,0.0222,6.22,9.73,11.75,10.0,0.0,25.0,battery_alternator_fail,0.79
fault_battery_alternator_fail_2,3173,1789815138.4219189,1826.6,110.67,546.51,2.17,94.6,0.0201,6.32,9.73,11.69,10.0,0.0,25.0,battery_alternator_fail,0.79
fault_battery_alternator_fail_2,3174,1789815139.4219189,1849.3,110.56,550.18,2.23,94.36,0.0326,6.43,9.73,11.42,10.0,0.0,25.0,battery_alternator_fail,0.79
fault_battery_alternator_fail_2,3175,1789815140.4219189,1878.3,110.53,551.23,2.26,94.28,0.0296,6.57,9.73,11.46,10.0,0.0,25.0,battery_alternator_fail,0.79
fault_battery_alternator_fail_2,3176,1789815141.4219189,1878.8,110.49,550.78,2.34,94.23,0.0344,6.63,9.73,11.35,10.0,0.0,25.0,battery_alternator_fail,0.79
fault_battery_alternator_fail_2,3177,1789815142.4219189,1844.8,110.73,548.58,2.26,94.44,0.0273,6.63,9.73,11.37,10.0,0.0,25.0,battery_alternator_fail,0.79
fault_battery_alternator_fail_2,3178,1789815143.4219189,1849.3,110.84,543.05,2.28,94.37,0.0272,6.81,9.73,11.48,10.0,0.0,25.0,battery_alternator_fail,0.79
fault_battery_alternator_fail_2,3179,1789815144.4219189,1861.6,110.62,536.59,2.34,94.34,0.0306,6.69,9.73,11.35,10.0,0.0,25.0,battery_alternator_fail,0.79
fault_battery_alternator_fail_2,3180,1789815145.4219189,1868.6,110.79,537.92,2.37,94.44,0.0269,6.63,9.73,11.13,10.0,0.0,25.0,battery_alternator_fail,0.79
fault_battery_alternator_fail_2,3181,1789815146.4219189,1861.2,110.7,535.65,2.29,94.37,0.0269,6.65,9.73,11.19,10.0,0.0,25.0,battery_alternator_fail,0.79
fault_battery_alternator_fail_2,3182,1789815147.4219189,1843.7,110.87,535.41,2.25,94.5,0.0294,6.57,9.73,11.39,10.0,0.0,25.0,battery_alternator_fail,0.79
fault_battery_alternator_fail_2,3183,1789815148.4219189,1866.9,110.9,539.68,2.21,94.59,0.0285,6.52,9.73,11.29,10.0,0.0,25.0,battery_alternator_fail,0.79
fault_battery_alternator_fail_2,3184,1789815149.4219189,1847.9,110.93,545.8,2.14,94.71,0.029,6.47,9.73,11.29,10.0,0.0,25.0,battery_alternator_fail,0.79
fault_battery_alternator_fail_2,3185,1789815150.4219189,1841.1,110.94,543.89,2.18,94.67,0.0279,6.44,9.73,11.68,10.0,0.0,25.0,battery_alternator_fail,0.79
fault_battery_alternator_fail_2,3186,1789815151.4219189,1835.5,110.81,545.31,2.22,94.76,0.0242,6.58,9.73,11.23,10.0,0.0,25.0,battery_alternator_fail,0.79
fault_battery_alternator_fail_2,3187,1789815152.4219189,1817.3,110.9,543.04,2.24,94.68,0.0321,6.56,9.73,11.19,10.0,0.0,25.0,battery_alternator_fail,0.79
fault_battery_alternator_fail_2,3188,1789815153.4219189,1848.5,110.84,544.48,2.21,94.75,0.0313,6.68,9.73,11.13,10.0,0.0,25.0,battery_alternator_fail,0.79
fault_battery_alternator_fail_2,3189,1789815154.4219189,1851.9,110.96,541.99,2.24,94.51,0.0264,6.64,9.73,11.45,10.0,0.0,25.0,battery_alternator_fail,0.79
fault_battery_alternator_fail_2,3190,1789815155.4219189,1866.1,111.15,541.61,2.27,94.44,0.0244,6.63,9.73,11.31,10.0,0.0,25.0,battery_alternator_fail,0.79
fault_battery_alternator_fail_2,3191,1789815156.4219189,1865.5,111.32,543.25,2.24,94.52,0.0247,6.5,9.73,11.3,10.0,0.0,25.0,battery_alternator_fail,0.79
fault_battery_alternator_fail_2,3192,1789815157.4219189,1856.7,111.42,543.53,2.23,94.44,0.0259,6.39,9.73,11.24,10.0,0.0,25.0,battery_alternator_fail,0.79
fault_battery_alternator_fail_2,3193,1789815158.4219189,1840.5,111.47,545.72,2.22,94.28,0.0233,6.23,9.73,11.04,10.0,0.0,25.0,battery_alternator_fail,0.79
fault_battery_alternator_fail_2,3194,1789815159.4219189,1839.9,111.55,545.4,2.25,94.22,0.0263,6.25,9.73,10.62,10.0,0.0,25.0,battery_alternator_fail,0.79
fault_battery_alternator_fail_2,3195,1789815160.4219189,1860.8,111.41,543.29,2.23,94.16,0.0243,5.99,9.73,11.15,10.0,0.0,25.0,battery_alternator_fail,0.79
fault_battery_alternator_fail_2,3196,1789815161.4219189,1858.4,111.33,538.8,2.26,94.4,0.0265,6.08,9.73,11.4,10.0,0.0,25.0,battery_alternator_fail,0.79
fault_battery_alternator_fail_2,3197,1789815162.4219189,1836.8,111.43,539.28,2.18,94.45,0.0256,6.2,9.73,11.11,10.0,0.0,25.0,battery_alternator_fail,0.79
fault_battery_alternator_fail_2,3198,1789815163.4219189,1831.6,111.51,538.87,2.25,94.41,0.0265,6.39,9.73,11.0,10.0,0.0,25.0,battery_alternator_fail,0.79
fault_battery_alternator_fail_2,3199,1789815164.4219189,1840.2,111.61,544.38,2.23,94.37,0.0343,6.45,9.73,11.06,10.0,0.0,25.0,battery_alternator_fail,0.79
fault_battery_alternator_fail_2,3200,1789815165.4219189,1842.8,111.73,546.16,2.32,94.5,0.0312,6.4,9.73,10.99,10.0,0.0,25.0,battery_alternator_fail,0.79
fault_battery_alternator_fail_2,3201,1789815166.4219189,1856.6,111.76,548.23,2.27,94.45,0.0327,6.57,9.73,10.59,10.0,0.0,25.0,battery_alternator_fail,0.79
fault_battery_alternator_fail_2,3202,1789815167.4219189,1840.8,111.95,545.77,2.18,94.5,0.0281,6.74,9.73,11.16,10.0,0.0,25.0,battery_alternator_fail,0.79
fault_battery_alternator_fail_2,3203,1789815168.4219189,1831.4,112.03,550.02,2.26,94.52,0.022,6.72,9.73,11.32,10.0,0.0,25.0,battery_alternator_fail,0.79
fault_battery_alternator_fail_2,3204,1789815169.4219189,1834.4,111.56,545.32,2.2,94.53,0.0329,6.63,9.73,11.33,10.0,0.0,25.0,battery_alternator_fail,0.79
fault_battery_alternator_fail_2,3205,1789815170.4219189,1822.3,111.88,544.03,2.19,94.4,0.0231,6.58,9.73,11.57,10.0,0.0,25.0,battery_alternator_fail,0.79
fault_battery_alternator_fail_2,3206,1789815171.4219189,1843.5,111.71,542.34,2.19,94.45,0.026,6.52,9.73,11.31,10.0,0.0,25.0,battery_alternator_fail,0.79
fault_battery_alternator_fail_2,3207,1789815172.4219189,1845.9,111.71,547.15,2.16,94.3,0.0229,6.49,9.73,11.6,10.0,0.0,25.0,battery_alternator_fail,0.79
fault_battery_alternator_fail_2,3208,1789815173.4219189,1857.2,112.18,545.57,2.35,94.37,0.0336,6.41,9.73,11.36,10.0,0.0,25.0,battery_alternator_fail,0.79
fault_battery_alternator_fail_2,3209,1789815174.4219189,1829.7,111.89,538.99,2.24,94.43,0.0333,6.48,9.73,11.67,10.0,0.0,25.0,battery_alternator_fail,0.79
fault_battery_alternator_fail_2,3210,1789815175.4219189,1853.2,111.97,532.51,2.23,94.42,0.0306,6.39,9.73,11.62,10.0,0.0,25.0,battery_alternator_fail,0.79
fault_battery_alternator_fail_2,3211,1789815176.4219189,1819.7,112.02,539.83,2.28,94.36,0.0279,6.42,9.73,11.74,10.0,0.0,25.0,battery_alternator_fail,0.79
fault_battery_alternator_fail_2,3212,1789815177.4219189,1826.0,111.87,541.22,2.3,94.35,0.0232,6.64,9.73,11.92,10.0,0.0,25.0,battery_alternator_fail,0.79
fault_battery_alternator_fail_2,3213,1789815178.4219189,1798.7,111.99,538.06,2.29,94.14,0.0253,6.67,9.73,11.69,10.0,0.0,25.0,battery_alternator_fail,0.79
fault_battery_alternator_fail_2,3214,1789815179.4219189,1823.2,111.69,541.53,2.24,94.29,0.0179,6.58,9.73,11.68,10.0,0.0,25.0,battery_alternator_fail,0.79
fault_battery_alternator_fail_2,3215,1789815180.4219189,1837.0,111.8,544.23,2.23,94.18,0.0196,6.51,9.73,11.62,10.0,0.0,25.0,battery_alternator_fail,0.79
fault_battery_alternator_fail_2,3216,1789815181.4219189,1834.6,111.65,542.85,2.24,94.29,0.0243,6.46,9.73,11.34,10.0,0.0,25.0,battery_alternator_fail,0.79
fault_battery_alternator_fail_2,3217,1789815182.4219189,1855.4,111.42,544.12,2.25,94.27,0.0247,6.41,9.73,11.55,10.0,0.0,25.0,battery_alternator_fail,0.79
fault_battery_alternator_fail_2,3218,1789815183.4219189,1865.9,111.33,543.73,2.26,94.23,0.0273,6.4,9.73,11.66,10.0,0.0,25.0,battery_alternator_fail,0.79
fault_battery_alternator_fail_2,3219,1789815184.4219189,1878.1,111.2,541.53,2.28,94.12,0.0228,6.53,9.73,11.84,10.0,0.0,25.0,battery_alternator_fail,0.79
fault_battery_alternator_fail_2,3220,1789815185.4219189,1874.6,111.42,549.19,2.32,94.22,0.02,6.44,9.73,11.83,10.0,0.0,25.0,battery_alternator_fail,0.79
fault_battery_alternator_fail_2,3221,1789815186.4219189,1866.5,111.08,548.67,2.37,94.24,0.0198,6.36,9.73,11.32,10.0,0.0,25.0,battery_alternator_fail,0.79
fault_battery_alternator_fail_2,3222,1789815187.4219189,1866.2,111.29,546.43,2.38,94.31,0.0211,6.4,9.73,11.16,10.0,0.0,25.0,battery_alternator_fail,0.79
fault_battery_alternator_fail_2,3223,1789815188.4219189,1894.1,111.18,543.64,2.46,94.45,0.0198,6.21,9.73,11.18,10.0,0.0,25.0,battery_alternator_fail,0.79
fault_battery_alternator_fail_2,3224,1789815189.4219189,1900.0,111.07,540.59,2.44,94.3,0.0214,6.41,9.73,11.4,10.0,0.0,25.0,battery_alternator_fail,0.79
fault_battery_alternator_fail_2,3225,1789815190.4219189,1910.1,111.02,541.06,2.42,94.36,0.0211,6.44,9.73,11.83,10.0,0.0,25.0,battery_alternator_fail,0.79
fault_battery_alternator_fail_2,3226,1789815191.4219189,1854.1,110.95,542.36,2.5,94.48,0.0246,6.41,9.73,11.66,10.0,0.0,25.0,battery_alternator_fail,0.79
fault_battery_alternator_fail_2,3227,1789815192.4219189,1862.3,111.0,540.01,2.48,94.26,0.0322,6.23,9.73,11.88,10.0,0.0,25.0,battery_alternator_fail,0.79
fault_battery_alternator_fail_2,3228,1789815193.4219189,1873.5,110.81,544.72,2.38,94.2,0.0278,6.28,9.73,11.6,10.0,0.0,25.0,battery_alternator_fail,0.79
fault_battery_alternator_fail_2,3229,1789815194.4219189,1853.0,111.07,546.26,2.36,94.16,0.0257,6.39,9.73,11.66,10.0,0.0,25.0,battery_alternator_fail,0.79
fault_battery_alternator_fail_2,3230,1789815195.4219189,1819.8,110.96,545.25,2.52,93.96,0.0257,6.37,9.73,11.6,10.0,0.0,25.0,battery_alternator_fail,0.79
fault_battery_alternator_fail_2,3231,1789815196.4219189,1808.9,110.57,547.35,2.56,93.91,0.0262,6.33,9.73,11.32,10.0,0.0,25.0,battery_alternator_fail,0.79
fault_battery_alternator_fail_2,3232,1789815197.4219189,1794.7,110.27,548.37,2.4,94.04,0.0279,6.25,9.73,10.71,10.0,0.0,25.0,battery_alternator_fail,0.79
fault_battery_alternator_fail_2,3233,1789815198.4219189,1826.6,110.46,546.59,2.49,94.06,0.0171,6.3,9.73,10.8,10.0,0.0,25.0,battery_alternator_fail,0.79
fault_battery_alternator_fail_2,3234,1789815199.4219189,1811.7,110.6,547.17,2.51,94.21,0.0164,6.31,9.73,10.94,10.0,0.0,25.0,battery_alternator_fail,0.79
fault_battery_alternator_fail_2,3235,1789815200.4219189,1829.1,110.69,550.49,2.45,94.22,0.028,6.27,9.73,11.18,10.0,0.0,25.0,battery_alternator_fail,0.79
fault_battery_alternator_fail_2,3236,1789815201.4219189,1851.6,110.36,551.68,2.43,94.14,0.0294,6.36,9.73,10.99,10.0,0.0,25.0,battery_alternator_fail,0.79
fault_battery_alternator_fail_2,3237,1789815202.4219189,1845.1,110.55,553.96,2.49,94.18,0.0307,6.45,9.73,11.2,10.0,0.0,25.0,battery_alternator_fail,0.79
fault_battery_alternator_fail_2,3238,1789815203.4219189,1839.2,110.82,553.07,2.43,94.13,0.0276,6.43,9.73,10.79,10.0,0.0,25.0,battery_alternator_fail,0.79
fault_battery_alternator_fail_2,3239,1789815204.4219189,1847.7,110.95,550.04,2.47,94.24,0.0243,6.42,9.73,10.94,10.0,0.0,25.0,battery_alternator_fail,0.79
fault_battery_alternator_fail_2,3240,1789815205.4219189,1823.5,110.83,547.0,2.49,94.16,0.0239,6.48,9.73,11.12,10.0,0.0,25.0,battery_alternator_fail,0.79
fault_battery_alternator_fail_2,3241,1789815206.4219189,1806.1,110.72,547.3,2.51,94.17,0.0276,6.26,9.73,11.29,10.0,0.0,25.0,battery_alternator_fail,0.79
fault_battery_alternator_fail_2,3242,1789815207.4219189,1810.8,110.93,541.84,2.43,94.29,0.0226,6.41,9.73,11.7,10.0,0.0,25.0,battery_alternator_fail,0.79
fault_battery_alternator_fail_2,3243,1789815208.4219189,1819.6,111.03,539.43,2.48,94.31,0.0248,6.43,9.73,11.32,10.0,0.0,25.0,battery_alternator_fail,0.79
fault_battery_alternator_fail_2,3244,1789815209.4219189,1829.4,111.08,540.79,2.56,94.25,0.0164,6.44,9.73,11.6,10.0,0.0,25.0,battery_alternator_fail,0.79
fault_battery_alternator_fail_2,3245,1789815210.4219189,1809.0,111.56,544.09,2.5,94.16,0.0267,6.49,9.73,11.52,10.0,0.0,25.0,battery_alternator_fail,0.79
fault_battery_alternator_fail_2,3246,1789815211.4219189,1825.8,111.89,546.91,2.47,94.25,0.0317,6.52,9.73,11.54,10.0,0.0,25.0,battery_alternator_fail,0.79
fault_battery_alternator_fail_2,3247,1789815212.4219189,1835.3,111.58,549.33,2.48,94.13,0.0366,6.53,9.73,11.53,10.0,0.0,25.0,battery_alternator_fail,0.79
fault_battery_alternator_fail_2,3248,1789815213.4219189,1859.7,111.25,551.19,2.49,94.2,0.033,6.67,9.73,11.36,10.0,0.0,25.0,battery_alternator_fail,0.79
fault_battery_alternator_fail_2,3249,1789815214.4219189,1829.9,111.71,555.8,2.42,94.05,0.0259,6.7,9.73,11.11,10.0,0.0,25.0,battery_alternator_fail,0.79
fault_battery_alternator_fail_2,3250,1789815215.4219189,1832.6,111.55,549.7,2.37,93.99,0.0261,6.51,9.73,11.39,10.0,0.0,25.0,battery_alternator_fail,0.79
fault_battery_alternator_fail_2,3251,1789815216.4219189,1827.5,111.37,542.36,2.35,94.0,0.0185,6.36,9.73,11.53,10.0,0.0,25.0,battery_alternator_fail,0.79
fault_battery_alternator_fail_2,3252,1789815217.4219189,1843.2,111.44,539.91,2.32,94.08,0.0263,6.52,9.73,11.13,10.0,0.0,25.0,battery_alternator_fail,0.79
fault_battery_alternator_fail_2,3253,1789815218.4219189,1857.6,111.32,540.38,2.3,93.91,0.0301,6.5,9.73,11.22,10.0,0.0,25.0,battery_alternator_fail,0.79
fault_battery_alternator_fail_2,3254,1789815219.4219189,1841.6,111.69,544.45,2.39,93.78,0.0324,6.6,9.73,11.33,10.0,0.0,25.0,battery_alternator_fail,0.79
fault_battery_alternator_fail_2,3255,1789815220.4219189,1856.9,111.6,548.75,2.39,93.94,0.0296,6.52,9.73,11.39,10.0,0.0,25.0,battery_alternator_fail,0.79
fault_battery_alternator_fail_2,3256,1789815221.4219189,1817.2,111.56,549.01,2.41,93.77,0.0346,6.67,9.73,11.49,10.0,0.0,25.0,battery_alternator_fail,0.79
fault_battery_alternator_fail_2,3257,1789815222.4219189,1838.7,111.52,550.94,2.35,93.75,0.0301,6.57,9.73,11.24,10.0,0.0,25.0,battery_alternator_fail,0.79
fault_battery_alternator_fail_2,3258,1789815223.4219189,1833.7,111.4,555.36,2.33,93.65,0.0335,6.65,9.73,11.31,10.0,0.0,25.0,battery_alternator_fail,0.79
fault_battery_alternator_fail_2,3259,1789815224.4219189,1831.0,111.49,552.88,2.34,93.53,0.0296,6.66,9.73,11.53,10.0,0.0,25.0,battery_alternator_fail,0.79
fault_battery_alternator_fail_2,3260,1789815225.4219189,1836.9,111.44,555.23,2.32,93.41,0.0341,6.55,9.73,11.3,10.0,0.0,25.0,battery_alternator_fail,0.79
fault_battery_alternator_fail_2,3261,1789815226.4219189,1825.4,111.54,554.61,2.31,93.37,0.0368,6.43,9.73,11.38,10.0,0.0,25.0,battery_alternator_fail,0.79
fault_battery_alternator_fail_2,3262,1789815227.4219189,1826.8,111.99,552.33,2.28,93.3,0.0359,6.44,9.73,11.09,10.0,0.0,25.0,battery_alternator_fail,0.79
fault_battery_alternator_fail_2,3263,1789815228.4219189,1856.2,111.93,548.62,2.29,93.37,0.0365,6.52,9.73,11.18,10.0,0.0,25.0,battery_alternator_fail,0.79
fault_battery_alternator_fail_2,3264,1789815229.4219189,1829.1,111.96,542.8,2.3,93.32,0.0394,6.42,9.73,11.27,10.0,0.0,25.0,battery_alternator_fail,0.79
fault_battery_alternator_fail_2,3265,1789815230.4219189,1825.6,111.55,545.43,2.28,93.5,0.0384,6.39,9.73,11.26,10.0,0.0,25.0,battery_alternator_fail,0.79
fault_battery_alternator_fail_2,3266,1789815231.4219189,1814.7,111.68,544.56,2.31,93.65,0.0344,6.19,9.73,11.5,10.0,0.0,25.0,battery_alternator_fail,0.79
fault_battery_alternator_fail_2,3267,1789815232.4219189,1823.2,111.72,548.27,2.23,93.68,0.0355,6.08,9.73,11.06,10.0,0.0,25.0,battery_alternator_fail,0.79
fault_battery_alternator_fail_2,3268,1789815233.4219189,1813.1,111.66,548.13,2.31,93.6,0.0307,6.22,9.73,10.94,10.0,0.0,25.0,battery_alternator_fail,0.79
fault_battery_alternator_fail_2,3269,1789815234.4219189,1794.0,111.46,555.82,2.39,93.69,0.0301,6.35,9.73,11.17,10.0,0.0,25.0,battery_alternator_fail,0.79
fault_battery_alternator_fail_2,3270,1789815235.4219189,1794.7,111.29,552.6,2.39,93.67,0.0348,6.35,9.73,11.34,10.0,0.0,25.0,battery_alternator_fail,0.79
fault_battery_alternator_fail_2,3271,1789815236.4219189,1814.7,111.41,549.04,2.31,93.66,0.0373,6.44,9.73,11.33,10.0,0.0,25.0,battery_alternator_fail,0.79
fault_battery_alternator_fail_2,3272,1789815237.4219189,1813.9,111.68,543.66,2.29,93.65,0.0315,6.4,9.73,11.23,10.0,0.0,25.0,battery_alternator_fail,0.79
fault_battery_alternator_fail_2,3273,1789815238.4219189,1809.9,111.55,542.08,2.33,93.45,0.0328,6.35,9.73,11.14,10.0,0.0,25.0,battery_alternator_fail,0.79
fault_battery_alternator_fail_2,3274,1789815239.4219189,1799.3,111.29,543.98,2.31,93.47,0.0301,6.3,9.73,11.38,10.0,0.0,25.0,battery_alternator_fail,0.79
fault_battery_alternator_fail_2,3275,1789815240.4219189,1814.2,111.27,547.09,2.44,93.63,0.0304,6.39,9.73,11.6,10.0,0.0,25.0,battery_alternator_fail,0.79
fault_battery_alternator_fail_2,3276,1789815241.4219189,1798.7,111.32,542.91,2.38,93.73,0.0265,6.35,9.73,11.61,10.0,0.0,25.0,battery_alternator_fail,0.79
fault_battery_alternator_fail_2,3277,1789815242.4219189,1817.9,111.71,543.35,2.39,93.5,0.0215,6.32,9.73,11.32,10.0,0.0,25.0,battery_alternator_fail,0.79
fault_battery_alternator_fail_2,3278,1789815243.4219189,1827.6,111.86,543.65,2.27,93.51,0.0216,6.39,9.73,11.31,10.0,0.0,25.0,battery_alternator_fail,0.79
fault_battery_alternator_fail_2,3279,1789815244.4219189,1817.3,111.7,540.15,2.28,93.42,0.0222,6.4,9.73,11.18,10.0,0.0,25.0,battery_alternator_fail,0.79
fault_battery_alternator_fail_2,3280,1789815245.4219189,1841.7,111.74,537.02,2.29,93.44,0.0247,6.29,9.73,11.1,10.0,0.0,25.0,battery_alternator_fail,0.79
fault_battery_alternator_fail_2,3281,1789815246.4219189,1845.3,111.98,539.21,2.22,93.47,0.0405,6.27,9.73,11.45,10.0,0.0,25.0,battery_alternator_fail,0.79
fault_battery_alternator_fail_2,3282,1789815247.4219189,1831.6,111.94,535.77,2.18,93.35,0.0343,6.43,9.73,11.71,10.0,0.0,25.0,battery_alternator_fail,0.79
fault_battery_alternator_fail_2,3283,1789815248.4219189,1816.6,111.75,533.9,2.06,93.49,0.0292,6.44,9.73,11.49,10.0,0.0,25.0,battery_alternator_fail,0.79
fault_battery_alternator_fail_2,3284,1789815249.4219189,1818.3,111.65,533.87,2.14,93.43,0.0198,6.34,9.73,11.62,10.0,0.0,25.0,battery_alternator_fail,0.79
fault_battery_alternator_fail_2,3285,1789815250.4219189,1824.4,111.52,535.66,2.27,93.53,0.0277,6.49,9.73,11.57,10.0,0.0,25.0,battery_alternator_fail,0.79
fault_battery_alternator_fail_2,3286,1789815251.4219189,1834.5,111.34,541.16,2.23,93.54,0.0274,6.59,9.73,11.09,10.0,0.0,25.0,battery_alternator_fail,0.79
fault_battery_alternator_fail_2,3287,1789815252.4219189,1834.9,111.02,543.12,2.32,93.47,0.0265,6.5,9.73,11.31,10.0,0.0,25.0,battery_alternator_fail,0.79
fault_battery_alternator_fail_2,3288,1789815253.4219189,1834.7,111.55,542.15,2.23,93.6,0.0243,6.3,9.73,11.47,10.0,0.0,25.0,battery_alternator_fail,0.79
fault_battery_alternator_fail_2,3289,1789815254.4219189,1861.2,111.92,545.77,2.2,93.65,0.0261,6.32,9.73,11.12,10.0,0.0,25.0,battery_alternator_fail,0.79
fault_battery_alternator_fail_2,3290,1789815255.4219189,1854.1,111.66,545.16,2.22,93.56,0.0219,6.34,9.73,11.12,10.0,0.0,25.0,battery_alternator_fail,0.79
fault_battery_alternator_fail_2,3291,1789815256.4219189,1838.6,111.86,544.41,2.28,93.43,0.0257,6.28,9.73,11.51,10.0,0.0,25.0,battery_alternator_fail,0.79
fault_battery_alternator_fail_2,3292,1789815257.4219189,1863.6,111.84,546.53,2.23,93.39,0.0288,6.16,9.73,11.17,10.0,0.0,25.0,battery_alternator_fail,0.79
fault_battery_alternator_fail_2,3293,1789815258.4219189,1879.9,111.84,545.03,2.28,93.34,0.0283,6.25,9.73,10.85,10.0,0.0,25.0,battery_alternator_fail,0.79
fault_battery_alternator_fail_2,3294,1789815259.4219189,1864.2,111.8,548.53,2.34,93.29,0.0202,6.3,9.73,11.18,10.0,0.0,25.0,battery_alternator_fail,0.79
fault_battery_alternator_fail_2,3295,1789815260.4219189,1864.3,111.74,550.03,2.22,93.17,0.0352,6.38,9.73,11.13,10.0,0.0,25.0,battery_alternator_fail,0.79
fault_battery_alternator_fail_2,3296,1789815261.4219189,1879.4,111.66,553.14,2.22,93.21,0.0366,6.4,9.73,11.36,10.0,0.0,25.0,battery_alternator_fail,0.79
fault_battery_alternator_fail_2,3297,1789815262.4219189,1878.4,111.52,551.1,2.19,93.13,0.0344,6.5,9.73,11.32,10.0,0.0,25.0,battery_alternator_fail,0.79
fault_battery_alternator_fail_2,3298,1789815263.4219189,1867.1,111.69,548.08,2.21,93.06,0.0346,6.54,9.73,11.31,10.0,0.0,25.0,battery_alternator_fail,0.79
fault_battery_alternator_fail_2,3299,1789815264.4219189,1847.9,111.76,544.81,2.28,93.1,0.0307,6.61,9.73,11.19,10.0,0.0,25.0,battery_alternator_fail,0.79
fault_battery_alternator_fail_2,3300,1789815265.4219189,946.7,107.33,397.44,0.0,93.02,0.0,0.03,9.73,0.0,0.0,0.0,25.0,battery_alternator_fail,0.79
fault_battery_alternator_fail_2,3301,1789815266.4219189,487.1,103.31,292.44,0.0,92.63,0.0006,0.01,9.73,0.0,0.0,0.0,25.0,battery_alternator_fail,0.79
fault_battery_alternator_fail_2,3302,1789815267.4219189,251.9,99.48,216.89,0.0,92.26,0.0,0.0,9.73,0.01,0.0,0.0,25.0,battery_alternator_fail,0.79
fault_battery_alternator_fail_2,3303,1789815268.4219189,129.9,95.81,162.29,0.0,91.89,0.0,0.0,9.73,0.04,0.0,0.0,25.0,battery_alternator_fail,0.79
fault_battery_alternator_fail_2,3304,1789815269.4219189,67.7,92.35,123.76,0.0,91.53,0.0007,0.0,9.73,0.04,0.0,0.0,25.0,battery_alternator_fail,0.79
fault_battery_alternator_fail_2,3305,1789815270.4219189,37.4,89.06,95.81,0.0,91.16,0.0013,0.0,9.73,0.0,0.0,0.0,25.0,battery_alternator_fail,0.79
fault_battery_alternator_fail_2,3306,1789815271.4219189,21.6,85.93,75.69,0.0,90.81,0.0007,0.0,9.73,0.0,0.0,0.0,25.0,battery_alternator_fail,0.79
fault_battery_alternator_fail_2,3307,1789815272.4219189,12.0,82.91,61.93,0.0,90.45,0.0,0.01,9.73,0.0,0.0,0.0,25.0,battery_alternator_fail,0.79
fault_battery_alternator_fail_2,3308,1789815273.4219189,8.7,80.09,51.27,0.0,90.08,0.0008,0.01,9.73,0.0,0.0,0.0,25.0,battery_alternator_fail,0.79
fault_battery_alternator_fail_2,3309,1789815274.4219189,6.7,77.41,44.24,0.0,89.74,0.0,0.0,9.73,0.01,0.0,0.0,25.0,battery_alternator_fail,0.79
fault_battery_alternator_fail_2,3310,1789815275.4219189,3.5,74.88,38.71,0.0,89.37,0.0001,0.0,9.73,0.0,0.0,0.0,25.0,battery_alternator_fail,0.79
fault_battery_alternator_fail_2,3311,1789815276.4219189,2.5,72.47,34.55,0.0,89.01,0.0002,0.0,9.73,0.0,0.0,0.0,25.0,battery_alternator_fail,0.79
fault_battery_alternator_fail_2,3312,1789815277.4219189,0.0,70.18,31.46,0.0,88.65,0.0009,0.0,9.73,0.0,0.0,0.0,25.0,battery_alternator_fail,0.79
fault_battery_alternator_fail_2,3313,1789815278.4219189,0.0,67.97,30.22,0.0,88.3,0.0007,0.0,9.71,0.0,0.0,0.0,25.0,battery_alternator_fail,0.79
fault_battery_alternator_fail_2,3314,1789815279.4219189,0.0,65.86,28.53,0.0,87.96,0.0004,0.0,9.71,0.0,0.0,0.0,25.0,battery_alternator_fail,0.79
fault_battery_alternator_fail_2,3315,1789815280.4219189,0.0,63.87,27.56,0.0,87.61,0.0004,0.0,9.7,0.0,0.0,0.0,25.0,battery_alternator_fail,0.79
fault_battery_alternator_fail_2,3316,1789815281.4219189,0.0,62.0,27.14,0.0,87.27,0.0003,0.0,9.68,0.0,0.0,0.0,25.0,battery_alternator_fail,0.79
fault_battery_alternator_fail_2,3317,1789815282.4219189,0.0,60.22,26.96,0.0,86.93,0.0002,0.0,9.73,0.0,0.0,0.0,25.0,battery_alternator_fail,0.79
fault_battery_alternator_fail_2,3318,1789815283.4219189,0.0,58.51,26.32,0.0,86.59,0.0,0.0,9.72,0.0,0.0,0.0,25.0,battery_alternator_fail,0.79
fault_battery_alternator_fail_2,3319,1789815284.4219189,0.0,56.87,25.99,0.0,86.24,0.0,0.0,9.71,0.0,0.0,0.0,25.0,battery_alternator_fail,0.79
fault_battery_alternator_fail_2,3320,1789815285.4219189,1.2,55.31,25.33,0.0,85.9,0.0004,0.0,9.73,0.0,0.0,0.0,25.0,battery_alternator_fail,0.79
fault_battery_alternator_fail_2,3321,1789815286.4219189,1.0,53.84,25.19,0.0,85.55,0.0003,0.0,9.73,0.0,0.0,0.0,25.0,battery_alternator_fail,0.79
fault_battery_alternator_fail_2,3322,1789815287.4219189,0.8,52.4,25.0,0.0,85.22,0.0,0.0,9.73,0.0,0.0,0.0,25.0,battery_alternator_fail,0.79
fault_battery_alternator_fail_2,3323,1789815288.4219189,1.2,51.1,25.26,0.0,84.87,0.0,0.0,9.73,0.01,0.0,0.0,25.0,battery_alternator_fail,0.79
fault_battery_alternator_fail_2,3324,1789815289.4219189,0.4,49.83,25.25,0.0,84.55,0.0,0.0,9.73,0.01,0.0,0.0,25.0,battery_alternator_fail,0.79
fault_battery_alternator_fail_2,3325,1789815290.4219189,0.0,48.62,25.0,0.0,84.22,0.0,0.0,9.73,0.05,0.0,0.0,25.0,battery_alternator_fail,0.79
fault_battery_alternator_fail_2,3326,1789815291.4219189,0.9,47.48,25.0,0.0,83.88,0.0,0.0,9.73,0.0,0.0,0.0,25.0,battery_alternator_fail,0.79
fault_battery_alternator_fail_2,3327,1789815292.4219189,1.4,46.39,25.0,0.0,83.56,0.0,0.0,9.73,0.0,0.0,0.0,25.0,battery_alternator_fail,0.79
fault_battery_alternator_fail_2,3328,1789815293.4219189,3.2,45.32,25.0,0.0,83.26,0.0,0.0,9.73,0.0,0.0,0.0,25.0,battery_alternator_fail,0.79
fault_battery_alternator_fail_2,3329,1789815294.4219189,1.8,44.34,25.27,0.0,82.94,0.0001,0.0,9.72,0.0,0.0,0.0,25.0,battery_alternator_fail,0.79
fault_battery_alternator_fail_2,3330,1789815295.4219189,1.5,43.39,25.0,0.0,82.6,0.0006,0.0,9.66,0.01,0.0,0.0,25.0,battery_alternator_fail,0.79
fault_battery_alternator_fail_2,3331,1789815296.4219189,1.7,42.5,25.11,0.01,82.26,0.0,0.0,9.71,0.0,0.0,0.0,25.0,battery_alternator_fail,0.79
fault_battery_alternator_fail_2,3332,1789815297.4219189,2.3,41.67,25.5,0.01,81.93,0.0005,0.0,9.63,0.01,0.0,0.0,25.0,battery_alternator_fail,0.79
fault_battery_alternator_fail_2,3333,1789815298.4219189,2.3,40.84,25.51,0.01,81.61,0.0001,0.0,9.66,0.02,0.0,0.0,25.0,battery_alternator_fail,0.79
fault_battery_alternator_fail_2,3334,1789815299.4219189,2.4,40.05,25.91,0.01,81.31,0.0002,0.0,9.63,0.0,0.0,0.0,25.0,battery_alternator_fail,0.79
fault_battery_alternator_fail_2,3335,1789815300.4219189,1.9,39.33,25.38,0.0,80.99,0.0,0.0,9.66,0.0,0.0,0.0,25.0,battery_alternator_fail,0.79
fault_battery_alternator_fail_2,3336,1789815301.4219189,4.0,38.6,25.12,0.0,80.68,0.0,0.0,9.71,0.0,0.0,0.0,25.0,battery_alternator_fail,0.79
fault_battery_alternator_fail_2,3337,1789815302.4219189,3.6,37.94,25.0,0.0,80.36,0.0,0.0,9.73,0.0,0.0,0.0,25.0,battery_alternator_fail,0.79
fault_battery_alternator_fail_2,3338,1789815303.4219189,0.5,37.33,25.22,0.0,80.04,0.0003,0.0,9.73,0.0,0.0,0.0,25.0,battery_alternator_fail,0.79
fault_battery_alternator_fail_2,3339,1789815304.4219189,3.0,36.71,25.23,0.0,79.73,0.0001,0.0,9.73,0.0,0.0,0.0,25.0,battery_alternator_fail,0.79
fault_battery_alternator_fail_2,3340,1789815305.4219189,1.3,36.12,25.48,0.0,79.43,0.0,0.0,9.73,0.01,0.0,0.0,25.0,battery_alternator_fail,0.79
fault_battery_alternator_fail_2,3341,1789815306.4219189,1.4,35.6,25.86,0.0,79.13,0.0,0.01,9.73,0.02,0.0,0.0,25.0,battery_alternator_fail,0.79
fault_battery_alternator_fail_2,3342,1789815307.4219189,0.0,35.05,25.74,0.01,78.83,0.0002,0.0,9.73,0.03,0.0,0.0,25.0,battery_alternator_fail,0.79
fault_battery_alternator_fail_2,3343,1789815308.4219189,0.7,34.57,25.53,0.0,78.53,0.0,0.0,9.72,0.0,0.0,0.0,25.0,battery_alternator_fail,0.79
fault_battery_alternator_fail_2,3344,1789815309.4219189,2.2,34.09,25.3,0.0,78.24,0.0,0.0,9.71,0.0,0.0,0.0,25.0,battery_alternator_fail,0.79
fault_battery_alternator_fail_2,3345,1789815310.4219189,1.4,33.66,25.0,0.0,77.97,0.0,0.01,9.73,0.0,0.0,0.0,25.0,battery_alternator_fail,0.79
fault_battery_alternator_fail_2,3346,1789815311.4219189,3.2,33.24,25.07,0.01,77.67,0.0,0.01,9.73,0.0,0.0,0.0,25.0,battery_alternator_fail,0.79
fault_battery_alternator_fail_2,3347,1789815312.4219189,0.3,32.87,25.01,0.0,77.38,0.0,0.0,9.73,0.0,0.0,0.0,25.0,battery_alternator_fail,0.79
fault_battery_alternator_fail_2,3348,1789815313.4219189,0.0,32.5,25.0,0.0,77.09,0.0005,0.0,9.73,0.0,0.0,0.0,25.0,battery_alternator_fail,0.79
fault_battery_alternator_fail_2,3349,1789815314.4219189,0.7,32.18,25.0,0.0,76.8,0.0,0.0,9.73,0.0,0.0,0.0,25.0,battery_alternator_fail,0.79
fault_battery_alternator_fail_2,3350,1789815315.4219189,0.6,31.86,25.15,0.0,76.51,0.0,0.0,9.71,0.03,0.0,0.0,25.0,battery_alternator_fail,0.79
fault_battery_alternator_fail_2,3351,1789815316.4219189,0.0,31.5,25.15,0.0,76.21,0.0,0.0,9.72,0.01,0.0,0.0,25.0,battery_alternator_fail,0.79
fault_battery_alternator_fail_2,3352,1789815317.4219189,0.0,31.16,25.0,0.0,75.93,0.0002,0.01,9.73,0.0,0.0,0.0,25.0,battery_alternator_fail,0.79
fault_battery_alternator_fail_2,3353,1789815318.4219189,0.0,30.84,25.2,0.01,75.65,0.0,0.01,9.73,0.04,0.0,0.0,25.0,battery_alternator_fail,0.79
fault_battery_alternator_fail_2,3354,1789815319.4219189,0.0,30.53,25.46,0.01,75.37,0.0,0.0,9.73,0.04,0.0,0.0,25.0,battery_alternator_fail,0.79
fault_battery_alternator_fail_2,3355,1789815320.4219189,0.0,30.25,25.0,0.01,75.09,0.0,0.0,9.73,0.01,0.0,0.0,25.0,battery_alternator_fail,0.79
fault_battery_alternator_fail_2,3356,1789815321.4219189,0.0,30.01,25.0,0.01,74.8,0.0,0.0,9.73,0.03,0.0,0.0,25.0,battery_alternator_fail,0.79
fault_battery_alternator_fail_2,3357,1789815322.4219189,0.0,29.76,25.04,0.01,74.52,0.0,0.02,9.73,0.0,0.0,0.0,25.0,battery_alternator_fail,0.79
fault_battery_alternator_fail_2,3358,1789815323.4219189,0.0,29.52,25.25,0.0,74.24,0.0,0.01,9.73,0.02,0.0,0.0,25.0,battery_alternator_fail,0.79
fault_battery_alternator_fail_2,3359,1789815324.4219189,0.0,29.28,25.74,0.01,73.96,0.0,0.01,9.73,0.0,0.0,0.0,25.0,battery_alternator_fail,0.79
fault_battery_alternator_fail_2,3360,1789815325.4219189,0.0,29.06,25.2,0.0,73.69,0.0001,0.02,9.73,0.0,0.0,0.0,25.0,battery_alternator_fail,0.79
fault_battery_alternator_fail_2,3361,1789815326.4219189,0.0,28.87,25.0,0.0,73.43,0.0,0.02,9.73,0.0,0.0,0.0,25.0,battery_alternator_fail,0.79
fault_battery_alternator_fail_2,3362,1789815327.4219189,0.0,28.69,25.0,0.0,73.17,0.0002,0.03,9.73,0.0,0.0,0.0,25.0,battery_alternator_fail,0.79
fault_battery_alternator_fail_2,3363,1789815328.4219189,0.0,28.55,25.0,0.0,72.89,0.0,0.02,9.73,0.03,0.0,0.0,25.0,battery_alternator_fail,0.79
fault_battery_alternator_fail_2,3364,1789815329.4219189,0.0,28.39,25.16,0.0,72.63,0.0002,0.0,9.73,0.02,0.0,0.0,25.0,battery_alternator_fail,0.79
fault_battery_alternator_fail_2,3365,1789815330.4219189,0.0,28.23,25.0,0.0,72.38,0.0006,0.0,9.73,0.01,0.0,0.0,25.0,battery_alternator_fail,0.79
fault_battery_alternator_fail_2,3366,1789815331.4219189,0.0,28.09,25.0,0.0,72.12,0.0,0.0,9.73,0.02,0.0,0.0,25.0,battery_alternator_fail,0.79
fault_battery_alternator_fail_2,3367,1789815332.4219189,0.0,27.93,25.0,0.0,71.87,0.0,0.0,9.73,0.04,0.0,0.0,25.0,battery_alternator_fail,0.79
fault_battery_alternator_fail_2,3368,1789815333.4219189,0.0,27.81,25.0,0.0,71.63,0.0,0.0,9.73,0.01,0.0,0.0,25.0,battery_alternator_fail,0.79
fault_battery_alternator_fail_2,3369,1789815334.4219189,0.0,27.7,25.0,0.0,71.37,0.0,0.0,9.73,0.01,0.0,0.0,25.0,battery_alternator_fail,0.79
fault_battery_alternator_fail_2,3370,1789815335.4219189,0.0,27.53,25.0,0.0,71.12,0.0,0.0,9.73,0.03,0.0,0.0,25.0,battery_alternator_fail,0.79
fault_battery_alternator_fail_2,3371,1789815336.4219189,0.0,27.41,25.0,0.0,70.86,0.0,0.0,9.73,0.04,0.0,0.0,25.0,battery_alternator_fail,0.79
fault_battery_alternator_fail_2,3372,1789815337.4219189,0.0,27.31,25.31,0.0,70.59,0.0,0.0,9.67,0.0,0.0,0.0,25.0,battery_alternator_fail,0.79
fault_battery_alternator_fail_2,3373,1789815338.4219189,0.0,27.2,25.29,0.0,70.34,0.0002,0.0,9.71,0.03,0.0,0.0,25.0,battery_alternator_fail,0.79
fault_battery_alternator_fail_2,3374,1789815339.4219189,1.0,27.09,25.18,0.0,70.09,0.0,0.0,9.73,0.0,0.0,0.0,25.0,battery_alternator_fail,0.79
fault_battery_alternator_fail_2,3375,1789815340.4219189,0.0,27.02,25.13,0.01,69.85,0.0,0.0,9.73,0.02,0.0,0.0,25.0,battery_alternator_fail,0.79
fault_battery_alternator_fail_2,3376,1789815341.4219189,0.0,26.93,25.08,0.0,69.61,0.0,0.0,9.73,0.02,0.0,0.0,25.0,battery_alternator_fail,0.79
fault_battery_alternator_fail_2,3377,1789815342.4219189,0.0,26.84,25.0,0.0,69.36,0.0,0.0,9.73,0.01,0.0,0.0,25.0,battery_alternator_fail,0.79
fault_battery_alternator_fail_2,3378,1789815343.4219189,0.0,26.72,25.22,0.0,69.11,0.0,0.0,9.71,0.0,0.0,0.0,25.0,battery_alternator_fail,0.79
fault_battery_alternator_fail_2,3379,1789815344.4219189,0.0,26.64,25.56,0.01,68.88,0.0,0.0,9.72,0.0,0.0,0.0,25.0,battery_alternator_fail,0.79
fault_battery_alternator_fail_2,3380,1789815345.4219189,0.0,26.59,25.46,0.01,68.63,0.0006,0.0,9.73,0.05,0.0,0.0,25.0,battery_alternator_fail,0.79
fault_battery_alternator_fail_2,3381,1789815346.4219189,2.3,26.49,25.64,0.01,68.39,0.0,0.0,9.72,0.03,0.0,0.0,25.0,battery_alternator_fail,0.79
fault_battery_alternator_fail_2,3382,1789815347.4219189,4.0,26.4,25.44,0.0,68.14,0.0001,0.0,9.68,0.02,0.0,0.0,25.0,battery_alternator_fail,0.79
fault_battery_alternator_fail_2,3383,1789815348.4219189,2.4,26.33,25.0,0.0,67.9,0.0,0.01,9.71,0.0,0.0,0.0,25.0,battery_alternator_fail,0.79
fault_battery_alternator_fail_2,3384,1789815349.4219189,1.0,26.23,25.33,0.0,67.66,0.0003,0.0,9.71,0.01,0.0,0.0,25.0,battery_alternator_fail,0.79
fault_battery_alternator_fail_2,3385,1789815350.4219189,1.3,26.2,25.0,0.0,67.44,0.0003,0.01,9.67,0.05,0.0,0.0,25.0,battery_alternator_fail,0.79
fault_battery_alternator_fail_2,3386,1789815351.4219189,0.9,26.12,25.0,0.0,67.2,0.0003,0.01,9.63,0.01,0.0,0.0,25.0,battery_alternator_fail,0.79
fault_battery_alternator_fail_2,3387,1789815352.4219189,0.0,26.06,25.0,0.0,66.96,0.0,0.01,9.65,0.01,0.0,0.0,25.0,battery_alternator_fail,0.79
fault_battery_alternator_fail_2,3388,1789815353.4219189,1.2,26.01,25.78,0.01,66.75,0.0,0.01,9.66,0.01,0.0,0.0,25.0,battery_alternator_fail,0.79
fault_battery_alternator_fail_2,3389,1789815354.4219189,2.3,25.97,25.39,0.01,66.51,0.0,0.01,9.65,0.0,0.0,0.0,25.0,battery_alternator_fail,0.79
fault_battery_alternator_fail_2,3390,1789815355.4219189,2.1,25.92,25.21,0.02,66.27,0.0,0.01,9.67,0.0,0.0,0.0,25.0,battery_alternator_fail,0.79
fault_battery_alternator_fail_2,3391,1789815356.4219189,2.8,25.88,25.18,0.01,66.06,0.0,0.0,9.64,0.0,0.0,0.0,25.0,battery_alternator_fail,0.79
fault_battery_alternator_fail_2,3392,1789815357.4219189,3.8,25.86,25.02,0.01,65.84,0.0,0.0,9.64,0.0,0.0,0.0,25.0,battery_alternator_fail,0.79
fault_battery_alternator_fail_2,3393,1789815358.4219189,1.7,25.82,25.2,0.0,65.6,0.0,0.01,9.6,0.0,0.0,0.0,25.0,battery_alternator_fail,0.79
fault_battery_alternator_fail_2,3394,1789815359.4219189,1.9,25.77,25.25,0.0,65.37,0.0,0.01,9.6,0.0,0.0,0.0,25.0,battery_alternator_fail,0.79
fault_battery_alternator_fail_2,3395,1789815360.4219189,0.8,25.75,25.0,0.0,65.17,0.0,0.02,9.57,0.0,0.0,0.0,25.0,battery_alternator_fail,0.79
fault_battery_alternator_fail_2,3396,1789815361.4219189,0.0,25.7,25.0,0.0,64.94,0.0,0.01,9.55,0.0,0.0,0.0,25.0,battery_alternator_fail,0.79
fault_battery_alternator_fail_2,3397,1789815362.4219189,0.0,25.66,25.29,0.0,64.73,0.0,0.03,9.58,0.0,0.0,0.0,25.0,battery_alternator_fail,0.79
fault_battery_alternator_fail_2,3398,1789815363.4219189,0.0,25.67,25.0,0.0,64.52,0.0,0.02,9.64,0.02,0.0,0.0,25.0,battery_alternator_fail,0.79
fault_battery_alternator_fail_2,3399,1789815364.4219189,0.0,25.63,25.0,0.0,64.3,0.0,0.02,9.68,0.02,0.0,0.0,25.0,battery_alternator_fail,0.79
fault_battery_alternator_fail_2,3400,1789815365.4219189,0.0,25.63,25.0,0.0,64.1,0.0,0.01,9.6,0.0,0.0,0.0,25.0,battery_alternator_fail,0.79
fault_battery_alternator_fail_2,3401,1789815366.4219189,0.0,25.6,25.0,0.0,63.88,0.0002,0.01,9.72,0.01,0.0,0.0,25.0,battery_alternator_fail,0.79
fault_battery_alternator_fail_2,3402,1789815367.4219189,0.0,25.58,25.64,0.0,63.66,0.0,0.0,9.73,0.03,0.0,0.0,25.0,battery_alternator_fail,0.79
fault_battery_alternator_fail_2,3403,1789815368.4219189,0.0,25.54,25.65,0.0,63.46,0.0,0.01,9.73,0.05,0.0,0.0,25.0,battery_alternator_fail,0.79
fault_battery_alternator_fail_2,3404,1789815369.4219189,0.0,25.5,25.67,0.0,63.24,0.0002,0.0,9.7,0.02,0.0,0.0,25.0,battery_alternator_fail,0.79
fault_battery_alternator_fail_2,3405,1789815370.4219189,0.0,25.46,25.62,0.0,63.03,0.0,0.0,9.6,0.01,0.0,0.0,25.0,battery_alternator_fail,0.79
fault_battery_alternator_fail_2,3406,1789815371.4219189,0.0,25.45,25.24,0.0,62.83,0.0,0.0,9.62,0.0,0.0,0.0,25.0,battery_alternator_fail,0.79
fault_battery_alternator_fail_2,3407,1789815372.4219189,0.0,25.45,25.83,0.0,62.61,0.0,0.0,9.63,0.0,0.0,0.0,25.0,battery_alternator_fail,0.79
fault_battery_alternator_fail_2,3408,1789815373.4219189,0.0,25.45,25.95,0.01,62.41,0.0,0.0,9.6,0.0,0.0,0.0,25.0,battery_alternator_fail,0.79
fault_battery_alternator_fail_2,3409,1789815374.4219189,0.8,25.39,25.65,0.0,62.21,0.0003,0.0,9.63,0.0,0.0,0.0,25.0,battery_alternator_fail,0.79
fault_battery_alternator_fail_2,3410,1789815375.4219189,2.4,25.35,25.72,0.0,61.98,0.0005,0.0,9.62,0.0,0.0,0.0,25.0,battery_alternator_fail,0.79
fault_battery_alternator_fail_2,3411,1789815376.4219189,0.0,25.32,25.95,0.0,61.78,0.0003,0.0,9.65,0.03,0.0,0.0,25.0,battery_alternator_fail,0.79
fault_battery_alternator_fail_2,3412,1789815377.4219189,0.0,25.3,25.53,0.0,61.57,0.0002,0.0,9.67,0.0,0.0,0.0,25.0,battery_alternator_fail,0.79
fault_battery_alternator_fail_2,3413,1789815378.4219189,0.0,25.3,25.16,0.0,61.36,0.0006,0.0,9.71,0.0,0.0,0.0,25.0,battery_alternator_fail,0.79
fault_battery_alternator_fail_2,3414,1789815379.4219189,0.0,25.27,25.9,0.0,61.17,0.0,0.0,9.71,0.0,0.0,0.0,25.0,battery_alternator_fail,0.79
fault_battery_alternator_fail_2,3415,1789815380.4219189,0.0,25.27,25.3,0.01,60.96,0.0,0.01,9.66,0.0,0.0,0.0,25.0,battery_alternator_fail,0.79
fault_battery_alternator_fail_2,3416,1789815381.4219189,0.0,25.24,25.38,0.0,60.76,0.0,0.01,9.68,0.0,0.0,0.0,25.0,battery_alternator_fail,0.79
fault_battery_alternator_fail_2,3417,1789815382.4219189,1.3,25.22,26.06,0.0,60.56,0.0,0.01,9.71,0.0,0.0,0.0,25.0,battery_alternator_fail,0.79
fault_battery_alternator_fail_2,3418,1789815383.4219189,0.6,25.24,26.11,0.01,60.38,0.0,0.0,9.73,0.0,0.0,0.0,25.0,battery_alternator_fail,0.79
fault_battery_alternator_fail_2,3419,1789815384.4219189,2.1,25.24,25.93,0.01,60.18,0.0,0.02,9.73,0.02,0.0,0.0,25.0,battery_alternator_fail,0.79
fault_battery_alternator_fail_2,3420,1789815385.4219189,2.2,25.22,25.39,0.0,59.99,0.0,0.02,9.72,0.04,0.0,0.0,25.0,battery_alternator_fail,0.79
fault_battery_alternator_fail_2,3421,1789815386.4219189,0.8,25.19,25.0,0.0,59.78,0.0,0.03,9.68,0.0,0.0,0.0,25.0,battery_alternator_fail,0.79
fault_battery_alternator_fail_2,3422,1789815387.4219189,0.3,25.19,25.0,0.0,59.6,0.0,0.03,9.62,0.01,0.0,0.0,25.0,battery_alternator_fail,0.79
fault_battery_alternator_fail_2,3423,1789815388.4219189,0.0,25.2,25.0,0.0,59.4,0.0,0.03,9.5,0.0,0.0,0.0,25.0,battery_alternator_fail,0.79
fault_battery_alternator_fail_2,3424,1789815389.4219189,0.0,25.19,25.12,0.0,59.21,0.0,0.01,9.54,0.0,0.0,0.0,25.0,battery_alternator_fail,0.79
fault_battery_alternator_fail_2,3425,1789815390.4219189,3.1,25.21,25.1,0.0,59.03,0.0004,0.0,9.55,0.0,0.0,0.0,25.0,battery_alternator_fail,0.79
fault_battery_alternator_fail_2,3426,1789815391.4219189,0.8,25.18,25.0,0.0,58.84,0.0005,0.0,9.6,0.0,0.0,0.0,25.0,battery_alternator_fail,0.79
fault_battery_alternator_fail_2,3427,1789815392.4219189,2.9,25.15,25.02,0.0,58.62,0.0009,0.0,9.6,0.0,0.0,0.0,25.0,battery_alternator_fail,0.79
fault_battery_alternator_fail_2,3428,1789815393.4219189,5.0,25.17,25.19,0.0,58.44,0.0004,0.0,9.58,0.0,0.0,0.0,25.0,battery_alternator_fail,0.79
fault_battery_alternator_fail_2,3429,1789815394.4219189,2.9,25.14,25.0,0.0,58.23,0.0,0.0,9.66,0.03,0.0,0.0,25.0,battery_alternator_fail,0.79
fault_battery_alternator_fail_2,3430,1789815395.4219189,3.9,25.11,25.01,0.0,58.06,0.0,0.0,9.73,0.01,0.0,0.0,25.0,battery_alternator_fail,0.79
fault_battery_alternator_fail_2,3431,1789815396.4219189,3.8,25.08,25.0,0.0,57.88,0.0003,0.0,9.73,0.0,0.0,0.0,25.0,battery_alternator_fail,0.79
fault_battery_alternator_fail_2,3432,1789815397.4219189,3.5,25.08,25.0,0.0,57.7,0.0,0.0,9.73,0.0,0.0,0.0,25.0,battery_alternator_fail,0.79
fault_battery_alternator_fail_2,3433,1789815398.4219189,2.5,25.1,25.54,0.0,57.51,0.0,0.0,9.73,0.0,0.0,0.0,25.0,battery_alternator_fail,0.79
fault_battery_alternator_fail_2,3434,1789815399.4219189,0.8,25.09,25.44,0.0,57.35,0.0003,0.0,9.73,0.01,0.0,0.0,25.0,battery_alternator_fail,0.79
fault_battery_alternator_fail_2,3435,1789815400.4219189,0.0,25.08,25.26,0.0,57.18,0.0,0.0,9.73,0.02,0.0,0.0,25.0,battery_alternator_fail,0.79
fault_battery_alternator_fail_2,3436,1789815401.4219189,0.2,25.06,25.0,0.0,56.98,0.0005,0.0,9.73,0.0,0.0,0.0,25.0,battery_alternator_fail,0.79
fault_battery_alternator_fail_2,3437,1789815402.4219189,0.9,25.07,25.0,0.0,56.8,0.0007,0.0,9.73,0.0,0.0,0.0,25.0,battery_alternator_fail,0.79
fault_battery_alternator_fail_2,3438,1789815403.4219189,0.0,25.05,25.27,0.0,56.6,0.0004,0.0,9.65,0.0,0.0,0.0,25.0,battery_alternator_fail,0.79
fault_battery_alternator_fail_2,3439,1789815404.4219189,0.6,25.04,25.43,0.0,56.43,0.0007,0.0,9.68,0.0,0.0,0.0,25.0,battery_alternator_fail,0.79
fault_battery_alternator_fail_2,3440,1789815405.4219189,3.4,25.01,25.13,0.0,56.26,0.0002,0.0,9.65,0.0,0.0,0.0,25.0,battery_alternator_fail,0.79
fault_battery_alternator_fail_2,3441,1789815406.4219189,0.5,25.04,25.27,0.01,56.09,0.0,0.0,9.71,0.0,0.0,0.0,25.0,battery_alternator_fail,0.79
fault_battery_alternator_fail_2,3442,1789815407.4219189,0.0,25.06,25.0,0.01,55.92,0.0,0.0,9.71,0.0,0.0,0.0,25.0,battery_alternator_fail,0.79
fault_battery_alternator_fail_2,3443,1789815408.4219189,0.0,25.07,25.0,0.01,55.74,0.0004,0.0,9.73,0.0,0.0,0.0,25.0,battery_alternator_fail,0.79
fault_battery_alternator_fail_2,3444,1789815409.4219189,0.0,25.05,25.0,0.0,55.58,0.0006,0.0,9.73,0.0,0.0,0.0,25.0,battery_alternator_fail,0.79
fault_battery_alternator_fail_2,3445,1789815410.4219189,0.0,25.05,25.12,0.0,55.4,0.0003,0.0,9.73,0.0,0.0,0.0,25.0,battery_alternator_fail,0.79
fault_battery_alternator_fail_2,3446,1789815411.4219189,0.0,25.06,25.07,0.0,55.22,0.0,0.0,9.73,0.0,0.0,0.0,25.0,battery_alternator_fail,0.79
fault_battery_alternator_fail_2,3447,1789815412.4219189,0.0,25.09,25.67,0.0,55.03,0.0,0.0,9.73,0.0,0.0,0.0,25.0,battery_alternator_fail,0.79
fault_battery_alternator_fail_2,3448,1789815413.4219189,0.4,25.07,25.26,0.0,54.87,0.0,0.0,9.73,0.02,0.0,0.0,25.0,battery_alternator_fail,0.79
fault_battery_alternator_fail_2,3449,1789815414.4219189,0.0,25.07,25.24,0.0,54.7,0.0,0.0,9.73,0.01,0.0,0.0,25.0,battery_alternator_fail,0.79
fault_battery_alternator_fail_2,3450,1789815415.4219189,0.2,25.05,25.0,0.0,54.54,0.0,0.0,9.73,0.03,0.0,0.0,25.0,battery_alternator_fail,0.79
fault_battery_alternator_fail_2,3451,1789815416.4219189,0.0,25.04,25.0,0.0,54.37,0.0002,0.0,9.73,0.0,0.0,0.0,25.0,battery_alternator_fail,0.79
fault_battery_alternator_fail_2,3452,1789815417.4219189,0.0,25.08,25.03,0.0,54.2,0.0011,0.0,9.71,0.0,0.0,0.0,25.0,battery_alternator_fail,0.79
fault_battery_alternator_fail_2,3453,1789815418.4219189,0.0,25.07,25.54,0.0,54.05,0.0007,0.0,9.64,0.0,0.0,0.0,25.0,battery_alternator_fail,0.79
fault_battery_alternator_fail_2,3454,1789815419.4219189,0.0,25.05,25.78,0.0,53.89,0.0006,0.0,9.7,0.0,0.0,0.0,25.0,battery_alternator_fail,0.79
fault_battery_alternator_fail_2,3455,1789815420.4219189,0.0,25.07,25.63,0.0,53.73,0.0007,0.0,9.64,0.0,0.0,0.0,25.0,battery_alternator_fail,0.79
fault_battery_alternator_fail_2,3456,1789815421.4219189,0.0,25.04,25.71,0.0,53.56,0.001,0.0,9.64,0.01,0.0,0.0,25.0,battery_alternator_fail,0.79
fault_battery_alternator_fail_2,3457,1789815422.4219189,0.5,25.05,25.5,0.0,53.4,0.0011,0.0,9.63,0.0,0.0,0.0,25.0,battery_alternator_fail,0.79
fault_battery_alternator_fail_2,3458,1789815423.4219189,1.7,25.02,25.19,0.0,53.24,0.001,0.0,9.67,0.02,0.0,0.0,25.0,battery_alternator_fail,0.79
fault_battery_alternator_fail_2,3459,1789815424.4219189,1.8,25.0,25.0,0.0,53.08,0.001,0.0,9.65,0.0,0.0,0.0,25.0,battery_alternator_fail,0.79
fault_battery_alternator_fail_2,3460,1789815425.4219189,3.6,25.0,25.0,0.0,52.92,0.0002,0.0,9.71,0.0,0.0,0.0,25.0,battery_alternator_fail,0.79
fault_battery_alternator_fail_2,3461,1789815426.4219189,4.8,25.0,25.61,0.0,52.75,0.0001,0.01,9.71,0.0,0.0,0.0,25.0,battery_alternator_fail,0.79
fault_battery_alternator_fail_2,3462,1789815427.4219189,2.6,25.0,25.25,0.0,52.6,0.0003,0.0,9.71,0.0,0.0,0.0,25.0,battery_alternator_fail,0.79
fault_battery_alternator_fail_2,3463,1789815428.4219189,2.5,25.0,25.24,0.0,52.46,0.0,0.0,9.67,0.0,0.0,0.0,25.0,battery_alternator_fail,0.79
fault_battery_alternator_fail_2,3464,1789815429.4219189,1.7,25.02,25.25,0.0,52.29,0.0,0.0,9.56,0.0,0.0,0.0,25.0,battery_alternator_fail,0.79
fault_battery_alternator_fail_2,3465,1789815430.4219189,3.5,25.01,25.32,0.0,52.17,0.0,0.0,9.57,0.0,0.0,0.0,25.0,battery_alternator_fail,0.79
fault_battery_alternator_fail_2,3466,1789815431.4219189,3.0,25.05,25.0,0.0,52.01,0.0001,0.0,9.48,0.01,0.0,0.0,25.0,battery_alternator_fail,0.79
fault_battery_alternator_fail_2,3467,1789815432.4219189,0.0,25.07,25.0,0.0,51.87,0.0,0.0,9.43,0.0,0.0,0.0,25.0,battery_alternator_fail,0.79
fault_battery_alternator_fail_2,3468,1789815433.4219189,0.0,25.06,25.06,0.0,51.7,0.0005,0.01,9.38,0.03,0.0,0.0,25.0,battery_alternator_fail,0.79
fault_battery_alternator_fail_2,3469,1789815434.4219189,0.0,25.05,25.24,0.0,51.57,0.0001,0.0,9.43,0.02,0.0,0.0,25.0,battery_alternator_fail,0.79
fault_battery_alternator_fail_2,3470,1789815435.4219189,0.0,25.04,25.38,0.0,51.43,0.0,0.01,9.38,0.0,0.0,0.0,25.0,battery_alternator_fail,0.79
fault_battery_alternator_fail_2,3471,1789815436.4219189,0.0,25.08,25.0,0.0,51.28,0.0,0.01,9.48,0.0,0.0,0.0,25.0,battery_alternator_fail,0.79
fault_battery_alternator_fail_2,3472,1789815437.4219189,0.0,25.06,25.0,0.0,51.13,0.0,0.01,9.6,0.0,0.0,0.0,25.0,battery_alternator_fail,0.79
fault_battery_alternator_fail_2,3473,1789815438.4219189,0.0,25.04,25.0,0.0,50.99,0.0,0.04,9.63,0.01,0.0,0.0,25.0,battery_alternator_fail,0.79
fault_battery_alternator_fail_2,3474,1789815439.4219189,0.0,25.02,25.0,0.0,50.85,0.0002,0.04,9.65,0.01,0.0,0.0,25.0,battery_alternator_fail,0.79
fault_battery_alternator_fail_2,3475,1789815440.4219189,0.0,25.01,25.0,0.0,50.7,0.0,0.01,9.7,0.04,0.0,0.0,25.0,battery_alternator_fail,0.79
fault_battery_alternator_fail_2,3476,1789815441.4219189,0.0,25.0,25.0,0.0,50.56,0.0,0.0,9.59,0.01,0.0,0.0,25.0,battery_alternator_fail,0.79
fault_battery_alternator_fail_2,3477,1789815442.4219189,0.0,25.0,25.0,0.0,50.44,0.0,0.0,9.63,0.01,0.0,0.0,25.0,battery_alternator_fail,0.79
fault_battery_alternator_fail_2,3478,1789815443.4219189,0.0,25.0,25.0,0.0,50.29,0.0,0.0,9.66,0.03,0.0,0.0,25.0,battery_alternator_fail,0.79
fault_battery_alternator_fail_2,3479,1789815444.4219189,0.0,25.0,25.0,0.0,50.16,0.0,0.02,9.62,0.03,0.0,0.0,25.0,battery_alternator_fail,0.79
fault_battery_alternator_fail_2,3480,1789815445.4219189,0.0,25.0,25.0,0.01,50.03,0.0,0.0,9.59,0.02,0.0,0.0,25.0,battery_alternator_fail,0.79
fault_battery_alternator_fail_2,3481,1789815446.4219189,1.8,25.0,25.0,0.0,49.89,0.0004,0.0,9.62,0.0,0.0,0.0,25.0,battery_alternator_fail,0.79
fault_battery_alternator_fail_2,3482,1789815447.4219189,0.0,25.0,25.0,0.0,49.76,0.0,0.0,9.6,0.0,0.0,0.0,25.0,battery_alternator_fail,0.79
fault_battery_alternator_fail_2,3483,1789815448.4219189,0.0,25.0,25.0,0.0,49.62,0.0002,0.0,9.62,0.0,0.0,0.0,25.0,battery_alternator_fail,0.79
fault_battery_alternator_fail_2,3484,1789815449.4219189,0.0,25.0,25.0,0.0,49.47,0.0,0.0,9.51,0.0,0.0,0.0,25.0,battery_alternator_fail,0.79
fault_battery_alternator_fail_2,3485,1789815450.4219189,0.0,25.01,25.0,0.0,49.31,0.0,0.0,9.5,0.0,0.0,0.0,25.0,battery_alternator_fail,0.79
fault_battery_alternator_fail_2,3486,1789815451.4219189,0.0,25.02,25.0,0.0,49.18,0.0,0.0,9.55,0.0,0.0,0.0,25.0,battery_alternator_fail,0.79
fault_battery_alternator_fail_2,3487,1789815452.4219189,0.0,25.04,25.0,0.01,49.05,0.0001,0.0,9.64,0.0,0.0,0.0,25.0,battery_alternator_fail,0.79
fault_battery_alternator_fail_2,3488,1789815453.4219189,0.9,25.03,25.06,0.01,48.9,0.0,0.0,9.68,0.0,0.0,0.0,25.0,battery_alternator_fail,0.79
fault_battery_alternator_fail_2,3489,1789815454.4219189,1.6,25.0,25.41,0.0,48.76,0.0,0.0,9.7,0.0,0.0,0.0,25.0,battery_alternator_fail,0.79
fault_battery_alternator_fail_2,3490,1789815455.4219189,0.8,25.04,25.0,0.0,48.63,0.0,0.0,9.67,0.0,0.0,0.0,25.0,battery_alternator_fail,0.79
fault_battery_alternator_fail_2,3491,1789815456.4219189,0.5,25.0,25.0,0.0,48.51,0.0,0.0,9.62,0.0,0.0,0.0,25.0,battery_alternator_fail,0.79
fault_battery_alternator_fail_2,3492,1789815457.4219189,1.7,25.0,25.0,0.0,48.39,0.0004,0.0,9.62,0.03,0.0,0.0,25.0,battery_alternator_fail,0.79
fault_battery_alternator_fail_2,3493,1789815458.4219189,2.6,25.0,25.12,0.0,48.24,0.0009,0.0,9.65,0.0,0.0,0.0,25.0,battery_alternator_fail,0.79
fault_battery_alternator_fail_2,3494,1789815459.4219189,0.3,25.0,25.03,0.0,48.12,0.0004,0.0,9.67,0.0,0.0,0.0,25.0,battery_alternator_fail,0.79
fault_battery_alternator_fail_2,3495,1789815460.4219189,1.3,25.0,25.53,0.0,47.99,0.0,0.01,9.59,0.0,0.0,0.0,25.0,battery_alternator_fail,0.79
fault_battery_alternator_fail_2,3496,1789815461.4219189,2.6,25.0,25.21,0.0,47.86,0.0,0.0,9.51,0.0,0.0,0.0,25.0,battery_alternator_fail,0.79
fault_battery_alternator_fail_2,3497,1789815462.4219189,0.1,25.0,25.86,0.0,47.73,0.0,0.0,9.57,0.0,0.0,0.0,25.0,battery_alternator_fail,0.79
fault_battery_alternator_fail_2,3498,1789815463.4219189,3.4,25.01,25.79,0.0,47.6,0.0003,0.0,9.62,0.0,0.0,0.0,25.0,battery_alternator_fail,0.79
fault_battery_alternator_fail_2,3499,1789815464.4219189,4.5,25.01,26.04,0.0,47.48,0.0003,0.0,9.64,0.0,0.0,0.0,25.0,battery_alternator_fail,0.79
fault_battery_alternator_fail_2,3500,1789815465.4219189,0.9,25.1,25.94,0.01,47.36,0.0001,0.0,9.67,0.0,0.0,0.0,25.0,battery_alternator_fail,0.79
fault_battery_alternator_fail_2,3501,1789815466.4219189,0.8,25.08,25.48,0.01,47.24,0.0003,0.0,9.62,0.0,0.0,0.0,25.0,battery_alternator_fail,0.79
fault_battery_alternator_fail_2,3502,1789815467.4219189,1.2,25.04,25.0,0.01,47.12,0.0001,0.0,9.6,0.0,0.0,0.0,25.0,battery_alternator_fail,0.79
fault_battery_alternator_fail_2,3503,1789815468.4219189,0.4,25.03,25.0,0.0,47.02,0.0002,0.0,9.64,0.02,0.0,0.0,25.0,battery_alternator_fail,0.79
fault_battery_alternator_fail_2,3504,1789815469.4219189,0.0,25.06,25.0,0.0,46.9,0.0009,0.0,9.67,0.02,0.0,0.0,25.0,battery_alternator_fail,0.79
fault_battery_alternator_fail_2,3505,1789815470.4219189,0.0,25.06,25.0,0.0,46.78,0.0009,0.0,9.65,0.02,0.0,0.0,25.0,battery_alternator_fail,0.79
fault_battery_alternator_fail_2,3506,1789815471.4219189,0.0,25.07,25.0,0.01,46.68,0.0001,0.0,9.65,0.0,0.0,0.0,25.0,battery_alternator_fail,0.79
fault_battery_alternator_fail_2,3507,1789815472.4219189,0.0,25.04,25.0,0.0,46.55,0.0,0.0,9.62,0.02,0.0,0.0,25.0,battery_alternator_fail,0.79
fault_battery_alternator_fail_2,3508,1789815473.4219189,0.2,25.03,25.11,0.0,46.43,0.0001,0.0,9.63,0.02,0.0,0.0,25.0,battery_alternator_fail,0.79
fault_battery_alternator_fail_2,3509,1789815474.4219189,0.0,25.08,25.03,0.0,46.33,0.0001,0.0,9.62,0.03,0.0,0.0,25.0,battery_alternator_fail,0.79
fault_battery_alternator_fail_2,3510,1789815475.4219189,0.0,25.09,25.0,0.0,46.24,0.0,0.0,9.62,0.04,0.0,0.0,25.0,battery_alternator_fail,0.79
fault_battery_alternator_fail_2,3511,1789815476.4219189,2.1,25.05,25.0,0.0,46.1,0.0,0.0,9.71,0.03,0.0,0.0,25.0,battery_alternator_fail,0.79
fault_battery_alternator_fail_2,3512,1789815477.4219189,4.7,25.06,25.0,0.0,45.99,0.0,0.0,9.7,0.02,0.0,0.0,25.0,battery_alternator_fail,0.79
fault_battery_alternator_fail_2,3513,1789815478.4219189,5.0,25.04,25.0,0.0,45.86,0.0,0.0,9.66,0.0,0.0,0.0,25.0,battery_alternator_fail,0.79
fault_battery_alternator_fail_2,3514,1789815479.4219189,5.9,25.07,25.0,0.0,45.75,0.0,0.0,9.68,0.0,0.0,0.0,25.0,battery_alternator_fail,0.79
fault_battery_alternator_fail_2,3515,1789815480.4219189,5.4,25.06,25.0,0.01,45.65,0.0,0.0,9.67,0.0,0.0,0.0,25.0,battery_alternator_fail,0.79
fault_battery_alternator_fail_2,3516,1789815481.4219189,2.5,25.07,25.0,0.0,45.54,0.0,0.0,9.58,0.0,0.0,0.0,25.0,battery_alternator_fail,0.79
fault_battery_alternator_fail_2,3517,1789815482.4219189,3.2,25.06,25.0,0.0,45.42,0.0,0.0,9.62,0.0,0.0,0.0,25.0,battery_alternator_fail,0.79
fault_battery_alternator_fail_2,3518,1789815483.4219189,1.3,25.02,25.0,0.0,45.29,0.0,0.0,9.67,0.0,0.0,0.0,25.0,battery_alternator_fail,0.79
fault_battery_alternator_fail_2,3519,1789815484.4219189,0.6,25.01,25.0,0.0,45.2,0.0,0.0,9.68,0.0,0.0,0.0,25.0,battery_alternator_fail,0.79
fault_battery_alternator_fail_2,3520,1789815485.4219189,1.4,25.0,25.0,0.0,45.08,0.0,0.0,9.66,0.0,0.0,0.0,25.0,battery_alternator_fail,0.79
fault_battery_alternator_fail_2,3521,1789815486.4219189,1.3,25.04,25.0,0.01,44.96,0.0002,0.0,9.73,0.0,0.0,0.0,25.0,battery_alternator_fail,0.79
fault_battery_alternator_fail_2,3522,1789815487.4219189,0.0,25.06,25.0,0.0,44.84,0.0,0.0,9.73,0.0,0.0,0.0,25.0,battery_alternator_fail,0.79
fault_battery_alternator_fail_2,3523,1789815488.4219189,0.0,25.06,25.0,0.0,44.72,0.0,0.0,9.7,0.0,0.0,0.0,25.0,battery_alternator_fail,0.79
fault_battery_alternator_fail_2,3524,1789815489.4219189,0.0,25.09,25.0,0.01,44.6,0.0003,0.0,9.73,0.0,0.0,0.0,25.0,battery_alternator_fail,0.79
fault_battery_alternator_fail_2,3525,1789815490.4219189,0.0,25.09,25.0,0.0,44.5,0.0,0.0,9.67,0.0,0.0,0.0,25.0,battery_alternator_fail,0.79
fault_battery_alternator_fail_2,3526,1789815491.4219189,0.0,25.08,25.0,0.01,44.39,0.0,0.0,9.71,0.0,0.0,0.0,25.0,battery_alternator_fail,0.79
fault_battery_alternator_fail_2,3527,1789815492.4219189,1.7,25.08,25.0,0.0,44.27,0.0,0.0,9.73,0.0,0.0,0.0,25.0,battery_alternator_fail,0.79
fault_battery_alternator_fail_2,3528,1789815493.4219189,0.6,25.08,25.0,0.01,44.17,0.0,0.0,9.73,0.0,0.0,0.0,25.0,battery_alternator_fail,0.79
fault_battery_alternator_fail_2,3529,1789815494.4219189,0.0,25.03,25.0,0.0,44.06,0.0008,0.0,9.73,0.0,0.0,0.0,25.0,battery_alternator_fail,0.79
fault_battery_alternator_fail_2,3530,1789815495.4219189,2.2,25.01,25.0,0.01,43.97,0.0008,0.0,9.73,0.0,0.0,0.0,25.0,battery_alternator_fail,0.79
fault_battery_alternator_fail_2,3531,1789815496.4219189,1.4,25.0,25.0,0.01,43.85,0.001,0.0,9.73,0.0,0.0,0.0,25.0,battery_alternator_fail,0.79
fault_battery_alternator_fail_2,3532,1789815497.4219189,1.3,25.0,25.0,0.01,43.76,0.0008,0.0,9.73,0.0,0.0,0.0,25.0,battery_alternator_fail,0.79
fault_battery_alternator_fail_2,3533,1789815498.4219189,0.8,25.0,25.38,0.01,43.67,0.0,0.0,9.73,0.0,0.0,0.0,25.0,battery_alternator_fail,0.79
fault_battery_alternator_fail_2,3534,1789815499.4219189,0.0,25.0,25.32,0.0,43.56,0.0009,0.01,9.73,0.0,0.0,0.0,25.0,battery_alternator_fail,0.79
fault_battery_alternator_fail_2,3535,1789815500.4219189,0.0,25.0,25.08,0.01,43.46,0.0009,0.0,9.73,0.0,0.0,0.0,25.0,battery_alternator_fail,0.79
fault_battery_alternator_fail_2,3536,1789815501.4219189,1.2,25.0,25.09,0.0,43.36,0.0,0.0,9.73,0.0,0.0,0.0,25.0,battery_alternator_fail,0.79
fault_battery_alternator_fail_2,3537,1789815502.4219189,0.4,25.0,25.01,0.0,43.25,0.0003,0.0,9.71,0.01,0.0,0.0,25.0,battery_alternator_fail,0.79
fault_battery_alternator_fail_2,3538,1789815503.4219189,2.1,25.0,25.0,0.0,43.16,0.0003,0.0,9.7,0.0,0.0,0.0,25.0,battery_alternator_fail,0.79
fault_battery_alternator_fail_2,3539,1789815504.4219189,4.6,25.0,25.12,0.0,43.06,0.0,0.0,9.73,0.0,0.0,0.0,25.0,battery_alternator_fail,0.79
fault_battery_alternator_fail_2,3540,1789815505.4219189,2.1,25.0,25.15,0.0,42.96,0.0,0.0,9.71,0.01,0.0,0.0,25.0,battery_alternator_fail,0.79
fault_battery_alternator_fail_2,3541,1789815506.4219189,0.0,25.0,25.31,0.0,42.86,0.0,0.0,9.62,0.0,0.0,0.0,25.0,battery_alternator_fail,0.79
fault_battery_alternator_fail_2,3542,1789815507.4219189,0.4,25.0,25.87,0.0,42.76,0.0,0.0,9.67,0.0,0.0,0.0,25.0,battery_alternator_fail,0.79
fault_battery_alternator_fail_2,3543,1789815508.4219189,2.7,25.02,25.76,0.0,42.66,0.0,0.0,9.65,0.0,0.0,0.0,25.0,battery_alternator_fail,0.79
fault_battery_alternator_fail_2,3544,1789815509.4219189,3.4,25.0,25.51,0.0,42.55,0.0002,0.0,9.56,0.0,0.0,0.0,25.0,battery_alternator_fail,0.79
fault_battery_alternator_fail_2,3545,1789815510.4219189,3.4,25.0,25.42,0.0,42.45,0.0,0.01,9.59,0.02,0.0,0.0,25.0,battery_alternator_fail,0.79
fault_battery_alternator_fail_2,3546,1789815511.4219189,0.0,25.0,25.41,0.0,42.36,0.0,0.0,9.58,0.0,0.0,0.0,25.0,battery_alternator_fail,0.79
fault_battery_alternator_fail_2,3547,1789815512.4219189,0.5,25.0,25.28,0.0,42.25,0.0,0.0,9.56,0.06,0.0,0.0,25.0,battery_alternator_fail,0.79
fault_battery_alternator_fail_2,3548,1789815513.4219189,0.0,25.0,25.37,0.0,42.15,0.0,0.0,9.63,0.05,0.0,0.0,25.0,battery_alternator_fail,0.79
fault_battery_alternator_fail_2,3549,1789815514.4219189,0.7,25.0,25.25,0.0,42.05,0.0002,0.0,9.66,0.03,0.0,0.0,25.0,battery_alternator_fail,0.79
fault_battery_alternator_fail_2,3550,1789815515.4219189,0.6,25.0,25.38,0.0,41.94,0.0001,0.0,9.73,0.03,0.0,0.0,25.0,battery_alternator_fail,0.79
fault_battery_alternator_fail_2,3551,1789815516.4219189,0.2,25.0,25.26,0.0,41.84,0.0005,0.0,9.73,0.02,0.0,0.0,25.0,battery_alternator_fail,0.79
fault_battery_alternator_fail_2,3552,1789815517.4219189,0.0,25.0,25.47,0.0,41.75,0.0,0.0,9.73,0.04,0.0,0.0,25.0,battery_alternator_fail,0.79
fault_battery_alternator_fail_2,3553,1789815518.4219189,4.1,25.0,25.17,0.0,41.65,0.0003,0.0,9.73,0.0,0.0,0.0,25.0,battery_alternator_fail,0.79
fault_battery_alternator_fail_2,3554,1789815519.4219189,1.2,25.0,25.2,0.0,41.56,0.0006,0.0,9.73,0.0,0.0,0.0,25.0,battery_alternator_fail,0.79
fault_battery_alternator_fail_2,3555,1789815520.4219189,2.9,25.0,25.26,0.0,41.47,0.0006,0.0,9.73,0.0,0.0,0.0,25.0,battery_alternator_fail,0.79
fault_battery_alternator_fail_2,3556,1789815521.4219189,2.7,25.0,25.0,0.0,41.36,0.0013,0.0,9.73,0.0,0.0,0.0,25.0,battery_alternator_fail,0.79
fault_battery_alternator_fail_2,3557,1789815522.4219189,0.2,25.0,25.0,0.0,41.27,0.0004,0.0,9.73,0.0,0.0,0.0,25.0,battery_alternator_fail,0.79
fault_battery_alternator_fail_2,3558,1789815523.4219189,0.0,25.0,25.0,0.0,41.17,0.0,0.0,9.73,0.0,0.0,0.0,25.0,battery_alternator_fail,0.79
fault_battery_alternator_fail_2,3559,1789815524.4219189,0.0,25.0,25.11,0.0,41.08,0.0,0.0,9.73,0.0,0.0,0.0,25.0,battery_alternator_fail,0.79
fault_battery_alternator_fail_2,3560,1789815525.4219189,0.0,25.0,25.0,0.0,40.98,0.0001,0.0,9.73,0.02,0.0,0.0,25.0,battery_alternator_fail,0.79
fault_battery_alternator_fail_2,3561,1789815526.4219189,0.0,25.0,25.0,0.0,40.9,0.0002,0.0,9.72,0.01,0.0,0.0,25.0,battery_alternator_fail,0.79
fault_battery_alternator_fail_2,3562,1789815527.4219189,0.0,25.0,25.0,0.0,40.82,0.0002,0.0,9.73,0.0,0.0,0.0,25.0,battery_alternator_fail,0.79
fault_battery_alternator_fail_2,3563,1789815528.4219189,0.0,25.0,25.0,0.0,40.73,0.0004,0.0,9.73,0.0,0.0,0.0,25.0,battery_alternator_fail,0.79
fault_battery_alternator_fail_2,3564,1789815529.4219189,0.0,25.0,25.0,0.01,40.65,0.0004,0.0,9.73,0.03,0.0,0.0,25.0,battery_alternator_fail,0.79
fault_battery_alternator_fail_2,3565,1789815530.4219189,0.0,25.0,25.0,0.01,40.57,0.0,0.01,9.73,0.05,0.0,0.0,25.0,battery_alternator_fail,0.79
fault_battery_alternator_fail_2,3566,1789815531.4219189,0.0,25.0,25.0,0.01,40.46,0.0004,0.0,9.73,0.09,0.0,0.0,25.0,battery_alternator_fail,0.79
fault_battery_alternator_fail_2,3567,1789815532.4219189,0.0,25.0,25.0,0.01,40.37,0.0004,0.0,9.73,0.04,0.0,0.0,25.0,battery_alternator_fail,0.79
fault_battery_alternator_fail_2,3568,1789815533.4219189,0.6,25.0,25.0,0.0,40.3,0.0,0.0,9.73,0.0,0.0,0.0,25.0,battery_alternator_fail,0.79
fault_battery_alternator_fail_2,3569,1789815534.4219189,0.1,25.0,25.0,0.0,40.22,0.0002,0.01,9.73,0.03,0.0,0.0,25.0,battery_alternator_fail,0.79
fault_battery_alternator_fail_2,3570,1789815535.4219189,0.3,25.01,25.0,0.0,40.14,0.0,0.03,9.73,0.0,0.0,0.0,25.0,battery_alternator_fail,0.79
fault_battery_alternator_fail_2,3571,1789815536.4219189,0.6,25.0,25.0,0.0,40.07,0.0002,0.02,9.73,0.0,0.0,0.0,25.0,battery_alternator_fail,0.79
fault_battery_alternator_fail_2,3572,1789815537.4219189,0.0,25.0,25.0,0.0,40.0,0.0005,0.0,9.73,0.0,0.0,0.0,25.0,battery_alternator_fail,0.79
fault_battery_alternator_fail_2,3573,1789815538.4219189,0.0,25.03,25.0,0.01,39.94,0.0001,0.0,9.73,0.0,0.0,0.0,25.0,battery_alternator_fail,0.79
fault_battery_alternator_fail_2,3574,1789815539.4219189,0.6,25.01,25.0,0.0,39.86,0.0001,0.0,9.67,0.0,0.0,0.0,25.0,battery_alternator_fail,0.79
fault_battery_alternator_fail_2,3575,1789815540.4219189,0.0,25.01,25.0,0.0,39.76,0.0002,0.0,9.67,0.0,0.0,0.0,25.0,battery_alternator_fail,0.79
fault_battery_alternator_fail_2,3576,1789815541.4219189,0.0,25.01,25.0,0.0,39.68,0.0005,0.02,9.62,0.01,0.0,0.0,25.0,battery_alternator_fail,0.79
fault_battery_alternator_fail_2,3577,1789815542.4219189,1.7,25.0,25.0,0.01,39.59,0.0007,0.03,9.58,0.0,0.0,0.0,25.0,battery_alternator_fail,0.79
fault_battery_alternator_fail_2,3578,1789815543.4219189,3.3,25.0,25.0,0.01,39.48,0.0008,0.04,9.67,0.0,0.0,0.0,25.0,battery_alternator_fail,0.79
fault_battery_alternator_fail_2,3579,1789815544.4219189,2.6,25.0,25.0,0.01,39.4,0.0,0.02,9.73,0.0,0.0,0.0,25.0,battery_alternator_fail,0.79
fault_battery_alternator_fail_2,3580,1789815545.4219189,0.0,25.0,25.0,0.0,39.31,0.0,0.01,9.68,0.02,0.0,0.0,25.0,battery_alternator_fail,0.79
fault_battery_alternator_fail_2,3581,1789815546.4219189,0.0,25.01,25.0,0.0,39.24,0.0,0.02,9.66,0.0,0.0,0.0,25.0,battery_alternator_fail,0.79
fault_battery_alternator_fail_2,3582,1789815547.4219189,0.0,25.01,25.0,0.0,39.15,0.0,0.02,9.72,0.0,0.0,0.0,25.0,battery_alternator_fail,0.79
fault_battery_alternator_fail_2,3583,1789815548.4219189,0.0,25.01,25.17,0.0,39.06,0.0,0.03,9.62,0.0,0.0,0.0,25.0,battery_alternator_fail,0.79
fault_battery_alternator_fail_2,3584,1789815549.4219189,0.0,25.0,25.0,0.0,39.0,0.0003,0.02,9.59,0.01,0.0,0.0,25.0,battery_alternator_fail,0.79
fault_battery_alternator_fail_2,3585,1789815550.4219189,0.0,25.0,25.45,0.0,38.92,0.0008,0.03,9.59,0.03,0.0,0.0,25.0,battery_alternator_fail,0.79
fault_battery_alternator_fail_2,3586,1789815551.4219189,0.0,25.03,25.32,0.0,38.85,0.0012,0.02,9.66,0.02,0.0,0.0,25.0,battery_alternator_fail,0.79
fault_battery_alternator_fail_2,3587,1789815552.4219189,0.0,25.04,25.46,0.0,38.78,0.0003,0.01,9.72,0.0,0.0,0.0,25.0,battery_alternator_fail,0.79
fault_battery_alternator_fail_2,3588,1789815553.4219189,0.0,25.07,25.62,0.0,38.7,0.0002,0.0,9.72,0.0,0.0,0.0,25.0,battery_alternator_fail,0.79
fault_battery_alternator_fail_2,3589,1789815554.4219189,0.0,25.08,25.23,0.01,38.63,0.0013,0.01,9.73,0.0,0.0,0.0,25.0,battery_alternator_fail,0.79
fault_battery_alternator_fail_2,3590,1789815555.4219189,0.0,25.06,25.27,0.01,38.55,0.001,0.02,9.73,0.0,0.0,0.0,25.0,battery_alternator_fail,0.79
fault_battery_alternator_fail_2,3591,1789815556.4219189,0.0,25.06,25.71,0.01,38.47,0.0004,0.03,9.73,0.01,0.0,0.0,25.0,battery_alternator_fail,0.79
fault_battery_alternator_fail_2,3592,1789815557.4219189,1.3,25.05,26.15,0.02,38.39,0.0005,0.01,9.73,0.01,0.0,0.0,25.0,battery_alternator_fail,0.79
fault_battery_alternator_fail_2,3593,1789815558.4219189,2.8,25.04,25.96,0.01,38.31,0.0,0.0,9.73,0.0,0.0,0.0,25.0,battery_alternator_fail,0.79
fault_battery_alternator_fail_2,3594,1789815559.4219189,1.5,25.03,25.72,0.01,38.24,0.0009,0.0,9.73,0.0,0.0,0.0,25.0,battery_alternator_fail,0.79
fault_battery_alternator_fail_2,3595,1789815560.4219189,2.1,25.02,25.69,0.0,38.18,0.0007,0.0,9.73,0.0,0.0,0.0,25.0,battery_alternator_fail,0.79
fault_battery_alternator_fail_2,3596,1789815561.4219189,4.2,25.0,25.3,0.0,38.12,0.0008,0.0,9.73,0.0,0.0,0.0,25.0,battery_alternator_fail,0.79
fault_battery_alternator_fail_2,3597,1789815562.4219189,1.2,25.0,25.0,0.0,38.06,0.0007,0.0,9.73,0.0,0.0,0.0,25.0,battery_alternator_fail,0.79
fault_battery_alternator_fail_2,3598,1789815563.4219189,1.6,25.0,25.31,0.0,37.99,0.0,0.01,9.73,0.0,0.0,0.0,25.0,battery_alternator_fail,0.79
fault_battery_alternator_fail_2,3599,1789815564.4219189,0.0,25.0,25.07,0.0,37.91,0.0,0.02,9.73,0.0,0.0,0.0,25.0,battery_alternator_fail,0.79
