mission_id,tick,timestamp,rpm,cht_celsius,egt_celsius,oil_pressure_bar,oil_temp_celsius,vibration,fuel_flow,battery_voltage_v,injection_timing_deg,throttle_position,altitude_m,ambient_temp_celsius,label_fault_type,label_severity
fault_sensor_drift_2,0,1789843937.2783868,0.0,25.01,25.18,0.0,25.01,0.0003,0.0,12.58,0.02,0.0,0.0,25.0,healthy,0.0
fault_sensor_drift_2,1,1789843938.2783868,0.0,25.01,25.0,0.0,25.01,0.0004,0.0,12.61,0.0,0.0,0.0,25.0,healthy,0.0
fault_sensor_drift_2,2,1789843939.2783868,0.0,25.0,25.08,0.0,25.0,0.0,0.0,12.51,0.01,0.0,0.0,25.0,healthy,0.0
fault_sensor_drift_2,3,1789843940.2783868,0.0,25.02,25.37,0.0,25.01,0.0,0.0,12.47,0.05,0.0,0.0,25.0,healthy,0.0
fault_sensor_drift_2,4,1789843941.2783868,0.0,25.0,25.37,0.0,25.0,0.0,0.0,12.46,0.03,0.0,0.0,25.0,healthy,0.0
fault_sensor_drift_2,5,1789843942.2783868,0.0,25.0,25.73,0.0,25.0,0.0,0.0,12.44,0.04,0.0,0.0,25.0,healthy,0.0
fault_sensor_drift_2,6,1789843943.2783868,0.8,25.0,25.09,0.0,25.0,0.0,0.0,12.5,0.0,0.0,0.0,25.0,healthy,0.0
fault_sensor_drift_2,7,1789843944.2783868,0.0,25.0,25.14,0.0,25.0,0.0001,0.0,12.63,0.0,0.0,0.0,25.0,healthy,0.0
fault_sensor_drift_2,8,1789843945.2783868,0.0,25.0,25.0,0.0,25.0,0.0001,0.0,12.56,0.0,0.0,0.0,25.0,healthy,0.0
fault_sensor_drift_2,9,1789843946.2783868,0.0,25.0,25.32,0.0,25.0,0.0,0.0,12.58,0.0,0.0,0.0,25.0,healthy,0.0
fault_sensor_drift_2,10,1789843947.2783868,0.0,25.0,25.66,0.0,25.01,0.0,0.0,12.54,0.0,0.0,0.0,25.0,healthy,0.0
fault_sensor_drift_2,11,1789843948.2783868,0.0,25.01,25.69,0.0,25.0,0.0,0.01,12.5,0.0,0.0,0.0,25.0,healthy,0.0
fault_sensor_drift_2,12,1789843949.2783868,1.0,25.0,25.79,0.0,25.0,0.0013,0.02,12.47,0.0,0.0,0.0,25.0,healthy,0.0
fault_sensor_drift_2,13,1789843950.2783868,0.8,25.01,25.59,0.0,25.0,0.0008,0.0,12.47,0.0,0.0,0.0,25.0,healthy,0.0
fault_sensor_drift_2,14,1789843951.2783868,0.0,25.0,25.72,0.0,25.0,0.001,0.01,12.53,0.0,0.0,0.0,25.0,healthy,0.0
fault_sensor_drift_2,15,1789843952.2783868,0.8,25.01,25.31,0.0,25.0,0.0001,0.0,12.51,0.0,0.0,0.0,25.0,healthy,0.0
fault_sensor_drift_2,16,1789843953.2783868,2.8,25.01,25.72,0.0,25.0,0.0,0.0,12.53,0.03,0.0,0.0,25.0,healthy,0.0
fault_sensor_drift_2,17,1789843954.2783868,2.6,25.01,25.23,0.0,25.0,0.0,0.0,12.42,0.06,0.0,0.0,25.0,healthy,0.0
fault_sensor_drift_2,18,1789843955.2783868,1.6,25.0,25.59,0.0,25.01,0.0001,0.0,12.52,0.02,0.0,0.0,25.0,healthy,0.0
fault_sensor_drift_2,19,1789843956.2783868,2.7,25.0,25.48,0.0,25.01,0.0,0.0,12.44,0.0,0.0,0.0,25.0,healthy,0.0
fault_sensor_drift_2,20,1789843957.2783868,0.8,25.0,25.57,0.0,25.01,0.0001,0.01,12.49,0.0,0.0,0.0,25.0,healthy,0.0
fault_sensor_drift_2,21,1789843958.2783868,0.7,25.01,25.65,0.0,25.01,0.0,0.01,12.46,0.0,0.0,0.0,25.0,healthy,0.0
fault_sensor_drift_2,22,1789843959.2783868,0.0,25.0,25.46,0.01,25.0,0.0005,0.0,12.49,0.0,0.0,0.0,25.0,healthy,0.0
fault_sensor_drift_2,23,1789843960.2783868,0.0,25.0,25.53,0.01,25.0,0.0007,0.0,12.46,0.0,0.0,0.0,25.0,healthy,0.0
fault_sensor_drift_2,24,1789843961.2783868,0.9,25.0,25.4,0.02,25.0,0.0004,0.0,12.41,0.0,0.0,0.0,25.0,healthy,0.0
fault_sensor_drift_2,25,1789843962.2783868,3.7,25.02,25.52,0.01,25.02,0.0009,0.01,12.44,0.0,0.0,0.0,25.0,healthy,0.0
fault_sensor_drift_2,26,1789843963.2783868,5.5,25.01,25.0,0.0,25.02,0.0005,0.0,12.47,0.01,0.0,0.0,25.0,healthy,0.0
fault_sensor_drift_2,27,1789843964.2783868,3.3,25.0,25.0,0.0,25.02,0.0,0.02,12.42,0.0,0.0,0.0,25.0,healthy,0.0
fault_sensor_drift_2,28,1789843965.2783868,5.5,25.0,25.0,0.0,25.02,0.0,0.01,12.42,0.0,0.0,0.0,25.0,healthy,0.0
fault_sensor_drift_2,29,1789843966.2783868,4.3,25.0,25.0,0.0,25.03,0.0006,0.0,12.47,0.0,0.0,0.0,25.0,healthy,0.0
fault_sensor_drift_2,30,1789843967.2783868,6.1,25.0,25.0,0.0,25.01,0.0002,0.0,12.43,0.0,0.0,0.0,25.0,healthy,0.0
fault_sensor_drift_2,31,1789843968.2783868,5.0,25.0,25.0,0.0,25.03,0.0,0.0,12.42,0.0,0.0,0.0,25.0,healthy,0.0
fault_sensor_drift_2,32,1789843969.2783868,6.4,25.05,25.0,0.0,25.02,0.0012,0.0,12.38,0.0,0.0,0.0,25.0,healthy,0.0
fault_sensor_drift_2,33,1789843970.2783868,7.6,25.07,25.0,0.0,25.03,0.0006,0.0,12.36,0.0,0.0,0.0,25.0,healthy,0.0
fault_sensor_drift_2,34,1789843971.2783868,7.0,25.07,25.0,0.0,25.03,0.0008,0.0,12.38,0.01,0.0,0.0,25.0,healthy,0.0
fault_sensor_drift_2,35,1789843972.2783868,5.8,25.04,25.0,0.0,25.02,0.0005,0.0,12.44,0.0,0.0,0.0,25.0,healthy,0.0
fault_sensor_drift_2,36,1789843973.2783868,3.7,25.03,25.0,0.0,25.02,0.0,0.0,12.43,0.0,0.0,0.0,25.0,healthy,0.0
fault_sensor_drift_2,37,1789843974.2783868,3.7,25.02,25.0,0.0,25.01,0.0,0.0,12.45,0.0,0.0,0.0,25.0,healthy,0.0
fault_sensor_drift_2,38,1789843975.2783868,3.9,25.02,25.0,0.0,25.02,0.0,0.0,12.48,0.0,0.0,0.0,25.0,healthy,0.0
fault_sensor_drift_2,39,1789843976.2783868,4.7,25.03,25.0,0.0,25.02,0.0,0.0,12.42,0.0,0.0,0.0,25.0,healthy,0.0
fault_sensor_drift_2,40,1789843977.2783868,6.1,25.04,25.0,0.0,25.02,0.0,0.0,12.35,0.0,0.0,0.0,25.0,healthy,0.0
fault_sensor_drift_2,41,1789843978.2783868,4.3,25.04,25.3,0.0,25.02,0.0,0.0,12.41,0.0,0.0,0.0,25.0,healthy,0.0
fault_sensor_drift_2,42,1789843979.2783868,2.8,25.05,25.0,0.0,25.03,0.0,0.0,12.41,0.0,0.0,0.0,25.0,healthy,0.0
fault_sensor_drift_2,43,1789843980.2783868,4.3,25.05,25.03,0.0,25.01,0.0003,0.0,12.39,0.02,0.0,0.0,25.0,healthy,0.0
fault_sensor_drift_2,44,1789843981.2783868,5.3,25.04,25.14,0.0,25.02,0.0005,0.0,12.38,0.03,0.0,0.0,25.0,healthy,0.0
fault_sensor_drift_2,45,1789843982.2783868,5.9,25.0,25.0,0.0,25.03,0.0006,0.0,12.33,0.0,0.0,0.0,25.0,healthy,0.0
fault_sensor_drift_2,46,1789843983.2783868,4.0,25.0,25.2,0.0,25.04,0.001,0.0,12.33,0.0,0.0,0.0,25.0,healthy,0.0
fault_sensor_drift_2,47,1789843984.2783868,5.2,25.0,25.09,0.0,25.04,0.0002,0.0,12.34,0.0,0.0,0.0,25.0,healthy,0.0
fault_sensor_drift_2,48,1789843985.2783868,2.9,25.01,25.0,0.0,25.04,0.0,0.0,12.25,0.0,0.0,0.0,25.0,healthy,0.0
fault_sensor_drift_2,49,1789843986.2783868,2.9,25.02,25.0,0.0,25.03,0.0,0.0,12.27,0.0,0.0,0.0,25.0,healthy,0.0
fault_sensor_drift_2,50,1789843987.2783868,1.1,25.02,25.0,0.0,25.04,0.0009,0.0,12.36,0.0,0.0,0.0,25.0,healthy,0.0
fault_sensor_drift_2,51,1789843988.2783868,0.0,25.03,25.0,0.0,25.06,0.0009,0.0,12.45,0.03,0.0,0.0,25.0,healthy,0.0
fault_sensor_drift_2,52,1789843989.2783868,0.0,25.04,25.0,0.0,25.06,0.0003,0.0,12.44,0.0,0.0,0.0,25.0,healthy,0.0
fault_sensor_drift_2,53,1789843990.2783868,0.0,25.05,25.0,0.0,25.05,0.0004,0.0,12.39,0.0,0.0,0.0,25.0,healthy,0.0
fault_sensor_drift_2,54,1789843991.2783868,0.0,25.09,25.0,0.0,25.05,0.0,0.0,12.45,0.0,0.0,0.0,25.0,healthy,0.0
fault_sensor_drift_2,55,1789843992.2783868,0.0,25.08,25.0,0.0,25.04,0.0007,0.0,12.47,0.0,0.0,0.0,25.0,healthy,0.0
fault_sensor_drift_2,56,1789843993.2783868,0.4,25.06,25.0,0.0,25.05,0.0007,0.0,12.44,0.0,0.0,0.0,25.0,healthy,0.0
fault_sensor_drift_2,57,1789843994.2783868,0.0,25.09,25.0,0.01,25.04,0.0001,0.0,12.49,0.0,0.0,0.0,25.0,healthy,0.0
fault_sensor_drift_2,58,1789843995.2783868,1.3,25.07,25.0,0.0,25.05,0.0004,0.0,12.44,0.0,0.0,0.0,25.0,healthy,0.0
fault_sensor_drift_2,59,1789843996.2783868,1.4,25.08,25.0,0.0,25.04,0.0001,0.0,12.45,0.01,0.0,0.0,25.0,healthy,0.0
fault_sensor_drift_2,60,1789843997.2783868,883.5,29.61,148.31,1.53,25.78,0.027,3.4,12.81,8.24,10.0,0.0,25.0,healthy,0.0
fault_sensor_drift_2,61,1789843998.2783868,1374.1,33.3,248.21,1.93,26.04,0.0329,4.81,13.18,9.76,10.0,0.0,25.0,healthy,0.0
fault_sensor_drift_2,62,1789843999.2783868,1596.3,36.75,327.89,2.18,26.33,0.0382,5.64,13.43,10.33,10.0,0.0,25.0,healthy,0.0
fault_sensor_drift_2,63,1789844000.2783868,1724.7,40.21,389.02,2.3,26.64,0.0327,6.0,13.57,10.63,10.0,0.0,25.0,healthy,0.0
fault_sensor_drift_2,64,1789844001.2783868,1788.0,43.81,436.86,2.32,26.86,0.0326,6.13,13.58,11.02,10.0,0.0,25.0,healthy,0.0
fault_sensor_drift_2,65,1789844002.2783868,1829.9,46.92,466.01,2.35,27.28,0.0345,6.35,13.62,11.38,10.0,0.0,25.0,healthy,0.0
fault_sensor_drift_2,66,1789844003.2783868,1831.3,50.03,489.26,2.34,27.48,0.0365,6.4,13.6,11.5,10.0,0.0,25.0,healthy,0.0
fault_sensor_drift_2,67,1789844004.2783868,1847.0,52.99,506.16,2.32,27.73,0.0337,6.45,13.65,11.26,10.0,0.0,25.0,healthy,0.0
fault_sensor_drift_2,68,1789844005.2783868,1863.6,56.13,515.62,2.38,28.1,0.0299,6.39,13.61,11.28,10.0,0.0,25.0,healthy,0.0
fault_sensor_drift_2,69,1789844006.2783868,1863.2,58.65,521.62,2.38,28.51,0.0212,6.29,13.59,11.33,10.0,0.0,25.0,healthy,0.0
fault_sensor_drift_2,70,1789844007.2783868,1849.1,61.19,529.55,2.38,28.94,0.0215,6.34,13.62,11.14,10.0,0.0,25.0,healthy,0.0
fault_sensor_drift_2,71,1789844008.2783868,1845.2,63.54,534.42,2.3,29.49,0.0289,6.52,13.65,11.05,10.0,0.0,25.0,healthy,0.0
fault_sensor_drift_2,72,1789844009.2783868,1847.6,66.09,532.66,2.36,29.74,0.0301,6.64,13.67,11.45,10.0,0.0,25.0,healthy,0.0
fault_sensor_drift_2,73,1789844010.2783868,1840.4,68.54,540.69,2.36,30.02,0.0271,6.5,13.62,11.1,10.0,0.0,25.0,healthy,0.0
fault_sensor_drift_2,74,1789844011.2783868,1847.3,70.48,547.22,2.42,30.35,0.0238,6.66,13.59,11.41,10.0,0.0,25.0,healthy,0.0
fault_sensor_drift_2,75,1789844012.2783868,1817.0,72.22,546.25,2.4,30.66,0.0267,6.68,13.65,11.22,10.0,0.0,25.0,healthy,0.0
fault_sensor_drift_2,76,1789844013.2783868,1836.0,73.78,552.0,2.43,30.93,0.0286,6.51,13.66,11.16,10.0,0.0,25.0,healthy,0.0
fault_sensor_drift_2,77,1789844014.2783868,1814.3,75.85,549.06,2.37,31.41,0.0223,6.56,13.7,11.22,10.0,0.0,25.0,healthy,0.0
fault_sensor_drift_2,78,1789844015.2783868,1787.0,77.78,542.22,2.36,31.63,0.0121,6.64,13.73,11.59,10.0,0.0,25.0,healthy,0.0
fault_sensor_drift_2,79,1789844016.2783868,1815.7,79.36,544.22,2.43,32.15,0.0181,6.77,13.73,11.36,10.0,0.0,25.0,healthy,0.0
fault_sensor_drift_2,80,1789844017.2783868,1815.2,81.03,547.05,2.36,32.44,0.0196,6.73,13.74,11.27,10.0,0.0,25.0,healthy,0.0
fault_sensor_drift_2,81,1789844018.2783868,1799.0,82.32,545.65,2.41,32.62,0.0261,6.67,13.75,11.29,10.0,0.0,25.0,healthy,0.0
fault_sensor_drift_2,82,1789844019.2783868,1823.4,83.67,545.64,2.39,33.0,0.0297,6.62,13.8,11.04,10.0,0.0,25.0,healthy,0.0
fault_sensor_drift_2,83,1789844020.2783868,1839.9,85.51,544.04,2.41,33.35,0.0284,6.46,13.78,11.56,10.0,0.0,25.0,healthy,0.0
fault_sensor_drift_2,84,1789844021.2783868,1868.1,86.76,547.71,2.42,33.54,0.0314,6.39,13.84,11.51,10.0,0.0,25.0,healthy,0.0
fault_sensor_drift_2,85,1789844022.2783868,1884.4,88.26,548.58,2.37,33.83,0.033,6.45,13.77,11.92,10.0,0.0,25.0,healthy,0.0
fault_sensor_drift_2,86,1789844023.2783868,1871.7,89.16,549.26,2.39,34.09,0.0277,6.57,13.83,11.54,10.0,0.0,25.0,healthy,0.0
fault_sensor_drift_2,87,1789844024.2783868,1843.8,89.99,551.58,2.39,34.5,0.0291,6.59,13.72,11.44,10.0,0.0,25.0,healthy,0.0
fault_sensor_drift_2,88,1789844025.2783868,1869.8,90.93,547.52,2.46,34.97,0.0238,6.42,13.82,11.57,10.0,0.0,25.0,healthy,0.0
fault_sensor_drift_2,89,1789844026.2783868,1861.0,92.06,546.19,2.38,35.33,0.0241,6.51,13.82,11.28,10.0,0.0,25.0,healthy,0.0
fault_sensor_drift_2,90,1789844027.2783868,1847.4,93.13,544.63,2.37,35.62,0.0301,6.35,13.82,11.7,10.0,0.0,25.0,healthy,0.0
fault_sensor_drift_2,91,1789844028.2783868,1870.1,93.88,553.4,2.46,35.93,0.0295,6.34,13.84,11.4,10.0,0.0,25.0,healthy,0.0
fault_sensor_drift_2,92,1789844029.2783868,1860.3,94.52,553.74,2.44,36.26,0.0362,6.41,13.84,11.19,10.0,0.0,25.0,healthy,0.0
fault_sensor_drift_2,93,1789844030.2783868,1858.5,95.54,547.55,2.53,36.54,0.0356,6.4,13.92,10.8,10.0,0.0,25.0,healthy,0.0
fault_sensor_drift_2,94,1789844031.2783868,1848.0,96.09,549.29,2.43,36.88,0.0364,6.5,13.9,10.83,10.0,0.0,25.0,healthy,0.0
fault_sensor_drift_2,95,1789844032.2783868,1870.4,97.24,545.24,2.43,37.35,0.0297,6.51,14.01,11.21,10.0,0.0,25.0,healthy,0.0
fault_sensor_drift_2,96,1789844033.2783868,1864.0,97.98,544.19,2.33,37.55,0.0243,6.52,13.93,11.16,10.0,0.0,25.0,healthy,0.0
fault_sensor_drift_2,97,1789844034.2783868,1877.3,98.66,543.77,2.31,37.78,0.0317,6.59,13.92,11.19,10.0,0.0,25.0,healthy,0.0
fault_sensor_drift_2,98,1789844035.2783868,1871.8,99.58,542.9,2.29,38.17,0.0323,6.49,13.88,11.32,10.0,0.0,25.0,healthy,0.0
fault_sensor_drift_2,99,1789844036.2783868,1878.4,100.2,540.58,2.19,38.36,0.0352,6.52,13.94,11.31,10.0,0.0,25.0,healthy,0.0
fault_sensor_drift_2,100,1789844037.2783868,1878.9,100.83,541.57,2.16,38.76,0.0352,6.56,13.89,11.45,10.0,0.0,25.0,healthy,0.0
fault_sensor_drift_2,101,1789844038.2783868,1851.8,101.29,546.07,2.21,39.17,0.0341,6.38,13.85,11.47,10.0,0.0,25.0,healthy,0.0
fault_sensor_drift_2,102,1789844039.2783868,1838.7,101.83,549.43,2.25,39.59,0.03,6.61,13.76,11.38,10.0,0.0,25.0,healthy,0.0
fault_sensor_drift_2,103,1789844040.2783868,1849.4,102.04,552.57,2.32,39.82,0.0274,6.67,13.77,11.4,10.0,0.0,25.0,healthy,0.0
fault_sensor_drift_2,104,1789844041.2783868,1845.1,102.61,548.06,2.28,40.22,0.0256,6.57,13.72,11.5,10.0,0.0,25.0,healthy,0.0
fault_sensor_drift_2,105,1789844042.2783868,1858.3,103.07,547.89,2.24,40.54,0.029,6.57,13.73,11.57,10.0,0.0,25.0,healthy,0.0
fault_sensor_drift_2,106,1789844043.2783868,1876.3,103.64,549.3,2.24,40.75,0.0336,6.55,13.76,11.82,10.0,0.0,25.0,healthy,0.0
fault_sensor_drift_2,107,1789844044.2783868,1884.8,103.98,546.48,2.22,40.81,0.0346,6.47,13.69,11.3,10.0,0.0,25.0,healthy,0.0
fault_sensor_drift_2,108,1789844045.2783868,1894.4,104.01,543.93,2.31,40.88,0.0376,6.52,13.65,11.26,10.0,0.0,25.0,healthy,0.0
fault_sensor_drift_2,109,1789844046.2783868,1875.4,104.19,544.74,2.33,41.08,0.0317,6.56,13.73,11.21,10.0,0.0,25.0,healthy,0.0
fault_sensor_drift_2,110,1789844047.2783868,1865.8,104.64,548.02,2.31,41.47,0.0317,6.56,13.64,11.27,10.0,0.0,25.0,healthy,0.0
fault_sensor_drift_2,111,1789844048.2783868,1884.2,104.97,546.34,2.41,41.68,0.0289,6.62,13.72,11.27,10.0,0.0,25.0,healthy,0.0
fault_sensor_drift_2,112,1789844049.2783868,1866.4,105.26,542.52,2.4,41.95,0.0182,6.51,13.73,11.48,10.0,0.0,25.0,healthy,0.0
fault_sensor_drift_2,113,1789844050.2783868,1873.9,105.68,545.07,2.4,42.17,0.0211,6.39,13.71,11.16,10.0,0.0,25.0,healthy,0.0
fault_sensor_drift_2,114,1789844051.2783868,1872.6,105.97,543.92,2.34,42.5,0.0209,6.52,13.77,10.95,10.0,0.0,25.0,healthy,0.0
fault_sensor_drift_2,115,1789844052.2783868,1892.7,106.38,551.07,2.4,42.93,0.0233,6.45,13.79,11.15,10.0,0.0,25.0,healthy,0.0
fault_sensor_drift_2,116,1789844053.2783868,1877.2,106.05,550.48,2.38,43.13,0.0259,6.42,13.87,11.44,10.0,0.0,25.0,healthy,0.0
fault_sensor_drift_2,117,1789844054.2783868,1866.9,106.22,547.82,2.36,43.37,0.0291,6.19,13.85,11.21,10.0,0.0,25.0,healthy,0.0
fault_sensor_drift_2,118,1789844055.2783868,1860.4,106.45,548.9,2.43,43.73,0.0338,6.11,13.93,11.21,10.0,0.0,25.0,healthy,0.0
fault_sensor_drift_2,119,1789844056.2783868,1873.3,106.98,547.04,2.42,43.99,0.0348,6.2,13.94,11.21,10.0,0.0,25.0,healthy,0.0
fault_sensor_drift_2,120,1789844057.2783868,1836.6,107.02,550.24,2.4,44.16,0.0356,6.3,13.89,11.31,10.0,0.0,25.0,healthy,0.0
fault_sensor_drift_2,121,1789844058.2783868,1830.5,107.13,547.78,2.31,44.38,0.041,6.26,13.84,11.17,10.0,0.0,25.0,healthy,0.0
fault_sensor_drift_2,122,1789844059.2783868,1835.5,107.12,549.56,2.33,44.72,0.032,6.2,13.8,11.43,10.0,0.0,25.0,healthy,0.0
fault_sensor_drift_2,123,1789844060.2783868,1849.9,107.31,550.43,2.35,45.02,0.0262,6.24,13.74,11.34,10.0,0.0,25.0,healthy,0.0
fault_sensor_drift_2,124,1789844061.2783868,1858.0,107.55,550.55,2.43,45.29,0.0243,6.36,13.71,11.3,10.0,0.0,25.0,healthy,0.0
fault_sensor_drift_2,125,1789844062.2783868,1856.4,107.63,547.12,2.48,45.5,0.0262,6.37,13.67,11.41,10.0,0.0,25.0,healthy,0.0
fault_sensor_drift_2,126,1789844063.2783868,1862.5,107.92,549.05,2.39,45.82,0.0193,6.29,13.62,11.34,10.0,0.0,25.0,healthy,0.0
fault_sensor_drift_2,127,1789844064.2783868,1884.2,108.0,545.14,2.41,46.15,0.0245,6.27,13.59,11.25,10.0,0.0,25.0,healthy,0.0
fault_sensor_drift_2,128,1789844065.2783868,1879.7,108.39,549.64,2.38,46.3,0.03,6.23,13.52,11.42,10.0,0.0,25.0,healthy,0.0
fault_sensor_drift_2,129,1789844066.2783868,1887.6,108.82,550.35,2.39,46.63,0.0315,6.44,13.58,11.31,10.0,0.0,25.0,healthy,0.0
fault_sensor_drift_2,130,1789844067.2783868,1895.4,109.12,546.98,2.45,47.01,0.0358,6.49,13.61,11.26,10.0,0.0,25.0,healthy,0.0
fault_sensor_drift_2,131,1789844068.2783868,1887.4,109.49,549.46,2.37,47.26,0.0263,6.52,13.63,11.2,10.0,0.0,25.0,healthy,0.0
fault_sensor_drift_2,132,1789844069.2783868,1870.0,109.56,549.98,2.33,47.6,0.0247,6.58,13.59,11.96,10.0,0.0,25.0,healthy,0.0
fault_sensor_drift_2,133,1789844070.2783868,1860.4,109.61,547.3,2.27,47.85,0.0313,6.54,13.63,11.6,10.0,0.0,25.0,healthy,0.0
fault_sensor_drift_2,134,1789844071.2783868,1860.5,109.58,541.74,2.34,48.25,0.0345,6.66,13.63,11.47,10.0,0.0,25.0,healthy,0.0
fault_sensor_drift_2,135,1789844072.2783868,1866.8,109.62,541.94,2.29,48.54,0.0355,6.7,13.7,11.4,10.0,0.0,25.0,healthy,0.0
fault_sensor_drift_2,136,1789844073.2783868,1851.8,109.64,543.47,2.33,48.91,0.0222,6.49,13.7,11.34,10.0,0.0,25.0,healthy,0.0
fault_sensor_drift_2,137,1789844074.2783868,1837.7,110.0,540.63,2.31,49.3,0.0177,6.34,13.69,11.61,10.0,0.0,25.0,healthy,0.0
fault_sensor_drift_2,138,1789844075.2783868,1835.3,109.93,545.38,2.31,49.4,0.0229,6.31,13.65,11.46,10.0,0.0,25.0,healthy,0.0
fault_sensor_drift_2,139,1789844076.2783868,1833.0,110.31,546.49,2.37,49.57,0.0273,6.22,13.67,11.27,10.0,0.0,25.0,healthy,0.0
fault_sensor_drift_2,140,1789844077.2783868,1844.1,110.49,545.54,2.38,49.62,0.0348,6.17,13.67,11.34,10.0,0.0,25.0,healthy,0.0
fault_sensor_drift_2,141,1789844078.2783868,1834.2,110.54,545.22,2.4,49.99,0.0355,6.3,13.67,11.53,10.0,0.0,25.0,healthy,0.0
fault_sensor_drift_2,142,1789844079.2783868,1846.7,110.47,545.5,2.36,50.17,0.0252,6.37,13.66,11.35,10.0,0.0,25.0,healthy,0.0
fault_sensor_drift_2,143,1789844080.2783868,1839.8,110.42,547.09,2.31,50.4,0.0244,6.36,13.71,11.25,10.0,0.0,25.0,healthy,0.0
fault_sensor_drift_2,144,1789844081.2783868,1838.7,110.24,549.69,2.38,50.6,0.0297,6.38,13.73,11.37,10.0,0.0,25.0,healthy,0.0
fault_sensor_drift_2,145,1789844082.2783868,1855.8,109.78,552.09,2.45,50.82,0.0304,6.21,13.77,11.29,10.0,0.0,25.0,healthy,0.0
fault_sensor_drift_2,146,1789844083.2783868,1870.4,109.85,546.5,2.42,51.2,0.0424,6.04,13.83,11.55,10.0,0.0,25.0,healthy,0.0
fault_sensor_drift_2,147,1789844084.2783868,1864.9,109.62,550.26,2.4,51.35,0.0366,6.08,13.84,11.34,10.0,0.0,25.0,healthy,0.0
fault_sensor_drift_2,148,1789844085.2783868,1829.7,109.92,547.63,2.37,51.45,0.0364,6.19,13.9,11.54,10.0,0.0,25.0,healthy,0.0
fault_sensor_drift_2,149,1789844086.2783868,1829.2,109.91,540.51,2.46,51.77,0.0353,6.33,13.83,11.58,10.0,0.0,25.0,healthy,0.0
fault_sensor_drift_2,150,1789844087.2783868,1824.1,110.24,537.75,2.53,51.98,0.0286,6.38,13.88,11.58,10.0,0.0,25.0,healthy,0.0
fault_sensor_drift_2,151,1789844088.2783868,1830.0,110.31,536.46,2.48,52.22,0.0329,6.34,13.84,11.36,10.0,0.0,25.0,healthy,0.0
fault_sensor_drift_2,152,1789844089.2783868,1854.2,110.27,535.21,2.37,52.49,0.0246,6.35,13.82,11.41,10.0,0.0,25.0,healthy,0.0
fault_sensor_drift_2,153,1789844090.2783868,1845.9,110.36,537.98,2.4,52.76,0.0306,6.27,13.71,11.58,10.0,0.0,25.0,healthy,0.0
fault_sensor_drift_2,154,1789844091.2783868,1849.5,110.23,540.54,2.38,52.83,0.0292,6.4,13.74,11.25,10.0,0.0,25.0,healthy,0.0
fault_sensor_drift_2,155,1789844092.2783868,1850.6,110.5,539.34,2.42,53.02,0.0268,6.52,13.8,11.15,10.0,0.0,25.0,healthy,0.0
fault_sensor_drift_2,156,1789844093.2783868,1843.9,110.54,541.09,2.38,53.19,0.0313,6.56,13.86,10.67,10.0,0.0,25.0,healthy,0.0
fault_sensor_drift_2,157,1789844094.2783868,1825.3,110.73,545.77,2.42,53.37,0.0323,6.57,13.75,10.92,10.0,0.0,25.0,healthy,0.0
fault_sensor_drift_2,158,1789844095.2783868,1825.0,110.68,547.45,2.46,53.51,0.0325,6.63,13.8,11.08,10.0,0.0,25.0,healthy,0.0
fault_sensor_drift_2,159,1789844096.2783868,1840.2,110.74,545.86,2.44,53.67,0.0327,6.59,13.88,11.44,10.0,0.0,25.0,healthy,0.0
fault_sensor_drift_2,160,1789844097.2783868,1840.7,110.9,540.15,2.36,54.0,0.0292,6.63,13.76,11.51,10.0,0.0,25.0,healthy,0.0
fault_sensor_drift_2,161,1789844098.2783868,1839.8,110.87,541.56,2.36,54.24,0.0212,6.58,13.79,11.46,10.0,0.0,25.0,healthy,0.0
fault_sensor_drift_2,162,1789844099.2783868,1832.3,111.04,543.68,2.33,54.43,0.017,6.5,13.76,11.41,10.0,0.0,25.0,healthy,0.0
fault_sensor_drift_2,163,1789844100.2783868,1860.4,111.09,544.02,2.4,54.48,0.0181,6.63,13.68,10.96,10.0,0.0,25.0,healthy,0.0
fault_sensor_drift_2,164,1789844101.2783868,1857.2,110.84,545.7,2.38,54.7,0.0166,6.56,13.66,10.85,10.0,0.0,25.0,healthy,0.0
fault_sensor_drift_2,165,1789844102.2783868,1840.7,110.87,544.94,2.34,55.16,0.0199,6.47,13.66,11.31,10.0,0.0,25.0,healthy,0.0
fault_sensor_drift_2,166,1789844103.2783868,1836.5,111.07,543.99,2.28,55.41,0.0218,6.51,13.73,11.77,10.0,0.0,25.0,healthy,0.0
fault_sensor_drift_2,167,1789844104.2783868,1838.6,111.25,538.4,2.25,55.74,0.0261,6.55,13.78,11.44,10.0,0.0,25.0,healthy,0.0
fault_sensor_drift_2,168,1789844105.2783868,1855.9,111.24,537.45,2.25,56.07,0.0324,6.5,13.75,11.37,10.0,0.0,25.0,healthy,0.0
fault_sensor_drift_2,169,1789844106.2783868,1842.8,111.39,536.88,2.26,56.27,0.0242,6.53,13.78,11.16,10.0,0.0,25.0,healthy,0.0
fault_sensor_drift_2,170,1789844107.2783868,1857.1,111.34,539.57,2.3,56.28,0.0214,6.68,13.77,11.57,10.0,0.0,25.0,healthy,0.0
fault_sensor_drift_2,171,1789844108.2783868,1849.0,111.58,542.04,2.34,56.58,0.0275,6.75,13.74,11.46,10.0,0.0,25.0,healthy,0.0
fault_sensor_drift_2,172,1789844109.2783868,1847.8,112.02,545.27,2.27,56.71,0.0298,6.84,13.7,11.53,10.0,0.0,25.0,healthy,0.0
fault_sensor_drift_2,173,1789844110.2783868,1833.9,112.31,542.99,2.32,56.75,0.0337,6.75,13.72,11.65,10.0,0.0,25.0,healthy,0.0
fault_sensor_drift_2,174,1789844111.2783868,1830.6,112.22,543.12,2.33,56.88,0.0302,6.72,13.71,11.6,10.0,0.0,25.0,healthy,0.0
fault_sensor_drift_2,175,1789844112.2783868,1822.8,112.01,539.54,2.35,56.93,0.0306,6.79,13.74,11.64,10.0,0.0,25.0,healthy,0.0
fault_sensor_drift_2,176,1789844113.2783868,1843.3,112.18,543.37,2.31,57.37,0.0305,6.77,13.74,11.25,10.0,0.0,25.0,healthy,0.0
fault_sensor_drift_2,177,1789844114.2783868,1837.3,112.23,552.12,2.21,57.4,0.0285,6.68,13.71,11.38,10.0,0.0,25.0,healthy,0.0
fault_sensor_drift_2,178,1789844115.2783868,1862.8,112.18,557.63,2.22,57.67,0.0249,6.74,13.78,11.35,10.0,0.0,25.0,healthy,0.0
fault_sensor_drift_2,179,1789844116.2783868,1832.9,112.13,554.73,2.37,57.96,0.0283,6.83,13.8,11.39,10.0,0.0,25.0,healthy,0.0
fault_sensor_drift_2,180,1789844117.2783868,1866.6,112.05,550.62,2.31,58.28,0.0282,6.8,13.79,11.61,10.0,0.0,25.0,healthy,0.0
fault_sensor_drift_2,181,1789844118.2783868,1868.0,112.23,552.14,2.29,58.45,0.0283,6.82,13.8,11.19,10.0,0.0,25.0,healthy,0.0
fault_sensor_drift_2,182,1789844119.2783868,1864.1,112.43,552.01,2.34,58.55,0.0271,6.86,13.87,11.18,10.0,0.0,25.0,healthy,0.0
fault_sensor_drift_2,183,1789844120.2783868,1858.3,112.29,547.21,2.38,58.75,0.0242,6.6,13.92,11.14,10.0,0.0,25.0,healthy,0.0
fault_sensor_drift_2,184,1789844121.2783868,1832.6,112.34,546.8,2.43,58.82,0.0307,6.63,13.88,10.97,10.0,0.0,25.0,healthy,0.0
fault_sensor_drift_2,185,1789844122.2783868,1827.1,112.28,545.37,2.46,59.0,0.0234,6.35,13.86,11.01,10.0,0.0,25.0,healthy,0.0
fault_sensor_drift_2,186,1789844123.2783868,1841.6,112.22,547.19,2.44,59.18,0.0174,6.32,13.91,10.95,10.0,0.0,25.0,healthy,0.0
fault_sensor_drift_2,187,1789844124.2783868,1868.4,112.29,549.69,2.46,59.45,0.0234,6.3,13.84,11.16,10.0,0.0,25.0,healthy,0.0
fault_sensor_drift_2,188,1789844125.2783868,1834.1,112.1,549.8,2.44,59.66,0.0232,6.43,13.84,11.46,10.0,0.0,25.0,healthy,0.0
fault_sensor_drift_2,189,1789844126.2783868,1827.7,111.97,546.56,2.37,59.84,0.0195,6.31,13.8,11.56,10.0,0.0,25.0,healthy,0.0
fault_sensor_drift_2,190,1789844127.2783868,1827.1,111.76,546.58,2.32,60.14,0.0202,6.33,13.81,11.64,10.0,0.0,25.0,healthy,0.0
fault_sensor_drift_2,191,1789844128.2783868,1855.6,111.63,547.31,2.31,60.29,0.0212,6.41,13.84,11.38,10.0,0.0,25.0,healthy,0.0
fault_sensor_drift_2,192,1789844129.2783868,1869.5,111.88,549.38,2.32,60.39,0.0156,6.43,13.88,11.63,10.0,0.0,25.0,healthy,0.0
fault_sensor_drift_2,193,1789844130.2783868,1858.3,111.88,549.66,2.38,60.65,0.0145,6.45,13.8,11.51,10.0,0.0,25.0,healthy,0.0
fault_sensor_drift_2,194,1789844131.2783868,1880.0,112.35,547.7,2.25,60.83,0.0079,6.37,13.75,11.09,10.0,0.0,25.0,healthy,0.0
fault_sensor_drift_2,195,1789844132.2783868,1892.2,112.43,545.13,2.3,60.97,0.016,6.42,13.73,11.08,10.0,0.0,25.0,healthy,0.0
fault_sensor_drift_2,196,1789844133.2783868,1877.6,112.42,545.64,2.26,60.99,0.0223,6.42,13.74,11.05,10.0,0.0,25.0,healthy,0.0
fault_sensor_drift_2,197,1789844134.2783868,1885.0,112.31,544.72,2.28,61.02,0.0278,6.42,13.72,11.33,10.0,0.0,25.0,healthy,0.0
fault_sensor_drift_2,198,1789844135.2783868,1885.1,112.44,547.32,2.35,61.32,0.0311,6.4,13.68,11.47,10.0,0.0,25.0,healthy,0.0
fault_sensor_drift_2,199,1789844136.2783868,1882.3,112.63,546.37,2.36,61.42,0.0249,6.43,13.75,11.22,10.0,0.0,25.0,healthy,0.0
fault_sensor_drift_2,200,1789844137.2783868,1881.2,112.33,541.79,2.38,61.54,0.0208,6.4,13.71,11.14,10.0,0.0,25.0,healthy,0.0
fault_sensor_drift_2,201,1789844138.2783868,1879.9,112.77,539.59,2.43,61.75,0.013,6.42,13.82,11.19,10.0,0.0,25.0,healthy,0.0
fault_sensor_drift_2,202,1789844139.2783868,1844.3,112.33,544.11,2.32,61.85,0.0203,6.5,13.86,10.89,10.0,0.0,25.0,healthy,0.0
fault_sensor_drift_2,203,1789844140.2783868,1810.0,112.23,545.3,2.32,61.92,0.0244,6.46,13.65,11.23,10.0,0.0,25.0,healthy,0.0
fault_sensor_drift_2,204,1789844141.2783868,1821.4,112.38,541.81,2.38,62.08,0.0281,6.49,13.67,11.29,10.0,0.0,25.0,healthy,0.0
fault_sensor_drift_2,205,1789844142.2783868,1806.8,112.42,542.95,2.42,62.23,0.0349,6.5,13.63,10.94,10.0,0.0,25.0,healthy,0.0
fault_sensor_drift_2,206,1789844143.2783868,1825.6,112.66,545.85,2.48,62.59,0.0407,6.51,13.62,11.14,10.0,0.0,25.0,healthy,0.0
fault_sensor_drift_2,207,1789844144.2783868,1800.5,112.42,550.15,2.36,62.63,0.03,6.52,13.63,11.55,10.0,0.0,25.0,healthy,0.0
fault_sensor_drift_2,208,1789844145.2783868,1800.8,112.17,548.17,2.28,62.9,0.0297,6.45,13.58,11.67,10.0,0.0,25.0,healthy,0.0
fault_sensor_drift_2,209,1789844146.2783868,1802.7,111.74,545.55,2.31,63.11,0.032,6.3,13.7,11.65,10.0,0.0,25.0,healthy,0.0
fault_sensor_drift_2,210,1789844147.2783868,1809.0,111.42,544.3,2.34,63.16,0.0353,6.27,13.75,11.79,10.0,0.0,25.0,healthy,0.0
fault_sensor_drift_2,211,1789844148.2783868,1832.9,111.36,548.79,2.31,63.34,0.0405,6.4,13.7,11.38,10.0,0.0,25.0,healthy,0.0
fault_sensor_drift_2,212,1789844149.2783868,1836.6,111.62,549.75,2.31,63.46,0.0356,6.46,13.76,11.56,10.0,0.0,25.0,healthy,0.0
fault_sensor_drift_2,213,1789844150.2783868,1850.5,111.72,550.07,2.31,63.82,0.0347,6.41,13.79,11.87,10.0,0.0,25.0,healthy,0.0
fault_sensor_drift_2,214,1789844151.2783868,1847.6,111.58,548.46,2.31,64.03,0.0291,6.68,13.76,11.6,10.0,0.0,25.0,healthy,0.0
fault_sensor_drift_2,215,1789844152.2783868,1831.6,111.79,546.84,2.31,64.3,0.0303,6.82,13.83,11.32,10.0,0.0,25.0,healthy,0.0
fault_sensor_drift_2,216,1789844153.2783868,1838.2,111.78,543.89,2.34,64.31,0.0274,6.8,13.82,11.63,10.0,0.0,25.0,healthy,0.0
fault_sensor_drift_2,217,1789844154.2783868,1826.9,111.96,543.71,2.3,64.47,0.0275,6.77,13.78,11.67,10.0,0.0,25.0,healthy,0.0
fault_sensor_drift_2,218,1789844155.2783868,1827.3,111.67,540.96,2.28,64.56,0.0263,6.68,13.84,11.69,10.0,0.0,25.0,healthy,0.0
fault_sensor_drift_2,219,1789844156.2783868,1844.3,111.8,537.07,2.37,64.68,0.0267,6.55,13.8,11.65,10.0,0.0,25.0,healthy,0.0
fault_sensor_drift_2,220,1789844157.2783868,1846.0,111.46,535.68,2.36,64.88,0.0247,6.52,13.82,11.58,10.0,0.0,25.0,healthy,0.0
fault_sensor_drift_2,221,1789844158.2783868,1813.0,111.57,536.95,2.32,65.17,0.0187,6.39,13.86,11.73,10.0,0.0,25.0,healthy,0.0
fault_sensor_drift_2,222,1789844159.2783868,1819.4,111.55,545.6,2.37,65.37,0.0287,6.4,13.89,11.59,10.0,0.0,25.0,healthy,0.0
fault_sensor_drift_2,223,1789844160.2783868,1840.6,111.38,545.81,2.33,65.48,0.0291,6.25,13.9,11.33,10.0,0.0,25.0,healthy,0.0
fault_sensor_drift_2,224,1789844161.2783868,1844.5,111.21,544.87,2.29,65.76,0.0321,6.3,14.0,11.37,10.0,0.0,25.0,healthy,0.0
fault_sensor_drift_2,225,1789844162.2783868,1841.7,110.77,546.62,2.23,65.91,0.0293,6.3,13.9,11.58,10.0,0.0,25.0,healthy,0.0
fault_sensor_drift_2,226,1789844163.2783868,1845.6,110.79,547.31,2.24,66.08,0.0287,6.33,13.81,11.49,10.0,0.0,25.0,healthy,0.0
fault_sensor_drift_2,227,1789844164.2783868,1847.7,110.9,547.76,2.2,66.27,0.0353,6.3,13.76,11.45,10.0,0.0,25.0,healthy,0.0
fault_sensor_drift_2,228,1789844165.2783868,1806.3,110.82,549.52,2.29,66.31,0.0233,6.19,13.72,11.36,10.0,0.0,25.0,healthy,0.0
fault_sensor_drift_2,229,1789844166.2783868,1817.6,110.93,553.44,2.24,66.36,0.0244,6.35,13.69,11.74,10.0,0.0,25.0,healthy,0.0
fault_sensor_drift_2,230,1789844167.2783868,1794.5,110.99,548.27,2.36,66.75,0.027,6.35,13.64,11.11,10.0,0.0,25.0,healthy,0.0
fault_sensor_drift_2,231,1789844168.2783868,1788.5,111.11,548.45,2.3,66.83,0.0241,6.41,13.61,11.27,10.0,0.0,25.0,healthy,0.0
fault_sensor_drift_2,232,1789844169.2783868,1804.4,111.06,552.3,2.3,67.04,0.0296,6.48,13.62,11.63,10.0,0.0,25.0,healthy,0.0
fault_sensor_drift_2,233,1789844170.2783868,1804.3,110.68,550.43,2.22,67.09,0.0281,6.4,13.57,11.84,10.0,0.0,25.0,healthy,0.0
fault_sensor_drift_2,234,1789844171.2783868,1800.1,110.63,547.64,2.21,67.37,0.0274,6.41,13.62,11.62,10.0,0.0,25.0,healthy,0.0
fault_sensor_drift_2,235,1789844172.2783868,1815.3,110.71,557.44,2.26,67.48,0.0312,6.37,13.64,11.53,10.0,0.0,25.0,healthy,0.0
fault_sensor_drift_2,236,1789844173.2783868,1813.4,110.86,554.68,2.36,67.59,0.0303,6.41,13.6,11.25,10.0,0.0,25.0,healthy,0.0
fault_sensor_drift_2,237,1789844174.2783868,1845.1,110.79,550.18,2.44,67.57,0.0261,6.61,13.68,11.24,10.0,0.0,25.0,healthy,0.0
fault_sensor_drift_2,238,1789844175.2783868,1842.2,110.56,551.31,2.42,67.85,0.0291,6.5,13.75,11.04,10.0,0.0,25.0,healthy,0.0
fault_sensor_drift_2,239,1789844176.2783868,1860.2,110.59,554.17,2.36,67.8,0.0285,6.46,13.77,11.28,10.0,0.0,25.0,healthy,0.0
fault_sensor_drift_2,240,1789844177.2783868,1843.1,110.59,550.17,2.32,67.97,0.0149,6.52,13.78,11.4,10.0,0.0,25.0,healthy,0.0
fault_sensor_drift_2,241,1789844178.2783868,1824.8,110.73,554.0,2.44,68.16,0.0246,6.4,13.81,11.38,10.0,0.0,25.0,healthy,0.0
fault_sensor_drift_2,242,1789844179.2783868,1833.2,110.78,554.03,2.37,68.21,0.0253,6.37,13.69,11.33,10.0,0.0,25.0,healthy,0.0
fault_sensor_drift_2,243,1789844180.2783868,1815.4,110.6,549.96,2.37,68.23,0.0297,6.4,13.77,11.3,10.0,0.0,25.0,healthy,0.0
fault_sensor_drift_2,244,1789844181.2783868,1845.7,110.67,546.48,2.35,68.36,0.0262,6.41,13.77,11.44,10.0,0.0,25.0,healthy,0.0
fault_sensor_drift_2,245,1789844182.2783868,1830.0,110.91,540.25,2.32,68.52,0.0114,6.57,13.75,11.02,10.0,0.0,25.0,healthy,0.0
fault_sensor_drift_2,246,1789844183.2783868,1818.2,110.65,539.23,2.39,68.5,0.0205,6.49,13.69,11.08,10.0,0.0,25.0,healthy,0.0
fault_sensor_drift_2,247,1789844184.2783868,1796.4,110.78,544.82,2.47,68.64,0.0229,6.52,13.74,11.29,10.0,0.0,25.0,healthy,0.0
fault_sensor_drift_2,248,1789844185.2783868,1798.6,110.79,548.43,2.37,68.83,0.0323,6.45,13.7,10.83,10.0,0.0,25.0,healthy,0.0
fault_sensor_drift_2,249,1789844186.2783868,1797.2,110.79,549.92,2.35,69.07,0.0339,6.47,13.75,11.11,10.0,0.0,25.0,healthy,0.0
fault_sensor_drift_2,250,1789844187.2783868,1799.6,110.74,549.58,2.4,69.0,0.0351,6.27,13.69,11.43,10.0,0.0,25.0,healthy,0.0
fault_sensor_drift_2,251,1789844188.2783868,1783.8,110.91,554.23,2.3,69.02,0.0305,6.27,13.64,11.59,10.0,0.0,25.0,healthy,0.0
fault_sensor_drift_2,252,1789844189.2783868,1762.8,110.76,554.73,2.37,69.12,0.0308,6.19,13.66,11.39,10.0,0.0,25.0,healthy,0.0
fault_sensor_drift_2,253,1789844190.2783868,1788.5,110.78,555.6,2.3,69.37,0.0297,6.18,13.54,11.42,10.0,0.0,25.0,healthy,0.0
fault_sensor_drift_2,254,1789844191.2783868,1808.4,110.72,555.16,2.25,69.52,0.03,6.31,13.58,11.32,10.0,0.0,25.0,healthy,0.0
fault_sensor_drift_2,255,1789844192.2783868,1810.1,111.17,549.96,2.24,69.6,0.0235,6.41,13.56,11.69,10.0,0.0,25.0,healthy,0.0
fault_sensor_drift_2,256,1789844193.2783868,1808.0,111.06,547.29,2.24,69.79,0.0221,6.42,13.59,11.1,10.0,0.0,25.0,healthy,0.0
fault_sensor_drift_2,257,1789844194.2783868,1807.1,111.05,550.71,2.3,70.0,0.019,6.37,13.66,11.42,10.0,0.0,25.0,healthy,0.0
fault_sensor_drift_2,258,1789844195.2783868,1810.7,111.07,553.17,2.3,70.13,0.024,6.5,13.72,11.34,10.0,0.0,25.0,healthy,0.0
fault_sensor_drift_2,259,1789844196.2783868,1809.1,111.23,550.32,2.38,70.26,0.022,6.49,13.74,11.58,10.0,0.0,25.0,healthy,0.0
fault_sensor_drift_2,260,1789844197.2783868,1826.5,111.25,554.97,2.31,70.59,0.0298,6.44,13.77,11.05,10.0,0.0,25.0,healthy,0.0
fault_sensor_drift_2,261,1789844198.2783868,1830.6,111.68,550.97,2.33,70.73,0.0376,6.51,13.78,10.94,10.0,0.0,25.0,healthy,0.0
fault_sensor_drift_2,262,1789844199.2783868,1856.6,111.94,552.2,2.37,70.66,0.0199,6.46,13.73,11.04,10.0,0.0,25.0,healthy,0.0
fault_sensor_drift_2,263,1789844200.2783868,1869.0,112.29,557.44,2.34,70.88,0.0191,6.51,13.72,11.27,10.0,0.0,25.0,healthy,0.0
fault_sensor_drift_2,264,1789844201.2783868,1876.3,112.24,554.17,2.34,71.07,0.0152,6.35,13.78,10.99,10.0,0.0,25.0,healthy,0.0
fault_sensor_drift_2,265,1789844202.2783868,1872.9,111.99,553.59,2.32,71.18,0.0209,6.21,13.76,11.42,10.0,0.0,25.0,healthy,0.0
fault_sensor_drift_2,266,1789844203.2783868,1871.9,111.88,552.8,2.36,71.13,0.0227,6.41,13.79,11.42,10.0,0.0,25.0,healthy,0.0
fault_sensor_drift_2,267,1789844204.2783868,1909.0,111.74,555.96,2.33,71.22,0.0204,6.4,13.78,11.16,10.0,0.0,25.0,healthy,0.0
fault_sensor_drift_2,268,1789844205.2783868,1892.4,111.73,551.27,2.29,71.54,0.0209,6.4,13.76,10.71,10.0,0.0,25.0,healthy,0.0
fault_sensor_drift_2,269,1789844206.2783868,1877.7,111.92,551.78,2.35,71.74,0.0197,6.38,13.75,10.92,10.0,0.0,25.0,healthy,0.0
fault_sensor_drift_2,270,1789844207.2783868,1860.4,111.66,550.58,2.29,71.91,0.0241,6.62,13.76,10.87,10.0,0.0,25.0,healthy,0.0
fault_sensor_drift_2,271,1789844208.2783868,1857.3,111.64,551.92,2.3,71.97,0.0294,6.52,13.79,11.37,10.0,0.0,25.0,healthy,0.0
fault_sensor_drift_2,272,1789844209.2783868,1847.3,111.66,550.47,2.42,72.12,0.027,6.37,13.77,11.86,10.0,0.0,25.0,healthy,0.0
fault_sensor_drift_2,273,1789844210.2783868,1852.4,111.69,547.66,2.4,72.29,0.0261,6.38,13.77,11.63,10.0,0.0,25.0,healthy,0.0
fault_sensor_drift_2,274,1789844211.2783868,1814.6,111.58,546.52,2.39,72.46,0.0323,6.38,13.78,11.87,10.0,0.0,25.0,healthy,0.0
fault_sensor_drift_2,275,1789844212.2783868,1822.8,111.94,538.83,2.39,72.41,0.0276,6.47,13.87,11.37,10.0,0.0,25.0,healthy,0.0
fault_sensor_drift_2,276,1789844213.2783868,1827.7,112.29,541.2,2.32,72.43,0.0159,6.32,13.83,11.69,10.0,0.0,25.0,healthy,0.0
fault_sensor_drift_2,277,1789844214.2783868,1841.1,112.0,541.4,2.36,72.43,0.0193,6.36,13.81,11.64,10.0,0.0,25.0,healthy,0.0
fault_sensor_drift_2,278,1789844215.2783868,1855.8,111.76,541.6,2.4,72.61,0.0178,6.32,13.82,11.38,10.0,0.0,25.0,healthy,0.0
fault_sensor_drift_2,279,1789844216.2783868,1839.7,111.76,543.63,2.32,72.76,0.0163,6.32,13.81,11.24,10.0,0.0,25.0,healthy,0.0
fault_sensor_drift_2,280,1789844217.2783868,1871.7,111.74,539.9,2.35,73.17,0.0224,6.21,13.85,11.49,10.0,0.0,25.0,healthy,0.0
fault_sensor_drift_2,281,1789844218.2783868,1860.3,111.72,536.79,2.37,73.33,0.0217,6.49,13.85,11.32,10.0,0.0,25.0,healthy,0.0
fault_sensor_drift_2,282,1789844219.2783868,1870.2,111.65,540.12,2.32,73.4,0.0216,6.41,13.8,11.26,10.0,0.0,25.0,healthy,0.0
fault_sensor_drift_2,283,1789844220.2783868,1884.7,111.86,545.59,2.27,73.48,0.023,6.52,13.85,11.47,10.0,0.0,25.0,healthy,0.0
fault_sensor_drift_2,284,1789844221.2783868,1875.7,111.39,548.24,2.28,73.54,0.0288,6.31,13.82,11.2,10.0,0.0,25.0,healthy,0.0
fault_sensor_drift_2,285,1789844222.2783868,1862.7,111.25,546.13,2.31,73.86,0.0282,6.44,13.87,11.26,10.0,0.0,25.0,healthy,0.0
fault_sensor_drift_2,286,1789844223.2783868,1883.0,111.32,550.4,2.31,73.86,0.028,6.39,13.79,11.62,10.0,0.0,25.0,healthy,0.0
fault_sensor_drift_2,287,1789844224.2783868,1861.0,111.21,544.66,2.24,74.08,0.0291,6.43,13.82,11.33,10.0,0.0,25.0,healthy,0.0
fault_sensor_drift_2,288,1789844225.2783868,1875.1,111.5,549.83,2.24,74.22,0.025,6.44,13.82,11.37,10.0,0.0,25.0,healthy,0.0
fault_sensor_drift_2,289,1789844226.2783868,1848.8,111.27,550.39,2.39,74.36,0.0263,6.53,13.81,11.38,10.0,0.0,25.0,healthy,0.0
fault_sensor_drift_2,290,1789844227.2783868,1827.8,111.28,546.23,2.38,74.46,0.0372,6.51,13.84,11.65,10.0,0.0,25.0,healthy,0.0
fault_sensor_drift_2,291,1789844228.2783868,1857.4,111.29,552.8,2.39,74.51,0.036,6.57,13.79,11.62,10.0,0.0,25.0,healthy,0.0
fault_sensor_drift_2,292,1789844229.2783868,1845.5,111.35,553.86,2.39,74.45,0.0352,6.56,13.79,11.74,10.0,0.0,25.0,healthy,0.0
fault_sensor_drift_2,293,1789844230.2783868,1841.8,111.21,551.91,2.45,74.41,0.0367,6.6,13.69,11.26,10.0,0.0,25.0,healthy,0.0
fault_sensor_drift_2,294,1789844231.2783868,1811.5,111.02,554.4,2.41,74.63,0.0304,6.34,13.7,11.58,10.0,0.0,25.0,healthy,0.0
fault_sensor_drift_2,295,1789844232.2783868,1824.4,110.99,555.81,2.49,74.7,0.0346,6.4,13.7,11.54,10.0,0.0,25.0,healthy,0.0
fault_sensor_drift_2,296,1789844233.2783868,1813.0,110.94,550.28,2.4,74.76,0.0236,6.45,13.7,11.48,10.0,0.0,25.0,healthy,0.0
fault_sensor_drift_2,297,1789844234.2783868,1811.5,110.89,548.77,2.44,74.78,0.0219,6.5,13.75,11.56,10.0,0.0,25.0,healthy,0.0
fault_sensor_drift_2,298,1789844235.2783868,1807.3,110.82,545.73,2.43,74.96,0.0228,6.63,13.76,11.43,10.0,0.0,25.0,healthy,0.0
fault_sensor_drift_2,299,1789844236.2783868,1809.0,110.58,545.23,2.4,75.04,0.0248,6.68,13.79,11.09,10.0,0.0,25.0,healthy,0.0
fault_sensor_drift_2,300,1789844237.2783868,3750.7,110.85,584.49,3.96,75.02,0.0543,15.37,14.05,18.04,100.0,5.0,25.0,healthy,0.0
fault_sensor_drift_2,301,1789844238.2783868,4726.5,112.21,633.76,4.72,75.18,0.0701,20.77,14.12,21.45,100.0,10.0,24.9,healthy,0.0
fault_sensor_drift_2,302,1789844239.2783868,5211.8,113.64,682.54,5.03,75.43,0.0876,23.86,14.22,23.02,100.0,15.0,24.9,healthy,0.0
fault_sensor_drift_2,303,1789844240.2783868,5487.4,114.89,723.56,5.24,75.53,0.0804,25.48,14.23,23.97,100.0,20.0,24.9,healthy,0.0
fault_sensor_drift_2,304,1789844241.2783868,5649.4,116.22,761.73,5.38,75.74,0.0866,26.16,14.33,24.41,100.0,25.0,24.8,healthy,0.0
fault_sensor_drift_2,305,1789844242.2783868,5718.2,117.77,787.26,5.47,75.87,0.0899,26.86,14.33,24.66,100.0,30.0,24.8,healthy,0.0
fault_sensor_drift_2,306,1789844243.2783868,5746.1,119.35,806.14,5.47,76.12,0.087,26.95,14.23,25.04,100.0,35.0,24.8,healthy,0.0
fault_sensor_drift_2,307,1789844244.2783868,5748.1,120.06,823.37,5.46,76.51,0.0878,27.07,14.31,25.07,100.0,40.0,24.7,healthy,0.0
fault_sensor_drift_2,308,1789844245.2783868,5764.8,120.91,828.74,5.5,76.52,0.0914,27.3,14.35,25.14,100.0,45.0,24.7,healthy,0.0
fault_sensor_drift_2,309,1789844246.2783868,5767.5,121.95,830.07,5.46,76.73,0.0955,27.2,14.36,24.99,100.0,50.0,24.7,healthy,0.0
fault_sensor_drift_2,310,1789844247.2783868,5794.9,122.83,840.61,5.55,76.92,0.1036,27.09,14.49,25.03,100.0,55.0,24.6,healthy,0.0
fault_sensor_drift_2,311,1789844248.2783868,5804.2,123.71,848.1,5.51,77.09,0.1061,27.12,14.55,24.89,100.0,60.0,24.6,healthy,0.0
fault_sensor_drift_2,312,1789844249.2783868,5787.7,124.78,853.07,5.51,77.23,0.099,27.05,14.54,25.13,100.0,65.0,24.6,healthy,0.0
fault_sensor_drift_2,313,1789844250.2783868,5791.6,125.78,853.59,5.49,77.52,0.0979,27.26,14.5,25.27,100.0,70.0,24.5,healthy,0.0
fault_sensor_drift_2,314,1789844251.2783868,5770.7,126.72,851.7,5.54,77.77,0.1009,27.15,14.38,25.09,100.0,75.0,24.5,healthy,0.0
fault_sensor_drift_2,315,1789844252.2783868,5782.7,127.4,856.98,5.63,77.93,0.0936,27.12,14.33,24.81,100.0,80.0,24.5,healthy,0.0
fault_sensor_drift_2,316,1789844253.2783868,5798.2,128.29,859.11,5.57,78.1,0.1022,27.0,14.29,24.83,100.0,85.0,24.4,healthy,0.0
fault_sensor_drift_2,317,1789844254.2783868,5790.9,129.09,859.32,5.55,78.19,0.0922,27.03,14.37,25.18,100.0,90.0,24.4,healthy,0.0
fault_sensor_drift_2,318,1789844255.2783868,5779.6,129.92,858.07,5.42,78.36,0.0943,27.0,14.28,25.47,100.0,95.0,24.4,healthy,0.0
fault_sensor_drift_2,319,1789844256.2783868,5781.4,130.16,857.92,5.39,78.68,0.097,26.89,14.29,25.38,100.0,100.0,24.4,healthy,0.0
fault_sensor_drift_2,320,1789844257.2783868,5790.3,130.5,856.86,5.41,78.81,0.0992,26.88,14.25,25.23,100.0,105.0,24.3,healthy,0.0
fault_sensor_drift_2,321,1789844258.2783868,5793.4,131.43,861.08,5.39,79.03,0.1005,26.82,14.24,25.14,100.0,110.0,24.3,healthy,0.0
fault_sensor_drift_2,322,1789844259.2783868,5787.3,131.95,863.71,5.42,79.1,0.0919,26.9,14.19,25.57,100.0,115.0,24.3,healthy,0.0
fault_sensor_drift_2,323,1789844260.2783868,5781.1,132.42,860.12,5.45,79.47,0.0942,27.08,14.21,25.39,100.0,120.0,24.2,healthy,0.0
fault_sensor_drift_2,324,1789844261.2783868,5750.3,133.04,860.88,5.45,79.75,0.0998,27.14,14.15,25.04,100.0,125.0,24.2,healthy,0.0
fault_sensor_drift_2,325,1789844262.2783868,5761.9,133.65,855.35,5.49,79.96,0.099,27.05,14.12,24.77,100.0,130.0,24.2,healthy,0.0
fault_sensor_drift_2,326,1789844263.2783868,5777.9,134.24,857.5,5.47,80.12,0.0973,27.06,14.08,24.84,100.0,135.0,24.1,healthy,0.0
fault_sensor_drift_2,327,1789844264.2783868,5775.6,134.62,856.14,5.48,80.38,0.0909,27.1,14.16,25.16,100.0,140.0,24.1,healthy,0.0
fault_sensor_drift_2,328,1789844265.2783868,5799.0,135.09,856.32,5.47,80.54,0.0954,27.01,14.28,24.84,100.0,145.0,24.1,healthy,0.0
fault_sensor_drift_2,329,1789844266.2783868,5791.5,135.33,857.45,5.48,80.87,0.1019,26.98,14.34,24.75,100.0,150.0,24.0,healthy,0.0
fault_sensor_drift_2,330,1789844267.2783868,5804.3,135.55,856.28,5.46,80.89,0.1096,26.98,14.33,24.6,100.0,155.0,24.0,healthy,0.0
fault_sensor_drift_2,331,1789844268.2783868,5799.9,135.65,855.82,5.46,81.25,0.1027,26.99,14.36,24.9,100.0,160.0,24.0,healthy,0.0
fault_sensor_drift_2,332,1789844269.2783868,5787.7,136.13,853.97,5.51,81.38,0.0964,26.79,14.27,24.71,100.0,165.0,23.9,healthy,0.0
fault_sensor_drift_2,333,1789844270.2783868,5825.8,136.16,851.71,5.5,81.53,0.0908,26.84,14.3,24.33,100.0,170.0,23.9,healthy,0.0
fault_sensor_drift_2,334,1789844271.2783868,5829.9,136.36,849.15,5.53,81.71,0.1001,26.84,14.35,25.03,100.0,175.0,23.9,healthy,0.0
fault_sensor_drift_2,335,1789844272.2783868,5829.3,136.54,853.75,5.46,81.81,0.1126,26.98,14.26,25.3,100.0,180.0,23.8,healthy,0.0
fault_sensor_drift_2,336,1789844273.2783868,5803.5,136.94,855.56,5.45,81.89,0.1143,27.1,14.23,25.21,100.0,185.0,23.8,healthy,0.0
fault_sensor_drift_2,337,1789844274.2783868,5790.7,137.1,856.93,5.52,82.08,0.1073,26.98,14.21,25.43,100.0,190.0,23.8,healthy,0.0
fault_sensor_drift_2,338,1789844275.2783868,5777.0,137.54,854.39,5.52,82.19,0.1086,26.99,14.24,25.19,100.0,195.0,23.7,healthy,0.0
fault_sensor_drift_2,339,1789844276.2783868,5760.8,137.6,852.99,5.56,82.45,0.1072,26.83,14.32,25.12,100.0,200.0,23.7,healthy,0.0
fault_sensor_drift_2,340,1789844277.2783868,5751.0,137.84,852.72,5.55,82.63,0.106,26.75,14.34,25.22,100.0,205.0,23.7,healthy,0.0
fault_sensor_drift_2,341,1789844278.2783868,5771.4,138.05,850.68,5.54,82.94,0.1034,26.88,14.39,25.22,100.0,210.0,23.6,healthy,0.0
fault_sensor_drift_2,342,1789844279.2783868,5737.4,138.16,855.4,5.44,83.06,0.1045,26.85,14.34,25.46,100.0,215.0,23.6,healthy,0.0
fault_sensor_drift_2,343,1789844280.2783868,5761.1,138.26,859.75,5.49,83.22,0.1043,26.88,14.36,25.1,100.0,220.0,23.6,healthy,0.0
fault_sensor_drift_2,344,1789844281.2783868,5776.5,138.21,860.58,5.47,83.41,0.1033,26.97,14.29,25.42,100.0,225.0,23.5,healthy,0.0
fault_sensor_drift_2,345,1789844282.2783868,5793.5,138.58,859.96,5.5,83.77,0.0972,26.98,14.28,25.07,100.0,230.0,23.5,healthy,0.0
fault_sensor_drift_2,346,1789844283.2783868,5781.7,138.62,858.1,5.52,83.88,0.0888,26.95,14.21,25.08,100.0,235.0,23.5,healthy,0.0
fault_sensor_drift_2,347,1789844284.2783868,5797.6,138.6,860.66,5.51,84.12,0.0945,26.97,14.23,25.1,100.0,240.0,23.4,healthy,0.0
fault_sensor_drift_2,348,1789844285.2783868,5801.4,138.95,860.74,5.52,84.24,0.099,26.98,14.18,25.1,100.0,245.0,23.4,healthy,0.0
fault_sensor_drift_2,349,1789844286.2783868,5780.9,139.05,863.46,5.61,84.16,0.0992,26.93,14.16,25.13,100.0,250.0,23.4,healthy,0.0
fault_sensor_drift_2,350,1789844287.2783868,5784.4,139.36,863.48,5.49,84.45,0.0994,26.97,14.14,24.88,100.0,255.0,23.3,healthy,0.0
fault_sensor_drift_2,351,1789844288.2783868,5795.1,139.59,866.36,5.5,84.59,0.1089,26.84,14.21,25.23,100.0,260.0,23.3,healthy,0.0
fault_sensor_drift_2,352,1789844289.2783868,5776.1,139.22,868.18,5.54,84.9,0.111,26.92,14.24,25.14,100.0,265.0,23.3,healthy,0.0
fault_sensor_drift_2,353,1789844290.2783868,5765.0,139.5,865.66,5.51,85.11,0.1029,26.79,14.16,25.18,100.0,270.0,23.2,healthy,0.0
fault_sensor_drift_2,354,1789844291.2783868,5768.6,139.58,865.14,5.51,85.4,0.1059,26.78,14.13,24.85,100.0,275.0,23.2,healthy,0.0
fault_sensor_drift_2,355,1789844292.2783868,5744.6,139.54,863.46,5.52,85.8,0.1071,26.79,14.14,25.12,100.0,280.0,23.2,healthy,0.0
fault_sensor_drift_2,356,1789844293.2783868,5761.4,139.41,862.17,5.47,86.04,0.0997,26.7,14.13,25.3,100.0,285.0,23.1,healthy,0.0
fault_sensor_drift_2,357,1789844294.2783868,5765.7,139.6,857.97,5.42,86.06,0.0998,26.74,14.13,24.89,100.0,290.0,23.1,healthy,0.0
fault_sensor_drift_2,358,1789844295.2783868,5737.0,139.63,861.34,5.45,86.08,0.0996,26.84,14.17,24.79,100.0,295.0,23.1,healthy,0.0
fault_sensor_drift_2,359,1789844296.2783868,5750.4,140.06,862.97,5.46,86.19,0.0955,26.8,14.19,25.13,100.0,300.0,23.1,healthy,0.0
fault_sensor_drift_2,360,1789844297.2783868,5719.0,140.4,859.93,5.58,86.49,0.102,26.78,14.19,24.88,100.0,305.0,23.0,healthy,0.0
fault_sensor_drift_2,361,1789844298.2783868,5736.5,140.42,854.49,5.69,86.82,0.1067,26.79,14.09,24.34,100.0,310.0,23.0,healthy,0.0
fault_sensor_drift_2,362,1789844299.2783868,5764.0,140.04,856.78,5.6,86.97,0.1066,26.87,14.13,24.79,100.0,315.0,23.0,healthy,0.0
fault_sensor_drift_2,363,1789844300.2783868,5799.1,139.92,858.66,5.65,87.02,0.105,26.71,14.13,24.89,100.0,320.0,22.9,healthy,0.0
fault_sensor_drift_2,364,1789844301.2783868,5817.8,139.83,863.94,5.73,87.11,0.1083,26.72,14.05,24.99,100.0,325.0,22.9,healthy,0.0
fault_sensor_drift_2,365,1789844302.2783868,5821.7,139.86,861.81,5.68,87.32,0.1044,26.86,14.16,24.73,100.0,330.0,22.9,healthy,0.0
fault_sensor_drift_2,366,1789844303.2783868,5847.3,140.01,859.82,5.71,87.62,0.1079,26.84,14.15,24.7,100.0,335.0,22.8,healthy,0.0
fault_sensor_drift_2,367,1789844304.2783868,5821.3,140.15,855.64,5.67,87.77,0.106,27.03,14.18,24.93,100.0,340.0,22.8,healthy,0.0
fault_sensor_drift_2,368,1789844305.2783868,5809.4,140.39,855.05,5.58,87.77,0.1048,27.01,14.22,24.92,100.0,345.0,22.8,healthy,0.0
fault_sensor_drift_2,369,1789844306.2783868,5797.7,140.48,853.19,5.55,87.97,0.096,26.82,14.29,24.83,100.0,350.0,22.7,healthy,0.0
fault_sensor_drift_2,370,1789844307.2783868,5815.4,140.64,853.12,5.58,88.16,0.0949,26.9,14.31,24.96,100.0,355.0,22.7,healthy,0.0
fault_sensor_drift_2,371,1789844308.2783868,5807.1,140.68,850.35,5.47,88.33,0.0954,26.85,14.26,25.07,100.0,360.0,22.7,healthy,0.0
fault_sensor_drift_2,372,1789844309.2783868,5843.8,140.89,851.75,5.44,88.25,0.0986,26.79,14.24,25.19,100.0,365.0,22.6,healthy,0.0
fault_sensor_drift_2,373,1789844310.2783868,5854.0,140.71,853.8,5.44,88.27,0.1013,26.88,14.17,24.98,100.0,370.0,22.6,healthy,0.0
fault_sensor_drift_2,374,1789844311.2783868,5854.9,140.79,861.95,5.54,88.46,0.1051,27.03,14.08,24.72,100.0,375.0,22.6,healthy,0.0
fault_sensor_drift_2,375,1789844312.2783868,5837.5,140.69,860.77,5.49,88.38,0.1,26.99,14.09,24.95,100.0,380.0,22.5,healthy,0.0
fault_sensor_drift_2,376,1789844313.2783868,5848.5,140.82,860.71,5.42,88.58,0.1006,27.0,14.24,25.33,100.0,385.0,22.5,healthy,0.0
fault_sensor_drift_2,377,1789844314.2783868,5830.4,140.6,861.78,5.39,88.69,0.0956,27.01,14.2,25.24,100.0,390.0,22.5,healthy,0.0
fault_sensor_drift_2,378,1789844315.2783868,5823.5,140.5,858.19,5.41,88.82,0.0938,27.13,14.29,25.35,100.0,395.0,22.4,healthy,0.0
fault_sensor_drift_2,379,1789844316.2783868,5807.9,140.42,854.58,5.49,89.07,0.0907,27.08,14.24,25.3,100.0,400.0,22.4,healthy,0.0
fault_sensor_drift_2,380,1789844317.2783868,5793.6,140.64,851.17,5.52,89.26,0.0933,27.17,14.25,25.27,100.0,405.0,22.4,healthy,0.0
fault_sensor_drift_2,381,1789844318.2783868,5817.6,140.88,856.19,5.49,89.65,0.0941,27.21,14.29,25.5,100.0,410.0,22.3,healthy,0.0
fault_sensor_drift_2,382,1789844319.2783868,5839.0,141.12,855.88,5.6,89.77,0.0893,27.34,14.26,25.21,100.0,415.0,22.3,healthy,0.0
fault_sensor_drift_2,383,1789844320.2783868,5831.8,140.8,856.44,5.56,89.79,0.0945,27.3,14.32,25.18,100.0,420.0,22.3,healthy,0.0
fault_sensor_drift_2,384,1789844321.2783868,5810.2,140.97,861.69,5.43,89.93,0.0931,27.32,14.3,25.02,100.0,425.0,22.2,healthy,0.0
fault_sensor_drift_2,385,1789844322.2783868,5796.5,141.03,859.64,5.37,90.05,0.0889,27.07,14.32,25.16,100.0,430.0,22.2,healthy,0.0
fault_sensor_drift_2,386,1789844323.2783868,5777.2,140.92,859.01,5.35,90.08,0.0929,27.06,14.29,25.06,100.0,435.0,22.2,healthy,0.0
fault_sensor_drift_2,387,1789844324.2783868,5807.1,140.97,857.23,5.41,90.13,0.0948,26.83,14.32,25.54,100.0,440.0,22.1,healthy,0.0
fault_sensor_drift_2,388,1789844325.2783868,5802.0,141.14,860.83,5.39,90.1,0.1031,26.97,14.33,25.38,100.0,445.0,22.1,healthy,0.0
fault_sensor_drift_2,389,1789844326.2783868,5784.0,141.13,858.69,5.44,90.37,0.0931,27.03,14.29,25.16,100.0,450.0,22.1,healthy,0.0
fault_sensor_drift_2,390,1789844327.2783868,5757.6,141.33,857.38,5.38,90.47,0.083,27.09,14.37,25.05,100.0,455.0,22.0,healthy,0.0
fault_sensor_drift_2,391,1789844328.2783868,5762.3,141.39,857.97,5.43,90.59,0.086,27.01,14.38,25.45,100.0,460.0,22.0,healthy,0.0
fault_sensor_drift_2,392,1789844329.2783868,5790.2,141.57,859.6,5.44,90.7,0.0911,27.07,14.33,25.36,100.0,465.0,22.0,healthy,0.0
fault_sensor_drift_2,393,1789844330.2783868,5798.3,141.49,855.8,5.34,90.73,0.0988,26.94,14.32,25.42,100.0,470.0,21.9,healthy,0.0
fault_sensor_drift_2,394,1789844331.2783868,5812.4,141.11,852.77,5.46,90.85,0.0965,26.91,14.33,24.8,100.0,475.0,21.9,healthy,0.0
fault_sensor_drift_2,395,1789844332.2783868,5787.0,141.11,851.79,5.48,90.98,0.0986,26.95,14.21,24.66,100.0,480.0,21.9,healthy,0.0
fault_sensor_drift_2,396,1789844333.2783868,5794.0,140.98,853.08,5.48,90.92,0.0905,26.71,14.23,25.06,100.0,485.0,21.8,healthy,0.0
fault_sensor_drift_2,397,1789844334.2783868,5815.3,140.86,852.07,5.51,91.21,0.1009,26.82,14.15,25.15,100.0,490.0,21.8,healthy,0.0
fault_sensor_drift_2,398,1789844335.2783868,5825.6,140.83,849.55,5.56,91.39,0.0978,26.67,14.08,25.04,100.0,495.0,21.8,healthy,0.0
fault_sensor_drift_2,399,1789844336.2783868,5796.9,140.57,849.09,5.48,91.53,0.0999,26.7,14.16,25.04,100.0,500.0,21.8,healthy,0.0
fault_sensor_drift_2,400,1789844337.2783868,5810.3,140.54,848.56,5.43,91.6,0.0906,26.72,14.23,25.06,100.0,505.0,21.7,healthy,0.0
fault_sensor_drift_2,401,1789844338.2783868,5816.6,140.31,849.59,5.38,92.0,0.0952,26.72,14.22,24.98,100.0,510.0,21.7,healthy,0.0
fault_sensor_drift_2,402,1789844339.2783868,5814.1,140.36,850.64,5.49,92.08,0.0985,26.73,14.25,25.14,100.0,515.0,21.7,healthy,0.0
fault_sensor_drift_2,403,1789844340.2783868,5828.6,140.12,851.91,5.49,92.08,0.0978,26.9,14.33,25.37,100.0,520.0,21.6,healthy,0.0
fault_sensor_drift_2,404,1789844341.2783868,5801.7,140.3,853.42,5.53,92.21,0.1013,26.96,14.33,25.37,100.0,525.0,21.6,healthy,0.0
fault_sensor_drift_2,405,1789844342.2783868,5803.4,140.26,852.22,5.5,92.39,0.0904,26.88,14.35,25.25,100.0,530.0,21.6,healthy,0.0
fault_sensor_drift_2,406,1789844343.2783868,5788.7,140.49,848.82,5.52,92.41,0.0906,26.89,14.39,24.88,100.0,535.0,21.5,healthy,0.0
fault_sensor_drift_2,407,1789844344.2783868,5785.6,140.68,846.2,5.52,92.4,0.0911,26.88,14.38,24.66,100.0,540.0,21.5,healthy,0.0
fault_sensor_drift_2,408,1789844345.2783868,5802.1,140.85,849.01,5.54,92.51,0.0957,26.86,14.33,24.76,100.0,545.0,21.5,healthy,0.0
fault_sensor_drift_2,409,1789844346.2783868,5770.1,140.53,845.63,5.51,92.61,0.093,26.7,14.34,24.91,100.0,550.0,21.4,healthy,0.0
fault_sensor_drift_2,410,1789844347.2783868,5776.8,140.61,847.7,5.5,92.53,0.0918,26.67,14.38,25.07,100.0,555.0,21.4,healthy,0.0
fault_sensor_drift_2,411,1789844348.2783868,5791.0,140.38,848.08,5.54,92.7,0.099,26.89,14.35,24.84,100.0,560.0,21.4,healthy,0.0
fault_sensor_drift_2,412,1789844349.2783868,5793.5,140.59,850.05,5.61,92.94,0.102,26.85,14.34,24.83,100.0,565.0,21.3,healthy,0.0
fault_sensor_drift_2,413,1789844350.2783868,5790.1,140.34,846.97,5.55,93.12,0.0964,26.88,14.27,24.92,100.0,570.0,21.3,healthy,0.0
fault_sensor_drift_2,414,1789844351.2783868,5789.6,140.35,846.61,5.56,93.26,0.1055,27.13,14.28,24.95,100.0,575.0,21.3,healthy,0.0
fault_sensor_drift_2,415,1789844352.2783868,5803.9,140.39,841.89,5.44,93.32,0.1044,27.1,14.19,25.01,100.0,580.0,21.2,healthy,0.0
fault_sensor_drift_2,416,1789844353.2783868,5799.4,140.42,844.6,5.35,93.27,0.1078,27.03,14.21,25.08,100.0,585.0,21.2,healthy,0.0
fault_sensor_drift_2,417,1789844354.2783868,5791.0,140.39,849.08,5.39,93.27,0.1063,27.09,14.25,25.26,100.0,590.0,21.2,healthy,0.0
fault_sensor_drift_2,418,1789844355.2783868,5771.4,140.16,847.24,5.37,93.41,0.0975,27.17,14.3,24.97,100.0,595.0,21.1,healthy,0.0
fault_sensor_drift_2,419,1789844356.2783868,5771.7,139.96,848.63,5.33,93.62,0.0913,27.09,14.23,24.94,100.0,600.0,21.1,healthy,0.0
fault_sensor_drift_2,420,1789844357.2783868,5780.4,139.76,848.08,5.39,93.63,0.1009,27.14,14.25,25.11,100.0,605.0,21.1,healthy,0.0
fault_sensor_drift_2,421,1789844358.2783868,5769.5,139.96,852.41,5.39,93.78,0.108,27.29,14.23,25.05,100.0,610.0,21.0,healthy,0.0
fault_sensor_drift_2,422,1789844359.2783868,5760.1,139.98,853.62,5.43,93.83,0.0996,27.21,14.23,24.71,100.0,615.0,21.0,healthy,0.0
fault_sensor_drift_2,423,1789844360.2783868,5755.0,139.51,849.1,5.41,93.99,0.1039,27.26,14.23,24.64,100.0,620.0,21.0,healthy,0.0
fault_sensor_drift_2,424,1789844361.2783868,5765.4,139.56,853.93,5.44,94.13,0.1074,27.11,14.22,24.78,100.0,625.0,20.9,healthy,0.0
fault_sensor_drift_2,425,1789844362.2783868,5798.5,139.5,857.0,5.39,94.39,0.1042,26.94,14.29,25.16,100.0,630.0,20.9,healthy,0.0
fault_sensor_drift_2,426,1789844363.2783868,5799.6,139.38,855.55,5.33,94.47,0.0987,26.99,14.32,25.25,100.0,635.0,20.9,healthy,0.0
fault_sensor_drift_2,427,1789844364.2783868,5803.1,139.27,855.39,5.32,94.65,0.0957,27.06,14.34,25.17,100.0,640.0,20.8,healthy,0.0
fault_sensor_drift_2,428,1789844365.2783868,5836.7,139.26,851.96,5.34,94.68,0.1006,27.0,14.29,24.99,100.0,645.0,20.8,healthy,0.0
fault_sensor_drift_2,429,1789844366.2783868,5824.5,139.3,852.41,5.34,94.81,0.1085,27.01,14.3,25.07,100.0,650.0,20.8,healthy,0.0
fault_sensor_drift_2,430,1789844367.2783868,5820.2,139.18,853.88,5.38,94.9,0.0949,26.89,14.27,24.87,100.0,655.0,20.7,healthy,0.0
fault_sensor_drift_2,431,1789844368.2783868,5813.5,138.95,854.67,5.28,94.96,0.0956,26.9,14.3,24.82,100.0,660.0,20.7,healthy,0.0
fault_sensor_drift_2,432,1789844369.2783868,5821.9,139.43,854.44,5.38,94.95,0.099,26.85,14.24,25.13,100.0,665.0,20.7,healthy,0.0
fault_sensor_drift_2,433,1789844370.2783868,5833.4,139.56,855.85,5.33,94.96,0.1088,26.91,14.25,25.16,100.0,670.0,20.6,healthy,0.0
fault_sensor_drift_2,434,1789844371.2783868,5832.9,139.28,857.49,5.35,95.28,0.1017,26.88,14.26,24.86,100.0,675.0,20.6,healthy,0.0
fault_sensor_drift_2,435,1789844372.2783868,5818.7,139.27,855.39,5.28,95.22,0.0965,26.75,14.25,25.14,100.0,680.0,20.6,healthy,0.0
fault_sensor_drift_2,436,1789844373.2783868,5778.2,139.47,857.16,5.25,95.31,0.1016,26.82,14.14,25.2,100.0,685.0,20.5,healthy,0.0
fault_sensor_drift_2,437,1789844374.2783868,5780.3,139.59,858.33,5.35,95.52,0.1042,26.9,14.2,24.86,100.0,690.0,20.5,healthy,0.0
fault_sensor_drift_2,438,1789844375.2783868,5768.8,139.51,857.62,5.36,95.58,0.1047,26.88,14.27,24.92,100.0,695.0,20.5,healthy,0.0
fault_sensor_drift_2,439,1789844376.2783868,5781.5,139.52,859.68,5.41,95.59,0.1036,26.94,14.23,24.78,100.0,700.0,20.4,healthy,0.0
fault_sensor_drift_2,440,1789844377.2783868,5784.3,139.52,847.73,5.34,95.56,0.1042,26.92,14.23,24.95,100.0,705.0,20.4,healthy,0.0
fault_sensor_drift_2,441,1789844378.2783868,5760.0,139.61,846.12,5.38,95.75,0.101,26.96,14.24,24.92,100.0,710.0,20.4,healthy,0.0
fault_sensor_drift_2,442,1789844379.2783868,5760.6,139.89,845.22,5.33,95.79,0.1002,27.0,14.25,24.98,100.0,715.0,20.4,healthy,0.0
fault_sensor_drift_2,443,1789844380.2783868,5761.8,140.28,847.76,5.38,95.73,0.1012,26.92,14.2,25.18,100.0,720.0,20.3,healthy,0.0
fault_sensor_drift_2,444,1789844381.2783868,5735.3,139.87,847.69,5.37,95.73,0.0977,26.79,14.2,24.97,100.0,725.0,20.3,healthy,0.0
fault_sensor_drift_2,445,1789844382.2783868,5711.8,140.11,846.66,5.36,95.73,0.1044,26.7,14.3,24.89,100.0,730.0,20.3,healthy,0.0
fault_sensor_drift_2,446,1789844383.2783868,5730.7,140.14,845.96,5.36,95.84,0.0999,26.7,14.27,24.47,100.0,735.0,20.2,healthy,0.0
fault_sensor_drift_2,447,1789844384.2783868,5738.9,139.9,847.59,5.33,95.77,0.0909,26.73,14.2,24.9,100.0,740.0,20.2,healthy,0.0
fault_sensor_drift_2,448,1789844385.2783868,5762.4,139.96,843.22,5.32,95.96,0.0933,26.62,14.2,25.09,100.0,745.0,20.2,healthy,0.0
fault_sensor_drift_2,449,1789844386.2783868,5750.1,140.02,845.25,5.3,95.93,0.0999,26.84,14.27,24.89,100.0,750.0,20.1,healthy,0.0
fault_sensor_drift_2,450,1789844387.2783868,5769.3,139.93,847.26,5.33,95.92,0.0954,26.88,14.22,24.93,100.0,755.0,20.1,healthy,0.0
fault_sensor_drift_2,451,1789844388.2783868,5759.3,139.9,852.92,5.35,95.94,0.1034,27.01,14.26,24.77,100.0,760.0,20.1,healthy,0.0
fault_sensor_drift_2,452,1789844389.2783868,5766.7,139.74,851.09,5.35,96.0,0.1031,26.97,14.24,24.77,100.0,765.0,20.0,healthy,0.0
fault_sensor_drift_2,453,1789844390.2783868,5760.2,139.64,852.22,5.38,96.25,0.0973,27.12,14.23,24.7,100.0,770.0,20.0,healthy,0.0
fault_sensor_drift_2,454,1789844391.2783868,5769.7,139.7,850.76,5.41,96.41,0.0878,27.14,14.26,24.51,100.0,775.0,20.0,healthy,0.0
fault_sensor_drift_2,455,1789844392.2783868,5759.9,139.6,853.36,5.4,96.53,0.0974,27.06,14.27,24.62,100.0,780.0,19.9,healthy,0.0
fault_sensor_drift_2,456,1789844393.2783868,5759.5,139.71,847.9,5.4,96.62,0.0974,26.82,14.15,25.05,100.0,785.0,19.9,healthy,0.0
fault_sensor_drift_2,457,1789844394.2783868,5761.9,139.62,849.77,5.34,96.76,0.0947,26.87,14.22,24.91,100.0,790.0,19.9,healthy,0.0
fault_sensor_drift_2,458,1789844395.2783868,5763.7,139.72,848.77,5.3,96.7,0.0939,27.04,14.21,24.81,100.0,795.0,19.8,healthy,0.0
fault_sensor_drift_2,459,1789844396.2783868,5777.8,139.87,844.19,5.35,96.76,0.0925,26.93,14.15,24.62,100.0,800.0,19.8,healthy,0.0
fault_sensor_drift_2,460,1789844397.2783868,5756.1,139.76,847.91,5.36,96.81,0.0987,27.03,14.04,24.8,100.0,805.0,19.8,healthy,0.0
fault_sensor_drift_2,461,1789844398.2783868,5753.0,139.41,847.68,5.27,96.93,0.1047,27.12,14.03,25.38,100.0,810.0,19.7,healthy,0.0
fault_sensor_drift_2,462,1789844399.2783868,5768.7,139.29,840.91,5.31,97.1,0.101,27.01,14.05,25.22,100.0,815.0,19.7,healthy,0.0
fault_sensor_drift_2,463,1789844400.2783868,5765.1,138.93,844.79,5.27,97.17,0.1023,27.02,13.97,24.73,100.0,820.0,19.7,healthy,0.0
fault_sensor_drift_2,464,1789844401.2783868,5767.9,138.81,843.81,5.3,97.22,0.0991,26.96,14.02,24.61,100.0,825.0,19.6,healthy,0.0
fault_sensor_drift_2,465,1789844402.2783868,5769.8,138.58,844.2,5.19,97.39,0.0969,27.07,14.05,25.02,100.0,830.0,19.6,healthy,0.0
fault_sensor_drift_2,466,1789844403.2783868,5764.4,138.34,843.71,5.24,97.62,0.0966,27.15,14.04,24.95,100.0,835.0,19.6,healthy,0.0
fault_sensor_drift_2,467,1789844404.2783868,5733.3,138.3,845.8,5.13,97.61,0.0956,27.08,14.12,25.05,100.0,840.0,19.5,healthy,0.0
fault_sensor_drift_2,468,1789844405.2783868,5762.2,138.39,848.8,5.17,97.57,0.0851,27.09,14.08,24.84,100.0,845.0,19.5,healthy,0.0
fault_sensor_drift_2,469,1789844406.2783868,5759.0,138.46,845.22,5.21,97.56,0.0983,27.17,14.17,24.72,100.0,850.0,19.5,healthy,0.0
fault_sensor_drift_2,470,1789844407.2783868,5764.7,138.29,844.54,5.27,97.61,0.0953,27.11,14.24,24.89,100.0,855.0,19.4,healthy,0.0
fault_sensor_drift_2,471,1789844408.2783868,5779.5,138.68,841.7,5.32,97.67,0.0956,27.19,14.26,24.82,100.0,860.0,19.4,healthy,0.0
fault_sensor_drift_2,472,1789844409.2783868,5790.4,138.95,845.1,5.38,97.91,0.0958,27.13,14.24,25.17,100.0,865.0,19.4,healthy,0.0
fault_sensor_drift_2,473,1789844410.2783868,5775.6,139.05,846.92,5.37,98.05,0.1068,27.13,14.13,24.86,100.0,870.0,19.3,healthy,0.0
fault_sensor_drift_2,474,1789844411.2783868,5765.3,139.05,840.13,5.38,98.11,0.1011,27.05,14.22,24.91,100.0,875.0,19.3,healthy,0.0
fault_sensor_drift_2,475,1789844412.2783868,5783.6,138.89,838.05,5.34,98.37,0.1036,27.03,14.19,24.87,100.0,880.0,19.3,healthy,0.0
fault_sensor_drift_2,476,1789844413.2783868,5777.8,138.81,842.14,5.36,98.52,0.1063,27.11,14.16,24.86,100.0,885.0,19.2,healthy,0.0
fault_sensor_drift_2,477,1789844414.2783868,5788.3,138.56,841.55,5.32,98.47,0.0991,27.05,14.14,25.28,100.0,890.0,19.2,healthy,0.0
fault_sensor_drift_2,478,1789844415.2783868,5755.7,138.78,839.25,5.23,98.43,0.1037,27.05,14.2,24.82,100.0,895.0,19.2,healthy,0.0
fault_sensor_drift_2,479,1789844416.2783868,5772.9,138.98,841.36,5.27,98.7,0.0911,26.94,14.28,24.78,100.0,900.0,19.1,healthy,0.0
fault_sensor_drift_2,480,1789844417.2783868,5770.1,138.66,843.93,5.34,98.58,0.0856,27.03,14.32,24.56,100.0,905.0,19.1,healthy,0.0
fault_sensor_drift_2,481,1789844418.2783868,5786.3,138.88,845.14,5.26,98.73,0.0976,27.03,14.24,25.1,100.0,910.0,19.1,healthy,0.0
fault_sensor_drift_2,482,1789844419.2783868,5785.1,138.84,846.21,5.28,98.88,0.0963,27.22,14.23,25.28,100.0,915.0,19.1,healthy,0.0
fault_sensor_drift_2,483,1789844420.2783868,5821.2,139.02,847.75,5.28,98.96,0.0959,27.2,14.24,25.23,100.0,920.0,19.0,healthy,0.0
fault_sensor_drift_2,484,1789844421.2783868,5843.0,138.8,849.8,5.22,98.98,0.1038,27.24,14.31,25.1,100.0,925.0,19.0,healthy,0.0
fault_sensor_drift_2,485,1789844422.2783868,5814.2,139.0,845.86,5.2,99.12,0.1022,27.37,14.35,25.44,100.0,930.0,19.0,healthy,0.0
fault_sensor_drift_2,486,1789844423.2783868,5813.5,139.21,848.25,5.27,99.23,0.0958,27.21,14.44,24.84,100.0,935.0,18.9,healthy,0.0
fault_sensor_drift_2,487,1789844424.2783868,5795.6,139.35,845.37,5.24,99.35,0.0971,27.31,14.48,25.09,100.0,940.0,18.9,healthy,0.0
fault_sensor_drift_2,488,1789844425.2783868,5801.1,139.17,849.89,5.22,99.44,0.1016,27.34,14.44,25.23,100.0,945.0,18.9,healthy,0.0
fault_sensor_drift_2,489,1789844426.2783868,5813.3,138.99,843.86,5.29,99.59,0.095,27.25,14.4,25.38,100.0,950.0,18.8,healthy,0.0
fault_sensor_drift_2,490,1789844427.2783868,5811.9,138.61,843.92,5.33,99.61,0.1017,26.99,14.44,25.54,100.0,955.0,18.8,healthy,0.0
fault_sensor_drift_2,491,1789844428.2783868,5820.4,138.74,840.48,5.25,99.84,0.0973,26.86,14.46,25.18,100.0,960.0,18.8,healthy,0.0
fault_sensor_drift_2,492,1789844429.2783868,5819.5,138.63,838.4,5.23,100.0,0.0988,26.91,14.39,24.39,100.0,965.0,18.7,healthy,0.0
fault_sensor_drift_2,493,1789844430.2783868,5826.9,138.58,837.36,5.27,100.01,0.1017,26.97,14.52,24.91,100.0,970.0,18.7,healthy,0.0
fault_sensor_drift_2,494,1789844431.2783868,5778.1,138.19,838.27,5.18,100.19,0.1005,27.07,14.56,25.12,100.0,975.0,18.7,healthy,0.0
fault_sensor_drift_2,495,1789844432.2783868,5800.4,138.2,841.14,5.19,100.32,0.0997,27.23,14.6,25.25,100.0,980.0,18.6,healthy,0.0
fault_sensor_drift_2,496,1789844433.2783868,5793.5,138.09,842.37,5.2,100.36,0.0913,27.21,14.54,25.11,100.0,985.0,18.6,healthy,0.0
fault_sensor_drift_2,497,1789844434.2783868,5789.6,138.15,839.65,5.3,100.53,0.0954,27.21,14.5,24.85,100.0,990.0,18.6,healthy,0.0
fault_sensor_drift_2,498,1789844435.2783868,5790.2,138.43,845.13,5.37,100.65,0.1005,27.06,14.48,24.87,100.0,995.0,18.5,healthy,0.0
fault_sensor_drift_2,499,1789844436.2783868,5779.2,138.96,844.97,5.4,100.74,0.1095,27.02,14.51,24.57,100.0,1000.0,18.5,healthy,0.0
fault_sensor_drift_2,500,1789844437.2783868,5793.5,138.96,838.29,5.31,100.7,0.1049,27.01,14.38,24.7,100.0,1005.0,18.5,healthy,0.0
fault_sensor_drift_2,501,1789844438.2783868,5813.4,138.64,841.98,5.27,100.75,0.1034,27.04,14.37,24.92,100.0,1010.0,18.4,healthy,0.0
fault_sensor_drift_2,502,1789844439.2783868,5802.7,138.73,836.92,5.26,100.77,0.1042,27.13,14.46,25.14,100.0,1015.0,18.4,healthy,0.0
fault_sensor_drift_2,503,1789844440.2783868,5812.3,138.47,838.05,5.28,100.88,0.1003,27.19,14.47,24.86,100.0,1020.0,18.4,healthy,0.0
fault_sensor_drift_2,504,1789844441.2783868,5785.9,138.33,841.78,5.24,100.81,0.0994,27.11,14.44,24.73,100.0,1025.0,18.3,healthy,0.0
fault_sensor_drift_2,505,1789844442.2783868,5795.9,138.15,848.56,5.26,100.94,0.091,27.05,14.41,24.45,100.0,1030.0,18.3,healthy,0.0
fault_sensor_drift_2,506,1789844443.2783868,5777.4,138.29,849.42,5.25,100.94,0.1019,26.87,14.33,24.34,100.0,1035.0,18.3,healthy,0.0
fault_sensor_drift_2,507,1789844444.2783868,5799.0,138.56,843.56,5.27,100.99,0.1001,27.15,14.27,24.67,100.0,1040.0,18.2,healthy,0.0
fault_sensor_drift_2,508,1789844445.2783868,5792.9,138.3,839.9,5.19,100.72,0.1023,27.34,14.32,24.94,100.0,1045.0,18.2,healthy,0.0
fault_sensor_drift_2,509,1789844446.2783868,5775.3,137.91,837.32,5.26,100.89,0.1005,27.18,14.23,24.8,100.0,1050.0,18.2,healthy,0.0
fault_sensor_drift_2,510,1789844447.2783868,5797.7,138.1,835.93,5.21,100.87,0.0988,27.04,14.22,24.65,100.0,1055.0,18.1,healthy,0.0
fault_sensor_drift_2,511,1789844448.2783868,5833.2,138.15,831.83,5.27,100.88,0.1048,27.12,14.3,24.8,100.0,1060.0,18.1,healthy,0.0
fault_sensor_drift_2,512,1789844449.2783868,5830.5,138.3,828.77,5.24,100.84,0.1057,27.15,14.35,24.93,100.0,1065.0,18.1,healthy,0.0
fault_sensor_drift_2,513,1789844450.2783868,5827.8,138.08,826.85,5.24,100.96,0.1001,27.05,14.42,24.93,100.0,1070.0,18.0,healthy,0.0
fault_sensor_drift_2,514,1789844451.2783868,5820.5,138.66,828.51,5.21,100.99,0.1039,27.1,14.43,24.92,100.0,1075.0,18.0,healthy,0.0
fault_sensor_drift_2,515,1789844452.2783868,5815.6,137.98,829.17,5.3,101.1,0.1058,27.07,14.38,25.08,100.0,1080.0,18.0,healthy,0.0
fault_sensor_drift_2,516,1789844453.2783868,5820.4,138.28,826.01,5.3,101.27,0.0997,27.11,14.39,25.09,100.0,1085.0,17.9,healthy,0.0
fault_sensor_drift_2,517,1789844454.2783868,5784.8,138.05,828.9,5.31,101.41,0.1012,27.01,14.34,25.14,100.0,1090.0,17.9,healthy,0.0
fault_sensor_drift_2,518,1789844455.2783868,5785.6,138.02,830.23,5.28,101.46,0.1035,27.03,14.26,24.99,100.0,1095.0,17.9,healthy,0.0
fault_sensor_drift_2,519,1789844456.2783868,5764.1,137.81,832.0,5.32,101.57,0.098,27.17,14.21,25.05,100.0,1100.0,17.9,healthy,0.0
fault_sensor_drift_2,520,1789844457.2783868,5774.0,137.7,833.1,5.24,101.69,0.1023,27.17,14.17,25.3,100.0,1105.0,17.8,healthy,0.0
fault_sensor_drift_2,521,1789844458.2783868,5776.7,137.64,832.41,5.28,101.58,0.1001,27.24,14.2,25.21,100.0,1110.0,17.8,healthy,0.0
fault_sensor_drift_2,522,1789844459.2783868,5778.1,137.63,835.05,5.31,101.63,0.108,27.16,14.11,24.83,100.0,1115.0,17.8,healthy,0.0
fault_sensor_drift_2,523,1789844460.2783868,5799.7,137.54,837.41,5.34,101.84,0.1098,27.0,14.04,25.08,100.0,1120.0,17.7,healthy,0.0
fault_sensor_drift_2,524,1789844461.2783868,5808.1,137.43,840.38,5.28,102.0,0.1001,26.89,14.01,24.93,100.0,1125.0,17.7,healthy,0.0
fault_sensor_drift_2,525,1789844462.2783868,5807.3,137.38,837.83,5.27,101.83,0.1018,26.8,14.04,25.08,100.0,1130.0,17.7,healthy,0.0
fault_sensor_drift_2,526,1789844463.2783868,5793.0,137.75,834.75,5.25,101.71,0.1048,26.73,14.12,25.24,100.0,1135.0,17.6,healthy,0.0
fault_sensor_drift_2,527,1789844464.2783868,5785.5,137.73,830.4,5.23,101.76,0.095,26.65,14.19,24.98,100.0,1140.0,17.6,healthy,0.0
fault_sensor_drift_2,528,1789844465.2783868,5813.9,137.71,832.67,5.26,101.93,0.1017,26.68,14.16,24.96,100.0,1145.0,17.6,healthy,0.0
fault_sensor_drift_2,529,1789844466.2783868,5792.9,137.9,835.74,5.24,101.79,0.0994,26.74,14.15,25.07,100.0,1150.0,17.5,healthy,0.0
fault_sensor_drift_2,530,1789844467.2783868,5802.4,137.92,833.94,5.28,101.98,0.1083,26.84,14.14,24.99,100.0,1155.0,17.5,healthy,0.0
fault_sensor_drift_2,531,1789844468.2783868,5843.6,137.81,838.62,5.21,101.8,0.1057,26.9,14.19,25.18,100.0,1160.0,17.5,healthy,0.0
fault_sensor_drift_2,532,1789844469.2783868,5848.6,137.92,839.49,5.23,101.8,0.0974,26.97,14.24,25.06,100.0,1165.0,17.4,healthy,0.0
fault_sensor_drift_2,533,1789844470.2783868,5806.2,138.0,839.92,5.26,101.79,0.0948,26.98,14.2,24.89,100.0,1170.0,17.4,healthy,0.0
fault_sensor_drift_2,534,1789844471.2783868,5798.2,137.84,840.04,5.29,101.85,0.1026,26.86,14.23,25.09,100.0,1175.0,17.4,healthy,0.0
fault_sensor_drift_2,535,1789844472.2783868,5788.5,138.07,833.71,5.28,101.92,0.1025,26.77,14.22,24.97,100.0,1180.0,17.3,healthy,0.0
fault_sensor_drift_2,536,1789844473.2783868,5794.4,138.25,831.51,5.26,101.95,0.1012,26.8,14.22,24.64,100.0,1185.0,17.3,healthy,0.0
fault_sensor_drift_2,537,1789844474.2783868,5773.7,138.19,826.81,5.24,101.97,0.1069,26.84,14.21,25.02,100.0,1190.0,17.3,healthy,0.0
fault_sensor_drift_2,538,1789844475.2783868,5790.8,138.17,822.89,5.1,101.98,0.1054,26.81,14.22,25.31,100.0,1195.0,17.2,healthy,0.0
fault_sensor_drift_2,539,1789844476.2783868,5785.4,138.37,822.89,5.16,101.99,0.1105,26.85,14.29,24.81,100.0,1200.0,17.2,healthy,0.0
fault_sensor_drift_2,540,1789844477.2783868,5793.5,138.1,824.84,5.18,102.11,0.1061,26.86,14.3,24.96,100.0,1205.0,17.2,healthy,0.0
fault_sensor_drift_2,541,1789844478.2783868,5794.8,137.89,827.31,5.21,102.17,0.1085,26.83,14.26,24.9,100.0,1210.0,17.1,healthy,0.0
fault_sensor_drift_2,542,1789844479.2783868,5807.2,137.98,827.78,5.21,102.43,0.1071,26.93,14.35,25.07,100.0,1215.0,17.1,healthy,0.0
fault_sensor_drift_2,543,1789844480.2783868,5810.8,137.96,833.64,5.11,102.39,0.1014,27.07,14.37,24.92,100.0,1220.0,17.1,healthy,0.0
fault_sensor_drift_2,544,1789844481.2783868,5803.9,138.15,835.15,5.08,102.55,0.0993,26.95,14.33,24.78,100.0,1225.0,17.0,healthy,0.0
fault_sensor_drift_2,545,1789844482.2783868,5803.1,137.92,836.57,5.08,102.72,0.094,27.03,14.25,24.76,100.0,1230.0,17.0,healthy,0.0
fault_sensor_drift_2,546,1789844483.2783868,5799.6,137.56,833.66,5.17,102.84,0.1021,27.13,14.28,24.58,100.0,1235.0,17.0,healthy,0.0
fault_sensor_drift_2,547,1789844484.2783868,5811.0,136.84,834.1,5.26,103.0,0.0938,27.17,14.23,25.07,100.0,1240.0,16.9,healthy,0.0
fault_sensor_drift_2,548,1789844485.2783868,5817.5,136.66,832.71,5.25,103.11,0.0973,27.36,14.16,25.16,100.0,1245.0,16.9,healthy,0.0
fault_sensor_drift_2,549,1789844486.2783868,5785.8,136.64,831.23,5.21,103.31,0.1003,27.17,14.2,25.08,100.0,1250.0,16.9,healthy,0.0
fault_sensor_drift_2,550,1789844487.2783868,5790.3,136.43,826.08,5.23,103.45,0.0979,27.14,14.22,25.24,100.0,1255.0,16.8,healthy,0.0
fault_sensor_drift_2,551,1789844488.2783868,5789.5,136.73,832.23,5.25,103.4,0.0913,27.07,14.25,24.98,100.0,1260.0,16.8,healthy,0.0
fault_sensor_drift_2,552,1789844489.2783868,5796.2,136.56,832.5,5.25,103.34,0.1007,27.07,14.29,25.1,100.0,1265.0,16.8,healthy,0.0
fault_sensor_drift_2,553,1789844490.2783868,5809.4,137.0,833.74,5.24,103.24,0.0959,27.18,14.4,25.11,100.0,1270.0,16.7,healthy,0.0
fault_sensor_drift_2,554,1789844491.2783868,5825.6,136.91,830.82,5.24,103.28,0.0948,27.16,14.38,24.97,100.0,1275.0,16.7,healthy,0.0
fault_sensor_drift_2,555,1789844492.2783868,5797.4,136.87,832.34,5.2,103.34,0.0953,27.08,14.33,24.9,100.0,1280.0,16.7,healthy,0.0
fault_sensor_drift_2,556,1789844493.2783868,5790.2,136.57,830.89,5.17,103.25,0.093,27.12,14.32,24.54,100.0,1285.0,16.6,healthy,0.0
fault_sensor_drift_2,557,1789844494.2783868,5820.5,136.38,832.01,5.14,103.31,0.1023,27.09,14.3,24.62,100.0,1290.0,16.6,healthy,0.0
fault_sensor_drift_2,558,1789844495.2783868,5810.7,136.15,828.14,5.21,103.17,0.1012,27.07,14.4,24.93,100.0,1295.0,16.6,healthy,0.0
fault_sensor_drift_2,559,1789844496.2783868,5816.7,136.13,832.2,5.28,103.23,0.0998,27.29,14.35,25.21,100.0,1300.0,16.5,healthy,0.0
fault_sensor_drift_2,560,1789844497.2783868,5819.3,136.13,838.08,5.24,103.18,0.1051,27.2,14.29,25.17,100.0,1305.0,16.5,healthy,0.0
fault_sensor_drift_2,561,1789844498.2783868,5817.7,136.06,834.05,5.17,103.12,0.1081,27.12,14.23,25.01,100.0,1310.0,16.5,healthy,0.0
fault_sensor_drift_2,562,1789844499.2783868,5792.8,135.97,839.87,5.14,103.21,0.1057,27.08,14.1,24.71,100.0,1315.0,16.5,healthy,0.0
fault_sensor_drift_2,563,1789844500.2783868,5818.6,136.1,837.1,5.2,103.31,0.1041,27.3,14.17,24.75,100.0,1320.0,16.4,healthy,0.0
fault_sensor_drift_2,564,1789844501.2783868,5800.9,135.92,837.75,5.14,103.47,0.1042,27.29,14.1,24.92,100.0,1325.0,16.4,healthy,0.0
fault_sensor_drift_2,565,1789844502.2783868,5798.6,135.94,841.35,5.2,103.63,0.1092,27.24,14.14,24.62,100.0,1330.0,16.4,healthy,0.0
fault_sensor_drift_2,566,1789844503.2783868,5787.8,135.9,835.14,5.21,103.79,0.1064,27.27,14.17,25.08,100.0,1335.0,16.3,healthy,0.0
fault_sensor_drift_2,567,1789844504.2783868,5829.1,135.9,832.13,5.2,103.8,0.1048,27.16,14.15,25.02,100.0,1340.0,16.3,healthy,0.0
fault_sensor_drift_2,568,1789844505.2783868,5812.0,135.77,829.99,5.13,103.69,0.105,27.04,14.14,25.12,100.0,1345.0,16.3,healthy,0.0
fault_sensor_drift_2,569,1789844506.2783868,5839.4,135.98,833.32,5.15,103.63,0.1,27.18,14.14,25.11,100.0,1350.0,16.2,healthy,0.0
fault_sensor_drift_2,570,1789844507.2783868,5826.0,135.77,838.08,5.09,103.56,0.097,27.29,14.22,24.78,100.0,1355.0,16.2,healthy,0.0
fault_sensor_drift_2,571,1789844508.2783868,5813.2,136.22,834.53,5.17,103.46,0.0913,27.2,14.28,24.76,100.0,1360.0,16.2,healthy,0.0
fault_sensor_drift_2,572,1789844509.2783868,5817.0,136.09,831.27,5.24,103.55,0.0932,27.2,14.32,24.59,100.0,1365.0,16.1,healthy,0.0
fault_sensor_drift_2,573,1789844510.2783868,5829.9,135.97,832.23,5.25,103.65,0.0886,27.23,14.28,24.63,100.0,1370.0,16.1,healthy,0.0
fault_sensor_drift_2,574,1789844511.2783868,5850.8,136.07,831.77,5.17,103.78,0.0991,27.16,14.19,24.88,100.0,1375.0,16.1,healthy,0.0
fault_sensor_drift_2,575,1789844512.2783868,5839.6,135.5,832.76,5.16,103.69,0.0999,27.03,14.08,24.81,100.0,1380.0,16.0,healthy,0.0
fault_sensor_drift_2,576,1789844513.2783868,5829.0,135.55,830.25,5.12,103.88,0.094,26.94,14.09,24.67,100.0,1385.0,16.0,healthy,0.0
fault_sensor_drift_2,577,1789844514.2783868,5797.2,135.57,828.54,5.17,103.81,0.1048,27.08,14.08,24.69,100.0,1390.0,16.0,healthy,0.0
fault_sensor_drift_2,578,1789844515.2783868,5801.8,135.59,829.63,5.12,103.73,0.1022,27.0,14.09,24.77,100.0,1395.0,15.9,healthy,0.0
fault_sensor_drift_2,579,1789844516.2783868,5810.5,135.6,829.24,5.17,103.8,0.1018,27.16,14.09,24.87,100.0,1400.0,15.9,healthy,0.0
fault_sensor_drift_2,580,1789844517.2783868,5810.1,135.89,830.58,5.26,103.88,0.0974,27.15,14.08,24.68,100.0,1405.0,15.9,healthy,0.0
fault_sensor_drift_2,581,1789844518.2783868,5806.9,135.97,831.77,5.18,103.99,0.1007,27.04,14.05,25.15,100.0,1410.0,15.8,healthy,0.0
fault_sensor_drift_2,582,1789844519.2783868,5810.8,136.1,833.76,5.13,103.86,0.105,26.95,14.03,24.86,100.0,1415.0,15.8,healthy,0.0
fault_sensor_drift_2,583,1789844520.2783868,5831.4,136.27,830.24,5.2,103.96,0.1,26.84,13.97,24.88,100.0,1420.0,15.8,healthy,0.0
fault_sensor_drift_2,584,1789844521.2783868,5786.9,136.37,834.34,5.12,104.06,0.1051,26.65,13.98,25.16,100.0,1425.0,15.7,healthy,0.0
fault_sensor_drift_2,585,1789844522.2783868,5792.9,136.46,833.59,5.27,104.21,0.1059,26.6,13.95,25.04,100.0,1430.0,15.7,healthy,0.0
fault_sensor_drift_2,586,1789844523.2783868,5798.9,136.59,834.84,5.17,104.09,0.112,26.51,14.09,24.81,100.0,1435.0,15.7,healthy,0.0
fault_sensor_drift_2,587,1789844524.2783868,5831.4,137.01,834.64,5.19,104.09,0.0974,26.48,14.08,24.63,100.0,1440.0,15.6,healthy,0.0
fault_sensor_drift_2,588,1789844525.2783868,5831.7,137.19,830.43,5.22,104.15,0.1026,26.43,14.15,25.09,100.0,1445.0,15.6,healthy,0.0
fault_sensor_drift_2,589,1789844526.2783868,5830.6,137.07,832.42,5.21,104.16,0.0971,26.38,14.11,25.11,100.0,1450.0,15.6,healthy,0.0
fault_sensor_drift_2,590,1789844527.2783868,5828.7,136.91,829.18,5.24,104.17,0.0861,26.62,14.16,25.57,100.0,1455.0,15.5,healthy,0.0
fault_sensor_drift_2,591,1789844528.2783868,5811.1,136.98,832.07,5.28,104.19,0.0891,26.75,14.23,24.96,100.0,1460.0,15.5,healthy,0.0
fault_sensor_drift_2,592,1789844529.2783868,5834.3,136.82,831.75,5.23,104.26,0.0972,26.89,14.17,25.14,100.0,1465.0,15.5,healthy,0.0
fault_sensor_drift_2,593,1789844530.2783868,5824.3,136.86,831.1,5.11,104.41,0.0987,26.85,14.29,24.89,100.0,1470.0,15.4,healthy,0.0
fault_sensor_drift_2,594,1789844531.2783868,5819.7,136.3,830.16,5.19,104.47,0.1061,26.93,14.12,24.96,100.0,1475.0,15.4,healthy,0.0
fault_sensor_drift_2,595,1789844532.2783868,5830.0,136.39,829.26,5.23,104.58,0.1071,26.93,14.19,25.32,100.0,1480.0,15.4,healthy,0.0
fault_sensor_drift_2,596,1789844533.2783868,5835.0,136.37,832.7,5.14,104.67,0.0947,26.93,14.26,25.21,100.0,1485.0,15.3,healthy,0.0
fault_sensor_drift_2,597,1789844534.2783868,5850.1,136.46,834.06,5.15,104.69,0.0962,26.87,14.21,24.85,100.0,1490.0,15.3,healthy,0.0
fault_sensor_drift_2,598,1789844535.2783868,5842.6,136.24,829.48,5.16,104.46,0.1033,26.92,14.2,25.0,100.0,1495.0,15.3,healthy,0.0
fault_sensor_drift_2,599,1789844536.2783868,5810.9,136.15,825.85,5.17,104.57,0.1032,26.87,14.17,24.81,100.0,1500.0,15.2,healthy,0.0
fault_sensor_drift_2,600,1789844537.2783868,5264.4,135.82,811.91,4.73,104.69,0.0909,23.58,14.02,23.1,75.0,1500.0,15.2,healthy,0.0
fault_sensor_drift_2,601,1789844538.2783868,4987.3,135.32,801.81,4.51,104.68,0.0855,22.08,13.98,22.13,75.0,1500.0,15.2,healthy,0.0
fault_sensor_drift_2,602,1789844539.2783868,4852.4,135.0,783.62,4.4,104.67,0.0783,21.24,13.97,21.78,75.0,1500.0,15.2,healthy,0.0
fault_sensor_drift_2,603,1789844540.2783868,4782.3,134.78,776.92,4.37,104.72,0.0798,20.76,14.08,21.35,75.0,1500.0,15.2,healthy,0.0
fault_sensor_drift_2,604,1789844541.2783868,4753.7,134.48,765.76,4.3,104.75,0.0721,20.68,14.18,21.2,75.0,1500.0,15.2,healthy,0.0
fault_sensor_drift_2,605,1789844542.2783868,4752.9,133.92,758.56,4.27,104.75,0.0698,20.59,14.11,21.24,75.0,1500.0,15.2,healthy,0.0
fault_sensor_drift_2,606,1789844543.2783868,4729.3,133.73,750.25,4.31,104.85,0.0731,20.51,14.1,21.31,75.0,1500.0,15.2,healthy,0.0
fault_sensor_drift_2,607,1789844544.2783868,4716.7,133.14,743.92,4.35,104.66,0.0671,20.52,14.04,21.05,75.0,1500.0,15.2,healthy,0.0
fault_sensor_drift_2,608,1789844545.2783868,4720.1,132.88,740.02,4.32,104.68,0.0779,20.3,14.08,21.02,75.0,1500.0,15.2,healthy,0.0
fault_sensor_drift_2,609,1789844546.2783868,4715.9,132.62,740.39,4.35,104.64,0.0787,20.11,14.08,21.13,75.0,1500.0,15.2,healthy,0.0
fault_sensor_drift_2,610,1789844547.2783868,4731.0,132.15,744.5,4.26,104.68,0.0744,20.13,14.14,21.25,75.0,1500.0,15.2,healthy,0.0
fault_sensor_drift_2,611,1789844548.2783868,4738.2,132.18,743.82,4.29,104.79,0.0757,20.35,14.18,20.87,75.0,1500.0,15.2,healthy,0.0
fault_sensor_drift_2,612,1789844549.2783868,4728.4,131.93,746.1,4.31,104.91,0.0719,20.38,14.17,20.8,75.0,1500.0,15.2,healthy,0.0
fault_sensor_drift_2,613,1789844550.2783868,4717.2,131.5,742.59,4.26,104.84,0.0783,20.34,14.14,20.79,75.0,1500.0,15.2,healthy,0.0
fault_sensor_drift_2,614,1789844551.2783868,4710.6,130.84,741.09,4.22,104.89,0.0745,20.16,14.2,21.01,75.0,1500.0,15.2,healthy,0.0
fault_sensor_drift_2,615,1789844552.2783868,4692.0,131.03,740.14,4.24,104.75,0.0751,20.13,14.11,20.92,75.0,1500.0,15.2,healthy,0.0
fault_sensor_drift_2,616,1789844553.2783868,4686.9,130.6,739.77,4.3,104.92,0.0794,20.08,14.16,21.08,75.0,1500.0,15.2,healthy,0.0
fault_sensor_drift_2,617,1789844554.2783868,4700.0,130.46,743.35,4.26,104.99,0.0834,20.26,14.13,21.28,75.0,1500.0,15.2,healthy,0.0
fault_sensor_drift_2,618,1789844555.2783868,4689.1,130.24,747.49,4.27,105.07,0.084,20.24,14.1,21.39,75.0,1500.0,15.2,healthy,0.0
fault_sensor_drift_2,619,1789844556.2783868,4705.7,130.0,749.27,4.28,105.04,0.0761,20.47,14.07,21.25,75.0,1500.0,15.2,healthy,0.0
fault_sensor_drift_2,620,1789844557.2783868,4687.7,129.78,741.8,4.21,105.05,0.071,20.51,14.17,21.46,75.0,1500.0,15.2,healthy,0.0
fault_sensor_drift_2,621,1789844558.2783868,4712.6,129.13,743.51,4.28,105.16,0.0647,20.39,14.23,21.18,75.0,1500.0,15.2,healthy,0.0
fault_sensor_drift_2,622,1789844559.2783868,4721.7,129.22,743.06,4.34,105.14,0.0705,20.48,14.28,21.16,75.0,1500.0,15.2,healthy,0.0
fault_sensor_drift_2,623,1789844560.2783868,4707.3,128.88,744.71,4.44,105.0,0.0698,20.53,14.27,21.25,75.0,1500.0,15.2,healthy,0.0
fault_sensor_drift_2,624,1789844561.2783868,4719.7,128.93,746.42,4.34,104.91,0.0685,20.48,14.29,20.82,75.0,1500.0,15.2,healthy,0.0
fault_sensor_drift_2,625,1789844562.2783868,4724.0,128.78,748.25,4.3,104.69,0.0656,20.29,14.2,21.05,75.0,1500.0,15.2,healthy,0.0
fault_sensor_drift_2,626,1789844563.2783868,4722.9,128.66,743.29,4.24,104.74,0.068,20.13,14.19,21.35,75.0,1500.0,15.2,healthy,0.0
fault_sensor_drift_2,627,1789844564.2783868,4684.7,129.04,739.23,4.29,105.02,0.0769,20.15,14.19,21.63,75.0,1500.0,15.2,healthy,0.0
fault_sensor_drift_2,628,1789844565.2783868,4695.4,128.74,736.61,4.31,105.06,0.0686,20.25,14.11,21.48,75.0,1500.0,15.2,healthy,0.0
fault_sensor_drift_2,629,1789844566.2783868,4697.8,129.02,733.34,4.3,105.01,0.0547,20.31,14.08,21.2,75.0,1500.0,15.2,healthy,0.0
fault_sensor_drift_2,630,1789844567.2783868,4668.5,128.91,739.57,4.27,104.91,0.0626,20.3,14.0,21.39,75.0,1500.0,15.2,healthy,0.0
fault_sensor_drift_2,631,1789844568.2783868,4677.8,128.94,735.51,4.26,104.96,0.0689,20.4,14.08,21.4,75.0,1500.0,15.2,healthy,0.0
fault_sensor_drift_2,632,1789844569.2783868,4689.1,128.76,739.69,4.23,105.02,0.0677,20.39,14.09,21.29,75.0,1500.0,15.2,healthy,0.0
fault_sensor_drift_2,633,1789844570.2783868,4699.0,128.58,741.01,4.27,104.86,0.0681,20.29,14.14,21.65,75.0,1500.0,15.2,healthy,0.0
fault_sensor_drift_2,634,1789844571.2783868,4715.5,128.72,741.6,4.38,104.86,0.0739,20.23,14.17,21.33,75.0,1500.0,15.2,healthy,0.0
fault_sensor_drift_2,635,1789844572.2783868,4728.8,128.55,739.37,4.42,104.94,0.0734,20.25,14.18,21.23,75.0,1500.0,15.2,healthy,0.0
fault_sensor_drift_2,636,1789844573.2783868,4699.8,128.67,738.41,4.46,104.98,0.0708,20.38,14.17,21.53,75.0,1500.0,15.2,healthy,0.0
fault_sensor_drift_2,637,1789844574.2783868,4705.8,128.4,739.61,4.42,105.05,0.0801,20.42,14.13,21.11,75.0,1500.0,15.2,healthy,0.0
fault_sensor_drift_2,638,1789844575.2783868,4689.3,127.72,742.88,4.37,105.01,0.0794,20.21,14.16,21.42,75.0,1500.0,15.2,healthy,0.0
fault_sensor_drift_2,639,1789844576.2783868,4726.0,127.7,743.68,4.43,105.09,0.0733,20.11,14.2,21.16,75.0,1500.0,15.2,healthy,0.0
fault_sensor_drift_2,640,1789844577.2783868,4707.3,127.76,741.97,4.41,105.06,0.0771,20.2,14.26,21.37,75.0,1500.0,15.2,healthy,0.0
fault_sensor_drift_2,641,1789844578.2783868,4724.9,127.43,743.43,4.43,104.99,0.0726,20.37,14.21,21.7,75.0,1500.0,15.2,healthy,0.0
fault_sensor_drift_2,642,1789844579.2783868,4714.2,127.57,737.53,4.37,104.91,0.0811,20.47,14.15,21.38,75.0,1500.0,15.2,healthy,0.0
fault_sensor_drift_2,643,1789844580.2783868,4730.3,127.5,736.04,4.43,105.03,0.0734,20.43,14.17,20.93,75.0,1500.0,15.2,healthy,0.0
fault_sensor_drift_2,644,1789844581.2783868,4728.9,127.98,734.19,4.37,104.94,0.0702,20.44,14.19,20.98,75.0,1500.0,15.2,healthy,0.0
fault_sensor_drift_2,645,1789844582.2783868,4751.1,128.06,738.85,4.36,104.85,0.0725,20.22,14.16,21.09,75.0,1500.0,15.2,healthy,0.0
fault_sensor_drift_2,646,1789844583.2783868,4738.6,127.79,738.03,4.35,104.84,0.0726,20.24,14.14,21.24,75.0,1500.0,15.2,healthy,0.0
fault_sensor_drift_2,647,1789844584.2783868,4730.0,127.75,739.72,4.33,104.83,0.065,20.08,14.15,21.45,75.0,1500.0,15.2,healthy,0.0
fault_sensor_drift_2,648,1789844585.2783868,4700.0,127.58,740.55,4.33,104.73,0.076,20.11,14.19,21.5,75.0,1500.0,15.2,healthy,0.0
fault_sensor_drift_2,649,1789844586.2783868,4710.7,127.48,741.42,4.26,104.66,0.0697,20.1,14.2,21.25,75.0,1500.0,15.2,healthy,0.0
fault_sensor_drift_2,650,1789844587.2783868,4711.3,127.46,739.08,4.36,104.6,0.073,20.09,14.15,20.98,75.0,1500.0,15.2,healthy,0.0
fault_sensor_drift_2,651,1789844588.2783868,4719.1,127.3,742.88,4.42,104.54,0.0726,20.0,14.1,20.54,75.0,1500.0,15.2,healthy,0.0
fault_sensor_drift_2,652,1789844589.2783868,4743.7,127.27,740.71,4.33,104.43,0.0684,19.87,14.16,20.4,75.0,1500.0,15.2,healthy,0.0
fault_sensor_drift_2,653,1789844590.2783868,4733.2,127.32,736.63,4.4,104.38,0.0664,20.01,14.13,20.68,75.0,1500.0,15.2,healthy,0.0
fault_sensor_drift_2,654,1789844591.2783868,4723.7,127.51,736.27,4.45,104.39,0.0715,19.98,14.15,20.99,75.0,1500.0,15.2,healthy,0.0
fault_sensor_drift_2,655,1789844592.2783868,4752.7,127.39,739.22,4.48,104.53,0.0733,20.09,14.18,21.07,75.0,1500.0,15.2,healthy,0.0
fault_sensor_drift_2,656,1789844593.2783868,4745.2,127.47,740.36,4.34,104.53,0.0727,20.06,14.13,21.11,75.0,1500.0,15.2,healthy,0.0
fault_sensor_drift_2,657,1789844594.2783868,4737.3,127.73,743.0,4.28,104.55,0.0694,20.17,14.13,21.39,75.0,1500.0,15.2,healthy,0.0
fault_sensor_drift_2,658,1789844595.2783868,4758.1,127.64,738.21,4.26,104.56,0.0668,20.12,14.16,21.05,75.0,1500.0,15.2,healthy,0.0
fault_sensor_drift_2,659,1789844596.2783868,4738.8,127.58,735.09,4.26,104.38,0.0672,20.19,14.19,21.36,75.0,1500.0,15.2,healthy,0.0
fault_sensor_drift_2,660,1789844597.2783868,4738.4,127.4,737.39,4.23,104.38,0.0653,20.11,14.16,21.09,75.0,1500.0,15.2,healthy,0.0
fault_sensor_drift_2,661,1789844598.2783868,4714.7,127.56,740.36,4.25,104.31,0.0593,20.08,14.22,21.19,75.0,1500.0,15.2,healthy,0.0
fault_sensor_drift_2,662,1789844599.2783868,4729.0,127.52,741.24,4.33,104.4,0.0713,20.09,14.13,21.35,75.0,1500.0,15.2,healthy,0.0
fault_sensor_drift_2,663,1789844600.2783868,4724.7,127.38,742.38,4.38,104.37,0.067,20.23,14.1,21.31,75.0,1500.0,15.2,healthy,0.0
fault_sensor_drift_2,664,1789844601.2783868,4701.4,127.33,741.07,4.32,104.46,0.0783,20.26,14.09,21.42,75.0,1500.0,15.2,healthy,0.0
fault_sensor_drift_2,665,1789844602.2783868,4701.6,127.11,740.81,4.31,104.44,0.0702,20.33,14.09,21.4,75.0,1500.0,15.2,healthy,0.0
fault_sensor_drift_2,666,1789844603.2783868,4708.1,126.93,742.31,4.38,104.6,0.0682,20.33,14.08,21.52,75.0,1500.0,15.2,healthy,0.0
fault_sensor_drift_2,667,1789844604.2783868,4712.0,127.07,743.13,4.43,104.59,0.075,20.36,14.01,21.57,75.0,1500.0,15.2,healthy,0.0
fault_sensor_drift_2,668,1789844605.2783868,4710.7,127.2,742.61,4.34,104.51,0.0728,20.49,14.0,21.71,75.0,1500.0,15.2,healthy,0.0
fault_sensor_drift_2,669,1789844606.2783868,4709.0,127.52,742.24,4.37,104.44,0.0753,20.43,14.05,21.6,75.0,1500.0,15.2,healthy,0.0
fault_sensor_drift_2,670,1789844607.2783868,4724.0,127.23,741.19,4.37,104.49,0.0697,20.39,14.02,21.53,75.0,1500.0,15.2,healthy,0.0
fault_sensor_drift_2,671,1789844608.2783868,4701.8,127.1,741.09,4.33,104.43,0.073,20.3,13.98,21.46,75.0,1500.0,15.2,healthy,0.0
fault_sensor_drift_2,672,1789844609.2783868,4677.3,127.42,736.13,4.35,104.45,0.0795,20.26,14.07,21.28,75.0,1500.0,15.2,healthy,0.0
fault_sensor_drift_2,673,1789844610.2783868,4691.6,127.46,733.27,4.39,104.45,0.0783,20.36,14.09,21.35,75.0,1500.0,15.2,healthy,0.0
fault_sensor_drift_2,674,1789844611.2783868,4673.1,127.61,735.47,4.5,104.59,0.0751,20.14,14.01,21.47,75.0,1500.0,15.2,healthy,0.0
fault_sensor_drift_2,675,1789844612.2783868,4670.1,127.63,736.52,4.36,104.4,0.0756,20.27,13.91,21.77,75.0,1500.0,15.2,healthy,0.0
fault_sensor_drift_2,676,1789844613.2783868,4689.9,127.58,738.93,4.33,104.31,0.0717,20.22,13.87,21.28,75.0,1500.0,15.2,healthy,0.0
fault_sensor_drift_2,677,1789844614.2783868,4699.4,127.42,739.15,4.37,104.24,0.0781,20.15,13.96,21.42,75.0,1500.0,15.2,healthy,0.0
fault_sensor_drift_2,678,1789844615.2783868,4703.3,127.31,738.66,4.32,104.08,0.0774,20.15,13.94,20.91,75.0,1500.0,15.2,healthy,0.0
fault_sensor_drift_2,679,1789844616.2783868,4684.0,127.19,736.59,4.39,104.15,0.0806,19.98,14.01,20.74,75.0,1500.0,15.2,healthy,0.0
fault_sensor_drift_2,680,1789844617.2783868,4679.2,127.68,740.78,4.43,104.26,0.0887,19.95,13.99,20.72,75.0,1500.0,15.2,healthy,0.0
fault_sensor_drift_2,681,1789844618.2783868,4679.1,127.53,740.93,4.32,104.14,0.0755,19.79,14.03,20.87,75.0,1500.0,15.2,healthy,0.0
fault_sensor_drift_2,682,1789844619.2783868,4684.1,126.93,740.2,4.25,104.25,0.0764,19.79,13.99,21.26,75.0,1500.0,15.2,healthy,0.0
fault_sensor_drift_2,683,1789844620.2783868,4725.7,126.84,736.77,4.22,104.3,0.0748,19.82,14.04,21.07,75.0,1500.0,15.2,healthy,0.0
fault_sensor_drift_2,684,1789844621.2783868,4729.2,127.04,737.11,4.26,104.34,0.0791,19.94,14.01,20.74,75.0,1500.0,15.2,healthy,0.0
fault_sensor_drift_2,685,1789844622.2783868,4721.0,127.07,740.13,4.25,104.41,0.0799,20.1,14.02,20.82,75.0,1500.0,15.2,healthy,0.0
fault_sensor_drift_2,686,1789844623.2783868,4721.8,126.84,742.65,4.28,104.43,0.0652,20.2,13.97,20.93,75.0,1500.0,15.2,healthy,0.0
fault_sensor_drift_2,687,1789844624.2783868,4716.6,127.03,743.35,4.25,104.63,0.0631,19.92,13.97,21.1,75.0,1500.0,15.2,healthy,0.0
fault_sensor_drift_2,688,1789844625.2783868,4704.4,126.85,740.28,4.17,104.77,0.0667,19.9,13.93,21.3,75.0,1500.0,15.2,healthy,0.0
fault_sensor_drift_2,689,1789844626.2783868,4678.2,126.97,742.4,4.25,104.66,0.0659,19.9,13.89,21.38,75.0,1500.0,15.2,healthy,0.0
fault_sensor_drift_2,690,1789844627.2783868,4700.2,126.89,741.22,4.26,104.61,0.074,19.97,13.87,21.04,75.0,1500.0,15.2,healthy,0.0
fault_sensor_drift_2,691,1789844628.2783868,4702.6,126.56,738.25,4.35,104.58,0.0703,20.01,13.85,21.32,75.0,1500.0,15.2,healthy,0.0
fault_sensor_drift_2,692,1789844629.2783868,4683.0,126.48,737.03,4.37,104.59,0.0783,19.96,13.86,21.1,75.0,1500.0,15.2,healthy,0.0
fault_sensor_drift_2,693,1789844630.2783868,4676.5,126.3,740.7,4.46,104.64,0.069,20.19,13.92,21.05,75.0,1500.0,15.2,healthy,0.0
fault_sensor_drift_2,694,1789844631.2783868,4692.7,126.29,739.49,4.44,104.48,0.0695,20.34,13.88,20.94,75.0,1500.0,15.2,healthy,0.0
fault_sensor_drift_2,695,1789844632.2783868,4707.6,126.13,740.98,4.43,104.52,0.0717,20.3,13.94,21.02,75.0,1500.0,15.2,healthy,0.0
fault_sensor_drift_2,696,1789844633.2783868,4687.4,126.21,743.44,4.52,104.54,0.069,20.06,13.99,21.09,75.0,1500.0,15.2,healthy,0.0
fault_sensor_drift_2,697,1789844634.2783868,4696.5,126.78,750.94,4.43,104.41,0.0723,20.17,13.98,21.3,75.0,1500.0,15.2,healthy,0.0
fault_sensor_drift_2,698,1789844635.2783868,4716.4,126.78,749.14,4.42,104.17,0.0725,20.28,14.06,21.35,75.0,1500.0,15.2,healthy,0.0
fault_sensor_drift_2,699,1789844636.2783868,4712.9,126.99,743.76,4.41,104.2,0.0749,20.35,14.08,21.28,75.0,1500.0,15.2,healthy,0.0
fault_sensor_drift_2,700,1789844637.2783868,4711.5,126.83,735.68,4.39,104.33,0.0818,20.32,14.14,21.21,75.0,1500.0,15.2,healthy,0.0
fault_sensor_drift_2,701,1789844638.2783868,4672.4,126.75,736.88,4.41,104.32,0.0831,20.27,14.14,21.09,75.0,1500.0,15.2,healthy,0.0
fault_sensor_drift_2,702,1789844639.2783868,4669.4,126.43,737.78,4.43,104.26,0.073,20.14,14.11,20.88,75.0,1500.0,15.2,healthy,0.0
fault_sensor_drift_2,703,1789844640.2783868,4675.3,126.52,740.14,4.39,104.09,0.0723,20.08,14.13,21.17,75.0,1500.0,15.2,healthy,0.0
fault_sensor_drift_2,704,1789844641.2783868,4661.6,126.16,739.97,4.32,104.01,0.0799,19.95,14.11,21.04,75.0,1500.0,15.2,healthy,0.0
fault_sensor_drift_2,705,1789844642.2783868,4696.5,126.18,735.59,4.26,104.1,0.0788,20.22,14.17,21.0,75.0,1500.0,15.2,healthy,0.0
fault_sensor_drift_2,706,1789844643.2783868,4706.6,126.11,740.24,4.36,103.97,0.071,20.16,14.26,20.47,75.0,1500.0,15.2,healthy,0.0
fault_sensor_drift_2,707,1789844644.2783868,4701.5,125.84,738.69,4.38,104.06,0.075,20.19,14.32,20.93,75.0,1500.0,15.2,healthy,0.0
fault_sensor_drift_2,708,1789844645.2783868,4716.2,125.95,741.08,4.29,104.01,0.0726,20.08,14.34,20.82,75.0,1500.0,15.2,healthy,0.0
fault_sensor_drift_2,709,1789844646.2783868,4721.4,126.0,737.55,4.32,104.06,0.0785,20.06,14.27,21.31,75.0,1500.0,15.2,healthy,0.0
fault_sensor_drift_2,710,1789844647.2783868,4707.5,126.12,737.4,4.4,104.05,0.0775,19.87,14.24,21.34,75.0,1500.0,15.2,healthy,0.0
fault_sensor_drift_2,711,1789844648.2783868,4699.0,126.13,737.73,4.32,104.06,0.0725,20.01,14.23,21.33,75.0,1500.0,15.2,healthy,0.0
fault_sensor_drift_2,712,1789844649.2783868,4703.2,126.14,741.27,4.38,104.04,0.0729,19.89,14.14,21.1,75.0,1500.0,15.2,healthy,0.0
fault_sensor_drift_2,713,1789844650.2783868,4695.9,125.91,743.29,4.32,104.26,0.0718,20.1,14.04,21.08,75.0,1500.0,15.2,healthy,0.0
fault_sensor_drift_2,714,1789844651.2783868,4716.3,126.15,744.51,4.41,104.05,0.07,20.15,14.04,21.06,75.0,1500.0,15.2,healthy,0.0
fault_sensor_drift_2,715,1789844652.2783868,4743.5,126.5,742.01,4.38,104.14,0.0737,20.11,14.17,21.07,75.0,1500.0,15.2,healthy,0.0
fault_sensor_drift_2,716,1789844653.2783868,4716.3,126.36,748.2,4.35,104.23,0.0757,20.11,14.14,21.02,75.0,1500.0,15.2,healthy,0.0
fault_sensor_drift_2,717,1789844654.2783868,4713.4,126.33,749.64,4.27,104.39,0.0719,20.21,14.23,21.15,75.0,1500.0,15.2,healthy,0.0
fault_sensor_drift_2,718,1789844655.2783868,4694.3,126.3,750.27,4.35,104.25,0.0691,20.34,14.17,21.32,75.0,1500.0,15.2,healthy,0.0
fault_sensor_drift_2,719,1789844656.2783868,4688.8,126.18,747.15,4.34,104.3,0.0709,20.29,14.16,21.32,75.0,1500.0,15.2,healthy,0.0
fault_sensor_drift_2,720,1789844657.2783868,4686.7,125.84,746.69,4.25,104.41,0.0789,20.27,14.1,21.31,75.0,1500.0,15.2,healthy,0.0
fault_sensor_drift_2,721,1789844658.2783868,4668.7,126.1,747.96,4.31,104.42,0.0749,20.51,14.12,21.28,75.0,1500.0,15.2,healthy,0.0
fault_sensor_drift_2,722,1789844659.2783868,4666.9,126.14,746.95,4.3,104.38,0.0767,20.33,14.15,21.2,75.0,1500.0,15.2,healthy,0.0
fault_sensor_drift_2,723,1789844660.2783868,4691.9,126.27,745.12,4.31,104.3,0.0833,20.3,14.13,21.42,75.0,1500.0,15.2,healthy,0.0
fault_sensor_drift_2,724,1789844661.2783868,4698.4,126.33,743.72,4.36,104.44,0.0814,20.26,14.12,21.17,75.0,1500.0,15.2,healthy,0.0
fault_sensor_drift_2,725,1789844662.2783868,4700.8,126.39,744.74,4.32,104.54,0.0855,20.28,14.14,21.57,75.0,1500.0,15.2,healthy,0.0
fault_sensor_drift_2,726,1789844663.2783868,4671.3,126.47,740.36,4.35,104.5,0.085,20.09,14.14,21.52,75.0,1500.0,15.2,healthy,0.0
fault_sensor_drift_2,727,1789844664.2783868,4678.4,126.68,736.63,4.4,104.31,0.0803,20.11,14.11,21.31,75.0,1500.0,15.2,healthy,0.0
fault_sensor_drift_2,728,1789844665.2783868,4684.6,126.35,737.72,4.44,104.34,0.0687,20.18,14.07,21.3,75.0,1500.0,15.2,healthy,0.0
fault_sensor_drift_2,729,1789844666.2783868,4691.5,125.88,746.2,4.44,104.4,0.0647,20.21,14.16,21.21,75.0,1500.0,15.2,healthy,0.0
fault_sensor_drift_2,730,1789844667.2783868,4712.8,126.06,744.52,4.44,104.45,0.0649,20.28,14.21,21.47,75.0,1500.0,15.2,healthy,0.0
fault_sensor_drift_2,731,1789844668.2783868,4697.2,126.2,746.34,4.35,104.45,0.0704,20.15,14.22,21.13,75.0,1500.0,15.2,healthy,0.0
fault_sensor_drift_2,732,1789844669.2783868,4716.4,126.41,745.95,4.35,104.46,0.0699,20.36,14.25,21.29,75.0,1500.0,15.2,healthy,0.0
fault_sensor_drift_2,733,1789844670.2783868,4718.0,126.73,739.53,4.33,104.19,0.0773,20.41,14.3,21.27,75.0,1500.0,15.2,healthy,0.0
fault_sensor_drift_2,734,1789844671.2783868,4704.6,126.68,738.43,4.36,104.11,0.0597,20.29,14.33,21.24,75.0,1500.0,15.2,healthy,0.0
fault_sensor_drift_2,735,1789844672.2783868,4721.9,126.99,737.05,4.37,104.34,0.0679,20.05,14.33,21.25,75.0,1500.0,15.2,healthy,0.0
fault_sensor_drift_2,736,1789844673.2783868,4680.4,126.84,730.89,4.38,104.16,0.074,20.05,14.32,21.24,75.0,1500.0,15.2,healthy,0.0
fault_sensor_drift_2,737,1789844674.2783868,4675.0,127.17,737.39,4.4,104.07,0.0664,20.09,14.32,21.01,75.0,1500.0,15.2,healthy,0.0
fault_sensor_drift_2,738,1789844675.2783868,4644.9,127.12,732.59,4.37,104.18,0.0722,19.98,14.31,20.97,75.0,1500.0,15.2,healthy,0.0
fault_sensor_drift_2,739,1789844676.2783868,4640.2,126.96,735.38,4.36,103.96,0.0687,19.93,14.25,21.0,75.0,1500.0,15.2,healthy,0.0
fault_sensor_drift_2,740,1789844677.2783868,4667.2,127.0,739.56,4.43,103.89,0.0706,20.0,14.19,21.57,75.0,1500.0,15.2,healthy,0.0
fault_sensor_drift_2,741,1789844678.2783868,4698.8,126.88,738.73,4.38,103.85,0.0723,20.09,14.15,21.49,75.0,1500.0,15.2,healthy,0.0
fault_sensor_drift_2,742,1789844679.2783868,4688.3,126.68,737.85,4.23,103.86,0.0714,19.93,14.19,21.31,75.0,1500.0,15.2,healthy,0.0
fault_sensor_drift_2,743,1789844680.2783868,4698.1,126.52,735.28,4.37,103.89,0.0713,19.78,14.26,21.33,75.0,1500.0,15.2,healthy,0.0
fault_sensor_drift_2,744,1789844681.2783868,4717.6,126.26,736.19,4.33,104.05,0.0608,20.05,14.27,21.32,75.0,1500.0,15.2,healthy,0.0
fault_sensor_drift_2,745,1789844682.2783868,4706.1,126.39,734.44,4.34,104.1,0.0667,19.87,14.25,21.19,75.0,1500.0,15.2,healthy,0.0
fault_sensor_drift_2,746,1789844683.2783868,4732.9,126.54,736.27,4.35,104.03,0.0672,19.78,14.25,21.21,75.0,1500.0,15.2,healthy,0.0
fault_sensor_drift_2,747,1789844684.2783868,4731.1,126.73,731.74,4.39,103.92,0.0727,19.88,14.21,21.06,75.0,1500.0,15.2,healthy,0.0
fault_sensor_drift_2,748,1789844685.2783868,4713.4,126.74,732.38,4.38,103.84,0.0745,19.89,14.24,21.15,75.0,1500.0,15.2,healthy,0.0
fault_sensor_drift_2,749,1789844686.2783868,4724.6,126.85,739.03,4.35,103.97,0.0736,19.78,14.23,21.47,75.0,1500.0,15.2,healthy,0.0
fault_sensor_drift_2,750,1789844687.2783868,4728.8,126.79,740.97,4.33,104.04,0.0737,19.9,14.25,21.24,75.0,1500.0,15.2,healthy,0.0
fault_sensor_drift_2,751,1789844688.2783868,4727.5,126.8,738.42,4.33,104.05,0.0722,20.06,14.18,21.23,75.0,1500.0,15.2,healthy,0.0
fault_sensor_drift_2,752,1789844689.2783868,4749.2,126.57,743.7,4.32,104.13,0.0681,20.01,14.13,21.33,75.0,1500.0,15.2,healthy,0.0
fault_sensor_drift_2,753,1789844690.2783868,4761.1,126.52,747.14,4.36,104.22,0.0743,19.99,14.14,20.82,75.0,1500.0,15.2,healthy,0.0
fault_sensor_drift_2,754,1789844691.2783868,4746.5,126.56,754.15,4.41,104.08,0.0748,19.92,14.13,20.87,75.0,1500.0,15.2,healthy,0.0
fault_sensor_drift_2,755,1789844692.2783868,4736.1,126.53,751.73,4.35,104.01,0.0756,19.99,14.15,21.27,75.0,1500.0,15.2,healthy,0.0
fault_sensor_drift_2,756,1789844693.2783868,4716.7,126.55,747.57,4.3,103.97,0.0764,20.15,14.12,20.64,75.0,1500.0,15.2,healthy,0.0
fault_sensor_drift_2,757,1789844694.2783868,4687.8,126.24,741.85,4.28,104.09,0.0737,20.19,14.16,20.71,75.0,1500.0,15.2,healthy,0.0
fault_sensor_drift_2,758,1789844695.2783868,4716.2,126.12,738.67,4.35,104.11,0.0652,20.26,14.14,21.09,75.0,1500.0,15.2,healthy,0.0
fault_sensor_drift_2,759,1789844696.2783868,4713.5,126.06,739.09,4.35,104.16,0.069,20.48,14.21,20.76,75.0,1500.0,15.2,healthy,0.0
fault_sensor_drift_2,760,1789844697.2783868,4707.3,126.32,740.47,4.33,104.32,0.0743,20.52,14.15,21.18,75.0,1500.0,15.2,healthy,0.0
fault_sensor_drift_2,761,1789844698.2783868,4715.9,126.29,737.6,4.4,104.42,0.0758,20.39,14.2,20.95,75.0,1500.0,15.2,healthy,0.0
fault_sensor_drift_2,762,1789844699.2783868,4722.0,126.2,739.15,4.42,104.5,0.0712,20.58,14.25,21.0,75.0,1500.0,15.2,healthy,0.0
fault_sensor_drift_2,763,1789844700.2783868,4688.7,126.09,741.97,4.4,104.4,0.0654,20.39,14.25,21.13,75.0,1500.0,15.2,healthy,0.0
fault_sensor_drift_2,764,1789844701.2783868,4700.5,125.69,739.51,4.45,104.41,0.0679,20.33,14.26,21.1,75.0,1500.0,15.2,healthy,0.0
fault_sensor_drift_2,765,1789844702.2783868,4722.5,125.82,736.4,4.39,104.36,0.069,20.15,14.19,20.91,75.0,1500.0,15.2,healthy,0.0
fault_sensor_drift_2,766,1789844703.2783868,4701.1,126.24,740.29,4.36,104.34,0.0723,20.19,14.24,21.27,75.0,1500.0,15.2,healthy,0.0
fault_sensor_drift_2,767,1789844704.2783868,4709.3,126.26,743.5,4.36,104.26,0.0741,20.33,14.2,21.44,75.0,1500.0,15.2,healthy,0.0
fault_sensor_drift_2,768,1789844705.2783868,4690.2,126.33,745.67,4.35,104.2,0.0727,20.36,14.21,21.51,75.0,1500.0,15.2,healthy,0.0
fault_sensor_drift_2,769,1789844706.2783868,4710.5,126.83,747.71,4.28,104.15,0.0773,20.36,14.18,21.29,75.0,1500.0,15.2,healthy,0.0
fault_sensor_drift_2,770,1789844707.2783868,4714.6,127.0,742.65,4.16,104.2,0.0696,20.32,14.18,21.26,75.0,1500.0,15.2,healthy,0.0
fault_sensor_drift_2,771,1789844708.2783868,4695.9,127.1,747.42,4.2,104.29,0.0776,20.15,14.16,21.22,75.0,1500.0,15.2,healthy,0.0
fault_sensor_drift_2,772,1789844709.2783868,4658.8,127.06,743.65,4.25,104.15,0.0814,20.1,14.11,21.29,75.0,1500.0,15.2,healthy,0.0
fault_sensor_drift_2,773,1789844710.2783868,4660.1,127.04,746.73,4.31,104.1,0.0725,19.91,14.2,21.39,75.0,1500.0,15.2,healthy,0.0
fault_sensor_drift_2,774,1789844711.2783868,4683.2,126.47,742.31,4.38,104.05,0.0731,20.0,14.16,21.19,75.0,1500.0,15.2,healthy,0.0
fault_sensor_drift_2,775,1789844712.2783868,4661.8,126.66,743.17,4.35,103.97,0.0613,19.98,14.16,20.9,75.0,1500.0,15.2,healthy,0.0
fault_sensor_drift_2,776,1789844713.2783868,4665.8,126.79,738.88,4.41,103.9,0.0608,19.83,14.17,21.25,75.0,1500.0,15.2,healthy,0.0
fault_sensor_drift_2,777,1789844714.2783868,4649.2,126.8,740.83,4.47,103.95,0.0714,19.86,14.21,21.15,75.0,1500.0,15.2,healthy,0.0
fault_sensor_drift_2,778,1789844715.2783868,4637.5,126.97,739.29,4.47,103.97,0.0824,19.99,14.16,20.87,75.0,1500.0,15.2,healthy,0.0
fault_sensor_drift_2,779,1789844716.2783868,4685.7,127.08,743.78,4.5,103.88,0.0751,19.93,14.08,21.02,75.0,1500.0,15.2,healthy,0.0
fault_sensor_drift_2,780,1789844717.2783868,4698.0,127.17,740.18,4.44,103.98,0.0726,19.99,13.98,21.34,75.0,1500.0,15.2,healthy,0.0
fault_sensor_drift_2,781,1789844718.2783868,4687.8,127.54,740.28,4.42,103.78,0.0739,20.03,13.99,21.13,75.0,1500.0,15.2,healthy,0.0
fault_sensor_drift_2,782,1789844719.2783868,4715.9,127.55,738.67,4.47,103.72,0.0731,20.05,14.02,21.18,75.0,1500.0,15.2,healthy,0.0
fault_sensor_drift_2,783,1789844720.2783868,4707.7,127.45,739.92,4.44,103.81,0.0734,19.89,14.06,21.33,75.0,1500.0,15.2,healthy,0.0
fault_sensor_drift_2,784,1789844721.2783868,4707.0,127.2,738.8,4.42,103.72,0.0752,20.01,14.07,21.15,75.0,1500.0,15.2,healthy,0.0
fault_sensor_drift_2,785,1789844722.2783868,4707.1,126.87,730.78,4.35,103.71,0.0679,20.18,14.04,21.16,75.0,1500.0,15.2,healthy,0.0
fault_sensor_drift_2,786,1789844723.2783868,4672.5,126.49,733.64,4.41,103.71,0.0651,20.38,13.96,21.22,75.0,1500.0,15.2,healthy,0.0
fault_sensor_drift_2,787,1789844724.2783868,4710.9,126.29,733.32,4.43,103.61,0.0641,20.36,13.99,21.16,75.0,1500.0,15.2,healthy,0.0
fault_sensor_drift_2,788,1789844725.2783868,4714.5,125.75,736.46,4.42,103.56,0.0625,20.31,14.01,21.16,75.0,1500.0,15.2,healthy,0.0
fault_sensor_drift_2,789,1789844726.2783868,4722.8,125.43,735.68,4.44,103.74,0.0671,20.26,14.14,21.48,75.0,1500.0,15.2,healthy,0.0
fault_sensor_drift_2,790,1789844727.2783868,4709.3,125.33,736.33,4.47,103.75,0.0728,20.2,14.14,21.1,75.0,1500.0,15.2,healthy,0.0
fault_sensor_drift_2,791,1789844728.2783868,4712.9,125.5,736.49,4.41,103.66,0.0716,20.27,14.13,21.12,75.0,1500.0,15.2,healthy,0.0
fault_sensor_drift_2,792,1789844729.2783868,4699.4,125.61,735.25,4.31,103.67,0.0695,20.26,14.11,20.9,75.0,1500.0,15.2,healthy,0.0
fault_sensor_drift_2,793,1789844730.2783868,4700.4,125.45,729.92,4.31,103.7,0.0797,20.12,14.08,20.97,75.0,1500.0,15.2,healthy,0.0
fault_sensor_drift_2,794,1789844731.2783868,4684.6,125.47,733.11,4.33,103.68,0.0857,20.17,14.03,20.89,75.0,1500.0,15.2,healthy,0.0
fault_sensor_drift_2,795,1789844732.2783868,4684.3,125.52,733.02,4.39,103.68,0.0835,20.12,14.04,20.92,75.0,1500.0,15.2,healthy,0.0
fault_sensor_drift_2,796,1789844733.2783868,4689.4,125.71,734.62,4.39,103.56,0.0751,20.16,14.01,20.69,75.0,1500.0,15.2,healthy,0.0
fault_sensor_drift_2,797,1789844734.2783868,4698.9,125.81,734.59,4.41,103.58,0.0769,20.11,13.99,20.72,75.0,1500.0,15.2,healthy,0.0
fault_sensor_drift_2,798,1789844735.2783868,4686.7,126.1,735.08,4.37,103.49,0.079,20.19,14.04,20.84,75.0,1500.0,15.2,healthy,0.0
fault_sensor_drift_2,799,1789844736.2783868,4678.8,126.09,745.13,4.28,103.49,0.0803,20.24,14.04,20.75,75.0,1500.0,15.2,healthy,0.0
fault_sensor_drift_2,800,1789844737.2783868,4676.5,126.21,741.52,4.27,103.47,0.0812,20.28,14.0,20.6,75.0,1500.0,15.2,healthy,0.0
fault_sensor_drift_2,801,1789844738.2783868,4715.0,126.48,747.49,4.24,103.49,0.0802,20.45,14.06,21.03,75.0,1500.0,15.2,healthy,0.0
fault_sensor_drift_2,802,1789844739.2783868,4673.3,126.57,750.62,4.29,103.51,0.0739,20.44,14.07,21.44,75.0,1500.0,15.2,healthy,0.0
fault_sensor_drift_2,803,1789844740.2783868,4687.4,126.52,748.75,4.29,103.6,0.0706,20.34,14.1,21.58,75.0,1500.0,15.2,healthy,0.0
fault_sensor_drift_2,804,1789844741.2783868,4692.0,126.32,745.22,4.31,103.54,0.0718,20.32,14.09,21.39,75.0,1500.0,15.2,healthy,0.0
fault_sensor_drift_2,805,1789844742.2783868,4701.5,126.19,746.64,4.23,103.59,0.0718,20.4,14.18,21.35,75.0,1500.0,15.2,healthy,0.0
fault_sensor_drift_2,806,1789844743.2783868,4694.3,125.94,745.8,4.23,103.61,0.0728,20.34,14.18,21.3,75.0,1500.0,15.2,healthy,0.0
fault_sensor_drift_2,807,1789844744.2783868,4686.9,125.83,745.26,4.36,103.68,0.0723,20.4,14.17,21.26,75.0,1500.0,15.2,healthy,0.0
fault_sensor_drift_2,808,1789844745.2783868,4663.1,125.73,747.42,4.48,103.82,0.0704,20.37,14.14,21.23,75.0,1500.0,15.2,healthy,0.0
fault_sensor_drift_2,809,1789844746.2783868,4667.1,125.89,750.52,4.37,103.8,0.0692,20.31,14.18,21.08,75.0,1500.0,15.2,healthy,0.0
fault_sensor_drift_2,810,1789844747.2783868,4677.5,126.04,743.87,4.27,103.88,0.0743,20.24,14.23,21.12,75.0,1500.0,15.2,healthy,0.0
fault_sensor_drift_2,811,1789844748.2783868,4665.8,126.0,742.45,4.31,103.86,0.0682,20.26,14.31,20.99,75.0,1500.0,15.2,healthy,0.0
fault_sensor_drift_2,812,1789844749.2783868,4654.3,125.77,741.27,4.32,104.18,0.0723,20.31,14.39,21.16,75.0,1500.0,15.2,healthy,0.0
fault_sensor_drift_2,813,1789844750.2783868,4687.6,125.89,741.48,4.25,104.01,0.0723,20.34,14.34,20.93,75.0,1500.0,15.2,healthy,0.0
fault_sensor_drift_2,814,1789844751.2783868,4709.1,125.87,738.56,4.32,104.09,0.0699,20.42,14.33,21.12,75.0,1500.0,15.2,healthy,0.0
fault_sensor_drift_2,815,1789844752.2783868,4709.7,126.14,738.85,4.33,104.01,0.0738,20.26,14.35,21.31,75.0,1500.0,15.2,healthy,0.0
fault_sensor_drift_2,816,1789844753.2783868,4690.7,126.34,735.77,4.35,104.18,0.073,20.16,14.38,21.28,75.0,1500.0,15.2,healthy,0.0
fault_sensor_drift_2,817,1789844754.2783868,4678.5,126.12,732.06,4.28,104.23,0.0735,20.38,14.36,21.13,75.0,1500.0,15.2,healthy,0.0
fault_sensor_drift_2,818,1789844755.2783868,4680.7,126.07,739.79,4.26,104.23,0.0834,20.26,14.29,21.36,75.0,1500.0,15.2,healthy,0.0
fault_sensor_drift_2,819,1789844756.2783868,4687.7,125.95,738.14,4.29,104.03,0.0806,20.16,14.27,21.23,75.0,1500.0,15.2,healthy,0.0
fault_sensor_drift_2,820,1789844757.2783868,4698.3,126.2,738.83,4.2,104.06,0.0799,20.1,14.24,21.32,75.0,1500.0,15.2,healthy,0.0
fault_sensor_drift_2,821,1789844758.2783868,4730.2,126.1,735.76,4.24,104.13,0.0811,20.07,14.26,21.17,75.0,1500.0,15.2,healthy,0.0
fault_sensor_drift_2,822,1789844759.2783868,4722.7,126.14,735.59,4.16,104.33,0.077,20.21,14.29,20.77,75.0,1500.0,15.2,healthy,0.0
fault_sensor_drift_2,823,1789844760.2783868,4728.2,126.14,738.02,4.27,104.16,0.0752,20.33,14.37,21.14,75.0,1500.0,15.2,healthy,0.0
fault_sensor_drift_2,824,1789844761.2783868,4730.9,126.3,732.92,4.31,104.04,0.0837,20.27,14.34,21.28,75.0,1500.0,15.2,healthy,0.0
fault_sensor_drift_2,825,1789844762.2783868,4734.9,126.12,733.31,4.33,103.98,0.0796,20.23,14.31,21.23,75.0,1500.0,15.2,healthy,0.0
fault_sensor_drift_2,826,1789844763.2783868,4736.5,125.95,735.12,4.42,104.0,0.0823,20.06,14.28,21.31,75.0,1500.0,15.2,healthy,0.0
fault_sensor_drift_2,827,1789844764.2783868,4701.5,126.15,735.89,4.26,104.04,0.0662,20.16,14.22,21.39,75.0,1500.0,15.2,healthy,0.0
fault_sensor_drift_2,828,1789844765.2783868,4694.7,126.35,735.82,4.34,104.09,0.069,20.24,14.19,21.44,75.0,1500.0,15.2,healthy,0.0
fault_sensor_drift_2,829,1789844766.2783868,4689.6,126.44,738.15,4.42,103.94,0.0643,20.38,14.2,21.02,75.0,1500.0,15.2,healthy,0.0
fault_sensor_drift_2,830,1789844767.2783868,4692.8,126.58,742.03,4.49,103.87,0.0691,20.21,14.2,21.25,75.0,1500.0,15.2,healthy,0.0
fault_sensor_drift_2,831,1789844768.2783868,4680.9,126.49,739.83,4.44,103.99,0.069,20.29,14.22,21.3,75.0,1500.0,15.2,healthy,0.0
fault_sensor_drift_2,832,1789844769.2783868,4691.6,126.88,741.32,4.45,103.86,0.0742,20.36,14.16,20.92,75.0,1500.0,15.2,healthy,0.0
fault_sensor_drift_2,833,1789844770.2783868,4712.1,126.65,742.73,4.43,103.84,0.0771,20.3,14.14,21.11,75.0,1500.0,15.2,healthy,0.0
fault_sensor_drift_2,834,1789844771.2783868,4720.9,126.65,738.12,4.45,104.07,0.068,20.14,14.2,21.27,75.0,1500.0,15.2,healthy,0.0
fault_sensor_drift_2,835,1789844772.2783868,4694.7,126.37,741.36,4.35,104.0,0.0709,20.2,14.13,21.33,75.0,1500.0,15.2,healthy,0.0
fault_sensor_drift_2,836,1789844773.2783868,4685.7,126.51,741.09,4.46,104.01,0.0736,20.16,14.14,21.38,75.0,1500.0,15.2,healthy,0.0
fault_sensor_drift_2,837,1789844774.2783868,4706.9,126.58,740.55,4.42,104.06,0.0734,20.2,14.1,21.1,75.0,1500.0,15.2,healthy,0.0
fault_sensor_drift_2,838,1789844775.2783868,4694.9,126.46,739.74,4.4,103.86,0.0858,20.38,14.04,21.01,75.0,1500.0,15.2,healthy,0.0
fault_sensor_drift_2,839,1789844776.2783868,4670.6,126.25,738.78,4.38,103.89,0.0747,20.55,14.04,21.31,75.0,1500.0,15.2,healthy,0.0
fault_sensor_drift_2,840,1789844777.2783868,4681.3,126.44,732.23,4.38,104.0,0.0698,20.41,14.13,21.07,75.0,1500.0,15.2,healthy,0.0
fault_sensor_drift_2,841,1789844778.2783868,4671.7,126.17,730.43,4.47,103.79,0.0661,20.19,14.12,21.3,75.0,1500.0,15.2,healthy,0.0
fault_sensor_drift_2,842,1789844779.2783868,4698.1,126.15,734.37,4.39,103.86,0.0666,20.36,14.07,21.21,75.0,1500.0,15.2,healthy,0.0
fault_sensor_drift_2,843,1789844780.2783868,4725.3,126.32,739.25,4.41,103.94,0.0706,20.19,14.07,21.05,75.0,1500.0,15.2,healthy,0.0
fault_sensor_drift_2,844,1789844781.2783868,4720.1,126.52,743.82,4.37,104.14,0.0706,20.07,14.01,21.14,75.0,1500.0,15.2,healthy,0.0
fault_sensor_drift_2,845,1789844782.2783868,4718.1,126.5,744.81,4.34,104.12,0.0751,20.14,14.08,21.09,75.0,1500.0,15.2,healthy,0.0
fault_sensor_drift_2,846,1789844783.2783868,4729.6,126.39,746.62,4.31,104.07,0.0806,20.19,14.09,21.15,75.0,1500.0,15.2,healthy,0.0
fault_sensor_drift_2,847,1789844784.2783868,4713.4,126.36,747.21,4.27,104.25,0.0738,20.06,14.09,21.17,75.0,1500.0,15.2,healthy,0.0
fault_sensor_drift_2,848,1789844785.2783868,4697.7,126.23,744.04,4.29,104.27,0.0742,20.08,14.03,21.3,75.0,1500.0,15.2,healthy,0.0
fault_sensor_drift_2,849,1789844786.2783868,4688.9,126.24,742.01,4.26,104.26,0.068,20.17,14.01,21.05,75.0,1500.0,15.2,healthy,0.0
fault_sensor_drift_2,850,1789844787.2783868,4684.0,126.64,743.69,4.29,104.3,0.062,20.21,14.04,20.98,75.0,1500.0,15.2,healthy,0.0
fault_sensor_drift_2,851,1789844788.2783868,4694.5,126.45,745.32,4.2,104.17,0.066,20.33,14.04,20.84,75.0,1500.0,15.2,healthy,0.0
fault_sensor_drift_2,852,1789844789.2783868,4687.9,126.22,747.74,4.35,104.37,0.0662,20.28,14.15,21.12,75.0,1500.0,15.2,healthy,0.0
fault_sensor_drift_2,853,1789844790.2783868,4702.7,126.48,742.89,4.39,104.37,0.0779,20.25,14.19,21.2,75.0,1500.0,15.2,healthy,0.0
fault_sensor_drift_2,854,1789844791.2783868,4707.1,126.6,739.74,4.44,104.45,0.0777,20.19,14.22,21.33,75.0,1500.0,15.2,healthy,0.0
fault_sensor_drift_2,855,1789844792.2783868,4683.9,126.3,738.96,4.48,104.49,0.0815,20.11,14.2,21.35,75.0,1500.0,15.2,healthy,0.0
fault_sensor_drift_2,856,1789844793.2783868,4707.6,126.06,741.39,4.38,104.5,0.0726,20.01,14.28,21.6,75.0,1500.0,15.2,healthy,0.0
fault_sensor_drift_2,857,1789844794.2783868,4690.5,126.07,738.18,4.35,104.52,0.0685,19.94,14.28,21.41,75.0,1500.0,15.2,healthy,0.0
fault_sensor_drift_2,858,1789844795.2783868,4692.3,126.2,736.89,4.24,104.45,0.0696,20.04,14.18,21.44,75.0,1500.0,15.2,healthy,0.0
fault_sensor_drift_2,859,1789844796.2783868,4689.8,126.11,734.34,4.34,104.39,0.0759,20.2,14.18,21.6,75.0,1500.0,15.2,healthy,0.0
fault_sensor_drift_2,860,1789844797.2783868,4695.2,125.97,740.6,4.34,104.38,0.0781,20.19,14.13,21.41,75.0,1500.0,15.2,healthy,0.0
fault_sensor_drift_2,861,1789844798.2783868,4716.1,126.09,740.9,4.32,104.39,0.0643,20.1,14.21,21.36,75.0,1500.0,15.2,healthy,0.0
fault_sensor_drift_2,862,1789844799.2783868,4692.9,126.34,739.52,4.34,104.58,0.0709,19.91,14.04,21.2,75.0,1500.0,15.2,healthy,0.0
fault_sensor_drift_2,863,1789844800.2783868,4689.9,126.37,735.94,4.29,104.53,0.0776,20.1,14.11,21.32,75.0,1500.0,15.2,healthy,0.0
fault_sensor_drift_2,864,1789844801.2783868,4730.0,126.33,736.62,4.36,104.42,0.0633,20.17,14.17,21.39,75.0,1500.0,15.2,healthy,0.0
fault_sensor_drift_2,865,1789844802.2783868,4745.3,126.57,735.66,4.3,104.51,0.0715,20.26,14.16,21.16,75.0,1500.0,15.2,healthy,0.0
fault_sensor_drift_2,866,1789844803.2783868,4736.2,126.24,738.95,4.34,104.44,0.0733,20.32,14.1,21.03,75.0,1500.0,15.2,healthy,0.0
fault_sensor_drift_2,867,1789844804.2783868,4756.4,126.37,737.99,4.34,104.48,0.0745,20.27,14.1,20.85,75.0,1500.0,15.2,healthy,0.0
fault_sensor_drift_2,868,1789844805.2783868,4768.6,126.49,741.52,4.45,104.34,0.0774,20.15,14.16,21.12,75.0,1500.0,15.2,healthy,0.0
fault_sensor_drift_2,869,1789844806.2783868,4750.8,126.64,736.52,4.47,104.26,0.079,20.02,14.17,21.12,75.0,1500.0,15.2,healthy,0.0
fault_sensor_drift_2,870,1789844807.2783868,4743.7,126.64,739.86,4.48,104.21,0.0831,20.05,14.14,20.88,75.0,1500.0,15.2,healthy,0.0
fault_sensor_drift_2,871,1789844808.2783868,4724.9,126.53,737.54,4.37,104.47,0.0872,20.09,14.18,21.05,75.0,1500.0,15.2,healthy,0.0
fault_sensor_drift_2,872,1789844809.2783868,4725.4,126.3,738.71,4.35,104.76,0.0813,20.24,14.2,21.31,75.0,1500.0,15.2,healthy,0.0
fault_sensor_drift_2,873,1789844810.2783868,4754.9,126.27,738.22,4.37,104.65,0.0772,20.18,14.2,21.41,75.0,1500.0,15.2,healthy,0.0
fault_sensor_drift_2,874,1789844811.2783868,4731.1,126.4,738.35,4.4,104.65,0.0706,20.18,14.29,20.9,75.0,1500.0,15.2,healthy,0.0
fault_sensor_drift_2,875,1789844812.2783868,4736.3,126.25,740.4,4.35,104.74,0.0759,20.26,14.31,21.04,75.0,1500.0,15.2,healthy,0.0
fault_sensor_drift_2,876,1789844813.2783868,4702.0,126.25,738.16,4.33,104.75,0.073,20.36,14.21,21.2,75.0,1500.0,15.2,healthy,0.0
fault_sensor_drift_2,877,1789844814.2783868,4681.6,126.34,740.58,4.37,104.78,0.0715,20.13,14.2,21.45,75.0,1500.0,15.2,healthy,0.0
fault_sensor_drift_2,878,1789844815.2783868,4677.9,126.26,742.71,4.32,104.69,0.0771,20.15,14.26,21.5,75.0,1500.0,15.2,healthy,0.0
fault_sensor_drift_2,879,1789844816.2783868,4686.9,126.35,743.8,4.33,104.68,0.0815,20.07,14.19,21.81,75.0,1500.0,15.2,healthy,0.0
fault_sensor_drift_2,880,1789844817.2783868,4681.6,126.64,746.76,4.31,104.47,0.0792,20.05,14.17,21.77,75.0,1500.0,15.2,healthy,0.0
fault_sensor_drift_2,881,1789844818.2783868,4701.1,126.57,746.59,4.3,104.52,0.0793,19.96,14.1,21.42,75.0,1500.0,15.2,healthy,0.0
fault_sensor_drift_2,882,1789844819.2783868,4694.4,126.84,740.78,4.31,104.53,0.0699,19.93,14.12,21.55,75.0,1500.0,15.2,healthy,0.0
fault_sensor_drift_2,883,1789844820.2783868,4661.1,126.47,736.36,4.34,104.34,0.0804,19.9,14.14,21.33,75.0,1500.0,15.2,healthy,0.0
fault_sensor_drift_2,884,1789844821.2783868,4657.8,126.67,733.73,4.3,104.23,0.0752,20.03,14.1,21.36,75.0,1500.0,15.2,healthy,0.0
fault_sensor_drift_2,885,1789844822.2783868,4634.6,127.0,739.47,4.28,104.03,0.0739,20.13,14.06,21.09,75.0,1500.0,15.2,healthy,0.0
fault_sensor_drift_2,886,1789844823.2783868,4638.3,127.0,740.96,4.36,103.94,0.0703,20.15,13.99,21.15,75.0,1500.0,15.2,healthy,0.0
fault_sensor_drift_2,887,1789844824.2783868,4654.0,126.8,740.24,4.41,103.78,0.0704,20.2,14.0,21.55,75.0,1500.0,15.2,healthy,0.0
fault_sensor_drift_2,888,1789844825.2783868,4665.8,126.71,743.1,4.46,103.8,0.0581,20.07,14.04,21.39,75.0,1500.0,15.2,healthy,0.0
fault_sensor_drift_2,889,1789844826.2783868,4663.5,126.56,741.32,4.4,103.82,0.062,20.21,14.14,21.05,75.0,1500.0,15.2,healthy,0.0
fault_sensor_drift_2,890,1789844827.2783868,4692.6,126.33,744.79,4.41,103.77,0.0654,20.31,14.15,21.25,75.0,1500.0,15.2,healthy,0.0
fault_sensor_drift_2,891,1789844828.2783868,4684.7,126.3,746.99,4.34,103.82,0.0632,20.4,14.26,21.35,75.0,1500.0,15.2,healthy,0.0
fault_sensor_drift_2,892,1789844829.2783868,4679.3,126.68,746.13,4.37,103.72,0.0682,20.26,14.26,21.07,75.0,1500.0,15.2,healthy,0.0
fault_sensor_drift_2,893,1789844830.2783868,4685.7,126.8,745.49,4.37,103.82,0.0635,20.26,14.12,20.99,75.0,1500.0,15.2,healthy,0.0
fault_sensor_drift_2,894,1789844831.2783868,4663.6,126.56,744.48,4.33,103.89,0.0653,20.22,14.11,21.39,75.0,1500.0,15.2,healthy,0.0
fault_sensor_drift_2,895,1789844832.2783868,4643.8,126.86,745.48,4.36,104.14,0.0644,20.27,14.07,21.27,75.0,1500.0,15.2,healthy,0.0
fault_sensor_drift_2,896,1789844833.2783868,4651.4,126.74,743.67,4.37,104.19,0.0492,20.13,14.01,21.2,75.0,1500.0,15.2,healthy,0.0
fault_sensor_drift_2,897,1789844834.2783868,4643.0,126.67,741.96,4.34,104.21,0.0579,20.36,13.93,20.94,75.0,1500.0,15.2,healthy,0.0
fault_sensor_drift_2,898,1789844835.2783868,4674.3,126.48,740.24,4.37,104.21,0.0628,20.21,13.97,21.48,75.0,1500.0,15.2,healthy,0.0
fault_sensor_drift_2,899,1789844836.2783868,4681.0,126.53,741.42,4.37,104.28,0.0582,20.07,14.03,21.44,75.0,1500.0,15.2,healthy,0.0
fault_sensor_drift_2,900,1789844837.2783868,4683.2,126.47,745.97,4.44,104.14,0.0662,20.12,14.06,21.33,75.0,1500.0,15.2,healthy,0.0
fault_sensor_drift_2,901,1789844838.2783868,4692.8,126.5,746.03,4.48,104.13,0.0749,20.12,14.14,21.41,75.0,1500.0,15.2,healthy,0.0
fault_sensor_drift_2,902,1789844839.2783868,4712.7,126.76,746.07,4.4,104.2,0.0749,20.18,14.19,21.27,75.0,1500.0,15.2,healthy,0.0
fault_sensor_drift_2,903,1789844840.2783868,4705.0,126.82,744.81,4.38,104.19,0.0725,20.12,14.26,21.14,75.0,1500.0,15.2,healthy,0.0
fault_sensor_drift_2,904,1789844841.2783868,4719.5,126.55,739.87,4.36,104.07,0.0668,20.15,14.22,21.34,75.0,1500.0,15.2,healthy,0.0
fault_sensor_drift_2,905,1789844842.2783868,4712.1,126.51,738.45,4.38,103.95,0.0742,20.27,14.23,21.51,75.0,1500.0,15.2,healthy,0.0
fault_sensor_drift_2,906,1789844843.2783868,4737.4,126.6,738.99,4.39,104.0,0.0788,19.95,14.26,21.04,75.0,1500.0,15.2,healthy,0.0
fault_sensor_drift_2,907,1789844844.2783868,4722.9,126.5,736.14,4.39,104.14,0.0715,19.93,14.32,21.15,75.0,1500.0,15.2,healthy,0.0
fault_sensor_drift_2,908,1789844845.2783868,4699.8,126.38,737.4,4.48,104.24,0.0699,20.0,14.21,21.0,75.0,1500.0,15.2,healthy,0.0
fault_sensor_drift_2,909,1789844846.2783868,4709.7,126.54,737.6,4.49,104.06,0.0757,20.02,14.27,20.65,75.0,1500.0,15.2,healthy,0.0
fault_sensor_drift_2,910,1789844847.2783868,4710.1,126.36,738.36,4.45,104.13,0.0779,20.32,14.17,20.97,75.0,1500.0,15.2,healthy,0.0
fault_sensor_drift_2,911,1789844848.2783868,4685.7,126.27,741.0,4.34,104.14,0.0816,20.27,14.06,20.86,75.0,1500.0,15.2,healthy,0.0
fault_sensor_drift_2,912,1789844849.2783868,4679.9,126.5,738.48,4.38,104.13,0.0817,20.3,14.11,21.01,75.0,1500.0,15.2,healthy,0.0
fault_sensor_drift_2,913,1789844850.2783868,4670.7,126.33,740.47,4.35,104.07,0.0844,20.38,14.15,21.25,75.0,1500.0,15.2,healthy,0.0
fault_sensor_drift_2,914,1789844851.2783868,4666.6,126.45,740.65,4.28,103.95,0.0783,20.32,14.1,21.41,75.0,1500.0,15.2,healthy,0.0
fault_sensor_drift_2,915,1789844852.2783868,4682.1,126.77,748.1,4.27,104.12,0.0691,20.33,14.13,21.2,75.0,1500.0,15.2,healthy,0.0
fault_sensor_drift_2,916,1789844853.2783868,4661.4,126.63,747.0,4.25,104.24,0.0696,20.47,14.15,20.74,75.0,1500.0,15.2,healthy,0.0
fault_sensor_drift_2,917,1789844854.2783868,4642.1,126.48,747.41,4.23,104.33,0.0738,20.44,14.19,21.42,75.0,1500.0,15.2,healthy,0.0
fault_sensor_drift_2,918,1789844855.2783868,4670.0,126.53,741.75,4.27,104.23,0.0778,20.56,14.15,21.81,75.0,1500.0,15.2,healthy,0.0
fault_sensor_drift_2,919,1789844856.2783868,4665.0,126.65,735.59,4.37,104.35,0.0692,20.46,14.15,21.49,75.0,1500.0,15.2,healthy,0.0
fault_sensor_drift_2,920,1789844857.2783868,4669.9,126.59,738.34,4.41,104.48,0.0659,20.38,14.14,21.69,75.0,1500.0,15.2,healthy,0.0
fault_sensor_drift_2,921,1789844858.2783868,4687.7,126.75,734.46,4.42,104.38,0.0681,20.48,14.1,21.61,75.0,1500.0,15.2,healthy,0.0
fault_sensor_drift_2,922,1789844859.2783868,4700.8,126.65,733.46,4.39,104.41,0.069,20.48,14.11,21.31,75.0,1500.0,15.2,healthy,0.0
fault_sensor_drift_2,923,1789844860.2783868,4690.3,126.66,731.8,4.39,104.48,0.0686,20.51,14.11,21.23,75.0,1500.0,15.2,healthy,0.0
fault_sensor_drift_2,924,1789844861.2783868,4710.7,126.71,728.41,4.35,104.42,0.0735,20.35,14.14,21.34,75.0,1500.0,15.2,healthy,0.0
fault_sensor_drift_2,925,1789844862.2783868,4757.7,126.4,726.94,4.34,104.37,0.0691,20.44,14.16,21.12,75.0,1500.0,15.2,healthy,0.0
fault_sensor_drift_2,926,1789844863.2783868,4750.4,126.32,732.46,4.29,104.62,0.0686,20.4,14.18,21.1,75.0,1500.0,15.2,healthy,0.0
fault_sensor_drift_2,927,1789844864.2783868,4745.1,126.15,733.46,4.37,104.65,0.07,20.33,14.21,21.2,75.0,1500.0,15.2,healthy,0.0
fault_sensor_drift_2,928,1789844865.2783868,4732.0,125.92,735.22,4.43,104.52,0.0706,20.22,14.21,20.51,75.0,1500.0,15.2,healthy,0.0
fault_sensor_drift_2,929,1789844866.2783868,4725.0,126.09,734.52,4.43,104.54,0.0762,20.36,14.16,21.2,75.0,1500.0,15.2,healthy,0.0
fault_sensor_drift_2,930,1789844867.2783868,4722.7,126.36,734.91,4.49,104.53,0.0736,20.3,14.18,20.95,75.0,1500.0,15.2,healthy,0.0
fault_sensor_drift_2,931,1789844868.2783868,4706.4,126.62,738.64,4.42,104.57,0.072,20.18,14.23,21.6,75.0,1500.0,15.2,healthy,0.0
fault_sensor_drift_2,932,1789844869.2783868,4695.1,126.57,741.41,4.4,104.38,0.077,20.05,14.18,21.45,75.0,1500.0,15.2,healthy,0.0
fault_sensor_drift_2,933,1789844870.2783868,4688.3,126.45,739.53,4.42,104.32,0.0702,20.11,14.16,21.35,75.0,1500.0,15.2,healthy,0.0
fault_sensor_drift_2,934,1789844871.2783868,4718.3,126.33,734.39,4.39,104.38,0.082,20.01,14.17,21.53,75.0,1500.0,15.2,healthy,0.0
fault_sensor_drift_2,935,1789844872.2783868,4745.1,126.06,737.78,4.42,104.23,0.0808,19.96,14.1,21.32,75.0,1500.0,15.2,healthy,0.0
fault_sensor_drift_2,936,1789844873.2783868,4722.6,126.17,737.83,4.42,104.33,0.0818,20.17,14.08,21.1,75.0,1500.0,15.2,healthy,0.0
fault_sensor_drift_2,937,1789844874.2783868,4728.9,126.3,740.84,4.34,104.33,0.0798,20.36,14.1,21.39,75.0,1500.0,15.2,healthy,0.0
fault_sensor_drift_2,938,1789844875.2783868,4718.6,126.59,747.82,4.31,104.34,0.0799,20.18,14.1,21.27,75.0,1500.0,15.2,healthy,0.0
fault_sensor_drift_2,939,1789844876.2783868,4699.2,126.3,754.7,4.34,104.37,0.079,20.22,14.13,21.12,75.0,1500.0,15.2,healthy,0.0
fault_sensor_drift_2,940,1789844877.2783868,4716.8,126.34,746.08,4.33,104.56,0.065,20.22,14.1,21.21,75.0,1500.0,15.2,healthy,0.0
fault_sensor_drift_2,941,1789844878.2783868,4721.2,126.25,740.76,4.4,104.5,0.0605,20.16,14.06,21.4,75.0,1500.0,15.2,healthy,0.0
fault_sensor_drift_2,942,1789844879.2783868,4734.0,126.18,738.69,4.45,104.52,0.0727,19.98,14.16,21.12,75.0,1500.0,15.2,healthy,0.0
fault_sensor_drift_2,943,1789844880.2783868,4727.5,126.44,741.26,4.36,104.34,0.0773,20.03,14.08,21.28,75.0,1500.0,15.2,healthy,0.0
fault_sensor_drift_2,944,1789844881.2783868,4720.4,126.32,741.97,4.43,104.56,0.0696,20.08,14.07,21.19,75.0,1500.0,15.2,healthy,0.0
fault_sensor_drift_2,945,1789844882.2783868,4720.6,126.34,739.41,4.51,104.6,0.0659,20.04,14.03,21.17,75.0,1500.0,15.2,healthy,0.0
fault_sensor_drift_2,946,1789844883.2783868,4696.8,126.07,745.06,4.39,104.45,0.069,19.94,14.1,20.89,75.0,1500.0,15.2,healthy,0.0
fault_sensor_drift_2,947,1789844884.2783868,4706.7,126.22,739.28,4.4,104.62,0.068,20.08,14.13,21.16,75.0,1500.0,15.2,healthy,0.0
fault_sensor_drift_2,948,1789844885.2783868,4710.3,126.14,735.13,4.34,104.57,0.0715,19.95,14.21,20.95,75.0,1500.0,15.2,healthy,0.0
fault_sensor_drift_2,949,1789844886.2783868,4711.4,126.11,736.5,4.34,104.5,0.075,20.02,14.25,20.8,75.0,1500.0,15.2,healthy,0.0
fault_sensor_drift_2,950,1789844887.2783868,4707.3,126.09,735.87,4.4,104.4,0.0696,20.17,14.3,20.85,75.0,1500.0,15.2,healthy,0.0
fault_sensor_drift_2,951,1789844888.2783868,4696.0,126.18,740.98,4.39,104.48,0.074,20.01,14.3,21.04,75.0,1500.0,15.2,healthy,0.0
fault_sensor_drift_2,952,1789844889.2783868,4703.2,125.89,739.14,4.37,104.43,0.069,20.1,14.3,20.75,75.0,1500.0,15.2,healthy,0.0
fault_sensor_drift_2,953,1789844890.2783868,4724.7,125.81,741.81,4.33,104.36,0.0701,20.14,14.28,20.93,75.0,1500.0,15.2,healthy,0.0
fault_sensor_drift_2,954,1789844891.2783868,4698.7,125.91,737.08,4.3,104.39,0.0725,20.22,14.27,21.03,75.0,1500.0,15.2,healthy,0.0
fault_sensor_drift_2,955,1789844892.2783868,4695.9,126.07,736.35,4.32,104.19,0.0773,20.09,14.25,20.85,75.0,1500.0,15.2,healthy,0.0
fault_sensor_drift_2,956,1789844893.2783868,4689.7,126.12,734.54,4.2,104.18,0.0796,20.16,14.34,20.68,75.0,1500.0,15.2,healthy,0.0
fault_sensor_drift_2,957,1789844894.2783868,4701.5,126.29,742.81,4.17,104.13,0.0708,20.28,14.37,20.39,75.0,1500.0,15.2,healthy,0.0
fault_sensor_drift_2,958,1789844895.2783868,4681.4,126.34,738.89,4.16,104.28,0.0719,20.47,14.35,20.74,75.0,1500.0,15.2,healthy,0.0
fault_sensor_drift_2,959,1789844896.2783868,4674.9,126.2,736.08,4.27,104.34,0.0748,20.37,14.35,20.84,75.0,1500.0,15.2,healthy,0.0
fault_sensor_drift_2,960,1789844897.2783868,4695.1,126.13,737.54,4.33,104.3,0.073,20.36,14.37,21.48,75.0,1500.0,15.2,healthy,0.0
fault_sensor_drift_2,961,1789844898.2783868,4706.7,125.94,748.97,4.34,104.23,0.0722,20.44,14.37,21.16,75.0,1500.0,15.2,healthy,0.0
fault_sensor_drift_2,962,1789844899.2783868,4708.3,126.09,747.59,4.36,104.09,0.0776,20.46,14.39,21.5,75.0,1500.0,15.2,healthy,0.0
fault_sensor_drift_2,963,1789844900.2783868,4714.1,126.13,741.37,4.3,104.06,0.0834,20.57,14.31,21.4,75.0,1500.0,15.2,healthy,0.0
fault_sensor_drift_2,964,1789844901.2783868,4699.5,126.02,740.08,4.3,104.32,0.0845,20.46,14.36,21.52,75.0,1500.0,15.2,healthy,0.0
fault_sensor_drift_2,965,1789844902.2783868,4716.4,125.41,742.97,4.24,104.25,0.0832,20.33,14.38,21.51,75.0,1500.0,15.2,healthy,0.0
fault_sensor_drift_2,966,1789844903.2783868,4688.1,125.6,738.84,4.2,104.33,0.0697,20.33,14.35,21.61,75.0,1500.0,15.2,healthy,0.0
fault_sensor_drift_2,967,1789844904.2783868,4700.4,125.85,744.09,4.25,104.3,0.0691,20.36,14.35,21.22,75.0,1500.0,15.2,healthy,0.0
fault_sensor_drift_2,968,1789844905.2783868,4713.2,125.59,742.38,4.26,104.3,0.0613,20.2,14.33,21.43,75.0,1500.0,15.2,healthy,0.0
fault_sensor_drift_2,969,1789844906.2783868,4725.1,125.65,737.37,4.22,104.19,0.0577,20.2,14.34,21.46,75.0,1500.0,15.2,healthy,0.0
fault_sensor_drift_2,970,1789844907.2783868,4694.4,125.59,740.3,4.32,104.21,0.0618,20.16,14.24,21.48,75.0,1500.0,15.2,healthy,0.0
fault_sensor_drift_2,971,1789844908.2783868,4696.7,125.78,735.25,4.34,104.07,0.0635,20.19,14.21,21.44,75.0,1500.0,15.2,healthy,0.0
fault_sensor_drift_2,972,1789844909.2783868,4713.0,126.16,738.77,4.29,104.23,0.0772,20.22,14.13,21.28,75.0,1500.0,15.2,healthy,0.0
fault_sensor_drift_2,973,1789844910.2783868,4693.7,126.02,737.42,4.34,104.17,0.0794,20.19,14.15,21.66,75.0,1500.0,15.2,healthy,0.0
fault_sensor_drift_2,974,1789844911.2783868,4673.4,126.06,734.88,4.26,104.26,0.0755,20.23,14.16,21.41,75.0,1500.0,15.2,healthy,0.0
fault_sensor_drift_2,975,1789844912.2783868,4663.1,126.27,733.69,4.35,104.15,0.0771,20.23,14.15,21.54,75.0,1500.0,15.2,healthy,0.0
fault_sensor_drift_2,976,1789844913.2783868,4687.5,126.49,734.51,4.42,104.15,0.0766,20.22,14.08,21.58,75.0,1500.0,15.2,healthy,0.0
fault_sensor_drift_2,977,1789844914.2783868,4711.1,126.31,735.47,4.38,104.03,0.0787,20.07,14.07,21.19,75.0,1500.0,15.2,healthy,0.0
fault_sensor_drift_2,978,1789844915.2783868,4729.5,126.38,740.13,4.44,104.02,0.0712,20.21,14.08,21.19,75.0,1500.0,15.2,healthy,0.0
fault_sensor_drift_2,979,1789844916.2783868,4740.4,126.62,739.93,4.41,104.03,0.0711,20.21,14.17,20.83,75.0,1500.0,15.2,healthy,0.0
fault_sensor_drift_2,980,1789844917.2783868,4731.7,127.09,736.13,4.45,104.1,0.0762,20.31,14.13,21.13,75.0,1500.0,15.2,healthy,0.0
fault_sensor_drift_2,981,1789844918.2783868,4732.2,126.93,739.04,4.49,104.07,0.0797,20.34,14.15,21.5,75.0,1500.0,15.2,healthy,0.0
fault_sensor_drift_2,982,1789844919.2783868,4717.6,126.84,739.45,4.5,104.1,0.0821,20.22,14.09,21.16,75.0,1500.0,15.2,healthy,0.0
fault_sensor_drift_2,983,1789844920.2783868,4711.8,126.63,739.4,4.5,103.96,0.0809,20.28,14.06,21.24,75.0,1500.0,15.2,healthy,0.0
fault_sensor_drift_2,984,1789844921.2783868,4715.7,126.87,740.58,4.43,104.17,0.0811,20.28,14.06,21.19,75.0,1500.0,15.2,healthy,0.0
fault_sensor_drift_2,985,1789844922.2783868,4709.1,126.83,734.49,4.38,104.19,0.0766,20.27,14.07,21.43,75.0,1500.0,15.2,healthy,0.0
fault_sensor_drift_2,986,1789844923.2783868,4697.2,126.68,733.63,4.39,104.08,0.0665,20.17,14.1,21.23,75.0,1500.0,15.2,healthy,0.0
fault_sensor_drift_2,987,1789844924.2783868,4695.3,127.07,735.5,4.38,104.16,0.0738,20.13,14.14,21.07,75.0,1500.0,15.2,healthy,0.0
fault_sensor_drift_2,988,1789844925.2783868,4701.1,126.78,739.51,4.36,104.05,0.0722,20.14,14.08,21.5,75.0,1500.0,15.2,healthy,0.0
fault_sensor_drift_2,989,1789844926.2783868,4680.3,126.75,738.15,4.22,104.02,0.0667,20.08,14.07,21.36,75.0,1500.0,15.2,healthy,0.0
fault_sensor_drift_2,990,1789844927.2783868,4693.0,126.77,734.87,4.27,104.04,0.0711,19.98,14.01,21.55,75.0,1500.0,15.2,healthy,0.0
fault_sensor_drift_2,991,1789844928.2783868,4714.4,126.63,736.1,4.3,104.06,0.0729,19.98,14.04,21.08,75.0,1500.0,15.2,healthy,0.0
fault_sensor_drift_2,992,1789844929.2783868,4710.3,126.7,737.12,4.32,104.08,0.0832,20.0,14.04,21.24,75.0,1500.0,15.2,healthy,0.0
fault_sensor_drift_2,993,1789844930.2783868,4700.8,126.86,737.65,4.26,104.12,0.0766,20.01,14.05,21.18,75.0,1500.0,15.2,healthy,0.0
fault_sensor_drift_2,994,1789844931.2783868,4697.1,126.95,738.83,4.28,103.91,0.077,20.06,14.06,21.25,75.0,1500.0,15.2,healthy,0.0
fault_sensor_drift_2,995,1789844932.2783868,4716.0,126.78,740.9,4.37,103.92,0.0701,20.02,14.14,21.19,75.0,1500.0,15.2,healthy,0.0
fault_sensor_drift_2,996,1789844933.2783868,4721.7,126.79,739.5,4.34,103.84,0.06,20.04,14.11,21.24,75.0,1500.0,15.2,healthy,0.0
fault_sensor_drift_2,997,1789844934.2783868,4730.6,126.7,743.55,4.32,103.79,0.0567,19.93,14.16,21.26,75.0,1500.0,15.2,healthy,0.0
fault_sensor_drift_2,998,1789844935.2783868,4752.9,126.86,747.04,4.33,103.7,0.0577,20.22,14.16,21.45,75.0,1500.0,15.2,healthy,0.0
fault_sensor_drift_2,999,1789844936.2783868,4731.2,126.9,740.39,4.23,103.66,0.0598,20.23,14.1,21.16,75.0,1500.0,15.2,healthy,0.0
fault_sensor_drift_2,1000,1789844937.2783868,4722.7,126.98,737.78,4.24,103.85,0.0727,20.3,14.12,20.94,75.0,1500.0,15.2,healthy,0.0
fault_sensor_drift_2,1001,1789844938.2783868,4705.8,126.73,735.35,4.29,103.81,0.0686,20.23,14.12,20.87,75.0,1500.0,15.2,healthy,0.0
fault_sensor_drift_2,1002,1789844939.2783868,4707.1,126.93,738.3,4.33,103.93,0.0699,20.26,14.08,20.82,75.0,1500.0,15.2,healthy,0.0
fault_sensor_drift_2,1003,1789844940.2783868,4698.9,126.81,742.1,4.4,103.92,0.0705,20.2,13.98,20.72,75.0,1500.0,15.2,healthy,0.0
fault_sensor_drift_2,1004,1789844941.2783868,4716.1,127.05,737.59,4.46,104.19,0.0655,20.27,14.04,21.11,75.0,1500.0,15.2,healthy,0.0
fault_sensor_drift_2,1005,1789844942.2783868,4715.1,126.91,736.59,4.45,104.1,0.0634,20.07,14.09,21.07,75.0,1500.0,15.2,healthy,0.0
fault_sensor_drift_2,1006,1789844943.2783868,4713.5,126.34,733.5,4.4,104.06,0.0689,19.92,14.06,21.2,75.0,1500.0,15.2,healthy,0.0
fault_sensor_drift_2,1007,1789844944.2783868,4689.5,126.27,731.96,4.41,104.11,0.0701,20.09,14.07,21.1,75.0,1500.0,15.2,healthy,0.0
fault_sensor_drift_2,1008,1789844945.2783868,4708.4,126.33,734.21,4.38,104.04,0.0659,20.27,14.04,21.44,75.0,1500.0,15.2,healthy,0.0
fault_sensor_drift_2,1009,1789844946.2783868,4692.4,126.2,736.5,4.36,103.98,0.0678,20.08,14.06,21.47,75.0,1500.0,15.2,healthy,0.0
fault_sensor_drift_2,1010,1789844947.2783868,4729.3,126.19,735.9,4.33,103.93,0.0739,19.9,14.09,21.03,75.0,1500.0,15.2,healthy,0.0
fault_sensor_drift_2,1011,1789844948.2783868,4719.4,125.95,738.2,4.28,104.03,0.0703,20.13,14.12,21.09,75.0,1500.0,15.2,healthy,0.0
fault_sensor_drift_2,1012,1789844949.2783868,4692.2,125.68,733.91,4.29,104.05,0.0631,20.11,14.08,21.18,75.0,1500.0,15.2,healthy,0.0
fault_sensor_drift_2,1013,1789844950.2783868,4716.2,125.67,737.23,4.39,104.05,0.0715,20.2,14.11,20.93,75.0,1500.0,15.2,healthy,0.0
fault_sensor_drift_2,1014,1789844951.2783868,4700.4,125.56,739.4,4.41,103.9,0.0665,20.28,14.0,20.81,75.0,1500.0,15.2,healthy,0.0
fault_sensor_drift_2,1015,1789844952.2783868,4691.5,125.97,739.07,4.46,103.91,0.0639,20.29,13.96,21.22,75.0,1500.0,15.2,healthy,0.0
fault_sensor_drift_2,1016,1789844953.2783868,4732.9,125.99,737.06,4.47,103.88,0.0646,20.18,14.01,21.27,75.0,1500.0,15.2,healthy,0.0
fault_sensor_drift_2,1017,1789844954.2783868,4716.4,125.86,737.07,4.4,103.92,0.0632,20.28,14.05,21.31,75.0,1500.0,15.2,healthy,0.0
fault_sensor_drift_2,1018,1789844955.2783868,4706.3,125.61,735.15,4.36,103.92,0.0641,20.3,14.01,21.44,75.0,1500.0,15.2,healthy,0.0
fault_sensor_drift_2,1019,1789844956.2783868,4710.9,125.56,739.1,4.36,104.09,0.0651,20.21,14.05,21.35,75.0,1500.0,15.2,healthy,0.0
fault_sensor_drift_2,1020,1789844957.2783868,4698.8,125.72,744.65,4.41,103.99,0.0659,20.14,14.06,21.0,75.0,1500.0,15.2,healthy,0.0
fault_sensor_drift_2,1021,1789844958.2783868,4691.0,126.06,744.84,4.39,104.06,0.0692,20.2,13.98,21.43,75.0,1500.0,15.2,healthy,0.0
fault_sensor_drift_2,1022,1789844959.2783868,4682.3,126.02,745.6,4.38,104.1,0.0845,20.18,14.08,21.33,75.0,1500.0,15.2,healthy,0.0
fault_sensor_drift_2,1023,1789844960.2783868,4698.9,126.25,743.97,4.36,104.04,0.0723,20.23,14.01,21.28,75.0,1500.0,15.2,healthy,0.0
fault_sensor_drift_2,1024,1789844961.2783868,4694.9,126.34,743.79,4.34,104.05,0.0753,20.41,13.99,21.35,75.0,1500.0,15.2,healthy,0.0
fault_sensor_drift_2,1025,1789844962.2783868,4691.8,126.4,744.5,4.39,103.94,0.0786,20.47,14.01,21.21,75.0,1500.0,15.2,healthy,0.0
fault_sensor_drift_2,1026,1789844963.2783868,4706.4,126.53,744.91,4.37,104.18,0.0735,20.46,14.05,20.84,75.0,1500.0,15.2,healthy,0.0
fault_sensor_drift_2,1027,1789844964.2783868,4684.3,126.56,738.4,4.42,104.22,0.0699,20.49,14.03,20.62,75.0,1500.0,15.2,healthy,0.0
fault_sensor_drift_2,1028,1789844965.2783868,4700.9,126.36,737.56,4.41,104.29,0.0682,20.39,14.07,20.61,75.0,1500.0,15.2,healthy,0.0
fault_sensor_drift_2,1029,1789844966.2783868,4688.8,126.02,732.48,4.27,104.28,0.0685,20.34,13.99,21.04,75.0,1500.0,15.2,healthy,0.0
fault_sensor_drift_2,1030,1789844967.2783868,4682.4,126.09,734.13,4.29,104.35,0.0689,20.29,14.03,20.8,75.0,1500.0,15.2,healthy,0.0
fault_sensor_drift_2,1031,1789844968.2783868,4677.3,126.16,732.63,4.31,104.45,0.0705,20.44,14.07,21.08,75.0,1500.0,15.2,healthy,0.0
fault_sensor_drift_2,1032,1789844969.2783868,4709.7,126.2,734.22,4.26,104.57,0.0787,20.34,14.05,21.17,75.0,1500.0,15.2,healthy,0.0
fault_sensor_drift_2,1033,1789844970.2783868,4716.3,126.4,732.43,4.28,104.38,0.0764,20.19,14.04,20.95,75.0,1500.0,15.2,healthy,0.0
fault_sensor_drift_2,1034,1789844971.2783868,4689.2,126.32,735.3,4.4,104.38,0.0633,20.07,14.02,21.27,75.0,1500.0,15.2,healthy,0.0
fault_sensor_drift_2,1035,1789844972.2783868,4714.5,126.37,737.36,4.31,104.3,0.0647,20.02,14.0,21.28,75.0,1500.0,15.2,healthy,0.0
fault_sensor_drift_2,1036,1789844973.2783868,4719.2,126.13,735.06,4.36,104.27,0.0701,20.0,14.01,21.23,75.0,1500.0,15.2,healthy,0.0
fault_sensor_drift_2,1037,1789844974.2783868,4709.8,126.22,732.72,4.27,104.31,0.0675,19.98,13.99,21.18,75.0,1500.0,15.2,healthy,0.0
fault_sensor_drift_2,1038,1789844975.2783868,4711.2,125.8,732.49,4.29,104.21,0.071,20.13,14.0,21.2,75.0,1500.0,15.2,healthy,0.0
fault_sensor_drift_2,1039,1789844976.2783868,4683.4,125.66,738.04,4.35,104.17,0.0687,20.12,14.05,21.25,75.0,1500.0,15.2,healthy,0.0
fault_sensor_drift_2,1040,1789844977.2783868,4702.2,125.94,740.34,4.31,104.09,0.0711,20.08,14.0,21.41,75.0,1500.0,15.2,healthy,0.0
fault_sensor_drift_2,1041,1789844978.2783868,4686.1,125.78,740.51,4.34,104.17,0.0723,20.15,14.01,21.32,75.0,1500.0,15.2,healthy,0.0
fault_sensor_drift_2,1042,1789844979.2783868,4692.2,125.78,737.59,4.31,104.12,0.0826,20.22,13.99,21.25,75.0,1500.0,15.2,healthy,0.0
fault_sensor_drift_2,1043,1789844980.2783868,4696.1,125.85,736.76,4.33,104.09,0.0781,20.17,14.03,21.4,75.0,1500.0,15.2,healthy,0.0
fault_sensor_drift_2,1044,1789844981.2783868,4677.6,125.74,737.29,4.31,104.04,0.0771,20.42,13.97,20.97,75.0,1500.0,15.2,healthy,0.0
fault_sensor_drift_2,1045,1789844982.2783868,4672.3,125.33,740.78,4.31,104.07,0.0782,20.42,13.98,21.06,75.0,1500.0,15.2,healthy,0.0
fault_sensor_drift_2,1046,1789844983.2783868,4649.9,125.5,738.75,4.37,104.1,0.0635,20.33,14.13,21.21,75.0,1500.0,15.2,healthy,0.0
fault_sensor_drift_2,1047,1789844984.2783868,4652.7,125.69,738.32,4.33,104.0,0.0757,20.24,14.15,21.34,75.0,1500.0,15.2,healthy,0.0
fault_sensor_drift_2,1048,1789844985.2783868,4651.0,125.52,733.73,4.31,103.92,0.0679,20.26,14.14,21.13,75.0,1500.0,15.2,healthy,0.0
fault_sensor_drift_2,1049,1789844986.2783868,4667.2,125.71,737.64,4.31,103.95,0.0727,20.28,14.14,21.49,75.0,1500.0,15.2,healthy,0.0
fault_sensor_drift_2,1050,1789844987.2783868,4678.4,125.67,730.7,4.34,103.93,0.0618,20.23,14.18,21.14,75.0,1500.0,15.2,healthy,0.0
fault_sensor_drift_2,1051,1789844988.2783868,4675.3,126.02,732.97,4.38,103.91,0.0585,20.31,14.13,21.43,75.0,1500.0,15.2,healthy,0.0
fault_sensor_drift_2,1052,1789844989.2783868,4672.7,125.95,731.14,4.42,104.1,0.0682,20.39,14.14,21.0,75.0,1500.0,15.2,healthy,0.0
fault_sensor_drift_2,1053,1789844990.2783868,4638.2,126.28,731.57,4.44,103.99,0.0697,20.3,14.17,21.28,75.0,1500.0,15.2,healthy,0.0
fault_sensor_drift_2,1054,1789844991.2783868,4685.4,126.24,737.45,4.32,104.12,0.0586,20.18,14.17,21.4,75.0,1500.0,15.2,healthy,0.0
fault_sensor_drift_2,1055,1789844992.2783868,4684.4,126.35,735.53,4.31,104.15,0.0662,20.14,14.19,21.45,75.0,1500.0,15.2,healthy,0.0
fault_sensor_drift_2,1056,1789844993.2783868,4673.5,126.38,737.48,4.35,104.18,0.0686,20.26,14.17,21.18,75.0,1500.0,15.2,healthy,0.0
fault_sensor_drift_2,1057,1789844994.2783868,4677.9,126.26,740.01,4.35,104.18,0.0712,20.15,14.12,21.73,75.0,1500.0,15.2,healthy,0.0
fault_sensor_drift_2,1058,1789844995.2783868,4674.1,125.99,738.72,4.4,104.06,0.0718,20.2,14.15,21.4,75.0,1500.0,15.2,healthy,0.0
fault_sensor_drift_2,1059,1789844996.2783868,4672.1,126.0,744.53,4.39,104.03,0.0696,20.39,14.23,21.67,75.0,1500.0,15.2,healthy,0.0
fault_sensor_drift_2,1060,1789844997.2783868,4659.4,126.29,740.75,4.37,104.11,0.0733,20.37,14.25,21.46,75.0,1500.0,15.2,healthy,0.0
fault_sensor_drift_2,1061,1789844998.2783868,4671.8,125.91,738.04,4.24,104.07,0.0719,20.38,14.26,21.54,75.0,1500.0,15.2,healthy,0.0
fault_sensor_drift_2,1062,1789844999.2783868,4678.6,126.08,740.21,4.29,104.06,0.0738,20.47,14.26,21.39,75.0,1500.0,15.2,healthy,0.0
fault_sensor_drift_2,1063,1789845000.2783868,4693.1,126.09,738.7,4.4,104.01,0.0768,20.42,14.27,21.7,75.0,1500.0,15.2,healthy,0.0
fault_sensor_drift_2,1064,1789845001.2783868,4687.0,126.39,739.4,4.32,103.93,0.0776,20.39,14.2,21.76,75.0,1500.0,15.2,healthy,0.0
fault_sensor_drift_2,1065,1789845002.2783868,4685.3,126.21,734.6,4.29,104.18,0.0817,20.3,14.15,21.51,75.0,1500.0,15.2,healthy,0.0
fault_sensor_drift_2,1066,1789845003.2783868,4691.5,126.35,735.48,4.32,104.31,0.0784,20.22,14.09,21.82,75.0,1500.0,15.2,healthy,0.0
fault_sensor_drift_2,1067,1789845004.2783868,4715.3,126.51,737.28,4.25,104.3,0.0749,20.41,14.11,21.18,75.0,1500.0,15.2,healthy,0.0
fault_sensor_drift_2,1068,1789845005.2783868,4716.4,126.42,736.23,4.22,104.33,0.0714,20.29,14.06,21.13,75.0,1500.0,15.2,healthy,0.0
fault_sensor_drift_2,1069,1789845006.2783868,4705.7,126.29,737.55,4.22,104.34,0.0698,20.48,14.11,21.17,75.0,1500.0,15.2,healthy,0.0
fault_sensor_drift_2,1070,1789845007.2783868,4674.2,126.16,736.21,4.29,104.2,0.0637,20.47,14.12,21.18,75.0,1500.0,15.2,healthy,0.0
fault_sensor_drift_2,1071,1789845008.2783868,4668.0,125.81,740.25,4.28,104.33,0.0665,20.42,14.18,20.92,75.0,1500.0,15.2,healthy,0.0
fault_sensor_drift_2,1072,1789845009.2783868,4671.6,126.04,741.76,4.35,104.14,0.0717,20.29,14.25,20.99,75.0,1500.0,15.2,healthy,0.0
fault_sensor_drift_2,1073,1789845010.2783868,4675.4,126.25,737.73,4.3,104.15,0.0681,20.27,14.23,21.35,75.0,1500.0,15.2,healthy,0.0
fault_sensor_drift_2,1074,1789845011.2783868,4701.6,126.14,737.25,4.31,104.11,0.0651,20.27,14.2,21.05,75.0,1500.0,15.2,healthy,0.0
fault_sensor_drift_2,1075,1789845012.2783868,4719.7,125.87,734.69,4.29,104.08,0.0698,20.12,14.19,21.26,75.0,1500.0,15.2,healthy,0.0
fault_sensor_drift_2,1076,1789845013.2783868,4724.8,125.88,737.92,4.34,104.06,0.0673,20.23,14.07,21.79,75.0,1500.0,15.2,healthy,0.0
fault_sensor_drift_2,1077,1789845014.2783868,4702.0,125.79,742.06,4.24,103.95,0.0675,20.15,14.1,21.36,75.0,1500.0,15.2,healthy,0.0
fault_sensor_drift_2,1078,1789845015.2783868,4712.6,125.62,745.94,4.25,103.99,0.0688,20.28,14.15,21.2,75.0,1500.0,15.2,healthy,0.0
fault_sensor_drift_2,1079,1789845016.2783868,4709.2,125.9,747.27,4.22,103.98,0.0736,20.35,14.2,21.37,75.0,1500.0,15.2,healthy,0.0
fault_sensor_drift_2,1080,1789845017.2783868,4733.7,125.62,746.28,4.31,103.88,0.0753,20.25,14.24,21.23,75.0,1500.0,15.2,healthy,0.0
fault_sensor_drift_2,1081,1789845018.2783868,4742.6,125.87,743.63,4.29,103.81,0.0777,20.21,14.23,21.3,75.0,1500.0,15.2,healthy,0.0
fault_sensor_drift_2,1082,1789845019.2783868,4756.6,125.97,743.04,4.32,103.88,0.0773,20.32,14.25,21.29,75.0,1500.0,15.2,healthy,0.0
fault_sensor_drift_2,1083,1789845020.2783868,4787.0,126.13,742.6,4.34,103.87,0.0763,20.34,14.3,21.11,75.0,1500.0,15.2,healthy,0.0
fault_sensor_drift_2,1084,1789845021.2783868,4778.7,126.01,743.8,4.3,104.01,0.0644,20.23,14.32,21.12,75.0,1500.0,15.2,healthy,0.0
fault_sensor_drift_2,1085,1789845022.2783868,4745.9,125.69,746.69,4.31,104.02,0.0649,20.08,14.28,21.29,75.0,1500.0,15.2,healthy,0.0
fault_sensor_drift_2,1086,1789845023.2783868,4741.5,126.14,742.74,4.25,103.94,0.069,20.14,14.34,21.45,75.0,1500.0,15.2,healthy,0.0
fault_sensor_drift_2,1087,1789845024.2783868,4714.5,126.27,749.36,4.28,103.96,0.0659,20.14,14.29,21.19,75.0,1500.0,15.2,healthy,0.0
fault_sensor_drift_2,1088,1789845025.2783868,4695.6,126.24,740.86,4.23,103.87,0.066,20.18,14.32,21.1,75.0,1500.0,15.2,healthy,0.0
fault_sensor_drift_2,1089,1789845026.2783868,4686.2,125.77,735.93,4.24,103.91,0.0677,20.11,14.27,21.45,75.0,1500.0,15.2,healthy,0.0
fault_sensor_drift_2,1090,1789845027.2783868,4700.2,125.84,740.56,4.26,103.87,0.0686,20.07,14.23,21.27,75.0,1500.0,15.2,healthy,0.0
fault_sensor_drift_2,1091,1789845028.2783868,4704.6,125.81,736.35,4.33,103.87,0.0786,20.07,14.19,20.76,75.0,1500.0,15.2,healthy,0.0
fault_sensor_drift_2,1092,1789845029.2783868,4685.8,125.94,736.95,4.35,103.88,0.0706,20.1,14.26,20.81,75.0,1500.0,15.2,healthy,0.0
fault_sensor_drift_2,1093,1789845030.2783868,4698.2,125.89,737.48,4.3,103.98,0.0784,19.9,14.22,21.37,75.0,1500.0,15.2,healthy,0.0
fault_sensor_drift_2,1094,1789845031.2783868,4666.3,126.42,738.71,4.31,103.97,0.0725,19.94,14.22,21.37,75.0,1500.0,15.2,healthy,0.0
fault_sensor_drift_2,1095,1789845032.2783868,4662.2,126.67,737.12,4.34,104.01,0.0725,20.03,14.14,21.16,75.0,1500.0,15.2,healthy,0.0
fault_sensor_drift_2,1096,1789845033.2783868,4671.5,126.98,735.71,4.33,103.94,0.0786,20.15,14.22,21.21,75.0,1500.0,15.2,healthy,0.0
fault_sensor_drift_2,1097,1789845034.2783868,4659.6,126.77,736.17,4.42,103.81,0.0765,20.09,14.19,21.16,75.0,1500.0,15.2,healthy,0.0
fault_sensor_drift_2,1098,1789845035.2783868,4694.6,126.71,737.45,4.39,103.89,0.0661,20.09,14.21,21.32,75.0,1500.0,15.2,healthy,0.0
fault_sensor_drift_2,1099,1789845036.2783868,4695.1,126.86,743.72,4.35,103.93,0.0767,20.17,14.21,21.27,75.0,1500.0,15.2,healthy,0.0
fault_sensor_drift_2,1100,1789845037.2783868,4687.8,126.72,747.33,4.42,103.84,0.0798,20.12,14.23,21.41,75.0,1500.0,15.2,healthy,0.0
fault_sensor_drift_2,1101,1789845038.2783868,4650.9,126.33,745.28,4.38,104.06,0.0681,19.88,14.19,20.97,75.0,1500.0,15.2,healthy,0.0
fault_sensor_drift_2,1102,1789845039.2783868,4650.5,126.9,746.09,4.31,104.12,0.0719,20.04,14.18,20.96,75.0,1500.0,15.2,healthy,0.0
fault_sensor_drift_2,1103,1789845040.2783868,4647.6,126.83,745.13,4.27,103.99,0.0694,20.15,14.13,21.04,75.0,1500.0,15.2,healthy,0.0
fault_sensor_drift_2,1104,1789845041.2783868,4652.7,126.88,743.06,4.33,103.99,0.0681,20.21,14.21,21.08,75.0,1500.0,15.2,healthy,0.0
fault_sensor_drift_2,1105,1789845042.2783868,4644.2,127.28,747.02,4.34,103.84,0.0708,20.12,14.21,20.96,75.0,1500.0,15.2,healthy,0.0
fault_sensor_drift_2,1106,1789845043.2783868,4639.2,127.04,750.92,4.42,103.84,0.0694,20.14,14.16,21.11,75.0,1500.0,15.2,healthy,0.0
fault_sensor_drift_2,1107,1789845044.2783868,4660.2,127.02,747.75,4.36,103.57,0.0681,20.16,14.1,21.2,75.0,1500.0,15.2,healthy,0.0
fault_sensor_drift_2,1108,1789845045.2783868,4656.4,127.07,743.54,4.25,103.51,0.0667,20.2,14.13,21.43,75.0,1500.0,15.2,healthy,0.0
fault_sensor_drift_2,1109,1789845046.2783868,4678.4,126.91,745.7,4.32,103.43,0.0636,20.32,14.17,21.21,75.0,1500.0,15.2,healthy,0.0
fault_sensor_drift_2,1110,1789845047.2783868,4658.4,126.91,744.62,4.44,103.37,0.0521,20.4,14.12,21.17,75.0,1500.0,15.2,healthy,0.0
fault_sensor_drift_2,1111,1789845048.2783868,4667.1,126.95,737.6,4.35,103.49,0.0646,20.4,14.07,21.02,75.0,1500.0,15.2,healthy,0.0
fault_sensor_drift_2,1112,1789845049.2783868,4680.7,126.91,733.38,4.43,103.67,0.0658,20.23,14.08,21.25,75.0,1500.0,15.2,healthy,0.0
fault_sensor_drift_2,1113,1789845050.2783868,4678.1,126.56,735.39,4.38,103.61,0.0643,20.22,14.2,20.99,75.0,1500.0,15.2,healthy,0.0
fault_sensor_drift_2,1114,1789845051.2783868,4684.2,126.42,732.43,4.38,103.62,0.0745,20.18,14.18,21.22,75.0,1500.0,15.2,healthy,0.0
fault_sensor_drift_2,1115,1789845052.2783868,4715.4,126.51,734.53,4.4,103.64,0.0748,20.11,14.19,21.02,75.0,1500.0,15.2,healthy,0.0
fault_sensor_drift_2,1116,1789845053.2783868,4707.3,126.41,735.88,4.32,103.69,0.0776,20.16,14.24,21.07,75.0,1500.0,15.2,healthy,0.0
fault_sensor_drift_2,1117,1789845054.2783868,4706.7,126.22,735.74,4.27,103.61,0.0868,20.12,14.24,20.94,75.0,1500.0,15.2,healthy,0.0
fault_sensor_drift_2,1118,1789845055.2783868,4717.8,126.47,730.9,4.28,103.58,0.087,20.04,14.2,21.27,75.0,1500.0,15.2,healthy,0.0
fault_sensor_drift_2,1119,1789845056.2783868,4721.3,126.63,727.08,4.28,103.55,0.0711,20.09,14.2,21.26,75.0,1500.0,15.2,healthy,0.0
fault_sensor_drift_2,1120,1789845057.2783868,4720.4,126.48,726.41,4.24,103.46,0.0802,20.15,14.15,21.11,75.0,1500.0,15.2,healthy,0.0
fault_sensor_drift_2,1121,1789845058.2783868,4718.8,126.57,732.75,4.21,103.47,0.0759,20.18,14.11,21.21,75.0,1500.0,15.2,healthy,0.0
fault_sensor_drift_2,1122,1789845059.2783868,4697.7,126.57,733.5,4.25,103.62,0.0673,20.21,14.09,21.34,75.0,1500.0,15.2,healthy,0.0
fault_sensor_drift_2,1123,1789845060.2783868,4710.5,126.51,734.48,4.2,103.59,0.0648,20.41,14.06,21.33,75.0,1500.0,15.2,healthy,0.0
fault_sensor_drift_2,1124,1789845061.2783868,4689.3,126.68,738.55,4.29,103.61,0.0622,20.29,14.07,21.57,75.0,1500.0,15.2,healthy,0.0
fault_sensor_drift_2,1125,1789845062.2783868,4695.8,126.73,742.97,4.34,103.69,0.0654,20.13,14.1,21.32,75.0,1500.0,15.2,healthy,0.0
fault_sensor_drift_2,1126,1789845063.2783868,4688.3,127.04,737.37,4.31,103.76,0.0627,20.0,14.12,21.3,75.0,1500.0,15.2,healthy,0.0
fault_sensor_drift_2,1127,1789845064.2783868,4699.5,127.36,735.71,4.29,103.67,0.0711,20.02,14.16,21.23,75.0,1500.0,15.2,healthy,0.0
fault_sensor_drift_2,1128,1789845065.2783868,4688.6,127.77,738.64,4.28,103.54,0.0728,20.01,14.22,20.89,75.0,1500.0,15.2,healthy,0.0
fault_sensor_drift_2,1129,1789845066.2783868,4699.8,127.95,737.37,4.28,103.51,0.077,20.27,14.29,21.49,75.0,1500.0,15.2,healthy,0.0
fault_sensor_drift_2,1130,1789845067.2783868,4702.3,127.65,735.04,4.26,103.58,0.079,20.24,14.31,21.27,75.0,1500.0,15.2,healthy,0.0
fault_sensor_drift_2,1131,1789845068.2783868,4711.1,127.75,736.81,4.37,103.45,0.0736,20.24,14.27,21.45,75.0,1500.0,15.2,healthy,0.0
fault_sensor_drift_2,1132,1789845069.2783868,4693.8,127.5,738.97,4.4,103.41,0.0757,20.42,14.24,21.12,75.0,1500.0,15.2,healthy,0.0
fault_sensor_drift_2,1133,1789845070.2783868,4686.6,127.04,740.93,4.41,103.32,0.0815,20.38,14.31,21.4,75.0,1500.0,15.2,healthy,0.0
fault_sensor_drift_2,1134,1789845071.2783868,4699.0,126.93,745.79,4.35,103.34,0.0785,20.49,14.24,21.47,75.0,1500.0,15.2,healthy,0.0
fault_sensor_drift_2,1135,1789845072.2783868,4679.3,127.09,747.02,4.31,103.41,0.0709,20.33,14.21,21.25,75.0,1500.0,15.2,healthy,0.0
fault_sensor_drift_2,1136,1789845073.2783868,4708.9,127.25,750.0,4.27,103.34,0.0689,20.22,14.26,21.03,75.0,1500.0,15.2,healthy,0.0
fault_sensor_drift_2,1137,1789845074.2783868,4708.7,127.15,749.49,4.27,103.3,0.0779,20.26,14.17,21.13,75.0,1500.0,15.2,healthy,0.0
fault_sensor_drift_2,1138,1789845075.2783868,4676.9,127.27,744.42,4.37,103.52,0.0863,20.37,14.07,20.97,75.0,1500.0,15.2,healthy,0.0
fault_sensor_drift_2,1139,1789845076.2783868,4681.4,127.16,743.68,4.46,103.54,0.0749,20.48,14.16,20.87,75.0,1500.0,15.2,healthy,0.0
fault_sensor_drift_2,1140,1789845077.2783868,4705.4,127.09,740.24,4.44,103.46,0.0761,20.57,14.18,21.31,75.0,1500.0,15.2,healthy,0.0
fault_sensor_drift_2,1141,1789845078.2783868,4738.1,127.17,740.79,4.44,103.51,0.0763,20.4,14.32,21.65,75.0,1500.0,15.2,healthy,0.0
fault_sensor_drift_2,1142,1789845079.2783868,4734.2,127.23,736.07,4.36,103.64,0.0746,20.4,14.34,21.48,75.0,1500.0,15.2,healthy,0.0
fault_sensor_drift_2,1143,1789845080.2783868,4711.9,126.89,735.55,4.36,103.55,0.0697,20.28,14.31,21.29,75.0,1500.0,15.2,healthy,0.0
fault_sensor_drift_2,1144,1789845081.2783868,4701.8,126.96,736.43,4.31,103.55,0.0789,20.48,14.33,21.38,75.0,1500.0,15.2,healthy,0.0
fault_sensor_drift_2,1145,1789845082.2783868,4697.3,126.92,739.14,4.33,103.67,0.077,20.49,14.34,21.23,75.0,1500.0,15.2,healthy,0.0
fault_sensor_drift_2,1146,1789845083.2783868,4701.0,126.76,738.64,4.31,103.46,0.0847,20.5,14.27,21.34,75.0,1500.0,15.2,healthy,0.0
fault_sensor_drift_2,1147,1789845084.2783868,4685.3,126.53,742.87,4.3,103.34,0.0803,20.35,14.26,21.3,75.0,1500.0,15.2,healthy,0.0
fault_sensor_drift_2,1148,1789845085.2783868,4682.0,126.38,739.51,4.37,103.35,0.0764,20.31,14.24,21.21,75.0,1500.0,15.2,healthy,0.0
fault_sensor_drift_2,1149,1789845086.2783868,4698.9,126.69,737.15,4.34,103.27,0.0665,20.35,14.29,21.1,75.0,1500.0,15.2,healthy,0.0
fault_sensor_drift_2,1150,1789845087.2783868,4685.9,126.53,732.8,4.38,103.35,0.0711,20.39,14.23,21.26,75.0,1500.0,15.2,healthy,0.0
fault_sensor_drift_2,1151,1789845088.2783868,4675.6,126.8,737.26,4.41,103.35,0.0691,20.38,14.26,21.27,75.0,1500.0,15.2,healthy,0.0
fault_sensor_drift_2,1152,1789845089.2783868,4676.8,126.97,736.84,4.43,103.44,0.0708,20.28,14.25,21.36,75.0,1500.0,15.2,healthy,0.0
fault_sensor_drift_2,1153,1789845090.2783868,4697.8,126.88,738.36,4.47,103.39,0.0741,20.2,14.26,21.14,75.0,1500.0,15.2,healthy,0.0
fault_sensor_drift_2,1154,1789845091.2783868,4666.7,126.59,739.84,4.51,103.45,0.0668,20.43,14.22,20.93,75.0,1500.0,15.2,healthy,0.0
fault_sensor_drift_2,1155,1789845092.2783868,4647.8,126.66,738.52,4.43,103.51,0.0654,20.35,14.25,20.9,75.0,1500.0,15.2,healthy,0.0
fault_sensor_drift_2,1156,1789845093.2783868,4673.5,126.47,740.4,4.33,103.62,0.0641,20.46,14.25,21.25,75.0,1500.0,15.2,healthy,0.0
fault_sensor_drift_2,1157,1789845094.2783868,4637.5,126.46,744.08,4.27,103.51,0.074,20.6,14.22,21.61,75.0,1500.0,15.2,healthy,0.0
fault_sensor_drift_2,1158,1789845095.2783868,4633.1,126.46,743.94,4.31,103.51,0.072,20.76,14.21,21.24,75.0,1500.0,15.2,healthy,0.0
fault_sensor_drift_2,1159,1789845096.2783868,4637.8,126.41,738.3,4.36,103.6,0.0735,20.72,14.14,21.71,75.0,1500.0,15.2,healthy,0.0
fault_sensor_drift_2,1160,1789845097.2783868,4651.3,126.41,741.59,4.32,103.48,0.0764,20.6,14.21,21.47,75.0,1500.0,15.2,healthy,0.0
fault_sensor_drift_2,1161,1789845098.2783868,4654.1,126.54,740.2,4.33,103.6,0.0622,20.47,14.35,21.65,75.0,1500.0,15.2,healthy,0.0
fault_sensor_drift_2,1162,1789845099.2783868,4684.5,126.37,743.53,4.36,103.64,0.0579,20.38,14.33,21.06,75.0,1500.0,15.2,healthy,0.0
fault_sensor_drift_2,1163,1789845100.2783868,4712.7,126.3,741.17,4.43,103.63,0.0653,20.29,14.31,20.92,75.0,1500.0,15.2,healthy,0.0
fault_sensor_drift_2,1164,1789845101.2783868,4715.7,126.11,740.61,4.49,103.75,0.0719,20.42,14.34,21.24,75.0,1500.0,15.2,healthy,0.0
fault_sensor_drift_2,1165,1789845102.2783868,4738.3,126.21,740.61,4.46,103.71,0.071,20.33,14.3,21.31,75.0,1500.0,15.2,healthy,0.0
fault_sensor_drift_2,1166,1789845103.2783868,4717.8,126.24,738.58,4.4,103.98,0.0833,20.24,14.33,21.31,75.0,1500.0,15.2,healthy,0.0
fault_sensor_drift_2,1167,1789845104.2783868,4709.1,126.39,739.4,4.35,103.99,0.0775,20.2,14.33,21.18,75.0,1500.0,15.2,healthy,0.0
fault_sensor_drift_2,1168,1789845105.2783868,4688.7,126.58,739.37,4.37,104.0,0.0779,20.26,14.35,21.25,75.0,1500.0,15.2,healthy,0.0
fault_sensor_drift_2,1169,1789845106.2783868,4697.3,126.45,731.44,4.33,104.01,0.0744,20.35,14.29,21.45,75.0,1500.0,15.2,healthy,0.0
fault_sensor_drift_2,1170,1789845107.2783868,4711.8,126.58,729.98,4.4,103.97,0.0729,20.17,14.31,21.25,75.0,1500.0,15.2,healthy,0.0
fault_sensor_drift_2,1171,1789845108.2783868,4713.9,126.88,731.02,4.44,104.07,0.0723,20.33,14.31,21.13,75.0,1500.0,15.2,healthy,0.0
fault_sensor_drift_2,1172,1789845109.2783868,4707.5,126.84,728.97,4.39,103.93,0.0651,20.22,14.27,21.33,75.0,1500.0,15.2,healthy,0.0
fault_sensor_drift_2,1173,1789845110.2783868,4709.1,126.97,730.18,4.37,103.73,0.0648,20.09,14.29,20.87,75.0,1500.0,15.2,healthy,0.0
fault_sensor_drift_2,1174,1789845111.2783868,4685.1,127.0,735.09,4.31,103.75,0.0703,20.27,14.26,20.85,75.0,1500.0,15.2,healthy,0.0
fault_sensor_drift_2,1175,1789845112.2783868,4698.4,126.93,742.1,4.34,103.71,0.0724,20.25,14.19,20.84,75.0,1500.0,15.2,healthy,0.0
fault_sensor_drift_2,1176,1789845113.2783868,4676.9,126.88,741.06,4.24,103.8,0.0715,20.28,14.25,20.87,75.0,1500.0,15.2,healthy,0.0
fault_sensor_drift_2,1177,1789845114.2783868,4670.9,126.72,741.28,4.27,103.85,0.0664,20.37,14.26,21.15,75.0,1500.0,15.2,healthy,0.0
fault_sensor_drift_2,1178,1789845115.2783868,4672.7,126.8,743.15,4.34,104.05,0.0676,20.31,14.25,21.07,75.0,1500.0,15.2,healthy,0.0
fault_sensor_drift_2,1179,1789845116.2783868,4667.1,126.93,738.87,4.35,104.06,0.0706,20.03,14.22,21.19,75.0,1500.0,15.2,healthy,0.0
fault_sensor_drift_2,1180,1789845117.2783868,4660.9,126.81,738.97,4.29,104.18,0.0796,20.01,14.27,20.95,75.0,1500.0,15.2,healthy,0.0
fault_sensor_drift_2,1181,1789845118.2783868,4641.8,126.81,740.26,4.28,104.28,0.0849,20.16,14.3,21.08,75.0,1500.0,15.2,healthy,0.0
fault_sensor_drift_2,1182,1789845119.2783868,4640.0,126.8,739.82,4.35,104.19,0.0842,20.11,14.31,20.86,75.0,1500.0,15.2,healthy,0.0
fault_sensor_drift_2,1183,1789845120.2783868,4648.2,126.77,739.56,4.28,104.01,0.0817,20.1,14.23,21.31,75.0,1500.0,15.2,healthy,0.0
fault_sensor_drift_2,1184,1789845121.2783868,4670.1,126.35,740.26,4.27,104.0,0.0913,20.2,14.22,21.6,75.0,1500.0,15.2,healthy,0.0
fault_sensor_drift_2,1185,1789845122.2783868,4701.2,126.1,742.73,4.31,103.96,0.0747,20.12,14.19,21.51,75.0,1500.0,15.2,healthy,0.0
fault_sensor_drift_2,1186,1789845123.2783868,4702.6,125.86,748.44,4.32,103.86,0.0712,20.29,14.17,21.46,75.0,1500.0,15.2,healthy,0.0
fault_sensor_drift_2,1187,1789845124.2783868,4699.1,126.08,749.81,4.24,103.8,0.0754,20.04,14.1,21.34,75.0,1500.0,15.2,healthy,0.0
fault_sensor_drift_2,1188,1789845125.2783868,4698.9,125.98,746.71,4.31,103.59,0.0729,20.25,14.12,21.42,75.0,1500.0,15.2,healthy,0.0
fault_sensor_drift_2,1189,1789845126.2783868,4728.7,126.03,741.25,4.28,103.72,0.0791,20.15,14.11,21.6,75.0,1500.0,15.2,healthy,0.0
fault_sensor_drift_2,1190,1789845127.2783868,4714.1,126.23,737.72,4.28,103.83,0.077,20.19,14.1,21.53,75.0,1500.0,15.2,healthy,0.0
fault_sensor_drift_2,1191,1789845128.2783868,4706.2,125.9,740.51,4.37,103.95,0.0783,20.16,14.07,21.23,75.0,1500.0,15.2,healthy,0.0
fault_sensor_drift_2,1192,1789845129.2783868,4707.3,125.76,738.84,4.37,104.07,0.0787,20.17,14.05,21.38,75.0,1500.0,15.2,healthy,0.0
fault_sensor_drift_2,1193,1789845130.2783868,4694.7,125.79,740.89,4.33,104.09,0.0763,20.15,14.06,21.34,75.0,1500.0,15.2,healthy,0.0
fault_sensor_drift_2,1194,1789845131.2783868,4698.5,125.58,742.99,4.37,104.04,0.0663,20.16,14.11,21.53,75.0,1500.0,15.2,healthy,0.0
fault_sensor_drift_2,1195,1789845132.2783868,4688.2,125.59,743.94,4.39,104.04,0.0605,20.12,14.05,21.23,75.0,1500.0,15.2,healthy,0.0
fault_sensor_drift_2,1196,1789845133.2783868,4701.9,125.56,747.36,4.27,104.11,0.0755,20.22,14.06,21.52,75.0,1500.0,15.2,healthy,0.0
fault_sensor_drift_2,1197,1789845134.2783868,4700.9,125.37,750.25,4.38,104.1,0.0768,20.33,14.08,21.11,75.0,1500.0,15.2,healthy,0.0
fault_sensor_drift_2,1198,1789845135.2783868,4712.0,125.51,750.75,4.44,104.08,0.0693,20.38,14.12,21.34,75.0,1500.0,15.2,healthy,0.0
fault_sensor_drift_2,1199,1789845136.2783868,4701.0,125.68,752.52,4.38,103.89,0.0684,20.32,14.17,21.01,75.0,1500.0,15.2,healthy,0.0
fault_sensor_drift_2,1200,1789845137.2783868,4727.5,125.93,748.36,4.35,103.85,0.066,20.25,14.15,21.04,75.0,1500.0,15.2,healthy,0.0
fault_sensor_drift_2,1201,1789845138.2783868,4735.1,126.47,745.87,4.36,103.87,0.0607,20.38,14.11,21.07,75.0,1500.0,15.2,healthy,0.0
fault_sensor_drift_2,1202,1789845139.2783868,4746.1,126.67,744.78,4.29,103.72,0.0628,20.31,14.1,21.2,75.0,1500.0,15.2,healthy,0.0
fault_sensor_drift_2,1203,1789845140.2783868,4750.4,126.61,745.36,4.34,103.71,0.0653,20.29,14.11,21.14,75.0,1500.0,15.2,healthy,0.0
fault_sensor_drift_2,1204,1789845141.2783868,4744.8,126.66,735.37,4.42,103.77,0.0615,20.11,14.09,21.25,75.0,1500.0,15.2,healthy,0.0
fault_sensor_drift_2,1205,1789845142.2783868,4759.0,126.47,736.95,4.38,103.65,0.0618,20.17,14.06,21.52,75.0,1500.0,15.2,healthy,0.0
fault_sensor_drift_2,1206,1789845143.2783868,4745.8,126.24,737.56,4.37,103.56,0.0777,20.02,14.11,21.05,75.0,1500.0,15.2,healthy,0.0
fault_sensor_drift_2,1207,1789845144.2783868,4756.3,125.99,733.96,4.34,103.48,0.0764,20.0,14.11,21.46,75.0,1500.0,15.2,healthy,0.0
fault_sensor_drift_2,1208,1789845145.2783868,4761.5,125.66,734.41,4.33,103.53,0.0692,20.07,14.25,21.54,75.0,1500.0,15.2,healthy,0.0
fault_sensor_drift_2,1209,1789845146.2783868,4753.7,125.69,733.93,4.35,103.55,0.0703,20.1,14.23,21.34,75.0,1500.0,15.2,healthy,0.0
fault_sensor_drift_2,1210,1789845147.2783868,4739.2,125.94,736.71,4.29,103.66,0.0669,20.12,14.29,21.24,75.0,1500.0,15.2,healthy,0.0
fault_sensor_drift_2,1211,1789845148.2783868,4733.0,125.82,741.7,4.28,103.71,0.0677,20.06,14.33,21.28,75.0,1500.0,15.2,healthy,0.0
fault_sensor_drift_2,1212,1789845149.2783868,4733.3,125.82,744.39,4.29,103.64,0.0695,20.29,14.31,21.13,75.0,1500.0,15.2,healthy,0.0
fault_sensor_drift_2,1213,1789845150.2783868,4707.9,125.81,740.67,4.27,103.6,0.077,20.42,14.25,21.14,75.0,1500.0,15.2,healthy,0.0
fault_sensor_drift_2,1214,1789845151.2783868,4711.6,125.82,741.41,4.28,103.6,0.0735,20.27,14.28,21.47,75.0,1500.0,15.2,healthy,0.0
fault_sensor_drift_2,1215,1789845152.2783868,4713.6,125.74,738.18,4.3,103.6,0.0642,20.24,14.37,21.38,75.0,1500.0,15.2,healthy,0.0
fault_sensor_drift_2,1216,1789845153.2783868,4695.1,125.61,733.72,4.31,103.66,0.075,20.18,14.27,21.44,75.0,1500.0,15.2,healthy,0.0
fault_sensor_drift_2,1217,1789845154.2783868,4704.8,126.08,731.3,4.26,103.65,0.0725,20.23,14.24,21.24,75.0,1500.0,15.2,healthy,0.0
fault_sensor_drift_2,1218,1789845155.2783868,4720.8,126.16,729.16,4.27,103.71,0.0752,20.21,14.18,21.33,75.0,1500.0,15.2,healthy,0.0
fault_sensor_drift_2,1219,1789845156.2783868,4729.4,126.01,729.56,4.29,103.68,0.0735,20.19,14.18,20.85,75.0,1500.0,15.2,healthy,0.0
fault_sensor_drift_2,1220,1789845157.2783868,4707.9,126.27,728.92,4.23,103.79,0.073,20.07,14.18,21.07,75.0,1500.0,15.2,healthy,0.0
fault_sensor_drift_2,1221,1789845158.2783868,4688.3,126.22,733.78,4.36,103.72,0.078,20.1,14.18,21.1,75.0,1500.0,15.2,healthy,0.0
fault_sensor_drift_2,1222,1789845159.2783868,4696.3,126.52,734.99,4.31,103.82,0.0775,20.08,14.21,21.33,75.0,1500.0,15.2,healthy,0.0
fault_sensor_drift_2,1223,1789845160.2783868,4706.2,126.21,735.77,4.35,103.7,0.0746,19.96,14.21,21.25,75.0,1500.0,15.2,healthy,0.0
fault_sensor_drift_2,1224,1789845161.2783868,4717.6,126.16,735.73,4.36,103.81,0.0752,20.1,14.32,21.73,75.0,1500.0,15.2,healthy,0.0
fault_sensor_drift_2,1225,1789845162.2783868,4716.8,125.94,737.43,4.38,103.93,0.0816,20.12,14.31,20.89,75.0,1500.0,15.2,healthy,0.0
fault_sensor_drift_2,1226,1789845163.2783868,4728.5,125.59,740.97,4.34,104.1,0.0694,20.22,14.32,20.8,75.0,1500.0,15.2,healthy,0.0
fault_sensor_drift_2,1227,1789845164.2783868,4715.8,125.7,739.38,4.37,104.03,0.0734,20.41,14.33,20.98,75.0,1500.0,15.2,healthy,0.0
fault_sensor_drift_2,1228,1789845165.2783868,4719.5,125.8,737.31,4.33,104.0,0.0742,20.39,14.34,20.9,75.0,1500.0,15.2,healthy,0.0
fault_sensor_drift_2,1229,1789845166.2783868,4682.3,125.74,736.89,4.44,103.86,0.0717,20.44,14.33,20.81,75.0,1500.0,15.2,healthy,0.0
fault_sensor_drift_2,1230,1789845167.2783868,4691.5,125.77,738.43,4.32,104.08,0.0694,20.4,14.32,21.01,75.0,1500.0,15.2,healthy,0.0
fault_sensor_drift_2,1231,1789845168.2783868,4673.1,125.95,737.66,4.32,104.29,0.0799,20.52,14.17,21.2,75.0,1500.0,15.2,healthy,0.0
fault_sensor_drift_2,1232,1789845169.2783868,4683.3,126.39,739.0,4.44,104.4,0.0733,20.31,14.17,21.31,75.0,1500.0,15.2,healthy,0.0
fault_sensor_drift_2,1233,1789845170.2783868,4677.1,126.57,739.96,4.41,104.33,0.0655,20.12,14.18,21.1,75.0,1500.0,15.2,healthy,0.0
fault_sensor_drift_2,1234,1789845171.2783868,4701.5,126.57,738.37,4.42,104.47,0.0669,20.11,14.15,21.04,75.0,1500.0,15.2,healthy,0.0
fault_sensor_drift_2,1235,1789845172.2783868,4694.0,126.48,736.68,4.35,104.52,0.0691,20.08,14.27,21.32,75.0,1500.0,15.2,healthy,0.0
fault_sensor_drift_2,1236,1789845173.2783868,4728.3,126.58,737.04,4.28,104.35,0.0652,20.21,14.28,21.37,75.0,1500.0,15.2,healthy,0.0
fault_sensor_drift_2,1237,1789845174.2783868,4692.6,126.15,740.74,4.24,104.24,0.0711,20.26,14.24,21.37,75.0,1500.0,15.2,healthy,0.0
fault_sensor_drift_2,1238,1789845175.2783868,4684.3,126.18,740.35,4.31,104.04,0.0826,20.37,14.26,21.57,75.0,1500.0,15.2,healthy,0.0
fault_sensor_drift_2,1239,1789845176.2783868,4690.0,126.22,738.55,4.37,104.18,0.0935,20.13,14.31,21.53,75.0,1500.0,15.2,healthy,0.0
fault_sensor_drift_2,1240,1789845177.2783868,4698.7,125.88,740.69,4.34,104.21,0.0796,20.32,14.3,21.74,75.0,1500.0,15.2,healthy,0.0
fault_sensor_drift_2,1241,1789845178.2783868,4671.8,126.2,742.43,4.35,104.24,0.0788,20.32,14.23,21.47,75.0,1500.0,15.2,healthy,0.0
fault_sensor_drift_2,1242,1789845179.2783868,4665.9,126.08,746.37,4.41,104.37,0.0783,20.12,14.22,21.43,75.0,1500.0,15.2,healthy,0.0
fault_sensor_drift_2,1243,1789845180.2783868,4672.8,126.31,745.26,4.36,104.46,0.0706,20.14,14.21,21.02,75.0,1500.0,15.2,healthy,0.0
fault_sensor_drift_2,1244,1789845181.2783868,4705.3,126.19,747.32,4.26,104.42,0.0658,20.17,14.33,20.94,75.0,1500.0,15.2,healthy,0.0
fault_sensor_drift_2,1245,1789845182.2783868,4692.8,126.16,736.4,4.23,104.38,0.0712,20.41,14.32,20.99,75.0,1500.0,15.2,healthy,0.0
fault_sensor_drift_2,1246,1789845183.2783868,4661.9,126.19,734.62,4.38,104.34,0.0707,20.47,14.28,21.02,75.0,1500.0,15.2,healthy,0.0
fault_sensor_drift_2,1247,1789845184.2783868,4680.5,126.24,740.25,4.4,104.3,0.075,20.45,14.25,20.97,75.0,1500.0,15.2,healthy,0.0
fault_sensor_drift_2,1248,1789845185.2783868,4691.2,126.29,743.06,4.47,104.14,0.083,20.43,14.23,20.88,75.0,1500.0,15.2,healthy,0.0
fault_sensor_drift_2,1249,1789845186.2783868,4692.7,126.51,740.79,4.43,104.13,0.0836,20.49,14.2,21.23,75.0,1500.0,15.2,healthy,0.0
fault_sensor_drift_2,1250,1789845187.2783868,4663.5,126.46,745.26,4.42,103.91,0.077,20.42,14.21,21.54,75.0,1500.0,15.2,healthy,0.0
fault_sensor_drift_2,1251,1789845188.2783868,4668.6,126.36,745.92,4.4,103.87,0.0781,20.41,14.19,21.57,75.0,1500.0,15.2,healthy,0.0
fault_sensor_drift_2,1252,1789845189.2783868,4654.5,126.16,740.14,4.43,104.01,0.0765,20.38,14.15,21.16,75.0,1500.0,15.2,healthy,0.0
fault_sensor_drift_2,1253,1789845190.2783868,4691.0,126.19,737.57,4.39,104.19,0.0773,20.36,14.12,21.18,75.0,1500.0,15.2,healthy,0.0
fault_sensor_drift_2,1254,1789845191.2783868,4697.4,126.06,736.31,4.52,104.28,0.0822,20.4,14.03,20.98,75.0,1500.0,15.2,healthy,0.0
fault_sensor_drift_2,1255,1789845192.2783868,4690.2,126.51,736.15,4.43,104.31,0.0863,20.34,14.12,21.11,75.0,1500.0,15.2,healthy,0.0
fault_sensor_drift_2,1256,1789845193.2783868,4690.7,126.67,737.01,4.44,104.21,0.0703,20.29,14.19,21.09,75.0,1500.0,15.2,healthy,0.0
fault_sensor_drift_2,1257,1789845194.2783868,4732.4,126.8,734.8,4.5,104.08,0.0808,20.52,14.2,20.98,75.0,1500.0,15.2,healthy,0.0
fault_sensor_drift_2,1258,1789845195.2783868,4723.6,126.85,730.42,4.39,103.98,0.0763,20.53,14.23,21.05,75.0,1500.0,15.2,healthy,0.0
fault_sensor_drift_2,1259,1789845196.2783868,4721.1,126.66,735.82,4.36,104.01,0.0809,20.62,14.22,20.69,75.0,1500.0,15.2,healthy,0.0
fault_sensor_drift_2,1260,1789845197.2783868,4706.4,126.2,734.04,4.36,103.92,0.0748,20.57,14.21,20.92,75.0,1500.0,15.2,healthy,0.0
fault_sensor_drift_2,1261,1789845198.2783868,4680.9,126.16,733.06,4.32,103.99,0.0737,20.64,14.22,20.81,75.0,1500.0,15.2,healthy,0.0
fault_sensor_drift_2,1262,1789845199.2783868,4683.0,126.25,733.63,4.34,104.09,0.0773,20.63,14.23,21.08,75.0,1500.0,15.2,healthy,0.0
fault_sensor_drift_2,1263,1789845200.2783868,4701.5,126.42,738.63,4.33,104.05,0.0709,20.62,14.26,21.08,75.0,1500.0,15.2,healthy,0.0
fault_sensor_drift_2,1264,1789845201.2783868,4717.1,126.42,739.82,4.3,104.03,0.0672,20.67,14.27,21.21,75.0,1500.0,15.2,healthy,0.0
fault_sensor_drift_2,1265,1789845202.2783868,4730.1,126.97,733.52,4.3,104.03,0.0717,20.47,14.3,20.93,75.0,1500.0,15.2,healthy,0.0
fault_sensor_drift_2,1266,1789845203.2783868,4738.4,127.02,733.92,4.44,103.89,0.0701,20.53,14.3,21.2,75.0,1500.0,15.2,healthy,0.0
fault_sensor_drift_2,1267,1789845204.2783868,4727.6,126.52,736.13,4.28,103.84,0.0717,20.45,14.3,20.8,75.0,1500.0,15.2,healthy,0.0
fault_sensor_drift_2,1268,1789845205.2783868,4705.0,126.32,736.24,4.34,103.91,0.071,20.44,14.28,21.22,75.0,1500.0,15.2,healthy,0.0
fault_sensor_drift_2,1269,1789845206.2783868,4692.2,126.31,738.51,4.32,103.94,0.0701,20.49,14.25,21.44,75.0,1500.0,15.2,healthy,0.0
fault_sensor_drift_2,1270,1789845207.2783868,4687.6,126.19,745.58,4.34,103.95,0.0596,20.51,14.27,21.31,75.0,1500.0,15.2,healthy,0.0
fault_sensor_drift_2,1271,1789845208.2783868,4692.3,126.17,746.81,4.35,103.92,0.0578,20.61,14.2,21.66,75.0,1500.0,15.2,healthy,0.0
fault_sensor_drift_2,1272,1789845209.2783868,4698.2,126.31,745.56,4.32,104.06,0.0653,20.35,14.18,21.62,75.0,1500.0,15.2,healthy,0.0
fault_sensor_drift_2,1273,1789845210.2783868,4702.6,126.38,747.31,4.38,104.08,0.0656,20.33,14.15,21.55,75.0,1500.0,15.2,healthy,0.0
fault_sensor_drift_2,1274,1789845211.2783868,4693.1,126.48,744.77,4.36,103.98,0.0679,20.14,14.08,21.2,75.0,1500.0,15.2,healthy,0.0
fault_sensor_drift_2,1275,1789845212.2783868,4689.8,126.31,740.66,4.44,103.92,0.0724,20.19,13.99,20.77,75.0,1500.0,15.2,healthy,0.0
fault_sensor_drift_2,1276,1789845213.2783868,4682.8,126.26,738.82,4.36,104.0,0.0607,20.21,14.02,20.98,75.0,1500.0,15.2,healthy,0.0
fault_sensor_drift_2,1277,1789845214.2783868,4718.5,126.1,743.41,4.43,104.08,0.0691,20.05,14.08,21.08,75.0,1500.0,15.2,healthy,0.0
fault_sensor_drift_2,1278,1789845215.2783868,4701.7,125.68,742.52,4.38,104.24,0.0653,20.3,14.16,21.15,75.0,1500.0,15.2,healthy,0.0
fault_sensor_drift_2,1279,1789845216.2783868,4701.4,125.44,747.2,4.35,104.22,0.0635,20.24,14.1,21.34,75.0,1500.0,15.2,healthy,0.0
fault_sensor_drift_2,1280,1789845217.2783868,4698.0,125.37,745.78,4.37,104.25,0.0723,20.16,14.15,20.96,75.0,1500.0,15.2,healthy,0.0
fault_sensor_drift_2,1281,1789845218.2783868,4699.1,125.46,749.34,4.44,104.14,0.078,20.1,14.25,21.3,75.0,1500.0,15.2,healthy,0.0
fault_sensor_drift_2,1282,1789845219.2783868,4693.2,125.53,747.74,4.48,104.11,0.0792,20.02,14.24,20.91,75.0,1500.0,15.2,healthy,0.0
fault_sensor_drift_2,1283,1789845220.2783868,4678.4,125.8,747.48,4.37,104.04,0.0912,19.87,14.31,21.0,75.0,1500.0,15.2,healthy,0.0
fault_sensor_drift_2,1284,1789845221.2783868,4695.0,125.79,738.12,4.38,104.04,0.0888,19.98,14.29,21.2,75.0,1500.0,15.2,healthy,0.0
fault_sensor_drift_2,1285,1789845222.2783868,4685.0,125.79,737.56,4.46,104.07,0.0862,20.12,14.31,21.21,75.0,1500.0,15.2,healthy,0.0
fault_sensor_drift_2,1286,1789845223.2783868,4706.3,125.59,738.05,4.45,104.05,0.0829,20.18,14.29,20.87,75.0,1500.0,15.2,healthy,0.0
fault_sensor_drift_2,1287,1789845224.2783868,4702.2,125.8,736.53,4.38,103.98,0.0687,20.0,14.27,20.9,75.0,1500.0,15.2,healthy,0.0
fault_sensor_drift_2,1288,1789845225.2783868,4678.5,125.89,736.24,4.36,104.16,0.0763,20.02,14.2,21.09,75.0,1500.0,15.2,healthy,0.0
fault_sensor_drift_2,1289,1789845226.2783868,4706.6,125.74,738.32,4.28,104.26,0.0801,20.03,14.13,20.79,75.0,1500.0,15.2,healthy,0.0
fault_sensor_drift_2,1290,1789845227.2783868,4695.4,125.83,737.41,4.24,104.14,0.0687,19.9,14.09,20.94,75.0,1500.0,15.2,healthy,0.0
fault_sensor_drift_2,1291,1789845228.2783868,4700.8,126.08,745.27,4.2,104.1,0.071,19.9,14.08,21.09,75.0,1500.0,15.2,healthy,0.0
fault_sensor_drift_2,1292,1789845229.2783868,4691.0,126.12,749.99,4.32,104.01,0.0667,20.0,14.09,21.19,75.0,1500.0,15.2,healthy,0.0
fault_sensor_drift_2,1293,1789845230.2783868,4700.9,126.24,746.14,4.33,104.08,0.073,19.94,14.18,21.2,75.0,1500.0,15.2,healthy,0.0
fault_sensor_drift_2,1294,1789845231.2783868,4697.9,126.42,743.09,4.34,104.01,0.0695,20.11,14.12,21.06,75.0,1500.0,15.2,healthy,0.0
fault_sensor_drift_2,1295,1789845232.2783868,4687.6,126.81,747.23,4.37,104.03,0.0546,20.35,14.14,20.95,75.0,1500.0,15.2,healthy,0.0
fault_sensor_drift_2,1296,1789845233.2783868,4693.8,126.57,748.29,4.32,103.9,0.0581,20.55,14.13,20.96,75.0,1500.0,15.2,healthy,0.0
fault_sensor_drift_2,1297,1789845234.2783868,4700.3,126.63,742.98,4.32,104.16,0.0694,20.45,14.27,21.17,75.0,1500.0,15.2,healthy,0.0
fault_sensor_drift_2,1298,1789845235.2783868,4690.6,126.99,744.93,4.25,104.21,0.0656,20.5,14.27,20.86,75.0,1500.0,15.2,healthy,0.0
fault_sensor_drift_2,1299,1789845236.2783868,4725.1,126.7,743.19,4.22,104.21,0.0639,20.36,14.23,21.14,75.0,1500.0,15.2,healthy,0.0
fault_sensor_drift_2,1300,1789845237.2783868,4720.4,126.98,741.46,4.22,103.96,0.0698,20.35,14.2,21.57,75.0,1500.0,15.2,healthy,0.0
fault_sensor_drift_2,1301,1789845238.2783868,4725.6,127.08,741.33,4.21,104.01,0.077,20.37,14.19,21.22,75.0,1500.0,15.2,healthy,0.0
fault_sensor_drift_2,1302,1789845239.2783868,4721.4,127.38,743.36,4.25,103.89,0.0718,20.3,14.25,21.31,75.0,1500.0,15.2,healthy,0.0
fault_sensor_drift_2,1303,1789845240.2783868,4720.5,127.3,746.07,4.3,103.85,0.0702,20.37,14.19,21.65,75.0,1500.0,15.2,healthy,0.0
fault_sensor_drift_2,1304,1789845241.2783868,4698.3,127.13,743.96,4.32,103.93,0.0687,20.31,14.2,21.6,75.0,1500.0,15.2,healthy,0.0
fault_sensor_drift_2,1305,1789845242.2783868,4703.3,127.05,744.58,4.38,103.75,0.0654,20.18,14.23,21.68,75.0,1500.0,15.2,healthy,0.0
fault_sensor_drift_2,1306,1789845243.2783868,4713.6,127.0,741.22,4.44,103.72,0.0729,20.17,14.11,21.37,75.0,1500.0,15.2,healthy,0.0
fault_sensor_drift_2,1307,1789845244.2783868,4691.9,126.86,737.43,4.42,103.68,0.0791,20.15,14.16,21.59,75.0,1500.0,15.2,healthy,0.0
fault_sensor_drift_2,1308,1789845245.2783868,4688.2,127.01,737.67,4.44,103.79,0.0716,20.01,14.24,21.61,75.0,1500.0,15.2,healthy,0.0
fault_sensor_drift_2,1309,1789845246.2783868,4664.8,126.83,740.71,4.43,103.79,0.0679,19.94,14.17,21.11,75.0,1500.0,15.2,healthy,0.0
fault_sensor_drift_2,1310,1789845247.2783868,4666.1,127.03,739.71,4.5,103.89,0.0584,19.95,14.15,21.2,75.0,1500.0,15.2,healthy,0.0
fault_sensor_drift_2,1311,1789845248.2783868,4673.1,126.92,735.39,4.53,103.9,0.0612,20.1,14.2,21.44,75.0,1500.0,15.2,healthy,0.0
fault_sensor_drift_2,1312,1789845249.2783868,4695.7,126.79,737.01,4.41,103.99,0.0624,20.23,14.16,21.65,75.0,1500.0,15.2,healthy,0.0
fault_sensor_drift_2,1313,1789845250.2783868,4715.8,126.78,737.56,4.38,103.89,0.0665,20.22,14.16,21.43,75.0,1500.0,15.2,healthy,0.0
fault_sensor_drift_2,1314,1789845251.2783868,4714.5,126.82,740.5,4.42,103.85,0.0721,20.19,14.16,21.15,75.0,1500.0,15.2,healthy,0.0
fault_sensor_drift_2,1315,1789845252.2783868,4713.3,126.57,741.54,4.39,103.96,0.068,20.26,14.11,20.89,75.0,1500.0,15.2,healthy,0.0
fault_sensor_drift_2,1316,1789845253.2783868,4734.2,126.38,742.13,4.33,104.04,0.0753,20.3,14.03,20.85,75.0,1500.0,15.2,healthy,0.0
fault_sensor_drift_2,1317,1789845254.2783868,4709.3,125.84,742.05,4.24,104.02,0.0799,20.3,14.11,21.2,75.0,1500.0,15.2,healthy,0.0
fault_sensor_drift_2,1318,1789845255.2783868,4695.5,126.04,740.86,4.26,103.95,0.0805,20.1,14.15,21.08,75.0,1500.0,15.2,healthy,0.0
fault_sensor_drift_2,1319,1789845256.2783868,4691.3,125.97,737.63,4.28,104.12,0.0766,20.12,14.18,21.28,75.0,1500.0,15.2,healthy,0.0
fault_sensor_drift_2,1320,1789845257.2783868,4694.7,126.23,739.55,4.3,104.13,0.0795,20.15,14.15,21.07,75.0,1500.0,15.2,healthy,0.0
fault_sensor_drift_2,1321,1789845258.2783868,4704.3,126.37,739.83,4.26,104.09,0.0816,20.07,14.2,21.45,75.0,1500.0,15.2,healthy,0.0
fault_sensor_drift_2,1322,1789845259.2783868,4737.3,126.64,740.15,4.27,104.11,0.0853,20.23,14.21,21.32,75.0,1500.0,15.2,healthy,0.0
fault_sensor_drift_2,1323,1789845260.2783868,4703.4,126.38,744.62,4.23,104.25,0.0841,20.26,14.24,21.23,75.0,1500.0,15.2,healthy,0.0
fault_sensor_drift_2,1324,1789845261.2783868,4749.6,126.37,742.38,4.24,104.23,0.0756,20.29,14.17,21.03,75.0,1500.0,15.2,healthy,0.0
fault_sensor_drift_2,1325,1789845262.2783868,4743.8,126.46,736.93,4.23,104.0,0.0752,20.25,14.13,21.14,75.0,1500.0,15.2,healthy,0.0
fault_sensor_drift_2,1326,1789845263.2783868,4749.4,126.38,735.27,4.2,104.05,0.0694,20.2,14.18,21.18,75.0,1500.0,15.2,healthy,0.0
fault_sensor_drift_2,1327,1789845264.2783868,4742.6,126.34,733.29,4.27,104.11,0.0794,20.19,14.15,21.17,75.0,1500.0,15.2,healthy,0.0
fault_sensor_drift_2,1328,1789845265.2783868,4707.5,126.22,733.09,4.31,104.15,0.0813,20.15,14.26,21.79,75.0,1500.0,15.2,healthy,0.0
fault_sensor_drift_2,1329,1789845266.2783868,4719.6,126.17,733.53,4.36,104.17,0.0837,20.16,14.21,21.4,75.0,1500.0,15.2,healthy,0.0
fault_sensor_drift_2,1330,1789845267.2783868,4703.8,125.89,735.17,4.41,104.16,0.0811,20.13,14.15,21.24,75.0,1500.0,15.2,healthy,0.0
fault_sensor_drift_2,1331,1789845268.2783868,4681.7,125.9,742.53,4.37,104.14,0.0821,20.34,14.19,21.37,75.0,1500.0,15.2,healthy,0.0
fault_sensor_drift_2,1332,1789845269.2783868,4668.3,125.71,741.04,4.38,104.04,0.0832,20.34,14.12,21.11,75.0,1500.0,15.2,healthy,0.0
fault_sensor_drift_2,1333,1789845270.2783868,4679.4,125.41,742.33,4.35,104.21,0.0873,20.12,14.11,21.23,75.0,1500.0,15.2,healthy,0.0
fault_sensor_drift_2,1334,1789845271.2783868,4695.2,125.68,734.37,4.4,104.07,0.0821,20.06,14.13,21.17,75.0,1500.0,15.2,healthy,0.0
fault_sensor_drift_2,1335,1789845272.2783868,4698.6,125.84,733.06,4.38,104.1,0.0801,20.07,14.22,21.18,75.0,1500.0,15.2,healthy,0.0
fault_sensor_drift_2,1336,1789845273.2783868,4679.8,125.58,731.55,4.41,104.01,0.0709,19.96,14.2,21.37,75.0,1500.0,15.2,healthy,0.0
fault_sensor_drift_2,1337,1789845274.2783868,4706.1,125.79,734.32,4.41,104.01,0.0716,20.02,14.1,20.86,75.0,1500.0,15.2,healthy,0.0
fault_sensor_drift_2,1338,1789845275.2783868,4717.6,125.78,738.86,4.31,103.97,0.0679,20.05,14.1,20.81,75.0,1500.0,15.2,healthy,0.0
fault_sensor_drift_2,1339,1789845276.2783868,4722.6,125.76,734.06,4.34,103.91,0.0667,20.16,14.07,20.97,75.0,1500.0,15.2,healthy,0.0
fault_sensor_drift_2,1340,1789845277.2783868,4712.4,126.28,738.26,4.32,103.88,0.0627,20.15,14.09,21.31,75.0,1500.0,15.2,healthy,0.0
fault_sensor_drift_2,1341,1789845278.2783868,4688.0,126.06,736.28,4.32,103.95,0.0643,20.13,14.16,21.09,75.0,1500.0,15.2,healthy,0.0
fault_sensor_drift_2,1342,1789845279.2783868,4671.5,126.29,735.14,4.29,103.76,0.061,20.07,14.19,21.03,75.0,1500.0,15.2,healthy,0.0
fault_sensor_drift_2,1343,1789845280.2783868,4682.8,126.51,734.13,4.26,103.75,0.0663,20.14,14.28,21.11,75.0,1500.0,15.2,healthy,0.0
fault_sensor_drift_2,1344,1789845281.2783868,4705.4,126.17,739.48,4.32,103.69,0.0676,20.22,14.19,20.9,75.0,1500.0,15.2,healthy,0.0
fault_sensor_drift_2,1345,1789845282.2783868,4698.4,126.24,741.1,4.27,103.86,0.0618,20.3,14.17,21.45,75.0,1500.0,15.2,healthy,0.0
fault_sensor_drift_2,1346,1789845283.2783868,4695.3,126.47,737.09,4.27,103.87,0.0671,20.49,14.13,21.27,75.0,1500.0,15.2,healthy,0.0
fault_sensor_drift_2,1347,1789845284.2783868,4695.8,126.45,740.78,4.34,103.88,0.0622,20.37,14.1,21.25,75.0,1500.0,15.2,healthy,0.0
fault_sensor_drift_2,1348,1789845285.2783868,4701.1,126.34,736.86,4.34,104.15,0.069,20.36,14.09,20.97,75.0,1500.0,15.2,healthy,0.0
fault_sensor_drift_2,1349,1789845286.2783868,4677.1,126.54,731.19,4.37,104.08,0.0711,20.42,14.12,20.82,75.0,1500.0,15.2,healthy,0.0
fault_sensor_drift_2,1350,1789845287.2783868,4698.9,126.88,735.29,4.38,104.11,0.0713,20.3,14.16,20.94,75.0,1500.0,15.2,healthy,0.0
fault_sensor_drift_2,1351,1789845288.2783868,4726.2,126.91,734.71,4.36,104.07,0.0713,20.23,14.2,21.2,75.0,1500.0,15.2,healthy,0.0
fault_sensor_drift_2,1352,1789845289.2783868,4724.2,126.15,736.57,4.42,104.27,0.0854,20.24,14.15,21.02,75.0,1500.0,15.2,healthy,0.0
fault_sensor_drift_2,1353,1789845290.2783868,4733.7,126.06,731.6,4.44,104.23,0.0796,20.35,14.09,20.93,75.0,1500.0,15.2,healthy,0.0
fault_sensor_drift_2,1354,1789845291.2783868,4745.9,126.32,730.7,4.37,104.18,0.0798,20.38,14.08,21.11,75.0,1500.0,15.2,healthy,0.0
fault_sensor_drift_2,1355,1789845292.2783868,4741.5,126.3,734.34,4.34,104.22,0.0766,20.02,14.15,20.94,75.0,1500.0,15.2,healthy,0.0
fault_sensor_drift_2,1356,1789845293.2783868,4698.3,126.46,736.77,4.41,104.17,0.0713,19.99,14.04,21.0,75.0,1500.0,15.2,healthy,0.0
fault_sensor_drift_2,1357,1789845294.2783868,4686.6,126.79,736.37,4.33,104.25,0.0674,19.98,14.05,20.8,75.0,1500.0,15.2,healthy,0.0
fault_sensor_drift_2,1358,1789845295.2783868,4699.2,126.78,733.94,4.4,104.2,0.0742,20.14,14.05,21.06,75.0,1500.0,15.2,healthy,0.0
fault_sensor_drift_2,1359,1789845296.2783868,4683.9,127.08,733.59,4.43,103.97,0.0752,20.06,14.07,20.85,75.0,1500.0,15.2,healthy,0.0
fault_sensor_drift_2,1360,1789845297.2783868,4671.1,127.19,730.34,4.4,104.0,0.0803,20.27,14.07,20.86,75.0,1500.0,15.2,healthy,0.0
fault_sensor_drift_2,1361,1789845298.2783868,4670.8,126.92,726.78,4.38,104.01,0.0822,20.17,14.01,21.26,75.0,1500.0,15.2,healthy,0.0
fault_sensor_drift_2,1362,1789845299.2783868,4638.2,126.94,729.23,4.28,103.89,0.0835,20.2,14.05,21.31,75.0,1500.0,15.2,healthy,0.0
fault_sensor_drift_2,1363,1789845300.2783868,4648.5,126.7,729.1,4.37,103.72,0.0697,20.18,14.15,21.56,75.0,1500.0,15.2,healthy,0.0
fault_sensor_drift_2,1364,1789845301.2783868,4648.4,126.71,732.82,4.4,103.65,0.0777,20.33,14.09,21.76,75.0,1500.0,15.2,healthy,0.0
fault_sensor_drift_2,1365,1789845302.2783868,4643.4,126.34,734.97,4.4,103.62,0.0759,20.17,14.12,21.71,75.0,1500.0,15.2,healthy,0.0
fault_sensor_drift_2,1366,1789845303.2783868,4659.9,126.61,737.29,4.41,103.64,0.0704,20.06,14.07,21.49,75.0,1500.0,15.2,healthy,0.0
fault_sensor_drift_2,1367,1789845304.2783868,4660.0,126.29,734.8,4.35,103.35,0.0778,20.18,14.1,21.33,75.0,1500.0,15.2,healthy,0.0
fault_sensor_drift_2,1368,1789845305.2783868,4664.1,126.41,733.95,4.37,103.32,0.0728,20.23,14.18,21.02,75.0,1500.0,15.2,healthy,0.0
fault_sensor_drift_2,1369,1789845306.2783868,4688.2,126.42,735.32,4.28,103.28,0.0713,20.31,14.13,21.12,75.0,1500.0,15.2,healthy,0.0
fault_sensor_drift_2,1370,1789845307.2783868,4714.1,126.64,735.21,4.26,103.32,0.0748,20.24,14.12,21.4,75.0,1500.0,15.2,healthy,0.0
fault_sensor_drift_2,1371,1789845308.2783868,4708.4,126.59,734.5,4.27,103.14,0.0726,20.19,14.09,21.51,75.0,1500.0,15.2,healthy,0.0
fault_sensor_drift_2,1372,1789845309.2783868,4692.6,126.61,739.06,4.32,103.24,0.0738,20.26,14.11,21.39,75.0,1500.0,15.2,healthy,0.0
fault_sensor_drift_2,1373,1789845310.2783868,4692.5,126.14,733.63,4.32,103.27,0.0748,20.26,14.09,21.25,75.0,1500.0,15.2,healthy,0.0
fault_sensor_drift_2,1374,1789845311.2783868,4683.7,126.26,734.2,4.27,103.08,0.0664,20.46,14.07,21.32,75.0,1500.0,15.2,healthy,0.0
fault_sensor_drift_2,1375,1789845312.2783868,4700.6,126.28,733.27,4.24,103.17,0.0655,20.5,14.02,20.98,75.0,1500.0,15.2,healthy,0.0
fault_sensor_drift_2,1376,1789845313.2783868,4717.0,126.47,735.75,4.31,103.22,0.0692,20.44,14.04,21.4,75.0,1500.0,15.2,healthy,0.0
fault_sensor_drift_2,1377,1789845314.2783868,4727.7,126.49,737.83,4.25,103.39,0.0742,20.32,14.02,21.41,75.0,1500.0,15.2,healthy,0.0
fault_sensor_drift_2,1378,1789845315.2783868,4714.5,126.16,741.66,4.27,103.52,0.0695,20.21,14.05,21.01,75.0,1500.0,15.2,healthy,0.0
fault_sensor_drift_2,1379,1789845316.2783868,4703.0,126.33,743.46,4.3,103.48,0.0818,20.34,14.0,20.71,75.0,1500.0,15.2,healthy,0.0
fault_sensor_drift_2,1380,1789845317.2783868,4696.9,126.64,746.76,4.27,103.53,0.0788,20.4,13.91,20.78,75.0,1500.0,15.2,healthy,0.0
fault_sensor_drift_2,1381,1789845318.2783868,4706.7,126.84,742.65,4.28,103.44,0.0786,20.39,13.87,21.06,75.0,1500.0,15.2,healthy,0.0
fault_sensor_drift_2,1382,1789845319.2783868,4729.0,126.57,737.68,4.28,103.37,0.0856,20.38,13.86,20.78,75.0,1500.0,15.2,healthy,0.0
fault_sensor_drift_2,1383,1789845320.2783868,4709.1,126.67,742.64,4.26,103.54,0.0735,20.38,13.85,20.87,75.0,1500.0,15.2,healthy,0.0
fault_sensor_drift_2,1384,1789845321.2783868,4725.9,126.79,740.7,4.23,103.66,0.0671,20.28,13.84,20.75,75.0,1500.0,15.2,healthy,0.0
fault_sensor_drift_2,1385,1789845322.2783868,4729.6,126.99,734.6,4.23,103.74,0.0671,20.22,13.9,21.15,75.0,1500.0,15.2,healthy,0.0
fault_sensor_drift_2,1386,1789845323.2783868,4732.2,126.87,732.32,4.29,103.69,0.0646,20.21,13.99,21.1,75.0,1500.0,15.2,healthy,0.0
fault_sensor_drift_2,1387,1789845324.2783868,4725.3,126.81,734.55,4.18,103.72,0.0758,20.16,13.97,21.36,75.0,1500.0,15.2,healthy,0.0
fault_sensor_drift_2,1388,1789845325.2783868,4723.6,126.8,738.56,4.16,103.63,0.0738,20.24,13.96,21.44,75.0,1500.0,15.2,healthy,0.0
fault_sensor_drift_2,1389,1789845326.2783868,4740.2,126.75,739.47,4.13,103.74,0.0694,20.18,13.95,21.18,75.0,1500.0,15.2,healthy,0.0
fault_sensor_drift_2,1390,1789845327.2783868,4723.7,126.55,743.63,4.28,103.65,0.0602,20.06,13.94,21.5,75.0,1500.0,15.2,healthy,0.0
fault_sensor_drift_2,1391,1789845328.2783868,4699.4,126.5,745.11,4.26,103.67,0.07,19.94,13.99,21.5,75.0,1500.0,15.2,healthy,0.0
fault_sensor_drift_2,1392,1789845329.2783868,4710.5,126.41,739.34,4.38,103.66,0.0649,19.98,14.03,21.6,75.0,1500.0,15.2,healthy,0.0
fault_sensor_drift_2,1393,1789845330.2783868,4692.7,126.45,739.39,4.41,103.49,0.0637,20.23,14.1,21.76,75.0,1500.0,15.2,healthy,0.0
fault_sensor_drift_2,1394,1789845331.2783868,4706.7,126.7,738.59,4.44,103.6,0.0712,20.31,14.09,21.37,75.0,1500.0,15.2,healthy,0.0
fault_sensor_drift_2,1395,1789845332.2783868,4719.0,126.55,739.35,4.38,103.88,0.0663,20.2,14.12,21.29,75.0,1500.0,15.2,healthy,0.0
fault_sensor_drift_2,1396,1789845333.2783868,4710.2,126.6,743.84,4.34,103.82,0.067,20.26,14.05,21.37,75.0,1500.0,15.2,healthy,0.0
fault_sensor_drift_2,1397,1789845334.2783868,4709.1,126.66,740.73,4.36,103.86,0.0662,20.24,14.1,21.29,75.0,1500.0,15.2,healthy,0.0
fault_sensor_drift_2,1398,1789845335.2783868,4725.6,126.75,744.94,4.31,103.88,0.0718,20.25,14.15,21.48,75.0,1500.0,15.2,healthy,0.0
fault_sensor_drift_2,1399,1789845336.2783868,4697.6,126.6,742.2,4.31,104.02,0.07,20.27,14.17,21.29,75.0,1500.0,15.2,healthy,0.0
fault_sensor_drift_2,1400,1789845337.2783868,4681.0,126.33,742.06,4.37,104.0,0.0732,20.44,14.21,20.73,75.0,1500.0,15.2,healthy,0.0
fault_sensor_drift_2,1401,1789845338.2783868,4710.8,126.4,745.44,4.28,103.9,0.0746,20.25,14.27,20.76,75.0,1500.0,15.2,healthy,0.0
fault_sensor_drift_2,1402,1789845339.2783868,4729.8,126.57,740.62,4.3,104.01,0.0669,20.14,14.24,21.0,75.0,1500.0,15.2,healthy,0.0
fault_sensor_drift_2,1403,1789845340.2783868,4692.9,126.64,737.9,4.35,104.17,0.0639,20.17,14.25,21.34,75.0,1500.0,15.2,healthy,0.0
fault_sensor_drift_2,1404,1789845341.2783868,4707.6,126.99,736.35,4.37,104.2,0.0693,20.23,14.31,21.16,75.0,1500.0,15.2,healthy,0.0
fault_sensor_drift_2,1405,1789845342.2783868,4732.4,126.71,738.05,4.4,104.18,0.0785,20.19,14.35,21.0,75.0,1500.0,15.2,healthy,0.0
fault_sensor_drift_2,1406,1789845343.2783868,4734.6,126.54,738.18,4.41,104.34,0.0786,20.27,14.38,21.16,75.0,1500.0,15.2,healthy,0.0
fault_sensor_drift_2,1407,1789845344.2783868,4727.2,126.62,735.83,4.47,104.19,0.0772,20.38,14.41,21.34,75.0,1500.0,15.2,healthy,0.0
fault_sensor_drift_2,1408,1789845345.2783868,4722.5,126.4,737.25,4.41,104.41,0.0808,20.12,14.3,21.48,75.0,1500.0,15.2,healthy,0.0
fault_sensor_drift_2,1409,1789845346.2783868,4725.3,126.39,738.61,4.3,104.32,0.0709,20.1,14.27,21.54,75.0,1500.0,15.2,healthy,0.0
fault_sensor_drift_2,1410,1789845347.2783868,4725.9,126.06,732.79,4.3,104.29,0.0705,19.91,14.25,21.45,75.0,1500.0,15.2,healthy,0.0
fault_sensor_drift_2,1411,1789845348.2783868,4712.4,125.7,738.51,4.28,104.32,0.0687,19.79,14.31,21.45,75.0,1500.0,15.2,healthy,0.0
fault_sensor_drift_2,1412,1789845349.2783868,4751.8,126.09,740.69,4.2,104.38,0.0828,20.13,14.31,21.29,75.0,1500.0,15.2,healthy,0.0
fault_sensor_drift_2,1413,1789845350.2783868,4707.6,125.97,738.0,4.21,104.28,0.076,20.14,14.26,21.45,75.0,1500.0,15.2,healthy,0.0
fault_sensor_drift_2,1414,1789845351.2783868,4699.9,126.16,739.5,4.34,104.39,0.0747,20.07,14.31,20.98,75.0,1500.0,15.2,healthy,0.0
fault_sensor_drift_2,1415,1789845352.2783868,4706.4,125.95,745.24,4.29,104.38,0.0735,20.22,14.32,21.17,75.0,1500.0,15.2,healthy,0.0
fault_sensor_drift_2,1416,1789845353.2783868,4696.0,126.04,746.18,4.37,104.5,0.0764,20.28,14.24,21.14,75.0,1500.0,15.2,healthy,0.0
fault_sensor_drift_2,1417,1789845354.2783868,4696.3,125.97,746.5,4.46,104.4,0.0806,20.24,14.19,20.97,75.0,1500.0,15.2,healthy,0.0
fault_sensor_drift_2,1418,1789845355.2783868,4709.7,126.15,743.09,4.43,104.38,0.0716,20.24,14.1,21.61,75.0,1500.0,15.2,healthy,0.0
fault_sensor_drift_2,1419,1789845356.2783868,4720.6,125.88,747.99,4.48,104.4,0.0736,20.13,14.1,21.33,75.0,1500.0,15.2,healthy,0.0
fault_sensor_drift_2,1420,1789845357.2783868,4708.2,125.93,744.75,4.46,104.4,0.0658,20.02,14.08,21.1,75.0,1500.0,15.2,healthy,0.0
fault_sensor_drift_2,1421,1789845358.2783868,4682.4,126.06,741.8,4.38,104.33,0.0702,19.88,13.98,21.29,75.0,1500.0,15.2,healthy,0.0
fault_sensor_drift_2,1422,1789845359.2783868,4670.7,126.41,737.44,4.3,104.43,0.068,19.88,13.98,21.41,75.0,1500.0,15.2,healthy,0.0
fault_sensor_drift_2,1423,1789845360.2783868,4685.8,126.74,740.52,4.35,104.42,0.0674,19.84,14.04,21.34,75.0,1500.0,15.2,healthy,0.0
fault_sensor_drift_2,1424,1789845361.2783868,4679.6,126.98,740.84,4.31,104.31,0.0715,19.95,14.04,21.15,75.0,1500.0,15.2,healthy,0.0
fault_sensor_drift_2,1425,1789845362.2783868,4659.9,126.77,743.06,4.38,104.36,0.0732,19.95,14.11,21.1,75.0,1500.0,15.2,healthy,0.0
fault_sensor_drift_2,1426,1789845363.2783868,4645.1,126.75,743.72,4.36,104.27,0.0738,20.12,14.14,21.34,75.0,1500.0,15.2,healthy,0.0
fault_sensor_drift_2,1427,1789845364.2783868,4656.8,126.6,736.97,4.29,104.41,0.0749,20.15,14.13,21.2,75.0,1500.0,15.2,healthy,0.0
fault_sensor_drift_2,1428,1789845365.2783868,4677.0,126.79,739.5,4.21,104.46,0.0688,20.34,14.09,21.06,75.0,1500.0,15.2,healthy,0.0
fault_sensor_drift_2,1429,1789845366.2783868,4677.2,126.87,740.37,4.21,104.41,0.0804,20.31,13.97,21.31,75.0,1500.0,15.2,healthy,0.0
fault_sensor_drift_2,1430,1789845367.2783868,4661.6,126.72,741.96,4.16,104.28,0.0782,20.27,13.96,21.08,75.0,1500.0,15.2,healthy,0.0
fault_sensor_drift_2,1431,1789845368.2783868,4638.5,126.7,743.86,4.15,104.09,0.0736,20.25,14.04,21.17,75.0,1500.0,15.2,healthy,0.0
fault_sensor_drift_2,1432,1789845369.2783868,4649.2,126.62,746.63,4.19,104.15,0.0685,20.25,14.08,21.21,75.0,1500.0,15.2,healthy,0.0
fault_sensor_drift_2,1433,1789845370.2783868,4660.2,126.67,749.49,4.2,104.23,0.0703,20.45,14.14,21.44,75.0,1500.0,15.2,healthy,0.0
fault_sensor_drift_2,1434,1789845371.2783868,4697.1,126.53,749.55,4.29,104.35,0.0672,20.43,14.16,21.67,75.0,1500.0,15.2,healthy,0.0
fault_sensor_drift_2,1435,1789845372.2783868,4699.0,126.68,746.28,4.29,104.27,0.0687,20.31,14.17,21.44,75.0,1500.0,15.2,healthy,0.0
fault_sensor_drift_2,1436,1789845373.2783868,4720.6,126.87,746.64,4.36,104.41,0.0793,20.3,14.19,21.62,75.0,1500.0,15.2,healthy,0.0
fault_sensor_drift_2,1437,1789845374.2783868,4708.7,126.7,745.86,4.38,104.32,0.0814,20.23,14.12,21.27,75.0,1500.0,15.2,healthy,0.0
fault_sensor_drift_2,1438,1789845375.2783868,4690.9,127.0,742.27,4.35,104.12,0.0805,20.07,14.08,21.24,75.0,1500.0,15.2,healthy,0.0
fault_sensor_drift_2,1439,1789845376.2783868,4696.2,126.95,738.01,4.33,104.32,0.0836,20.18,14.03,20.76,75.0,1500.0,15.2,healthy,0.0
fault_sensor_drift_2,1440,1789845377.2783868,4711.1,126.79,736.97,4.34,104.26,0.077,20.21,14.03,21.1,75.0,1500.0,15.2,healthy,0.0
fault_sensor_drift_2,1441,1789845378.2783868,4721.6,126.77,737.7,4.3,104.26,0.0863,20.37,14.1,20.81,75.0,1500.0,15.2,healthy,0.0
fault_sensor_drift_2,1442,1789845379.2783868,4726.5,127.02,736.74,4.29,104.25,0.0874,20.34,14.14,20.87,75.0,1500.0,15.2,healthy,0.0
fault_sensor_drift_2,1443,1789845380.2783868,4732.6,127.28,738.62,4.42,104.21,0.0789,20.29,14.15,21.25,75.0,1500.0,15.2,healthy,0.0
fault_sensor_drift_2,1444,1789845381.2783868,4734.7,127.43,735.32,4.44,104.05,0.0789,20.27,14.15,20.8,75.0,1500.0,15.2,healthy,0.0
fault_sensor_drift_2,1445,1789845382.2783868,4720.0,127.49,737.76,4.44,104.2,0.0771,20.45,14.16,21.13,75.0,1500.0,15.2,healthy,0.0
fault_sensor_drift_2,1446,1789845383.2783868,4721.2,127.72,732.62,4.44,104.18,0.0746,20.38,14.22,21.17,75.0,1500.0,15.2,healthy,0.0
fault_sensor_drift_2,1447,1789845384.2783868,4715.3,128.05,734.48,4.38,104.0,0.0789,20.32,14.25,21.43,75.0,1500.0,15.2,healthy,0.0
fault_sensor_drift_2,1448,1789845385.2783868,4717.6,128.05,732.77,4.41,103.96,0.076,20.24,14.26,21.56,75.0,1500.0,15.2,healthy,0.0
fault_sensor_drift_2,1449,1789845386.2783868,4724.0,128.02,735.02,4.44,103.93,0.0721,19.98,14.22,21.66,75.0,1500.0,15.2,healthy,0.0
fault_sensor_drift_2,1450,1789845387.2783868,4710.7,128.02,734.81,4.45,103.83,0.0698,20.12,14.14,21.53,75.0,1500.0,15.2,healthy,0.0
fault_sensor_drift_2,1451,1789845388.2783868,4707.1,127.99,741.11,4.44,104.04,0.0693,20.09,14.13,21.44,75.0,1500.0,15.2,healthy,0.0
fault_sensor_drift_2,1452,1789845389.2783868,4701.0,127.74,736.58,4.3,103.9,0.066,20.04,14.16,21.37,75.0,1500.0,15.2,healthy,0.0
fault_sensor_drift_2,1453,1789845390.2783868,4687.9,127.35,734.94,4.23,103.97,0.0725,20.12,14.19,21.36,75.0,1500.0,15.2,healthy,0.0
fault_sensor_drift_2,1454,1789845391.2783868,4678.7,127.22,732.13,4.22,103.77,0.0747,20.18,14.16,21.23,75.0,1500.0,15.2,healthy,0.0
fault_sensor_drift_2,1455,1789845392.2783868,4675.4,126.54,729.81,4.32,103.91,0.0694,20.19,14.2,21.57,75.0,1500.0,15.2,healthy,0.0
fault_sensor_drift_2,1456,1789845393.2783868,4684.2,126.67,730.26,4.31,103.97,0.068,20.15,14.21,21.51,75.0,1500.0,15.2,healthy,0.0
fault_sensor_drift_2,1457,1789845394.2783868,4691.1,126.68,733.79,4.29,103.94,0.0724,20.01,14.19,21.52,75.0,1500.0,15.2,healthy,0.0
fault_sensor_drift_2,1458,1789845395.2783868,4673.3,126.91,734.8,4.35,104.0,0.0709,20.22,14.28,21.38,75.0,1500.0,15.2,healthy,0.0
fault_sensor_drift_2,1459,1789845396.2783868,4654.3,127.01,726.39,4.47,104.07,0.072,19.96,14.16,21.16,75.0,1500.0,15.2,healthy,0.0
fault_sensor_drift_2,1460,1789845397.2783868,4659.4,126.64,729.73,4.31,104.18,0.0725,19.98,14.16,20.79,75.0,1500.0,15.2,healthy,0.0
fault_sensor_drift_2,1461,1789845398.2783868,4664.7,126.38,727.6,4.31,104.04,0.0661,20.04,14.28,20.65,75.0,1500.0,15.2,healthy,0.0
fault_sensor_drift_2,1462,1789845399.2783868,4668.6,126.35,727.47,4.26,103.96,0.0641,19.98,14.27,20.96,75.0,1500.0,15.2,healthy,0.0
fault_sensor_drift_2,1463,1789845400.2783868,4692.6,126.38,728.12,4.25,103.89,0.0633,19.79,14.24,21.32,75.0,1500.0,15.2,healthy,0.0
fault_sensor_drift_2,1464,1789845401.2783868,4698.4,126.2,731.3,4.3,103.98,0.0716,19.83,14.21,21.25,75.0,1500.0,15.2,healthy,0.0
fault_sensor_drift_2,1465,1789845402.2783868,4680.0,126.4,733.9,4.41,104.13,0.0721,19.71,14.23,21.45,75.0,1500.0,15.2,healthy,0.0
fault_sensor_drift_2,1466,1789845403.2783868,4719.9,126.36,733.0,4.41,104.22,0.0802,19.75,14.2,21.34,75.0,1500.0,15.2,healthy,0.0
fault_sensor_drift_2,1467,1789845404.2783868,4707.3,126.3,734.16,4.32,104.11,0.0735,19.88,14.18,21.06,75.0,1500.0,15.2,healthy,0.0
fault_sensor_drift_2,1468,1789845405.2783868,4687.0,126.22,728.89,4.4,103.98,0.076,20.19,14.23,21.17,75.0,1500.0,15.2,healthy,0.0
fault_sensor_drift_2,1469,1789845406.2783868,4686.9,126.67,730.64,4.32,103.93,0.0787,20.08,14.23,20.62,75.0,1500.0,15.2,healthy,0.0
fault_sensor_drift_2,1470,1789845407.2783868,4672.1,126.49,730.43,4.33,103.81,0.0695,20.24,14.24,20.57,75.0,1500.0,15.2,healthy,0.0
fault_sensor_drift_2,1471,1789845408.2783868,4680.3,126.33,732.88,4.29,103.98,0.0689,20.19,14.26,20.89,75.0,1500.0,15.2,healthy,0.0
fault_sensor_drift_2,1472,1789845409.2783868,4700.7,126.39,734.82,4.22,104.07,0.0673,20.25,14.17,21.07,75.0,1500.0,15.2,healthy,0.0
fault_sensor_drift_2,1473,1789845410.2783868,4693.7,126.07,735.92,4.18,104.17,0.0673,20.3,14.21,21.38,75.0,1500.0,15.2,healthy,0.0
fault_sensor_drift_2,1474,1789845411.2783868,4703.1,125.87,733.78,4.16,104.03,0.071,20.31,14.17,21.1,75.0,1500.0,15.2,healthy,0.0
fault_sensor_drift_2,1475,1789845412.2783868,4695.3,126.06,738.21,4.28,104.02,0.0639,20.32,14.23,21.05,75.0,1500.0,15.2,healthy,0.0
fault_sensor_drift_2,1476,1789845413.2783868,4710.9,126.1,739.33,4.21,104.02,0.0708,20.51,14.2,20.83,75.0,1500.0,15.2,healthy,0.0
fault_sensor_drift_2,1477,1789845414.2783868,4705.0,126.12,740.43,4.27,103.95,0.0679,20.56,14.29,21.06,75.0,1500.0,15.2,healthy,0.0
fault_sensor_drift_2,1478,1789845415.2783868,4696.7,126.23,738.46,4.32,104.0,0.0716,20.58,14.28,21.25,75.0,1500.0,15.2,healthy,0.0
fault_sensor_drift_2,1479,1789845416.2783868,4720.1,126.36,734.38,4.33,103.99,0.0767,20.48,14.27,21.2,75.0,1500.0,15.2,healthy,0.0
fault_sensor_drift_2,1480,1789845417.2783868,4718.4,126.19,738.27,4.38,104.02,0.0667,20.43,14.22,20.98,75.0,1500.0,15.2,healthy,0.0
fault_sensor_drift_2,1481,1789845418.2783868,4701.1,126.08,741.03,4.4,103.89,0.0756,20.52,14.2,21.17,75.0,1500.0,15.2,healthy,0.0
fault_sensor_drift_2,1482,1789845419.2783868,4704.6,125.99,741.6,4.36,103.87,0.0738,20.42,14.23,21.17,75.0,1500.0,15.2,healthy,0.0
fault_sensor_drift_2,1483,1789845420.2783868,4673.7,126.45,739.47,4.48,103.91,0.0701,20.28,14.28,21.47,75.0,1500.0,15.2,healthy,0.0
fault_sensor_drift_2,1484,1789845421.2783868,4685.4,126.23,744.23,4.51,103.84,0.0719,20.15,14.24,21.5,75.0,1500.0,15.2,healthy,0.0
fault_sensor_drift_2,1485,1789845422.2783868,4698.8,126.14,737.98,4.45,103.76,0.0724,20.08,14.24,21.6,75.0,1500.0,15.2,healthy,0.0
fault_sensor_drift_2,1486,1789845423.2783868,4668.6,126.53,735.84,4.53,103.67,0.0632,20.13,14.17,21.53,75.0,1500.0,15.2,healthy,0.0
fault_sensor_drift_2,1487,1789845424.2783868,4650.2,126.37,738.4,4.48,103.55,0.0548,20.24,14.15,21.51,75.0,1500.0,15.2,healthy,0.0
fault_sensor_drift_2,1488,1789845425.2783868,4684.3,126.35,739.83,4.41,103.42,0.058,20.43,14.09,21.35,75.0,1500.0,15.2,healthy,0.0
fault_sensor_drift_2,1489,1789845426.2783868,4685.3,126.56,738.17,4.44,103.42,0.0671,20.34,14.13,21.32,75.0,1500.0,15.2,healthy,0.0
fault_sensor_drift_2,1490,1789845427.2783868,4696.8,126.49,731.08,4.36,103.35,0.0728,20.35,14.16,21.12,75.0,1500.0,15.2,healthy,0.0
fault_sensor_drift_2,1491,1789845428.2783868,4700.0,126.45,724.68,4.39,103.41,0.0667,20.38,14.2,21.02,75.0,1500.0,15.2,healthy,0.0
fault_sensor_drift_2,1492,1789845429.2783868,4707.0,126.45,726.36,4.38,103.54,0.0646,20.41,14.13,21.23,75.0,1500.0,15.2,healthy,0.0
fault_sensor_drift_2,1493,1789845430.2783868,4710.8,126.57,726.23,4.32,103.62,0.0721,20.37,14.14,21.17,75.0,1500.0,15.2,healthy,0.0
fault_sensor_drift_2,1494,1789845431.2783868,4686.9,126.39,726.66,4.36,103.61,0.0693,20.41,14.26,21.3,75.0,1500.0,15.2,healthy,0.0
fault_sensor_drift_2,1495,1789845432.2783868,4687.0,126.45,725.3,4.36,103.57,0.0767,20.32,14.22,21.19,75.0,1500.0,15.2,healthy,0.0
fault_sensor_drift_2,1496,1789845433.2783868,4711.9,126.72,729.31,4.43,103.56,0.0646,20.28,14.24,20.93,75.0,1500.0,15.2,healthy,0.0
fault_sensor_drift_2,1497,1789845434.2783868,4691.0,126.61,730.72,4.44,103.56,0.0716,20.29,14.23,21.13,75.0,1500.0,15.2,healthy,0.0
fault_sensor_drift_2,1498,1789845435.2783868,4690.8,125.97,730.71,4.41,103.71,0.0763,20.31,14.16,21.24,75.0,1500.0,15.2,healthy,0.0
fault_sensor_drift_2,1499,1789845436.2783868,4701.8,126.21,731.03,4.32,103.73,0.0802,20.24,14.12,21.14,75.0,1500.0,15.2,healthy,0.0
fault_sensor_drift_2,1500,1789845437.2783868,4685.6,126.23,734.18,4.31,103.83,0.0824,20.3,14.14,21.1,75.0,1500.0,15.2,healthy,0.0
fault_sensor_drift_2,1501,1789845438.2783868,4687.9,126.56,735.78,4.3,104.01,0.0809,20.41,14.19,21.16,75.0,1500.0,15.2,healthy,0.0
fault_sensor_drift_2,1502,1789845439.2783868,4711.7,126.46,741.96,4.34,104.03,0.0768,20.39,14.23,21.42,75.0,1500.0,15.2,healthy,0.0
fault_sensor_drift_2,1503,1789845440.2783868,4709.5,126.15,739.86,4.37,104.05,0.0828,20.29,14.18,21.38,75.0,1500.0,15.2,healthy,0.0
fault_sensor_drift_2,1504,1789845441.2783868,4672.2,126.33,737.5,4.4,104.09,0.0764,20.08,14.21,21.45,75.0,1500.0,15.2,healthy,0.0
fault_sensor_drift_2,1505,1789845442.2783868,4692.3,126.57,730.03,4.44,104.24,0.0756,20.03,14.21,21.47,75.0,1500.0,15.2,healthy,0.0
fault_sensor_drift_2,1506,1789845443.2783868,4679.8,126.44,731.91,4.41,104.14,0.087,20.1,14.11,21.12,75.0,1500.0,15.2,healthy,0.0
fault_sensor_drift_2,1507,1789845444.2783868,4690.8,126.18,728.4,4.35,104.17,0.0897,20.09,14.1,21.06,75.0,1500.0,15.2,healthy,0.0
fault_sensor_drift_2,1508,1789845445.2783868,4697.8,126.06,728.46,4.31,104.06,0.0917,20.1,14.15,21.37,75.0,1500.0,15.2,healthy,0.0
fault_sensor_drift_2,1509,1789845446.2783868,4695.1,126.08,727.46,4.32,104.03,0.0858,20.29,14.16,20.8,75.0,1500.0,15.2,healthy,0.0
fault_sensor_drift_2,1510,1789845447.2783868,4696.2,126.1,727.79,4.29,104.14,0.0834,20.27,14.16,20.98,75.0,1500.0,15.2,healthy,0.0
fault_sensor_drift_2,1511,1789845448.2783868,4688.0,126.24,735.25,4.32,104.13,0.0812,20.27,14.18,21.12,75.0,1500.0,15.2,healthy,0.0
fault_sensor_drift_2,1512,1789845449.2783868,4695.7,126.17,734.79,4.34,104.35,0.0836,20.27,14.28,20.99,75.0,1500.0,15.2,healthy,0.0
fault_sensor_drift_2,1513,1789845450.2783868,4687.0,126.11,736.39,4.37,104.24,0.0784,20.16,14.3,20.87,75.0,1500.0,15.2,healthy,0.0
fault_sensor_drift_2,1514,1789845451.2783868,4673.3,126.13,733.15,4.37,104.35,0.0775,20.17,14.21,20.89,75.0,1500.0,15.2,healthy,0.0
fault_sensor_drift_2,1515,1789845452.2783868,4681.7,126.37,735.41,4.32,104.47,0.074,20.21,14.25,20.81,75.0,1500.0,15.2,healthy,0.0
fault_sensor_drift_2,1516,1789845453.2783868,4710.2,125.96,730.68,4.37,104.52,0.0758,20.32,14.17,21.22,75.0,1500.0,15.2,healthy,0.0
fault_sensor_drift_2,1517,1789845454.2783868,4672.9,125.73,735.5,4.39,104.5,0.0746,20.4,14.17,21.53,75.0,1500.0,15.2,healthy,0.0
fault_sensor_drift_2,1518,1789845455.2783868,4660.1,126.0,735.47,4.34,104.55,0.0731,20.36,14.17,21.45,75.0,1500.0,15.2,healthy,0.0
fault_sensor_drift_2,1519,1789845456.2783868,4664.5,126.32,734.08,4.4,104.56,0.0734,20.41,14.19,21.19,75.0,1500.0,15.2,healthy,0.0
fault_sensor_drift_2,1520,1789845457.2783868,4685.6,126.37,730.14,4.34,104.59,0.0687,20.44,14.13,21.38,75.0,1500.0,15.2,healthy,0.0
fault_sensor_drift_2,1521,1789845458.2783868,4685.2,126.42,731.32,4.26,104.6,0.0717,20.49,14.23,20.97,75.0,1500.0,15.2,healthy,0.0
fault_sensor_drift_2,1522,1789845459.2783868,4671.5,126.28,731.5,4.24,104.59,0.0676,20.5,14.25,21.06,75.0,1500.0,15.2,healthy,0.0
fault_sensor_drift_2,1523,1789845460.2783868,4670.5,126.27,729.92,4.27,104.54,0.073,20.45,14.2,21.07,75.0,1500.0,15.2,healthy,0.0
fault_sensor_drift_2,1524,1789845461.2783868,4680.3,126.46,734.98,4.33,104.51,0.0696,20.49,14.18,21.14,75.0,1500.0,15.2,healthy,0.0
fault_sensor_drift_2,1525,1789845462.2783868,4717.0,126.55,738.03,4.33,104.4,0.0737,20.5,14.14,21.35,75.0,1500.0,15.2,healthy,0.0
fault_sensor_drift_2,1526,1789845463.2783868,4700.5,127.11,737.68,4.28,104.45,0.0702,20.69,14.2,21.28,75.0,1500.0,15.2,healthy,0.0
fault_sensor_drift_2,1527,1789845464.2783868,4690.9,127.05,737.05,4.33,104.37,0.0724,20.55,14.18,21.33,75.0,1500.0,15.2,healthy,0.0
fault_sensor_drift_2,1528,1789845465.2783868,4700.1,126.83,739.56,4.33,104.37,0.0661,20.47,14.2,21.06,75.0,1500.0,15.2,healthy,0.0
fault_sensor_drift_2,1529,1789845466.2783868,4699.4,127.27,744.86,4.27,104.25,0.0697,20.56,14.28,21.16,75.0,1500.0,15.2,healthy,0.0
fault_sensor_drift_2,1530,1789845467.2783868,4713.3,127.27,740.47,4.3,104.14,0.0763,20.31,14.12,21.35,75.0,1500.0,15.2,healthy,0.0
fault_sensor_drift_2,1531,1789845468.2783868,4697.0,127.08,736.47,4.28,104.1,0.0702,20.34,14.08,21.16,75.0,1500.0,15.2,healthy,0.0
fault_sensor_drift_2,1532,1789845469.2783868,4701.8,127.31,736.26,4.26,104.08,0.0685,20.28,14.06,21.31,75.0,1500.0,15.2,healthy,0.0
fault_sensor_drift_2,1533,1789845470.2783868,4690.5,127.04,734.84,4.28,104.02,0.0657,20.35,14.11,21.38,75.0,1500.0,15.2,healthy,0.0
fault_sensor_drift_2,1534,1789845471.2783868,4691.3,127.18,733.39,4.27,104.11,0.0782,20.4,14.03,21.52,75.0,1500.0,15.2,healthy,0.0
fault_sensor_drift_2,1535,1789845472.2783868,4685.6,127.05,734.47,4.32,104.12,0.0813,20.36,14.0,21.33,75.0,1500.0,15.2,healthy,0.0
fault_sensor_drift_2,1536,1789845473.2783868,4683.5,126.87,736.76,4.31,104.02,0.0764,20.56,14.06,21.17,75.0,1500.0,15.2,healthy,0.0
fault_sensor_drift_2,1537,1789845474.2783868,4682.9,126.71,738.99,4.37,104.0,0.0717,20.66,14.13,21.07,75.0,1500.0,15.2,healthy,0.0
fault_sensor_drift_2,1538,1789845475.2783868,4685.9,126.52,745.22,4.46,103.94,0.07,20.71,14.02,20.87,75.0,1500.0,15.2,healthy,0.0
fault_sensor_drift_2,1539,1789845476.2783868,4691.9,126.3,742.54,4.43,103.95,0.0778,20.58,14.08,21.1,75.0,1500.0,15.2,healthy,0.0
fault_sensor_drift_2,1540,1789845477.2783868,4691.2,126.77,742.73,4.42,104.03,0.0786,20.42,14.13,21.23,75.0,1500.0,15.2,healthy,0.0
fault_sensor_drift_2,1541,1789845478.2783868,4719.7,126.73,743.38,4.44,103.96,0.0795,20.47,14.17,20.91,75.0,1500.0,15.2,healthy,0.0
fault_sensor_drift_2,1542,1789845479.2783868,4701.5,126.74,744.21,4.47,104.05,0.069,20.4,14.25,21.3,75.0,1500.0,15.2,healthy,0.0
fault_sensor_drift_2,1543,1789845480.2783868,4710.8,126.83,737.58,4.44,103.95,0.078,20.41,14.17,20.93,75.0,1500.0,15.2,healthy,0.0
fault_sensor_drift_2,1544,1789845481.2783868,4693.1,126.71,735.71,4.48,103.92,0.0766,20.5,14.18,21.39,75.0,1500.0,15.2,healthy,0.0
fault_sensor_drift_2,1545,1789845482.2783868,4692.5,126.59,733.73,4.44,103.99,0.0731,20.69,14.19,20.95,75.0,1500.0,15.2,healthy,0.0
fault_sensor_drift_2,1546,1789845483.2783868,4674.5,126.68,734.63,4.44,104.02,0.0663,20.54,14.09,20.72,75.0,1500.0,15.2,healthy,0.0
fault_sensor_drift_2,1547,1789845484.2783868,4655.1,126.53,733.62,4.39,104.04,0.0749,20.64,14.13,21.19,75.0,1500.0,15.2,healthy,0.0
fault_sensor_drift_2,1548,1789845485.2783868,4673.6,126.64,736.92,4.4,103.92,0.0707,20.44,14.05,21.22,75.0,1500.0,15.2,healthy,0.0
fault_sensor_drift_2,1549,1789845486.2783868,4653.1,126.68,735.69,4.48,103.82,0.0681,20.29,14.03,21.02,75.0,1500.0,15.2,healthy,0.0
fault_sensor_drift_2,1550,1789845487.2783868,4649.3,126.64,735.43,4.42,103.75,0.0717,20.2,13.92,21.45,75.0,1500.0,15.2,healthy,0.0
fault_sensor_drift_2,1551,1789845488.2783868,4643.5,126.82,736.33,4.46,103.79,0.069,20.2,13.87,21.31,75.0,1500.0,15.2,healthy,0.0
fault_sensor_drift_2,1552,1789845489.2783868,4662.0,126.91,741.45,4.44,103.85,0.0777,20.27,13.93,21.0,75.0,1500.0,15.2,healthy,0.0
fault_sensor_drift_2,1553,1789845490.2783868,4687.0,126.8,740.5,4.34,103.65,0.0866,20.23,13.96,21.28,75.0,1500.0,15.2,healthy,0.0
fault_sensor_drift_2,1554,1789845491.2783868,4682.7,126.57,741.72,4.37,103.64,0.0799,20.33,13.93,21.45,75.0,1500.0,15.2,healthy,0.0
fault_sensor_drift_2,1555,1789845492.2783868,4682.4,126.55,736.66,4.29,103.62,0.0665,20.42,13.94,21.29,75.0,1500.0,15.2,healthy,0.0
fault_sensor_drift_2,1556,1789845493.2783868,4702.4,126.53,734.37,4.31,103.78,0.0655,20.46,13.97,20.99,75.0,1500.0,15.2,healthy,0.0
fault_sensor_drift_2,1557,1789845494.2783868,4661.4,126.75,730.97,4.32,103.69,0.0705,20.58,14.01,20.95,75.0,1500.0,15.2,healthy,0.0
fault_sensor_drift_2,1558,1789845495.2783868,4664.4,127.02,732.02,4.34,103.79,0.0638,20.62,13.91,20.99,75.0,1500.0,15.2,healthy,0.0
fault_sensor_drift_2,1559,1789845496.2783868,4671.8,126.89,737.24,4.34,103.86,0.0695,20.45,13.95,21.13,75.0,1500.0,15.2,healthy,0.0
fault_sensor_drift_2,1560,1789845497.2783868,4723.0,126.61,734.6,4.32,103.94,0.0729,20.42,14.0,21.2,75.0,1500.0,15.2,healthy,0.0
fault_sensor_drift_2,1561,1789845498.2783868,4713.5,126.36,738.13,4.36,103.83,0.0741,20.29,14.08,20.97,75.0,1500.0,15.2,healthy,0.0
fault_sensor_drift_2,1562,1789845499.2783868,4725.4,126.43,737.09,4.33,103.86,0.0789,20.23,14.06,21.28,75.0,1500.0,15.2,healthy,0.0
fault_sensor_drift_2,1563,1789845500.2783868,4705.5,126.6,737.5,4.31,103.77,0.0782,20.17,14.1,21.07,75.0,1500.0,15.2,healthy,0.0
fault_sensor_drift_2,1564,1789845501.2783868,4675.9,126.23,741.02,4.35,103.86,0.0769,20.13,14.15,20.96,75.0,1500.0,15.2,healthy,0.0
fault_sensor_drift_2,1565,1789845502.2783868,4682.9,126.17,743.01,4.29,103.82,0.0746,20.06,14.16,21.16,75.0,1500.0,15.2,healthy,0.0
fault_sensor_drift_2,1566,1789845503.2783868,4686.9,126.21,736.42,4.34,103.71,0.0712,20.13,14.17,21.36,75.0,1500.0,15.2,healthy,0.0
fault_sensor_drift_2,1567,1789845504.2783868,4692.0,126.24,740.06,4.33,103.72,0.069,20.17,14.21,21.31,75.0,1500.0,15.2,healthy,0.0
fault_sensor_drift_2,1568,1789845505.2783868,4708.5,125.84,743.79,4.33,103.62,0.0669,20.2,14.2,21.32,75.0,1500.0,15.2,healthy,0.0
fault_sensor_drift_2,1569,1789845506.2783868,4693.3,125.68,742.59,4.35,103.53,0.0664,20.42,14.12,21.12,75.0,1500.0,15.2,healthy,0.0
fault_sensor_drift_2,1570,1789845507.2783868,4676.8,125.71,740.17,4.28,103.53,0.0679,20.52,14.13,21.35,75.0,1500.0,15.2,healthy,0.0
fault_sensor_drift_2,1571,1789845508.2783868,4698.4,125.59,736.78,4.36,103.47,0.0662,20.37,14.16,21.42,75.0,1500.0,15.2,healthy,0.0
fault_sensor_drift_2,1572,1789845509.2783868,4694.1,125.5,737.68,4.33,103.45,0.0795,20.31,14.16,21.51,75.0,1500.0,15.2,healthy,0.0
fault_sensor_drift_2,1573,1789845510.2783868,4719.9,126.01,738.09,4.33,103.6,0.0803,20.31,14.14,21.18,75.0,1500.0,15.2,healthy,0.0
fault_sensor_drift_2,1574,1789845511.2783868,4712.6,126.26,741.67,4.29,103.49,0.0768,20.22,14.09,21.11,75.0,1500.0,15.2,healthy,0.0
fault_sensor_drift_2,1575,1789845512.2783868,4693.5,126.48,738.61,4.29,103.47,0.0743,20.34,14.07,21.13,75.0,1500.0,15.2,healthy,0.0
fault_sensor_drift_2,1576,1789845513.2783868,4703.0,126.51,740.47,4.25,103.38,0.0646,20.11,14.05,20.99,75.0,1500.0,15.2,healthy,0.0
fault_sensor_drift_2,1577,1789845514.2783868,4703.9,126.82,740.18,4.23,103.35,0.0643,20.09,14.02,21.38,75.0,1500.0,15.2,healthy,0.0
fault_sensor_drift_2,1578,1789845515.2783868,4707.0,126.74,738.84,4.16,103.29,0.0817,20.11,14.02,21.52,75.0,1500.0,15.2,healthy,0.0
fault_sensor_drift_2,1579,1789845516.2783868,4670.3,126.77,733.74,4.14,103.29,0.0777,20.09,14.04,21.19,75.0,1500.0,15.2,healthy,0.0
fault_sensor_drift_2,1580,1789845517.2783868,4662.0,126.66,733.34,4.14,103.32,0.0752,20.22,14.06,21.14,75.0,1500.0,15.2,healthy,0.0
fault_sensor_drift_2,1581,1789845518.2783868,4683.3,126.73,732.24,4.22,103.43,0.079,20.3,14.09,21.22,75.0,1500.0,15.2,healthy,0.0
fault_sensor_drift_2,1582,1789845519.2783868,4721.0,126.85,732.09,4.22,103.61,0.0775,20.41,14.2,20.9,75.0,1500.0,15.2,healthy,0.0
fault_sensor_drift_2,1583,1789845520.2783868,4722.2,126.98,735.65,4.16,103.68,0.0754,20.53,14.34,20.93,75.0,1500.0,15.2,healthy,0.0
fault_sensor_drift_2,1584,1789845521.2783868,4722.4,127.01,734.48,4.24,103.53,0.0784,20.57,14.31,20.78,75.0,1500.0,15.2,healthy,0.0
fault_sensor_drift_2,1585,1789845522.2783868,4720.6,126.6,738.19,4.29,103.58,0.0752,20.57,14.41,21.17,75.0,1500.0,15.2,healthy,0.0
fault_sensor_drift_2,1586,1789845523.2783868,4715.7,126.84,736.03,4.27,103.64,0.0728,20.67,14.39,21.27,75.0,1500.0,15.2,healthy,0.0
fault_sensor_drift_2,1587,1789845524.2783868,4723.8,126.78,735.49,4.4,103.58,0.0668,20.65,14.51,20.9,75.0,1500.0,15.2,healthy,0.0
fault_sensor_drift_2,1588,1789845525.2783868,4705.8,126.76,739.32,4.35,103.39,0.0626,20.52,14.42,21.28,75.0,1500.0,15.2,healthy,0.0
fault_sensor_drift_2,1589,1789845526.2783868,4705.5,126.56,736.2,4.31,103.42,0.06,20.53,14.42,21.56,75.0,1500.0,15.2,healthy,0.0
fault_sensor_drift_2,1590,1789845527.2783868,4704.2,126.13,735.06,4.3,103.47,0.0639,20.48,14.33,21.61,75.0,1500.0,15.2,healthy,0.0
fault_sensor_drift_2,1591,1789845528.2783868,4705.4,125.99,732.81,4.28,103.37,0.0711,20.25,14.25,21.46,75.0,1500.0,15.2,healthy,0.0
fault_sensor_drift_2,1592,1789845529.2783868,4714.2,126.03,733.21,4.29,103.36,0.0692,20.35,14.17,21.2,75.0,1500.0,15.2,healthy,0.0
fault_sensor_drift_2,1593,1789845530.2783868,4720.2,125.86,733.89,4.32,103.47,0.0698,20.29,14.19,20.77,75.0,1500.0,15.2,healthy,0.0
fault_sensor_drift_2,1594,1789845531.2783868,4719.1,125.48,732.87,4.25,103.52,0.069,20.28,14.11,20.87,75.0,1500.0,15.2,healthy,0.0
fault_sensor_drift_2,1595,1789845532.2783868,4721.9,125.44,729.82,4.26,103.46,0.0699,20.22,14.07,21.1,75.0,1500.0,15.2,healthy,0.0
fault_sensor_drift_2,1596,1789845533.2783868,4716.1,125.46,736.0,4.32,103.38,0.0686,20.4,13.98,21.14,75.0,1500.0,15.2,healthy,0.0
fault_sensor_drift_2,1597,1789845534.2783868,4701.2,125.04,737.28,4.25,103.47,0.0696,20.3,14.04,21.04,75.0,1500.0,15.2,healthy,0.0
fault_sensor_drift_2,1598,1789845535.2783868,4685.3,125.02,734.88,4.17,103.54,0.0704,20.38,13.92,21.07,75.0,1500.0,15.2,healthy,0.0
fault_sensor_drift_2,1599,1789845536.2783868,4686.0,125.47,740.46,4.21,103.76,0.0717,20.39,13.92,21.21,75.0,1500.0,15.2,healthy,0.0
fault_sensor_drift_2,1600,1789845537.2783868,4668.6,125.5,746.89,4.24,103.92,0.0661,20.41,14.01,21.43,75.0,1500.0,15.2,healthy,0.0
fault_sensor_drift_2,1601,1789845538.2783868,4659.7,125.54,741.81,4.3,103.99,0.0723,20.54,14.09,21.67,75.0,1500.0,15.2,healthy,0.0
fault_sensor_drift_2,1602,1789845539.2783868,4673.0,125.78,740.51,4.32,104.01,0.0694,20.34,14.06,22.07,75.0,1500.0,15.2,healthy,0.0
fault_sensor_drift_2,1603,1789845540.2783868,4684.4,126.31,733.26,4.36,103.95,0.072,20.17,14.1,21.61,75.0,1500.0,15.2,healthy,0.0
fault_sensor_drift_2,1604,1789845541.2783868,4687.8,126.49,729.96,4.36,103.98,0.0711,20.18,14.16,21.16,75.0,1500.0,15.2,healthy,0.0
fault_sensor_drift_2,1605,1789845542.2783868,4678.4,126.33,738.94,4.39,103.9,0.0745,20.26,14.11,20.92,75.0,1500.0,15.2,healthy,0.0
fault_sensor_drift_2,1606,1789845543.2783868,4671.5,126.41,743.63,4.46,103.9,0.0727,20.25,14.12,21.2,75.0,1500.0,15.2,healthy,0.0
fault_sensor_drift_2,1607,1789845544.2783868,4669.6,126.58,744.53,4.51,103.76,0.0647,20.27,14.07,20.9,75.0,1500.0,15.2,healthy,0.0
fault_sensor_drift_2,1608,1789845545.2783868,4691.1,126.71,743.35,4.4,103.71,0.0622,20.26,14.03,20.81,75.0,1500.0,15.2,healthy,0.0
fault_sensor_drift_2,1609,1789845546.2783868,4697.7,126.9,744.01,4.44,103.86,0.0761,20.28,14.03,20.86,75.0,1500.0,15.2,healthy,0.0
fault_sensor_drift_2,1610,1789845547.2783868,4721.6,126.68,742.58,4.46,103.67,0.0811,20.2,14.06,21.23,75.0,1500.0,15.2,healthy,0.0
fault_sensor_drift_2,1611,1789845548.2783868,4724.4,126.59,738.35,4.37,103.59,0.0774,20.41,14.13,21.12,75.0,1500.0,15.2,healthy,0.0
fault_sensor_drift_2,1612,1789845549.2783868,4713.4,126.49,741.17,4.24,103.48,0.0645,20.51,14.2,21.03,75.0,1500.0,15.2,healthy,0.0
fault_sensor_drift_2,1613,1789845550.2783868,4707.1,126.5,738.97,4.29,103.5,0.0765,20.37,14.21,21.0,75.0,1500.0,15.2,healthy,0.0
fault_sensor_drift_2,1614,1789845551.2783868,4696.8,126.55,740.26,4.27,103.32,0.0698,20.19,14.19,21.28,75.0,1500.0,15.2,healthy,0.0
fault_sensor_drift_2,1615,1789845552.2783868,4686.4,126.45,740.07,4.33,103.34,0.0718,20.08,14.21,21.31,75.0,1500.0,15.2,healthy,0.0
fault_sensor_drift_2,1616,1789845553.2783868,4714.2,126.42,740.98,4.37,103.39,0.078,20.09,14.2,21.61,75.0,1500.0,15.2,healthy,0.0
fault_sensor_drift_2,1617,1789845554.2783868,4697.3,126.3,748.36,4.34,103.43,0.082,20.22,14.04,21.34,75.0,1500.0,15.2,healthy,0.0
fault_sensor_drift_2,1618,1789845555.2783868,4700.6,126.2,745.55,4.37,103.45,0.0789,20.45,14.1,21.11,75.0,1500.0,15.2,healthy,0.0
fault_sensor_drift_2,1619,1789845556.2783868,4711.5,126.27,748.19,4.51,103.43,0.0827,20.6,14.17,21.53,75.0,1500.0,15.2,healthy,0.0
fault_sensor_drift_2,1620,1789845557.2783868,4717.8,126.37,738.22,4.47,103.48,0.083,20.65,14.12,21.33,75.0,1500.0,15.2,healthy,0.0
fault_sensor_drift_2,1621,1789845558.2783868,4717.9,126.05,739.36,4.42,103.46,0.0815,20.5,14.26,21.45,75.0,1500.0,15.2,healthy,0.0
fault_sensor_drift_2,1622,1789845559.2783868,4709.1,126.14,738.48,4.31,103.51,0.0818,20.34,14.18,21.51,75.0,1500.0,15.2,healthy,0.0
fault_sensor_drift_2,1623,1789845560.2783868,4742.6,126.43,737.5,4.35,103.5,0.0821,20.21,14.21,21.28,75.0,1500.0,15.2,healthy,0.0
fault_sensor_drift_2,1624,1789845561.2783868,4737.8,126.74,737.0,4.33,103.72,0.0804,20.38,14.15,21.32,75.0,1500.0,15.2,healthy,0.0
fault_sensor_drift_2,1625,1789845562.2783868,4738.4,126.87,733.25,4.36,103.54,0.0787,20.29,14.06,21.28,75.0,1500.0,15.2,healthy,0.0
fault_sensor_drift_2,1626,1789845563.2783868,4732.8,126.6,740.22,4.32,103.57,0.0816,20.32,14.12,20.92,75.0,1500.0,15.2,healthy,0.0
fault_sensor_drift_2,1627,1789845564.2783868,4712.7,126.5,741.95,4.29,103.55,0.0798,20.32,14.13,21.09,75.0,1500.0,15.2,healthy,0.0
fault_sensor_drift_2,1628,1789845565.2783868,4726.9,126.38,741.37,4.29,103.56,0.0711,20.34,14.11,20.8,75.0,1500.0,15.2,healthy,0.0
fault_sensor_drift_2,1629,1789845566.2783868,4724.0,126.44,743.8,4.38,103.41,0.07,20.38,14.13,20.57,75.0,1500.0,15.2,healthy,0.0
fault_sensor_drift_2,1630,1789845567.2783868,4731.9,126.32,747.0,4.37,103.37,0.0814,20.41,14.19,20.88,75.0,1500.0,15.2,healthy,0.0
fault_sensor_drift_2,1631,1789845568.2783868,4735.2,126.18,747.34,4.45,103.32,0.0695,20.45,14.21,21.11,75.0,1500.0,15.2,healthy,0.0
fault_sensor_drift_2,1632,1789845569.2783868,4751.2,126.37,745.07,4.52,103.3,0.0686,20.34,14.17,21.19,75.0,1500.0,15.2,healthy,0.0
fault_sensor_drift_2,1633,1789845570.2783868,4759.2,126.1,741.9,4.53,103.19,0.0611,20.31,14.13,21.03,75.0,1500.0,15.2,healthy,0.0
fault_sensor_drift_2,1634,1789845571.2783868,4727.0,126.35,743.39,4.48,103.28,0.0706,20.26,14.18,21.33,75.0,1500.0,15.2,healthy,0.0
fault_sensor_drift_2,1635,1789845572.2783868,4699.2,126.55,741.46,4.47,103.22,0.0643,20.18,14.17,21.3,75.0,1500.0,15.2,healthy,0.0
fault_sensor_drift_2,1636,1789845573.2783868,4703.2,126.32,740.22,4.42,103.29,0.0724,20.07,14.18,21.14,75.0,1500.0,15.2,healthy,0.0
fault_sensor_drift_2,1637,1789845574.2783868,4699.0,126.16,736.27,4.43,103.17,0.0726,20.34,14.18,20.93,75.0,1500.0,15.2,healthy,0.0
fault_sensor_drift_2,1638,1789845575.2783868,4664.2,125.96,738.38,4.4,102.96,0.0761,20.23,14.06,21.06,75.0,1500.0,15.2,healthy,0.0
fault_sensor_drift_2,1639,1789845576.2783868,4667.8,125.98,743.13,4.4,103.03,0.0584,20.2,14.14,21.02,75.0,1500.0,15.2,healthy,0.0
fault_sensor_drift_2,1640,1789845577.2783868,4673.9,125.94,744.67,4.41,103.13,0.064,20.2,14.07,20.71,75.0,1500.0,15.2,healthy,0.0
fault_sensor_drift_2,1641,1789845578.2783868,4701.7,125.87,739.79,4.46,103.28,0.0718,20.07,14.05,20.79,75.0,1500.0,15.2,healthy,0.0
fault_sensor_drift_2,1642,1789845579.2783868,4692.7,125.79,742.05,4.53,103.17,0.0695,20.23,14.08,20.96,75.0,1500.0,15.2,healthy,0.0
fault_sensor_drift_2,1643,1789845580.2783868,4673.1,125.99,741.54,4.44,103.06,0.0622,20.18,14.09,20.78,75.0,1500.0,15.2,healthy,0.0
fault_sensor_drift_2,1644,1789845581.2783868,4704.6,126.01,739.45,4.44,103.11,0.0695,20.14,14.16,21.01,75.0,1500.0,15.2,healthy,0.0
fault_sensor_drift_2,1645,1789845582.2783868,4708.3,126.15,739.33,4.4,103.3,0.0686,20.09,14.08,21.24,75.0,1500.0,15.2,healthy,0.0
fault_sensor_drift_2,1646,1789845583.2783868,4682.5,125.95,739.61,4.34,103.15,0.0738,20.13,14.1,21.28,75.0,1500.0,15.2,healthy,0.0
fault_sensor_drift_2,1647,1789845584.2783868,4643.6,126.17,739.41,4.35,103.27,0.0848,20.19,14.11,21.68,75.0,1500.0,15.2,healthy,0.0
fault_sensor_drift_2,1648,1789845585.2783868,4660.6,125.81,739.25,4.32,103.31,0.0811,20.25,14.13,21.34,75.0,1500.0,15.2,healthy,0.0
fault_sensor_drift_2,1649,1789845586.2783868,4648.2,125.93,739.42,4.4,103.33,0.0733,20.15,14.14,21.3,75.0,1500.0,15.2,healthy,0.0
fault_sensor_drift_2,1650,1789845587.2783868,4639.7,126.37,739.02,4.41,103.33,0.075,20.25,14.19,21.31,75.0,1500.0,15.2,healthy,0.0
fault_sensor_drift_2,1651,1789845588.2783868,4649.6,126.59,731.56,4.44,103.39,0.0595,20.17,14.26,21.23,75.0,1500.0,15.2,healthy,0.0
fault_sensor_drift_2,1652,1789845589.2783868,4661.4,126.35,734.05,4.36,103.39,0.0651,20.29,14.28,21.35,75.0,1500.0,15.2,healthy,0.0
fault_sensor_drift_2,1653,1789845590.2783868,4672.9,126.47,735.3,4.39,103.51,0.074,20.37,14.27,21.42,75.0,1500.0,15.2,healthy,0.0
fault_sensor_drift_2,1654,1789845591.2783868,4656.4,126.48,737.08,4.38,103.57,0.0755,20.36,14.26,21.13,75.0,1500.0,15.2,healthy,0.0
fault_sensor_drift_2,1655,1789845592.2783868,4645.0,126.51,736.27,4.28,103.51,0.0761,20.32,14.31,21.1,75.0,1500.0,15.2,healthy,0.0
fault_sensor_drift_2,1656,1789845593.2783868,4643.0,126.77,735.48,4.25,103.54,0.0698,20.42,14.28,21.5,75.0,1500.0,15.2,healthy,0.0
fault_sensor_drift_2,1657,1789845594.2783868,4664.6,126.78,737.63,4.27,103.53,0.0747,20.44,14.28,21.11,75.0,1500.0,15.2,healthy,0.0
fault_sensor_drift_2,1658,1789845595.2783868,4653.8,126.7,738.31,4.32,103.41,0.0756,20.5,14.22,21.21,75.0,1500.0,15.2,healthy,0.0
fault_sensor_drift_2,1659,1789845596.2783868,4669.9,126.57,736.42,4.34,103.53,0.0803,20.55,14.14,21.12,75.0,1500.0,15.2,healthy,0.0
fault_sensor_drift_2,1660,1789845597.2783868,4671.2,126.51,736.74,4.35,103.42,0.0716,20.62,14.15,21.2,75.0,1500.0,15.2,healthy,0.0
fault_sensor_drift_2,1661,1789845598.2783868,4627.0,126.78,738.69,4.32,103.54,0.0725,20.5,14.12,21.28,75.0,1500.0,15.2,healthy,0.0
fault_sensor_drift_2,1662,1789845599.2783868,4636.0,126.94,742.02,4.39,103.74,0.0726,20.59,14.16,21.42,75.0,1500.0,15.2,healthy,0.0
fault_sensor_drift_2,1663,1789845600.2783868,4634.8,126.7,738.12,4.43,103.62,0.073,20.63,14.09,21.0,75.0,1500.0,15.2,healthy,0.0
fault_sensor_drift_2,1664,1789845601.2783868,4644.8,126.63,737.35,4.41,103.78,0.0744,20.6,14.06,21.12,75.0,1500.0,15.2,healthy,0.0
fault_sensor_drift_2,1665,1789845602.2783868,4651.1,126.57,739.56,4.29,103.95,0.0772,20.64,13.98,21.28,75.0,1500.0,15.2,healthy,0.0
fault_sensor_drift_2,1666,1789845603.2783868,4651.5,126.67,743.44,4.23,103.82,0.0707,20.47,13.91,21.13,75.0,1500.0,15.2,healthy,0.0
fault_sensor_drift_2,1667,1789845604.2783868,4681.4,126.51,741.75,4.32,104.05,0.0717,20.36,13.98,20.93,75.0,1500.0,15.2,healthy,0.0
fault_sensor_drift_2,1668,1789845605.2783868,4700.1,126.32,746.16,4.4,104.16,0.0728,20.5,13.98,20.97,75.0,1500.0,15.2,healthy,0.0
fault_sensor_drift_2,1669,1789845606.2783868,4712.1,126.08,745.05,4.47,104.18,0.0704,20.41,14.06,20.96,75.0,1500.0,15.2,healthy,0.0
fault_sensor_drift_2,1670,1789845607.2783868,4690.3,126.0,739.58,4.33,104.2,0.0708,20.46,14.14,21.28,75.0,1500.0,15.2,healthy,0.0
fault_sensor_drift_2,1671,1789845608.2783868,4682.3,126.11,742.13,4.33,104.11,0.0686,20.45,14.11,21.5,75.0,1500.0,15.2,healthy,0.0
fault_sensor_drift_2,1672,1789845609.2783868,4692.2,125.99,742.73,4.32,104.28,0.068,20.53,14.09,21.44,75.0,1500.0,15.2,healthy,0.0
fault_sensor_drift_2,1673,1789845610.2783868,4688.4,125.77,743.41,4.34,104.36,0.0683,20.44,14.07,21.41,75.0,1500.0,15.2,healthy,0.0
fault_sensor_drift_2,1674,1789845611.2783868,4686.7,125.63,738.83,4.33,104.47,0.0661,20.34,14.08,21.37,75.0,1500.0,15.2,healthy,0.0
fault_sensor_drift_2,1675,1789845612.2783868,4695.3,125.55,739.59,4.3,104.49,0.0645,20.29,14.09,21.52,75.0,1500.0,15.2,healthy,0.0
fault_sensor_drift_2,1676,1789845613.2783868,4677.1,125.63,734.1,4.3,104.33,0.065,20.27,14.03,21.29,75.0,1500.0,15.2,healthy,0.0
fault_sensor_drift_2,1677,1789845614.2783868,4686.1,125.71,735.31,4.3,104.2,0.0715,20.25,14.03,21.35,75.0,1500.0,15.2,healthy,0.0
fault_sensor_drift_2,1678,1789845615.2783868,4675.5,125.67,736.41,4.37,104.17,0.0723,20.42,14.0,21.06,75.0,1500.0,15.2,healthy,0.0
fault_sensor_drift_2,1679,1789845616.2783868,4662.2,126.1,737.77,4.31,104.09,0.0704,20.33,13.96,20.95,75.0,1500.0,15.2,healthy,0.0
fault_sensor_drift_2,1680,1789845617.2783868,4647.4,126.16,741.07,4.42,104.05,0.0655,20.47,13.92,20.96,75.0,1500.0,15.2,healthy,0.0
fault_sensor_drift_2,1681,1789845618.2783868,4643.6,126.19,742.01,4.3,104.15,0.0665,20.3,14.06,20.9,75.0,1500.0,15.2,healthy,0.0
fault_sensor_drift_2,1682,1789845619.2783868,4671.2,126.12,744.26,4.31,103.96,0.0712,20.29,14.09,20.94,75.0,1500.0,15.2,healthy,0.0
fault_sensor_drift_2,1683,1789845620.2783868,4693.1,126.29,750.02,4.34,103.98,0.0755,20.1,14.18,21.32,75.0,1500.0,15.2,healthy,0.0
fault_sensor_drift_2,1684,1789845621.2783868,4690.1,126.44,741.25,4.34,103.97,0.0844,20.09,14.22,21.34,75.0,1500.0,15.2,healthy,0.0
fault_sensor_drift_2,1685,1789845622.2783868,4693.4,126.82,741.81,4.29,104.0,0.0766,20.08,14.18,21.74,75.0,1500.0,15.2,healthy,0.0
fault_sensor_drift_2,1686,1789845623.2783868,4695.2,126.99,741.66,4.26,104.02,0.0688,20.25,14.18,21.7,75.0,1500.0,15.2,healthy,0.0
fault_sensor_drift_2,1687,1789845624.2783868,4685.6,126.78,740.74,4.26,104.08,0.0753,20.37,14.14,21.36,75.0,1500.0,15.2,healthy,0.0
fault_sensor_drift_2,1688,1789845625.2783868,4695.3,126.73,740.36,4.32,104.05,0.0656,20.33,14.24,20.91,75.0,1500.0,15.2,healthy,0.0
fault_sensor_drift_2,1689,1789845626.2783868,4702.8,126.84,744.37,4.38,104.02,0.064,20.34,14.24,21.15,75.0,1500.0,15.2,healthy,0.0
fault_sensor_drift_2,1690,1789845627.2783868,4708.9,126.86,745.96,4.36,104.11,0.0657,20.52,14.14,21.3,75.0,1500.0,15.2,healthy,0.0
fault_sensor_drift_2,1691,1789845628.2783868,4703.3,126.85,744.05,4.45,104.01,0.0698,20.33,14.14,20.85,75.0,1500.0,15.2,healthy,0.0
fault_sensor_drift_2,1692,1789845629.2783868,4704.7,126.62,746.56,4.37,104.11,0.0633,20.31,14.08,20.7,75.0,1500.0,15.2,healthy,0.0
fault_sensor_drift_2,1693,1789845630.2783868,4691.2,126.51,746.77,4.38,104.07,0.0661,20.23,14.09,21.17,75.0,1500.0,15.2,healthy,0.0
fault_sensor_drift_2,1694,1789845631.2783868,4712.6,126.52,749.22,4.28,104.25,0.0715,20.27,14.07,21.29,75.0,1500.0,15.2,healthy,0.0
fault_sensor_drift_2,1695,1789845632.2783868,4684.0,126.87,745.63,4.32,104.25,0.0619,20.23,14.03,21.21,75.0,1500.0,15.2,healthy,0.0
fault_sensor_drift_2,1696,1789845633.2783868,4685.7,127.24,743.57,4.33,104.23,0.0744,20.28,14.03,21.43,75.0,1500.0,15.2,healthy,0.0
fault_sensor_drift_2,1697,1789845634.2783868,4709.5,127.47,741.24,4.34,104.21,0.074,20.32,14.1,21.44,75.0,1500.0,15.2,healthy,0.0
fault_sensor_drift_2,1698,1789845635.2783868,4686.8,127.38,740.79,4.37,104.08,0.0716,20.19,14.12,21.29,75.0,1500.0,15.2,healthy,0.0
fault_sensor_drift_2,1699,1789845636.2783868,4688.4,127.21,738.06,4.47,104.04,0.0689,20.38,14.08,21.09,75.0,1500.0,15.2,healthy,0.0
fault_sensor_drift_2,1700,1789845637.2783868,4670.9,127.17,739.0,4.41,104.12,0.0799,20.28,14.11,20.8,75.0,1500.0,15.2,healthy,0.0
fault_sensor_drift_2,1701,1789845638.2783868,4681.3,126.94,743.0,4.34,104.14,0.0826,20.32,14.06,21.41,75.0,1500.0,15.2,healthy,0.0
fault_sensor_drift_2,1702,1789845639.2783868,4691.8,127.16,745.84,4.3,104.07,0.0729,20.21,14.13,21.7,75.0,1500.0,15.2,healthy,0.0
fault_sensor_drift_2,1703,1789845640.2783868,4703.6,127.0,749.1,4.3,104.26,0.0793,20.29,14.18,21.42,75.0,1500.0,15.2,healthy,0.0
fault_sensor_drift_2,1704,1789845641.2783868,4689.4,127.06,749.87,4.38,104.22,0.075,20.33,14.27,21.36,75.0,1500.0,15.2,healthy,0.0
fault_sensor_drift_2,1705,1789845642.2783868,4720.9,127.48,746.3,4.36,104.21,0.076,20.2,14.22,21.39,75.0,1500.0,15.2,healthy,0.0
fault_sensor_drift_2,1706,1789845643.2783868,4702.9,127.3,744.88,4.27,104.22,0.0671,20.26,14.3,21.43,75.0,1500.0,15.2,healthy,0.0
fault_sensor_drift_2,1707,1789845644.2783868,4688.4,127.46,745.15,4.32,104.13,0.0635,20.16,14.29,21.28,75.0,1500.0,15.2,healthy,0.0
fault_sensor_drift_2,1708,1789845645.2783868,4677.0,127.5,745.32,4.33,104.12,0.0647,20.2,14.34,21.37,75.0,1500.0,15.2,healthy,0.0
fault_sensor_drift_2,1709,1789845646.2783868,4694.5,127.23,745.92,4.3,104.09,0.0787,20.28,14.31,21.43,75.0,1500.0,15.2,healthy,0.0
fault_sensor_drift_2,1710,1789845647.2783868,4705.3,127.25,739.8,4.23,104.07,0.079,20.31,14.24,21.25,75.0,1500.0,15.2,healthy,0.0
fault_sensor_drift_2,1711,1789845648.2783868,4697.3,126.93,741.41,4.32,103.97,0.0783,20.3,14.19,21.44,75.0,1500.0,15.2,healthy,0.0
fault_sensor_drift_2,1712,1789845649.2783868,4674.3,126.64,742.66,4.42,103.73,0.0706,20.31,14.23,21.2,75.0,1500.0,15.2,healthy,0.0
fault_sensor_drift_2,1713,1789845650.2783868,4675.5,126.82,742.21,4.38,103.72,0.0735,20.27,14.24,21.56,75.0,1500.0,15.2,healthy,0.0
fault_sensor_drift_2,1714,1789845651.2783868,4660.1,126.62,744.96,4.39,103.66,0.0681,20.36,14.27,21.06,75.0,1500.0,15.2,healthy,0.0
fault_sensor_drift_2,1715,1789845652.2783868,4653.7,126.65,747.47,4.42,103.59,0.0609,20.53,14.28,21.0,75.0,1500.0,15.2,healthy,0.0
fault_sensor_drift_2,1716,1789845653.2783868,4660.4,126.35,740.83,4.46,103.64,0.0694,20.45,14.28,21.16,75.0,1500.0,15.2,healthy,0.0
fault_sensor_drift_2,1717,1789845654.2783868,4699.3,126.12,736.68,4.42,103.79,0.0665,20.44,14.22,21.18,75.0,1500.0,15.2,healthy,0.0
fault_sensor_drift_2,1718,1789845655.2783868,4690.3,126.22,738.78,4.36,103.7,0.0774,20.14,14.3,21.17,75.0,1500.0,15.2,healthy,0.0
fault_sensor_drift_2,1719,1789845656.2783868,4664.9,126.5,739.18,4.35,103.86,0.0748,20.05,14.3,21.18,75.0,1500.0,15.2,healthy,0.0
fault_sensor_drift_2,1720,1789845657.2783868,4692.0,126.56,740.41,4.43,103.88,0.0642,20.35,14.21,21.16,75.0,1500.0,15.2,healthy,0.0
fault_sensor_drift_2,1721,1789845658.2783868,4697.5,126.89,734.2,4.4,103.95,0.0658,20.33,14.17,20.54,75.0,1500.0,15.2,healthy,0.0
fault_sensor_drift_2,1722,1789845659.2783868,4705.3,126.57,727.45,4.39,103.95,0.0699,20.2,14.26,20.88,75.0,1500.0,15.2,healthy,0.0
fault_sensor_drift_2,1723,1789845660.2783868,4707.2,126.23,725.18,4.46,103.88,0.0698,20.18,14.28,20.74,75.0,1500.0,15.2,healthy,0.0
fault_sensor_drift_2,1724,1789845661.2783868,4717.2,126.26,728.11,4.36,103.94,0.0654,20.08,14.26,21.41,75.0,1500.0,15.2,healthy,0.0
fault_sensor_drift_2,1725,1789845662.2783868,4690.6,126.29,733.47,4.3,103.97,0.063,20.1,14.2,21.39,75.0,1500.0,15.2,healthy,0.0
fault_sensor_drift_2,1726,1789845663.2783868,4688.7,126.42,741.39,4.27,104.0,0.0694,20.17,14.16,20.88,75.0,1500.0,15.2,healthy,0.0
fault_sensor_drift_2,1727,1789845664.2783868,4683.6,126.58,737.99,4.29,103.91,0.0724,20.39,14.16,21.21,75.0,1500.0,15.2,healthy,0.0
fault_sensor_drift_2,1728,1789845665.2783868,4665.1,126.57,740.75,4.35,103.89,0.0762,20.4,14.12,21.31,75.0,1500.0,15.2,healthy,0.0
fault_sensor_drift_2,1729,1789845666.2783868,4661.6,126.73,740.89,4.26,103.86,0.0706,20.35,14.07,21.3,75.0,1500.0,15.2,healthy,0.0
fault_sensor_drift_2,1730,1789845667.2783868,4645.8,127.13,738.49,4.29,103.85,0.0722,20.35,14.04,21.46,75.0,1500.0,15.2,healthy,0.0
fault_sensor_drift_2,1731,1789845668.2783868,4646.2,127.21,738.94,4.24,104.03,0.0794,20.33,13.99,21.52,75.0,1500.0,15.2,healthy,0.0
fault_sensor_drift_2,1732,1789845669.2783868,4652.8,127.3,739.13,4.24,103.86,0.0711,20.31,13.96,21.26,75.0,1500.0,15.2,healthy,0.0
fault_sensor_drift_2,1733,1789845670.2783868,4622.8,127.02,739.29,4.35,103.88,0.081,20.28,14.01,21.59,75.0,1500.0,15.2,healthy,0.0
fault_sensor_drift_2,1734,1789845671.2783868,4638.8,126.81,737.1,4.39,103.88,0.0824,20.24,13.98,21.13,75.0,1500.0,15.2,healthy,0.0
fault_sensor_drift_2,1735,1789845672.2783868,4663.9,126.7,736.42,4.36,103.82,0.0836,20.2,14.01,21.38,75.0,1500.0,15.2,healthy,0.0
fault_sensor_drift_2,1736,1789845673.2783868,4666.6,127.17,739.64,4.38,103.74,0.081,20.12,14.06,21.33,75.0,1500.0,15.2,healthy,0.0
fault_sensor_drift_2,1737,1789845674.2783868,4661.9,127.25,738.49,4.35,103.86,0.081,20.25,14.05,20.99,75.0,1500.0,15.2,healthy,0.0
fault_sensor_drift_2,1738,1789845675.2783868,4686.6,127.28,739.29,4.36,103.77,0.0805,20.45,14.05,21.11,75.0,1500.0,15.2,healthy,0.0
fault_sensor_drift_2,1739,1789845676.2783868,4704.2,127.63,737.8,4.42,103.78,0.0908,20.23,14.09,20.88,75.0,1500.0,15.2,healthy,0.0
fault_sensor_drift_2,1740,1789845677.2783868,4728.6,127.71,742.53,4.35,103.72,0.0784,20.25,14.09,20.75,75.0,1500.0,15.2,healthy,0.0
fault_sensor_drift_2,1741,1789845678.2783868,4703.1,127.62,737.52,4.34,103.69,0.0795,20.33,14.17,20.8,75.0,1500.0,15.2,healthy,0.0
fault_sensor_drift_2,1742,1789845679.2783868,4680.0,127.31,738.11,4.4,103.52,0.0801,20.17,14.21,20.82,75.0,1500.0,15.2,healthy,0.0
fault_sensor_drift_2,1743,1789845680.2783868,4700.5,126.87,738.79,4.39,103.6,0.074,20.24,14.13,21.04,75.0,1500.0,15.2,healthy,0.0
fault_sensor_drift_2,1744,1789845681.2783868,4679.2,126.92,738.08,4.38,103.53,0.0751,20.25,14.1,21.07,75.0,1500.0,15.2,healthy,0.0
fault_sensor_drift_2,1745,1789845682.2783868,4680.0,127.02,735.49,4.45,103.65,0.0683,20.58,14.1,21.24,75.0,1500.0,15.2,healthy,0.0
fault_sensor_drift_2,1746,1789845683.2783868,4667.8,127.36,740.13,4.37,103.87,0.0713,20.46,14.08,21.38,75.0,1500.0,15.2,healthy,0.0
fault_sensor_drift_2,1747,1789845684.2783868,4668.1,127.13,742.53,4.31,103.58,0.0761,20.36,14.09,21.26,75.0,1500.0,15.2,healthy,0.0
fault_sensor_drift_2,1748,1789845685.2783868,4648.5,127.2,737.93,4.27,103.48,0.0775,20.28,14.08,21.15,75.0,1500.0,15.2,healthy,0.0
fault_sensor_drift_2,1749,1789845686.2783868,4664.7,127.21,744.56,4.31,103.43,0.0714,20.22,14.02,20.91,75.0,1500.0,15.2,healthy,0.0
fault_sensor_drift_2,1750,1789845687.2783868,4685.6,127.34,743.14,4.33,103.46,0.0648,20.28,14.12,21.1,75.0,1500.0,15.2,healthy,0.0
fault_sensor_drift_2,1751,1789845688.2783868,4691.2,127.48,745.62,4.33,103.53,0.0703,20.22,14.1,20.97,75.0,1500.0,15.2,healthy,0.0
fault_sensor_drift_2,1752,1789845689.2783868,4697.9,127.34,747.75,4.32,103.51,0.0819,20.25,14.15,20.98,75.0,1500.0,15.2,healthy,0.0
fault_sensor_drift_2,1753,1789845690.2783868,4697.3,127.19,742.9,4.41,103.38,0.0748,20.35,14.15,21.32,75.0,1500.0,15.2,healthy,0.0
fault_sensor_drift_2,1754,1789845691.2783868,4673.2,127.04,744.45,4.41,103.48,0.0742,20.28,14.16,21.1,75.0,1500.0,15.2,healthy,0.0
fault_sensor_drift_2,1755,1789845692.2783868,4702.1,127.32,743.04,4.37,103.38,0.0723,20.33,14.16,20.95,75.0,1500.0,15.2,healthy,0.0
fault_sensor_drift_2,1756,1789845693.2783868,4668.6,127.43,742.06,4.38,103.48,0.0673,20.42,14.12,21.19,75.0,1500.0,15.2,healthy,0.0
fault_sensor_drift_2,1757,1789845694.2783868,4695.7,127.19,745.0,4.33,103.46,0.0575,20.52,14.06,21.04,75.0,1500.0,15.2,healthy,0.0
fault_sensor_drift_2,1758,1789845695.2783868,4681.8,127.17,740.7,4.32,103.46,0.0586,20.56,14.02,21.14,75.0,1500.0,15.2,healthy,0.0
fault_sensor_drift_2,1759,1789845696.2783868,4676.2,127.29,740.76,4.35,103.38,0.058,20.35,14.06,21.28,75.0,1500.0,15.2,healthy,0.0
fault_sensor_drift_2,1760,1789845697.2783868,4687.2,127.41,745.71,4.38,103.29,0.0517,20.32,14.15,21.09,75.0,1500.0,15.2,healthy,0.0
fault_sensor_drift_2,1761,1789845698.2783868,4694.2,127.47,745.04,4.33,103.28,0.0627,20.16,14.17,21.11,75.0,1500.0,15.2,healthy,0.0
fault_sensor_drift_2,1762,1789845699.2783868,4702.1,127.6,739.65,4.27,103.33,0.0607,20.05,14.22,21.11,75.0,1500.0,15.2,healthy,0.0
fault_sensor_drift_2,1763,1789845700.2783868,4723.5,127.39,739.74,4.28,103.4,0.0679,19.98,14.13,20.96,75.0,1500.0,15.2,healthy,0.0
fault_sensor_drift_2,1764,1789845701.2783868,4711.0,127.26,739.73,4.22,103.37,0.0648,20.06,14.13,20.84,75.0,1500.0,15.2,healthy,0.0
fault_sensor_drift_2,1765,1789845702.2783868,4713.5,127.15,739.77,4.17,103.4,0.0667,20.24,14.1,21.26,75.0,1500.0,15.2,healthy,0.0
fault_sensor_drift_2,1766,1789845703.2783868,4724.0,126.89,743.99,4.17,103.35,0.0632,20.25,14.11,21.33,75.0,1500.0,15.2,healthy,0.0
fault_sensor_drift_2,1767,1789845704.2783868,4707.8,126.83,745.57,4.24,103.48,0.0728,20.24,14.03,21.27,75.0,1500.0,15.2,healthy,0.0
fault_sensor_drift_2,1768,1789845705.2783868,4723.5,126.86,745.34,4.32,103.66,0.0713,20.27,14.06,21.41,75.0,1500.0,15.2,healthy,0.0
fault_sensor_drift_2,1769,1789845706.2783868,4728.9,126.7,744.08,4.35,103.56,0.073,20.41,14.05,21.45,75.0,1500.0,15.2,healthy,0.0
fault_sensor_drift_2,1770,1789845707.2783868,4725.9,126.47,743.19,4.36,103.53,0.0763,20.4,14.04,21.16,75.0,1500.0,15.2,healthy,0.0
fault_sensor_drift_2,1771,1789845708.2783868,4740.2,126.39,747.53,4.29,103.64,0.0778,20.35,14.03,21.07,75.0,1500.0,15.2,healthy,0.0
fault_sensor_drift_2,1772,1789845709.2783868,4741.0,126.17,747.85,4.3,103.74,0.0744,20.48,14.07,21.47,75.0,1500.0,15.2,healthy,0.0
fault_sensor_drift_2,1773,1789845710.2783868,4713.3,126.12,748.96,4.31,103.64,0.0687,20.38,14.04,21.34,75.0,1500.0,15.2,healthy,0.0
fault_sensor_drift_2,1774,1789845711.2783868,4716.1,126.29,750.35,4.36,103.52,0.0711,20.39,14.09,21.48,75.0,1500.0,15.2,healthy,0.0
fault_sensor_drift_2,1775,1789845712.2783868,4707.8,126.75,750.06,4.38,103.46,0.078,20.35,14.06,21.2,75.0,1500.0,15.2,healthy,0.0
fault_sensor_drift_2,1776,1789845713.2783868,4726.4,126.54,746.85,4.43,103.61,0.0684,20.3,14.01,20.96,75.0,1500.0,15.2,healthy,0.0
fault_sensor_drift_2,1777,1789845714.2783868,4747.6,126.48,749.32,4.37,103.52,0.0659,20.44,14.1,21.06,75.0,1500.0,15.2,healthy,0.0
fault_sensor_drift_2,1778,1789845715.2783868,4747.3,126.71,747.01,4.42,103.49,0.0658,20.43,14.12,21.16,75.0,1500.0,15.2,healthy,0.0
fault_sensor_drift_2,1779,1789845716.2783868,4737.6,126.59,744.05,4.39,103.5,0.0633,20.41,14.06,21.4,75.0,1500.0,15.2,healthy,0.0
fault_sensor_drift_2,1780,1789845717.2783868,4716.2,126.53,741.22,4.47,103.58,0.0691,20.51,14.01,21.2,75.0,1500.0,15.2,healthy,0.0
fault_sensor_drift_2,1781,1789845718.2783868,4740.0,126.53,742.86,4.33,103.67,0.0653,20.38,13.99,21.42,75.0,1500.0,15.2,healthy,0.0
fault_sensor_drift_2,1782,1789845719.2783868,4744.3,126.79,738.13,4.31,103.78,0.0805,20.28,13.98,21.37,75.0,1500.0,15.2,healthy,0.0
fault_sensor_drift_2,1783,1789845720.2783868,4750.3,126.83,741.07,4.35,103.75,0.0789,20.24,14.06,21.31,75.0,1500.0,15.2,healthy,0.0
fault_sensor_drift_2,1784,1789845721.2783868,4752.8,126.68,739.74,4.42,103.73,0.0764,20.3,14.14,21.18,75.0,1500.0,15.2,healthy,0.0
fault_sensor_drift_2,1785,1789845722.2783868,4722.7,126.36,737.58,4.28,103.58,0.0742,20.24,14.17,20.84,75.0,1500.0,15.2,healthy,0.0
fault_sensor_drift_2,1786,1789845723.2783868,4751.9,126.51,740.19,4.34,103.37,0.0656,20.27,14.19,21.07,75.0,1500.0,15.2,healthy,0.0
fault_sensor_drift_2,1787,1789845724.2783868,4718.4,126.71,741.59,4.31,103.47,0.0718,20.37,14.24,21.01,75.0,1500.0,15.2,healthy,0.0
fault_sensor_drift_2,1788,1789845725.2783868,4715.5,126.75,742.57,4.35,103.36,0.0689,20.33,14.18,21.62,75.0,1500.0,15.2,healthy,0.0
fault_sensor_drift_2,1789,1789845726.2783868,4724.2,126.71,741.49,4.26,103.32,0.0737,20.29,14.22,21.35,75.0,1500.0,15.2,healthy,0.0
fault_sensor_drift_2,1790,1789845727.2783868,4729.0,126.41,740.07,4.3,103.15,0.0718,20.38,14.18,20.98,75.0,1500.0,15.2,healthy,0.0
fault_sensor_drift_2,1791,1789845728.2783868,4709.8,126.56,740.44,4.33,103.19,0.0748,20.35,14.21,20.79,75.0,1500.0,15.2,healthy,0.0
fault_sensor_drift_2,1792,1789845729.2783868,4683.2,126.47,741.9,4.39,103.24,0.0814,20.28,14.14,21.02,75.0,1500.0,15.2,healthy,0.0
fault_sensor_drift_2,1793,1789845730.2783868,4695.1,126.55,744.45,4.44,103.29,0.0769,20.31,14.13,21.2,75.0,1500.0,15.2,healthy,0.0
fault_sensor_drift_2,1794,1789845731.2783868,4696.5,126.46,737.41,4.43,103.14,0.0783,20.4,14.07,21.24,75.0,1500.0,15.2,healthy,0.0
fault_sensor_drift_2,1795,1789845732.2783868,4671.8,126.62,741.82,4.37,103.37,0.0734,20.41,14.06,21.4,75.0,1500.0,15.2,healthy,0.0
fault_sensor_drift_2,1796,1789845733.2783868,4668.0,126.62,742.63,4.38,103.3,0.0713,20.45,14.04,21.43,75.0,1500.0,15.2,healthy,0.0
fault_sensor_drift_2,1797,1789845734.2783868,4653.5,126.8,747.27,4.32,103.41,0.0688,20.56,14.09,21.06,75.0,1500.0,15.2,healthy,0.0
fault_sensor_drift_2,1798,1789845735.2783868,4673.8,126.49,748.73,4.27,103.31,0.0779,20.68,14.14,21.38,75.0,1500.0,15.2,healthy,0.0
fault_sensor_drift_2,1799,1789845736.2783868,4651.4,126.1,746.23,4.39,103.4,0.077,20.63,14.14,20.92,75.0,1500.0,15.2,healthy,0.0
fault_sensor_drift_2,1800,1789845737.2783868,4651.5,126.07,748.72,4.34,103.31,0.081,20.42,14.1,20.97,75.0,1500.0,15.2,healthy,0.0
fault_sensor_drift_2,1801,1789845738.2783868,4681.8,126.06,744.37,4.38,103.5,0.08,20.3,14.11,20.68,75.0,1500.0,15.2,healthy,0.0
fault_sensor_drift_2,1802,1789845739.2783868,4668.7,126.27,742.96,4.46,103.5,0.0756,20.34,14.13,20.69,75.0,1500.0,15.2,healthy,0.0
fault_sensor_drift_2,1803,1789845740.2783868,4686.1,125.99,737.66,4.37,103.62,0.0769,20.29,14.1,20.84,75.0,1500.0,15.2,healthy,0.0
fault_sensor_drift_2,1804,1789845741.2783868,4671.4,125.75,734.74,4.34,103.55,0.0778,20.32,14.3,20.94,75.0,1500.0,15.2,healthy,0.0
fault_sensor_drift_2,1805,1789845742.2783868,4684.5,125.67,731.08,4.42,103.32,0.0748,20.51,14.31,20.86,75.0,1500.0,15.2,healthy,0.0
fault_sensor_drift_2,1806,1789845743.2783868,4696.4,125.66,736.32,4.33,103.42,0.0758,20.41,14.23,20.98,75.0,1500.0,15.2,healthy,0.0
fault_sensor_drift_2,1807,1789845744.2783868,4724.3,125.98,738.21,4.33,103.55,0.0678,20.34,14.21,21.05,75.0,1500.0,15.2,healthy,0.0
fault_sensor_drift_2,1808,1789845745.2783868,4723.8,125.97,738.34,4.4,103.34,0.0729,20.34,14.19,21.18,75.0,1500.0,15.2,healthy,0.0
fault_sensor_drift_2,1809,1789845746.2783868,4720.6,125.99,740.4,4.38,103.31,0.0731,20.35,14.19,20.98,75.0,1500.0,15.2,healthy,0.0
fault_sensor_drift_2,1810,1789845747.2783868,4729.5,125.8,743.46,4.32,103.23,0.0756,20.37,14.21,20.94,75.0,1500.0,15.2,healthy,0.0
fault_sensor_drift_2,1811,1789845748.2783868,4747.4,125.98,741.6,4.26,103.31,0.0746,20.17,14.19,21.23,75.0,1500.0,15.2,sensor_drift,0.63
fault_sensor_drift_2,1812,1789845749.2783868,4743.6,125.98,739.96,4.31,103.17,0.0741,20.16,14.26,21.26,75.0,1500.0,15.2,sensor_drift,0.63
fault_sensor_drift_2,1813,1789845750.2783868,4753.9,126.24,738.97,4.34,103.08,0.0763,20.25,14.31,21.28,75.0,1500.0,15.2,sensor_drift,0.63
fault_sensor_drift_2,1814,1789845751.2783868,4713.5,126.52,734.11,4.36,103.21,0.085,20.3,14.34,21.08,75.0,1500.0,15.2,sensor_drift,0.63
fault_sensor_drift_2,1815,1789845752.2783868,4708.4,126.61,741.59,4.33,103.19,0.0786,20.28,14.24,21.32,75.0,1500.0,15.2,sensor_drift,0.63
fault_sensor_drift_2,1816,1789845753.2783868,4704.5,126.57,743.61,4.34,103.05,0.0799,20.24,14.2,21.03,75.0,1500.0,15.2,sensor_drift,0.63
fault_sensor_drift_2,1817,1789845754.2783868,4690.3,126.79,738.79,4.25,102.88,0.073,20.28,14.12,21.21,75.0,1500.0,15.2,sensor_drift,0.63
fault_sensor_drift_2,1818,1789845755.2783868,4690.0,126.62,738.44,4.26,102.83,0.0738,20.24,14.15,21.03,75.0,1500.0,15.2,sensor_drift,0.63
fault_sensor_drift_2,1819,1789845756.2783868,4707.5,126.53,739.62,4.24,102.83,0.0686,20.35,14.14,21.03,75.0,1500.0,15.2,sensor_drift,0.63
fault_sensor_drift_2,1820,1789845757.2783868,4697.7,126.38,740.99,4.3,102.89,0.0677,20.36,14.17,21.39,75.0,1500.0,15.2,sensor_drift,0.63
fault_sensor_drift_2,1821,1789845758.2783868,4714.4,126.63,734.54,4.33,103.17,0.0736,20.4,14.19,21.13,75.0,1500.0,15.2,sensor_drift,0.63
fault_sensor_drift_2,1822,1789845759.2783868,4702.3,126.78,731.53,4.3,103.4,0.0622,20.35,14.08,21.02,75.0,1500.0,15.2,sensor_drift,0.63
fault_sensor_drift_2,1823,1789845760.2783868,4723.6,126.49,735.91,4.29,103.28,0.063,20.38,14.06,21.06,75.0,1500.0,15.2,sensor_drift,0.63
fault_sensor_drift_2,1824,1789845761.2783868,4725.3,126.58,737.38,4.28,103.19,0.0699,20.51,13.99,21.38,75.0,1500.0,15.2,sensor_drift,0.63
fault_sensor_drift_2,1825,1789845762.2783868,4730.4,126.4,737.56,4.27,103.18,0.0766,20.49,14.0,21.19,75.0,1500.0,15.2,sensor_drift,0.63
fault_sensor_drift_2,1826,1789845763.2783868,4725.5,126.23,738.31,4.25,103.14,0.0713,20.5,14.08,21.32,75.0,1500.0,15.2,sensor_drift,0.63
fault_sensor_drift_2,1827,1789845764.2783868,4719.5,126.17,742.49,4.26,103.27,0.0633,20.41,14.03,21.61,75.0,1500.0,15.2,sensor_drift,0.63
fault_sensor_drift_2,1828,1789845765.2783868,4721.0,126.23,741.62,4.26,103.19,0.0685,20.26,14.05,21.41,75.0,1500.0,15.2,sensor_drift,0.63
fault_sensor_drift_2,1829,1789845766.2783868,4725.6,126.08,741.72,4.28,103.33,0.0654,20.15,14.08,21.28,75.0,1500.0,15.2,sensor_drift,0.63
fault_sensor_drift_2,1830,1789845767.2783868,4695.3,126.6,743.08,4.36,103.35,0.0681,20.34,14.09,21.41,75.0,1500.0,15.2,sensor_drift,0.63
fault_sensor_drift_2,1831,1789845768.2783868,4702.8,126.53,741.28,4.35,103.46,0.0675,20.3,14.1,21.33,75.0,1500.0,15.2,sensor_drift,0.63
fault_sensor_drift_2,1832,1789845769.2783868,4682.9,126.43,743.3,4.33,103.51,0.063,20.3,14.1,21.34,75.0,1500.0,15.2,sensor_drift,0.63
fault_sensor_drift_2,1833,1789845770.2783868,4669.5,126.27,745.61,4.36,103.75,0.0683,20.53,14.12,21.85,75.0,1500.0,15.2,sensor_drift,0.63
fault_sensor_drift_2,1834,1789845771.2783868,4687.3,126.09,741.08,4.38,103.87,0.0671,20.41,14.11,21.88,75.0,1500.0,15.2,sensor_drift,0.63
fault_sensor_drift_2,1835,1789845772.2783868,4692.2,126.17,742.44,4.43,103.85,0.0678,20.18,14.17,21.69,75.0,1500.0,15.2,sensor_drift,0.63
fault_sensor_drift_2,1836,1789845773.2783868,4702.5,125.94,740.38,4.39,103.91,0.0626,20.26,14.19,21.53,75.0,1500.0,15.2,sensor_drift,0.63
fault_sensor_drift_2,1837,1789845774.2783868,4702.8,126.34,745.72,4.39,103.9,0.0607,20.3,14.19,21.25,75.0,1500.0,15.2,sensor_drift,0.63
fault_sensor_drift_2,1838,1789845775.2783868,4720.7,126.39,743.38,4.41,103.84,0.0573,20.2,14.13,21.18,75.0,1500.0,15.2,sensor_drift,0.63
fault_sensor_drift_2,1839,1789845776.2783868,4745.0,126.33,738.15,4.38,103.78,0.0569,20.26,14.19,21.26,75.0,1500.0,15.2,sensor_drift,0.63
fault_sensor_drift_2,1840,1789845777.2783868,4742.3,126.73,741.74,4.41,103.78,0.0655,20.2,14.23,21.36,75.0,1500.0,15.2,sensor_drift,0.63
fault_sensor_drift_2,1841,1789845778.2783868,4726.0,126.88,737.97,4.43,103.72,0.07,20.19,14.21,21.51,75.0,1500.0,15.2,sensor_drift,0.63
fault_sensor_drift_2,1842,1789845779.2783868,4714.2,127.19,735.47,4.37,103.71,0.0664,20.32,14.19,20.97,75.0,1500.0,15.2,sensor_drift,0.63
fault_sensor_drift_2,1843,1789845780.2783868,4699.8,127.32,737.7,4.42,103.68,0.0663,20.31,14.13,20.78,75.0,1500.0,15.2,sensor_drift,0.63
fault_sensor_drift_2,1844,1789845781.2783868,4720.2,127.37,736.0,4.43,103.76,0.0657,20.15,14.09,20.91,75.0,1500.0,15.2,sensor_drift,0.63
fault_sensor_drift_2,1845,1789845782.2783868,4705.8,127.67,735.52,4.39,103.87,0.0693,20.16,14.1,21.11,75.0,1500.0,15.2,sensor_drift,0.63
fault_sensor_drift_2,1846,1789845783.2783868,4711.9,127.91,733.62,4.37,103.95,0.0704,20.27,14.11,21.3,75.0,1500.0,15.2,sensor_drift,0.63
fault_sensor_drift_2,1847,1789845784.2783868,4709.0,127.81,733.83,4.41,103.94,0.0695,20.5,14.13,20.95,75.0,1500.0,15.2,sensor_drift,0.63
fault_sensor_drift_2,1848,1789845785.2783868,4678.6,127.73,731.28,4.47,103.79,0.0692,20.48,14.07,20.59,75.0,1500.0,15.2,sensor_drift,0.63
fault_sensor_drift_2,1849,1789845786.2783868,4668.0,127.38,728.73,4.37,103.86,0.0693,20.38,14.06,21.08,75.0,1500.0,15.2,sensor_drift,0.63
fault_sensor_drift_2,1850,1789845787.2783868,4672.1,127.43,731.81,4.41,103.81,0.0695,20.46,14.21,21.38,75.0,1500.0,15.2,sensor_drift,0.63
fault_sensor_drift_2,1851,1789845788.2783868,4674.3,126.98,731.93,4.49,103.91,0.0732,20.46,14.18,21.56,75.0,1500.0,15.2,sensor_drift,0.63
fault_sensor_drift_2,1852,1789845789.2783868,4677.2,127.11,730.2,4.48,103.95,0.0748,20.36,14.13,21.31,75.0,1500.0,15.2,sensor_drift,0.63
fault_sensor_drift_2,1853,1789845790.2783868,4680.2,127.09,734.01,4.38,104.06,0.0816,20.53,14.07,21.36,75.0,1500.0,15.2,sensor_drift,0.63
fault_sensor_drift_2,1854,1789845791.2783868,4691.8,127.04,732.28,4.35,104.06,0.0726,20.47,14.14,21.23,75.0,1500.0,15.2,sensor_drift,0.63
fault_sensor_drift_2,1855,1789845792.2783868,4687.1,126.96,736.64,4.38,104.08,0.0708,20.47,14.11,21.21,75.0,1500.0,15.2,sensor_drift,0.63
fault_sensor_drift_2,1856,1789845793.2783868,4664.3,127.26,735.89,4.39,103.88,0.0714,20.38,14.14,21.56,75.0,1500.0,15.2,sensor_drift,0.63
fault_sensor_drift_2,1857,1789845794.2783868,4676.9,127.57,736.25,4.31,103.87,0.0704,20.36,14.21,21.46,75.0,1500.0,15.2,sensor_drift,0.63
fault_sensor_drift_2,1858,1789845795.2783868,4689.8,127.37,735.9,4.31,103.94,0.0692,20.1,14.19,21.52,75.0,1500.0,15.2,sensor_drift,0.63
fault_sensor_drift_2,1859,1789845796.2783868,4680.2,127.33,731.04,4.3,103.9,0.0743,20.16,14.21,21.7,75.0,1500.0,15.2,sensor_drift,0.63
fault_sensor_drift_2,1860,1789845797.2783868,4691.3,127.05,738.31,4.35,103.93,0.0754,20.13,14.18,21.18,75.0,1500.0,15.2,sensor_drift,0.63
fault_sensor_drift_2,1861,1789845798.2783868,4664.2,127.11,739.31,4.39,103.74,0.079,19.82,14.16,21.34,75.0,1500.0,15.2,sensor_drift,0.63
fault_sensor_drift_2,1862,1789845799.2783868,4667.5,127.28,737.73,4.36,103.91,0.0816,19.93,14.2,21.47,75.0,1500.0,15.2,sensor_drift,0.63
fault_sensor_drift_2,1863,1789845800.2783868,4708.0,126.89,741.86,4.41,103.92,0.0826,19.76,14.23,21.45,75.0,1500.0,15.2,sensor_drift,0.63
fault_sensor_drift_2,1864,1789845801.2783868,4702.8,127.02,743.93,4.39,103.86,0.077,19.74,14.21,21.4,75.0,1500.0,15.2,sensor_drift,0.63
fault_sensor_drift_2,1865,1789845802.2783868,4684.6,127.09,743.87,4.36,103.9,0.0723,19.75,14.22,21.28,75.0,1500.0,15.2,sensor_drift,0.63
fault_sensor_drift_2,1866,1789845803.2783868,4656.1,127.06,739.73,4.39,103.87,0.0771,19.8,14.18,21.67,75.0,1500.0,15.2,sensor_drift,0.63
fault_sensor_drift_2,1867,1789845804.2783868,4664.5,127.17,738.7,4.35,103.93,0.067,19.91,14.18,21.82,75.0,1500.0,15.2,sensor_drift,0.63
fault_sensor_drift_2,1868,1789845805.2783868,4683.0,126.98,743.42,4.35,103.89,0.0767,19.9,14.18,21.6,75.0,1500.0,15.2,sensor_drift,0.63
fault_sensor_drift_2,1869,1789845806.2783868,4687.8,127.34,744.8,4.4,103.94,0.0798,19.94,14.18,21.2,75.0,1500.0,15.2,sensor_drift,0.63
fault_sensor_drift_2,1870,1789845807.2783868,4689.9,127.45,744.55,4.33,103.84,0.079,19.92,14.09,21.36,75.0,1500.0,15.2,sensor_drift,0.63
fault_sensor_drift_2,1871,1789845808.2783868,4679.7,127.33,738.78,4.36,103.9,0.0828,20.09,14.06,21.06,75.0,1500.0,15.2,sensor_drift,0.63
fault_sensor_drift_2,1872,1789845809.2783868,4683.8,127.75,747.76,4.52,103.69,0.0697,20.25,14.18,21.11,75.0,1500.0,15.2,sensor_drift,0.63
fault_sensor_drift_2,1873,1789845810.2783868,4707.5,127.58,744.23,4.5,103.57,0.0727,20.25,14.15,21.31,75.0,1500.0,15.2,sensor_drift,0.63
fault_sensor_drift_2,1874,1789845811.2783868,4712.1,127.92,746.27,4.48,103.49,0.0742,20.15,14.19,21.19,75.0,1500.0,15.2,sensor_drift,0.63
fault_sensor_drift_2,1875,1789845812.2783868,4674.8,128.08,747.72,4.37,103.61,0.0697,20.05,14.23,20.62,75.0,1500.0,15.2,sensor_drift,0.63
fault_sensor_drift_2,1876,1789845813.2783868,4696.1,127.8,741.85,4.36,103.7,0.0744,20.0,14.12,20.88,75.0,1500.0,15.2,sensor_drift,0.63
fault_sensor_drift_2,1877,1789845814.2783868,4707.4,127.71,741.12,4.34,103.73,0.0655,20.11,14.2,20.92,75.0,1500.0,15.2,sensor_drift,0.63
fault_sensor_drift_2,1878,1789845815.2783868,4714.0,127.9,742.0,4.39,103.77,0.0632,20.1,14.12,21.36,75.0,1500.0,15.2,sensor_drift,0.63
fault_sensor_drift_2,1879,1789845816.2783868,4737.9,127.95,740.95,4.37,103.88,0.0631,19.99,14.11,21.18,75.0,1500.0,15.2,sensor_drift,0.63
fault_sensor_drift_2,1880,1789845817.2783868,4748.6,127.73,740.79,4.34,103.79,0.0642,20.01,14.1,20.96,75.0,1500.0,15.2,sensor_drift,0.63
fault_sensor_drift_2,1881,1789845818.2783868,4741.6,127.53,743.15,4.3,103.74,0.0649,20.05,14.06,20.99,75.0,1500.0,15.2,sensor_drift,0.63
fault_sensor_drift_2,1882,1789845819.2783868,4727.7,127.8,747.39,4.32,103.65,0.062,20.01,14.06,21.06,75.0,1500.0,15.2,sensor_drift,0.63
fault_sensor_drift_2,1883,1789845820.2783868,4717.6,127.78,742.82,4.35,103.54,0.0674,20.18,14.1,20.91,75.0,1500.0,15.2,sensor_drift,0.63
fault_sensor_drift_2,1884,1789845821.2783868,4737.7,127.78,747.09,4.47,103.6,0.0779,20.22,14.15,21.16,75.0,1500.0,15.2,sensor_drift,0.63
fault_sensor_drift_2,1885,1789845822.2783868,4724.7,127.71,749.36,4.43,103.61,0.0768,20.45,14.19,21.19,75.0,1500.0,15.2,sensor_drift,0.63
fault_sensor_drift_2,1886,1789845823.2783868,4735.1,128.16,744.96,4.38,103.56,0.0696,20.5,14.12,21.26,75.0,1500.0,15.2,sensor_drift,0.63
fault_sensor_drift_2,1887,1789845824.2783868,4720.1,128.34,743.65,4.42,103.6,0.076,20.51,14.13,21.29,75.0,1500.0,15.2,sensor_drift,0.63
fault_sensor_drift_2,1888,1789845825.2783868,4705.2,127.95,740.68,4.48,103.57,0.0762,20.56,14.17,21.32,75.0,1500.0,15.2,sensor_drift,0.63
fault_sensor_drift_2,1889,1789845826.2783868,4686.9,128.23,745.44,4.37,103.46,0.0744,20.45,14.14,21.47,75.0,1500.0,15.2,sensor_drift,0.63
fault_sensor_drift_2,1890,1789845827.2783868,4670.4,128.26,744.08,4.45,103.59,0.0709,20.51,14.12,21.4,75.0,1500.0,15.2,sensor_drift,0.63
fault_sensor_drift_2,1891,1789845828.2783868,4687.3,128.23,740.05,4.41,103.57,0.0719,20.49,14.07,20.94,75.0,1500.0,15.2,sensor_drift,0.63
fault_sensor_drift_2,1892,1789845829.2783868,4701.6,127.97,737.0,4.36,103.56,0.0763,20.49,14.21,20.61,75.0,1500.0,15.2,sensor_drift,0.63
fault_sensor_drift_2,1893,1789845830.2783868,4683.7,127.99,741.52,4.35,103.58,0.0794,20.5,14.2,20.72,75.0,1500.0,15.2,sensor_drift,0.63
fault_sensor_drift_2,1894,1789845831.2783868,4679.0,128.14,745.16,4.28,103.54,0.0779,20.58,14.22,20.99,75.0,1500.0,15.2,sensor_drift,0.63
fault_sensor_drift_2,1895,1789845832.2783868,4667.4,128.34,741.57,4.27,103.6,0.0863,20.55,14.22,21.28,75.0,1500.0,15.2,sensor_drift,0.63
fault_sensor_drift_2,1896,1789845833.2783868,4698.3,128.5,738.34,4.34,103.62,0.0765,20.58,14.22,21.35,75.0,1500.0,15.2,sensor_drift,0.63
fault_sensor_drift_2,1897,1789845834.2783868,4717.3,127.94,741.81,4.33,103.43,0.0755,20.62,14.15,21.41,75.0,1500.0,15.2,sensor_drift,0.63
fault_sensor_drift_2,1898,1789845835.2783868,4729.8,127.94,746.56,4.3,103.47,0.0723,20.42,14.21,21.47,75.0,1500.0,15.2,sensor_drift,0.63
fault_sensor_drift_2,1899,1789845836.2783868,4736.4,128.31,744.48,4.26,103.46,0.0703,20.35,14.27,21.23,75.0,1500.0,15.2,sensor_drift,0.63
fault_sensor_drift_2,1900,1789845837.2783868,4727.9,128.25,748.22,4.29,103.44,0.0689,20.27,14.27,21.47,75.0,1500.0,15.2,sensor_drift,0.63
fault_sensor_drift_2,1901,1789845838.2783868,4703.2,128.02,737.8,4.28,103.38,0.0649,20.19,14.29,21.51,75.0,1500.0,15.2,sensor_drift,0.63
fault_sensor_drift_2,1902,1789845839.2783868,4710.9,127.64,733.2,4.23,103.57,0.0702,20.22,14.36,21.38,75.0,1500.0,15.2,sensor_drift,0.63
fault_sensor_drift_2,1903,1789845840.2783868,4699.1,127.04,734.24,4.22,103.51,0.07,20.36,14.25,21.25,75.0,1500.0,15.2,sensor_drift,0.63
fault_sensor_drift_2,1904,1789845841.2783868,4700.6,126.97,733.13,4.3,103.54,0.0723,20.26,14.29,21.48,75.0,1500.0,15.2,sensor_drift,0.63
fault_sensor_drift_2,1905,1789845842.2783868,4694.0,127.16,734.22,4.31,103.55,0.0699,20.39,14.27,21.18,75.0,1500.0,15.2,sensor_drift,0.63
fault_sensor_drift_2,1906,1789845843.2783868,4709.3,127.09,738.82,4.32,103.66,0.0711,20.38,14.3,21.61,75.0,1500.0,15.2,sensor_drift,0.63
fault_sensor_drift_2,1907,1789845844.2783868,4712.1,127.32,743.23,4.32,103.78,0.0773,20.43,14.31,21.58,75.0,1500.0,15.2,sensor_drift,0.63
fault_sensor_drift_2,1908,1789845845.2783868,4715.5,127.64,740.38,4.35,103.78,0.0827,20.36,14.27,21.73,75.0,1500.0,15.2,sensor_drift,0.63
fault_sensor_drift_2,1909,1789845846.2783868,4725.1,127.61,740.41,4.34,103.81,0.0792,20.22,14.24,21.57,75.0,1500.0,15.2,sensor_drift,0.63
fault_sensor_drift_2,1910,1789845847.2783868,4707.7,127.12,746.53,4.39,103.8,0.0791,20.33,14.26,21.44,75.0,1500.0,15.2,sensor_drift,0.63
fault_sensor_drift_2,1911,1789845848.2783868,4706.8,126.93,747.55,4.41,103.8,0.079,20.38,14.26,21.44,75.0,1500.0,15.2,sensor_drift,0.63
fault_sensor_drift_2,1912,1789845849.2783868,4700.3,127.11,745.44,4.41,103.88,0.0742,20.48,14.21,21.37,75.0,1500.0,15.2,sensor_drift,0.63
fault_sensor_drift_2,1913,1789845850.2783868,4683.4,127.2,746.71,4.39,103.84,0.0798,20.37,14.29,21.43,75.0,1500.0,15.2,sensor_drift,0.63
fault_sensor_drift_2,1914,1789845851.2783868,4702.2,127.57,747.85,4.37,103.9,0.0843,20.13,14.26,21.07,75.0,1500.0,15.2,sensor_drift,0.63
fault_sensor_drift_2,1915,1789845852.2783868,4694.6,128.0,745.21,4.4,103.99,0.0769,20.06,14.19,21.23,75.0,1500.0,15.2,sensor_drift,0.63
fault_sensor_drift_2,1916,1789845853.2783868,4710.7,128.39,740.24,4.4,104.02,0.0747,20.05,14.29,21.41,75.0,1500.0,15.2,sensor_drift,0.63
fault_sensor_drift_2,1917,1789845854.2783868,4723.0,128.49,738.25,4.42,103.97,0.0732,20.14,14.22,21.42,75.0,1500.0,15.2,sensor_drift,0.63
fault_sensor_drift_2,1918,1789845855.2783868,4713.3,128.43,739.9,4.43,103.99,0.0848,20.08,14.11,21.41,75.0,1500.0,15.2,sensor_drift,0.63
fault_sensor_drift_2,1919,1789845856.2783868,4733.5,128.71,739.62,4.46,103.98,0.0842,20.08,14.11,21.09,75.0,1500.0,15.2,sensor_drift,0.63
fault_sensor_drift_2,1920,1789845857.2783868,4757.9,128.48,739.93,4.4,103.9,0.0781,20.16,14.1,21.19,75.0,1500.0,15.2,sensor_drift,0.63
fault_sensor_drift_2,1921,1789845858.2783868,4759.9,128.53,739.09,4.35,103.92,0.0787,20.36,14.14,21.31,75.0,1500.0,15.2,sensor_drift,0.63
fault_sensor_drift_2,1922,1789845859.2783868,4742.0,128.39,738.96,4.41,103.78,0.0806,20.35,14.14,21.23,75.0,1500.0,15.2,sensor_drift,0.63
fault_sensor_drift_2,1923,1789845860.2783868,4747.4,128.57,737.47,4.39,103.63,0.0751,20.43,14.16,21.17,75.0,1500.0,15.2,sensor_drift,0.63
fault_sensor_drift_2,1924,1789845861.2783868,4750.0,128.22,738.82,4.41,103.71,0.0714,20.52,14.09,21.18,75.0,1500.0,15.2,sensor_drift,0.63
fault_sensor_drift_2,1925,1789845862.2783868,4727.3,128.32,739.71,4.41,103.63,0.0668,20.58,14.1,21.34,75.0,1500.0,15.2,sensor_drift,0.63
fault_sensor_drift_2,1926,1789845863.2783868,4722.9,128.3,739.55,4.43,103.72,0.0627,20.42,14.08,21.75,75.0,1500.0,15.2,sensor_drift,0.63
fault_sensor_drift_2,1927,1789845864.2783868,4718.9,128.6,729.8,4.25,103.7,0.0557,20.36,14.18,21.79,75.0,1500.0,15.2,sensor_drift,0.63
fault_sensor_drift_2,1928,1789845865.2783868,4687.6,128.65,730.99,4.24,103.9,0.0705,20.39,14.24,21.25,75.0,1500.0,15.2,sensor_drift,0.63
fault_sensor_drift_2,1929,1789845866.2783868,4702.5,128.73,734.51,4.33,103.83,0.0674,20.49,14.27,21.34,75.0,1500.0,15.2,sensor_drift,0.63
fault_sensor_drift_2,1930,1789845867.2783868,4678.9,128.75,736.08,4.35,103.87,0.0714,20.37,14.27,21.31,75.0,1500.0,15.2,sensor_drift,0.63
fault_sensor_drift_2,1931,1789845868.2783868,4695.0,128.52,739.35,4.42,103.88,0.0807,20.37,14.23,21.34,75.0,1500.0,15.2,sensor_drift,0.63
fault_sensor_drift_2,1932,1789845869.2783868,4703.9,128.37,741.38,4.42,103.83,0.0683,20.43,14.17,21.34,75.0,1500.0,15.2,sensor_drift,0.63
fault_sensor_drift_2,1933,1789845870.2783868,4711.7,128.54,738.88,4.47,103.95,0.0723,20.49,14.21,21.5,75.0,1500.0,15.2,sensor_drift,0.63
fault_sensor_drift_2,1934,1789845871.2783868,4705.8,128.27,737.82,4.48,103.99,0.0769,20.45,14.23,21.4,75.0,1500.0,15.2,sensor_drift,0.63
fault_sensor_drift_2,1935,1789845872.2783868,4687.2,128.15,738.43,4.42,103.89,0.0718,20.34,14.27,21.62,75.0,1500.0,15.2,sensor_drift,0.63
fault_sensor_drift_2,1936,1789845873.2783868,4702.6,127.7,737.19,4.48,103.59,0.0687,20.29,14.23,21.6,75.0,1500.0,15.2,sensor_drift,0.63
fault_sensor_drift_2,1937,1789845874.2783868,4714.5,127.59,735.51,4.45,103.68,0.0757,20.24,14.32,21.01,75.0,1500.0,15.2,sensor_drift,0.63
fault_sensor_drift_2,1938,1789845875.2783868,4710.4,127.63,726.74,4.34,103.67,0.0781,20.32,14.34,21.29,75.0,1500.0,15.2,sensor_drift,0.63
fault_sensor_drift_2,1939,1789845876.2783868,4700.6,127.95,729.74,4.29,103.76,0.0779,20.09,14.36,21.37,75.0,1500.0,15.2,sensor_drift,0.63
fault_sensor_drift_2,1940,1789845877.2783868,4701.0,128.02,732.76,4.32,103.94,0.0714,20.31,14.45,21.2,75.0,1500.0,15.2,sensor_drift,0.63
fault_sensor_drift_2,1941,1789845878.2783868,4715.1,127.97,737.24,4.36,103.88,0.0731,20.16,14.47,20.94,75.0,1500.0,15.2,sensor_drift,0.63
fault_sensor_drift_2,1942,1789845879.2783868,4714.0,127.82,736.27,4.41,103.87,0.0727,20.21,14.44,21.55,75.0,1500.0,15.2,sensor_drift,0.63
fault_sensor_drift_2,1943,1789845880.2783868,4724.9,127.55,736.68,4.36,103.91,0.0695,20.35,14.4,21.4,75.0,1500.0,15.2,sensor_drift,0.63
fault_sensor_drift_2,1944,1789845881.2783868,4725.8,127.35,741.38,4.31,103.86,0.0722,20.34,14.42,21.28,75.0,1500.0,15.2,sensor_drift,0.63
fault_sensor_drift_2,1945,1789845882.2783868,4721.8,127.54,740.45,4.34,103.85,0.0769,20.28,14.29,21.7,75.0,1500.0,15.2,sensor_drift,0.63
fault_sensor_drift_2,1946,1789845883.2783868,4720.0,127.5,741.17,4.27,104.1,0.0767,20.3,14.35,21.52,75.0,1500.0,15.2,sensor_drift,0.63
fault_sensor_drift_2,1947,1789845884.2783868,4734.2,127.69,742.78,4.36,104.13,0.0758,20.02,14.35,21.39,75.0,1500.0,15.2,sensor_drift,0.63
fault_sensor_drift_2,1948,1789845885.2783868,4731.3,127.67,736.1,4.23,104.15,0.0744,20.0,14.31,21.39,75.0,1500.0,15.2,sensor_drift,0.63
fault_sensor_drift_2,1949,1789845886.2783868,4731.9,127.45,730.93,4.18,103.9,0.0732,19.99,14.28,21.84,75.0,1500.0,15.2,sensor_drift,0.63
fault_sensor_drift_2,1950,1789845887.2783868,4726.7,127.69,738.57,4.34,103.98,0.0718,20.14,14.32,21.68,75.0,1500.0,15.2,sensor_drift,0.63
fault_sensor_drift_2,1951,1789845888.2783868,4719.2,127.46,742.03,4.38,104.04,0.0635,20.09,14.34,21.48,75.0,1500.0,15.2,sensor_drift,0.63
fault_sensor_drift_2,1952,1789845889.2783868,4728.1,127.41,735.35,4.35,104.09,0.0645,19.95,14.36,21.36,75.0,1500.0,15.2,sensor_drift,0.63
fault_sensor_drift_2,1953,1789845890.2783868,4713.0,127.49,733.71,4.32,104.16,0.056,19.93,14.3,21.52,75.0,1500.0,15.2,sensor_drift,0.63
fault_sensor_drift_2,1954,1789845891.2783868,4736.1,127.29,734.42,4.29,104.07,0.0616,20.05,14.25,21.72,75.0,1500.0,15.2,sensor_drift,0.63
fault_sensor_drift_2,1955,1789845892.2783868,4723.2,127.86,737.65,4.27,104.22,0.0618,20.01,14.28,21.24,75.0,1500.0,15.2,sensor_drift,0.63
fault_sensor_drift_2,1956,1789845893.2783868,4710.6,127.91,743.07,4.32,104.14,0.0654,20.06,14.3,21.4,75.0,1500.0,15.2,sensor_drift,0.63
fault_sensor_drift_2,1957,1789845894.2783868,4703.6,127.55,742.12,4.3,104.22,0.0644,19.94,14.31,21.58,75.0,1500.0,15.2,sensor_drift,0.63
fault_sensor_drift_2,1958,1789845895.2783868,4707.4,127.92,742.37,4.22,104.19,0.0649,20.12,14.2,21.59,75.0,1500.0,15.2,sensor_drift,0.63
fault_sensor_drift_2,1959,1789845896.2783868,4700.2,128.01,744.08,4.21,104.28,0.0643,20.21,14.31,21.21,75.0,1500.0,15.2,sensor_drift,0.63
fault_sensor_drift_2,1960,1789845897.2783868,4689.5,127.8,740.76,4.22,104.28,0.0712,20.26,14.27,21.18,75.0,1500.0,15.2,sensor_drift,0.63
fault_sensor_drift_2,1961,1789845898.2783868,4686.1,127.51,738.83,4.19,104.0,0.0651,20.65,14.3,20.98,75.0,1500.0,15.2,sensor_drift,0.63
fault_sensor_drift_2,1962,1789845899.2783868,4727.2,127.66,742.22,4.2,104.0,0.0735,20.56,14.32,21.21,75.0,1500.0,15.2,sensor_drift,0.63
fault_sensor_drift_2,1963,1789845900.2783868,4717.1,127.89,743.16,4.27,104.0,0.0795,20.56,14.26,21.24,75.0,1500.0,15.2,sensor_drift,0.63
fault_sensor_drift_2,1964,1789845901.2783868,4714.6,128.06,745.82,4.35,103.98,0.0738,20.5,14.31,21.12,75.0,1500.0,15.2,sensor_drift,0.63
fault_sensor_drift_2,1965,1789845902.2783868,4711.9,128.17,745.57,4.34,103.9,0.0683,20.61,14.29,21.16,75.0,1500.0,15.2,sensor_drift,0.63
fault_sensor_drift_2,1966,1789845903.2783868,4720.4,128.43,746.71,4.29,103.77,0.0704,20.46,14.27,20.81,75.0,1500.0,15.2,sensor_drift,0.63
fault_sensor_drift_2,1967,1789845904.2783868,4712.5,128.49,747.93,4.19,103.75,0.0695,20.31,14.21,21.0,75.0,1500.0,15.2,sensor_drift,0.63
fault_sensor_drift_2,1968,1789845905.2783868,4715.7,128.66,750.54,4.21,103.7,0.0716,20.24,14.19,21.31,75.0,1500.0,15.2,sensor_drift,0.63
fault_sensor_drift_2,1969,1789845906.2783868,4715.7,128.77,752.76,4.36,103.67,0.067,20.24,14.23,21.4,75.0,1500.0,15.2,sensor_drift,0.63
fault_sensor_drift_2,1970,1789845907.2783868,4728.1,128.39,747.91,4.34,103.58,0.0609,20.22,14.28,21.31,75.0,1500.0,15.2,sensor_drift,0.63
fault_sensor_drift_2,1971,1789845908.2783868,4748.0,128.34,746.71,4.38,103.44,0.0648,20.08,14.25,21.14,75.0,1500.0,15.2,sensor_drift,0.63
fault_sensor_drift_2,1972,1789845909.2783868,4730.1,128.43,742.74,4.34,103.44,0.0766,20.04,14.15,21.59,75.0,1500.0,15.2,sensor_drift,0.63
fault_sensor_drift_2,1973,1789845910.2783868,4737.0,128.27,742.26,4.35,103.53,0.0791,20.04,14.09,21.67,75.0,1500.0,15.2,sensor_drift,0.63
fault_sensor_drift_2,1974,1789845911.2783868,4736.8,128.63,740.85,4.34,103.52,0.0766,20.07,14.11,21.46,75.0,1500.0,15.2,sensor_drift,0.63
fault_sensor_drift_2,1975,1789845912.2783868,4756.8,128.72,735.49,4.24,103.75,0.0833,20.2,14.06,21.36,75.0,1500.0,15.2,sensor_drift,0.63
fault_sensor_drift_2,1976,1789845913.2783868,4762.2,128.61,736.3,4.25,103.71,0.071,20.13,14.0,21.75,75.0,1500.0,15.2,sensor_drift,0.63
fault_sensor_drift_2,1977,1789845914.2783868,4759.4,128.2,732.9,4.21,103.71,0.0697,20.38,14.08,21.38,75.0,1500.0,15.2,sensor_drift,0.63
fault_sensor_drift_2,1978,1789845915.2783868,4714.7,128.16,732.84,4.16,103.7,0.0748,20.37,13.96,21.02,75.0,1500.0,15.2,sensor_drift,0.63
fault_sensor_drift_2,1979,1789845916.2783868,4726.1,128.12,733.26,4.1,103.56,0.0757,20.25,14.05,21.28,75.0,1500.0,15.2,sensor_drift,0.63
fault_sensor_drift_2,1980,1789845917.2783868,4710.7,128.29,732.12,4.19,103.69,0.0662,20.39,14.07,21.28,75.0,1500.0,15.2,sensor_drift,0.63
fault_sensor_drift_2,1981,1789845918.2783868,4715.4,128.56,736.75,4.25,103.77,0.0644,20.49,14.09,21.37,75.0,1500.0,15.2,sensor_drift,0.63
fault_sensor_drift_2,1982,1789845919.2783868,4699.5,128.82,737.56,4.26,103.59,0.0733,20.58,14.12,20.62,75.0,1500.0,15.2,sensor_drift,0.63
fault_sensor_drift_2,1983,1789845920.2783868,4710.5,128.96,736.4,4.29,103.63,0.0756,20.35,14.11,21.14,75.0,1500.0,15.2,sensor_drift,0.63
fault_sensor_drift_2,1984,1789845921.2783868,4677.3,128.95,737.64,4.31,103.57,0.0707,20.1,14.07,21.26,75.0,1500.0,15.2,sensor_drift,0.63
fault_sensor_drift_2,1985,1789845922.2783868,4687.8,129.27,735.5,4.31,103.82,0.0792,19.99,14.08,20.75,75.0,1500.0,15.2,sensor_drift,0.63
fault_sensor_drift_2,1986,1789845923.2783868,4669.8,129.28,739.67,4.34,103.74,0.084,19.73,14.15,21.17,75.0,1500.0,15.2,sensor_drift,0.63
fault_sensor_drift_2,1987,1789845924.2783868,4690.0,129.03,735.76,4.32,103.78,0.0786,19.94,14.19,21.11,75.0,1500.0,15.2,sensor_drift,0.63
fault_sensor_drift_2,1988,1789845925.2783868,4690.0,129.13,733.64,4.33,103.57,0.0629,19.95,14.11,21.22,75.0,1500.0,15.2,sensor_drift,0.63
fault_sensor_drift_2,1989,1789845926.2783868,4690.9,129.14,737.87,4.26,103.47,0.0829,20.13,14.11,21.39,75.0,1500.0,15.2,sensor_drift,0.63
fault_sensor_drift_2,1990,1789845927.2783868,4692.8,129.34,736.92,4.29,103.34,0.0843,20.21,14.1,21.06,75.0,1500.0,15.2,sensor_drift,0.63
fault_sensor_drift_2,1991,1789845928.2783868,4708.9,129.32,737.19,4.22,103.44,0.0755,20.29,14.07,21.22,75.0,1500.0,15.2,sensor_drift,0.63
fault_sensor_drift_2,1992,1789845929.2783868,4671.9,129.78,740.16,4.24,103.42,0.064,20.2,14.05,21.29,75.0,1500.0,15.2,sensor_drift,0.63
fault_sensor_drift_2,1993,1789845930.2783868,4696.7,129.97,740.27,4.24,103.48,0.0779,20.17,13.99,21.16,75.0,1500.0,15.2,sensor_drift,0.63
fault_sensor_drift_2,1994,1789845931.2783868,4699.1,129.59,739.08,4.26,103.61,0.0866,20.06,14.03,20.86,75.0,1500.0,15.2,sensor_drift,0.63
fault_sensor_drift_2,1995,1789845932.2783868,4693.0,129.79,739.69,4.28,103.53,0.086,20.15,14.07,21.0,75.0,1500.0,15.2,sensor_drift,0.63
fault_sensor_drift_2,1996,1789845933.2783868,4698.5,129.6,737.48,4.27,103.53,0.0716,20.06,14.04,21.41,75.0,1500.0,15.2,sensor_drift,0.63
fault_sensor_drift_2,1997,1789845934.2783868,4703.7,129.24,735.99,4.31,103.32,0.0688,20.12,13.98,21.24,75.0,1500.0,15.2,sensor_drift,0.63
fault_sensor_drift_2,1998,1789845935.2783868,4719.4,129.33,735.65,4.27,103.33,0.0652,20.18,14.01,21.86,75.0,1500.0,15.2,sensor_drift,0.63
fault_sensor_drift_2,1999,1789845936.2783868,4722.2,129.14,742.15,4.29,103.31,0.0887,20.15,13.99,21.58,75.0,1500.0,15.2,sensor_drift,0.63
fault_sensor_drift_2,2000,1789845937.2783868,4712.6,129.28,743.03,4.32,103.42,0.0766,20.28,14.03,21.59,75.0,1500.0,15.2,sensor_drift,0.63
fault_sensor_drift_2,2001,1789845938.2783868,4725.2,129.46,744.71,4.35,103.48,0.0726,20.41,14.02,21.32,75.0,1500.0,15.2,sensor_drift,0.63
fault_sensor_drift_2,2002,1789845939.2783868,4709.8,129.18,742.87,4.34,103.45,0.0715,20.33,14.05,21.05,75.0,1500.0,15.2,sensor_drift,0.63
fault_sensor_drift_2,2003,1789845940.2783868,4685.3,129.34,741.88,4.31,103.34,0.0727,20.36,14.08,21.12,75.0,1500.0,15.2,sensor_drift,0.63
fault_sensor_drift_2,2004,1789845941.2783868,4695.4,129.33,744.66,4.29,103.32,0.0769,20.29,14.05,21.16,75.0,1500.0,15.2,sensor_drift,0.63
fault_sensor_drift_2,2005,1789845942.2783868,4687.4,129.26,744.07,4.24,103.34,0.0821,20.09,14.05,20.8,75.0,1500.0,15.2,sensor_drift,0.63
fault_sensor_drift_2,2006,1789845943.2783868,4671.5,129.33,747.15,4.28,103.21,0.0818,20.15,14.07,21.03,75.0,1500.0,15.2,sensor_drift,0.63
fault_sensor_drift_2,2007,1789845944.2783868,4669.0,129.35,743.37,4.34,103.3,0.0801,20.15,14.12,21.25,75.0,1500.0,15.2,sensor_drift,0.63
fault_sensor_drift_2,2008,1789845945.2783868,4697.1,129.25,744.71,4.33,103.28,0.0683,20.1,14.16,21.49,75.0,1500.0,15.2,sensor_drift,0.63
fault_sensor_drift_2,2009,1789845946.2783868,4706.0,129.29,748.75,4.33,103.36,0.0757,20.05,14.21,21.23,75.0,1500.0,15.2,sensor_drift,0.63
fault_sensor_drift_2,2010,1789845947.2783868,4716.1,129.17,748.1,4.47,103.47,0.0674,20.17,14.26,21.38,75.0,1500.0,15.2,sensor_drift,0.63
fault_sensor_drift_2,2011,1789845948.2783868,4723.2,129.58,750.87,4.43,103.36,0.0707,20.15,14.29,21.34,75.0,1500.0,15.2,sensor_drift,0.63
fault_sensor_drift_2,2012,1789845949.2783868,4729.1,129.87,748.43,4.46,103.3,0.0647,20.17,14.39,21.31,75.0,1500.0,15.2,sensor_drift,0.63
fault_sensor_drift_2,2013,1789845950.2783868,4716.8,130.39,744.04,4.42,103.32,0.0669,20.19,14.28,21.13,75.0,1500.0,15.2,sensor_drift,0.63
fault_sensor_drift_2,2014,1789845951.2783868,4726.1,130.38,744.93,4.4,103.39,0.0697,20.28,14.23,21.12,75.0,1500.0,15.2,sensor_drift,0.63
fault_sensor_drift_2,2015,1789845952.2783868,4709.5,130.47,746.27,4.47,103.41,0.0689,20.32,14.18,21.16,75.0,1500.0,15.2,sensor_drift,0.63
fault_sensor_drift_2,2016,1789845953.2783868,4703.8,130.43,747.08,4.41,103.5,0.0751,20.24,14.2,21.44,75.0,1500.0,15.2,sensor_drift,0.63
fault_sensor_drift_2,2017,1789845954.2783868,4708.8,130.62,746.09,4.46,103.51,0.0773,20.35,14.18,21.22,75.0,1500.0,15.2,sensor_drift,0.63
fault_sensor_drift_2,2018,1789845955.2783868,4690.4,130.68,748.47,4.42,103.36,0.0623,20.47,14.07,21.52,75.0,1500.0,15.2,sensor_drift,0.63
fault_sensor_drift_2,2019,1789845956.2783868,4692.2,130.32,746.4,4.35,103.46,0.0678,20.46,14.11,21.55,75.0,1500.0,15.2,sensor_drift,0.63
fault_sensor_drift_2,2020,1789845957.2783868,4687.9,130.58,743.68,4.21,103.51,0.0658,20.44,14.16,21.49,75.0,1500.0,15.2,sensor_drift,0.63
fault_sensor_drift_2,2021,1789845958.2783868,4698.1,130.26,745.71,4.32,103.44,0.0645,20.41,14.22,21.33,75.0,1500.0,15.2,sensor_drift,0.63
fault_sensor_drift_2,2022,1789845959.2783868,4703.3,130.67,748.51,4.31,103.48,0.0673,20.29,14.17,21.25,75.0,1500.0,15.2,sensor_drift,0.63
fault_sensor_drift_2,2023,1789845960.2783868,4716.4,130.35,742.41,4.37,103.51,0.0696,20.4,14.19,21.15,75.0,1500.0,15.2,sensor_drift,0.63
fault_sensor_drift_2,2024,1789845961.2783868,4721.1,130.18,739.32,4.41,103.54,0.0836,20.49,14.16,21.23,75.0,1500.0,15.2,sensor_drift,0.63
fault_sensor_drift_2,2025,1789845962.2783868,4722.9,130.38,742.23,4.37,103.49,0.0827,20.4,14.12,21.48,75.0,1500.0,15.2,sensor_drift,0.63
fault_sensor_drift_2,2026,1789845963.2783868,4704.4,130.28,745.68,4.35,103.42,0.086,20.48,14.08,21.01,75.0,1500.0,15.2,sensor_drift,0.63
fault_sensor_drift_2,2027,1789845964.2783868,4710.7,130.71,744.0,4.28,103.3,0.0794,20.45,14.12,21.36,75.0,1500.0,15.2,sensor_drift,0.63
fault_sensor_drift_2,2028,1789845965.2783868,4706.9,130.6,743.43,4.42,103.33,0.0719,20.43,14.2,21.61,75.0,1500.0,15.2,sensor_drift,0.63
fault_sensor_drift_2,2029,1789845966.2783868,4691.1,130.86,744.17,4.42,103.4,0.0792,20.41,14.2,21.39,75.0,1500.0,15.2,sensor_drift,0.63
fault_sensor_drift_2,2030,1789845967.2783868,4672.2,130.85,736.78,4.37,103.29,0.0794,20.35,14.29,21.45,75.0,1500.0,15.2,sensor_drift,0.63
fault_sensor_drift_2,2031,1789845968.2783868,4659.8,130.63,735.5,4.32,103.15,0.079,20.22,14.21,21.39,75.0,1500.0,15.2,sensor_drift,0.63
fault_sensor_drift_2,2032,1789845969.2783868,4692.0,130.26,734.36,4.28,103.09,0.0827,20.22,14.23,21.33,75.0,1500.0,15.2,sensor_drift,0.63
fault_sensor_drift_2,2033,1789845970.2783868,4695.5,130.18,736.99,4.24,103.07,0.0874,20.12,14.28,21.7,75.0,1500.0,15.2,sensor_drift,0.63
fault_sensor_drift_2,2034,1789845971.2783868,4704.9,130.15,733.5,4.18,103.15,0.0833,20.27,14.16,21.7,75.0,1500.0,15.2,sensor_drift,0.63
fault_sensor_drift_2,2035,1789845972.2783868,4696.1,130.1,736.49,4.23,103.21,0.0842,20.33,14.17,21.19,75.0,1500.0,15.2,sensor_drift,0.63
fault_sensor_drift_2,2036,1789845973.2783868,4683.2,129.89,733.95,4.23,103.2,0.0921,20.1,14.18,21.11,75.0,1500.0,15.2,sensor_drift,0.63
fault_sensor_drift_2,2037,1789845974.2783868,4693.9,129.81,735.05,4.28,103.33,0.0874,19.96,14.14,21.15,75.0,1500.0,15.2,sensor_drift,0.63
fault_sensor_drift_2,2038,1789845975.2783868,4695.3,129.97,735.38,4.32,103.41,0.0881,19.81,14.16,21.07,75.0,1500.0,15.2,sensor_drift,0.63
fault_sensor_drift_2,2039,1789845976.2783868,4704.1,130.32,735.82,4.34,103.38,0.0881,19.89,14.16,21.27,75.0,1500.0,15.2,sensor_drift,0.63
fault_sensor_drift_2,2040,1789845977.2783868,4699.9,130.09,736.76,4.41,103.32,0.0849,20.0,14.16,21.1,75.0,1500.0,15.2,sensor_drift,0.63
fault_sensor_drift_2,2041,1789845978.2783868,4702.7,130.04,735.96,4.31,103.35,0.0713,20.05,14.11,21.03,75.0,1500.0,15.2,sensor_drift,0.63
fault_sensor_drift_2,2042,1789845979.2783868,4697.4,130.04,738.61,4.31,103.43,0.0638,20.13,14.07,21.28,75.0,1500.0,15.2,sensor_drift,0.63
fault_sensor_drift_2,2043,1789845980.2783868,4709.5,130.17,738.49,4.41,103.62,0.0688,19.95,14.11,21.11,75.0,1500.0,15.2,sensor_drift,0.63
fault_sensor_drift_2,2044,1789845981.2783868,4706.2,130.34,740.33,4.41,103.71,0.0692,20.0,14.02,21.31,75.0,1500.0,15.2,sensor_drift,0.63
fault_sensor_drift_2,2045,1789845982.2783868,4731.5,130.3,741.71,4.44,103.67,0.0593,20.01,14.03,20.95,75.0,1500.0,15.2,sensor_drift,0.63
fault_sensor_drift_2,2046,1789845983.2783868,4720.2,130.31,738.01,4.38,103.71,0.07,20.05,14.02,21.09,75.0,1500.0,15.2,sensor_drift,0.63
fault_sensor_drift_2,2047,1789845984.2783868,4735.7,130.46,740.61,4.33,103.72,0.0628,20.01,13.98,21.09,75.0,1500.0,15.2,sensor_drift,0.63
fault_sensor_drift_2,2048,1789845985.2783868,4714.3,129.99,736.35,4.28,103.98,0.0714,19.94,14.07,21.24,75.0,1500.0,15.2,sensor_drift,0.63
fault_sensor_drift_2,2049,1789845986.2783868,4740.6,130.01,738.03,4.33,103.98,0.0679,19.87,14.12,21.52,75.0,1500.0,15.2,sensor_drift,0.63
fault_sensor_drift_2,2050,1789845987.2783868,4734.7,129.85,736.08,4.28,103.96,0.0681,19.98,14.07,21.46,75.0,1500.0,15.2,sensor_drift,0.63
fault_sensor_drift_2,2051,1789845988.2783868,4738.8,130.31,735.75,4.26,103.86,0.075,20.14,14.14,21.31,75.0,1500.0,15.2,sensor_drift,0.63
fault_sensor_drift_2,2052,1789845989.2783868,4708.7,130.34,735.13,4.21,103.79,0.0922,20.08,14.08,21.43,75.0,1500.0,15.2,sensor_drift,0.63
fault_sensor_drift_2,2053,1789845990.2783868,4720.6,130.8,734.58,4.32,103.86,0.0951,20.03,14.1,21.54,75.0,1500.0,15.2,sensor_drift,0.63
fault_sensor_drift_2,2054,1789845991.2783868,4719.4,130.85,738.58,4.35,103.86,0.0865,20.05,14.11,21.39,75.0,1500.0,15.2,sensor_drift,0.63
fault_sensor_drift_2,2055,1789845992.2783868,4690.5,130.75,736.89,4.34,103.8,0.0752,20.31,14.16,21.44,75.0,1500.0,15.2,sensor_drift,0.63
fault_sensor_drift_2,2056,1789845993.2783868,4674.7,130.68,737.77,4.31,103.81,0.0752,20.16,14.16,21.3,75.0,1500.0,15.2,sensor_drift,0.63
fault_sensor_drift_2,2057,1789845994.2783868,4696.7,130.75,737.31,4.38,103.8,0.0744,20.26,14.13,21.64,75.0,1500.0,15.2,sensor_drift,0.63
fault_sensor_drift_2,2058,1789845995.2783868,4689.0,130.98,737.55,4.33,103.7,0.0797,20.26,14.21,21.26,75.0,1500.0,15.2,sensor_drift,0.63
fault_sensor_drift_2,2059,1789845996.2783868,4713.3,131.08,733.78,4.26,103.73,0.0804,20.24,14.21,21.24,75.0,1500.0,15.2,sensor_drift,0.63
fault_sensor_drift_2,2060,1789845997.2783868,4724.1,130.85,738.12,4.3,103.77,0.0846,20.28,14.2,21.06,75.0,1500.0,15.2,sensor_drift,0.63
fault_sensor_drift_2,2061,1789845998.2783868,4715.6,130.68,738.03,4.3,103.7,0.0797,20.21,14.2,20.65,75.0,1500.0,15.2,sensor_drift,0.63
fault_sensor_drift_2,2062,1789845999.2783868,4732.4,130.5,739.96,4.39,103.72,0.082,20.21,14.21,21.29,75.0,1500.0,15.2,sensor_drift,0.63
fault_sensor_drift_2,2063,1789846000.2783868,4723.2,130.72,740.88,4.33,103.73,0.0842,20.19,14.28,21.05,75.0,1500.0,15.2,sensor_drift,0.63
fault_sensor_drift_2,2064,1789846001.2783868,4714.7,130.91,743.31,4.4,103.84,0.0626,20.15,14.34,20.79,75.0,1500.0,15.2,sensor_drift,0.63
fault_sensor_drift_2,2065,1789846002.2783868,4694.1,130.86,743.95,4.29,103.71,0.0721,20.04,14.32,20.88,75.0,1500.0,15.2,sensor_drift,0.63
fault_sensor_drift_2,2066,1789846003.2783868,4701.8,130.88,740.37,4.24,103.81,0.0719,20.01,14.36,20.86,75.0,1500.0,15.2,sensor_drift,0.63
fault_sensor_drift_2,2067,1789846004.2783868,4691.9,131.05,737.06,4.29,103.88,0.0815,20.01,14.3,21.43,75.0,1500.0,15.2,sensor_drift,0.63
fault_sensor_drift_2,2068,1789846005.2783868,4673.1,130.81,743.09,4.35,103.95,0.0816,20.08,14.24,21.05,75.0,1500.0,15.2,sensor_drift,0.63
fault_sensor_drift_2,2069,1789846006.2783868,4684.5,130.78,739.36,4.31,103.95,0.0758,20.31,14.2,21.29,75.0,1500.0,15.2,sensor_drift,0.63
fault_sensor_drift_2,2070,1789846007.2783868,4694.0,130.45,735.0,4.42,103.9,0.0772,20.27,14.14,21.07,75.0,1500.0,15.2,sensor_drift,0.63
fault_sensor_drift_2,2071,1789846008.2783868,4679.7,130.42,738.6,4.46,104.05,0.0736,20.19,14.17,21.0,75.0,1500.0,15.2,sensor_drift,0.63
fault_sensor_drift_2,2072,1789846009.2783868,4663.6,130.24,737.67,4.42,103.93,0.0749,20.05,14.18,21.31,75.0,1500.0,15.2,sensor_drift,0.63
fault_sensor_drift_2,2073,1789846010.2783868,4670.3,130.38,737.53,4.39,103.8,0.0771,20.06,14.17,21.25,75.0,1500.0,15.2,sensor_drift,0.63
fault_sensor_drift_2,2074,1789846011.2783868,4639.2,130.19,737.44,4.4,103.81,0.0843,20.13,14.16,21.52,75.0,1500.0,15.2,sensor_drift,0.63
fault_sensor_drift_2,2075,1789846012.2783868,4660.8,130.24,732.76,4.35,103.82,0.0752,20.08,14.14,21.68,75.0,1500.0,15.2,sensor_drift,0.63
fault_sensor_drift_2,2076,1789846013.2783868,4682.5,130.43,738.76,4.38,103.91,0.0815,20.09,14.14,21.13,75.0,1500.0,15.2,sensor_drift,0.63
fault_sensor_drift_2,2077,1789846014.2783868,4678.6,130.49,745.26,4.39,103.86,0.078,20.03,14.23,21.17,75.0,1500.0,15.2,sensor_drift,0.63
fault_sensor_drift_2,2078,1789846015.2783868,4666.5,130.36,745.23,4.31,103.83,0.0742,19.86,14.22,21.0,75.0,1500.0,15.2,sensor_drift,0.63
fault_sensor_drift_2,2079,1789846016.2783868,4681.6,130.53,741.97,4.34,103.77,0.0799,20.08,14.2,21.25,75.0,1500.0,15.2,sensor_drift,0.63
fault_sensor_drift_2,2080,1789846017.2783868,4710.3,130.11,740.6,4.19,103.73,0.0819,20.07,14.24,21.42,75.0,1500.0,15.2,sensor_drift,0.63
fault_sensor_drift_2,2081,1789846018.2783868,4677.5,129.96,736.46,4.39,103.58,0.0754,20.06,14.13,21.4,75.0,1500.0,15.2,sensor_drift,0.63
fault_sensor_drift_2,2082,1789846019.2783868,4688.6,129.94,735.37,4.42,103.81,0.0659,20.11,14.08,21.38,75.0,1500.0,15.2,sensor_drift,0.63
fault_sensor_drift_2,2083,1789846020.2783868,4700.1,130.11,738.8,4.35,103.84,0.0709,20.06,14.1,21.4,75.0,1500.0,15.2,sensor_drift,0.63
fault_sensor_drift_2,2084,1789846021.2783868,4728.6,130.09,737.28,4.32,104.0,0.0698,20.11,14.22,20.96,75.0,1500.0,15.2,sensor_drift,0.63
fault_sensor_drift_2,2085,1789846022.2783868,4731.6,130.12,733.43,4.33,103.94,0.0715,20.05,14.23,21.11,75.0,1500.0,15.2,sensor_drift,0.63
fault_sensor_drift_2,2086,1789846023.2783868,4751.2,130.1,735.25,4.34,103.87,0.0759,20.28,14.26,21.27,75.0,1500.0,15.2,sensor_drift,0.63
fault_sensor_drift_2,2087,1789846024.2783868,4729.1,130.44,734.02,4.49,103.8,0.082,20.36,14.23,21.3,75.0,1500.0,15.2,sensor_drift,0.63
fault_sensor_drift_2,2088,1789846025.2783868,4720.9,130.65,740.88,4.43,103.91,0.0758,20.23,14.26,21.3,75.0,1500.0,15.2,sensor_drift,0.63
fault_sensor_drift_2,2089,1789846026.2783868,4751.0,130.58,739.72,4.34,103.87,0.0732,20.38,14.33,21.09,75.0,1500.0,15.2,sensor_drift,0.63
fault_sensor_drift_2,2090,1789846027.2783868,4752.8,130.93,735.85,4.33,103.91,0.0748,20.44,14.28,20.98,75.0,1500.0,15.2,sensor_drift,0.63
fault_sensor_drift_2,2091,1789846028.2783868,4727.4,130.79,732.27,4.3,103.88,0.076,20.27,14.28,20.99,75.0,1500.0,15.2,sensor_drift,0.63
fault_sensor_drift_2,2092,1789846029.2783868,4706.7,130.78,734.99,4.35,104.09,0.0739,20.31,14.25,21.12,75.0,1500.0,15.2,sensor_drift,0.63
fault_sensor_drift_2,2093,1789846030.2783868,4704.4,130.93,736.61,4.42,104.16,0.0705,20.33,14.24,20.83,75.0,1500.0,15.2,sensor_drift,0.63
fault_sensor_drift_2,2094,1789846031.2783868,4724.1,130.91,737.09,4.43,104.17,0.073,20.3,14.14,21.0,75.0,1500.0,15.2,sensor_drift,0.63
fault_sensor_drift_2,2095,1789846032.2783868,4720.7,131.26,740.14,4.49,104.13,0.0698,20.36,14.19,21.1,75.0,1500.0,15.2,sensor_drift,0.63
fault_sensor_drift_2,2096,1789846033.2783868,4733.7,131.24,740.58,4.5,103.98,0.0683,20.38,14.22,21.37,75.0,1500.0,15.2,sensor_drift,0.63
fault_sensor_drift_2,2097,1789846034.2783868,4727.6,131.15,739.39,4.46,103.85,0.071,20.38,14.17,21.07,75.0,1500.0,15.2,sensor_drift,0.63
fault_sensor_drift_2,2098,1789846035.2783868,4723.3,131.06,737.31,4.47,103.88,0.0563,20.33,14.12,20.89,75.0,1500.0,15.2,sensor_drift,0.63
fault_sensor_drift_2,2099,1789846036.2783868,4696.3,130.96,740.71,4.31,103.82,0.0647,20.2,14.17,21.34,75.0,1500.0,15.2,sensor_drift,0.63
fault_sensor_drift_2,2100,1789846037.2783868,4700.2,130.79,741.64,4.3,103.85,0.0706,20.24,14.2,20.8,75.0,1500.0,15.2,sensor_drift,0.63
fault_sensor_drift_2,2101,1789846038.2783868,4703.0,131.01,738.76,4.33,103.83,0.0707,20.2,14.21,20.76,75.0,1500.0,15.2,sensor_drift,0.63
fault_sensor_drift_2,2102,1789846039.2783868,4686.5,131.31,739.7,4.41,103.95,0.0682,20.18,14.26,20.88,75.0,1500.0,15.2,sensor_drift,0.63
fault_sensor_drift_2,2103,1789846040.2783868,4687.3,131.32,738.41,4.41,104.01,0.0782,20.19,14.3,20.73,75.0,1500.0,15.2,sensor_drift,0.63
fault_sensor_drift_2,2104,1789846041.2783868,4706.8,131.31,738.04,4.33,103.86,0.0795,20.1,14.33,21.14,75.0,1500.0,15.2,sensor_drift,0.63
fault_sensor_drift_2,2105,1789846042.2783868,4715.2,131.19,735.63,4.38,103.71,0.0819,20.29,14.39,20.95,75.0,1500.0,15.2,sensor_drift,0.63
fault_sensor_drift_2,2106,1789846043.2783868,4728.9,130.65,738.57,4.36,103.68,0.0727,20.24,14.23,21.14,75.0,1500.0,15.2,sensor_drift,0.63
fault_sensor_drift_2,2107,1789846044.2783868,4733.4,130.96,737.61,4.31,103.59,0.0758,20.15,14.29,21.02,75.0,1500.0,15.2,sensor_drift,0.63
fault_sensor_drift_2,2108,1789846045.2783868,4722.3,130.86,741.47,4.35,103.76,0.0627,20.34,14.31,21.09,75.0,1500.0,15.2,sensor_drift,0.63
fault_sensor_drift_2,2109,1789846046.2783868,4762.3,130.81,736.77,4.39,103.85,0.059,20.4,14.19,21.35,75.0,1500.0,15.2,sensor_drift,0.63
fault_sensor_drift_2,2110,1789846047.2783868,4750.2,130.87,740.24,4.38,103.62,0.0633,20.44,14.23,21.48,75.0,1500.0,15.2,sensor_drift,0.63
fault_sensor_drift_2,2111,1789846048.2783868,4737.4,131.33,744.48,4.44,103.55,0.0679,20.24,14.28,21.42,75.0,1500.0,15.2,sensor_drift,0.63
fault_sensor_drift_2,2112,1789846049.2783868,4717.2,131.17,745.86,4.47,103.68,0.0711,20.17,14.27,21.44,75.0,1500.0,15.2,sensor_drift,0.63
fault_sensor_drift_2,2113,1789846050.2783868,4702.1,131.55,741.54,4.5,103.67,0.0678,20.1,14.3,21.44,75.0,1500.0,15.2,sensor_drift,0.63
fault_sensor_drift_2,2114,1789846051.2783868,4702.7,131.2,737.52,4.44,103.66,0.0773,20.17,14.3,21.39,75.0,1500.0,15.2,sensor_drift,0.63
fault_sensor_drift_2,2115,1789846052.2783868,4700.0,131.14,744.02,4.42,103.68,0.0784,20.21,14.27,21.37,75.0,1500.0,15.2,sensor_drift,0.63
fault_sensor_drift_2,2116,1789846053.2783868,4695.3,131.31,743.1,4.45,103.61,0.078,20.2,14.32,21.44,75.0,1500.0,15.2,sensor_drift,0.63
fault_sensor_drift_2,2117,1789846054.2783868,4710.9,131.34,745.42,4.36,103.62,0.0809,20.18,14.36,21.16,75.0,1500.0,15.2,sensor_drift,0.63
fault_sensor_drift_2,2118,1789846055.2783868,4740.6,131.1,746.75,4.38,103.55,0.0787,20.37,14.36,20.89,75.0,1500.0,15.2,sensor_drift,0.63
fault_sensor_drift_2,2119,1789846056.2783868,4751.5,130.99,744.27,4.36,103.44,0.0726,20.22,14.36,20.83,75.0,1500.0,15.2,sensor_drift,0.63
fault_sensor_drift_2,2120,1789846057.2783868,4762.7,131.02,744.62,4.31,103.49,0.0732,20.04,14.42,21.21,75.0,1500.0,15.2,sensor_drift,0.63
fault_sensor_drift_2,2121,1789846058.2783868,4751.8,131.18,743.81,4.38,103.45,0.0769,19.98,14.35,21.21,75.0,1500.0,15.2,sensor_drift,0.63
fault_sensor_drift_2,2122,1789846059.2783868,4743.4,130.97,748.24,4.29,103.36,0.0723,20.14,14.34,20.88,75.0,1500.0,15.2,sensor_drift,0.63
fault_sensor_drift_2,2123,1789846060.2783868,4719.4,131.29,747.62,4.24,103.41,0.0846,20.29,14.34,20.77,75.0,1500.0,15.2,sensor_drift,0.63
fault_sensor_drift_2,2124,1789846061.2783868,4726.3,131.71,748.63,4.32,103.34,0.0813,20.13,14.32,20.75,75.0,1500.0,15.2,sensor_drift,0.63
fault_sensor_drift_2,2125,1789846062.2783868,4734.9,131.63,747.56,4.3,103.38,0.0789,20.15,14.22,20.77,75.0,1500.0,15.2,sensor_drift,0.63
fault_sensor_drift_2,2126,1789846063.2783868,4707.3,131.79,749.47,4.21,103.25,0.0681,20.03,14.14,21.13,75.0,1500.0,15.2,sensor_drift,0.63
fault_sensor_drift_2,2127,1789846064.2783868,4712.8,131.67,745.21,4.26,103.13,0.0693,20.11,14.2,21.05,75.0,1500.0,15.2,sensor_drift,0.63
fault_sensor_drift_2,2128,1789846065.2783868,4698.0,131.26,742.24,4.29,103.18,0.0704,20.02,14.18,20.79,75.0,1500.0,15.2,sensor_drift,0.63
fault_sensor_drift_2,2129,1789846066.2783868,4683.6,130.92,743.01,4.25,103.12,0.0726,20.07,14.1,20.93,75.0,1500.0,15.2,sensor_drift,0.63
fault_sensor_drift_2,2130,1789846067.2783868,4715.7,130.88,741.72,4.29,103.1,0.0647,20.02,14.19,20.86,75.0,1500.0,15.2,sensor_drift,0.63
fault_sensor_drift_2,2131,1789846068.2783868,4709.0,130.92,742.93,4.3,103.08,0.0653,20.12,14.2,20.95,75.0,1500.0,15.2,sensor_drift,0.63
fault_sensor_drift_2,2132,1789846069.2783868,4696.3,130.7,738.66,4.25,103.13,0.0634,20.0,14.17,20.94,75.0,1500.0,15.2,sensor_drift,0.63
fault_sensor_drift_2,2133,1789846070.2783868,4723.5,130.85,743.31,4.31,103.1,0.0738,19.96,14.17,20.67,75.0,1500.0,15.2,sensor_drift,0.63
fault_sensor_drift_2,2134,1789846071.2783868,4710.4,131.15,742.4,4.28,103.26,0.0752,20.09,14.12,20.88,75.0,1500.0,15.2,sensor_drift,0.63
fault_sensor_drift_2,2135,1789846072.2783868,4714.0,131.23,741.97,4.28,103.08,0.0701,20.12,14.09,20.94,75.0,1500.0,15.2,sensor_drift,0.63
fault_sensor_drift_2,2136,1789846073.2783868,4728.2,131.08,746.72,4.26,103.04,0.0673,20.27,14.05,21.1,75.0,1500.0,15.2,sensor_drift,0.63
fault_sensor_drift_2,2137,1789846074.2783868,4725.1,131.29,743.48,4.25,102.94,0.0728,20.36,14.03,21.07,75.0,1500.0,15.2,sensor_drift,0.63
fault_sensor_drift_2,2138,1789846075.2783868,4729.6,131.58,742.5,4.31,103.01,0.0873,20.24,14.06,21.29,75.0,1500.0,15.2,sensor_drift,0.63
fault_sensor_drift_2,2139,1789846076.2783868,4722.2,131.54,744.5,4.25,103.16,0.0856,20.26,14.1,21.36,75.0,1500.0,15.2,sensor_drift,0.63
fault_sensor_drift_2,2140,1789846077.2783868,4721.3,131.99,747.75,4.3,103.17,0.0858,20.2,14.18,21.02,75.0,1500.0,15.2,sensor_drift,0.63
fault_sensor_drift_2,2141,1789846078.2783868,4705.9,132.01,754.46,4.35,103.02,0.0681,20.24,14.17,20.98,75.0,1500.0,15.2,sensor_drift,0.63
fault_sensor_drift_2,2142,1789846079.2783868,4716.5,132.0,748.82,4.41,103.16,0.0621,20.28,14.17,20.86,75.0,1500.0,15.2,sensor_drift,0.63
fault_sensor_drift_2,2143,1789846080.2783868,4697.4,131.55,747.22,4.46,103.34,0.0642,20.24,14.12,21.23,75.0,1500.0,15.2,sensor_drift,0.63
fault_sensor_drift_2,2144,1789846081.2783868,4692.8,131.53,745.14,4.41,103.25,0.0686,20.2,14.12,21.14,75.0,1500.0,15.2,sensor_drift,0.63
fault_sensor_drift_2,2145,1789846082.2783868,4671.1,131.45,745.41,4.39,103.34,0.0699,20.23,14.11,21.0,75.0,1500.0,15.2,sensor_drift,0.63
fault_sensor_drift_2,2146,1789846083.2783868,4691.2,131.52,747.95,4.21,103.47,0.0706,20.3,14.15,21.48,75.0,1500.0,15.2,sensor_drift,0.63
fault_sensor_drift_2,2147,1789846084.2783868,4679.9,131.59,757.37,4.3,103.46,0.0702,20.5,14.12,21.5,75.0,1500.0,15.2,sensor_drift,0.63
fault_sensor_drift_2,2148,1789846085.2783868,4686.0,131.36,751.71,4.3,103.41,0.0749,20.44,14.07,21.59,75.0,1500.0,15.2,sensor_drift,0.63
fault_sensor_drift_2,2149,1789846086.2783868,4696.2,131.39,748.41,4.39,103.41,0.0702,20.25,14.05,21.59,75.0,1500.0,15.2,sensor_drift,0.63
fault_sensor_drift_2,2150,1789846087.2783868,4675.7,131.32,746.22,4.35,103.4,0.0689,20.12,14.09,21.46,75.0,1500.0,15.2,sensor_drift,0.63
fault_sensor_drift_2,2151,1789846088.2783868,4662.6,131.61,748.72,4.42,103.47,0.0711,20.23,14.13,21.4,75.0,1500.0,15.2,sensor_drift,0.63
fault_sensor_drift_2,2152,1789846089.2783868,4669.1,132.03,738.37,4.41,103.5,0.0789,20.1,14.1,21.01,75.0,1500.0,15.2,sensor_drift,0.63
fault_sensor_drift_2,2153,1789846090.2783868,4670.4,132.15,737.8,4.43,103.62,0.0809,20.23,14.15,21.11,75.0,1500.0,15.2,sensor_drift,0.63
fault_sensor_drift_2,2154,1789846091.2783868,4687.4,132.0,742.3,4.38,103.49,0.0741,20.17,14.2,20.94,75.0,1500.0,15.2,sensor_drift,0.63
fault_sensor_drift_2,2155,1789846092.2783868,4721.5,131.66,740.28,4.29,103.38,0.0791,20.02,14.14,21.04,75.0,1500.0,15.2,sensor_drift,0.63
fault_sensor_drift_2,2156,1789846093.2783868,4729.4,131.7,736.96,4.29,103.32,0.0737,20.14,14.11,20.99,75.0,1500.0,15.2,sensor_drift,0.63
fault_sensor_drift_2,2157,1789846094.2783868,4728.4,132.03,737.38,4.37,103.44,0.0766,20.15,14.14,20.87,75.0,1500.0,15.2,sensor_drift,0.63
fault_sensor_drift_2,2158,1789846095.2783868,4704.7,132.2,738.21,4.4,103.45,0.0757,20.01,14.07,21.31,75.0,1500.0,15.2,sensor_drift,0.63
fault_sensor_drift_2,2159,1789846096.2783868,4724.7,132.54,734.88,4.38,103.62,0.0781,20.05,14.14,20.94,75.0,1500.0,15.2,sensor_drift,0.63
fault_sensor_drift_2,2160,1789846097.2783868,4731.4,132.56,742.56,4.37,103.45,0.0739,20.05,14.17,21.2,75.0,1500.0,15.2,sensor_drift,0.63
fault_sensor_drift_2,2161,1789846098.2783868,4718.9,132.3,740.8,4.37,103.38,0.0707,20.13,14.15,21.09,75.0,1500.0,15.2,sensor_drift,0.63
fault_sensor_drift_2,2162,1789846099.2783868,4727.4,132.29,741.6,4.37,103.45,0.0815,20.22,14.09,21.08,75.0,1500.0,15.2,sensor_drift,0.63
fault_sensor_drift_2,2163,1789846100.2783868,4692.6,132.56,737.34,4.33,103.44,0.072,20.32,14.11,21.04,75.0,1500.0,15.2,sensor_drift,0.63
fault_sensor_drift_2,2164,1789846101.2783868,4690.6,132.48,741.4,4.45,103.54,0.0743,20.27,14.11,21.03,75.0,1500.0,15.2,sensor_drift,0.63
fault_sensor_drift_2,2165,1789846102.2783868,4685.4,132.22,744.27,4.49,103.56,0.0685,20.3,14.09,20.93,75.0,1500.0,15.2,sensor_drift,0.63
fault_sensor_drift_2,2166,1789846103.2783868,4699.5,132.25,745.53,4.48,103.64,0.0725,20.46,14.06,21.17,75.0,1500.0,15.2,sensor_drift,0.63
fault_sensor_drift_2,2167,1789846104.2783868,4688.1,132.66,743.77,4.44,103.77,0.0697,20.29,14.07,21.16,75.0,1500.0,15.2,sensor_drift,0.63
fault_sensor_drift_2,2168,1789846105.2783868,4667.8,132.84,744.43,4.39,103.83,0.0685,20.17,14.09,21.37,75.0,1500.0,15.2,sensor_drift,0.63
fault_sensor_drift_2,2169,1789846106.2783868,4661.3,132.78,742.85,4.36,103.85,0.0738,20.05,14.09,21.07,75.0,1500.0,15.2,sensor_drift,0.63
fault_sensor_drift_2,2170,1789846107.2783868,4668.9,132.44,741.61,4.39,103.93,0.0793,20.04,14.16,21.04,75.0,1500.0,15.2,sensor_drift,0.63
fault_sensor_drift_2,2171,1789846108.2783868,4690.5,132.28,737.6,4.39,103.99,0.0809,19.97,14.09,21.4,75.0,1500.0,15.2,sensor_drift,0.63
fault_sensor_drift_2,2172,1789846109.2783868,4662.4,132.18,736.25,4.33,103.92,0.0687,19.86,14.09,21.11,75.0,1500.0,15.2,sensor_drift,0.63
fault_sensor_drift_2,2173,1789846110.2783868,4650.0,132.03,739.69,4.37,103.95,0.0771,19.99,14.08,21.29,75.0,1500.0,15.2,sensor_drift,0.63
fault_sensor_drift_2,2174,1789846111.2783868,4669.9,132.15,738.84,4.36,103.88,0.0843,20.02,14.04,21.31,75.0,1500.0,15.2,sensor_drift,0.63
fault_sensor_drift_2,2175,1789846112.2783868,4674.0,132.02,737.63,4.34,103.91,0.0846,20.06,13.99,21.66,75.0,1500.0,15.2,sensor_drift,0.63
fault_sensor_drift_2,2176,1789846113.2783868,4665.8,132.18,738.98,4.39,103.85,0.0831,20.24,14.05,21.37,75.0,1500.0,15.2,sensor_drift,0.63
fault_sensor_drift_2,2177,1789846114.2783868,4656.3,131.85,738.25,4.35,103.77,0.0751,20.12,14.08,21.45,75.0,1500.0,15.2,sensor_drift,0.63
fault_sensor_drift_2,2178,1789846115.2783868,4642.0,131.99,734.86,4.36,103.87,0.0755,20.17,14.18,21.2,75.0,1500.0,15.2,sensor_drift,0.63
fault_sensor_drift_2,2179,1789846116.2783868,4664.9,131.83,738.4,4.37,103.9,0.0674,20.21,14.26,21.02,75.0,1500.0,15.2,sensor_drift,0.63
fault_sensor_drift_2,2180,1789846117.2783868,4691.1,131.55,740.47,4.39,103.87,0.067,20.3,14.24,21.14,75.0,1500.0,15.2,sensor_drift,0.63
fault_sensor_drift_2,2181,1789846118.2783868,4692.2,131.46,735.14,4.37,103.91,0.0698,20.26,14.18,21.02,75.0,1500.0,15.2,sensor_drift,0.63
fault_sensor_drift_2,2182,1789846119.2783868,4677.7,131.64,734.95,4.28,104.01,0.0656,20.34,14.14,20.93,75.0,1500.0,15.2,sensor_drift,0.63
fault_sensor_drift_2,2183,1789846120.2783868,4706.5,131.33,732.51,4.3,103.95,0.0637,20.37,14.1,21.31,75.0,1500.0,15.2,sensor_drift,0.63
fault_sensor_drift_2,2184,1789846121.2783868,4724.4,131.44,731.17,4.32,103.88,0.0721,20.23,14.1,20.99,75.0,1500.0,15.2,sensor_drift,0.63
fault_sensor_drift_2,2185,1789846122.2783868,4723.5,131.72,732.25,4.33,103.81,0.0674,20.16,14.1,21.04,75.0,1500.0,15.2,sensor_drift,0.63
fault_sensor_drift_2,2186,1789846123.2783868,4701.6,131.44,738.64,4.38,103.77,0.0725,20.01,14.06,21.02,75.0,1500.0,15.2,sensor_drift,0.63
fault_sensor_drift_2,2187,1789846124.2783868,4734.9,131.49,743.85,4.4,103.69,0.0659,20.11,14.05,21.15,75.0,1500.0,15.2,sensor_drift,0.63
fault_sensor_drift_2,2188,1789846125.2783868,4708.9,131.86,746.7,4.38,103.59,0.063,20.05,14.07,20.57,75.0,1500.0,15.2,sensor_drift,0.63
fault_sensor_drift_2,2189,1789846126.2783868,4704.6,131.84,746.29,4.3,103.54,0.0734,20.13,14.09,20.86,75.0,1500.0,15.2,sensor_drift,0.63
fault_sensor_drift_2,2190,1789846127.2783868,4703.7,131.62,740.5,4.37,103.5,0.0686,20.37,14.02,21.0,75.0,1500.0,15.2,sensor_drift,0.63
fault_sensor_drift_2,2191,1789846128.2783868,4688.7,131.76,741.84,4.3,103.59,0.0697,20.44,14.06,21.12,75.0,1500.0,15.2,sensor_drift,0.63
fault_sensor_drift_2,2192,1789846129.2783868,4695.0,131.8,739.74,4.27,103.58,0.0723,20.26,14.02,20.95,75.0,1500.0,15.2,sensor_drift,0.63
fault_sensor_drift_2,2193,1789846130.2783868,4706.7,131.64,733.25,4.32,103.6,0.0685,20.25,13.96,20.75,75.0,1500.0,15.2,sensor_drift,0.63
fault_sensor_drift_2,2194,1789846131.2783868,4725.9,132.03,737.28,4.31,103.46,0.0742,20.3,14.03,20.81,75.0,1500.0,15.2,sensor_drift,0.63
fault_sensor_drift_2,2195,1789846132.2783868,4691.2,131.79,741.74,4.28,103.46,0.0779,20.38,14.09,20.79,75.0,1500.0,15.2,sensor_drift,0.63
fault_sensor_drift_2,2196,1789846133.2783868,4684.9,132.23,742.8,4.3,103.4,0.0687,20.36,14.15,21.29,75.0,1500.0,15.2,sensor_drift,0.63
fault_sensor_drift_2,2197,1789846134.2783868,4694.5,132.09,745.82,4.29,103.4,0.0654,20.36,14.19,21.14,75.0,1500.0,15.2,sensor_drift,0.63
fault_sensor_drift_2,2198,1789846135.2783868,4701.3,132.03,741.77,4.25,103.39,0.0636,20.37,14.17,21.16,75.0,1500.0,15.2,sensor_drift,0.63
fault_sensor_drift_2,2199,1789846136.2783868,4695.7,131.92,740.62,4.21,103.69,0.0564,20.37,14.19,21.22,75.0,1500.0,15.2,sensor_drift,0.63
fault_sensor_drift_2,2200,1789846137.2783868,4685.1,131.94,738.56,4.25,103.65,0.0628,20.31,14.15,21.32,75.0,1500.0,15.2,sensor_drift,0.63
fault_sensor_drift_2,2201,1789846138.2783868,4669.5,132.0,742.51,4.3,103.7,0.0711,20.13,14.12,21.66,75.0,1500.0,15.2,sensor_drift,0.63
fault_sensor_drift_2,2202,1789846139.2783868,4676.1,131.65,738.83,4.33,103.85,0.0672,20.04,14.12,21.51,75.0,1500.0,15.2,sensor_drift,0.63
fault_sensor_drift_2,2203,1789846140.2783868,4681.7,131.78,745.05,4.33,103.78,0.0695,20.25,14.2,21.16,75.0,1500.0,15.2,sensor_drift,0.63
fault_sensor_drift_2,2204,1789846141.2783868,4695.9,131.93,746.3,4.29,103.89,0.0721,20.14,14.14,21.28,75.0,1500.0,15.2,sensor_drift,0.63
fault_sensor_drift_2,2205,1789846142.2783868,4678.6,131.46,747.19,4.32,103.88,0.0671,20.17,14.17,21.55,75.0,1500.0,15.2,sensor_drift,0.63
fault_sensor_drift_2,2206,1789846143.2783868,4677.8,131.5,744.25,4.37,103.89,0.0802,20.43,14.21,21.86,75.0,1500.0,15.2,sensor_drift,0.63
fault_sensor_drift_2,2207,1789846144.2783868,4683.3,131.66,741.37,4.32,103.83,0.0645,20.51,14.36,21.46,75.0,1500.0,15.2,sensor_drift,0.63
fault_sensor_drift_2,2208,1789846145.2783868,4701.9,131.54,739.97,4.34,103.89,0.0579,20.34,14.37,21.03,75.0,1500.0,15.2,sensor_drift,0.63
fault_sensor_drift_2,2209,1789846146.2783868,4722.0,131.91,741.8,4.37,103.77,0.0625,20.45,14.32,21.49,75.0,1500.0,15.2,sensor_drift,0.63
fault_sensor_drift_2,2210,1789846147.2783868,4733.7,132.06,747.14,4.38,103.91,0.0577,20.45,14.3,21.17,75.0,1500.0,15.2,sensor_drift,0.63
fault_sensor_drift_2,2211,1789846148.2783868,4737.2,131.91,744.08,4.4,103.87,0.0681,20.59,14.2,21.19,75.0,1500.0,15.2,sensor_drift,0.63
fault_sensor_drift_2,2212,1789846149.2783868,4713.5,132.03,745.96,4.4,104.05,0.0625,20.46,14.17,21.54,75.0,1500.0,15.2,sensor_drift,0.63
fault_sensor_drift_2,2213,1789846150.2783868,4670.2,132.08,743.32,4.35,104.05,0.0602,20.49,14.13,21.46,75.0,1500.0,15.2,sensor_drift,0.63
fault_sensor_drift_2,2214,1789846151.2783868,4660.8,131.89,745.77,4.29,103.88,0.0671,20.44,14.11,21.9,75.0,1500.0,15.2,sensor_drift,0.63
fault_sensor_drift_2,2215,1789846152.2783868,4688.8,131.99,744.93,4.29,103.74,0.0704,20.27,14.13,21.61,75.0,1500.0,15.2,sensor_drift,0.63
fault_sensor_drift_2,2216,1789846153.2783868,4705.8,132.3,743.72,4.29,103.87,0.0791,20.2,14.13,21.63,75.0,1500.0,15.2,sensor_drift,0.63
fault_sensor_drift_2,2217,1789846154.2783868,4704.0,131.97,743.82,4.27,103.86,0.0796,20.32,14.13,21.52,75.0,1500.0,15.2,sensor_drift,0.63
fault_sensor_drift_2,2218,1789846155.2783868,4709.6,131.92,743.81,4.29,103.64,0.0691,20.38,14.2,21.41,75.0,1500.0,15.2,sensor_drift,0.63
fault_sensor_drift_2,2219,1789846156.2783868,4717.8,131.85,743.1,4.35,103.7,0.0718,20.29,14.22,21.62,75.0,1500.0,15.2,sensor_drift,0.63
fault_sensor_drift_2,2220,1789846157.2783868,4723.8,131.93,740.1,4.24,103.82,0.0678,20.25,14.18,21.64,75.0,1500.0,15.2,sensor_drift,0.63
fault_sensor_drift_2,2221,1789846158.2783868,4718.3,132.32,739.19,4.31,103.78,0.0721,20.17,14.23,21.33,75.0,1500.0,15.2,sensor_drift,0.63
fault_sensor_drift_2,2222,1789846159.2783868,4713.9,132.41,738.05,4.31,104.01,0.069,20.26,14.18,21.4,75.0,1500.0,15.2,sensor_drift,0.63
fault_sensor_drift_2,2223,1789846160.2783868,4704.6,132.57,735.84,4.36,104.03,0.0735,20.23,14.28,21.39,75.0,1500.0,15.2,sensor_drift,0.63
fault_sensor_drift_2,2224,1789846161.2783868,4703.4,132.64,733.16,4.36,104.18,0.0638,20.54,14.29,21.47,75.0,1500.0,15.2,sensor_drift,0.63
fault_sensor_drift_2,2225,1789846162.2783868,4706.4,132.41,732.34,4.34,104.35,0.0687,20.38,14.26,21.62,75.0,1500.0,15.2,sensor_drift,0.63
fault_sensor_drift_2,2226,1789846163.2783868,4706.8,132.31,732.29,4.43,104.36,0.0724,20.39,14.26,21.34,75.0,1500.0,15.2,sensor_drift,0.63
fault_sensor_drift_2,2227,1789846164.2783868,4733.0,132.87,731.53,4.47,104.31,0.0777,20.32,14.27,21.64,75.0,1500.0,15.2,sensor_drift,0.63
fault_sensor_drift_2,2228,1789846165.2783868,4742.0,133.1,731.59,4.36,104.28,0.0728,20.31,14.33,21.58,75.0,1500.0,15.2,sensor_drift,0.63
fault_sensor_drift_2,2229,1789846166.2783868,4735.4,132.94,733.13,4.32,104.14,0.0659,20.16,14.32,21.32,75.0,1500.0,15.2,sensor_drift,0.63
fault_sensor_drift_2,2230,1789846167.2783868,4723.8,132.88,732.03,4.26,104.2,0.0691,20.05,14.33,21.24,75.0,1500.0,15.2,sensor_drift,0.63
fault_sensor_drift_2,2231,1789846168.2783868,4696.1,132.89,730.61,4.25,104.3,0.0681,20.05,14.32,21.37,75.0,1500.0,15.2,sensor_drift,0.63
fault_sensor_drift_2,2232,1789846169.2783868,4699.5,133.09,734.86,4.24,104.34,0.0612,19.9,14.28,21.56,75.0,1500.0,15.2,sensor_drift,0.63
fault_sensor_drift_2,2233,1789846170.2783868,4694.8,133.52,740.28,4.33,104.28,0.0727,19.97,14.32,21.49,75.0,1500.0,15.2,sensor_drift,0.63
fault_sensor_drift_2,2234,1789846171.2783868,4685.9,133.45,746.36,4.3,104.25,0.0643,20.12,14.3,21.31,75.0,1500.0,15.2,sensor_drift,0.63
fault_sensor_drift_2,2235,1789846172.2783868,4689.5,133.28,743.5,4.38,104.31,0.0708,20.17,14.32,21.35,75.0,1500.0,15.2,sensor_drift,0.63
fault_sensor_drift_2,2236,1789846173.2783868,4692.8,133.21,739.3,4.44,104.23,0.0713,20.26,14.35,20.93,75.0,1500.0,15.2,sensor_drift,0.63
fault_sensor_drift_2,2237,1789846174.2783868,4697.8,132.8,736.92,4.34,104.32,0.0623,20.41,14.26,20.77,75.0,1500.0,15.2,sensor_drift,0.63
fault_sensor_drift_2,2238,1789846175.2783868,4684.5,132.84,738.33,4.4,104.41,0.07,20.38,14.26,21.0,75.0,1500.0,15.2,sensor_drift,0.63
fault_sensor_drift_2,2239,1789846176.2783868,4685.5,132.8,736.77,4.42,104.37,0.0742,20.47,14.21,20.86,75.0,1500.0,15.2,sensor_drift,0.63
fault_sensor_drift_2,2240,1789846177.2783868,4694.2,132.87,736.6,4.39,104.48,0.0773,20.37,14.18,20.73,75.0,1500.0,15.2,sensor_drift,0.63
fault_sensor_drift_2,2241,1789846178.2783868,4686.2,132.71,735.56,4.45,104.37,0.0758,20.33,14.23,21.14,75.0,1500.0,15.2,sensor_drift,0.63
fault_sensor_drift_2,2242,1789846179.2783868,4701.1,132.47,737.47,4.43,104.39,0.0824,20.27,14.29,21.17,75.0,1500.0,15.2,sensor_drift,0.63
fault_sensor_drift_2,2243,1789846180.2783868,4666.7,132.58,740.68,4.38,104.38,0.0824,20.39,14.3,21.18,75.0,1500.0,15.2,sensor_drift,0.63
fault_sensor_drift_2,2244,1789846181.2783868,4655.8,132.59,743.93,4.34,104.38,0.0761,20.39,14.36,21.19,75.0,1500.0,15.2,sensor_drift,0.63
fault_sensor_drift_2,2245,1789846182.2783868,4680.7,132.65,741.28,4.3,104.17,0.0752,20.37,14.34,21.25,75.0,1500.0,15.2,sensor_drift,0.63
fault_sensor_drift_2,2246,1789846183.2783868,4683.3,132.57,743.48,4.21,104.18,0.074,20.21,14.31,21.25,75.0,1500.0,15.2,sensor_drift,0.63
fault_sensor_drift_2,2247,1789846184.2783868,4659.2,132.68,740.86,4.18,104.21,0.0835,20.28,14.27,20.91,75.0,1500.0,15.2,sensor_drift,0.63
fault_sensor_drift_2,2248,1789846185.2783868,4644.1,132.68,744.57,4.24,104.35,0.0755,20.32,14.21,20.99,75.0,1500.0,15.2,sensor_drift,0.63
fault_sensor_drift_2,2249,1789846186.2783868,4649.8,132.61,752.56,4.29,104.34,0.0749,20.27,14.14,21.28,75.0,1500.0,15.2,sensor_drift,0.63
fault_sensor_drift_2,2250,1789846187.2783868,4644.0,133.12,748.0,4.3,104.35,0.0734,20.19,14.16,21.06,75.0,1500.0,15.2,sensor_drift,0.63
fault_sensor_drift_2,2251,1789846188.2783868,4672.1,132.56,742.73,4.31,104.4,0.076,20.14,14.08,21.17,75.0,1500.0,15.2,sensor_drift,0.63
fault_sensor_drift_2,2252,1789846189.2783868,4708.6,132.92,739.02,4.35,104.51,0.0754,20.31,14.02,21.15,75.0,1500.0,15.2,sensor_drift,0.63
fault_sensor_drift_2,2253,1789846190.2783868,4679.7,132.65,740.61,4.36,104.54,0.0789,20.2,14.04,21.51,75.0,1500.0,15.2,sensor_drift,0.63
fault_sensor_drift_2,2254,1789846191.2783868,4684.1,132.68,739.98,4.29,104.49,0.0674,20.07,14.1,21.29,75.0,1500.0,15.2,sensor_drift,0.63
fault_sensor_drift_2,2255,1789846192.2783868,4696.0,132.48,735.68,4.32,104.51,0.0655,20.17,14.08,21.21,75.0,1500.0,15.2,sensor_drift,0.63
fault_sensor_drift_2,2256,1789846193.2783868,4701.2,132.47,737.93,4.34,104.39,0.0764,20.06,13.99,21.25,75.0,1500.0,15.2,sensor_drift,0.63
fault_sensor_drift_2,2257,1789846194.2783868,4712.2,132.85,735.08,4.32,104.49,0.0763,20.11,13.95,21.53,75.0,1500.0,15.2,sensor_drift,0.63
fault_sensor_drift_2,2258,1789846195.2783868,4711.5,132.62,734.6,4.35,104.38,0.0736,19.97,13.91,21.38,75.0,1500.0,15.2,sensor_drift,0.63
fault_sensor_drift_2,2259,1789846196.2783868,4708.4,132.76,732.98,4.43,104.49,0.0827,19.99,13.96,21.79,75.0,1500.0,15.2,sensor_drift,0.63
fault_sensor_drift_2,2260,1789846197.2783868,4688.7,132.51,732.5,4.37,104.44,0.0786,20.07,13.99,21.83,75.0,1500.0,15.2,sensor_drift,0.63
fault_sensor_drift_2,2261,1789846198.2783868,4686.5,132.5,738.72,4.33,104.31,0.0873,20.34,13.94,21.47,75.0,1500.0,15.2,sensor_drift,0.63
fault_sensor_drift_2,2262,1789846199.2783868,4698.3,132.63,741.28,4.35,104.09,0.0783,20.45,13.96,21.2,75.0,1500.0,15.2,sensor_drift,0.63
fault_sensor_drift_2,2263,1789846200.2783868,4703.3,132.73,742.2,4.23,104.1,0.0707,20.43,14.09,21.3,75.0,1500.0,15.2,sensor_drift,0.63
fault_sensor_drift_2,2264,1789846201.2783868,4699.4,132.94,741.35,4.28,104.04,0.0682,20.67,14.1,21.13,75.0,1500.0,15.2,sensor_drift,0.63
fault_sensor_drift_2,2265,1789846202.2783868,4722.4,132.96,744.6,4.35,104.07,0.0675,20.52,14.17,20.99,75.0,1500.0,15.2,sensor_drift,0.63
fault_sensor_drift_2,2266,1789846203.2783868,4671.2,133.07,746.21,4.33,104.11,0.0687,20.33,14.14,20.98,75.0,1500.0,15.2,sensor_drift,0.63
fault_sensor_drift_2,2267,1789846204.2783868,4666.7,133.48,745.24,4.38,104.03,0.0707,20.41,14.23,21.02,75.0,1500.0,15.2,sensor_drift,0.63
fault_sensor_drift_2,2268,1789846205.2783868,4692.1,133.49,742.69,4.37,104.07,0.0777,20.46,14.21,21.12,75.0,1500.0,15.2,sensor_drift,0.63
fault_sensor_drift_2,2269,1789846206.2783868,4680.9,133.43,741.97,4.38,104.05,0.0713,20.57,14.26,21.19,75.0,1500.0,15.2,sensor_drift,0.63
fault_sensor_drift_2,2270,1789846207.2783868,4687.9,133.59,745.63,4.34,104.18,0.0731,20.59,14.21,20.94,75.0,1500.0,15.2,sensor_drift,0.63
fault_sensor_drift_2,2271,1789846208.2783868,4692.0,133.81,749.0,4.38,104.03,0.0795,20.62,14.22,21.33,75.0,1500.0,15.2,sensor_drift,0.63
fault_sensor_drift_2,2272,1789846209.2783868,4692.9,134.2,751.34,4.33,103.9,0.076,20.62,14.18,21.07,75.0,1500.0,15.2,sensor_drift,0.63
fault_sensor_drift_2,2273,1789846210.2783868,4681.2,134.14,752.96,4.35,103.97,0.0715,20.59,14.22,21.22,75.0,1500.0,15.2,sensor_drift,0.63
fault_sensor_drift_2,2274,1789846211.2783868,4698.2,134.22,747.07,4.41,103.86,0.073,20.5,14.12,21.2,75.0,1500.0,15.2,sensor_drift,0.63
fault_sensor_drift_2,2275,1789846212.2783868,4704.1,133.76,742.54,4.41,103.85,0.0734,20.51,14.18,21.31,75.0,1500.0,15.2,sensor_drift,0.63
fault_sensor_drift_2,2276,1789846213.2783868,4710.6,133.13,745.21,4.34,103.86,0.072,20.36,14.18,21.28,75.0,1500.0,15.2,sensor_drift,0.63
fault_sensor_drift_2,2277,1789846214.2783868,4703.5,133.43,742.47,4.29,104.08,0.0703,20.54,14.2,21.18,75.0,1500.0,15.2,sensor_drift,0.63
fault_sensor_drift_2,2278,1789846215.2783868,4717.1,133.22,743.8,4.37,103.87,0.0742,20.49,14.22,21.37,75.0,1500.0,15.2,sensor_drift,0.63
fault_sensor_drift_2,2279,1789846216.2783868,4707.3,133.33,739.58,4.36,103.82,0.0717,20.48,14.17,21.19,75.0,1500.0,15.2,sensor_drift,0.63
fault_sensor_drift_2,2280,1789846217.2783868,4708.7,133.0,739.29,4.28,103.84,0.0646,20.34,14.17,20.92,75.0,1500.0,15.2,sensor_drift,0.63
fault_sensor_drift_2,2281,1789846218.2783868,4733.3,133.28,736.22,4.3,103.92,0.0643,20.35,14.08,20.97,75.0,1500.0,15.2,sensor_drift,0.63
fault_sensor_drift_2,2282,1789846219.2783868,4717.3,133.67,737.18,4.27,104.04,0.0701,20.31,14.13,21.02,75.0,1500.0,15.2,sensor_drift,0.63
fault_sensor_drift_2,2283,1789846220.2783868,4728.7,133.3,743.84,4.26,104.03,0.0666,20.27,14.13,20.73,75.0,1500.0,15.2,sensor_drift,0.63
fault_sensor_drift_2,2284,1789846221.2783868,4729.0,133.3,744.78,4.32,104.13,0.0684,20.22,14.15,20.9,75.0,1500.0,15.2,sensor_drift,0.63
fault_sensor_drift_2,2285,1789846222.2783868,4726.0,133.09,747.86,4.31,104.25,0.0772,20.36,14.08,21.07,75.0,1500.0,15.2,sensor_drift,0.63
fault_sensor_drift_2,2286,1789846223.2783868,4718.5,132.99,744.53,4.34,104.3,0.0788,20.49,14.13,21.24,75.0,1500.0,15.2,sensor_drift,0.63
fault_sensor_drift_2,2287,1789846224.2783868,4731.4,132.86,749.1,4.31,104.36,0.0757,20.44,14.06,21.53,75.0,1500.0,15.2,sensor_drift,0.63
fault_sensor_drift_2,2288,1789846225.2783868,4714.7,133.01,745.05,4.25,104.35,0.0746,20.42,14.07,21.46,75.0,1500.0,15.2,sensor_drift,0.63
fault_sensor_drift_2,2289,1789846226.2783868,4714.6,133.17,744.05,4.3,104.41,0.071,20.37,14.05,21.42,75.0,1500.0,15.2,sensor_drift,0.63
fault_sensor_drift_2,2290,1789846227.2783868,4734.3,133.5,736.63,4.31,104.36,0.0648,20.3,14.03,21.39,75.0,1500.0,15.2,sensor_drift,0.63
fault_sensor_drift_2,2291,1789846228.2783868,4746.8,133.38,731.58,4.37,104.51,0.0678,20.33,14.04,21.54,75.0,1500.0,15.2,sensor_drift,0.63
fault_sensor_drift_2,2292,1789846229.2783868,4734.9,133.61,734.68,4.4,104.43,0.0712,20.29,14.03,21.43,75.0,1500.0,15.2,sensor_drift,0.63
fault_sensor_drift_2,2293,1789846230.2783868,4741.5,133.48,740.91,4.4,104.49,0.072,20.36,14.05,21.31,75.0,1500.0,15.2,sensor_drift,0.63
fault_sensor_drift_2,2294,1789846231.2783868,4740.0,133.54,741.32,4.46,104.48,0.0685,20.4,14.09,21.24,75.0,1500.0,15.2,sensor_drift,0.63
fault_sensor_drift_2,2295,1789846232.2783868,4706.7,133.46,738.77,4.4,104.34,0.0654,20.52,14.1,21.0,75.0,1500.0,15.2,sensor_drift,0.63
fault_sensor_drift_2,2296,1789846233.2783868,4723.1,133.28,737.9,4.37,104.31,0.0745,20.5,14.14,21.56,75.0,1500.0,15.2,sensor_drift,0.63
fault_sensor_drift_2,2297,1789846234.2783868,4708.4,132.9,736.74,4.27,104.3,0.0705,20.63,14.06,21.32,75.0,1500.0,15.2,sensor_drift,0.63
fault_sensor_drift_2,2298,1789846235.2783868,4712.4,133.69,732.97,4.41,104.33,0.0675,20.66,14.11,21.26,75.0,1500.0,15.2,sensor_drift,0.63
fault_sensor_drift_2,2299,1789846236.2783868,4687.6,133.31,734.32,4.4,104.18,0.0706,20.63,14.03,21.31,75.0,1500.0,15.2,sensor_drift,0.63
fault_sensor_drift_2,2300,1789846237.2783868,4710.4,133.11,737.45,4.44,104.3,0.0676,20.44,14.15,21.33,75.0,1500.0,15.2,sensor_drift,0.63
fault_sensor_drift_2,2301,1789846238.2783868,4697.8,133.27,735.56,4.44,104.31,0.0666,20.48,14.18,21.35,75.0,1500.0,15.2,sensor_drift,0.63
fault_sensor_drift_2,2302,1789846239.2783868,4692.2,133.57,735.87,4.38,104.24,0.0633,20.39,14.12,21.11,75.0,1500.0,15.2,sensor_drift,0.63
fault_sensor_drift_2,2303,1789846240.2783868,4691.7,133.74,736.47,4.43,104.21,0.0689,20.35,14.09,20.81,75.0,1500.0,15.2,sensor_drift,0.63
fault_sensor_drift_2,2304,1789846241.2783868,4700.6,133.55,736.98,4.46,104.39,0.0645,20.47,14.11,20.94,75.0,1500.0,15.2,sensor_drift,0.63
fault_sensor_drift_2,2305,1789846242.2783868,4709.3,133.18,733.7,4.43,104.65,0.0699,20.5,14.08,21.18,75.0,1500.0,15.2,sensor_drift,0.63
fault_sensor_drift_2,2306,1789846243.2783868,4694.3,133.36,734.79,4.45,104.62,0.0649,20.51,14.13,21.07,75.0,1500.0,15.2,sensor_drift,0.63
fault_sensor_drift_2,2307,1789846244.2783868,4726.4,133.28,735.87,4.42,104.43,0.0687,20.47,14.21,21.17,75.0,1500.0,15.2,sensor_drift,0.63
fault_sensor_drift_2,2308,1789846245.2783868,4723.7,133.23,731.47,4.38,104.5,0.0714,20.22,14.23,21.16,75.0,1500.0,15.2,sensor_drift,0.63
fault_sensor_drift_2,2309,1789846246.2783868,4713.5,132.91,734.88,4.41,104.55,0.0724,20.05,14.25,21.21,75.0,1500.0,15.2,sensor_drift,0.63
fault_sensor_drift_2,2310,1789846247.2783868,4728.6,133.01,732.49,4.36,104.46,0.0679,20.18,14.23,21.45,75.0,1500.0,15.2,sensor_drift,0.63
fault_sensor_drift_2,2311,1789846248.2783868,4742.7,133.19,729.8,4.36,104.39,0.08,20.29,14.29,21.24,75.0,1500.0,15.2,sensor_drift,0.63
fault_sensor_drift_2,2312,1789846249.2783868,4730.8,133.46,732.22,4.38,104.43,0.085,20.31,14.26,21.06,75.0,1500.0,15.2,sensor_drift,0.63
fault_sensor_drift_2,2313,1789846250.2783868,4729.4,133.91,730.35,4.36,104.31,0.0755,20.17,14.32,21.3,75.0,1500.0,15.2,sensor_drift,0.63
fault_sensor_drift_2,2314,1789846251.2783868,4718.9,133.91,735.37,4.4,104.3,0.0669,20.37,14.25,21.26,75.0,1500.0,15.2,sensor_drift,0.63
fault_sensor_drift_2,2315,1789846252.2783868,4692.5,133.7,735.9,4.38,104.28,0.0765,20.31,14.14,21.16,75.0,1500.0,15.2,sensor_drift,0.63
fault_sensor_drift_2,2316,1789846253.2783868,4699.0,133.6,738.64,4.4,104.1,0.0766,20.31,14.04,21.32,75.0,1500.0,15.2,sensor_drift,0.63
fault_sensor_drift_2,2317,1789846254.2783868,4698.4,133.56,734.72,4.37,103.85,0.0747,20.2,14.05,21.62,75.0,1500.0,15.2,sensor_drift,0.63
fault_sensor_drift_2,2318,1789846255.2783868,4686.0,133.55,736.69,4.28,103.83,0.0754,20.33,14.04,21.33,75.0,1500.0,15.2,sensor_drift,0.63
fault_sensor_drift_2,2319,1789846256.2783868,4719.7,133.8,741.47,4.28,103.94,0.086,20.38,14.05,21.17,75.0,1500.0,15.2,sensor_drift,0.63
fault_sensor_drift_2,2320,1789846257.2783868,4696.5,134.09,741.63,4.34,103.75,0.0725,20.28,14.01,21.37,75.0,1500.0,15.2,sensor_drift,0.63
fault_sensor_drift_2,2321,1789846258.2783868,4705.1,134.43,741.48,4.43,103.91,0.0724,20.32,14.02,21.47,75.0,1500.0,15.2,sensor_drift,0.63
fault_sensor_drift_2,2322,1789846259.2783868,4727.4,134.64,740.46,4.42,103.75,0.0652,20.18,14.08,21.28,75.0,1500.0,15.2,sensor_drift,0.63
fault_sensor_drift_2,2323,1789846260.2783868,4713.5,134.83,732.85,4.31,103.72,0.0759,20.22,14.12,21.0,75.0,1500.0,15.2,sensor_drift,0.63
fault_sensor_drift_2,2324,1789846261.2783868,4719.8,134.35,735.12,4.23,103.59,0.0725,20.23,14.16,21.07,75.0,1500.0,15.2,sensor_drift,0.63
fault_sensor_drift_2,2325,1789846262.2783868,4707.0,134.56,735.27,4.13,103.6,0.0784,20.16,14.15,21.12,75.0,1500.0,15.2,sensor_drift,0.63
fault_sensor_drift_2,2326,1789846263.2783868,4698.3,134.68,739.21,4.15,103.57,0.0734,20.14,14.19,21.06,75.0,1500.0,15.2,sensor_drift,0.63
fault_sensor_drift_2,2327,1789846264.2783868,4721.2,134.44,741.31,4.14,103.72,0.0755,20.12,14.13,21.17,75.0,1500.0,15.2,sensor_drift,0.63
fault_sensor_drift_2,2328,1789846265.2783868,4745.9,134.45,745.26,4.23,103.57,0.0691,20.25,14.11,21.42,75.0,1500.0,15.2,sensor_drift,0.63
fault_sensor_drift_2,2329,1789846266.2783868,4738.9,134.38,745.06,4.36,103.64,0.0675,20.14,14.06,21.19,75.0,1500.0,15.2,sensor_drift,0.63
fault_sensor_drift_2,2330,1789846267.2783868,4694.5,134.51,742.61,4.33,103.58,0.0726,20.01,14.0,21.13,75.0,1500.0,15.2,sensor_drift,0.63
fault_sensor_drift_2,2331,1789846268.2783868,4668.7,134.49,744.93,4.24,103.68,0.0658,20.07,14.04,21.41,75.0,1500.0,15.2,sensor_drift,0.63
fault_sensor_drift_2,2332,1789846269.2783868,4675.0,134.37,742.44,4.38,103.62,0.0677,20.23,14.05,21.45,75.0,1500.0,15.2,sensor_drift,0.63
fault_sensor_drift_2,2333,1789846270.2783868,4695.1,134.42,740.96,4.39,103.59,0.0704,20.17,14.11,21.45,75.0,1500.0,15.2,sensor_drift,0.63
fault_sensor_drift_2,2334,1789846271.2783868,4686.1,134.33,740.78,4.42,103.78,0.0773,20.42,14.03,21.4,75.0,1500.0,15.2,sensor_drift,0.63
fault_sensor_drift_2,2335,1789846272.2783868,4694.4,134.21,744.29,4.43,103.76,0.0731,20.07,14.06,21.95,75.0,1500.0,15.2,sensor_drift,0.63
fault_sensor_drift_2,2336,1789846273.2783868,4669.8,134.33,745.56,4.42,103.73,0.0722,20.11,14.13,21.4,75.0,1500.0,15.2,sensor_drift,0.63
fault_sensor_drift_2,2337,1789846274.2783868,4679.3,134.16,748.46,4.41,103.62,0.072,20.27,14.13,21.31,75.0,1500.0,15.2,sensor_drift,0.63
fault_sensor_drift_2,2338,1789846275.2783868,4680.2,134.0,747.58,4.37,103.49,0.0769,20.29,14.12,21.4,75.0,1500.0,15.2,sensor_drift,0.63
fault_sensor_drift_2,2339,1789846276.2783868,4676.4,133.93,745.55,4.42,103.45,0.0642,20.34,14.06,21.65,75.0,1500.0,15.2,sensor_drift,0.63
fault_sensor_drift_2,2340,1789846277.2783868,4684.3,133.75,744.79,4.38,103.54,0.0663,20.39,14.06,21.33,75.0,1500.0,15.2,sensor_drift,0.63
fault_sensor_drift_2,2341,1789846278.2783868,4666.8,133.54,743.58,4.37,103.52,0.0748,20.35,14.13,21.18,75.0,1500.0,15.2,sensor_drift,0.63
fault_sensor_drift_2,2342,1789846279.2783868,4639.6,133.47,736.88,4.35,103.53,0.076,20.22,14.09,20.99,75.0,1500.0,15.2,sensor_drift,0.63
fault_sensor_drift_2,2343,1789846280.2783868,4646.8,133.45,732.32,4.42,103.47,0.0665,20.05,14.08,21.39,75.0,1500.0,15.2,sensor_drift,0.63
fault_sensor_drift_2,2344,1789846281.2783868,4674.7,133.41,733.8,4.41,103.63,0.0654,20.1,14.14,21.12,75.0,1500.0,15.2,sensor_drift,0.63
fault_sensor_drift_2,2345,1789846282.2783868,4687.4,133.38,733.46,4.41,103.68,0.0774,20.25,14.16,21.28,75.0,1500.0,15.2,sensor_drift,0.63
fault_sensor_drift_2,2346,1789846283.2783868,4674.5,133.7,730.92,4.47,103.65,0.0742,20.23,14.1,20.99,75.0,1500.0,15.2,sensor_drift,0.63
fault_sensor_drift_2,2347,1789846284.2783868,4682.7,134.03,732.02,4.47,103.68,0.0665,20.03,14.16,21.11,75.0,1500.0,15.2,sensor_drift,0.63
fault_sensor_drift_2,2348,1789846285.2783868,4667.5,134.02,734.65,4.37,103.69,0.0731,20.15,14.16,20.96,75.0,1500.0,15.2,sensor_drift,0.63
fault_sensor_drift_2,2349,1789846286.2783868,4689.3,134.32,732.3,4.35,103.77,0.073,20.07,14.18,20.74,75.0,1500.0,15.2,sensor_drift,0.63
fault_sensor_drift_2,2350,1789846287.2783868,4693.7,134.67,735.57,4.41,103.62,0.0851,20.06,14.22,21.05,75.0,1500.0,15.2,sensor_drift,0.63
fault_sensor_drift_2,2351,1789846288.2783868,4684.8,134.72,741.84,4.31,103.64,0.0744,19.92,14.17,21.15,75.0,1500.0,15.2,sensor_drift,0.63
fault_sensor_drift_2,2352,1789846289.2783868,4723.7,134.29,741.41,4.32,103.59,0.0715,20.06,14.12,21.33,75.0,1500.0,15.2,sensor_drift,0.63
fault_sensor_drift_2,2353,1789846290.2783868,4734.2,134.33,737.89,4.26,103.52,0.0762,20.19,14.18,21.63,75.0,1500.0,15.2,sensor_drift,0.63
fault_sensor_drift_2,2354,1789846291.2783868,4727.3,134.1,734.66,4.32,103.43,0.0714,20.08,14.11,21.9,75.0,1500.0,15.2,sensor_drift,0.63
fault_sensor_drift_2,2355,1789846292.2783868,4707.6,134.04,736.41,4.29,103.43,0.0759,20.04,14.15,21.55,75.0,1500.0,15.2,sensor_drift,0.63
fault_sensor_drift_2,2356,1789846293.2783868,4709.8,134.15,740.9,4.33,103.24,0.0696,20.13,14.15,21.71,75.0,1500.0,15.2,sensor_drift,0.63
fault_sensor_drift_2,2357,1789846294.2783868,4674.2,134.5,739.66,4.33,103.31,0.082,20.16,14.1,21.7,75.0,1500.0,15.2,sensor_drift,0.63
fault_sensor_drift_2,2358,1789846295.2783868,4708.5,134.94,736.14,4.3,103.28,0.0764,20.16,14.02,21.48,75.0,1500.0,15.2,sensor_drift,0.63
fault_sensor_drift_2,2359,1789846296.2783868,4727.7,134.53,740.15,4.33,103.22,0.0697,20.15,13.99,21.44,75.0,1500.0,15.2,sensor_drift,0.63
fault_sensor_drift_2,2360,1789846297.2783868,4721.4,134.88,742.52,4.27,103.28,0.08,20.12,14.03,21.27,75.0,1500.0,15.2,sensor_drift,0.63
fault_sensor_drift_2,2361,1789846298.2783868,4739.7,134.82,743.09,4.35,103.39,0.0673,20.24,14.08,20.94,75.0,1500.0,15.2,sensor_drift,0.63
fault_sensor_drift_2,2362,1789846299.2783868,4724.1,135.02,740.37,4.43,103.6,0.069,20.18,14.15,21.28,75.0,1500.0,15.2,sensor_drift,0.63
fault_sensor_drift_2,2363,1789846300.2783868,4708.0,135.47,739.6,4.41,103.45,0.0692,19.97,14.23,21.2,75.0,1500.0,15.2,sensor_drift,0.63
fault_sensor_drift_2,2364,1789846301.2783868,4705.6,135.42,739.02,4.44,103.65,0.0718,20.1,14.28,20.97,75.0,1500.0,15.2,sensor_drift,0.63
fault_sensor_drift_2,2365,1789846302.2783868,4699.8,135.6,736.74,4.38,103.59,0.0759,20.09,14.33,21.27,75.0,1500.0,15.2,sensor_drift,0.63
fault_sensor_drift_2,2366,1789846303.2783868,4701.0,135.3,729.07,4.35,103.59,0.0797,20.1,14.32,20.93,75.0,1500.0,15.2,sensor_drift,0.63
fault_sensor_drift_2,2367,1789846304.2783868,4693.8,135.1,726.46,4.34,103.62,0.0749,20.12,14.25,21.03,75.0,1500.0,15.2,sensor_drift,0.63
fault_sensor_drift_2,2368,1789846305.2783868,4692.7,135.38,730.83,4.34,103.72,0.0702,20.14,14.25,20.82,75.0,1500.0,15.2,sensor_drift,0.63
fault_sensor_drift_2,2369,1789846306.2783868,4689.3,135.46,733.27,4.31,103.71,0.0733,20.3,14.17,20.72,75.0,1500.0,15.2,sensor_drift,0.63
fault_sensor_drift_2,2370,1789846307.2783868,4663.5,135.19,737.14,4.33,103.82,0.0742,20.1,14.18,20.94,75.0,1500.0,15.2,sensor_drift,0.63
fault_sensor_drift_2,2371,1789846308.2783868,4656.2,134.99,739.62,4.36,103.71,0.0629,20.02,14.18,20.81,75.0,1500.0,15.2,sensor_drift,0.63
fault_sensor_drift_2,2372,1789846309.2783868,4684.3,134.95,738.35,4.25,103.81,0.0592,20.04,14.23,21.22,75.0,1500.0,15.2,sensor_drift,0.63
fault_sensor_drift_2,2373,1789846310.2783868,4715.6,135.07,739.67,4.31,103.7,0.0586,20.23,14.23,21.34,75.0,1500.0,15.2,sensor_drift,0.63
fault_sensor_drift_2,2374,1789846311.2783868,4719.1,135.01,740.66,4.29,103.66,0.0721,20.36,14.27,21.49,75.0,1500.0,15.2,sensor_drift,0.63
fault_sensor_drift_2,2375,1789846312.2783868,4727.9,134.78,741.84,4.35,103.6,0.0701,20.5,14.3,21.15,75.0,1500.0,15.2,sensor_drift,0.63
fault_sensor_drift_2,2376,1789846313.2783868,4725.1,135.29,743.26,4.38,103.64,0.0671,20.57,14.37,21.39,75.0,1500.0,15.2,sensor_drift,0.63
fault_sensor_drift_2,2377,1789846314.2783868,4731.6,135.04,745.28,4.43,103.68,0.0702,20.59,14.3,21.1,75.0,1500.0,15.2,sensor_drift,0.63
fault_sensor_drift_2,2378,1789846315.2783868,4740.5,135.22,747.6,4.4,103.66,0.0713,20.34,14.27,20.89,75.0,1500.0,15.2,sensor_drift,0.63
fault_sensor_drift_2,2379,1789846316.2783868,4727.1,135.13,750.85,4.38,103.71,0.0721,20.39,14.35,21.01,75.0,1500.0,15.2,sensor_drift,0.63
fault_sensor_drift_2,2380,1789846317.2783868,4714.7,135.32,750.56,4.36,103.69,0.0751,20.35,14.27,20.71,75.0,1500.0,15.2,sensor_drift,0.63
fault_sensor_drift_2,2381,1789846318.2783868,4703.8,135.42,745.98,4.41,103.78,0.0662,20.35,14.34,20.88,75.0,1500.0,15.2,sensor_drift,0.63
fault_sensor_drift_2,2382,1789846319.2783868,4697.1,135.52,742.24,4.4,103.51,0.0686,20.34,14.28,21.09,75.0,1500.0,15.2,sensor_drift,0.63
fault_sensor_drift_2,2383,1789846320.2783868,4698.8,135.16,742.6,4.38,103.46,0.0691,20.28,14.24,21.18,75.0,1500.0,15.2,sensor_drift,0.63
fault_sensor_drift_2,2384,1789846321.2783868,4724.3,135.42,738.84,4.42,103.53,0.0709,20.37,14.26,21.43,75.0,1500.0,15.2,sensor_drift,0.63
fault_sensor_drift_2,2385,1789846322.2783868,4705.0,135.16,736.51,4.38,103.5,0.071,20.29,14.18,21.37,75.0,1500.0,15.2,sensor_drift,0.63
fault_sensor_drift_2,2386,1789846323.2783868,4697.8,134.88,737.82,4.37,103.73,0.0769,20.21,14.26,21.22,75.0,1500.0,15.2,sensor_drift,0.63
fault_sensor_drift_2,2387,1789846324.2783868,4720.8,135.25,737.89,4.36,103.69,0.0727,20.28,14.24,21.14,75.0,1500.0,15.2,sensor_drift,0.63
fault_sensor_drift_2,2388,1789846325.2783868,4731.5,135.11,740.81,4.43,103.61,0.0708,20.31,14.27,21.15,75.0,1500.0,15.2,sensor_drift,0.63
fault_sensor_drift_2,2389,1789846326.2783868,4716.1,134.79,740.27,4.37,103.61,0.0724,20.23,14.16,21.51,75.0,1500.0,15.2,sensor_drift,0.63
fault_sensor_drift_2,2390,1789846327.2783868,4685.4,135.05,743.81,4.37,103.64,0.0654,20.23,14.16,21.14,75.0,1500.0,15.2,sensor_drift,0.63
fault_sensor_drift_2,2391,1789846328.2783868,4675.0,135.2,745.32,4.4,103.72,0.0567,20.2,14.03,21.28,75.0,1500.0,15.2,sensor_drift,0.63
fault_sensor_drift_2,2392,1789846329.2783868,4657.8,135.34,743.59,4.4,103.54,0.0586,20.18,14.07,21.22,75.0,1500.0,15.2,sensor_drift,0.63
fault_sensor_drift_2,2393,1789846330.2783868,4663.3,134.89,742.61,4.43,103.65,0.0725,20.26,14.1,21.43,75.0,1500.0,15.2,sensor_drift,0.63
fault_sensor_drift_2,2394,1789846331.2783868,4679.5,135.24,745.62,4.45,103.48,0.0707,20.37,14.14,21.56,75.0,1500.0,15.2,sensor_drift,0.63
fault_sensor_drift_2,2395,1789846332.2783868,4698.6,135.54,740.14,4.45,103.51,0.0673,20.3,14.1,21.5,75.0,1500.0,15.2,sensor_drift,0.63
fault_sensor_drift_2,2396,1789846333.2783868,4704.5,135.77,740.51,4.39,103.47,0.0634,20.34,14.13,21.37,75.0,1500.0,15.2,sensor_drift,0.63
fault_sensor_drift_2,2397,1789846334.2783868,4683.5,135.77,743.26,4.37,103.32,0.0624,20.25,14.07,21.25,75.0,1500.0,15.2,sensor_drift,0.63
fault_sensor_drift_2,2398,1789846335.2783868,4672.8,135.85,746.49,4.37,103.46,0.0581,20.33,14.1,21.29,75.0,1500.0,15.2,sensor_drift,0.63
fault_sensor_drift_2,2399,1789846336.2783868,4664.5,135.59,745.68,4.31,103.38,0.0643,20.36,14.14,21.1,75.0,1500.0,15.2,sensor_drift,0.63
fault_sensor_drift_2,2400,1789846337.2783868,3708.5,134.95,721.16,3.55,103.34,0.0588,15.08,14.14,17.62,30.0,1495.8,15.3,sensor_drift,0.63
fault_sensor_drift_2,2401,1789846338.2783868,3220.8,134.5,691.67,3.16,103.28,0.0437,12.48,14.18,16.34,30.0,1491.7,15.3,sensor_drift,0.63
fault_sensor_drift_2,2402,1789846339.2783868,2994.9,133.81,665.66,2.92,103.24,0.0454,11.46,14.28,15.23,30.0,1487.5,15.3,sensor_drift,0.63
fault_sensor_drift_2,2403,1789846340.2783868,2863.3,133.31,646.61,2.86,103.32,0.0387,10.96,14.17,15.0,30.0,1483.4,15.4,sensor_drift,0.63
fault_sensor_drift_2,2404,1789846341.2783868,2791.8,132.33,630.16,2.85,103.09,0.0369,10.63,14.19,14.73,30.0,1479.2,15.4,sensor_drift,0.63
fault_sensor_drift_2,2405,1789846342.2783868,2772.9,131.29,615.76,2.83,103.21,0.0362,10.42,14.21,14.19,30.0,1475.0,15.4,sensor_drift,0.63
fault_sensor_drift_2,2406,1789846343.2783868,2748.3,130.77,610.4,2.84,103.23,0.0336,10.3,14.14,13.99,30.0,1470.9,15.4,sensor_drift,0.63
fault_sensor_drift_2,2407,1789846344.2783868,2738.4,130.46,608.75,2.76,103.34,0.0391,10.24,14.14,14.21,30.0,1466.7,15.5,sensor_drift,0.63
fault_sensor_drift_2,2408,1789846345.2783868,2699.2,129.25,601.17,2.72,103.28,0.0404,10.17,14.04,14.4,30.0,1462.6,15.5,sensor_drift,0.63
fault_sensor_drift_2,2409,1789846346.2783868,2722.2,128.79,589.02,2.85,103.29,0.0386,9.9,14.06,14.17,30.0,1458.4,15.5,sensor_drift,0.63
fault_sensor_drift_2,2410,1789846347.2783868,2770.6,128.34,585.36,2.79,103.28,0.0385,9.83,14.1,14.32,30.0,1454.2,15.5,sensor_drift,0.63
fault_sensor_drift_2,2411,1789846348.2783868,2783.8,127.76,581.69,2.82,103.02,0.04,9.95,14.09,14.47,30.0,1450.1,15.6,sensor_drift,0.63
fault_sensor_drift_2,2412,1789846349.2783868,2790.2,127.37,585.56,2.82,103.03,0.0538,10.06,14.03,14.54,30.0,1445.9,15.6,sensor_drift,0.63
fault_sensor_drift_2,2413,1789846350.2783868,2770.9,127.36,587.82,2.81,102.88,0.0439,10.06,13.96,14.22,30.0,1441.8,15.6,sensor_drift,0.63
fault_sensor_drift_2,2414,1789846351.2783868,2804.9,126.99,586.29,2.88,102.87,0.0372,10.11,13.86,14.5,30.0,1437.6,15.7,sensor_drift,0.63
fault_sensor_drift_2,2415,1789846352.2783868,2790.4,126.73,588.4,2.78,102.88,0.0378,10.09,13.89,14.34,30.0,1433.4,15.7,sensor_drift,0.63
fault_sensor_drift_2,2416,1789846353.2783868,2735.2,126.49,593.62,2.75,102.68,0.0442,10.15,13.92,14.29,30.0,1429.3,15.7,sensor_drift,0.63
fault_sensor_drift_2,2417,1789846354.2783868,2723.8,126.07,594.81,2.68,102.65,0.0339,10.11,13.96,14.51,30.0,1425.1,15.7,sensor_drift,0.63
fault_sensor_drift_2,2418,1789846355.2783868,2726.9,126.04,592.29,2.78,102.52,0.0272,10.23,14.05,14.44,30.0,1421.0,15.8,sensor_drift,0.63
fault_sensor_drift_2,2419,1789846356.2783868,2729.1,125.49,585.25,2.81,102.29,0.0321,10.29,14.05,14.23,30.0,1416.8,15.8,sensor_drift,0.63
fault_sensor_drift_2,2420,1789846357.2783868,2724.6,125.25,584.22,2.79,102.07,0.0234,10.13,14.05,14.25,30.0,1412.6,15.8,sensor_drift,0.63
fault_sensor_drift_2,2421,1789846358.2783868,2727.7,125.18,589.04,2.77,102.07,0.0358,9.88,14.02,14.3,30.0,1408.5,15.8,sensor_drift,0.63
fault_sensor_drift_2,2422,1789846359.2783868,2744.0,124.65,591.93,2.81,102.06,0.0306,10.23,14.01,14.3,30.0,1404.3,15.9,sensor_drift,0.63
fault_sensor_drift_2,2423,1789846360.2783868,2738.5,124.38,587.16,2.83,102.11,0.0329,10.22,13.99,14.19,30.0,1400.2,15.9,sensor_drift,0.63
fault_sensor_drift_2,2424,1789846361.2783868,2750.0,124.26,592.32,2.77,102.09,0.0339,10.11,14.12,13.81,30.0,1396.0,15.9,sensor_drift,0.63
fault_sensor_drift_2,2425,1789846362.2783868,2742.4,124.1,588.99,2.81,102.04,0.0396,10.06,14.18,14.08,30.0,1391.8,16.0,sensor_drift,0.63
fault_sensor_drift_2,2426,1789846363.2783868,2767.1,124.01,588.73,2.72,101.94,0.0415,10.06,14.1,14.25,30.0,1387.7,16.0,sensor_drift,0.63
fault_sensor_drift_2,2427,1789846364.2783868,2734.1,123.78,593.44,2.76,101.88,0.0403,9.91,14.12,14.36,30.0,1383.5,16.0,sensor_drift,0.63
fault_sensor_drift_2,2428,1789846365.2783868,2724.3,123.68,594.77,2.8,101.91,0.0416,10.0,14.18,14.33,30.0,1379.4,16.0,sensor_drift,0.63
fault_sensor_drift_2,2429,1789846366.2783868,2716.0,123.31,589.69,2.75,102.02,0.0437,10.1,14.24,14.14,30.0,1375.2,16.1,sensor_drift,0.63
fault_sensor_drift_2,2430,1789846367.2783868,2704.0,123.09,586.74,2.77,101.85,0.0436,9.92,14.29,14.19,30.0,1371.0,16.1,sensor_drift,0.63
fault_sensor_drift_2,2431,1789846368.2783868,2731.3,123.19,587.1,2.83,101.83,0.0341,9.86,14.28,14.28,30.0,1366.9,16.1,sensor_drift,0.63
fault_sensor_drift_2,2432,1789846369.2783868,2741.5,123.03,588.2,2.91,101.59,0.0325,9.84,14.28,14.22,30.0,1362.7,16.1,sensor_drift,0.63
fault_sensor_drift_2,2433,1789846370.2783868,2721.2,122.55,588.55,2.89,101.53,0.031,9.88,14.23,14.06,30.0,1358.6,16.2,sensor_drift,0.63
fault_sensor_drift_2,2434,1789846371.2783868,2732.2,122.59,591.29,2.84,101.41,0.0387,9.82,14.2,14.11,30.0,1354.4,16.2,sensor_drift,0.63
fault_sensor_drift_2,2435,1789846372.2783868,2734.8,122.78,590.45,2.9,101.5,0.0361,9.88,14.2,14.4,30.0,1350.2,16.2,sensor_drift,0.63
fault_sensor_drift_2,2436,1789846373.2783868,2725.4,122.93,590.85,2.79,101.49,0.0449,9.94,14.18,14.37,30.0,1346.1,16.3,sensor_drift,0.63
fault_sensor_drift_2,2437,1789846374.2783868,2721.2,122.41,591.5,2.81,101.48,0.0447,9.97,14.15,14.09,30.0,1341.9,16.3,sensor_drift,0.63
fault_sensor_drift_2,2438,1789846375.2783868,2717.1,122.02,593.87,2.83,101.34,0.0468,10.08,14.16,14.31,30.0,1337.8,16.3,sensor_drift,0.63
fault_sensor_drift_2,2439,1789846376.2783868,2723.2,121.84,592.78,2.78,101.2,0.0427,10.12,14.16,14.78,30.0,1333.6,16.3,sensor_drift,0.63
fault_sensor_drift_2,2440,1789846377.2783868,2750.1,121.63,595.57,2.84,101.08,0.0459,10.03,14.22,14.44,30.0,1329.4,16.4,sensor_drift,0.63
fault_sensor_drift_2,2441,1789846378.2783868,2727.0,121.12,591.31,2.74,101.22,0.037,9.98,14.3,14.67,30.0,1325.3,16.4,sensor_drift,0.63
fault_sensor_drift_2,2442,1789846379.2783868,2707.9,120.83,588.49,2.83,101.24,0.0408,10.06,14.25,14.6,30.0,1321.1,16.4,sensor_drift,0.63
fault_sensor_drift_2,2443,1789846380.2783868,2722.3,120.44,588.49,2.89,101.17,0.0413,10.04,14.22,14.72,30.0,1317.0,16.4,sensor_drift,0.63
fault_sensor_drift_2,2444,1789846381.2783868,2751.3,120.66,586.4,2.85,101.15,0.0364,10.26,14.22,14.99,30.0,1312.8,16.5,sensor_drift,0.63
fault_sensor_drift_2,2445,1789846382.2783868,2750.1,120.52,585.81,2.86,101.11,0.0365,10.4,14.2,15.29,30.0,1308.6,16.5,sensor_drift,0.63
fault_sensor_drift_2,2446,1789846383.2783868,2722.8,120.48,587.86,2.87,100.95,0.036,10.32,14.25,14.84,30.0,1304.5,16.5,sensor_drift,0.63
fault_sensor_drift_2,2447,1789846384.2783868,2714.5,120.33,585.45,2.9,100.96,0.0321,10.15,14.23,14.54,30.0,1300.3,16.5,sensor_drift,0.63
fault_sensor_drift_2,2448,1789846385.2783868,2733.2,120.39,582.72,2.87,100.94,0.0424,10.01,14.24,14.2,30.0,1296.2,16.6,sensor_drift,0.63
fault_sensor_drift_2,2449,1789846386.2783868,2711.6,120.68,583.99,2.84,100.97,0.0319,9.93,14.32,14.57,30.0,1292.0,16.6,sensor_drift,0.63
fault_sensor_drift_2,2450,1789846387.2783868,2720.1,120.57,586.38,2.87,100.92,0.0304,9.84,14.34,14.46,30.0,1287.8,16.6,sensor_drift,0.63
fault_sensor_drift_2,2451,1789846388.2783868,2693.2,120.46,585.59,2.86,100.86,0.0284,9.95,14.33,14.48,30.0,1283.7,16.7,sensor_drift,0.63
fault_sensor_drift_2,2452,1789846389.2783868,2691.4,120.19,586.86,2.9,100.78,0.0279,10.02,14.31,14.6,30.0,1279.5,16.7,sensor_drift,0.63
fault_sensor_drift_2,2453,1789846390.2783868,2706.3,119.88,592.92,2.8,100.75,0.0235,10.03,14.35,14.49,30.0,1275.4,16.7,sensor_drift,0.63
fault_sensor_drift_2,2454,1789846391.2783868,2690.2,120.39,588.89,2.79,100.63,0.0273,10.07,14.33,14.59,30.0,1271.2,16.7,sensor_drift,0.63
fault_sensor_drift_2,2455,1789846392.2783868,2716.9,120.55,591.98,2.75,100.66,0.0288,10.02,14.36,14.29,30.0,1267.0,16.8,sensor_drift,0.63
fault_sensor_drift_2,2456,1789846393.2783868,2729.5,120.32,588.99,2.77,100.78,0.0425,10.16,14.26,14.32,30.0,1262.9,16.8,sensor_drift,0.63
fault_sensor_drift_2,2457,1789846394.2783868,2706.6,120.37,591.02,2.83,100.53,0.0458,10.17,14.31,14.34,30.0,1258.7,16.8,sensor_drift,0.63
fault_sensor_drift_2,2458,1789846395.2783868,2712.9,120.42,586.63,2.79,100.51,0.0358,10.09,14.31,14.32,30.0,1254.6,16.8,sensor_drift,0.63
fault_sensor_drift_2,2459,1789846396.2783868,2728.1,120.38,589.52,2.77,100.58,0.0327,10.05,14.2,14.38,30.0,1250.4,16.9,sensor_drift,0.63
fault_sensor_drift_2,2460,1789846397.2783868,2733.6,120.49,581.01,2.77,100.63,0.025,10.06,14.21,14.39,30.0,1246.2,16.9,sensor_drift,0.63
fault_sensor_drift_2,2461,1789846398.2783868,2746.1,120.65,581.1,2.78,100.65,0.0365,10.04,14.1,14.23,30.0,1242.1,16.9,sensor_drift,0.63
fault_sensor_drift_2,2462,1789846399.2783868,2743.6,120.66,585.98,2.77,100.6,0.0278,10.18,14.08,14.51,30.0,1237.9,17.0,sensor_drift,0.63
fault_sensor_drift_2,2463,1789846400.2783868,2709.2,120.68,586.36,2.87,100.53,0.0358,10.21,14.09,14.12,30.0,1233.8,17.0,sensor_drift,0.63
fault_sensor_drift_2,2464,1789846401.2783868,2696.4,120.76,589.26,2.82,100.49,0.0409,10.24,14.19,13.86,30.0,1229.6,17.0,sensor_drift,0.63
fault_sensor_drift_2,2465,1789846402.2783868,2697.2,120.78,584.56,2.83,100.63,0.0386,10.17,14.17,14.15,30.0,1225.4,17.0,sensor_drift,0.63
fault_sensor_drift_2,2466,1789846403.2783868,2719.1,121.1,585.85,2.87,100.78,0.0454,10.12,14.13,14.48,30.0,1221.3,17.1,sensor_drift,0.63
fault_sensor_drift_2,2467,1789846404.2783868,2697.0,121.35,590.48,2.94,100.65,0.045,10.15,14.11,14.61,30.0,1217.1,17.1,sensor_drift,0.63
fault_sensor_drift_2,2468,1789846405.2783868,2687.8,121.26,587.41,2.89,100.41,0.0469,10.19,14.19,14.3,30.0,1213.0,17.1,sensor_drift,0.63
fault_sensor_drift_2,2469,1789846406.2783868,2683.1,121.0,589.24,2.89,100.46,0.0414,10.16,14.26,14.24,30.0,1208.8,17.1,sensor_drift,0.63
fault_sensor_drift_2,2470,1789846407.2783868,2694.4,120.75,589.56,2.88,100.42,0.0412,10.13,14.22,13.83,30.0,1204.6,17.2,sensor_drift,0.63
fault_sensor_drift_2,2471,1789846408.2783868,2721.5,120.8,584.59,2.82,100.31,0.0366,9.99,14.22,13.88,30.0,1200.5,17.2,sensor_drift,0.63
fault_sensor_drift_2,2472,1789846409.2783868,2709.3,120.68,582.43,2.87,100.23,0.0283,9.83,14.26,14.27,30.0,1196.3,17.2,sensor_drift,0.63
fault_sensor_drift_2,2473,1789846410.2783868,2737.2,121.01,578.5,2.77,100.07,0.0419,9.85,14.31,14.0,30.0,1192.2,17.3,sensor_drift,0.63
fault_sensor_drift_2,2474,1789846411.2783868,2735.7,121.05,577.69,2.77,99.99,0.0431,9.83,14.24,14.81,30.0,1188.0,17.3,sensor_drift,0.63
fault_sensor_drift_2,2475,1789846412.2783868,2753.7,121.11,583.53,2.7,99.93,0.0443,10.02,14.24,14.63,30.0,1183.8,17.3,sensor_drift,0.63
fault_sensor_drift_2,2476,1789846413.2783868,2751.4,121.61,585.02,2.75,99.84,0.05,10.03,14.31,14.37,30.0,1179.7,17.3,sensor_drift,0.63
fault_sensor_drift_2,2477,1789846414.2783868,2716.7,121.63,585.59,2.78,99.63,0.0462,10.09,14.3,14.27,30.0,1175.5,17.4,sensor_drift,0.63
fault_sensor_drift_2,2478,1789846415.2783868,2711.1,121.72,589.88,2.84,99.64,0.0406,10.06,14.25,14.58,30.0,1171.4,17.4,sensor_drift,0.63
fault_sensor_drift_2,2479,1789846416.2783868,2703.8,121.51,589.02,2.9,99.63,0.0392,10.15,14.21,14.4,30.0,1167.2,17.4,sensor_drift,0.63
fault_sensor_drift_2,2480,1789846417.2783868,2696.4,121.46,586.02,2.93,99.62,0.0389,10.19,14.19,14.42,30.0,1163.0,17.4,sensor_drift,0.63
fault_sensor_drift_2,2481,1789846418.2783868,2692.1,121.51,589.62,2.92,99.6,0.0348,10.17,14.2,14.18,30.0,1158.9,17.5,sensor_drift,0.63
fault_sensor_drift_2,2482,1789846419.2783868,2693.4,121.24,586.19,2.84,99.77,0.0422,10.33,14.22,14.12,30.0,1154.7,17.5,sensor_drift,0.63
fault_sensor_drift_2,2483,1789846420.2783868,2714.2,121.43,589.94,2.8,99.84,0.0245,10.24,14.25,14.27,30.0,1150.6,17.5,sensor_drift,0.63
fault_sensor_drift_2,2484,1789846421.2783868,2714.5,121.54,585.19,2.86,99.75,0.0269,10.22,14.27,14.36,30.0,1146.4,17.5,sensor_drift,0.63
fault_sensor_drift_2,2485,1789846422.2783868,2703.4,121.21,585.78,2.86,99.77,0.0299,10.24,14.32,14.31,30.0,1142.2,17.6,sensor_drift,0.63
fault_sensor_drift_2,2486,1789846423.2783868,2711.6,121.43,589.21,2.87,99.95,0.0262,10.27,14.32,14.58,30.0,1138.1,17.6,sensor_drift,0.63
fault_sensor_drift_2,2487,1789846424.2783868,2714.9,121.48,586.62,2.87,99.71,0.0344,10.02,14.33,14.76,30.0,1133.9,17.6,sensor_drift,0.63
fault_sensor_drift_2,2488,1789846425.2783868,2698.6,121.66,589.36,2.95,99.85,0.0315,10.04,14.29,14.2,30.0,1129.8,17.7,sensor_drift,0.63
fault_sensor_drift_2,2489,1789846426.2783868,2709.5,121.9,591.18,2.94,99.85,0.0239,9.96,14.34,14.21,30.0,1125.6,17.7,sensor_drift,0.63
fault_sensor_drift_2,2490,1789846427.2783868,2723.4,121.96,595.24,2.94,99.77,0.0348,9.9,14.34,13.95,30.0,1121.4,17.7,sensor_drift,0.63
fault_sensor_drift_2,2491,1789846428.2783868,2738.2,121.86,593.28,2.95,99.9,0.0343,9.78,14.29,14.18,30.0,1117.3,17.7,sensor_drift,0.63
fault_sensor_drift_2,2492,1789846429.2783868,2712.6,121.37,597.61,2.93,99.78,0.0413,9.86,14.27,13.95,30.0,1113.1,17.8,sensor_drift,0.63
fault_sensor_drift_2,2493,1789846430.2783868,2709.3,121.51,593.52,2.92,99.67,0.0287,9.96,14.29,14.19,30.0,1109.0,17.8,sensor_drift,0.63
fault_sensor_drift_2,2494,1789846431.2783868,2697.1,121.7,603.83,2.81,99.55,0.0362,9.88,14.17,14.03,30.0,1104.8,17.8,sensor_drift,0.63
fault_sensor_drift_2,2495,1789846432.2783868,2696.5,121.87,601.59,2.88,99.47,0.0387,9.9,14.15,14.1,30.0,1100.6,17.8,sensor_drift,0.63
fault_sensor_drift_2,2496,1789846433.2783868,2701.5,121.82,602.58,2.87,99.53,0.0439,10.15,14.19,14.43,30.0,1096.5,17.9,sensor_drift,0.63
fault_sensor_drift_2,2497,1789846434.2783868,2692.5,122.2,600.76,2.92,99.26,0.0353,10.18,14.26,14.12,30.0,1092.3,17.9,sensor_drift,0.63
fault_sensor_drift_2,2498,1789846435.2783868,2690.2,121.89,602.75,2.93,99.21,0.0298,10.32,14.27,14.31,30.0,1088.2,17.9,sensor_drift,0.63
fault_sensor_drift_2,2499,1789846436.2783868,2702.7,121.79,601.85,2.92,99.06,0.0342,10.31,14.29,14.07,30.0,1084.0,18.0,sensor_drift,0.63
fault_sensor_drift_2,2500,1789846437.2783868,2697.4,121.79,603.88,2.94,99.03,0.0359,10.17,14.27,13.82,30.0,1079.8,18.0,sensor_drift,0.63
fault_sensor_drift_2,2501,1789846438.2783868,2723.5,121.72,603.21,2.95,99.02,0.0387,9.95,14.21,14.06,30.0,1075.7,18.0,sensor_drift,0.63
fault_sensor_drift_2,2502,1789846439.2783868,2724.9,121.73,599.99,2.89,99.02,0.0404,9.97,14.17,14.43,30.0,1071.5,18.0,sensor_drift,0.63
fault_sensor_drift_2,2503,1789846440.2783868,2711.6,121.93,601.57,2.95,98.91,0.0417,10.13,14.12,14.7,30.0,1067.4,18.1,sensor_drift,0.63
fault_sensor_drift_2,2504,1789846441.2783868,2690.5,121.98,591.51,2.92,98.95,0.0385,10.11,14.17,14.59,30.0,1063.2,18.1,sensor_drift,0.63
fault_sensor_drift_2,2505,1789846442.2783868,2702.8,121.72,589.05,2.89,99.04,0.0292,10.02,14.2,14.29,30.0,1059.0,18.1,sensor_drift,0.63
fault_sensor_drift_2,2506,1789846443.2783868,2699.1,121.34,593.43,2.87,98.96,0.0364,10.21,14.18,14.25,30.0,1054.9,18.1,sensor_drift,0.63
fault_sensor_drift_2,2507,1789846444.2783868,2711.3,121.57,591.77,2.8,98.95,0.0403,10.26,14.1,14.38,30.0,1050.7,18.2,sensor_drift,0.63
fault_sensor_drift_2,2508,1789846445.2783868,2709.6,122.0,592.91,2.83,98.84,0.0376,10.38,14.15,14.57,30.0,1046.6,18.2,sensor_drift,0.63
fault_sensor_drift_2,2509,1789846446.2783868,2699.8,122.0,599.95,2.89,98.74,0.0352,10.53,14.18,14.15,30.0,1042.4,18.2,sensor_drift,0.63
fault_sensor_drift_2,2510,1789846447.2783868,2739.4,121.75,597.38,2.92,98.76,0.0422,10.61,14.13,14.28,30.0,1038.2,18.3,sensor_drift,0.63
fault_sensor_drift_2,2511,1789846448.2783868,2731.2,121.69,596.73,2.83,98.72,0.0389,10.51,14.21,14.34,30.0,1034.1,18.3,sensor_drift,0.63
fault_sensor_drift_2,2512,1789846449.2783868,2738.8,121.72,593.46,2.84,98.64,0.0417,10.25,14.19,14.69,30.0,1029.9,18.3,sensor_drift,0.63
fault_sensor_drift_2,2513,1789846450.2783868,2728.2,121.76,595.25,2.84,98.49,0.0406,10.16,14.16,14.38,30.0,1025.8,18.3,sensor_drift,0.63
fault_sensor_drift_2,2514,1789846451.2783868,2715.6,121.49,592.07,2.85,98.53,0.0356,10.14,14.2,14.44,30.0,1021.6,18.4,sensor_drift,0.63
fault_sensor_drift_2,2515,1789846452.2783868,2708.4,121.55,594.74,2.91,98.58,0.0407,10.01,14.17,14.61,30.0,1017.4,18.4,sensor_drift,0.63
fault_sensor_drift_2,2516,1789846453.2783868,2710.8,121.31,595.42,2.74,98.36,0.037,9.94,14.15,14.4,30.0,1013.3,18.4,sensor_drift,0.63
fault_sensor_drift_2,2517,1789846454.2783868,2696.7,121.37,596.33,2.84,98.31,0.0367,9.89,14.13,14.62,30.0,1009.1,18.4,sensor_drift,0.63
fault_sensor_drift_2,2518,1789846455.2783868,2719.9,121.46,593.22,2.77,98.27,0.0396,9.91,14.2,14.59,30.0,1005.0,18.5,sensor_drift,0.63
fault_sensor_drift_2,2519,1789846456.2783868,2713.8,121.56,598.29,2.89,98.2,0.0395,9.99,14.25,14.74,30.0,1000.8,18.5,sensor_drift,0.63
fault_sensor_drift_2,2520,1789846457.2783868,2711.6,121.34,596.75,2.87,98.33,0.0385,10.17,14.22,14.12,30.0,996.6,18.5,sensor_drift,0.63
fault_sensor_drift_2,2521,1789846458.2783868,2704.8,121.6,595.06,2.91,98.34,0.0425,10.07,14.15,14.43,30.0,992.5,18.5,sensor_drift,0.63
fault_sensor_drift_2,2522,1789846459.2783868,2740.4,121.97,597.17,2.86,98.34,0.0458,9.9,14.24,14.15,30.0,988.3,18.6,sensor_drift,0.63
fault_sensor_drift_2,2523,1789846460.2783868,2744.6,122.07,595.68,2.92,98.28,0.043,9.92,14.24,13.86,30.0,984.2,18.6,sensor_drift,0.63
fault_sensor_drift_2,2524,1789846461.2783868,2739.1,122.0,600.52,2.99,98.42,0.0432,9.74,14.12,14.15,30.0,980.0,18.6,sensor_drift,0.63
fault_sensor_drift_2,2525,1789846462.2783868,2759.0,122.36,597.86,2.93,98.36,0.0381,9.86,14.11,14.38,30.0,975.8,18.7,sensor_drift,0.63
fault_sensor_drift_2,2526,1789846463.2783868,2757.3,121.94,600.14,2.87,98.46,0.0344,9.98,14.19,14.51,30.0,971.7,18.7,sensor_drift,0.63
fault_sensor_drift_2,2527,1789846464.2783868,2750.4,122.02,595.45,2.82,98.44,0.0327,9.93,14.13,14.33,30.0,967.5,18.7,sensor_drift,0.63
fault_sensor_drift_2,2528,1789846465.2783868,2726.5,122.0,595.53,2.93,98.46,0.0367,10.02,14.15,14.1,30.0,963.4,18.7,sensor_drift,0.63
fault_sensor_drift_2,2529,1789846466.2783868,2714.8,122.43,597.18,2.91,98.39,0.0302,10.2,14.12,14.39,30.0,959.2,18.8,sensor_drift,0.63
fault_sensor_drift_2,2530,1789846467.2783868,2738.0,122.82,596.61,2.76,98.35,0.0243,10.18,14.1,14.07,30.0,955.0,18.8,sensor_drift,0.63
fault_sensor_drift_2,2531,1789846468.2783868,2723.0,122.58,601.53,2.75,98.41,0.029,10.2,14.12,13.92,30.0,950.9,18.8,sensor_drift,0.63
fault_sensor_drift_2,2532,1789846469.2783868,2734.9,122.63,602.53,2.83,98.32,0.0296,10.39,14.1,14.14,30.0,946.7,18.8,sensor_drift,0.63
fault_sensor_drift_2,2533,1789846470.2783868,2703.7,122.58,601.33,2.84,98.36,0.036,10.46,14.14,14.31,30.0,942.6,18.9,sensor_drift,0.63
fault_sensor_drift_2,2534,1789846471.2783868,2708.2,122.37,601.03,2.81,98.38,0.0435,10.5,14.13,14.75,30.0,938.4,18.9,sensor_drift,0.63
fault_sensor_drift_2,2535,1789846472.2783868,2747.1,122.05,598.71,2.81,98.26,0.049,10.37,14.09,14.78,30.0,934.2,18.9,sensor_drift,0.63
fault_sensor_drift_2,2536,1789846473.2783868,2745.1,122.04,592.81,2.94,98.2,0.0418,10.11,14.13,14.63,30.0,930.1,19.0,sensor_drift,0.63
fault_sensor_drift_2,2537,1789846474.2783868,2720.0,122.04,592.91,2.85,98.28,0.048,10.1,14.08,14.55,30.0,925.9,19.0,sensor_drift,0.63
fault_sensor_drift_2,2538,1789846475.2783868,2736.5,122.23,589.18,2.81,98.35,0.041,10.01,14.09,14.32,30.0,921.8,19.0,sensor_drift,0.63
fault_sensor_drift_2,2539,1789846476.2783868,2721.1,122.44,589.79,2.89,98.28,0.0428,10.0,14.11,14.44,30.0,917.6,19.0,sensor_drift,0.63
fault_sensor_drift_2,2540,1789846477.2783868,2722.3,122.45,593.5,2.9,98.35,0.0385,9.93,14.2,14.47,30.0,913.4,19.1,sensor_drift,0.63
fault_sensor_drift_2,2541,1789846478.2783868,2728.2,122.86,592.1,2.98,98.18,0.0297,9.91,14.14,14.19,30.0,909.3,19.1,sensor_drift,0.63
fault_sensor_drift_2,2542,1789846479.2783868,2701.6,122.75,592.97,2.92,98.1,0.0318,9.79,14.1,14.25,30.0,905.1,19.1,sensor_drift,0.63
fault_sensor_drift_2,2543,1789846480.2783868,2691.9,122.84,589.18,2.94,98.0,0.0449,9.69,14.17,14.45,30.0,901.0,19.1,sensor_drift,0.63
fault_sensor_drift_2,2544,1789846481.2783868,2707.5,122.8,589.74,2.86,97.95,0.0465,9.72,14.14,14.68,30.0,896.8,19.2,sensor_drift,0.63
fault_sensor_drift_2,2545,1789846482.2783868,2713.0,122.85,591.12,2.92,97.98,0.0458,9.75,14.15,14.43,30.0,892.6,19.2,sensor_drift,0.63
fault_sensor_drift_2,2546,1789846483.2783868,2697.2,123.24,594.21,2.84,98.0,0.0458,9.7,14.15,14.24,30.0,888.5,19.2,sensor_drift,0.63
fault_sensor_drift_2,2547,1789846484.2783868,2693.7,123.0,588.7,2.86,97.91,0.0384,9.97,14.18,14.43,30.0,884.3,19.3,sensor_drift,0.63
fault_sensor_drift_2,2548,1789846485.2783868,2706.9,123.44,585.52,2.84,97.94,0.0316,10.01,14.2,14.49,30.0,880.2,19.3,sensor_drift,0.63
fault_sensor_drift_2,2549,1789846486.2783868,2694.5,123.13,588.78,2.8,97.91,0.0262,9.97,14.2,14.24,30.0,876.0,19.3,sensor_drift,0.63
fault_sensor_drift_2,2550,1789846487.2783868,2686.6,123.21,589.11,2.77,97.99,0.0319,9.94,14.32,14.16,30.0,871.8,19.3,sensor_drift,0.63
fault_sensor_drift_2,2551,1789846488.2783868,2712.0,123.44,590.25,2.72,98.07,0.0379,9.9,14.34,14.21,30.0,867.7,19.4,sensor_drift,0.63
fault_sensor_drift_2,2552,1789846489.2783868,2726.8,123.65,590.39,2.76,98.16,0.0398,9.96,14.34,14.31,30.0,863.5,19.4,sensor_drift,0.63
fault_sensor_drift_2,2553,1789846490.2783868,2738.3,123.7,595.95,2.79,97.95,0.0348,9.84,14.27,14.37,30.0,859.4,19.4,sensor_drift,0.63
fault_sensor_drift_2,2554,1789846491.2783868,2743.0,123.99,595.39,2.85,98.08,0.0312,9.79,14.26,14.24,30.0,855.2,19.4,sensor_drift,0.63
fault_sensor_drift_2,2555,1789846492.2783868,2748.7,123.99,590.02,3.0,98.03,0.0311,9.61,14.26,14.49,30.0,851.0,19.5,sensor_drift,0.63
fault_sensor_drift_2,2556,1789846493.2783868,2746.6,124.03,592.68,2.93,98.06,0.0428,9.73,14.24,14.01,30.0,846.9,19.5,sensor_drift,0.63
fault_sensor_drift_2,2557,1789846494.2783868,2731.8,124.11,589.75,2.87,98.14,0.0357,9.84,14.2,14.19,30.0,842.7,19.5,sensor_drift,0.63
fault_sensor_drift_2,2558,1789846495.2783868,2747.9,124.58,588.1,2.87,98.01,0.0461,9.89,14.26,14.51,30.0,838.6,19.5,sensor_drift,0.63
fault_sensor_drift_2,2559,1789846496.2783868,2726.3,124.36,590.91,2.87,97.84,0.0381,9.99,14.19,14.48,30.0,834.4,19.6,sensor_drift,0.63
fault_sensor_drift_2,2560,1789846497.2783868,2716.5,124.09,590.54,2.93,97.84,0.0439,10.03,14.21,14.42,30.0,830.2,19.6,sensor_drift,0.63
fault_sensor_drift_2,2561,1789846498.2783868,2698.7,124.26,590.46,2.95,97.78,0.0388,10.17,14.17,14.29,30.0,826.1,19.6,sensor_drift,0.63
fault_sensor_drift_2,2562,1789846499.2783868,2693.1,124.01,593.12,2.91,97.66,0.0329,10.12,14.14,14.3,30.0,821.9,19.7,sensor_drift,0.63
fault_sensor_drift_2,2563,1789846500.2783868,2709.8,123.85,594.74,2.87,97.72,0.031,10.09,14.18,14.53,30.0,817.8,19.7,sensor_drift,0.63
fault_sensor_drift_2,2564,1789846501.2783868,2712.7,123.83,600.72,2.94,97.94,0.0298,10.11,14.17,14.3,30.0,813.6,19.7,sensor_drift,0.63
fault_sensor_drift_2,2565,1789846502.2783868,2704.4,123.45,603.58,2.97,98.02,0.0298,10.03,14.19,14.71,30.0,809.4,19.7,sensor_drift,0.63
fault_sensor_drift_2,2566,1789846503.2783868,2696.5,123.55,605.12,2.86,97.93,0.0408,10.08,14.25,14.1,30.0,805.3,19.8,sensor_drift,0.63
fault_sensor_drift_2,2567,1789846504.2783868,2703.3,123.57,607.8,2.84,98.01,0.0375,10.16,14.34,14.51,30.0,801.1,19.8,sensor_drift,0.63
fault_sensor_drift_2,2568,1789846505.2783868,2726.8,123.6,607.42,2.86,97.97,0.0367,10.19,14.32,14.12,30.0,797.0,19.8,sensor_drift,0.63
fault_sensor_drift_2,2569,1789846506.2783868,2723.2,123.69,603.64,2.92,98.03,0.0332,10.18,14.27,14.46,30.0,792.8,19.8,sensor_drift,0.63
fault_sensor_drift_2,2570,1789846507.2783868,2700.7,124.14,599.52,2.91,98.05,0.0324,10.11,14.29,14.59,30.0,788.6,19.9,sensor_drift,0.63
fault_sensor_drift_2,2571,1789846508.2783868,2741.9,123.91,596.32,2.86,97.91,0.0281,10.09,14.27,14.3,30.0,784.5,19.9,sensor_drift,0.63
fault_sensor_drift_2,2572,1789846509.2783868,2750.2,124.08,592.92,2.9,97.83,0.0253,10.0,14.23,14.01,30.0,780.3,19.9,sensor_drift,0.63
fault_sensor_drift_2,2573,1789846510.2783868,2751.8,124.0,595.7,2.98,97.72,0.0264,9.82,14.19,14.24,30.0,776.2,20.0,sensor_drift,0.63
fault_sensor_drift_2,2574,1789846511.2783868,2726.3,124.31,598.36,2.87,97.8,0.0304,9.78,14.13,14.1,30.0,772.0,20.0,sensor_drift,0.63
fault_sensor_drift_2,2575,1789846512.2783868,2705.0,124.32,600.08,2.94,97.8,0.031,9.73,14.07,14.29,30.0,767.8,20.0,sensor_drift,0.63
fault_sensor_drift_2,2576,1789846513.2783868,2722.5,124.11,597.58,2.93,97.96,0.036,9.7,14.08,14.51,30.0,763.7,20.0,sensor_drift,0.63
fault_sensor_drift_2,2577,1789846514.2783868,2728.0,124.23,597.56,2.87,97.8,0.0324,9.93,14.16,14.59,30.0,759.5,20.1,sensor_drift,0.63
fault_sensor_drift_2,2578,1789846515.2783868,2743.0,124.56,599.78,2.88,97.68,0.0281,9.73,14.12,14.04,30.0,755.4,20.1,sensor_drift,0.63
fault_sensor_drift_2,2579,1789846516.2783868,2748.9,124.39,599.86,2.84,97.6,0.0326,9.79,14.15,14.03,30.0,751.2,20.1,sensor_drift,0.63
fault_sensor_drift_2,2580,1789846517.2783868,2752.7,124.52,596.7,2.89,97.66,0.0393,9.83,14.14,14.13,30.0,747.0,20.1,sensor_drift,0.63
fault_sensor_drift_2,2581,1789846518.2783868,2741.1,124.33,594.26,2.93,97.54,0.0324,9.75,14.16,14.52,30.0,742.9,20.2,sensor_drift,0.63
fault_sensor_drift_2,2582,1789846519.2783868,2731.1,123.76,594.17,2.9,97.55,0.0319,9.67,14.21,14.3,30.0,738.7,20.2,sensor_drift,0.63
fault_sensor_drift_2,2583,1789846520.2783868,2706.2,124.24,603.48,2.96,97.51,0.0439,9.94,14.09,14.47,30.0,734.6,20.2,sensor_drift,0.63
fault_sensor_drift_2,2584,1789846521.2783868,2719.3,124.08,600.5,2.94,97.61,0.0391,10.01,14.13,14.45,30.0,730.4,20.3,sensor_drift,0.63
fault_sensor_drift_2,2585,1789846522.2783868,2740.3,124.05,598.02,2.85,97.67,0.0401,10.14,14.2,14.58,30.0,726.2,20.3,sensor_drift,0.63
fault_sensor_drift_2,2586,1789846523.2783868,2742.9,124.44,598.72,2.76,97.81,0.037,10.14,14.18,14.82,30.0,722.1,20.3,sensor_drift,0.63
fault_sensor_drift_2,2587,1789846524.2783868,2740.1,124.46,601.82,2.89,97.68,0.0333,10.22,14.19,14.55,30.0,717.9,20.3,sensor_drift,0.63
fault_sensor_drift_2,2588,1789846525.2783868,2725.9,124.46,594.83,2.83,97.72,0.0313,10.12,14.14,13.98,30.0,713.8,20.4,sensor_drift,0.63
fault_sensor_drift_2,2589,1789846526.2783868,2726.5,124.66,595.0,2.91,97.59,0.0373,9.96,14.06,14.0,30.0,709.6,20.4,sensor_drift,0.63
fault_sensor_drift_2,2590,1789846527.2783868,2706.6,124.65,595.18,2.97,97.63,0.0352,9.98,14.05,14.31,30.0,705.4,20.4,sensor_drift,0.63
fault_sensor_drift_2,2591,1789846528.2783868,2710.9,124.82,593.87,2.94,97.65,0.0381,10.07,14.09,14.52,30.0,701.3,20.4,sensor_drift,0.63
fault_sensor_drift_2,2592,1789846529.2783868,2737.0,125.13,596.54,2.94,97.48,0.0285,9.99,14.04,14.33,30.0,697.1,20.5,sensor_drift,0.63
fault_sensor_drift_2,2593,1789846530.2783868,2735.3,125.08,601.78,2.93,97.57,0.0324,9.8,14.01,14.23,30.0,693.0,20.5,sensor_drift,0.63
fault_sensor_drift_2,2594,1789846531.2783868,2731.7,124.96,603.24,3.02,97.52,0.0402,10.04,13.96,14.32,30.0,688.8,20.5,sensor_drift,0.63
fault_sensor_drift_2,2595,1789846532.2783868,2737.9,125.03,606.2,3.03,97.46,0.0417,10.02,13.99,14.36,30.0,684.6,20.5,sensor_drift,0.63
fault_sensor_drift_2,2596,1789846533.2783868,2741.4,125.11,604.38,3.01,97.42,0.0418,10.09,13.94,14.42,30.0,680.5,20.6,sensor_drift,0.63
fault_sensor_drift_2,2597,1789846534.2783868,2713.8,125.07,602.94,2.89,97.5,0.0405,9.91,14.07,14.2,30.0,676.3,20.6,sensor_drift,0.63
fault_sensor_drift_2,2598,1789846535.2783868,2714.7,125.16,601.65,2.9,97.49,0.0498,9.97,14.02,14.15,30.0,672.2,20.6,sensor_drift,0.63
fault_sensor_drift_2,2599,1789846536.2783868,2709.7,124.87,604.72,2.86,97.47,0.0409,10.18,13.98,14.01,30.0,668.0,20.7,sensor_drift,0.63
fault_sensor_drift_2,2600,1789846537.2783868,2718.1,124.73,601.94,2.95,97.59,0.0378,10.24,13.98,14.32,30.0,663.8,20.7,sensor_drift,0.63
fault_sensor_drift_2,2601,1789846538.2783868,2691.5,125.04,599.92,2.98,97.49,0.04,10.13,14.04,14.09,30.0,659.7,20.7,sensor_drift,0.63
fault_sensor_drift_2,2602,1789846539.2783868,2722.0,124.88,598.32,2.88,97.41,0.0412,10.2,14.05,14.27,30.0,655.5,20.7,sensor_drift,0.63
fault_sensor_drift_2,2603,1789846540.2783868,2696.6,124.98,600.6,2.88,97.44,0.0435,10.08,13.98,14.45,30.0,651.4,20.8,sensor_drift,0.63
fault_sensor_drift_2,2604,1789846541.2783868,2705.3,125.06,595.33,2.9,97.33,0.0411,10.07,14.04,14.49,30.0,647.2,20.8,sensor_drift,0.63
fault_sensor_drift_2,2605,1789846542.2783868,2720.1,125.18,596.64,2.88,97.28,0.0426,10.04,14.11,14.26,30.0,643.0,20.8,sensor_drift,0.63
fault_sensor_drift_2,2606,1789846543.2783868,2692.8,125.48,599.63,2.94,97.42,0.0408,10.01,14.09,14.4,30.0,638.9,20.8,sensor_drift,0.63
fault_sensor_drift_2,2607,1789846544.2783868,2698.0,125.59,593.57,2.91,97.32,0.0501,10.01,14.09,14.4,30.0,634.7,20.9,sensor_drift,0.63
fault_sensor_drift_2,2608,1789846545.2783868,2705.2,125.5,596.79,2.84,97.43,0.042,9.99,14.09,14.21,30.0,630.6,20.9,sensor_drift,0.63
fault_sensor_drift_2,2609,1789846546.2783868,2705.0,125.49,602.12,2.77,97.38,0.0399,9.85,14.04,14.52,30.0,626.4,20.9,sensor_drift,0.63
fault_sensor_drift_2,2610,1789846547.2783868,2693.5,125.46,601.65,2.82,97.43,0.035,9.78,14.05,14.27,30.0,622.2,21.0,sensor_drift,0.63
fault_sensor_drift_2,2611,1789846548.2783868,2693.7,125.59,599.03,2.85,97.38,0.0313,9.96,14.07,14.64,30.0,618.1,21.0,sensor_drift,0.63
fault_sensor_drift_2,2612,1789846549.2783868,2682.0,125.94,602.37,2.88,97.33,0.0381,10.05,14.13,14.71,30.0,613.9,21.0,sensor_drift,0.63
fault_sensor_drift_2,2613,1789846550.2783868,2680.9,126.02,600.15,2.88,97.32,0.0433,9.98,14.1,14.35,30.0,609.8,21.0,sensor_drift,0.63
fault_sensor_drift_2,2614,1789846551.2783868,2710.4,126.24,598.73,3.0,97.39,0.042,9.96,14.04,14.28,30.0,605.6,21.1,sensor_drift,0.63
fault_sensor_drift_2,2615,1789846552.2783868,2722.0,125.94,601.27,2.87,97.41,0.0353,9.99,13.98,14.13,30.0,601.4,21.1,sensor_drift,0.63
fault_sensor_drift_2,2616,1789846553.2783868,2742.8,126.14,596.46,2.93,97.37,0.0358,10.07,14.01,14.34,30.0,597.3,21.1,sensor_drift,0.63
fault_sensor_drift_2,2617,1789846554.2783868,2702.4,126.22,600.83,2.94,97.34,0.0334,10.1,14.01,14.21,30.0,593.1,21.1,sensor_drift,0.63
fault_sensor_drift_2,2618,1789846555.2783868,2709.3,126.32,599.46,2.96,97.32,0.0318,10.09,14.05,14.2,30.0,589.0,21.2,sensor_drift,0.63
fault_sensor_drift_2,2619,1789846556.2783868,2726.8,126.44,599.52,2.85,97.25,0.0337,10.04,13.98,14.15,30.0,584.8,21.2,sensor_drift,0.63
fault_sensor_drift_2,2620,1789846557.2783868,2724.0,126.18,600.8,2.92,97.26,0.0296,9.96,13.99,14.19,30.0,580.6,21.2,sensor_drift,0.63
fault_sensor_drift_2,2621,1789846558.2783868,2739.9,126.42,603.97,2.86,97.06,0.0357,10.06,14.03,14.64,30.0,576.5,21.3,sensor_drift,0.63
fault_sensor_drift_2,2622,1789846559.2783868,2744.6,126.54,604.61,2.79,96.99,0.0362,9.95,14.11,14.56,30.0,572.3,21.3,sensor_drift,0.63
fault_sensor_drift_2,2623,1789846560.2783868,2738.4,126.35,607.55,2.84,97.03,0.0403,9.89,14.01,14.48,30.0,568.2,21.3,sensor_drift,0.63
fault_sensor_drift_2,2624,1789846561.2783868,2762.8,126.16,606.91,2.88,96.96,0.0343,10.01,13.97,14.4,30.0,564.0,21.3,sensor_drift,0.63
fault_sensor_drift_2,2625,1789846562.2783868,2732.8,126.47,605.99,2.86,97.0,0.0349,10.06,13.89,14.5,30.0,559.8,21.4,sensor_drift,0.63
fault_sensor_drift_2,2626,1789846563.2783868,2734.2,126.73,605.79,2.91,97.04,0.0359,10.24,14.0,14.29,30.0,555.7,21.4,sensor_drift,0.63
fault_sensor_drift_2,2627,1789846564.2783868,2729.1,126.55,608.62,2.88,97.21,0.0299,10.16,14.0,14.55,30.0,551.5,21.4,sensor_drift,0.63
fault_sensor_drift_2,2628,1789846565.2783868,2705.6,126.63,607.21,2.89,97.11,0.0353,10.23,14.09,14.32,30.0,547.4,21.4,sensor_drift,0.63
fault_sensor_drift_2,2629,1789846566.2783868,2717.0,126.71,606.15,2.88,97.04,0.0362,10.16,14.12,14.51,30.0,543.2,21.5,sensor_drift,0.63
fault_sensor_drift_2,2630,1789846567.2783868,2704.5,126.99,604.23,2.92,96.99,0.0388,10.16,14.13,14.37,30.0,539.0,21.5,sensor_drift,0.63
fault_sensor_drift_2,2631,1789846568.2783868,2687.8,126.55,609.5,2.88,96.95,0.0373,10.1,14.08,14.32,30.0,534.9,21.5,sensor_drift,0.63
fault_sensor_drift_2,2632,1789846569.2783868,2691.6,126.89,604.37,2.82,96.91,0.0385,10.1,14.03,14.54,30.0,530.7,21.6,sensor_drift,0.63
fault_sensor_drift_2,2633,1789846570.2783868,2674.2,127.22,607.54,2.8,96.99,0.034,10.06,13.96,14.38,30.0,526.6,21.6,sensor_drift,0.63
fault_sensor_drift_2,2634,1789846571.2783868,2675.0,127.33,601.02,2.92,96.88,0.0302,10.02,13.96,14.81,30.0,522.4,21.6,sensor_drift,0.63
fault_sensor_drift_2,2635,1789846572.2783868,2699.6,127.63,601.28,2.88,96.76,0.0361,9.86,14.04,14.57,30.0,518.2,21.6,sensor_drift,0.63
fault_sensor_drift_2,2636,1789846573.2783868,2698.3,127.35,601.72,2.94,96.7,0.0452,9.99,14.06,14.6,30.0,514.1,21.7,sensor_drift,0.63
fault_sensor_drift_2,2637,1789846574.2783868,2694.8,127.16,604.85,2.91,96.58,0.0416,10.07,14.13,14.7,30.0,509.9,21.7,sensor_drift,0.63
fault_sensor_drift_2,2638,1789846575.2783868,2687.2,127.17,600.37,3.04,96.7,0.0401,10.01,14.07,14.15,30.0,505.8,21.7,sensor_drift,0.63
fault_sensor_drift_2,2639,1789846576.2783868,2725.6,127.14,605.5,3.02,96.68,0.0219,10.03,14.08,14.39,30.0,501.6,21.7,sensor_drift,0.63
fault_sensor_drift_2,2640,1789846577.2783868,2721.5,127.2,606.97,3.0,96.76,0.0184,10.15,14.14,14.19,30.0,497.4,21.8,sensor_drift,0.63
fault_sensor_drift_2,2641,1789846578.2783868,2727.1,127.16,610.52,2.9,96.83,0.0226,10.14,14.12,14.53,30.0,493.3,21.8,sensor_drift,0.63
fault_sensor_drift_2,2642,1789846579.2783868,2718.8,127.6,616.82,2.92,96.73,0.0227,10.05,14.17,14.63,30.0,489.1,21.8,sensor_drift,0.63
fault_sensor_drift_2,2643,1789846580.2783868,2724.0,127.38,607.11,3.03,96.73,0.0321,10.01,14.19,14.61,30.0,485.0,21.8,sensor_drift,0.63
fault_sensor_drift_2,2644,1789846581.2783868,2747.1,127.29,605.57,3.05,96.79,0.0341,9.96,14.13,14.52,30.0,480.8,21.9,sensor_drift,0.63
fault_sensor_drift_2,2645,1789846582.2783868,2757.8,126.9,601.36,3.07,96.87,0.0289,9.93,14.17,14.34,30.0,476.6,21.9,sensor_drift,0.63
fault_sensor_drift_2,2646,1789846583.2783868,2765.4,127.03,596.98,3.08,96.67,0.0409,10.05,14.13,14.56,30.0,472.5,21.9,sensor_drift,0.63
fault_sensor_drift_2,2647,1789846584.2783868,2731.6,127.24,604.57,3.05,96.73,0.0298,10.15,14.18,14.41,30.0,468.3,22.0,sensor_drift,0.63
fault_sensor_drift_2,2648,1789846585.2783868,2706.3,127.46,602.26,2.99,96.68,0.0353,10.12,14.14,14.42,30.0,464.2,22.0,sensor_drift,0.63
fault_sensor_drift_2,2649,1789846586.2783868,2686.0,127.83,606.16,2.92,96.66,0.0406,10.0,14.11,14.56,30.0,460.0,22.0,sensor_drift,0.63
fault_sensor_drift_2,2650,1789846587.2783868,2662.3,128.04,603.18,2.93,96.62,0.0402,9.87,14.14,14.58,30.0,455.8,22.0,sensor_drift,0.63
fault_sensor_drift_2,2651,1789846588.2783868,2652.0,128.2,601.73,2.96,96.81,0.0353,9.67,14.2,14.04,30.0,451.7,22.1,sensor_drift,0.63
fault_sensor_drift_2,2652,1789846589.2783868,2671.2,127.94,602.4,2.9,96.77,0.0372,9.67,14.24,14.4,30.0,447.5,22.1,sensor_drift,0.63
fault_sensor_drift_2,2653,1789846590.2783868,2696.3,127.89,603.01,2.89,96.75,0.0381,9.64,14.18,14.34,30.0,443.4,22.1,sensor_drift,0.63
fault_sensor_drift_2,2654,1789846591.2783868,2699.8,127.92,607.71,2.84,96.77,0.0465,9.73,14.16,14.32,30.0,439.2,22.1,sensor_drift,0.63
fault_sensor_drift_2,2655,1789846592.2783868,2705.0,127.99,605.99,2.83,96.91,0.0454,9.8,14.1,14.37,30.0,435.0,22.2,sensor_drift,0.63
fault_sensor_drift_2,2656,1789846593.2783868,2707.9,127.91,607.84,2.84,96.9,0.039,9.75,14.1,14.39,30.0,430.9,22.2,sensor_drift,0.63
fault_sensor_drift_2,2657,1789846594.2783868,2713.0,127.36,605.83,2.83,96.94,0.0256,9.73,14.13,14.45,30.0,426.7,22.2,sensor_drift,0.63
fault_sensor_drift_2,2658,1789846595.2783868,2735.6,127.25,607.56,2.94,96.94,0.033,9.6,14.08,14.76,30.0,422.6,22.3,sensor_drift,0.63
fault_sensor_drift_2,2659,1789846596.2783868,2733.8,127.34,606.29,2.85,96.96,0.0392,9.7,14.07,14.53,30.0,418.4,22.3,sensor_drift,0.63
fault_sensor_drift_2,2660,1789846597.2783868,2742.9,127.39,605.56,2.83,97.04,0.0351,9.77,14.05,14.21,30.0,414.2,22.3,sensor_drift,0.63
fault_sensor_drift_2,2661,1789846598.2783868,2744.7,127.44,603.1,2.87,97.1,0.0359,9.85,14.05,13.97,30.0,410.1,22.3,sensor_drift,0.63
fault_sensor_drift_2,2662,1789846599.2783868,2764.9,127.62,603.5,2.84,97.07,0.0314,9.79,14.09,14.64,30.0,405.9,22.4,sensor_drift,0.63
fault_sensor_drift_2,2663,1789846600.2783868,2732.6,127.79,599.43,2.85,97.19,0.0363,9.65,14.06,14.65,30.0,401.8,22.4,sensor_drift,0.63
fault_sensor_drift_2,2664,1789846601.2783868,2731.3,127.35,599.97,2.91,97.05,0.0395,9.67,14.03,14.82,30.0,397.6,22.4,sensor_drift,0.63
fault_sensor_drift_2,2665,1789846602.2783868,2744.7,127.22,595.58,2.94,97.15,0.0341,9.7,14.09,14.33,30.0,393.4,22.4,sensor_drift,0.63
fault_sensor_drift_2,2666,1789846603.2783868,2755.3,127.1,598.21,2.95,97.25,0.0374,9.76,14.13,14.37,30.0,389.3,22.5,sensor_drift,0.63
fault_sensor_drift_2,2667,1789846604.2783868,2739.2,127.49,601.33,2.97,97.25,0.0407,9.75,14.2,14.25,30.0,385.1,22.5,sensor_drift,0.63
fault_sensor_drift_2,2668,1789846605.2783868,2725.8,127.46,602.84,2.98,97.3,0.0402,9.6,14.24,14.29,30.0,381.0,22.5,sensor_drift,0.63
fault_sensor_drift_2,2669,1789846606.2783868,2729.8,127.43,603.89,3.02,97.25,0.0401,9.73,14.25,14.24,30.0,376.8,22.6,sensor_drift,0.63
fault_sensor_drift_2,2670,1789846607.2783868,2725.3,127.52,607.49,3.01,97.25,0.0397,9.77,14.26,14.53,30.0,372.6,22.6,sensor_drift,0.63
fault_sensor_drift_2,2671,1789846608.2783868,2748.1,127.65,608.02,2.95,97.15,0.0518,9.77,14.19,14.25,30.0,368.5,22.6,sensor_drift,0.63
fault_sensor_drift_2,2672,1789846609.2783868,2720.5,128.06,604.98,2.88,97.16,0.0451,9.73,14.28,14.3,30.0,364.3,22.6,sensor_drift,0.63
fault_sensor_drift_2,2673,1789846610.2783868,2709.5,128.17,598.84,2.83,97.23,0.0353,9.9,14.33,14.03,30.0,360.2,22.7,sensor_drift,0.63
fault_sensor_drift_2,2674,1789846611.2783868,2693.4,128.32,602.91,2.84,97.24,0.0356,10.09,14.28,14.27,30.0,356.0,22.7,sensor_drift,0.63
fault_sensor_drift_2,2675,1789846612.2783868,2687.0,128.19,602.66,2.79,97.18,0.0407,10.22,14.35,14.54,30.0,351.8,22.7,sensor_drift,0.63
fault_sensor_drift_2,2676,1789846613.2783868,2707.9,128.17,605.08,2.83,97.12,0.0453,10.27,14.37,14.69,30.0,347.7,22.7,sensor_drift,0.63
fault_sensor_drift_2,2677,1789846614.2783868,2740.4,128.15,606.71,2.85,97.13,0.0437,10.24,14.36,14.4,30.0,343.5,22.8,sensor_drift,0.63
fault_sensor_drift_2,2678,1789846615.2783868,2744.0,128.08,608.0,2.94,97.34,0.0367,10.1,14.21,14.07,30.0,339.4,22.8,sensor_drift,0.63
fault_sensor_drift_2,2679,1789846616.2783868,2724.9,127.95,606.53,2.92,97.19,0.0333,10.09,14.19,14.22,30.0,335.2,22.8,sensor_drift,0.63
fault_sensor_drift_2,2680,1789846617.2783868,2734.0,128.2,604.53,3.08,97.13,0.0229,10.18,14.23,14.13,30.0,331.0,22.8,sensor_drift,0.63
fault_sensor_drift_2,2681,1789846618.2783868,2723.8,128.2,609.89,3.02,97.14,0.0282,10.26,14.25,14.47,30.0,326.9,22.9,sensor_drift,0.63
fault_sensor_drift_2,2682,1789846619.2783868,2700.4,128.41,606.44,3.0,97.0,0.0294,10.45,14.25,14.2,30.0,322.7,22.9,sensor_drift,0.63
fault_sensor_drift_2,2683,1789846620.2783868,2698.4,128.43,608.97,3.02,96.98,0.0338,10.09,14.22,14.59,30.0,318.6,22.9,sensor_drift,0.63
fault_sensor_drift_2,2684,1789846621.2783868,2703.8,128.7,603.97,3.02,97.04,0.037,10.07,14.21,14.46,30.0,314.4,23.0,sensor_drift,0.63
fault_sensor_drift_2,2685,1789846622.2783868,2707.9,128.39,608.37,2.99,96.86,0.0505,9.99,14.24,14.62,30.0,310.2,23.0,sensor_drift,0.63
fault_sensor_drift_2,2686,1789846623.2783868,2717.6,128.25,609.57,3.0,96.9,0.0442,10.08,14.26,14.31,30.0,306.1,23.0,sensor_drift,0.63
fault_sensor_drift_2,2687,1789846624.2783868,2681.9,127.86,609.67,2.93,96.88,0.0399,9.85,14.23,14.3,30.0,301.9,23.0,sensor_drift,0.63
fault_sensor_drift_2,2688,1789846625.2783868,2677.7,128.02,610.58,2.95,97.01,0.0336,10.07,14.28,14.29,30.0,297.8,23.1,sensor_drift,0.63
fault_sensor_drift_2,2689,1789846626.2783868,2692.4,128.04,609.22,2.96,96.77,0.0358,9.94,14.3,14.45,30.0,293.6,23.1,sensor_drift,0.63
fault_sensor_drift_2,2690,1789846627.2783868,2694.8,128.04,610.03,2.95,96.58,0.0353,9.89,14.18,14.19,30.0,289.4,23.1,sensor_drift,0.63
fault_sensor_drift_2,2691,1789846628.2783868,2709.4,127.58,611.87,3.0,96.53,0.0441,9.82,14.22,14.43,30.0,285.3,23.1,sensor_drift,0.63
fault_sensor_drift_2,2692,1789846629.2783868,2732.4,127.64,612.45,2.98,96.66,0.0395,9.68,14.28,14.33,30.0,281.1,23.2,sensor_drift,0.63
fault_sensor_drift_2,2693,1789846630.2783868,2710.3,127.6,606.89,2.91,96.61,0.0386,9.68,14.3,14.55,30.0,277.0,23.2,sensor_drift,0.63
fault_sensor_drift_2,2694,1789846631.2783868,2695.6,127.8,608.17,2.94,96.67,0.0347,9.64,14.33,14.43,30.0,272.8,23.2,sensor_drift,0.63
fault_sensor_drift_2,2695,1789846632.2783868,2700.0,128.3,603.39,2.93,96.68,0.0357,9.74,14.45,14.46,30.0,268.6,23.3,sensor_drift,0.63
fault_sensor_drift_2,2696,1789846633.2783868,2684.9,128.23,602.74,2.9,96.61,0.0377,9.89,14.4,14.84,30.0,264.5,23.3,sensor_drift,0.63
fault_sensor_drift_2,2697,1789846634.2783868,2672.9,128.18,600.93,2.91,96.55,0.0358,9.82,14.44,14.48,30.0,260.3,23.3,sensor_drift,0.63
fault_sensor_drift_2,2698,1789846635.2783868,2667.5,127.89,601.54,2.9,96.62,0.0283,9.78,14.45,14.36,30.0,256.2,23.3,sensor_drift,0.63
fault_sensor_drift_2,2699,1789846636.2783868,2664.4,128.15,604.11,2.89,96.54,0.0298,9.86,14.49,14.38,30.0,252.0,23.4,sensor_drift,0.63
fault_sensor_drift_2,2700,1789846637.2783868,2669.1,128.23,601.05,2.85,96.54,0.0417,9.96,14.5,14.51,30.0,247.8,23.4,sensor_drift,0.63
fault_sensor_drift_2,2701,1789846638.2783868,2696.9,128.39,602.75,2.9,96.63,0.0441,9.87,14.45,14.43,30.0,243.7,23.4,sensor_drift,0.63
fault_sensor_drift_2,2702,1789846639.2783868,2690.6,128.09,608.61,3.0,96.58,0.0432,9.91,14.32,14.52,30.0,239.5,23.4,sensor_drift,0.63
fault_sensor_drift_2,2703,1789846640.2783868,2702.4,128.5,608.2,2.91,96.64,0.0479,9.95,14.27,14.38,30.0,235.4,23.5,sensor_drift,0.63
fault_sensor_drift_2,2704,1789846641.2783868,2712.5,128.71,612.69,2.88,96.65,0.0407,10.0,14.35,14.7,30.0,231.2,23.5,sensor_drift,0.63
fault_sensor_drift_2,2705,1789846642.2783868,2717.0,128.55,610.09,2.91,96.72,0.037,9.98,14.36,14.86,30.0,227.0,23.5,sensor_drift,0.63
fault_sensor_drift_2,2706,1789846643.2783868,2685.6,128.54,602.96,2.99,96.76,0.0393,10.01,14.32,14.71,30.0,222.9,23.6,sensor_drift,0.63
fault_sensor_drift_2,2707,1789846644.2783868,2692.3,128.53,601.61,2.92,96.47,0.0376,10.08,14.31,14.32,30.0,218.7,23.6,sensor_drift,0.63
fault_sensor_drift_2,2708,1789846645.2783868,2698.0,128.75,605.92,2.93,96.44,0.0408,10.05,14.34,14.02,30.0,214.6,23.6,sensor_drift,0.63
fault_sensor_drift_2,2709,1789846646.2783868,2685.0,128.89,609.05,2.9,96.45,0.0437,9.84,14.35,14.1,30.0,210.4,23.6,sensor_drift,0.63
fault_sensor_drift_2,2710,1789846647.2783868,2706.0,128.74,609.75,2.89,96.49,0.0407,9.86,14.34,14.32,30.0,206.2,23.7,sensor_drift,0.63
fault_sensor_drift_2,2711,1789846648.2783868,2695.6,128.61,610.53,2.85,96.39,0.0424,9.96,14.29,14.47,30.0,202.1,23.7,sensor_drift,0.63
fault_sensor_drift_2,2712,1789846649.2783868,2713.6,128.78,613.25,2.89,96.44,0.038,9.95,14.29,14.64,30.0,197.9,23.7,sensor_drift,0.63
fault_sensor_drift_2,2713,1789846650.2783868,2703.4,128.63,609.74,2.87,96.61,0.0284,9.88,14.29,14.23,30.0,193.8,23.7,sensor_drift,0.63
fault_sensor_drift_2,2714,1789846651.2783868,2675.0,128.87,610.91,2.85,96.51,0.0226,10.01,14.33,14.24,30.0,189.6,23.8,sensor_drift,0.63
fault_sensor_drift_2,2715,1789846652.2783868,2692.3,128.19,606.07,2.91,96.53,0.0309,9.95,14.29,14.22,30.0,185.4,23.8,sensor_drift,0.63
fault_sensor_drift_2,2716,1789846653.2783868,2677.9,128.45,606.35,2.9,96.56,0.03,10.11,14.19,14.3,30.0,181.3,23.8,sensor_drift,0.63
fault_sensor_drift_2,2717,1789846654.2783868,2697.4,128.73,606.22,2.96,96.58,0.0377,10.21,14.19,14.23,30.0,177.1,23.8,sensor_drift,0.63
fault_sensor_drift_2,2718,1789846655.2783868,2706.1,128.79,603.66,2.9,96.39,0.0327,10.07,14.16,14.26,30.0,173.0,23.9,sensor_drift,0.63
fault_sensor_drift_2,2719,1789846656.2783868,2705.6,129.07,602.74,2.89,96.49,0.0251,10.11,14.1,14.73,30.0,168.8,23.9,sensor_drift,0.63
fault_sensor_drift_2,2720,1789846657.2783868,2686.7,129.1,600.53,2.89,96.45,0.0252,10.18,13.97,14.78,30.0,164.6,23.9,sensor_drift,0.63
fault_sensor_drift_2,2721,1789846658.2783868,2686.8,129.52,598.85,2.93,96.26,0.0288,10.2,13.98,14.89,30.0,160.5,24.0,sensor_drift,0.63
fault_sensor_drift_2,2722,1789846659.2783868,2724.3,129.59,599.48,3.06,96.33,0.0305,10.2,14.04,14.67,30.0,156.3,24.0,sensor_drift,0.63
fault_sensor_drift_2,2723,1789846660.2783868,2727.4,129.89,607.91,2.95,96.44,0.029,10.23,13.99,14.67,30.0,152.2,24.0,sensor_drift,0.63
fault_sensor_drift_2,2724,1789846661.2783868,2720.1,130.43,607.8,2.97,96.39,0.0248,9.89,13.98,14.45,30.0,148.0,24.0,sensor_drift,0.63
fault_sensor_drift_2,2725,1789846662.2783868,2721.0,130.11,611.38,2.93,96.35,0.0276,10.05,14.04,14.74,30.0,143.8,24.1,sensor_drift,0.63
fault_sensor_drift_2,2726,1789846663.2783868,2710.2,129.89,610.93,2.88,96.4,0.0397,10.01,14.01,14.6,30.0,139.7,24.1,sensor_drift,0.63
fault_sensor_drift_2,2727,1789846664.2783868,2731.4,129.78,614.77,2.86,96.49,0.0363,9.95,14.04,14.63,30.0,135.5,24.1,sensor_drift,0.63
fault_sensor_drift_2,2728,1789846665.2783868,2726.7,129.49,611.91,2.88,96.62,0.0441,9.96,14.02,14.51,30.0,131.4,24.1,sensor_drift,0.63
fault_sensor_drift_2,2729,1789846666.2783868,2735.3,129.61,607.9,2.99,96.67,0.036,9.99,14.03,14.45,30.0,127.2,24.2,sensor_drift,0.63
fault_sensor_drift_2,2730,1789846667.2783868,2751.1,130.19,609.41,2.96,96.72,0.0389,10.15,14.07,14.28,30.0,123.0,24.2,sensor_drift,0.63
fault_sensor_drift_2,2731,1789846668.2783868,2746.6,129.66,611.57,2.9,96.56,0.0366,10.05,14.02,14.12,30.0,118.9,24.2,sensor_drift,0.63
fault_sensor_drift_2,2732,1789846669.2783868,2732.8,129.59,611.56,3.0,96.56,0.0309,9.88,14.06,14.34,30.0,114.7,24.3,sensor_drift,0.63
fault_sensor_drift_2,2733,1789846670.2783868,2726.1,129.52,615.3,3.0,96.46,0.0209,9.97,14.11,14.62,30.0,110.6,24.3,sensor_drift,0.63
fault_sensor_drift_2,2734,1789846671.2783868,2720.8,129.65,613.77,2.93,96.47,0.0347,10.02,14.05,14.27,30.0,106.4,24.3,sensor_drift,0.63
fault_sensor_drift_2,2735,1789846672.2783868,2711.9,129.43,616.23,2.93,96.41,0.035,9.99,14.05,14.38,30.0,102.2,24.3,sensor_drift,0.63
fault_sensor_drift_2,2736,1789846673.2783868,2720.1,129.25,615.61,2.88,96.45,0.0421,9.85,14.04,14.5,30.0,98.1,24.4,sensor_drift,0.63
fault_sensor_drift_2,2737,1789846674.2783868,2714.0,129.18,610.69,2.91,96.47,0.0435,9.96,14.03,14.47,30.0,93.9,24.4,sensor_drift,0.63
fault_sensor_drift_2,2738,1789846675.2783868,2722.3,129.18,608.64,2.97,96.5,0.05,9.99,14.07,14.63,30.0,89.8,24.4,sensor_drift,0.63
fault_sensor_drift_2,2739,1789846676.2783868,2711.3,129.57,613.75,2.91,96.42,0.0466,9.97,14.07,14.14,30.0,85.6,24.4,sensor_drift,0.63
fault_sensor_drift_2,2740,1789846677.2783868,2716.1,129.63,613.13,2.97,96.54,0.0446,10.01,14.1,14.24,30.0,81.4,24.5,sensor_drift,0.63
fault_sensor_drift_2,2741,1789846678.2783868,2731.6,129.78,614.93,2.99,96.68,0.0377,10.03,14.11,14.31,30.0,77.3,24.5,sensor_drift,0.63
fault_sensor_drift_2,2742,1789846679.2783868,2724.2,129.81,616.76,2.93,96.73,0.042,9.98,14.09,14.26,30.0,73.1,24.5,sensor_drift,0.63
fault_sensor_drift_2,2743,1789846680.2783868,2696.7,130.07,617.56,2.95,96.78,0.0358,10.17,14.08,14.32,30.0,69.0,24.6,sensor_drift,0.63
fault_sensor_drift_2,2744,1789846681.2783868,2697.2,130.05,617.82,2.92,96.77,0.0354,10.1,14.13,14.66,30.0,64.8,24.6,sensor_drift,0.63
fault_sensor_drift_2,2745,1789846682.2783868,2719.3,130.44,622.89,2.96,96.83,0.0345,10.04,14.08,14.48,30.0,60.6,24.6,sensor_drift,0.63
fault_sensor_drift_2,2746,1789846683.2783868,2736.7,130.52,619.69,2.97,96.76,0.0394,9.91,14.01,14.3,30.0,56.5,24.6,sensor_drift,0.63
fault_sensor_drift_2,2747,1789846684.2783868,2721.5,130.73,618.75,3.05,96.78,0.0394,9.98,13.87,14.53,30.0,52.3,24.7,sensor_drift,0.63
fault_sensor_drift_2,2748,1789846685.2783868,2708.2,130.99,619.54,2.99,96.8,0.0354,10.07,13.85,14.36,30.0,48.2,24.7,sensor_drift,0.63
fault_sensor_drift_2,2749,1789846686.2783868,2718.9,131.13,616.44,2.99,96.88,0.0375,10.03,14.03,14.16,30.0,44.0,24.7,sensor_drift,0.63
fault_sensor_drift_2,2750,1789846687.2783868,2742.8,131.17,613.6,3.0,96.9,0.0369,10.15,14.04,14.26,30.0,39.8,24.7,sensor_drift,0.63
fault_sensor_drift_2,2751,1789846688.2783868,2754.0,130.99,608.22,2.97,96.89,0.0404,10.26,14.06,14.21,30.0,35.7,24.8,sensor_drift,0.63
fault_sensor_drift_2,2752,1789846689.2783868,2767.5,131.1,604.93,2.98,96.94,0.0442,10.31,14.02,14.18,30.0,31.5,24.8,sensor_drift,0.63
fault_sensor_drift_2,2753,1789846690.2783868,2752.5,131.05,610.23,2.96,96.86,0.0389,10.04,14.1,14.05,30.0,27.4,24.8,sensor_drift,0.63
fault_sensor_drift_2,2754,1789846691.2783868,2724.9,130.9,611.41,3.02,96.91,0.0409,9.95,14.11,14.12,30.0,23.2,24.8,sensor_drift,0.63
fault_sensor_drift_2,2755,1789846692.2783868,2741.7,130.99,615.42,3.04,97.02,0.0428,10.03,14.19,14.61,30.0,19.0,24.9,sensor_drift,0.63
fault_sensor_drift_2,2756,1789846693.2783868,2739.2,130.76,616.61,2.97,96.96,0.0449,9.95,14.2,14.58,30.0,14.9,24.9,sensor_drift,0.63
fault_sensor_drift_2,2757,1789846694.2783868,2748.8,130.71,618.99,2.98,97.02,0.0424,9.87,14.24,14.23,30.0,10.7,24.9,sensor_drift,0.63
fault_sensor_drift_2,2758,1789846695.2783868,2701.7,130.9,613.46,3.05,97.04,0.0453,9.9,14.16,14.36,30.0,6.6,25.0,sensor_drift,0.63
fault_sensor_drift_2,2759,1789846696.2783868,2715.4,130.72,613.27,3.01,96.98,0.0335,9.94,14.07,14.33,30.0,2.4,25.0,sensor_drift,0.63
fault_sensor_drift_2,2760,1789846697.2783868,2707.1,130.67,613.73,2.98,96.94,0.0357,10.07,14.07,14.51,30.0,0.0,25.0,sensor_drift,0.63
fault_sensor_drift_2,2761,1789846698.2783868,2704.3,130.68,613.92,2.96,96.98,0.0348,10.13,14.12,14.2,30.0,0.0,25.0,sensor_drift,0.63
fault_sensor_drift_2,2762,1789846699.2783868,2734.5,130.52,613.18,2.97,96.95,0.0408,10.06,14.07,14.86,30.0,0.0,25.0,sensor_drift,0.63
fault_sensor_drift_2,2763,1789846700.2783868,2739.8,130.91,614.9,3.05,96.97,0.0318,10.21,14.12,14.81,30.0,0.0,25.0,sensor_drift,0.63
fault_sensor_drift_2,2764,1789846701.2783868,2729.8,130.87,610.82,2.98,97.14,0.0365,10.11,14.11,14.39,30.0,0.0,25.0,sensor_drift,0.63
fault_sensor_drift_2,2765,1789846702.2783868,2700.7,130.83,614.19,2.93,97.18,0.0353,10.05,14.13,14.6,30.0,0.0,25.0,sensor_drift,0.63
fault_sensor_drift_2,2766,1789846703.2783868,2696.5,130.8,614.4,2.99,97.05,0.0357,10.08,14.16,14.44,30.0,0.0,25.0,sensor_drift,0.63
fault_sensor_drift_2,2767,1789846704.2783868,2689.7,130.5,610.23,3.01,97.05,0.038,10.13,14.15,14.56,30.0,0.0,25.0,sensor_drift,0.63
fault_sensor_drift_2,2768,1789846705.2783868,2703.2,130.53,614.47,2.91,96.98,0.0365,9.84,14.2,14.57,30.0,0.0,25.0,sensor_drift,0.63
fault_sensor_drift_2,2769,1789846706.2783868,2714.7,130.93,616.49,2.84,96.85,0.0343,9.74,14.26,14.47,30.0,0.0,25.0,sensor_drift,0.63
fault_sensor_drift_2,2770,1789846707.2783868,2701.6,130.49,612.77,2.89,96.88,0.0289,9.65,14.18,14.65,30.0,0.0,25.0,sensor_drift,0.63
fault_sensor_drift_2,2771,1789846708.2783868,2711.8,130.98,611.3,2.88,96.92,0.0259,9.6,14.04,14.58,30.0,0.0,25.0,sensor_drift,0.63
fault_sensor_drift_2,2772,1789846709.2783868,2710.9,131.38,610.9,2.88,96.97,0.0293,9.57,13.97,14.64,30.0,0.0,25.0,sensor_drift,0.63
fault_sensor_drift_2,2773,1789846710.2783868,2713.6,131.19,611.94,2.86,97.07,0.0379,9.53,14.0,14.36,30.0,0.0,25.0,sensor_drift,0.63
fault_sensor_drift_2,2774,1789846711.2783868,2704.7,131.14,612.68,2.9,96.96,0.03,9.59,13.92,14.14,30.0,0.0,25.0,sensor_drift,0.63
fault_sensor_drift_2,2775,1789846712.2783868,2733.1,130.88,616.21,2.89,96.77,0.0348,9.6,13.95,13.91,30.0,0.0,25.0,sensor_drift,0.63
fault_sensor_drift_2,2776,1789846713.2783868,2724.5,131.04,613.57,2.88,96.71,0.0382,9.54,13.93,14.2,30.0,0.0,25.0,sensor_drift,0.63
fault_sensor_drift_2,2777,1789846714.2783868,2755.2,131.52,622.0,2.94,96.73,0.0458,9.6,13.91,14.75,30.0,0.0,25.0,sensor_drift,0.63
fault_sensor_drift_2,2778,1789846715.2783868,2746.0,131.85,612.87,2.92,96.65,0.041,9.65,13.98,14.54,30.0,0.0,25.0,sensor_drift,0.63
fault_sensor_drift_2,2779,1789846716.2783868,2746.9,131.91,610.95,2.91,96.68,0.0307,9.65,13.96,14.49,30.0,0.0,25.0,sensor_drift,0.63
fault_sensor_drift_2,2780,1789846717.2783868,2718.5,131.71,607.81,2.87,96.62,0.0325,9.83,14.03,14.62,30.0,0.0,25.0,sensor_drift,0.63
fault_sensor_drift_2,2781,1789846718.2783868,2720.2,132.0,611.53,2.87,96.34,0.0385,9.85,14.03,14.23,30.0,0.0,25.0,sensor_drift,0.63
fault_sensor_drift_2,2782,1789846719.2783868,2698.7,132.15,615.12,2.81,96.49,0.0425,10.15,14.02,14.35,30.0,0.0,25.0,sensor_drift,0.63
fault_sensor_drift_2,2783,1789846720.2783868,2693.0,132.35,613.78,2.87,96.45,0.0434,10.11,13.87,14.3,30.0,0.0,25.0,sensor_drift,0.63
fault_sensor_drift_2,2784,1789846721.2783868,2689.1,132.41,609.71,2.8,96.46,0.0347,10.17,13.92,14.0,30.0,0.0,25.0,sensor_drift,0.63
fault_sensor_drift_2,2785,1789846722.2783868,2706.5,132.23,605.83,2.87,96.46,0.0319,10.11,13.97,14.16,30.0,0.0,25.0,sensor_drift,0.63
fault_sensor_drift_2,2786,1789846723.2783868,2680.9,131.95,608.48,2.82,96.55,0.0317,10.19,14.02,14.36,30.0,0.0,25.0,sensor_drift,0.63
fault_sensor_drift_2,2787,1789846724.2783868,2678.8,131.56,613.72,2.89,96.5,0.0307,10.05,14.06,14.38,30.0,0.0,25.0,sensor_drift,0.63
fault_sensor_drift_2,2788,1789846725.2783868,2674.9,132.1,618.54,2.85,96.61,0.027,10.08,14.06,14.59,30.0,0.0,25.0,sensor_drift,0.63
fault_sensor_drift_2,2789,1789846726.2783868,2684.2,132.39,614.22,2.8,96.74,0.0323,9.93,14.03,14.71,30.0,0.0,25.0,sensor_drift,0.63
fault_sensor_drift_2,2790,1789846727.2783868,2684.9,132.21,613.22,2.81,96.95,0.0307,9.94,14.0,14.58,30.0,0.0,25.0,sensor_drift,0.63
fault_sensor_drift_2,2791,1789846728.2783868,2702.8,132.05,612.32,2.83,97.03,0.0298,10.14,13.98,14.76,30.0,0.0,25.0,sensor_drift,0.63
fault_sensor_drift_2,2792,1789846729.2783868,2708.8,132.0,609.64,2.78,97.13,0.0295,10.19,14.05,14.96,30.0,0.0,25.0,sensor_drift,0.63
fault_sensor_drift_2,2793,1789846730.2783868,2712.1,132.0,612.69,2.87,96.89,0.0334,9.8,13.97,14.41,30.0,0.0,25.0,sensor_drift,0.63
fault_sensor_drift_2,2794,1789846731.2783868,2698.4,132.0,615.5,2.85,96.89,0.0345,9.92,13.97,14.4,30.0,0.0,25.0,sensor_drift,0.63
fault_sensor_drift_2,2795,1789846732.2783868,2707.9,132.08,613.98,2.82,96.91,0.0345,9.92,13.96,14.65,30.0,0.0,25.0,sensor_drift,0.63
fault_sensor_drift_2,2796,1789846733.2783868,2728.1,132.25,610.75,2.79,96.77,0.0375,10.02,13.9,14.69,30.0,0.0,25.0,sensor_drift,0.63
fault_sensor_drift_2,2797,1789846734.2783868,2743.3,132.22,610.85,2.75,96.88,0.0482,9.95,13.97,14.38,30.0,0.0,25.0,sensor_drift,0.63
fault_sensor_drift_2,2798,1789846735.2783868,2754.6,132.29,607.62,2.81,96.91,0.0435,9.93,13.94,14.33,30.0,0.0,25.0,sensor_drift,0.63
fault_sensor_drift_2,2799,1789846736.2783868,2762.2,132.03,608.95,2.84,96.79,0.0462,10.04,13.88,14.41,30.0,0.0,25.0,sensor_drift,0.63
fault_sensor_drift_2,2800,1789846737.2783868,2766.9,132.3,609.37,2.81,96.85,0.0438,10.0,13.94,14.21,30.0,0.0,25.0,sensor_drift,0.63
fault_sensor_drift_2,2801,1789846738.2783868,2740.7,132.45,609.27,2.91,96.84,0.0337,9.99,13.93,14.63,30.0,0.0,25.0,sensor_drift,0.63
fault_sensor_drift_2,2802,1789846739.2783868,2727.8,132.29,612.49,2.91,96.78,0.0379,10.15,13.97,14.69,30.0,0.0,25.0,sensor_drift,0.63
fault_sensor_drift_2,2803,1789846740.2783868,2738.7,132.77,609.57,2.88,96.74,0.0377,10.26,13.96,14.93,30.0,0.0,25.0,sensor_drift,0.63
fault_sensor_drift_2,2804,1789846741.2783868,2738.8,132.71,608.05,2.92,96.81,0.0368,10.11,13.99,14.81,30.0,0.0,25.0,sensor_drift,0.63
fault_sensor_drift_2,2805,1789846742.2783868,2722.5,132.6,613.45,2.94,96.79,0.0332,10.16,13.96,14.69,30.0,0.0,25.0,sensor_drift,0.63
fault_sensor_drift_2,2806,1789846743.2783868,2743.8,132.96,619.47,3.0,96.69,0.0301,10.16,13.91,13.88,30.0,0.0,25.0,sensor_drift,0.63
fault_sensor_drift_2,2807,1789846744.2783868,2761.9,133.04,617.1,2.99,96.8,0.0328,10.35,13.9,14.16,30.0,0.0,25.0,sensor_drift,0.63
fault_sensor_drift_2,2808,1789846745.2783868,2742.2,132.53,615.03,2.83,96.69,0.0449,10.22,13.87,14.59,30.0,0.0,25.0,sensor_drift,0.63
fault_sensor_drift_2,2809,1789846746.2783868,2736.6,132.64,606.44,2.85,96.61,0.0429,10.33,13.91,14.62,30.0,0.0,25.0,sensor_drift,0.63
fault_sensor_drift_2,2810,1789846747.2783868,2739.4,132.57,607.67,2.91,96.79,0.0387,10.29,13.96,14.77,30.0,0.0,25.0,sensor_drift,0.63
fault_sensor_drift_2,2811,1789846748.2783868,2720.6,132.47,613.03,2.9,96.92,0.0341,10.08,14.03,14.43,30.0,0.0,25.0,sensor_drift,0.63
fault_sensor_drift_2,2812,1789846749.2783868,2734.3,132.51,613.88,2.89,96.9,0.026,10.23,13.96,14.36,30.0,0.0,25.0,sensor_drift,0.63
fault_sensor_drift_2,2813,1789846750.2783868,2725.0,132.38,612.28,2.88,96.87,0.0249,10.33,13.91,14.48,30.0,0.0,25.0,sensor_drift,0.63
fault_sensor_drift_2,2814,1789846751.2783868,2704.0,132.75,612.96,2.91,96.95,0.0362,10.39,13.99,14.68,30.0,0.0,25.0,sensor_drift,0.63
fault_sensor_drift_2,2815,1789846752.2783868,2704.0,132.97,612.54,2.88,97.03,0.0349,10.36,14.05,14.61,30.0,0.0,25.0,sensor_drift,0.63
fault_sensor_drift_2,2816,1789846753.2783868,2728.7,132.76,610.79,2.84,97.02,0.0331,10.29,14.01,14.41,30.0,0.0,25.0,sensor_drift,0.63
fault_sensor_drift_2,2817,1789846754.2783868,2716.4,132.82,614.83,2.93,97.04,0.0438,10.21,14.04,14.28,30.0,0.0,25.0,sensor_drift,0.63
fault_sensor_drift_2,2818,1789846755.2783868,2697.2,132.67,622.61,2.86,97.16,0.0416,10.12,14.06,14.57,30.0,0.0,25.0,sensor_drift,0.63
fault_sensor_drift_2,2819,1789846756.2783868,2698.5,132.7,620.74,2.92,97.17,0.0411,10.2,14.09,14.0,30.0,0.0,25.0,sensor_drift,0.63
fault_sensor_drift_2,2820,1789846757.2783868,2693.6,132.85,619.98,2.87,97.07,0.0317,10.26,14.1,14.29,30.0,0.0,25.0,sensor_drift,0.63
fault_sensor_drift_2,2821,1789846758.2783868,2670.2,132.45,617.09,2.88,97.15,0.0358,10.46,14.11,14.1,30.0,0.0,25.0,sensor_drift,0.63
fault_sensor_drift_2,2822,1789846759.2783868,2689.0,132.2,621.9,2.9,97.17,0.0434,10.45,14.11,14.34,30.0,0.0,25.0,sensor_drift,0.63
fault_sensor_drift_2,2823,1789846760.2783868,2684.1,132.28,622.67,2.96,97.04,0.0347,10.32,14.07,14.15,30.0,0.0,25.0,sensor_drift,0.63
fault_sensor_drift_2,2824,1789846761.2783868,2689.5,132.39,621.33,2.92,97.17,0.0274,10.3,13.99,13.94,30.0,0.0,25.0,sensor_drift,0.63
fault_sensor_drift_2,2825,1789846762.2783868,2697.6,132.53,620.36,2.88,97.19,0.034,10.36,13.93,13.84,30.0,0.0,25.0,sensor_drift,0.63
fault_sensor_drift_2,2826,1789846763.2783868,2703.5,132.13,621.17,2.96,97.34,0.0286,10.3,14.05,14.03,30.0,0.0,25.0,sensor_drift,0.63
fault_sensor_drift_2,2827,1789846764.2783868,2707.1,132.44,618.07,2.9,97.2,0.0372,10.3,14.04,14.54,30.0,0.0,25.0,sensor_drift,0.63
fault_sensor_drift_2,2828,1789846765.2783868,2737.7,132.82,621.03,2.93,97.09,0.0372,10.19,14.05,14.26,30.0,0.0,25.0,sensor_drift,0.63
fault_sensor_drift_2,2829,1789846766.2783868,2727.9,133.32,621.13,2.9,97.04,0.0364,10.19,14.05,14.64,30.0,0.0,25.0,sensor_drift,0.63
fault_sensor_drift_2,2830,1789846767.2783868,2731.8,133.16,616.25,2.95,96.87,0.034,10.21,14.03,14.12,30.0,0.0,25.0,sensor_drift,0.63
fault_sensor_drift_2,2831,1789846768.2783868,2724.8,133.51,620.24,2.9,96.7,0.0396,10.22,14.0,14.02,30.0,0.0,25.0,sensor_drift,0.63
fault_sensor_drift_2,2832,1789846769.2783868,2751.1,133.66,623.34,2.97,96.63,0.0286,10.12,14.07,14.32,30.0,0.0,25.0,sensor_drift,0.63
fault_sensor_drift_2,2833,1789846770.2783868,2742.3,133.69,622.24,2.94,96.58,0.0325,10.11,14.02,14.68,30.0,0.0,25.0,sensor_drift,0.63
fault_sensor_drift_2,2834,1789846771.2783868,2751.5,133.72,620.51,3.01,96.61,0.0288,10.13,14.01,14.54,30.0,0.0,25.0,sensor_drift,0.63
fault_sensor_drift_2,2835,1789846772.2783868,2715.4,133.53,616.86,3.02,96.48,0.0308,10.15,14.0,14.23,30.0,0.0,25.0,sensor_drift,0.63
fault_sensor_drift_2,2836,1789846773.2783868,2713.3,133.37,617.7,2.98,96.48,0.037,10.29,14.05,14.48,30.0,0.0,25.0,sensor_drift,0.63
fault_sensor_drift_2,2837,1789846774.2783868,2738.8,133.32,619.63,2.96,96.72,0.0339,10.31,14.08,14.8,30.0,0.0,25.0,sensor_drift,0.63
fault_sensor_drift_2,2838,1789846775.2783868,2737.9,133.72,620.91,3.02,96.64,0.0437,10.32,14.05,14.48,30.0,0.0,25.0,sensor_drift,0.63
fault_sensor_drift_2,2839,1789846776.2783868,2736.7,133.53,621.9,2.92,96.65,0.0423,10.2,14.08,14.32,30.0,0.0,25.0,sensor_drift,0.63
fault_sensor_drift_2,2840,1789846777.2783868,2694.4,134.06,620.24,2.88,96.67,0.0352,10.23,14.11,14.01,30.0,0.0,25.0,sensor_drift,0.63
fault_sensor_drift_2,2841,1789846778.2783868,2683.0,134.22,617.16,2.87,96.71,0.0455,10.16,14.17,14.33,30.0,0.0,25.0,sensor_drift,0.63
fault_sensor_drift_2,2842,1789846779.2783868,2708.5,133.96,621.01,2.91,96.8,0.0389,10.18,14.17,14.37,30.0,0.0,25.0,sensor_drift,0.63
fault_sensor_drift_2,2843,1789846780.2783868,2703.0,133.89,617.03,2.97,96.68,0.0385,10.14,14.05,14.11,30.0,0.0,25.0,sensor_drift,0.63
fault_sensor_drift_2,2844,1789846781.2783868,2726.7,133.69,620.14,2.92,96.8,0.0362,10.13,14.06,14.28,30.0,0.0,25.0,sensor_drift,0.63
fault_sensor_drift_2,2845,1789846782.2783868,2745.3,133.72,622.42,2.9,96.73,0.0376,10.16,14.09,14.2,30.0,0.0,25.0,sensor_drift,0.63
fault_sensor_drift_2,2846,1789846783.2783868,2733.7,133.06,616.81,2.9,96.92,0.0531,9.84,14.1,14.21,30.0,0.0,25.0,sensor_drift,0.63
fault_sensor_drift_2,2847,1789846784.2783868,2717.9,133.34,611.31,2.94,96.98,0.0426,9.87,14.1,14.33,30.0,0.0,25.0,sensor_drift,0.63
fault_sensor_drift_2,2848,1789846785.2783868,2737.8,133.54,610.32,2.93,97.02,0.0482,9.96,14.11,14.52,30.0,0.0,25.0,sensor_drift,0.63
fault_sensor_drift_2,2849,1789846786.2783868,2744.9,133.73,614.39,3.01,96.96,0.043,9.98,14.12,14.56,30.0,0.0,25.0,sensor_drift,0.63
fault_sensor_drift_2,2850,1789846787.2783868,2748.9,133.52,613.47,2.98,96.97,0.0376,10.04,14.12,14.35,30.0,0.0,25.0,sensor_drift,0.63
fault_sensor_drift_2,2851,1789846788.2783868,2719.9,133.38,611.11,2.95,96.88,0.0372,10.07,14.07,14.11,30.0,0.0,25.0,sensor_drift,0.63
fault_sensor_drift_2,2852,1789846789.2783868,2717.5,133.44,613.28,2.89,96.9,0.0423,10.06,14.06,14.26,30.0,0.0,25.0,sensor_drift,0.63
fault_sensor_drift_2,2853,1789846790.2783868,2736.1,133.53,609.67,2.97,96.92,0.0399,10.19,14.1,14.32,30.0,0.0,25.0,sensor_drift,0.63
fault_sensor_drift_2,2854,1789846791.2783868,2735.6,133.79,610.87,3.04,96.84,0.0488,10.2,14.13,14.09,30.0,0.0,25.0,sensor_drift,0.63
fault_sensor_drift_2,2855,1789846792.2783868,2731.6,134.02,605.78,2.96,96.85,0.0482,10.36,14.13,14.48,30.0,0.0,25.0,sensor_drift,0.63
fault_sensor_drift_2,2856,1789846793.2783868,2700.6,134.34,608.09,2.93,96.74,0.0449,10.33,14.14,14.21,30.0,0.0,25.0,sensor_drift,0.63
fault_sensor_drift_2,2857,1789846794.2783868,2706.8,134.33,614.52,2.98,96.7,0.0405,10.3,14.17,14.34,30.0,0.0,25.0,sensor_drift,0.63
fault_sensor_drift_2,2858,1789846795.2783868,2709.9,134.49,615.0,2.95,96.93,0.0367,10.25,14.13,14.28,30.0,0.0,25.0,sensor_drift,0.63
fault_sensor_drift_2,2859,1789846796.2783868,2731.1,134.0,614.52,2.96,97.0,0.0342,10.26,14.16,14.63,30.0,0.0,25.0,sensor_drift,0.63
fault_sensor_drift_2,2860,1789846797.2783868,2708.3,134.15,618.86,2.97,97.03,0.035,10.16,14.17,14.74,30.0,0.0,25.0,sensor_drift,0.63
fault_sensor_drift_2,2861,1789846798.2783868,2739.4,134.1,615.72,2.9,97.21,0.0352,10.07,14.18,14.38,30.0,0.0,25.0,sensor_drift,0.63
fault_sensor_drift_2,2862,1789846799.2783868,2734.3,133.7,619.74,2.85,97.26,0.0381,10.2,14.21,14.25,30.0,0.0,25.0,sensor_drift,0.63
fault_sensor_drift_2,2863,1789846800.2783868,2735.0,133.6,617.54,2.9,97.29,0.0373,10.28,14.22,14.23,30.0,0.0,25.0,sensor_drift,0.63
fault_sensor_drift_2,2864,1789846801.2783868,2744.1,133.64,613.8,2.97,97.24,0.0398,10.15,14.33,14.43,30.0,0.0,25.0,sensor_drift,0.63
fault_sensor_drift_2,2865,1789846802.2783868,2733.2,133.83,609.9,2.99,97.14,0.0389,10.16,14.29,14.56,30.0,0.0,25.0,sensor_drift,0.63
fault_sensor_drift_2,2866,1789846803.2783868,2719.7,133.43,612.03,2.96,97.12,0.0482,10.1,14.2,14.48,30.0,0.0,25.0,sensor_drift,0.63
fault_sensor_drift_2,2867,1789846804.2783868,2682.0,133.67,612.29,3.03,97.07,0.0384,10.16,14.2,14.49,30.0,0.0,25.0,sensor_drift,0.63
fault_sensor_drift_2,2868,1789846805.2783868,2689.2,133.41,609.67,3.03,97.07,0.0331,10.24,14.24,14.6,30.0,0.0,25.0,sensor_drift,0.63
fault_sensor_drift_2,2869,1789846806.2783868,2684.6,133.36,615.23,3.0,97.18,0.0354,10.18,14.14,14.31,30.0,0.0,25.0,sensor_drift,0.63
fault_sensor_drift_2,2870,1789846807.2783868,2682.1,133.85,612.48,3.09,97.01,0.0376,10.13,14.16,14.23,30.0,0.0,25.0,sensor_drift,0.63
fault_sensor_drift_2,2871,1789846808.2783868,2698.2,133.99,612.81,3.02,97.0,0.0419,9.98,14.1,14.48,30.0,0.0,25.0,sensor_drift,0.63
fault_sensor_drift_2,2872,1789846809.2783868,2684.0,133.72,617.0,2.99,96.83,0.0341,10.05,14.07,14.45,30.0,0.0,25.0,sensor_drift,0.63
fault_sensor_drift_2,2873,1789846810.2783868,2698.7,134.19,620.55,2.96,96.75,0.0374,9.98,14.01,14.28,30.0,0.0,25.0,sensor_drift,0.63
fault_sensor_drift_2,2874,1789846811.2783868,2680.7,134.12,623.98,3.01,96.64,0.0272,10.02,14.07,14.59,30.0,0.0,25.0,sensor_drift,0.63
fault_sensor_drift_2,2875,1789846812.2783868,2710.8,134.06,618.19,3.03,96.65,0.026,10.01,14.13,14.64,30.0,0.0,25.0,sensor_drift,0.63
fault_sensor_drift_2,2876,1789846813.2783868,2730.8,134.1,618.11,3.05,96.62,0.0276,10.05,14.12,14.72,30.0,0.0,25.0,sensor_drift,0.63
fault_sensor_drift_2,2877,1789846814.2783868,2725.4,133.85,615.52,3.02,96.57,0.0296,10.01,14.05,14.75,30.0,0.0,25.0,sensor_drift,0.63
fault_sensor_drift_2,2878,1789846815.2783868,2725.8,133.92,619.33,2.91,96.46,0.0261,10.12,14.14,14.75,30.0,0.0,25.0,sensor_drift,0.63
fault_sensor_drift_2,2879,1789846816.2783868,2717.0,134.24,619.78,2.86,96.49,0.0336,10.07,14.19,14.59,30.0,0.0,25.0,sensor_drift,0.63
fault_sensor_drift_2,2880,1789846817.2783868,2700.6,134.38,621.31,2.83,96.49,0.0347,10.1,14.12,14.09,30.0,0.0,25.0,sensor_drift,0.63
fault_sensor_drift_2,2881,1789846818.2783868,2726.9,134.38,621.7,2.77,96.45,0.0247,10.07,14.08,14.29,30.0,0.0,25.0,sensor_drift,0.63
fault_sensor_drift_2,2882,1789846819.2783868,2689.4,134.07,617.12,2.75,96.35,0.0245,10.02,14.0,14.39,30.0,0.0,25.0,sensor_drift,0.63
fault_sensor_drift_2,2883,1789846820.2783868,2716.6,133.79,615.64,2.65,96.48,0.0376,10.04,14.04,14.17,30.0,0.0,25.0,sensor_drift,0.63
fault_sensor_drift_2,2884,1789846821.2783868,2692.7,133.79,613.87,2.68,96.33,0.0282,9.9,14.03,14.38,30.0,0.0,25.0,sensor_drift,0.63
fault_sensor_drift_2,2885,1789846822.2783868,2733.6,133.75,614.49,2.72,96.39,0.0293,10.02,14.04,14.22,30.0,0.0,25.0,sensor_drift,0.63
fault_sensor_drift_2,2886,1789846823.2783868,2714.1,133.49,616.59,2.81,96.25,0.0314,10.14,14.04,14.37,30.0,0.0,25.0,sensor_drift,0.63
fault_sensor_drift_2,2887,1789846824.2783868,2720.6,133.8,614.31,2.81,96.45,0.0363,10.17,14.0,14.07,30.0,0.0,25.0,sensor_drift,0.63
fault_sensor_drift_2,2888,1789846825.2783868,2738.9,133.62,616.94,2.74,96.39,0.0321,10.19,14.06,14.03,30.0,0.0,25.0,sensor_drift,0.63
fault_sensor_drift_2,2889,1789846826.2783868,2747.4,133.85,614.87,2.76,96.56,0.0323,10.25,14.07,14.4,30.0,0.0,25.0,sensor_drift,0.63
fault_sensor_drift_2,2890,1789846827.2783868,2724.1,133.89,617.58,2.83,96.6,0.0403,10.5,14.17,14.15,30.0,0.0,25.0,sensor_drift,0.63
fault_sensor_drift_2,2891,1789846828.2783868,2723.6,133.74,615.51,2.9,96.6,0.0384,10.44,14.13,14.19,30.0,0.0,25.0,sensor_drift,0.63
fault_sensor_drift_2,2892,1789846829.2783868,2753.8,133.68,620.67,2.9,96.6,0.0378,10.58,14.12,14.14,30.0,0.0,25.0,sensor_drift,0.63
fault_sensor_drift_2,2893,1789846830.2783868,2760.4,133.42,621.81,2.87,96.54,0.0309,10.55,14.02,14.37,30.0,0.0,25.0,sensor_drift,0.63
fault_sensor_drift_2,2894,1789846831.2783868,2753.3,133.39,620.73,2.85,96.38,0.0339,10.43,13.89,14.42,30.0,0.0,25.0,sensor_drift,0.63
fault_sensor_drift_2,2895,1789846832.2783868,2744.1,133.45,620.59,2.92,96.49,0.039,10.29,13.9,14.21,30.0,0.0,25.0,sensor_drift,0.63
fault_sensor_drift_2,2896,1789846833.2783868,2737.3,133.24,620.37,2.92,96.4,0.0334,10.36,13.93,13.98,30.0,0.0,25.0,sensor_drift,0.63
fault_sensor_drift_2,2897,1789846834.2783868,2744.3,133.45,620.77,2.95,96.48,0.0343,10.11,13.9,14.17,30.0,0.0,25.0,sensor_drift,0.63
fault_sensor_drift_2,2898,1789846835.2783868,2738.4,133.46,613.27,2.91,96.52,0.0372,10.15,13.93,14.13,30.0,0.0,25.0,sensor_drift,0.63
fault_sensor_drift_2,2899,1789846836.2783868,2715.8,133.19,608.3,2.92,96.69,0.0455,10.08,13.93,14.21,30.0,0.0,25.0,sensor_drift,0.63
fault_sensor_drift_2,2900,1789846837.2783868,2711.8,133.28,610.06,2.95,96.88,0.0281,10.27,13.96,14.12,30.0,0.0,25.0,sensor_drift,0.63
fault_sensor_drift_2,2901,1789846838.2783868,2723.9,133.7,611.05,2.91,96.87,0.0333,10.15,13.97,14.36,30.0,0.0,25.0,sensor_drift,0.63
fault_sensor_drift_2,2902,1789846839.2783868,2704.7,133.61,613.41,2.86,96.77,0.0388,10.08,13.89,14.24,30.0,0.0,25.0,sensor_drift,0.63
fault_sensor_drift_2,2903,1789846840.2783868,2708.4,133.93,613.7,2.86,96.86,0.0318,10.02,13.88,14.16,30.0,0.0,25.0,sensor_drift,0.63
fault_sensor_drift_2,2904,1789846841.2783868,2710.2,134.22,616.89,2.84,96.79,0.0314,10.11,13.97,14.09,30.0,0.0,25.0,sensor_drift,0.63
fault_sensor_drift_2,2905,1789846842.2783868,2724.2,134.1,620.39,2.81,96.8,0.0337,10.05,13.89,14.12,30.0,0.0,25.0,sensor_drift,0.63
fault_sensor_drift_2,2906,1789846843.2783868,2711.6,133.79,615.44,2.76,96.76,0.0255,9.88,13.94,14.31,30.0,0.0,25.0,sensor_drift,0.63
fault_sensor_drift_2,2907,1789846844.2783868,2723.7,133.77,610.73,2.75,96.87,0.0308,10.06,13.94,14.53,30.0,0.0,25.0,sensor_drift,0.63
fault_sensor_drift_2,2908,1789846845.2783868,2727.3,133.31,611.22,2.87,96.84,0.015,10.07,13.98,14.31,30.0,0.0,25.0,sensor_drift,0.63
fault_sensor_drift_2,2909,1789846846.2783868,2715.6,133.3,612.7,2.9,96.93,0.0264,9.99,13.96,14.32,30.0,0.0,25.0,sensor_drift,0.63
fault_sensor_drift_2,2910,1789846847.2783868,2717.5,133.45,615.24,2.85,96.88,0.0425,10.04,13.97,14.5,30.0,0.0,25.0,sensor_drift,0.63
fault_sensor_drift_2,2911,1789846848.2783868,2685.4,133.55,617.09,2.93,96.78,0.0359,10.01,13.87,14.41,30.0,0.0,25.0,sensor_drift,0.63
fault_sensor_drift_2,2912,1789846849.2783868,2688.5,133.42,615.54,2.91,96.89,0.0314,10.1,13.88,14.12,30.0,0.0,25.0,sensor_drift,0.63
fault_sensor_drift_2,2913,1789846850.2783868,2704.7,133.75,619.2,2.94,96.87,0.0386,10.16,13.91,14.37,30.0,0.0,25.0,sensor_drift,0.63
fault_sensor_drift_2,2914,1789846851.2783868,2713.9,134.05,615.36,2.96,97.07,0.0377,10.18,13.97,14.21,30.0,0.0,25.0,sensor_drift,0.63
fault_sensor_drift_2,2915,1789846852.2783868,2718.8,134.02,611.75,2.95,96.86,0.0431,10.19,14.07,14.22,30.0,0.0,25.0,sensor_drift,0.63
fault_sensor_drift_2,2916,1789846853.2783868,2712.8,134.19,607.99,2.85,97.14,0.0416,10.12,14.06,14.97,30.0,0.0,25.0,sensor_drift,0.63
fault_sensor_drift_2,2917,1789846854.2783868,2706.3,134.16,612.41,2.76,97.26,0.0414,10.16,14.05,14.69,30.0,0.0,25.0,sensor_drift,0.63
fault_sensor_drift_2,2918,1789846855.2783868,2703.4,133.99,613.52,2.78,97.19,0.0403,9.99,14.08,14.69,30.0,0.0,25.0,sensor_drift,0.63
fault_sensor_drift_2,2919,1789846856.2783868,2713.2,133.5,614.07,2.88,97.24,0.0312,10.03,14.18,14.52,30.0,0.0,25.0,sensor_drift,0.63
fault_sensor_drift_2,2920,1789846857.2783868,2749.0,133.54,611.44,2.9,97.49,0.0311,10.11,14.19,14.67,30.0,0.0,25.0,sensor_drift,0.63
fault_sensor_drift_2,2921,1789846858.2783868,2752.1,133.33,614.07,2.91,97.42,0.0394,10.23,14.14,14.28,30.0,0.0,25.0,sensor_drift,0.63
fault_sensor_drift_2,2922,1789846859.2783868,2748.0,133.0,617.7,2.87,97.38,0.0408,10.29,14.16,14.39,30.0,0.0,25.0,sensor_drift,0.63
fault_sensor_drift_2,2923,1789846860.2783868,2736.5,132.69,615.51,2.92,97.38,0.034,10.15,14.23,14.38,30.0,0.0,25.0,sensor_drift,0.63
fault_sensor_drift_2,2924,1789846861.2783868,2737.3,132.71,619.96,2.9,97.11,0.0386,10.21,14.18,14.43,30.0,0.0,25.0,sensor_drift,0.63
fault_sensor_drift_2,2925,1789846862.2783868,2698.5,132.98,623.94,3.01,97.06,0.0365,10.12,14.24,14.72,30.0,0.0,25.0,sensor_drift,0.63
fault_sensor_drift_2,2926,1789846863.2783868,2698.8,133.19,619.12,2.98,96.99,0.0349,10.24,14.17,14.58,30.0,0.0,25.0,sensor_drift,0.63
fault_sensor_drift_2,2927,1789846864.2783868,2675.3,133.19,615.55,2.94,96.92,0.0311,10.29,14.12,14.75,30.0,0.0,25.0,sensor_drift,0.63
fault_sensor_drift_2,2928,1789846865.2783868,2681.4,133.45,613.21,2.99,97.1,0.0423,10.44,14.09,14.34,30.0,0.0,25.0,sensor_drift,0.63
fault_sensor_drift_2,2929,1789846866.2783868,2710.1,133.41,609.63,2.99,96.93,0.0465,10.28,13.99,14.79,30.0,0.0,25.0,sensor_drift,0.63
fault_sensor_drift_2,2930,1789846867.2783868,2697.1,133.21,607.59,2.98,96.75,0.0475,10.28,13.94,14.52,30.0,0.0,25.0,sensor_drift,0.63
fault_sensor_drift_2,2931,1789846868.2783868,2714.4,133.61,601.94,3.0,96.78,0.0406,10.41,13.9,14.65,30.0,0.0,25.0,sensor_drift,0.63
fault_sensor_drift_2,2932,1789846869.2783868,2726.2,133.42,606.19,2.98,96.9,0.043,10.44,13.92,14.28,30.0,0.0,25.0,sensor_drift,0.63
fault_sensor_drift_2,2933,1789846870.2783868,2719.7,133.72,609.06,2.99,96.84,0.039,10.33,13.93,14.45,30.0,0.0,25.0,sensor_drift,0.63
fault_sensor_drift_2,2934,1789846871.2783868,2721.6,134.07,613.16,2.93,96.87,0.0424,10.13,13.94,14.44,30.0,0.0,25.0,sensor_drift,0.63
fault_sensor_drift_2,2935,1789846872.2783868,2710.5,133.9,609.31,2.93,96.92,0.0423,10.19,13.99,14.24,30.0,0.0,25.0,sensor_drift,0.63
fault_sensor_drift_2,2936,1789846873.2783868,2709.0,133.68,608.9,2.9,96.84,0.037,10.14,14.02,14.24,30.0,0.0,25.0,sensor_drift,0.63
fault_sensor_drift_2,2937,1789846874.2783868,2683.9,133.88,613.24,2.9,96.74,0.0434,10.17,14.02,14.27,30.0,0.0,25.0,sensor_drift,0.63
fault_sensor_drift_2,2938,1789846875.2783868,2685.3,134.08,612.37,2.9,96.85,0.0455,10.13,14.07,14.45,30.0,0.0,25.0,sensor_drift,0.63
fault_sensor_drift_2,2939,1789846876.2783868,2695.9,133.76,615.39,2.85,97.03,0.0423,10.27,14.06,14.48,30.0,0.0,25.0,sensor_drift,0.63
fault_sensor_drift_2,2940,1789846877.2783868,2692.7,133.43,608.83,2.91,97.14,0.0355,10.38,14.02,14.48,30.0,0.0,25.0,sensor_drift,0.63
fault_sensor_drift_2,2941,1789846878.2783868,2700.3,133.39,613.43,2.88,97.1,0.0332,10.33,14.07,14.3,30.0,0.0,25.0,sensor_drift,0.63
fault_sensor_drift_2,2942,1789846879.2783868,2681.8,133.25,616.44,2.8,97.16,0.0374,10.27,14.05,14.5,30.0,0.0,25.0,sensor_drift,0.63
fault_sensor_drift_2,2943,1789846880.2783868,2683.3,133.21,614.61,2.74,97.21,0.0383,10.23,14.19,14.58,30.0,0.0,25.0,sensor_drift,0.63
fault_sensor_drift_2,2944,1789846881.2783868,2688.7,132.98,617.39,2.8,97.22,0.0434,10.06,14.13,14.29,30.0,0.0,25.0,sensor_drift,0.63
fault_sensor_drift_2,2945,1789846882.2783868,2708.4,133.42,619.68,2.8,97.2,0.0429,9.93,14.22,14.1,30.0,0.0,25.0,sensor_drift,0.63
fault_sensor_drift_2,2946,1789846883.2783868,2712.4,132.77,616.64,2.86,97.31,0.0496,10.04,14.23,14.33,30.0,0.0,25.0,sensor_drift,0.63
fault_sensor_drift_2,2947,1789846884.2783868,2706.4,132.83,616.57,2.95,97.47,0.0396,9.95,14.24,14.22,30.0,0.0,25.0,sensor_drift,0.63
fault_sensor_drift_2,2948,1789846885.2783868,2692.9,132.95,618.51,2.86,97.21,0.0377,9.99,14.26,14.37,30.0,0.0,25.0,sensor_drift,0.63
fault_sensor_drift_2,2949,1789846886.2783868,2679.1,133.09,616.88,2.87,97.25,0.0384,10.03,14.25,14.43,30.0,0.0,25.0,sensor_drift,0.63
fault_sensor_drift_2,2950,1789846887.2783868,2690.3,133.0,617.46,2.89,97.23,0.0371,9.9,14.21,14.4,30.0,0.0,25.0,sensor_drift,0.63
fault_sensor_drift_2,2951,1789846888.2783868,2716.2,133.12,618.39,2.93,97.42,0.0253,9.84,14.16,14.32,30.0,0.0,25.0,sensor_drift,0.63
fault_sensor_drift_2,2952,1789846889.2783868,2726.5,133.55,622.83,2.98,97.34,0.0299,9.84,14.13,14.84,30.0,0.0,25.0,sensor_drift,0.63
fault_sensor_drift_2,2953,1789846890.2783868,2732.8,133.48,622.36,2.85,97.41,0.0355,9.71,14.05,14.14,30.0,0.0,25.0,sensor_drift,0.63
fault_sensor_drift_2,2954,1789846891.2783868,2743.5,133.21,621.45,2.96,97.43,0.0342,9.67,14.13,14.62,30.0,0.0,25.0,sensor_drift,0.63
fault_sensor_drift_2,2955,1789846892.2783868,2743.6,133.57,621.02,2.9,97.48,0.0326,9.61,14.09,14.66,30.0,0.0,25.0,sensor_drift,0.63
fault_sensor_drift_2,2956,1789846893.2783868,2720.1,133.67,622.36,2.88,97.57,0.0433,9.71,14.15,14.28,30.0,0.0,25.0,sensor_drift,0.63
fault_sensor_drift_2,2957,1789846894.2783868,2699.7,133.77,614.97,2.78,97.58,0.0522,9.91,14.18,14.32,30.0,0.0,25.0,sensor_drift,0.63
fault_sensor_drift_2,2958,1789846895.2783868,2712.7,134.13,611.79,2.86,97.6,0.0406,10.09,14.27,14.16,30.0,0.0,25.0,sensor_drift,0.63
fault_sensor_drift_2,2959,1789846896.2783868,2733.6,134.05,614.62,2.82,97.73,0.0357,10.04,14.22,14.19,30.0,0.0,25.0,sensor_drift,0.63
fault_sensor_drift_2,2960,1789846897.2783868,2715.1,134.23,620.57,2.88,97.71,0.0348,10.04,14.2,14.19,30.0,0.0,25.0,sensor_drift,0.63
fault_sensor_drift_2,2961,1789846898.2783868,2706.5,134.25,621.05,2.89,97.71,0.0352,10.19,14.2,13.63,30.0,0.0,25.0,sensor_drift,0.63
fault_sensor_drift_2,2962,1789846899.2783868,2710.8,134.49,618.87,2.9,97.59,0.0412,10.11,14.24,14.13,30.0,0.0,25.0,sensor_drift,0.63
fault_sensor_drift_2,2963,1789846900.2783868,2713.3,134.46,618.94,2.89,97.53,0.044,9.97,14.13,13.96,30.0,0.0,25.0,sensor_drift,0.63
fault_sensor_drift_2,2964,1789846901.2783868,2734.1,134.17,616.4,2.93,97.6,0.0473,9.72,14.17,13.99,30.0,0.0,25.0,sensor_drift,0.63
fault_sensor_drift_2,2965,1789846902.2783868,2721.3,134.12,612.74,2.81,97.57,0.0297,9.67,14.18,13.86,30.0,0.0,25.0,sensor_drift,0.63
fault_sensor_drift_2,2966,1789846903.2783868,2720.7,133.97,615.28,2.81,97.46,0.0264,9.54,14.13,13.69,30.0,0.0,25.0,sensor_drift,0.63
fault_sensor_drift_2,2967,1789846904.2783868,2730.5,133.76,619.76,2.75,97.54,0.0282,9.68,14.05,14.23,30.0,0.0,25.0,sensor_drift,0.63
fault_sensor_drift_2,2968,1789846905.2783868,2725.7,133.77,620.85,2.81,97.49,0.0282,9.72,14.09,14.37,30.0,0.0,25.0,sensor_drift,0.63
fault_sensor_drift_2,2969,1789846906.2783868,2719.2,133.54,622.1,2.88,97.4,0.0299,9.84,14.08,14.1,30.0,0.0,25.0,sensor_drift,0.63
fault_sensor_drift_2,2970,1789846907.2783868,2721.7,133.1,621.36,2.83,97.56,0.0376,9.79,14.06,14.14,30.0,0.0,25.0,sensor_drift,0.63
fault_sensor_drift_2,2971,1789846908.2783868,2719.1,132.71,616.69,2.88,97.51,0.0362,9.77,14.06,14.34,30.0,0.0,25.0,sensor_drift,0.63
fault_sensor_drift_2,2972,1789846909.2783868,2714.1,132.88,620.12,2.88,97.6,0.0303,9.93,14.06,13.96,30.0,0.0,25.0,sensor_drift,0.63
fault_sensor_drift_2,2973,1789846910.2783868,2728.3,133.15,614.79,2.89,97.52,0.0309,10.08,13.99,14.67,30.0,0.0,25.0,sensor_drift,0.63
fault_sensor_drift_2,2974,1789846911.2783868,2739.8,133.01,616.5,2.85,97.49,0.0353,10.07,13.96,14.36,30.0,0.0,25.0,sensor_drift,0.63
fault_sensor_drift_2,2975,1789846912.2783868,2747.2,132.98,614.27,2.79,97.53,0.0334,10.15,13.92,14.36,30.0,0.0,25.0,sensor_drift,0.63
fault_sensor_drift_2,2976,1789846913.2783868,2755.3,133.09,614.14,2.81,97.62,0.0335,10.11,13.99,14.34,30.0,0.0,25.0,sensor_drift,0.63
fault_sensor_drift_2,2977,1789846914.2783868,2737.9,133.04,617.59,2.89,97.64,0.0371,9.87,14.05,14.76,30.0,0.0,25.0,sensor_drift,0.63
fault_sensor_drift_2,2978,1789846915.2783868,2715.7,132.44,619.46,2.85,97.59,0.0355,9.86,14.06,14.61,30.0,0.0,25.0,sensor_drift,0.63
fault_sensor_drift_2,2979,1789846916.2783868,2717.4,132.27,616.31,2.88,97.86,0.0328,9.79,14.06,14.56,30.0,0.0,25.0,sensor_drift,0.63
fault_sensor_drift_2,2980,1789846917.2783868,2716.7,132.55,613.61,2.9,97.86,0.029,9.82,14.07,14.3,30.0,0.0,25.0,sensor_drift,0.63
fault_sensor_drift_2,2981,1789846918.2783868,2713.9,132.88,619.49,2.88,97.84,0.0304,9.73,14.02,14.71,30.0,0.0,25.0,sensor_drift,0.63
fault_sensor_drift_2,2982,1789846919.2783868,2728.6,132.61,623.47,2.88,97.89,0.0251,9.64,14.11,14.75,30.0,0.0,25.0,sensor_drift,0.63
fault_sensor_drift_2,2983,1789846920.2783868,2725.5,132.23,624.97,2.81,97.93,0.0244,9.9,14.14,14.82,30.0,0.0,25.0,sensor_drift,0.63
fault_sensor_drift_2,2984,1789846921.2783868,2766.7,132.29,619.47,2.79,97.94,0.0302,9.92,14.19,14.64,30.0,0.0,25.0,sensor_drift,0.63
fault_sensor_drift_2,2985,1789846922.2783868,2731.3,132.78,613.97,2.85,97.84,0.0341,10.05,14.14,14.52,30.0,0.0,25.0,sensor_drift,0.63
fault_sensor_drift_2,2986,1789846923.2783868,2713.6,132.92,610.72,2.77,97.92,0.038,10.06,14.19,14.46,30.0,0.0,25.0,sensor_drift,0.63
fault_sensor_drift_2,2987,1789846924.2783868,2715.3,132.95,612.89,2.83,97.93,0.0369,10.09,14.15,14.42,30.0,0.0,25.0,sensor_drift,0.63
fault_sensor_drift_2,2988,1789846925.2783868,2719.4,132.74,617.92,2.87,97.88,0.0323,10.16,14.1,14.43,30.0,0.0,25.0,sensor_drift,0.63
fault_sensor_drift_2,2989,1789846926.2783868,2713.1,132.42,619.15,2.82,97.87,0.03,9.94,14.06,14.49,30.0,0.0,25.0,sensor_drift,0.63
fault_sensor_drift_2,2990,1789846927.2783868,2728.5,132.54,619.46,2.84,97.76,0.0374,9.87,13.94,14.6,30.0,0.0,25.0,sensor_drift,0.63
fault_sensor_drift_2,2991,1789846928.2783868,2731.1,132.96,621.41,2.92,97.75,0.0399,9.75,14.01,14.45,30.0,0.0,25.0,sensor_drift,0.63
fault_sensor_drift_2,2992,1789846929.2783868,2710.9,133.28,614.26,2.99,97.6,0.0409,9.8,13.98,14.51,30.0,0.0,25.0,sensor_drift,0.63
fault_sensor_drift_2,2993,1789846930.2783868,2726.4,133.27,613.48,2.93,97.55,0.0347,9.72,14.01,14.9,30.0,0.0,25.0,sensor_drift,0.63
fault_sensor_drift_2,2994,1789846931.2783868,2708.2,133.04,613.09,2.81,97.43,0.0309,10.04,14.05,15.01,30.0,0.0,25.0,sensor_drift,0.63
fault_sensor_drift_2,2995,1789846932.2783868,2694.4,133.07,617.05,2.82,97.41,0.0314,10.1,14.11,14.92,30.0,0.0,25.0,sensor_drift,0.63
fault_sensor_drift_2,2996,1789846933.2783868,2702.5,133.24,614.32,2.78,97.43,0.031,9.96,14.11,14.44,30.0,0.0,25.0,sensor_drift,0.63
fault_sensor_drift_2,2997,1789846934.2783868,2705.0,133.31,610.77,2.82,97.29,0.0324,10.12,14.05,13.88,30.0,0.0,25.0,sensor_drift,0.63
fault_sensor_drift_2,2998,1789846935.2783868,2703.1,133.22,611.8,2.91,97.27,0.0327,10.05,14.06,14.07,30.0,0.0,25.0,sensor_drift,0.63
fault_sensor_drift_2,2999,1789846936.2783868,2713.5,133.19,615.96,2.96,97.15,0.0335,9.83,14.05,14.53,30.0,0.0,25.0,sensor_drift,0.63
fault_sensor_drift_2,3000,1789846937.2783868,2282.9,133.26,606.77,2.59,97.06,0.0408,8.08,14.09,12.72,10.0,0.0,25.0,sensor_drift,0.63
fault_sensor_drift_2,3001,1789846938.2783868,2061.9,133.32,593.66,2.47,96.92,0.0279,7.28,14.12,12.08,10.0,0.0,25.0,sensor_drift,0.63
fault_sensor_drift_2,3002,1789846939.2783868,1949.8,132.47,578.45,2.33,97.0,0.0272,6.86,13.99,11.76,10.0,0.0,25.0,sensor_drift,0.63
fault_sensor_drift_2,3003,1789846940.2783868,1881.4,132.1,570.95,2.33,96.91,0.03,6.72,13.89,11.33,10.0,0.0,25.0,sensor_drift,0.63
fault_sensor_drift_2,3004,1789846941.2783868,1849.5,131.79,563.65,2.26,97.03,0.0333,6.6,13.83,11.36,10.0,0.0,25.0,sensor_drift,0.63
fault_sensor_drift_2,3005,1789846942.2783868,1835.9,131.39,558.32,2.18,97.11,0.0348,6.46,13.81,11.54,10.0,0.0,25.0,sensor_drift,0.63
fault_sensor_drift_2,3006,1789846943.2783868,1842.7,130.87,558.79,2.16,97.03,0.0285,6.44,13.78,11.19,10.0,0.0,25.0,sensor_drift,0.63
fault_sensor_drift_2,3007,1789846944.2783868,1819.1,130.83,558.47,2.13,96.93,0.0264,6.48,13.76,11.74,10.0,0.0,25.0,sensor_drift,0.63
fault_sensor_drift_2,3008,1789846945.2783868,1798.7,130.56,557.51,2.13,96.97,0.0229,6.48,13.68,11.2,10.0,0.0,25.0,sensor_drift,0.63
fault_sensor_drift_2,3009,1789846946.2783868,1805.4,130.27,556.93,2.16,96.9,0.0247,6.45,13.69,11.16,10.0,0.0,25.0,sensor_drift,0.63
fault_sensor_drift_2,3010,1789846947.2783868,1782.5,129.96,550.15,2.21,97.03,0.0266,6.38,13.68,11.21,10.0,0.0,25.0,sensor_drift,0.63
fault_sensor_drift_2,3011,1789846948.2783868,1806.1,130.02,545.2,2.21,96.91,0.0283,6.38,13.65,11.17,10.0,0.0,25.0,sensor_drift,0.63
fault_sensor_drift_2,3012,1789846949.2783868,1804.1,129.94,547.87,2.2,96.82,0.0294,6.46,13.77,11.25,10.0,0.0,25.0,sensor_drift,0.63
fault_sensor_drift_2,3013,1789846950.2783868,1784.4,129.65,549.75,2.21,96.71,0.0273,6.35,13.8,11.35,10.0,0.0,25.0,sensor_drift,0.63
fault_sensor_drift_2,3014,1789846951.2783868,1774.9,129.44,548.03,2.27,96.59,0.0274,6.44,13.9,11.37,10.0,0.0,25.0,sensor_drift,0.63
fault_sensor_drift_2,3015,1789846952.2783868,1813.6,129.24,551.67,2.32,96.58,0.0338,6.38,13.89,11.03,10.0,0.0,25.0,sensor_drift,0.63
fault_sensor_drift_2,3016,1789846953.2783868,1812.6,129.12,548.99,2.3,96.5,0.0349,6.66,13.87,10.81,10.0,0.0,25.0,sensor_drift,0.63
fault_sensor_drift_2,3017,1789846954.2783868,1804.3,129.03,544.71,2.32,96.36,0.0307,6.57,13.85,11.14,10.0,0.0,25.0,sensor_drift,0.63
fault_sensor_drift_2,3018,1789846955.2783868,1807.9,128.79,540.36,2.27,96.36,0.0282,6.68,13.89,11.41,10.0,0.0,25.0,sensor_drift,0.63
fault_sensor_drift_2,3019,1789846956.2783868,1839.1,128.68,543.97,2.28,96.4,0.0291,6.51,13.88,11.38,10.0,0.0,25.0,sensor_drift,0.63
fault_sensor_drift_2,3020,1789846957.2783868,1839.3,128.32,543.87,2.26,96.34,0.0339,6.61,13.84,11.27,10.0,0.0,25.0,sensor_drift,0.63
fault_sensor_drift_2,3021,1789846958.2783868,1826.1,128.32,540.64,2.13,96.47,0.0368,6.7,13.92,11.09,10.0,0.0,25.0,sensor_drift,0.63
fault_sensor_drift_2,3022,1789846959.2783868,1809.7,128.21,540.77,2.16,96.4,0.0267,6.59,13.97,11.11,10.0,0.0,25.0,sensor_drift,0.63
fault_sensor_drift_2,3023,1789846960.2783868,1794.4,127.98,542.23,2.1,96.22,0.0247,6.54,13.87,11.47,10.0,0.0,25.0,sensor_drift,0.63
fault_sensor_drift_2,3024,1789846961.2783868,1827.4,127.82,542.82,2.13,96.37,0.0213,6.61,13.81,11.53,10.0,0.0,25.0,sensor_drift,0.63
fault_sensor_drift_2,3025,1789846962.2783868,1809.7,127.97,550.61,2.15,96.37,0.0247,6.51,13.74,11.13,10.0,0.0,25.0,sensor_drift,0.63
fault_sensor_drift_2,3026,1789846963.2783868,1812.5,128.13,551.75,2.21,96.34,0.0285,6.47,13.76,11.43,10.0,0.0,25.0,sensor_drift,0.63
fault_sensor_drift_2,3027,1789846964.2783868,1816.8,127.94,550.28,2.15,96.46,0.0311,6.4,13.79,11.46,10.0,0.0,25.0,sensor_drift,0.63
fault_sensor_drift_2,3028,1789846965.2783868,1816.9,127.96,547.73,2.17,96.53,0.0268,6.52,13.73,11.45,10.0,0.0,25.0,sensor_drift,0.63
fault_sensor_drift_2,3029,1789846966.2783868,1830.0,127.36,546.2,2.17,96.46,0.0365,6.47,13.73,11.44,10.0,0.0,25.0,sensor_drift,0.63
fault_sensor_drift_2,3030,1789846967.2783868,1829.6,127.18,544.16,2.25,96.56,0.034,6.37,13.72,11.58,10.0,0.0,25.0,sensor_drift,0.63
fault_sensor_drift_2,3031,1789846968.2783868,1816.3,127.16,541.92,2.33,96.59,0.0309,6.39,13.73,11.58,10.0,0.0,25.0,sensor_drift,0.63
fault_sensor_drift_2,3032,1789846969.2783868,1824.2,127.37,546.33,2.3,96.51,0.0331,6.43,13.78,11.55,10.0,0.0,25.0,sensor_drift,0.63
fault_sensor_drift_2,3033,1789846970.2783868,1819.2,127.61,550.63,2.29,96.44,0.0253,6.51,13.8,11.33,10.0,0.0,25.0,sensor_drift,0.63
fault_sensor_drift_2,3034,1789846971.2783868,1827.8,127.28,548.22,2.29,96.38,0.0174,6.47,13.83,11.38,10.0,0.0,25.0,sensor_drift,0.63
fault_sensor_drift_2,3035,1789846972.2783868,1866.6,126.92,546.36,2.24,96.3,0.0201,6.43,13.81,11.71,10.0,0.0,25.0,sensor_drift,0.63
fault_sensor_drift_2,3036,1789846973.2783868,1867.7,126.93,546.02,2.22,96.25,0.0292,6.74,13.71,11.43,10.0,0.0,25.0,sensor_drift,0.63
fault_sensor_drift_2,3037,1789846974.2783868,1885.7,126.88,544.67,2.22,96.09,0.0205,6.64,13.7,11.2,10.0,0.0,25.0,sensor_drift,0.63
fault_sensor_drift_2,3038,1789846975.2783868,1882.6,126.73,548.57,2.28,96.15,0.0199,6.63,13.69,11.22,10.0,0.0,25.0,sensor_drift,0.63
fault_sensor_drift_2,3039,1789846976.2783868,1870.6,126.66,550.97,2.23,96.14,0.0216,6.6,13.72,11.17,10.0,0.0,25.0,sensor_drift,0.63
fault_sensor_drift_2,3040,1789846977.2783868,1880.4,126.84,549.7,2.33,96.09,0.0294,6.73,13.73,11.38,10.0,0.0,25.0,sensor_drift,0.63
fault_sensor_drift_2,3041,1789846978.2783868,1871.2,126.75,548.93,2.33,96.09,0.028,6.74,13.73,11.51,10.0,0.0,25.0,sensor_drift,0.63
fault_sensor_drift_2,3042,1789846979.2783868,1873.9,126.69,549.51,2.28,96.13,0.0208,6.59,13.73,11.27,10.0,0.0,25.0,sensor_drift,0.63
fault_sensor_drift_2,3043,1789846980.2783868,1861.0,126.27,546.25,2.31,95.95,0.0272,6.58,13.79,11.33,10.0,0.0,25.0,sensor_drift,0.63
fault_sensor_drift_2,3044,1789846981.2783868,1854.1,126.63,545.07,2.21,95.93,0.028,6.49,13.87,11.65,10.0,0.0,25.0,sensor_drift,0.63
fault_sensor_drift_2,3045,1789846982.2783868,1844.2,126.57,544.34,2.07,96.11,0.0302,6.48,13.81,11.47,10.0,0.0,25.0,sensor_drift,0.63
fault_sensor_drift_2,3046,1789846983.2783868,1852.4,126.79,542.91,2.16,96.0,0.0297,6.63,13.8,11.56,10.0,0.0,25.0,sensor_drift,0.63
fault_sensor_drift_2,3047,1789846984.2783868,1848.0,126.52,544.66,2.16,95.94,0.0331,6.62,13.8,11.41,10.0,0.0,25.0,sensor_drift,0.63
fault_sensor_drift_2,3048,1789846985.2783868,1853.3,126.64,550.35,2.27,95.94,0.035,6.62,13.86,11.73,10.0,0.0,25.0,sensor_drift,0.63
fault_sensor_drift_2,3049,1789846986.2783868,1849.5,127.07,551.07,2.24,95.97,0.0359,6.55,13.85,11.51,10.0,0.0,25.0,sensor_drift,0.63
fault_sensor_drift_2,3050,1789846987.2783868,1856.1,127.06,546.57,2.28,96.02,0.0316,6.42,13.79,11.48,10.0,0.0,25.0,sensor_drift,0.63
fault_sensor_drift_2,3051,1789846988.2783868,1846.3,126.47,542.26,2.26,95.97,0.0244,6.29,13.79,11.2,10.0,0.0,25.0,sensor_drift,0.63
fault_sensor_drift_2,3052,1789846989.2783868,1839.3,126.31,541.22,2.31,95.83,0.0231,6.41,13.85,11.01,10.0,0.0,25.0,sensor_drift,0.63
fault_sensor_drift_2,3053,1789846990.2783868,1862.1,126.1,544.05,2.28,95.68,0.0245,6.43,13.88,11.47,10.0,0.0,25.0,sensor_drift,0.63
fault_sensor_drift_2,3054,1789846991.2783868,1854.9,125.76,543.28,2.22,95.67,0.0253,6.5,13.86,11.07,10.0,0.0,25.0,sensor_drift,0.63
fault_sensor_drift_2,3055,1789846992.2783868,1857.5,125.66,545.03,2.33,95.59,0.023,6.38,13.85,11.14,10.0,0.0,25.0,sensor_drift,0.63
fault_sensor_drift_2,3056,1789846993.2783868,1866.9,125.41,542.54,2.35,95.71,0.0198,6.38,13.81,11.07,10.0,0.0,25.0,sensor_drift,0.63
fault_sensor_drift_2,3057,1789846994.2783868,1837.8,125.76,542.82,2.39,95.76,0.0289,6.39,13.88,11.42,10.0,0.0,25.0,sensor_drift,0.63
fault_sensor_drift_2,3058,1789846995.2783868,1835.3,125.72,545.14,2.32,95.72,0.0315,6.35,13.94,11.26,10.0,0.0,25.0,sensor_drift,0.63
fault_sensor_drift_2,3059,1789846996.2783868,1850.9,125.88,543.35,2.26,95.91,0.0343,6.22,13.92,10.82,10.0,0.0,25.0,sensor_drift,0.63
fault_sensor_drift_2,3060,1789846997.2783868,1868.0,125.95,542.06,2.22,95.86,0.0395,6.55,13.94,11.36,10.0,0.0,25.0,sensor_drift,0.63
fault_sensor_drift_2,3061,1789846998.2783868,1864.7,125.74,541.95,2.19,95.83,0.03,6.59,13.86,11.43,10.0,0.0,25.0,sensor_drift,0.63
fault_sensor_drift_2,3062,1789846999.2783868,1864.5,125.99,537.65,2.23,95.75,0.0249,6.55,13.89,11.61,10.0,0.0,25.0,sensor_drift,0.63
fault_sensor_drift_2,3063,1789847000.2783868,1845.2,126.47,535.55,2.29,95.83,0.0201,6.66,13.84,11.39,10.0,0.0,25.0,sensor_drift,0.63
fault_sensor_drift_2,3064,1789847001.2783868,1834.4,126.66,541.51,2.23,95.86,0.0204,6.77,13.76,11.17,10.0,0.0,25.0,sensor_drift,0.63
fault_sensor_drift_2,3065,1789847002.2783868,1819.8,126.57,544.07,2.26,95.86,0.0124,6.7,13.81,11.13,10.0,0.0,25.0,sensor_drift,0.63
fault_sensor_drift_2,3066,1789847003.2783868,1829.3,126.51,549.03,2.22,95.91,0.0231,6.68,13.91,11.63,10.0,0.0,25.0,sensor_drift,0.63
fault_sensor_drift_2,3067,1789847004.2783868,1827.8,126.43,542.66,2.29,95.97,0.0257,6.76,13.89,11.67,10.0,0.0,25.0,sensor_drift,0.63
fault_sensor_drift_2,3068,1789847005.2783868,1825.1,126.16,546.32,2.33,95.95,0.027,6.46,13.8,11.59,10.0,0.0,25.0,sensor_drift,0.63
fault_sensor_drift_2,3069,1789847006.2783868,1828.4,126.19,551.9,2.29,95.81,0.0271,6.41,13.85,10.96,10.0,0.0,25.0,sensor_drift,0.63
fault_sensor_drift_2,3070,1789847007.2783868,1824.1,126.1,550.98,2.23,95.81,0.0232,6.34,13.76,11.04,10.0,0.0,25.0,sensor_drift,0.63
fault_sensor_drift_2,3071,1789847008.2783868,1825.4,126.06,546.99,2.22,95.85,0.0288,6.14,13.86,11.21,10.0,0.0,25.0,sensor_drift,0.63
fault_sensor_drift_2,3072,1789847009.2783868,1806.4,125.95,545.53,2.22,95.66,0.0359,6.33,13.74,11.63,10.0,0.0,25.0,sensor_drift,0.63
fault_sensor_drift_2,3073,1789847010.2783868,1806.5,126.18,543.87,2.24,95.77,0.0256,6.11,13.72,11.67,10.0,0.0,25.0,sensor_drift,0.63
fault_sensor_drift_2,3074,1789847011.2783868,1802.4,125.98,543.22,2.23,95.55,0.0282,6.24,13.74,11.55,10.0,0.0,25.0,sensor_drift,0.63
fault_sensor_drift_2,3075,1789847012.2783868,1800.6,125.54,540.92,2.32,95.35,0.026,6.2,13.87,11.26,10.0,0.0,25.0,sensor_drift,0.63
fault_sensor_drift_2,3076,1789847013.2783868,1838.6,125.79,541.72,2.22,95.36,0.0225,6.27,13.95,11.17,10.0,0.0,25.0,sensor_drift,0.63
fault_sensor_drift_2,3077,1789847014.2783868,1829.2,125.64,545.99,2.22,95.3,0.0218,6.44,13.98,11.12,10.0,0.0,25.0,sensor_drift,0.63
fault_sensor_drift_2,3078,1789847015.2783868,1843.6,125.05,551.0,2.31,95.25,0.0248,6.44,13.9,11.23,10.0,0.0,25.0,sensor_drift,0.63
fault_sensor_drift_2,3079,1789847016.2783868,1844.7,125.13,553.93,2.29,95.24,0.0266,6.38,13.77,11.43,10.0,0.0,25.0,sensor_drift,0.63
fault_sensor_drift_2,3080,1789847017.2783868,1846.3,124.99,551.34,2.32,95.41,0.0277,6.4,13.74,11.13,10.0,0.0,25.0,sensor_drift,0.63
fault_sensor_drift_2,3081,1789847018.2783868,1853.1,125.1,551.96,2.35,95.38,0.0271,6.68,13.72,11.24,10.0,0.0,25.0,sensor_drift,0.63
fault_sensor_drift_2,3082,1789847019.2783868,1832.7,125.0,551.67,2.3,95.57,0.0272,6.66,13.71,11.37,10.0,0.0,25.0,sensor_drift,0.63
fault_sensor_drift_2,3083,1789847020.2783868,1830.2,125.06,545.05,2.26,95.56,0.0314,6.56,13.68,11.45,10.0,0.0,25.0,sensor_drift,0.63
fault_sensor_drift_2,3084,1789847021.2783868,1808.9,124.82,547.41,2.21,95.53,0.0361,6.64,13.59,11.3,10.0,0.0,25.0,sensor_drift,0.63
fault_sensor_drift_2,3085,1789847022.2783868,1844.2,124.38,544.15,2.19,95.49,0.0341,6.52,13.57,10.79,10.0,0.0,25.0,sensor_drift,0.63
fault_sensor_drift_2,3086,1789847023.2783868,1809.2,124.9,541.89,2.19,95.42,0.034,6.62,13.6,11.03,10.0,0.0,25.0,sensor_drift,0.63
fault_sensor_drift_2,3087,1789847024.2783868,1830.6,125.03,540.35,2.18,95.44,0.0285,6.66,13.65,11.27,10.0,0.0,25.0,sensor_drift,0.63
fault_sensor_drift_2,3088,1789847025.2783868,1820.1,125.12,544.0,2.13,95.47,0.0232,6.54,13.59,11.23,10.0,0.0,25.0,sensor_drift,0.63
fault_sensor_drift_2,3089,1789847026.2783868,1813.9,125.22,542.97,2.2,95.42,0.0279,6.59,13.65,11.42,10.0,0.0,25.0,sensor_drift,0.63
fault_sensor_drift_2,3090,1789847027.2783868,1800.7,125.39,542.39,2.19,95.6,0.0291,6.64,13.67,11.47,10.0,0.0,25.0,sensor_drift,0.63
fault_sensor_drift_2,3091,1789847028.2783868,1813.8,125.48,542.73,2.24,95.59,0.027,6.48,13.71,11.49,10.0,0.0,25.0,sensor_drift,0.63
fault_sensor_drift_2,3092,1789847029.2783868,1855.1,125.76,547.04,2.28,95.44,0.0282,6.32,13.69,11.56,10.0,0.0,25.0,sensor_drift,0.63
fault_sensor_drift_2,3093,1789847030.2783868,1878.3,125.68,544.6,2.25,95.53,0.0314,6.3,13.73,11.38,10.0,0.0,25.0,sensor_drift,0.63
fault_sensor_drift_2,3094,1789847031.2783868,1878.5,125.95,551.88,2.3,95.46,0.0268,6.33,13.71,11.19,10.0,0.0,25.0,sensor_drift,0.63
fault_sensor_drift_2,3095,1789847032.2783868,1882.9,125.7,553.73,2.45,95.34,0.0295,6.5,13.72,11.23,10.0,0.0,25.0,sensor_drift,0.63
fault_sensor_drift_2,3096,1789847033.2783868,1889.1,125.5,552.66,2.37,95.49,0.0329,6.55,13.68,11.19,10.0,0.0,25.0,sensor_drift,0.63
fault_sensor_drift_2,3097,1789847034.2783868,1861.6,125.08,553.68,2.33,95.54,0.029,6.48,13.73,11.65,10.0,0.0,25.0,sensor_drift,0.63
fault_sensor_drift_2,3098,1789847035.2783868,1859.2,125.52,553.98,2.28,95.44,0.0315,6.42,13.73,11.77,10.0,0.0,25.0,sensor_drift,0.63
fault_sensor_drift_2,3099,1789847036.2783868,1828.8,125.74,549.88,2.36,95.39,0.0279,6.38,13.78,11.45,10.0,0.0,25.0,sensor_drift,0.63
fault_sensor_drift_2,3100,1789847037.2783868,1797.9,126.36,548.67,2.34,95.35,0.017,6.56,13.77,11.79,10.0,0.0,25.0,sensor_drift,0.63
fault_sensor_drift_2,3101,1789847038.2783868,1822.3,126.33,548.1,2.28,95.43,0.0186,6.56,13.8,11.69,10.0,0.0,25.0,sensor_drift,0.63
fault_sensor_drift_2,3102,1789847039.2783868,1797.7,126.36,552.45,2.32,95.32,0.0226,6.54,13.8,11.86,10.0,0.0,25.0,sensor_drift,0.63
fault_sensor_drift_2,3103,1789847040.2783868,1803.4,126.36,548.84,2.21,95.35,0.0195,6.49,13.81,11.56,10.0,0.0,25.0,sensor_drift,0.63
fault_sensor_drift_2,3104,1789847041.2783868,1811.7,126.81,551.67,2.32,95.36,0.0193,6.62,13.81,11.38,10.0,0.0,25.0,sensor_drift,0.63
fault_sensor_drift_2,3105,1789847042.2783868,1818.5,127.09,552.63,2.29,95.43,0.022,6.68,13.88,11.27,10.0,0.0,25.0,sensor_drift,0.63
fault_sensor_drift_2,3106,1789847043.2783868,1853.8,127.19,547.97,2.24,95.49,0.0196,6.61,13.87,11.2,10.0,0.0,25.0,sensor_drift,0.63
fault_sensor_drift_2,3107,1789847044.2783868,1851.1,127.09,543.01,2.23,95.54,0.0167,6.52,13.81,11.22,10.0,0.0,25.0,sensor_drift,0.63
fault_sensor_drift_2,3108,1789847045.2783868,1861.0,126.87,546.24,2.28,95.49,0.0185,6.53,13.74,11.45,10.0,0.0,25.0,sensor_drift,0.63
fault_sensor_drift_2,3109,1789847046.2783868,1855.5,127.23,543.94,2.31,95.45,0.0209,6.45,13.79,11.47,10.0,0.0,25.0,sensor_drift,0.63
fault_sensor_drift_2,3110,1789847047.2783868,1842.6,126.91,546.09,2.28,95.3,0.0203,6.35,13.85,11.76,10.0,0.0,25.0,sensor_drift,0.63
fault_sensor_drift_2,3111,1789847048.2783868,1835.1,126.46,544.45,2.2,95.3,0.0244,6.35,13.9,11.29,10.0,0.0,25.0,sensor_drift,0.63
fault_sensor_drift_2,3112,1789847049.2783868,1835.9,126.27,546.71,2.27,95.11,0.0232,6.3,13.86,10.97,10.0,0.0,25.0,sensor_drift,0.63
fault_sensor_drift_2,3113,1789847050.2783868,1846.4,126.34,544.8,2.29,95.3,0.0301,6.27,13.79,11.23,10.0,0.0,25.0,sensor_drift,0.63
fault_sensor_drift_2,3114,1789847051.2783868,1851.7,126.3,543.11,2.33,95.32,0.0302,6.31,13.75,11.26,10.0,0.0,25.0,sensor_drift,0.63
fault_sensor_drift_2,3115,1789847052.2783868,1854.2,126.35,542.14,2.28,95.31,0.024,6.36,13.74,11.41,10.0,0.0,25.0,sensor_drift,0.63
fault_sensor_drift_2,3116,1789847053.2783868,1867.1,126.16,541.88,2.3,95.44,0.0221,6.3,13.74,11.05,10.0,0.0,25.0,sensor_drift,0.63
fault_sensor_drift_2,3117,1789847054.2783868,1882.9,125.8,547.61,2.18,95.51,0.0228,6.23,13.65,11.28,10.0,0.0,25.0,sensor_drift,0.63
fault_sensor_drift_2,3118,1789847055.2783868,1858.6,125.85,550.23,2.21,95.44,0.0282,6.22,13.76,11.13,10.0,0.0,25.0,sensor_drift,0.63
fault_sensor_drift_2,3119,1789847056.2783868,1871.1,125.82,546.46,2.24,95.56,0.0258,6.38,13.81,11.03,10.0,0.0,25.0,sensor_drift,0.63
fault_sensor_drift_2,3120,1789847057.2783868,1858.2,125.54,550.08,2.2,95.6,0.0224,6.39,13.79,11.2,10.0,0.0,25.0,sensor_drift,0.63
fault_sensor_drift_2,3121,1789847058.2783868,1868.6,125.46,547.09,2.28,95.64,0.023,6.4,13.72,11.56,10.0,0.0,25.0,sensor_drift,0.63
fault_sensor_drift_2,3122,1789847059.2783868,1864.0,125.37,546.81,2.31,95.43,0.031,6.63,13.76,11.63,10.0,0.0,25.0,sensor_drift,0.63
fault_sensor_drift_2,3123,1789847060.2783868,1840.3,124.9,546.48,2.26,95.23,0.0284,6.4,13.76,11.72,10.0,0.0,25.0,sensor_drift,0.63
fault_sensor_drift_2,3124,1789847061.2783868,1825.4,124.93,543.93,2.35,95.21,0.0305,6.53,13.82,11.27,10.0,0.0,25.0,sensor_drift,0.63
fault_sensor_drift_2,3125,1789847062.2783868,1822.6,125.09,543.39,2.24,95.16,0.0266,6.62,13.87,11.41,10.0,0.0,25.0,sensor_drift,0.63
fault_sensor_drift_2,3126,1789847063.2783868,1815.6,125.09,544.63,2.29,95.23,0.0343,6.74,13.87,11.45,10.0,0.0,25.0,sensor_drift,0.63
fault_sensor_drift_2,3127,1789847064.2783868,1836.4,125.28,546.27,2.34,95.23,0.0277,6.66,13.94,11.43,10.0,0.0,25.0,sensor_drift,0.63
fault_sensor_drift_2,3128,1789847065.2783868,1854.0,125.27,547.57,2.29,95.2,0.028,6.63,14.02,11.45,10.0,0.0,25.0,sensor_drift,0.63
fault_sensor_drift_2,3129,1789847066.2783868,1871.1,125.43,542.02,2.21,95.02,0.0221,6.53,13.97,11.48,10.0,0.0,25.0,sensor_drift,0.63
fault_sensor_drift_2,3130,1789847067.2783868,1874.6,125.53,547.02,2.22,94.99,0.0137,6.3,13.96,11.5,10.0,0.0,25.0,sensor_drift,0.63
fault_sensor_drift_2,3131,1789847068.2783868,1851.2,125.27,544.08,2.25,94.93,0.0178,6.34,13.92,11.49,10.0,0.0,25.0,sensor_drift,0.63
fault_sensor_drift_2,3132,1789847069.2783868,1847.7,125.55,547.24,2.24,94.9,0.0281,6.42,13.96,11.24,10.0,0.0,25.0,sensor_drift,0.63
fault_sensor_drift_2,3133,1789847070.2783868,1841.5,125.77,545.76,2.24,94.88,0.0319,6.5,13.97,11.49,10.0,0.0,25.0,sensor_drift,0.63
fault_sensor_drift_2,3134,1789847071.2783868,1844.2,126.03,548.19,2.24,94.89,0.0324,6.51,13.88,11.63,10.0,0.0,25.0,sensor_drift,0.63
fault_sensor_drift_2,3135,1789847072.2783868,1854.8,126.03,548.45,2.21,94.75,0.0297,6.4,13.88,11.76,10.0,0.0,25.0,sensor_drift,0.63
fault_sensor_drift_2,3136,1789847073.2783868,1870.9,125.74,549.63,2.29,94.87,0.0164,6.38,13.92,11.55,10.0,0.0,25.0,sensor_drift,0.63
fault_sensor_drift_2,3137,1789847074.2783868,1880.0,125.71,547.36,2.21,94.83,0.0124,6.35,13.87,11.3,10.0,0.0,25.0,sensor_drift,0.63
fault_sensor_drift_2,3138,1789847075.2783868,1895.5,125.32,549.54,2.21,94.76,0.0114,6.26,13.88,11.38,10.0,0.0,25.0,sensor_drift,0.63
fault_sensor_drift_2,3139,1789847076.2783868,1837.0,125.43,553.98,2.18,94.74,0.0143,6.31,13.91,11.32,10.0,0.0,25.0,sensor_drift,0.63
fault_sensor_drift_2,3140,1789847077.2783868,1833.0,125.49,556.63,2.18,94.8,0.0119,6.42,13.82,11.34,10.0,0.0,25.0,sensor_drift,0.63
fault_sensor_drift_2,3141,1789847078.2783868,1868.3,125.53,553.07,2.16,94.88,0.0229,6.48,13.8,11.25,10.0,0.0,25.0,sensor_drift,0.63
fault_sensor_drift_2,3142,1789847079.2783868,1864.9,125.58,556.35,2.18,94.82,0.0192,6.46,13.75,11.25,10.0,0.0,25.0,sensor_drift,0.63
fault_sensor_drift_2,3143,1789847080.2783868,1864.3,125.37,553.15,2.21,94.77,0.0219,6.54,13.74,11.31,10.0,0.0,25.0,sensor_drift,0.63
fault_sensor_drift_2,3144,1789847081.2783868,1884.0,125.46,557.25,2.19,94.75,0.0167,6.53,13.79,11.5,10.0,0.0,25.0,sensor_drift,0.63
fault_sensor_drift_2,3145,1789847082.2783868,1881.8,125.59,553.62,2.16,94.75,0.0243,6.47,13.84,10.92,10.0,0.0,25.0,sensor_drift,0.63
fault_sensor_drift_2,3146,1789847083.2783868,1891.5,125.66,560.81,2.12,94.57,0.0191,6.41,13.85,10.83,10.0,0.0,25.0,sensor_drift,0.63
fault_sensor_drift_2,3147,1789847084.2783868,1889.9,126.08,560.61,2.07,94.72,0.0277,6.27,13.83,10.93,10.0,0.0,25.0,sensor_drift,0.63
fault_sensor_drift_2,3148,1789847085.2783868,1877.0,126.35,561.84,2.08,94.65,0.0317,6.3,13.82,10.7,10.0,0.0,25.0,sensor_drift,0.63
fault_sensor_drift_2,3149,1789847086.2783868,1862.6,126.44,559.41,2.12,94.62,0.0264,6.49,13.67,11.26,10.0,0.0,25.0,sensor_drift,0.63
fault_sensor_drift_2,3150,1789847087.2783868,1859.8,126.4,554.12,2.15,94.69,0.0311,6.47,13.66,11.17,10.0,0.0,25.0,sensor_drift,0.63
fault_sensor_drift_2,3151,1789847088.2783868,1875.1,126.44,554.97,2.18,94.9,0.0393,6.25,13.68,11.47,10.0,0.0,25.0,sensor_drift,0.63
fault_sensor_drift_2,3152,1789847089.2783868,1841.5,126.49,557.38,2.23,94.85,0.034,6.29,13.69,11.62,10.0,0.0,25.0,sensor_drift,0.63
fault_sensor_drift_2,3153,1789847090.2783868,1858.3,126.89,554.55,2.22,94.76,0.0265,6.23,13.66,11.45,10.0,0.0,25.0,sensor_drift,0.63
fault_sensor_drift_2,3154,1789847091.2783868,1871.3,126.69,554.24,2.25,94.79,0.0181,6.47,13.59,11.5,10.0,0.0,25.0,sensor_drift,0.63
fault_sensor_drift_2,3155,1789847092.2783868,1879.0,126.6,556.64,2.28,94.78,0.013,6.63,13.66,11.79,10.0,0.0,25.0,sensor_drift,0.63
fault_sensor_drift_2,3156,1789847093.2783868,1878.9,126.33,551.64,2.21,94.63,0.0157,6.48,13.68,11.67,10.0,0.0,25.0,sensor_drift,0.63
fault_sensor_drift_2,3157,1789847094.2783868,1862.0,126.03,553.55,2.23,94.71,0.0276,6.58,13.66,11.29,10.0,0.0,25.0,sensor_drift,0.63
fault_sensor_drift_2,3158,1789847095.2783868,1866.2,126.26,552.21,2.28,94.66,0.0296,6.49,13.65,11.66,10.0,0.0,25.0,sensor_drift,0.63
fault_sensor_drift_2,3159,1789847096.2783868,1888.0,126.33,549.83,2.3,94.61,0.0362,6.42,13.68,11.41,10.0,0.0,25.0,sensor_drift,0.63
fault_sensor_drift_2,3160,1789847097.2783868,1860.0,126.15,550.72,2.25,94.59,0.0228,6.31,13.58,11.4,10.0,0.0,25.0,sensor_drift,0.63
fault_sensor_drift_2,3161,1789847098.2783868,1850.3,126.49,550.58,2.19,94.65,0.0218,6.3,13.55,11.49,10.0,0.0,25.0,sensor_drift,0.63
fault_sensor_drift_2,3162,1789847099.2783868,1865.6,126.19,548.66,2.26,94.51,0.0201,6.3,13.67,11.23,10.0,0.0,25.0,sensor_drift,0.63
fault_sensor_drift_2,3163,1789847100.2783868,1877.0,126.0,544.35,2.34,94.47,0.0189,6.36,13.75,10.92,10.0,0.0,25.0,sensor_drift,0.63
fault_sensor_drift_2,3164,1789847101.2783868,1853.5,126.19,545.37,2.26,94.58,0.0293,6.31,13.71,11.01,10.0,0.0,25.0,sensor_drift,0.63
fault_sensor_drift_2,3165,1789847102.2783868,1876.8,126.04,541.12,2.18,94.58,0.0223,6.17,13.61,11.08,10.0,0.0,25.0,sensor_drift,0.63
fault_sensor_drift_2,3166,1789847103.2783868,1865.2,125.89,539.33,2.22,94.69,0.0279,6.17,13.65,11.05,10.0,0.0,25.0,sensor_drift,0.63
fault_sensor_drift_2,3167,1789847104.2783868,1850.0,125.85,542.16,2.25,94.59,0.0249,6.28,13.62,11.25,10.0,0.0,25.0,sensor_drift,0.63
fault_sensor_drift_2,3168,1789847105.2783868,1833.0,126.35,542.14,2.19,94.52,0.0286,6.53,13.56,11.31,10.0,0.0,25.0,sensor_drift,0.63
fault_sensor_drift_2,3169,1789847106.2783868,1827.4,126.08,537.71,2.08,94.61,0.0328,6.39,13.5,11.72,10.0,0.0,25.0,sensor_drift,0.63
fault_sensor_drift_2,3170,1789847107.2783868,1823.8,125.9,542.09,2.15,94.7,0.0227,6.29,13.59,11.43,10.0,0.0,25.0,sensor_drift,0.63
fault_sensor_drift_2,3171,1789847108.2783868,1829.7,125.74,542.19,2.18,94.62,0.0286,6.09,13.71,11.41,10.0,0.0,25.0,sensor_drift,0.63
fault_sensor_drift_2,3172,1789847109.2783868,1851.9,125.37,538.05,2.1,94.65,0.0275,6.31,13.82,11.08,10.0,0.0,25.0,sensor_drift,0.63
fault_sensor_drift_2,3173,1789847110.2783868,1840.0,125.49,540.84,2.1,94.72,0.0246,6.33,13.88,11.44,10.0,0.0,25.0,sensor_drift,0.63
fault_sensor_drift_2,3174,1789847111.2783868,1839.8,125.56,538.24,2.17,94.55,0.0334,6.24,13.9,11.2,10.0,0.0,25.0,sensor_drift,0.63
fault_sensor_drift_2,3175,1789847112.2783868,1864.6,125.43,538.87,2.19,94.55,0.0322,6.32,13.86,10.93,10.0,0.0,25.0,sensor_drift,0.63
fault_sensor_drift_2,3176,1789847113.2783868,1858.8,125.44,541.45,2.28,94.53,0.0323,6.3,13.81,11.07,10.0,0.0,25.0,sensor_drift,0.63
fault_sensor_drift_2,3177,1789847114.2783868,1854.1,125.29,538.82,2.33,94.5,0.031,6.33,13.8,11.26,10.0,0.0,25.0,sensor_drift,0.63
fault_sensor_drift_2,3178,1789847115.2783868,1847.5,125.5,537.13,2.28,94.48,0.0334,6.32,13.7,11.61,10.0,0.0,25.0,sensor_drift,0.63
fault_sensor_drift_2,3179,1789847116.2783868,1846.9,125.46,539.91,2.34,94.46,0.0266,6.33,13.75,11.61,10.0,0.0,25.0,sensor_drift,0.63
fault_sensor_drift_2,3180,1789847117.2783868,1859.6,124.96,539.44,2.37,94.46,0.0218,6.39,13.77,11.31,10.0,0.0,25.0,sensor_drift,0.63
fault_sensor_drift_2,3181,1789847118.2783868,1874.2,125.0,539.39,2.32,94.45,0.0182,6.4,13.75,11.61,10.0,0.0,25.0,sensor_drift,0.63
fault_sensor_drift_2,3182,1789847119.2783868,1876.3,125.12,543.08,2.28,94.44,0.0217,6.46,13.87,11.5,10.0,0.0,25.0,sensor_drift,0.63
fault_sensor_drift_2,3183,1789847120.2783868,1861.9,124.82,543.66,2.29,94.57,0.0207,6.45,13.88,11.18,10.0,0.0,25.0,sensor_drift,0.63
fault_sensor_drift_2,3184,1789847121.2783868,1881.1,124.76,541.55,2.25,94.56,0.0257,6.28,13.8,11.43,10.0,0.0,25.0,sensor_drift,0.63
fault_sensor_drift_2,3185,1789847122.2783868,1899.2,124.67,540.85,2.25,94.61,0.0294,6.33,13.77,11.4,10.0,0.0,25.0,sensor_drift,0.63
fault_sensor_drift_2,3186,1789847123.2783868,1899.8,124.84,544.68,2.26,94.52,0.0239,6.51,13.7,11.39,10.0,0.0,25.0,sensor_drift,0.63
fault_sensor_drift_2,3187,1789847124.2783868,1887.3,125.23,546.15,2.3,94.59,0.0315,6.42,13.7,11.36,10.0,0.0,25.0,sensor_drift,0.63
fault_sensor_drift_2,3188,1789847125.2783868,1894.7,124.95,545.06,2.28,94.68,0.0256,6.5,13.68,11.5,10.0,0.0,25.0,sensor_drift,0.63
fault_sensor_drift_2,3189,1789847126.2783868,1874.4,125.45,548.48,2.31,94.55,0.0257,6.46,13.57,11.44,10.0,0.0,25.0,sensor_drift,0.63
fault_sensor_drift_2,3190,1789847127.2783868,1847.9,125.56,543.49,2.25,94.37,0.024,6.58,13.56,11.34,10.0,0.0,25.0,sensor_drift,0.63
fault_sensor_drift_2,3191,1789847128.2783868,1850.4,125.58,545.28,2.24,94.33,0.0242,6.44,13.61,11.55,10.0,0.0,25.0,sensor_drift,0.63
fault_sensor_drift_2,3192,1789847129.2783868,1860.5,125.41,546.14,2.29,94.14,0.019,6.41,13.59,11.6,10.0,0.0,25.0,sensor_drift,0.63
fault_sensor_drift_2,3193,1789847130.2783868,1870.8,125.45,546.61,2.29,94.16,0.0172,6.48,13.64,11.46,10.0,0.0,25.0,sensor_drift,0.63
fault_sensor_drift_2,3194,1789847131.2783868,1845.7,125.09,548.18,2.33,94.15,0.0171,6.46,13.65,11.35,10.0,0.0,25.0,sensor_drift,0.63
fault_sensor_drift_2,3195,1789847132.2783868,1856.1,125.52,548.28,2.28,94.02,0.0135,6.5,13.64,11.31,10.0,0.0,25.0,sensor_drift,0.63
fault_sensor_drift_2,3196,1789847133.2783868,1847.6,125.37,549.09,2.19,94.07,0.014,6.36,13.61,11.78,10.0,0.0,25.0,sensor_drift,0.63
fault_sensor_drift_2,3197,1789847134.2783868,1866.1,125.4,547.18,2.2,94.03,0.0168,6.37,13.68,11.46,10.0,0.0,25.0,sensor_drift,0.63
fault_sensor_drift_2,3198,1789847135.2783868,1843.3,125.53,545.92,2.26,94.07,0.0258,6.45,13.64,11.47,10.0,0.0,25.0,sensor_drift,0.63
fault_sensor_drift_2,3199,1789847136.2783868,1850.9,125.53,544.23,2.22,94.24,0.0217,6.33,13.58,11.63,10.0,0.0,25.0,sensor_drift,0.63
fault_sensor_drift_2,3200,1789847137.2783868,1839.9,125.45,548.35,2.18,94.24,0.0299,6.43,13.61,11.86,10.0,0.0,25.0,sensor_drift,0.63
fault_sensor_drift_2,3201,1789847138.2783868,1827.8,125.75,548.99,2.13,94.15,0.0255,6.49,13.61,11.2,10.0,0.0,25.0,sensor_drift,0.63
fault_sensor_drift_2,3202,1789847139.2783868,1836.3,125.5,547.96,2.2,94.17,0.0308,6.53,13.48,11.21,10.0,0.0,25.0,sensor_drift,0.63
fault_sensor_drift_2,3203,1789847140.2783868,1850.6,125.3,546.37,2.14,94.07,0.0282,6.58,13.52,11.4,10.0,0.0,25.0,sensor_drift,0.63
fault_sensor_drift_2,3204,1789847141.2783868,1855.8,125.13,547.45,2.09,94.06,0.0283,6.47,13.48,11.37,10.0,0.0,25.0,sensor_drift,0.63
fault_sensor_drift_2,3205,1789847142.2783868,1844.5,125.23,547.49,2.28,94.09,0.0345,6.39,13.52,10.97,10.0,0.0,25.0,sensor_drift,0.63
fault_sensor_drift_2,3206,1789847143.2783868,1827.8,125.22,543.86,2.32,94.29,0.0353,6.38,13.54,11.32,10.0,0.0,25.0,sensor_drift,0.63
fault_sensor_drift_2,3207,1789847144.2783868,1809.7,125.48,545.21,2.22,94.23,0.0343,6.34,13.51,11.18,10.0,0.0,25.0,sensor_drift,0.63
fault_sensor_drift_2,3208,1789847145.2783868,1845.6,125.7,543.21,2.24,94.25,0.0317,6.34,13.52,11.05,10.0,0.0,25.0,sensor_drift,0.63
fault_sensor_drift_2,3209,1789847146.2783868,1844.3,125.53,541.23,2.21,94.27,0.033,6.33,13.51,11.13,10.0,0.0,25.0,sensor_drift,0.63
fault_sensor_drift_2,3210,1789847147.2783868,1822.1,125.55,538.69,2.19,94.06,0.0267,6.56,13.53,11.23,10.0,0.0,25.0,sensor_drift,0.63
fault_sensor_drift_2,3211,1789847148.2783868,1809.7,126.11,542.4,2.19,94.06,0.0197,6.52,13.57,11.78,10.0,0.0,25.0,sensor_drift,0.63
fault_sensor_drift_2,3212,1789847149.2783868,1788.6,126.09,542.57,2.28,94.16,0.0239,6.56,13.55,11.75,10.0,0.0,25.0,sensor_drift,0.63
fault_sensor_drift_2,3213,1789847150.2783868,1796.7,126.25,546.59,2.35,94.23,0.0271,6.42,13.58,11.36,10.0,0.0,25.0,sensor_drift,0.63
fault_sensor_drift_2,3214,1789847151.2783868,1783.1,125.76,546.54,2.42,94.01,0.0266,6.44,13.6,11.47,10.0,0.0,25.0,sensor_drift,0.63
fault_sensor_drift_2,3215,1789847152.2783868,1802.4,125.3,544.92,2.36,94.01,0.0344,6.4,13.7,11.21,10.0,0.0,25.0,sensor_drift,0.63
fault_sensor_drift_2,3216,1789847153.2783868,1782.7,125.32,544.12,2.35,93.95,0.0367,6.48,13.76,11.17,10.0,0.0,25.0,sensor_drift,0.63
fault_sensor_drift_2,3217,1789847154.2783868,1799.2,125.4,540.3,2.43,93.99,0.0272,6.42,13.81,11.61,10.0,0.0,25.0,sensor_drift,0.63
fault_sensor_drift_2,3218,1789847155.2783868,1801.3,125.48,539.53,2.34,93.87,0.0288,6.44,13.86,11.1,10.0,0.0,25.0,sensor_drift,0.63
fault_sensor_drift_2,3219,1789847156.2783868,1817.5,125.84,540.92,2.45,93.97,0.0357,6.39,13.83,11.29,10.0,0.0,25.0,sensor_drift,0.63
fault_sensor_drift_2,3220,1789847157.2783868,1837.5,125.5,541.24,2.39,94.04,0.0326,6.38,13.81,11.31,10.0,0.0,25.0,sensor_drift,0.63
fault_sensor_drift_2,3221,1789847158.2783868,1849.4,125.67,539.11,2.33,94.05,0.0367,6.09,13.7,11.59,10.0,0.0,25.0,sensor_drift,0.63
fault_sensor_drift_2,3222,1789847159.2783868,1856.0,125.76,543.3,2.3,94.15,0.0308,6.18,13.73,11.71,10.0,0.0,25.0,sensor_drift,0.63
fault_sensor_drift_2,3223,1789847160.2783868,1852.0,125.91,540.49,2.24,94.05,0.0267,6.26,13.76,11.47,10.0,0.0,25.0,sensor_drift,0.63
fault_sensor_drift_2,3224,1789847161.2783868,1858.2,125.86,543.01,2.27,94.09,0.0286,6.17,13.74,11.06,10.0,0.0,25.0,sensor_drift,0.63
fault_sensor_drift_2,3225,1789847162.2783868,1831.7,125.3,539.62,2.33,93.93,0.0335,6.3,13.76,11.39,10.0,0.0,25.0,sensor_drift,0.63
fault_sensor_drift_2,3226,1789847163.2783868,1821.8,125.1,540.53,2.33,93.95,0.0354,6.29,13.83,11.51,10.0,0.0,25.0,sensor_drift,0.63
fault_sensor_drift_2,3227,1789847164.2783868,1803.4,125.41,541.07,2.28,93.83,0.0289,6.25,13.79,11.21,10.0,0.0,25.0,sensor_drift,0.63
fault_sensor_drift_2,3228,1789847165.2783868,1812.4,125.55,541.55,2.3,93.78,0.0308,6.21,13.79,11.01,10.0,0.0,25.0,sensor_drift,0.63
fault_sensor_drift_2,3229,1789847166.2783868,1823.3,125.36,541.12,2.35,93.77,0.0324,6.33,13.73,11.11,10.0,0.0,25.0,sensor_drift,0.63
fault_sensor_drift_2,3230,1789847167.2783868,1822.6,125.38,539.49,2.36,93.92,0.0393,6.23,13.85,11.16,10.0,0.0,25.0,sensor_drift,0.63
fault_sensor_drift_2,3231,1789847168.2783868,1796.7,125.3,538.39,2.27,94.01,0.0329,6.2,13.87,11.18,10.0,0.0,25.0,sensor_drift,0.63
fault_sensor_drift_2,3232,1789847169.2783868,1778.3,125.44,540.74,2.24,94.07,0.0313,6.21,13.85,11.42,10.0,0.0,25.0,sensor_drift,0.63
fault_sensor_drift_2,3233,1789847170.2783868,1802.3,125.62,538.61,2.22,94.06,0.0373,6.0,13.88,11.11,10.0,0.0,25.0,sensor_drift,0.63
fault_sensor_drift_2,3234,1789847171.2783868,1833.7,125.15,540.66,2.18,93.96,0.041,6.21,13.94,11.12,10.0,0.0,25.0,sensor_drift,0.63
fault_sensor_drift_2,3235,1789847172.2783868,1819.4,124.82,541.21,2.14,94.0,0.0332,6.22,13.86,11.17,10.0,0.0,25.0,sensor_drift,0.63
fault_sensor_drift_2,3236,1789847173.2783868,1825.3,125.29,538.77,2.17,93.99,0.0247,6.3,13.85,11.14,10.0,0.0,25.0,sensor_drift,0.63
fault_sensor_drift_2,3237,1789847174.2783868,1834.8,125.44,542.71,2.31,94.14,0.0254,6.39,13.82,11.07,10.0,0.0,25.0,sensor_drift,0.63
fault_sensor_drift_2,3238,1789847175.2783868,1842.3,125.55,543.2,2.32,93.83,0.0229,6.35,13.82,11.18,10.0,0.0,25.0,sensor_drift,0.63
fault_sensor_drift_2,3239,1789847176.2783868,1844.6,125.94,545.45,2.36,93.91,0.0243,6.39,13.76,11.49,10.0,0.0,25.0,sensor_drift,0.63
fault_sensor_drift_2,3240,1789847177.2783868,1843.5,126.24,545.74,2.33,93.75,0.0293,6.5,13.79,11.64,10.0,0.0,25.0,sensor_drift,0.63
fault_sensor_drift_2,3241,1789847178.2783868,1853.8,126.33,549.3,2.35,93.77,0.0276,6.48,13.77,11.71,10.0,0.0,25.0,sensor_drift,0.63
fault_sensor_drift_2,3242,1789847179.2783868,1837.9,126.17,548.73,2.29,93.82,0.0369,6.33,13.76,11.21,10.0,0.0,25.0,sensor_drift,0.63
fault_sensor_drift_2,3243,1789847180.2783868,1828.0,126.09,544.0,2.28,93.68,0.0368,6.34,13.74,11.39,10.0,0.0,25.0,sensor_drift,0.63
fault_sensor_drift_2,3244,1789847181.2783868,1826.4,126.18,546.11,2.2,93.59,0.0336,6.18,13.74,11.4,10.0,0.0,25.0,sensor_drift,0.63
fault_sensor_drift_2,3245,1789847182.2783868,1832.5,126.06,544.23,2.09,93.68,0.0371,6.31,13.79,11.19,10.0,0.0,25.0,sensor_drift,0.63
fault_sensor_drift_2,3246,1789847183.2783868,1839.4,125.95,541.26,2.22,93.67,0.0326,6.26,13.86,11.17,10.0,0.0,25.0,sensor_drift,0.63
fault_sensor_drift_2,3247,1789847184.2783868,1821.1,126.39,547.0,2.23,93.73,0.0301,6.24,13.84,11.06,10.0,0.0,25.0,sensor_drift,0.63
fault_sensor_drift_2,3248,1789847185.2783868,1821.8,126.89,544.84,2.26,93.57,0.0365,6.04,13.85,10.87,10.0,0.0,25.0,sensor_drift,0.63
fault_sensor_drift_2,3249,1789847186.2783868,1824.1,126.61,550.23,2.21,93.66,0.0309,6.05,13.85,11.05,10.0,0.0,25.0,sensor_drift,0.63
fault_sensor_drift_2,3250,1789847187.2783868,1841.1,126.6,543.81,2.25,93.7,0.0288,6.04,13.89,11.26,10.0,0.0,25.0,sensor_drift,0.63
fault_sensor_drift_2,3251,1789847188.2783868,1835.4,126.97,545.09,2.33,93.85,0.026,6.15,13.81,11.07,10.0,0.0,25.0,sensor_drift,0.63
fault_sensor_drift_2,3252,1789847189.2783868,1848.1,127.24,551.89,2.28,94.03,0.0305,6.27,13.8,11.02,10.0,0.0,25.0,sensor_drift,0.63
fault_sensor_drift_2,3253,1789847190.2783868,1843.1,127.05,549.35,2.35,93.9,0.0322,6.31,13.87,11.31,10.0,0.0,25.0,sensor_drift,0.63
fault_sensor_drift_2,3254,1789847191.2783868,1837.0,126.72,544.39,2.26,93.95,0.0366,6.46,13.89,11.51,10.0,0.0,25.0,sensor_drift,0.63
fault_sensor_drift_2,3255,1789847192.2783868,1840.3,126.53,546.27,2.27,94.14,0.0267,6.41,13.86,11.87,10.0,0.0,25.0,sensor_drift,0.63
fault_sensor_drift_2,3256,1789847193.2783868,1853.2,126.67,547.56,2.26,94.13,0.0304,6.39,13.73,11.65,10.0,0.0,25.0,sensor_drift,0.63
fault_sensor_drift_2,3257,1789847194.2783868,1853.3,126.61,545.56,2.34,94.25,0.0334,6.41,13.65,11.72,10.0,0.0,25.0,sensor_drift,0.63
fault_sensor_drift_2,3258,1789847195.2783868,1849.4,126.39,545.37,2.36,94.22,0.0232,6.39,13.6,11.43,10.0,0.0,25.0,sensor_drift,0.63
fault_sensor_drift_2,3259,1789847196.2783868,1855.8,125.89,547.12,2.25,94.21,0.0259,6.31,13.66,11.36,10.0,0.0,25.0,sensor_drift,0.63
fault_sensor_drift_2,3260,1789847197.2783868,1866.0,126.54,550.22,2.3,94.19,0.0338,6.19,13.63,11.48,10.0,0.0,25.0,sensor_drift,0.63
fault_sensor_drift_2,3261,1789847198.2783868,1887.2,125.99,556.72,2.28,93.96,0.0273,6.16,13.62,11.41,10.0,0.0,25.0,sensor_drift,0.63
fault_sensor_drift_2,3262,1789847199.2783868,1883.2,126.07,556.79,2.15,93.93,0.0352,6.13,13.61,11.28,10.0,0.0,25.0,sensor_drift,0.63
fault_sensor_drift_2,3263,1789847200.2783868,1855.5,126.24,554.43,2.19,93.91,0.0367,6.16,13.57,11.67,10.0,0.0,25.0,sensor_drift,0.63
fault_sensor_drift_2,3264,1789847201.2783868,1861.3,125.8,550.58,2.27,93.94,0.0369,6.15,13.57,11.71,10.0,0.0,25.0,sensor_drift,0.63
fault_sensor_drift_2,3265,1789847202.2783868,1842.2,125.65,547.76,2.34,93.9,0.0443,6.22,13.61,11.62,10.0,0.0,25.0,sensor_drift,0.63
fault_sensor_drift_2,3266,1789847203.2783868,1856.4,125.4,552.32,2.32,94.11,0.0409,6.32,13.67,11.54,10.0,0.0,25.0,sensor_drift,0.63
fault_sensor_drift_2,3267,1789847204.2783868,1839.6,125.35,545.95,2.35,94.07,0.0356,6.22,13.57,11.36,10.0,0.0,25.0,sensor_drift,0.63
fault_sensor_drift_2,3268,1789847205.2783868,1843.6,125.41,543.85,2.33,94.02,0.0254,6.25,13.64,11.4,10.0,0.0,25.0,sensor_drift,0.63
fault_sensor_drift_2,3269,1789847206.2783868,1825.4,125.22,547.43,2.33,93.97,0.0169,6.38,13.58,11.64,10.0,0.0,25.0,sensor_drift,0.63
fault_sensor_drift_2,3270,1789847207.2783868,1839.7,125.18,552.41,2.29,93.65,0.0218,6.41,13.63,11.34,10.0,0.0,25.0,sensor_drift,0.63
fault_sensor_drift_2,3271,1789847208.2783868,1849.2,125.53,551.01,2.29,93.6,0.0236,6.49,13.66,11.56,10.0,0.0,25.0,sensor_drift,0.63
fault_sensor_drift_2,3272,1789847209.2783868,1854.9,125.5,548.59,2.31,93.41,0.0313,6.54,13.69,11.49,10.0,0.0,25.0,sensor_drift,0.63
fault_sensor_drift_2,3273,1789847210.2783868,1851.3,125.32,547.71,2.32,93.52,0.0285,6.6,13.67,11.53,10.0,0.0,25.0,sensor_drift,0.63
fault_sensor_drift_2,3274,1789847211.2783868,1876.0,125.92,548.66,2.33,93.6,0.0363,6.53,13.64,11.35,10.0,0.0,25.0,sensor_drift,0.63
fault_sensor_drift_2,3275,1789847212.2783868,1878.0,125.95,547.64,2.27,93.64,0.0416,6.54,13.61,11.57,10.0,0.0,25.0,sensor_drift,0.63
fault_sensor_drift_2,3276,1789847213.2783868,1845.2,126.28,550.44,2.24,93.56,0.0357,6.59,13.63,11.23,10.0,0.0,25.0,sensor_drift,0.63
fault_sensor_drift_2,3277,1789847214.2783868,1831.4,126.13,548.12,2.28,93.42,0.0476,6.67,13.73,11.15,10.0,0.0,25.0,sensor_drift,0.63
fault_sensor_drift_2,3278,1789847215.2783868,1841.2,126.13,552.92,2.33,93.43,0.0503,6.69,13.69,11.22,10.0,0.0,25.0,sensor_drift,0.63
fault_sensor_drift_2,3279,1789847216.2783868,1834.1,126.0,548.07,2.22,93.4,0.0399,6.73,13.72,11.08,10.0,0.0,25.0,sensor_drift,0.63
fault_sensor_drift_2,3280,1789847217.2783868,1856.7,126.0,542.46,2.24,93.36,0.0308,6.64,13.74,11.28,10.0,0.0,25.0,sensor_drift,0.63
fault_sensor_drift_2,3281,1789847218.2783868,1856.9,126.06,539.7,2.17,93.33,0.0256,6.66,13.8,11.13,10.0,0.0,25.0,sensor_drift,0.63
fault_sensor_drift_2,3282,1789847219.2783868,1843.1,126.48,532.42,2.23,93.43,0.0244,6.61,13.8,11.26,10.0,0.0,25.0,sensor_drift,0.63
fault_sensor_drift_2,3283,1789847220.2783868,1827.5,126.43,538.59,2.24,93.47,0.0222,6.39,13.78,11.29,10.0,0.0,25.0,sensor_drift,0.63
fault_sensor_drift_2,3284,1789847221.2783868,1810.7,126.69,543.06,2.28,93.61,0.0282,6.44,13.73,11.08,10.0,0.0,25.0,sensor_drift,0.63
fault_sensor_drift_2,3285,1789847222.2783868,1827.6,126.47,543.23,2.29,93.73,0.0319,6.57,13.79,11.45,10.0,0.0,25.0,sensor_drift,0.63
fault_sensor_drift_2,3286,1789847223.2783868,1799.2,126.42,541.51,2.29,93.79,0.0341,6.36,13.85,11.53,10.0,0.0,25.0,sensor_drift,0.63
fault_sensor_drift_2,3287,1789847224.2783868,1827.3,126.28,540.51,2.19,93.73,0.0364,6.49,13.85,11.15,10.0,0.0,25.0,sensor_drift,0.63
fault_sensor_drift_2,3288,1789847225.2783868,1811.4,126.12,542.41,2.14,93.68,0.0279,6.52,13.8,11.3,10.0,0.0,25.0,sensor_drift,0.63
fault_sensor_drift_2,3289,1789847226.2783868,1816.5,126.22,544.81,2.18,93.6,0.0316,6.56,13.7,11.52,10.0,0.0,25.0,sensor_drift,0.63
fault_sensor_drift_2,3290,1789847227.2783868,1826.6,126.21,545.63,2.2,93.79,0.0322,6.46,13.64,11.61,10.0,0.0,25.0,sensor_drift,0.63
fault_sensor_drift_2,3291,1789847228.2783868,1838.6,126.34,549.14,2.28,93.93,0.0286,6.47,13.75,11.47,10.0,0.0,25.0,sensor_drift,0.63
fault_sensor_drift_2,3292,1789847229.2783868,1852.9,126.09,549.91,2.36,93.97,0.0285,6.5,13.81,11.46,10.0,0.0,25.0,sensor_drift,0.63
fault_sensor_drift_2,3293,1789847230.2783868,1838.1,126.24,545.08,2.27,94.14,0.0348,6.48,13.78,11.06,10.0,0.0,25.0,sensor_drift,0.63
fault_sensor_drift_2,3294,1789847231.2783868,1810.6,126.26,546.42,2.29,94.2,0.0288,6.64,13.84,11.41,10.0,0.0,25.0,sensor_drift,0.63
fault_sensor_drift_2,3295,1789847232.2783868,1832.4,126.18,543.02,2.3,94.18,0.0214,6.65,13.79,10.99,10.0,0.0,25.0,sensor_drift,0.63
fault_sensor_drift_2,3296,1789847233.2783868,1839.6,125.74,543.66,2.23,94.07,0.0263,6.66,13.72,11.15,10.0,0.0,25.0,sensor_drift,0.63
fault_sensor_drift_2,3297,1789847234.2783868,1860.3,125.76,546.17,2.24,94.15,0.0297,6.56,13.74,11.0,10.0,0.0,25.0,sensor_drift,0.63
fault_sensor_drift_2,3298,1789847235.2783868,1865.9,125.72,548.31,2.22,94.17,0.0313,6.45,13.74,11.21,10.0,0.0,25.0,sensor_drift,0.63
fault_sensor_drift_2,3299,1789847236.2783868,1836.0,125.81,543.44,2.21,94.27,0.0284,6.42,13.75,10.96,10.0,0.0,25.0,sensor_drift,0.63
fault_sensor_drift_2,3300,1789847237.2783868,944.8,120.79,397.61,0.0,93.13,0.0,0.0,13.12,0.0,0.0,0.0,25.0,sensor_drift,0.63
fault_sensor_drift_2,3301,1789847238.2783868,486.2,116.29,291.91,0.0,92.73,0.0004,0.0,12.71,0.0,0.0,0.0,25.0,sensor_drift,0.63
fault_sensor_drift_2,3302,1789847239.2783868,251.7,111.99,216.52,0.0,92.35,0.0003,0.0,12.52,0.0,0.0,0.0,25.0,sensor_drift,0.63
fault_sensor_drift_2,3303,1789847240.2783868,128.1,107.89,161.93,0.0,91.97,0.0006,0.01,12.45,0.0,0.0,0.0,25.0,sensor_drift,0.63
fault_sensor_drift_2,3304,1789847241.2783868,68.1,104.01,122.84,0.0,91.58,0.0008,0.02,12.4,0.0,0.0,0.0,25.0,sensor_drift,0.63
fault_sensor_drift_2,3305,1789847242.2783868,36.8,100.34,94.69,0.0,91.21,0.001,0.04,12.35,0.0,0.0,0.0,25.0,sensor_drift,0.63
fault_sensor_drift_2,3306,1789847243.2783868,19.8,96.79,74.6,0.0,90.84,0.0001,0.04,12.36,0.02,0.0,0.0,25.0,sensor_drift,0.63
fault_sensor_drift_2,3307,1789847244.2783868,12.5,93.47,60.55,0.0,90.47,0.0004,0.03,12.4,0.0,0.0,0.0,25.0,sensor_drift,0.63
fault_sensor_drift_2,3308,1789847245.2783868,9.5,90.29,49.85,0.0,90.09,0.0007,0.03,12.38,0.0,0.0,0.0,25.0,sensor_drift,0.63
fault_sensor_drift_2,3309,1789847246.2783868,5.3,87.24,42.97,0.0,89.72,0.0009,0.01,12.43,0.0,0.0,0.0,25.0,sensor_drift,0.63
fault_sensor_drift_2,3310,1789847247.2783868,1.8,84.39,38.14,0.0,89.37,0.0001,0.01,12.4,0.0,0.0,0.0,25.0,sensor_drift,0.63
fault_sensor_drift_2,3311,1789847248.2783868,1.6,81.65,34.23,0.0,89.01,0.0006,0.01,12.39,0.0,0.0,0.0,25.0,sensor_drift,0.63
fault_sensor_drift_2,3312,1789847249.2783868,5.1,79.06,31.94,0.01,88.66,0.0006,0.0,12.41,0.0,0.0,0.0,25.0,sensor_drift,0.63
fault_sensor_drift_2,3313,1789847250.2783868,5.8,76.57,29.57,0.0,88.3,0.0001,0.0,12.38,0.04,0.0,0.0,25.0,sensor_drift,0.63
fault_sensor_drift_2,3314,1789847251.2783868,4.7,74.24,27.99,0.0,87.96,0.0,0.0,12.36,0.03,0.0,0.0,25.0,sensor_drift,0.63
fault_sensor_drift_2,3315,1789847252.2783868,4.6,71.99,27.23,0.0,87.59,0.0,0.0,12.33,0.0,0.0,0.0,25.0,sensor_drift,0.63
fault_sensor_drift_2,3316,1789847253.2783868,3.8,69.86,26.37,0.0,87.25,0.0002,0.0,12.32,0.0,0.0,0.0,25.0,sensor_drift,0.63
fault_sensor_drift_2,3317,1789847254.2783868,3.7,67.79,26.34,0.0,86.91,0.0004,0.0,12.44,0.0,0.0,0.0,25.0,sensor_drift,0.63
fault_sensor_drift_2,3318,1789847255.2783868,3.1,65.83,25.72,0.0,86.57,0.0,0.0,12.44,0.0,0.0,0.0,25.0,sensor_drift,0.63
fault_sensor_drift_2,3319,1789847256.2783868,3.4,63.98,25.98,0.0,86.23,0.0005,0.0,12.45,0.0,0.0,0.0,25.0,sensor_drift,0.63
fault_sensor_drift_2,3320,1789847257.2783868,1.8,62.22,25.65,0.0,85.89,0.001,0.0,12.5,0.0,0.0,0.0,25.0,sensor_drift,0.63
fault_sensor_drift_2,3321,1789847258.2783868,2.9,60.55,25.45,0.0,85.54,0.0003,0.0,12.39,0.0,0.0,0.0,25.0,sensor_drift,0.63
fault_sensor_drift_2,3322,1789847259.2783868,2.1,58.97,25.0,0.0,85.21,0.0,0.0,12.37,0.01,0.0,0.0,25.0,sensor_drift,0.63
fault_sensor_drift_2,3323,1789847260.2783868,3.0,57.49,25.0,0.01,84.89,0.0003,0.0,12.44,0.02,0.0,0.0,25.0,sensor_drift,0.63
fault_sensor_drift_2,3324,1789847261.2783868,0.0,56.05,25.0,0.01,84.55,0.0009,0.0,12.45,0.0,0.0,0.0,25.0,sensor_drift,0.63
fault_sensor_drift_2,3325,1789847262.2783868,0.0,54.73,25.0,0.01,84.22,0.0006,0.0,12.51,0.0,0.0,0.0,25.0,sensor_drift,0.63
fault_sensor_drift_2,3326,1789847263.2783868,0.0,53.43,25.0,0.0,83.88,0.0012,0.0,12.5,0.0,0.0,0.0,25.0,sensor_drift,0.63
fault_sensor_drift_2,3327,1789847264.2783868,0.0,52.18,25.07,0.0,83.55,0.0007,0.01,12.53,0.0,0.0,0.0,25.0,sensor_drift,0.63
fault_sensor_drift_2,3328,1789847265.2783868,0.0,50.95,25.0,0.0,83.25,0.0005,0.01,12.54,0.0,0.0,0.0,25.0,sensor_drift,0.63
fault_sensor_drift_2,3329,1789847266.2783868,0.0,49.8,25.0,0.0,82.92,0.0005,0.01,12.54,0.02,0.0,0.0,25.0,sensor_drift,0.63
fault_sensor_drift_2,3330,1789847267.2783868,0.0,48.74,25.0,0.01,82.6,0.0012,0.01,12.55,0.0,0.0,0.0,25.0,sensor_drift,0.63
fault_sensor_drift_2,3331,1789847268.2783868,0.0,47.75,25.0,0.0,82.27,0.0006,0.01,12.5,0.02,0.0,0.0,25.0,sensor_drift,0.63
fault_sensor_drift_2,3332,1789847269.2783868,2.3,46.86,25.16,0.0,81.96,0.0003,0.01,12.48,0.0,0.0,0.0,25.0,sensor_drift,0.63
fault_sensor_drift_2,3333,1789847270.2783868,3.1,45.93,25.38,0.01,81.64,0.0007,0.0,12.48,0.03,0.0,0.0,25.0,sensor_drift,0.63
fault_sensor_drift_2,3334,1789847271.2783868,0.9,45.09,25.3,0.01,81.32,0.0004,0.0,12.49,0.03,0.0,0.0,25.0,sensor_drift,0.63
fault_sensor_drift_2,3335,1789847272.2783868,1.6,44.23,25.61,0.01,81.01,0.0008,0.0,12.52,0.0,0.0,0.0,25.0,sensor_drift,0.63
fault_sensor_drift_2,3336,1789847273.2783868,0.0,43.49,25.36,0.0,80.69,0.0011,0.0,12.56,0.0,0.0,0.0,25.0,sensor_drift,0.63
fault_sensor_drift_2,3337,1789847274.2783868,0.0,42.73,25.64,0.0,80.4,0.0007,0.0,12.55,0.01,0.0,0.0,25.0,sensor_drift,0.63
fault_sensor_drift_2,3338,1789847275.2783868,0.0,42.03,25.37,0.0,80.1,0.0,0.0,12.53,0.01,0.0,0.0,25.0,sensor_drift,0.63
fault_sensor_drift_2,3339,1789847276.2783868,0.0,41.35,25.31,0.0,79.78,0.0002,0.01,12.58,0.0,0.0,0.0,25.0,sensor_drift,0.63
fault_sensor_drift_2,3340,1789847277.2783868,0.0,40.7,25.31,0.0,79.49,0.0,0.01,12.58,0.0,0.0,0.0,25.0,sensor_drift,0.63
fault_sensor_drift_2,3341,1789847278.2783868,0.0,40.09,25.06,0.0,79.19,0.0,0.02,12.64,0.01,0.0,0.0,25.0,sensor_drift,0.63
fault_sensor_drift_2,3342,1789847279.2783868,0.0,39.5,25.0,0.0,78.9,0.0,0.01,12.61,0.01,0.0,0.0,25.0,sensor_drift,0.63
fault_sensor_drift_2,3343,1789847280.2783868,0.5,38.95,25.0,0.0,78.6,0.0,0.01,12.57,0.01,0.0,0.0,25.0,sensor_drift,0.63
fault_sensor_drift_2,3344,1789847281.2783868,0.0,38.43,25.0,0.0,78.29,0.0,0.01,12.58,0.01,0.0,0.0,25.0,sensor_drift,0.63
fault_sensor_drift_2,3345,1789847282.2783868,1.0,37.92,25.0,0.0,77.99,0.0011,0.02,12.63,0.01,0.0,0.0,25.0,sensor_drift,0.63
fault_sensor_drift_2,3346,1789847283.2783868,0.6,37.45,25.0,0.0,77.69,0.0004,0.01,12.57,0.04,0.0,0.0,25.0,sensor_drift,0.63
fault_sensor_drift_2,3347,1789847284.2783868,0.0,36.97,25.0,0.0,77.39,0.0007,0.0,12.65,0.03,0.0,0.0,25.0,sensor_drift,0.63
fault_sensor_drift_2,3348,1789847285.2783868,0.0,36.57,25.0,0.0,77.11,0.0007,0.0,12.68,0.05,0.0,0.0,25.0,sensor_drift,0.63
fault_sensor_drift_2,3349,1789847286.2783868,1.9,36.14,25.0,0.0,76.82,0.0008,0.0,12.75,0.0,0.0,0.0,25.0,sensor_drift,0.63
fault_sensor_drift_2,3350,1789847287.2783868,0.0,35.72,25.0,0.0,76.53,0.0005,0.0,12.72,0.0,0.0,0.0,25.0,sensor_drift,0.63
fault_sensor_drift_2,3351,1789847288.2783868,0.7,35.35,25.09,0.0,76.25,0.0,0.0,12.67,0.02,0.0,0.0,25.0,sensor_drift,0.63
fault_sensor_drift_2,3352,1789847289.2783868,0.0,35.0,25.19,0.0,75.97,0.0,0.0,12.61,0.0,0.0,0.0,25.0,sensor_drift,0.63
fault_sensor_drift_2,3353,1789847290.2783868,0.1,34.67,25.22,0.01,75.68,0.0001,0.0,12.61,0.0,0.0,0.0,25.0,sensor_drift,0.63
fault_sensor_drift_2,3354,1789847291.2783868,1.1,34.34,25.55,0.01,75.38,0.0,0.0,12.6,0.01,0.0,0.0,25.0,sensor_drift,0.63
fault_sensor_drift_2,3355,1789847292.2783868,4.4,34.05,25.54,0.01,75.09,0.0002,0.0,12.53,0.0,0.0,0.0,25.0,sensor_drift,0.63
fault_sensor_drift_2,3356,1789847293.2783868,4.8,33.8,25.07,0.0,74.83,0.0,0.0,12.49,0.0,0.0,0.0,25.0,sensor_drift,0.63
fault_sensor_drift_2,3357,1789847294.2783868,4.9,33.52,25.0,0.0,74.56,0.0005,0.0,12.46,0.02,0.0,0.0,25.0,sensor_drift,0.63
fault_sensor_drift_2,3358,1789847295.2783868,3.5,33.31,25.54,0.0,74.28,0.0,0.0,12.45,0.02,0.0,0.0,25.0,sensor_drift,0.63
fault_sensor_drift_2,3359,1789847296.2783868,0.5,33.06,25.49,0.0,74.04,0.0,0.0,12.45,0.0,0.0,0.0,25.0,sensor_drift,0.63
fault_sensor_drift_2,3360,1789847297.2783868,1.2,32.85,25.92,0.01,73.77,0.0,0.02,12.38,0.02,0.0,0.0,25.0,sensor_drift,0.63
fault_sensor_drift_2,3361,1789847298.2783868,0.1,32.65,25.58,0.01,73.5,0.0,0.01,12.41,0.0,0.0,0.0,25.0,sensor_drift,0.63
fault_sensor_drift_2,3362,1789847299.2783868,0.0,32.41,25.64,0.0,73.21,0.0,0.01,12.41,0.04,0.0,0.0,25.0,sensor_drift,0.63
fault_sensor_drift_2,3363,1789847300.2783868,0.0,32.18,25.37,0.0,72.94,0.0,0.01,12.36,0.05,0.0,0.0,25.0,sensor_drift,0.63
fault_sensor_drift_2,3364,1789847301.2783868,0.0,31.97,25.41,0.0,72.67,0.0,0.0,12.33,0.0,0.0,0.0,25.0,sensor_drift,0.63
fault_sensor_drift_2,3365,1789847302.2783868,0.0,31.76,25.0,0.0,72.41,0.0,0.0,12.27,0.01,0.0,0.0,25.0,sensor_drift,0.63
fault_sensor_drift_2,3366,1789847303.2783868,0.0,31.56,25.0,0.0,72.15,0.0,0.0,12.21,0.0,0.0,0.0,25.0,sensor_drift,0.63
fault_sensor_drift_2,3367,1789847304.2783868,0.0,31.37,25.0,0.0,71.89,0.0,0.0,12.3,0.01,0.0,0.0,25.0,sensor_drift,0.63
fault_sensor_drift_2,3368,1789847305.2783868,0.0,31.25,25.0,0.0,71.62,0.0001,0.0,12.29,0.0,0.0,0.0,25.0,sensor_drift,0.63
fault_sensor_drift_2,3369,1789847306.2783868,0.0,31.07,25.0,0.0,71.36,0.0001,0.0,12.3,0.0,0.0,0.0,25.0,sensor_drift,0.63
fault_sensor_drift_2,3370,1789847307.2783868,0.0,30.92,25.0,0.0,71.1,0.0,0.0,12.34,0.0,0.0,0.0,25.0,sensor_drift,0.63
fault_sensor_drift_2,3371,1789847308.2783868,0.0,30.78,25.0,0.0,70.85,0.0,0.0,12.36,0.0,0.0,0.0,25.0,sensor_drift,0.63
fault_sensor_drift_2,3372,1789847309.2783868,0.0,30.65,25.0,0.01,70.57,0.0,0.0,12.35,0.0,0.0,0.0,25.0,sensor_drift,0.63
fault_sensor_drift_2,3373,1789847310.2783868,0.0,30.51,25.0,0.0,70.33,0.0,0.0,12.41,0.0,0.0,0.0,25.0,sensor_drift,0.63
fault_sensor_drift_2,3374,1789847311.2783868,0.0,30.4,25.0,0.0,70.06,0.0,0.0,12.37,0.02,0.0,0.0,25.0,sensor_drift,0.63
fault_sensor_drift_2,3375,1789847312.2783868,1.9,30.32,25.0,0.0,69.82,0.001,0.0,12.32,0.0,0.0,0.0,25.0,sensor_drift,0.63
fault_sensor_drift_2,3376,1789847313.2783868,1.3,30.2,25.0,0.01,69.56,0.0008,0.0,12.41,0.0,0.0,0.0,25.0,sensor_drift,0.63
fault_sensor_drift_2,3377,1789847314.2783868,1.0,30.09,25.22,0.01,69.31,0.0002,0.0,12.41,0.01,0.0,0.0,25.0,sensor_drift,0.63
fault_sensor_drift_2,3378,1789847315.2783868,3.7,30.0,25.02,0.0,69.06,0.0006,0.0,12.44,0.01,0.0,0.0,25.0,sensor_drift,0.63
fault_sensor_drift_2,3379,1789847316.2783868,0.0,29.9,25.0,0.0,68.81,0.0001,0.0,12.43,0.0,0.0,0.0,25.0,sensor_drift,0.63
fault_sensor_drift_2,3380,1789847317.2783868,0.0,29.83,25.0,0.0,68.57,0.0001,0.0,12.44,0.0,0.0,0.0,25.0,sensor_drift,0.63
fault_sensor_drift_2,3381,1789847318.2783868,0.0,29.72,25.0,0.01,68.34,0.0,0.0,12.38,0.0,0.0,0.0,25.0,sensor_drift,0.63
fault_sensor_drift_2,3382,1789847319.2783868,0.9,29.66,25.0,0.01,68.1,0.0003,0.0,12.3,0.0,0.0,0.0,25.0,sensor_drift,0.63
fault_sensor_drift_2,3383,1789847320.2783868,0.0,29.6,25.0,0.01,67.86,0.0009,0.0,12.29,0.0,0.0,0.0,25.0,sensor_drift,0.63
fault_sensor_drift_2,3384,1789847321.2783868,0.0,29.55,25.27,0.01,67.63,0.0001,0.0,12.27,0.0,0.0,0.0,25.0,sensor_drift,0.63
fault_sensor_drift_2,3385,1789847322.2783868,0.0,29.49,25.33,0.0,67.4,0.0,0.0,12.34,0.0,0.0,0.0,25.0,sensor_drift,0.63
fault_sensor_drift_2,3386,1789847323.2783868,0.0,29.42,25.49,0.0,67.16,0.0,0.0,12.33,0.0,0.0,0.0,25.0,sensor_drift,0.63
fault_sensor_drift_2,3387,1789847324.2783868,0.0,29.37,25.0,0.0,66.93,0.0,0.0,12.37,0.0,0.0,0.0,25.0,sensor_drift,0.63
fault_sensor_drift_2,3388,1789847325.2783868,0.0,29.3,25.54,0.0,66.7,0.0,0.0,12.34,0.01,0.0,0.0,25.0,sensor_drift,0.63
fault_sensor_drift_2,3389,1789847326.2783868,0.0,29.21,25.9,0.0,66.47,0.0,0.0,12.32,0.0,0.0,0.0,25.0,sensor_drift,0.63
fault_sensor_drift_2,3390,1789847327.2783868,0.0,29.15,25.71,0.0,66.24,0.0,0.0,12.31,0.0,0.0,0.0,25.0,sensor_drift,0.63
fault_sensor_drift_2,3391,1789847328.2783868,0.0,29.11,25.99,0.0,66.01,0.0,0.0,12.33,0.0,0.0,0.0,25.0,sensor_drift,0.63
fault_sensor_drift_2,3392,1789847329.2783868,2.0,29.08,26.04,0.01,65.8,0.0,0.0,12.35,0.0,0.0,0.0,25.0,sensor_drift,0.63
fault_sensor_drift_2,3393,1789847330.2783868,4.0,29.06,25.94,0.01,65.58,0.0,0.0,12.32,0.0,0.0,0.0,25.0,sensor_drift,0.63
fault_sensor_drift_2,3394,1789847331.2783868,2.6,29.01,25.35,0.01,65.36,0.0003,0.0,12.34,0.0,0.0,0.0,25.0,sensor_drift,0.63
fault_sensor_drift_2,3395,1789847332.2783868,0.9,28.98,25.06,0.0,65.13,0.0001,0.0,12.44,0.01,0.0,0.0,25.0,sensor_drift,0.63
fault_sensor_drift_2,3396,1789847333.2783868,0.0,28.89,25.0,0.0,64.9,0.0001,0.0,12.44,0.03,0.0,0.0,25.0,sensor_drift,0.63
fault_sensor_drift_2,3397,1789847334.2783868,0.0,28.85,25.0,0.0,64.68,0.0005,0.01,12.55,0.0,0.0,0.0,25.0,sensor_drift,0.63
fault_sensor_drift_2,3398,1789847335.2783868,0.0,28.84,25.0,0.0,64.46,0.0006,0.01,12.6,0.0,0.0,0.0,25.0,sensor_drift,0.63
fault_sensor_drift_2,3399,1789847336.2783868,0.0,28.83,25.0,0.0,64.24,0.0007,0.0,12.54,0.02,0.0,0.0,25.0,sensor_drift,0.63
fault_sensor_drift_2,3400,1789847337.2783868,0.5,28.81,25.0,0.0,64.03,0.0009,0.02,12.53,0.0,0.0,0.0,25.0,sensor_drift,0.63
fault_sensor_drift_2,3401,1789847338.2783868,0.1,28.77,25.35,0.0,63.81,0.0004,0.02,12.48,0.0,0.0,0.0,25.0,sensor_drift,0.63
fault_sensor_drift_2,3402,1789847339.2783868,0.0,28.75,25.01,0.0,63.58,0.0001,0.02,12.55,0.0,0.0,0.0,25.0,sensor_drift,0.63
fault_sensor_drift_2,3403,1789847340.2783868,0.0,28.72,25.23,0.01,63.38,0.0001,0.02,12.62,0.0,0.0,0.0,25.0,sensor_drift,0.63
fault_sensor_drift_2,3404,1789847341.2783868,1.1,28.66,25.68,0.01,63.16,0.0,0.01,12.65,0.0,0.0,0.0,25.0,sensor_drift,0.63
fault_sensor_drift_2,3405,1789847342.2783868,1.9,28.62,25.41,0.0,62.95,0.0,0.02,12.61,0.0,0.0,0.0,25.0,sensor_drift,0.63
fault_sensor_drift_2,3406,1789847343.2783868,1.9,28.63,25.77,0.0,62.75,0.0,0.01,12.62,0.01,0.0,0.0,25.0,sensor_drift,0.63
fault_sensor_drift_2,3407,1789847344.2783868,2.6,28.63,25.26,0.0,62.57,0.0,0.0,12.59,0.0,0.0,0.0,25.0,sensor_drift,0.63
fault_sensor_drift_2,3408,1789847345.2783868,4.6,28.59,25.53,0.0,62.38,0.0,0.0,12.52,0.0,0.0,0.0,25.0,sensor_drift,0.63
fault_sensor_drift_2,3409,1789847346.2783868,2.9,28.54,25.35,0.0,62.16,0.0,0.0,12.6,0.02,0.0,0.0,25.0,sensor_drift,0.63
fault_sensor_drift_2,3410,1789847347.2783868,0.5,28.56,25.06,0.0,61.94,0.0001,0.0,12.56,0.0,0.0,0.0,25.0,sensor_drift,0.63
fault_sensor_drift_2,3411,1789847348.2783868,2.2,28.54,25.0,0.0,61.75,0.0004,0.0,12.56,0.0,0.0,0.0,25.0,sensor_drift,0.63
fault_sensor_drift_2,3412,1789847349.2783868,0.0,28.53,25.0,0.0,61.54,0.0011,0.01,12.63,0.0,0.0,0.0,25.0,sensor_drift,0.63
fault_sensor_drift_2,3413,1789847350.2783868,1.3,28.53,25.0,0.0,61.34,0.0003,0.0,12.54,0.0,0.0,0.0,25.0,sensor_drift,0.63
fault_sensor_drift_2,3414,1789847351.2783868,0.0,28.49,25.12,0.0,61.15,0.0,0.0,12.63,0.0,0.0,0.0,25.0,sensor_drift,0.63
fault_sensor_drift_2,3415,1789847352.2783868,0.0,28.47,25.0,0.01,60.95,0.0,0.0,12.63,0.0,0.0,0.0,25.0,sensor_drift,0.63
fault_sensor_drift_2,3416,1789847353.2783868,0.0,28.44,25.0,0.0,60.72,0.0,0.0,12.72,0.0,0.0,0.0,25.0,sensor_drift,0.63
fault_sensor_drift_2,3417,1789847354.2783868,0.0,28.43,25.23,0.0,60.53,0.0001,0.01,12.77,0.02,0.0,0.0,25.0,sensor_drift,0.63
fault_sensor_drift_2,3418,1789847355.2783868,0.0,28.39,25.0,0.01,60.35,0.0,0.0,12.62,0.03,0.0,0.0,25.0,sensor_drift,0.63
fault_sensor_drift_2,3419,1789847356.2783868,0.0,28.41,25.5,0.0,60.17,0.0,0.02,12.61,0.02,0.0,0.0,25.0,sensor_drift,0.63
fault_sensor_drift_2,3420,1789847357.2783868,0.0,28.38,25.59,0.0,59.97,0.0003,0.02,12.56,0.0,0.0,0.0,25.0,sensor_drift,0.63
fault_sensor_drift_2,3421,1789847358.2783868,0.0,28.38,25.3,0.01,59.77,0.0009,0.04,12.55,0.0,0.0,0.0,25.0,sensor_drift,0.63
fault_sensor_drift_2,3422,1789847359.2783868,0.0,28.35,25.1,0.01,59.58,0.0003,0.04,12.59,0.0,0.0,0.0,25.0,sensor_drift,0.63
fault_sensor_drift_2,3423,1789847360.2783868,0.0,28.32,25.0,0.01,59.38,0.0,0.03,12.59,0.0,0.0,0.0,25.0,sensor_drift,0.63
fault_sensor_drift_2,3424,1789847361.2783868,0.0,28.25,25.0,0.0,59.18,0.0003,0.0,12.49,0.0,0.0,0.0,25.0,sensor_drift,0.63
fault_sensor_drift_2,3425,1789847362.2783868,0.0,28.22,25.0,0.0,58.98,0.0003,0.0,12.61,0.0,0.0,0.0,25.0,sensor_drift,0.63
fault_sensor_drift_2,3426,1789847363.2783868,0.0,28.26,25.0,0.0,58.79,0.0,0.0,12.55,0.0,0.0,0.0,25.0,sensor_drift,0.63
fault_sensor_drift_2,3427,1789847364.2783868,0.0,28.26,25.0,0.01,58.61,0.0,0.0,12.53,0.0,0.0,0.0,25.0,sensor_drift,0.63
fault_sensor_drift_2,3428,1789847365.2783868,0.0,28.29,25.0,0.02,58.43,0.0,0.0,12.57,0.01,0.0,0.0,25.0,sensor_drift,0.63
fault_sensor_drift_2,3429,1789847366.2783868,1.4,28.31,25.0,0.01,58.26,0.0,0.0,12.58,0.0,0.0,0.0,25.0,sensor_drift,0.63
fault_sensor_drift_2,3430,1789847367.2783868,0.7,28.34,25.0,0.0,58.07,0.0002,0.0,12.51,0.0,0.0,0.0,25.0,sensor_drift,0.63
fault_sensor_drift_2,3431,1789847368.2783868,0.7,28.32,25.0,0.0,57.91,0.0,0.0,12.54,0.0,0.0,0.0,25.0,sensor_drift,0.63
fault_sensor_drift_2,3432,1789847369.2783868,2.7,28.3,25.0,0.01,57.74,0.0,0.0,12.63,0.0,0.0,0.0,25.0,sensor_drift,0.63
fault_sensor_drift_2,3433,1789847370.2783868,2.4,28.23,25.0,0.01,57.55,0.0,0.0,12.67,0.0,0.0,0.0,25.0,sensor_drift,0.63
fault_sensor_drift_2,3434,1789847371.2783868,4.0,28.22,25.0,0.0,57.37,0.0,0.0,12.68,0.0,0.0,0.0,25.0,sensor_drift,0.63
fault_sensor_drift_2,3435,1789847372.2783868,3.6,28.21,25.0,0.0,57.19,0.0001,0.0,12.67,0.0,0.0,0.0,25.0,sensor_drift,0.63
fault_sensor_drift_2,3436,1789847373.2783868,1.7,28.18,25.0,0.0,57.01,0.0,0.0,12.74,0.01,0.0,0.0,25.0,sensor_drift,0.63
fault_sensor_drift_2,3437,1789847374.2783868,0.1,28.21,25.0,0.0,56.82,0.0004,0.0,12.72,0.0,0.0,0.0,25.0,sensor_drift,0.63
fault_sensor_drift_2,3438,1789847375.2783868,0.0,28.25,25.0,0.0,56.63,0.0,0.0,12.69,0.0,0.0,0.0,25.0,sensor_drift,0.63
fault_sensor_drift_2,3439,1789847376.2783868,0.0,28.23,25.0,0.0,56.46,0.0,0.01,12.63,0.0,0.0,0.0,25.0,sensor_drift,0.63
fault_sensor_drift_2,3440,1789847377.2783868,0.0,28.22,25.12,0.01,56.29,0.0,0.0,12.58,0.01,0.0,0.0,25.0,sensor_drift,0.63
fault_sensor_drift_2,3441,1789847378.2783868,0.0,28.18,25.25,0.01,56.12,0.0,0.0,12.61,0.02,0.0,0.0,25.0,sensor_drift,0.63
fault_sensor_drift_2,3442,1789847379.2783868,0.6,28.24,25.52,0.0,55.95,0.0,0.0,12.58,0.01,0.0,0.0,25.0,sensor_drift,0.63
fault_sensor_drift_2,3443,1789847380.2783868,2.1,28.24,25.8,0.01,55.78,0.0,0.0,12.59,0.01,0.0,0.0,25.0,sensor_drift,0.63
fault_sensor_drift_2,3444,1789847381.2783868,2.2,28.22,26.08,0.0,55.61,0.0001,0.0,12.62,0.02,0.0,0.0,25.0,sensor_drift,0.63
fault_sensor_drift_2,3445,1789847382.2783868,3.1,28.23,25.88,0.0,55.43,0.0004,0.0,12.62,0.0,0.0,0.0,25.0,sensor_drift,0.63
fault_sensor_drift_2,3446,1789847383.2783868,2.9,28.24,25.55,0.0,55.27,0.0,0.0,12.65,0.0,0.0,0.0,25.0,sensor_drift,0.63
fault_sensor_drift_2,3447,1789847384.2783868,2.4,28.23,25.08,0.0,55.1,0.0,0.0,12.57,0.0,0.0,0.0,25.0,sensor_drift,0.63
fault_sensor_drift_2,3448,1789847385.2783868,0.5,28.18,25.06,0.0,54.94,0.0,0.0,12.49,0.0,0.0,0.0,25.0,sensor_drift,0.63
fault_sensor_drift_2,3449,1789847386.2783868,1.4,28.17,25.0,0.0,54.78,0.0,0.0,12.46,0.0,0.0,0.0,25.0,sensor_drift,0.63
fault_sensor_drift_2,3450,1789847387.2783868,2.8,28.17,25.12,0.0,54.62,0.0,0.0,12.31,0.0,0.0,0.0,25.0,sensor_drift,0.63
fault_sensor_drift_2,3451,1789847388.2783868,0.0,28.18,25.0,0.0,54.47,0.0,0.0,12.31,0.0,0.0,0.0,25.0,sensor_drift,0.63
fault_sensor_drift_2,3452,1789847389.2783868,1.0,28.18,25.35,0.0,54.3,0.0,0.0,12.31,0.0,0.0,0.0,25.0,sensor_drift,0.63
fault_sensor_drift_2,3453,1789847390.2783868,0.0,28.17,25.0,0.01,54.15,0.0,0.0,12.33,0.0,0.0,0.0,25.0,sensor_drift,0.63
fault_sensor_drift_2,3454,1789847391.2783868,0.0,28.15,25.0,0.0,53.97,0.0001,0.0,12.33,0.02,0.0,0.0,25.0,sensor_drift,0.63
fault_sensor_drift_2,3455,1789847392.2783868,0.0,28.16,25.0,0.0,53.82,0.0001,0.0,12.33,0.01,0.0,0.0,25.0,sensor_drift,0.63
fault_sensor_drift_2,3456,1789847393.2783868,0.0,28.16,25.16,0.0,53.67,0.0005,0.0,12.33,0.01,0.0,0.0,25.0,sensor_drift,0.63
fault_sensor_drift_2,3457,1789847394.2783868,0.0,28.2,25.34,0.0,53.5,0.0,0.0,12.32,0.0,0.0,0.0,25.0,sensor_drift,0.63
fault_sensor_drift_2,3458,1789847395.2783868,0.0,28.18,25.0,0.01,53.34,0.0004,0.0,12.29,0.0,0.0,0.0,25.0,sensor_drift,0.63
fault_sensor_drift_2,3459,1789847396.2783868,0.0,28.17,25.0,0.01,53.18,0.0,0.0,12.27,0.0,0.0,0.0,25.0,sensor_drift,0.63
fault_sensor_drift_2,3460,1789847397.2783868,0.0,28.2,25.0,0.01,53.01,0.0,0.01,12.31,0.0,0.0,0.0,25.0,sensor_drift,0.63
fault_sensor_drift_2,3461,1789847398.2783868,0.0,28.2,25.0,0.01,52.86,0.0,0.0,12.38,0.0,0.0,0.0,25.0,sensor_drift,0.63
fault_sensor_drift_2,3462,1789847399.2783868,0.0,28.2,25.31,0.01,52.69,0.0,0.02,12.43,0.01,0.0,0.0,25.0,sensor_drift,0.63
fault_sensor_drift_2,3463,1789847400.2783868,0.0,28.21,25.35,0.02,52.55,0.0008,0.0,12.39,0.04,0.0,0.0,25.0,sensor_drift,0.63
fault_sensor_drift_2,3464,1789847401.2783868,0.0,28.2,25.24,0.01,52.4,0.0,0.0,12.45,0.03,0.0,0.0,25.0,sensor_drift,0.63
fault_sensor_drift_2,3465,1789847402.2783868,0.0,28.18,25.0,0.01,52.24,0.0003,0.01,12.5,0.03,0.0,0.0,25.0,sensor_drift,0.63
fault_sensor_drift_2,3466,1789847403.2783868,0.4,28.22,25.0,0.01,52.06,0.0001,0.02,12.48,0.0,0.0,0.0,25.0,sensor_drift,0.63
fault_sensor_drift_2,3467,1789847404.2783868,0.7,28.23,25.14,0.0,51.91,0.0016,0.01,12.45,0.0,0.0,0.0,25.0,sensor_drift,0.63
fault_sensor_drift_2,3468,1789847405.2783868,0.4,28.23,25.11,0.01,51.76,0.001,0.01,12.5,0.0,0.0,0.0,25.0,sensor_drift,0.63
fault_sensor_drift_2,3469,1789847406.2783868,2.3,28.2,25.51,0.01,51.62,0.0,0.01,12.54,0.0,0.0,0.0,25.0,sensor_drift,0.63
fault_sensor_drift_2,3470,1789847407.2783868,1.3,28.16,25.0,0.01,51.47,0.0,0.0,12.53,0.0,0.0,0.0,25.0,sensor_drift,0.63
fault_sensor_drift_2,3471,1789847408.2783868,0.2,28.16,25.56,0.0,51.33,0.0,0.02,12.56,0.01,0.0,0.0,25.0,sensor_drift,0.63
fault_sensor_drift_2,3472,1789847409.2783868,1.9,28.15,25.83,0.0,51.18,0.0012,0.03,12.54,0.0,0.0,0.0,25.0,sensor_drift,0.63
fault_sensor_drift_2,3473,1789847410.2783868,0.0,28.21,25.79,0.01,51.06,0.0008,0.03,12.57,0.0,0.0,0.0,25.0,sensor_drift,0.63
fault_sensor_drift_2,3474,1789847411.2783868,0.9,28.21,25.88,0.01,50.92,0.0005,0.02,12.5,0.0,0.0,0.0,25.0,sensor_drift,0.63
fault_sensor_drift_2,3475,1789847412.2783868,2.1,28.18,25.76,0.01,50.79,0.0,0.02,12.51,0.0,0.0,0.0,25.0,sensor_drift,0.63
fault_sensor_drift_2,3476,1789847413.2783868,0.6,28.2,25.48,0.0,50.65,0.0,0.0,12.47,0.0,0.0,0.0,25.0,sensor_drift,0.63
fault_sensor_drift_2,3477,1789847414.2783868,1.3,28.16,25.0,0.0,50.5,0.0,0.0,12.51,0.0,0.0,0.0,25.0,sensor_drift,0.63
fault_sensor_drift_2,3478,1789847415.2783868,0.0,28.15,25.08,0.0,50.36,0.0,0.0,12.44,0.01,0.0,0.0,25.0,sensor_drift,0.63
fault_sensor_drift_2,3479,1789847416.2783868,2.7,28.15,25.28,0.0,50.2,0.0,0.0,12.41,0.01,0.0,0.0,25.0,sensor_drift,0.63
fault_sensor_drift_2,3480,1789847417.2783868,2.1,28.15,25.19,0.0,50.07,0.0,0.0,12.44,0.0,0.0,0.0,25.0,sensor_drift,0.63
fault_sensor_drift_2,3481,1789847418.2783868,2.5,28.15,25.44,0.0,49.91,0.0001,0.01,12.45,0.0,0.0,0.0,25.0,sensor_drift,0.63
fault_sensor_drift_2,3482,1789847419.2783868,0.0,28.15,25.18,0.0,49.77,0.0,0.01,12.42,0.0,0.0,0.0,25.0,sensor_drift,0.63
fault_sensor_drift_2,3483,1789847420.2783868,0.0,28.15,25.0,0.0,49.65,0.0,0.0,12.45,0.0,0.0,0.0,25.0,sensor_drift,0.63
fault_sensor_drift_2,3484,1789847421.2783868,0.8,28.15,25.0,0.0,49.5,0.0001,0.01,12.4,0.0,0.0,0.0,25.0,sensor_drift,0.63
fault_sensor_drift_2,3485,1789847422.2783868,0.7,28.15,25.0,0.0,49.36,0.0,0.01,12.4,0.0,0.0,0.0,25.0,sensor_drift,0.63
fault_sensor_drift_2,3486,1789847423.2783868,1.5,28.15,25.0,0.0,49.21,0.0,0.01,12.39,0.0,0.0,0.0,25.0,sensor_drift,0.63
fault_sensor_drift_2,3487,1789847424.2783868,3.2,28.16,25.0,0.0,49.07,0.0,0.01,12.39,0.0,0.0,0.0,25.0,sensor_drift,0.63
fault_sensor_drift_2,3488,1789847425.2783868,2.9,28.15,25.0,0.0,48.94,0.0,0.01,12.42,0.0,0.0,0.0,25.0,sensor_drift,0.63
fault_sensor_drift_2,3489,1789847426.2783868,3.7,28.15,25.0,0.0,48.8,0.0,0.0,12.57,0.0,0.0,0.0,25.0,sensor_drift,0.63
fault_sensor_drift_2,3490,1789847427.2783868,1.4,28.15,25.0,0.01,48.67,0.0002,0.0,12.6,0.0,0.0,0.0,25.0,sensor_drift,0.63
fault_sensor_drift_2,3491,1789847428.2783868,2.8,28.15,25.0,0.0,48.54,0.0011,0.01,12.6,0.0,0.0,0.0,25.0,sensor_drift,0.63
fault_sensor_drift_2,3492,1789847429.2783868,1.4,28.15,25.0,0.01,48.41,0.0008,0.01,12.68,0.0,0.0,0.0,25.0,sensor_drift,0.63
fault_sensor_drift_2,3493,1789847430.2783868,0.0,28.15,25.0,0.0,48.28,0.0003,0.02,12.65,0.01,0.0,0.0,25.0,sensor_drift,0.63
fault_sensor_drift_2,3494,1789847431.2783868,1.4,28.15,25.0,0.01,48.15,0.001,0.02,12.65,0.0,0.0,0.0,25.0,sensor_drift,0.63
fault_sensor_drift_2,3495,1789847432.2783868,1.7,28.15,25.0,0.0,48.02,0.0008,0.03,12.67,0.0,0.0,0.0,25.0,sensor_drift,0.63
fault_sensor_drift_2,3496,1789847433.2783868,1.8,28.15,25.0,0.0,47.89,0.0002,0.01,12.65,0.01,0.0,0.0,25.0,sensor_drift,0.63
fault_sensor_drift_2,3497,1789847434.2783868,0.0,28.15,25.0,0.0,47.76,0.0002,0.02,12.52,0.0,0.0,0.0,25.0,sensor_drift,0.63
fault_sensor_drift_2,3498,1789847435.2783868,0.0,28.15,25.0,0.0,47.64,0.0004,0.02,12.51,0.0,0.0,0.0,25.0,sensor_drift,0.63
fault_sensor_drift_2,3499,1789847436.2783868,0.3,28.15,25.0,0.0,47.52,0.0,0.0,12.51,0.01,0.0,0.0,25.0,sensor_drift,0.63
fault_sensor_drift_2,3500,1789847437.2783868,1.0,28.15,25.0,0.01,47.4,0.0,0.0,12.54,0.01,0.0,0.0,25.0,sensor_drift,0.63
fault_sensor_drift_2,3501,1789847438.2783868,4.4,28.15,25.0,0.0,47.28,0.0,0.0,12.52,0.01,0.0,0.0,25.0,sensor_drift,0.63
fault_sensor_drift_2,3502,1789847439.2783868,3.3,28.15,25.61,0.01,47.16,0.0,0.0,12.46,0.03,0.0,0.0,25.0,sensor_drift,0.63
fault_sensor_drift_2,3503,1789847440.2783868,1.8,28.17,25.73,0.01,47.03,0.0001,0.01,12.45,0.0,0.0,0.0,25.0,sensor_drift,0.63
fault_sensor_drift_2,3504,1789847441.2783868,1.8,28.16,26.38,0.0,46.91,0.0,0.01,12.43,0.0,0.0,0.0,25.0,sensor_drift,0.63
fault_sensor_drift_2,3505,1789847442.2783868,2.3,28.17,26.1,0.0,46.78,0.0,0.0,12.49,0.0,0.0,0.0,25.0,sensor_drift,0.63
fault_sensor_drift_2,3506,1789847443.2783868,1.6,28.15,25.88,0.01,46.66,0.0001,0.0,12.43,0.0,0.0,0.0,25.0,sensor_drift,0.63
fault_sensor_drift_2,3507,1789847444.2783868,3.2,28.15,25.58,0.0,46.53,0.0006,0.02,12.49,0.0,0.0,0.0,25.0,sensor_drift,0.63
fault_sensor_drift_2,3508,1789847445.2783868,2.9,28.17,25.19,0.0,46.41,0.0,0.02,12.43,0.0,0.0,0.0,25.0,sensor_drift,0.63
fault_sensor_drift_2,3509,1789847446.2783868,3.6,28.15,25.0,0.0,46.28,0.0001,0.03,12.48,0.0,0.0,0.0,25.0,sensor_drift,0.63
fault_sensor_drift_2,3510,1789847447.2783868,2.7,28.15,25.0,0.0,46.16,0.0002,0.01,12.58,0.0,0.0,0.0,25.0,sensor_drift,0.63
fault_sensor_drift_2,3511,1789847448.2783868,1.4,28.15,25.0,0.0,46.07,0.0005,0.01,12.51,0.0,0.0,0.0,25.0,sensor_drift,0.63
fault_sensor_drift_2,3512,1789847449.2783868,1.8,28.15,25.3,0.0,45.94,0.0002,0.0,12.5,0.0,0.0,0.0,25.0,sensor_drift,0.63
fault_sensor_drift_2,3513,1789847450.2783868,1.8,28.15,25.0,0.01,45.84,0.0001,0.0,12.55,0.0,0.0,0.0,25.0,sensor_drift,0.63
fault_sensor_drift_2,3514,1789847451.2783868,0.9,28.15,25.04,0.01,45.73,0.0,0.0,12.51,0.02,0.0,0.0,25.0,sensor_drift,0.63
fault_sensor_drift_2,3515,1789847452.2783868,1.6,28.15,25.0,0.0,45.62,0.0,0.0,12.44,0.01,0.0,0.0,25.0,sensor_drift,0.63
fault_sensor_drift_2,3516,1789847453.2783868,0.4,28.15,25.0,0.0,45.49,0.0,0.0,12.5,0.0,0.0,0.0,25.0,sensor_drift,0.63
fault_sensor_drift_2,3517,1789847454.2783868,3.7,28.15,25.0,0.01,45.36,0.0,0.0,12.5,0.0,0.0,0.0,25.0,sensor_drift,0.63
fault_sensor_drift_2,3518,1789847455.2783868,1.0,28.15,25.2,0.01,45.25,0.0,0.02,12.46,0.0,0.0,0.0,25.0,sensor_drift,0.63
fault_sensor_drift_2,3519,1789847456.2783868,0.0,28.15,25.35,0.01,45.13,0.0,0.02,12.46,0.01,0.0,0.0,25.0,sensor_drift,0.63
fault_sensor_drift_2,3520,1789847457.2783868,1.1,28.15,25.15,0.0,45.02,0.0,0.03,12.52,0.01,0.0,0.0,25.0,sensor_drift,0.63
fault_sensor_drift_2,3521,1789847458.2783868,4.2,28.15,25.21,0.0,44.92,0.0,0.02,12.54,0.0,0.0,0.0,25.0,sensor_drift,0.63
fault_sensor_drift_2,3522,1789847459.2783868,2.9,28.15,25.17,0.0,44.82,0.0,0.01,12.59,0.0,0.0,0.0,25.0,sensor_drift,0.63
fault_sensor_drift_2,3523,1789847460.2783868,2.4,28.15,25.0,0.0,44.7,0.0,0.0,12.66,0.02,0.0,0.0,25.0,sensor_drift,0.63
fault_sensor_drift_2,3524,1789847461.2783868,0.0,28.15,25.0,0.0,44.6,0.0,0.0,12.59,0.0,0.0,0.0,25.0,sensor_drift,0.63
fault_sensor_drift_2,3525,1789847462.2783868,1.8,28.15,25.17,0.0,44.49,0.0001,0.0,12.57,0.0,0.0,0.0,25.0,sensor_drift,0.63
fault_sensor_drift_2,3526,1789847463.2783868,0.8,28.15,25.0,0.0,44.39,0.0,0.0,12.59,0.0,0.0,0.0,25.0,sensor_drift,0.63
fault_sensor_drift_2,3527,1789847464.2783868,0.0,28.15,25.0,0.0,44.28,0.0,0.0,12.62,0.0,0.0,0.0,25.0,sensor_drift,0.63
fault_sensor_drift_2,3528,1789847465.2783868,0.0,28.15,25.1,0.0,44.15,0.0,0.0,12.57,0.0,0.0,0.0,25.0,sensor_drift,0.63
fault_sensor_drift_2,3529,1789847466.2783868,0.0,28.15,25.0,0.0,44.04,0.0,0.0,12.59,0.0,0.0,0.0,25.0,sensor_drift,0.63
fault_sensor_drift_2,3530,1789847467.2783868,1.5,28.15,25.21,0.0,43.93,0.0,0.0,12.61,0.0,0.0,0.0,25.0,sensor_drift,0.63
fault_sensor_drift_2,3531,1789847468.2783868,2.1,28.15,25.3,0.0,43.83,0.0,0.0,12.58,0.0,0.0,0.0,25.0,sensor_drift,0.63
fault_sensor_drift_2,3532,1789847469.2783868,3.6,28.15,25.65,0.0,43.75,0.0001,0.0,12.61,0.0,0.0,0.0,25.0,sensor_drift,0.63
fault_sensor_drift_2,3533,1789847470.2783868,1.4,28.15,25.95,0.0,43.64,0.0,0.0,12.56,0.0,0.0,0.0,25.0,sensor_drift,0.63
fault_sensor_drift_2,3534,1789847471.2783868,4.7,28.15,26.14,0.0,43.53,0.0,0.0,12.5,0.0,0.0,0.0,25.0,sensor_drift,0.63
fault_sensor_drift_2,3535,1789847472.2783868,3.9,28.2,26.3,0.0,43.43,0.0003,0.0,12.5,0.01,0.0,0.0,25.0,sensor_drift,0.63
fault_sensor_drift_2,3536,1789847473.2783868,5.7,28.2,25.84,0.01,43.35,0.0,0.0,12.52,0.0,0.0,0.0,25.0,sensor_drift,0.63
fault_sensor_drift_2,3537,1789847474.2783868,6.8,28.2,25.67,0.01,43.24,0.0,0.0,12.6,0.01,0.0,0.0,25.0,sensor_drift,0.63
fault_sensor_drift_2,3538,1789847475.2783868,4.8,28.21,25.6,0.01,43.14,0.0,0.0,12.58,0.0,0.0,0.0,25.0,sensor_drift,0.63
fault_sensor_drift_2,3539,1789847476.2783868,4.0,28.18,25.44,0.01,43.01,0.0,0.0,12.6,0.0,0.0,0.0,25.0,sensor_drift,0.63
fault_sensor_drift_2,3540,1789847477.2783868,1.6,28.24,25.0,0.0,42.91,0.0,0.0,12.54,0.0,0.0,0.0,25.0,sensor_drift,0.63
fault_sensor_drift_2,3541,1789847478.2783868,0.2,28.24,25.3,0.0,42.8,0.0,0.0,12.49,0.0,0.0,0.0,25.0,sensor_drift,0.63
fault_sensor_drift_2,3542,1789847479.2783868,1.4,28.26,25.26,0.01,42.71,0.0,0.0,12.48,0.0,0.0,0.0,25.0,sensor_drift,0.63
fault_sensor_drift_2,3543,1789847480.2783868,1.4,28.23,25.08,0.0,42.6,0.0,0.0,12.47,0.0,0.0,0.0,25.0,sensor_drift,0.63
fault_sensor_drift_2,3544,1789847481.2783868,0.0,28.22,25.0,0.0,42.5,0.0,0.01,12.56,0.0,0.0,0.0,25.0,sensor_drift,0.63
fault_sensor_drift_2,3545,1789847482.2783868,1.4,28.21,25.0,0.0,42.4,0.0,0.0,12.54,0.0,0.0,0.0,25.0,sensor_drift,0.63
fault_sensor_drift_2,3546,1789847483.2783868,2.5,28.2,25.0,0.01,42.31,0.0003,0.0,12.51,0.0,0.0,0.0,25.0,sensor_drift,0.63
fault_sensor_drift_2,3547,1789847484.2783868,3.2,28.22,25.0,0.0,42.22,0.0,0.0,12.45,0.0,0.0,0.0,25.0,sensor_drift,0.63
fault_sensor_drift_2,3548,1789847485.2783868,3.8,28.24,25.0,0.0,42.14,0.0001,0.0,12.42,0.02,0.0,0.0,25.0,sensor_drift,0.63
fault_sensor_drift_2,3549,1789847486.2783868,2.7,28.2,25.0,0.0,42.06,0.0,0.0,12.48,0.02,0.0,0.0,25.0,sensor_drift,0.63
fault_sensor_drift_2,3550,1789847487.2783868,1.7,28.18,25.0,0.0,41.96,0.0006,0.0,12.45,0.0,0.0,0.0,25.0,sensor_drift,0.63
fault_sensor_drift_2,3551,1789847488.2783868,0.6,28.2,25.0,0.0,41.87,0.0,0.01,12.43,0.0,0.0,0.0,25.0,sensor_drift,0.63
fault_sensor_drift_2,3552,1789847489.2783868,0.0,28.24,25.0,0.0,41.78,0.0,0.01,12.49,0.0,0.0,0.0,25.0,sensor_drift,0.63
fault_sensor_drift_2,3553,1789847490.2783868,0.0,28.22,25.0,0.0,41.68,0.0,0.0,12.54,0.0,0.0,0.0,25.0,sensor_drift,0.63
fault_sensor_drift_2,3554,1789847491.2783868,0.0,28.21,25.0,0.0,41.59,0.0,0.0,12.53,0.0,0.0,0.0,25.0,sensor_drift,0.63
fault_sensor_drift_2,3555,1789847492.2783868,0.0,28.23,25.0,0.01,41.51,0.0,0.0,12.5,0.01,0.0,0.0,25.0,sensor_drift,0.63
fault_sensor_drift_2,3556,1789847493.2783868,0.0,28.23,25.0,0.01,41.42,0.0,0.0,12.5,0.0,0.0,0.0,25.0,sensor_drift,0.63
fault_sensor_drift_2,3557,1789847494.2783868,0.0,28.2,25.0,0.01,41.33,0.0,0.0,12.51,0.01,0.0,0.0,25.0,sensor_drift,0.63
fault_sensor_drift_2,3558,1789847495.2783868,0.0,28.23,25.0,0.0,41.25,0.0,0.0,12.44,0.02,0.0,0.0,25.0,sensor_drift,0.63
fault_sensor_drift_2,3559,1789847496.2783868,0.0,28.22,25.0,0.0,41.16,0.0,0.0,12.41,0.01,0.0,0.0,25.0,sensor_drift,0.63
fault_sensor_drift_2,3560,1789847497.2783868,0.0,28.17,25.0,0.0,41.08,0.0,0.01,12.43,0.0,0.0,0.0,25.0,sensor_drift,0.63
fault_sensor_drift_2,3561,1789847498.2783868,0.0,28.15,25.0,0.0,40.99,0.0003,0.01,12.52,0.04,0.0,0.0,25.0,sensor_drift,0.63
fault_sensor_drift_2,3562,1789847499.2783868,0.2,28.15,25.0,0.0,40.89,0.0,0.01,12.57,0.01,0.0,0.0,25.0,sensor_drift,0.63
fault_sensor_drift_2,3563,1789847500.2783868,0.0,28.18,25.0,0.0,40.82,0.0,0.01,12.56,0.01,0.0,0.0,25.0,sensor_drift,0.63
fault_sensor_drift_2,3564,1789847501.2783868,0.0,28.17,25.0,0.0,40.72,0.0,0.0,12.53,0.0,0.0,0.0,25.0,sensor_drift,0.63
fault_sensor_drift_2,3565,1789847502.2783868,0.0,28.18,25.0,0.0,40.65,0.0,0.02,12.53,0.0,0.0,0.0,25.0,sensor_drift,0.63
fault_sensor_drift_2,3566,1789847503.2783868,0.0,28.16,25.0,0.0,40.55,0.0,0.02,12.45,0.0,0.0,0.0,25.0,sensor_drift,0.63
fault_sensor_drift_2,3567,1789847504.2783868,0.0,28.17,25.21,0.0,40.45,0.0,0.04,12.4,0.0,0.0,0.0,25.0,sensor_drift,0.63
fault_sensor_drift_2,3568,1789847505.2783868,2.2,28.15,25.23,0.0,40.37,0.0,0.02,12.46,0.0,0.0,0.0,25.0,sensor_drift,0.63
fault_sensor_drift_2,3569,1789847506.2783868,0.3,28.15,25.73,0.0,40.28,0.0,0.03,12.43,0.0,0.0,0.0,25.0,sensor_drift,0.63
fault_sensor_drift_2,3570,1789847507.2783868,0.0,28.15,25.74,0.0,40.2,0.0,0.02,12.47,0.01,0.0,0.0,25.0,sensor_drift,0.63
fault_sensor_drift_2,3571,1789847508.2783868,0.0,28.15,25.11,0.0,40.12,0.0,0.01,12.39,0.04,0.0,0.0,25.0,sensor_drift,0.63
fault_sensor_drift_2,3572,1789847509.2783868,0.0,28.15,25.31,0.01,40.04,0.0,0.01,12.4,0.03,0.0,0.0,25.0,sensor_drift,0.63
fault_sensor_drift_2,3573,1789847510.2783868,0.0,28.15,25.09,0.01,39.98,0.0001,0.01,12.45,0.02,0.0,0.0,25.0,sensor_drift,0.63
fault_sensor_drift_2,3574,1789847511.2783868,0.0,28.15,25.25,0.01,39.9,0.0006,0.03,12.44,0.0,0.0,0.0,25.0,sensor_drift,0.63
fault_sensor_drift_2,3575,1789847512.2783868,0.0,28.15,25.07,0.0,39.8,0.0,0.03,12.38,0.04,0.0,0.0,25.0,sensor_drift,0.63
fault_sensor_drift_2,3576,1789847513.2783868,0.0,28.15,25.0,0.01,39.72,0.0002,0.01,12.34,0.03,0.0,0.0,25.0,sensor_drift,0.63
fault_sensor_drift_2,3577,1789847514.2783868,0.2,28.15,25.26,0.02,39.62,0.0,0.0,12.32,0.0,0.0,0.0,25.0,sensor_drift,0.63
fault_sensor_drift_2,3578,1789847515.2783868,0.0,28.15,25.0,0.01,39.55,0.0001,0.01,12.25,0.01,0.0,0.0,25.0,sensor_drift,0.63
fault_sensor_drift_2,3579,1789847516.2783868,0.0,28.15,25.0,0.01,39.47,0.0,0.02,12.28,0.05,0.0,0.0,25.0,sensor_drift,0.63
fault_sensor_drift_2,3580,1789847517.2783868,0.0,28.15,25.0,0.01,39.39,0.0007,0.01,12.28,0.01,0.0,0.0,25.0,sensor_drift,0.63
fault_sensor_drift_2,3581,1789847518.2783868,0.0,28.15,25.08,0.02,39.31,0.0002,0.0,12.24,0.0,0.0,0.0,25.0,sensor_drift,0.63
fault_sensor_drift_2,3582,1789847519.2783868,0.0,28.15,25.38,0.02,39.24,0.0007,0.0,12.35,0.02,0.0,0.0,25.0,sensor_drift,0.63
fault_sensor_drift_2,3583,1789847520.2783868,0.4,28.15,25.33,0.01,39.14,0.0,0.0,12.44,0.01,0.0,0.0,25.0,sensor_drift,0.63
fault_sensor_drift_2,3584,1789847521.2783868,0.0,28.15,25.0,0.01,39.06,0.0,0.0,12.4,0.01,0.0,0.0,25.0,sensor_drift,0.63
fault_sensor_drift_2,3585,1789847522.2783868,0.0,28.15,25.0,0.0,38.98,0.0,0.01,12.48,0.02,0.0,0.0,25.0,sensor_drift,0.63
fault_sensor_drift_2,3586,1789847523.2783868,0.8,28.15,25.0,0.0,38.9,0.0,0.01,12.44,0.0,0.0,0.0,25.0,sensor_drift,0.63
fault_sensor_drift_2,3587,1789847524.2783868,0.0,28.15,25.0,0.0,38.84,0.0001,0.0,12.37,0.02,0.0,0.0,25.0,sensor_drift,0.63
fault_sensor_drift_2,3588,1789847525.2783868,1.0,28.15,25.0,0.0,38.76,0.0005,0.0,12.42,0.0,0.0,0.0,25.0,sensor_drift,0.63
fault_sensor_drift_2,3589,1789847526.2783868,0.0,28.15,25.04,0.0,38.68,0.0,0.0,12.41,0.03,0.0,0.0,25.0,sensor_drift,0.63
fault_sensor_drift_2,3590,1789847527.2783868,0.0,28.15,25.0,0.0,38.6,0.0,0.0,12.52,0.01,0.0,0.0,25.0,sensor_drift,0.63
fault_sensor_drift_2,3591,1789847528.2783868,0.0,28.15,25.08,0.0,38.53,0.0,0.0,12.51,0.04,0.0,0.0,25.0,sensor_drift,0.63
fault_sensor_drift_2,3592,1789847529.2783868,0.0,28.17,25.1,0.0,38.45,0.0,0.0,12.46,0.04,0.0,0.0,25.0,sensor_drift,0.63
fault_sensor_drift_2,3593,1789847530.2783868,0.1,28.18,25.0,0.0,38.39,0.0,0.01,12.49,0.01,0.0,0.0,25.0,sensor_drift,0.63
fault_sensor_drift_2,3594,1789847531.2783868,0.0,28.16,25.28,0.0,38.31,0.0,0.01,12.47,0.02,0.0,0.0,25.0,sensor_drift,0.63
fault_sensor_drift_2,3595,1789847532.2783868,0.0,28.15,25.28,0.01,38.22,0.0,0.02,12.55,0.03,0.0,0.0,25.0,sensor_drift,0.63
fault_sensor_drift_2,3596,1789847533.2783868,0.0,28.15,25.18,0.01,38.13,0.0007,0.01,12.47,0.02,0.0,0.0,25.0,sensor_drift,0.63
fault_sensor_drift_2,3597,1789847534.2783868,0.0,28.15,25.13,0.0,38.03,0.0008,0.02,12.49,0.0,0.0,0.0,25.0,sensor_drift,0.63
fault_sensor_drift_2,3598,1789847535.2783868,1.1,28.15,25.13,0.0,37.97,0.0001,0.01,12.47,0.02,0.0,0.0,25.0,sensor_drift,0.63
fault_sensor_drift_2,3599,1789847536.2783868,0.5,28.15,25.38,0.0,37.89,0.0,0.0,12.46,0.01,0.0,0.0,25.0,sensor_drift,0.63
