mission_id,tick,timestamp,rpm,cht_celsius,egt_celsius,oil_pressure_bar,oil_temp_celsius,vibration,fuel_flow,battery_voltage_v,injection_timing_deg,throttle_position,altitude_m,ambient_temp_celsius,label_fault_type,label_severity
healthy_0,0,1789811964.4021802,3.6,25.03,25.0,0.0,25.02,0.0006,0.0,12.53,0.02,0.0,0.0,25.0,healthy,0.0
healthy_0,1,1789811965.4021802,3.7,25.02,25.0,0.0,25.01,0.0006,0.0,12.48,0.01,0.0,0.0,25.0,healthy,0.0
healthy_0,2,1789811966.4021802,1.4,25.0,25.0,0.0,25.01,0.0,0.01,12.45,0.01,0.0,0.0,25.0,healthy,0.0
healthy_0,3,1789811967.4021802,2.7,25.0,25.0,0.0,25.0,0.0,0.02,12.4,0.0,0.0,0.0,25.0,healthy,0.0
healthy_0,4,1789811968.4021802,2.8,25.0,25.0,0.0,25.0,0.0,0.01,12.42,0.0,0.0,0.0,25.0,healthy,0.0
healthy_0,5,1789811969.4021802,2.7,25.0,25.0,0.0,25.0,0.0,0.0,12.39,0.0,0.0,0.0,25.0,healthy,0.0
healthy_0,6,1789811970.4021802,1.3,25.0,25.03,0.0,25.0,0.0003,0.0,12.43,0.0,0.0,0.0,25.0,healthy,0.0
healthy_0,7,1789811971.4021802,0.0,25.0,25.23,0.0,25.0,0.0001,0.0,12.39,0.0,0.0,0.0,25.0,healthy,0.0
healthy_0,8,1789811972.4021802,0.0,25.0,25.0,0.0,25.0,0.0,0.0,12.42,0.0,0.0,0.0,25.0,healthy,0.0
healthy_0,9,1789811973.4021802,0.0,25.0,25.15,0.0,25.0,0.0,0.0,12.39,0.0,0.0,0.0,25.0,healthy,0.0
healthy_0,10,1789811974.4021802,0.0,25.0,25.0,0.0,25.0,0.0,0.01,12.28,0.02,0.0,0.0,25.0,healthy,0.0
healthy_0,11,1789811975.4021802,0.2,25.0,25.0,0.0,25.0,0.0,0.01,12.3,0.05,0.0,0.0,25.0,healthy,0.0
healthy_0,12,1789811976.4021802,0.0,25.0,25.13,0.0,25.0,0.0002,0.01,12.35,0.03,0.0,0.0,25.0,healthy,0.0
healthy_0,13,1789811977.4021802,0.0,25.0,25.0,0.0,25.0,0.0,0.02,12.31,0.0,0.0,0.0,25.0,healthy,0.0
healthy_0,14,1789811978.4021802,0.0,25.0,25.0,0.0,25.0,0.0,0.01,12.37,0.01,0.0,0.0,25.0,healthy,0.0
healthy_0,15,1789811979.4021802,0.0,25.0,25.0,0.0,25.0,0.0,0.01,12.41,0.0,0.0,0.0,25.0,healthy,0.0
healthy_0,16,1789811980.4021802,0.0,25.0,25.14,0.0,25.0,0.0004,0.02,12.46,0.0,0.0,0.0,25.0,healthy,0.0
healthy_0,17,1789811981.4021802,0.0,25.0,25.17,0.0,25.01,0.0,0.01,12.54,0.01,0.0,0.0,25.0,healthy,0.0
healthy_0,18,1789811982.4021802,0.0,25.0,25.07,0.0,25.02,0.0,0.01,12.53,0.0,0.0,0.0,25.0,healthy,0.0
healthy_0,19,1789811983.4021802,0.0,25.0,25.0,0.0,25.01,0.0,0.0,12.58,0.03,0.0,0.0,25.0,healthy,0.0
healthy_0,20,1789811984.4021802,0.0,25.0,25.15,0.0,25.01,0.0,0.0,12.65,0.01,0.0,0.0,25.0,healthy,0.0
healthy_0,21,1789811985.4021802,0.6,25.0,25.35,0.0,25.0,0.0,0.0,12.69,0.0,0.0,0.0,25.0,healthy,0.0
healthy_0,22,1789811986.4021802,0.0,25.0,25.15,0.0,25.0,0.0,0.0,12.69,0.0,0.0,0.0,25.0,healthy,0.0
healthy_0,23,1789811987.4021802,0.0,25.0,25.0,0.0,25.0,0.0,0.0,12.68,0.0,0.0,0.0,25.0,healthy,0.0
healthy_0,24,1789811988.4021802,0.0,25.03,25.02,0.0,25.0,0.0,0.0,12.59,0.0,0.0,0.0,25.0,healthy,0.0
healthy_0,25,1789811989.4021802,0.0,25.02,25.01,0.0,25.0,0.0001,0.02,12.6,0.0,0.0,0.0,25.0,healthy,0.0
healthy_0,26,1789811990.4021802,0.0,25.04,25.0,0.0,25.01,0.0,0.02,12.56,0.0,0.0,0.0,25.0,healthy,0.0
healthy_0,27,1789811991.4021802,0.0,25.02,25.0,0.0,25.0,0.0007,0.01,12.59,0.0,0.0,0.0,25.0,healthy,0.0
healthy_0,28,1789811992.4021802,0.0,25.03,25.0,0.0,25.0,0.0013,0.0,12.59,0.0,0.0,0.0,25.0,healthy,0.0
healthy_0,29,1789811993.4021802,0.0,25.08,25.0,0.0,25.0,0.0008,0.0,12.63,0.02,0.0,0.0,25.0,healthy,0.0
healthy_0,30,1789811994.4021802,0.0,25.09,25.31,0.0,25.0,0.0,0.0,12.66,0.0,0.0,0.0,25.0,healthy,0.0
healthy_0,31,1789811995.4021802,0.0,25.07,25.0,0.0,25.0,0.0,0.0,12.61,0.0,0.0,0.0,25.0,healthy,0.0
healthy_0,32,1789811996.4021802,0.0,25.07,25.09,0.0,25.0,0.0001,0.0,12.64,0.0,0.0,0.0,25.0,healthy,0.0
healthy_0,33,1789811997.4021802,0.0,25.07,25.0,0.0,25.0,0.0,0.0,12.67,0.0,0.0,0.0,25.0,healthy,0.0
healthy_0,34,1789811998.4021802,0.0,25.1,25.1,0.0,25.0,0.0,0.0,12.63,0.01,0.0,0.0,25.0,healthy,0.0
healthy_0,35,1789811999.4021802,0.0,25.1,25.07,0.0,25.01,0.0004,0.0,12.61,0.0,0.0,0.0,25.0,healthy,0.0
healthy_0,36,1789812000.4021802,0.0,25.08,25.0,0.0,25.01,0.0,0.0,12.56,0.0,0.0,0.0,25.0,healthy,0.0
healthy_0,37,1789812001.4021802,0.0,25.07,25.0,0.0,25.02,0.0,0.0,12.53,0.0,0.0,0.0,25.0,healthy,0.0
healthy_0,38,1789812002.4021802,0.3,25.03,25.0,0.0,25.02,0.0,0.0,12.57,0.0,0.0,0.0,25.0,healthy,0.0
healthy_0,39,1789812003.4021802,0.0,25.02,25.0,0.0,25.04,0.0,0.0,12.57,0.0,0.0,0.0,25.0,healthy,0.0
healthy_0,40,1789812004.4021802,0.2,25.01,25.0,0.0,25.03,0.0001,0.0,12.51,0.0,0.0,0.0,25.0,healthy,0.0
healthy_0,41,1789812005.4021802,0.8,25.0,25.0,0.0,25.03,0.0,0.0,12.5,0.0,0.0,0.0,25.0,healthy,0.0
healthy_0,42,1789812006.4021802,0.9,25.0,25.0,0.0,25.02,0.0006,0.0,12.52,0.0,0.0,0.0,25.0,healthy,0.0
healthy_0,43,1789812007.4021802,1.7,25.0,25.0,0.0,25.02,0.0005,0.0,12.53,0.02,0.0,0.0,25.0,healthy,0.0
healthy_0,44,1789812008.4021802,0.0,25.0,25.0,0.0,25.02,0.0,0.0,12.5,0.0,0.0,0.0,25.0,healthy,0.0
healthy_0,45,1789812009.4021802,1.6,25.0,25.0,0.0,25.02,0.0,0.0,12.45,0.01,0.0,0.0,25.0,healthy,0.0
healthy_0,46,1789812010.4021802,0.0,25.0,25.0,0.0,25.0,0.0,0.0,12.45,0.0,0.0,0.0,25.0,healthy,0.0
healthy_0,47,1789812011.4021802,2.1,25.0,25.0,0.0,25.01,0.0005,0.0,12.4,0.0,0.0,0.0,25.0,healthy,0.0
healthy_0,48,1789812012.4021802,0.7,25.0,25.0,0.0,25.01,0.0001,0.0,12.5,0.03,0.0,0.0,25.0,healthy,0.0
healthy_0,49,1789812013.4021802,0.0,25.02,25.0,0.0,25.02,0.0003,0.0,12.37,0.03,0.0,0.0,25.0,healthy,0.0
healthy_0,50,1789812014.4021802,0.0,25.03,25.0,0.0,25.03,0.0004,0.01,12.35,0.02,0.0,0.0,25.0,healthy,0.0
healthy_0,51,1789812015.4021802,0.0,25.06,25.0,0.0,25.04,0.0003,0.01,12.47,0.0,0.0,0.0,25.0,healthy,0.0
healthy_0,52,1789812016.4021802,0.0,25.03,25.15,0.0,25.06,0.0,0.02,12.37,0.0,0.0,0.0,25.0,healthy,0.0
healthy_0,53,1789812017.4021802,0.0,25.03,25.0,0.0,25.06,0.0,0.01,12.36,0.0,0.0,0.0,25.0,healthy,0.0
healthy_0,54,1789812018.4021802,0.0,25.04,25.0,0.0,25.07,0.0,0.0,12.42,0.0,0.0,0.0,25.0,healthy,0.0
healthy_0,55,1789812019.4021802,0.0,25.01,25.0,0.0,25.07,0.0,0.01,12.41,0.0,0.0,0.0,25.0,healthy,0.0
healthy_0,56,1789812020.4021802,0.0,25.01,25.0,0.0,25.05,0.0,0.0,12.35,0.0,0.0,0.0,25.0,healthy,0.0
healthy_0,57,1789812021.4021802,0.0,25.0,25.0,0.0,25.05,0.0,0.0,12.43,0.0,0.0,0.0,25.0,healthy,0.0
healthy_0,58,1789812022.4021802,0.0,25.0,25.0,0.0,25.06,0.0,0.0,12.55,0.01,0.0,0.0,25.0,healthy,0.0
healthy_0,59,1789812023.4021802,0.0,25.0,25.18,0.0,25.06,0.0003,0.0,12.51,0.0,0.0,0.0,25.0,healthy,0.0
healthy_0,60,1789812024.4021802,885.7,28.38,151.88,1.51,25.88,0.0235,3.41,12.89,8.05,10.0,0.0,25.0,healthy,0.0
healthy_0,61,1789812025.4021802,1310.9,32.47,253.74,1.84,26.29,0.0349,4.67,13.18,9.55,10.0,0.0,25.0,healthy,0.0
healthy_0,62,1789812026.4021802,1546.9,36.29,330.74,2.11,26.48,0.0354,5.39,13.41,10.4,10.0,0.0,25.0,healthy,0.0
healthy_0,63,1789812027.4021802,1655.6,39.9,388.17,2.21,26.87,0.0393,5.88,13.63,10.62,10.0,0.0,25.0,healthy,0.0
healthy_0,64,1789812028.4021802,1714.0,43.5,424.91,2.32,27.19,0.0314,6.09,13.68,11.0,10.0,0.0,25.0,healthy,0.0
healthy_0,65,1789812029.4021802,1731.5,46.71,460.47,2.41,27.59,0.0332,6.21,13.74,11.02,10.0,0.0,25.0,healthy,0.0
healthy_0,66,1789812030.4021802,1755.4,49.77,485.5,2.46,27.87,0.0328,6.26,13.72,11.13,10.0,0.0,25.0,healthy,0.0
healthy_0,67,1789812031.4021802,1785.0,52.73,499.05,2.43,28.17,0.0395,6.25,13.71,11.53,10.0,0.0,25.0,healthy,0.0
healthy_0,68,1789812032.4021802,1823.5,55.45,515.17,2.28,28.48,0.034,6.39,13.66,11.54,10.0,0.0,25.0,healthy,0.0
healthy_0,69,1789812033.4021802,1843.2,58.16,520.15,2.36,28.63,0.0383,6.36,13.68,11.62,10.0,0.0,25.0,healthy,0.0
healthy_0,70,1789812034.4021802,1843.2,61.02,524.22,2.37,29.04,0.0352,6.36,13.7,11.84,10.0,0.0,25.0,healthy,0.0
healthy_0,71,1789812035.4021802,1832.4,63.6,533.04,2.28,29.44,0.0282,6.28,13.75,11.81,10.0,0.0,25.0,healthy,0.0
healthy_0,72,1789812036.4021802,1813.8,65.89,534.49,2.29,29.73,0.0347,6.46,13.73,11.65,10.0,0.0,25.0,healthy,0.0
healthy_0,73,1789812037.4021802,1808.6,68.19,536.61,2.35,29.97,0.0179,6.3,13.63,11.32,10.0,0.0,25.0,healthy,0.0
healthy_0,74,1789812038.4021802,1824.0,70.56,535.73,2.32,30.45,0.0162,6.19,13.71,11.33,10.0,0.0,25.0,healthy,0.0
healthy_0,75,1789812039.4021802,1833.9,72.62,536.61,2.41,30.86,0.0198,6.38,13.63,11.33,10.0,0.0,25.0,healthy,0.0
healthy_0,76,1789812040.4021802,1844.6,74.72,536.92,2.4,31.06,0.0179,6.32,13.69,11.37,10.0,0.0,25.0,healthy,0.0
healthy_0,77,1789812041.4021802,1807.0,76.3,536.01,2.4,31.41,0.0252,6.36,13.74,11.47,10.0,0.0,25.0,healthy,0.0
healthy_0,78,1789812042.4021802,1820.0,77.86,539.83,2.37,31.83,0.0186,6.11,13.75,11.14,10.0,0.0,25.0,healthy,0.0
healthy_0,79,1789812043.4021802,1811.1,79.75,544.34,2.36,32.24,0.0255,6.23,13.71,11.46,10.0,0.0,25.0,healthy,0.0
healthy_0,80,1789812044.4021802,1828.3,81.21,545.47,2.43,32.56,0.0286,6.36,13.72,11.49,10.0,0.0,25.0,healthy,0.0
healthy_0,81,1789812045.4021802,1836.3,82.21,546.55,2.47,32.98,0.0271,6.51,13.72,11.65,10.0,0.0,25.0,healthy,0.0
healthy_0,82,1789812046.4021802,1829.4,83.18,551.31,2.35,33.28,0.0284,6.53,13.68,11.27,10.0,0.0,25.0,healthy,0.0
healthy_0,83,1789812047.4021802,1812.1,84.48,548.75,2.42,33.51,0.0309,6.27,13.68,11.47,10.0,0.0,25.0,healthy,0.0
healthy_0,84,1789812048.4021802,1829.6,85.62,548.08,2.38,33.78,0.0269,6.39,13.66,11.48,10.0,0.0,25.0,healthy,0.0
healthy_0,85,1789812049.4021802,1814.3,87.24,550.15,2.37,34.12,0.0311,6.27,13.69,11.4,10.0,0.0,25.0,healthy,0.0
healthy_0,86,1789812050.4021802,1835.6,88.64,547.36,2.34,34.54,0.0352,6.39,13.65,11.27,10.0,0.0,25.0,healthy,0.0
healthy_0,87,1789812051.4021802,1840.0,89.58,541.7,2.41,34.88,0.0391,6.39,13.69,11.49,10.0,0.0,25.0,healthy,0.0
healthy_0,88,1789812052.4021802,1854.1,90.63,543.31,2.42,35.16,0.0313,6.37,13.64,11.66,10.0,0.0,25.0,healthy,0.0
healthy_0,89,1789812053.4021802,1851.0,91.91,543.91,2.42,35.47,0.0263,6.43,13.7,11.66,10.0,0.0,25.0,healthy,0.0
healthy_0,90,1789812054.4021802,1849.8,92.82,542.79,2.4,35.78,0.0224,6.47,13.7,11.79,10.0,0.0,25.0,healthy,0.0
healthy_0,91,1789812055.4021802,1842.0,93.55,547.91,2.33,36.1,0.0285,6.54,13.72,11.64,10.0,0.0,25.0,healthy,0.0
healthy_0,92,1789812056.4021802,1859.5,94.36,544.56,2.36,36.59,0.0292,6.27,13.69,11.33,10.0,0.0,25.0,healthy,0.0
healthy_0,93,1789812057.4021802,1884.7,95.01,544.03,2.38,36.94,0.03,6.32,13.72,11.39,10.0,0.0,25.0,healthy,0.0
healthy_0,94,1789812058.4021802,1913.2,96.02,544.46,2.42,37.0,0.0323,6.34,13.7,11.51,10.0,0.0,25.0,healthy,0.0
healthy_0,95,1789812059.4021802,1892.9,96.61,551.08,2.42,37.36,0.0307,6.35,13.68,11.34,10.0,0.0,25.0,healthy,0.0
healthy_0,96,1789812060.4021802,1867.3,96.97,545.97,2.34,37.56,0.0235,6.5,13.72,11.23,10.0,0.0,25.0,healthy,0.0
healthy_0,97,1789812061.4021802,1855.0,98.09,546.67,2.41,37.92,0.0305,6.35,13.68,11.59,10.0,0.0,25.0,healthy,0.0
healthy_0,98,1789812062.4021802,1876.2,98.71,546.75,2.34,38.18,0.0281,6.35,13.73,11.55,10.0,0.0,25.0,healthy,0.0
healthy_0,99,1789812063.4021802,1876.5,99.16,554.2,2.42,38.55,0.0244,6.26,13.8,11.44,10.0,0.0,25.0,healthy,0.0
healthy_0,100,1789812064.4021802,1863.8,99.69,553.77,2.39,38.99,0.0228,6.38,13.84,11.45,10.0,0.0,25.0,healthy,0.0
healthy_0,101,1789812065.4021802,1854.3,99.97,547.83,2.41,39.13,0.0257,6.43,13.79,11.23,10.0,0.0,25.0,healthy,0.0
healthy_0,102,1789812066.4021802,1878.9,100.47,549.09,2.38,39.34,0.0381,6.56,13.79,11.47,10.0,0.0,25.0,healthy,0.0
healthy_0,103,1789812067.4021802,1891.5,100.88,546.98,2.41,39.53,0.0343,6.57,13.82,11.53,10.0,0.0,25.0,healthy,0.0
healthy_0,104,1789812068.4021802,1883.2,101.37,551.45,2.37,39.92,0.0139,6.29,13.8,11.21,10.0,0.0,25.0,healthy,0.0
healthy_0,105,1789812069.4021802,1869.7,101.46,552.17,2.37,40.2,0.0075,6.45,13.84,11.01,10.0,0.0,25.0,healthy,0.0
healthy_0,106,1789812070.4021802,1863.6,101.86,549.49,2.33,40.39,0.0183,6.49,13.81,11.26,10.0,0.0,25.0,healthy,0.0
healthy_0,107,1789812071.4021802,1848.2,102.49,545.05,2.36,40.67,0.0136,6.52,13.81,11.01,10.0,0.0,25.0,healthy,0.0
healthy_0,108,1789812072.4021802,1822.7,102.91,547.72,2.37,41.11,0.0229,6.54,13.74,11.15,10.0,0.0,25.0,healthy,0.0
healthy_0,109,1789812073.4021802,1808.5,103.4,547.31,2.4,41.35,0.0188,6.56,13.75,11.4,10.0,0.0,25.0,healthy,0.0
healthy_0,110,1789812074.4021802,1822.9,103.55,551.06,2.38,41.64,0.0144,6.53,13.87,11.72,10.0,0.0,25.0,healthy,0.0
healthy_0,111,1789812075.4021802,1830.2,103.63,552.04,2.36,42.04,0.0236,6.53,13.83,11.13,10.0,0.0,25.0,healthy,0.0
healthy_0,112,1789812076.4021802,1798.5,104.29,549.99,2.33,42.35,0.0277,6.55,13.79,11.31,10.0,0.0,25.0,healthy,0.0
healthy_0,113,1789812077.4021802,1831.7,104.73,550.36,2.37,42.62,0.0194,6.34,13.68,11.34,10.0,0.0,25.0,healthy,0.0
healthy_0,114,1789812078.4021802,1850.0,105.28,544.93,2.36,42.79,0.0308,6.44,13.67,11.22,10.0,0.0,25.0,healthy,0.0
healthy_0,115,1789812079.4021802,1845.9,105.28,545.87,2.32,42.96,0.0287,6.32,13.65,11.19,10.0,0.0,25.0,healthy,0.0
healthy_0,116,1789812080.4021802,1853.1,105.63,545.51,2.36,43.14,0.0247,6.29,13.63,11.23,10.0,0.0,25.0,healthy,0.0
healthy_0,117,1789812081.4021802,1815.9,106.03,539.78,2.4,43.45,0.0231,6.4,13.65,11.25,10.0,0.0,25.0,healthy,0.0
healthy_0,118,1789812082.4021802,1842.3,106.6,540.26,2.35,43.93,0.014,6.36,13.61,10.99,10.0,0.0,25.0,healthy,0.0
healthy_0,119,1789812083.4021802,1843.4,106.7,542.54,2.35,44.14,0.0157,6.44,13.67,10.91,10.0,0.0,25.0,healthy,0.0
healthy_0,120,1789812084.4021802,1828.9,107.06,545.22,2.34,44.31,0.0281,6.43,13.77,11.22,10.0,0.0,25.0,healthy,0.0
healthy_0,121,1789812085.4021802,1831.0,106.95,546.77,2.32,44.69,0.0259,6.35,13.85,11.07,10.0,0.0,25.0,healthy,0.0
healthy_0,122,1789812086.4021802,1828.1,107.18,549.9,2.27,44.9,0.0252,6.33,13.85,11.1,10.0,0.0,25.0,healthy,0.0
healthy_0,123,1789812087.4021802,1832.1,107.34,546.79,2.32,45.09,0.0268,6.25,13.86,11.47,10.0,0.0,25.0,healthy,0.0
healthy_0,124,1789812088.4021802,1829.6,107.8,544.84,2.35,45.35,0.0245,6.19,13.87,11.31,10.0,0.0,25.0,healthy,0.0
healthy_0,125,1789812089.4021802,1848.7,107.9,547.31,2.36,45.55,0.0275,6.06,13.84,11.2,10.0,0.0,25.0,healthy,0.0
healthy_0,126,1789812090.4021802,1842.1,108.3,545.93,2.42,45.83,0.0288,6.21,13.84,11.25,10.0,0.0,25.0,healthy,0.0
healthy_0,127,1789812091.4021802,1809.9,108.4,538.63,2.32,46.05,0.0354,6.11,13.81,10.9,10.0,0.0,25.0,healthy,0.0
healthy_0,128,1789812092.4021802,1834.1,108.48,544.71,2.35,46.15,0.0377,6.16,13.77,11.01,10.0,0.0,25.0,healthy,0.0
healthy_0,129,1789812093.4021802,1833.0,109.11,540.23,2.35,46.43,0.0314,6.23,13.79,10.93,10.0,0.0,25.0,healthy,0.0
healthy_0,130,1789812094.4021802,1841.7,109.18,536.4,2.36,46.61,0.0258,6.34,13.91,11.23,10.0,0.0,25.0,healthy,0.0
healthy_0,131,1789812095.4021802,1846.2,109.22,535.99,2.31,46.86,0.0294,6.33,13.87,11.43,10.0,0.0,25.0,healthy,0.0
healthy_0,132,1789812096.4021802,1832.3,109.52,540.52,2.33,47.08,0.0235,6.49,13.9,11.57,10.0,0.0,25.0,healthy,0.0
healthy_0,133,1789812097.4021802,1833.9,109.24,547.6,2.31,47.38,0.0233,6.51,13.89,11.54,10.0,0.0,25.0,healthy,0.0
healthy_0,134,1789812098.4021802,1838.9,109.51,544.76,2.33,47.72,0.0242,6.4,13.93,11.47,10.0,0.0,25.0,healthy,0.0
healthy_0,135,1789812099.4021802,1853.5,109.66,540.44,2.4,48.08,0.027,6.5,13.89,11.61,10.0,0.0,25.0,healthy,0.0
healthy_0,136,1789812100.4021802,1853.6,109.78,540.4,2.36,48.26,0.0314,6.45,13.84,11.38,10.0,0.0,25.0,healthy,0.0
healthy_0,137,1789812101.4021802,1839.7,109.27,543.64,2.46,48.66,0.0279,6.38,13.76,11.3,10.0,0.0,25.0,healthy,0.0
healthy_0,138,1789812102.4021802,1865.4,109.57,546.8,2.4,48.82,0.0272,6.3,13.74,11.28,10.0,0.0,25.0,healthy,0.0
healthy_0,139,1789812103.4021802,1868.1,109.73,548.06,2.34,49.19,0.0255,6.3,13.73,11.28,10.0,0.0,25.0,healthy,0.0
healthy_0,140,1789812104.4021802,1875.1,109.77,546.32,2.3,49.3,0.0146,6.49,13.75,11.24,10.0,0.0,25.0,healthy,0.0
healthy_0,141,1789812105.4021802,1887.9,109.97,542.69,2.34,49.45,0.0247,6.55,13.79,11.25,10.0,0.0,25.0,healthy,0.0
healthy_0,142,1789812106.4021802,1875.3,109.76,543.79,2.39,49.76,0.0279,6.47,13.83,11.42,10.0,0.0,25.0,healthy,0.0
healthy_0,143,1789812107.4021802,1855.8,109.96,537.7,2.33,50.08,0.031,6.4,13.77,11.54,10.0,0.0,25.0,healthy,0.0
healthy_0,144,1789812108.4021802,1852.8,110.22,538.0,2.37,50.2,0.0281,6.48,13.75,11.62,10.0,0.0,25.0,healthy,0.0
healthy_0,145,1789812109.4021802,1872.2,110.3,535.72,2.38,50.26,0.0346,6.45,13.74,11.41,10.0,0.0,25.0,healthy,0.0
healthy_0,146,1789812110.4021802,1864.2,110.23,536.36,2.4,50.69,0.0324,6.61,13.65,11.15,10.0,0.0,25.0,healthy,0.0
healthy_0,147,1789812111.4021802,1865.5,110.31,536.47,2.29,50.96,0.0334,6.44,13.69,11.3,10.0,0.0,25.0,healthy,0.0
healthy_0,148,1789812112.4021802,1847.2,110.16,535.82,2.31,51.31,0.0418,6.52,13.73,11.35,10.0,0.0,25.0,healthy,0.0
healthy_0,149,1789812113.4021802,1849.6,110.14,541.24,2.34,51.61,0.0372,6.56,13.76,11.08,10.0,0.0,25.0,healthy,0.0
healthy_0,150,1789812114.4021802,1833.8,110.3,545.04,2.28,51.93,0.0322,6.34,13.77,10.87,10.0,0.0,25.0,healthy,0.0
healthy_0,151,1789812115.4021802,1829.7,110.4,548.13,2.24,52.11,0.0392,6.44,13.82,11.05,10.0,0.0,25.0,healthy,0.0
healthy_0,152,1789812116.4021802,1821.7,110.52,546.65,2.35,52.35,0.0337,6.41,13.75,11.03,10.0,0.0,25.0,healthy,0.0
healthy_0,153,1789812117.4021802,1851.5,110.83,544.14,2.29,52.63,0.032,6.45,13.73,11.08,10.0,0.0,25.0,healthy,0.0
healthy_0,154,1789812118.4021802,1832.3,110.62,539.65,2.3,52.67,0.0267,6.36,13.72,11.13,10.0,0.0,25.0,healthy,0.0
healthy_0,155,1789812119.4021802,1831.0,110.84,540.87,2.39,52.91,0.0256,6.31,13.78,11.32,10.0,0.0,25.0,healthy,0.0
healthy_0,156,1789812120.4021802,1815.5,110.84,541.94,2.31,53.2,0.028,6.43,13.84,11.49,10.0,0.0,25.0,healthy,0.0
healthy_0,157,1789812121.4021802,1809.6,110.94,542.0,2.32,53.63,0.0232,6.31,13.82,11.38,10.0,0.0,25.0,healthy,0.0
healthy_0,158,1789812122.4021802,1827.3,110.94,542.96,2.29,53.66,0.0279,6.37,13.88,11.68,10.0,0.0,25.0,healthy,0.0
healthy_0,159,1789812123.4021802,1833.0,111.1,544.68,2.35,53.91,0.0308,6.24,13.76,11.28,10.0,0.0,25.0,healthy,0.0
healthy_0,160,1789812124.4021802,1842.8,111.34,543.35,2.33,54.2,0.0375,6.27,13.68,10.99,10.0,0.0,25.0,healthy,0.0
healthy_0,161,1789812125.4021802,1830.7,111.0,544.35,2.31,54.37,0.035,6.26,13.78,11.11,10.0,0.0,25.0,healthy,0.0
healthy_0,162,1789812126.4021802,1836.7,111.26,548.38,2.36,54.75,0.0407,6.26,13.88,11.86,10.0,0.0,25.0,healthy,0.0
healthy_0,163,1789812127.4021802,1846.5,111.11,545.27,2.37,55.03,0.0338,6.18,13.89,11.87,10.0,0.0,25.0,healthy,0.0
healthy_0,164,1789812128.4021802,1851.8,111.26,543.02,2.3,55.27,0.0311,6.1,13.83,11.38,10.0,0.0,25.0,healthy,0.0
healthy_0,165,1789812129.4021802,1857.7,111.08,544.68,2.32,55.35,0.0289,6.25,13.87,11.23,10.0,0.0,25.0,healthy,0.0
healthy_0,166,1789812130.4021802,1865.9,110.94,551.03,2.28,55.49,0.0215,6.24,13.82,11.45,10.0,0.0,25.0,healthy,0.0
healthy_0,167,1789812131.4021802,1847.0,110.85,545.9,2.35,55.93,0.0234,6.43,13.78,11.25,10.0,0.0,25.0,healthy,0.0
healthy_0,168,1789812132.4021802,1848.6,110.65,548.78,2.41,56.29,0.0231,6.49,13.73,11.4,10.0,0.0,25.0,healthy,0.0
healthy_0,169,1789812133.4021802,1859.5,110.72,549.11,2.41,56.53,0.0313,6.56,13.79,11.29,10.0,0.0,25.0,healthy,0.0
healthy_0,170,1789812134.4021802,1849.6,110.88,552.04,2.29,56.86,0.025,6.6,13.69,11.52,10.0,0.0,25.0,healthy,0.0
healthy_0,171,1789812135.4021802,1814.3,110.87,554.11,2.36,57.08,0.0251,6.57,13.71,11.41,10.0,0.0,25.0,healthy,0.0
healthy_0,172,1789812136.4021802,1805.9,110.88,547.54,2.35,57.16,0.0249,6.46,13.71,11.5,10.0,0.0,25.0,healthy,0.0
healthy_0,173,1789812137.4021802,1811.9,110.57,545.16,2.39,57.42,0.0181,6.27,13.66,11.59,10.0,0.0,25.0,healthy,0.0
healthy_0,174,1789812138.4021802,1809.9,110.83,545.73,2.41,57.54,0.026,6.46,13.66,11.35,10.0,0.0,25.0,healthy,0.0
healthy_0,175,1789812139.4021802,1810.8,110.95,545.95,2.32,57.69,0.0285,6.48,13.7,11.5,10.0,0.0,25.0,healthy,0.0
healthy_0,176,1789812140.4021802,1837.2,110.94,546.68,2.34,57.81,0.0387,6.52,13.75,11.89,10.0,0.0,25.0,healthy,0.0
healthy_0,177,1789812141.4021802,1846.2,110.99,546.13,2.35,57.97,0.0351,6.37,13.71,11.85,10.0,0.0,25.0,healthy,0.0
healthy_0,178,1789812142.4021802,1852.6,111.22,546.13,2.36,58.08,0.0393,6.34,13.7,11.53,10.0,0.0,25.0,healthy,0.0
healthy_0,179,1789812143.4021802,1860.5,111.2,548.44,2.32,58.35,0.0275,6.33,13.65,11.66,10.0,0.0,25.0,healthy,0.0
healthy_0,180,1789812144.4021802,1858.5,111.27,551.44,2.32,58.51,0.0378,6.37,13.6,11.73,10.0,0.0,25.0,healthy,0.0
healthy_0,181,1789812145.4021802,1870.4,110.89,550.72,2.32,58.8,0.0292,6.44,13.54,11.37,10.0,0.0,25.0,healthy,0.0
healthy_0,182,1789812146.4021802,1864.0,111.19,548.57,2.33,58.76,0.0281,6.54,13.55,11.55,10.0,0.0,25.0,healthy,0.0
healthy_0,183,1789812147.4021802,1840.1,111.22,548.69,2.42,59.01,0.0358,6.52,13.5,11.44,10.0,0.0,25.0,healthy,0.0
healthy_0,184,1789812148.4021802,1857.6,110.88,548.83,2.47,59.2,0.031,6.58,13.53,11.13,10.0,0.0,25.0,healthy,0.0
healthy_0,185,1789812149.4021802,1841.2,111.12,547.7,2.5,59.25,0.0344,6.51,13.6,11.06,10.0,0.0,25.0,healthy,0.0
healthy_0,186,1789812150.4021802,1859.3,111.03,540.89,2.43,59.6,0.0275,6.43,13.62,10.9,10.0,0.0,25.0,healthy,0.0
healthy_0,187,1789812151.4021802,1858.7,111.09,539.75,2.35,59.79,0.0385,6.46,13.65,11.44,10.0,0.0,25.0,healthy,0.0
healthy_0,188,1789812152.4021802,1859.5,111.12,544.31,2.33,59.96,0.0389,6.34,13.61,11.7,10.0,0.0,25.0,healthy,0.0
healthy_0,189,1789812153.4021802,1822.8,111.2,544.15,2.26,60.01,0.0327,6.31,13.61,11.15,10.0,0.0,25.0,healthy,0.0
healthy_0,190,1789812154.4021802,1825.7,110.8,545.16,2.3,60.04,0.0309,6.28,13.59,11.0,10.0,0.0,25.0,healthy,0.0
healthy_0,191,1789812155.4021802,1857.2,110.82,542.56,2.3,60.2,0.027,6.31,13.61,10.98,10.0,0.0,25.0,healthy,0.0
healthy_0,192,1789812156.4021802,1855.2,110.94,540.67,2.3,60.32,0.0309,6.26,13.62,11.48,10.0,0.0,25.0,healthy,0.0
healthy_0,193,1789812157.4021802,1873.2,110.78,541.27,2.22,60.45,0.0244,6.08,13.68,11.32,10.0,0.0,25.0,healthy,0.0
healthy_0,194,1789812158.4021802,1854.7,110.74,537.88,2.26,60.63,0.0293,6.16,13.67,11.47,10.0,0.0,25.0,healthy,0.0
healthy_0,195,1789812159.4021802,1855.9,111.01,539.81,2.26,60.74,0.0305,6.21,13.65,11.37,10.0,0.0,25.0,healthy,0.0
healthy_0,196,1789812160.4021802,1852.0,111.02,543.24,2.21,60.99,0.035,6.15,13.66,10.73,10.0,0.0,25.0,healthy,0.0
healthy_0,197,1789812161.4021802,1845.5,110.87,541.25,2.24,61.25,0.0341,6.18,13.71,11.05,10.0,0.0,25.0,healthy,0.0
healthy_0,198,1789812162.4021802,1871.1,110.59,543.06,2.28,61.45,0.0386,6.36,13.69,11.02,10.0,0.0,25.0,healthy,0.0
healthy_0,199,1789812163.4021802,1864.7,110.92,545.05,2.35,61.58,0.0345,6.3,13.65,11.16,10.0,0.0,25.0,healthy,0.0
healthy_0,200,1789812164.4021802,1865.2,110.81,544.9,2.28,61.75,0.0383,6.33,13.6,11.49,10.0,0.0,25.0,healthy,0.0
healthy_0,201,1789812165.4021802,1871.2,111.0,548.27,2.43,61.96,0.0316,6.08,13.58,11.2,10.0,0.0,25.0,healthy,0.0
healthy_0,202,1789812166.4021802,1878.0,111.17,548.3,2.43,62.19,0.0333,6.0,13.52,11.34,10.0,0.0,25.0,healthy,0.0
healthy_0,203,1789812167.4021802,1862.6,110.78,549.85,2.42,62.25,0.0414,5.92,13.61,11.27,10.0,0.0,25.0,healthy,0.0
healthy_0,204,1789812168.4021802,1877.8,110.86,552.67,2.38,62.36,0.0399,6.02,13.6,11.04,10.0,0.0,25.0,healthy,0.0
healthy_0,205,1789812169.4021802,1856.7,110.72,551.96,2.27,62.62,0.0336,6.3,13.59,10.93,10.0,0.0,25.0,healthy,0.0
healthy_0,206,1789812170.4021802,1860.2,111.13,550.16,2.3,62.71,0.0296,6.22,13.61,11.31,10.0,0.0,25.0,healthy,0.0
healthy_0,207,1789812171.4021802,1844.4,111.25,546.93,2.22,62.78,0.0299,6.17,13.66,11.54,10.0,0.0,25.0,healthy,0.0
healthy_0,208,1789812172.4021802,1826.9,111.1,549.91,2.29,62.92,0.0293,6.3,13.66,10.97,10.0,0.0,25.0,healthy,0.0
healthy_0,209,1789812173.4021802,1834.9,110.88,549.83,2.35,63.0,0.0366,6.33,13.72,10.76,10.0,0.0,25.0,healthy,0.0
healthy_0,210,1789812174.4021802,1853.3,110.87,550.26,2.38,63.24,0.032,6.32,13.7,10.76,10.0,0.0,25.0,healthy,0.0
healthy_0,211,1789812175.4021802,1853.2,111.02,550.86,2.4,63.38,0.0379,6.27,13.67,10.98,10.0,0.0,25.0,healthy,0.0
healthy_0,212,1789812176.4021802,1858.1,111.2,550.42,2.4,63.42,0.036,6.22,13.71,11.24,10.0,0.0,25.0,healthy,0.0
healthy_0,213,1789812177.4021802,1871.9,110.97,550.85,2.36,63.66,0.0293,6.02,13.7,11.24,10.0,0.0,25.0,healthy,0.0
healthy_0,214,1789812178.4021802,1872.2,111.41,547.42,2.4,63.85,0.0385,6.19,13.73,11.52,10.0,0.0,25.0,healthy,0.0
healthy_0,215,1789812179.4021802,1869.4,111.53,551.13,2.4,63.99,0.0322,6.06,13.72,11.37,10.0,0.0,25.0,healthy,0.0
healthy_0,216,1789812180.4021802,1860.4,111.36,550.43,2.39,64.15,0.0293,5.91,13.76,11.19,10.0,0.0,25.0,healthy,0.0
healthy_0,217,1789812181.4021802,1879.9,111.67,553.04,2.38,64.48,0.0325,6.11,13.67,11.4,10.0,0.0,25.0,healthy,0.0
healthy_0,218,1789812182.4021802,1863.5,111.52,554.48,2.45,64.56,0.024,6.31,13.74,11.57,10.0,0.0,25.0,healthy,0.0
healthy_0,219,1789812183.4021802,1872.2,112.06,550.79,2.42,64.77,0.0245,6.23,13.73,11.52,10.0,0.0,25.0,healthy,0.0
healthy_0,220,1789812184.4021802,1852.2,111.97,552.27,2.39,64.87,0.0292,6.54,13.78,11.34,10.0,0.0,25.0,healthy,0.0
healthy_0,221,1789812185.4021802,1821.4,111.84,546.16,2.42,64.98,0.0279,6.35,13.83,11.45,10.0,0.0,25.0,healthy,0.0
healthy_0,222,1789812186.4021802,1812.1,111.79,548.81,2.36,65.11,0.0266,6.27,13.92,11.24,10.0,0.0,25.0,healthy,0.0
healthy_0,223,1789812187.4021802,1823.5,111.88,551.98,2.41,65.15,0.0378,6.44,13.87,11.06,10.0,0.0,25.0,healthy,0.0
healthy_0,224,1789812188.4021802,1832.5,112.05,553.44,2.43,65.19,0.0217,6.36,13.75,11.15,10.0,0.0,25.0,healthy,0.0
healthy_0,225,1789812189.4021802,1859.9,111.88,546.08,2.47,65.48,0.0292,6.57,13.7,11.56,10.0,0.0,25.0,healthy,0.0
healthy_0,226,1789812190.4021802,1851.7,112.37,544.35,2.47,65.64,0.0278,6.43,13.72,11.57,10.0,0.0,25.0,healthy,0.0
healthy_0,227,1789812191.4021802,1866.9,112.32,539.9,2.48,65.74,0.0318,6.59,13.81,11.39,10.0,0.0,25.0,healthy,0.0
healthy_0,228,1789812192.4021802,1837.7,112.43,538.95,2.44,66.0,0.024,6.43,13.79,11.5,10.0,0.0,25.0,healthy,0.0
healthy_0,229,1789812193.4021802,1819.6,112.35,538.04,2.4,66.26,0.026,6.52,13.85,11.58,10.0,0.0,25.0,healthy,0.0
healthy_0,230,1789812194.4021802,1827.7,112.1,540.46,2.35,66.41,0.0255,6.52,13.83,11.23,10.0,0.0,25.0,healthy,0.0
healthy_0,231,1789812195.4021802,1828.7,112.11,544.31,2.35,66.42,0.0293,6.41,13.9,11.29,10.0,0.0,25.0,healthy,0.0
healthy_0,232,1789812196.4021802,1807.6,111.71,546.43,2.35,66.61,0.0298,6.34,13.82,11.02,10.0,0.0,25.0,healthy,0.0
healthy_0,233,1789812197.4021802,1777.4,111.97,539.21,2.45,66.66,0.0305,6.48,13.79,11.08,10.0,0.0,25.0,healthy,0.0
healthy_0,234,1789812198.4021802,1786.4,111.52,539.33,2.39,66.8,0.0174,6.36,13.81,11.24,10.0,0.0,25.0,healthy,0.0
healthy_0,235,1789812199.4021802,1802.7,111.26,540.66,2.39,67.03,0.0321,6.34,13.79,11.2,10.0,0.0,25.0,healthy,0.0
healthy_0,236,1789812200.4021802,1817.9,111.2,543.06,2.35,67.11,0.0262,6.26,13.75,10.87,10.0,0.0,25.0,healthy,0.0
healthy_0,237,1789812201.4021802,1815.6,111.04,544.71,2.33,67.29,0.0198,6.43,13.78,11.31,10.0,0.0,25.0,healthy,0.0
healthy_0,238,1789812202.4021802,1837.5,110.97,545.44,2.31,67.4,0.0205,6.5,13.79,11.2,10.0,0.0,25.0,healthy,0.0
healthy_0,239,1789812203.4021802,1819.4,111.05,548.37,2.28,67.62,0.0216,6.45,13.82,11.2,10.0,0.0,25.0,healthy,0.0
healthy_0,240,1789812204.4021802,1838.2,111.15,546.66,2.27,67.81,0.0267,6.34,13.81,11.46,10.0,0.0,25.0,healthy,0.0
healthy_0,241,1789812205.4021802,1845.0,110.94,548.05,2.36,67.95,0.0239,6.48,13.83,11.33,10.0,0.0,25.0,healthy,0.0
healthy_0,242,1789812206.4021802,1846.0,110.87,543.12,2.29,68.05,0.0291,6.38,13.86,11.4,10.0,0.0,25.0,healthy,0.0
healthy_0,243,1789812207.4021802,1816.7,110.9,538.51,2.28,68.24,0.0322,6.37,13.85,11.39,10.0,0.0,25.0,healthy,0.0
healthy_0,244,1789812208.4021802,1797.3,110.94,535.9,2.25,68.54,0.0298,6.46,13.82,11.85,10.0,0.0,25.0,healthy,0.0
healthy_0,245,1789812209.4021802,1824.7,110.92,542.01,2.31,68.53,0.0329,6.46,13.78,11.56,10.0,0.0,25.0,healthy,0.0
healthy_0,246,1789812210.4021802,1823.8,111.0,539.98,2.27,68.53,0.0298,6.43,13.72,11.15,10.0,0.0,25.0,healthy,0.0
healthy_0,247,1789812211.4021802,1809.7,111.28,544.31,2.23,68.76,0.015,6.39,13.72,11.35,10.0,0.0,25.0,healthy,0.0
healthy_0,248,1789812212.4021802,1768.5,111.61,544.18,2.27,68.94,0.0198,6.31,13.74,11.27,10.0,0.0,25.0,healthy,0.0
healthy_0,249,1789812213.4021802,1778.6,111.75,544.95,2.29,69.14,0.0214,6.5,13.74,11.02,10.0,0.0,25.0,healthy,0.0
healthy_0,250,1789812214.4021802,1769.1,111.6,543.84,2.3,69.3,0.0242,6.42,13.66,11.79,10.0,0.0,25.0,healthy,0.0
healthy_0,251,1789812215.4021802,1756.5,111.66,542.4,2.36,69.35,0.0212,6.51,13.62,11.2,10.0,0.0,25.0,healthy,0.0
healthy_0,252,1789812216.4021802,1769.9,111.72,536.74,2.38,69.64,0.0236,6.63,13.59,11.22,10.0,0.0,25.0,healthy,0.0
healthy_0,253,1789812217.4021802,1777.8,111.44,535.42,2.36,69.58,0.0269,6.54,13.66,11.32,10.0,0.0,25.0,healthy,0.0
healthy_0,254,1789812218.4021802,1821.0,111.14,530.99,2.36,69.69,0.0261,6.4,13.58,11.11,10.0,0.0,25.0,healthy,0.0
healthy_0,255,1789812219.4021802,1808.6,111.08,539.92,2.33,69.87,0.0242,6.42,13.53,11.5,10.0,0.0,25.0,healthy,0.0
healthy_0,256,1789812220.4021802,1816.1,111.41,546.01,2.39,70.04,0.0209,6.32,13.66,11.44,10.0,0.0,25.0,healthy,0.0
healthy_0,257,1789812221.4021802,1826.0,111.08,550.96,2.41,70.09,0.0201,6.52,13.61,11.4,10.0,0.0,25.0,healthy,0.0
healthy_0,258,1789812222.4021802,1827.8,111.08,545.97,2.46,70.15,0.0272,6.69,13.59,11.24,10.0,0.0,25.0,healthy,0.0
healthy_0,259,1789812223.4021802,1817.4,111.12,545.55,2.51,70.47,0.0252,6.65,13.64,11.3,10.0,0.0,25.0,healthy,0.0
healthy_0,260,1789812224.4021802,1837.6,111.18,545.01,2.42,70.58,0.028,6.74,13.7,11.57,10.0,0.0,25.0,healthy,0.0
healthy_0,261,1789812225.4021802,1811.6,111.07,548.29,2.42,70.75,0.0263,6.75,13.72,11.21,10.0,0.0,25.0,healthy,0.0
healthy_0,262,1789812226.4021802,1821.7,110.87,551.18,2.37,70.69,0.0383,6.82,13.73,11.25,10.0,0.0,25.0,healthy,0.0
healthy_0,263,1789812227.4021802,1837.2,111.17,543.53,2.37,70.91,0.0316,6.83,13.63,11.26,10.0,0.0,25.0,healthy,0.0
healthy_0,264,1789812228.4021802,1838.1,111.26,539.93,2.41,70.98,0.0224,6.73,13.62,11.4,10.0,0.0,25.0,healthy,0.0
healthy_0,265,1789812229.4021802,1861.4,111.13,539.21,2.46,71.14,0.024,6.72,13.54,11.37,10.0,0.0,25.0,healthy,0.0
healthy_0,266,1789812230.4021802,1851.4,110.93,539.62,2.38,71.12,0.022,6.42,13.6,11.85,10.0,0.0,25.0,healthy,0.0
healthy_0,267,1789812231.4021802,1818.1,110.77,541.37,2.41,71.16,0.0175,6.26,13.53,11.81,10.0,0.0,25.0,healthy,0.0
healthy_0,268,1789812232.4021802,1845.2,110.92,544.82,2.33,71.37,0.0243,6.31,13.59,11.44,10.0,0.0,25.0,healthy,0.0
healthy_0,269,1789812233.4021802,1837.7,111.08,543.27,2.33,71.4,0.0251,6.21,13.62,11.45,10.0,0.0,25.0,healthy,0.0
healthy_0,270,1789812234.4021802,1817.7,111.18,539.26,2.33,71.36,0.0206,6.22,13.71,11.57,10.0,0.0,25.0,healthy,0.0
healthy_0,271,1789812235.4021802,1808.7,111.15,541.31,2.39,71.45,0.0233,6.28,13.66,11.85,10.0,0.0,25.0,healthy,0.0
healthy_0,272,1789812236.4021802,1808.0,110.96,542.75,2.4,71.57,0.0302,6.47,13.69,11.58,10.0,0.0,25.0,healthy,0.0
healthy_0,273,1789812237.4021802,1802.7,110.92,544.2,2.39,71.76,0.0215,6.52,13.74,11.33,10.0,0.0,25.0,healthy,0.0
healthy_0,274,1789812238.4021802,1795.6,110.71,542.61,2.44,71.96,0.0208,6.34,13.78,11.3,10.0,0.0,25.0,healthy,0.0
healthy_0,275,1789812239.4021802,1794.7,110.63,540.6,2.4,72.07,0.0205,6.3,13.74,11.74,10.0,0.0,25.0,healthy,0.0
healthy_0,276,1789812240.4021802,1773.7,110.71,543.53,2.38,72.07,0.0285,6.21,13.71,11.49,10.0,0.0,25.0,healthy,0.0
healthy_0,277,1789812241.4021802,1787.5,110.47,541.86,2.42,72.22,0.0387,6.18,13.78,11.26,10.0,0.0,25.0,healthy,0.0
healthy_0,278,1789812242.4021802,1775.1,110.28,541.98,2.35,72.21,0.0278,6.29,13.69,11.19,10.0,0.0,25.0,healthy,0.0
healthy_0,279,1789812243.4021802,1802.8,110.38,538.94,2.33,72.5,0.0291,6.42,13.76,11.12,10.0,0.0,25.0,healthy,0.0
healthy_0,280,1789812244.4021802,1831.5,110.3,542.27,2.34,72.53,0.0297,6.44,13.79,11.19,10.0,0.0,25.0,healthy,0.0
healthy_0,281,1789812245.4021802,1810.3,110.61,543.47,2.33,72.82,0.0205,6.45,13.74,11.19,10.0,0.0,25.0,healthy,0.0
healthy_0,282,1789812246.4021802,1855.9,110.89,543.64,2.35,72.95,0.0348,6.46,13.72,11.12,10.0,0.0,25.0,healthy,0.0
healthy_0,283,1789812247.4021802,1854.1,110.96,543.46,2.34,73.1,0.0286,6.49,13.68,11.37,10.0,0.0,25.0,healthy,0.0
healthy_0,284,1789812248.4021802,1859.3,111.05,543.88,2.34,73.41,0.0366,6.54,13.69,11.23,10.0,0.0,25.0,healthy,0.0
healthy_0,285,1789812249.4021802,1877.8,111.34,542.69,2.41,73.68,0.032,6.4,13.68,11.25,10.0,0.0,25.0,healthy,0.0
healthy_0,286,1789812250.4021802,1903.0,110.91,538.08,2.35,73.77,0.0284,6.33,13.67,11.5,10.0,0.0,25.0,healthy,0.0
healthy_0,287,1789812251.4021802,1899.7,110.99,537.83,2.33,73.82,0.0255,6.35,13.69,11.36,10.0,0.0,25.0,healthy,0.0
healthy_0,288,1789812252.4021802,1872.5,110.99,537.7,2.31,73.93,0.0236,6.4,13.7,11.61,10.0,0.0,25.0,healthy,0.0
healthy_0,289,1789812253.4021802,1866.8,111.01,537.86,2.32,73.94,0.0257,6.34,13.71,11.29,10.0,0.0,25.0,healthy,0.0
healthy_0,290,1789812254.4021802,1869.6,111.27,539.85,2.34,74.06,0.0229,6.16,13.69,10.96,10.0,0.0,25.0,healthy,0.0
healthy_0,291,1789812255.4021802,1864.5,111.1,547.21,2.33,74.19,0.0167,6.11,13.75,11.19,10.0,0.0,25.0,healthy,0.0
healthy_0,292,1789812256.4021802,1840.1,111.12,550.93,2.25,74.27,0.0246,6.21,13.72,11.11,10.0,0.0,25.0,healthy,0.0
healthy_0,293,1789812257.4021802,1839.1,111.07,555.37,2.35,74.26,0.0272,6.17,13.67,11.27,10.0,0.0,25.0,healthy,0.0
healthy_0,294,1789812258.4021802,1852.1,111.18,550.61,2.36,74.39,0.0292,6.18,13.66,11.17,10.0,0.0,25.0,healthy,0.0
healthy_0,295,1789812259.4021802,1870.4,111.14,547.28,2.37,74.39,0.032,6.35,13.76,11.41,10.0,0.0,25.0,healthy,0.0
healthy_0,296,1789812260.4021802,1846.1,111.18,543.36,2.37,74.48,0.0271,6.36,13.69,11.57,10.0,0.0,25.0,healthy,0.0
healthy_0,297,1789812261.4021802,1829.3,111.11,547.13,2.34,74.84,0.0216,6.43,13.63,11.38,10.0,0.0,25.0,healthy,0.0
healthy_0,298,1789812262.4021802,1851.7,111.06,549.15,2.43,75.04,0.0215,6.44,13.57,11.49,10.0,0.0,25.0,healthy,0.0
healthy_0,299,1789812263.4021802,1859.3,111.44,551.75,2.38,75.32,0.0221,6.38,13.52,11.3,10.0,0.0,25.0,healthy,0.0
healthy_0,300,1789812264.4021802,3783.3,112.42,595.72,3.89,75.27,0.0532,15.01,13.77,17.97,100.0,5.0,25.0,healthy,0.0
healthy_0,301,1789812265.4021802,4768.2,113.5,648.67,4.69,75.53,0.08,20.54,13.85,21.13,100.0,10.0,24.9,healthy,0.0
healthy_0,302,1789812266.4021802,5277.4,114.76,696.86,5.07,75.68,0.0864,23.48,13.97,22.98,100.0,15.0,24.9,healthy,0.0
healthy_0,303,1789812267.4021802,5555.7,116.14,738.92,5.23,75.72,0.0943,25.16,14.02,24.06,100.0,20.0,24.9,healthy,0.0
healthy_0,304,1789812268.4021802,5689.0,117.61,768.66,5.34,75.97,0.0982,25.91,14.02,24.74,100.0,25.0,24.8,healthy,0.0
healthy_0,305,1789812269.4021802,5767.6,118.95,788.52,5.4,76.28,0.0946,26.57,14.02,24.9,100.0,30.0,24.8,healthy,0.0
healthy_0,306,1789812270.4021802,5787.4,120.28,807.73,5.5,76.48,0.0878,26.79,14.08,24.66,100.0,35.0,24.8,healthy,0.0
healthy_0,307,1789812271.4021802,5815.8,121.22,827.07,5.51,76.58,0.09,26.82,14.08,24.73,100.0,40.0,24.7,healthy,0.0
healthy_0,308,1789812272.4021802,5807.7,122.12,840.58,5.45,76.72,0.0925,26.8,14.11,24.78,100.0,45.0,24.7,healthy,0.0
healthy_0,309,1789812273.4021802,5820.8,123.07,842.23,5.45,76.99,0.0877,26.85,14.11,24.65,100.0,50.0,24.7,healthy,0.0
healthy_0,310,1789812274.4021802,5805.6,124.07,845.95,5.51,77.28,0.0941,26.98,14.06,24.83,100.0,55.0,24.6,healthy,0.0
healthy_0,311,1789812275.4021802,5810.4,124.95,851.19,5.48,77.48,0.0948,27.09,14.04,24.99,100.0,60.0,24.6,healthy,0.0
healthy_0,312,1789812276.4021802,5781.9,126.1,857.13,5.49,77.63,0.0987,27.1,14.04,25.02,100.0,65.0,24.6,healthy,0.0
healthy_0,313,1789812277.4021802,5820.0,126.78,858.45,5.43,77.64,0.0939,27.1,14.04,24.85,100.0,70.0,24.5,healthy,0.0
healthy_0,314,1789812278.4021802,5821.2,127.37,852.87,5.39,77.77,0.0883,27.16,14.04,25.12,100.0,75.0,24.5,healthy,0.0
healthy_0,315,1789812279.4021802,5788.1,127.96,853.49,5.42,77.9,0.0879,27.11,14.07,25.13,100.0,80.0,24.5,healthy,0.0
healthy_0,316,1789812280.4021802,5781.2,128.58,853.74,5.49,78.1,0.1006,27.1,14.15,24.96,100.0,85.0,24.4,healthy,0.0
healthy_0,317,1789812281.4021802,5802.9,129.25,852.48,5.5,78.33,0.1009,26.87,14.11,25.5,100.0,90.0,24.4,healthy,0.0
healthy_0,318,1789812282.4021802,5804.2,129.96,853.33,5.46,78.48,0.103,26.91,14.1,24.85,100.0,95.0,24.4,healthy,0.0
healthy_0,319,1789812283.4021802,5813.0,130.38,855.95,5.5,78.58,0.1005,27.13,14.12,24.74,100.0,100.0,24.4,healthy,0.0
healthy_0,320,1789812284.4021802,5808.8,131.05,855.57,5.5,78.88,0.0997,27.06,14.14,24.92,100.0,105.0,24.3,healthy,0.0
healthy_0,321,1789812285.4021802,5811.1,131.45,857.17,5.48,79.21,0.1007,27.04,14.26,25.01,100.0,110.0,24.3,healthy,0.0
healthy_0,322,1789812286.4021802,5821.6,132.04,860.0,5.61,79.36,0.1034,26.92,14.27,25.03,100.0,115.0,24.3,healthy,0.0
healthy_0,323,1789812287.4021802,5802.8,132.82,860.62,5.57,79.49,0.0986,27.03,14.23,25.06,100.0,120.0,24.2,healthy,0.0
healthy_0,324,1789812288.4021802,5798.2,133.46,857.52,5.55,79.74,0.0996,27.0,14.19,25.07,100.0,125.0,24.2,healthy,0.0
healthy_0,325,1789812289.4021802,5797.2,133.93,851.35,5.55,80.0,0.0994,26.91,14.25,24.9,100.0,130.0,24.2,healthy,0.0
healthy_0,326,1789812290.4021802,5805.5,134.39,850.06,5.49,80.25,0.1002,26.96,14.28,25.11,100.0,135.0,24.1,healthy,0.0
healthy_0,327,1789812291.4021802,5807.8,134.77,852.83,5.43,80.36,0.1012,27.04,14.24,25.25,100.0,140.0,24.1,healthy,0.0
healthy_0,328,1789812292.4021802,5819.5,134.88,849.14,5.45,80.54,0.1056,27.14,14.26,25.36,100.0,145.0,24.1,healthy,0.0
healthy_0,329,1789812293.4021802,5802.2,134.98,844.17,5.43,80.5,0.1044,26.98,14.37,24.97,100.0,150.0,24.0,healthy,0.0
healthy_0,330,1789812294.4021802,5780.4,135.36,843.54,5.49,80.67,0.1016,27.14,14.35,24.98,100.0,155.0,24.0,healthy,0.0
healthy_0,331,1789812295.4021802,5750.4,135.7,843.37,5.42,80.84,0.0955,27.04,14.32,25.16,100.0,160.0,24.0,healthy,0.0
healthy_0,332,1789812296.4021802,5781.4,135.85,847.12,5.36,81.11,0.1012,26.99,14.18,25.17,100.0,165.0,23.9,healthy,0.0
healthy_0,333,1789812297.4021802,5796.3,135.96,846.48,5.38,81.29,0.0936,26.93,14.17,25.03,100.0,170.0,23.9,healthy,0.0
healthy_0,334,1789812298.4021802,5789.9,135.96,847.88,5.33,81.53,0.0922,27.04,14.25,24.91,100.0,175.0,23.9,healthy,0.0
healthy_0,335,1789812299.4021802,5784.4,136.43,848.35,5.42,81.54,0.0865,27.03,14.29,24.63,100.0,180.0,23.8,healthy,0.0
healthy_0,336,1789812300.4021802,5792.0,136.7,851.79,5.46,81.61,0.0904,27.02,14.2,24.87,100.0,185.0,23.8,healthy,0.0
healthy_0,337,1789812301.4021802,5786.6,136.78,852.8,5.39,81.9,0.0978,26.99,14.25,24.88,100.0,190.0,23.8,healthy,0.0
healthy_0,338,1789812302.4021802,5770.2,137.45,854.81,5.42,82.08,0.0997,26.99,14.28,24.7,100.0,195.0,23.7,healthy,0.0
healthy_0,339,1789812303.4021802,5769.8,137.7,851.91,5.5,82.41,0.1051,27.09,14.24,25.02,100.0,200.0,23.7,healthy,0.0
healthy_0,340,1789812304.4021802,5776.8,137.81,853.25,5.51,82.73,0.1072,27.05,14.26,25.24,100.0,205.0,23.7,healthy,0.0
healthy_0,341,1789812305.4021802,5795.3,137.77,855.32,5.48,83.01,0.1071,27.0,14.27,25.05,100.0,210.0,23.6,healthy,0.0
healthy_0,342,1789812306.4021802,5794.3,137.65,852.11,5.48,83.11,0.1037,27.06,14.35,24.73,100.0,215.0,23.6,healthy,0.0
healthy_0,343,1789812307.4021802,5787.3,137.76,851.98,5.46,83.3,0.0954,27.07,14.34,24.63,100.0,220.0,23.6,healthy,0.0
healthy_0,344,1789812308.4021802,5787.9,138.27,850.09,5.42,83.4,0.0923,27.01,14.26,24.83,100.0,225.0,23.5,healthy,0.0
healthy_0,345,1789812309.4021802,5827.9,138.33,850.22,5.47,83.59,0.0916,26.95,14.25,25.03,100.0,230.0,23.5,healthy,0.0
healthy_0,346,1789812310.4021802,5808.5,138.56,848.7,5.47,83.94,0.0892,26.98,14.19,24.9,100.0,235.0,23.5,healthy,0.0
healthy_0,347,1789812311.4021802,5798.4,138.7,848.05,5.37,84.19,0.0963,26.85,14.24,24.69,100.0,240.0,23.4,healthy,0.0
healthy_0,348,1789812312.4021802,5789.7,138.96,853.88,5.38,84.38,0.0914,26.87,14.18,24.98,100.0,245.0,23.4,healthy,0.0
healthy_0,349,1789812313.4021802,5846.4,138.93,854.07,5.38,84.48,0.1007,27.1,14.17,25.0,100.0,250.0,23.4,healthy,0.0
healthy_0,350,1789812314.4021802,5846.7,139.14,856.26,5.39,84.59,0.0955,27.24,14.22,24.92,100.0,255.0,23.3,healthy,0.0
healthy_0,351,1789812315.4021802,5828.8,139.1,858.63,5.36,84.82,0.0935,27.1,14.15,24.77,100.0,260.0,23.3,healthy,0.0
healthy_0,352,1789812316.4021802,5846.8,138.92,859.41,5.33,84.95,0.1003,27.36,14.23,25.01,100.0,265.0,23.3,healthy,0.0
healthy_0,353,1789812317.4021802,5833.5,139.06,857.23,5.41,85.27,0.0974,27.1,14.28,25.12,100.0,270.0,23.2,healthy,0.0
healthy_0,354,1789812318.4021802,5811.9,139.12,860.17,5.44,85.32,0.0963,27.01,14.34,24.85,100.0,275.0,23.2,healthy,0.0
healthy_0,355,1789812319.4021802,5815.7,139.65,854.11,5.34,85.48,0.1065,26.95,14.35,24.78,100.0,280.0,23.2,healthy,0.0
healthy_0,356,1789812320.4021802,5791.0,139.94,856.96,5.42,85.62,0.1065,26.98,14.4,24.78,100.0,285.0,23.1,healthy,0.0
healthy_0,357,1789812321.4021802,5802.0,139.96,852.0,5.37,85.77,0.1054,26.93,14.42,25.04,100.0,290.0,23.1,healthy,0.0
healthy_0,358,1789812322.4021802,5810.6,140.36,852.79,5.31,86.11,0.1031,26.99,14.43,25.16,100.0,295.0,23.1,healthy,0.0
healthy_0,359,1789812323.4021802,5805.5,140.26,853.08,5.41,86.23,0.1004,26.93,14.46,25.25,100.0,300.0,23.1,healthy,0.0
healthy_0,360,1789812324.4021802,5807.5,140.26,854.1,5.4,86.38,0.1021,26.99,14.47,25.21,100.0,305.0,23.0,healthy,0.0
healthy_0,361,1789812325.4021802,5800.0,140.39,852.65,5.48,86.59,0.1005,27.04,14.51,25.22,100.0,310.0,23.0,healthy,0.0
healthy_0,362,1789812326.4021802,5785.1,140.7,849.73,5.54,86.7,0.1048,27.0,14.41,24.94,100.0,315.0,23.0,healthy,0.0
healthy_0,363,1789812327.4021802,5775.0,140.36,847.44,5.53,86.88,0.1108,26.95,14.41,25.29,100.0,320.0,22.9,healthy,0.0
healthy_0,364,1789812328.4021802,5796.4,140.43,846.68,5.52,87.23,0.1077,26.9,14.34,25.09,100.0,325.0,22.9,healthy,0.0
healthy_0,365,1789812329.4021802,5799.3,140.46,850.4,5.45,87.42,0.1069,26.94,14.23,24.85,100.0,330.0,22.9,healthy,0.0
healthy_0,366,1789812330.4021802,5799.9,140.47,848.59,5.52,87.77,0.0993,26.93,14.27,24.8,100.0,335.0,22.8,healthy,0.0
healthy_0,367,1789812331.4021802,5788.9,140.44,855.17,5.51,87.82,0.0957,26.96,14.28,25.08,100.0,340.0,22.8,healthy,0.0
healthy_0,368,1789812332.4021802,5807.8,140.31,851.64,5.47,87.96,0.0939,27.01,14.21,24.98,100.0,345.0,22.8,healthy,0.0
healthy_0,369,1789812333.4021802,5833.6,140.21,859.25,5.42,88.03,0.0975,27.04,14.18,25.08,100.0,350.0,22.7,healthy,0.0
healthy_0,370,1789812334.4021802,5804.4,140.27,860.85,5.51,87.99,0.094,26.89,14.16,25.06,100.0,355.0,22.7,healthy,0.0
healthy_0,371,1789812335.4021802,5804.6,140.28,856.13,5.59,88.17,0.09,26.75,14.2,25.03,100.0,360.0,22.7,healthy,0.0
healthy_0,372,1789812336.4021802,5805.2,140.29,855.14,5.46,88.31,0.0917,26.81,14.18,25.1,100.0,365.0,22.6,healthy,0.0
healthy_0,373,1789812337.4021802,5795.4,140.06,854.14,5.52,88.55,0.0945,27.04,14.3,24.78,100.0,370.0,22.6,healthy,0.0
healthy_0,374,1789812338.4021802,5811.0,140.11,852.19,5.51,88.61,0.0969,26.9,14.26,24.44,100.0,375.0,22.6,healthy,0.0
healthy_0,375,1789812339.4021802,5806.7,139.73,852.07,5.45,88.68,0.1032,26.88,14.32,24.71,100.0,380.0,22.5,healthy,0.0
healthy_0,376,1789812340.4021802,5794.9,139.71,853.37,5.49,88.7,0.0941,27.05,14.32,25.04,100.0,385.0,22.5,healthy,0.0
healthy_0,377,1789812341.4021802,5797.1,139.69,852.61,5.55,88.77,0.0935,27.01,14.38,25.04,100.0,390.0,22.5,healthy,0.0
healthy_0,378,1789812342.4021802,5802.4,140.01,852.14,5.55,88.95,0.0965,26.93,14.39,25.17,100.0,395.0,22.4,healthy,0.0
healthy_0,379,1789812343.4021802,5801.2,140.05,854.22,5.5,88.92,0.0991,26.97,14.38,25.38,100.0,400.0,22.4,healthy,0.0
healthy_0,380,1789812344.4021802,5785.8,139.94,862.34,5.53,89.19,0.0987,26.86,14.32,25.45,100.0,405.0,22.4,healthy,0.0
healthy_0,381,1789812345.4021802,5794.4,140.02,863.77,5.48,89.22,0.0938,26.97,14.3,25.11,100.0,410.0,22.3,healthy,0.0
healthy_0,382,1789812346.4021802,5791.2,140.13,858.48,5.47,89.49,0.0957,26.98,14.3,24.85,100.0,415.0,22.3,healthy,0.0
healthy_0,383,1789812347.4021802,5798.5,140.46,856.06,5.55,89.38,0.0972,26.87,14.29,24.86,100.0,420.0,22.3,healthy,0.0
healthy_0,384,1789812348.4021802,5807.8,140.48,854.49,5.51,89.53,0.095,26.99,14.28,24.86,100.0,425.0,22.2,healthy,0.0
healthy_0,385,1789812349.4021802,5832.9,140.5,855.03,5.47,89.65,0.0928,26.94,14.27,24.78,100.0,430.0,22.2,healthy,0.0
healthy_0,386,1789812350.4021802,5828.7,140.36,855.28,5.4,89.82,0.0939,27.02,14.25,24.74,100.0,435.0,22.2,healthy,0.0
healthy_0,387,1789812351.4021802,5837.8,140.26,853.32,5.41,90.13,0.0928,27.1,14.3,24.83,100.0,440.0,22.1,healthy,0.0
healthy_0,388,1789812352.4021802,5832.1,140.22,848.14,5.45,90.13,0.101,27.13,14.3,25.23,100.0,445.0,22.1,healthy,0.0
healthy_0,389,1789812353.4021802,5846.3,140.32,848.73,5.39,90.24,0.0989,27.12,14.27,25.39,100.0,450.0,22.1,healthy,0.0
healthy_0,390,1789812354.4021802,5854.7,140.29,849.09,5.36,90.5,0.0991,27.05,14.29,24.79,100.0,455.0,22.0,healthy,0.0
healthy_0,391,1789812355.4021802,5837.1,140.34,848.94,5.22,90.81,0.0909,26.93,14.27,24.57,100.0,460.0,22.0,healthy,0.0
healthy_0,392,1789812356.4021802,5837.2,140.54,850.41,5.33,90.89,0.0901,26.98,14.36,25.13,100.0,465.0,22.0,healthy,0.0
healthy_0,393,1789812357.4021802,5835.0,140.58,848.11,5.3,91.23,0.1013,27.06,14.4,25.21,100.0,470.0,21.9,healthy,0.0
healthy_0,394,1789812358.4021802,5803.6,140.38,854.45,5.38,91.32,0.1027,27.16,14.39,25.17,100.0,475.0,21.9,healthy,0.0
healthy_0,395,1789812359.4021802,5798.9,140.37,852.93,5.42,91.38,0.1055,26.97,14.38,24.97,100.0,480.0,21.9,healthy,0.0
healthy_0,396,1789812360.4021802,5779.4,140.18,853.96,5.48,91.49,0.1036,26.84,14.31,25.05,100.0,485.0,21.8,healthy,0.0
healthy_0,397,1789812361.4021802,5790.1,140.13,850.0,5.49,91.68,0.1097,26.78,14.37,24.69,100.0,490.0,21.8,healthy,0.0
healthy_0,398,1789812362.4021802,5785.5,140.37,846.01,5.52,91.72,0.0973,26.79,14.35,24.85,100.0,495.0,21.8,healthy,0.0
healthy_0,399,1789812363.4021802,5810.3,140.15,848.59,5.48,91.92,0.0931,26.69,14.34,24.76,100.0,500.0,21.8,healthy,0.0
healthy_0,400,1789812364.4021802,5816.1,140.32,849.13,5.49,91.97,0.099,26.65,14.42,25.06,100.0,505.0,21.7,healthy,0.0
healthy_0,401,1789812365.4021802,5815.1,140.15,848.85,5.42,92.15,0.0983,26.63,14.38,24.92,100.0,510.0,21.7,healthy,0.0
healthy_0,402,1789812366.4021802,5818.0,139.64,851.53,5.35,92.14,0.1027,26.67,14.29,24.71,100.0,515.0,21.7,healthy,0.0
healthy_0,403,1789812367.4021802,5801.0,139.46,855.44,5.31,92.12,0.0949,26.64,14.22,25.13,100.0,520.0,21.6,healthy,0.0
healthy_0,404,1789812368.4021802,5806.1,139.53,855.97,5.4,92.06,0.1006,26.64,14.21,25.29,100.0,525.0,21.6,healthy,0.0
healthy_0,405,1789812369.4021802,5820.4,139.06,852.96,5.43,92.12,0.097,26.65,14.21,25.54,100.0,530.0,21.6,healthy,0.0
healthy_0,406,1789812370.4021802,5815.7,139.31,847.87,5.43,92.05,0.0987,26.78,14.23,25.15,100.0,535.0,21.5,healthy,0.0
healthy_0,407,1789812371.4021802,5821.6,139.45,850.35,5.36,92.33,0.0961,26.98,14.25,25.05,100.0,540.0,21.5,healthy,0.0
healthy_0,408,1789812372.4021802,5801.4,139.3,851.84,5.38,92.38,0.0983,26.83,14.22,24.89,100.0,545.0,21.5,healthy,0.0
healthy_0,409,1789812373.4021802,5809.4,139.41,851.03,5.41,92.49,0.1008,27.06,14.26,25.02,100.0,550.0,21.4,healthy,0.0
healthy_0,410,1789812374.4021802,5841.7,139.39,848.78,5.39,92.67,0.1078,26.97,14.2,25.06,100.0,555.0,21.4,healthy,0.0
healthy_0,411,1789812375.4021802,5859.8,139.4,848.17,5.44,92.91,0.1043,26.92,14.23,24.71,100.0,560.0,21.4,healthy,0.0
healthy_0,412,1789812376.4021802,5850.1,139.44,847.09,5.42,93.07,0.1128,26.86,14.16,24.98,100.0,565.0,21.3,healthy,0.0
healthy_0,413,1789812377.4021802,5836.0,139.51,847.53,5.45,93.21,0.1143,26.78,14.19,25.06,100.0,570.0,21.3,healthy,0.0
healthy_0,414,1789812378.4021802,5802.8,139.98,843.18,5.51,93.23,0.1142,26.9,14.13,25.3,100.0,575.0,21.3,healthy,0.0
healthy_0,415,1789812379.4021802,5808.3,139.96,849.03,5.46,93.36,0.1022,26.84,14.07,25.14,100.0,580.0,21.2,healthy,0.0
healthy_0,416,1789812380.4021802,5838.7,139.75,846.25,5.53,93.32,0.1001,26.81,14.07,25.22,100.0,585.0,21.2,healthy,0.0
healthy_0,417,1789812381.4021802,5848.8,139.45,841.73,5.46,93.68,0.1133,26.77,14.15,25.39,100.0,590.0,21.2,healthy,0.0
healthy_0,418,1789812382.4021802,5854.0,139.46,840.93,5.54,93.86,0.105,26.76,14.19,25.19,100.0,595.0,21.1,healthy,0.0
healthy_0,419,1789812383.4021802,5840.8,139.5,836.18,5.52,93.97,0.1038,26.73,14.24,24.96,100.0,600.0,21.1,healthy,0.0
healthy_0,420,1789812384.4021802,5842.6,139.81,835.74,5.47,94.14,0.1019,26.9,14.27,24.95,100.0,605.0,21.1,healthy,0.0
healthy_0,421,1789812385.4021802,5837.7,139.73,839.71,5.4,94.32,0.0975,27.03,14.22,24.88,100.0,610.0,21.0,healthy,0.0
healthy_0,422,1789812386.4021802,5842.5,139.71,844.41,5.36,94.48,0.099,26.95,14.31,24.91,100.0,615.0,21.0,healthy,0.0
healthy_0,423,1789812387.4021802,5824.8,139.71,844.03,5.4,94.58,0.0972,26.98,14.35,24.87,100.0,620.0,21.0,healthy,0.0
healthy_0,424,1789812388.4021802,5797.8,140.0,849.63,5.42,94.87,0.0976,27.02,14.32,24.82,100.0,625.0,20.9,healthy,0.0
healthy_0,425,1789812389.4021802,5779.1,140.05,846.4,5.47,95.13,0.0905,26.99,14.46,25.1,100.0,630.0,20.9,healthy,0.0
healthy_0,426,1789812390.4021802,5778.2,140.03,841.73,5.46,95.19,0.0977,27.0,14.43,25.35,100.0,635.0,20.9,healthy,0.0
healthy_0,427,1789812391.4021802,5799.0,140.2,838.39,5.51,94.91,0.0898,27.01,14.47,25.02,100.0,640.0,20.8,healthy,0.0
healthy_0,428,1789812392.4021802,5782.4,139.88,834.06,5.48,95.07,0.0982,26.89,14.45,24.7,100.0,645.0,20.8,healthy,0.0
healthy_0,429,1789812393.4021802,5813.4,139.97,835.24,5.45,95.02,0.0903,26.85,14.35,25.16,100.0,650.0,20.8,healthy,0.0
healthy_0,430,1789812394.4021802,5818.6,140.12,836.94,5.45,95.27,0.0886,26.96,14.27,25.14,100.0,655.0,20.7,healthy,0.0
healthy_0,431,1789812395.4021802,5833.9,140.12,840.93,5.39,95.4,0.0942,26.97,14.28,24.73,100.0,660.0,20.7,healthy,0.0
healthy_0,432,1789812396.4021802,5818.6,140.22,842.63,5.34,95.4,0.0956,27.09,14.36,24.57,100.0,665.0,20.7,healthy,0.0
healthy_0,433,1789812397.4021802,5832.5,140.28,843.65,5.32,95.48,0.1022,27.09,14.33,24.83,100.0,670.0,20.6,healthy,0.0
healthy_0,434,1789812398.4021802,5832.3,140.0,841.54,5.33,95.58,0.0988,26.98,14.36,24.96,100.0,675.0,20.6,healthy,0.0
healthy_0,435,1789812399.4021802,5838.8,139.9,836.02,5.36,95.83,0.087,26.97,14.34,25.05,100.0,680.0,20.6,healthy,0.0
healthy_0,436,1789812400.4021802,5828.7,139.69,844.67,5.43,95.89,0.0833,27.05,14.35,25.2,100.0,685.0,20.5,healthy,0.0
healthy_0,437,1789812401.4021802,5854.3,139.83,844.56,5.37,95.89,0.0898,27.12,14.33,25.09,100.0,690.0,20.5,healthy,0.0
healthy_0,438,1789812402.4021802,5827.0,139.99,850.21,5.39,96.06,0.0901,27.13,14.4,24.96,100.0,695.0,20.5,healthy,0.0
healthy_0,439,1789812403.4021802,5824.0,139.83,847.96,5.34,96.07,0.0957,27.12,14.32,24.83,100.0,700.0,20.4,healthy,0.0
healthy_0,440,1789812404.4021802,5851.3,139.8,849.48,5.33,96.21,0.0984,27.11,14.28,24.94,100.0,705.0,20.4,healthy,0.0
healthy_0,441,1789812405.4021802,5832.1,140.12,844.07,5.42,96.35,0.0969,26.92,14.28,25.11,100.0,710.0,20.4,healthy,0.0
healthy_0,442,1789812406.4021802,5834.1,139.98,841.15,5.37,96.47,0.0979,26.87,14.28,24.84,100.0,715.0,20.4,healthy,0.0
healthy_0,443,1789812407.4021802,5844.9,139.85,841.39,5.32,96.62,0.1074,26.78,14.35,24.87,100.0,720.0,20.3,healthy,0.0
healthy_0,444,1789812408.4021802,5844.8,139.61,844.3,5.29,96.65,0.0947,26.63,14.34,24.71,100.0,725.0,20.3,healthy,0.0
healthy_0,445,1789812409.4021802,5855.0,139.75,845.69,5.25,96.82,0.0888,26.73,14.4,24.71,100.0,730.0,20.3,healthy,0.0
healthy_0,446,1789812410.4021802,5871.6,139.73,851.73,5.27,96.73,0.0967,26.82,14.46,25.06,100.0,735.0,20.2,healthy,0.0
healthy_0,447,1789812411.4021802,5863.1,139.86,851.66,5.27,96.87,0.1038,26.91,14.4,25.14,100.0,740.0,20.2,healthy,0.0
healthy_0,448,1789812412.4021802,5839.3,139.58,848.53,5.3,96.93,0.1049,26.9,14.4,24.93,100.0,745.0,20.2,healthy,0.0
healthy_0,449,1789812413.4021802,5843.4,139.62,848.42,5.26,96.94,0.0949,26.89,14.37,24.62,100.0,750.0,20.1,healthy,0.0
healthy_0,450,1789812414.4021802,5797.3,139.28,844.93,5.3,97.11,0.0988,27.13,14.38,24.69,100.0,755.0,20.1,healthy,0.0
healthy_0,451,1789812415.4021802,5796.9,139.33,847.94,5.26,97.07,0.0971,27.15,14.35,25.3,100.0,760.0,20.1,healthy,0.0
healthy_0,452,1789812416.4021802,5797.1,138.99,846.86,5.27,97.27,0.103,27.01,14.27,25.3,100.0,765.0,20.0,healthy,0.0
healthy_0,453,1789812417.4021802,5799.2,139.01,844.12,5.29,97.21,0.1062,26.99,14.3,25.39,100.0,770.0,20.0,healthy,0.0
healthy_0,454,1789812418.4021802,5813.5,139.51,849.02,5.27,97.31,0.0973,27.14,14.2,25.43,100.0,775.0,20.0,healthy,0.0
healthy_0,455,1789812419.4021802,5814.4,139.3,849.63,5.24,97.43,0.1012,27.21,14.22,25.26,100.0,780.0,19.9,healthy,0.0
healthy_0,456,1789812420.4021802,5810.8,139.43,851.28,5.23,97.57,0.0916,27.33,14.27,25.26,100.0,785.0,19.9,healthy,0.0
healthy_0,457,1789812421.4021802,5807.6,139.6,848.48,5.28,97.69,0.0919,27.51,14.33,25.12,100.0,790.0,19.9,healthy,0.0
healthy_0,458,1789812422.4021802,5790.8,139.81,847.77,5.24,97.62,0.0933,27.39,14.32,24.84,100.0,795.0,19.8,healthy,0.0
healthy_0,459,1789812423.4021802,5800.3,139.66,847.97,5.27,97.78,0.097,27.42,14.31,24.91,100.0,800.0,19.8,healthy,0.0
healthy_0,460,1789812424.4021802,5797.1,139.68,845.34,5.25,98.07,0.0899,27.37,14.3,24.97,100.0,805.0,19.8,healthy,0.0
healthy_0,461,1789812425.4021802,5809.4,139.7,844.39,5.25,98.25,0.0869,27.19,14.28,24.89,100.0,810.0,19.7,healthy,0.0
healthy_0,462,1789812426.4021802,5836.1,139.82,841.25,5.26,98.15,0.0929,27.21,14.28,24.86,100.0,815.0,19.7,healthy,0.0
healthy_0,463,1789812427.4021802,5825.6,139.89,840.79,5.3,98.2,0.1019,27.27,14.33,24.87,100.0,820.0,19.7,healthy,0.0
healthy_0,464,1789812428.4021802,5836.7,140.11,840.69,5.33,98.41,0.1019,27.15,14.36,25.17,100.0,825.0,19.6,healthy,0.0
healthy_0,465,1789812429.4021802,5791.9,139.82,845.47,5.37,98.44,0.1,27.21,14.37,25.13,100.0,830.0,19.6,healthy,0.0
healthy_0,466,1789812430.4021802,5795.6,139.36,845.31,5.35,98.52,0.098,27.11,14.31,25.1,100.0,835.0,19.6,healthy,0.0
healthy_0,467,1789812431.4021802,5801.4,139.31,842.23,5.35,98.71,0.097,27.06,14.28,25.03,100.0,840.0,19.5,healthy,0.0
healthy_0,468,1789812432.4021802,5777.8,139.25,839.2,5.35,98.64,0.1132,27.04,14.33,25.19,100.0,845.0,19.5,healthy,0.0
healthy_0,469,1789812433.4021802,5771.5,139.41,840.28,5.3,98.66,0.1125,27.03,14.4,24.72,100.0,850.0,19.5,healthy,0.0
healthy_0,470,1789812434.4021802,5772.9,139.5,835.81,5.37,98.67,0.0985,26.97,14.34,24.57,100.0,855.0,19.4,healthy,0.0
healthy_0,471,1789812435.4021802,5758.3,139.56,835.03,5.35,98.83,0.0954,27.07,14.31,25.02,100.0,860.0,19.4,healthy,0.0
healthy_0,472,1789812436.4021802,5771.2,139.52,839.89,5.38,98.93,0.0999,27.12,14.23,24.81,100.0,865.0,19.4,healthy,0.0
healthy_0,473,1789812437.4021802,5766.4,139.23,833.15,5.27,99.0,0.097,27.22,14.21,24.91,100.0,870.0,19.3,healthy,0.0
healthy_0,474,1789812438.4021802,5761.4,139.25,834.18,5.37,99.09,0.0983,27.16,14.2,25.02,100.0,875.0,19.3,healthy,0.0
healthy_0,475,1789812439.4021802,5791.5,139.22,835.64,5.37,99.13,0.0987,27.05,14.21,24.78,100.0,880.0,19.3,healthy,0.0
healthy_0,476,1789812440.4021802,5793.2,139.28,837.86,5.29,99.17,0.1042,27.21,14.25,24.8,100.0,885.0,19.2,healthy,0.0
healthy_0,477,1789812441.4021802,5781.6,139.31,840.35,5.32,99.26,0.0967,27.09,14.26,24.71,100.0,890.0,19.2,healthy,0.0
healthy_0,478,1789812442.4021802,5784.0,139.14,844.86,5.38,99.44,0.0983,27.12,14.28,24.69,100.0,895.0,19.2,healthy,0.0
healthy_0,479,1789812443.4021802,5804.0,139.18,847.57,5.4,99.47,0.0938,27.06,14.4,25.14,100.0,900.0,19.1,healthy,0.0
healthy_0,480,1789812444.4021802,5819.7,139.03,848.24,5.33,99.37,0.0905,27.13,14.29,24.92,100.0,905.0,19.1,healthy,0.0
healthy_0,481,1789812445.4021802,5814.0,138.86,849.41,5.3,99.45,0.0947,27.0,14.27,25.33,100.0,910.0,19.1,healthy,0.0
healthy_0,482,1789812446.4021802,5807.9,138.36,845.19,5.35,99.59,0.0942,27.12,14.34,25.17,100.0,915.0,19.1,healthy,0.0
healthy_0,483,1789812447.4021802,5802.5,138.4,840.88,5.29,99.78,0.093,27.03,14.36,25.25,100.0,920.0,19.0,healthy,0.0
healthy_0,484,1789812448.4021802,5846.9,138.22,837.8,5.29,99.9,0.0935,27.06,14.29,25.21,100.0,925.0,19.0,healthy,0.0
healthy_0,485,1789812449.4021802,5807.0,138.17,835.03,5.27,99.98,0.0934,26.85,14.21,25.17,100.0,930.0,19.0,healthy,0.0
healthy_0,486,1789812450.4021802,5829.0,138.28,844.13,5.28,100.01,0.0983,27.0,14.23,25.07,100.0,935.0,18.9,healthy,0.0
healthy_0,487,1789812451.4021802,5820.6,138.3,839.22,5.27,100.15,0.0987,27.01,14.15,25.06,100.0,940.0,18.9,healthy,0.0
healthy_0,488,1789812452.4021802,5800.1,138.33,844.32,5.21,100.03,0.1015,26.94,14.06,25.15,100.0,945.0,18.9,healthy,0.0
healthy_0,489,1789812453.4021802,5804.7,138.09,839.2,5.24,100.01,0.1007,26.98,14.17,25.0,100.0,950.0,18.8,healthy,0.0
healthy_0,490,1789812454.4021802,5803.9,138.36,836.69,5.27,100.06,0.1016,27.0,14.2,25.0,100.0,955.0,18.8,healthy,0.0
healthy_0,491,1789812455.4021802,5802.3,138.49,839.73,5.25,100.35,0.0987,26.81,14.13,24.83,100.0,960.0,18.8,healthy,0.0
healthy_0,492,1789812456.4021802,5804.8,138.34,845.54,5.21,100.44,0.0986,26.94,14.12,25.05,100.0,965.0,18.7,healthy,0.0
healthy_0,493,1789812457.4021802,5798.2,138.8,841.59,5.29,100.33,0.0988,27.09,14.13,25.08,100.0,970.0,18.7,healthy,0.0
healthy_0,494,1789812458.4021802,5811.2,138.76,838.46,5.27,100.42,0.1002,27.07,14.06,25.07,100.0,975.0,18.7,healthy,0.0
healthy_0,495,1789812459.4021802,5801.4,138.7,844.53,5.31,100.38,0.0945,26.94,14.09,25.0,100.0,980.0,18.6,healthy,0.0
healthy_0,496,1789812460.4021802,5804.2,138.58,841.33,5.39,100.38,0.1055,27.0,14.1,24.78,100.0,985.0,18.6,healthy,0.0
healthy_0,497,1789812461.4021802,5796.3,138.75,839.49,5.41,100.46,0.0916,27.11,14.06,25.0,100.0,990.0,18.6,healthy,0.0
healthy_0,498,1789812462.4021802,5799.5,138.81,838.61,5.36,100.51,0.0934,27.06,14.07,24.9,100.0,995.0,18.5,healthy,0.0
healthy_0,499,1789812463.4021802,5786.6,138.88,842.23,5.37,100.53,0.0979,27.07,14.11,25.02,100.0,1000.0,18.5,healthy,0.0
healthy_0,500,1789812464.4021802,5807.7,138.99,836.41,5.38,100.57,0.1077,27.07,14.01,24.88,100.0,1005.0,18.5,healthy,0.0
healthy_0,501,1789812465.4021802,5804.6,138.8,830.71,5.28,100.62,0.1098,27.07,13.94,25.34,100.0,1010.0,18.4,healthy,0.0
healthy_0,502,1789812466.4021802,5804.8,139.01,831.83,5.24,100.79,0.1096,26.89,13.96,25.22,100.0,1015.0,18.4,healthy,0.0
healthy_0,503,1789812467.4021802,5813.1,138.75,826.42,5.23,100.7,0.1087,26.95,14.03,24.8,100.0,1020.0,18.4,healthy,0.0
healthy_0,504,1789812468.4021802,5806.9,138.28,832.45,5.22,100.74,0.1048,26.79,14.02,24.92,100.0,1025.0,18.3,healthy,0.0
healthy_0,505,1789812469.4021802,5792.3,138.46,833.73,5.24,100.73,0.0943,26.76,13.96,24.84,100.0,1030.0,18.3,healthy,0.0
healthy_0,506,1789812470.4021802,5789.3,138.04,832.35,5.2,100.88,0.1006,26.83,13.94,24.95,100.0,1035.0,18.3,healthy,0.0
healthy_0,507,1789812471.4021802,5783.6,138.14,832.91,5.19,101.06,0.1034,26.95,13.95,25.01,100.0,1040.0,18.2,healthy,0.0
healthy_0,508,1789812472.4021802,5806.5,138.55,834.28,5.18,101.04,0.0994,26.84,14.03,25.36,100.0,1045.0,18.2,healthy,0.0
healthy_0,509,1789812473.4021802,5799.7,138.53,834.98,5.25,101.04,0.1004,26.88,13.98,25.29,100.0,1050.0,18.2,healthy,0.0
healthy_0,510,1789812474.4021802,5808.3,138.45,833.88,5.27,101.08,0.0986,26.95,14.05,25.07,100.0,1055.0,18.1,healthy,0.0
healthy_0,511,1789812475.4021802,5798.1,138.61,838.23,5.28,101.31,0.1045,27.01,14.05,25.01,100.0,1060.0,18.1,healthy,0.0
healthy_0,512,1789812476.4021802,5794.4,138.78,838.7,5.3,101.3,0.1019,26.93,14.11,25.03,100.0,1065.0,18.1,healthy,0.0
healthy_0,513,1789812477.4021802,5785.8,138.77,835.6,5.31,101.29,0.095,26.95,14.1,24.91,100.0,1070.0,18.0,healthy,0.0
healthy_0,514,1789812478.4021802,5800.9,138.78,837.06,5.18,101.24,0.1086,26.71,14.14,24.82,100.0,1075.0,18.0,healthy,0.0
healthy_0,515,1789812479.4021802,5781.6,138.89,838.69,5.17,101.18,0.1083,26.95,14.17,24.94,100.0,1080.0,18.0,healthy,0.0
healthy_0,516,1789812480.4021802,5805.8,138.86,831.37,5.15,101.08,0.09,26.91,14.24,24.67,100.0,1085.0,17.9,healthy,0.0
healthy_0,517,1789812481.4021802,5806.8,138.79,833.78,5.23,101.13,0.0866,26.94,14.22,25.11,100.0,1090.0,17.9,healthy,0.0
healthy_0,518,1789812482.4021802,5783.0,138.51,836.9,5.22,100.99,0.0966,26.99,14.18,25.11,100.0,1095.0,17.9,healthy,0.0
healthy_0,519,1789812483.4021802,5805.3,138.29,835.86,5.24,101.14,0.1003,26.92,14.12,25.15,100.0,1100.0,17.9,healthy,0.0
healthy_0,520,1789812484.4021802,5824.0,138.16,836.41,5.21,101.31,0.0968,26.89,14.21,25.04,100.0,1105.0,17.8,healthy,0.0
healthy_0,521,1789812485.4021802,5821.7,138.37,835.48,5.25,101.27,0.0964,27.01,14.22,24.96,100.0,1110.0,17.8,healthy,0.0
healthy_0,522,1789812486.4021802,5820.9,138.14,833.11,5.22,101.3,0.0957,26.92,14.21,24.98,100.0,1115.0,17.8,healthy,0.0
healthy_0,523,1789812487.4021802,5801.2,138.0,835.01,5.28,101.32,0.0976,26.83,14.15,25.02,100.0,1120.0,17.7,healthy,0.0
healthy_0,524,1789812488.4021802,5807.7,137.88,837.57,5.3,101.3,0.1058,26.77,14.17,24.95,100.0,1125.0,17.7,healthy,0.0
healthy_0,525,1789812489.4021802,5803.0,138.05,834.09,5.29,101.48,0.1055,26.68,14.2,25.2,100.0,1130.0,17.7,healthy,0.0
healthy_0,526,1789812490.4021802,5810.3,138.25,829.88,5.22,101.65,0.1066,26.66,14.15,25.28,100.0,1135.0,17.6,healthy,0.0
healthy_0,527,1789812491.4021802,5818.1,138.01,830.17,5.22,101.86,0.1124,26.81,14.18,25.03,100.0,1140.0,17.6,healthy,0.0
healthy_0,528,1789812492.4021802,5820.2,138.23,834.37,5.23,101.88,0.1014,26.82,14.19,25.37,100.0,1145.0,17.6,healthy,0.0
healthy_0,529,1789812493.4021802,5808.0,138.28,840.36,5.21,101.92,0.0905,26.86,14.14,24.94,100.0,1150.0,17.5,healthy,0.0
healthy_0,530,1789812494.4021802,5791.1,138.25,839.84,5.21,101.85,0.0945,26.87,14.11,25.05,100.0,1155.0,17.5,healthy,0.0
healthy_0,531,1789812495.4021802,5781.9,138.07,839.1,5.34,101.83,0.0976,26.87,14.15,24.81,100.0,1160.0,17.5,healthy,0.0
healthy_0,532,1789812496.4021802,5757.5,137.87,835.97,5.32,101.83,0.0934,26.94,14.19,24.99,100.0,1165.0,17.4,healthy,0.0
healthy_0,533,1789812497.4021802,5762.4,137.79,837.67,5.41,101.87,0.0955,26.88,14.14,25.14,100.0,1170.0,17.4,healthy,0.0
healthy_0,534,1789812498.4021802,5755.1,137.37,838.65,5.34,101.92,0.0907,26.9,14.19,25.18,100.0,1175.0,17.4,healthy,0.0
healthy_0,535,1789812499.4021802,5756.9,137.32,838.05,5.32,102.0,0.0913,26.96,14.19,25.32,100.0,1180.0,17.3,healthy,0.0
healthy_0,536,1789812500.4021802,5776.5,137.4,837.77,5.22,102.04,0.1017,27.03,14.29,25.13,100.0,1185.0,17.3,healthy,0.0
healthy_0,537,1789812501.4021802,5776.7,137.5,843.85,5.24,102.17,0.0977,26.85,14.34,25.07,100.0,1190.0,17.3,healthy,0.0
healthy_0,538,1789812502.4021802,5770.7,137.73,834.61,5.27,102.18,0.1034,26.84,14.35,25.02,100.0,1195.0,17.2,healthy,0.0
healthy_0,539,1789812503.4021802,5787.9,137.62,831.12,5.21,102.11,0.1102,27.01,14.38,24.74,100.0,1200.0,17.2,healthy,0.0
healthy_0,540,1789812504.4021802,5786.4,137.38,835.48,5.24,102.22,0.1081,26.97,14.33,25.01,100.0,1205.0,17.2,healthy,0.0
healthy_0,541,1789812505.4021802,5793.1,137.44,840.27,5.26,102.27,0.1067,27.08,14.38,24.94,100.0,1210.0,17.1,healthy,0.0
healthy_0,542,1789812506.4021802,5773.6,137.37,839.87,5.33,102.46,0.1138,26.93,14.32,24.87,100.0,1215.0,17.1,healthy,0.0
healthy_0,543,1789812507.4021802,5760.7,137.84,841.13,5.29,102.57,0.1032,26.91,14.37,25.06,100.0,1220.0,17.1,healthy,0.0
healthy_0,544,1789812508.4021802,5790.0,137.46,838.91,5.26,102.56,0.1026,26.92,14.3,25.36,100.0,1225.0,17.0,healthy,0.0
healthy_0,545,1789812509.4021802,5815.8,137.39,841.3,5.32,102.63,0.0981,26.99,14.27,24.9,100.0,1230.0,17.0,healthy,0.0
healthy_0,546,1789812510.4021802,5804.7,137.18,838.3,5.37,102.79,0.0963,27.12,14.24,24.71,100.0,1235.0,17.0,healthy,0.0
healthy_0,547,1789812511.4021802,5805.7,136.87,838.27,5.28,102.85,0.0998,26.81,14.21,24.85,100.0,1240.0,16.9,healthy,0.0
healthy_0,548,1789812512.4021802,5821.9,136.86,839.81,5.31,102.87,0.0984,26.7,14.2,25.0,100.0,1245.0,16.9,healthy,0.0
healthy_0,549,1789812513.4021802,5824.5,136.86,837.47,5.26,102.85,0.0966,26.82,14.09,24.68,100.0,1250.0,16.9,healthy,0.0
healthy_0,550,1789812514.4021802,5811.7,136.74,836.1,5.25,102.75,0.1011,27.06,14.08,24.77,100.0,1255.0,16.8,healthy,0.0
healthy_0,551,1789812515.4021802,5832.5,136.92,830.21,5.23,102.64,0.1071,26.93,14.11,24.75,100.0,1260.0,16.8,healthy,0.0
healthy_0,552,1789812516.4021802,5819.3,137.02,834.2,5.2,102.72,0.1014,27.0,14.18,24.51,100.0,1265.0,16.8,healthy,0.0
healthy_0,553,1789812517.4021802,5805.4,136.65,836.59,5.26,102.8,0.1055,27.03,14.09,24.98,100.0,1270.0,16.7,healthy,0.0
healthy_0,554,1789812518.4021802,5807.2,136.34,832.35,5.24,102.89,0.1017,26.9,14.1,24.81,100.0,1275.0,16.7,healthy,0.0
healthy_0,555,1789812519.4021802,5786.9,136.27,830.9,5.24,103.08,0.1092,27.03,14.1,25.16,100.0,1280.0,16.7,healthy,0.0
healthy_0,556,1789812520.4021802,5785.5,136.37,833.42,5.26,103.06,0.1099,27.04,14.07,25.03,100.0,1285.0,16.6,healthy,0.0
healthy_0,557,1789812521.4021802,5765.4,136.39,839.44,5.27,103.08,0.1087,27.0,14.08,25.22,100.0,1290.0,16.6,healthy,0.0
healthy_0,558,1789812522.4021802,5776.4,136.31,842.58,5.3,103.01,0.1081,26.94,14.07,25.38,100.0,1295.0,16.6,healthy,0.0
healthy_0,559,1789812523.4021802,5784.5,136.53,841.67,5.31,103.11,0.1075,26.94,14.04,25.21,100.0,1300.0,16.5,healthy,0.0
healthy_0,560,1789812524.4021802,5769.7,136.53,841.47,5.38,103.32,0.1064,26.98,14.11,25.09,100.0,1305.0,16.5,healthy,0.0
healthy_0,561,1789812525.4021802,5784.3,136.61,839.83,5.37,103.24,0.1033,27.05,14.19,25.1,100.0,1310.0,16.5,healthy,0.0
healthy_0,562,1789812526.4021802,5785.7,136.58,835.9,5.3,103.28,0.0979,27.03,14.21,24.98,100.0,1315.0,16.5,healthy,0.0
healthy_0,563,1789812527.4021802,5779.1,136.35,839.01,5.26,103.46,0.1018,27.06,14.18,25.12,100.0,1320.0,16.4,healthy,0.0
healthy_0,564,1789812528.4021802,5813.1,135.98,833.02,5.24,103.53,0.1041,26.97,14.26,25.04,100.0,1325.0,16.4,healthy,0.0
healthy_0,565,1789812529.4021802,5818.9,136.36,829.97,5.27,103.55,0.1084,26.88,14.28,25.0,100.0,1330.0,16.4,healthy,0.0
healthy_0,566,1789812530.4021802,5843.6,136.35,825.51,5.31,103.63,0.1039,26.95,14.38,25.07,100.0,1335.0,16.3,healthy,0.0
healthy_0,567,1789812531.4021802,5826.4,136.46,821.86,5.3,103.9,0.101,26.98,14.44,24.85,100.0,1340.0,16.3,healthy,0.0
healthy_0,568,1789812532.4021802,5839.3,136.32,822.9,5.21,103.97,0.0963,26.81,14.35,25.26,100.0,1345.0,16.3,healthy,0.0
healthy_0,569,1789812533.4021802,5836.5,136.03,825.44,5.18,104.02,0.1046,26.84,14.24,25.21,100.0,1350.0,16.2,healthy,0.0
healthy_0,570,1789812534.4021802,5847.4,136.11,824.66,5.16,104.08,0.0952,26.96,14.21,25.51,100.0,1355.0,16.2,healthy,0.0
healthy_0,571,1789812535.4021802,5810.0,136.17,823.52,5.17,104.15,0.0976,27.0,14.14,24.89,100.0,1360.0,16.2,healthy,0.0
healthy_0,572,1789812536.4021802,5827.2,135.74,820.96,5.17,104.17,0.0968,27.04,14.09,24.86,100.0,1365.0,16.1,healthy,0.0
healthy_0,573,1789812537.4021802,5824.5,135.79,822.52,5.16,104.3,0.0973,27.03,14.08,24.91,100.0,1370.0,16.1,healthy,0.0
healthy_0,574,1789812538.4021802,5829.0,135.98,819.76,5.14,104.36,0.0947,27.04,14.17,25.21,100.0,1375.0,16.1,healthy,0.0
healthy_0,575,1789812539.4021802,5807.5,136.02,821.91,5.11,104.33,0.1008,27.05,14.16,25.11,100.0,1380.0,16.0,healthy,0.0
healthy_0,576,1789812540.4021802,5826.1,136.11,820.97,5.12,104.28,0.0839,27.0,14.08,24.69,100.0,1385.0,16.0,healthy,0.0
healthy_0,577,1789812541.4021802,5823.9,136.16,820.38,5.16,104.24,0.0877,27.01,14.09,24.73,100.0,1390.0,16.0,healthy,0.0
healthy_0,578,1789812542.4021802,5811.2,136.05,825.64,5.2,104.24,0.0853,26.99,14.11,24.5,100.0,1395.0,15.9,healthy,0.0
healthy_0,579,1789812543.4021802,5816.5,135.98,823.71,5.22,104.38,0.0998,27.03,14.05,24.64,100.0,1400.0,15.9,healthy,0.0
healthy_0,580,1789812544.4021802,5839.6,136.36,823.39,5.33,104.42,0.1009,26.78,14.1,24.72,100.0,1405.0,15.9,healthy,0.0
healthy_0,581,1789812545.4021802,5842.6,136.39,828.11,5.32,104.28,0.1016,26.84,14.18,24.63,100.0,1410.0,15.8,healthy,0.0
healthy_0,582,1789812546.4021802,5821.0,136.5,828.65,5.33,104.34,0.1077,26.83,14.21,24.99,100.0,1415.0,15.8,healthy,0.0
healthy_0,583,1789812547.4021802,5840.8,136.27,827.29,5.42,104.33,0.1025,26.89,14.25,25.1,100.0,1420.0,15.8,healthy,0.0
healthy_0,584,1789812548.4021802,5829.2,136.32,831.6,5.35,104.34,0.0956,26.84,14.23,25.01,100.0,1425.0,15.7,healthy,0.0
healthy_0,585,1789812549.4021802,5805.8,136.29,833.62,5.21,104.24,0.1053,27.01,14.22,24.91,100.0,1430.0,15.7,healthy,0.0
healthy_0,586,1789812550.4021802,5769.8,136.21,832.92,5.14,104.18,0.1022,26.99,14.19,25.23,100.0,1435.0,15.7,healthy,0.0
healthy_0,587,1789812551.4021802,5752.6,135.89,833.93,5.17,104.42,0.0961,26.8,14.17,25.13,100.0,1440.0,15.6,healthy,0.0
healthy_0,588,1789812552.4021802,5754.7,135.75,837.18,5.25,104.32,0.0911,26.83,14.18,25.12,100.0,1445.0,15.6,healthy,0.0
healthy_0,589,1789812553.4021802,5781.0,135.58,833.73,5.26,104.33,0.0991,26.93,14.21,25.01,100.0,1450.0,15.6,healthy,0.0
healthy_0,590,1789812554.4021802,5811.7,135.49,829.36,5.27,104.28,0.1027,27.0,14.24,24.97,100.0,1455.0,15.5,healthy,0.0
healthy_0,591,1789812555.4021802,5810.1,135.67,830.64,5.21,104.26,0.1139,26.95,14.13,24.88,100.0,1460.0,15.5,healthy,0.0
healthy_0,592,1789812556.4021802,5795.4,135.82,829.3,5.17,104.34,0.113,27.04,14.12,24.73,100.0,1465.0,15.5,healthy,0.0
healthy_0,593,1789812557.4021802,5788.7,135.47,829.91,5.18,104.53,0.1137,27.12,14.1,24.96,100.0,1470.0,15.4,healthy,0.0
healthy_0,594,1789812558.4021802,5770.7,135.28,832.28,5.26,104.6,0.107,27.12,14.04,24.87,100.0,1475.0,15.4,healthy,0.0
healthy_0,595,1789812559.4021802,5779.1,135.48,829.18,5.3,104.47,0.0961,27.15,14.09,25.24,100.0,1480.0,15.4,healthy,0.0
healthy_0,596,1789812560.4021802,5813.1,135.68,830.87,5.25,104.41,0.0968,27.11,14.09,25.1,100.0,1485.0,15.3,healthy,0.0
healthy_0,597,1789812561.4021802,5808.0,135.73,833.54,5.13,104.5,0.0932,27.21,14.16,24.99,100.0,1490.0,15.3,healthy,0.0
healthy_0,598,1789812562.4021802,5825.7,136.03,831.7,5.18,104.62,0.0946,27.3,14.19,24.6,100.0,1495.0,15.3,healthy,0.0
healthy_0,599,1789812563.4021802,5804.1,136.19,828.23,5.18,104.71,0.1012,27.24,14.28,24.53,100.0,1500.0,15.2,healthy,0.0
healthy_0,600,1789812564.4021802,5257.5,135.94,816.08,4.66,104.91,0.0886,23.79,14.26,23.35,75.0,1500.0,15.2,healthy,0.0
healthy_0,601,1789812565.4021802,4980.4,135.73,798.49,4.5,104.83,0.0795,21.9,14.22,22.21,75.0,1500.0,15.2,healthy,0.0
healthy_0,602,1789812566.4021802,4828.1,135.09,785.63,4.47,104.82,0.0794,21.15,14.15,21.87,75.0,1500.0,15.2,healthy,0.0
healthy_0,603,1789812567.4021802,4736.5,134.25,774.48,4.41,104.67,0.0793,20.71,14.1,21.33,75.0,1500.0,15.2,healthy,0.0
healthy_0,604,1789812568.4021802,4730.2,134.02,762.85,4.48,104.65,0.0758,20.61,14.17,21.4,75.0,1500.0,15.2,healthy,0.0
healthy_0,605,1789812569.4021802,4705.6,133.47,754.05,4.42,104.82,0.0756,20.34,14.21,21.44,75.0,1500.0,15.2,healthy,0.0
healthy_0,606,1789812570.4021802,4705.5,133.22,749.89,4.37,104.67,0.0777,20.22,14.17,21.31,75.0,1500.0,15.2,healthy,0.0
healthy_0,607,1789812571.4021802,4705.7,132.68,745.62,4.29,104.74,0.0744,19.97,14.12,21.3,75.0,1500.0,15.2,healthy,0.0
healthy_0,608,1789812572.4021802,4735.1,132.56,744.42,4.28,104.82,0.0728,19.89,14.19,21.41,75.0,1500.0,15.2,healthy,0.0
healthy_0,609,1789812573.4021802,4727.5,132.24,742.72,4.28,104.88,0.0744,19.9,14.17,20.87,75.0,1500.0,15.2,healthy,0.0
healthy_0,610,1789812574.4021802,4723.6,131.92,740.74,4.27,104.87,0.078,19.96,14.17,21.12,75.0,1500.0,15.2,healthy,0.0
healthy_0,611,1789812575.4021802,4721.1,131.8,735.51,4.28,104.98,0.0742,20.02,14.13,21.14,75.0,1500.0,15.2,healthy,0.0
healthy_0,612,1789812576.4021802,4743.7,131.49,737.78,4.26,105.03,0.0777,19.92,14.22,20.86,75.0,1500.0,15.2,healthy,0.0
healthy_0,613,1789812577.4021802,4728.4,130.9,739.67,4.28,105.05,0.0719,19.94,14.19,21.05,75.0,1500.0,15.2,healthy,0.0
healthy_0,614,1789812578.4021802,4709.5,130.95,739.03,4.23,104.96,0.0675,19.99,14.07,21.2,75.0,1500.0,15.2,healthy,0.0
healthy_0,615,1789812579.4021802,4712.0,130.55,741.68,4.31,105.16,0.0714,20.17,14.03,21.33,75.0,1500.0,15.2,healthy,0.0
healthy_0,616,1789812580.4021802,4682.0,130.48,743.9,4.4,105.19,0.0778,20.18,14.02,21.5,75.0,1500.0,15.2,healthy,0.0
healthy_0,617,1789812581.4021802,4679.8,129.88,745.04,4.39,105.09,0.0797,20.26,13.99,21.33,75.0,1500.0,15.2,healthy,0.0
healthy_0,618,1789812582.4021802,4700.8,129.73,745.58,4.35,105.18,0.0769,20.39,13.99,21.45,75.0,1500.0,15.2,healthy,0.0
healthy_0,619,1789812583.4021802,4675.3,129.45,747.03,4.27,105.02,0.0751,20.55,13.98,21.47,75.0,1500.0,15.2,healthy,0.0
healthy_0,620,1789812584.4021802,4672.7,129.19,745.53,4.39,104.82,0.0643,20.47,13.98,21.27,75.0,1500.0,15.2,healthy,0.0
healthy_0,621,1789812585.4021802,4699.7,128.92,750.8,4.3,104.73,0.0642,20.38,14.03,21.57,75.0,1500.0,15.2,healthy,0.0
healthy_0,622,1789812586.4021802,4707.3,128.9,746.89,4.31,104.63,0.0817,20.37,14.02,21.37,75.0,1500.0,15.2,healthy,0.0
healthy_0,623,1789812587.4021802,4689.0,128.93,746.0,4.33,104.44,0.0757,20.33,14.05,21.17,75.0,1500.0,15.2,healthy,0.0
healthy_0,624,1789812588.4021802,4670.1,129.0,747.72,4.27,104.4,0.0755,20.24,14.02,21.5,75.0,1500.0,15.2,healthy,0.0
healthy_0,625,1789812589.4021802,4670.5,129.01,744.52,4.39,104.38,0.0783,20.21,14.04,21.21,75.0,1500.0,15.2,healthy,0.0
healthy_0,626,1789812590.4021802,4653.9,128.93,744.01,4.45,104.45,0.0766,20.2,14.07,21.38,75.0,1500.0,15.2,healthy,0.0
healthy_0,627,1789812591.4021802,4649.0,128.75,742.81,4.36,104.28,0.0767,20.17,14.03,21.08,75.0,1500.0,15.2,healthy,0.0
healthy_0,628,1789812592.4021802,4658.8,128.38,740.07,4.31,104.27,0.0757,20.06,14.03,21.18,75.0,1500.0,15.2,healthy,0.0
healthy_0,629,1789812593.4021802,4681.8,128.27,742.93,4.39,104.36,0.0688,19.98,14.03,21.15,75.0,1500.0,15.2,healthy,0.0
healthy_0,630,1789812594.4021802,4692.1,128.03,744.59,4.3,104.34,0.0679,19.99,13.97,21.33,75.0,1500.0,15.2,healthy,0.0
healthy_0,631,1789812595.4021802,4680.7,127.91,743.82,4.41,104.41,0.0694,19.97,13.98,21.13,75.0,1500.0,15.2,healthy,0.0
healthy_0,632,1789812596.4021802,4665.0,127.81,738.63,4.3,104.55,0.0732,20.15,14.06,20.9,75.0,1500.0,15.2,healthy,0.0
healthy_0,633,1789812597.4021802,4659.0,127.92,737.55,4.27,104.54,0.0667,20.11,14.1,21.08,75.0,1500.0,15.2,healthy,0.0
healthy_0,634,1789812598.4021802,4659.0,127.83,743.49,4.31,104.59,0.0726,20.11,14.11,21.28,75.0,1500.0,15.2,healthy,0.0
healthy_0,635,1789812599.4021802,4668.9,127.82,740.99,4.33,104.58,0.0687,20.19,14.1,21.56,75.0,1500.0,15.2,healthy,0.0
healthy_0,636,1789812600.4021802,4695.9,127.63,743.88,4.28,104.65,0.071,20.33,14.08,21.29,75.0,1500.0,15.2,healthy,0.0
healthy_0,637,1789812601.4021802,4667.4,127.66,745.34,4.22,104.52,0.0658,20.27,14.17,21.38,75.0,1500.0,15.2,healthy,0.0
healthy_0,638,1789812602.4021802,4658.4,127.43,745.74,4.27,104.57,0.0688,20.11,14.17,21.25,75.0,1500.0,15.2,healthy,0.0
healthy_0,639,1789812603.4021802,4682.1,127.24,741.95,4.38,104.43,0.074,20.38,14.13,20.69,75.0,1500.0,15.2,healthy,0.0
healthy_0,640,1789812604.4021802,4678.4,126.94,742.16,4.44,104.47,0.07,20.41,14.08,21.3,75.0,1500.0,15.2,healthy,0.0
healthy_0,641,1789812605.4021802,4690.0,126.8,743.31,4.43,104.4,0.075,20.34,14.13,21.14,75.0,1500.0,15.2,healthy,0.0
healthy_0,642,1789812606.4021802,4710.3,126.45,745.63,4.37,104.19,0.068,20.41,14.16,21.09,75.0,1500.0,15.2,healthy,0.0
healthy_0,643,1789812607.4021802,4712.4,126.49,741.77,4.31,104.29,0.0652,20.5,14.07,21.38,75.0,1500.0,15.2,healthy,0.0
healthy_0,644,1789812608.4021802,4702.6,126.52,745.94,4.33,104.29,0.0749,20.34,14.1,21.35,75.0,1500.0,15.2,healthy,0.0
healthy_0,645,1789812609.4021802,4725.2,126.21,740.1,4.33,104.15,0.0751,20.26,14.12,21.33,75.0,1500.0,15.2,healthy,0.0
healthy_0,646,1789812610.4021802,4712.5,126.14,741.28,4.36,104.25,0.0673,20.29,14.11,21.45,75.0,1500.0,15.2,healthy,0.0
healthy_0,647,1789812611.4021802,4716.9,126.15,739.4,4.35,104.13,0.0668,20.39,14.09,21.47,75.0,1500.0,15.2,healthy,0.0
healthy_0,648,1789812612.4021802,4687.7,126.43,736.09,4.3,104.18,0.0678,20.39,14.05,21.51,75.0,1500.0,15.2,healthy,0.0
healthy_0,649,1789812613.4021802,4698.0,126.13,734.73,4.36,104.23,0.0626,20.35,14.06,20.83,75.0,1500.0,15.2,healthy,0.0
healthy_0,650,1789812614.4021802,4682.5,126.25,736.28,4.38,104.16,0.0663,20.39,14.1,21.02,75.0,1500.0,15.2,healthy,0.0
healthy_0,651,1789812615.4021802,4667.2,126.72,737.06,4.33,104.25,0.0743,20.33,14.15,21.22,75.0,1500.0,15.2,healthy,0.0
healthy_0,652,1789812616.4021802,4685.5,126.82,743.02,4.3,104.4,0.0754,20.18,14.16,21.37,75.0,1500.0,15.2,healthy,0.0
healthy_0,653,1789812617.4021802,4688.0,126.61,745.28,4.28,104.41,0.0778,20.26,14.11,21.22,75.0,1500.0,15.2,healthy,0.0
healthy_0,654,1789812618.4021802,4714.5,126.66,745.39,4.3,104.63,0.0821,20.35,14.08,21.6,75.0,1500.0,15.2,healthy,0.0
healthy_0,655,1789812619.4021802,4702.5,126.66,739.44,4.25,104.64,0.0771,20.5,14.08,21.56,75.0,1500.0,15.2,healthy,0.0
healthy_0,656,1789812620.4021802,4709.9,126.75,733.93,4.25,104.8,0.0725,20.54,14.02,21.07,75.0,1500.0,15.2,healthy,0.0
healthy_0,657,1789812621.4021802,4693.3,126.83,735.67,4.31,104.83,0.0798,20.49,14.05,20.94,75.0,1500.0,15.2,healthy,0.0
healthy_0,658,1789812622.4021802,4686.0,126.8,739.3,4.36,104.81,0.0803,20.38,14.08,21.04,75.0,1500.0,15.2,healthy,0.0
healthy_0,659,1789812623.4021802,4687.2,126.81,738.15,4.39,104.7,0.0813,20.37,14.05,21.19,75.0,1500.0,15.2,healthy,0.0
healthy_0,660,1789812624.4021802,4704.1,127.06,732.57,4.37,104.45,0.0801,20.39,14.03,21.23,75.0,1500.0,15.2,healthy,0.0
healthy_0,661,1789812625.4021802,4687.3,126.85,733.24,4.45,104.42,0.0779,20.4,14.01,21.3,75.0,1500.0,15.2,healthy,0.0
healthy_0,662,1789812626.4021802,4708.9,126.8,735.0,4.43,104.43,0.0773,20.53,14.01,21.01,75.0,1500.0,15.2,healthy,0.0
healthy_0,663,1789812627.4021802,4705.9,126.74,735.71,4.46,104.42,0.0704,20.68,13.95,21.06,75.0,1500.0,15.2,healthy,0.0
healthy_0,664,1789812628.4021802,4714.2,126.74,734.26,4.4,104.54,0.0761,20.66,13.94,20.91,75.0,1500.0,15.2,healthy,0.0
healthy_0,665,1789812629.4021802,4719.8,126.6,735.57,4.34,104.5,0.0746,20.53,14.0,20.99,75.0,1500.0,15.2,healthy,0.0
healthy_0,666,1789812630.4021802,4705.1,126.49,733.57,4.31,104.59,0.0698,20.56,14.17,20.94,75.0,1500.0,15.2,healthy,0.0
healthy_0,667,1789812631.4021802,4695.6,126.53,741.95,4.28,104.48,0.0749,20.43,14.17,20.77,75.0,1500.0,15.2,healthy,0.0
healthy_0,668,1789812632.4021802,4686.9,126.3,735.58,4.28,104.67,0.0723,20.31,14.16,21.04,75.0,1500.0,15.2,healthy,0.0
healthy_0,669,1789812633.4021802,4662.9,126.16,737.43,4.24,104.65,0.0748,20.26,14.1,21.21,75.0,1500.0,15.2,healthy,0.0
healthy_0,670,1789812634.4021802,4690.9,126.14,739.67,4.28,104.6,0.0656,20.45,14.06,21.32,75.0,1500.0,15.2,healthy,0.0
healthy_0,671,1789812635.4021802,4658.6,126.28,745.09,4.34,104.47,0.0608,20.54,14.1,20.48,75.0,1500.0,15.2,healthy,0.0
healthy_0,672,1789812636.4021802,4671.3,126.23,744.13,4.37,104.44,0.0701,20.62,14.01,21.08,75.0,1500.0,15.2,healthy,0.0
healthy_0,673,1789812637.4021802,4678.8,126.08,742.9,4.27,104.38,0.0731,20.64,14.04,21.43,75.0,1500.0,15.2,healthy,0.0
healthy_0,674,1789812638.4021802,4689.9,126.3,743.94,4.36,104.38,0.0799,20.54,14.04,21.66,75.0,1500.0,15.2,healthy,0.0
healthy_0,675,1789812639.4021802,4702.5,125.94,741.72,4.34,104.36,0.0796,20.38,14.1,21.31,75.0,1500.0,15.2,healthy,0.0
healthy_0,676,1789812640.4021802,4698.4,125.75,741.36,4.42,104.42,0.0762,20.36,14.12,21.03,75.0,1500.0,15.2,healthy,0.0
healthy_0,677,1789812641.4021802,4702.6,126.06,738.53,4.37,104.4,0.0728,20.17,14.07,21.03,75.0,1500.0,15.2,healthy,0.0
healthy_0,678,1789812642.4021802,4695.3,125.97,737.98,4.39,104.36,0.0659,20.18,14.08,21.12,75.0,1500.0,15.2,healthy,0.0
healthy_0,679,1789812643.4021802,4683.5,126.15,741.83,4.42,104.25,0.0664,20.15,14.06,21.32,75.0,1500.0,15.2,healthy,0.0
healthy_0,680,1789812644.4021802,4673.8,126.22,739.63,4.41,104.32,0.0717,20.23,14.2,21.49,75.0,1500.0,15.2,healthy,0.0
healthy_0,681,1789812645.4021802,4631.0,126.3,739.32,4.36,104.23,0.0712,20.13,14.12,21.38,75.0,1500.0,15.2,healthy,0.0
healthy_0,682,1789812646.4021802,4640.9,126.09,736.42,4.42,104.15,0.0738,20.19,14.08,21.44,75.0,1500.0,15.2,healthy,0.0
healthy_0,683,1789812647.4021802,4622.0,126.4,736.5,4.39,104.28,0.0683,20.27,14.12,21.35,75.0,1500.0,15.2,healthy,0.0
healthy_0,684,1789812648.4021802,4613.9,126.49,736.17,4.37,104.34,0.0647,20.1,14.16,21.01,75.0,1500.0,15.2,healthy,0.0
healthy_0,685,1789812649.4021802,4611.6,126.95,737.01,4.47,104.19,0.0733,20.32,14.23,21.19,75.0,1500.0,15.2,healthy,0.0
healthy_0,686,1789812650.4021802,4642.8,126.96,738.74,4.42,104.23,0.0785,20.44,14.26,20.89,75.0,1500.0,15.2,healthy,0.0
healthy_0,687,1789812651.4021802,4659.7,127.45,743.71,4.34,104.28,0.0713,20.59,14.27,21.11,75.0,1500.0,15.2,healthy,0.0
healthy_0,688,1789812652.4021802,4654.3,127.4,741.02,4.35,104.38,0.0686,20.63,14.24,20.89,75.0,1500.0,15.2,healthy,0.0
healthy_0,689,1789812653.4021802,4669.2,127.48,738.66,4.27,104.39,0.0737,20.58,14.22,20.97,75.0,1500.0,15.2,healthy,0.0
healthy_0,690,1789812654.4021802,4688.5,127.53,734.86,4.32,104.5,0.0703,20.32,14.16,21.57,75.0,1500.0,15.2,healthy,0.0
healthy_0,691,1789812655.4021802,4710.5,127.4,734.57,4.36,104.38,0.0778,20.41,14.22,20.93,75.0,1500.0,15.2,healthy,0.0
healthy_0,692,1789812656.4021802,4735.8,127.23,744.37,4.34,104.4,0.0841,20.22,14.26,21.03,75.0,1500.0,15.2,healthy,0.0
healthy_0,693,1789812657.4021802,4753.5,127.02,746.99,4.39,104.41,0.0798,20.16,14.22,21.1,75.0,1500.0,15.2,healthy,0.0
healthy_0,694,1789812658.4021802,4729.2,127.1,741.47,4.44,104.49,0.0769,20.09,14.21,20.89,75.0,1500.0,15.2,healthy,0.0
healthy_0,695,1789812659.4021802,4732.1,127.23,745.95,4.43,104.72,0.0778,20.13,14.07,20.88,75.0,1500.0,15.2,healthy,0.0
healthy_0,696,1789812660.4021802,4721.0,127.15,746.5,4.4,104.68,0.0712,19.94,13.98,21.15,75.0,1500.0,15.2,healthy,0.0
healthy_0,697,1789812661.4021802,4727.4,127.32,741.07,4.44,104.7,0.0655,19.83,14.03,21.24,75.0,1500.0,15.2,healthy,0.0
healthy_0,698,1789812662.4021802,4742.0,127.01,743.93,4.38,104.56,0.06,19.87,14.09,21.09,75.0,1500.0,15.2,healthy,0.0
healthy_0,699,1789812663.4021802,4721.6,127.05,742.92,4.33,104.64,0.0685,19.89,14.14,21.47,75.0,1500.0,15.2,healthy,0.0
healthy_0,700,1789812664.4021802,4714.2,126.85,739.43,4.44,104.62,0.0665,19.8,14.1,21.54,75.0,1500.0,15.2,healthy,0.0
healthy_0,701,1789812665.4021802,4692.4,126.96,731.96,4.38,104.66,0.077,19.74,14.07,21.37,75.0,1500.0,15.2,healthy,0.0
healthy_0,702,1789812666.4021802,4689.8,126.86,731.15,4.41,104.78,0.0711,19.8,14.17,21.67,75.0,1500.0,15.2,healthy,0.0
healthy_0,703,1789812667.4021802,4691.6,127.05,732.95,4.36,104.72,0.0628,19.83,14.2,21.28,75.0,1500.0,15.2,healthy,0.0
healthy_0,704,1789812668.4021802,4708.9,126.8,731.18,4.37,104.61,0.0644,19.95,14.15,21.5,75.0,1500.0,15.2,healthy,0.0
healthy_0,705,1789812669.4021802,4733.9,127.01,732.6,4.33,104.68,0.0655,20.19,14.13,21.71,75.0,1500.0,15.2,healthy,0.0
healthy_0,706,1789812670.4021802,4741.1,126.51,731.33,4.35,104.86,0.0684,20.27,14.19,21.03,75.0,1500.0,15.2,healthy,0.0
healthy_0,707,1789812671.4021802,4723.8,126.53,729.62,4.36,104.78,0.0567,20.08,14.21,21.43,75.0,1500.0,15.2,healthy,0.0
healthy_0,708,1789812672.4021802,4700.8,126.41,730.29,4.36,104.76,0.0602,20.24,14.14,21.48,75.0,1500.0,15.2,healthy,0.0
healthy_0,709,1789812673.4021802,4688.1,126.58,735.12,4.27,104.76,0.0693,20.1,14.16,21.53,75.0,1500.0,15.2,healthy,0.0
healthy_0,710,1789812674.4021802,4684.3,126.59,741.06,4.18,104.64,0.0698,20.24,14.12,21.47,75.0,1500.0,15.2,healthy,0.0
healthy_0,711,1789812675.4021802,4697.3,126.21,740.25,4.2,104.51,0.0774,20.02,14.05,21.06,75.0,1500.0,15.2,healthy,0.0
healthy_0,712,1789812676.4021802,4698.9,126.25,735.5,4.25,104.43,0.0766,20.02,14.11,21.09,75.0,1500.0,15.2,healthy,0.0
healthy_0,713,1789812677.4021802,4699.8,126.37,737.95,4.29,104.44,0.0759,20.03,14.07,20.6,75.0,1500.0,15.2,healthy,0.0
healthy_0,714,1789812678.4021802,4719.6,126.47,740.37,4.27,104.37,0.0722,20.17,14.13,21.25,75.0,1500.0,15.2,healthy,0.0
healthy_0,715,1789812679.4021802,4709.8,126.08,735.66,4.22,104.36,0.0812,20.25,14.25,21.03,75.0,1500.0,15.2,healthy,0.0
healthy_0,716,1789812680.4021802,4693.8,125.69,741.8,4.17,104.35,0.0791,20.31,14.22,21.24,75.0,1500.0,15.2,healthy,0.0
healthy_0,717,1789812681.4021802,4683.7,125.79,738.88,4.13,104.43,0.0773,20.31,14.2,21.2,75.0,1500.0,15.2,healthy,0.0
healthy_0,718,1789812682.4021802,4709.0,125.71,740.23,4.22,104.48,0.0737,20.3,14.17,21.19,75.0,1500.0,15.2,healthy,0.0
healthy_0,719,1789812683.4021802,4721.1,125.81,739.63,4.3,104.4,0.0735,20.21,14.14,21.4,75.0,1500.0,15.2,healthy,0.0
healthy_0,720,1789812684.4021802,4710.3,125.91,748.28,4.29,104.43,0.0711,20.4,14.21,21.34,75.0,1500.0,15.2,healthy,0.0
healthy_0,721,1789812685.4021802,4696.1,126.16,745.72,4.3,104.37,0.072,20.24,14.23,21.31,75.0,1500.0,15.2,healthy,0.0
healthy_0,722,1789812686.4021802,4698.5,126.6,743.6,4.27,104.29,0.0747,20.22,14.28,21.41,75.0,1500.0,15.2,healthy,0.0
healthy_0,723,1789812687.4021802,4689.9,126.57,742.14,4.32,104.2,0.0769,20.19,14.25,21.11,75.0,1500.0,15.2,healthy,0.0
healthy_0,724,1789812688.4021802,4692.4,126.47,747.43,4.36,104.32,0.0736,20.21,14.23,21.02,75.0,1500.0,15.2,healthy,0.0
healthy_0,725,1789812689.4021802,4683.7,126.69,743.45,4.37,104.38,0.07,20.2,14.14,20.78,75.0,1500.0,15.2,healthy,0.0
healthy_0,726,1789812690.4021802,4690.3,126.73,739.96,4.41,104.33,0.0689,20.05,14.23,21.09,75.0,1500.0,15.2,healthy,0.0
healthy_0,727,1789812691.4021802,4701.5,126.5,735.11,4.35,104.15,0.0668,19.97,14.18,21.29,75.0,1500.0,15.2,healthy,0.0
healthy_0,728,1789812692.4021802,4692.9,126.69,735.03,4.34,103.95,0.0681,20.01,14.22,21.28,75.0,1500.0,15.2,healthy,0.0
healthy_0,729,1789812693.4021802,4700.9,126.31,737.2,4.35,103.94,0.0636,20.08,14.27,21.35,75.0,1500.0,15.2,healthy,0.0
healthy_0,730,1789812694.4021802,4693.6,126.31,736.58,4.39,103.86,0.0766,20.35,14.23,21.02,75.0,1500.0,15.2,healthy,0.0
healthy_0,731,1789812695.4021802,4724.0,126.21,733.38,4.36,103.87,0.0738,20.37,14.18,21.05,75.0,1500.0,15.2,healthy,0.0
healthy_0,732,1789812696.4021802,4714.7,125.94,732.32,4.4,103.75,0.0745,20.15,14.24,21.49,75.0,1500.0,15.2,healthy,0.0
healthy_0,733,1789812697.4021802,4694.2,125.87,735.69,4.33,103.77,0.0701,20.24,14.35,20.99,75.0,1500.0,15.2,healthy,0.0
healthy_0,734,1789812698.4021802,4690.9,126.04,736.79,4.29,103.8,0.0686,20.2,14.28,21.31,75.0,1500.0,15.2,healthy,0.0
healthy_0,735,1789812699.4021802,4691.3,126.29,737.92,4.34,103.79,0.0726,20.11,14.26,21.18,75.0,1500.0,15.2,healthy,0.0
healthy_0,736,1789812700.4021802,4679.7,126.4,741.44,4.38,103.87,0.0768,20.11,14.26,21.29,75.0,1500.0,15.2,healthy,0.0
healthy_0,737,1789812701.4021802,4692.3,126.44,747.68,4.49,103.94,0.0825,20.03,14.29,21.08,75.0,1500.0,15.2,healthy,0.0
healthy_0,738,1789812702.4021802,4685.5,126.24,745.59,4.33,104.01,0.0776,20.09,14.23,20.96,75.0,1500.0,15.2,healthy,0.0
healthy_0,739,1789812703.4021802,4693.1,126.4,744.95,4.37,103.92,0.0688,20.16,14.18,21.02,75.0,1500.0,15.2,healthy,0.0
healthy_0,740,1789812704.4021802,4693.0,126.2,744.37,4.34,104.04,0.0689,20.3,14.23,21.27,75.0,1500.0,15.2,healthy,0.0
healthy_0,741,1789812705.4021802,4669.6,126.22,742.05,4.27,104.04,0.0626,20.42,14.18,21.26,75.0,1500.0,15.2,healthy,0.0
healthy_0,742,1789812706.4021802,4684.3,126.25,742.13,4.25,103.93,0.0677,20.58,14.15,21.08,75.0,1500.0,15.2,healthy,0.0
healthy_0,743,1789812707.4021802,4683.1,126.06,742.97,4.23,103.85,0.0739,20.66,14.13,20.99,75.0,1500.0,15.2,healthy,0.0
healthy_0,744,1789812708.4021802,4676.2,126.33,736.6,4.31,103.89,0.082,20.41,14.12,21.05,75.0,1500.0,15.2,healthy,0.0
healthy_0,745,1789812709.4021802,4677.5,126.35,732.08,4.31,103.86,0.0747,20.21,14.19,21.14,75.0,1500.0,15.2,healthy,0.0
healthy_0,746,1789812710.4021802,4687.7,126.3,736.82,4.36,103.88,0.0678,20.18,14.28,21.22,75.0,1500.0,15.2,healthy,0.0
healthy_0,747,1789812711.4021802,4691.2,126.52,735.42,4.33,103.8,0.0723,20.25,14.35,21.08,75.0,1500.0,15.2,healthy,0.0
healthy_0,748,1789812712.4021802,4709.1,126.44,740.5,4.21,103.82,0.0775,20.34,14.38,21.1,75.0,1500.0,15.2,healthy,0.0
healthy_0,749,1789812713.4021802,4689.8,126.55,735.84,4.29,103.89,0.0778,20.28,14.41,20.98,75.0,1500.0,15.2,healthy,0.0
healthy_0,750,1789812714.4021802,4679.4,126.39,741.2,4.35,104.08,0.0801,20.21,14.35,21.46,75.0,1500.0,15.2,healthy,0.0
healthy_0,751,1789812715.4021802,4681.0,126.47,740.86,4.37,104.25,0.0831,20.3,14.25,21.36,75.0,1500.0,15.2,healthy,0.0
healthy_0,752,1789812716.4021802,4674.3,126.63,739.26,4.39,104.24,0.0804,20.18,14.29,21.19,75.0,1500.0,15.2,healthy,0.0
healthy_0,753,1789812717.4021802,4701.1,126.92,737.68,4.34,104.42,0.0737,20.37,14.2,21.5,75.0,1500.0,15.2,healthy,0.0
healthy_0,754,1789812718.4021802,4712.3,126.69,739.33,4.27,104.46,0.0707,20.32,14.27,21.12,75.0,1500.0,15.2,healthy,0.0
healthy_0,755,1789812719.4021802,4734.0,126.3,737.36,4.24,104.38,0.0732,20.29,14.22,20.91,75.0,1500.0,15.2,healthy,0.0
healthy_0,756,1789812720.4021802,4738.7,126.26,742.02,4.35,104.39,0.0717,20.4,14.23,21.31,75.0,1500.0,15.2,healthy,0.0
healthy_0,757,1789812721.4021802,4721.9,126.11,741.39,4.31,104.31,0.0658,20.2,14.2,20.93,75.0,1500.0,15.2,healthy,0.0
healthy_0,758,1789812722.4021802,4726.1,126.04,738.85,4.34,104.12,0.0616,20.17,14.28,20.8,75.0,1500.0,15.2,healthy,0.0
healthy_0,759,1789812723.4021802,4720.5,126.48,739.48,4.34,104.15,0.0606,20.14,14.23,21.08,75.0,1500.0,15.2,healthy,0.0
healthy_0,760,1789812724.4021802,4721.5,126.79,739.76,4.3,104.14,0.0606,20.4,14.15,21.1,75.0,1500.0,15.2,healthy,0.0
healthy_0,761,1789812725.4021802,4710.7,126.72,740.34,4.3,104.07,0.0641,20.46,14.08,21.29,75.0,1500.0,15.2,healthy,0.0
healthy_0,762,1789812726.4021802,4741.0,126.33,739.8,4.31,104.18,0.0666,20.51,14.15,21.37,75.0,1500.0,15.2,healthy,0.0
healthy_0,763,1789812727.4021802,4751.7,126.46,732.77,4.25,104.26,0.0667,20.46,14.08,21.17,75.0,1500.0,15.2,healthy,0.0
healthy_0,764,1789812728.4021802,4737.1,126.22,736.96,4.35,104.31,0.0707,20.47,14.04,20.98,75.0,1500.0,15.2,healthy,0.0
healthy_0,765,1789812729.4021802,4758.7,126.18,736.17,4.29,104.34,0.079,20.41,14.06,21.12,75.0,1500.0,15.2,healthy,0.0
healthy_0,766,1789812730.4021802,4742.6,126.01,737.47,4.31,104.42,0.0822,20.51,14.07,21.34,75.0,1500.0,15.2,healthy,0.0
healthy_0,767,1789812731.4021802,4727.1,125.78,738.04,4.36,104.45,0.0808,20.73,14.12,21.15,75.0,1500.0,15.2,healthy,0.0
healthy_0,768,1789812732.4021802,4712.6,125.69,743.07,4.42,104.45,0.0628,20.46,14.11,20.94,75.0,1500.0,15.2,healthy,0.0
healthy_0,769,1789812733.4021802,4727.4,125.85,741.16,4.37,104.36,0.067,20.39,14.1,21.19,75.0,1500.0,15.2,healthy,0.0
healthy_0,770,1789812734.4021802,4714.8,125.82,739.23,4.46,104.52,0.0579,20.44,14.11,21.03,75.0,1500.0,15.2,healthy,0.0
healthy_0,771,1789812735.4021802,4708.3,125.91,736.61,4.35,104.53,0.0624,20.49,14.13,21.29,75.0,1500.0,15.2,healthy,0.0
healthy_0,772,1789812736.4021802,4686.3,125.95,735.47,4.35,104.56,0.058,20.51,14.17,21.43,75.0,1500.0,15.2,healthy,0.0
healthy_0,773,1789812737.4021802,4683.7,125.99,739.1,4.36,104.57,0.071,20.47,14.12,21.46,75.0,1500.0,15.2,healthy,0.0
healthy_0,774,1789812738.4021802,4713.0,125.96,739.11,4.3,104.52,0.0668,20.47,14.08,21.58,75.0,1500.0,15.2,healthy,0.0
healthy_0,775,1789812739.4021802,4715.7,126.11,739.61,4.37,104.49,0.0677,20.36,14.07,21.37,75.0,1500.0,15.2,healthy,0.0
healthy_0,776,1789812740.4021802,4681.1,126.06,738.62,4.33,104.39,0.0738,20.43,14.07,21.14,75.0,1500.0,15.2,healthy,0.0
healthy_0,777,1789812741.4021802,4675.7,125.97,737.85,4.31,104.4,0.0714,20.57,14.04,21.33,75.0,1500.0,15.2,healthy,0.0
healthy_0,778,1789812742.4021802,4711.8,125.98,740.91,4.49,104.48,0.0718,20.53,14.04,21.49,75.0,1500.0,15.2,healthy,0.0
healthy_0,779,1789812743.4021802,4701.3,126.11,744.67,4.53,104.39,0.0713,20.58,14.1,21.32,75.0,1500.0,15.2,healthy,0.0
healthy_0,780,1789812744.4021802,4682.2,126.21,746.12,4.48,104.45,0.0714,20.34,14.28,21.0,75.0,1500.0,15.2,healthy,0.0
healthy_0,781,1789812745.4021802,4683.2,126.26,746.49,4.4,104.28,0.0793,20.51,14.28,21.39,75.0,1500.0,15.2,healthy,0.0
healthy_0,782,1789812746.4021802,4685.1,126.59,747.46,4.34,104.31,0.0814,20.48,14.27,20.97,75.0,1500.0,15.2,healthy,0.0
healthy_0,783,1789812747.4021802,4677.3,127.03,741.85,4.32,104.25,0.0791,20.37,14.34,21.3,75.0,1500.0,15.2,healthy,0.0
healthy_0,784,1789812748.4021802,4645.9,126.56,740.23,4.37,104.16,0.0765,20.45,14.27,21.01,75.0,1500.0,15.2,healthy,0.0
healthy_0,785,1789812749.4021802,4651.3,126.79,740.27,4.33,104.12,0.0689,20.66,14.25,21.01,75.0,1500.0,15.2,healthy,0.0
healthy_0,786,1789812750.4021802,4673.6,126.83,738.6,4.32,104.0,0.0715,20.51,14.21,21.11,75.0,1500.0,15.2,healthy,0.0
healthy_0,787,1789812751.4021802,4644.3,126.83,740.0,4.3,103.96,0.0748,20.4,14.21,21.02,75.0,1500.0,15.2,healthy,0.0
healthy_0,788,1789812752.4021802,4671.0,126.7,745.73,4.3,104.0,0.073,20.2,14.15,21.07,75.0,1500.0,15.2,healthy,0.0
healthy_0,789,1789812753.4021802,4692.0,126.59,742.48,4.29,104.15,0.0687,20.35,14.1,20.98,75.0,1500.0,15.2,healthy,0.0
healthy_0,790,1789812754.4021802,4689.4,126.56,736.88,4.32,104.15,0.0797,20.29,14.0,21.21,75.0,1500.0,15.2,healthy,0.0
healthy_0,791,1789812755.4021802,4685.0,126.41,736.23,4.31,104.28,0.0824,20.1,14.09,21.14,75.0,1500.0,15.2,healthy,0.0
healthy_0,792,1789812756.4021802,4666.9,126.43,737.47,4.39,104.2,0.075,20.14,14.07,21.05,75.0,1500.0,15.2,healthy,0.0
healthy_0,793,1789812757.4021802,4673.4,126.78,741.06,4.36,104.23,0.0716,20.04,14.15,21.33,75.0,1500.0,15.2,healthy,0.0
healthy_0,794,1789812758.4021802,4664.3,126.9,739.94,4.45,104.27,0.0722,20.11,14.12,20.95,75.0,1500.0,15.2,healthy,0.0
healthy_0,795,1789812759.4021802,4677.9,126.85,737.83,4.45,104.27,0.0665,20.26,14.09,20.97,75.0,1500.0,15.2,healthy,0.0
healthy_0,796,1789812760.4021802,4679.3,126.65,738.69,4.37,104.16,0.0833,20.35,14.11,20.99,75.0,1500.0,15.2,healthy,0.0
healthy_0,797,1789812761.4021802,4650.0,126.49,736.23,4.41,104.18,0.0866,20.35,14.21,20.91,75.0,1500.0,15.2,healthy,0.0
healthy_0,798,1789812762.4021802,4667.5,126.78,736.77,4.34,104.18,0.0881,20.5,14.19,21.06,75.0,1500.0,15.2,healthy,0.0
healthy_0,799,1789812763.4021802,4676.2,126.79,736.15,4.34,104.1,0.0902,20.57,14.2,21.28,75.0,1500.0,15.2,healthy,0.0
healthy_0,800,1789812764.4021802,4696.6,126.41,738.73,4.39,104.26,0.0836,20.57,14.23,21.21,75.0,1500.0,15.2,healthy,0.0
healthy_0,801,1789812765.4021802,4699.7,126.59,739.02,4.38,104.03,0.0765,20.42,14.25,21.29,75.0,1500.0,15.2,healthy,0.0
healthy_0,802,1789812766.4021802,4687.2,127.01,738.82,4.41,104.15,0.0739,20.38,14.26,21.14,75.0,1500.0,15.2,healthy,0.0
healthy_0,803,1789812767.4021802,4685.0,126.83,738.12,4.41,104.13,0.0638,20.26,14.28,21.17,75.0,1500.0,15.2,healthy,0.0
healthy_0,804,1789812768.4021802,4697.3,126.94,740.16,4.35,104.23,0.0678,20.29,14.29,21.17,75.0,1500.0,15.2,healthy,0.0
healthy_0,805,1789812769.4021802,4698.4,127.08,745.87,4.26,104.12,0.0749,20.18,14.34,21.36,75.0,1500.0,15.2,healthy,0.0
healthy_0,806,1789812770.4021802,4703.2,127.13,748.06,4.17,104.19,0.0777,20.2,14.37,20.79,75.0,1500.0,15.2,healthy,0.0
healthy_0,807,1789812771.4021802,4696.3,127.19,741.78,4.22,104.11,0.0736,20.3,14.34,20.92,75.0,1500.0,15.2,healthy,0.0
healthy_0,808,1789812772.4021802,4705.1,127.11,746.62,4.25,104.11,0.0682,20.23,14.35,20.99,75.0,1500.0,15.2,healthy,0.0
healthy_0,809,1789812773.4021802,4721.0,127.41,748.28,4.32,104.06,0.0612,20.15,14.49,21.18,75.0,1500.0,15.2,healthy,0.0
healthy_0,810,1789812774.4021802,4702.9,126.98,744.75,4.28,104.08,0.0668,20.2,14.53,21.04,75.0,1500.0,15.2,healthy,0.0
healthy_0,811,1789812775.4021802,4722.3,126.8,746.14,4.3,104.01,0.0708,20.21,14.51,21.51,75.0,1500.0,15.2,healthy,0.0
healthy_0,812,1789812776.4021802,4716.6,126.6,742.42,4.24,104.2,0.0777,20.22,14.35,21.34,75.0,1500.0,15.2,healthy,0.0
healthy_0,813,1789812777.4021802,4715.6,126.77,739.51,4.31,104.29,0.0721,20.43,14.26,21.43,75.0,1500.0,15.2,healthy,0.0
healthy_0,814,1789812778.4021802,4711.1,126.64,740.25,4.36,104.32,0.0756,20.33,14.3,21.28,75.0,1500.0,15.2,healthy,0.0
healthy_0,815,1789812779.4021802,4735.1,126.55,742.56,4.37,104.33,0.0735,20.33,14.25,21.02,75.0,1500.0,15.2,healthy,0.0
healthy_0,816,1789812780.4021802,4719.8,126.88,740.49,4.28,104.24,0.0708,20.28,14.35,21.35,75.0,1500.0,15.2,healthy,0.0
healthy_0,817,1789812781.4021802,4714.1,126.83,733.97,4.41,104.39,0.0692,20.24,14.31,21.31,75.0,1500.0,15.2,healthy,0.0
healthy_0,818,1789812782.4021802,4701.7,126.71,736.27,4.4,104.32,0.0664,20.12,14.3,21.27,75.0,1500.0,15.2,healthy,0.0
healthy_0,819,1789812783.4021802,4704.4,126.66,739.66,4.37,104.49,0.0573,20.14,14.25,20.98,75.0,1500.0,15.2,healthy,0.0
healthy_0,820,1789812784.4021802,4722.6,126.69,736.95,4.42,104.6,0.0634,20.26,14.25,21.36,75.0,1500.0,15.2,healthy,0.0
healthy_0,821,1789812785.4021802,4702.7,126.76,737.93,4.42,104.39,0.0639,20.1,14.21,21.05,75.0,1500.0,15.2,healthy,0.0
healthy_0,822,1789812786.4021802,4674.4,126.71,738.69,4.46,104.41,0.071,20.15,14.21,21.16,75.0,1500.0,15.2,healthy,0.0
healthy_0,823,1789812787.4021802,4658.3,126.93,737.61,4.36,104.34,0.0615,20.13,14.19,21.09,75.0,1500.0,15.2,healthy,0.0
healthy_0,824,1789812788.4021802,4660.6,127.47,730.97,4.37,104.34,0.0642,20.07,14.26,21.1,75.0,1500.0,15.2,healthy,0.0
healthy_0,825,1789812789.4021802,4678.1,126.77,730.59,4.36,104.42,0.0597,20.0,14.17,20.83,75.0,1500.0,15.2,healthy,0.0
healthy_0,826,1789812790.4021802,4694.5,126.59,729.36,4.38,104.8,0.0688,20.05,14.15,21.39,75.0,1500.0,15.2,healthy,0.0
healthy_0,827,1789812791.4021802,4704.2,126.77,729.19,4.38,104.93,0.0719,20.04,14.11,20.88,75.0,1500.0,15.2,healthy,0.0
healthy_0,828,1789812792.4021802,4709.5,127.06,731.13,4.35,104.85,0.066,20.33,14.19,21.3,75.0,1500.0,15.2,healthy,0.0
healthy_0,829,1789812793.4021802,4693.0,126.91,736.16,4.34,104.72,0.0647,20.23,14.22,20.95,75.0,1500.0,15.2,healthy,0.0
healthy_0,830,1789812794.4021802,4684.6,127.05,737.57,4.24,104.71,0.0703,20.19,14.26,21.02,75.0,1500.0,15.2,healthy,0.0
healthy_0,831,1789812795.4021802,4690.6,126.8,739.25,4.29,104.58,0.0681,20.25,14.29,21.14,75.0,1500.0,15.2,healthy,0.0
healthy_0,832,1789812796.4021802,4668.8,126.88,742.06,4.17,104.77,0.0644,20.32,14.36,21.47,75.0,1500.0,15.2,healthy,0.0
healthy_0,833,1789812797.4021802,4668.1,126.72,750.37,4.19,104.77,0.0598,20.23,14.33,21.26,75.0,1500.0,15.2,healthy,0.0
healthy_0,834,1789812798.4021802,4668.4,126.81,746.29,4.33,104.88,0.072,20.2,14.37,21.13,75.0,1500.0,15.2,healthy,0.0
healthy_0,835,1789812799.4021802,4680.8,126.77,745.76,4.24,104.79,0.0698,20.23,14.42,21.32,75.0,1500.0,15.2,healthy,0.0
healthy_0,836,1789812800.4021802,4688.9,126.83,745.35,4.33,104.51,0.0804,20.06,14.35,21.48,75.0,1500.0,15.2,healthy,0.0
healthy_0,837,1789812801.4021802,4702.6,126.9,748.34,4.29,104.4,0.0742,20.18,14.39,21.57,75.0,1500.0,15.2,healthy,0.0
healthy_0,838,1789812802.4021802,4698.3,126.92,746.33,4.34,104.33,0.0702,20.27,14.37,21.61,75.0,1500.0,15.2,healthy,0.0
healthy_0,839,1789812803.4021802,4703.4,126.77,747.13,4.41,104.47,0.0661,20.16,14.41,21.52,75.0,1500.0,15.2,healthy,0.0
healthy_0,840,1789812804.4021802,4688.9,126.6,739.24,4.38,104.53,0.0727,20.22,14.3,21.26,75.0,1500.0,15.2,healthy,0.0
healthy_0,841,1789812805.4021802,4698.8,126.41,741.28,4.23,104.57,0.069,20.16,14.31,21.25,75.0,1500.0,15.2,healthy,0.0
healthy_0,842,1789812806.4021802,4698.6,126.51,741.92,4.26,104.61,0.0779,20.12,14.37,21.48,75.0,1500.0,15.2,healthy,0.0
healthy_0,843,1789812807.4021802,4703.6,126.49,739.89,4.31,104.42,0.0666,20.26,14.32,21.65,75.0,1500.0,15.2,healthy,0.0
healthy_0,844,1789812808.4021802,4696.3,126.37,741.2,4.33,104.46,0.0704,20.13,14.18,21.65,75.0,1500.0,15.2,healthy,0.0
healthy_0,845,1789812809.4021802,4721.8,126.41,741.0,4.44,104.45,0.0739,20.17,14.11,21.26,75.0,1500.0,15.2,healthy,0.0
healthy_0,846,1789812810.4021802,4711.2,126.36,739.48,4.46,104.47,0.0719,20.25,14.18,21.32,75.0,1500.0,15.2,healthy,0.0
healthy_0,847,1789812811.4021802,4708.5,126.73,736.1,4.39,104.48,0.0743,20.29,14.19,21.72,75.0,1500.0,15.2,healthy,0.0
healthy_0,848,1789812812.4021802,4689.0,126.71,738.49,4.37,104.49,0.0748,20.3,14.08,21.44,75.0,1500.0,15.2,healthy,0.0
healthy_0,849,1789812813.4021802,4688.2,126.66,737.05,4.35,104.52,0.0768,20.36,14.03,21.15,75.0,1500.0,15.2,healthy,0.0
healthy_0,850,1789812814.4021802,4692.9,126.97,736.33,4.33,104.6,0.0721,20.22,14.02,21.22,75.0,1500.0,15.2,healthy,0.0
healthy_0,851,1789812815.4021802,4728.5,126.92,739.12,4.32,104.6,0.0622,20.31,14.02,21.36,75.0,1500.0,15.2,healthy,0.0
healthy_0,852,1789812816.4021802,4751.8,127.12,735.13,4.37,104.54,0.0628,20.18,14.08,21.18,75.0,1500.0,15.2,healthy,0.0
healthy_0,853,1789812817.4021802,4728.0,126.85,738.03,4.32,104.56,0.069,20.24,14.07,21.23,75.0,1500.0,15.2,healthy,0.0
healthy_0,854,1789812818.4021802,4724.5,126.84,736.02,4.32,104.71,0.0716,20.33,14.04,21.24,75.0,1500.0,15.2,healthy,0.0
healthy_0,855,1789812819.4021802,4698.9,126.95,742.54,4.28,104.7,0.0746,20.33,13.97,21.33,75.0,1500.0,15.2,healthy,0.0
healthy_0,856,1789812820.4021802,4724.9,126.7,740.85,4.33,104.61,0.082,20.32,14.0,21.56,75.0,1500.0,15.2,healthy,0.0
healthy_0,857,1789812821.4021802,4692.3,126.52,740.19,4.31,104.41,0.0804,20.33,14.01,21.29,75.0,1500.0,15.2,healthy,0.0
healthy_0,858,1789812822.4021802,4708.3,126.96,736.36,4.35,104.44,0.0768,20.44,13.97,20.86,75.0,1500.0,15.2,healthy,0.0
healthy_0,859,1789812823.4021802,4707.3,126.95,736.13,4.42,104.37,0.0667,20.22,13.94,20.77,75.0,1500.0,15.2,healthy,0.0
healthy_0,860,1789812824.4021802,4714.5,126.85,730.55,4.44,104.23,0.0673,20.29,13.95,21.09,75.0,1500.0,15.2,healthy,0.0
healthy_0,861,1789812825.4021802,4719.2,126.89,733.96,4.4,104.32,0.0685,20.31,14.01,21.37,75.0,1500.0,15.2,healthy,0.0
healthy_0,862,1789812826.4021802,4716.3,126.56,734.9,4.48,104.42,0.0649,20.19,14.09,21.41,75.0,1500.0,15.2,healthy,0.0
healthy_0,863,1789812827.4021802,4711.0,126.65,733.56,4.37,104.47,0.073,20.34,14.07,21.32,75.0,1500.0,15.2,healthy,0.0
healthy_0,864,1789812828.4021802,4695.5,126.82,730.92,4.48,104.46,0.0732,20.35,14.11,21.1,75.0,1500.0,15.2,healthy,0.0
healthy_0,865,1789812829.4021802,4679.5,126.77,731.65,4.46,104.55,0.0699,20.36,14.04,21.22,75.0,1500.0,15.2,healthy,0.0
healthy_0,866,1789812830.4021802,4693.1,126.71,728.15,4.49,104.7,0.0704,20.32,14.09,21.3,75.0,1500.0,15.2,healthy,0.0
healthy_0,867,1789812831.4021802,4727.4,126.38,726.49,4.47,104.61,0.069,20.24,14.03,21.09,75.0,1500.0,15.2,healthy,0.0
healthy_0,868,1789812832.4021802,4706.2,126.26,727.03,4.34,104.44,0.0595,20.37,14.04,21.2,75.0,1500.0,15.2,healthy,0.0
healthy_0,869,1789812833.4021802,4673.1,126.35,734.99,4.35,104.4,0.0544,20.43,14.1,21.22,75.0,1500.0,15.2,healthy,0.0
healthy_0,870,1789812834.4021802,4684.0,126.37,738.65,4.38,104.28,0.0643,20.37,14.14,21.48,75.0,1500.0,15.2,healthy,0.0
healthy_0,871,1789812835.4021802,4695.2,126.18,743.23,4.4,104.26,0.0582,20.32,14.19,21.35,75.0,1500.0,15.2,healthy,0.0
healthy_0,872,1789812836.4021802,4655.9,126.14,743.46,4.46,104.29,0.0628,20.31,14.23,21.1,75.0,1500.0,15.2,healthy,0.0
healthy_0,873,1789812837.4021802,4663.6,126.12,745.44,4.43,104.37,0.0513,20.25,14.25,21.1,75.0,1500.0,15.2,healthy,0.0
healthy_0,874,1789812838.4021802,4678.9,126.3,750.11,4.37,104.26,0.0563,20.16,14.24,21.06,75.0,1500.0,15.2,healthy,0.0
healthy_0,875,1789812839.4021802,4687.7,125.98,743.98,4.28,104.18,0.059,20.13,14.25,21.35,75.0,1500.0,15.2,healthy,0.0
healthy_0,876,1789812840.4021802,4682.7,125.94,742.93,4.23,104.17,0.0655,20.15,14.35,20.81,75.0,1500.0,15.2,healthy,0.0
healthy_0,877,1789812841.4021802,4675.6,126.18,744.88,4.35,104.48,0.0693,20.18,14.26,21.02,75.0,1500.0,15.2,healthy,0.0
healthy_0,878,1789812842.4021802,4678.6,126.29,739.12,4.26,104.4,0.0749,20.08,14.32,21.11,75.0,1500.0,15.2,healthy,0.0
healthy_0,879,1789812843.4021802,4687.0,126.32,739.45,4.33,104.53,0.0749,19.96,14.33,21.18,75.0,1500.0,15.2,healthy,0.0
healthy_0,880,1789812844.4021802,4661.8,126.58,738.21,4.37,104.37,0.0725,19.91,14.27,21.0,75.0,1500.0,15.2,healthy,0.0
healthy_0,881,1789812845.4021802,4680.3,126.56,738.31,4.44,104.45,0.0872,19.96,14.28,21.15,75.0,1500.0,15.2,healthy,0.0
healthy_0,882,1789812846.4021802,4674.3,126.6,737.73,4.35,104.51,0.0775,20.04,14.27,20.72,75.0,1500.0,15.2,healthy,0.0
healthy_0,883,1789812847.4021802,4679.3,126.73,737.13,4.37,104.49,0.0718,20.32,14.31,21.42,75.0,1500.0,15.2,healthy,0.0
healthy_0,884,1789812848.4021802,4684.8,126.63,737.8,4.31,104.32,0.0757,20.34,14.19,21.09,75.0,1500.0,15.2,healthy,0.0
healthy_0,885,1789812849.4021802,4679.4,126.88,737.25,4.36,104.39,0.0738,20.15,14.23,21.06,75.0,1500.0,15.2,healthy,0.0
healthy_0,886,1789812850.4021802,4671.4,127.14,732.31,4.35,104.34,0.0674,20.21,14.25,20.89,75.0,1500.0,15.2,healthy,0.0
healthy_0,887,1789812851.4021802,4687.1,126.82,735.7,4.37,104.36,0.0722,20.04,14.25,20.88,75.0,1500.0,15.2,healthy,0.0
healthy_0,888,1789812852.4021802,4672.2,126.99,734.51,4.29,104.47,0.0776,19.94,14.1,21.22,75.0,1500.0,15.2,healthy,0.0
healthy_0,889,1789812853.4021802,4673.9,126.95,739.44,4.29,104.45,0.0774,20.07,14.03,21.46,75.0,1500.0,15.2,healthy,0.0
healthy_0,890,1789812854.4021802,4666.1,126.61,742.99,4.28,104.54,0.0806,19.91,14.08,21.41,75.0,1500.0,15.2,healthy,0.0
healthy_0,891,1789812855.4021802,4680.3,126.59,743.15,4.3,104.55,0.0869,20.07,14.03,21.2,75.0,1500.0,15.2,healthy,0.0
healthy_0,892,1789812856.4021802,4699.3,126.69,748.66,4.29,104.63,0.0762,19.92,14.05,20.85,75.0,1500.0,15.2,healthy,0.0
healthy_0,893,1789812857.4021802,4719.3,126.66,748.15,4.25,104.64,0.0788,19.98,14.15,21.18,75.0,1500.0,15.2,healthy,0.0
healthy_0,894,1789812858.4021802,4702.7,126.83,745.6,4.31,104.79,0.0799,20.13,14.13,20.9,75.0,1500.0,15.2,healthy,0.0
healthy_0,895,1789812859.4021802,4696.9,126.82,745.42,4.31,104.83,0.0759,20.17,14.19,21.11,75.0,1500.0,15.2,healthy,0.0
healthy_0,896,1789812860.4021802,4710.9,126.57,747.3,4.3,104.8,0.0712,20.13,14.16,21.16,75.0,1500.0,15.2,healthy,0.0
healthy_0,897,1789812861.4021802,4714.0,126.64,739.68,4.29,104.75,0.0711,20.18,14.16,21.41,75.0,1500.0,15.2,healthy,0.0
healthy_0,898,1789812862.4021802,4728.7,126.7,738.04,4.36,104.87,0.064,20.39,14.23,20.97,75.0,1500.0,15.2,healthy,0.0
healthy_0,899,1789812863.4021802,4724.5,126.55,742.21,4.36,104.79,0.0716,20.36,14.19,21.02,75.0,1500.0,15.2,healthy,0.0
healthy_0,900,1789812864.4021802,4714.9,126.62,742.23,4.4,104.84,0.0773,20.36,14.14,20.64,75.0,1500.0,15.2,healthy,0.0
healthy_0,901,1789812865.4021802,4708.1,126.48,739.37,4.44,104.97,0.0696,20.28,14.11,21.25,75.0,1500.0,15.2,healthy,0.0
healthy_0,902,1789812866.4021802,4711.8,126.13,742.12,4.44,105.01,0.0758,20.39,14.03,21.06,75.0,1500.0,15.2,healthy,0.0
healthy_0,903,1789812867.4021802,4694.4,125.68,742.32,4.46,105.05,0.0728,20.43,14.02,20.93,75.0,1500.0,15.2,healthy,0.0
healthy_0,904,1789812868.4021802,4681.1,125.74,751.93,4.4,104.89,0.0758,20.4,14.05,21.16,75.0,1500.0,15.2,healthy,0.0
healthy_0,905,1789812869.4021802,4682.2,125.76,748.79,4.36,104.88,0.0817,20.42,14.01,21.36,75.0,1500.0,15.2,healthy,0.0
healthy_0,906,1789812870.4021802,4654.3,125.9,749.86,4.37,104.79,0.0794,20.6,14.05,21.63,75.0,1500.0,15.2,healthy,0.0
healthy_0,907,1789812871.4021802,4688.9,125.93,751.0,4.41,104.79,0.0789,20.67,14.05,21.21,75.0,1500.0,15.2,healthy,0.0
healthy_0,908,1789812872.4021802,4698.2,126.01,747.8,4.32,104.79,0.0853,20.4,14.09,21.05,75.0,1500.0,15.2,healthy,0.0
healthy_0,909,1789812873.4021802,4710.0,126.15,746.4,4.28,104.77,0.0823,20.49,14.21,21.18,75.0,1500.0,15.2,healthy,0.0
healthy_0,910,1789812874.4021802,4684.3,126.48,740.57,4.21,104.58,0.0787,20.3,14.1,21.26,75.0,1500.0,15.2,healthy,0.0
healthy_0,911,1789812875.4021802,4676.9,126.66,740.0,4.21,104.36,0.0695,20.29,14.12,21.41,75.0,1500.0,15.2,healthy,0.0
healthy_0,912,1789812876.4021802,4695.3,126.63,737.05,4.29,104.2,0.068,20.3,14.1,21.13,75.0,1500.0,15.2,healthy,0.0
healthy_0,913,1789812877.4021802,4702.2,126.58,734.78,4.26,104.13,0.0696,20.15,14.12,21.16,75.0,1500.0,15.2,healthy,0.0
healthy_0,914,1789812878.4021802,4697.0,126.28,733.43,4.32,104.21,0.0736,20.12,14.08,21.43,75.0,1500.0,15.2,healthy,0.0
healthy_0,915,1789812879.4021802,4702.5,126.33,728.38,4.26,104.19,0.0763,20.19,14.11,21.18,75.0,1500.0,15.2,healthy,0.0
healthy_0,916,1789812880.4021802,4690.4,126.37,730.79,4.24,104.1,0.0795,20.13,14.06,21.46,75.0,1500.0,15.2,healthy,0.0
healthy_0,917,1789812881.4021802,4700.1,126.54,732.62,4.32,104.1,0.0829,19.94,14.16,21.25,75.0,1500.0,15.2,healthy,0.0
healthy_0,918,1789812882.4021802,4699.8,126.36,736.82,4.38,104.09,0.0752,19.9,14.14,21.54,75.0,1500.0,15.2,healthy,0.0
healthy_0,919,1789812883.4021802,4680.1,126.22,736.88,4.45,104.19,0.072,20.03,14.13,21.11,75.0,1500.0,15.2,healthy,0.0
healthy_0,920,1789812884.4021802,4669.9,126.38,736.35,4.41,104.14,0.0698,19.9,14.19,20.93,75.0,1500.0,15.2,healthy,0.0
healthy_0,921,1789812885.4021802,4662.9,126.49,741.07,4.31,104.02,0.065,20.04,14.13,21.41,75.0,1500.0,15.2,healthy,0.0
healthy_0,922,1789812886.4021802,4691.2,126.46,743.61,4.23,103.79,0.0568,20.05,14.23,21.27,75.0,1500.0,15.2,healthy,0.0
healthy_0,923,1789812887.4021802,4711.0,126.25,745.29,4.2,103.78,0.0644,20.17,14.24,21.23,75.0,1500.0,15.2,healthy,0.0
healthy_0,924,1789812888.4021802,4723.3,126.43,742.63,4.28,103.91,0.0677,20.36,14.17,21.27,75.0,1500.0,15.2,healthy,0.0
healthy_0,925,1789812889.4021802,4704.9,126.3,738.42,4.32,103.71,0.0677,20.45,14.11,21.58,75.0,1500.0,15.2,healthy,0.0
healthy_0,926,1789812890.4021802,4688.5,126.3,740.71,4.3,103.81,0.0688,20.46,14.2,21.5,75.0,1500.0,15.2,healthy,0.0
healthy_0,927,1789812891.4021802,4689.9,126.26,740.08,4.31,103.81,0.0672,20.19,14.17,21.55,75.0,1500.0,15.2,healthy,0.0
healthy_0,928,1789812892.4021802,4654.7,126.46,738.81,4.26,103.84,0.0711,20.24,14.09,21.47,75.0,1500.0,15.2,healthy,0.0
healthy_0,929,1789812893.4021802,4663.9,126.54,744.65,4.21,103.94,0.0694,20.29,14.1,21.28,75.0,1500.0,15.2,healthy,0.0
healthy_0,930,1789812894.4021802,4686.7,126.41,743.44,4.23,104.05,0.0735,20.13,14.1,21.12,75.0,1500.0,15.2,healthy,0.0
healthy_0,931,1789812895.4021802,4669.9,126.38,737.7,4.32,104.06,0.0711,20.11,14.2,21.08,75.0,1500.0,15.2,healthy,0.0
healthy_0,932,1789812896.4021802,4661.4,126.42,740.65,4.32,103.76,0.0651,20.04,14.21,21.5,75.0,1500.0,15.2,healthy,0.0
healthy_0,933,1789812897.4021802,4682.4,126.29,747.6,4.4,103.72,0.0669,19.96,14.21,21.27,75.0,1500.0,15.2,healthy,0.0
healthy_0,934,1789812898.4021802,4679.1,126.08,746.5,4.37,103.76,0.0731,19.98,14.17,21.23,75.0,1500.0,15.2,healthy,0.0
healthy_0,935,1789812899.4021802,4676.8,126.44,741.58,4.32,103.78,0.0714,19.88,14.18,21.19,75.0,1500.0,15.2,healthy,0.0
healthy_0,936,1789812900.4021802,4684.7,126.64,740.13,4.4,103.84,0.0724,20.01,14.2,21.19,75.0,1500.0,15.2,healthy,0.0
healthy_0,937,1789812901.4021802,4684.1,126.86,729.1,4.44,103.81,0.0784,20.17,14.26,21.06,75.0,1500.0,15.2,healthy,0.0
healthy_0,938,1789812902.4021802,4692.5,126.73,731.04,4.38,103.95,0.0763,20.42,14.27,21.09,75.0,1500.0,15.2,healthy,0.0
healthy_0,939,1789812903.4021802,4689.9,126.37,734.63,4.41,103.95,0.072,20.52,14.33,20.98,75.0,1500.0,15.2,healthy,0.0
healthy_0,940,1789812904.4021802,4688.1,126.43,734.79,4.45,104.08,0.0829,20.44,14.31,21.29,75.0,1500.0,15.2,healthy,0.0
healthy_0,941,1789812905.4021802,4689.3,126.4,735.06,4.47,103.9,0.0724,20.52,14.34,21.18,75.0,1500.0,15.2,healthy,0.0
healthy_0,942,1789812906.4021802,4698.2,126.68,736.85,4.41,103.94,0.0823,20.5,14.31,21.05,75.0,1500.0,15.2,healthy,0.0
healthy_0,943,1789812907.4021802,4692.1,126.71,733.49,4.36,104.01,0.0752,20.62,14.37,21.4,75.0,1500.0,15.2,healthy,0.0
healthy_0,944,1789812908.4021802,4716.0,126.36,736.08,4.4,103.9,0.0699,20.25,14.36,21.21,75.0,1500.0,15.2,healthy,0.0
healthy_0,945,1789812909.4021802,4733.8,126.3,732.45,4.41,103.91,0.0693,20.42,14.37,21.1,75.0,1500.0,15.2,healthy,0.0
healthy_0,946,1789812910.4021802,4713.8,126.35,736.16,4.34,103.96,0.072,20.46,14.35,21.03,75.0,1500.0,15.2,healthy,0.0
healthy_0,947,1789812911.4021802,4694.9,126.28,729.21,4.4,103.84,0.0759,20.21,14.36,21.09,75.0,1500.0,15.2,healthy,0.0
healthy_0,948,1789812912.4021802,4694.8,126.29,731.63,4.34,103.78,0.0754,20.25,14.38,21.34,75.0,1500.0,15.2,healthy,0.0
healthy_0,949,1789812913.4021802,4710.4,126.25,738.91,4.33,103.91,0.0703,20.27,14.38,20.99,75.0,1500.0,15.2,healthy,0.0
healthy_0,950,1789812914.4021802,4690.9,126.59,741.76,4.27,104.01,0.0733,20.22,14.45,20.88,75.0,1500.0,15.2,healthy,0.0
healthy_0,951,1789812915.4021802,4658.8,126.46,735.01,4.37,104.11,0.0679,20.31,14.44,20.98,75.0,1500.0,15.2,healthy,0.0
healthy_0,952,1789812916.4021802,4648.1,126.15,735.94,4.34,104.13,0.0665,20.34,14.39,21.3,75.0,1500.0,15.2,healthy,0.0
healthy_0,953,1789812917.4021802,4659.4,126.05,735.75,4.36,104.09,0.0652,20.45,14.28,21.02,75.0,1500.0,15.2,healthy,0.0
healthy_0,954,1789812918.4021802,4679.5,125.87,736.26,4.26,103.99,0.0707,20.34,14.31,20.7,75.0,1500.0,15.2,healthy,0.0
healthy_0,955,1789812919.4021802,4659.4,125.8,734.1,4.24,104.08,0.0698,20.21,14.31,20.98,75.0,1500.0,15.2,healthy,0.0
healthy_0,956,1789812920.4021802,4639.5,125.99,734.56,4.2,104.23,0.076,20.19,14.36,21.0,75.0,1500.0,15.2,healthy,0.0
healthy_0,957,1789812921.4021802,4650.3,125.95,738.43,4.2,104.14,0.0763,20.11,14.32,21.27,75.0,1500.0,15.2,healthy,0.0
healthy_0,958,1789812922.4021802,4655.1,125.86,746.58,4.23,104.09,0.0702,20.15,14.3,21.27,75.0,1500.0,15.2,healthy,0.0
healthy_0,959,1789812923.4021802,4681.1,125.69,748.49,4.13,103.9,0.0784,19.94,14.26,21.78,75.0,1500.0,15.2,healthy,0.0
healthy_0,960,1789812924.4021802,4687.7,126.03,749.9,4.16,103.65,0.0743,19.97,14.26,21.63,75.0,1500.0,15.2,healthy,0.0
healthy_0,961,1789812925.4021802,4675.8,125.89,748.75,4.21,103.5,0.0749,20.13,14.22,21.39,75.0,1500.0,15.2,healthy,0.0
healthy_0,962,1789812926.4021802,4674.2,126.03,745.86,4.23,103.6,0.0634,20.22,14.15,21.52,75.0,1500.0,15.2,healthy,0.0
healthy_0,963,1789812927.4021802,4685.8,126.14,738.69,4.21,103.56,0.0715,20.34,14.12,21.06,75.0,1500.0,15.2,healthy,0.0
healthy_0,964,1789812928.4021802,4695.2,126.56,736.33,4.19,103.54,0.0649,20.32,14.13,21.14,75.0,1500.0,15.2,healthy,0.0
healthy_0,965,1789812929.4021802,4698.5,126.55,736.19,4.25,103.45,0.0642,20.18,14.2,21.3,75.0,1500.0,15.2,healthy,0.0
healthy_0,966,1789812930.4021802,4717.7,126.59,740.0,4.21,103.34,0.0605,20.12,14.21,21.05,75.0,1500.0,15.2,healthy,0.0
healthy_0,967,1789812931.4021802,4701.9,126.74,743.06,4.36,103.36,0.0697,20.28,14.28,21.19,75.0,1500.0,15.2,healthy,0.0
healthy_0,968,1789812932.4021802,4688.3,126.88,743.34,4.23,103.26,0.0716,20.27,14.28,21.22,75.0,1500.0,15.2,healthy,0.0
healthy_0,969,1789812933.4021802,4734.0,127.15,739.34,4.34,103.34,0.0658,20.27,14.3,21.03,75.0,1500.0,15.2,healthy,0.0
healthy_0,970,1789812934.4021802,4706.3,126.87,738.17,4.32,103.35,0.076,20.31,14.31,21.12,75.0,1500.0,15.2,healthy,0.0
healthy_0,971,1789812935.4021802,4708.3,126.85,743.11,4.32,103.16,0.067,20.35,14.18,21.4,75.0,1500.0,15.2,healthy,0.0
healthy_0,972,1789812936.4021802,4713.0,126.95,739.75,4.23,103.18,0.0701,20.13,14.16,21.14,75.0,1500.0,15.2,healthy,0.0
healthy_0,973,1789812937.4021802,4696.2,127.13,737.73,4.24,103.26,0.0699,20.15,14.18,21.26,75.0,1500.0,15.2,healthy,0.0
healthy_0,974,1789812938.4021802,4714.7,127.05,738.86,4.31,103.16,0.0679,20.42,14.18,21.2,75.0,1500.0,15.2,healthy,0.0
healthy_0,975,1789812939.4021802,4710.2,126.93,742.78,4.37,103.29,0.0659,20.38,14.18,20.81,75.0,1500.0,15.2,healthy,0.0
healthy_0,976,1789812940.4021802,4702.4,126.74,736.08,4.35,103.51,0.0746,20.49,14.19,20.76,75.0,1500.0,15.2,healthy,0.0
healthy_0,977,1789812941.4021802,4717.0,126.92,739.95,4.34,103.48,0.0771,20.51,14.15,20.64,75.0,1500.0,15.2,healthy,0.0
healthy_0,978,1789812942.4021802,4699.5,126.83,744.07,4.34,103.38,0.0696,20.41,14.2,20.93,75.0,1500.0,15.2,healthy,0.0
healthy_0,979,1789812943.4021802,4696.4,126.5,744.18,4.33,103.48,0.0723,20.54,14.13,21.32,75.0,1500.0,15.2,healthy,0.0
healthy_0,980,1789812944.4021802,4697.7,126.81,741.4,4.36,103.47,0.0662,20.53,14.12,21.3,75.0,1500.0,15.2,healthy,0.0
healthy_0,981,1789812945.4021802,4705.9,126.75,742.38,4.33,103.35,0.0633,20.42,14.12,21.18,75.0,1500.0,15.2,healthy,0.0
healthy_0,982,1789812946.4021802,4754.8,126.88,738.42,4.23,103.55,0.0656,20.37,14.18,21.08,75.0,1500.0,15.2,healthy,0.0
healthy_0,983,1789812947.4021802,4734.2,127.22,735.95,4.18,103.46,0.0682,20.24,14.23,21.33,75.0,1500.0,15.2,healthy,0.0
healthy_0,984,1789812948.4021802,4720.7,127.55,743.06,4.25,103.28,0.0733,20.13,14.23,21.33,75.0,1500.0,15.2,healthy,0.0
healthy_0,985,1789812949.4021802,4731.0,127.08,740.58,4.27,103.33,0.0831,20.04,14.25,21.24,75.0,1500.0,15.2,healthy,0.0
healthy_0,986,1789812950.4021802,4724.9,126.7,742.94,4.32,103.4,0.09,20.18,14.2,21.38,75.0,1500.0,15.2,healthy,0.0
healthy_0,987,1789812951.4021802,4727.1,126.9,744.37,4.36,103.38,0.0834,20.3,14.24,21.56,75.0,1500.0,15.2,healthy,0.0
healthy_0,988,1789812952.4021802,4704.1,126.8,742.98,4.4,103.45,0.0791,20.34,14.3,21.42,75.0,1500.0,15.2,healthy,0.0
healthy_0,989,1789812953.4021802,4696.9,127.0,736.52,4.46,103.33,0.0731,20.28,14.3,21.47,75.0,1500.0,15.2,healthy,0.0
healthy_0,990,1789812954.4021802,4682.4,126.91,737.19,4.37,103.54,0.0729,20.23,14.3,21.64,75.0,1500.0,15.2,healthy,0.0
healthy_0,991,1789812955.4021802,4687.5,126.75,736.85,4.43,103.54,0.0626,20.04,14.3,21.43,75.0,1500.0,15.2,healthy,0.0
healthy_0,992,1789812956.4021802,4710.0,126.82,735.12,4.42,103.56,0.0618,20.15,14.29,21.21,75.0,1500.0,15.2,healthy,0.0
healthy_0,993,1789812957.4021802,4707.8,126.53,738.46,4.43,103.37,0.0666,20.08,14.24,21.24,75.0,1500.0,15.2,healthy,0.0
healthy_0,994,1789812958.4021802,4705.9,126.92,737.34,4.43,103.54,0.0763,20.22,14.24,21.01,75.0,1500.0,15.2,healthy,0.0
healthy_0,995,1789812959.4021802,4696.8,127.0,736.51,4.38,103.55,0.0778,20.49,14.26,21.18,75.0,1500.0,15.2,healthy,0.0
healthy_0,996,1789812960.4021802,4711.0,127.41,734.48,4.39,103.63,0.0694,20.39,14.25,21.29,75.0,1500.0,15.2,healthy,0.0
healthy_0,997,1789812961.4021802,4712.0,127.23,739.14,4.45,103.51,0.0689,20.43,14.2,21.32,75.0,1500.0,15.2,healthy,0.0
healthy_0,998,1789812962.4021802,4707.1,127.13,736.34,4.42,103.51,0.0583,20.36,14.15,21.04,75.0,1500.0,15.2,healthy,0.0
healthy_0,999,1789812963.4021802,4718.3,127.34,736.41,4.43,103.75,0.0605,20.36,14.15,21.16,75.0,1500.0,15.2,healthy,0.0
healthy_0,1000,1789812964.4021802,4711.2,127.2,739.75,4.47,103.69,0.0715,20.45,14.23,21.0,75.0,1500.0,15.2,healthy,0.0
healthy_0,1001,1789812965.4021802,4715.5,127.18,737.68,4.38,103.68,0.0748,20.42,14.22,21.14,75.0,1500.0,15.2,healthy,0.0
healthy_0,1002,1789812966.4021802,4704.6,126.96,739.12,4.41,103.63,0.0717,20.36,14.22,21.14,75.0,1500.0,15.2,healthy,0.0
healthy_0,1003,1789812967.4021802,4711.5,126.62,742.33,4.37,103.66,0.0689,20.09,14.22,21.08,75.0,1500.0,15.2,healthy,0.0
healthy_0,1004,1789812968.4021802,4719.9,126.59,744.43,4.32,103.5,0.07,20.16,14.27,21.54,75.0,1500.0,15.2,healthy,0.0
healthy_0,1005,1789812969.4021802,4719.8,126.77,742.67,4.33,103.48,0.0729,20.08,14.22,21.18,75.0,1500.0,15.2,healthy,0.0
healthy_0,1006,1789812970.4021802,4716.8,126.92,741.4,4.34,103.39,0.0687,20.17,14.14,21.15,75.0,1500.0,15.2,healthy,0.0
healthy_0,1007,1789812971.4021802,4699.0,126.93,737.95,4.34,103.47,0.0663,20.07,14.23,21.03,75.0,1500.0,15.2,healthy,0.0
healthy_0,1008,1789812972.4021802,4698.8,127.02,744.0,4.42,103.71,0.0712,20.06,14.26,21.05,75.0,1500.0,15.2,healthy,0.0
healthy_0,1009,1789812973.4021802,4686.6,126.94,739.31,4.4,103.76,0.0745,20.08,14.21,21.15,75.0,1500.0,15.2,healthy,0.0
healthy_0,1010,1789812974.4021802,4697.1,126.78,736.78,4.33,103.57,0.0725,19.83,14.21,21.4,75.0,1500.0,15.2,healthy,0.0
healthy_0,1011,1789812975.4021802,4723.8,126.73,738.75,4.3,103.81,0.0737,20.1,14.22,21.47,75.0,1500.0,15.2,healthy,0.0
healthy_0,1012,1789812976.4021802,4726.2,126.82,740.63,4.35,103.82,0.0829,20.27,14.18,21.23,75.0,1500.0,15.2,healthy,0.0
healthy_0,1013,1789812977.4021802,4717.2,126.76,740.58,4.33,103.89,0.0819,20.11,14.25,21.14,75.0,1500.0,15.2,healthy,0.0
healthy_0,1014,1789812978.4021802,4740.2,126.63,744.37,4.39,103.84,0.0777,20.13,14.24,21.2,75.0,1500.0,15.2,healthy,0.0
healthy_0,1015,1789812979.4021802,4732.2,126.71,747.91,4.44,103.84,0.0776,20.07,14.22,21.22,75.0,1500.0,15.2,healthy,0.0
healthy_0,1016,1789812980.4021802,4740.9,126.77,744.0,4.48,103.95,0.0763,20.2,14.25,21.06,75.0,1500.0,15.2,healthy,0.0
healthy_0,1017,1789812981.4021802,4737.5,126.72,743.48,4.42,104.01,0.0689,20.32,14.2,20.97,75.0,1500.0,15.2,healthy,0.0
healthy_0,1018,1789812982.4021802,4729.0,126.66,746.04,4.28,104.0,0.0678,20.45,14.21,21.31,75.0,1500.0,15.2,healthy,0.0
healthy_0,1019,1789812983.4021802,4712.5,126.73,741.38,4.41,103.92,0.0675,20.41,14.19,21.35,75.0,1500.0,15.2,healthy,0.0
healthy_0,1020,1789812984.4021802,4708.8,126.37,739.63,4.22,103.84,0.0664,20.32,14.25,21.31,75.0,1500.0,15.2,healthy,0.0
healthy_0,1021,1789812985.4021802,4719.9,126.74,740.63,4.17,103.92,0.0746,20.35,14.23,21.14,75.0,1500.0,15.2,healthy,0.0
healthy_0,1022,1789812986.4021802,4729.7,126.65,738.58,4.28,103.82,0.0727,20.35,14.23,21.15,75.0,1500.0,15.2,healthy,0.0
healthy_0,1023,1789812987.4021802,4680.0,126.76,733.75,4.26,103.83,0.068,20.47,14.23,21.3,75.0,1500.0,15.2,healthy,0.0
healthy_0,1024,1789812988.4021802,4681.9,126.75,737.35,4.24,103.83,0.0629,20.37,14.25,21.29,75.0,1500.0,15.2,healthy,0.0
healthy_0,1025,1789812989.4021802,4654.9,126.62,734.76,4.25,103.87,0.0648,20.22,14.19,21.16,75.0,1500.0,15.2,healthy,0.0
healthy_0,1026,1789812990.4021802,4641.1,126.49,737.34,4.23,103.87,0.0768,20.19,14.19,21.21,75.0,1500.0,15.2,healthy,0.0
healthy_0,1027,1789812991.4021802,4659.4,126.15,733.17,4.31,104.17,0.0762,20.15,14.2,21.4,75.0,1500.0,15.2,healthy,0.0
healthy_0,1028,1789812992.4021802,4665.0,126.29,737.15,4.27,104.31,0.0804,20.11,14.24,21.32,75.0,1500.0,15.2,healthy,0.0
healthy_0,1029,1789812993.4021802,4673.1,126.48,737.53,4.33,104.16,0.0749,20.07,14.21,21.38,75.0,1500.0,15.2,healthy,0.0
healthy_0,1030,1789812994.4021802,4654.5,126.42,735.88,4.3,104.16,0.077,20.07,14.11,21.26,75.0,1500.0,15.2,healthy,0.0
healthy_0,1031,1789812995.4021802,4678.5,126.36,737.86,4.36,104.18,0.0805,20.24,14.15,21.39,75.0,1500.0,15.2,healthy,0.0
healthy_0,1032,1789812996.4021802,4684.7,126.2,740.04,4.39,104.16,0.0805,20.07,14.12,21.23,75.0,1500.0,15.2,healthy,0.0
healthy_0,1033,1789812997.4021802,4712.6,126.31,739.85,4.37,104.18,0.0707,20.21,14.12,21.05,75.0,1500.0,15.2,healthy,0.0
healthy_0,1034,1789812998.4021802,4707.4,126.23,742.6,4.32,104.27,0.0773,20.25,14.15,21.3,75.0,1500.0,15.2,healthy,0.0
healthy_0,1035,1789812999.4021802,4696.1,126.4,742.29,4.3,104.29,0.0697,20.01,14.11,21.35,75.0,1500.0,15.2,healthy,0.0
healthy_0,1036,1789813000.4021802,4689.5,126.32,747.8,4.32,104.24,0.0772,20.09,14.14,21.22,75.0,1500.0,15.2,healthy,0.0
healthy_0,1037,1789813001.4021802,4707.7,126.68,745.53,4.25,104.31,0.0669,20.2,14.21,21.06,75.0,1500.0,15.2,healthy,0.0
healthy_0,1038,1789813002.4021802,4727.7,126.2,744.04,4.33,104.28,0.0687,20.17,14.14,21.03,75.0,1500.0,15.2,healthy,0.0
healthy_0,1039,1789813003.4021802,4717.5,126.36,740.77,4.32,104.16,0.0663,20.19,14.1,20.91,75.0,1500.0,15.2,healthy,0.0
healthy_0,1040,1789813004.4021802,4721.4,126.33,741.35,4.31,104.2,0.0709,20.19,14.11,20.97,75.0,1500.0,15.2,healthy,0.0
healthy_0,1041,1789813005.4021802,4726.0,126.08,740.62,4.29,104.05,0.0545,20.07,14.12,21.14,75.0,1500.0,15.2,healthy,0.0
healthy_0,1042,1789813006.4021802,4706.2,125.93,740.45,4.23,104.17,0.0619,20.15,14.17,21.25,75.0,1500.0,15.2,healthy,0.0
healthy_0,1043,1789813007.4021802,4694.6,126.01,741.7,4.29,104.18,0.0677,20.41,14.19,21.35,75.0,1500.0,15.2,healthy,0.0
healthy_0,1044,1789813008.4021802,4684.7,126.16,740.85,4.26,104.07,0.0778,20.37,14.07,21.27,75.0,1500.0,15.2,healthy,0.0
healthy_0,1045,1789813009.4021802,4702.5,126.49,738.28,4.34,103.98,0.0707,20.39,14.14,21.26,75.0,1500.0,15.2,healthy,0.0
healthy_0,1046,1789813010.4021802,4704.0,126.32,742.03,4.4,103.88,0.0717,20.3,14.19,21.08,75.0,1500.0,15.2,healthy,0.0
healthy_0,1047,1789813011.4021802,4706.0,126.67,745.71,4.4,103.88,0.0765,20.25,14.19,21.26,75.0,1500.0,15.2,healthy,0.0
healthy_0,1048,1789813012.4021802,4708.0,126.76,744.97,4.37,103.98,0.0727,20.19,14.25,20.95,75.0,1500.0,15.2,healthy,0.0
healthy_0,1049,1789813013.4021802,4723.0,126.6,744.88,4.43,103.96,0.0713,20.09,14.17,21.31,75.0,1500.0,15.2,healthy,0.0
healthy_0,1050,1789813014.4021802,4708.0,126.9,740.2,4.35,103.97,0.081,19.93,14.12,21.21,75.0,1500.0,15.2,healthy,0.0
healthy_0,1051,1789813015.4021802,4699.7,126.87,739.46,4.36,104.04,0.0799,20.01,14.11,21.09,75.0,1500.0,15.2,healthy,0.0
healthy_0,1052,1789813016.4021802,4694.6,126.9,744.36,4.35,104.15,0.081,20.04,14.11,21.34,75.0,1500.0,15.2,healthy,0.0
healthy_0,1053,1789813017.4021802,4685.1,127.18,746.42,4.42,104.03,0.0779,20.02,14.01,21.07,75.0,1500.0,15.2,healthy,0.0
healthy_0,1054,1789813018.4021802,4679.6,127.38,743.99,4.39,104.0,0.0736,20.02,14.0,21.29,75.0,1500.0,15.2,healthy,0.0
healthy_0,1055,1789813019.4021802,4674.7,126.95,742.75,4.34,103.92,0.0702,19.96,13.99,20.93,75.0,1500.0,15.2,healthy,0.0
healthy_0,1056,1789813020.4021802,4694.5,127.03,743.81,4.39,103.73,0.0685,19.92,14.07,20.75,75.0,1500.0,15.2,healthy,0.0
healthy_0,1057,1789813021.4021802,4683.3,126.84,738.62,4.37,103.58,0.0744,19.98,14.05,21.09,75.0,1500.0,15.2,healthy,0.0
healthy_0,1058,1789813022.4021802,4675.2,126.7,741.88,4.41,103.47,0.0747,19.94,14.12,21.36,75.0,1500.0,15.2,healthy,0.0
healthy_0,1059,1789813023.4021802,4721.9,126.51,740.42,4.45,103.48,0.0752,20.17,14.07,21.01,75.0,1500.0,15.2,healthy,0.0
healthy_0,1060,1789813024.4021802,4702.2,126.49,738.47,4.42,103.54,0.0844,20.1,14.1,21.27,75.0,1500.0,15.2,healthy,0.0
healthy_0,1061,1789813025.4021802,4690.5,126.51,739.39,4.39,103.7,0.0849,20.16,14.05,21.18,75.0,1500.0,15.2,healthy,0.0
healthy_0,1062,1789813026.4021802,4693.5,126.59,738.83,4.39,103.65,0.0827,20.21,13.98,21.28,75.0,1500.0,15.2,healthy,0.0
healthy_0,1063,1789813027.4021802,4686.5,126.41,737.86,4.36,103.69,0.0802,20.2,14.01,21.4,75.0,1500.0,15.2,healthy,0.0
healthy_0,1064,1789813028.4021802,4684.2,126.33,743.98,4.39,103.67,0.0748,20.18,14.04,20.95,75.0,1500.0,15.2,healthy,0.0
healthy_0,1065,1789813029.4021802,4660.9,125.91,743.65,4.42,103.76,0.0815,20.11,14.0,20.97,75.0,1500.0,15.2,healthy,0.0
healthy_0,1066,1789813030.4021802,4671.5,126.31,746.55,4.41,103.66,0.0842,20.09,14.07,21.17,75.0,1500.0,15.2,healthy,0.0
healthy_0,1067,1789813031.4021802,4681.5,126.57,744.62,4.35,103.59,0.0775,20.12,14.06,20.7,75.0,1500.0,15.2,healthy,0.0
healthy_0,1068,1789813032.4021802,4674.4,126.51,744.25,4.36,103.53,0.0689,20.14,14.08,20.62,75.0,1500.0,15.2,healthy,0.0
healthy_0,1069,1789813033.4021802,4697.9,126.35,738.54,4.33,103.52,0.0637,20.23,14.12,21.06,75.0,1500.0,15.2,healthy,0.0
healthy_0,1070,1789813034.4021802,4706.4,126.07,734.84,4.3,103.79,0.0677,20.2,14.13,20.92,75.0,1500.0,15.2,healthy,0.0
healthy_0,1071,1789813035.4021802,4715.1,126.11,733.58,4.38,103.81,0.0718,20.19,14.19,21.4,75.0,1500.0,15.2,healthy,0.0
healthy_0,1072,1789813036.4021802,4736.8,126.04,738.01,4.31,103.9,0.0605,20.29,14.23,21.36,75.0,1500.0,15.2,healthy,0.0
healthy_0,1073,1789813037.4021802,4744.9,126.1,736.31,4.29,103.92,0.0608,20.23,14.21,21.22,75.0,1500.0,15.2,healthy,0.0
healthy_0,1074,1789813038.4021802,4721.7,126.31,733.8,4.36,103.74,0.0665,20.27,14.25,21.14,75.0,1500.0,15.2,healthy,0.0
healthy_0,1075,1789813039.4021802,4715.6,126.73,731.92,4.4,103.76,0.0811,20.08,14.27,21.17,75.0,1500.0,15.2,healthy,0.0
healthy_0,1076,1789813040.4021802,4715.5,126.62,736.8,4.39,103.82,0.0843,20.04,14.37,20.98,75.0,1500.0,15.2,healthy,0.0
healthy_0,1077,1789813041.4021802,4725.7,126.45,737.66,4.35,103.86,0.0789,20.09,14.35,21.27,75.0,1500.0,15.2,healthy,0.0
healthy_0,1078,1789813042.4021802,4700.2,126.72,734.7,4.37,103.75,0.0771,20.15,14.26,21.4,75.0,1500.0,15.2,healthy,0.0
healthy_0,1079,1789813043.4021802,4715.5,126.56,737.06,4.31,103.64,0.0784,20.13,14.32,20.91,75.0,1500.0,15.2,healthy,0.0
healthy_0,1080,1789813044.4021802,4695.9,126.55,740.59,4.37,103.61,0.0756,20.01,14.32,20.51,75.0,1500.0,15.2,healthy,0.0
healthy_0,1081,1789813045.4021802,4705.4,126.32,736.32,4.38,103.61,0.0733,19.99,14.25,20.96,75.0,1500.0,15.2,healthy,0.0
healthy_0,1082,1789813046.4021802,4701.0,125.9,740.25,4.38,103.69,0.0773,19.92,14.23,20.93,75.0,1500.0,15.2,healthy,0.0
healthy_0,1083,1789813047.4021802,4696.1,125.82,744.22,4.38,103.75,0.0735,19.89,14.24,20.83,75.0,1500.0,15.2,healthy,0.0
healthy_0,1084,1789813048.4021802,4703.9,125.65,749.69,4.42,103.77,0.0639,19.98,14.27,20.93,75.0,1500.0,15.2,healthy,0.0
healthy_0,1085,1789813049.4021802,4699.7,125.64,746.51,4.34,103.83,0.0594,20.06,14.28,21.21,75.0,1500.0,15.2,healthy,0.0
healthy_0,1086,1789813050.4021802,4708.7,125.55,743.57,4.38,103.82,0.0671,19.96,14.27,21.09,75.0,1500.0,15.2,healthy,0.0
healthy_0,1087,1789813051.4021802,4707.5,125.78,741.16,4.42,103.8,0.0696,20.1,14.26,20.91,75.0,1500.0,15.2,healthy,0.0
healthy_0,1088,1789813052.4021802,4702.3,126.25,742.16,4.37,103.86,0.0791,20.16,14.29,21.26,75.0,1500.0,15.2,healthy,0.0
healthy_0,1089,1789813053.4021802,4671.5,126.19,743.71,4.37,103.91,0.0792,20.3,14.31,21.33,75.0,1500.0,15.2,healthy,0.0
healthy_0,1090,1789813054.4021802,4679.7,126.45,743.15,4.34,103.97,0.0866,20.32,14.26,21.31,75.0,1500.0,15.2,healthy,0.0
healthy_0,1091,1789813055.4021802,4658.5,125.85,745.06,4.42,104.1,0.0828,20.51,14.23,21.16,75.0,1500.0,15.2,healthy,0.0
healthy_0,1092,1789813056.4021802,4669.0,125.78,745.84,4.43,104.23,0.0815,20.51,14.34,21.14,75.0,1500.0,15.2,healthy,0.0
healthy_0,1093,1789813057.4021802,4698.7,125.73,742.85,4.46,104.21,0.072,20.47,14.39,21.48,75.0,1500.0,15.2,healthy,0.0
healthy_0,1094,1789813058.4021802,4690.8,125.9,740.49,4.41,104.16,0.0791,20.45,14.36,21.27,75.0,1500.0,15.2,healthy,0.0
healthy_0,1095,1789813059.4021802,4664.7,125.88,738.15,4.46,104.22,0.0785,20.38,14.32,21.33,75.0,1500.0,15.2,healthy,0.0
healthy_0,1096,1789813060.4021802,4682.9,125.91,740.08,4.51,104.22,0.0719,20.3,14.35,21.28,75.0,1500.0,15.2,healthy,0.0
healthy_0,1097,1789813061.4021802,4695.6,126.18,744.77,4.46,104.21,0.0713,20.38,14.28,21.27,75.0,1500.0,15.2,healthy,0.0
healthy_0,1098,1789813062.4021802,4720.6,126.44,745.85,4.49,104.19,0.0653,20.26,14.27,21.23,75.0,1500.0,15.2,healthy,0.0
healthy_0,1099,1789813063.4021802,4707.3,126.53,745.97,4.38,104.34,0.0694,20.07,14.23,21.2,75.0,1500.0,15.2,healthy,0.0
healthy_0,1100,1789813064.4021802,4692.9,126.52,743.44,4.42,104.3,0.0654,19.92,14.3,21.38,75.0,1500.0,15.2,healthy,0.0
healthy_0,1101,1789813065.4021802,4691.5,126.76,743.82,4.47,104.48,0.0701,19.97,14.21,21.42,75.0,1500.0,15.2,healthy,0.0
healthy_0,1102,1789813066.4021802,4679.4,126.7,746.22,4.41,104.5,0.0744,19.91,14.17,21.33,75.0,1500.0,15.2,healthy,0.0
healthy_0,1103,1789813067.4021802,4683.5,127.08,745.22,4.44,104.47,0.0775,20.09,14.15,21.17,75.0,1500.0,15.2,healthy,0.0
healthy_0,1104,1789813068.4021802,4687.7,127.16,748.45,4.4,104.59,0.0769,20.1,14.1,21.49,75.0,1500.0,15.2,healthy,0.0
healthy_0,1105,1789813069.4021802,4688.1,127.24,753.2,4.5,104.43,0.0828,20.28,14.11,20.9,75.0,1500.0,15.2,healthy,0.0
healthy_0,1106,1789813070.4021802,4675.3,126.85,746.38,4.53,104.46,0.0819,20.22,14.14,21.25,75.0,1500.0,15.2,healthy,0.0
healthy_0,1107,1789813071.4021802,4683.8,126.96,738.56,4.57,104.44,0.07,20.24,14.11,21.52,75.0,1500.0,15.2,healthy,0.0
healthy_0,1108,1789813072.4021802,4672.2,126.66,740.11,4.57,104.42,0.0722,20.36,14.14,21.47,75.0,1500.0,15.2,healthy,0.0
healthy_0,1109,1789813073.4021802,4684.5,126.47,736.16,4.51,104.52,0.0738,20.32,14.05,21.47,75.0,1500.0,15.2,healthy,0.0
healthy_0,1110,1789813074.4021802,4684.9,126.47,737.95,4.49,104.55,0.0765,20.22,14.03,21.31,75.0,1500.0,15.2,healthy,0.0
healthy_0,1111,1789813075.4021802,4685.2,126.58,738.81,4.48,104.44,0.0719,20.19,14.04,21.25,75.0,1500.0,15.2,healthy,0.0
healthy_0,1112,1789813076.4021802,4667.4,126.98,740.78,4.44,104.4,0.0682,20.07,14.06,20.99,75.0,1500.0,15.2,healthy,0.0
healthy_0,1113,1789813077.4021802,4667.3,127.04,742.0,4.32,104.35,0.0764,20.07,14.15,21.16,75.0,1500.0,15.2,healthy,0.0
healthy_0,1114,1789813078.4021802,4684.4,127.01,736.06,4.25,104.29,0.0728,20.08,14.06,20.92,75.0,1500.0,15.2,healthy,0.0
healthy_0,1115,1789813079.4021802,4672.2,126.81,740.08,4.27,104.29,0.0645,20.1,14.0,21.13,75.0,1500.0,15.2,healthy,0.0
healthy_0,1116,1789813080.4021802,4654.2,126.56,737.01,4.35,104.17,0.0641,20.1,14.09,21.08,75.0,1500.0,15.2,healthy,0.0
healthy_0,1117,1789813081.4021802,4679.5,126.74,736.47,4.37,103.95,0.0639,20.12,14.08,21.51,75.0,1500.0,15.2,healthy,0.0
healthy_0,1118,1789813082.4021802,4680.4,126.95,737.56,4.31,103.96,0.0639,20.03,14.15,21.18,75.0,1500.0,15.2,healthy,0.0
healthy_0,1119,1789813083.4021802,4683.9,126.8,736.75,4.29,103.83,0.0734,20.1,14.21,21.21,75.0,1500.0,15.2,healthy,0.0
healthy_0,1120,1789813084.4021802,4673.1,126.62,735.32,4.28,103.79,0.0676,20.21,14.3,21.17,75.0,1500.0,15.2,healthy,0.0
healthy_0,1121,1789813085.4021802,4656.5,126.75,736.71,4.23,103.65,0.0636,20.21,14.19,21.02,75.0,1500.0,15.2,healthy,0.0
healthy_0,1122,1789813086.4021802,4667.7,126.78,738.68,4.23,103.57,0.0585,20.04,14.16,21.19,75.0,1500.0,15.2,healthy,0.0
healthy_0,1123,1789813087.4021802,4703.0,126.64,740.51,4.29,103.57,0.0646,20.16,14.27,21.06,75.0,1500.0,15.2,healthy,0.0
healthy_0,1124,1789813088.4021802,4704.0,126.63,733.64,4.27,103.32,0.0662,20.21,14.26,21.05,75.0,1500.0,15.2,healthy,0.0
healthy_0,1125,1789813089.4021802,4705.8,126.83,734.87,4.33,103.2,0.0693,20.38,14.31,21.21,75.0,1500.0,15.2,healthy,0.0
healthy_0,1126,1789813090.4021802,4692.3,127.1,733.28,4.3,103.17,0.0636,20.18,14.34,21.09,75.0,1500.0,15.2,healthy,0.0
healthy_0,1127,1789813091.4021802,4732.3,127.08,733.35,4.44,103.19,0.0592,20.16,14.3,21.34,75.0,1500.0,15.2,healthy,0.0
healthy_0,1128,1789813092.4021802,4719.4,127.07,733.53,4.58,103.0,0.0634,20.14,14.29,21.36,75.0,1500.0,15.2,healthy,0.0
healthy_0,1129,1789813093.4021802,4712.8,127.1,739.04,4.53,103.16,0.0701,20.32,14.16,21.31,75.0,1500.0,15.2,healthy,0.0
healthy_0,1130,1789813094.4021802,4723.9,127.55,736.13,4.35,103.19,0.0685,20.15,14.15,21.07,75.0,1500.0,15.2,healthy,0.0
healthy_0,1131,1789813095.4021802,4710.4,127.58,734.76,4.28,103.18,0.075,20.19,14.14,21.16,75.0,1500.0,15.2,healthy,0.0
healthy_0,1132,1789813096.4021802,4693.2,127.54,735.29,4.31,103.17,0.0728,20.23,14.17,21.33,75.0,1500.0,15.2,healthy,0.0
healthy_0,1133,1789813097.4021802,4688.1,127.39,729.66,4.35,103.08,0.0744,20.28,14.08,21.26,75.0,1500.0,15.2,healthy,0.0
healthy_0,1134,1789813098.4021802,4684.9,127.58,734.11,4.39,103.02,0.0717,20.27,14.09,21.3,75.0,1500.0,15.2,healthy,0.0
healthy_0,1135,1789813099.4021802,4712.0,127.36,739.15,4.37,103.12,0.0756,20.15,14.16,20.91,75.0,1500.0,15.2,healthy,0.0
healthy_0,1136,1789813100.4021802,4699.0,127.18,736.97,4.37,103.07,0.0723,20.19,14.14,21.27,75.0,1500.0,15.2,healthy,0.0
healthy_0,1137,1789813101.4021802,4684.1,126.84,738.41,4.39,103.11,0.0773,20.26,14.08,21.25,75.0,1500.0,15.2,healthy,0.0
healthy_0,1138,1789813102.4021802,4677.7,126.52,739.24,4.34,103.32,0.0667,20.3,14.12,21.13,75.0,1500.0,15.2,healthy,0.0
healthy_0,1139,1789813103.4021802,4676.9,126.62,736.72,4.34,103.34,0.0677,20.32,14.12,20.98,75.0,1500.0,15.2,healthy,0.0
healthy_0,1140,1789813104.4021802,4684.1,126.75,739.39,4.36,103.24,0.0585,20.5,14.08,21.11,75.0,1500.0,15.2,healthy,0.0
healthy_0,1141,1789813105.4021802,4692.9,126.77,743.69,4.34,103.11,0.072,20.44,14.08,21.22,75.0,1500.0,15.2,healthy,0.0
healthy_0,1142,1789813106.4021802,4705.6,126.9,739.05,4.25,103.11,0.0717,20.33,14.14,21.31,75.0,1500.0,15.2,healthy,0.0
healthy_0,1143,1789813107.4021802,4681.2,126.97,740.47,4.26,102.99,0.0666,20.37,14.14,21.09,75.0,1500.0,15.2,healthy,0.0
healthy_0,1144,1789813108.4021802,4696.7,126.89,741.46,4.32,103.18,0.0739,20.33,14.18,20.84,75.0,1500.0,15.2,healthy,0.0
healthy_0,1145,1789813109.4021802,4707.4,127.27,745.65,4.38,103.12,0.0687,20.26,14.12,21.08,75.0,1500.0,15.2,healthy,0.0
healthy_0,1146,1789813110.4021802,4681.8,127.32,745.05,4.4,103.17,0.0648,20.24,14.14,20.95,75.0,1500.0,15.2,healthy,0.0
healthy_0,1147,1789813111.4021802,4673.4,127.28,745.73,4.38,103.2,0.0689,20.28,14.22,21.15,75.0,1500.0,15.2,healthy,0.0
healthy_0,1148,1789813112.4021802,4669.9,126.98,746.36,4.41,103.17,0.0667,20.13,14.28,21.23,75.0,1500.0,15.2,healthy,0.0
healthy_0,1149,1789813113.4021802,4666.8,126.65,741.89,4.41,103.11,0.0743,20.05,14.22,20.94,75.0,1500.0,15.2,healthy,0.0
healthy_0,1150,1789813114.4021802,4680.3,126.8,738.01,4.4,103.14,0.0778,20.1,14.14,21.18,75.0,1500.0,15.2,healthy,0.0
healthy_0,1151,1789813115.4021802,4683.0,126.77,740.36,4.35,103.27,0.0796,20.17,14.16,21.53,75.0,1500.0,15.2,healthy,0.0
healthy_0,1152,1789813116.4021802,4693.4,127.03,738.92,4.34,103.24,0.0802,20.02,14.13,21.01,75.0,1500.0,15.2,healthy,0.0
healthy_0,1153,1789813117.4021802,4701.5,127.0,744.04,4.37,103.16,0.0703,19.91,14.19,21.36,75.0,1500.0,15.2,healthy,0.0
healthy_0,1154,1789813118.4021802,4702.6,127.39,745.11,4.39,103.2,0.0732,19.9,14.2,21.27,75.0,1500.0,15.2,healthy,0.0
healthy_0,1155,1789813119.4021802,4695.0,127.21,745.63,4.37,103.15,0.0782,20.12,14.26,21.66,75.0,1500.0,15.2,healthy,0.0
healthy_0,1156,1789813120.4021802,4693.5,127.5,746.7,4.32,103.28,0.0738,20.36,14.21,21.42,75.0,1500.0,15.2,healthy,0.0
healthy_0,1157,1789813121.4021802,4702.9,127.49,743.26,4.3,103.36,0.0746,20.37,14.15,21.62,75.0,1500.0,15.2,healthy,0.0
healthy_0,1158,1789813122.4021802,4695.8,127.5,739.88,4.44,103.43,0.0787,20.29,14.13,21.4,75.0,1500.0,15.2,healthy,0.0
healthy_0,1159,1789813123.4021802,4695.2,127.26,738.18,4.36,103.48,0.0797,20.15,14.16,21.26,75.0,1500.0,15.2,healthy,0.0
healthy_0,1160,1789813124.4021802,4693.4,127.49,741.91,4.4,103.53,0.0703,20.14,14.18,21.62,75.0,1500.0,15.2,healthy,0.0
healthy_0,1161,1789813125.4021802,4681.2,127.47,738.64,4.43,103.55,0.0616,20.22,14.19,21.55,75.0,1500.0,15.2,healthy,0.0
healthy_0,1162,1789813126.4021802,4693.0,127.44,741.75,4.35,103.43,0.0667,20.26,14.14,21.29,75.0,1500.0,15.2,healthy,0.0
healthy_0,1163,1789813127.4021802,4726.6,127.43,739.83,4.34,103.33,0.0744,20.13,14.12,21.01,75.0,1500.0,15.2,healthy,0.0
healthy_0,1164,1789813128.4021802,4698.0,127.28,734.45,4.33,103.21,0.0679,20.25,14.13,21.03,75.0,1500.0,15.2,healthy,0.0
healthy_0,1165,1789813129.4021802,4675.0,127.01,736.6,4.32,103.12,0.07,20.21,14.11,21.02,75.0,1500.0,15.2,healthy,0.0
healthy_0,1166,1789813130.4021802,4663.5,126.87,737.55,4.42,103.08,0.0699,20.2,14.07,20.96,75.0,1500.0,15.2,healthy,0.0
healthy_0,1167,1789813131.4021802,4692.2,126.89,736.43,4.37,103.18,0.068,20.32,13.98,20.85,75.0,1500.0,15.2,healthy,0.0
healthy_0,1168,1789813132.4021802,4706.6,126.84,738.73,4.36,103.24,0.0664,20.23,14.09,21.02,75.0,1500.0,15.2,healthy,0.0
healthy_0,1169,1789813133.4021802,4687.8,126.73,737.45,4.29,103.14,0.0725,20.07,14.19,20.86,75.0,1500.0,15.2,healthy,0.0
healthy_0,1170,1789813134.4021802,4669.2,126.84,738.42,4.31,103.22,0.0655,20.08,14.2,21.17,75.0,1500.0,15.2,healthy,0.0
healthy_0,1171,1789813135.4021802,4663.5,126.78,738.88,4.28,103.41,0.0652,20.11,14.19,20.94,75.0,1500.0,15.2,healthy,0.0
healthy_0,1172,1789813136.4021802,4651.5,126.6,742.3,4.31,103.59,0.0709,20.31,14.26,21.2,75.0,1500.0,15.2,healthy,0.0
healthy_0,1173,1789813137.4021802,4669.8,126.71,744.09,4.33,103.58,0.0744,20.27,14.23,21.18,75.0,1500.0,15.2,healthy,0.0
healthy_0,1174,1789813138.4021802,4711.6,126.23,741.9,4.39,103.77,0.0736,20.36,14.21,21.02,75.0,1500.0,15.2,healthy,0.0
healthy_0,1175,1789813139.4021802,4683.0,126.25,742.56,4.44,103.72,0.0767,20.42,14.24,21.24,75.0,1500.0,15.2,healthy,0.0
healthy_0,1176,1789813140.4021802,4688.7,126.61,747.55,4.51,103.81,0.0793,20.53,14.24,21.28,75.0,1500.0,15.2,healthy,0.0
healthy_0,1177,1789813141.4021802,4709.3,126.33,745.3,4.56,103.88,0.0654,20.45,14.23,21.31,75.0,1500.0,15.2,healthy,0.0
healthy_0,1178,1789813142.4021802,4696.2,126.68,742.17,4.44,104.0,0.0691,20.38,14.21,21.31,75.0,1500.0,15.2,healthy,0.0
healthy_0,1179,1789813143.4021802,4683.2,126.99,743.64,4.41,104.08,0.0738,20.31,14.22,21.6,75.0,1500.0,15.2,healthy,0.0
healthy_0,1180,1789813144.4021802,4683.9,126.56,746.21,4.32,103.85,0.0766,20.11,14.18,21.72,75.0,1500.0,15.2,healthy,0.0
healthy_0,1181,1789813145.4021802,4705.8,126.61,743.48,4.33,103.93,0.0793,20.06,14.24,21.53,75.0,1500.0,15.2,healthy,0.0
healthy_0,1182,1789813146.4021802,4725.8,126.57,749.28,4.31,103.83,0.0762,20.09,14.21,21.47,75.0,1500.0,15.2,healthy,0.0
healthy_0,1183,1789813147.4021802,4720.7,126.63,750.98,4.39,103.81,0.0749,20.18,14.11,21.48,75.0,1500.0,15.2,healthy,0.0
healthy_0,1184,1789813148.4021802,4692.2,126.43,748.61,4.4,103.7,0.0764,20.3,14.12,21.21,75.0,1500.0,15.2,healthy,0.0
healthy_0,1185,1789813149.4021802,4683.2,126.62,751.14,4.48,103.77,0.0788,20.3,14.14,21.0,75.0,1500.0,15.2,healthy,0.0
healthy_0,1186,1789813150.4021802,4687.7,126.39,750.47,4.44,103.69,0.0759,20.45,14.1,20.85,75.0,1500.0,15.2,healthy,0.0
healthy_0,1187,1789813151.4021802,4670.2,126.67,747.03,4.37,103.69,0.0732,20.49,14.03,20.97,75.0,1500.0,15.2,healthy,0.0
healthy_0,1188,1789813152.4021802,4680.3,126.83,746.0,4.36,103.64,0.0872,20.62,14.04,21.1,75.0,1500.0,15.2,healthy,0.0
healthy_0,1189,1789813153.4021802,4702.7,126.99,745.93,4.4,103.7,0.085,20.48,14.16,21.5,75.0,1500.0,15.2,healthy,0.0
healthy_0,1190,1789813154.4021802,4702.4,126.94,745.9,4.39,103.71,0.0879,20.53,14.22,21.53,75.0,1500.0,15.2,healthy,0.0
healthy_0,1191,1789813155.4021802,4686.6,126.57,746.64,4.31,103.72,0.0755,20.38,14.22,21.33,75.0,1500.0,15.2,healthy,0.0
healthy_0,1192,1789813156.4021802,4694.8,126.24,743.9,4.34,103.73,0.0752,20.24,14.22,20.86,75.0,1500.0,15.2,healthy,0.0
healthy_0,1193,1789813157.4021802,4685.1,126.35,748.96,4.26,103.69,0.0798,20.36,14.22,21.0,75.0,1500.0,15.2,healthy,0.0
healthy_0,1194,1789813158.4021802,4689.5,126.42,750.02,4.28,103.68,0.0732,20.28,14.25,21.03,75.0,1500.0,15.2,healthy,0.0
healthy_0,1195,1789813159.4021802,4692.3,126.31,748.96,4.19,103.86,0.0836,20.25,14.15,21.64,75.0,1500.0,15.2,healthy,0.0
healthy_0,1196,1789813160.4021802,4709.8,126.17,750.96,4.23,103.88,0.0793,20.29,14.18,21.37,75.0,1500.0,15.2,healthy,0.0
healthy_0,1197,1789813161.4021802,4721.3,125.99,748.96,4.25,104.04,0.0772,20.39,14.22,21.32,75.0,1500.0,15.2,healthy,0.0
healthy_0,1198,1789813162.4021802,4736.6,126.01,747.05,4.32,103.9,0.0852,20.3,14.25,21.09,75.0,1500.0,15.2,healthy,0.0
healthy_0,1199,1789813163.4021802,4729.9,125.96,747.8,4.26,103.84,0.0743,20.34,14.18,21.23,75.0,1500.0,15.2,healthy,0.0
healthy_0,1200,1789813164.4021802,4727.4,125.91,746.99,4.26,103.77,0.0737,20.27,14.07,21.47,75.0,1500.0,15.2,healthy,0.0
healthy_0,1201,1789813165.4021802,4700.7,125.64,741.25,4.27,103.6,0.0727,20.1,14.12,21.16,75.0,1500.0,15.2,healthy,0.0
healthy_0,1202,1789813166.4021802,4701.8,125.71,742.82,4.32,103.61,0.0733,20.21,14.0,21.16,75.0,1500.0,15.2,healthy,0.0
healthy_0,1203,1789813167.4021802,4714.3,125.54,738.11,4.32,103.44,0.0706,20.33,13.98,20.94,75.0,1500.0,15.2,healthy,0.0
healthy_0,1204,1789813168.4021802,4716.9,125.16,735.27,4.34,103.64,0.0617,20.58,13.97,21.43,75.0,1500.0,15.2,healthy,0.0
healthy_0,1205,1789813169.4021802,4723.0,125.54,738.8,4.39,103.55,0.0688,20.55,13.87,21.5,75.0,1500.0,15.2,healthy,0.0
healthy_0,1206,1789813170.4021802,4716.1,125.79,737.65,4.35,103.48,0.0686,20.66,13.96,21.03,75.0,1500.0,15.2,healthy,0.0
healthy_0,1207,1789813171.4021802,4741.9,126.06,735.78,4.39,103.46,0.0703,20.39,14.06,20.88,75.0,1500.0,15.2,healthy,0.0
healthy_0,1208,1789813172.4021802,4724.2,126.21,736.17,4.32,103.44,0.0635,20.31,14.17,20.93,75.0,1500.0,15.2,healthy,0.0
healthy_0,1209,1789813173.4021802,4703.8,126.08,739.7,4.34,103.49,0.0722,20.25,14.12,21.15,75.0,1500.0,15.2,healthy,0.0
healthy_0,1210,1789813174.4021802,4703.2,126.07,737.81,4.31,103.4,0.0695,20.2,14.11,21.23,75.0,1500.0,15.2,healthy,0.0
healthy_0,1211,1789813175.4021802,4682.8,126.35,739.4,4.36,103.46,0.0681,20.14,14.09,21.14,75.0,1500.0,15.2,healthy,0.0
healthy_0,1212,1789813176.4021802,4708.5,126.12,737.15,4.33,103.45,0.07,20.22,14.17,21.76,75.0,1500.0,15.2,healthy,0.0
healthy_0,1213,1789813177.4021802,4699.1,126.27,738.23,4.36,103.6,0.0735,20.19,14.24,21.67,75.0,1500.0,15.2,healthy,0.0
healthy_0,1214,1789813178.4021802,4701.0,126.49,734.26,4.35,103.67,0.0694,20.11,14.29,21.63,75.0,1500.0,15.2,healthy,0.0
healthy_0,1215,1789813179.4021802,4694.2,126.49,738.21,4.36,103.57,0.0732,20.17,14.27,21.06,75.0,1500.0,15.2,healthy,0.0
healthy_0,1216,1789813180.4021802,4658.6,126.28,737.91,4.38,103.73,0.0658,20.33,14.23,21.42,75.0,1500.0,15.2,healthy,0.0
healthy_0,1217,1789813181.4021802,4698.3,126.13,741.51,4.33,103.61,0.0614,20.21,14.26,21.51,75.0,1500.0,15.2,healthy,0.0
healthy_0,1218,1789813182.4021802,4719.0,126.56,746.35,4.32,103.49,0.0572,20.21,14.28,21.48,75.0,1500.0,15.2,healthy,0.0
healthy_0,1219,1789813183.4021802,4738.5,126.63,745.62,4.28,103.55,0.0663,20.25,14.26,21.42,75.0,1500.0,15.2,healthy,0.0
healthy_0,1220,1789813184.4021802,4723.6,126.96,739.69,4.27,103.63,0.0741,20.38,14.16,21.13,75.0,1500.0,15.2,healthy,0.0
healthy_0,1221,1789813185.4021802,4715.2,126.81,741.81,4.21,103.64,0.0648,20.36,14.15,21.05,75.0,1500.0,15.2,healthy,0.0
healthy_0,1222,1789813186.4021802,4716.0,126.84,739.85,4.25,103.72,0.0618,20.21,14.17,21.48,75.0,1500.0,15.2,healthy,0.0
healthy_0,1223,1789813187.4021802,4707.6,126.83,742.28,4.27,103.77,0.0624,20.09,14.21,21.21,75.0,1500.0,15.2,healthy,0.0
healthy_0,1224,1789813188.4021802,4707.3,126.75,746.62,4.33,103.82,0.0539,20.08,14.22,21.18,75.0,1500.0,15.2,healthy,0.0
healthy_0,1225,1789813189.4021802,4726.7,126.37,748.6,4.35,103.82,0.0616,20.23,14.21,21.48,75.0,1500.0,15.2,healthy,0.0
healthy_0,1226,1789813190.4021802,4743.3,126.01,747.43,4.31,103.85,0.073,20.3,14.14,21.04,75.0,1500.0,15.2,healthy,0.0
healthy_0,1227,1789813191.4021802,4755.7,125.75,746.8,4.34,103.96,0.0767,20.32,14.15,21.14,75.0,1500.0,15.2,healthy,0.0
healthy_0,1228,1789813192.4021802,4728.4,125.86,749.83,4.3,103.9,0.0639,20.33,14.09,21.09,75.0,1500.0,15.2,healthy,0.0
healthy_0,1229,1789813193.4021802,4740.3,126.26,750.66,4.29,103.88,0.0573,20.35,14.06,20.96,75.0,1500.0,15.2,healthy,0.0
healthy_0,1230,1789813194.4021802,4717.2,126.43,741.1,4.27,103.99,0.0643,20.47,14.04,20.99,75.0,1500.0,15.2,healthy,0.0
healthy_0,1231,1789813195.4021802,4726.9,126.38,738.87,4.26,103.85,0.059,20.54,14.12,21.0,75.0,1500.0,15.2,healthy,0.0
healthy_0,1232,1789813196.4021802,4720.8,126.14,738.87,4.36,103.89,0.0697,20.36,14.27,21.02,75.0,1500.0,15.2,healthy,0.0
healthy_0,1233,1789813197.4021802,4734.7,126.34,735.54,4.33,103.8,0.0738,20.4,14.25,21.18,75.0,1500.0,15.2,healthy,0.0
healthy_0,1234,1789813198.4021802,4735.0,126.64,736.16,4.31,103.81,0.068,20.32,14.26,21.23,75.0,1500.0,15.2,healthy,0.0
healthy_0,1235,1789813199.4021802,4736.7,126.34,737.79,4.27,103.82,0.071,20.48,14.28,21.64,75.0,1500.0,15.2,healthy,0.0
healthy_0,1236,1789813200.4021802,4741.0,126.19,737.12,4.2,103.78,0.0662,20.38,14.29,21.34,75.0,1500.0,15.2,healthy,0.0
healthy_0,1237,1789813201.4021802,4739.8,126.07,734.11,4.12,103.72,0.0772,20.5,14.32,21.27,75.0,1500.0,15.2,healthy,0.0
healthy_0,1238,1789813202.4021802,4733.4,126.48,736.77,4.2,103.53,0.0757,20.5,14.29,21.02,75.0,1500.0,15.2,healthy,0.0
healthy_0,1239,1789813203.4021802,4706.9,126.3,738.37,4.21,103.42,0.0781,20.55,14.28,21.14,75.0,1500.0,15.2,healthy,0.0
healthy_0,1240,1789813204.4021802,4703.3,126.37,735.37,4.21,103.41,0.0728,20.6,14.28,21.19,75.0,1500.0,15.2,healthy,0.0
healthy_0,1241,1789813205.4021802,4690.4,126.73,734.45,4.3,103.2,0.0761,20.58,14.21,21.22,75.0,1500.0,15.2,healthy,0.0
healthy_0,1242,1789813206.4021802,4687.8,126.73,733.65,4.36,103.13,0.0734,20.43,14.15,21.57,75.0,1500.0,15.2,healthy,0.0
healthy_0,1243,1789813207.4021802,4737.5,126.42,732.67,4.41,103.07,0.0846,20.54,14.06,20.85,75.0,1500.0,15.2,healthy,0.0
healthy_0,1244,1789813208.4021802,4727.8,126.22,730.52,4.41,103.39,0.0764,20.45,14.08,21.17,75.0,1500.0,15.2,healthy,0.0
healthy_0,1245,1789813209.4021802,4709.8,126.46,735.13,4.48,103.25,0.0762,20.55,14.1,21.42,75.0,1500.0,15.2,healthy,0.0
healthy_0,1246,1789813210.4021802,4673.7,126.51,734.16,4.4,103.16,0.09,20.54,14.11,21.42,75.0,1500.0,15.2,healthy,0.0
healthy_0,1247,1789813211.4021802,4689.3,126.62,737.61,4.43,103.07,0.0787,20.55,14.12,21.26,75.0,1500.0,15.2,healthy,0.0
healthy_0,1248,1789813212.4021802,4710.8,126.69,738.86,4.36,103.09,0.0703,20.43,14.07,21.03,75.0,1500.0,15.2,healthy,0.0
healthy_0,1249,1789813213.4021802,4694.6,126.84,744.46,4.38,103.15,0.0763,20.51,14.05,20.97,75.0,1500.0,15.2,healthy,0.0
healthy_0,1250,1789813214.4021802,4697.0,126.76,748.89,4.31,103.06,0.0802,20.41,14.09,21.72,75.0,1500.0,15.2,healthy,0.0
healthy_0,1251,1789813215.4021802,4674.9,126.78,746.75,4.3,103.16,0.073,20.52,14.1,21.57,75.0,1500.0,15.2,healthy,0.0
healthy_0,1252,1789813216.4021802,4710.1,126.27,739.88,4.31,103.18,0.0696,20.42,14.13,21.59,75.0,1500.0,15.2,healthy,0.0
healthy_0,1253,1789813217.4021802,4725.5,126.47,739.23,4.35,103.17,0.0695,20.31,14.21,21.35,75.0,1500.0,15.2,healthy,0.0
healthy_0,1254,1789813218.4021802,4714.5,126.45,739.51,4.43,103.16,0.0745,20.43,14.13,21.32,75.0,1500.0,15.2,healthy,0.0
healthy_0,1255,1789813219.4021802,4720.9,125.97,740.86,4.41,103.26,0.078,20.31,14.22,21.43,75.0,1500.0,15.2,healthy,0.0
healthy_0,1256,1789813220.4021802,4715.6,126.17,736.06,4.44,103.26,0.0785,20.53,14.21,21.17,75.0,1500.0,15.2,healthy,0.0
healthy_0,1257,1789813221.4021802,4700.3,126.22,736.98,4.52,103.42,0.0802,20.56,14.18,21.51,75.0,1500.0,15.2,healthy,0.0
healthy_0,1258,1789813222.4021802,4700.2,126.26,737.54,4.49,103.6,0.0766,20.65,14.14,20.79,75.0,1500.0,15.2,healthy,0.0
healthy_0,1259,1789813223.4021802,4729.3,126.3,739.42,4.43,103.49,0.056,20.64,14.09,20.94,75.0,1500.0,15.2,healthy,0.0
healthy_0,1260,1789813224.4021802,4717.8,126.06,743.49,4.39,103.46,0.0676,20.5,14.12,21.66,75.0,1500.0,15.2,healthy,0.0
healthy_0,1261,1789813225.4021802,4708.3,126.23,741.83,4.41,103.52,0.0697,20.48,14.18,21.63,75.0,1500.0,15.2,healthy,0.0
healthy_0,1262,1789813226.4021802,4682.2,126.18,739.47,4.36,103.37,0.0735,20.62,14.28,21.26,75.0,1500.0,15.2,healthy,0.0
healthy_0,1263,1789813227.4021802,4704.0,126.44,732.92,4.42,103.43,0.0734,20.5,14.28,21.1,75.0,1500.0,15.2,healthy,0.0
healthy_0,1264,1789813228.4021802,4706.0,126.35,735.58,4.35,103.49,0.0705,20.23,14.25,21.1,75.0,1500.0,15.2,healthy,0.0
healthy_0,1265,1789813229.4021802,4697.1,126.23,739.43,4.4,103.62,0.0779,20.19,14.21,21.2,75.0,1500.0,15.2,healthy,0.0
healthy_0,1266,1789813230.4021802,4708.0,126.49,739.6,4.33,103.55,0.0774,20.18,14.35,21.08,75.0,1500.0,15.2,healthy,0.0
healthy_0,1267,1789813231.4021802,4695.4,126.73,738.62,4.24,103.67,0.0718,19.96,14.38,20.94,75.0,1500.0,15.2,healthy,0.0
healthy_0,1268,1789813232.4021802,4699.2,126.31,737.16,4.23,103.57,0.0686,20.14,14.34,20.94,75.0,1500.0,15.2,healthy,0.0
healthy_0,1269,1789813233.4021802,4694.3,126.32,734.95,4.36,103.53,0.0629,20.14,14.32,20.73,75.0,1500.0,15.2,healthy,0.0
healthy_0,1270,1789813234.4021802,4693.2,126.57,736.77,4.39,103.56,0.0686,20.06,14.3,20.89,75.0,1500.0,15.2,healthy,0.0
healthy_0,1271,1789813235.4021802,4680.3,126.3,734.62,4.37,103.38,0.0761,20.38,14.28,21.14,75.0,1500.0,15.2,healthy,0.0
healthy_0,1272,1789813236.4021802,4698.3,126.37,732.35,4.37,103.45,0.0714,20.31,14.27,21.12,75.0,1500.0,15.2,healthy,0.0
healthy_0,1273,1789813237.4021802,4694.2,126.16,735.87,4.4,103.49,0.0716,20.35,14.31,21.24,75.0,1500.0,15.2,healthy,0.0
healthy_0,1274,1789813238.4021802,4730.4,126.02,739.59,4.34,103.58,0.0737,20.16,14.34,21.27,75.0,1500.0,15.2,healthy,0.0
healthy_0,1275,1789813239.4021802,4706.4,126.33,738.7,4.38,103.58,0.07,20.22,14.33,21.26,75.0,1500.0,15.2,healthy,0.0
healthy_0,1276,1789813240.4021802,4709.1,126.63,739.72,4.43,103.57,0.068,20.17,14.33,21.21,75.0,1500.0,15.2,healthy,0.0
healthy_0,1277,1789813241.4021802,4697.0,126.88,740.28,4.46,103.43,0.0776,20.14,14.35,21.02,75.0,1500.0,15.2,healthy,0.0
healthy_0,1278,1789813242.4021802,4673.6,126.84,739.74,4.46,103.31,0.0776,20.38,14.32,21.29,75.0,1500.0,15.2,healthy,0.0
healthy_0,1279,1789813243.4021802,4681.4,126.61,732.46,4.4,103.3,0.0667,20.44,14.28,21.23,75.0,1500.0,15.2,healthy,0.0
healthy_0,1280,1789813244.4021802,4717.5,126.63,734.36,4.36,103.35,0.0667,20.64,14.31,21.1,75.0,1500.0,15.2,healthy,0.0
healthy_0,1281,1789813245.4021802,4695.2,126.82,735.27,4.45,103.34,0.0572,20.6,14.32,20.97,75.0,1500.0,15.2,healthy,0.0
healthy_0,1282,1789813246.4021802,4691.6,126.87,737.86,4.34,103.4,0.0675,20.4,14.26,20.92,75.0,1500.0,15.2,healthy,0.0
healthy_0,1283,1789813247.4021802,4679.3,126.88,739.7,4.36,103.39,0.061,20.32,14.29,20.96,75.0,1500.0,15.2,healthy,0.0
healthy_0,1284,1789813248.4021802,4673.5,126.66,741.05,4.32,103.44,0.0673,20.33,14.23,21.02,75.0,1500.0,15.2,healthy,0.0
healthy_0,1285,1789813249.4021802,4662.1,126.61,743.6,4.36,103.56,0.0659,20.17,14.22,21.1,75.0,1500.0,15.2,healthy,0.0
healthy_0,1286,1789813250.4021802,4688.4,126.29,741.57,4.33,103.5,0.0768,20.13,14.16,21.22,75.0,1500.0,15.2,healthy,0.0
healthy_0,1287,1789813251.4021802,4716.5,126.03,746.01,4.35,103.46,0.0772,20.22,14.2,21.52,75.0,1500.0,15.2,healthy,0.0
healthy_0,1288,1789813252.4021802,4732.9,126.41,746.82,4.5,103.48,0.0739,20.25,14.15,21.57,75.0,1500.0,15.2,healthy,0.0
healthy_0,1289,1789813253.4021802,4728.1,126.89,744.76,4.47,103.64,0.0753,20.36,14.09,21.52,75.0,1500.0,15.2,healthy,0.0
healthy_0,1290,1789813254.4021802,4739.0,127.18,742.28,4.5,103.63,0.081,20.36,14.1,21.17,75.0,1500.0,15.2,healthy,0.0
healthy_0,1291,1789813255.4021802,4742.9,127.32,741.21,4.42,103.77,0.0671,20.38,14.08,21.14,75.0,1500.0,15.2,healthy,0.0
healthy_0,1292,1789813256.4021802,4707.5,127.4,739.58,4.36,103.59,0.0752,20.52,14.1,20.89,75.0,1500.0,15.2,healthy,0.0
healthy_0,1293,1789813257.4021802,4718.6,127.08,736.68,4.31,103.56,0.0749,20.49,14.16,21.03,75.0,1500.0,15.2,healthy,0.0
healthy_0,1294,1789813258.4021802,4720.9,127.48,737.94,4.26,103.59,0.0735,20.38,14.14,21.42,75.0,1500.0,15.2,healthy,0.0
healthy_0,1295,1789813259.4021802,4715.9,127.43,740.74,4.34,103.6,0.0671,20.37,14.11,21.24,75.0,1500.0,15.2,healthy,0.0
healthy_0,1296,1789813260.4021802,4748.2,127.38,740.04,4.4,103.72,0.0754,20.32,14.07,21.09,75.0,1500.0,15.2,healthy,0.0
healthy_0,1297,1789813261.4021802,4707.4,127.49,740.59,4.25,103.83,0.0765,20.32,14.12,21.23,75.0,1500.0,15.2,healthy,0.0
healthy_0,1298,1789813262.4021802,4714.8,127.02,736.93,4.27,103.75,0.0754,20.14,14.05,21.3,75.0,1500.0,15.2,healthy,0.0
healthy_0,1299,1789813263.4021802,4724.0,126.98,739.86,4.38,103.77,0.0639,20.15,13.97,20.97,75.0,1500.0,15.2,healthy,0.0
healthy_0,1300,1789813264.4021802,4722.2,127.09,737.59,4.31,103.75,0.0635,20.03,13.95,21.03,75.0,1500.0,15.2,healthy,0.0
healthy_0,1301,1789813265.4021802,4727.7,126.72,734.54,4.25,103.86,0.064,20.09,14.0,20.98,75.0,1500.0,15.2,healthy,0.0
healthy_0,1302,1789813266.4021802,4740.4,126.93,734.33,4.28,103.95,0.0648,20.24,14.16,21.07,75.0,1500.0,15.2,healthy,0.0
healthy_0,1303,1789813267.4021802,4745.9,127.11,739.89,4.33,103.92,0.0615,20.12,14.26,21.17,75.0,1500.0,15.2,healthy,0.0
healthy_0,1304,1789813268.4021802,4746.3,127.34,742.42,4.32,104.06,0.0654,20.28,14.26,21.21,75.0,1500.0,15.2,healthy,0.0
healthy_0,1305,1789813269.4021802,4728.8,126.95,747.34,4.32,104.02,0.0752,20.41,14.23,21.27,75.0,1500.0,15.2,healthy,0.0
healthy_0,1306,1789813270.4021802,4709.3,127.17,745.97,4.29,103.92,0.0763,20.32,14.22,21.25,75.0,1500.0,15.2,healthy,0.0
healthy_0,1307,1789813271.4021802,4679.4,126.76,748.84,4.33,103.91,0.0813,20.33,14.1,21.21,75.0,1500.0,15.2,healthy,0.0
healthy_0,1308,1789813272.4021802,4682.6,126.76,743.47,4.36,103.85,0.0759,20.25,14.19,21.41,75.0,1500.0,15.2,healthy,0.0
healthy_0,1309,1789813273.4021802,4696.1,126.46,745.24,4.34,103.99,0.0794,20.38,14.17,21.33,75.0,1500.0,15.2,healthy,0.0
healthy_0,1310,1789813274.4021802,4722.4,126.31,739.6,4.26,103.83,0.0779,20.49,14.18,21.33,75.0,1500.0,15.2,healthy,0.0
healthy_0,1311,1789813275.4021802,4710.4,126.2,736.63,4.39,103.77,0.0722,20.52,14.26,21.47,75.0,1500.0,15.2,healthy,0.0
healthy_0,1312,1789813276.4021802,4723.3,125.77,734.87,4.33,103.9,0.0716,20.45,14.25,21.52,75.0,1500.0,15.2,healthy,0.0
healthy_0,1313,1789813277.4021802,4724.8,126.08,737.43,4.44,103.83,0.0766,20.41,14.29,21.27,75.0,1500.0,15.2,healthy,0.0
healthy_0,1314,1789813278.4021802,4758.2,125.73,738.48,4.31,103.86,0.0774,20.35,14.23,21.09,75.0,1500.0,15.2,healthy,0.0
healthy_0,1315,1789813279.4021802,4748.1,125.84,743.12,4.3,103.78,0.0767,20.5,14.31,20.71,75.0,1500.0,15.2,healthy,0.0
healthy_0,1316,1789813280.4021802,4736.7,126.1,741.73,4.26,103.84,0.078,20.53,14.23,21.12,75.0,1500.0,15.2,healthy,0.0
healthy_0,1317,1789813281.4021802,4721.6,126.2,740.57,4.26,104.01,0.0785,20.34,14.2,21.34,75.0,1500.0,15.2,healthy,0.0
healthy_0,1318,1789813282.4021802,4702.2,126.3,737.14,4.26,104.07,0.0756,20.24,14.25,21.08,75.0,1500.0,15.2,healthy,0.0
healthy_0,1319,1789813283.4021802,4690.3,125.97,737.02,4.33,104.06,0.0657,20.28,14.2,21.29,75.0,1500.0,15.2,healthy,0.0
healthy_0,1320,1789813284.4021802,4674.3,125.69,738.4,4.3,103.82,0.0699,20.31,14.25,21.51,75.0,1500.0,15.2,healthy,0.0
healthy_0,1321,1789813285.4021802,4680.0,125.61,738.34,4.32,103.88,0.0677,20.19,14.29,21.4,75.0,1500.0,15.2,healthy,0.0
healthy_0,1322,1789813286.4021802,4687.9,125.75,737.44,4.33,103.8,0.0658,20.38,14.18,21.17,75.0,1500.0,15.2,healthy,0.0
healthy_0,1323,1789813287.4021802,4709.2,125.96,737.55,4.26,104.0,0.0531,20.46,14.13,21.41,75.0,1500.0,15.2,healthy,0.0
healthy_0,1324,1789813288.4021802,4676.5,126.15,739.09,4.2,104.22,0.0581,20.42,14.21,20.92,75.0,1500.0,15.2,healthy,0.0
healthy_0,1325,1789813289.4021802,4694.2,126.03,737.82,4.23,104.18,0.0657,20.4,14.27,21.25,75.0,1500.0,15.2,healthy,0.0
healthy_0,1326,1789813290.4021802,4683.8,125.66,736.5,4.21,104.08,0.0654,20.3,14.26,21.41,75.0,1500.0,15.2,healthy,0.0
healthy_0,1327,1789813291.4021802,4668.0,125.6,735.18,4.24,104.05,0.0786,20.33,14.32,21.78,75.0,1500.0,15.2,healthy,0.0
healthy_0,1328,1789813292.4021802,4697.6,125.84,729.31,4.24,104.04,0.0726,20.11,14.32,21.45,75.0,1500.0,15.2,healthy,0.0
healthy_0,1329,1789813293.4021802,4653.6,125.74,732.4,4.25,104.05,0.0752,20.19,14.32,21.37,75.0,1500.0,15.2,healthy,0.0
healthy_0,1330,1789813294.4021802,4658.3,125.96,740.32,4.16,104.05,0.0839,20.04,14.31,21.26,75.0,1500.0,15.2,healthy,0.0
healthy_0,1331,1789813295.4021802,4667.7,126.15,742.13,4.13,104.16,0.0896,20.07,14.26,21.49,75.0,1500.0,15.2,healthy,0.0
healthy_0,1332,1789813296.4021802,4667.6,125.99,738.71,4.24,103.98,0.0915,20.07,14.24,21.35,75.0,1500.0,15.2,healthy,0.0
healthy_0,1333,1789813297.4021802,4698.2,125.74,739.24,4.33,103.89,0.0751,20.01,14.17,21.12,75.0,1500.0,15.2,healthy,0.0
healthy_0,1334,1789813298.4021802,4689.7,125.73,741.5,4.38,103.68,0.0681,19.98,14.22,20.97,75.0,1500.0,15.2,healthy,0.0
healthy_0,1335,1789813299.4021802,4698.9,125.42,741.01,4.35,103.8,0.0731,19.97,14.29,20.96,75.0,1500.0,15.2,healthy,0.0
healthy_0,1336,1789813300.4021802,4700.9,125.53,740.19,4.34,103.95,0.0748,20.17,14.27,21.24,75.0,1500.0,15.2,healthy,0.0
healthy_0,1337,1789813301.4021802,4684.1,125.41,735.26,4.37,103.96,0.0772,20.17,14.19,21.3,75.0,1500.0,15.2,healthy,0.0
healthy_0,1338,1789813302.4021802,4687.7,125.65,736.13,4.39,103.63,0.0695,20.14,14.23,21.03,75.0,1500.0,15.2,healthy,0.0
healthy_0,1339,1789813303.4021802,4697.1,125.49,740.95,4.4,103.39,0.0683,20.17,14.17,21.19,75.0,1500.0,15.2,healthy,0.0
healthy_0,1340,1789813304.4021802,4690.0,125.52,738.18,4.35,103.35,0.0673,20.28,14.16,21.27,75.0,1500.0,15.2,healthy,0.0
healthy_0,1341,1789813305.4021802,4694.8,125.66,738.68,4.31,103.49,0.069,20.38,14.07,21.19,75.0,1500.0,15.2,healthy,0.0
healthy_0,1342,1789813306.4021802,4680.2,125.81,744.43,4.27,103.59,0.0631,20.32,14.1,21.39,75.0,1500.0,15.2,healthy,0.0
healthy_0,1343,1789813307.4021802,4719.2,125.87,742.79,4.38,103.55,0.065,20.22,14.18,20.99,75.0,1500.0,15.2,healthy,0.0
healthy_0,1344,1789813308.4021802,4711.2,126.26,736.5,4.42,103.49,0.0658,20.31,14.17,21.24,75.0,1500.0,15.2,healthy,0.0
healthy_0,1345,1789813309.4021802,4702.6,125.92,730.21,4.39,103.45,0.0715,20.56,14.15,21.59,75.0,1500.0,15.2,healthy,0.0
healthy_0,1346,1789813310.4021802,4697.4,126.06,732.64,4.43,103.37,0.0641,20.54,14.21,21.71,75.0,1500.0,15.2,healthy,0.0
healthy_0,1347,1789813311.4021802,4699.5,126.26,734.93,4.35,103.47,0.0689,20.54,14.3,21.67,75.0,1500.0,15.2,healthy,0.0
healthy_0,1348,1789813312.4021802,4707.1,126.14,741.35,4.33,103.46,0.0717,20.32,14.21,21.58,75.0,1500.0,15.2,healthy,0.0
healthy_0,1349,1789813313.4021802,4688.3,126.57,742.53,4.33,103.37,0.0776,20.29,14.19,21.18,75.0,1500.0,15.2,healthy,0.0
healthy_0,1350,1789813314.4021802,4684.8,126.52,733.55,4.25,103.37,0.0763,20.34,14.17,21.38,75.0,1500.0,15.2,healthy,0.0
healthy_0,1351,1789813315.4021802,4682.1,126.23,734.46,4.27,103.36,0.062,20.48,14.26,21.46,75.0,1500.0,15.2,healthy,0.0
healthy_0,1352,1789813316.4021802,4672.9,126.59,734.31,4.27,103.44,0.0672,20.51,14.2,21.32,75.0,1500.0,15.2,healthy,0.0
healthy_0,1353,1789813317.4021802,4682.6,126.45,734.05,4.23,103.61,0.0698,20.28,14.19,20.9,75.0,1500.0,15.2,healthy,0.0
healthy_0,1354,1789813318.4021802,4678.3,126.29,732.99,4.24,103.67,0.0744,20.34,14.19,20.69,75.0,1500.0,15.2,healthy,0.0
healthy_0,1355,1789813319.4021802,4693.2,126.43,736.13,4.3,103.49,0.0687,20.4,14.16,20.95,75.0,1500.0,15.2,healthy,0.0
healthy_0,1356,1789813320.4021802,4681.9,126.55,739.57,4.36,103.56,0.0665,20.37,14.14,21.33,75.0,1500.0,15.2,healthy,0.0
healthy_0,1357,1789813321.4021802,4675.5,126.36,738.12,4.34,103.53,0.0795,20.33,14.14,21.21,75.0,1500.0,15.2,healthy,0.0
healthy_0,1358,1789813322.4021802,4678.0,126.27,742.2,4.34,103.69,0.0678,20.24,14.19,21.21,75.0,1500.0,15.2,healthy,0.0
healthy_0,1359,1789813323.4021802,4679.5,126.67,739.86,4.29,103.93,0.0668,20.12,14.19,21.17,75.0,1500.0,15.2,healthy,0.0
healthy_0,1360,1789813324.4021802,4682.1,127.11,736.9,4.28,103.92,0.0601,20.23,14.25,21.57,75.0,1500.0,15.2,healthy,0.0
healthy_0,1361,1789813325.4021802,4690.8,127.1,731.76,4.24,103.85,0.0742,20.03,14.24,21.51,75.0,1500.0,15.2,healthy,0.0
healthy_0,1362,1789813326.4021802,4710.3,127.27,734.37,4.39,103.8,0.0727,20.02,14.22,21.11,75.0,1500.0,15.2,healthy,0.0
healthy_0,1363,1789813327.4021802,4716.7,127.37,737.72,4.23,103.78,0.0808,20.05,14.16,21.38,75.0,1500.0,15.2,healthy,0.0
healthy_0,1364,1789813328.4021802,4731.7,127.15,738.63,4.24,103.7,0.0765,19.96,14.18,21.15,75.0,1500.0,15.2,healthy,0.0
healthy_0,1365,1789813329.4021802,4723.1,127.04,740.24,4.21,103.61,0.0751,19.97,14.22,21.21,75.0,1500.0,15.2,healthy,0.0
healthy_0,1366,1789813330.4021802,4695.5,127.06,745.37,4.15,103.51,0.0744,20.17,14.19,21.25,75.0,1500.0,15.2,healthy,0.0
healthy_0,1367,1789813331.4021802,4701.9,126.84,748.48,4.15,103.51,0.0676,20.13,14.17,20.97,75.0,1500.0,15.2,healthy,0.0
healthy_0,1368,1789813332.4021802,4694.1,127.23,746.55,4.16,103.54,0.0679,20.19,14.21,21.25,75.0,1500.0,15.2,healthy,0.0
healthy_0,1369,1789813333.4021802,4715.1,126.87,738.03,4.18,103.64,0.0588,20.12,14.2,20.89,75.0,1500.0,15.2,healthy,0.0
healthy_0,1370,1789813334.4021802,4732.1,126.97,741.52,4.28,103.62,0.0632,20.11,14.26,21.16,75.0,1500.0,15.2,healthy,0.0
healthy_0,1371,1789813335.4021802,4726.0,126.94,743.83,4.28,103.63,0.0646,20.17,14.25,21.1,75.0,1500.0,15.2,healthy,0.0
healthy_0,1372,1789813336.4021802,4721.0,127.01,746.84,4.3,103.66,0.0625,20.29,14.2,21.01,75.0,1500.0,15.2,healthy,0.0
healthy_0,1373,1789813337.4021802,4693.7,126.87,743.54,4.34,103.57,0.0627,20.04,14.25,20.77,75.0,1500.0,15.2,healthy,0.0
healthy_0,1374,1789813338.4021802,4694.1,126.71,745.41,4.36,103.58,0.0594,20.06,14.28,21.03,75.0,1500.0,15.2,healthy,0.0
healthy_0,1375,1789813339.4021802,4677.3,126.56,745.03,4.4,103.56,0.0672,20.16,14.31,21.34,75.0,1500.0,15.2,healthy,0.0
healthy_0,1376,1789813340.4021802,4695.3,126.71,744.25,4.35,103.56,0.0661,20.11,14.32,21.08,75.0,1500.0,15.2,healthy,0.0
healthy_0,1377,1789813341.4021802,4719.1,126.52,739.57,4.37,103.6,0.0708,20.18,14.29,20.88,75.0,1500.0,15.2,healthy,0.0
healthy_0,1378,1789813342.4021802,4724.2,126.32,742.14,4.29,103.59,0.08,20.22,14.28,21.41,75.0,1500.0,15.2,healthy,0.0
healthy_0,1379,1789813343.4021802,4727.7,126.46,740.1,4.43,103.45,0.0791,20.08,14.3,21.47,75.0,1500.0,15.2,healthy,0.0
healthy_0,1380,1789813344.4021802,4739.2,126.28,747.19,4.4,103.57,0.0715,20.0,14.28,21.3,75.0,1500.0,15.2,healthy,0.0
healthy_0,1381,1789813345.4021802,4717.6,126.43,740.48,4.38,103.54,0.078,20.13,14.29,21.12,75.0,1500.0,15.2,healthy,0.0
healthy_0,1382,1789813346.4021802,4689.8,126.32,744.62,4.29,103.51,0.0751,20.07,14.33,21.17,75.0,1500.0,15.2,healthy,0.0
healthy_0,1383,1789813347.4021802,4676.2,126.79,740.01,4.42,103.56,0.0816,19.88,14.32,21.0,75.0,1500.0,15.2,healthy,0.0
healthy_0,1384,1789813348.4021802,4682.5,126.87,745.86,4.35,103.5,0.0833,19.87,14.37,21.0,75.0,1500.0,15.2,healthy,0.0
healthy_0,1385,1789813349.4021802,4684.9,126.64,742.2,4.39,103.56,0.0815,20.01,14.39,21.04,75.0,1500.0,15.2,healthy,0.0
healthy_0,1386,1789813350.4021802,4673.8,126.62,740.7,4.39,103.68,0.0832,20.16,14.35,21.03,75.0,1500.0,15.2,healthy,0.0
healthy_0,1387,1789813351.4021802,4709.8,126.4,739.88,4.33,103.59,0.0847,20.12,14.3,21.28,75.0,1500.0,15.2,healthy,0.0
healthy_0,1388,1789813352.4021802,4728.2,126.89,742.53,4.27,103.7,0.0861,20.17,14.32,21.22,75.0,1500.0,15.2,healthy,0.0
healthy_0,1389,1789813353.4021802,4700.0,126.64,742.81,4.23,103.75,0.0769,20.19,14.19,21.26,75.0,1500.0,15.2,healthy,0.0
healthy_0,1390,1789813354.4021802,4718.4,126.38,744.0,4.18,103.71,0.0749,20.38,14.18,21.32,75.0,1500.0,15.2,healthy,0.0
healthy_0,1391,1789813355.4021802,4740.8,126.26,745.3,4.24,103.89,0.0706,20.24,14.16,21.26,75.0,1500.0,15.2,healthy,0.0
healthy_0,1392,1789813356.4021802,4734.3,126.39,741.71,4.31,103.84,0.0777,20.25,14.16,21.23,75.0,1500.0,15.2,healthy,0.0
healthy_0,1393,1789813357.4021802,4722.9,126.4,748.53,4.32,103.74,0.0723,20.07,14.2,21.11,75.0,1500.0,15.2,healthy,0.0
healthy_0,1394,1789813358.4021802,4735.2,126.41,748.8,4.26,103.73,0.064,20.22,14.18,21.13,75.0,1500.0,15.2,healthy,0.0
healthy_0,1395,1789813359.4021802,4727.3,126.13,745.54,4.35,103.75,0.0716,20.18,14.13,21.04,75.0,1500.0,15.2,healthy,0.0
healthy_0,1396,1789813360.4021802,4716.1,126.17,746.22,4.34,103.85,0.0702,20.22,14.19,21.25,75.0,1500.0,15.2,healthy,0.0
healthy_0,1397,1789813361.4021802,4698.8,126.15,741.66,4.33,103.74,0.0758,20.21,14.17,21.39,75.0,1500.0,15.2,healthy,0.0
healthy_0,1398,1789813362.4021802,4700.4,126.31,741.88,4.31,103.77,0.0843,20.13,14.2,21.13,75.0,1500.0,15.2,healthy,0.0
healthy_0,1399,1789813363.4021802,4703.6,125.99,742.24,4.41,103.75,0.0795,20.1,14.27,21.11,75.0,1500.0,15.2,healthy,0.0
healthy_0,1400,1789813364.4021802,4740.9,126.1,740.7,4.46,103.66,0.0724,20.09,14.28,21.65,75.0,1500.0,15.2,healthy,0.0
healthy_0,1401,1789813365.4021802,4724.1,126.01,737.95,4.49,103.72,0.075,20.2,14.14,21.73,75.0,1500.0,15.2,healthy,0.0
healthy_0,1402,1789813366.4021802,4724.5,126.12,738.12,4.57,103.67,0.0731,20.13,14.05,21.83,75.0,1500.0,15.2,healthy,0.0
healthy_0,1403,1789813367.4021802,4716.5,126.32,735.55,4.43,103.59,0.0785,20.03,14.09,21.38,75.0,1500.0,15.2,healthy,0.0
healthy_0,1404,1789813368.4021802,4677.2,126.56,737.15,4.38,103.75,0.0829,20.31,14.13,21.4,75.0,1500.0,15.2,healthy,0.0
healthy_0,1405,1789813369.4021802,4717.3,126.19,733.52,4.33,103.77,0.0843,20.11,14.09,21.12,75.0,1500.0,15.2,healthy,0.0
healthy_0,1406,1789813370.4021802,4727.6,126.45,739.97,4.34,103.75,0.0737,20.21,14.13,20.98,75.0,1500.0,15.2,healthy,0.0
healthy_0,1407,1789813371.4021802,4723.1,126.29,745.97,4.36,103.81,0.0801,20.12,14.12,21.38,75.0,1500.0,15.2,healthy,0.0
healthy_0,1408,1789813372.4021802,4703.0,126.47,744.83,4.41,103.88,0.0741,20.2,14.13,21.38,75.0,1500.0,15.2,healthy,0.0
healthy_0,1409,1789813373.4021802,4702.2,126.44,745.49,4.39,103.9,0.0703,20.13,14.15,21.37,75.0,1500.0,15.2,healthy,0.0
healthy_0,1410,1789813374.4021802,4718.3,126.65,741.77,4.39,104.0,0.0736,20.01,14.24,21.1,75.0,1500.0,15.2,healthy,0.0
healthy_0,1411,1789813375.4021802,4703.7,126.79,740.27,4.39,104.0,0.0713,20.09,14.23,21.16,75.0,1500.0,15.2,healthy,0.0
healthy_0,1412,1789813376.4021802,4673.5,126.64,741.07,4.5,104.04,0.0703,20.09,14.22,21.4,75.0,1500.0,15.2,healthy,0.0
healthy_0,1413,1789813377.4021802,4675.3,126.13,740.58,4.38,103.93,0.0693,19.97,14.15,21.14,75.0,1500.0,15.2,healthy,0.0
healthy_0,1414,1789813378.4021802,4682.5,126.04,740.52,4.38,103.96,0.0707,20.09,14.14,20.76,75.0,1500.0,15.2,healthy,0.0
healthy_0,1415,1789813379.4021802,4689.6,126.21,738.9,4.33,103.91,0.0624,20.25,14.16,20.94,75.0,1500.0,15.2,healthy,0.0
healthy_0,1416,1789813380.4021802,4688.2,126.39,741.96,4.27,103.88,0.0627,20.11,14.12,20.85,75.0,1500.0,15.2,healthy,0.0
healthy_0,1417,1789813381.4021802,4683.8,126.4,733.16,4.34,103.78,0.0673,20.12,14.06,21.11,75.0,1500.0,15.2,healthy,0.0
healthy_0,1418,1789813382.4021802,4667.3,126.43,733.18,4.41,103.62,0.0733,20.13,14.09,21.56,75.0,1500.0,15.2,healthy,0.0
healthy_0,1419,1789813383.4021802,4692.3,126.54,737.26,4.37,103.5,0.0657,20.14,14.02,21.44,75.0,1500.0,15.2,healthy,0.0
healthy_0,1420,1789813384.4021802,4698.2,126.46,735.44,4.29,103.58,0.0577,20.18,14.07,21.39,75.0,1500.0,15.2,healthy,0.0
healthy_0,1421,1789813385.4021802,4687.1,126.22,739.62,4.2,103.72,0.0598,20.18,14.0,21.31,75.0,1500.0,15.2,healthy,0.0
healthy_0,1422,1789813386.4021802,4655.5,126.23,738.2,4.15,103.81,0.0602,20.19,14.14,21.48,75.0,1500.0,15.2,healthy,0.0
healthy_0,1423,1789813387.4021802,4654.4,126.23,739.28,4.23,103.81,0.068,20.34,14.12,21.53,75.0,1500.0,15.2,healthy,0.0
healthy_0,1424,1789813388.4021802,4670.3,126.43,741.23,4.33,103.78,0.0685,20.23,14.15,21.31,75.0,1500.0,15.2,healthy,0.0
healthy_0,1425,1789813389.4021802,4672.3,126.73,742.74,4.35,103.79,0.0644,19.93,14.12,21.16,75.0,1500.0,15.2,healthy,0.0
healthy_0,1426,1789813390.4021802,4639.7,126.47,744.42,4.28,103.95,0.0614,19.94,14.15,21.35,75.0,1500.0,15.2,healthy,0.0
healthy_0,1427,1789813391.4021802,4652.4,126.41,745.21,4.25,103.95,0.073,20.07,14.23,21.32,75.0,1500.0,15.2,healthy,0.0
healthy_0,1428,1789813392.4021802,4636.0,126.73,740.24,4.36,103.91,0.0725,20.02,14.24,21.3,75.0,1500.0,15.2,healthy,0.0
healthy_0,1429,1789813393.4021802,4657.5,126.99,734.65,4.24,103.8,0.0664,20.09,14.26,20.65,75.0,1500.0,15.2,healthy,0.0
healthy_0,1430,1789813394.4021802,4647.9,126.88,736.78,4.28,103.78,0.0693,20.12,14.21,21.27,75.0,1500.0,15.2,healthy,0.0
healthy_0,1431,1789813395.4021802,4675.3,126.76,738.45,4.39,103.73,0.0764,20.24,14.28,21.43,75.0,1500.0,15.2,healthy,0.0
healthy_0,1432,1789813396.4021802,4667.8,126.81,741.27,4.37,103.53,0.07,20.12,14.3,21.34,75.0,1500.0,15.2,healthy,0.0
healthy_0,1433,1789813397.4021802,4656.5,126.56,738.54,4.4,103.61,0.0674,20.04,14.3,21.15,75.0,1500.0,15.2,healthy,0.0
healthy_0,1434,1789813398.4021802,4676.5,126.33,741.21,4.32,103.64,0.0677,19.96,14.27,21.28,75.0,1500.0,15.2,healthy,0.0
healthy_0,1435,1789813399.4021802,4665.7,126.09,746.49,4.38,103.59,0.0738,20.11,14.25,21.5,75.0,1500.0,15.2,healthy,0.0
healthy_0,1436,1789813400.4021802,4673.9,125.81,746.64,4.39,103.57,0.0738,20.09,14.17,21.43,75.0,1500.0,15.2,healthy,0.0
healthy_0,1437,1789813401.4021802,4659.6,125.75,749.76,4.39,103.55,0.0697,20.13,14.11,21.32,75.0,1500.0,15.2,healthy,0.0
healthy_0,1438,1789813402.4021802,4669.8,125.95,747.49,4.35,103.62,0.074,20.16,14.05,21.58,75.0,1500.0,15.2,healthy,0.0
healthy_0,1439,1789813403.4021802,4674.7,125.79,743.09,4.35,103.76,0.0655,20.27,14.08,21.16,75.0,1500.0,15.2,healthy,0.0
healthy_0,1440,1789813404.4021802,4682.9,125.81,742.0,4.27,103.92,0.0717,20.2,14.16,21.18,75.0,1500.0,15.2,healthy,0.0
healthy_0,1441,1789813405.4021802,4690.1,125.94,738.88,4.17,104.04,0.0698,20.41,14.18,20.97,75.0,1500.0,15.2,healthy,0.0
healthy_0,1442,1789813406.4021802,4680.4,125.63,736.37,4.19,104.01,0.068,20.48,14.22,21.15,75.0,1500.0,15.2,healthy,0.0
healthy_0,1443,1789813407.4021802,4705.9,125.51,732.95,4.18,104.1,0.0718,20.62,14.19,20.91,75.0,1500.0,15.2,healthy,0.0
healthy_0,1444,1789813408.4021802,4674.6,125.74,739.33,4.3,104.38,0.0699,20.54,14.13,21.13,75.0,1500.0,15.2,healthy,0.0
healthy_0,1445,1789813409.4021802,4661.6,125.44,740.54,4.34,104.34,0.0763,20.55,14.11,20.68,75.0,1500.0,15.2,healthy,0.0
healthy_0,1446,1789813410.4021802,4655.6,126.06,734.2,4.32,104.43,0.0706,20.57,14.08,20.7,75.0,1500.0,15.2,healthy,0.0
healthy_0,1447,1789813411.4021802,4646.1,126.15,734.42,4.34,104.39,0.0584,20.58,14.14,20.8,75.0,1500.0,15.2,healthy,0.0
healthy_0,1448,1789813412.4021802,4655.7,125.89,735.18,4.26,104.22,0.0655,20.49,14.08,21.25,75.0,1500.0,15.2,healthy,0.0
healthy_0,1449,1789813413.4021802,4653.5,126.25,736.6,4.32,104.19,0.0594,20.49,14.08,21.1,75.0,1500.0,15.2,healthy,0.0
healthy_0,1450,1789813414.4021802,4658.5,126.42,739.34,4.27,104.12,0.0666,20.43,14.07,21.29,75.0,1500.0,15.2,healthy,0.0
healthy_0,1451,1789813415.4021802,4659.5,126.82,737.87,4.25,104.1,0.0677,20.3,14.02,21.15,75.0,1500.0,15.2,healthy,0.0
healthy_0,1452,1789813416.4021802,4651.1,127.1,733.71,4.26,104.08,0.0776,20.33,14.01,21.24,75.0,1500.0,15.2,healthy,0.0
healthy_0,1453,1789813417.4021802,4677.8,126.83,732.77,4.28,104.23,0.0731,20.31,14.08,21.16,75.0,1500.0,15.2,healthy,0.0
healthy_0,1454,1789813418.4021802,4666.6,126.57,736.5,4.33,104.33,0.0735,20.21,14.1,20.92,75.0,1500.0,15.2,healthy,0.0
healthy_0,1455,1789813419.4021802,4692.5,126.26,741.08,4.35,104.48,0.0769,20.04,14.07,21.06,75.0,1500.0,15.2,healthy,0.0
healthy_0,1456,1789813420.4021802,4681.5,126.04,743.98,4.34,104.63,0.0865,20.09,14.06,21.35,75.0,1500.0,15.2,healthy,0.0
healthy_0,1457,1789813421.4021802,4692.2,126.18,743.29,4.33,104.52,0.0771,20.02,14.07,21.43,75.0,1500.0,15.2,healthy,0.0
healthy_0,1458,1789813422.4021802,4693.0,126.08,743.64,4.34,104.56,0.0838,20.13,14.06,20.96,75.0,1500.0,15.2,healthy,0.0
healthy_0,1459,1789813423.4021802,4705.7,126.26,740.47,4.31,104.38,0.0752,20.2,14.05,21.02,75.0,1500.0,15.2,healthy,0.0
healthy_0,1460,1789813424.4021802,4688.0,126.18,736.9,4.29,104.17,0.0708,20.28,14.08,21.31,75.0,1500.0,15.2,healthy,0.0
healthy_0,1461,1789813425.4021802,4702.2,126.04,738.03,4.22,104.07,0.0747,20.28,14.1,21.09,75.0,1500.0,15.2,healthy,0.0
healthy_0,1462,1789813426.4021802,4726.1,125.87,740.58,4.27,104.16,0.0738,20.35,14.21,21.0,75.0,1500.0,15.2,healthy,0.0
healthy_0,1463,1789813427.4021802,4728.7,126.25,738.66,4.4,104.04,0.0794,20.51,14.28,20.94,75.0,1500.0,15.2,healthy,0.0
healthy_0,1464,1789813428.4021802,4743.2,126.35,743.0,4.35,104.0,0.0732,20.69,14.33,20.97,75.0,1500.0,15.2,healthy,0.0
healthy_0,1465,1789813429.4021802,4726.7,126.32,739.72,4.3,103.94,0.069,20.44,14.32,21.26,75.0,1500.0,15.2,healthy,0.0
healthy_0,1466,1789813430.4021802,4750.2,126.69,744.18,4.31,103.94,0.0747,20.23,14.25,21.16,75.0,1500.0,15.2,healthy,0.0
healthy_0,1467,1789813431.4021802,4751.8,126.53,747.39,4.29,103.85,0.0787,20.33,14.23,21.24,75.0,1500.0,15.2,healthy,0.0
healthy_0,1468,1789813432.4021802,4733.3,126.55,748.1,4.32,103.86,0.076,20.24,14.2,21.6,75.0,1500.0,15.2,healthy,0.0
healthy_0,1469,1789813433.4021802,4730.0,126.45,742.82,4.33,103.72,0.0801,20.17,14.14,21.26,75.0,1500.0,15.2,healthy,0.0
healthy_0,1470,1789813434.4021802,4710.1,126.15,746.16,4.37,103.7,0.0743,20.09,14.15,21.17,75.0,1500.0,15.2,healthy,0.0
healthy_0,1471,1789813435.4021802,4726.9,126.33,746.28,4.4,103.73,0.0745,20.1,14.27,20.95,75.0,1500.0,15.2,healthy,0.0
healthy_0,1472,1789813436.4021802,4727.0,126.27,744.06,4.44,103.8,0.0681,20.33,14.27,21.25,75.0,1500.0,15.2,healthy,0.0
healthy_0,1473,1789813437.4021802,4711.5,126.17,745.74,4.39,103.72,0.0755,20.27,14.27,21.04,75.0,1500.0,15.2,healthy,0.0
healthy_0,1474,1789813438.4021802,4714.6,126.25,743.52,4.37,103.58,0.0771,20.13,14.17,21.15,75.0,1500.0,15.2,healthy,0.0
healthy_0,1475,1789813439.4021802,4701.1,126.32,741.72,4.36,103.57,0.0662,20.06,14.18,21.08,75.0,1500.0,15.2,healthy,0.0
healthy_0,1476,1789813440.4021802,4675.0,126.08,742.03,4.38,103.57,0.0698,20.11,14.16,21.09,75.0,1500.0,15.2,healthy,0.0
healthy_0,1477,1789813441.4021802,4688.0,126.0,743.76,4.32,103.38,0.0727,20.18,14.15,21.4,75.0,1500.0,15.2,healthy,0.0
healthy_0,1478,1789813442.4021802,4688.6,126.2,741.87,4.4,103.35,0.073,20.05,14.24,21.11,75.0,1500.0,15.2,healthy,0.0
healthy_0,1479,1789813443.4021802,4686.2,126.4,739.02,4.42,103.39,0.0783,19.9,14.21,21.16,75.0,1500.0,15.2,healthy,0.0
healthy_0,1480,1789813444.4021802,4685.3,125.76,739.21,4.35,103.47,0.0838,20.15,14.23,21.19,75.0,1500.0,15.2,healthy,0.0
healthy_0,1481,1789813445.4021802,4682.2,125.79,736.03,4.37,103.53,0.0782,20.24,14.24,21.0,75.0,1500.0,15.2,healthy,0.0
healthy_0,1482,1789813446.4021802,4689.9,125.64,737.66,4.37,103.77,0.0774,20.21,14.28,21.13,75.0,1500.0,15.2,healthy,0.0
healthy_0,1483,1789813447.4021802,4707.1,125.84,734.01,4.37,103.7,0.0814,20.29,14.21,21.06,75.0,1500.0,15.2,healthy,0.0
healthy_0,1484,1789813448.4021802,4697.4,125.94,737.46,4.41,103.83,0.0676,20.12,14.29,21.26,75.0,1500.0,15.2,healthy,0.0
healthy_0,1485,1789813449.4021802,4699.2,126.33,739.35,4.38,103.8,0.0626,20.07,14.3,20.99,75.0,1500.0,15.2,healthy,0.0
healthy_0,1486,1789813450.4021802,4705.4,126.65,741.56,4.53,103.76,0.0687,20.16,14.3,21.17,75.0,1500.0,15.2,healthy,0.0
healthy_0,1487,1789813451.4021802,4710.7,126.61,739.62,4.39,103.77,0.068,20.18,14.3,21.35,75.0,1500.0,15.2,healthy,0.0
healthy_0,1488,1789813452.4021802,4727.2,126.79,740.39,4.43,103.66,0.0579,20.37,14.32,21.11,75.0,1500.0,15.2,healthy,0.0
healthy_0,1489,1789813453.4021802,4738.3,127.01,746.72,4.4,103.85,0.0615,20.44,14.38,21.22,75.0,1500.0,15.2,healthy,0.0
healthy_0,1490,1789813454.4021802,4737.2,126.58,749.89,4.31,103.75,0.0632,20.64,14.38,21.02,75.0,1500.0,15.2,healthy,0.0
healthy_0,1491,1789813455.4021802,4736.5,126.53,744.97,4.3,103.78,0.0719,20.56,14.43,21.26,75.0,1500.0,15.2,healthy,0.0
healthy_0,1492,1789813456.4021802,4735.1,126.46,741.67,4.34,103.74,0.0642,20.55,14.29,21.29,75.0,1500.0,15.2,healthy,0.0
healthy_0,1493,1789813457.4021802,4729.1,126.52,739.71,4.34,103.78,0.0676,20.51,14.24,20.76,75.0,1500.0,15.2,healthy,0.0
healthy_0,1494,1789813458.4021802,4744.4,126.55,741.68,4.28,103.78,0.0726,20.45,14.31,21.06,75.0,1500.0,15.2,healthy,0.0
healthy_0,1495,1789813459.4021802,4749.8,126.48,743.67,4.31,103.72,0.07,20.6,14.33,21.33,75.0,1500.0,15.2,healthy,0.0
healthy_0,1496,1789813460.4021802,4746.5,126.43,744.06,4.29,103.57,0.0662,20.46,14.24,21.53,75.0,1500.0,15.2,healthy,0.0
healthy_0,1497,1789813461.4021802,4771.3,126.62,741.25,4.28,103.74,0.0676,20.41,14.21,21.38,75.0,1500.0,15.2,healthy,0.0
healthy_0,1498,1789813462.4021802,4746.5,126.48,746.69,4.29,103.85,0.0765,20.4,14.25,21.57,75.0,1500.0,15.2,healthy,0.0
healthy_0,1499,1789813463.4021802,4740.4,126.02,747.94,4.37,103.74,0.071,20.31,14.23,21.33,75.0,1500.0,15.2,healthy,0.0
healthy_0,1500,1789813464.4021802,4718.3,126.23,752.27,4.45,103.88,0.0726,20.25,14.24,20.88,75.0,1500.0,15.2,healthy,0.0
healthy_0,1501,1789813465.4021802,4703.4,126.28,748.21,4.41,104.09,0.0707,20.18,14.22,20.84,75.0,1500.0,15.2,healthy,0.0
healthy_0,1502,1789813466.4021802,4686.5,126.43,744.6,4.43,104.0,0.0692,20.14,14.25,21.15,75.0,1500.0,15.2,healthy,0.0
healthy_0,1503,1789813467.4021802,4683.9,126.48,747.61,4.36,104.0,0.064,20.09,14.2,20.99,75.0,1500.0,15.2,healthy,0.0
healthy_0,1504,1789813468.4021802,4680.9,126.69,745.64,4.43,104.16,0.0695,20.02,14.29,21.09,75.0,1500.0,15.2,healthy,0.0
healthy_0,1505,1789813469.4021802,4661.3,126.46,741.04,4.36,104.07,0.0754,19.95,14.37,21.32,75.0,1500.0,15.2,healthy,0.0
healthy_0,1506,1789813470.4021802,4652.8,126.59,736.51,4.49,103.84,0.082,20.02,14.4,21.03,75.0,1500.0,15.2,healthy,0.0
healthy_0,1507,1789813471.4021802,4653.2,126.84,736.24,4.45,103.85,0.081,20.06,14.4,20.91,75.0,1500.0,15.2,healthy,0.0
healthy_0,1508,1789813472.4021802,4673.4,126.55,742.87,4.36,103.75,0.0707,20.01,14.31,21.16,75.0,1500.0,15.2,healthy,0.0
healthy_0,1509,1789813473.4021802,4676.3,126.56,740.91,4.38,103.79,0.0692,20.21,14.25,21.08,75.0,1500.0,15.2,healthy,0.0
healthy_0,1510,1789813474.4021802,4693.6,126.63,741.54,4.39,103.87,0.0764,20.07,14.3,21.4,75.0,1500.0,15.2,healthy,0.0
healthy_0,1511,1789813475.4021802,4705.6,126.56,736.51,4.24,103.88,0.0837,20.04,14.27,21.35,75.0,1500.0,15.2,healthy,0.0
healthy_0,1512,1789813476.4021802,4696.2,126.86,736.7,4.34,104.05,0.0851,19.86,14.17,21.12,75.0,1500.0,15.2,healthy,0.0
healthy_0,1513,1789813477.4021802,4692.9,126.91,734.78,4.34,103.83,0.0915,20.17,14.08,21.37,75.0,1500.0,15.2,healthy,0.0
healthy_0,1514,1789813478.4021802,4705.4,126.54,737.05,4.38,103.86,0.0863,20.23,14.12,21.57,75.0,1500.0,15.2,healthy,0.0
healthy_0,1515,1789813479.4021802,4705.0,126.74,736.76,4.33,103.84,0.0727,20.04,14.11,21.36,75.0,1500.0,15.2,healthy,0.0
healthy_0,1516,1789813480.4021802,4721.2,126.61,733.97,4.38,103.99,0.0807,20.11,14.09,21.27,75.0,1500.0,15.2,healthy,0.0
healthy_0,1517,1789813481.4021802,4708.2,126.53,733.33,4.47,103.99,0.0741,20.19,13.96,21.35,75.0,1500.0,15.2,healthy,0.0
healthy_0,1518,1789813482.4021802,4699.0,126.51,734.89,4.5,103.92,0.0804,20.19,14.03,21.16,75.0,1500.0,15.2,healthy,0.0
healthy_0,1519,1789813483.4021802,4725.4,126.15,741.4,4.36,104.0,0.0795,20.18,14.09,21.16,75.0,1500.0,15.2,healthy,0.0
healthy_0,1520,1789813484.4021802,4729.8,126.0,741.21,4.35,104.02,0.0772,20.48,14.12,21.25,75.0,1500.0,15.2,healthy,0.0
healthy_0,1521,1789813485.4021802,4701.5,125.9,735.77,4.31,104.0,0.0819,20.52,14.12,21.22,75.0,1500.0,15.2,healthy,0.0
healthy_0,1522,1789813486.4021802,4683.9,125.88,740.8,4.34,103.95,0.0698,20.53,14.15,20.78,75.0,1500.0,15.2,healthy,0.0
healthy_0,1523,1789813487.4021802,4679.1,125.9,737.87,4.37,104.0,0.0585,20.47,14.11,20.93,75.0,1500.0,15.2,healthy,0.0
healthy_0,1524,1789813488.4021802,4685.1,125.89,741.48,4.33,104.0,0.0614,20.51,14.13,20.96,75.0,1500.0,15.2,healthy,0.0
healthy_0,1525,1789813489.4021802,4672.2,125.97,737.04,4.29,103.85,0.0665,20.5,14.21,20.73,75.0,1500.0,15.2,healthy,0.0
healthy_0,1526,1789813490.4021802,4675.1,126.11,738.06,4.28,103.8,0.0706,20.38,14.26,21.1,75.0,1500.0,15.2,healthy,0.0
healthy_0,1527,1789813491.4021802,4670.1,125.79,742.79,4.35,103.76,0.0674,20.31,14.3,21.43,75.0,1500.0,15.2,healthy,0.0
healthy_0,1528,1789813492.4021802,4673.9,125.94,738.91,4.41,103.78,0.0705,20.23,14.21,21.63,75.0,1500.0,15.2,healthy,0.0
healthy_0,1529,1789813493.4021802,4665.7,125.84,743.99,4.46,103.67,0.0702,20.21,14.1,21.85,75.0,1500.0,15.2,healthy,0.0
healthy_0,1530,1789813494.4021802,4656.9,125.66,743.74,4.43,103.7,0.0692,20.29,14.08,21.25,75.0,1500.0,15.2,healthy,0.0
healthy_0,1531,1789813495.4021802,4696.6,125.75,740.5,4.32,103.74,0.0795,20.33,14.1,21.29,75.0,1500.0,15.2,healthy,0.0
healthy_0,1532,1789813496.4021802,4701.8,125.84,744.62,4.38,103.83,0.074,20.22,14.1,21.33,75.0,1500.0,15.2,healthy,0.0
healthy_0,1533,1789813497.4021802,4690.5,125.87,737.14,4.35,103.85,0.0709,20.29,14.13,20.95,75.0,1500.0,15.2,healthy,0.0
healthy_0,1534,1789813498.4021802,4687.4,126.08,739.68,4.4,103.9,0.0719,20.39,14.2,20.93,75.0,1500.0,15.2,healthy,0.0
healthy_0,1535,1789813499.4021802,4676.3,126.05,743.15,4.4,103.87,0.0689,20.11,14.23,21.0,75.0,1500.0,15.2,healthy,0.0
healthy_0,1536,1789813500.4021802,4727.7,126.24,740.28,4.37,103.91,0.066,20.08,14.25,20.95,75.0,1500.0,15.2,healthy,0.0
healthy_0,1537,1789813501.4021802,4724.5,126.28,737.82,4.37,103.81,0.0678,20.09,14.24,21.18,75.0,1500.0,15.2,healthy,0.0
healthy_0,1538,1789813502.4021802,4735.1,126.5,738.66,4.38,103.74,0.0683,20.17,14.23,21.34,75.0,1500.0,15.2,healthy,0.0
healthy_0,1539,1789813503.4021802,4745.3,126.23,738.43,4.47,103.89,0.0752,20.24,14.25,21.17,75.0,1500.0,15.2,healthy,0.0
healthy_0,1540,1789813504.4021802,4711.3,126.09,738.25,4.46,103.82,0.0673,20.23,14.26,21.27,75.0,1500.0,15.2,healthy,0.0
healthy_0,1541,1789813505.4021802,4715.9,126.41,739.85,4.35,103.82,0.0763,20.18,14.31,21.17,75.0,1500.0,15.2,healthy,0.0
healthy_0,1542,1789813506.4021802,4719.6,126.65,741.4,4.42,103.96,0.0813,20.26,14.32,21.19,75.0,1500.0,15.2,healthy,0.0
healthy_0,1543,1789813507.4021802,4708.0,126.3,744.94,4.31,104.02,0.0709,20.3,14.26,21.46,75.0,1500.0,15.2,healthy,0.0
healthy_0,1544,1789813508.4021802,4715.1,126.58,749.32,4.27,103.94,0.0767,20.24,14.32,21.13,75.0,1500.0,15.2,healthy,0.0
healthy_0,1545,1789813509.4021802,4721.4,126.66,746.35,4.28,104.13,0.0749,20.15,14.26,21.29,75.0,1500.0,15.2,healthy,0.0
healthy_0,1546,1789813510.4021802,4738.9,126.22,749.28,4.29,104.16,0.0696,20.23,14.26,21.11,75.0,1500.0,15.2,healthy,0.0
healthy_0,1547,1789813511.4021802,4734.9,126.41,748.91,4.3,104.1,0.0655,20.12,14.34,20.89,75.0,1500.0,15.2,healthy,0.0
healthy_0,1548,1789813512.4021802,4740.0,126.68,745.04,4.25,104.11,0.0659,20.01,14.37,21.16,75.0,1500.0,15.2,healthy,0.0
healthy_0,1549,1789813513.4021802,4747.4,126.3,746.89,4.31,104.08,0.0715,20.1,14.34,21.24,75.0,1500.0,15.2,healthy,0.0
healthy_0,1550,1789813514.4021802,4737.7,126.38,741.8,4.42,103.98,0.066,20.06,14.32,21.06,75.0,1500.0,15.2,healthy,0.0
healthy_0,1551,1789813515.4021802,4738.1,126.17,740.69,4.45,103.96,0.0662,20.07,14.37,20.96,75.0,1500.0,15.2,healthy,0.0
healthy_0,1552,1789813516.4021802,4712.8,126.63,739.19,4.37,103.98,0.0686,20.01,14.41,20.95,75.0,1500.0,15.2,healthy,0.0
healthy_0,1553,1789813517.4021802,4705.1,126.63,741.37,4.32,104.1,0.0643,20.0,14.33,21.12,75.0,1500.0,15.2,healthy,0.0
healthy_0,1554,1789813518.4021802,4688.9,126.67,737.6,4.31,103.99,0.0737,19.87,14.34,21.08,75.0,1500.0,15.2,healthy,0.0
healthy_0,1555,1789813519.4021802,4719.4,126.79,737.58,4.38,104.0,0.0679,19.83,14.29,21.63,75.0,1500.0,15.2,healthy,0.0
healthy_0,1556,1789813520.4021802,4704.4,126.67,729.9,4.36,103.81,0.0735,19.9,14.28,21.32,75.0,1500.0,15.2,healthy,0.0
healthy_0,1557,1789813521.4021802,4701.8,126.48,730.21,4.37,103.83,0.0743,20.0,14.27,21.28,75.0,1500.0,15.2,healthy,0.0
healthy_0,1558,1789813522.4021802,4693.9,126.33,726.78,4.35,103.73,0.0739,20.06,14.25,21.05,75.0,1500.0,15.2,healthy,0.0
healthy_0,1559,1789813523.4021802,4695.9,126.6,730.37,4.42,103.71,0.0742,20.32,14.2,21.06,75.0,1500.0,15.2,healthy,0.0
healthy_0,1560,1789813524.4021802,4685.1,126.64,729.31,4.41,103.66,0.0739,20.34,14.21,20.62,75.0,1500.0,15.2,healthy,0.0
healthy_0,1561,1789813525.4021802,4662.2,126.76,732.03,4.34,103.43,0.0654,20.41,14.15,20.96,75.0,1500.0,15.2,healthy,0.0
healthy_0,1562,1789813526.4021802,4675.1,126.73,731.19,4.31,103.51,0.0614,20.38,14.04,21.17,75.0,1500.0,15.2,healthy,0.0
healthy_0,1563,1789813527.4021802,4664.4,126.59,729.95,4.35,103.66,0.0713,20.23,14.02,21.21,75.0,1500.0,15.2,healthy,0.0
healthy_0,1564,1789813528.4021802,4687.6,126.17,728.85,4.31,103.73,0.0671,20.26,14.02,21.35,75.0,1500.0,15.2,healthy,0.0
healthy_0,1565,1789813529.4021802,4689.5,126.47,733.71,4.29,103.85,0.0788,20.15,14.03,21.23,75.0,1500.0,15.2,healthy,0.0
healthy_0,1566,1789813530.4021802,4674.7,125.9,737.14,4.35,103.89,0.0697,20.14,14.08,21.27,75.0,1500.0,15.2,healthy,0.0
healthy_0,1567,1789813531.4021802,4679.1,126.19,734.22,4.38,104.07,0.07,19.93,14.03,21.12,75.0,1500.0,15.2,healthy,0.0
healthy_0,1568,1789813532.4021802,4712.4,126.17,736.18,4.36,104.18,0.0742,20.01,13.91,21.4,75.0,1500.0,15.2,healthy,0.0
healthy_0,1569,1789813533.4021802,4700.3,126.31,742.06,4.46,104.28,0.0746,20.05,13.91,21.22,75.0,1500.0,15.2,healthy,0.0
healthy_0,1570,1789813534.4021802,4706.1,126.3,742.22,4.44,104.16,0.0744,20.07,13.95,21.04,75.0,1500.0,15.2,healthy,0.0
healthy_0,1571,1789813535.4021802,4699.1,126.2,744.64,4.45,104.12,0.0789,20.1,14.01,21.06,75.0,1500.0,15.2,healthy,0.0
healthy_0,1572,1789813536.4021802,4690.3,126.18,745.32,4.46,104.03,0.0819,20.08,14.01,21.06,75.0,1500.0,15.2,healthy,0.0
healthy_0,1573,1789813537.4021802,4708.3,126.74,747.76,4.41,104.02,0.0835,20.04,14.0,21.26,75.0,1500.0,15.2,healthy,0.0
healthy_0,1574,1789813538.4021802,4710.3,126.7,740.49,4.43,104.15,0.0779,20.01,14.05,21.03,75.0,1500.0,15.2,healthy,0.0
healthy_0,1575,1789813539.4021802,4709.7,126.87,744.86,4.44,104.24,0.0768,20.11,14.09,20.74,75.0,1500.0,15.2,healthy,0.0
healthy_0,1576,1789813540.4021802,4731.2,126.69,743.96,4.41,104.38,0.0785,19.93,14.05,20.96,75.0,1500.0,15.2,healthy,0.0
healthy_0,1577,1789813541.4021802,4730.7,126.47,748.61,4.38,104.39,0.0751,20.16,14.09,21.34,75.0,1500.0,15.2,healthy,0.0
healthy_0,1578,1789813542.4021802,4715.3,126.46,740.38,4.4,104.35,0.0761,20.17,14.09,21.26,75.0,1500.0,15.2,healthy,0.0
healthy_0,1579,1789813543.4021802,4710.4,126.39,738.05,4.38,104.27,0.0646,20.31,14.07,21.32,75.0,1500.0,15.2,healthy,0.0
healthy_0,1580,1789813544.4021802,4686.3,126.29,737.12,4.32,104.3,0.0755,20.22,14.05,20.96,75.0,1500.0,15.2,healthy,0.0
healthy_0,1581,1789813545.4021802,4694.9,126.24,730.91,4.34,104.22,0.0754,20.28,14.06,21.46,75.0,1500.0,15.2,healthy,0.0
healthy_0,1582,1789813546.4021802,4694.9,125.92,730.79,4.3,104.14,0.0716,20.21,14.01,21.46,75.0,1500.0,15.2,healthy,0.0
healthy_0,1583,1789813547.4021802,4711.3,125.96,732.17,4.44,104.07,0.0657,20.02,14.04,21.27,75.0,1500.0,15.2,healthy,0.0
healthy_0,1584,1789813548.4021802,4726.8,125.88,735.21,4.4,104.07,0.0602,20.09,13.99,21.42,75.0,1500.0,15.2,healthy,0.0
healthy_0,1585,1789813549.4021802,4718.3,126.11,740.93,4.41,104.15,0.0638,20.2,14.01,21.26,75.0,1500.0,15.2,healthy,0.0
healthy_0,1586,1789813550.4021802,4723.2,126.17,733.83,4.34,104.11,0.0538,20.2,13.93,21.18,75.0,1500.0,15.2,healthy,0.0
healthy_0,1587,1789813551.4021802,4724.2,126.38,732.59,4.29,104.11,0.057,20.21,13.92,20.96,75.0,1500.0,15.2,healthy,0.0
healthy_0,1588,1789813552.4021802,4716.8,126.06,732.96,4.25,104.16,0.0692,20.22,13.93,21.23,75.0,1500.0,15.2,healthy,0.0
healthy_0,1589,1789813553.4021802,4737.1,125.94,731.71,4.25,104.08,0.0676,20.23,13.92,21.05,75.0,1500.0,15.2,healthy,0.0
healthy_0,1590,1789813554.4021802,4715.9,126.31,732.33,4.27,104.06,0.07,20.26,13.92,21.15,75.0,1500.0,15.2,healthy,0.0
healthy_0,1591,1789813555.4021802,4723.6,126.44,732.55,4.32,104.05,0.0675,20.18,13.97,21.61,75.0,1500.0,15.2,healthy,0.0
healthy_0,1592,1789813556.4021802,4727.5,126.58,731.72,4.38,104.02,0.0647,20.33,13.97,21.44,75.0,1500.0,15.2,healthy,0.0
healthy_0,1593,1789813557.4021802,4746.3,126.45,730.01,4.36,104.01,0.0616,20.18,13.96,21.57,75.0,1500.0,15.2,healthy,0.0
healthy_0,1594,1789813558.4021802,4746.0,126.55,729.43,4.32,104.1,0.0707,20.33,13.95,21.34,75.0,1500.0,15.2,healthy,0.0
healthy_0,1595,1789813559.4021802,4747.1,126.61,731.25,4.25,104.15,0.057,20.37,13.94,21.41,75.0,1500.0,15.2,healthy,0.0
healthy_0,1596,1789813560.4021802,4749.7,126.92,731.48,4.23,104.16,0.0693,20.16,14.01,21.69,75.0,1500.0,15.2,healthy,0.0
healthy_0,1597,1789813561.4021802,4718.4,126.69,736.86,4.2,104.11,0.0706,20.15,13.97,21.71,75.0,1500.0,15.2,healthy,0.0
healthy_0,1598,1789813562.4021802,4717.3,126.77,738.45,4.33,104.24,0.0715,20.15,13.98,21.56,75.0,1500.0,15.2,healthy,0.0
healthy_0,1599,1789813563.4021802,4720.8,126.68,741.0,4.38,104.21,0.0693,20.15,14.08,21.08,75.0,1500.0,15.2,healthy,0.0
healthy_0,1600,1789813564.4021802,4708.6,126.97,739.39,4.4,104.06,0.0713,20.18,13.96,21.31,75.0,1500.0,15.2,healthy,0.0
healthy_0,1601,1789813565.4021802,4676.3,127.1,731.77,4.4,103.92,0.0677,20.1,13.94,21.33,75.0,1500.0,15.2,healthy,0.0
healthy_0,1602,1789813566.4021802,4678.2,127.28,732.47,4.36,103.9,0.0672,19.98,13.95,21.01,75.0,1500.0,15.2,healthy,0.0
healthy_0,1603,1789813567.4021802,4695.9,127.49,733.33,4.42,103.98,0.0664,19.87,13.93,21.27,75.0,1500.0,15.2,healthy,0.0
healthy_0,1604,1789813568.4021802,4689.8,127.37,734.29,4.39,103.93,0.0595,19.91,14.06,21.29,75.0,1500.0,15.2,healthy,0.0
healthy_0,1605,1789813569.4021802,4683.8,127.23,734.6,4.44,103.88,0.0625,19.92,13.96,21.24,75.0,1500.0,15.2,healthy,0.0
healthy_0,1606,1789813570.4021802,4704.2,127.34,739.48,4.48,103.77,0.0669,20.02,14.04,21.1,75.0,1500.0,15.2,healthy,0.0
healthy_0,1607,1789813571.4021802,4703.4,127.39,741.0,4.37,103.79,0.0803,20.06,14.07,21.69,75.0,1500.0,15.2,healthy,0.0
healthy_0,1608,1789813572.4021802,4669.6,127.48,734.15,4.27,103.86,0.0713,20.04,14.11,21.72,75.0,1500.0,15.2,healthy,0.0
healthy_0,1609,1789813573.4021802,4652.1,127.28,737.99,4.25,104.01,0.0697,19.92,14.08,21.12,75.0,1500.0,15.2,healthy,0.0
healthy_0,1610,1789813574.4021802,4681.3,127.43,738.4,4.29,104.04,0.0774,20.04,14.13,21.18,75.0,1500.0,15.2,healthy,0.0
healthy_0,1611,1789813575.4021802,4683.8,127.05,734.6,4.3,104.08,0.0747,20.16,14.13,20.97,75.0,1500.0,15.2,healthy,0.0
healthy_0,1612,1789813576.4021802,4671.7,127.06,732.87,4.3,104.24,0.0716,20.29,14.16,21.12,75.0,1500.0,15.2,healthy,0.0
healthy_0,1613,1789813577.4021802,4665.4,126.77,730.46,4.31,104.27,0.0704,20.43,14.13,21.06,75.0,1500.0,15.2,healthy,0.0
healthy_0,1614,1789813578.4021802,4656.6,126.61,732.93,4.41,104.17,0.0602,20.25,14.04,20.57,75.0,1500.0,15.2,healthy,0.0
healthy_0,1615,1789813579.4021802,4666.6,126.43,740.09,4.44,104.23,0.0649,20.16,14.08,21.18,75.0,1500.0,15.2,healthy,0.0
healthy_0,1616,1789813580.4021802,4690.1,126.68,740.6,4.43,104.37,0.0775,20.19,14.06,21.01,75.0,1500.0,15.2,healthy,0.0
healthy_0,1617,1789813581.4021802,4710.4,126.67,745.41,4.46,104.37,0.0878,20.05,14.06,21.06,75.0,1500.0,15.2,healthy,0.0
healthy_0,1618,1789813582.4021802,4700.1,127.02,744.96,4.39,104.5,0.0837,19.92,14.06,21.24,75.0,1500.0,15.2,healthy,0.0
healthy_0,1619,1789813583.4021802,4684.9,126.89,746.34,4.43,104.57,0.0862,19.92,14.05,21.06,75.0,1500.0,15.2,healthy,0.0
healthy_0,1620,1789813584.4021802,4683.4,126.53,745.42,4.33,104.4,0.0783,20.06,14.05,20.8,75.0,1500.0,15.2,healthy,0.0
healthy_0,1621,1789813585.4021802,4703.9,126.07,748.6,4.38,104.48,0.075,20.17,13.95,21.14,75.0,1500.0,15.2,healthy,0.0
healthy_0,1622,1789813586.4021802,4699.7,126.09,741.98,4.44,104.22,0.0774,20.37,14.05,21.35,75.0,1500.0,15.2,healthy,0.0
healthy_0,1623,1789813587.4021802,4695.6,126.2,739.31,4.4,104.21,0.073,20.33,14.11,21.49,75.0,1500.0,15.2,healthy,0.0
healthy_0,1624,1789813588.4021802,4692.6,126.45,737.32,4.44,104.21,0.0774,20.43,14.21,21.18,75.0,1500.0,15.2,healthy,0.0
healthy_0,1625,1789813589.4021802,4698.7,126.68,737.83,4.39,104.42,0.0725,20.24,14.32,21.56,75.0,1500.0,15.2,healthy,0.0
healthy_0,1626,1789813590.4021802,4703.5,126.41,736.24,4.38,104.4,0.062,20.22,14.3,21.02,75.0,1500.0,15.2,healthy,0.0
healthy_0,1627,1789813591.4021802,4670.0,126.41,736.8,4.37,104.34,0.0638,20.3,14.31,20.75,75.0,1500.0,15.2,healthy,0.0
healthy_0,1628,1789813592.4021802,4689.5,126.11,737.49,4.36,104.23,0.0689,20.25,14.26,21.21,75.0,1500.0,15.2,healthy,0.0
healthy_0,1629,1789813593.4021802,4692.8,126.15,743.35,4.37,104.23,0.0721,20.16,14.29,21.49,75.0,1500.0,15.2,healthy,0.0
healthy_0,1630,1789813594.4021802,4679.2,126.05,746.14,4.34,104.13,0.0713,20.11,14.24,21.31,75.0,1500.0,15.2,healthy,0.0
healthy_0,1631,1789813595.4021802,4684.1,126.01,748.79,4.26,103.95,0.0709,20.25,14.22,21.5,75.0,1500.0,15.2,healthy,0.0
healthy_0,1632,1789813596.4021802,4677.2,126.1,744.4,4.35,104.04,0.0702,20.18,14.24,21.09,75.0,1500.0,15.2,healthy,0.0
healthy_0,1633,1789813597.4021802,4657.6,125.87,741.98,4.37,104.09,0.0659,20.1,14.19,21.35,75.0,1500.0,15.2,healthy,0.0
healthy_0,1634,1789813598.4021802,4652.0,126.15,744.03,4.37,103.96,0.0751,19.95,14.23,21.24,75.0,1500.0,15.2,healthy,0.0
healthy_0,1635,1789813599.4021802,4673.8,126.29,745.58,4.4,103.99,0.075,19.99,14.27,21.06,75.0,1500.0,15.2,healthy,0.0
healthy_0,1636,1789813600.4021802,4702.8,126.59,746.18,4.4,103.98,0.0775,20.05,14.33,21.02,75.0,1500.0,15.2,healthy,0.0
healthy_0,1637,1789813601.4021802,4725.1,126.32,744.88,4.37,104.06,0.0782,20.22,14.43,21.37,75.0,1500.0,15.2,healthy,0.0
healthy_0,1638,1789813602.4021802,4729.8,126.41,738.13,4.33,104.03,0.0727,20.1,14.44,21.45,75.0,1500.0,15.2,healthy,0.0
healthy_0,1639,1789813603.4021802,4718.5,126.2,736.43,4.38,103.9,0.0694,20.02,14.46,21.35,75.0,1500.0,15.2,healthy,0.0
healthy_0,1640,1789813604.4021802,4708.7,126.14,736.99,4.36,103.9,0.0691,19.95,14.42,21.31,75.0,1500.0,15.2,healthy,0.0
healthy_0,1641,1789813605.4021802,4708.0,126.41,737.19,4.31,103.88,0.0673,20.01,14.39,21.36,75.0,1500.0,15.2,healthy,0.0
healthy_0,1642,1789813606.4021802,4704.8,126.46,738.13,4.36,104.02,0.0683,20.08,14.33,21.03,75.0,1500.0,15.2,healthy,0.0
healthy_0,1643,1789813607.4021802,4717.0,126.14,739.03,4.33,103.9,0.0669,20.05,14.32,21.29,75.0,1500.0,15.2,healthy,0.0
healthy_0,1644,1789813608.4021802,4711.2,125.92,738.26,4.35,103.83,0.0676,20.1,14.32,21.02,75.0,1500.0,15.2,healthy,0.0
healthy_0,1645,1789813609.4021802,4717.6,126.02,739.65,4.33,103.78,0.0741,20.19,14.26,21.23,75.0,1500.0,15.2,healthy,0.0
healthy_0,1646,1789813610.4021802,4719.5,126.03,736.66,4.26,103.78,0.0768,20.12,14.2,21.6,75.0,1500.0,15.2,healthy,0.0
healthy_0,1647,1789813611.4021802,4707.7,125.99,735.49,4.22,103.73,0.0777,20.2,14.2,21.44,75.0,1500.0,15.2,healthy,0.0
healthy_0,1648,1789813612.4021802,4718.5,125.87,738.34,4.25,103.82,0.0814,20.25,14.26,21.32,75.0,1500.0,15.2,healthy,0.0
healthy_0,1649,1789813613.4021802,4704.8,125.86,740.44,4.21,103.78,0.0747,20.22,14.23,21.0,75.0,1500.0,15.2,healthy,0.0
healthy_0,1650,1789813614.4021802,4726.2,125.97,742.57,4.27,103.85,0.0789,20.31,14.2,21.32,75.0,1500.0,15.2,healthy,0.0
healthy_0,1651,1789813615.4021802,4702.9,126.21,744.17,4.25,103.74,0.073,20.1,14.16,21.3,75.0,1500.0,15.2,healthy,0.0
healthy_0,1652,1789813616.4021802,4693.2,125.84,741.94,4.37,103.79,0.0781,20.11,14.12,21.09,75.0,1500.0,15.2,healthy,0.0
healthy_0,1653,1789813617.4021802,4714.1,125.83,737.99,4.45,103.81,0.0752,20.28,14.13,20.97,75.0,1500.0,15.2,healthy,0.0
healthy_0,1654,1789813618.4021802,4716.9,125.73,741.94,4.46,104.0,0.0712,20.19,14.12,21.01,75.0,1500.0,15.2,healthy,0.0
healthy_0,1655,1789813619.4021802,4699.6,125.94,738.79,4.41,104.11,0.0834,20.24,14.23,21.27,75.0,1500.0,15.2,healthy,0.0
healthy_0,1656,1789813620.4021802,4717.6,125.88,744.08,4.43,104.12,0.0799,20.29,14.25,21.2,75.0,1500.0,15.2,healthy,0.0
healthy_0,1657,1789813621.4021802,4717.1,125.95,740.4,4.41,104.27,0.0814,20.43,14.33,21.06,75.0,1500.0,15.2,healthy,0.0
healthy_0,1658,1789813622.4021802,4705.0,126.0,740.3,4.45,104.32,0.0858,20.35,14.35,21.51,75.0,1500.0,15.2,healthy,0.0
healthy_0,1659,1789813623.4021802,4729.1,126.35,739.07,4.38,104.22,0.0804,20.44,14.31,21.16,75.0,1500.0,15.2,healthy,0.0
healthy_0,1660,1789813624.4021802,4749.0,126.5,738.6,4.41,104.13,0.0726,20.38,14.24,20.83,75.0,1500.0,15.2,healthy,0.0
healthy_0,1661,1789813625.4021802,4754.3,126.61,737.2,4.3,104.16,0.0862,20.24,14.28,21.16,75.0,1500.0,15.2,healthy,0.0
healthy_0,1662,1789813626.4021802,4728.1,126.62,736.89,4.36,104.11,0.0777,20.31,14.33,21.06,75.0,1500.0,15.2,healthy,0.0
healthy_0,1663,1789813627.4021802,4701.4,126.24,738.51,4.41,104.12,0.0859,20.37,14.25,21.02,75.0,1500.0,15.2,healthy,0.0
healthy_0,1664,1789813628.4021802,4728.9,126.1,736.43,4.38,104.02,0.0822,20.27,14.22,21.26,75.0,1500.0,15.2,healthy,0.0
healthy_0,1665,1789813629.4021802,4717.6,125.87,741.77,4.39,104.08,0.0871,20.27,14.22,21.57,75.0,1500.0,15.2,healthy,0.0
healthy_0,1666,1789813630.4021802,4684.2,125.98,738.71,4.41,104.05,0.0905,20.41,14.18,21.46,75.0,1500.0,15.2,healthy,0.0
healthy_0,1667,1789813631.4021802,4707.2,125.93,741.52,4.46,103.96,0.0854,20.43,14.19,21.74,75.0,1500.0,15.2,healthy,0.0
healthy_0,1668,1789813632.4021802,4713.7,125.96,742.01,4.45,103.93,0.0781,20.32,14.13,21.25,75.0,1500.0,15.2,healthy,0.0
healthy_0,1669,1789813633.4021802,4722.5,126.24,736.17,4.47,103.72,0.079,20.28,14.17,21.23,75.0,1500.0,15.2,healthy,0.0
healthy_0,1670,1789813634.4021802,4757.2,125.99,736.19,4.52,103.81,0.0856,20.34,14.23,21.21,75.0,1500.0,15.2,healthy,0.0
healthy_0,1671,1789813635.4021802,4746.3,125.94,737.78,4.47,103.9,0.0831,20.18,14.16,21.25,75.0,1500.0,15.2,healthy,0.0
healthy_0,1672,1789813636.4021802,4728.6,126.11,741.51,4.37,103.89,0.0768,20.14,14.24,21.12,75.0,1500.0,15.2,healthy,0.0
healthy_0,1673,1789813637.4021802,4735.4,125.66,739.42,4.37,103.89,0.0842,20.05,14.32,21.05,75.0,1500.0,15.2,healthy,0.0
healthy_0,1674,1789813638.4021802,4747.4,125.32,738.11,4.39,104.1,0.0811,19.98,14.28,21.31,75.0,1500.0,15.2,healthy,0.0
healthy_0,1675,1789813639.4021802,4746.3,125.33,738.5,4.4,103.94,0.0799,20.07,14.31,21.23,75.0,1500.0,15.2,healthy,0.0
healthy_0,1676,1789813640.4021802,4746.5,125.26,744.38,4.34,103.83,0.0826,20.05,14.3,21.22,75.0,1500.0,15.2,healthy,0.0
healthy_0,1677,1789813641.4021802,4732.9,125.33,740.21,4.39,103.83,0.0714,19.87,14.41,20.93,75.0,1500.0,15.2,healthy,0.0
healthy_0,1678,1789813642.4021802,4720.8,125.1,736.96,4.41,103.62,0.071,19.89,14.4,21.35,75.0,1500.0,15.2,healthy,0.0
healthy_0,1679,1789813643.4021802,4692.7,125.43,735.15,4.43,103.77,0.0757,19.7,14.4,20.93,75.0,1500.0,15.2,healthy,0.0
healthy_0,1680,1789813644.4021802,4713.7,125.52,737.73,4.4,103.63,0.0677,19.88,14.35,20.86,75.0,1500.0,15.2,healthy,0.0
healthy_0,1681,1789813645.4021802,4710.1,125.55,737.98,4.38,103.49,0.0757,20.06,14.31,20.63,75.0,1500.0,15.2,healthy,0.0
healthy_0,1682,1789813646.4021802,4711.6,125.9,738.87,4.39,103.51,0.0761,20.07,14.38,21.02,75.0,1500.0,15.2,healthy,0.0
healthy_0,1683,1789813647.4021802,4705.3,125.8,738.93,4.42,103.58,0.0707,20.27,14.31,21.28,75.0,1500.0,15.2,healthy,0.0
healthy_0,1684,1789813648.4021802,4712.8,125.75,738.99,4.45,103.51,0.0696,20.3,14.29,21.41,75.0,1500.0,15.2,healthy,0.0
healthy_0,1685,1789813649.4021802,4717.3,125.96,736.71,4.39,103.49,0.0711,20.31,14.27,21.14,75.0,1500.0,15.2,healthy,0.0
healthy_0,1686,1789813650.4021802,4704.3,125.9,734.44,4.34,103.51,0.075,20.43,14.33,21.34,75.0,1500.0,15.2,healthy,0.0
healthy_0,1687,1789813651.4021802,4720.1,125.4,739.09,4.39,103.52,0.0771,20.41,14.34,21.51,75.0,1500.0,15.2,healthy,0.0
healthy_0,1688,1789813652.4021802,4704.4,125.46,743.94,4.46,103.41,0.0692,20.52,14.31,21.49,75.0,1500.0,15.2,healthy,0.0
healthy_0,1689,1789813653.4021802,4671.8,125.35,742.16,4.36,103.41,0.0649,20.48,14.23,21.5,75.0,1500.0,15.2,healthy,0.0
healthy_0,1690,1789813654.4021802,4692.6,125.52,742.35,4.4,103.53,0.0708,20.5,14.24,21.42,75.0,1500.0,15.2,healthy,0.0
healthy_0,1691,1789813655.4021802,4691.0,125.42,743.15,4.43,103.41,0.074,20.44,14.25,21.25,75.0,1500.0,15.2,healthy,0.0
healthy_0,1692,1789813656.4021802,4672.7,125.4,740.15,4.4,103.47,0.0732,20.32,14.29,20.95,75.0,1500.0,15.2,healthy,0.0
healthy_0,1693,1789813657.4021802,4671.6,125.36,740.9,4.44,103.58,0.0716,20.22,14.28,21.18,75.0,1500.0,15.2,healthy,0.0
healthy_0,1694,1789813658.4021802,4680.3,125.44,740.68,4.4,103.8,0.0796,20.21,14.22,21.36,75.0,1500.0,15.2,healthy,0.0
healthy_0,1695,1789813659.4021802,4712.5,125.37,743.69,4.37,103.91,0.0722,20.25,14.22,21.12,75.0,1500.0,15.2,healthy,0.0
healthy_0,1696,1789813660.4021802,4710.3,125.51,743.54,4.32,104.02,0.0661,20.31,14.25,21.01,75.0,1500.0,15.2,healthy,0.0
healthy_0,1697,1789813661.4021802,4713.8,125.46,741.63,4.33,104.15,0.0736,20.32,14.17,21.06,75.0,1500.0,15.2,healthy,0.0
healthy_0,1698,1789813662.4021802,4726.7,125.39,740.78,4.27,103.93,0.0719,20.43,14.21,21.0,75.0,1500.0,15.2,healthy,0.0
healthy_0,1699,1789813663.4021802,4697.9,125.48,742.72,4.24,103.9,0.0807,20.47,14.16,21.33,75.0,1500.0,15.2,healthy,0.0
healthy_0,1700,1789813664.4021802,4706.8,125.5,737.14,4.35,104.08,0.0776,20.33,14.21,21.12,75.0,1500.0,15.2,healthy,0.0
healthy_0,1701,1789813665.4021802,4699.7,125.36,739.6,4.33,104.02,0.0716,20.33,14.18,21.29,75.0,1500.0,15.2,healthy,0.0
healthy_0,1702,1789813666.4021802,4688.2,125.67,742.05,4.28,103.99,0.073,20.38,14.18,21.36,75.0,1500.0,15.2,healthy,0.0
healthy_0,1703,1789813667.4021802,4699.0,125.77,742.79,4.25,103.96,0.0744,20.37,14.22,21.6,75.0,1500.0,15.2,healthy,0.0
healthy_0,1704,1789813668.4021802,4672.4,126.06,745.59,4.32,103.91,0.0656,20.31,14.16,21.41,75.0,1500.0,15.2,healthy,0.0
healthy_0,1705,1789813669.4021802,4710.4,126.11,745.18,4.3,104.08,0.0627,20.37,14.18,21.04,75.0,1500.0,15.2,healthy,0.0
healthy_0,1706,1789813670.4021802,4691.9,126.32,747.2,4.22,104.22,0.0728,20.39,14.21,21.03,75.0,1500.0,15.2,healthy,0.0
healthy_0,1707,1789813671.4021802,4683.2,126.45,750.06,4.26,104.28,0.0736,20.29,14.22,21.13,75.0,1500.0,15.2,healthy,0.0
healthy_0,1708,1789813672.4021802,4698.6,126.69,745.45,4.25,104.24,0.0779,19.95,14.17,21.11,75.0,1500.0,15.2,healthy,0.0
healthy_0,1709,1789813673.4021802,4706.0,126.19,745.07,4.2,104.36,0.0719,20.01,14.25,20.86,75.0,1500.0,15.2,healthy,0.0
healthy_0,1710,1789813674.4021802,4705.7,125.72,741.36,4.24,104.31,0.0789,20.0,14.21,21.09,75.0,1500.0,15.2,healthy,0.0
healthy_0,1711,1789813675.4021802,4729.7,125.69,744.0,4.27,104.18,0.0755,20.09,14.22,20.96,75.0,1500.0,15.2,healthy,0.0
healthy_0,1712,1789813676.4021802,4706.6,125.37,745.91,4.4,104.14,0.0742,20.03,14.24,21.01,75.0,1500.0,15.2,healthy,0.0
healthy_0,1713,1789813677.4021802,4703.6,125.45,749.82,4.3,104.2,0.0717,20.02,14.22,21.3,75.0,1500.0,15.2,healthy,0.0
healthy_0,1714,1789813678.4021802,4711.6,125.45,749.65,4.36,103.84,0.075,20.11,14.26,21.18,75.0,1500.0,15.2,healthy,0.0
healthy_0,1715,1789813679.4021802,4713.1,125.3,749.91,4.31,103.85,0.0719,20.18,14.22,21.33,75.0,1500.0,15.2,healthy,0.0
healthy_0,1716,1789813680.4021802,4673.2,125.18,752.72,4.28,103.93,0.0704,20.01,14.22,21.3,75.0,1500.0,15.2,healthy,0.0
healthy_0,1717,1789813681.4021802,4672.1,125.34,749.69,4.34,103.94,0.0641,19.92,14.27,21.62,75.0,1500.0,15.2,healthy,0.0
healthy_0,1718,1789813682.4021802,4685.1,125.63,750.64,4.29,103.95,0.0609,19.95,14.22,21.52,75.0,1500.0,15.2,healthy,0.0
healthy_0,1719,1789813683.4021802,4684.1,125.46,748.39,4.29,103.88,0.0713,19.93,14.17,21.33,75.0,1500.0,15.2,healthy,0.0
healthy_0,1720,1789813684.4021802,4683.2,125.85,745.59,4.3,103.99,0.0669,19.83,14.1,21.08,75.0,1500.0,15.2,healthy,0.0
healthy_0,1721,1789813685.4021802,4680.1,126.01,743.81,4.24,104.05,0.0745,20.03,14.12,21.04,75.0,1500.0,15.2,healthy,0.0
healthy_0,1722,1789813686.4021802,4690.5,126.2,738.86,4.33,103.89,0.0649,19.94,14.22,21.31,75.0,1500.0,15.2,healthy,0.0
healthy_0,1723,1789813687.4021802,4707.4,126.2,744.42,4.29,103.86,0.0651,20.09,14.25,21.36,75.0,1500.0,15.2,healthy,0.0
healthy_0,1724,1789813688.4021802,4716.8,126.14,742.93,4.34,103.92,0.0671,19.94,14.19,21.24,75.0,1500.0,15.2,healthy,0.0
healthy_0,1725,1789813689.4021802,4712.2,126.39,739.14,4.42,104.0,0.0677,20.05,14.16,20.86,75.0,1500.0,15.2,healthy,0.0
healthy_0,1726,1789813690.4021802,4703.3,126.17,740.7,4.42,104.11,0.0734,20.12,14.16,20.78,75.0,1500.0,15.2,healthy,0.0
healthy_0,1727,1789813691.4021802,4709.5,126.22,741.96,4.48,103.99,0.0709,20.37,14.19,20.89,75.0,1500.0,15.2,healthy,0.0
healthy_0,1728,1789813692.4021802,4696.2,125.98,740.03,4.45,104.03,0.0761,20.36,14.16,20.95,75.0,1500.0,15.2,healthy,0.0
healthy_0,1729,1789813693.4021802,4690.9,125.96,740.92,4.41,103.89,0.0682,20.36,14.19,21.26,75.0,1500.0,15.2,healthy,0.0
healthy_0,1730,1789813694.4021802,4680.7,125.9,736.19,4.33,103.9,0.071,20.19,14.17,21.2,75.0,1500.0,15.2,healthy,0.0
healthy_0,1731,1789813695.4021802,4698.1,126.06,735.96,4.37,103.94,0.0751,20.08,14.13,21.48,75.0,1500.0,15.2,healthy,0.0
healthy_0,1732,1789813696.4021802,4713.4,125.85,736.38,4.38,104.06,0.0685,20.04,14.17,21.53,75.0,1500.0,15.2,healthy,0.0
healthy_0,1733,1789813697.4021802,4726.9,125.73,734.07,4.24,104.26,0.0707,20.17,14.17,21.3,75.0,1500.0,15.2,healthy,0.0
healthy_0,1734,1789813698.4021802,4731.8,125.55,735.31,4.33,104.28,0.0735,20.07,14.17,21.19,75.0,1500.0,15.2,healthy,0.0
healthy_0,1735,1789813699.4021802,4722.3,125.94,744.51,4.34,104.45,0.0751,20.14,14.21,21.28,75.0,1500.0,15.2,healthy,0.0
healthy_0,1736,1789813700.4021802,4706.7,126.17,742.62,4.31,104.49,0.0684,20.21,14.25,21.53,75.0,1500.0,15.2,healthy,0.0
healthy_0,1737,1789813701.4021802,4690.6,126.74,743.65,4.38,104.35,0.0695,20.23,14.27,21.21,75.0,1500.0,15.2,healthy,0.0
healthy_0,1738,1789813702.4021802,4705.6,127.16,744.21,4.4,104.34,0.0747,20.24,14.25,21.08,75.0,1500.0,15.2,healthy,0.0
healthy_0,1739,1789813703.4021802,4713.7,127.24,745.98,4.42,104.4,0.0695,20.26,14.27,20.86,75.0,1500.0,15.2,healthy,0.0
healthy_0,1740,1789813704.4021802,4687.8,127.15,744.64,4.42,104.25,0.0656,20.08,14.27,20.93,75.0,1500.0,15.2,healthy,0.0
healthy_0,1741,1789813705.4021802,4710.5,127.61,746.1,4.37,104.02,0.0755,20.13,14.16,21.21,75.0,1500.0,15.2,healthy,0.0
healthy_0,1742,1789813706.4021802,4699.8,127.5,742.42,4.36,104.05,0.0658,20.11,14.14,21.38,75.0,1500.0,15.2,healthy,0.0
healthy_0,1743,1789813707.4021802,4707.0,127.73,746.25,4.26,104.06,0.0746,20.19,14.17,21.14,75.0,1500.0,15.2,healthy,0.0
healthy_0,1744,1789813708.4021802,4692.1,127.79,746.31,4.26,103.89,0.0663,20.11,14.08,21.0,75.0,1500.0,15.2,healthy,0.0
healthy_0,1745,1789813709.4021802,4674.4,127.83,748.7,4.22,103.96,0.064,20.08,14.14,21.13,75.0,1500.0,15.2,healthy,0.0
healthy_0,1746,1789813710.4021802,4665.0,127.17,749.69,4.2,103.96,0.0699,19.98,14.16,21.23,75.0,1500.0,15.2,healthy,0.0
healthy_0,1747,1789813711.4021802,4689.1,127.05,746.67,4.19,103.99,0.0743,20.03,14.23,21.48,75.0,1500.0,15.2,healthy,0.0
healthy_0,1748,1789813712.4021802,4700.5,126.85,744.95,4.27,103.93,0.0711,20.15,14.21,21.36,75.0,1500.0,15.2,healthy,0.0
healthy_0,1749,1789813713.4021802,4717.5,127.11,744.59,4.25,103.78,0.0623,20.12,14.24,21.11,75.0,1500.0,15.2,healthy,0.0
healthy_0,1750,1789813714.4021802,4725.1,126.82,747.78,4.29,103.66,0.0655,20.14,14.27,21.19,75.0,1500.0,15.2,healthy,0.0
healthy_0,1751,1789813715.4021802,4734.9,126.94,748.45,4.31,103.52,0.0685,19.93,14.26,21.22,75.0,1500.0,15.2,healthy,0.0
healthy_0,1752,1789813716.4021802,4713.0,127.08,744.88,4.34,103.36,0.0663,20.21,14.31,21.21,75.0,1500.0,15.2,healthy,0.0
healthy_0,1753,1789813717.4021802,4715.6,127.02,743.13,4.32,103.45,0.0666,20.19,14.32,21.0,75.0,1500.0,15.2,healthy,0.0
healthy_0,1754,1789813718.4021802,4691.4,126.78,743.16,4.28,103.5,0.0644,20.29,14.35,21.15,75.0,1500.0,15.2,healthy,0.0
healthy_0,1755,1789813719.4021802,4680.9,126.78,741.88,4.34,103.46,0.067,20.35,14.41,21.28,75.0,1500.0,15.2,healthy,0.0
healthy_0,1756,1789813720.4021802,4695.2,126.51,742.62,4.36,103.53,0.0643,20.25,14.38,21.29,75.0,1500.0,15.2,healthy,0.0
healthy_0,1757,1789813721.4021802,4668.8,126.49,737.1,4.28,103.53,0.0675,20.33,14.3,20.65,75.0,1500.0,15.2,healthy,0.0
healthy_0,1758,1789813722.4021802,4686.1,126.84,739.67,4.36,103.35,0.0736,20.19,14.29,20.93,75.0,1500.0,15.2,healthy,0.0
healthy_0,1759,1789813723.4021802,4711.9,126.53,736.18,4.3,103.27,0.0635,20.29,14.26,20.95,75.0,1500.0,15.2,healthy,0.0
healthy_0,1760,1789813724.4021802,4710.2,126.52,736.08,4.29,103.33,0.0671,20.24,14.25,20.73,75.0,1500.0,15.2,healthy,0.0
healthy_0,1761,1789813725.4021802,4700.1,126.27,734.91,4.36,103.59,0.0717,20.37,14.28,21.35,75.0,1500.0,15.2,healthy,0.0
healthy_0,1762,1789813726.4021802,4717.0,126.15,739.72,4.35,103.67,0.0702,20.29,14.32,20.95,75.0,1500.0,15.2,healthy,0.0
healthy_0,1763,1789813727.4021802,4702.3,126.28,738.62,4.42,103.56,0.0697,20.26,14.32,20.76,75.0,1500.0,15.2,healthy,0.0
healthy_0,1764,1789813728.4021802,4697.2,126.16,742.59,4.45,103.42,0.0719,20.13,14.33,20.57,75.0,1500.0,15.2,healthy,0.0
healthy_0,1765,1789813729.4021802,4692.8,126.23,743.07,4.49,103.4,0.0718,20.27,14.33,21.15,75.0,1500.0,15.2,healthy,0.0
healthy_0,1766,1789813730.4021802,4702.2,126.03,743.85,4.44,103.36,0.0672,20.17,14.25,21.19,75.0,1500.0,15.2,healthy,0.0
healthy_0,1767,1789813731.4021802,4703.9,126.14,741.9,4.37,103.39,0.0674,20.27,14.33,21.32,75.0,1500.0,15.2,healthy,0.0
healthy_0,1768,1789813732.4021802,4716.9,125.85,740.1,4.37,103.35,0.0685,20.29,14.24,21.24,75.0,1500.0,15.2,healthy,0.0
healthy_0,1769,1789813733.4021802,4694.6,125.57,739.48,4.3,103.31,0.0683,20.29,14.16,21.26,75.0,1500.0,15.2,healthy,0.0
healthy_0,1770,1789813734.4021802,4688.9,125.7,734.66,4.35,103.4,0.0742,20.24,14.17,21.63,75.0,1500.0,15.2,healthy,0.0
healthy_0,1771,1789813735.4021802,4698.6,126.08,738.56,4.31,103.38,0.075,20.24,14.19,21.53,75.0,1500.0,15.2,healthy,0.0
healthy_0,1772,1789813736.4021802,4713.2,126.08,739.4,4.33,103.41,0.0726,20.36,14.19,21.51,75.0,1500.0,15.2,healthy,0.0
healthy_0,1773,1789813737.4021802,4718.5,125.89,734.5,4.21,103.39,0.0787,20.37,14.15,21.36,75.0,1500.0,15.2,healthy,0.0
healthy_0,1774,1789813738.4021802,4712.0,125.57,737.5,4.21,103.54,0.0774,20.43,14.2,21.26,75.0,1500.0,15.2,healthy,0.0
healthy_0,1775,1789813739.4021802,4690.3,125.55,740.43,4.34,103.62,0.0827,20.45,14.16,21.34,75.0,1500.0,15.2,healthy,0.0
healthy_0,1776,1789813740.4021802,4711.6,125.56,734.24,4.37,103.57,0.0813,20.42,14.1,21.47,75.0,1500.0,15.2,healthy,0.0
healthy_0,1777,1789813741.4021802,4711.3,125.98,736.81,4.36,103.54,0.0728,20.51,14.12,21.54,75.0,1500.0,15.2,healthy,0.0
healthy_0,1778,1789813742.4021802,4729.5,125.61,741.28,4.4,103.7,0.0668,20.51,14.09,21.48,75.0,1500.0,15.2,healthy,0.0
healthy_0,1779,1789813743.4021802,4744.9,125.63,743.62,4.33,103.64,0.0667,20.41,14.21,21.37,75.0,1500.0,15.2,healthy,0.0
healthy_0,1780,1789813744.4021802,4734.5,125.65,743.56,4.35,103.77,0.0653,20.39,14.19,21.41,75.0,1500.0,15.2,healthy,0.0
healthy_0,1781,1789813745.4021802,4741.4,125.59,744.56,4.29,103.77,0.0707,20.35,14.24,21.6,75.0,1500.0,15.2,healthy,0.0
healthy_0,1782,1789813746.4021802,4730.2,125.44,745.56,4.37,103.71,0.075,20.38,14.19,21.24,75.0,1500.0,15.2,healthy,0.0
healthy_0,1783,1789813747.4021802,4724.8,125.6,747.85,4.4,103.66,0.0729,20.68,14.13,21.08,75.0,1500.0,15.2,healthy,0.0
healthy_0,1784,1789813748.4021802,4701.8,125.51,744.31,4.34,103.79,0.0786,20.68,14.21,21.05,75.0,1500.0,15.2,healthy,0.0
healthy_0,1785,1789813749.4021802,4702.4,125.4,735.73,4.36,103.75,0.0777,20.59,14.15,20.93,75.0,1500.0,15.2,healthy,0.0
healthy_0,1786,1789813750.4021802,4720.7,125.66,735.29,4.37,103.65,0.0805,20.56,14.08,20.8,75.0,1500.0,15.2,healthy,0.0
healthy_0,1787,1789813751.4021802,4714.6,125.82,737.37,4.31,103.64,0.0704,20.51,14.07,20.96,75.0,1500.0,15.2,healthy,0.0
healthy_0,1788,1789813752.4021802,4745.4,125.78,733.94,4.3,103.67,0.075,20.57,14.09,21.09,75.0,1500.0,15.2,healthy,0.0
healthy_0,1789,1789813753.4021802,4726.5,126.03,741.16,4.27,103.75,0.0742,20.12,14.09,21.49,75.0,1500.0,15.2,healthy,0.0
healthy_0,1790,1789813754.4021802,4691.5,125.58,737.37,4.25,103.69,0.0765,20.04,14.11,20.95,75.0,1500.0,15.2,healthy,0.0
healthy_0,1791,1789813755.4021802,4705.0,125.66,737.81,4.29,103.88,0.0697,20.11,14.1,21.06,75.0,1500.0,15.2,healthy,0.0
healthy_0,1792,1789813756.4021802,4720.8,125.65,734.5,4.34,103.95,0.0691,20.13,14.15,21.37,75.0,1500.0,15.2,healthy,0.0
healthy_0,1793,1789813757.4021802,4733.3,125.79,735.11,4.36,103.97,0.0633,20.17,14.24,21.01,75.0,1500.0,15.2,healthy,0.0
healthy_0,1794,1789813758.4021802,4715.1,125.93,736.32,4.3,104.01,0.0621,20.1,14.18,21.07,75.0,1500.0,15.2,healthy,0.0
healthy_0,1795,1789813759.4021802,4718.1,126.02,734.22,4.26,103.95,0.0675,19.98,14.15,21.32,75.0,1500.0,15.2,healthy,0.0
healthy_0,1796,1789813760.4021802,4734.1,126.04,738.45,4.31,103.87,0.071,19.88,14.23,21.58,75.0,1500.0,15.2,healthy,0.0
healthy_0,1797,1789813761.4021802,4739.3,125.97,739.21,4.35,103.78,0.0649,19.85,14.21,21.39,75.0,1500.0,15.2,healthy,0.0
healthy_0,1798,1789813762.4021802,4740.7,125.95,741.65,4.35,103.71,0.063,19.97,14.25,21.31,75.0,1500.0,15.2,healthy,0.0
healthy_0,1799,1789813763.4021802,4740.6,126.35,740.58,4.36,103.79,0.0601,19.92,14.15,21.14,75.0,1500.0,15.2,healthy,0.0
healthy_0,1800,1789813764.4021802,4741.8,126.04,741.96,4.44,103.83,0.0644,20.04,14.21,21.22,75.0,1500.0,15.2,healthy,0.0
healthy_0,1801,1789813765.4021802,4733.9,125.95,744.55,4.39,103.87,0.0687,19.93,14.19,21.39,75.0,1500.0,15.2,healthy,0.0
healthy_0,1802,1789813766.4021802,4711.1,125.9,742.87,4.41,103.8,0.069,20.02,14.13,21.29,75.0,1500.0,15.2,healthy,0.0
healthy_0,1803,1789813767.4021802,4706.6,125.94,746.85,4.36,103.69,0.0669,19.97,14.17,21.28,75.0,1500.0,15.2,healthy,0.0
healthy_0,1804,1789813768.4021802,4717.6,125.87,745.84,4.31,103.79,0.0658,20.1,14.19,20.98,75.0,1500.0,15.2,healthy,0.0
healthy_0,1805,1789813769.4021802,4707.9,126.08,746.03,4.22,103.66,0.065,20.26,14.16,20.78,75.0,1500.0,15.2,healthy,0.0
healthy_0,1806,1789813770.4021802,4704.2,126.02,745.37,4.26,103.7,0.0683,20.31,14.13,20.77,75.0,1500.0,15.2,healthy,0.0
healthy_0,1807,1789813771.4021802,4698.7,126.12,740.27,4.3,103.67,0.0734,20.22,14.15,21.28,75.0,1500.0,15.2,healthy,0.0
healthy_0,1808,1789813772.4021802,4695.9,126.27,735.17,4.26,103.8,0.0641,20.18,14.23,21.16,75.0,1500.0,15.2,healthy,0.0
healthy_0,1809,1789813773.4021802,4709.4,126.34,737.82,4.29,103.8,0.0635,20.25,14.21,20.83,75.0,1500.0,15.2,healthy,0.0
healthy_0,1810,1789813774.4021802,4713.9,126.36,739.55,4.34,103.67,0.0779,20.38,14.28,21.38,75.0,1500.0,15.2,healthy,0.0
healthy_0,1811,1789813775.4021802,4724.3,126.19,741.3,4.38,103.73,0.077,20.41,14.31,21.36,75.0,1500.0,15.2,healthy,0.0
healthy_0,1812,1789813776.4021802,4744.1,126.31,744.06,4.38,103.83,0.0719,20.38,14.24,20.99,75.0,1500.0,15.2,healthy,0.0
healthy_0,1813,1789813777.4021802,4735.8,126.45,739.74,4.3,103.94,0.0702,20.36,14.18,21.31,75.0,1500.0,15.2,healthy,0.0
healthy_0,1814,1789813778.4021802,4714.6,126.15,739.07,4.35,103.94,0.0704,20.26,14.16,21.18,75.0,1500.0,15.2,healthy,0.0
healthy_0,1815,1789813779.4021802,4717.8,125.97,744.57,4.24,103.88,0.0745,20.15,14.17,21.04,75.0,1500.0,15.2,healthy,0.0
healthy_0,1816,1789813780.4021802,4674.7,125.89,744.02,4.27,103.93,0.0794,20.13,14.2,20.89,75.0,1500.0,15.2,healthy,0.0
healthy_0,1817,1789813781.4021802,4685.4,125.73,737.44,4.23,104.19,0.0784,20.26,14.09,20.96,75.0,1500.0,15.2,healthy,0.0
healthy_0,1818,1789813782.4021802,4690.2,126.1,742.76,4.26,104.21,0.0764,20.39,14.09,21.44,75.0,1500.0,15.2,healthy,0.0
healthy_0,1819,1789813783.4021802,4677.1,126.07,743.36,4.31,104.27,0.0738,20.36,14.14,21.29,75.0,1500.0,15.2,healthy,0.0
healthy_0,1820,1789813784.4021802,4701.0,126.31,752.48,4.36,104.23,0.067,20.53,14.08,21.35,75.0,1500.0,15.2,healthy,0.0
healthy_0,1821,1789813785.4021802,4686.0,126.58,745.92,4.38,104.04,0.0683,20.52,14.07,21.1,75.0,1500.0,15.2,healthy,0.0
healthy_0,1822,1789813786.4021802,4701.8,126.82,746.81,4.33,104.04,0.0735,20.49,14.11,21.24,75.0,1500.0,15.2,healthy,0.0
healthy_0,1823,1789813787.4021802,4708.4,127.1,741.55,4.39,103.98,0.0802,20.45,14.14,21.1,75.0,1500.0,15.2,healthy,0.0
healthy_0,1824,1789813788.4021802,4704.5,127.05,745.04,4.37,104.04,0.0711,20.56,14.17,21.29,75.0,1500.0,15.2,healthy,0.0
healthy_0,1825,1789813789.4021802,4678.7,126.84,746.66,4.33,103.97,0.0729,20.47,14.12,21.41,75.0,1500.0,15.2,healthy,0.0
healthy_0,1826,1789813790.4021802,4681.1,126.84,747.58,4.31,103.99,0.0739,20.3,14.06,21.16,75.0,1500.0,15.2,healthy,0.0
healthy_0,1827,1789813791.4021802,4699.1,126.98,740.4,4.35,104.0,0.0711,20.24,14.05,21.22,75.0,1500.0,15.2,healthy,0.0
healthy_0,1828,1789813792.4021802,4682.3,127.2,741.19,4.33,104.02,0.0648,20.07,14.06,21.0,75.0,1500.0,15.2,healthy,0.0
healthy_0,1829,1789813793.4021802,4713.4,127.15,743.29,4.37,103.91,0.0671,20.08,14.08,21.06,75.0,1500.0,15.2,healthy,0.0
healthy_0,1830,1789813794.4021802,4730.4,127.13,741.59,4.39,103.89,0.0678,20.25,14.14,20.78,75.0,1500.0,15.2,healthy,0.0
healthy_0,1831,1789813795.4021802,4702.9,126.68,747.36,4.43,103.91,0.0747,20.12,14.23,20.53,75.0,1500.0,15.2,healthy,0.0
healthy_0,1832,1789813796.4021802,4727.0,127.0,751.58,4.44,103.82,0.0814,20.15,14.23,21.11,75.0,1500.0,15.2,healthy,0.0
healthy_0,1833,1789813797.4021802,4718.9,126.59,745.27,4.5,103.93,0.0801,20.15,14.15,21.2,75.0,1500.0,15.2,healthy,0.0
healthy_0,1834,1789813798.4021802,4714.2,126.88,741.37,4.46,104.03,0.0765,20.26,14.13,21.21,75.0,1500.0,15.2,healthy,0.0
healthy_0,1835,1789813799.4021802,4703.6,127.24,742.02,4.37,103.8,0.079,20.26,14.1,20.93,75.0,1500.0,15.2,healthy,0.0
healthy_0,1836,1789813800.4021802,4735.5,127.05,739.52,4.33,103.81,0.0772,20.1,14.06,21.23,75.0,1500.0,15.2,healthy,0.0
healthy_0,1837,1789813801.4021802,4768.4,126.89,737.13,4.38,103.78,0.0745,20.24,14.14,21.27,75.0,1500.0,15.2,healthy,0.0
healthy_0,1838,1789813802.4021802,4726.4,127.05,738.19,4.31,103.68,0.0751,20.34,14.1,21.38,75.0,1500.0,15.2,healthy,0.0
healthy_0,1839,1789813803.4021802,4704.1,126.86,738.15,4.33,103.68,0.0701,20.4,14.13,21.45,75.0,1500.0,15.2,healthy,0.0
healthy_0,1840,1789813804.4021802,4727.3,127.15,739.16,4.23,103.88,0.0739,20.3,14.15,21.16,75.0,1500.0,15.2,healthy,0.0
healthy_0,1841,1789813805.4021802,4710.2,127.18,734.91,4.23,103.79,0.0735,20.21,14.09,20.89,75.0,1500.0,15.2,healthy,0.0
healthy_0,1842,1789813806.4021802,4668.4,127.31,733.19,4.29,103.71,0.079,20.17,14.18,21.41,75.0,1500.0,15.2,healthy,0.0
healthy_0,1843,1789813807.4021802,4683.9,127.47,735.13,4.33,103.87,0.0779,20.15,14.22,21.42,75.0,1500.0,15.2,healthy,0.0
healthy_0,1844,1789813808.4021802,4685.6,127.19,732.5,4.36,103.99,0.0792,20.38,14.2,21.17,75.0,1500.0,15.2,healthy,0.0
healthy_0,1845,1789813809.4021802,4681.3,127.04,732.7,4.25,103.87,0.0805,20.33,14.22,21.18,75.0,1500.0,15.2,healthy,0.0
healthy_0,1846,1789813810.4021802,4705.3,127.35,727.05,4.25,103.87,0.0797,20.42,14.24,21.02,75.0,1500.0,15.2,healthy,0.0
healthy_0,1847,1789813811.4021802,4709.6,127.26,726.75,4.3,104.01,0.0683,20.41,14.25,21.3,75.0,1500.0,15.2,healthy,0.0
healthy_0,1848,1789813812.4021802,4696.0,127.39,727.38,4.31,103.86,0.0778,20.44,14.25,21.54,75.0,1500.0,15.2,healthy,0.0
healthy_0,1849,1789813813.4021802,4665.5,127.22,738.03,4.28,103.92,0.0729,20.42,14.33,21.26,75.0,1500.0,15.2,healthy,0.0
healthy_0,1850,1789813814.4021802,4699.5,127.39,743.26,4.27,103.88,0.0726,20.24,14.36,21.14,75.0,1500.0,15.2,healthy,0.0
healthy_0,1851,1789813815.4021802,4720.4,127.26,743.67,4.28,104.06,0.0812,20.28,14.33,21.29,75.0,1500.0,15.2,healthy,0.0
healthy_0,1852,1789813816.4021802,4711.8,127.25,739.77,4.28,104.06,0.0738,20.26,14.37,21.5,75.0,1500.0,15.2,healthy,0.0
healthy_0,1853,1789813817.4021802,4726.7,127.03,741.25,4.25,104.06,0.0719,20.11,14.32,21.51,75.0,1500.0,15.2,healthy,0.0
healthy_0,1854,1789813818.4021802,4720.1,126.6,742.88,4.29,104.07,0.0802,20.14,14.32,21.29,75.0,1500.0,15.2,healthy,0.0
healthy_0,1855,1789813819.4021802,4704.8,126.65,748.0,4.34,104.14,0.0802,20.14,14.28,21.58,75.0,1500.0,15.2,healthy,0.0
healthy_0,1856,1789813820.4021802,4698.8,126.76,751.3,4.41,104.0,0.0808,20.1,14.28,21.61,75.0,1500.0,15.2,healthy,0.0
healthy_0,1857,1789813821.4021802,4708.9,126.89,747.72,4.42,104.23,0.0788,20.1,14.38,21.57,75.0,1500.0,15.2,healthy,0.0
healthy_0,1858,1789813822.4021802,4709.3,126.55,747.68,4.47,104.14,0.0742,19.83,14.38,21.28,75.0,1500.0,15.2,healthy,0.0
healthy_0,1859,1789813823.4021802,4714.5,126.79,747.62,4.47,104.32,0.0726,19.82,14.37,21.29,75.0,1500.0,15.2,healthy,0.0
healthy_0,1860,1789813824.4021802,4711.6,126.51,750.27,4.4,104.16,0.0647,20.0,14.45,21.63,75.0,1500.0,15.2,healthy,0.0
healthy_0,1861,1789813825.4021802,4704.2,126.87,750.53,4.36,104.19,0.0598,19.99,14.37,21.29,75.0,1500.0,15.2,healthy,0.0
healthy_0,1862,1789813826.4021802,4698.0,126.56,743.98,4.33,104.21,0.0679,19.87,14.28,21.27,75.0,1500.0,15.2,healthy,0.0
healthy_0,1863,1789813827.4021802,4696.8,126.28,743.76,4.39,104.2,0.0687,19.84,14.26,21.78,75.0,1500.0,15.2,healthy,0.0
healthy_0,1864,1789813828.4021802,4707.3,126.34,741.35,4.41,104.15,0.0697,19.98,14.23,21.56,75.0,1500.0,15.2,healthy,0.0
healthy_0,1865,1789813829.4021802,4710.1,126.34,744.75,4.4,104.12,0.0681,20.04,14.14,21.55,75.0,1500.0,15.2,healthy,0.0
healthy_0,1866,1789813830.4021802,4729.3,126.42,745.26,4.44,104.13,0.0665,20.19,14.22,21.28,75.0,1500.0,15.2,healthy,0.0
healthy_0,1867,1789813831.4021802,4712.4,126.4,748.42,4.5,104.05,0.071,20.22,14.22,21.28,75.0,1500.0,15.2,healthy,0.0
healthy_0,1868,1789813832.4021802,4701.4,126.23,746.08,4.42,104.02,0.0695,20.22,14.2,21.1,75.0,1500.0,15.2,healthy,0.0
healthy_0,1869,1789813833.4021802,4705.9,126.13,742.38,4.42,103.95,0.0604,19.97,14.22,21.27,75.0,1500.0,15.2,healthy,0.0
healthy_0,1870,1789813834.4021802,4704.0,125.99,738.18,4.4,103.94,0.0632,19.97,14.26,20.96,75.0,1500.0,15.2,healthy,0.0
healthy_0,1871,1789813835.4021802,4704.2,126.12,732.99,4.42,103.87,0.073,20.11,14.27,20.95,75.0,1500.0,15.2,healthy,0.0
healthy_0,1872,1789813836.4021802,4710.6,126.19,738.25,4.43,103.9,0.0689,20.2,14.3,20.99,75.0,1500.0,15.2,healthy,0.0
healthy_0,1873,1789813837.4021802,4722.3,125.99,738.61,4.41,103.95,0.0666,20.28,14.2,21.23,75.0,1500.0,15.2,healthy,0.0
healthy_0,1874,1789813838.4021802,4727.9,126.05,737.47,4.45,103.93,0.0674,20.35,14.21,21.42,75.0,1500.0,15.2,healthy,0.0
healthy_0,1875,1789813839.4021802,4717.1,125.84,739.36,4.46,104.07,0.0685,20.25,14.17,21.42,75.0,1500.0,15.2,healthy,0.0
healthy_0,1876,1789813840.4021802,4694.9,125.71,740.65,4.48,104.01,0.0712,20.28,14.15,21.53,75.0,1500.0,15.2,healthy,0.0
healthy_0,1877,1789813841.4021802,4685.1,125.95,743.59,4.41,104.1,0.0779,20.05,14.07,21.28,75.0,1500.0,15.2,healthy,0.0
healthy_0,1878,1789813842.4021802,4682.7,126.03,742.76,4.4,104.13,0.0683,20.21,14.05,21.24,75.0,1500.0,15.2,healthy,0.0
healthy_0,1879,1789813843.4021802,4696.5,126.02,740.71,4.48,103.98,0.0667,20.29,14.08,21.27,75.0,1500.0,15.2,healthy,0.0
healthy_0,1880,1789813844.4021802,4710.9,126.28,737.42,4.37,103.86,0.0708,20.2,14.12,21.27,75.0,1500.0,15.2,healthy,0.0
healthy_0,1881,1789813845.4021802,4708.7,126.22,740.83,4.45,103.92,0.0684,20.02,14.14,21.53,75.0,1500.0,15.2,healthy,0.0
healthy_0,1882,1789813846.4021802,4706.6,126.03,741.87,4.38,103.99,0.0717,19.96,14.13,21.45,75.0,1500.0,15.2,healthy,0.0
healthy_0,1883,1789813847.4021802,4717.1,125.93,747.39,4.34,103.84,0.0755,19.9,14.05,21.26,75.0,1500.0,15.2,healthy,0.0
healthy_0,1884,1789813848.4021802,4707.2,125.9,748.52,4.26,103.8,0.0637,19.98,14.05,20.87,75.0,1500.0,15.2,healthy,0.0
healthy_0,1885,1789813849.4021802,4682.1,125.44,749.33,4.23,103.75,0.0717,20.16,13.98,20.79,75.0,1500.0,15.2,healthy,0.0
healthy_0,1886,1789813850.4021802,4667.5,125.55,742.55,4.32,103.95,0.0687,20.12,13.97,21.03,75.0,1500.0,15.2,healthy,0.0
healthy_0,1887,1789813851.4021802,4657.0,125.75,743.34,4.39,104.03,0.0736,20.17,13.93,21.21,75.0,1500.0,15.2,healthy,0.0
healthy_0,1888,1789813852.4021802,4675.9,125.85,741.91,4.29,104.14,0.0691,20.11,13.96,21.36,75.0,1500.0,15.2,healthy,0.0
healthy_0,1889,1789813853.4021802,4660.2,126.02,740.33,4.35,104.23,0.0669,20.1,13.95,21.68,75.0,1500.0,15.2,healthy,0.0
healthy_0,1890,1789813854.4021802,4672.5,125.86,741.02,4.41,104.34,0.0725,20.11,13.9,21.39,75.0,1500.0,15.2,healthy,0.0
healthy_0,1891,1789813855.4021802,4700.8,126.03,741.67,4.4,104.18,0.0803,20.14,13.94,21.5,75.0,1500.0,15.2,healthy,0.0
healthy_0,1892,1789813856.4021802,4698.3,126.16,742.51,4.44,104.11,0.0699,19.99,14.02,21.35,75.0,1500.0,15.2,healthy,0.0
healthy_0,1893,1789813857.4021802,4675.1,126.25,741.61,4.43,104.14,0.0743,20.03,14.08,21.43,75.0,1500.0,15.2,healthy,0.0
healthy_0,1894,1789813858.4021802,4674.0,126.34,741.95,4.36,104.09,0.0756,19.93,14.14,21.14,75.0,1500.0,15.2,healthy,0.0
healthy_0,1895,1789813859.4021802,4661.7,126.8,740.11,4.35,103.99,0.0698,20.08,14.24,21.02,75.0,1500.0,15.2,healthy,0.0
healthy_0,1896,1789813860.4021802,4664.8,126.38,738.89,4.34,103.9,0.0751,20.26,14.23,21.38,75.0,1500.0,15.2,healthy,0.0
healthy_0,1897,1789813861.4021802,4666.0,126.48,736.73,4.47,103.96,0.0707,20.29,14.22,21.57,75.0,1500.0,15.2,healthy,0.0
healthy_0,1898,1789813862.4021802,4648.1,126.64,737.35,4.46,103.95,0.0687,20.22,14.19,21.36,75.0,1500.0,15.2,healthy,0.0
healthy_0,1899,1789813863.4021802,4663.3,126.69,740.88,4.44,103.92,0.0758,20.09,14.15,21.22,75.0,1500.0,15.2,healthy,0.0
healthy_0,1900,1789813864.4021802,4693.3,126.73,746.46,4.44,103.89,0.077,20.16,14.14,21.16,75.0,1500.0,15.2,healthy,0.0
healthy_0,1901,1789813865.4021802,4696.0,126.73,751.65,4.41,103.75,0.0666,20.2,14.17,21.21,75.0,1500.0,15.2,healthy,0.0
healthy_0,1902,1789813866.4021802,4733.7,126.63,753.62,4.36,103.61,0.0699,20.31,14.19,21.29,75.0,1500.0,15.2,healthy,0.0
healthy_0,1903,1789813867.4021802,4695.8,126.42,749.15,4.4,103.7,0.0792,20.33,14.21,21.57,75.0,1500.0,15.2,healthy,0.0
healthy_0,1904,1789813868.4021802,4704.3,126.42,749.01,4.29,103.7,0.0808,20.32,14.15,21.48,75.0,1500.0,15.2,healthy,0.0
healthy_0,1905,1789813869.4021802,4707.0,126.51,748.33,4.32,103.73,0.0769,20.2,14.1,21.44,75.0,1500.0,15.2,healthy,0.0
healthy_0,1906,1789813870.4021802,4702.5,126.47,740.47,4.32,103.86,0.0734,20.17,14.08,21.24,75.0,1500.0,15.2,healthy,0.0
healthy_0,1907,1789813871.4021802,4712.5,126.99,742.27,4.27,103.72,0.0762,20.07,14.07,21.12,75.0,1500.0,15.2,healthy,0.0
healthy_0,1908,1789813872.4021802,4721.1,126.86,738.33,4.29,103.67,0.0781,20.23,14.04,20.93,75.0,1500.0,15.2,healthy,0.0
healthy_0,1909,1789813873.4021802,4712.6,127.11,735.43,4.22,103.66,0.0781,20.4,13.99,21.0,75.0,1500.0,15.2,healthy,0.0
healthy_0,1910,1789813874.4021802,4693.4,127.0,730.46,4.22,103.78,0.0817,20.44,14.01,21.17,75.0,1500.0,15.2,healthy,0.0
healthy_0,1911,1789813875.4021802,4683.5,126.86,730.41,4.25,103.85,0.0794,20.19,14.01,20.82,75.0,1500.0,15.2,healthy,0.0
healthy_0,1912,1789813876.4021802,4710.5,127.04,731.19,4.27,103.95,0.0818,20.29,14.06,20.93,75.0,1500.0,15.2,healthy,0.0
healthy_0,1913,1789813877.4021802,4716.1,126.97,732.01,4.34,104.19,0.079,20.33,13.99,21.28,75.0,1500.0,15.2,healthy,0.0
healthy_0,1914,1789813878.4021802,4710.9,127.11,733.69,4.31,104.06,0.0734,20.21,14.01,21.0,75.0,1500.0,15.2,healthy,0.0
healthy_0,1915,1789813879.4021802,4689.8,126.92,730.77,4.29,103.99,0.0874,20.35,14.06,21.2,75.0,1500.0,15.2,healthy,0.0
healthy_0,1916,1789813880.4021802,4712.6,126.96,734.07,4.29,103.96,0.0787,20.16,14.05,21.14,75.0,1500.0,15.2,healthy,0.0
healthy_0,1917,1789813881.4021802,4706.6,126.75,735.93,4.34,104.11,0.0761,20.04,14.0,21.58,75.0,1500.0,15.2,healthy,0.0
healthy_0,1918,1789813882.4021802,4693.8,126.55,736.34,4.3,103.93,0.0747,20.11,14.04,21.33,75.0,1500.0,15.2,healthy,0.0
healthy_0,1919,1789813883.4021802,4698.7,126.76,731.77,4.31,103.87,0.0706,20.12,14.07,21.54,75.0,1500.0,15.2,healthy,0.0
healthy_0,1920,1789813884.4021802,4691.3,126.91,729.1,4.28,103.95,0.071,20.15,14.01,21.34,75.0,1500.0,15.2,healthy,0.0
healthy_0,1921,1789813885.4021802,4708.9,126.79,727.38,4.29,104.04,0.0655,20.22,14.09,20.94,75.0,1500.0,15.2,healthy,0.0
healthy_0,1922,1789813886.4021802,4701.5,126.65,732.34,4.34,104.07,0.0717,20.15,14.17,21.35,75.0,1500.0,15.2,healthy,0.0
healthy_0,1923,1789813887.4021802,4688.1,126.5,732.37,4.4,103.84,0.0655,20.11,14.2,21.36,75.0,1500.0,15.2,healthy,0.0
healthy_0,1924,1789813888.4021802,4695.0,126.36,737.93,4.33,103.9,0.0691,20.13,14.25,21.51,75.0,1500.0,15.2,healthy,0.0
healthy_0,1925,1789813889.4021802,4669.7,126.45,734.93,4.41,103.8,0.0638,20.08,14.28,21.22,75.0,1500.0,15.2,healthy,0.0
healthy_0,1926,1789813890.4021802,4686.3,126.33,743.96,4.31,103.73,0.0666,20.02,14.3,21.27,75.0,1500.0,15.2,healthy,0.0
healthy_0,1927,1789813891.4021802,4695.1,126.22,742.58,4.29,103.77,0.0626,20.1,14.22,21.18,75.0,1500.0,15.2,healthy,0.0
healthy_0,1928,1789813892.4021802,4696.4,125.8,748.26,4.32,103.92,0.0673,20.13,14.27,21.21,75.0,1500.0,15.2,healthy,0.0
healthy_0,1929,1789813893.4021802,4689.0,125.68,740.93,4.34,103.92,0.0603,19.99,14.22,21.05,75.0,1500.0,15.2,healthy,0.0
healthy_0,1930,1789813894.4021802,4705.4,125.48,737.3,4.3,104.14,0.0581,20.04,14.22,21.4,75.0,1500.0,15.2,healthy,0.0
healthy_0,1931,1789813895.4021802,4729.7,125.63,739.53,4.34,104.14,0.0669,20.18,14.22,21.6,75.0,1500.0,15.2,healthy,0.0
healthy_0,1932,1789813896.4021802,4698.2,125.64,747.2,4.22,103.96,0.0686,20.19,14.23,21.49,75.0,1500.0,15.2,healthy,0.0
healthy_0,1933,1789813897.4021802,4683.0,125.78,746.84,4.28,104.06,0.0751,20.11,14.21,21.3,75.0,1500.0,15.2,healthy,0.0
healthy_0,1934,1789813898.4021802,4667.3,125.9,741.0,4.25,104.19,0.0734,20.16,14.28,21.53,75.0,1500.0,15.2,healthy,0.0
healthy_0,1935,1789813899.4021802,4680.6,125.75,740.74,4.25,103.98,0.0763,20.22,14.3,21.31,75.0,1500.0,15.2,healthy,0.0
healthy_0,1936,1789813900.4021802,4707.6,125.82,738.62,4.38,103.93,0.0724,20.37,14.35,21.2,75.0,1500.0,15.2,healthy,0.0
healthy_0,1937,1789813901.4021802,4731.0,125.96,742.23,4.39,103.8,0.0783,20.47,14.31,21.57,75.0,1500.0,15.2,healthy,0.0
healthy_0,1938,1789813902.4021802,4743.5,126.35,738.83,4.47,103.92,0.0776,20.53,14.24,21.29,75.0,1500.0,15.2,healthy,0.0
healthy_0,1939,1789813903.4021802,4729.2,126.37,741.51,4.46,103.96,0.0822,20.6,14.19,21.46,75.0,1500.0,15.2,healthy,0.0
healthy_0,1940,1789813904.4021802,4692.5,126.16,742.56,4.46,104.01,0.0825,20.51,14.17,21.93,75.0,1500.0,15.2,healthy,0.0
healthy_0,1941,1789813905.4021802,4701.8,125.98,750.09,4.53,104.11,0.0781,20.28,14.19,21.85,75.0,1500.0,15.2,healthy,0.0
healthy_0,1942,1789813906.4021802,4714.7,126.36,753.35,4.42,104.0,0.0766,20.23,14.1,21.71,75.0,1500.0,15.2,healthy,0.0
healthy_0,1943,1789813907.4021802,4727.2,126.44,747.26,4.39,104.09,0.0743,20.27,14.07,21.66,75.0,1500.0,15.2,healthy,0.0
healthy_0,1944,1789813908.4021802,4684.9,125.99,749.43,4.37,104.24,0.0728,20.19,14.05,21.46,75.0,1500.0,15.2,healthy,0.0
healthy_0,1945,1789813909.4021802,4691.1,126.02,744.51,4.36,104.32,0.0788,20.33,14.05,21.43,75.0,1500.0,15.2,healthy,0.0
healthy_0,1946,1789813910.4021802,4708.9,126.12,745.01,4.41,104.3,0.0728,20.13,14.12,21.29,75.0,1500.0,15.2,healthy,0.0
healthy_0,1947,1789813911.4021802,4713.7,126.55,747.64,4.45,104.55,0.0668,20.04,14.11,21.21,75.0,1500.0,15.2,healthy,0.0
healthy_0,1948,1789813912.4021802,4724.9,126.7,743.64,4.42,104.57,0.074,20.2,14.07,20.99,75.0,1500.0,15.2,healthy,0.0
healthy_0,1949,1789813913.4021802,4709.3,126.57,747.32,4.43,104.48,0.0745,20.36,14.05,21.44,75.0,1500.0,15.2,healthy,0.0
healthy_0,1950,1789813914.4021802,4697.6,126.35,739.18,4.42,104.48,0.0711,20.42,14.01,21.38,75.0,1500.0,15.2,healthy,0.0
healthy_0,1951,1789813915.4021802,4682.9,126.64,736.31,4.42,104.28,0.0804,20.32,13.98,21.0,75.0,1500.0,15.2,healthy,0.0
healthy_0,1952,1789813916.4021802,4687.8,126.96,742.6,4.34,104.19,0.0694,20.17,13.92,21.06,75.0,1500.0,15.2,healthy,0.0
healthy_0,1953,1789813917.4021802,4679.0,126.88,738.92,4.26,104.09,0.0753,20.07,13.98,21.13,75.0,1500.0,15.2,healthy,0.0
healthy_0,1954,1789813918.4021802,4669.6,126.83,735.41,4.36,104.05,0.072,20.12,13.95,21.12,75.0,1500.0,15.2,healthy,0.0
healthy_0,1955,1789813919.4021802,4659.4,126.61,740.75,4.38,104.15,0.0678,20.22,13.89,21.15,75.0,1500.0,15.2,healthy,0.0
healthy_0,1956,1789813920.4021802,4661.1,126.4,742.93,4.36,104.16,0.067,20.23,13.96,21.57,75.0,1500.0,15.2,healthy,0.0
healthy_0,1957,1789813921.4021802,4676.7,126.29,744.98,4.32,104.01,0.0687,20.27,13.88,21.36,75.0,1500.0,15.2,healthy,0.0
healthy_0,1958,1789813922.4021802,4684.4,126.57,748.11,4.3,104.18,0.0651,20.07,13.88,21.23,75.0,1500.0,15.2,healthy,0.0
healthy_0,1959,1789813923.4021802,4680.9,126.23,754.08,4.43,104.06,0.0717,20.11,13.92,21.0,75.0,1500.0,15.2,healthy,0.0
healthy_0,1960,1789813924.4021802,4687.6,126.49,754.45,4.4,103.96,0.0778,20.02,14.01,20.98,75.0,1500.0,15.2,healthy,0.0
healthy_0,1961,1789813925.4021802,4697.4,126.69,755.11,4.4,103.98,0.0675,20.15,13.96,21.14,75.0,1500.0,15.2,healthy,0.0
healthy_0,1962,1789813926.4021802,4703.1,126.51,749.7,4.3,104.2,0.0698,20.3,14.01,21.1,75.0,1500.0,15.2,healthy,0.0
healthy_0,1963,1789813927.4021802,4710.4,126.92,748.54,4.19,104.25,0.0793,20.3,14.1,21.07,75.0,1500.0,15.2,healthy,0.0
healthy_0,1964,1789813928.4021802,4720.2,127.07,747.53,4.2,104.29,0.0753,20.16,14.11,20.96,75.0,1500.0,15.2,healthy,0.0
healthy_0,1965,1789813929.4021802,4704.1,127.42,747.32,4.27,104.13,0.0884,20.08,14.16,21.36,75.0,1500.0,15.2,healthy,0.0
healthy_0,1966,1789813930.4021802,4719.9,126.96,743.5,4.33,104.03,0.0857,20.25,14.22,21.59,75.0,1500.0,15.2,healthy,0.0
healthy_0,1967,1789813931.4021802,4718.9,127.38,745.77,4.3,104.05,0.0864,20.12,14.24,21.11,75.0,1500.0,15.2,healthy,0.0
healthy_0,1968,1789813932.4021802,4720.9,127.08,748.26,4.3,104.0,0.0748,20.05,14.27,21.06,75.0,1500.0,15.2,healthy,0.0
healthy_0,1969,1789813933.4021802,4700.0,127.1,751.9,4.3,103.92,0.0753,20.15,14.29,21.01,75.0,1500.0,15.2,healthy,0.0
healthy_0,1970,1789813934.4021802,4700.5,127.17,751.72,4.28,103.91,0.0673,20.23,14.26,21.0,75.0,1500.0,15.2,healthy,0.0
healthy_0,1971,1789813935.4021802,4705.5,127.11,751.69,4.3,103.91,0.0615,20.26,14.18,21.07,75.0,1500.0,15.2,healthy,0.0
healthy_0,1972,1789813936.4021802,4705.0,126.98,750.55,4.34,103.88,0.0626,20.26,14.17,21.1,75.0,1500.0,15.2,healthy,0.0
healthy_0,1973,1789813937.4021802,4724.3,126.91,743.7,4.36,103.8,0.0682,20.36,14.18,21.11,75.0,1500.0,15.2,healthy,0.0
healthy_0,1974,1789813938.4021802,4727.8,127.04,741.55,4.27,103.81,0.0709,20.38,14.2,21.03,75.0,1500.0,15.2,healthy,0.0
healthy_0,1975,1789813939.4021802,4723.2,126.97,742.01,4.37,103.66,0.0794,20.24,14.17,20.97,75.0,1500.0,15.2,healthy,0.0
healthy_0,1976,1789813940.4021802,4713.6,126.87,740.36,4.37,103.5,0.0811,20.4,14.19,20.99,75.0,1500.0,15.2,healthy,0.0
healthy_0,1977,1789813941.4021802,4717.4,127.09,744.83,4.36,103.54,0.0732,20.45,14.18,20.75,75.0,1500.0,15.2,healthy,0.0
healthy_0,1978,1789813942.4021802,4734.4,127.04,742.29,4.32,103.6,0.068,20.54,14.25,20.53,75.0,1500.0,15.2,healthy,0.0
healthy_0,1979,1789813943.4021802,4725.7,127.14,737.99,4.26,103.71,0.0599,20.53,14.26,20.65,75.0,1500.0,15.2,healthy,0.0
healthy_0,1980,1789813944.4021802,4707.6,127.02,741.96,4.35,103.68,0.0657,20.4,14.21,20.98,75.0,1500.0,15.2,healthy,0.0
healthy_0,1981,1789813945.4021802,4701.2,127.17,746.71,4.35,103.72,0.0628,20.38,14.2,20.95,75.0,1500.0,15.2,healthy,0.0
healthy_0,1982,1789813946.4021802,4705.7,127.21,742.11,4.32,103.7,0.0609,20.39,14.2,20.94,75.0,1500.0,15.2,healthy,0.0
healthy_0,1983,1789813947.4021802,4731.7,126.98,736.27,4.31,103.67,0.0616,20.67,14.11,21.3,75.0,1500.0,15.2,healthy,0.0
healthy_0,1984,1789813948.4021802,4721.5,127.08,736.59,4.31,103.82,0.0641,20.73,14.1,21.48,75.0,1500.0,15.2,healthy,0.0
healthy_0,1985,1789813949.4021802,4702.8,126.87,733.07,4.36,103.65,0.0733,20.59,14.16,21.25,75.0,1500.0,15.2,healthy,0.0
healthy_0,1986,1789813950.4021802,4705.8,127.0,733.69,4.36,103.64,0.0742,20.38,14.12,21.35,75.0,1500.0,15.2,healthy,0.0
healthy_0,1987,1789813951.4021802,4713.3,126.84,736.77,4.46,103.68,0.0753,20.43,14.32,21.4,75.0,1500.0,15.2,healthy,0.0
healthy_0,1988,1789813952.4021802,4716.9,126.99,735.68,4.34,103.62,0.0698,20.21,14.32,21.29,75.0,1500.0,15.2,healthy,0.0
healthy_0,1989,1789813953.4021802,4709.3,126.79,741.36,4.29,103.76,0.0677,20.22,14.29,21.54,75.0,1500.0,15.2,healthy,0.0
healthy_0,1990,1789813954.4021802,4708.6,126.94,737.28,4.29,103.68,0.0705,20.14,14.31,21.05,75.0,1500.0,15.2,healthy,0.0
healthy_0,1991,1789813955.4021802,4696.7,126.56,735.52,4.36,103.62,0.0736,20.15,14.22,21.27,75.0,1500.0,15.2,healthy,0.0
healthy_0,1992,1789813956.4021802,4680.5,126.61,741.61,4.36,103.51,0.0702,20.15,14.2,21.24,75.0,1500.0,15.2,healthy,0.0
healthy_0,1993,1789813957.4021802,4681.4,126.74,740.55,4.37,103.47,0.0704,20.17,14.13,21.35,75.0,1500.0,15.2,healthy,0.0
healthy_0,1994,1789813958.4021802,4667.3,126.46,741.42,4.47,103.43,0.0666,20.18,14.08,21.27,75.0,1500.0,15.2,healthy,0.0
healthy_0,1995,1789813959.4021802,4695.2,126.4,747.68,4.39,103.5,0.0672,20.2,14.1,21.03,75.0,1500.0,15.2,healthy,0.0
healthy_0,1996,1789813960.4021802,4697.3,126.31,742.61,4.43,103.42,0.0659,20.23,14.05,21.37,75.0,1500.0,15.2,healthy,0.0
healthy_0,1997,1789813961.4021802,4698.4,126.05,742.02,4.48,103.45,0.0751,20.39,14.1,21.46,75.0,1500.0,15.2,healthy,0.0
healthy_0,1998,1789813962.4021802,4698.6,126.15,749.47,4.47,103.3,0.0695,20.53,14.02,21.15,75.0,1500.0,15.2,healthy,0.0
healthy_0,1999,1789813963.4021802,4718.3,126.23,748.8,4.44,103.29,0.062,20.4,14.01,21.34,75.0,1500.0,15.2,healthy,0.0
healthy_0,2000,1789813964.4021802,4721.5,125.97,750.37,4.35,103.4,0.0669,20.3,14.11,21.37,75.0,1500.0,15.2,healthy,0.0
healthy_0,2001,1789813965.4021802,4714.4,125.94,746.01,4.33,103.46,0.0688,20.22,14.18,21.51,75.0,1500.0,15.2,healthy,0.0
healthy_0,2002,1789813966.4021802,4691.8,125.87,740.61,4.38,103.46,0.0684,20.41,14.14,21.3,75.0,1500.0,15.2,healthy,0.0
healthy_0,2003,1789813967.4021802,4678.2,126.22,740.76,4.33,103.44,0.0663,20.46,14.14,21.03,75.0,1500.0,15.2,healthy,0.0
healthy_0,2004,1789813968.4021802,4694.6,126.34,739.23,4.26,103.36,0.0679,20.39,14.17,21.5,75.0,1500.0,15.2,healthy,0.0
healthy_0,2005,1789813969.4021802,4723.0,126.56,741.75,4.25,103.28,0.0773,20.39,14.25,21.04,75.0,1500.0,15.2,healthy,0.0
healthy_0,2006,1789813970.4021802,4709.8,126.33,741.61,4.22,103.26,0.0798,20.33,14.15,20.92,75.0,1500.0,15.2,healthy,0.0
healthy_0,2007,1789813971.4021802,4705.1,126.33,742.55,4.21,103.25,0.0777,20.26,14.05,20.92,75.0,1500.0,15.2,healthy,0.0
healthy_0,2008,1789813972.4021802,4695.8,126.21,742.59,4.26,103.22,0.077,20.2,14.1,20.97,75.0,1500.0,15.2,healthy,0.0
healthy_0,2009,1789813973.4021802,4717.5,126.51,746.47,4.3,103.17,0.0751,20.15,14.18,20.92,75.0,1500.0,15.2,healthy,0.0
healthy_0,2010,1789813974.4021802,4730.4,126.49,744.49,4.32,103.18,0.0687,20.03,14.15,21.15,75.0,1500.0,15.2,healthy,0.0
healthy_0,2011,1789813975.4021802,4744.8,126.45,749.39,4.32,103.26,0.0705,20.11,14.31,21.22,75.0,1500.0,15.2,healthy,0.0
healthy_0,2012,1789813976.4021802,4718.9,126.44,747.63,4.35,103.25,0.0682,20.01,14.27,21.24,75.0,1500.0,15.2,healthy,0.0
healthy_0,2013,1789813977.4021802,4735.1,126.54,742.22,4.4,103.51,0.0753,19.9,14.35,21.11,75.0,1500.0,15.2,healthy,0.0
healthy_0,2014,1789813978.4021802,4725.2,126.42,742.49,4.4,103.41,0.0696,20.09,14.31,20.77,75.0,1500.0,15.2,healthy,0.0
healthy_0,2015,1789813979.4021802,4712.8,126.19,742.07,4.39,103.36,0.0704,20.07,14.29,21.01,75.0,1500.0,15.2,healthy,0.0
healthy_0,2016,1789813980.4021802,4718.0,125.99,743.6,4.38,103.41,0.0785,20.22,14.18,21.08,75.0,1500.0,15.2,healthy,0.0
healthy_0,2017,1789813981.4021802,4706.6,125.84,740.98,4.32,103.54,0.0797,20.37,14.17,21.26,75.0,1500.0,15.2,healthy,0.0
healthy_0,2018,1789813982.4021802,4708.5,126.21,731.66,4.24,103.71,0.0789,20.32,14.25,21.64,75.0,1500.0,15.2,healthy,0.0
healthy_0,2019,1789813983.4021802,4695.2,125.95,729.79,4.26,103.54,0.0823,20.42,14.23,21.02,75.0,1500.0,15.2,healthy,0.0
healthy_0,2020,1789813984.4021802,4685.7,126.17,726.88,4.25,103.47,0.074,20.44,14.13,21.15,75.0,1500.0,15.2,healthy,0.0
healthy_0,2021,1789813985.4021802,4707.2,126.27,728.51,4.27,103.58,0.0738,20.35,14.16,21.46,75.0,1500.0,15.2,healthy,0.0
healthy_0,2022,1789813986.4021802,4725.7,126.12,731.05,4.33,103.6,0.0733,20.46,14.12,21.48,75.0,1500.0,15.2,healthy,0.0
healthy_0,2023,1789813987.4021802,4739.0,126.32,730.79,4.43,103.72,0.0725,20.62,14.12,21.4,75.0,1500.0,15.2,healthy,0.0
healthy_0,2024,1789813988.4021802,4732.2,126.05,733.37,4.33,103.81,0.0708,20.45,14.14,21.27,75.0,1500.0,15.2,healthy,0.0
healthy_0,2025,1789813989.4021802,4728.8,125.78,734.64,4.37,103.95,0.0714,20.4,14.16,21.2,75.0,1500.0,15.2,healthy,0.0
healthy_0,2026,1789813990.4021802,4720.2,125.84,738.11,4.31,104.07,0.0728,20.3,14.17,21.26,75.0,1500.0,15.2,healthy,0.0
healthy_0,2027,1789813991.4021802,4713.2,125.82,736.71,4.3,103.87,0.0729,20.31,14.2,21.5,75.0,1500.0,15.2,healthy,0.0
healthy_0,2028,1789813992.4021802,4719.4,126.06,736.85,4.23,103.85,0.0689,20.22,14.23,21.76,75.0,1500.0,15.2,healthy,0.0
healthy_0,2029,1789813993.4021802,4714.0,126.18,736.1,4.35,103.96,0.0752,20.23,14.16,21.38,75.0,1500.0,15.2,healthy,0.0
healthy_0,2030,1789813994.4021802,4723.0,125.98,734.49,4.33,103.93,0.0717,20.27,14.18,21.42,75.0,1500.0,15.2,healthy,0.0
healthy_0,2031,1789813995.4021802,4689.0,126.02,737.08,4.39,103.68,0.0691,20.28,14.23,21.53,75.0,1500.0,15.2,healthy,0.0
healthy_0,2032,1789813996.4021802,4683.7,126.01,738.04,4.3,103.61,0.0771,20.32,14.24,21.52,75.0,1500.0,15.2,healthy,0.0
healthy_0,2033,1789813997.4021802,4709.1,125.77,740.52,4.3,103.44,0.076,20.41,14.22,21.26,75.0,1500.0,15.2,healthy,0.0
healthy_0,2034,1789813998.4021802,4698.4,126.04,741.45,4.37,103.71,0.0772,20.17,14.28,21.14,75.0,1500.0,15.2,healthy,0.0
healthy_0,2035,1789813999.4021802,4699.4,126.1,739.83,4.43,103.64,0.0729,20.08,14.25,20.89,75.0,1500.0,15.2,healthy,0.0
healthy_0,2036,1789814000.4021802,4719.1,126.08,737.75,4.44,103.72,0.0743,20.08,14.28,21.21,75.0,1500.0,15.2,healthy,0.0
healthy_0,2037,1789814001.4021802,4717.9,126.13,733.01,4.42,103.51,0.0743,20.38,14.26,21.19,75.0,1500.0,15.2,healthy,0.0
healthy_0,2038,1789814002.4021802,4725.0,126.15,732.98,4.33,103.38,0.0762,20.54,14.22,21.1,75.0,1500.0,15.2,healthy,0.0
healthy_0,2039,1789814003.4021802,4724.5,126.1,730.66,4.31,103.5,0.0689,20.52,14.22,21.39,75.0,1500.0,15.2,healthy,0.0
healthy_0,2040,1789814004.4021802,4694.0,126.47,729.87,4.35,103.45,0.0657,20.35,14.17,21.31,75.0,1500.0,15.2,healthy,0.0
healthy_0,2041,1789814005.4021802,4678.6,126.74,736.06,4.31,103.3,0.0646,20.39,14.19,21.33,75.0,1500.0,15.2,healthy,0.0
healthy_0,2042,1789814006.4021802,4683.1,126.44,738.77,4.32,103.5,0.0633,20.27,14.23,21.43,75.0,1500.0,15.2,healthy,0.0
healthy_0,2043,1789814007.4021802,4655.9,126.7,736.89,4.33,103.62,0.0728,20.43,14.18,20.85,75.0,1500.0,15.2,healthy,0.0
healthy_0,2044,1789814008.4021802,4681.0,126.5,736.18,4.27,103.63,0.0746,20.39,14.21,20.91,75.0,1500.0,15.2,healthy,0.0
healthy_0,2045,1789814009.4021802,4659.4,126.35,730.46,4.23,103.41,0.0676,20.25,14.2,20.89,75.0,1500.0,15.2,healthy,0.0
healthy_0,2046,1789814010.4021802,4670.4,126.45,729.07,4.32,103.36,0.07,20.23,14.17,21.28,75.0,1500.0,15.2,healthy,0.0
healthy_0,2047,1789814011.4021802,4664.6,126.28,729.53,4.36,103.39,0.0731,20.42,14.11,21.38,75.0,1500.0,15.2,healthy,0.0
healthy_0,2048,1789814012.4021802,4660.4,126.36,732.92,4.32,103.37,0.0771,20.21,14.16,21.51,75.0,1500.0,15.2,healthy,0.0
healthy_0,2049,1789814013.4021802,4669.3,126.4,730.22,4.33,103.45,0.0757,20.29,14.21,21.06,75.0,1500.0,15.2,healthy,0.0
healthy_0,2050,1789814014.4021802,4691.1,126.24,728.93,4.32,103.41,0.0786,20.32,14.2,21.07,75.0,1500.0,15.2,healthy,0.0
healthy_0,2051,1789814015.4021802,4705.5,126.16,731.36,4.34,103.4,0.0882,20.28,14.35,21.09,75.0,1500.0,15.2,healthy,0.0
healthy_0,2052,1789814016.4021802,4714.7,125.99,735.6,4.44,103.41,0.0871,20.17,14.28,20.95,75.0,1500.0,15.2,healthy,0.0
healthy_0,2053,1789814017.4021802,4714.3,126.32,739.1,4.45,103.42,0.0848,20.12,14.24,21.43,75.0,1500.0,15.2,healthy,0.0
healthy_0,2054,1789814018.4021802,4730.0,126.33,744.78,4.43,103.43,0.0819,20.12,14.18,21.09,75.0,1500.0,15.2,healthy,0.0
healthy_0,2055,1789814019.4021802,4720.9,126.27,744.23,4.37,103.4,0.0796,19.99,14.13,21.03,75.0,1500.0,15.2,healthy,0.0
healthy_0,2056,1789814020.4021802,4708.4,126.32,737.88,4.41,103.52,0.0758,20.07,14.05,20.93,75.0,1500.0,15.2,healthy,0.0
healthy_0,2057,1789814021.4021802,4703.1,126.53,742.19,4.4,103.53,0.0737,20.05,13.97,20.69,75.0,1500.0,15.2,healthy,0.0
healthy_0,2058,1789814022.4021802,4725.3,126.76,737.88,4.38,103.61,0.0739,20.13,13.96,21.01,75.0,1500.0,15.2,healthy,0.0
healthy_0,2059,1789814023.4021802,4722.4,126.84,737.82,4.37,103.56,0.0765,20.18,14.0,21.04,75.0,1500.0,15.2,healthy,0.0
healthy_0,2060,1789814024.4021802,4732.1,126.57,739.59,4.34,103.49,0.0751,20.15,14.04,21.28,75.0,1500.0,15.2,healthy,0.0
healthy_0,2061,1789814025.4021802,4747.3,126.07,741.5,4.32,103.62,0.0814,20.12,14.1,21.27,75.0,1500.0,15.2,healthy,0.0
healthy_0,2062,1789814026.4021802,4718.9,126.02,746.79,4.3,103.43,0.0765,20.19,14.06,21.37,75.0,1500.0,15.2,healthy,0.0
healthy_0,2063,1789814027.4021802,4720.5,125.65,743.5,4.33,103.28,0.0694,20.27,14.06,21.49,75.0,1500.0,15.2,healthy,0.0
healthy_0,2064,1789814028.4021802,4706.9,125.73,742.26,4.34,103.23,0.0747,20.21,14.07,21.24,75.0,1500.0,15.2,healthy,0.0
healthy_0,2065,1789814029.4021802,4707.9,126.06,742.72,4.35,103.19,0.0707,20.36,14.1,21.1,75.0,1500.0,15.2,healthy,0.0
healthy_0,2066,1789814030.4021802,4706.7,126.21,741.0,4.3,103.18,0.0805,20.34,14.1,21.4,75.0,1500.0,15.2,healthy,0.0
healthy_0,2067,1789814031.4021802,4729.8,126.2,744.78,4.36,103.31,0.0819,20.44,14.08,21.23,75.0,1500.0,15.2,healthy,0.0
healthy_0,2068,1789814032.4021802,4706.6,126.2,743.09,4.37,103.23,0.0766,20.25,14.14,21.06,75.0,1500.0,15.2,healthy,0.0
healthy_0,2069,1789814033.4021802,4714.5,126.18,739.73,4.37,103.17,0.0875,20.4,14.14,21.01,75.0,1500.0,15.2,healthy,0.0
healthy_0,2070,1789814034.4021802,4709.9,126.15,736.58,4.38,103.11,0.0858,20.4,14.11,20.89,75.0,1500.0,15.2,healthy,0.0
healthy_0,2071,1789814035.4021802,4684.1,126.22,733.09,4.4,103.19,0.0816,20.28,14.08,21.09,75.0,1500.0,15.2,healthy,0.0
healthy_0,2072,1789814036.4021802,4669.9,126.1,733.5,4.37,103.24,0.0853,20.34,14.16,20.98,75.0,1500.0,15.2,healthy,0.0
healthy_0,2073,1789814037.4021802,4674.5,126.03,735.15,4.46,103.39,0.0937,20.38,14.15,21.3,75.0,1500.0,15.2,healthy,0.0
healthy_0,2074,1789814038.4021802,4662.2,126.44,734.64,4.53,103.37,0.0805,20.49,14.18,21.28,75.0,1500.0,15.2,healthy,0.0
healthy_0,2075,1789814039.4021802,4672.4,126.48,733.5,4.45,103.3,0.0857,20.53,14.2,21.19,75.0,1500.0,15.2,healthy,0.0
healthy_0,2076,1789814040.4021802,4651.6,126.5,741.0,4.4,103.25,0.0832,20.39,14.14,21.17,75.0,1500.0,15.2,healthy,0.0
healthy_0,2077,1789814041.4021802,4664.2,126.33,741.32,4.49,103.05,0.0779,20.3,14.1,21.19,75.0,1500.0,15.2,healthy,0.0
healthy_0,2078,1789814042.4021802,4659.0,126.36,738.95,4.42,103.18,0.0819,20.33,14.07,21.48,75.0,1500.0,15.2,healthy,0.0
healthy_0,2079,1789814043.4021802,4659.1,126.32,736.57,4.37,103.17,0.0801,20.28,14.18,21.94,75.0,1500.0,15.2,healthy,0.0
healthy_0,2080,1789814044.4021802,4707.1,126.49,739.15,4.36,103.24,0.0749,19.99,14.08,21.39,75.0,1500.0,15.2,healthy,0.0
healthy_0,2081,1789814045.4021802,4706.2,126.6,740.98,4.28,103.25,0.0773,20.13,14.1,21.19,75.0,1500.0,15.2,healthy,0.0
healthy_0,2082,1789814046.4021802,4722.4,126.64,740.07,4.43,103.31,0.0798,20.14,14.19,20.74,75.0,1500.0,15.2,healthy,0.0
healthy_0,2083,1789814047.4021802,4722.4,126.71,731.92,4.32,103.4,0.0763,20.17,14.19,20.68,75.0,1500.0,15.2,healthy,0.0
healthy_0,2084,1789814048.4021802,4701.6,126.77,735.21,4.41,103.48,0.0786,20.21,14.25,20.93,75.0,1500.0,15.2,healthy,0.0
healthy_0,2085,1789814049.4021802,4694.1,126.68,737.88,4.42,103.6,0.0821,20.1,14.14,20.91,75.0,1500.0,15.2,healthy,0.0
healthy_0,2086,1789814050.4021802,4695.9,126.63,739.79,4.44,103.64,0.0834,20.04,14.18,20.99,75.0,1500.0,15.2,healthy,0.0
healthy_0,2087,1789814051.4021802,4676.9,126.9,744.28,4.4,103.44,0.0748,20.11,14.3,21.22,75.0,1500.0,15.2,healthy,0.0
healthy_0,2088,1789814052.4021802,4702.6,126.64,743.52,4.42,103.39,0.0728,20.15,14.31,21.65,75.0,1500.0,15.2,healthy,0.0
healthy_0,2089,1789814053.4021802,4712.4,126.57,741.69,4.42,103.48,0.0848,20.04,14.36,21.41,75.0,1500.0,15.2,healthy,0.0
healthy_0,2090,1789814054.4021802,4721.4,126.43,738.37,4.42,103.56,0.0671,19.94,14.33,21.26,75.0,1500.0,15.2,healthy,0.0
healthy_0,2091,1789814055.4021802,4722.4,126.34,737.68,4.42,103.64,0.0744,19.95,14.24,21.41,75.0,1500.0,15.2,healthy,0.0
healthy_0,2092,1789814056.4021802,4711.8,126.35,737.37,4.37,103.71,0.0785,19.98,14.23,21.18,75.0,1500.0,15.2,healthy,0.0
healthy_0,2093,1789814057.4021802,4723.7,126.42,739.54,4.34,103.64,0.0755,19.82,14.23,21.3,75.0,1500.0,15.2,healthy,0.0
healthy_0,2094,1789814058.4021802,4718.5,126.19,736.36,4.37,103.61,0.0723,19.97,14.2,20.93,75.0,1500.0,15.2,healthy,0.0
healthy_0,2095,1789814059.4021802,4694.2,126.27,740.83,4.36,103.63,0.0764,19.73,14.18,21.44,75.0,1500.0,15.2,healthy,0.0
healthy_0,2096,1789814060.4021802,4705.4,126.21,738.97,4.27,103.59,0.0812,19.87,14.27,21.41,75.0,1500.0,15.2,healthy,0.0
healthy_0,2097,1789814061.4021802,4754.0,126.23,735.35,4.28,103.59,0.0792,19.95,14.26,21.59,75.0,1500.0,15.2,healthy,0.0
healthy_0,2098,1789814062.4021802,4778.6,126.11,740.03,4.32,103.64,0.0778,20.05,14.25,21.62,75.0,1500.0,15.2,healthy,0.0
healthy_0,2099,1789814063.4021802,4754.9,126.56,740.22,4.32,103.57,0.0782,19.92,14.2,21.2,75.0,1500.0,15.2,healthy,0.0
healthy_0,2100,1789814064.4021802,4737.0,126.87,740.39,4.26,103.72,0.0805,19.97,14.19,20.99,75.0,1500.0,15.2,healthy,0.0
healthy_0,2101,1789814065.4021802,4740.7,126.29,741.75,4.35,103.53,0.0754,19.94,14.24,20.88,75.0,1500.0,15.2,healthy,0.0
healthy_0,2102,1789814066.4021802,4702.3,126.06,743.68,4.35,103.41,0.0768,19.94,14.26,20.93,75.0,1500.0,15.2,healthy,0.0
healthy_0,2103,1789814067.4021802,4686.8,126.21,745.67,4.22,103.39,0.0811,20.1,14.29,21.04,75.0,1500.0,15.2,healthy,0.0
healthy_0,2104,1789814068.4021802,4686.4,126.13,743.85,4.27,103.49,0.0795,20.05,14.26,21.19,75.0,1500.0,15.2,healthy,0.0
healthy_0,2105,1789814069.4021802,4674.0,126.36,738.94,4.31,103.56,0.0704,20.17,14.26,21.36,75.0,1500.0,15.2,healthy,0.0
healthy_0,2106,1789814070.4021802,4668.2,126.2,743.2,4.36,103.45,0.0671,20.15,14.25,21.22,75.0,1500.0,15.2,healthy,0.0
healthy_0,2107,1789814071.4021802,4685.4,126.28,735.7,4.48,103.59,0.0682,20.2,14.19,21.56,75.0,1500.0,15.2,healthy,0.0
healthy_0,2108,1789814072.4021802,4674.9,126.04,738.83,4.53,103.65,0.0641,20.34,14.1,21.39,75.0,1500.0,15.2,healthy,0.0
healthy_0,2109,1789814073.4021802,4659.6,125.9,740.43,4.35,103.56,0.0712,20.34,14.06,21.17,75.0,1500.0,15.2,healthy,0.0
healthy_0,2110,1789814074.4021802,4659.0,126.1,737.15,4.35,103.69,0.0655,20.28,14.06,21.09,75.0,1500.0,15.2,healthy,0.0
healthy_0,2111,1789814075.4021802,4644.9,126.11,737.86,4.35,103.58,0.0659,20.37,14.08,21.25,75.0,1500.0,15.2,healthy,0.0
healthy_0,2112,1789814076.4021802,4643.5,126.32,738.27,4.43,103.61,0.0683,20.16,14.13,21.03,75.0,1500.0,15.2,healthy,0.0
healthy_0,2113,1789814077.4021802,4652.3,126.4,738.08,4.4,103.63,0.0708,20.17,14.22,20.87,75.0,1500.0,15.2,healthy,0.0
healthy_0,2114,1789814078.4021802,4700.4,126.46,741.96,4.4,103.62,0.0709,20.36,14.22,21.17,75.0,1500.0,15.2,healthy,0.0
healthy_0,2115,1789814079.4021802,4710.4,126.9,742.87,4.4,103.71,0.0694,20.4,14.12,21.49,75.0,1500.0,15.2,healthy,0.0
healthy_0,2116,1789814080.4021802,4729.5,126.81,745.03,4.34,103.63,0.0679,20.24,14.14,21.76,75.0,1500.0,15.2,healthy,0.0
healthy_0,2117,1789814081.4021802,4710.3,126.65,742.59,4.34,103.57,0.0748,20.19,14.11,21.62,75.0,1500.0,15.2,healthy,0.0
healthy_0,2118,1789814082.4021802,4713.2,126.48,742.28,4.27,103.7,0.0686,20.22,14.16,21.49,75.0,1500.0,15.2,healthy,0.0
healthy_0,2119,1789814083.4021802,4699.3,126.24,741.58,4.28,103.74,0.0666,20.36,14.19,21.44,75.0,1500.0,15.2,healthy,0.0
healthy_0,2120,1789814084.4021802,4672.0,126.3,743.64,4.2,103.59,0.0677,20.5,14.18,21.44,75.0,1500.0,15.2,healthy,0.0
healthy_0,2121,1789814085.4021802,4679.4,126.3,742.31,4.19,103.5,0.0733,20.33,14.19,21.13,75.0,1500.0,15.2,healthy,0.0
healthy_0,2122,1789814086.4021802,4688.3,126.51,739.03,4.16,103.57,0.0788,20.3,14.1,21.31,75.0,1500.0,15.2,healthy,0.0
healthy_0,2123,1789814087.4021802,4708.1,126.5,742.44,4.24,103.64,0.0736,20.36,14.13,21.34,75.0,1500.0,15.2,healthy,0.0
healthy_0,2124,1789814088.4021802,4691.2,126.29,741.97,4.27,103.65,0.0627,20.22,14.17,21.33,75.0,1500.0,15.2,healthy,0.0
healthy_0,2125,1789814089.4021802,4702.5,126.27,742.69,4.3,103.68,0.0592,19.98,14.13,21.25,75.0,1500.0,15.2,healthy,0.0
healthy_0,2126,1789814090.4021802,4692.9,126.88,745.55,4.3,103.66,0.0628,19.94,14.19,21.12,75.0,1500.0,15.2,healthy,0.0
healthy_0,2127,1789814091.4021802,4707.7,126.9,744.62,4.28,103.7,0.0604,19.84,14.19,21.29,75.0,1500.0,15.2,healthy,0.0
healthy_0,2128,1789814092.4021802,4722.3,126.6,745.06,4.39,103.81,0.0619,20.05,14.14,21.21,75.0,1500.0,15.2,healthy,0.0
healthy_0,2129,1789814093.4021802,4714.7,126.77,742.1,4.37,103.9,0.0672,20.1,14.15,21.45,75.0,1500.0,15.2,healthy,0.0
healthy_0,2130,1789814094.4021802,4694.6,126.78,736.4,4.18,103.87,0.0593,20.2,14.15,21.19,75.0,1500.0,15.2,healthy,0.0
healthy_0,2131,1789814095.4021802,4703.6,126.7,736.37,4.18,104.0,0.0603,19.98,14.15,21.13,75.0,1500.0,15.2,healthy,0.0
healthy_0,2132,1789814096.4021802,4699.1,126.5,734.22,4.27,103.94,0.069,19.99,14.1,20.99,75.0,1500.0,15.2,healthy,0.0
healthy_0,2133,1789814097.4021802,4701.4,126.26,740.04,4.38,103.96,0.0728,19.98,14.08,21.07,75.0,1500.0,15.2,healthy,0.0
healthy_0,2134,1789814098.4021802,4683.4,126.4,740.64,4.41,103.93,0.0669,20.15,14.17,20.92,75.0,1500.0,15.2,healthy,0.0
healthy_0,2135,1789814099.4021802,4694.9,126.37,735.52,4.32,103.96,0.0672,20.03,14.25,21.21,75.0,1500.0,15.2,healthy,0.0
healthy_0,2136,1789814100.4021802,4693.2,126.37,736.99,4.37,103.92,0.0616,20.18,14.21,20.97,75.0,1500.0,15.2,healthy,0.0
healthy_0,2137,1789814101.4021802,4706.7,126.44,736.75,4.38,103.77,0.0637,20.23,14.23,21.04,75.0,1500.0,15.2,healthy,0.0
healthy_0,2138,1789814102.4021802,4700.2,126.18,737.49,4.37,103.84,0.065,20.39,14.27,21.19,75.0,1500.0,15.2,healthy,0.0
healthy_0,2139,1789814103.4021802,4665.8,126.03,742.72,4.34,104.0,0.0666,20.37,14.31,20.8,75.0,1500.0,15.2,healthy,0.0
healthy_0,2140,1789814104.4021802,4667.1,126.09,741.61,4.35,103.9,0.0761,20.32,14.27,20.55,75.0,1500.0,15.2,healthy,0.0
healthy_0,2141,1789814105.4021802,4675.6,126.13,743.55,4.37,103.89,0.0792,20.48,14.27,20.75,75.0,1500.0,15.2,healthy,0.0
healthy_0,2142,1789814106.4021802,4688.9,126.1,741.09,4.34,103.77,0.067,20.5,14.22,20.92,75.0,1500.0,15.2,healthy,0.0
healthy_0,2143,1789814107.4021802,4675.2,126.32,744.34,4.37,103.81,0.0766,20.43,14.19,21.19,75.0,1500.0,15.2,healthy,0.0
healthy_0,2144,1789814108.4021802,4661.5,126.12,742.83,4.38,103.82,0.0704,20.29,14.16,21.18,75.0,1500.0,15.2,healthy,0.0
healthy_0,2145,1789814109.4021802,4656.4,126.16,743.02,4.26,103.75,0.0744,20.32,14.09,21.11,75.0,1500.0,15.2,healthy,0.0
healthy_0,2146,1789814110.4021802,4679.5,126.26,740.14,4.2,103.85,0.0711,20.33,14.12,21.51,75.0,1500.0,15.2,healthy,0.0
healthy_0,2147,1789814111.4021802,4694.1,126.48,740.05,4.21,103.91,0.0753,20.33,14.14,21.17,75.0,1500.0,15.2,healthy,0.0
healthy_0,2148,1789814112.4021802,4709.8,126.64,742.36,4.28,103.98,0.0751,20.61,14.04,21.01,75.0,1500.0,15.2,healthy,0.0
healthy_0,2149,1789814113.4021802,4680.1,126.36,732.04,4.29,103.93,0.076,20.59,14.04,21.41,75.0,1500.0,15.2,healthy,0.0
healthy_0,2150,1789814114.4021802,4684.3,126.09,734.36,4.32,103.94,0.0803,20.49,14.09,21.34,75.0,1500.0,15.2,healthy,0.0
healthy_0,2151,1789814115.4021802,4684.6,125.77,735.96,4.43,104.07,0.0784,20.64,14.03,21.57,75.0,1500.0,15.2,healthy,0.0
healthy_0,2152,1789814116.4021802,4678.9,125.96,731.9,4.31,104.15,0.0911,20.69,14.11,21.26,75.0,1500.0,15.2,healthy,0.0
healthy_0,2153,1789814117.4021802,4667.8,126.27,737.99,4.32,104.01,0.0793,20.6,14.08,21.17,75.0,1500.0,15.2,healthy,0.0
healthy_0,2154,1789814118.4021802,4677.6,126.14,737.02,4.29,103.99,0.0765,20.46,14.06,21.56,75.0,1500.0,15.2,healthy,0.0
healthy_0,2155,1789814119.4021802,4684.2,126.07,737.91,4.28,103.91,0.0767,20.41,14.03,21.39,75.0,1500.0,15.2,healthy,0.0
healthy_0,2156,1789814120.4021802,4663.6,126.35,742.52,4.32,103.79,0.0789,20.51,14.09,21.57,75.0,1500.0,15.2,healthy,0.0
healthy_0,2157,1789814121.4021802,4657.7,126.33,744.28,4.34,103.75,0.0755,20.43,14.18,21.33,75.0,1500.0,15.2,healthy,0.0
healthy_0,2158,1789814122.4021802,4672.7,126.11,744.31,4.34,103.74,0.074,20.47,14.16,21.3,75.0,1500.0,15.2,healthy,0.0
healthy_0,2159,1789814123.4021802,4674.2,125.94,743.95,4.36,103.83,0.0759,20.41,14.14,21.41,75.0,1500.0,15.2,healthy,0.0
healthy_0,2160,1789814124.4021802,4679.9,125.85,743.9,4.41,103.79,0.0629,20.42,14.17,20.97,75.0,1500.0,15.2,healthy,0.0
healthy_0,2161,1789814125.4021802,4721.7,125.83,741.81,4.47,103.96,0.0585,20.53,14.24,21.18,75.0,1500.0,15.2,healthy,0.0
healthy_0,2162,1789814126.4021802,4709.1,125.99,733.49,4.46,104.11,0.062,20.47,14.29,21.24,75.0,1500.0,15.2,healthy,0.0
healthy_0,2163,1789814127.4021802,4716.8,126.23,735.49,4.43,104.12,0.0627,20.38,14.25,20.96,75.0,1500.0,15.2,healthy,0.0
healthy_0,2164,1789814128.4021802,4691.5,126.27,736.03,4.27,104.37,0.0714,20.39,14.21,21.14,75.0,1500.0,15.2,healthy,0.0
healthy_0,2165,1789814129.4021802,4684.5,126.62,734.76,4.34,104.39,0.0662,20.43,14.2,21.54,75.0,1500.0,15.2,healthy,0.0
healthy_0,2166,1789814130.4021802,4680.0,126.32,733.93,4.32,104.48,0.0688,20.31,14.12,21.3,75.0,1500.0,15.2,healthy,0.0
healthy_0,2167,1789814131.4021802,4680.1,126.47,734.75,4.34,104.5,0.0714,20.5,14.04,21.29,75.0,1500.0,15.2,healthy,0.0
healthy_0,2168,1789814132.4021802,4673.4,126.43,742.2,4.36,104.34,0.0713,20.34,14.12,21.36,75.0,1500.0,15.2,healthy,0.0
healthy_0,2169,1789814133.4021802,4676.9,126.49,738.04,4.35,104.08,0.0767,20.4,14.11,21.51,75.0,1500.0,15.2,healthy,0.0
healthy_0,2170,1789814134.4021802,4658.1,126.27,740.02,4.31,104.16,0.0761,20.29,14.19,21.51,75.0,1500.0,15.2,healthy,0.0
healthy_0,2171,1789814135.4021802,4647.3,126.21,738.77,4.28,104.07,0.0721,20.13,14.13,21.36,75.0,1500.0,15.2,healthy,0.0
healthy_0,2172,1789814136.4021802,4687.1,126.77,738.44,4.27,103.97,0.0725,20.23,14.2,21.3,75.0,1500.0,15.2,healthy,0.0
healthy_0,2173,1789814137.4021802,4685.6,126.77,735.98,4.25,104.06,0.0795,20.2,14.13,20.89,75.0,1500.0,15.2,healthy,0.0
healthy_0,2174,1789814138.4021802,4677.5,126.5,736.44,4.33,104.05,0.072,20.26,14.11,20.73,75.0,1500.0,15.2,healthy,0.0
healthy_0,2175,1789814139.4021802,4665.8,126.37,734.96,4.38,103.89,0.0692,20.3,14.15,21.05,75.0,1500.0,15.2,healthy,0.0
healthy_0,2176,1789814140.4021802,4678.8,126.39,726.25,4.32,103.8,0.0663,20.23,14.12,21.18,75.0,1500.0,15.2,healthy,0.0
healthy_0,2177,1789814141.4021802,4687.3,126.53,731.97,4.29,103.81,0.063,20.19,14.1,20.79,75.0,1500.0,15.2,healthy,0.0
healthy_0,2178,1789814142.4021802,4687.1,126.39,737.16,4.35,103.91,0.0639,20.37,14.02,21.03,75.0,1500.0,15.2,healthy,0.0
healthy_0,2179,1789814143.4021802,4686.6,126.35,733.92,4.23,103.76,0.0687,20.32,13.97,20.99,75.0,1500.0,15.2,healthy,0.0
healthy_0,2180,1789814144.4021802,4709.9,126.29,733.88,4.24,103.76,0.0858,20.15,13.96,20.91,75.0,1500.0,15.2,healthy,0.0
healthy_0,2181,1789814145.4021802,4720.9,126.08,733.61,4.25,103.57,0.0812,20.14,14.01,21.17,75.0,1500.0,15.2,healthy,0.0
healthy_0,2182,1789814146.4021802,4717.5,125.92,732.2,4.25,103.61,0.0703,20.21,14.07,20.66,75.0,1500.0,15.2,healthy,0.0
healthy_0,2183,1789814147.4021802,4714.4,125.79,734.81,4.26,103.7,0.0771,20.18,14.17,20.97,75.0,1500.0,15.2,healthy,0.0
healthy_0,2184,1789814148.4021802,4714.9,126.0,737.99,4.32,103.92,0.0707,20.13,14.22,21.05,75.0,1500.0,15.2,healthy,0.0
healthy_0,2185,1789814149.4021802,4735.0,125.95,738.77,4.29,103.84,0.0672,20.32,14.2,21.24,75.0,1500.0,15.2,healthy,0.0
healthy_0,2186,1789814150.4021802,4716.0,126.09,737.49,4.32,103.89,0.0727,20.32,14.23,21.33,75.0,1500.0,15.2,healthy,0.0
healthy_0,2187,1789814151.4021802,4709.8,126.13,738.56,4.39,103.92,0.0606,20.24,14.25,21.33,75.0,1500.0,15.2,healthy,0.0
healthy_0,2188,1789814152.4021802,4729.1,126.16,739.17,4.39,103.74,0.0656,20.23,14.19,21.33,75.0,1500.0,15.2,healthy,0.0
healthy_0,2189,1789814153.4021802,4711.6,126.42,732.3,4.34,103.7,0.0718,20.13,14.16,21.69,75.0,1500.0,15.2,healthy,0.0
healthy_0,2190,1789814154.4021802,4709.6,126.45,731.58,4.37,103.65,0.0648,20.18,14.28,21.51,75.0,1500.0,15.2,healthy,0.0
healthy_0,2191,1789814155.4021802,4696.3,126.29,735.64,4.36,103.75,0.0711,20.17,14.32,21.27,75.0,1500.0,15.2,healthy,0.0
healthy_0,2192,1789814156.4021802,4714.7,126.12,735.79,4.28,103.75,0.0785,20.23,14.23,21.27,75.0,1500.0,15.2,healthy,0.0
healthy_0,2193,1789814157.4021802,4713.7,126.19,733.18,4.24,103.7,0.0871,20.15,14.14,21.16,75.0,1500.0,15.2,healthy,0.0
healthy_0,2194,1789814158.4021802,4698.9,126.17,738.29,4.32,103.97,0.0739,20.25,14.1,21.36,75.0,1500.0,15.2,healthy,0.0
healthy_0,2195,1789814159.4021802,4697.0,125.86,740.97,4.35,103.71,0.0705,20.13,14.04,21.45,75.0,1500.0,15.2,healthy,0.0
healthy_0,2196,1789814160.4021802,4686.0,126.32,738.56,4.3,103.56,0.0699,20.04,14.06,21.41,75.0,1500.0,15.2,healthy,0.0
healthy_0,2197,1789814161.4021802,4666.5,126.34,740.94,4.3,103.54,0.0634,20.11,14.0,21.01,75.0,1500.0,15.2,healthy,0.0
healthy_0,2198,1789814162.4021802,4637.5,126.29,739.29,4.35,103.6,0.0694,19.91,14.03,20.87,75.0,1500.0,15.2,healthy,0.0
healthy_0,2199,1789814163.4021802,4654.0,126.19,737.82,4.32,103.65,0.0789,20.03,14.11,20.66,75.0,1500.0,15.2,healthy,0.0
healthy_0,2200,1789814164.4021802,4668.2,126.25,736.67,4.4,103.78,0.0734,20.09,14.16,20.9,75.0,1500.0,15.2,healthy,0.0
healthy_0,2201,1789814165.4021802,4688.6,126.21,738.8,4.34,103.58,0.0723,20.14,14.19,20.9,75.0,1500.0,15.2,healthy,0.0
healthy_0,2202,1789814166.4021802,4684.0,126.27,738.5,4.42,103.65,0.0778,20.0,14.08,21.44,75.0,1500.0,15.2,healthy,0.0
healthy_0,2203,1789814167.4021802,4711.9,126.13,742.77,4.43,103.68,0.0818,20.13,14.06,21.42,75.0,1500.0,15.2,healthy,0.0
healthy_0,2204,1789814168.4021802,4690.7,126.37,744.12,4.48,103.74,0.0844,20.15,14.11,21.43,75.0,1500.0,15.2,healthy,0.0
healthy_0,2205,1789814169.4021802,4687.2,126.36,745.13,4.41,103.77,0.085,20.25,14.12,21.6,75.0,1500.0,15.2,healthy,0.0
healthy_0,2206,1789814170.4021802,4699.3,126.32,745.03,4.36,103.69,0.0771,20.51,14.18,21.09,75.0,1500.0,15.2,healthy,0.0
healthy_0,2207,1789814171.4021802,4661.8,126.46,740.88,4.41,103.81,0.0798,20.46,14.16,21.08,75.0,1500.0,15.2,healthy,0.0
healthy_0,2208,1789814172.4021802,4653.7,126.2,738.99,4.39,104.02,0.0834,20.38,14.22,20.96,75.0,1500.0,15.2,healthy,0.0
healthy_0,2209,1789814173.4021802,4678.2,126.03,736.88,4.29,103.86,0.0776,20.35,14.21,21.09,75.0,1500.0,15.2,healthy,0.0
healthy_0,2210,1789814174.4021802,4686.3,126.11,741.51,4.32,103.85,0.0749,20.4,14.15,20.96,75.0,1500.0,15.2,healthy,0.0
healthy_0,2211,1789814175.4021802,4706.2,126.12,742.49,4.32,103.79,0.0744,20.37,14.18,21.06,75.0,1500.0,15.2,healthy,0.0
healthy_0,2212,1789814176.4021802,4737.7,125.96,742.17,4.32,103.75,0.0718,20.29,14.14,21.04,75.0,1500.0,15.2,healthy,0.0
healthy_0,2213,1789814177.4021802,4726.7,126.36,740.15,4.34,103.85,0.077,20.3,14.11,21.21,75.0,1500.0,15.2,healthy,0.0
healthy_0,2214,1789814178.4021802,4708.5,126.1,741.19,4.37,103.8,0.0808,20.23,14.1,20.94,75.0,1500.0,15.2,healthy,0.0
healthy_0,2215,1789814179.4021802,4728.4,126.14,741.04,4.39,103.7,0.0794,20.3,14.18,21.22,75.0,1500.0,15.2,healthy,0.0
healthy_0,2216,1789814180.4021802,4718.0,126.01,740.16,4.37,103.8,0.0726,20.49,14.14,21.69,75.0,1500.0,15.2,healthy,0.0
healthy_0,2217,1789814181.4021802,4719.9,126.07,739.86,4.38,103.76,0.0769,20.48,14.15,21.09,75.0,1500.0,15.2,healthy,0.0
healthy_0,2218,1789814182.4021802,4727.5,126.53,744.03,4.44,103.77,0.064,20.39,14.16,21.0,75.0,1500.0,15.2,healthy,0.0
healthy_0,2219,1789814183.4021802,4709.0,126.88,741.51,4.44,103.66,0.0654,20.41,14.17,21.12,75.0,1500.0,15.2,healthy,0.0
healthy_0,2220,1789814184.4021802,4683.0,127.17,742.27,4.46,103.51,0.0632,20.51,14.22,21.4,75.0,1500.0,15.2,healthy,0.0
healthy_0,2221,1789814185.4021802,4679.6,126.85,742.06,4.5,103.52,0.0656,20.29,14.37,21.2,75.0,1500.0,15.2,healthy,0.0
healthy_0,2222,1789814186.4021802,4676.0,126.82,743.1,4.47,103.38,0.064,20.22,14.43,21.08,75.0,1500.0,15.2,healthy,0.0
healthy_0,2223,1789814187.4021802,4653.1,126.75,745.36,4.46,103.46,0.0728,20.24,14.46,20.79,75.0,1500.0,15.2,healthy,0.0
healthy_0,2224,1789814188.4021802,4672.4,126.43,741.98,4.4,103.43,0.0767,20.22,14.43,20.93,75.0,1500.0,15.2,healthy,0.0
healthy_0,2225,1789814189.4021802,4669.6,126.32,740.61,4.38,103.4,0.0738,20.28,14.45,20.84,75.0,1500.0,15.2,healthy,0.0
healthy_0,2226,1789814190.4021802,4675.0,126.7,740.33,4.42,103.36,0.0741,20.31,14.49,20.9,75.0,1500.0,15.2,healthy,0.0
healthy_0,2227,1789814191.4021802,4692.1,126.42,742.83,4.39,103.38,0.0744,20.21,14.44,20.84,75.0,1500.0,15.2,healthy,0.0
healthy_0,2228,1789814192.4021802,4709.4,126.72,745.16,4.45,103.35,0.0704,20.33,14.57,20.83,75.0,1500.0,15.2,healthy,0.0
healthy_0,2229,1789814193.4021802,4706.9,126.57,744.92,4.46,103.36,0.0711,20.37,14.43,21.02,75.0,1500.0,15.2,healthy,0.0
healthy_0,2230,1789814194.4021802,4712.7,126.58,746.84,4.5,103.46,0.0832,20.18,14.45,21.08,75.0,1500.0,15.2,healthy,0.0
healthy_0,2231,1789814195.4021802,4724.6,126.59,745.18,4.45,103.59,0.0852,20.22,14.45,21.13,75.0,1500.0,15.2,healthy,0.0
healthy_0,2232,1789814196.4021802,4723.6,126.33,746.19,4.37,103.67,0.0763,20.25,14.34,21.06,75.0,1500.0,15.2,healthy,0.0
healthy_0,2233,1789814197.4021802,4704.6,126.58,749.11,4.31,103.66,0.0801,20.42,14.31,20.92,75.0,1500.0,15.2,healthy,0.0
healthy_0,2234,1789814198.4021802,4723.6,126.87,745.8,4.33,103.68,0.0726,20.28,14.3,21.33,75.0,1500.0,15.2,healthy,0.0
healthy_0,2235,1789814199.4021802,4727.9,126.6,746.03,4.35,103.64,0.0665,20.43,14.22,21.31,75.0,1500.0,15.2,healthy,0.0
healthy_0,2236,1789814200.4021802,4734.4,126.88,752.03,4.33,103.67,0.0717,20.3,14.19,21.04,75.0,1500.0,15.2,healthy,0.0
healthy_0,2237,1789814201.4021802,4728.9,127.21,750.19,4.32,103.77,0.0729,20.23,14.18,20.96,75.0,1500.0,15.2,healthy,0.0
healthy_0,2238,1789814202.4021802,4726.1,126.98,741.56,4.31,103.78,0.0697,20.27,14.19,21.3,75.0,1500.0,15.2,healthy,0.0
healthy_0,2239,1789814203.4021802,4728.9,127.03,742.42,4.23,103.78,0.0746,20.19,14.18,21.08,75.0,1500.0,15.2,healthy,0.0
healthy_0,2240,1789814204.4021802,4746.7,127.35,742.95,4.25,103.75,0.079,20.18,14.17,21.25,75.0,1500.0,15.2,healthy,0.0
healthy_0,2241,1789814205.4021802,4736.4,127.41,743.98,4.33,103.79,0.0689,20.14,14.17,21.01,75.0,1500.0,15.2,healthy,0.0
healthy_0,2242,1789814206.4021802,4711.8,127.66,741.76,4.25,103.9,0.0695,20.16,14.15,20.82,75.0,1500.0,15.2,healthy,0.0
healthy_0,2243,1789814207.4021802,4704.8,127.45,735.27,4.24,103.78,0.0661,20.14,14.18,21.05,75.0,1500.0,15.2,healthy,0.0
healthy_0,2244,1789814208.4021802,4714.6,127.66,735.12,4.28,103.77,0.0746,20.16,14.21,21.14,75.0,1500.0,15.2,healthy,0.0
healthy_0,2245,1789814209.4021802,4723.5,127.55,736.18,4.35,103.69,0.0729,20.41,14.24,21.03,75.0,1500.0,15.2,healthy,0.0
healthy_0,2246,1789814210.4021802,4739.2,127.21,735.81,4.32,103.85,0.0651,20.21,14.24,21.03,75.0,1500.0,15.2,healthy,0.0
healthy_0,2247,1789814211.4021802,4730.0,127.27,734.7,4.29,103.82,0.0721,20.39,14.27,21.18,75.0,1500.0,15.2,healthy,0.0
healthy_0,2248,1789814212.4021802,4719.7,127.13,740.48,4.29,103.89,0.0766,20.32,14.25,21.23,75.0,1500.0,15.2,healthy,0.0
healthy_0,2249,1789814213.4021802,4740.6,126.62,742.2,4.29,103.75,0.0838,20.28,14.2,21.23,75.0,1500.0,15.2,healthy,0.0
healthy_0,2250,1789814214.4021802,4729.5,126.48,738.22,4.39,103.78,0.0843,20.3,14.15,21.49,75.0,1500.0,15.2,healthy,0.0
healthy_0,2251,1789814215.4021802,4723.3,126.79,740.47,4.4,103.67,0.0851,20.33,14.12,21.46,75.0,1500.0,15.2,healthy,0.0
healthy_0,2252,1789814216.4021802,4689.7,126.87,743.1,4.48,103.45,0.076,20.4,14.04,21.52,75.0,1500.0,15.2,healthy,0.0
healthy_0,2253,1789814217.4021802,4704.4,127.22,740.62,4.39,103.55,0.0779,20.32,14.07,21.1,75.0,1500.0,15.2,healthy,0.0
healthy_0,2254,1789814218.4021802,4705.3,127.1,741.29,4.36,103.5,0.0738,20.44,14.09,20.99,75.0,1500.0,15.2,healthy,0.0
healthy_0,2255,1789814219.4021802,4699.7,127.07,742.11,4.3,103.54,0.0651,20.34,14.08,21.2,75.0,1500.0,15.2,healthy,0.0
healthy_0,2256,1789814220.4021802,4719.5,126.72,742.63,4.34,103.47,0.0706,20.21,14.07,21.22,75.0,1500.0,15.2,healthy,0.0
healthy_0,2257,1789814221.4021802,4708.6,126.82,747.96,4.44,103.43,0.0754,20.18,14.09,21.15,75.0,1500.0,15.2,healthy,0.0
healthy_0,2258,1789814222.4021802,4696.0,127.14,744.55,4.43,103.27,0.0772,20.3,14.14,21.35,75.0,1500.0,15.2,healthy,0.0
healthy_0,2259,1789814223.4021802,4689.1,127.27,747.2,4.41,103.23,0.0777,20.46,14.03,21.54,75.0,1500.0,15.2,healthy,0.0
healthy_0,2260,1789814224.4021802,4677.8,127.03,747.03,4.38,103.28,0.0785,20.21,14.02,21.6,75.0,1500.0,15.2,healthy,0.0
healthy_0,2261,1789814225.4021802,4671.3,126.85,744.26,4.37,103.23,0.0778,20.08,14.07,21.42,75.0,1500.0,15.2,healthy,0.0
healthy_0,2262,1789814226.4021802,4676.7,127.09,745.68,4.4,103.49,0.074,19.98,14.12,21.4,75.0,1500.0,15.2,healthy,0.0
healthy_0,2263,1789814227.4021802,4669.8,127.05,741.71,4.36,103.52,0.0662,19.99,14.07,21.43,75.0,1500.0,15.2,healthy,0.0
healthy_0,2264,1789814228.4021802,4682.5,126.99,737.79,4.29,103.6,0.0614,20.1,14.0,21.88,75.0,1500.0,15.2,healthy,0.0
healthy_0,2265,1789814229.4021802,4710.2,127.09,740.5,4.31,103.66,0.0699,20.07,13.98,21.53,75.0,1500.0,15.2,healthy,0.0
healthy_0,2266,1789814230.4021802,4706.2,126.95,740.81,4.36,103.68,0.0637,19.91,14.01,21.3,75.0,1500.0,15.2,healthy,0.0
healthy_0,2267,1789814231.4021802,4730.3,127.09,738.21,4.28,103.52,0.063,20.0,14.0,21.4,75.0,1500.0,15.2,healthy,0.0
healthy_0,2268,1789814232.4021802,4727.8,126.99,739.34,4.34,103.62,0.0692,20.16,14.08,21.31,75.0,1500.0,15.2,healthy,0.0
healthy_0,2269,1789814233.4021802,4711.6,127.17,735.42,4.34,103.56,0.0629,20.33,14.01,21.83,75.0,1500.0,15.2,healthy,0.0
healthy_0,2270,1789814234.4021802,4711.9,126.67,735.0,4.36,103.72,0.0641,20.4,14.02,21.79,75.0,1500.0,15.2,healthy,0.0
healthy_0,2271,1789814235.4021802,4712.9,126.97,742.56,4.3,103.71,0.068,20.39,14.05,21.11,75.0,1500.0,15.2,healthy,0.0
healthy_0,2272,1789814236.4021802,4717.3,127.15,746.09,4.33,103.88,0.0759,20.34,14.04,21.09,75.0,1500.0,15.2,healthy,0.0
healthy_0,2273,1789814237.4021802,4726.0,126.73,746.29,4.33,103.94,0.0684,20.3,14.06,21.37,75.0,1500.0,15.2,healthy,0.0
healthy_0,2274,1789814238.4021802,4749.0,126.65,750.58,4.4,103.85,0.0752,20.38,14.18,20.97,75.0,1500.0,15.2,healthy,0.0
healthy_0,2275,1789814239.4021802,4712.5,126.61,747.95,4.34,103.77,0.0692,20.25,14.15,21.05,75.0,1500.0,15.2,healthy,0.0
healthy_0,2276,1789814240.4021802,4726.8,126.48,748.34,4.36,103.85,0.0648,20.24,14.12,21.17,75.0,1500.0,15.2,healthy,0.0
healthy_0,2277,1789814241.4021802,4725.5,126.3,743.98,4.34,103.83,0.0639,20.32,14.15,21.29,75.0,1500.0,15.2,healthy,0.0
healthy_0,2278,1789814242.4021802,4735.1,125.83,745.83,4.27,103.75,0.0738,20.52,14.17,21.32,75.0,1500.0,15.2,healthy,0.0
healthy_0,2279,1789814243.4021802,4726.1,126.24,750.64,4.19,103.78,0.0801,20.66,14.25,21.33,75.0,1500.0,15.2,healthy,0.0
healthy_0,2280,1789814244.4021802,4726.5,126.39,750.83,4.33,103.74,0.0643,20.63,14.23,21.42,75.0,1500.0,15.2,healthy,0.0
healthy_0,2281,1789814245.4021802,4723.0,126.3,747.39,4.32,103.69,0.0595,20.42,14.27,21.04,75.0,1500.0,15.2,healthy,0.0
healthy_0,2282,1789814246.4021802,4755.4,126.38,746.75,4.28,103.61,0.0516,20.56,14.28,20.96,75.0,1500.0,15.2,healthy,0.0
healthy_0,2283,1789814247.4021802,4726.9,126.22,746.36,4.25,103.69,0.0609,20.41,14.13,21.02,75.0,1500.0,15.2,healthy,0.0
healthy_0,2284,1789814248.4021802,4751.6,126.09,744.28,4.39,103.73,0.0602,20.42,14.16,21.28,75.0,1500.0,15.2,healthy,0.0
healthy_0,2285,1789814249.4021802,4745.0,125.89,743.72,4.38,103.7,0.0698,20.3,14.13,21.45,75.0,1500.0,15.2,healthy,0.0
healthy_0,2286,1789814250.4021802,4738.2,126.01,738.6,4.39,103.55,0.0566,20.44,14.09,21.41,75.0,1500.0,15.2,healthy,0.0
healthy_0,2287,1789814251.4021802,4727.2,125.9,734.34,4.49,103.53,0.0703,20.36,14.1,21.8,75.0,1500.0,15.2,healthy,0.0
healthy_0,2288,1789814252.4021802,4741.9,126.11,738.53,4.57,103.57,0.0753,20.49,14.03,21.68,75.0,1500.0,15.2,healthy,0.0
healthy_0,2289,1789814253.4021802,4730.3,126.0,737.43,4.44,103.74,0.0698,20.4,14.03,21.73,75.0,1500.0,15.2,healthy,0.0
healthy_0,2290,1789814254.4021802,4726.3,126.15,745.94,4.43,103.62,0.0654,20.29,14.03,21.43,75.0,1500.0,15.2,healthy,0.0
healthy_0,2291,1789814255.4021802,4711.6,126.18,747.01,4.42,103.7,0.0695,20.25,14.08,21.58,75.0,1500.0,15.2,healthy,0.0
healthy_0,2292,1789814256.4021802,4717.5,126.27,747.91,4.36,103.79,0.0645,20.29,14.07,21.5,75.0,1500.0,15.2,healthy,0.0
healthy_0,2293,1789814257.4021802,4710.9,126.25,749.31,4.4,103.77,0.0658,20.36,14.12,21.22,75.0,1500.0,15.2,healthy,0.0
healthy_0,2294,1789814258.4021802,4714.6,126.44,751.2,4.35,103.81,0.0734,20.38,14.25,20.93,75.0,1500.0,15.2,healthy,0.0
healthy_0,2295,1789814259.4021802,4705.3,126.14,744.72,4.36,103.78,0.0782,20.26,14.24,21.0,75.0,1500.0,15.2,healthy,0.0
healthy_0,2296,1789814260.4021802,4715.4,126.37,741.05,4.31,103.69,0.0808,20.34,14.23,21.39,75.0,1500.0,15.2,healthy,0.0
healthy_0,2297,1789814261.4021802,4705.5,126.34,742.32,4.43,103.7,0.0821,20.25,14.19,21.54,75.0,1500.0,15.2,healthy,0.0
healthy_0,2298,1789814262.4021802,4688.6,126.56,743.63,4.39,103.61,0.0769,20.39,14.25,21.46,75.0,1500.0,15.2,healthy,0.0
healthy_0,2299,1789814263.4021802,4646.7,126.31,741.05,4.36,103.71,0.0717,20.4,14.28,21.43,75.0,1500.0,15.2,healthy,0.0
healthy_0,2300,1789814264.4021802,4670.5,126.37,743.81,4.45,103.64,0.0721,20.39,14.36,21.21,75.0,1500.0,15.2,healthy,0.0
healthy_0,2301,1789814265.4021802,4688.7,126.47,741.0,4.44,103.64,0.0746,20.45,14.41,21.16,75.0,1500.0,15.2,healthy,0.0
healthy_0,2302,1789814266.4021802,4667.9,126.52,737.37,4.4,103.62,0.072,20.53,14.38,20.86,75.0,1500.0,15.2,healthy,0.0
healthy_0,2303,1789814267.4021802,4653.6,126.31,738.75,4.36,103.56,0.0669,20.34,14.37,21.05,75.0,1500.0,15.2,healthy,0.0
healthy_0,2304,1789814268.4021802,4660.0,126.09,735.8,4.37,103.73,0.0682,20.25,14.36,21.11,75.0,1500.0,15.2,healthy,0.0
healthy_0,2305,1789814269.4021802,4668.2,126.34,738.26,4.38,103.77,0.0732,20.19,14.29,21.03,75.0,1500.0,15.2,healthy,0.0
healthy_0,2306,1789814270.4021802,4651.4,126.21,740.7,4.37,103.63,0.069,20.17,14.26,21.17,75.0,1500.0,15.2,healthy,0.0
healthy_0,2307,1789814271.4021802,4661.7,126.16,739.64,4.35,103.8,0.0726,20.27,14.29,20.92,75.0,1500.0,15.2,healthy,0.0
healthy_0,2308,1789814272.4021802,4687.6,125.93,742.32,4.28,103.81,0.0771,20.32,14.32,21.33,75.0,1500.0,15.2,healthy,0.0
healthy_0,2309,1789814273.4021802,4718.2,126.09,741.96,4.3,103.68,0.0752,20.3,14.37,21.23,75.0,1500.0,15.2,healthy,0.0
healthy_0,2310,1789814274.4021802,4716.2,126.06,740.77,4.32,103.62,0.0789,20.02,14.34,21.19,75.0,1500.0,15.2,healthy,0.0
healthy_0,2311,1789814275.4021802,4685.1,125.94,734.04,4.31,103.55,0.0705,20.09,14.36,20.97,75.0,1500.0,15.2,healthy,0.0
healthy_0,2312,1789814276.4021802,4689.3,125.99,737.42,4.36,103.56,0.0722,20.1,14.37,21.29,75.0,1500.0,15.2,healthy,0.0
healthy_0,2313,1789814277.4021802,4668.5,125.94,734.82,4.37,103.35,0.0682,20.0,14.35,21.15,75.0,1500.0,15.2,healthy,0.0
healthy_0,2314,1789814278.4021802,4674.8,126.22,732.89,4.41,103.42,0.0792,19.97,14.35,21.37,75.0,1500.0,15.2,healthy,0.0
healthy_0,2315,1789814279.4021802,4688.9,126.11,736.45,4.43,103.45,0.0767,20.03,14.35,21.3,75.0,1500.0,15.2,healthy,0.0
healthy_0,2316,1789814280.4021802,4677.5,126.37,738.93,4.37,103.56,0.0735,20.12,14.3,21.06,75.0,1500.0,15.2,healthy,0.0
healthy_0,2317,1789814281.4021802,4691.6,126.38,736.91,4.41,103.63,0.0727,19.99,14.3,21.39,75.0,1500.0,15.2,healthy,0.0
healthy_0,2318,1789814282.4021802,4699.2,126.54,729.83,4.43,103.67,0.0708,20.15,14.37,21.11,75.0,1500.0,15.2,healthy,0.0
healthy_0,2319,1789814283.4021802,4701.9,126.32,734.32,4.39,103.68,0.0668,20.34,14.38,21.42,75.0,1500.0,15.2,healthy,0.0
healthy_0,2320,1789814284.4021802,4704.1,126.57,735.43,4.38,103.6,0.0713,20.18,14.39,21.16,75.0,1500.0,15.2,healthy,0.0
healthy_0,2321,1789814285.4021802,4666.7,126.21,736.14,4.32,103.63,0.0777,20.28,14.4,21.33,75.0,1500.0,15.2,healthy,0.0
healthy_0,2322,1789814286.4021802,4697.1,126.41,739.96,4.2,103.49,0.0776,20.36,14.24,20.88,75.0,1500.0,15.2,healthy,0.0
healthy_0,2323,1789814287.4021802,4694.1,126.41,738.76,4.3,103.51,0.0748,20.27,14.27,21.1,75.0,1500.0,15.2,healthy,0.0
healthy_0,2324,1789814288.4021802,4695.9,126.17,738.89,4.24,103.45,0.0749,20.26,14.22,21.17,75.0,1500.0,15.2,healthy,0.0
healthy_0,2325,1789814289.4021802,4674.3,126.46,737.71,4.27,103.27,0.0668,20.26,14.29,21.3,75.0,1500.0,15.2,healthy,0.0
healthy_0,2326,1789814290.4021802,4684.4,126.63,734.51,4.17,103.39,0.0703,20.23,14.29,21.51,75.0,1500.0,15.2,healthy,0.0
healthy_0,2327,1789814291.4021802,4708.8,126.44,735.73,4.2,103.62,0.0787,20.04,14.34,21.5,75.0,1500.0,15.2,healthy,0.0
healthy_0,2328,1789814292.4021802,4704.8,126.59,736.91,4.16,103.47,0.0741,20.02,14.34,21.5,75.0,1500.0,15.2,healthy,0.0
healthy_0,2329,1789814293.4021802,4719.7,126.31,741.61,4.2,103.66,0.0707,20.26,14.34,21.75,75.0,1500.0,15.2,healthy,0.0
healthy_0,2330,1789814294.4021802,4720.7,126.53,741.6,4.22,103.77,0.0743,20.22,14.34,21.23,75.0,1500.0,15.2,healthy,0.0
healthy_0,2331,1789814295.4021802,4703.6,126.24,742.84,4.26,103.82,0.0708,20.23,14.34,21.08,75.0,1500.0,15.2,healthy,0.0
healthy_0,2332,1789814296.4021802,4677.0,126.05,744.72,4.31,103.71,0.0727,20.2,14.34,21.21,75.0,1500.0,15.2,healthy,0.0
healthy_0,2333,1789814297.4021802,4661.4,126.17,740.91,4.34,103.8,0.0648,20.19,14.33,21.04,75.0,1500.0,15.2,healthy,0.0
healthy_0,2334,1789814298.4021802,4654.4,126.12,736.36,4.29,103.73,0.0704,20.26,14.31,21.04,75.0,1500.0,15.2,healthy,0.0
healthy_0,2335,1789814299.4021802,4672.6,126.05,741.56,4.37,103.68,0.0748,20.52,14.26,21.12,75.0,1500.0,15.2,healthy,0.0
healthy_0,2336,1789814300.4021802,4680.1,125.98,742.43,4.35,103.52,0.0787,20.51,14.28,21.33,75.0,1500.0,15.2,healthy,0.0
healthy_0,2337,1789814301.4021802,4683.1,125.9,744.79,4.42,103.49,0.0798,20.58,14.15,21.02,75.0,1500.0,15.2,healthy,0.0
healthy_0,2338,1789814302.4021802,4709.7,125.72,748.45,4.38,103.43,0.0819,20.48,14.13,20.92,75.0,1500.0,15.2,healthy,0.0
healthy_0,2339,1789814303.4021802,4738.0,125.84,747.47,4.5,103.5,0.0722,20.22,14.17,21.07,75.0,1500.0,15.2,healthy,0.0
healthy_0,2340,1789814304.4021802,4724.6,125.9,746.55,4.5,103.67,0.0764,20.26,14.24,20.91,75.0,1500.0,15.2,healthy,0.0
healthy_0,2341,1789814305.4021802,4716.4,125.79,742.42,4.47,103.67,0.0627,20.29,14.2,21.25,75.0,1500.0,15.2,healthy,0.0
healthy_0,2342,1789814306.4021802,4728.4,125.63,739.29,4.44,103.77,0.0771,20.36,14.3,21.4,75.0,1500.0,15.2,healthy,0.0
healthy_0,2343,1789814307.4021802,4721.5,125.25,736.06,4.34,103.85,0.0834,20.42,14.36,21.27,75.0,1500.0,15.2,healthy,0.0
healthy_0,2344,1789814308.4021802,4741.0,125.17,740.87,4.45,103.97,0.081,20.43,14.39,21.06,75.0,1500.0,15.2,healthy,0.0
healthy_0,2345,1789814309.4021802,4747.8,125.52,735.91,4.44,103.83,0.0675,20.34,14.38,21.36,75.0,1500.0,15.2,healthy,0.0
healthy_0,2346,1789814310.4021802,4752.9,125.78,736.24,4.37,103.97,0.0634,20.33,14.33,21.39,75.0,1500.0,15.2,healthy,0.0
healthy_0,2347,1789814311.4021802,4725.4,125.79,738.23,4.41,104.02,0.0655,20.19,14.22,21.27,75.0,1500.0,15.2,healthy,0.0
healthy_0,2348,1789814312.4021802,4747.5,125.7,739.55,4.38,104.0,0.0534,20.13,14.2,21.13,75.0,1500.0,15.2,healthy,0.0
healthy_0,2349,1789814313.4021802,4752.2,126.06,741.89,4.35,104.1,0.07,20.15,14.19,21.42,75.0,1500.0,15.2,healthy,0.0
healthy_0,2350,1789814314.4021802,4725.8,126.36,744.5,4.39,104.17,0.0658,20.08,14.18,21.4,75.0,1500.0,15.2,healthy,0.0
healthy_0,2351,1789814315.4021802,4728.8,126.26,740.17,4.39,104.15,0.0732,20.03,14.19,21.44,75.0,1500.0,15.2,healthy,0.0
healthy_0,2352,1789814316.4021802,4722.3,126.69,738.2,4.37,103.86,0.0759,20.13,14.21,21.36,75.0,1500.0,15.2,healthy,0.0
healthy_0,2353,1789814317.4021802,4733.9,126.97,734.57,4.42,103.81,0.0726,20.06,14.09,21.42,75.0,1500.0,15.2,healthy,0.0
healthy_0,2354,1789814318.4021802,4722.6,127.01,737.7,4.42,103.74,0.073,20.17,14.13,21.47,75.0,1500.0,15.2,healthy,0.0
healthy_0,2355,1789814319.4021802,4716.2,126.93,738.39,4.39,103.79,0.0839,20.17,14.09,21.22,75.0,1500.0,15.2,healthy,0.0
healthy_0,2356,1789814320.4021802,4704.4,126.83,740.25,4.35,103.72,0.0772,20.19,14.15,21.42,75.0,1500.0,15.2,healthy,0.0
healthy_0,2357,1789814321.4021802,4705.7,126.48,738.71,4.39,103.78,0.0753,20.29,14.21,21.23,75.0,1500.0,15.2,healthy,0.0
healthy_0,2358,1789814322.4021802,4710.3,126.27,737.92,4.34,103.77,0.0807,20.19,14.19,20.75,75.0,1500.0,15.2,healthy,0.0
healthy_0,2359,1789814323.4021802,4697.1,126.21,742.66,4.32,103.74,0.08,19.94,14.2,21.0,75.0,1500.0,15.2,healthy,0.0
healthy_0,2360,1789814324.4021802,4697.7,126.45,741.99,4.31,103.66,0.0774,19.83,14.19,21.19,75.0,1500.0,15.2,healthy,0.0
healthy_0,2361,1789814325.4021802,4682.2,126.39,735.55,4.32,103.65,0.0727,19.89,14.06,21.27,75.0,1500.0,15.2,healthy,0.0
healthy_0,2362,1789814326.4021802,4655.9,126.49,738.95,4.4,103.76,0.0653,19.99,14.03,21.1,75.0,1500.0,15.2,healthy,0.0
healthy_0,2363,1789814327.4021802,4619.1,126.22,742.86,4.4,103.75,0.0662,20.04,14.0,21.26,75.0,1500.0,15.2,healthy,0.0
healthy_0,2364,1789814328.4021802,4606.3,126.59,743.33,4.37,103.78,0.0662,20.1,14.04,21.08,75.0,1500.0,15.2,healthy,0.0
healthy_0,2365,1789814329.4021802,4631.8,126.29,735.73,4.3,103.74,0.0687,20.12,14.04,21.33,75.0,1500.0,15.2,healthy,0.0
healthy_0,2366,1789814330.4021802,4657.8,125.91,736.44,4.37,103.69,0.0641,20.13,14.17,21.39,75.0,1500.0,15.2,healthy,0.0
healthy_0,2367,1789814331.4021802,4661.2,126.0,728.92,4.32,103.75,0.0724,20.12,14.17,21.43,75.0,1500.0,15.2,healthy,0.0
healthy_0,2368,1789814332.4021802,4653.0,126.35,731.3,4.38,103.91,0.0673,20.21,14.14,21.44,75.0,1500.0,15.2,healthy,0.0
healthy_0,2369,1789814333.4021802,4675.7,126.47,732.87,4.46,103.89,0.0634,20.32,14.24,21.4,75.0,1500.0,15.2,healthy,0.0
healthy_0,2370,1789814334.4021802,4701.3,126.37,733.93,4.43,104.0,0.0669,20.26,14.35,21.36,75.0,1500.0,15.2,healthy,0.0
healthy_0,2371,1789814335.4021802,4715.8,126.13,737.92,4.45,103.9,0.0655,20.05,14.29,21.43,75.0,1500.0,15.2,healthy,0.0
healthy_0,2372,1789814336.4021802,4729.7,126.17,742.19,4.36,103.92,0.075,20.04,14.26,21.04,75.0,1500.0,15.2,healthy,0.0
healthy_0,2373,1789814337.4021802,4728.8,126.38,740.52,4.36,103.87,0.0756,20.02,14.21,20.99,75.0,1500.0,15.2,healthy,0.0
healthy_0,2374,1789814338.4021802,4732.3,126.35,747.74,4.38,103.9,0.0748,20.05,14.16,20.9,75.0,1500.0,15.2,healthy,0.0
healthy_0,2375,1789814339.4021802,4727.7,126.23,744.93,4.31,103.8,0.0772,19.97,14.12,21.26,75.0,1500.0,15.2,healthy,0.0
healthy_0,2376,1789814340.4021802,4742.4,126.24,745.45,4.31,103.89,0.0768,19.94,14.17,20.99,75.0,1500.0,15.2,healthy,0.0
healthy_0,2377,1789814341.4021802,4757.5,126.45,735.26,4.21,103.75,0.0762,19.92,14.2,20.81,75.0,1500.0,15.2,healthy,0.0
healthy_0,2378,1789814342.4021802,4757.7,126.56,741.71,4.39,103.81,0.0703,20.01,14.14,20.84,75.0,1500.0,15.2,healthy,0.0
healthy_0,2379,1789814343.4021802,4726.7,126.2,739.2,4.28,103.9,0.0632,20.04,14.08,21.06,75.0,1500.0,15.2,healthy,0.0
healthy_0,2380,1789814344.4021802,4727.2,126.31,733.3,4.36,103.87,0.059,20.21,14.11,21.19,75.0,1500.0,15.2,healthy,0.0
healthy_0,2381,1789814345.4021802,4684.9,126.53,732.87,4.49,104.03,0.0632,20.38,14.05,21.29,75.0,1500.0,15.2,healthy,0.0
healthy_0,2382,1789814346.4021802,4700.8,126.64,732.74,4.39,103.97,0.0753,20.32,14.09,21.34,75.0,1500.0,15.2,healthy,0.0
healthy_0,2383,1789814347.4021802,4707.8,126.76,738.15,4.39,103.92,0.0828,20.34,14.13,21.14,75.0,1500.0,15.2,healthy,0.0
healthy_0,2384,1789814348.4021802,4697.6,126.75,738.93,4.37,103.8,0.0731,20.28,14.26,21.07,75.0,1500.0,15.2,healthy,0.0
healthy_0,2385,1789814349.4021802,4698.9,127.01,743.0,4.36,103.82,0.0783,20.23,14.27,21.11,75.0,1500.0,15.2,healthy,0.0
healthy_0,2386,1789814350.4021802,4693.3,127.21,741.98,4.39,103.92,0.0742,20.37,14.19,21.6,75.0,1500.0,15.2,healthy,0.0
healthy_0,2387,1789814351.4021802,4673.3,127.29,738.42,4.43,103.84,0.0791,20.18,14.23,21.35,75.0,1500.0,15.2,healthy,0.0
healthy_0,2388,1789814352.4021802,4691.1,127.33,746.01,4.45,103.8,0.082,20.3,14.21,21.09,75.0,1500.0,15.2,healthy,0.0
healthy_0,2389,1789814353.4021802,4690.6,127.32,753.04,4.4,103.83,0.0752,20.23,14.27,21.44,75.0,1500.0,15.2,healthy,0.0
healthy_0,2390,1789814354.4021802,4695.8,127.39,754.61,4.38,103.85,0.079,20.18,14.26,21.54,75.0,1500.0,15.2,healthy,0.0
healthy_0,2391,1789814355.4021802,4686.7,127.33,751.19,4.33,103.75,0.0806,20.14,14.31,21.18,75.0,1500.0,15.2,healthy,0.0
healthy_0,2392,1789814356.4021802,4683.3,127.12,747.75,4.29,103.6,0.0752,20.19,14.33,21.42,75.0,1500.0,15.2,healthy,0.0
healthy_0,2393,1789814357.4021802,4694.7,127.08,743.78,4.42,103.65,0.0713,20.2,14.32,21.16,75.0,1500.0,15.2,healthy,0.0
healthy_0,2394,1789814358.4021802,4702.8,127.14,742.72,4.39,103.73,0.0677,20.04,14.28,20.85,75.0,1500.0,15.2,healthy,0.0
healthy_0,2395,1789814359.4021802,4680.6,126.96,739.15,4.42,103.77,0.0612,19.96,14.25,21.29,75.0,1500.0,15.2,healthy,0.0
healthy_0,2396,1789814360.4021802,4690.5,127.08,736.47,4.39,103.73,0.0679,20.0,14.31,21.11,75.0,1500.0,15.2,healthy,0.0
healthy_0,2397,1789814361.4021802,4692.0,127.09,734.63,4.35,103.8,0.0757,20.1,14.26,20.89,75.0,1500.0,15.2,healthy,0.0
healthy_0,2398,1789814362.4021802,4673.7,126.96,737.37,4.37,103.86,0.0646,20.27,14.19,20.91,75.0,1500.0,15.2,healthy,0.0
healthy_0,2399,1789814363.4021802,4686.1,126.89,739.03,4.39,103.77,0.0671,20.35,14.19,20.84,75.0,1500.0,15.2,healthy,0.0
healthy_0,2400,1789814364.4021802,3731.4,126.52,721.44,3.6,103.78,0.0463,15.08,14.16,17.59,30.0,1495.8,15.3,healthy,0.0
healthy_0,2401,1789814365.4021802,3241.0,126.12,694.15,3.22,103.81,0.0411,12.67,14.08,15.85,30.0,1491.7,15.3,healthy,0.0
healthy_0,2402,1789814366.4021802,3000.8,125.02,664.1,3.06,103.81,0.0408,11.47,14.1,15.12,30.0,1487.5,15.3,healthy,0.0
healthy_0,2403,1789814367.4021802,2885.2,124.76,640.97,2.91,103.96,0.038,10.91,14.05,15.0,30.0,1483.4,15.4,healthy,0.0
healthy_0,2404,1789814368.4021802,2810.6,123.98,621.64,2.84,103.84,0.0368,10.62,14.06,14.88,30.0,1479.2,15.4,healthy,0.0
healthy_0,2405,1789814369.4021802,2761.8,123.38,607.62,2.89,103.82,0.0429,10.41,14.06,14.28,30.0,1475.0,15.4,healthy,0.0
healthy_0,2406,1789814370.4021802,2748.2,122.89,596.33,2.92,103.68,0.0409,10.35,13.99,14.4,30.0,1470.9,15.4,healthy,0.0
healthy_0,2407,1789814371.4021802,2729.9,122.27,592.91,2.87,103.54,0.0378,10.31,13.96,14.7,30.0,1466.7,15.5,healthy,0.0
healthy_0,2408,1789814372.4021802,2703.8,121.83,591.71,2.88,103.42,0.0399,10.2,13.97,14.7,30.0,1462.6,15.5,healthy,0.0
healthy_0,2409,1789814373.4021802,2703.1,121.33,591.14,2.83,103.21,0.0413,10.34,13.99,14.59,30.0,1458.4,15.5,healthy,0.0
healthy_0,2410,1789814374.4021802,2685.8,120.53,585.38,2.9,103.09,0.0415,10.23,14.02,14.48,30.0,1454.2,15.5,healthy,0.0
healthy_0,2411,1789814375.4021802,2712.4,119.84,582.54,2.89,102.95,0.0346,10.07,14.06,14.41,30.0,1450.1,15.6,healthy,0.0
healthy_0,2412,1789814376.4021802,2704.8,119.55,583.07,2.92,102.89,0.0365,10.06,14.07,14.34,30.0,1445.9,15.6,healthy,0.0
healthy_0,2413,1789814377.4021802,2714.4,118.97,590.46,2.82,102.82,0.0357,9.86,14.1,14.34,30.0,1441.8,15.6,healthy,0.0
healthy_0,2414,1789814378.4021802,2705.0,118.36,592.76,2.79,102.8,0.0323,9.73,14.08,14.27,30.0,1437.6,15.7,healthy,0.0
healthy_0,2415,1789814379.4021802,2702.9,118.38,590.81,2.75,102.77,0.0258,9.75,14.12,13.94,30.0,1433.4,15.7,healthy,0.0
healthy_0,2416,1789814380.4021802,2739.5,117.76,589.1,2.67,102.66,0.0364,9.93,14.18,13.91,30.0,1429.3,15.7,healthy,0.0
healthy_0,2417,1789814381.4021802,2736.7,117.16,588.58,2.73,102.48,0.0344,9.95,14.15,13.85,30.0,1425.1,15.7,healthy,0.0
healthy_0,2418,1789814382.4021802,2734.4,116.83,590.29,2.74,102.52,0.0369,10.01,14.14,14.31,30.0,1421.0,15.8,healthy,0.0
healthy_0,2419,1789814383.4021802,2721.1,116.48,588.06,2.76,102.5,0.033,10.06,14.15,14.4,30.0,1416.8,15.8,healthy,0.0
healthy_0,2420,1789814384.4021802,2713.0,116.2,585.58,2.79,102.68,0.0199,10.0,14.2,14.45,30.0,1412.6,15.8,healthy,0.0
healthy_0,2421,1789814385.4021802,2713.6,115.99,584.43,2.84,102.73,0.0256,9.95,14.21,14.36,30.0,1408.5,15.8,healthy,0.0
healthy_0,2422,1789814386.4021802,2721.6,115.27,579.85,2.81,102.61,0.0349,9.87,14.13,14.78,30.0,1404.3,15.9,healthy,0.0
healthy_0,2423,1789814387.4021802,2738.0,115.48,583.36,2.8,102.64,0.0304,9.85,14.15,14.5,30.0,1400.2,15.9,healthy,0.0
healthy_0,2424,1789814388.4021802,2738.9,115.11,583.43,2.74,102.54,0.0395,9.93,14.18,14.32,30.0,1396.0,15.9,healthy,0.0
healthy_0,2425,1789814389.4021802,2735.2,114.57,585.74,2.84,102.54,0.042,9.93,14.18,14.31,30.0,1391.8,16.0,healthy,0.0
healthy_0,2426,1789814390.4021802,2724.5,114.67,585.75,2.79,102.52,0.0309,10.0,14.16,14.49,30.0,1387.7,16.0,healthy,0.0
healthy_0,2427,1789814391.4021802,2721.1,114.38,588.83,2.81,102.46,0.0312,10.02,14.16,14.12,30.0,1383.5,16.0,healthy,0.0
healthy_0,2428,1789814392.4021802,2700.0,114.16,590.52,2.9,102.43,0.0407,10.13,14.2,14.27,30.0,1379.4,16.0,healthy,0.0
healthy_0,2429,1789814393.4021802,2678.1,114.2,585.49,2.82,102.41,0.0358,9.98,14.24,14.51,30.0,1375.2,16.1,healthy,0.0
healthy_0,2430,1789814394.4021802,2710.9,114.34,582.99,2.8,102.29,0.0306,10.09,14.15,14.39,30.0,1371.0,16.1,healthy,0.0
healthy_0,2431,1789814395.4021802,2688.8,114.19,582.1,2.82,102.27,0.0286,10.17,14.11,14.43,30.0,1366.9,16.1,healthy,0.0
healthy_0,2432,1789814396.4021802,2704.2,113.98,578.87,2.7,102.27,0.0334,10.15,14.11,14.82,30.0,1362.7,16.1,healthy,0.0
healthy_0,2433,1789814397.4021802,2726.1,113.94,582.57,2.74,102.24,0.0352,10.09,14.05,14.52,30.0,1358.6,16.2,healthy,0.0
healthy_0,2434,1789814398.4021802,2737.8,113.76,576.82,2.79,102.15,0.0355,10.1,14.11,14.39,30.0,1354.4,16.2,healthy,0.0
healthy_0,2435,1789814399.4021802,2717.1,113.42,582.9,2.82,102.18,0.0399,10.2,14.11,14.31,30.0,1350.2,16.2,healthy,0.0
healthy_0,2436,1789814400.4021802,2708.4,113.36,579.03,2.88,102.14,0.0419,10.17,14.17,14.26,30.0,1346.1,16.3,healthy,0.0
healthy_0,2437,1789814401.4021802,2706.5,112.7,581.76,2.91,102.0,0.0411,10.12,14.23,14.6,30.0,1341.9,16.3,healthy,0.0
healthy_0,2438,1789814402.4021802,2711.1,112.77,584.02,2.88,101.95,0.0441,10.15,14.23,14.42,30.0,1337.8,16.3,healthy,0.0
healthy_0,2439,1789814403.4021802,2716.6,112.61,580.71,2.75,101.6,0.0509,10.07,14.19,14.26,30.0,1333.6,16.3,healthy,0.0
healthy_0,2440,1789814404.4021802,2733.6,112.56,577.29,2.83,101.52,0.059,10.19,14.11,14.25,30.0,1329.4,16.4,healthy,0.0
healthy_0,2441,1789814405.4021802,2747.5,112.64,581.25,2.83,101.4,0.0553,10.17,14.18,14.68,30.0,1325.3,16.4,healthy,0.0
healthy_0,2442,1789814406.4021802,2747.7,112.57,581.54,2.78,101.36,0.0481,10.24,14.14,14.61,30.0,1321.1,16.4,healthy,0.0
healthy_0,2443,1789814407.4021802,2736.4,112.69,582.65,2.73,101.5,0.0397,10.25,14.11,14.58,30.0,1317.0,16.4,healthy,0.0
healthy_0,2444,1789814408.4021802,2716.4,112.78,583.7,2.8,101.27,0.0326,10.05,14.11,14.58,30.0,1312.8,16.5,healthy,0.0
healthy_0,2445,1789814409.4021802,2715.1,112.78,584.38,2.73,101.08,0.0294,10.03,14.14,14.46,30.0,1308.6,16.5,healthy,0.0
healthy_0,2446,1789814410.4021802,2720.8,112.95,581.84,2.73,101.11,0.0363,9.86,14.09,14.59,30.0,1304.5,16.5,healthy,0.0
healthy_0,2447,1789814411.4021802,2702.0,113.21,583.54,2.86,101.18,0.0377,9.9,14.07,14.54,30.0,1300.3,16.5,healthy,0.0
healthy_0,2448,1789814412.4021802,2734.5,112.77,582.64,2.87,100.92,0.0365,10.01,14.0,14.59,30.0,1296.2,16.6,healthy,0.0
healthy_0,2449,1789814413.4021802,2741.8,112.44,580.78,2.93,100.94,0.0357,10.06,14.0,14.51,30.0,1292.0,16.6,healthy,0.0
healthy_0,2450,1789814414.4021802,2747.7,112.22,580.84,2.93,100.93,0.0336,10.14,13.96,14.17,30.0,1287.8,16.6,healthy,0.0
healthy_0,2451,1789814415.4021802,2737.1,112.54,584.79,2.99,100.85,0.0289,10.2,14.02,14.29,30.0,1283.7,16.7,healthy,0.0
healthy_0,2452,1789814416.4021802,2715.0,112.45,589.51,2.96,100.8,0.0403,10.14,14.07,14.3,30.0,1279.5,16.7,healthy,0.0
healthy_0,2453,1789814417.4021802,2751.2,112.37,588.65,2.97,100.74,0.0397,10.15,14.09,14.29,30.0,1275.4,16.7,healthy,0.0
healthy_0,2454,1789814418.4021802,2767.7,112.56,588.15,2.89,100.72,0.0328,10.14,13.95,14.34,30.0,1271.2,16.7,healthy,0.0
healthy_0,2455,1789814419.4021802,2740.4,112.47,584.78,2.86,100.5,0.0335,10.21,13.9,14.22,30.0,1267.0,16.8,healthy,0.0
healthy_0,2456,1789814420.4021802,2739.1,112.84,584.71,2.84,100.5,0.0394,10.05,13.88,14.94,30.0,1262.9,16.8,healthy,0.0
healthy_0,2457,1789814421.4021802,2724.6,112.88,587.2,2.85,100.35,0.0353,10.09,13.87,14.6,30.0,1258.7,16.8,healthy,0.0
healthy_0,2458,1789814422.4021802,2746.2,112.85,589.72,2.8,100.23,0.0346,10.12,13.81,14.57,30.0,1254.6,16.8,healthy,0.0
healthy_0,2459,1789814423.4021802,2760.5,112.43,592.47,2.82,100.3,0.0415,10.05,13.85,14.43,30.0,1250.4,16.9,healthy,0.0
healthy_0,2460,1789814424.4021802,2752.4,112.27,593.06,2.71,100.28,0.0397,10.01,13.96,14.48,30.0,1246.2,16.9,healthy,0.0
healthy_0,2461,1789814425.4021802,2738.8,112.37,592.78,2.81,100.37,0.0364,9.87,13.98,14.52,30.0,1242.1,16.9,healthy,0.0
healthy_0,2462,1789814426.4021802,2756.0,112.3,593.02,2.81,100.38,0.0308,10.02,14.04,14.12,30.0,1237.9,17.0,healthy,0.0
healthy_0,2463,1789814427.4021802,2743.2,112.28,591.59,2.87,100.64,0.0407,10.23,14.04,14.41,30.0,1233.8,17.0,healthy,0.0
healthy_0,2464,1789814428.4021802,2737.1,112.33,590.7,2.91,100.55,0.04,10.27,14.03,14.58,30.0,1229.6,17.0,healthy,0.0
healthy_0,2465,1789814429.4021802,2723.9,111.94,588.4,2.94,100.42,0.0421,10.12,14.05,14.42,30.0,1225.4,17.0,healthy,0.0
healthy_0,2466,1789814430.4021802,2735.7,111.65,586.56,2.99,100.4,0.0419,10.19,14.03,14.4,30.0,1221.3,17.1,healthy,0.0
healthy_0,2467,1789814431.4021802,2748.0,111.5,590.81,3.0,100.44,0.0437,10.12,14.09,14.16,30.0,1217.1,17.1,healthy,0.0
healthy_0,2468,1789814432.4021802,2751.0,111.87,590.18,2.92,100.38,0.0382,10.0,14.09,14.03,30.0,1213.0,17.1,healthy,0.0
healthy_0,2469,1789814433.4021802,2745.7,112.4,589.8,2.92,100.29,0.0373,10.09,14.03,14.05,30.0,1208.8,17.1,healthy,0.0
healthy_0,2470,1789814434.4021802,2741.0,112.17,588.61,2.89,100.39,0.0323,10.15,14.04,13.99,30.0,1204.6,17.2,healthy,0.0
healthy_0,2471,1789814435.4021802,2710.0,112.3,591.76,2.89,100.36,0.0453,10.02,14.01,13.96,30.0,1200.5,17.2,healthy,0.0
healthy_0,2472,1789814436.4021802,2725.9,112.53,593.9,2.96,100.39,0.0357,9.93,14.09,14.14,30.0,1196.3,17.2,healthy,0.0
healthy_0,2473,1789814437.4021802,2725.6,112.44,590.06,2.88,100.14,0.0417,9.99,14.16,14.46,30.0,1192.2,17.3,healthy,0.0
healthy_0,2474,1789814438.4021802,2731.8,112.32,594.29,2.86,100.13,0.04,10.01,14.23,13.84,30.0,1188.0,17.3,healthy,0.0
healthy_0,2475,1789814439.4021802,2742.6,112.23,596.49,2.72,100.11,0.0398,10.08,14.21,13.97,30.0,1183.8,17.3,healthy,0.0
healthy_0,2476,1789814440.4021802,2746.9,112.68,593.4,2.73,99.95,0.0322,10.08,14.19,14.03,30.0,1179.7,17.3,healthy,0.0
healthy_0,2477,1789814441.4021802,2716.9,112.87,592.9,2.75,99.75,0.0268,10.2,14.19,14.3,30.0,1175.5,17.4,healthy,0.0
healthy_0,2478,1789814442.4021802,2737.8,112.77,591.72,2.72,99.64,0.0291,10.26,14.22,14.06,30.0,1171.4,17.4,healthy,0.0
healthy_0,2479,1789814443.4021802,2764.0,112.46,591.39,2.76,99.54,0.0376,10.33,14.3,14.39,30.0,1167.2,17.4,healthy,0.0
healthy_0,2480,1789814444.4021802,2768.2,112.31,588.52,2.8,99.48,0.0454,10.43,14.32,14.14,30.0,1163.0,17.4,healthy,0.0
healthy_0,2481,1789814445.4021802,2757.7,111.97,585.25,2.79,99.52,0.0497,10.32,14.32,14.16,30.0,1158.9,17.5,healthy,0.0
healthy_0,2482,1789814446.4021802,2736.8,111.98,588.23,2.91,99.63,0.0469,10.16,14.37,14.59,30.0,1154.7,17.5,healthy,0.0
healthy_0,2483,1789814447.4021802,2732.0,112.11,583.95,2.93,99.52,0.0375,10.16,14.44,14.58,30.0,1150.6,17.5,healthy,0.0
healthy_0,2484,1789814448.4021802,2713.3,112.2,585.17,2.86,99.34,0.0475,9.94,14.35,14.46,30.0,1146.4,17.5,healthy,0.0
healthy_0,2485,1789814449.4021802,2733.1,112.43,588.35,2.85,99.18,0.0469,9.95,14.27,14.41,30.0,1142.2,17.6,healthy,0.0
healthy_0,2486,1789814450.4021802,2724.2,112.58,585.82,2.91,98.93,0.0378,10.17,14.24,14.6,30.0,1138.1,17.6,healthy,0.0
healthy_0,2487,1789814451.4021802,2713.7,112.75,587.23,2.92,99.0,0.0419,10.17,14.15,14.67,30.0,1133.9,17.6,healthy,0.0
healthy_0,2488,1789814452.4021802,2689.9,113.15,589.33,2.9,98.99,0.0367,10.01,14.24,14.24,30.0,1129.8,17.7,healthy,0.0
healthy_0,2489,1789814453.4021802,2697.3,113.25,587.66,2.84,98.96,0.0326,10.11,14.29,13.89,30.0,1125.6,17.7,healthy,0.0
healthy_0,2490,1789814454.4021802,2734.4,113.32,593.29,2.88,99.08,0.0368,9.89,14.27,14.55,30.0,1121.4,17.7,healthy,0.0
healthy_0,2491,1789814455.4021802,2726.9,113.06,595.17,2.87,99.1,0.0443,10.05,14.34,14.45,30.0,1117.3,17.7,healthy,0.0
healthy_0,2492,1789814456.4021802,2701.7,113.13,592.89,2.87,99.03,0.0353,10.02,14.3,14.37,30.0,1113.1,17.8,healthy,0.0
healthy_0,2493,1789814457.4021802,2703.9,112.79,592.77,2.95,98.98,0.0348,9.98,14.35,14.4,30.0,1109.0,17.8,healthy,0.0
healthy_0,2494,1789814458.4021802,2713.7,112.74,588.17,2.95,98.93,0.0318,10.01,14.35,14.39,30.0,1104.8,17.8,healthy,0.0
healthy_0,2495,1789814459.4021802,2711.2,112.87,589.6,2.91,99.0,0.0328,10.02,14.3,14.28,30.0,1100.6,17.8,healthy,0.0
healthy_0,2496,1789814460.4021802,2691.7,112.64,586.46,2.93,99.08,0.036,10.05,14.24,14.39,30.0,1096.5,17.9,healthy,0.0
healthy_0,2497,1789814461.4021802,2684.7,112.77,586.35,2.86,98.88,0.0356,9.8,14.19,14.5,30.0,1092.3,17.9,healthy,0.0
healthy_0,2498,1789814462.4021802,2701.0,112.52,586.65,2.81,99.09,0.0414,9.81,14.17,14.37,30.0,1088.2,17.9,healthy,0.0
healthy_0,2499,1789814463.4021802,2695.7,112.27,589.23,2.81,99.13,0.0382,9.7,14.14,14.61,30.0,1084.0,18.0,healthy,0.0
healthy_0,2500,1789814464.4021802,2704.7,112.52,587.48,2.79,99.29,0.0293,9.74,14.09,14.86,30.0,1079.8,18.0,healthy,0.0
healthy_0,2501,1789814465.4021802,2702.4,112.45,586.81,2.91,99.27,0.0354,9.83,14.04,14.57,30.0,1075.7,18.0,healthy,0.0
healthy_0,2502,1789814466.4021802,2723.4,112.61,595.57,2.93,99.42,0.0406,10.03,14.03,14.94,30.0,1071.5,18.0,healthy,0.0
healthy_0,2503,1789814467.4021802,2738.2,112.86,596.11,2.79,99.4,0.0456,10.05,14.05,14.57,30.0,1067.4,18.1,healthy,0.0
healthy_0,2504,1789814468.4021802,2717.4,112.77,596.45,2.7,99.47,0.0421,10.21,14.03,14.56,30.0,1063.2,18.1,healthy,0.0
healthy_0,2505,1789814469.4021802,2720.0,112.82,598.13,2.79,99.43,0.0346,10.25,14.06,14.58,30.0,1059.0,18.1,healthy,0.0
healthy_0,2506,1789814470.4021802,2692.1,112.66,598.42,2.8,99.48,0.035,10.1,14.09,14.65,30.0,1054.9,18.1,healthy,0.0
healthy_0,2507,1789814471.4021802,2717.3,112.94,597.81,2.83,99.41,0.031,10.08,14.16,14.63,30.0,1050.7,18.2,healthy,0.0
healthy_0,2508,1789814472.4021802,2719.5,113.18,592.72,2.89,99.24,0.0297,9.99,14.22,14.27,30.0,1046.6,18.2,healthy,0.0
healthy_0,2509,1789814473.4021802,2723.5,113.28,589.91,2.88,99.23,0.0322,10.04,14.26,14.15,30.0,1042.4,18.2,healthy,0.0
healthy_0,2510,1789814474.4021802,2734.9,113.35,595.71,2.92,99.04,0.03,10.08,14.2,14.41,30.0,1038.2,18.3,healthy,0.0
healthy_0,2511,1789814475.4021802,2745.2,113.19,590.77,2.93,99.0,0.0235,10.16,14.11,14.38,30.0,1034.1,18.3,healthy,0.0
healthy_0,2512,1789814476.4021802,2729.5,113.12,593.36,2.93,99.05,0.0212,10.27,14.2,14.34,30.0,1029.9,18.3,healthy,0.0
healthy_0,2513,1789814477.4021802,2747.7,113.25,589.97,2.97,98.98,0.0235,10.14,14.25,14.52,30.0,1025.8,18.3,healthy,0.0
healthy_0,2514,1789814478.4021802,2721.1,113.16,587.59,3.02,98.95,0.0253,10.32,14.24,14.96,30.0,1021.6,18.4,healthy,0.0
healthy_0,2515,1789814479.4021802,2695.9,112.94,591.07,2.89,98.85,0.0272,10.45,14.24,14.56,30.0,1017.4,18.4,healthy,0.0
healthy_0,2516,1789814480.4021802,2725.5,112.71,589.91,2.85,98.81,0.0343,10.16,14.25,14.56,30.0,1013.3,18.4,healthy,0.0
healthy_0,2517,1789814481.4021802,2729.7,112.84,587.35,2.89,98.83,0.0388,10.12,14.2,14.29,30.0,1009.1,18.4,healthy,0.0
healthy_0,2518,1789814482.4021802,2747.8,112.76,585.53,2.83,98.67,0.045,9.92,14.24,14.29,30.0,1005.0,18.5,healthy,0.0
healthy_0,2519,1789814483.4021802,2743.3,112.71,587.19,2.87,98.67,0.0416,9.87,14.29,14.01,30.0,1000.8,18.5,healthy,0.0
healthy_0,2520,1789814484.4021802,2770.7,112.61,587.69,2.8,98.69,0.0435,9.92,14.29,14.02,30.0,996.6,18.5,healthy,0.0
healthy_0,2521,1789814485.4021802,2787.0,112.13,588.32,2.87,98.66,0.0391,9.86,14.36,14.14,30.0,992.5,18.5,healthy,0.0
healthy_0,2522,1789814486.4021802,2768.8,112.09,593.41,2.87,98.57,0.0382,9.85,14.29,14.16,30.0,988.3,18.6,healthy,0.0
healthy_0,2523,1789814487.4021802,2749.2,112.14,595.58,2.9,98.49,0.0425,9.71,14.37,14.39,30.0,984.2,18.6,healthy,0.0
healthy_0,2524,1789814488.4021802,2723.7,112.3,597.75,2.86,98.39,0.0371,9.91,14.22,14.44,30.0,980.0,18.6,healthy,0.0
healthy_0,2525,1789814489.4021802,2720.8,112.43,597.12,2.88,98.33,0.0385,9.97,14.14,14.31,30.0,975.8,18.7,healthy,0.0
healthy_0,2526,1789814490.4021802,2725.4,112.47,592.23,2.76,98.25,0.0403,9.92,14.12,14.51,30.0,971.7,18.7,healthy,0.0
healthy_0,2527,1789814491.4021802,2719.0,112.25,586.64,2.79,98.27,0.0382,10.12,14.12,14.3,30.0,967.5,18.7,healthy,0.0
healthy_0,2528,1789814492.4021802,2698.2,112.28,589.5,2.81,98.21,0.0353,9.93,14.16,14.18,30.0,963.4,18.7,healthy,0.0
healthy_0,2529,1789814493.4021802,2693.0,112.69,594.23,2.78,98.31,0.0383,10.01,14.25,14.51,30.0,959.2,18.8,healthy,0.0
healthy_0,2530,1789814494.4021802,2680.9,112.49,594.09,2.8,98.28,0.0355,10.03,14.26,14.34,30.0,955.0,18.8,healthy,0.0
healthy_0,2531,1789814495.4021802,2711.1,112.49,591.03,2.8,98.24,0.0337,9.96,14.23,14.07,30.0,950.9,18.8,healthy,0.0
healthy_0,2532,1789814496.4021802,2720.0,112.68,595.67,2.8,98.27,0.0304,9.96,14.19,14.45,30.0,946.7,18.8,healthy,0.0
healthy_0,2533,1789814497.4021802,2717.5,113.16,598.62,2.78,98.26,0.0262,10.11,14.21,14.32,30.0,942.6,18.9,healthy,0.0
healthy_0,2534,1789814498.4021802,2733.8,113.14,598.95,2.83,98.29,0.0363,10.08,14.15,14.2,30.0,938.4,18.9,healthy,0.0
healthy_0,2535,1789814499.4021802,2714.9,112.91,594.79,2.83,98.33,0.0327,9.99,14.21,14.16,30.0,934.2,18.9,healthy,0.0
healthy_0,2536,1789814500.4021802,2698.8,112.96,596.16,2.78,98.36,0.0306,9.94,14.11,14.32,30.0,930.1,19.0,healthy,0.0
healthy_0,2537,1789814501.4021802,2673.2,112.96,596.54,2.77,98.5,0.0344,9.88,14.06,14.2,30.0,925.9,19.0,healthy,0.0
healthy_0,2538,1789814502.4021802,2683.2,113.31,602.57,2.8,98.6,0.037,10.03,13.98,14.19,30.0,921.8,19.0,healthy,0.0
healthy_0,2539,1789814503.4021802,2701.9,113.18,596.55,2.85,98.49,0.0342,10.02,14.02,14.05,30.0,917.6,19.0,healthy,0.0
healthy_0,2540,1789814504.4021802,2709.0,113.08,598.47,2.87,98.28,0.0417,9.89,13.98,14.22,30.0,913.4,19.1,healthy,0.0
healthy_0,2541,1789814505.4021802,2728.2,113.27,597.74,2.85,98.32,0.0419,10.12,13.93,14.15,30.0,909.3,19.1,healthy,0.0
healthy_0,2542,1789814506.4021802,2741.2,113.02,599.33,2.85,98.3,0.032,10.12,14.08,14.31,30.0,905.1,19.1,healthy,0.0
healthy_0,2543,1789814507.4021802,2749.8,112.94,599.5,2.85,98.28,0.0425,9.97,14.05,14.4,30.0,901.0,19.1,healthy,0.0
healthy_0,2544,1789814508.4021802,2712.5,113.22,596.4,2.94,98.21,0.0429,9.92,14.03,14.28,30.0,896.8,19.2,healthy,0.0
healthy_0,2545,1789814509.4021802,2703.6,113.55,601.34,2.94,98.14,0.0375,9.91,14.08,13.97,30.0,892.6,19.2,healthy,0.0
healthy_0,2546,1789814510.4021802,2698.7,113.47,602.07,2.91,97.99,0.0237,9.96,14.02,14.29,30.0,888.5,19.2,healthy,0.0
healthy_0,2547,1789814511.4021802,2726.6,113.3,599.21,3.01,97.87,0.0303,9.83,14.09,14.24,30.0,884.3,19.3,healthy,0.0
healthy_0,2548,1789814512.4021802,2724.0,113.36,602.02,3.05,97.78,0.0262,10.07,14.05,14.46,30.0,880.2,19.3,healthy,0.0
healthy_0,2549,1789814513.4021802,2734.2,113.35,597.47,2.97,97.86,0.0351,10.06,14.04,14.72,30.0,876.0,19.3,healthy,0.0
healthy_0,2550,1789814514.4021802,2742.2,113.97,597.58,2.96,98.0,0.0352,9.85,13.95,15.06,30.0,871.8,19.3,healthy,0.0
healthy_0,2551,1789814515.4021802,2722.4,113.96,600.6,2.94,97.88,0.0368,9.78,14.02,14.54,30.0,867.7,19.4,healthy,0.0
healthy_0,2552,1789814516.4021802,2735.3,113.93,599.24,2.96,97.73,0.0313,9.77,14.02,14.75,30.0,863.5,19.4,healthy,0.0
healthy_0,2553,1789814517.4021802,2707.1,114.01,601.59,2.96,97.65,0.0302,9.73,14.11,14.23,30.0,859.4,19.4,healthy,0.0
healthy_0,2554,1789814518.4021802,2718.2,114.03,600.87,2.94,97.74,0.0297,9.86,14.08,13.99,30.0,855.2,19.4,healthy,0.0
healthy_0,2555,1789814519.4021802,2711.6,113.72,601.27,2.82,97.68,0.027,9.92,14.05,14.32,30.0,851.0,19.5,healthy,0.0
healthy_0,2556,1789814520.4021802,2713.0,113.81,602.31,2.87,97.71,0.0307,9.9,14.02,14.44,30.0,846.9,19.5,healthy,0.0
healthy_0,2557,1789814521.4021802,2720.0,114.03,606.47,2.86,97.55,0.0349,9.83,14.06,14.28,30.0,842.7,19.5,healthy,0.0
healthy_0,2558,1789814522.4021802,2711.6,114.26,603.72,2.9,97.54,0.0407,9.96,14.09,14.08,30.0,838.6,19.5,healthy,0.0
healthy_0,2559,1789814523.4021802,2708.0,114.21,606.39,2.9,97.29,0.0403,10.0,14.06,14.46,30.0,834.4,19.6,healthy,0.0
healthy_0,2560,1789814524.4021802,2711.5,114.15,602.62,3.04,97.15,0.0482,10.25,14.07,14.41,30.0,830.2,19.6,healthy,0.0
healthy_0,2561,1789814525.4021802,2718.5,114.24,600.97,2.89,97.15,0.0489,10.3,14.05,14.55,30.0,826.1,19.6,healthy,0.0
healthy_0,2562,1789814526.4021802,2701.0,114.01,595.75,2.98,97.19,0.0447,10.17,13.98,14.45,30.0,821.9,19.7,healthy,0.0
healthy_0,2563,1789814527.4021802,2698.3,114.0,591.26,2.96,97.01,0.0384,10.07,13.97,14.45,30.0,817.8,19.7,healthy,0.0
healthy_0,2564,1789814528.4021802,2680.2,114.0,589.56,2.99,96.92,0.032,10.09,13.97,13.98,30.0,813.6,19.7,healthy,0.0
healthy_0,2565,1789814529.4021802,2710.5,113.89,593.32,2.92,96.95,0.0314,10.22,14.0,14.26,30.0,809.4,19.7,healthy,0.0
healthy_0,2566,1789814530.4021802,2719.0,113.85,594.1,2.95,96.96,0.0444,10.2,14.07,14.16,30.0,805.3,19.8,healthy,0.0
healthy_0,2567,1789814531.4021802,2724.2,113.79,597.19,2.94,97.14,0.0448,9.95,14.06,14.66,30.0,801.1,19.8,healthy,0.0
healthy_0,2568,1789814532.4021802,2719.3,113.8,601.55,2.97,97.03,0.0444,10.13,14.01,14.53,30.0,797.0,19.8,healthy,0.0
healthy_0,2569,1789814533.4021802,2724.0,113.71,597.67,3.0,97.06,0.0418,10.1,14.01,14.66,30.0,792.8,19.8,healthy,0.0
healthy_0,2570,1789814534.4021802,2734.2,113.82,598.94,3.04,97.07,0.0324,10.1,14.1,14.84,30.0,788.6,19.9,healthy,0.0
healthy_0,2571,1789814535.4021802,2730.4,114.06,596.0,3.01,97.09,0.0302,10.04,14.09,14.47,30.0,784.5,19.9,healthy,0.0
healthy_0,2572,1789814536.4021802,2714.3,114.16,596.78,2.96,96.99,0.0354,9.94,14.11,14.39,30.0,780.3,19.9,healthy,0.0
healthy_0,2573,1789814537.4021802,2692.4,114.24,594.17,2.94,97.15,0.0367,10.0,14.05,14.58,30.0,776.2,20.0,healthy,0.0
healthy_0,2574,1789814538.4021802,2677.6,114.16,594.59,2.93,97.12,0.033,9.8,14.04,14.39,30.0,772.0,20.0,healthy,0.0
healthy_0,2575,1789814539.4021802,2674.1,114.1,596.8,2.97,97.2,0.0394,9.72,14.03,14.33,30.0,767.8,20.0,healthy,0.0
healthy_0,2576,1789814540.4021802,2667.5,114.11,599.99,2.92,97.04,0.0343,9.72,13.95,14.21,30.0,763.7,20.0,healthy,0.0
healthy_0,2577,1789814541.4021802,2678.4,114.08,605.31,2.86,97.21,0.0325,9.81,13.88,14.4,30.0,759.5,20.1,healthy,0.0
healthy_0,2578,1789814542.4021802,2683.3,114.22,604.49,2.83,97.12,0.0288,9.85,13.88,14.12,30.0,755.4,20.1,healthy,0.0
healthy_0,2579,1789814543.4021802,2701.4,114.55,605.06,2.9,96.97,0.0353,9.93,13.92,14.28,30.0,751.2,20.1,healthy,0.0
healthy_0,2580,1789814544.4021802,2683.1,114.51,603.38,2.9,96.86,0.0302,9.83,13.92,14.54,30.0,747.0,20.1,healthy,0.0
healthy_0,2581,1789814545.4021802,2720.3,114.47,600.35,3.0,96.86,0.039,9.75,13.89,14.63,30.0,742.9,20.2,healthy,0.0
healthy_0,2582,1789814546.4021802,2714.3,114.76,606.07,3.13,96.95,0.0382,9.85,13.86,14.84,30.0,738.7,20.2,healthy,0.0
healthy_0,2583,1789814547.4021802,2731.1,114.98,599.57,2.99,96.76,0.0422,10.06,13.95,14.6,30.0,734.6,20.2,healthy,0.0
healthy_0,2584,1789814548.4021802,2730.1,114.97,601.96,3.05,96.82,0.0366,9.91,13.93,14.53,30.0,730.4,20.3,healthy,0.0
healthy_0,2585,1789814549.4021802,2734.0,114.99,599.9,3.07,96.91,0.0367,10.07,14.03,14.19,30.0,726.2,20.3,healthy,0.0
healthy_0,2586,1789814550.4021802,2715.9,115.4,601.42,3.0,96.88,0.0311,10.07,14.12,14.17,30.0,722.1,20.3,healthy,0.0
healthy_0,2587,1789814551.4021802,2719.7,114.71,601.36,2.98,97.07,0.0391,10.11,14.02,13.96,30.0,717.9,20.3,healthy,0.0
healthy_0,2588,1789814552.4021802,2705.4,114.69,600.8,2.93,97.19,0.0388,10.03,13.96,14.05,30.0,713.8,20.4,healthy,0.0
healthy_0,2589,1789814553.4021802,2710.3,114.6,594.68,2.89,97.19,0.0299,10.06,13.99,14.16,30.0,709.6,20.4,healthy,0.0
healthy_0,2590,1789814554.4021802,2727.8,114.09,594.37,2.83,97.15,0.0359,10.02,13.99,14.4,30.0,705.4,20.4,healthy,0.0
healthy_0,2591,1789814555.4021802,2719.8,114.0,596.28,2.83,97.31,0.0379,10.07,13.96,14.13,30.0,701.3,20.4,healthy,0.0
healthy_0,2592,1789814556.4021802,2728.4,114.25,596.69,2.82,97.23,0.0364,9.82,13.98,14.62,30.0,697.1,20.5,healthy,0.0
healthy_0,2593,1789814557.4021802,2773.7,114.23,597.02,2.89,97.23,0.0381,9.89,13.97,14.52,30.0,693.0,20.5,healthy,0.0
healthy_0,2594,1789814558.4021802,2770.6,114.34,597.29,2.93,97.28,0.0407,9.86,13.95,14.34,30.0,688.8,20.5,healthy,0.0
healthy_0,2595,1789814559.4021802,2762.1,114.48,596.68,2.91,97.2,0.0453,9.94,14.02,14.23,30.0,684.6,20.5,healthy,0.0
healthy_0,2596,1789814560.4021802,2765.6,114.35,600.06,2.87,97.24,0.0421,9.79,14.04,13.74,30.0,680.5,20.6,healthy,0.0
healthy_0,2597,1789814561.4021802,2768.9,114.36,598.68,2.85,97.27,0.0426,9.8,14.13,14.0,30.0,676.3,20.6,healthy,0.0
healthy_0,2598,1789814562.4021802,2776.5,114.6,599.04,2.86,97.22,0.043,9.8,14.07,14.55,30.0,672.2,20.6,healthy,0.0
healthy_0,2599,1789814563.4021802,2767.7,114.37,603.41,2.94,97.28,0.0426,9.94,14.11,14.37,30.0,668.0,20.7,healthy,0.0
healthy_0,2600,1789814564.4021802,2749.9,114.97,599.49,2.81,97.33,0.0324,9.83,14.14,14.28,30.0,663.8,20.7,healthy,0.0
healthy_0,2601,1789814565.4021802,2720.3,115.21,599.16,2.74,97.11,0.0348,9.88,14.15,14.62,30.0,659.7,20.7,healthy,0.0
healthy_0,2602,1789814566.4021802,2705.2,115.21,594.86,2.71,97.06,0.0389,10.02,14.17,14.85,30.0,655.5,20.7,healthy,0.0
healthy_0,2603,1789814567.4021802,2722.2,115.18,592.82,2.75,97.08,0.0334,10.14,14.15,14.59,30.0,651.4,20.8,healthy,0.0
healthy_0,2604,1789814568.4021802,2726.4,115.16,594.98,2.76,97.19,0.035,10.03,14.23,14.45,30.0,647.2,20.8,healthy,0.0
healthy_0,2605,1789814569.4021802,2735.3,115.14,597.95,2.72,97.32,0.039,9.89,14.21,14.28,30.0,643.0,20.8,healthy,0.0
healthy_0,2606,1789814570.4021802,2733.9,115.07,600.41,2.72,97.28,0.0361,9.66,14.17,14.18,30.0,638.9,20.8,healthy,0.0
healthy_0,2607,1789814571.4021802,2727.8,114.98,598.14,2.82,97.29,0.0343,9.53,14.07,14.04,30.0,634.7,20.9,healthy,0.0
healthy_0,2608,1789814572.4021802,2728.6,114.75,602.2,2.92,97.29,0.0359,9.56,14.04,14.33,30.0,630.6,20.9,healthy,0.0
healthy_0,2609,1789814573.4021802,2718.7,115.09,600.88,2.95,97.16,0.0336,9.71,14.0,14.52,30.0,626.4,20.9,healthy,0.0
healthy_0,2610,1789814574.4021802,2689.3,115.67,603.23,2.9,97.21,0.0379,9.83,13.97,14.45,30.0,622.2,21.0,healthy,0.0
healthy_0,2611,1789814575.4021802,2710.1,115.33,604.26,2.97,97.3,0.0442,9.66,13.96,14.42,30.0,618.1,21.0,healthy,0.0
healthy_0,2612,1789814576.4021802,2732.3,114.95,603.23,2.99,97.2,0.0516,9.68,13.93,14.46,30.0,613.9,21.0,healthy,0.0
healthy_0,2613,1789814577.4021802,2742.0,115.0,601.96,2.94,97.1,0.0444,9.49,13.97,14.19,30.0,609.8,21.0,healthy,0.0
healthy_0,2614,1789814578.4021802,2738.3,114.98,590.82,2.95,96.94,0.0346,9.55,13.97,14.03,30.0,605.6,21.1,healthy,0.0
healthy_0,2615,1789814579.4021802,2719.7,114.64,590.46,2.92,96.85,0.0417,9.59,14.0,14.0,30.0,601.4,21.1,healthy,0.0
healthy_0,2616,1789814580.4021802,2713.1,114.7,592.29,2.79,96.82,0.038,9.61,13.98,14.03,30.0,597.3,21.1,healthy,0.0
healthy_0,2617,1789814581.4021802,2701.3,115.04,596.56,2.82,96.97,0.0388,9.61,14.03,14.39,30.0,593.1,21.1,healthy,0.0
healthy_0,2618,1789814582.4021802,2719.5,114.94,599.22,2.82,97.08,0.0306,9.49,14.11,14.17,30.0,589.0,21.2,healthy,0.0
healthy_0,2619,1789814583.4021802,2690.2,115.18,595.09,2.84,96.93,0.0338,9.68,14.25,14.36,30.0,584.8,21.2,healthy,0.0
healthy_0,2620,1789814584.4021802,2725.1,115.13,607.24,2.83,97.02,0.0301,9.81,14.28,14.39,30.0,580.6,21.2,healthy,0.0
healthy_0,2621,1789814585.4021802,2721.0,115.14,604.99,2.84,97.05,0.0364,9.96,14.26,14.3,30.0,576.5,21.3,healthy,0.0
healthy_0,2622,1789814586.4021802,2708.6,114.64,604.3,2.85,97.0,0.0411,10.02,14.3,14.41,30.0,572.3,21.3,healthy,0.0
healthy_0,2623,1789814587.4021802,2695.1,114.5,608.07,2.79,96.99,0.0362,9.94,14.33,14.71,30.0,568.2,21.3,healthy,0.0
healthy_0,2624,1789814588.4021802,2670.9,114.88,608.3,2.78,96.92,0.0331,9.92,14.28,14.45,30.0,564.0,21.3,healthy,0.0
healthy_0,2625,1789814589.4021802,2665.6,114.57,612.44,2.76,97.0,0.0359,9.84,14.31,14.12,30.0,559.8,21.4,healthy,0.0
healthy_0,2626,1789814590.4021802,2689.1,115.01,609.74,2.76,96.94,0.0377,9.98,14.39,14.38,30.0,555.7,21.4,healthy,0.0
healthy_0,2627,1789814591.4021802,2682.4,115.28,607.53,2.79,97.12,0.0403,10.06,14.42,14.94,30.0,551.5,21.4,healthy,0.0
healthy_0,2628,1789814592.4021802,2697.4,115.16,601.84,2.83,96.95,0.0417,10.11,14.36,14.97,30.0,547.4,21.4,healthy,0.0
healthy_0,2629,1789814593.4021802,2718.7,115.18,605.94,2.8,96.83,0.0425,10.11,14.34,14.27,30.0,543.2,21.5,healthy,0.0
healthy_0,2630,1789814594.4021802,2725.8,115.22,608.5,2.85,96.83,0.0431,10.03,14.3,14.33,30.0,539.0,21.5,healthy,0.0
healthy_0,2631,1789814595.4021802,2716.4,115.28,607.02,2.84,96.98,0.0335,10.03,14.32,14.91,30.0,534.9,21.5,healthy,0.0
healthy_0,2632,1789814596.4021802,2719.0,115.18,611.74,2.9,96.96,0.0345,10.01,14.31,14.59,30.0,530.7,21.6,healthy,0.0
healthy_0,2633,1789814597.4021802,2749.5,115.21,614.59,2.84,97.07,0.0288,10.19,14.3,14.81,30.0,526.6,21.6,healthy,0.0
healthy_0,2634,1789814598.4021802,2726.1,115.21,608.24,2.79,97.04,0.0437,10.26,14.33,14.68,30.0,522.4,21.6,healthy,0.0
healthy_0,2635,1789814599.4021802,2718.7,115.64,605.55,2.78,97.02,0.0387,10.21,14.32,14.62,30.0,518.2,21.6,healthy,0.0
healthy_0,2636,1789814600.4021802,2715.7,115.53,601.99,2.84,96.94,0.0358,10.08,14.34,14.54,30.0,514.1,21.7,healthy,0.0
healthy_0,2637,1789814601.4021802,2713.7,115.63,599.24,2.88,96.93,0.0278,10.06,14.4,14.15,30.0,509.9,21.7,healthy,0.0
healthy_0,2638,1789814602.4021802,2693.6,115.8,597.62,2.86,96.88,0.0357,10.1,14.35,14.62,30.0,505.8,21.7,healthy,0.0
healthy_0,2639,1789814603.4021802,2730.7,115.33,605.62,2.87,96.83,0.0358,10.1,14.32,14.56,30.0,501.6,21.7,healthy,0.0
healthy_0,2640,1789814604.4021802,2736.6,115.24,601.39,2.91,96.91,0.0414,10.15,14.34,14.46,30.0,497.4,21.8,healthy,0.0
healthy_0,2641,1789814605.4021802,2723.3,115.48,606.74,2.87,96.93,0.0369,10.03,14.26,14.27,30.0,493.3,21.8,healthy,0.0
healthy_0,2642,1789814606.4021802,2717.3,115.42,609.91,2.85,96.96,0.04,10.12,14.18,14.13,30.0,489.1,21.8,healthy,0.0
healthy_0,2643,1789814607.4021802,2731.4,115.42,611.53,2.89,96.97,0.0365,10.03,14.19,14.36,30.0,485.0,21.8,healthy,0.0
healthy_0,2644,1789814608.4021802,2734.1,115.54,609.22,2.91,96.97,0.0423,10.07,14.24,14.52,30.0,480.8,21.9,healthy,0.0
healthy_0,2645,1789814609.4021802,2734.4,115.32,610.22,2.8,96.93,0.0381,9.8,14.25,14.55,30.0,476.6,21.9,healthy,0.0
healthy_0,2646,1789814610.4021802,2731.1,115.08,607.64,2.91,97.1,0.0397,9.93,14.2,14.57,30.0,472.5,21.9,healthy,0.0
healthy_0,2647,1789814611.4021802,2759.7,115.27,608.03,2.92,97.02,0.033,9.89,14.26,14.64,30.0,468.3,22.0,healthy,0.0
healthy_0,2648,1789814612.4021802,2739.9,115.39,610.72,2.87,96.88,0.0301,10.05,14.22,14.35,30.0,464.2,22.0,healthy,0.0
healthy_0,2649,1789814613.4021802,2762.1,115.1,608.56,2.89,96.81,0.0314,9.97,14.17,14.41,30.0,460.0,22.0,healthy,0.0
healthy_0,2650,1789814614.4021802,2767.0,115.33,609.81,2.98,96.69,0.0316,9.82,14.22,14.6,30.0,455.8,22.0,healthy,0.0
healthy_0,2651,1789814615.4021802,2748.7,115.43,612.65,2.96,96.7,0.0281,9.65,14.11,14.63,30.0,451.7,22.1,healthy,0.0
healthy_0,2652,1789814616.4021802,2763.2,115.26,611.96,2.99,96.64,0.0231,9.69,14.0,14.82,30.0,447.5,22.1,healthy,0.0
healthy_0,2653,1789814617.4021802,2734.3,115.43,612.27,2.99,96.77,0.0379,9.89,13.98,14.38,30.0,443.4,22.1,healthy,0.0
healthy_0,2654,1789814618.4021802,2762.3,115.42,610.06,2.96,96.79,0.0353,9.89,13.94,14.23,30.0,439.2,22.1,healthy,0.0
healthy_0,2655,1789814619.4021802,2768.1,115.47,606.19,2.87,96.64,0.0316,9.93,13.93,14.3,30.0,435.0,22.2,healthy,0.0
healthy_0,2656,1789814620.4021802,2762.9,115.64,605.67,2.9,96.69,0.0334,9.94,13.82,14.58,30.0,430.9,22.2,healthy,0.0
healthy_0,2657,1789814621.4021802,2744.5,116.1,604.57,2.9,96.79,0.0362,9.92,13.86,14.39,30.0,426.7,22.2,healthy,0.0
healthy_0,2658,1789814622.4021802,2710.0,116.08,610.75,2.93,96.94,0.0278,9.73,13.82,14.48,30.0,422.6,22.3,healthy,0.0
healthy_0,2659,1789814623.4021802,2727.9,116.26,612.13,2.91,96.96,0.0382,9.86,13.9,14.39,30.0,418.4,22.3,healthy,0.0
healthy_0,2660,1789814624.4021802,2738.4,116.37,611.63,2.91,96.98,0.0448,9.93,13.96,14.35,30.0,414.2,22.3,healthy,0.0
healthy_0,2661,1789814625.4021802,2736.4,116.54,605.64,2.83,97.21,0.0491,9.96,13.98,14.24,30.0,410.1,22.3,healthy,0.0
healthy_0,2662,1789814626.4021802,2735.8,116.49,608.66,2.85,97.11,0.0567,9.99,13.99,14.58,30.0,405.9,22.4,healthy,0.0
healthy_0,2663,1789814627.4021802,2709.1,116.35,610.97,2.9,97.03,0.0533,10.07,13.98,14.5,30.0,401.8,22.4,healthy,0.0
healthy_0,2664,1789814628.4021802,2703.9,116.94,605.86,2.88,97.11,0.0471,9.96,14.03,14.29,30.0,397.6,22.4,healthy,0.0
healthy_0,2665,1789814629.4021802,2706.5,116.52,607.83,2.94,97.04,0.0477,10.0,14.0,13.91,30.0,393.4,22.4,healthy,0.0
healthy_0,2666,1789814630.4021802,2712.8,115.98,605.18,2.87,96.89,0.0417,10.13,14.0,14.23,30.0,389.3,22.5,healthy,0.0
healthy_0,2667,1789814631.4021802,2720.2,115.98,605.55,2.93,96.9,0.0472,10.1,14.01,14.82,30.0,385.1,22.5,healthy,0.0
healthy_0,2668,1789814632.4021802,2706.5,116.0,607.78,2.93,96.85,0.0396,10.08,14.02,14.35,30.0,381.0,22.5,healthy,0.0
healthy_0,2669,1789814633.4021802,2678.5,116.1,609.19,2.93,96.98,0.0389,10.07,14.01,14.44,30.0,376.8,22.6,healthy,0.0
healthy_0,2670,1789814634.4021802,2669.0,115.67,602.69,2.92,96.98,0.0433,9.99,13.99,14.53,30.0,372.6,22.6,healthy,0.0
healthy_0,2671,1789814635.4021802,2677.2,116.14,604.01,2.89,97.07,0.0417,10.03,13.96,14.06,30.0,368.5,22.6,healthy,0.0
healthy_0,2672,1789814636.4021802,2689.5,116.43,602.35,2.92,97.07,0.0451,10.06,13.86,14.37,30.0,364.3,22.6,healthy,0.0
healthy_0,2673,1789814637.4021802,2694.5,116.67,605.38,2.91,96.94,0.0391,10.07,13.86,14.32,30.0,360.2,22.7,healthy,0.0
healthy_0,2674,1789814638.4021802,2687.5,116.68,610.87,2.87,97.03,0.046,10.01,13.83,14.48,30.0,356.0,22.7,healthy,0.0
healthy_0,2675,1789814639.4021802,2697.4,116.73,611.25,2.92,97.09,0.0475,10.12,13.87,14.46,30.0,351.8,22.7,healthy,0.0
healthy_0,2676,1789814640.4021802,2692.1,116.7,609.25,2.98,96.97,0.0404,10.06,13.93,14.24,30.0,347.7,22.7,healthy,0.0
healthy_0,2677,1789814641.4021802,2729.8,116.88,606.29,3.01,97.04,0.044,10.12,13.99,14.21,30.0,343.5,22.8,healthy,0.0
healthy_0,2678,1789814642.4021802,2740.0,116.66,608.19,3.04,97.04,0.0465,9.98,14.05,14.07,30.0,339.4,22.8,healthy,0.0
healthy_0,2679,1789814643.4021802,2742.2,116.82,609.17,3.03,96.97,0.0469,10.01,13.98,14.12,30.0,335.2,22.8,healthy,0.0
healthy_0,2680,1789814644.4021802,2743.8,116.7,608.16,2.98,96.88,0.0445,10.07,13.96,14.26,30.0,331.0,22.8,healthy,0.0
healthy_0,2681,1789814645.4021802,2745.0,116.79,605.05,2.98,97.06,0.044,10.19,13.98,14.28,30.0,326.9,22.9,healthy,0.0
healthy_0,2682,1789814646.4021802,2729.5,116.59,607.26,3.01,97.06,0.0398,10.0,14.01,14.72,30.0,322.7,22.9,healthy,0.0
healthy_0,2683,1789814647.4021802,2735.5,116.7,608.23,2.98,97.04,0.029,9.98,14.05,14.41,30.0,318.6,22.9,healthy,0.0
healthy_0,2684,1789814648.4021802,2696.1,116.64,610.65,2.96,97.15,0.0264,10.13,14.06,14.23,30.0,314.4,23.0,healthy,0.0
healthy_0,2685,1789814649.4021802,2693.8,116.79,612.8,2.98,97.33,0.0369,10.09,14.05,14.28,30.0,310.2,23.0,healthy,0.0
healthy_0,2686,1789814650.4021802,2665.1,116.55,611.34,3.0,97.23,0.0332,10.2,14.1,14.36,30.0,306.1,23.0,healthy,0.0
healthy_0,2687,1789814651.4021802,2677.1,116.32,609.23,3.01,97.3,0.0293,10.06,14.13,14.24,30.0,301.9,23.0,healthy,0.0
healthy_0,2688,1789814652.4021802,2680.2,116.31,606.85,3.01,97.27,0.032,10.13,14.13,14.1,30.0,297.8,23.1,healthy,0.0
healthy_0,2689,1789814653.4021802,2709.5,116.21,607.97,3.06,97.07,0.0421,10.04,14.16,14.03,30.0,293.6,23.1,healthy,0.0
healthy_0,2690,1789814654.4021802,2717.8,116.46,607.6,2.91,97.08,0.0417,10.08,14.13,14.21,30.0,289.4,23.1,healthy,0.0
healthy_0,2691,1789814655.4021802,2737.2,116.5,601.65,2.86,97.17,0.0351,10.17,14.0,14.24,30.0,285.3,23.1,healthy,0.0
healthy_0,2692,1789814656.4021802,2717.2,116.69,603.84,2.93,96.99,0.0374,9.94,14.19,14.24,30.0,281.1,23.2,healthy,0.0
healthy_0,2693,1789814657.4021802,2702.1,116.91,607.21,2.89,96.76,0.0307,10.01,14.25,14.38,30.0,277.0,23.2,healthy,0.0
healthy_0,2694,1789814658.4021802,2714.2,116.89,603.65,2.9,96.68,0.0289,9.94,14.22,14.47,30.0,272.8,23.2,healthy,0.0
healthy_0,2695,1789814659.4021802,2743.3,116.7,602.28,3.02,96.68,0.032,9.85,14.17,14.44,30.0,268.6,23.3,healthy,0.0
healthy_0,2696,1789814660.4021802,2735.4,116.77,600.97,3.03,96.74,0.0362,10.11,14.15,14.21,30.0,264.5,23.3,healthy,0.0
healthy_0,2697,1789814661.4021802,2738.9,116.68,597.24,2.98,96.78,0.0366,10.06,14.16,14.57,30.0,260.3,23.3,healthy,0.0
healthy_0,2698,1789814662.4021802,2746.5,116.64,597.97,2.93,96.9,0.0423,10.06,14.15,14.72,30.0,256.2,23.3,healthy,0.0
healthy_0,2699,1789814663.4021802,2707.6,116.99,599.15,2.93,96.94,0.0429,10.12,14.12,14.75,30.0,252.0,23.4,healthy,0.0
healthy_0,2700,1789814664.4021802,2693.5,116.93,600.99,2.89,96.99,0.0426,10.09,14.12,14.47,30.0,247.8,23.4,healthy,0.0
healthy_0,2701,1789814665.4021802,2666.6,116.95,602.94,2.85,97.05,0.0327,9.97,14.12,14.77,30.0,243.7,23.4,healthy,0.0
healthy_0,2702,1789814666.4021802,2693.1,116.91,600.75,2.87,97.13,0.0366,9.94,14.18,14.49,30.0,239.5,23.4,healthy,0.0
healthy_0,2703,1789814667.4021802,2711.5,116.95,600.73,2.81,97.08,0.0342,10.17,14.16,14.58,30.0,235.4,23.5,healthy,0.0
healthy_0,2704,1789814668.4021802,2725.9,117.37,603.09,2.96,97.1,0.0352,10.07,14.22,14.54,30.0,231.2,23.5,healthy,0.0
healthy_0,2705,1789814669.4021802,2745.1,117.09,608.55,2.97,96.96,0.0428,10.24,14.1,14.28,30.0,227.0,23.5,healthy,0.0
healthy_0,2706,1789814670.4021802,2733.2,116.96,611.09,2.9,96.84,0.0476,10.4,14.09,14.6,30.0,222.9,23.6,healthy,0.0
healthy_0,2707,1789814671.4021802,2721.9,116.84,608.93,2.99,97.0,0.0506,10.28,13.99,14.76,30.0,218.7,23.6,healthy,0.0
healthy_0,2708,1789814672.4021802,2723.9,116.65,609.46,2.91,96.91,0.0443,10.19,13.94,14.73,30.0,214.6,23.6,healthy,0.0
healthy_0,2709,1789814673.4021802,2732.6,116.91,610.83,2.89,96.98,0.0458,10.25,13.99,14.47,30.0,210.4,23.6,healthy,0.0
healthy_0,2710,1789814674.4021802,2725.4,116.63,608.8,2.84,96.83,0.0428,10.18,14.0,14.37,30.0,206.2,23.7,healthy,0.0
healthy_0,2711,1789814675.4021802,2730.6,116.79,610.25,2.84,97.01,0.0407,10.01,14.05,14.31,30.0,202.1,23.7,healthy,0.0
healthy_0,2712,1789814676.4021802,2719.6,117.11,604.95,2.94,97.0,0.0419,10.04,14.12,14.1,30.0,197.9,23.7,healthy,0.0
healthy_0,2713,1789814677.4021802,2714.6,117.08,601.11,2.95,96.88,0.0397,10.08,14.13,14.49,30.0,193.8,23.7,healthy,0.0
healthy_0,2714,1789814678.4021802,2729.0,117.13,601.51,2.91,96.99,0.0389,10.01,14.11,14.33,30.0,189.6,23.8,healthy,0.0
healthy_0,2715,1789814679.4021802,2720.0,117.22,601.63,2.92,97.19,0.0393,9.85,14.11,14.24,30.0,185.4,23.8,healthy,0.0
healthy_0,2716,1789814680.4021802,2717.0,117.31,602.47,2.92,97.28,0.0405,9.86,14.02,14.26,30.0,181.3,23.8,healthy,0.0
healthy_0,2717,1789814681.4021802,2722.1,117.08,603.97,2.86,97.33,0.0466,9.9,14.0,14.42,30.0,177.1,23.8,healthy,0.0
healthy_0,2718,1789814682.4021802,2740.3,117.29,604.7,2.91,97.38,0.0448,9.82,14.03,14.55,30.0,173.0,23.9,healthy,0.0
healthy_0,2719,1789814683.4021802,2751.6,117.25,606.16,2.86,97.44,0.0399,9.81,14.02,14.33,30.0,168.8,23.9,healthy,0.0
healthy_0,2720,1789814684.4021802,2768.6,116.83,610.06,2.88,97.49,0.035,9.9,14.03,14.19,30.0,164.6,23.9,healthy,0.0
healthy_0,2721,1789814685.4021802,2759.3,117.11,613.83,2.88,97.36,0.0256,10.05,13.89,14.11,30.0,160.5,24.0,healthy,0.0
healthy_0,2722,1789814686.4021802,2730.5,117.38,616.82,2.88,97.27,0.0266,10.13,13.9,14.18,30.0,156.3,24.0,healthy,0.0
healthy_0,2723,1789814687.4021802,2716.4,117.6,623.75,2.94,97.33,0.028,10.22,13.86,14.2,30.0,152.2,24.0,healthy,0.0
healthy_0,2724,1789814688.4021802,2699.0,118.06,617.42,2.86,97.27,0.0283,10.29,13.89,14.4,30.0,148.0,24.0,healthy,0.0
healthy_0,2725,1789814689.4021802,2716.4,118.11,608.54,2.93,97.11,0.0255,10.05,13.81,14.4,30.0,143.8,24.1,healthy,0.0
healthy_0,2726,1789814690.4021802,2715.4,117.81,610.89,2.91,97.16,0.0409,9.91,13.88,14.26,30.0,139.7,24.1,healthy,0.0
healthy_0,2727,1789814691.4021802,2713.3,118.02,607.76,2.92,97.07,0.0464,9.94,13.91,14.51,30.0,135.5,24.1,healthy,0.0
healthy_0,2728,1789814692.4021802,2698.6,117.87,608.12,2.81,97.13,0.044,10.07,13.93,14.09,30.0,131.4,24.1,healthy,0.0
healthy_0,2729,1789814693.4021802,2685.8,118.19,603.66,2.75,97.14,0.0451,10.02,13.96,14.35,30.0,127.2,24.2,healthy,0.0
healthy_0,2730,1789814694.4021802,2690.6,118.43,604.54,2.85,97.25,0.0411,9.97,14.01,14.18,30.0,123.0,24.2,healthy,0.0
healthy_0,2731,1789814695.4021802,2685.6,118.49,602.35,2.85,97.08,0.0414,10.11,14.08,14.31,30.0,118.9,24.2,healthy,0.0
healthy_0,2732,1789814696.4021802,2680.4,118.32,603.85,2.89,97.05,0.0393,9.98,14.07,14.16,30.0,114.7,24.3,healthy,0.0
healthy_0,2733,1789814697.4021802,2693.9,118.43,603.1,2.9,97.19,0.0358,10.15,14.04,14.4,30.0,110.6,24.3,healthy,0.0
healthy_0,2734,1789814698.4021802,2713.0,118.01,602.35,2.89,97.27,0.0399,10.03,14.08,14.22,30.0,106.4,24.3,healthy,0.0
healthy_0,2735,1789814699.4021802,2721.2,117.92,607.32,2.94,97.41,0.0317,10.11,14.16,13.9,30.0,102.2,24.3,healthy,0.0
healthy_0,2736,1789814700.4021802,2722.6,118.23,610.54,2.99,97.38,0.0375,9.97,14.14,13.95,30.0,98.1,24.4,healthy,0.0
healthy_0,2737,1789814701.4021802,2716.6,117.69,612.6,2.95,97.29,0.0363,9.91,14.14,14.06,30.0,93.9,24.4,healthy,0.0
healthy_0,2738,1789814702.4021802,2692.4,117.73,615.15,2.99,97.23,0.034,9.91,14.18,14.58,30.0,89.8,24.4,healthy,0.0
healthy_0,2739,1789814703.4021802,2709.8,117.89,610.16,2.96,97.33,0.0424,9.89,14.19,14.68,30.0,85.6,24.4,healthy,0.0
healthy_0,2740,1789814704.4021802,2710.0,117.83,609.56,3.01,97.45,0.0426,9.99,14.17,14.76,30.0,81.4,24.5,healthy,0.0
healthy_0,2741,1789814705.4021802,2721.8,117.89,602.85,2.93,97.52,0.0487,9.92,14.23,14.38,30.0,77.3,24.5,healthy,0.0
healthy_0,2742,1789814706.4021802,2695.6,118.08,603.13,2.99,97.47,0.0473,10.04,14.19,14.39,30.0,73.1,24.5,healthy,0.0
healthy_0,2743,1789814707.4021802,2706.7,117.99,599.93,2.95,97.41,0.0406,10.08,14.24,14.64,30.0,69.0,24.6,healthy,0.0
healthy_0,2744,1789814708.4021802,2713.0,118.05,597.17,2.98,97.44,0.0351,10.07,14.16,14.31,30.0,64.8,24.6,healthy,0.0
healthy_0,2745,1789814709.4021802,2682.6,118.35,599.7,2.87,97.32,0.0448,9.84,14.1,14.34,30.0,60.6,24.6,healthy,0.0
healthy_0,2746,1789814710.4021802,2692.3,118.13,600.78,2.89,97.13,0.0499,9.83,14.11,14.39,30.0,56.5,24.6,healthy,0.0
healthy_0,2747,1789814711.4021802,2692.6,117.71,603.19,2.84,97.0,0.0399,9.8,14.19,14.28,30.0,52.3,24.7,healthy,0.0
healthy_0,2748,1789814712.4021802,2704.1,117.95,607.23,2.85,96.86,0.0463,10.04,14.15,14.54,30.0,48.2,24.7,healthy,0.0
healthy_0,2749,1789814713.4021802,2683.7,117.84,609.98,2.85,96.88,0.0477,9.89,14.13,14.58,30.0,44.0,24.7,healthy,0.0
healthy_0,2750,1789814714.4021802,2710.7,118.05,614.15,2.96,96.75,0.0444,9.73,14.05,14.42,30.0,39.8,24.7,healthy,0.0
healthy_0,2751,1789814715.4021802,2707.5,118.32,610.55,2.97,96.78,0.0405,9.7,14.1,14.27,30.0,35.7,24.8,healthy,0.0
healthy_0,2752,1789814716.4021802,2719.6,118.45,607.55,2.98,96.71,0.0416,9.84,14.09,14.42,30.0,31.5,24.8,healthy,0.0
healthy_0,2753,1789814717.4021802,2771.1,118.34,606.58,2.97,96.72,0.0431,9.8,14.04,14.11,30.0,27.4,24.8,healthy,0.0
healthy_0,2754,1789814718.4021802,2743.8,118.26,608.56,3.04,96.8,0.0415,9.87,14.12,14.3,30.0,23.2,24.8,healthy,0.0
healthy_0,2755,1789814719.4021802,2774.7,118.2,612.94,3.03,96.84,0.0421,9.93,14.16,14.35,30.0,19.0,24.9,healthy,0.0
healthy_0,2756,1789814720.4021802,2766.7,118.06,615.75,2.92,96.87,0.0315,10.0,14.18,14.52,30.0,14.9,24.9,healthy,0.0
healthy_0,2757,1789814721.4021802,2749.8,118.17,617.73,2.88,96.79,0.0344,10.12,14.19,14.33,30.0,10.7,24.9,healthy,0.0
healthy_0,2758,1789814722.4021802,2749.5,118.16,620.8,2.83,96.83,0.0308,10.34,14.19,14.43,30.0,6.6,25.0,healthy,0.0
healthy_0,2759,1789814723.4021802,2745.8,117.89,622.55,2.78,96.99,0.0298,10.53,14.11,14.4,30.0,2.4,25.0,healthy,0.0
healthy_0,2760,1789814724.4021802,2743.8,117.71,624.53,2.84,96.94,0.034,10.62,14.08,14.65,30.0,0.0,25.0,healthy,0.0
healthy_0,2761,1789814725.4021802,2742.9,117.52,625.54,2.76,97.18,0.0373,10.5,14.05,14.24,30.0,0.0,25.0,healthy,0.0
healthy_0,2762,1789814726.4021802,2755.4,117.72,620.47,2.81,97.08,0.0378,10.54,14.02,14.35,30.0,0.0,25.0,healthy,0.0
healthy_0,2763,1789814727.4021802,2726.7,117.78,621.18,2.89,97.06,0.0335,10.46,13.99,14.1,30.0,0.0,25.0,healthy,0.0
healthy_0,2764,1789814728.4021802,2755.7,118.02,620.81,2.9,97.01,0.0352,10.24,13.94,14.35,30.0,0.0,25.0,healthy,0.0
healthy_0,2765,1789814729.4021802,2748.7,117.94,624.38,2.95,96.97,0.0332,10.16,13.92,14.04,30.0,0.0,25.0,healthy,0.0
healthy_0,2766,1789814730.4021802,2746.4,118.22,624.79,2.92,97.16,0.0401,10.22,13.99,13.88,30.0,0.0,25.0,healthy,0.0
healthy_0,2767,1789814731.4021802,2741.3,118.13,619.13,2.85,97.11,0.0281,10.19,14.0,14.26,30.0,0.0,25.0,healthy,0.0
healthy_0,2768,1789814732.4021802,2738.0,118.28,613.51,2.89,96.97,0.0373,10.15,13.93,14.22,30.0,0.0,25.0,healthy,0.0
healthy_0,2769,1789814733.4021802,2720.0,118.36,615.42,2.94,96.98,0.0459,9.97,13.91,14.14,30.0,0.0,25.0,healthy,0.0
healthy_0,2770,1789814734.4021802,2735.1,118.58,621.01,2.91,97.02,0.0529,10.01,13.96,14.04,30.0,0.0,25.0,healthy,0.0
healthy_0,2771,1789814735.4021802,2728.5,118.78,619.39,2.84,97.0,0.0607,9.97,14.04,14.11,30.0,0.0,25.0,healthy,0.0
healthy_0,2772,1789814736.4021802,2728.8,118.65,626.05,2.89,96.88,0.0561,10.05,14.11,14.29,30.0,0.0,25.0,healthy,0.0
healthy_0,2773,1789814737.4021802,2735.0,118.11,620.72,2.89,96.96,0.0486,10.0,14.1,14.73,30.0,0.0,25.0,healthy,0.0
healthy_0,2774,1789814738.4021802,2736.6,117.83,616.72,2.92,96.96,0.0496,10.13,14.17,14.41,30.0,0.0,25.0,healthy,0.0
healthy_0,2775,1789814739.4021802,2732.0,117.54,616.71,3.03,96.99,0.0404,10.11,14.12,14.19,30.0,0.0,25.0,healthy,0.0
healthy_0,2776,1789814740.4021802,2738.9,117.66,619.17,3.01,96.88,0.0393,9.91,14.06,14.1,30.0,0.0,25.0,healthy,0.0
healthy_0,2777,1789814741.4021802,2714.5,117.97,620.02,3.01,96.94,0.0326,9.87,14.05,14.39,30.0,0.0,25.0,healthy,0.0
healthy_0,2778,1789814742.4021802,2720.7,118.06,613.91,2.89,96.9,0.0421,9.93,14.08,14.43,30.0,0.0,25.0,healthy,0.0
healthy_0,2779,1789814743.4021802,2705.4,117.85,616.73,2.94,96.85,0.0429,9.81,14.0,14.03,30.0,0.0,25.0,healthy,0.0
healthy_0,2780,1789814744.4021802,2714.9,117.75,615.32,3.0,96.92,0.0366,9.63,14.04,14.16,30.0,0.0,25.0,healthy,0.0
healthy_0,2781,1789814745.4021802,2748.3,117.67,611.52,2.91,96.93,0.0258,9.69,13.99,14.38,30.0,0.0,25.0,healthy,0.0
healthy_0,2782,1789814746.4021802,2723.9,117.44,617.17,2.91,97.15,0.0354,9.84,14.06,14.05,30.0,0.0,25.0,healthy,0.0
healthy_0,2783,1789814747.4021802,2732.1,117.82,614.37,2.94,97.11,0.039,9.76,14.12,13.99,30.0,0.0,25.0,healthy,0.0
healthy_0,2784,1789814748.4021802,2716.6,117.73,624.35,2.91,97.04,0.041,9.63,14.18,14.28,30.0,0.0,25.0,healthy,0.0
healthy_0,2785,1789814749.4021802,2677.7,117.25,618.19,3.03,96.95,0.0304,9.65,14.16,14.3,30.0,0.0,25.0,healthy,0.0
healthy_0,2786,1789814750.4021802,2691.2,117.38,620.22,2.89,96.98,0.0403,9.62,14.05,14.23,30.0,0.0,25.0,healthy,0.0
healthy_0,2787,1789814751.4021802,2686.8,117.26,620.51,2.89,97.08,0.0435,9.73,14.07,14.21,30.0,0.0,25.0,healthy,0.0
healthy_0,2788,1789814752.4021802,2675.1,117.45,621.26,2.92,97.04,0.043,9.64,14.09,14.24,30.0,0.0,25.0,healthy,0.0
healthy_0,2789,1789814753.4021802,2668.1,117.54,618.42,2.89,97.19,0.0377,9.76,14.09,14.04,30.0,0.0,25.0,healthy,0.0
healthy_0,2790,1789814754.4021802,2659.1,117.78,618.74,2.89,97.19,0.0259,9.7,14.1,14.24,30.0,0.0,25.0,healthy,0.0
healthy_0,2791,1789814755.4021802,2665.1,117.77,619.22,2.88,97.07,0.039,9.82,14.1,14.33,30.0,0.0,25.0,healthy,0.0
healthy_0,2792,1789814756.4021802,2679.5,117.81,619.19,2.84,97.0,0.0342,9.77,14.16,14.54,30.0,0.0,25.0,healthy,0.0
healthy_0,2793,1789814757.4021802,2662.0,118.08,621.32,2.86,96.8,0.0305,9.88,14.19,14.44,30.0,0.0,25.0,healthy,0.0
healthy_0,2794,1789814758.4021802,2706.4,118.14,623.14,2.87,96.96,0.0378,9.76,14.22,14.38,30.0,0.0,25.0,healthy,0.0
healthy_0,2795,1789814759.4021802,2701.9,118.03,623.21,2.84,97.04,0.0374,9.72,14.25,14.34,30.0,0.0,25.0,healthy,0.0
healthy_0,2796,1789814760.4021802,2709.2,118.24,624.22,2.87,97.05,0.0334,10.05,14.3,14.73,30.0,0.0,25.0,healthy,0.0
healthy_0,2797,1789814761.4021802,2714.0,118.34,621.96,2.86,96.97,0.0389,9.99,14.31,14.9,30.0,0.0,25.0,healthy,0.0
healthy_0,2798,1789814762.4021802,2714.8,118.42,620.7,2.96,96.79,0.0437,9.74,14.24,14.97,30.0,0.0,25.0,healthy,0.0
healthy_0,2799,1789814763.4021802,2704.7,118.31,617.62,2.94,96.81,0.049,9.79,14.19,14.5,30.0,0.0,25.0,healthy,0.0
healthy_0,2800,1789814764.4021802,2711.5,118.21,613.13,2.89,96.85,0.0442,9.75,14.14,14.57,30.0,0.0,25.0,healthy,0.0
healthy_0,2801,1789814765.4021802,2719.4,118.34,610.3,2.9,96.76,0.0355,9.76,14.14,14.36,30.0,0.0,25.0,healthy,0.0
healthy_0,2802,1789814766.4021802,2709.7,118.5,611.38,3.02,96.76,0.0351,9.97,14.21,14.6,30.0,0.0,25.0,healthy,0.0
healthy_0,2803,1789814767.4021802,2693.4,119.17,615.13,2.9,96.72,0.0213,10.0,14.25,14.54,30.0,0.0,25.0,healthy,0.0
healthy_0,2804,1789814768.4021802,2702.1,119.04,614.11,2.91,96.67,0.0197,10.05,14.17,14.81,30.0,0.0,25.0,healthy,0.0
healthy_0,2805,1789814769.4021802,2692.2,119.18,611.87,2.98,96.74,0.0279,10.16,14.06,14.7,30.0,0.0,25.0,healthy,0.0
healthy_0,2806,1789814770.4021802,2684.0,119.09,617.65,3.0,96.68,0.0319,9.98,13.97,14.4,30.0,0.0,25.0,healthy,0.0
healthy_0,2807,1789814771.4021802,2707.7,118.96,616.14,2.87,96.77,0.0364,10.1,13.92,14.24,30.0,0.0,25.0,healthy,0.0
healthy_0,2808,1789814772.4021802,2716.2,118.88,614.46,2.84,96.66,0.0378,10.12,14.0,14.0,30.0,0.0,25.0,healthy,0.0
healthy_0,2809,1789814773.4021802,2742.0,118.76,618.38,2.82,96.73,0.0358,10.1,14.0,14.24,30.0,0.0,25.0,healthy,0.0
healthy_0,2810,1789814774.4021802,2723.4,118.71,613.4,2.87,96.7,0.0351,10.25,14.0,14.62,30.0,0.0,25.0,healthy,0.0
healthy_0,2811,1789814775.4021802,2726.0,118.7,613.48,2.82,96.61,0.0377,10.3,14.02,14.61,30.0,0.0,25.0,healthy,0.0
healthy_0,2812,1789814776.4021802,2730.9,118.44,611.69,2.82,96.81,0.035,10.15,13.96,14.54,30.0,0.0,25.0,healthy,0.0
healthy_0,2813,1789814777.4021802,2724.6,118.57,617.01,2.8,96.92,0.0337,10.02,13.97,14.71,30.0,0.0,25.0,healthy,0.0
healthy_0,2814,1789814778.4021802,2744.8,118.67,611.82,2.91,96.96,0.029,10.02,13.99,14.14,30.0,0.0,25.0,healthy,0.0
healthy_0,2815,1789814779.4021802,2735.5,118.5,609.35,2.87,96.92,0.0275,9.87,14.0,14.22,30.0,0.0,25.0,healthy,0.0
healthy_0,2816,1789814780.4021802,2724.8,118.63,610.16,2.83,96.95,0.0303,9.82,14.02,14.32,30.0,0.0,25.0,healthy,0.0
healthy_0,2817,1789814781.4021802,2717.7,118.47,610.6,2.93,97.0,0.0295,9.8,13.99,14.33,30.0,0.0,25.0,healthy,0.0
healthy_0,2818,1789814782.4021802,2721.9,118.45,608.05,2.86,97.0,0.0352,9.83,13.95,14.46,30.0,0.0,25.0,healthy,0.0
healthy_0,2819,1789814783.4021802,2718.3,118.19,610.03,2.84,97.02,0.0326,10.01,14.04,14.21,30.0,0.0,25.0,healthy,0.0
healthy_0,2820,1789814784.4021802,2698.0,118.5,616.6,2.88,96.89,0.0296,9.98,13.93,14.18,30.0,0.0,25.0,healthy,0.0
healthy_0,2821,1789814785.4021802,2714.9,118.3,617.02,2.84,96.95,0.0401,9.97,13.98,14.31,30.0,0.0,25.0,healthy,0.0
healthy_0,2822,1789814786.4021802,2722.5,118.57,614.0,2.83,96.8,0.0389,9.92,14.04,14.53,30.0,0.0,25.0,healthy,0.0
healthy_0,2823,1789814787.4021802,2753.0,118.39,617.06,2.75,96.72,0.0391,10.05,14.15,14.46,30.0,0.0,25.0,healthy,0.0
healthy_0,2824,1789814788.4021802,2749.1,118.52,616.06,2.7,96.74,0.0451,10.0,14.15,14.51,30.0,0.0,25.0,healthy,0.0
healthy_0,2825,1789814789.4021802,2758.8,118.85,611.15,2.65,96.79,0.0373,9.97,14.13,14.1,30.0,0.0,25.0,healthy,0.0
healthy_0,2826,1789814790.4021802,2743.5,118.52,614.6,2.71,96.81,0.0342,9.87,14.06,14.08,30.0,0.0,25.0,healthy,0.0
healthy_0,2827,1789814791.4021802,2730.0,118.24,619.53,2.76,96.84,0.0353,9.84,13.94,14.52,30.0,0.0,25.0,healthy,0.0
healthy_0,2828,1789814792.4021802,2741.4,118.2,613.8,2.82,96.83,0.0364,9.79,13.9,14.4,30.0,0.0,25.0,healthy,0.0
healthy_0,2829,1789814793.4021802,2742.0,118.34,614.16,2.79,96.75,0.0354,9.81,13.94,14.18,30.0,0.0,25.0,healthy,0.0
healthy_0,2830,1789814794.4021802,2746.2,118.81,615.5,2.77,96.74,0.0366,9.86,13.93,13.96,30.0,0.0,25.0,healthy,0.0
healthy_0,2831,1789814795.4021802,2724.1,118.77,614.51,2.76,96.81,0.0401,10.05,13.96,14.06,30.0,0.0,25.0,healthy,0.0
healthy_0,2832,1789814796.4021802,2708.1,118.47,613.58,2.78,96.77,0.0441,9.81,13.94,14.14,30.0,0.0,25.0,healthy,0.0
healthy_0,2833,1789814797.4021802,2705.0,118.21,611.57,2.82,96.82,0.0386,9.95,13.91,14.52,30.0,0.0,25.0,healthy,0.0
healthy_0,2834,1789814798.4021802,2697.7,118.15,612.57,2.83,96.98,0.0439,9.95,13.92,14.36,30.0,0.0,25.0,healthy,0.0
healthy_0,2835,1789814799.4021802,2675.1,118.11,618.22,2.87,96.95,0.0437,9.99,13.98,14.7,30.0,0.0,25.0,healthy,0.0
healthy_0,2836,1789814800.4021802,2693.0,117.98,618.98,2.9,96.91,0.0358,10.1,13.95,14.65,30.0,0.0,25.0,healthy,0.0
healthy_0,2837,1789814801.4021802,2690.2,117.62,616.01,2.91,96.98,0.0393,9.99,13.98,14.56,30.0,0.0,25.0,healthy,0.0
healthy_0,2838,1789814802.4021802,2707.8,117.81,616.65,2.93,97.07,0.0471,9.9,13.93,14.52,30.0,0.0,25.0,healthy,0.0
healthy_0,2839,1789814803.4021802,2700.8,118.09,616.82,2.9,97.21,0.0371,9.9,13.97,14.13,30.0,0.0,25.0,healthy,0.0
healthy_0,2840,1789814804.4021802,2716.6,118.04,616.34,2.9,97.11,0.0301,10.11,13.97,14.27,30.0,0.0,25.0,healthy,0.0
healthy_0,2841,1789814805.4021802,2700.8,118.14,618.9,2.84,97.23,0.0244,9.91,14.0,14.17,30.0,0.0,25.0,healthy,0.0
healthy_0,2842,1789814806.4021802,2709.1,118.19,623.77,2.85,97.26,0.0308,9.81,13.98,13.96,30.0,0.0,25.0,healthy,0.0
healthy_0,2843,1789814807.4021802,2724.8,117.93,621.22,2.81,97.31,0.0297,9.81,13.97,14.76,30.0,0.0,25.0,healthy,0.0
healthy_0,2844,1789814808.4021802,2709.7,118.09,616.66,2.84,97.4,0.0316,9.8,14.04,14.69,30.0,0.0,25.0,healthy,0.0
healthy_0,2845,1789814809.4021802,2693.0,118.04,621.18,2.88,97.35,0.0361,9.77,14.03,14.77,30.0,0.0,25.0,healthy,0.0
healthy_0,2846,1789814810.4021802,2695.7,118.34,624.01,2.84,97.28,0.0342,9.82,14.01,14.84,30.0,0.0,25.0,healthy,0.0
healthy_0,2847,1789814811.4021802,2708.5,118.19,625.6,2.81,97.34,0.0339,9.94,14.05,14.75,30.0,0.0,25.0,healthy,0.0
healthy_0,2848,1789814812.4021802,2726.4,117.68,626.51,2.85,97.43,0.042,9.85,14.06,14.3,30.0,0.0,25.0,healthy,0.0
healthy_0,2849,1789814813.4021802,2735.9,117.87,624.94,2.81,97.59,0.0304,9.86,14.0,14.34,30.0,0.0,25.0,healthy,0.0
healthy_0,2850,1789814814.4021802,2748.7,118.21,623.67,2.9,97.63,0.0347,9.99,14.02,13.89,30.0,0.0,25.0,healthy,0.0
healthy_0,2851,1789814815.4021802,2729.5,118.46,620.56,2.88,97.61,0.0416,9.9,14.01,14.08,30.0,0.0,25.0,healthy,0.0
healthy_0,2852,1789814816.4021802,2707.9,118.5,615.77,2.94,97.53,0.0393,9.87,14.03,13.98,30.0,0.0,25.0,healthy,0.0
healthy_0,2853,1789814817.4021802,2694.1,118.31,618.46,2.88,97.53,0.0348,10.0,14.07,14.2,30.0,0.0,25.0,healthy,0.0
healthy_0,2854,1789814818.4021802,2686.1,118.43,618.09,2.9,97.47,0.032,10.03,14.1,14.2,30.0,0.0,25.0,healthy,0.0
healthy_0,2855,1789814819.4021802,2695.6,118.54,623.49,2.87,97.51,0.0326,10.04,14.11,14.4,30.0,0.0,25.0,healthy,0.0
healthy_0,2856,1789814820.4021802,2694.4,118.47,619.86,2.82,97.32,0.0276,9.97,14.09,14.35,30.0,0.0,25.0,healthy,0.0
healthy_0,2857,1789814821.4021802,2685.9,118.6,616.65,2.84,97.38,0.0298,9.94,14.11,14.57,30.0,0.0,25.0,healthy,0.0
healthy_0,2858,1789814822.4021802,2688.8,118.93,617.01,2.89,97.37,0.0298,10.07,14.15,14.51,30.0,0.0,25.0,healthy,0.0
healthy_0,2859,1789814823.4021802,2717.1,118.55,613.46,2.87,97.44,0.0236,9.92,14.16,14.21,30.0,0.0,25.0,healthy,0.0
healthy_0,2860,1789814824.4021802,2723.4,118.38,614.56,2.92,97.5,0.0354,9.9,14.18,14.32,30.0,0.0,25.0,healthy,0.0
healthy_0,2861,1789814825.4021802,2726.9,118.5,613.86,2.87,97.47,0.0347,9.9,14.1,14.39,30.0,0.0,25.0,healthy,0.0
healthy_0,2862,1789814826.4021802,2722.1,118.94,617.82,2.84,97.49,0.0389,9.87,14.06,14.08,30.0,0.0,25.0,healthy,0.0
healthy_0,2863,1789814827.4021802,2710.5,119.2,611.28,2.86,97.47,0.0389,9.92,14.04,14.23,30.0,0.0,25.0,healthy,0.0
healthy_0,2864,1789814828.4021802,2717.9,119.45,613.19,2.91,97.37,0.0471,10.0,14.06,14.32,30.0,0.0,25.0,healthy,0.0
healthy_0,2865,1789814829.4021802,2711.3,119.4,612.17,2.95,97.55,0.0389,10.04,14.1,14.34,30.0,0.0,25.0,healthy,0.0
healthy_0,2866,1789814830.4021802,2726.6,119.18,608.46,2.93,97.33,0.0397,10.08,14.15,14.71,30.0,0.0,25.0,healthy,0.0
healthy_0,2867,1789814831.4021802,2738.2,119.37,612.86,2.99,97.27,0.0297,10.05,14.24,14.36,30.0,0.0,25.0,healthy,0.0
healthy_0,2868,1789814832.4021802,2741.4,119.29,616.53,2.91,97.16,0.0357,9.97,14.33,13.87,30.0,0.0,25.0,healthy,0.0
healthy_0,2869,1789814833.4021802,2725.4,119.13,618.69,2.88,97.13,0.0281,9.92,14.36,14.03,30.0,0.0,25.0,healthy,0.0
healthy_0,2870,1789814834.4021802,2740.3,118.74,616.58,2.85,97.01,0.0385,9.96,14.3,14.49,30.0,0.0,25.0,healthy,0.0
healthy_0,2871,1789814835.4021802,2716.0,118.88,613.66,2.78,96.87,0.0451,10.05,14.31,14.15,30.0,0.0,25.0,healthy,0.0
healthy_0,2872,1789814836.4021802,2718.9,118.89,611.4,2.86,96.77,0.0437,10.12,14.36,14.51,30.0,0.0,25.0,healthy,0.0
healthy_0,2873,1789814837.4021802,2700.8,118.72,609.93,2.85,96.95,0.0406,9.99,14.3,14.41,30.0,0.0,25.0,healthy,0.0
healthy_0,2874,1789814838.4021802,2695.8,118.94,611.92,2.87,96.97,0.0402,10.16,14.32,14.35,30.0,0.0,25.0,healthy,0.0
healthy_0,2875,1789814839.4021802,2710.1,118.88,615.35,2.82,97.06,0.0438,10.24,14.29,14.72,30.0,0.0,25.0,healthy,0.0
healthy_0,2876,1789814840.4021802,2717.0,118.88,618.75,2.89,96.84,0.0543,10.22,14.25,14.65,30.0,0.0,25.0,healthy,0.0
healthy_0,2877,1789814841.4021802,2740.1,118.9,617.45,2.79,96.77,0.0553,10.21,14.25,14.57,30.0,0.0,25.0,healthy,0.0
healthy_0,2878,1789814842.4021802,2733.7,118.69,618.59,2.78,96.71,0.0448,10.19,14.25,14.33,30.0,0.0,25.0,healthy,0.0
healthy_0,2879,1789814843.4021802,2740.8,118.87,621.29,2.85,96.52,0.0384,10.35,14.24,14.19,30.0,0.0,25.0,healthy,0.0
healthy_0,2880,1789814844.4021802,2744.3,118.54,619.33,2.86,96.49,0.027,10.37,14.32,14.66,30.0,0.0,25.0,healthy,0.0
healthy_0,2881,1789814845.4021802,2728.8,118.28,622.17,2.89,96.52,0.0362,10.13,14.32,14.49,30.0,0.0,25.0,healthy,0.0
healthy_0,2882,1789814846.4021802,2742.9,118.13,619.11,2.89,96.51,0.0455,10.04,14.33,14.39,30.0,0.0,25.0,healthy,0.0
healthy_0,2883,1789814847.4021802,2739.8,118.0,618.0,2.82,96.66,0.0407,10.05,14.37,14.34,30.0,0.0,25.0,healthy,0.0
healthy_0,2884,1789814848.4021802,2751.6,118.05,622.98,2.85,96.78,0.0477,9.93,14.38,14.62,30.0,0.0,25.0,healthy,0.0
healthy_0,2885,1789814849.4021802,2743.7,118.1,625.06,2.89,96.77,0.0385,9.93,14.44,14.72,30.0,0.0,25.0,healthy,0.0
healthy_0,2886,1789814850.4021802,2765.4,118.01,625.64,2.81,96.73,0.0385,10.05,14.42,14.41,30.0,0.0,25.0,healthy,0.0
healthy_0,2887,1789814851.4021802,2785.5,117.92,625.46,2.84,96.84,0.0356,10.0,14.4,14.13,30.0,0.0,25.0,healthy,0.0
healthy_0,2888,1789814852.4021802,2760.0,118.12,618.9,2.8,96.8,0.0412,10.05,14.39,14.25,30.0,0.0,25.0,healthy,0.0
healthy_0,2889,1789814853.4021802,2730.0,118.29,619.26,2.89,96.98,0.036,10.1,14.42,14.26,30.0,0.0,25.0,healthy,0.0
healthy_0,2890,1789814854.4021802,2729.6,118.5,614.14,2.86,96.88,0.0354,9.95,14.4,14.18,30.0,0.0,25.0,healthy,0.0
healthy_0,2891,1789814855.4021802,2718.6,118.65,613.93,2.95,96.91,0.0347,9.93,14.31,14.38,30.0,0.0,25.0,healthy,0.0
healthy_0,2892,1789814856.4021802,2704.8,118.71,610.06,2.97,96.91,0.0276,9.99,14.33,14.07,30.0,0.0,25.0,healthy,0.0
healthy_0,2893,1789814857.4021802,2702.9,118.57,613.15,2.98,96.95,0.0255,9.92,14.33,14.31,30.0,0.0,25.0,healthy,0.0
healthy_0,2894,1789814858.4021802,2705.0,118.53,609.23,2.94,97.07,0.0239,9.87,14.3,13.97,30.0,0.0,25.0,healthy,0.0
healthy_0,2895,1789814859.4021802,2722.1,118.38,612.85,2.87,97.14,0.0345,10.01,14.32,14.05,30.0,0.0,25.0,healthy,0.0
healthy_0,2896,1789814860.4021802,2717.7,118.38,616.54,2.88,97.29,0.0301,9.93,14.28,14.48,30.0,0.0,25.0,healthy,0.0
healthy_0,2897,1789814861.4021802,2718.1,118.39,613.68,2.87,97.4,0.0398,9.93,14.28,14.44,30.0,0.0,25.0,healthy,0.0
healthy_0,2898,1789814862.4021802,2693.4,118.19,616.93,2.91,97.54,0.0358,9.9,14.33,14.24,30.0,0.0,25.0,healthy,0.0
healthy_0,2899,1789814863.4021802,2711.8,118.37,617.11,2.82,97.5,0.0393,10.1,14.3,14.29,30.0,0.0,25.0,healthy,0.0
healthy_0,2900,1789814864.4021802,2715.2,118.56,614.09,2.79,97.71,0.0355,10.14,14.24,14.78,30.0,0.0,25.0,healthy,0.0
healthy_0,2901,1789814865.4021802,2723.3,118.37,615.79,2.79,97.6,0.0385,10.17,14.28,14.85,30.0,0.0,25.0,healthy,0.0
healthy_0,2902,1789814866.4021802,2742.9,118.33,614.29,2.82,97.66,0.0399,10.17,14.26,14.66,30.0,0.0,25.0,healthy,0.0
healthy_0,2903,1789814867.4021802,2718.5,117.86,613.85,2.84,97.46,0.0446,10.02,14.22,14.51,30.0,0.0,25.0,healthy,0.0
healthy_0,2904,1789814868.4021802,2706.0,118.23,617.37,2.8,97.43,0.0416,10.19,14.28,14.62,30.0,0.0,25.0,healthy,0.0
healthy_0,2905,1789814869.4021802,2703.5,118.41,613.1,2.79,97.37,0.0317,10.12,14.22,14.84,30.0,0.0,25.0,healthy,0.0
healthy_0,2906,1789814870.4021802,2715.0,118.12,612.64,2.83,97.46,0.0363,10.01,14.17,14.52,30.0,0.0,25.0,healthy,0.0
healthy_0,2907,1789814871.4021802,2720.5,118.1,611.75,2.77,97.4,0.0349,9.96,14.22,14.39,30.0,0.0,25.0,healthy,0.0
healthy_0,2908,1789814872.4021802,2722.3,118.0,611.21,2.78,97.42,0.0373,10.12,14.22,14.35,30.0,0.0,25.0,healthy,0.0
healthy_0,2909,1789814873.4021802,2747.5,117.75,608.74,2.79,97.49,0.0312,10.1,14.18,14.48,30.0,0.0,25.0,healthy,0.0
healthy_0,2910,1789814874.4021802,2763.0,117.81,607.1,2.76,97.5,0.0398,10.04,14.11,14.61,30.0,0.0,25.0,healthy,0.0
healthy_0,2911,1789814875.4021802,2754.0,117.63,610.01,2.83,97.37,0.0416,9.9,14.12,14.52,30.0,0.0,25.0,healthy,0.0
healthy_0,2912,1789814876.4021802,2729.1,117.62,610.23,2.89,97.33,0.0486,9.81,14.1,14.39,30.0,0.0,25.0,healthy,0.0
healthy_0,2913,1789814877.4021802,2740.6,117.77,612.99,2.94,97.37,0.0415,10.08,14.08,14.36,30.0,0.0,25.0,healthy,0.0
healthy_0,2914,1789814878.4021802,2714.4,117.64,616.55,2.96,97.33,0.0304,10.11,14.11,14.42,30.0,0.0,25.0,healthy,0.0
healthy_0,2915,1789814879.4021802,2721.9,117.53,617.8,2.99,97.18,0.0308,10.13,14.08,14.51,30.0,0.0,25.0,healthy,0.0
healthy_0,2916,1789814880.4021802,2707.0,117.65,621.48,2.99,97.07,0.0309,10.17,14.03,14.45,30.0,0.0,25.0,healthy,0.0
healthy_0,2917,1789814881.4021802,2661.9,118.0,611.67,3.01,96.95,0.0382,10.05,14.01,14.54,30.0,0.0,25.0,healthy,0.0
healthy_0,2918,1789814882.4021802,2664.7,117.87,609.72,2.93,96.86,0.0406,10.0,14.0,14.56,30.0,0.0,25.0,healthy,0.0
healthy_0,2919,1789814883.4021802,2687.1,117.87,605.14,2.91,96.86,0.0458,10.11,14.03,14.39,30.0,0.0,25.0,healthy,0.0
healthy_0,2920,1789814884.4021802,2689.8,118.18,609.21,2.83,96.85,0.0479,10.04,14.05,14.06,30.0,0.0,25.0,healthy,0.0
healthy_0,2921,1789814885.4021802,2676.9,117.69,615.24,2.84,96.9,0.0453,9.92,14.08,14.1,30.0,0.0,25.0,healthy,0.0
healthy_0,2922,1789814886.4021802,2670.7,117.4,611.63,2.93,96.83,0.0471,9.94,14.12,14.11,30.0,0.0,25.0,healthy,0.0
healthy_0,2923,1789814887.4021802,2691.5,117.33,612.02,2.89,96.83,0.0343,9.91,14.18,14.24,30.0,0.0,25.0,healthy,0.0
healthy_0,2924,1789814888.4021802,2685.0,117.48,611.02,2.89,96.87,0.0212,9.77,14.07,14.37,30.0,0.0,25.0,healthy,0.0
healthy_0,2925,1789814889.4021802,2683.0,117.24,607.78,2.98,96.78,0.0242,9.8,14.09,14.38,30.0,0.0,25.0,healthy,0.0
healthy_0,2926,1789814890.4021802,2677.7,117.46,611.84,2.95,96.76,0.034,9.97,14.02,14.06,30.0,0.0,25.0,healthy,0.0
healthy_0,2927,1789814891.4021802,2693.2,117.54,613.51,2.94,96.76,0.0421,9.85,14.03,14.58,30.0,0.0,25.0,healthy,0.0
healthy_0,2928,1789814892.4021802,2704.1,117.25,609.45,2.93,96.85,0.0379,10.03,14.14,14.48,30.0,0.0,25.0,healthy,0.0
healthy_0,2929,1789814893.4021802,2733.1,117.69,611.07,2.87,96.64,0.0369,9.94,14.16,14.73,30.0,0.0,25.0,healthy,0.0
healthy_0,2930,1789814894.4021802,2741.8,117.74,613.73,2.9,96.63,0.0345,9.98,14.21,14.54,30.0,0.0,25.0,healthy,0.0
healthy_0,2931,1789814895.4021802,2721.0,117.77,611.83,2.89,96.61,0.0391,10.04,14.21,14.15,30.0,0.0,25.0,healthy,0.0
healthy_0,2932,1789814896.4021802,2718.0,117.56,609.05,2.92,96.72,0.0384,9.89,14.16,14.11,30.0,0.0,25.0,healthy,0.0
healthy_0,2933,1789814897.4021802,2725.4,117.56,611.19,2.93,96.81,0.0413,9.95,14.15,14.12,30.0,0.0,25.0,healthy,0.0
healthy_0,2934,1789814898.4021802,2729.4,117.97,603.79,2.87,96.77,0.0352,10.21,14.1,14.21,30.0,0.0,25.0,healthy,0.0
healthy_0,2935,1789814899.4021802,2728.3,117.85,599.78,2.8,96.85,0.0311,10.09,14.08,14.23,30.0,0.0,25.0,healthy,0.0
healthy_0,2936,1789814900.4021802,2734.4,118.15,599.96,2.89,96.9,0.0284,10.13,14.06,14.11,30.0,0.0,25.0,healthy,0.0
healthy_0,2937,1789814901.4021802,2747.4,118.13,604.09,2.8,96.78,0.0324,10.12,13.99,14.14,30.0,0.0,25.0,healthy,0.0
healthy_0,2938,1789814902.4021802,2721.3,118.1,605.46,2.74,96.88,0.0367,10.11,14.06,13.91,30.0,0.0,25.0,healthy,0.0
healthy_0,2939,1789814903.4021802,2728.1,118.09,613.91,2.79,96.91,0.0437,10.22,14.05,14.31,30.0,0.0,25.0,healthy,0.0
healthy_0,2940,1789814904.4021802,2703.0,118.25,613.16,2.84,97.1,0.0374,10.21,13.98,14.16,30.0,0.0,25.0,healthy,0.0
healthy_0,2941,1789814905.4021802,2693.0,118.7,612.49,2.89,96.94,0.0403,10.13,13.94,14.55,30.0,0.0,25.0,healthy,0.0
healthy_0,2942,1789814906.4021802,2670.0,118.83,612.38,2.92,97.01,0.0438,10.01,13.86,14.45,30.0,0.0,25.0,healthy,0.0
healthy_0,2943,1789814907.4021802,2681.3,118.6,615.23,2.91,97.2,0.0376,9.88,13.92,14.35,30.0,0.0,25.0,healthy,0.0
healthy_0,2944,1789814908.4021802,2704.6,118.97,615.24,2.99,97.31,0.042,9.93,13.89,14.13,30.0,0.0,25.0,healthy,0.0
healthy_0,2945,1789814909.4021802,2718.9,119.21,610.85,2.86,97.34,0.038,9.86,13.95,13.94,30.0,0.0,25.0,healthy,0.0
healthy_0,2946,1789814910.4021802,2730.4,119.43,611.54,2.85,97.3,0.0443,9.84,13.98,14.27,30.0,0.0,25.0,healthy,0.0
healthy_0,2947,1789814911.4021802,2716.0,119.53,609.78,2.92,97.32,0.0408,9.97,14.02,14.28,30.0,0.0,25.0,healthy,0.0
healthy_0,2948,1789814912.4021802,2714.9,119.57,608.5,2.87,97.34,0.03,9.97,14.1,14.15,30.0,0.0,25.0,healthy,0.0
healthy_0,2949,1789814913.4021802,2728.0,119.34,609.83,2.85,97.35,0.0294,9.98,14.11,14.58,30.0,0.0,25.0,healthy,0.0
healthy_0,2950,1789814914.4021802,2746.9,119.12,615.23,2.97,97.34,0.0368,9.98,14.02,14.44,30.0,0.0,25.0,healthy,0.0
healthy_0,2951,1789814915.4021802,2705.5,119.01,616.64,3.0,97.33,0.0399,10.04,14.04,14.56,30.0,0.0,25.0,healthy,0.0
healthy_0,2952,1789814916.4021802,2691.0,119.28,616.61,2.85,97.44,0.0385,10.11,14.11,14.62,30.0,0.0,25.0,healthy,0.0
healthy_0,2953,1789814917.4021802,2686.4,119.01,616.9,2.8,97.31,0.0345,10.05,14.1,14.48,30.0,0.0,25.0,healthy,0.0
healthy_0,2954,1789814918.4021802,2686.1,118.98,612.77,2.82,97.31,0.0394,9.78,14.04,14.66,30.0,0.0,25.0,healthy,0.0
healthy_0,2955,1789814919.4021802,2673.0,118.95,611.48,2.84,97.39,0.0388,9.84,14.03,14.83,30.0,0.0,25.0,healthy,0.0
healthy_0,2956,1789814920.4021802,2674.4,118.61,609.7,2.95,97.52,0.043,10.0,14.0,14.76,30.0,0.0,25.0,healthy,0.0
healthy_0,2957,1789814921.4021802,2691.8,118.6,614.74,3.01,97.43,0.0478,10.03,13.97,14.36,30.0,0.0,25.0,healthy,0.0
healthy_0,2958,1789814922.4021802,2692.4,118.68,615.45,2.93,97.4,0.0415,10.09,13.85,14.98,30.0,0.0,25.0,healthy,0.0
healthy_0,2959,1789814923.4021802,2692.9,118.83,616.11,2.8,97.39,0.0419,10.05,13.91,14.63,30.0,0.0,25.0,healthy,0.0
healthy_0,2960,1789814924.4021802,2682.7,118.22,610.76,2.88,97.32,0.0403,10.01,13.93,14.58,30.0,0.0,25.0,healthy,0.0
healthy_0,2961,1789814925.4021802,2677.1,118.43,607.35,2.88,97.46,0.0232,9.89,13.94,14.42,30.0,0.0,25.0,healthy,0.0
healthy_0,2962,1789814926.4021802,2692.6,118.41,606.18,2.86,97.39,0.0295,10.12,13.96,14.47,30.0,0.0,25.0,healthy,0.0
healthy_0,2963,1789814927.4021802,2706.0,118.77,608.36,2.95,97.3,0.0314,10.06,13.95,14.32,30.0,0.0,25.0,healthy,0.0
healthy_0,2964,1789814928.4021802,2719.7,118.58,611.4,2.99,97.45,0.0333,9.91,14.03,14.3,30.0,0.0,25.0,healthy,0.0
healthy_0,2965,1789814929.4021802,2727.1,118.5,612.7,2.95,97.48,0.0367,9.92,14.01,14.8,30.0,0.0,25.0,healthy,0.0
healthy_0,2966,1789814930.4021802,2737.7,118.48,614.19,2.96,97.5,0.0319,9.99,14.06,14.59,30.0,0.0,25.0,healthy,0.0
healthy_0,2967,1789814931.4021802,2727.2,118.1,611.4,2.92,97.28,0.0252,9.99,14.01,14.48,30.0,0.0,25.0,healthy,0.0
healthy_0,2968,1789814932.4021802,2726.8,118.4,609.29,2.94,97.25,0.0246,9.97,14.06,14.41,30.0,0.0,25.0,healthy,0.0
healthy_0,2969,1789814933.4021802,2724.6,118.6,610.11,2.89,97.26,0.0287,9.97,14.14,14.35,30.0,0.0,25.0,healthy,0.0
healthy_0,2970,1789814934.4021802,2734.8,118.77,611.08,2.99,97.36,0.037,10.02,14.19,14.56,30.0,0.0,25.0,healthy,0.0
healthy_0,2971,1789814935.4021802,2735.1,118.79,618.18,2.91,97.28,0.0369,9.96,14.17,14.3,30.0,0.0,25.0,healthy,0.0
healthy_0,2972,1789814936.4021802,2747.0,118.69,619.77,2.95,97.35,0.0431,9.93,14.31,14.52,30.0,0.0,25.0,healthy,0.0
healthy_0,2973,1789814937.4021802,2748.3,118.37,618.38,2.99,97.43,0.0456,10.11,14.38,14.16,30.0,0.0,25.0,healthy,0.0
healthy_0,2974,1789814938.4021802,2744.5,118.37,611.13,2.95,97.46,0.0413,10.0,14.4,13.93,30.0,0.0,25.0,healthy,0.0
healthy_0,2975,1789814939.4021802,2748.7,118.48,616.28,3.0,97.48,0.0462,10.12,14.41,14.29,30.0,0.0,25.0,healthy,0.0
healthy_0,2976,1789814940.4021802,2722.8,118.37,618.12,2.91,97.55,0.0341,10.29,14.3,14.34,30.0,0.0,25.0,healthy,0.0
healthy_0,2977,1789814941.4021802,2723.6,118.86,622.09,2.96,97.59,0.0304,10.35,14.23,14.59,30.0,0.0,25.0,healthy,0.0
healthy_0,2978,1789814942.4021802,2718.9,119.12,617.35,2.93,97.46,0.0387,10.32,14.23,14.59,30.0,0.0,25.0,healthy,0.0
healthy_0,2979,1789814943.4021802,2699.5,119.05,615.32,2.99,97.49,0.0324,10.36,14.32,14.5,30.0,0.0,25.0,healthy,0.0
healthy_0,2980,1789814944.4021802,2701.4,118.7,610.79,2.94,97.48,0.0281,10.36,14.27,14.58,30.0,0.0,25.0,healthy,0.0
healthy_0,2981,1789814945.4021802,2724.8,118.31,613.06,2.96,97.49,0.0397,10.45,14.22,14.64,30.0,0.0,25.0,healthy,0.0
healthy_0,2982,1789814946.4021802,2738.5,118.16,613.92,2.92,97.6,0.0359,10.11,14.15,14.54,30.0,0.0,25.0,healthy,0.0
healthy_0,2983,1789814947.4021802,2722.5,118.11,614.02,3.01,97.5,0.0417,9.98,14.08,14.41,30.0,0.0,25.0,healthy,0.0
healthy_0,2984,1789814948.4021802,2689.9,117.52,616.23,2.93,97.55,0.0462,9.94,14.14,14.22,30.0,0.0,25.0,healthy,0.0
healthy_0,2985,1789814949.4021802,2701.1,117.57,617.63,2.89,97.64,0.0435,9.94,14.13,14.29,30.0,0.0,25.0,healthy,0.0
healthy_0,2986,1789814950.4021802,2700.9,117.52,619.07,2.93,97.64,0.0377,9.88,14.02,14.35,30.0,0.0,25.0,healthy,0.0
healthy_0,2987,1789814951.4021802,2728.7,117.58,620.12,2.92,97.5,0.0283,10.15,13.95,14.24,30.0,0.0,25.0,healthy,0.0
healthy_0,2988,1789814952.4021802,2734.5,117.82,616.28,2.89,97.64,0.025,10.23,14.01,14.49,30.0,0.0,25.0,healthy,0.0
healthy_0,2989,1789814953.4021802,2729.9,117.86,614.57,2.92,97.77,0.0308,10.12,14.05,14.32,30.0,0.0,25.0,healthy,0.0
healthy_0,2990,1789814954.4021802,2717.1,118.12,616.48,2.84,97.68,0.0308,10.03,14.06,14.19,30.0,0.0,25.0,healthy,0.0
healthy_0,2991,1789814955.4021802,2729.5,118.12,615.84,2.89,97.78,0.0357,10.03,14.09,14.24,30.0,0.0,25.0,healthy,0.0
healthy_0,2992,1789814956.4021802,2734.7,118.06,615.67,2.86,97.75,0.0409,9.92,13.99,14.11,30.0,0.0,25.0,healthy,0.0
healthy_0,2993,1789814957.4021802,2724.5,117.88,609.36,2.81,97.82,0.0454,9.87,13.92,14.18,30.0,0.0,25.0,healthy,0.0
healthy_0,2994,1789814958.4021802,2708.1,118.06,610.25,2.76,97.9,0.0389,10.04,13.96,14.34,30.0,0.0,25.0,healthy,0.0
healthy_0,2995,1789814959.4021802,2702.3,118.22,614.15,2.85,97.89,0.0379,10.05,13.99,14.42,30.0,0.0,25.0,healthy,0.0
healthy_0,2996,1789814960.4021802,2720.3,118.34,614.3,2.88,97.89,0.044,9.88,13.93,14.72,30.0,0.0,25.0,healthy,0.0
healthy_0,2997,1789814961.4021802,2732.6,118.1,607.15,2.92,97.87,0.0317,9.87,13.93,14.65,30.0,0.0,25.0,healthy,0.0
healthy_0,2998,1789814962.4021802,2746.8,118.16,608.92,2.86,97.95,0.0397,9.92,13.97,14.62,30.0,0.0,25.0,healthy,0.0
healthy_0,2999,1789814963.4021802,2725.5,118.23,611.17,2.95,97.9,0.0391,9.93,13.93,14.58,30.0,0.0,25.0,healthy,0.0
healthy_0,3000,1789814964.4021802,2306.4,117.98,604.61,2.74,97.82,0.0388,7.95,13.89,12.74,10.0,0.0,25.0,healthy,0.0
healthy_0,3001,1789814965.4021802,2072.6,117.56,589.81,2.51,97.67,0.0452,7.17,13.92,11.99,10.0,0.0,25.0,healthy,0.0
healthy_0,3002,1789814966.4021802,1970.9,117.19,580.61,2.38,97.7,0.0401,6.64,13.78,11.71,10.0,0.0,25.0,healthy,0.0
healthy_0,3003,1789814967.4021802,1929.8,116.76,568.54,2.3,97.53,0.0392,6.33,13.75,11.58,10.0,0.0,25.0,healthy,0.0
healthy_0,3004,1789814968.4021802,1895.7,116.39,564.79,2.27,97.31,0.0377,6.37,13.77,11.84,10.0,0.0,25.0,healthy,0.0
healthy_0,3005,1789814969.4021802,1856.7,116.02,557.31,2.22,97.26,0.0299,6.41,13.76,11.78,10.0,0.0,25.0,healthy,0.0
healthy_0,3006,1789814970.4021802,1853.1,115.9,556.7,2.26,97.24,0.0355,6.47,13.77,11.56,10.0,0.0,25.0,healthy,0.0
healthy_0,3007,1789814971.4021802,1852.1,115.45,550.17,2.23,97.11,0.034,6.4,13.76,11.3,10.0,0.0,25.0,healthy,0.0
healthy_0,3008,1789814972.4021802,1865.2,115.52,552.25,2.2,97.14,0.0361,6.36,13.73,11.33,10.0,0.0,25.0,healthy,0.0
healthy_0,3009,1789814973.4021802,1858.4,115.54,546.96,2.28,97.14,0.038,6.48,13.79,11.34,10.0,0.0,25.0,healthy,0.0
healthy_0,3010,1789814974.4021802,1851.1,115.06,546.32,2.3,96.96,0.0315,6.51,13.77,11.13,10.0,0.0,25.0,healthy,0.0
healthy_0,3011,1789814975.4021802,1848.5,115.02,548.58,2.31,97.12,0.0332,6.6,13.83,11.4,10.0,0.0,25.0,healthy,0.0
healthy_0,3012,1789814976.4021802,1848.7,114.91,545.55,2.27,97.06,0.0381,6.49,13.89,11.32,10.0,0.0,25.0,healthy,0.0
healthy_0,3013,1789814977.4021802,1862.1,114.42,542.57,2.26,96.98,0.0153,6.48,13.9,11.4,10.0,0.0,25.0,healthy,0.0
healthy_0,3014,1789814978.4021802,1852.6,114.59,547.34,2.17,96.92,0.0239,6.56,13.91,11.58,10.0,0.0,25.0,healthy,0.0
healthy_0,3015,1789814979.4021802,1835.8,114.48,546.16,2.24,96.87,0.0305,6.64,13.96,11.74,10.0,0.0,25.0,healthy,0.0
healthy_0,3016,1789814980.4021802,1842.2,114.3,541.65,2.2,96.92,0.02,6.72,14.01,11.68,10.0,0.0,25.0,healthy,0.0
healthy_0,3017,1789814981.4021802,1820.6,113.78,540.95,2.18,96.86,0.0297,6.68,13.97,11.08,10.0,0.0,25.0,healthy,0.0
healthy_0,3018,1789814982.4021802,1833.9,113.63,537.09,2.21,96.76,0.027,6.6,14.02,11.3,10.0,0.0,25.0,healthy,0.0
healthy_0,3019,1789814983.4021802,1827.7,113.6,536.1,2.22,96.72,0.026,6.53,13.91,11.73,10.0,0.0,25.0,healthy,0.0
healthy_0,3020,1789814984.4021802,1834.2,113.47,534.23,2.07,96.85,0.0266,6.54,13.91,11.49,10.0,0.0,25.0,healthy,0.0
healthy_0,3021,1789814985.4021802,1845.7,113.3,533.6,2.13,96.63,0.0301,6.52,13.9,11.23,10.0,0.0,25.0,healthy,0.0
healthy_0,3022,1789814986.4021802,1844.0,113.0,533.33,2.15,96.66,0.0429,6.59,13.88,11.56,10.0,0.0,25.0,healthy,0.0
healthy_0,3023,1789814987.4021802,1859.4,112.9,535.05,2.13,96.58,0.0359,6.51,13.77,11.29,10.0,0.0,25.0,healthy,0.0
healthy_0,3024,1789814988.4021802,1862.9,112.4,538.73,2.13,96.66,0.0355,6.64,13.87,11.42,10.0,0.0,25.0,healthy,0.0
healthy_0,3025,1789814989.4021802,1863.6,112.19,536.76,1.99,96.52,0.0267,6.62,13.84,11.36,10.0,0.0,25.0,healthy,0.0
healthy_0,3026,1789814990.4021802,1871.4,111.86,539.78,2.01,96.56,0.0281,6.68,13.77,11.42,10.0,0.0,25.0,healthy,0.0
healthy_0,3027,1789814991.4021802,1865.3,112.1,543.07,2.12,96.52,0.0326,6.62,13.78,11.68,10.0,0.0,25.0,healthy,0.0
healthy_0,3028,1789814992.4021802,1849.7,112.02,541.16,2.08,96.51,0.0182,6.51,13.77,11.01,10.0,0.0,25.0,healthy,0.0
healthy_0,3029,1789814993.4021802,1861.6,111.69,538.79,2.09,96.55,0.0292,6.49,13.77,11.38,10.0,0.0,25.0,healthy,0.0
healthy_0,3030,1789814994.4021802,1874.7,111.84,536.34,2.07,96.51,0.0338,6.52,13.79,11.04,10.0,0.0,25.0,healthy,0.0
healthy_0,3031,1789814995.4021802,1852.4,111.45,538.65,2.08,96.56,0.0213,6.5,13.75,11.26,10.0,0.0,25.0,healthy,0.0
healthy_0,3032,1789814996.4021802,1842.5,111.43,537.97,2.07,96.37,0.0211,6.64,13.75,11.45,10.0,0.0,25.0,healthy,0.0
healthy_0,3033,1789814997.4021802,1851.0,111.51,543.71,2.17,96.41,0.027,6.66,13.65,11.68,10.0,0.0,25.0,healthy,0.0
healthy_0,3034,1789814998.4021802,1865.1,111.02,542.62,2.13,96.46,0.025,6.44,13.59,11.65,10.0,0.0,25.0,healthy,0.0
healthy_0,3035,1789814999.4021802,1865.6,110.97,543.07,2.18,96.5,0.0253,6.51,13.67,11.28,10.0,0.0,25.0,healthy,0.0
healthy_0,3036,1789815000.4021802,1867.6,111.2,541.3,2.26,96.51,0.0231,6.53,13.73,11.3,10.0,0.0,25.0,healthy,0.0
healthy_0,3037,1789815001.4021802,1865.1,111.52,540.48,2.17,96.39,0.021,6.51,13.79,11.49,10.0,0.0,25.0,healthy,0.0
healthy_0,3038,1789815002.4021802,1845.1,111.36,537.5,2.14,96.5,0.021,6.63,13.67,11.76,10.0,0.0,25.0,healthy,0.0
healthy_0,3039,1789815003.4021802,1828.3,111.43,537.82,2.13,96.6,0.0238,6.44,13.78,11.21,10.0,0.0,25.0,healthy,0.0
healthy_0,3040,1789815004.4021802,1828.8,111.52,539.27,2.21,96.42,0.0182,6.55,13.78,11.15,10.0,0.0,25.0,healthy,0.0
healthy_0,3041,1789815005.4021802,1811.3,111.79,544.43,2.22,96.2,0.0327,6.5,13.78,11.27,10.0,0.0,25.0,healthy,0.0
healthy_0,3042,1789815006.4021802,1833.9,111.52,547.42,2.21,96.2,0.027,6.3,13.82,11.33,10.0,0.0,25.0,healthy,0.0
healthy_0,3043,1789815007.4021802,1856.3,111.49,544.94,2.21,96.12,0.0215,6.33,13.75,11.34,10.0,0.0,25.0,healthy,0.0
healthy_0,3044,1789815008.4021802,1862.8,111.62,546.22,2.18,95.98,0.017,6.36,13.66,11.57,10.0,0.0,25.0,healthy,0.0
healthy_0,3045,1789815009.4021802,1831.1,112.0,549.85,2.21,95.97,0.0188,6.41,13.67,11.51,10.0,0.0,25.0,healthy,0.0
healthy_0,3046,1789815010.4021802,1850.4,111.7,549.23,2.18,95.99,0.0289,6.38,13.65,11.41,10.0,0.0,25.0,healthy,0.0
healthy_0,3047,1789815011.4021802,1837.9,111.97,550.69,2.15,96.0,0.0263,6.47,13.59,11.39,10.0,0.0,25.0,healthy,0.0
healthy_0,3048,1789815012.4021802,1830.7,112.11,543.7,2.11,96.0,0.0195,6.57,13.6,11.56,10.0,0.0,25.0,healthy,0.0
healthy_0,3049,1789815013.4021802,1854.4,111.89,542.21,2.17,95.85,0.0258,6.54,13.57,11.51,10.0,0.0,25.0,healthy,0.0
healthy_0,3050,1789815014.4021802,1836.0,112.04,541.85,2.23,95.76,0.0314,6.52,13.52,11.26,10.0,0.0,25.0,healthy,0.0
healthy_0,3051,1789815015.4021802,1848.5,111.67,542.34,2.18,95.62,0.0338,6.59,13.58,11.44,10.0,0.0,25.0,healthy,0.0
healthy_0,3052,1789815016.4021802,1861.2,111.77,540.74,2.14,95.63,0.0324,6.48,13.47,11.43,10.0,0.0,25.0,healthy,0.0
healthy_0,3053,1789815017.4021802,1879.2,112.17,544.75,2.09,95.51,0.0244,6.47,13.4,11.21,10.0,0.0,25.0,healthy,0.0
healthy_0,3054,1789815018.4021802,1856.0,112.08,544.15,2.19,95.53,0.029,6.38,13.47,11.08,10.0,0.0,25.0,healthy,0.0
healthy_0,3055,1789815019.4021802,1868.7,111.99,545.57,2.23,95.51,0.029,6.32,13.47,10.97,10.0,0.0,25.0,healthy,0.0
healthy_0,3056,1789815020.4021802,1853.1,111.42,545.16,2.23,95.56,0.0263,6.39,13.53,11.37,10.0,0.0,25.0,healthy,0.0
healthy_0,3057,1789815021.4021802,1833.5,111.72,542.89,2.24,95.45,0.0346,6.46,13.51,11.0,10.0,0.0,25.0,healthy,0.0
healthy_0,3058,1789815022.4021802,1847.2,112.07,546.62,2.27,95.38,0.0339,6.63,13.51,11.07,10.0,0.0,25.0,healthy,0.0
healthy_0,3059,1789815023.4021802,1847.1,111.79,543.96,2.26,95.42,0.0251,6.48,13.58,11.3,10.0,0.0,25.0,healthy,0.0
healthy_0,3060,1789815024.4021802,1835.4,111.95,541.88,2.24,95.45,0.0185,6.31,13.67,11.18,10.0,0.0,25.0,healthy,0.0
healthy_0,3061,1789815025.4021802,1837.4,112.37,539.57,2.3,95.56,0.0237,6.33,13.68,11.16,10.0,0.0,25.0,healthy,0.0
healthy_0,3062,1789815026.4021802,1850.2,112.18,541.74,2.32,95.65,0.0291,6.5,13.79,10.94,10.0,0.0,25.0,healthy,0.0
healthy_0,3063,1789815027.4021802,1851.2,111.99,538.89,2.24,95.63,0.0224,6.44,13.73,11.16,10.0,0.0,25.0,healthy,0.0
healthy_0,3064,1789815028.4021802,1813.1,112.07,543.84,2.27,95.44,0.0295,6.47,13.59,11.26,10.0,0.0,25.0,healthy,0.0
healthy_0,3065,1789815029.4021802,1804.6,112.23,544.26,2.26,95.57,0.0278,6.42,13.56,11.41,10.0,0.0,25.0,healthy,0.0
healthy_0,3066,1789815030.4021802,1811.7,112.31,540.3,2.2,95.6,0.029,6.43,13.49,11.15,10.0,0.0,25.0,healthy,0.0
healthy_0,3067,1789815031.4021802,1813.0,112.21,539.96,2.22,95.46,0.0288,6.49,13.56,11.38,10.0,0.0,25.0,healthy,0.0
healthy_0,3068,1789815032.4021802,1815.2,112.28,542.43,2.29,95.55,0.0367,6.61,13.51,11.58,10.0,0.0,25.0,healthy,0.0
healthy_0,3069,1789815033.4021802,1822.0,112.34,546.21,2.26,95.6,0.0376,6.61,13.53,11.53,10.0,0.0,25.0,healthy,0.0
healthy_0,3070,1789815034.4021802,1833.1,112.43,546.33,2.06,95.79,0.03,6.73,13.57,11.38,10.0,0.0,25.0,healthy,0.0
healthy_0,3071,1789815035.4021802,1826.7,112.96,546.62,2.06,95.82,0.0272,6.77,13.6,11.06,10.0,0.0,25.0,healthy,0.0
healthy_0,3072,1789815036.4021802,1844.2,112.97,545.02,2.07,95.74,0.0296,6.99,13.58,11.06,10.0,0.0,25.0,healthy,0.0
healthy_0,3073,1789815037.4021802,1857.3,112.71,548.72,2.09,95.74,0.0242,6.75,13.63,11.13,10.0,0.0,25.0,healthy,0.0
healthy_0,3074,1789815038.4021802,1848.6,112.45,547.35,2.14,95.73,0.0289,6.6,13.55,11.59,10.0,0.0,25.0,healthy,0.0
healthy_0,3075,1789815039.4021802,1836.2,112.65,547.65,2.18,95.79,0.0291,6.64,13.54,11.22,10.0,0.0,25.0,healthy,0.0
healthy_0,3076,1789815040.4021802,1836.3,112.34,544.76,2.14,95.76,0.0228,6.79,13.62,11.32,10.0,0.0,25.0,healthy,0.0
healthy_0,3077,1789815041.4021802,1840.7,111.9,547.3,2.18,95.83,0.0302,6.91,13.67,10.95,10.0,0.0,25.0,healthy,0.0
healthy_0,3078,1789815042.4021802,1812.6,111.9,552.14,2.22,95.72,0.0315,6.8,13.67,10.96,10.0,0.0,25.0,healthy,0.0
healthy_0,3079,1789815043.4021802,1818.4,111.96,546.99,2.2,95.89,0.0342,6.75,13.6,11.26,10.0,0.0,25.0,healthy,0.0
healthy_0,3080,1789815044.4021802,1836.0,112.01,550.84,2.21,95.79,0.039,6.7,13.69,11.4,10.0,0.0,25.0,healthy,0.0
healthy_0,3081,1789815045.4021802,1824.8,112.04,547.98,2.19,95.71,0.0431,6.65,13.73,11.5,10.0,0.0,25.0,healthy,0.0
healthy_0,3082,1789815046.4021802,1818.5,112.13,556.27,2.2,95.76,0.037,6.5,13.71,11.34,10.0,0.0,25.0,healthy,0.0
healthy_0,3083,1789815047.4021802,1840.3,111.78,555.97,2.19,95.71,0.0331,6.38,13.75,11.74,10.0,0.0,25.0,healthy,0.0
healthy_0,3084,1789815048.4021802,1838.4,111.67,557.12,2.19,95.53,0.0301,6.41,13.77,11.46,10.0,0.0,25.0,healthy,0.0
healthy_0,3085,1789815049.4021802,1850.1,111.25,557.58,2.3,95.48,0.0298,6.34,13.72,11.4,10.0,0.0,25.0,healthy,0.0
healthy_0,3086,1789815050.4021802,1853.3,111.37,557.33,2.29,95.55,0.0203,6.48,13.7,11.24,10.0,0.0,25.0,healthy,0.0
healthy_0,3087,1789815051.4021802,1839.1,111.21,557.42,2.25,95.48,0.0178,6.5,13.75,11.16,10.0,0.0,25.0,healthy,0.0
healthy_0,3088,1789815052.4021802,1823.3,111.42,551.65,2.29,95.64,0.0217,6.39,13.77,11.15,10.0,0.0,25.0,healthy,0.0
healthy_0,3089,1789815053.4021802,1837.2,111.35,547.58,2.29,95.45,0.0259,6.37,13.68,11.08,10.0,0.0,25.0,healthy,0.0
healthy_0,3090,1789815054.4021802,1874.9,111.0,549.06,2.3,95.52,0.0251,6.43,13.81,11.02,10.0,0.0,25.0,healthy,0.0
healthy_0,3091,1789815055.4021802,1884.7,110.9,548.29,2.3,95.43,0.0261,6.47,13.93,11.03,10.0,0.0,25.0,healthy,0.0
healthy_0,3092,1789815056.4021802,1896.5,111.03,545.49,2.28,95.47,0.0305,6.39,13.95,11.05,10.0,0.0,25.0,healthy,0.0
healthy_0,3093,1789815057.4021802,1897.0,110.99,550.52,2.21,95.58,0.0294,6.46,13.86,11.04,10.0,0.0,25.0,healthy,0.0
healthy_0,3094,1789815058.4021802,1857.6,110.9,547.49,2.15,95.61,0.0281,6.74,13.83,11.31,10.0,0.0,25.0,healthy,0.0
healthy_0,3095,1789815059.4021802,1872.1,110.92,551.12,2.11,95.65,0.0256,6.63,13.77,11.49,10.0,0.0,25.0,healthy,0.0
healthy_0,3096,1789815060.4021802,1844.3,110.68,552.55,2.1,95.55,0.0291,6.68,13.72,11.69,10.0,0.0,25.0,healthy,0.0
healthy_0,3097,1789815061.4021802,1858.4,110.99,551.62,2.15,95.37,0.0277,6.55,13.75,11.31,10.0,0.0,25.0,healthy,0.0
healthy_0,3098,1789815062.4021802,1876.8,111.12,550.22,2.2,95.4,0.0253,6.59,13.77,11.54,10.0,0.0,25.0,healthy,0.0
healthy_0,3099,1789815063.4021802,1856.6,110.71,550.09,2.17,95.26,0.0205,6.5,13.77,11.48,10.0,0.0,25.0,healthy,0.0
healthy_0,3100,1789815064.4021802,1843.0,110.76,548.7,2.25,95.17,0.0286,6.71,13.75,11.86,10.0,0.0,25.0,healthy,0.0
healthy_0,3101,1789815065.4021802,1828.8,111.13,546.35,2.22,95.13,0.0265,6.57,13.77,11.68,10.0,0.0,25.0,healthy,0.0
healthy_0,3102,1789815066.4021802,1830.5,111.61,549.17,2.26,95.13,0.0289,6.61,13.77,11.56,10.0,0.0,25.0,healthy,0.0
healthy_0,3103,1789815067.4021802,1869.8,111.7,546.06,2.29,95.03,0.0298,6.53,13.77,11.34,10.0,0.0,25.0,healthy,0.0
healthy_0,3104,1789815068.4021802,1881.3,111.59,548.7,2.24,94.95,0.0261,6.39,13.72,11.47,10.0,0.0,25.0,healthy,0.0
healthy_0,3105,1789815069.4021802,1886.6,111.46,552.79,2.3,94.85,0.0269,6.34,13.72,11.01,10.0,0.0,25.0,healthy,0.0
healthy_0,3106,1789815070.4021802,1868.9,111.45,553.41,2.33,94.72,0.0243,6.4,13.74,11.14,10.0,0.0,25.0,healthy,0.0
healthy_0,3107,1789815071.4021802,1857.3,111.63,557.38,2.26,94.7,0.0303,6.38,13.74,11.32,10.0,0.0,25.0,healthy,0.0
healthy_0,3108,1789815072.4021802,1852.3,111.71,550.38,2.25,94.85,0.0278,6.3,13.74,11.16,10.0,0.0,25.0,healthy,0.0
healthy_0,3109,1789815073.4021802,1826.7,111.64,548.48,2.28,94.88,0.0259,6.21,13.7,11.24,10.0,0.0,25.0,healthy,0.0
healthy_0,3110,1789815074.4021802,1819.0,111.43,546.0,2.22,94.95,0.0276,6.45,13.72,11.41,10.0,0.0,25.0,healthy,0.0
healthy_0,3111,1789815075.4021802,1814.6,111.49,542.85,2.24,94.73,0.037,6.53,13.67,11.43,10.0,0.0,25.0,healthy,0.0
healthy_0,3112,1789815076.4021802,1820.0,111.56,543.18,2.23,94.61,0.0293,6.4,13.68,11.38,10.0,0.0,25.0,healthy,0.0
healthy_0,3113,1789815077.4021802,1836.9,111.61,534.68,2.22,94.45,0.0242,6.47,13.66,11.23,10.0,0.0,25.0,healthy,0.0
healthy_0,3114,1789815078.4021802,1831.9,111.82,540.21,2.23,94.51,0.025,6.55,13.63,11.23,10.0,0.0,25.0,healthy,0.0
healthy_0,3115,1789815079.4021802,1822.9,111.79,543.85,2.18,94.46,0.033,6.51,13.59,10.99,10.0,0.0,25.0,healthy,0.0
healthy_0,3116,1789815080.4021802,1834.7,111.62,544.96,2.18,94.51,0.0259,6.53,13.57,11.17,10.0,0.0,25.0,healthy,0.0
healthy_0,3117,1789815081.4021802,1811.2,111.48,543.91,2.16,94.57,0.0236,6.46,13.59,11.49,10.0,0.0,25.0,healthy,0.0
healthy_0,3118,1789815082.4021802,1806.2,111.5,545.65,2.19,94.58,0.0267,6.64,13.67,11.79,10.0,0.0,25.0,healthy,0.0
healthy_0,3119,1789815083.4021802,1821.7,111.55,542.49,2.16,94.41,0.0313,6.52,13.72,11.58,10.0,0.0,25.0,healthy,0.0
healthy_0,3120,1789815084.4021802,1831.4,111.43,541.17,2.11,94.5,0.024,6.58,13.68,11.47,10.0,0.0,25.0,healthy,0.0
healthy_0,3121,1789815085.4021802,1828.5,111.61,538.29,2.14,94.49,0.0254,6.48,13.66,11.59,10.0,0.0,25.0,healthy,0.0
healthy_0,3122,1789815086.4021802,1828.2,111.87,538.74,2.22,94.56,0.0255,6.39,13.64,11.37,10.0,0.0,25.0,healthy,0.0
healthy_0,3123,1789815087.4021802,1824.5,111.68,541.1,2.22,94.61,0.0274,6.36,13.73,11.14,10.0,0.0,25.0,healthy,0.0
healthy_0,3124,1789815088.4021802,1816.2,111.63,539.79,2.26,94.6,0.0279,6.52,13.85,11.27,10.0,0.0,25.0,healthy,0.0
healthy_0,3125,1789815089.4021802,1824.5,111.61,540.72,2.19,94.85,0.0299,6.56,13.83,11.63,10.0,0.0,25.0,healthy,0.0
healthy_0,3126,1789815090.4021802,1828.9,111.41,536.42,2.27,94.74,0.0331,6.38,13.81,11.59,10.0,0.0,25.0,healthy,0.0
healthy_0,3127,1789815091.4021802,1817.2,111.38,534.19,2.25,94.76,0.0338,6.23,13.83,11.57,10.0,0.0,25.0,healthy,0.0
healthy_0,3128,1789815092.4021802,1820.1,111.52,536.57,2.21,94.59,0.0277,6.18,13.83,11.43,10.0,0.0,25.0,healthy,0.0
healthy_0,3129,1789815093.4021802,1841.9,111.75,538.94,2.29,94.58,0.0278,6.18,13.88,11.48,10.0,0.0,25.0,healthy,0.0
healthy_0,3130,1789815094.4021802,1858.2,111.84,536.19,2.22,94.55,0.0227,6.29,13.85,11.22,10.0,0.0,25.0,healthy,0.0
healthy_0,3131,1789815095.4021802,1862.2,111.92,536.57,2.22,94.64,0.0354,6.29,13.8,11.08,10.0,0.0,25.0,healthy,0.0
healthy_0,3132,1789815096.4021802,1889.1,112.09,534.11,2.24,94.67,0.029,6.38,13.79,11.21,10.0,0.0,25.0,healthy,0.0
healthy_0,3133,1789815097.4021802,1899.5,112.27,537.48,2.29,94.65,0.0282,6.52,13.82,11.34,10.0,0.0,25.0,healthy,0.0
healthy_0,3134,1789815098.4021802,1884.7,112.17,543.04,2.33,94.63,0.0237,6.52,13.79,11.37,10.0,0.0,25.0,healthy,0.0
healthy_0,3135,1789815099.4021802,1866.0,112.01,546.17,2.35,94.72,0.0197,6.58,13.88,11.41,10.0,0.0,25.0,healthy,0.0
healthy_0,3136,1789815100.4021802,1851.0,112.31,545.21,2.32,94.8,0.0332,6.59,13.89,11.54,10.0,0.0,25.0,healthy,0.0
healthy_0,3137,1789815101.4021802,1870.8,112.66,548.53,2.3,94.84,0.024,6.58,13.79,11.42,10.0,0.0,25.0,healthy,0.0
healthy_0,3138,1789815102.4021802,1834.1,112.27,545.74,2.37,94.79,0.0235,6.77,13.78,11.61,10.0,0.0,25.0,healthy,0.0
healthy_0,3139,1789815103.4021802,1811.1,112.14,548.77,2.44,94.83,0.0192,6.72,13.71,11.56,10.0,0.0,25.0,healthy,0.0
healthy_0,3140,1789815104.4021802,1838.4,111.89,546.53,2.36,94.77,0.025,6.76,13.76,11.58,10.0,0.0,25.0,healthy,0.0
healthy_0,3141,1789815105.4021802,1844.8,111.96,550.18,2.28,94.85,0.0165,6.62,13.7,11.64,10.0,0.0,25.0,healthy,0.0
healthy_0,3142,1789815106.4021802,1837.3,111.86,549.28,2.24,95.01,0.0223,6.66,13.71,11.32,10.0,0.0,25.0,healthy,0.0
healthy_0,3143,1789815107.4021802,1834.2,111.91,549.51,2.26,94.86,0.0255,6.62,13.63,11.1,10.0,0.0,25.0,healthy,0.0
healthy_0,3144,1789815108.4021802,1835.1,112.01,553.2,2.22,94.77,0.0273,6.42,13.72,11.3,10.0,0.0,25.0,healthy,0.0
healthy_0,3145,1789815109.4021802,1830.7,112.15,546.76,2.23,94.82,0.0315,6.44,13.72,11.49,10.0,0.0,25.0,healthy,0.0
healthy_0,3146,1789815110.4021802,1835.5,112.28,548.04,2.18,94.74,0.0323,6.51,13.68,11.65,10.0,0.0,25.0,healthy,0.0
healthy_0,3147,1789815111.4021802,1817.3,112.26,547.07,2.27,94.64,0.0316,6.49,13.61,11.43,10.0,0.0,25.0,healthy,0.0
healthy_0,3148,1789815112.4021802,1827.4,112.34,547.25,2.22,94.75,0.026,6.25,13.61,11.5,10.0,0.0,25.0,healthy,0.0
healthy_0,3149,1789815113.4021802,1831.3,112.34,544.05,2.28,94.68,0.0237,6.34,13.61,11.24,10.0,0.0,25.0,healthy,0.0
healthy_0,3150,1789815114.4021802,1836.2,112.24,545.07,2.27,94.87,0.0202,6.25,13.58,11.32,10.0,0.0,25.0,healthy,0.0
healthy_0,3151,1789815115.4021802,1807.6,112.25,545.11,2.29,94.81,0.0231,6.35,13.59,11.28,10.0,0.0,25.0,healthy,0.0
healthy_0,3152,1789815116.4021802,1803.1,112.11,540.42,2.27,94.78,0.017,6.47,13.6,11.16,10.0,0.0,25.0,healthy,0.0
healthy_0,3153,1789815117.4021802,1817.8,112.19,540.77,2.29,94.84,0.0179,6.55,13.51,11.71,10.0,0.0,25.0,healthy,0.0
healthy_0,3154,1789815118.4021802,1815.3,111.7,540.59,2.29,94.91,0.0271,6.56,13.49,11.42,10.0,0.0,25.0,healthy,0.0
healthy_0,3155,1789815119.4021802,1846.0,111.56,541.72,2.24,94.87,0.0308,6.39,13.56,11.29,10.0,0.0,25.0,healthy,0.0
healthy_0,3156,1789815120.4021802,1861.6,111.62,538.91,2.2,94.79,0.0394,6.4,13.55,11.24,10.0,0.0,25.0,healthy,0.0
healthy_0,3157,1789815121.4021802,1853.0,111.46,545.63,2.18,94.69,0.0277,6.45,13.54,11.2,10.0,0.0,25.0,healthy,0.0
healthy_0,3158,1789815122.4021802,1844.8,111.27,546.71,2.31,94.76,0.0289,6.4,13.56,11.45,10.0,0.0,25.0,healthy,0.0
healthy_0,3159,1789815123.4021802,1844.0,111.06,548.42,2.28,94.72,0.0341,6.49,13.63,11.89,10.0,0.0,25.0,healthy,0.0
healthy_0,3160,1789815124.4021802,1841.2,111.2,554.52,2.29,94.67,0.0302,6.35,13.56,11.51,10.0,0.0,25.0,healthy,0.0
healthy_0,3161,1789815125.4021802,1835.9,111.37,555.33,2.29,94.74,0.0267,6.3,13.62,11.45,10.0,0.0,25.0,healthy,0.0
healthy_0,3162,1789815126.4021802,1826.9,111.3,554.78,2.27,94.69,0.0298,6.28,13.63,11.45,10.0,0.0,25.0,healthy,0.0
healthy_0,3163,1789815127.4021802,1845.5,110.95,548.29,2.26,94.81,0.0328,6.33,13.61,11.25,10.0,0.0,25.0,healthy,0.0
healthy_0,3164,1789815128.4021802,1829.5,111.21,544.2,2.25,94.73,0.0217,6.37,13.63,11.23,10.0,0.0,25.0,healthy,0.0
healthy_0,3165,1789815129.4021802,1837.3,111.09,540.76,2.21,94.57,0.0263,6.38,13.66,11.17,10.0,0.0,25.0,healthy,0.0
healthy_0,3166,1789815130.4021802,1844.1,111.15,542.13,2.14,94.63,0.0237,6.57,13.64,11.26,10.0,0.0,25.0,healthy,0.0
healthy_0,3167,1789815131.4021802,1846.8,111.3,546.17,2.22,94.68,0.0227,6.4,13.67,11.2,10.0,0.0,25.0,healthy,0.0
healthy_0,3168,1789815132.4021802,1853.9,111.42,543.75,2.17,94.59,0.031,6.48,13.58,11.44,10.0,0.0,25.0,healthy,0.0
healthy_0,3169,1789815133.4021802,1858.9,111.51,541.59,2.28,94.6,0.0226,6.37,13.57,11.32,10.0,0.0,25.0,healthy,0.0
healthy_0,3170,1789815134.4021802,1850.5,111.71,540.99,2.27,94.56,0.0209,6.45,13.63,11.29,10.0,0.0,25.0,healthy,0.0
healthy_0,3171,1789815135.4021802,1819.3,111.81,540.21,2.28,94.56,0.0312,6.52,13.57,10.98,10.0,0.0,25.0,healthy,0.0
healthy_0,3172,1789815136.4021802,1863.3,111.98,542.65,2.3,94.52,0.0347,6.41,13.56,11.14,10.0,0.0,25.0,healthy,0.0
healthy_0,3173,1789815137.4021802,1835.7,111.67,540.95,2.31,94.54,0.0348,6.39,13.5,11.29,10.0,0.0,25.0,healthy,0.0
healthy_0,3174,1789815138.4021802,1840.5,111.62,537.48,2.23,94.42,0.0285,6.42,13.51,11.16,10.0,0.0,25.0,healthy,0.0
healthy_0,3175,1789815139.4021802,1841.5,111.84,540.77,2.21,94.34,0.0235,6.44,13.57,11.25,10.0,0.0,25.0,healthy,0.0
healthy_0,3176,1789815140.4021802,1881.3,111.48,545.33,2.27,94.21,0.0296,6.45,13.59,11.13,10.0,0.0,25.0,healthy,0.0
healthy_0,3177,1789815141.4021802,1852.4,111.39,542.74,2.24,94.33,0.0286,6.32,13.64,11.06,10.0,0.0,25.0,healthy,0.0
healthy_0,3178,1789815142.4021802,1834.4,111.58,541.8,2.17,94.25,0.0261,6.42,13.7,11.33,10.0,0.0,25.0,healthy,0.0
healthy_0,3179,1789815143.4021802,1799.6,112.12,538.59,2.2,94.36,0.028,6.39,13.72,11.51,10.0,0.0,25.0,healthy,0.0
healthy_0,3180,1789815144.4021802,1804.2,111.64,533.71,2.2,94.26,0.0303,6.48,13.71,11.34,10.0,0.0,25.0,healthy,0.0
healthy_0,3181,1789815145.4021802,1830.8,112.02,531.73,2.09,94.23,0.0277,6.46,13.6,11.2,10.0,0.0,25.0,healthy,0.0
healthy_0,3182,1789815146.4021802,1838.5,111.81,530.82,2.3,94.38,0.0247,6.81,13.56,11.4,10.0,0.0,25.0,healthy,0.0
healthy_0,3183,1789815147.4021802,1840.3,111.79,532.27,2.37,94.39,0.0241,6.75,13.55,11.45,10.0,0.0,25.0,healthy,0.0
healthy_0,3184,1789815148.4021802,1847.0,111.85,535.58,2.32,94.36,0.0321,6.71,13.54,11.37,10.0,0.0,25.0,healthy,0.0
healthy_0,3185,1789815149.4021802,1863.5,111.62,539.28,2.32,94.21,0.0256,6.6,13.55,11.21,10.0,0.0,25.0,healthy,0.0
healthy_0,3186,1789815150.4021802,1871.6,111.59,540.82,2.26,94.13,0.0266,6.74,13.54,11.52,10.0,0.0,25.0,healthy,0.0
healthy_0,3187,1789815151.4021802,1859.4,111.64,541.34,2.3,94.18,0.0268,6.63,13.54,11.46,10.0,0.0,25.0,healthy,0.0
healthy_0,3188,1789815152.4021802,1842.0,111.76,544.88,2.3,94.22,0.0304,6.59,13.56,11.39,10.0,0.0,25.0,healthy,0.0
healthy_0,3189,1789815153.4021802,1863.4,111.81,550.48,2.34,94.34,0.0238,6.65,13.54,11.09,10.0,0.0,25.0,healthy,0.0
healthy_0,3190,1789815154.4021802,1857.4,111.66,549.98,2.29,94.23,0.0223,6.48,13.6,10.98,10.0,0.0,25.0,healthy,0.0
healthy_0,3191,1789815155.4021802,1829.9,111.86,551.31,2.27,94.27,0.0186,6.44,13.7,11.34,10.0,0.0,25.0,healthy,0.0
healthy_0,3192,1789815156.4021802,1817.1,111.78,548.01,2.29,94.47,0.0232,6.46,13.76,11.53,10.0,0.0,25.0,healthy,0.0
healthy_0,3193,1789815157.4021802,1822.9,111.43,545.17,2.33,94.43,0.0235,6.48,13.8,11.38,10.0,0.0,25.0,healthy,0.0
healthy_0,3194,1789815158.4021802,1850.9,111.33,549.29,2.33,94.32,0.0241,6.52,13.83,11.12,10.0,0.0,25.0,healthy,0.0
healthy_0,3195,1789815159.4021802,1858.2,111.33,547.37,2.35,94.31,0.0228,6.61,13.75,11.23,10.0,0.0,25.0,healthy,0.0
healthy_0,3196,1789815160.4021802,1859.9,111.21,549.16,2.41,94.24,0.0258,6.61,13.82,11.01,10.0,0.0,25.0,healthy,0.0
healthy_0,3197,1789815161.4021802,1870.4,111.25,549.33,2.32,94.2,0.0274,6.64,13.79,11.44,10.0,0.0,25.0,healthy,0.0
healthy_0,3198,1789815162.4021802,1885.2,111.06,553.4,2.35,94.16,0.0245,6.54,13.82,11.0,10.0,0.0,25.0,healthy,0.0
healthy_0,3199,1789815163.4021802,1897.8,111.1,553.26,2.25,94.37,0.022,6.49,13.83,10.91,10.0,0.0,25.0,healthy,0.0
healthy_0,3200,1789815164.4021802,1885.9,111.09,548.49,2.31,94.33,0.03,6.58,13.78,11.1,10.0,0.0,25.0,healthy,0.0
healthy_0,3201,1789815165.4021802,1869.7,111.15,547.13,2.29,94.42,0.0351,6.81,13.72,11.1,10.0,0.0,25.0,healthy,0.0
healthy_0,3202,1789815166.4021802,1844.4,111.47,551.05,2.22,94.19,0.0341,6.9,13.82,11.31,10.0,0.0,25.0,healthy,0.0
healthy_0,3203,1789815167.4021802,1891.0,111.51,549.18,2.22,94.25,0.0275,6.78,13.85,11.46,10.0,0.0,25.0,healthy,0.0
healthy_0,3204,1789815168.4021802,1868.6,111.63,551.25,2.23,94.29,0.0248,6.83,13.79,11.32,10.0,0.0,25.0,healthy,0.0
healthy_0,3205,1789815169.4021802,1878.3,111.31,548.17,2.19,94.26,0.0221,6.87,13.76,11.44,10.0,0.0,25.0,healthy,0.0
healthy_0,3206,1789815170.4021802,1861.8,111.56,548.59,2.26,94.45,0.0218,6.89,13.7,11.47,10.0,0.0,25.0,healthy,0.0
healthy_0,3207,1789815171.4021802,1865.1,111.69,551.0,2.26,94.47,0.0191,6.86,13.69,11.2,10.0,0.0,25.0,healthy,0.0
healthy_0,3208,1789815172.4021802,1853.5,111.64,548.46,2.38,94.33,0.0264,6.79,13.6,11.5,10.0,0.0,25.0,healthy,0.0
healthy_0,3209,1789815173.4021802,1865.1,111.91,554.53,2.39,94.44,0.0292,6.64,13.67,11.14,10.0,0.0,25.0,healthy,0.0
healthy_0,3210,1789815174.4021802,1873.0,111.73,554.62,2.28,94.55,0.0354,6.74,13.6,11.0,10.0,0.0,25.0,healthy,0.0
healthy_0,3211,1789815175.4021802,1842.9,111.42,547.04,2.21,94.6,0.0317,6.96,13.7,11.23,10.0,0.0,25.0,healthy,0.0
healthy_0,3212,1789815176.4021802,1854.1,111.85,549.72,2.12,94.34,0.0303,6.91,13.62,11.14,10.0,0.0,25.0,healthy,0.0
healthy_0,3213,1789815177.4021802,1860.7,111.9,546.86,2.15,94.37,0.029,6.81,13.63,11.47,10.0,0.0,25.0,healthy,0.0
healthy_0,3214,1789815178.4021802,1874.4,112.14,547.75,2.26,94.35,0.0363,6.85,13.6,11.99,10.0,0.0,25.0,healthy,0.0
healthy_0,3215,1789815179.4021802,1861.9,112.44,546.84,2.3,94.33,0.0257,6.61,13.65,11.81,10.0,0.0,25.0,healthy,0.0
healthy_0,3216,1789815180.4021802,1860.8,112.39,544.64,2.24,94.31,0.0241,6.57,13.7,11.56,10.0,0.0,25.0,healthy,0.0
healthy_0,3217,1789815181.4021802,1849.3,112.28,545.1,2.33,94.31,0.0264,6.53,13.63,11.37,10.0,0.0,25.0,healthy,0.0
healthy_0,3218,1789815182.4021802,1838.5,112.42,544.52,2.26,94.26,0.0282,6.65,13.6,11.4,10.0,0.0,25.0,healthy,0.0
healthy_0,3219,1789815183.4021802,1821.4,112.3,545.84,2.25,94.43,0.0322,6.52,13.51,11.3,10.0,0.0,25.0,healthy,0.0
healthy_0,3220,1789815184.4021802,1824.4,112.28,546.24,2.29,94.32,0.0262,6.48,13.6,11.23,10.0,0.0,25.0,healthy,0.0
healthy_0,3221,1789815185.4021802,1845.6,112.17,544.05,2.26,94.24,0.0259,6.51,13.6,11.73,10.0,0.0,25.0,healthy,0.0
healthy_0,3222,1789815186.4021802,1839.1,111.81,543.97,2.35,94.38,0.0212,6.48,13.56,11.37,10.0,0.0,25.0,healthy,0.0
healthy_0,3223,1789815187.4021802,1829.3,111.87,545.87,2.32,94.26,0.017,6.48,13.52,11.44,10.0,0.0,25.0,healthy,0.0
healthy_0,3224,1789815188.4021802,1828.9,111.93,540.54,2.28,94.08,0.0179,6.56,13.63,11.64,10.0,0.0,25.0,healthy,0.0
healthy_0,3225,1789815189.4021802,1832.3,111.89,548.53,2.32,93.93,0.0285,6.44,13.56,11.6,10.0,0.0,25.0,healthy,0.0
healthy_0,3226,1789815190.4021802,1804.8,111.89,550.98,2.33,93.81,0.0227,6.28,13.58,11.26,10.0,0.0,25.0,healthy,0.0
healthy_0,3227,1789815191.4021802,1820.7,111.81,549.19,2.21,93.88,0.029,6.5,13.52,11.13,10.0,0.0,25.0,healthy,0.0
healthy_0,3228,1789815192.4021802,1833.4,111.62,549.22,2.24,93.71,0.0188,6.35,13.58,11.43,10.0,0.0,25.0,healthy,0.0
healthy_0,3229,1789815193.4021802,1837.7,111.44,545.49,2.27,93.76,0.012,6.4,13.61,11.5,10.0,0.0,25.0,healthy,0.0
healthy_0,3230,1789815194.4021802,1828.2,111.24,544.56,2.24,93.72,0.0184,6.43,13.76,11.33,10.0,0.0,25.0,healthy,0.0
healthy_0,3231,1789815195.4021802,1781.6,111.12,543.56,2.28,93.74,0.0252,6.44,13.68,12.18,10.0,0.0,25.0,healthy,0.0
healthy_0,3232,1789815196.4021802,1826.8,111.15,545.27,2.31,93.69,0.0163,6.5,13.75,11.97,10.0,0.0,25.0,healthy,0.0
healthy_0,3233,1789815197.4021802,1828.8,111.08,546.47,2.27,93.7,0.0222,6.37,13.84,11.47,10.0,0.0,25.0,healthy,0.0
healthy_0,3234,1789815198.4021802,1823.9,111.02,547.5,2.33,93.76,0.0236,6.32,13.76,11.28,10.0,0.0,25.0,healthy,0.0
healthy_0,3235,1789815199.4021802,1826.2,111.14,545.85,2.27,93.67,0.0287,6.32,13.79,11.22,10.0,0.0,25.0,healthy,0.0
healthy_0,3236,1789815200.4021802,1825.8,111.43,541.68,2.32,93.67,0.0319,6.44,13.74,11.26,10.0,0.0,25.0,healthy,0.0
healthy_0,3237,1789815201.4021802,1828.1,111.72,541.02,2.31,93.86,0.0264,6.45,13.68,11.78,10.0,0.0,25.0,healthy,0.0
healthy_0,3238,1789815202.4021802,1848.5,111.69,547.74,2.37,93.92,0.0215,6.52,13.75,11.5,10.0,0.0,25.0,healthy,0.0
healthy_0,3239,1789815203.4021802,1846.5,111.63,546.91,2.42,93.88,0.0274,6.61,13.74,11.27,10.0,0.0,25.0,healthy,0.0
healthy_0,3240,1789815204.4021802,1829.6,111.67,545.97,2.4,93.86,0.0273,6.62,13.7,11.33,10.0,0.0,25.0,healthy,0.0
healthy_0,3241,1789815205.4021802,1855.4,111.82,542.3,2.23,93.86,0.0262,6.65,13.68,11.1,10.0,0.0,25.0,healthy,0.0
healthy_0,3242,1789815206.4021802,1855.0,111.92,535.82,2.29,93.9,0.0289,6.78,13.68,11.25,10.0,0.0,25.0,healthy,0.0
healthy_0,3243,1789815207.4021802,1825.0,111.52,532.28,2.33,93.95,0.0274,6.7,13.68,11.43,10.0,0.0,25.0,healthy,0.0
healthy_0,3244,1789815208.4021802,1835.6,111.2,532.02,2.23,93.88,0.0252,6.7,13.68,11.17,10.0,0.0,25.0,healthy,0.0
healthy_0,3245,1789815209.4021802,1840.7,111.26,531.08,2.26,93.9,0.0337,6.57,13.78,11.23,10.0,0.0,25.0,healthy,0.0
healthy_0,3246,1789815210.4021802,1849.4,111.29,538.3,2.31,93.94,0.0299,6.38,13.75,10.99,10.0,0.0,25.0,healthy,0.0
healthy_0,3247,1789815211.4021802,1823.3,111.35,540.76,2.2,93.92,0.0215,6.5,13.67,11.37,10.0,0.0,25.0,healthy,0.0
healthy_0,3248,1789815212.4021802,1833.6,111.5,537.71,2.26,93.94,0.0228,6.57,13.74,11.42,10.0,0.0,25.0,healthy,0.0
healthy_0,3249,1789815213.4021802,1842.6,111.5,539.73,2.28,93.98,0.0224,6.61,13.8,11.38,10.0,0.0,25.0,healthy,0.0
healthy_0,3250,1789815214.4021802,1817.0,111.47,539.61,2.17,94.04,0.0182,6.4,13.78,11.33,10.0,0.0,25.0,healthy,0.0
healthy_0,3251,1789815215.4021802,1803.2,111.33,540.66,2.16,93.94,0.0313,6.61,13.84,11.4,10.0,0.0,25.0,healthy,0.0
healthy_0,3252,1789815216.4021802,1808.0,111.31,540.47,2.24,93.86,0.0225,6.58,13.81,11.14,10.0,0.0,25.0,healthy,0.0
healthy_0,3253,1789815217.4021802,1796.1,111.64,549.46,2.27,93.9,0.0253,6.66,13.88,11.17,10.0,0.0,25.0,healthy,0.0
healthy_0,3254,1789815218.4021802,1807.5,111.81,544.09,2.23,93.92,0.0284,6.72,13.84,11.14,10.0,0.0,25.0,healthy,0.0
healthy_0,3255,1789815219.4021802,1826.3,111.85,545.16,2.24,93.92,0.0315,6.56,13.79,11.51,10.0,0.0,25.0,healthy,0.0
healthy_0,3256,1789815220.4021802,1824.1,111.71,539.74,2.17,93.83,0.0256,6.58,13.82,11.56,10.0,0.0,25.0,healthy,0.0
healthy_0,3257,1789815221.4021802,1808.6,111.51,536.79,2.16,93.83,0.0278,6.62,13.78,11.46,10.0,0.0,25.0,healthy,0.0
healthy_0,3258,1789815222.4021802,1822.1,112.05,540.99,2.18,93.89,0.033,6.58,13.86,11.52,10.0,0.0,25.0,healthy,0.0
healthy_0,3259,1789815223.4021802,1832.8,111.84,543.46,2.14,93.68,0.0431,6.55,13.87,11.52,10.0,0.0,25.0,healthy,0.0
healthy_0,3260,1789815224.4021802,1852.3,111.84,543.61,2.19,93.61,0.0324,6.62,13.93,11.28,10.0,0.0,25.0,healthy,0.0
healthy_0,3261,1789815225.4021802,1867.0,111.36,552.1,2.18,93.5,0.0281,6.76,13.88,11.08,10.0,0.0,25.0,healthy,0.0
healthy_0,3262,1789815226.4021802,1840.3,111.25,544.4,2.27,93.49,0.0242,6.71,13.9,11.49,10.0,0.0,25.0,healthy,0.0
healthy_0,3263,1789815227.4021802,1842.5,111.52,544.32,2.29,93.54,0.0257,6.77,13.85,11.31,10.0,0.0,25.0,healthy,0.0
healthy_0,3264,1789815228.4021802,1870.8,111.43,548.57,2.27,93.67,0.0314,6.64,13.82,11.55,10.0,0.0,25.0,healthy,0.0
healthy_0,3265,1789815229.4021802,1845.2,111.42,548.68,2.22,93.75,0.0261,6.66,13.73,11.35,10.0,0.0,25.0,healthy,0.0
healthy_0,3266,1789815230.4021802,1837.9,111.36,546.28,2.27,93.61,0.0265,6.68,13.78,11.25,10.0,0.0,25.0,healthy,0.0
healthy_0,3267,1789815231.4021802,1831.8,111.45,539.83,2.32,93.57,0.0265,6.59,13.77,11.24,10.0,0.0,25.0,healthy,0.0
healthy_0,3268,1789815232.4021802,1853.6,111.74,536.77,2.25,93.5,0.0267,6.46,13.67,11.33,10.0,0.0,25.0,healthy,0.0
healthy_0,3269,1789815233.4021802,1848.0,111.77,536.82,2.3,93.53,0.027,6.39,13.72,11.57,10.0,0.0,25.0,healthy,0.0
healthy_0,3270,1789815234.4021802,1860.9,112.04,540.71,2.33,93.46,0.0313,6.37,13.71,11.45,10.0,0.0,25.0,healthy,0.0
healthy_0,3271,1789815235.4021802,1857.7,111.99,541.21,2.32,93.46,0.0223,6.34,13.79,11.24,10.0,0.0,25.0,healthy,0.0
healthy_0,3272,1789815236.4021802,1842.1,112.09,537.29,2.34,93.35,0.0273,6.47,13.81,11.29,10.0,0.0,25.0,healthy,0.0
healthy_0,3273,1789815237.4021802,1839.1,112.02,541.8,2.37,93.22,0.0253,6.51,13.82,11.91,10.0,0.0,25.0,healthy,0.0
healthy_0,3274,1789815238.4021802,1829.1,111.8,540.51,2.33,93.36,0.0265,6.5,13.8,11.54,10.0,0.0,25.0,healthy,0.0
healthy_0,3275,1789815239.4021802,1841.7,111.94,546.5,2.29,93.39,0.0274,6.2,13.73,11.36,10.0,0.0,25.0,healthy,0.0
healthy_0,3276,1789815240.4021802,1851.0,112.13,543.5,2.33,93.26,0.0177,6.25,13.8,11.48,10.0,0.0,25.0,healthy,0.0
healthy_0,3277,1789815241.4021802,1858.1,111.95,543.0,2.3,93.23,0.0194,6.4,13.68,11.48,10.0,0.0,25.0,healthy,0.0
healthy_0,3278,1789815242.4021802,1867.1,112.11,543.77,2.32,93.33,0.0224,6.49,13.77,11.47,10.0,0.0,25.0,healthy,0.0
healthy_0,3279,1789815243.4021802,1840.0,111.96,545.87,2.27,93.59,0.0124,6.74,13.81,11.52,10.0,0.0,25.0,healthy,0.0
healthy_0,3280,1789815244.4021802,1829.4,111.67,541.81,2.29,93.62,0.0189,6.59,13.81,11.44,10.0,0.0,25.0,healthy,0.0
healthy_0,3281,1789815245.4021802,1844.7,111.79,545.07,2.28,93.62,0.0201,6.65,13.79,11.23,10.0,0.0,25.0,healthy,0.0
healthy_0,3282,1789815246.4021802,1829.3,111.5,545.08,2.29,93.5,0.0225,6.63,13.77,11.48,10.0,0.0,25.0,healthy,0.0
healthy_0,3283,1789815247.4021802,1806.2,111.67,548.41,2.38,93.49,0.0216,6.62,13.86,11.5,10.0,0.0,25.0,healthy,0.0
healthy_0,3284,1789815248.4021802,1825.0,111.55,553.0,2.35,93.3,0.0201,6.53,13.85,11.82,10.0,0.0,25.0,healthy,0.0
healthy_0,3285,1789815249.4021802,1790.8,111.54,554.18,2.47,93.19,0.022,6.57,13.84,11.58,10.0,0.0,25.0,healthy,0.0
healthy_0,3286,1789815250.4021802,1816.8,111.54,550.77,2.44,93.17,0.0243,6.71,13.83,11.64,10.0,0.0,25.0,healthy,0.0
healthy_0,3287,1789815251.4021802,1821.6,111.47,551.64,2.3,93.06,0.0364,6.65,13.88,11.29,10.0,0.0,25.0,healthy,0.0
healthy_0,3288,1789815252.4021802,1825.9,111.6,544.8,2.23,93.03,0.0255,6.63,13.83,11.04,10.0,0.0,25.0,healthy,0.0
healthy_0,3289,1789815253.4021802,1836.3,111.88,548.62,2.16,93.24,0.0299,6.66,13.75,10.76,10.0,0.0,25.0,healthy,0.0
healthy_0,3290,1789815254.4021802,1824.5,111.98,546.93,2.18,93.36,0.023,6.64,13.7,11.01,10.0,0.0,25.0,healthy,0.0
healthy_0,3291,1789815255.4021802,1862.8,112.18,547.1,2.27,93.36,0.0284,6.62,13.7,11.23,10.0,0.0,25.0,healthy,0.0
healthy_0,3292,1789815256.4021802,1859.5,111.76,545.75,2.33,93.36,0.0297,6.63,13.77,11.36,10.0,0.0,25.0,healthy,0.0
healthy_0,3293,1789815257.4021802,1807.4,111.7,547.54,2.38,93.43,0.0235,6.6,13.84,11.16,10.0,0.0,25.0,healthy,0.0
healthy_0,3294,1789815258.4021802,1821.7,111.79,545.59,2.34,93.33,0.031,6.75,13.87,11.38,10.0,0.0,25.0,healthy,0.0
healthy_0,3295,1789815259.4021802,1818.0,111.94,542.25,2.41,93.38,0.0343,6.57,13.75,11.12,10.0,0.0,25.0,healthy,0.0
healthy_0,3296,1789815260.4021802,1834.8,111.62,540.94,2.33,93.26,0.034,6.7,13.75,11.09,10.0,0.0,25.0,healthy,0.0
healthy_0,3297,1789815261.4021802,1817.6,111.94,538.93,2.3,93.31,0.0322,6.62,13.71,11.19,10.0,0.0,25.0,healthy,0.0
healthy_0,3298,1789815262.4021802,1827.7,111.89,541.21,2.28,93.11,0.0349,6.47,13.73,10.89,10.0,0.0,25.0,healthy,0.0
healthy_0,3299,1789815263.4021802,1826.2,112.18,543.17,2.36,93.23,0.0392,6.47,13.79,11.33,10.0,0.0,25.0,healthy,0.0
healthy_0,3300,1789815264.4021802,942.2,107.35,397.3,0.0,93.03,0.0011,0.0,13.11,0.0,0.0,0.0,25.0,healthy,0.0
healthy_0,3301,1789815265.4021802,482.5,103.35,291.91,0.0,92.64,0.0012,0.01,12.79,0.0,0.0,0.0,25.0,healthy,0.0
healthy_0,3302,1789815266.4021802,245.5,99.51,216.37,0.0,92.26,0.0008,0.02,12.69,0.01,0.0,0.0,25.0,healthy,0.0
healthy_0,3303,1789815267.4021802,126.9,95.81,162.06,0.01,91.87,0.0008,0.01,12.67,0.0,0.0,0.0,25.0,healthy,0.0
healthy_0,3304,1789815268.4021802,65.7,92.34,123.23,0.01,91.5,0.0012,0.02,12.61,0.0,0.0,0.0,25.0,healthy,0.0
healthy_0,3305,1789815269.4021802,34.9,89.06,95.59,0.01,91.15,0.0019,0.0,12.52,0.01,0.0,0.0,25.0,healthy,0.0
healthy_0,3306,1789815270.4021802,18.9,85.94,76.21,0.01,90.78,0.0013,0.0,12.45,0.03,0.0,0.0,25.0,healthy,0.0
healthy_0,3307,1789815271.4021802,10.0,82.98,61.69,0.01,90.42,0.001,0.0,12.56,0.04,0.0,0.0,25.0,healthy,0.0
healthy_0,3308,1789815272.4021802,5.9,80.18,51.01,0.0,90.06,0.0007,0.0,12.53,0.01,0.0,0.0,25.0,healthy,0.0
healthy_0,3309,1789815273.4021802,6.2,77.5,44.0,0.01,89.69,0.0,0.0,12.44,0.0,0.0,0.0,25.0,healthy,0.0
healthy_0,3310,1789815274.4021802,3.6,74.94,38.72,0.01,89.33,0.0,0.0,12.45,0.01,0.0,0.0,25.0,healthy,0.0
healthy_0,3311,1789815275.4021802,2.9,72.52,35.34,0.01,88.95,0.0,0.0,12.45,0.0,0.0,0.0,25.0,healthy,0.0
healthy_0,3312,1789815276.4021802,1.8,70.16,32.04,0.0,88.61,0.0,0.0,12.44,0.0,0.0,0.0,25.0,healthy,0.0
healthy_0,3313,1789815277.4021802,0.0,67.96,30.29,0.0,88.25,0.0003,0.0,12.49,0.02,0.0,0.0,25.0,healthy,0.0
healthy_0,3314,1789815278.4021802,0.0,65.86,28.79,0.01,87.9,0.0005,0.0,12.51,0.01,0.0,0.0,25.0,healthy,0.0
healthy_0,3315,1789815279.4021802,0.0,63.88,27.92,0.01,87.56,0.0005,0.0,12.48,0.0,0.0,0.0,25.0,healthy,0.0
healthy_0,3316,1789815280.4021802,0.0,61.98,27.44,0.0,87.21,0.0006,0.02,12.4,0.0,0.0,0.0,25.0,healthy,0.0
healthy_0,3317,1789815281.4021802,0.1,60.19,26.64,0.0,86.86,0.0,0.01,12.43,0.02,0.0,0.0,25.0,healthy,0.0
healthy_0,3318,1789815282.4021802,0.0,58.47,26.35,0.0,86.53,0.0,0.02,12.56,0.02,0.0,0.0,25.0,healthy,0.0
healthy_0,3319,1789815283.4021802,0.0,56.82,26.6,0.0,86.2,0.0,0.03,12.58,0.0,0.0,0.0,25.0,healthy,0.0
healthy_0,3320,1789815284.4021802,0.2,55.29,26.19,0.0,85.87,0.0,0.02,12.51,0.0,0.0,0.0,25.0,healthy,0.0
healthy_0,3321,1789815285.4021802,0.0,53.81,26.09,0.01,85.54,0.0003,0.0,12.43,0.02,0.0,0.0,25.0,healthy,0.0
healthy_0,3322,1789815286.4021802,0.0,52.4,26.5,0.0,85.21,0.0,0.0,12.53,0.0,0.0,0.0,25.0,healthy,0.0
healthy_0,3323,1789815287.4021802,0.0,51.09,26.26,0.0,84.87,0.0,0.0,12.58,0.03,0.0,0.0,25.0,healthy,0.0
healthy_0,3324,1789815288.4021802,0.0,49.81,26.37,0.0,84.52,0.0,0.0,12.64,0.03,0.0,0.0,25.0,healthy,0.0
healthy_0,3325,1789815289.4021802,1.3,48.62,25.89,0.0,84.2,0.0,0.0,12.65,0.01,0.0,0.0,25.0,healthy,0.0
healthy_0,3326,1789815290.4021802,2.9,47.44,26.11,0.0,83.87,0.0,0.01,12.69,0.03,0.0,0.0,25.0,healthy,0.0
healthy_0,3327,1789815291.4021802,1.1,46.33,26.03,0.0,83.54,0.0002,0.0,12.74,0.02,0.0,0.0,25.0,healthy,0.0
healthy_0,3328,1789815292.4021802,0.9,45.23,26.14,0.0,83.21,0.0,0.0,12.77,0.03,0.0,0.0,25.0,healthy,0.0
healthy_0,3329,1789815293.4021802,0.0,44.28,26.14,0.0,82.9,0.0,0.02,12.65,0.01,0.0,0.0,25.0,healthy,0.0
healthy_0,3330,1789815294.4021802,0.2,43.32,26.01,0.0,82.59,0.0,0.03,12.61,0.0,0.0,0.0,25.0,healthy,0.0
healthy_0,3331,1789815295.4021802,0.5,42.42,25.44,0.0,82.27,0.0,0.04,12.6,0.0,0.0,0.0,25.0,healthy,0.0
healthy_0,3332,1789815296.4021802,1.6,41.56,25.0,0.01,81.94,0.0,0.02,12.58,0.0,0.0,0.0,25.0,healthy,0.0
healthy_0,3333,1789815297.4021802,0.2,40.72,25.0,0.0,81.63,0.0,0.03,12.72,0.0,0.0,0.0,25.0,healthy,0.0
healthy_0,3334,1789815298.4021802,0.0,39.94,25.4,0.0,81.32,0.0006,0.03,12.65,0.0,0.0,0.0,25.0,healthy,0.0
healthy_0,3335,1789815299.4021802,0.0,39.21,25.14,0.0,81.01,0.0,0.02,12.68,0.0,0.0,0.0,25.0,healthy,0.0
healthy_0,3336,1789815300.4021802,0.4,38.53,25.0,0.0,80.71,0.0,0.01,12.7,0.0,0.0,0.0,25.0,healthy,0.0
healthy_0,3337,1789815301.4021802,0.0,37.89,25.0,0.0,80.39,0.0,0.01,12.64,0.02,0.0,0.0,25.0,healthy,0.0
healthy_0,3338,1789815302.4021802,0.0,37.23,25.0,0.0,80.09,0.0001,0.0,12.61,0.0,0.0,0.0,25.0,healthy,0.0
healthy_0,3339,1789815303.4021802,0.0,36.68,25.0,0.01,79.78,0.0,0.0,12.62,0.0,0.0,0.0,25.0,healthy,0.0
healthy_0,3340,1789815304.4021802,0.0,36.1,25.0,0.0,79.48,0.0,0.0,12.65,0.01,0.0,0.0,25.0,healthy,0.0
healthy_0,3341,1789815305.4021802,0.0,35.57,25.0,0.01,79.16,0.0,0.0,12.62,0.0,0.0,0.0,25.0,healthy,0.0
healthy_0,3342,1789815306.4021802,0.0,35.08,25.0,0.01,78.85,0.0,0.0,12.62,0.01,0.0,0.0,25.0,healthy,0.0
healthy_0,3343,1789815307.4021802,1.4,34.53,25.0,0.01,78.55,0.0,0.0,12.62,0.0,0.0,0.0,25.0,healthy,0.0
healthy_0,3344,1789815308.4021802,0.7,34.07,25.0,0.01,78.26,0.0,0.0,12.54,0.01,0.0,0.0,25.0,healthy,0.0
healthy_0,3345,1789815309.4021802,0.6,33.64,25.0,0.01,77.97,0.0,0.0,12.55,0.01,0.0,0.0,25.0,healthy,0.0
healthy_0,3346,1789815310.4021802,0.0,33.2,25.0,0.0,77.68,0.0,0.0,12.52,0.0,0.0,0.0,25.0,healthy,0.0
healthy_0,3347,1789815311.4021802,0.0,32.79,25.0,0.01,77.39,0.0009,0.0,12.46,0.0,0.0,0.0,25.0,healthy,0.0
healthy_0,3348,1789815312.4021802,0.0,32.42,25.0,0.0,77.1,0.0005,0.0,12.43,0.0,0.0,0.0,25.0,healthy,0.0
healthy_0,3349,1789815313.4021802,0.0,32.05,25.0,0.0,76.82,0.0006,0.0,12.48,0.01,0.0,0.0,25.0,healthy,0.0
healthy_0,3350,1789815314.4021802,0.0,31.69,25.0,0.0,76.54,0.0008,0.01,12.46,0.01,0.0,0.0,25.0,healthy,0.0
healthy_0,3351,1789815315.4021802,0.0,31.34,25.0,0.0,76.23,0.0005,0.01,12.58,0.0,0.0,0.0,25.0,healthy,0.0
healthy_0,3352,1789815316.4021802,0.0,31.01,25.0,0.0,75.93,0.0011,0.01,12.71,0.02,0.0,0.0,25.0,healthy,0.0
healthy_0,3353,1789815317.4021802,0.0,30.75,25.0,0.0,75.65,0.0003,0.01,12.67,0.02,0.0,0.0,25.0,healthy,0.0
healthy_0,3354,1789815318.4021802,0.0,30.49,25.08,0.0,75.35,0.0,0.0,12.68,0.0,0.0,0.0,25.0,healthy,0.0
healthy_0,3355,1789815319.4021802,0.0,30.22,25.43,0.0,75.07,0.0001,0.0,12.69,0.0,0.0,0.0,25.0,healthy,0.0
healthy_0,3356,1789815320.4021802,2.3,29.96,25.27,0.0,74.79,0.0,0.0,12.71,0.01,0.0,0.0,25.0,healthy,0.0
healthy_0,3357,1789815321.4021802,2.9,29.7,25.0,0.0,74.51,0.0,0.01,12.67,0.04,0.0,0.0,25.0,healthy,0.0
healthy_0,3358,1789815322.4021802,1.6,29.43,25.0,0.0,74.24,0.0,0.0,12.64,0.0,0.0,0.0,25.0,healthy,0.0
healthy_0,3359,1789815323.4021802,0.6,29.25,25.0,0.0,73.96,0.0003,0.0,12.56,0.0,0.0,0.0,25.0,healthy,0.0
healthy_0,3360,1789815324.4021802,1.3,29.03,25.16,0.0,73.69,0.0,0.0,12.57,0.0,0.0,0.0,25.0,healthy,0.0
healthy_0,3361,1789815325.4021802,0.0,28.82,25.22,0.0,73.41,0.0005,0.0,12.63,0.0,0.0,0.0,25.0,healthy,0.0
healthy_0,3362,1789815326.4021802,2.9,28.59,25.0,0.0,73.16,0.0,0.0,12.61,0.0,0.0,0.0,25.0,healthy,0.0
healthy_0,3363,1789815327.4021802,2.6,28.4,25.48,0.0,72.89,0.0,0.0,12.58,0.0,0.0,0.0,25.0,healthy,0.0
healthy_0,3364,1789815328.4021802,0.0,28.28,25.79,0.01,72.64,0.001,0.0,12.55,0.0,0.0,0.0,25.0,healthy,0.0
healthy_0,3365,1789815329.4021802,0.0,28.14,25.75,0.01,72.37,0.0,0.0,12.52,0.0,0.0,0.0,25.0,healthy,0.0
healthy_0,3366,1789815330.4021802,0.0,28.01,25.78,0.01,72.12,0.0,0.0,12.44,0.0,0.0,0.0,25.0,healthy,0.0
healthy_0,3367,1789815331.4021802,0.0,27.87,25.2,0.0,71.88,0.0,0.0,12.42,0.0,0.0,0.0,25.0,healthy,0.0
healthy_0,3368,1789815332.4021802,0.1,27.73,25.02,0.0,71.62,0.0,0.0,12.45,0.0,0.0,0.0,25.0,healthy,0.0
healthy_0,3369,1789815333.4021802,1.7,27.63,25.0,0.0,71.37,0.0,0.01,12.43,0.01,0.0,0.0,25.0,healthy,0.0
healthy_0,3370,1789815334.4021802,2.9,27.53,25.0,0.0,71.12,0.0001,0.01,12.51,0.02,0.0,0.0,25.0,healthy,0.0
healthy_0,3371,1789815335.4021802,1.2,27.42,25.0,0.0,70.85,0.0,0.0,12.43,0.05,0.0,0.0,25.0,healthy,0.0
healthy_0,3372,1789815336.4021802,0.9,27.28,25.0,0.0,70.61,0.0003,0.0,12.45,0.05,0.0,0.0,25.0,healthy,0.0
healthy_0,3373,1789815337.4021802,1.5,27.18,25.04,0.0,70.35,0.0,0.0,12.5,0.0,0.0,0.0,25.0,healthy,0.0
healthy_0,3374,1789815338.4021802,2.2,27.08,25.34,0.0,70.09,0.0,0.0,12.67,0.01,0.0,0.0,25.0,healthy,0.0
healthy_0,3375,1789815339.4021802,3.7,26.98,25.81,0.0,69.85,0.0,0.0,12.65,0.01,0.0,0.0,25.0,healthy,0.0
healthy_0,3376,1789815340.4021802,4.3,26.87,25.79,0.0,69.61,0.0002,0.0,12.62,0.0,0.0,0.0,25.0,healthy,0.0
healthy_0,3377,1789815341.4021802,6.3,26.77,25.64,0.0,69.36,0.0,0.0,12.57,0.0,0.0,0.0,25.0,healthy,0.0
healthy_0,3378,1789815342.4021802,3.4,26.67,25.68,0.0,69.1,0.0,0.0,12.63,0.01,0.0,0.0,25.0,healthy,0.0
healthy_0,3379,1789815343.4021802,1.1,26.61,25.72,0.0,68.86,0.0,0.0,12.59,0.0,0.0,0.0,25.0,healthy,0.0
healthy_0,3380,1789815344.4021802,0.0,26.53,25.54,0.0,68.63,0.0006,0.0,12.64,0.0,0.0,0.0,25.0,healthy,0.0
healthy_0,3381,1789815345.4021802,0.0,26.41,25.33,0.0,68.39,0.0001,0.0,12.58,0.0,0.0,0.0,25.0,healthy,0.0
healthy_0,3382,1789815346.4021802,0.0,26.35,25.0,0.0,68.14,0.0,0.0,12.57,0.01,0.0,0.0,25.0,healthy,0.0
healthy_0,3383,1789815347.4021802,0.0,26.29,25.0,0.0,67.87,0.0,0.0,12.57,0.04,0.0,0.0,25.0,healthy,0.0
healthy_0,3384,1789815348.4021802,0.0,26.25,25.58,0.0,67.63,0.0,0.0,12.58,0.0,0.0,0.0,25.0,healthy,0.0
healthy_0,3385,1789815349.4021802,0.0,26.18,25.32,0.0,67.39,0.0,0.0,12.62,0.0,0.0,0.0,25.0,healthy,0.0
healthy_0,3386,1789815350.4021802,0.0,26.16,25.36,0.0,67.15,0.0,0.01,12.56,0.0,0.0,0.0,25.0,healthy,0.0
healthy_0,3387,1789815351.4021802,0.0,26.1,25.21,0.0,66.92,0.0,0.0,12.55,0.0,0.0,0.0,25.0,healthy,0.0
healthy_0,3388,1789815352.4021802,0.0,26.05,25.28,0.0,66.69,0.0,0.0,12.52,0.0,0.0,0.0,25.0,healthy,0.0
healthy_0,3389,1789815353.4021802,0.0,25.96,25.18,0.0,66.44,0.0011,0.0,12.46,0.01,0.0,0.0,25.0,healthy,0.0
healthy_0,3390,1789815354.4021802,0.0,25.88,25.39,0.01,66.21,0.0012,0.0,12.53,0.02,0.0,0.0,25.0,healthy,0.0
healthy_0,3391,1789815355.4021802,0.0,25.85,25.18,0.01,65.97,0.0004,0.0,12.55,0.0,0.0,0.0,25.0,healthy,0.0
healthy_0,3392,1789815356.4021802,0.0,25.83,25.47,0.01,65.75,0.0004,0.0,12.48,0.0,0.0,0.0,25.0,healthy,0.0
healthy_0,3393,1789815357.4021802,0.0,25.8,25.26,0.01,65.52,0.0,0.0,12.38,0.01,0.0,0.0,25.0,healthy,0.0
healthy_0,3394,1789815358.4021802,0.0,25.74,25.0,0.0,65.28,0.0,0.0,12.4,0.0,0.0,0.0,25.0,healthy,0.0
healthy_0,3395,1789815359.4021802,0.0,25.69,25.01,0.0,65.06,0.0,0.0,12.48,0.0,0.0,0.0,25.0,healthy,0.0
healthy_0,3396,1789815360.4021802,0.0,25.68,25.28,0.0,64.83,0.0,0.01,12.51,0.0,0.0,0.0,25.0,healthy,0.0
healthy_0,3397,1789815361.4021802,0.0,25.66,25.37,0.01,64.62,0.0,0.01,12.41,0.0,0.0,0.0,25.0,healthy,0.0
healthy_0,3398,1789815362.4021802,0.0,25.64,25.63,0.0,64.41,0.0007,0.0,12.4,0.0,0.0,0.0,25.0,healthy,0.0
healthy_0,3399,1789815363.4021802,0.0,25.58,25.48,0.01,64.21,0.0002,0.0,12.41,0.02,0.0,0.0,25.0,healthy,0.0
healthy_0,3400,1789815364.4021802,0.0,25.55,25.08,0.0,63.97,0.0003,0.0,12.46,0.0,0.0,0.0,25.0,healthy,0.0
healthy_0,3401,1789815365.4021802,0.4,25.52,25.06,0.0,63.74,0.0,0.0,12.51,0.0,0.0,0.0,25.0,healthy,0.0
healthy_0,3402,1789815366.4021802,2.0,25.51,25.0,0.01,63.56,0.0006,0.0,12.49,0.04,0.0,0.0,25.0,healthy,0.0
healthy_0,3403,1789815367.4021802,2.2,25.5,25.0,0.01,63.36,0.0006,0.0,12.46,0.0,0.0,0.0,25.0,healthy,0.0
healthy_0,3404,1789815368.4021802,0.0,25.49,25.03,0.01,63.16,0.0,0.0,12.53,0.0,0.0,0.0,25.0,healthy,0.0
healthy_0,3405,1789815369.4021802,0.0,25.46,25.0,0.01,62.95,0.0,0.01,12.55,0.0,0.0,0.0,25.0,healthy,0.0
healthy_0,3406,1789815370.4021802,0.1,25.41,25.0,0.01,62.74,0.0,0.01,12.54,0.0,0.0,0.0,25.0,healthy,0.0
healthy_0,3407,1789815371.4021802,0.0,25.37,25.0,0.0,62.54,0.0,0.0,12.57,0.0,0.0,0.0,25.0,healthy,0.0
healthy_0,3408,1789815372.4021802,0.0,25.38,25.22,0.0,62.35,0.0,0.0,12.49,0.01,0.0,0.0,25.0,healthy,0.0
healthy_0,3409,1789815373.4021802,0.0,25.34,25.78,0.0,62.15,0.0,0.0,12.45,0.01,0.0,0.0,25.0,healthy,0.0
healthy_0,3410,1789815374.4021802,0.0,25.29,25.75,0.0,61.95,0.0,0.0,12.49,0.02,0.0,0.0,25.0,healthy,0.0
healthy_0,3411,1789815375.4021802,0.0,25.26,25.52,0.01,61.75,0.0,0.0,12.49,0.0,0.0,0.0,25.0,healthy,0.0
healthy_0,3412,1789815376.4021802,0.0,25.25,25.69,0.01,61.55,0.0001,0.01,12.52,0.02,0.0,0.0,25.0,healthy,0.0
healthy_0,3413,1789815377.4021802,0.0,25.26,26.06,0.01,61.34,0.0,0.0,12.4,0.0,0.0,0.0,25.0,healthy,0.0
healthy_0,3414,1789815378.4021802,0.0,25.27,25.62,0.01,61.14,0.0,0.01,12.43,0.0,0.0,0.0,25.0,healthy,0.0
healthy_0,3415,1789815379.4021802,0.0,25.27,25.89,0.01,60.94,0.0,0.01,12.41,0.0,0.0,0.0,25.0,healthy,0.0
healthy_0,3416,1789815380.4021802,0.0,25.24,25.52,0.01,60.74,0.0,0.0,12.43,0.0,0.0,0.0,25.0,healthy,0.0
healthy_0,3417,1789815381.4021802,0.0,25.22,25.4,0.01,60.53,0.0001,0.01,12.46,0.01,0.0,0.0,25.0,healthy,0.0
healthy_0,3418,1789815382.4021802,0.0,25.2,25.11,0.01,60.33,0.0004,0.0,12.42,0.01,0.0,0.0,25.0,healthy,0.0
healthy_0,3419,1789815383.4021802,0.0,25.18,25.11,0.01,60.15,0.0003,0.03,12.43,0.03,0.0,0.0,25.0,healthy,0.0
healthy_0,3420,1789815384.4021802,0.0,25.21,25.14,0.01,59.95,0.0,0.03,12.47,0.01,0.0,0.0,25.0,healthy,0.0
healthy_0,3421,1789815385.4021802,0.2,25.23,25.15,0.01,59.76,0.0,0.02,12.48,0.0,0.0,0.0,25.0,healthy,0.0
healthy_0,3422,1789815386.4021802,0.3,25.21,25.46,0.01,59.59,0.0,0.02,12.43,0.0,0.0,0.0,25.0,healthy,0.0
healthy_0,3423,1789815387.4021802,0.0,25.2,25.56,0.01,59.4,0.0,0.02,12.4,0.0,0.0,0.0,25.0,healthy,0.0
healthy_0,3424,1789815388.4021802,0.0,25.15,25.81,0.01,59.21,0.0,0.0,12.53,0.0,0.0,0.0,25.0,healthy,0.0
healthy_0,3425,1789815389.4021802,0.0,25.15,25.39,0.01,59.01,0.0,0.01,12.49,0.02,0.0,0.0,25.0,healthy,0.0
healthy_0,3426,1789815390.4021802,0.0,25.14,25.9,0.0,58.83,0.0,0.02,12.47,0.01,0.0,0.0,25.0,healthy,0.0
healthy_0,3427,1789815391.4021802,0.0,25.13,25.27,0.0,58.64,0.0,0.03,12.48,0.01,0.0,0.0,25.0,healthy,0.0
healthy_0,3428,1789815392.4021802,0.0,25.13,25.16,0.0,58.47,0.0,0.03,12.49,0.0,0.0,0.0,25.0,healthy,0.0
healthy_0,3429,1789815393.4021802,0.0,25.14,25.62,0.0,58.27,0.0,0.03,12.45,0.01,0.0,0.0,25.0,healthy,0.0
healthy_0,3430,1789815394.4021802,0.0,25.12,25.18,0.01,58.09,0.0,0.0,12.4,0.0,0.0,0.0,25.0,healthy,0.0
healthy_0,3431,1789815395.4021802,0.0,25.11,25.64,0.01,57.9,0.0,0.01,12.44,0.0,0.0,0.0,25.0,healthy,0.0
healthy_0,3432,1789815396.4021802,0.0,25.09,25.74,0.01,57.72,0.0,0.01,12.4,0.01,0.0,0.0,25.0,healthy,0.0
healthy_0,3433,1789815397.4021802,0.0,25.1,25.29,0.0,57.54,0.0,0.02,12.41,0.01,0.0,0.0,25.0,healthy,0.0
healthy_0,3434,1789815398.4021802,0.3,25.1,25.28,0.01,57.36,0.0,0.01,12.46,0.04,0.0,0.0,25.0,healthy,0.0
healthy_0,3435,1789815399.4021802,0.3,25.12,25.0,0.01,57.16,0.0,0.01,12.49,0.0,0.0,0.0,25.0,healthy,0.0
healthy_0,3436,1789815400.4021802,1.4,25.13,25.06,0.0,56.98,0.0,0.02,12.43,0.0,0.0,0.0,25.0,healthy,0.0
healthy_0,3437,1789815401.4021802,0.0,25.15,25.34,0.0,56.81,0.0,0.01,12.38,0.02,0.0,0.0,25.0,healthy,0.0
healthy_0,3438,1789815402.4021802,0.4,25.17,25.4,0.0,56.64,0.0,0.01,12.27,0.04,0.0,0.0,25.0,healthy,0.0
healthy_0,3439,1789815403.4021802,0.0,25.13,25.63,0.0,56.45,0.0,0.03,12.36,0.02,0.0,0.0,25.0,healthy,0.0
healthy_0,3440,1789815404.4021802,0.0,25.12,25.16,0.0,56.29,0.0,0.03,12.42,0.02,0.0,0.0,25.0,healthy,0.0
healthy_0,3441,1789815405.4021802,0.4,25.08,25.0,0.0,56.11,0.0,0.01,12.4,0.01,0.0,0.0,25.0,healthy,0.0
healthy_0,3442,1789815406.4021802,0.0,25.06,25.55,0.0,55.94,0.0,0.03,12.45,0.02,0.0,0.0,25.0,healthy,0.0
healthy_0,3443,1789815407.4021802,0.0,25.07,25.16,0.0,55.78,0.0,0.04,12.44,0.04,0.0,0.0,25.0,healthy,0.0
healthy_0,3444,1789815408.4021802,0.0,25.05,25.0,0.0,55.6,0.0003,0.02,12.53,0.03,0.0,0.0,25.0,healthy,0.0
healthy_0,3445,1789815409.4021802,0.0,25.03,25.0,0.0,55.43,0.0009,0.03,12.48,0.0,0.0,0.0,25.0,healthy,0.0
healthy_0,3446,1789815410.4021802,0.0,25.01,25.0,0.0,55.26,0.0017,0.04,12.52,0.0,0.0,0.0,25.0,healthy,0.0
healthy_0,3447,1789815411.4021802,0.0,25.0,25.0,0.0,55.07,0.0016,0.03,12.49,0.0,0.0,0.0,25.0,healthy,0.0
healthy_0,3448,1789815412.4021802,0.0,25.0,25.0,0.0,54.9,0.0011,0.03,12.5,0.01,0.0,0.0,25.0,healthy,0.0
healthy_0,3449,1789815413.4021802,0.0,25.0,25.0,0.0,54.74,0.0011,0.01,12.54,0.0,0.0,0.0,25.0,healthy,0.0
healthy_0,3450,1789815414.4021802,0.0,25.0,25.0,0.0,54.6,0.0016,0.01,12.46,0.01,0.0,0.0,25.0,healthy,0.0
healthy_0,3451,1789815415.4021802,0.3,25.0,25.0,0.0,54.43,0.0011,0.01,12.49,0.01,0.0,0.0,25.0,healthy,0.0
healthy_0,3452,1789815416.4021802,0.0,25.0,25.0,0.0,54.27,0.0005,0.0,12.45,0.0,0.0,0.0,25.0,healthy,0.0
healthy_0,3453,1789815417.4021802,0.0,25.0,25.0,0.0,54.12,0.0,0.0,12.42,0.02,0.0,0.0,25.0,healthy,0.0
healthy_0,3454,1789815418.4021802,0.0,25.03,25.0,0.0,53.96,0.0005,0.0,12.45,0.01,0.0,0.0,25.0,healthy,0.0
healthy_0,3455,1789815419.4021802,0.0,25.02,25.0,0.0,53.79,0.0006,0.0,12.39,0.01,0.0,0.0,25.0,healthy,0.0
healthy_0,3456,1789815420.4021802,0.0,25.0,25.0,0.0,53.61,0.0,0.0,12.33,0.03,0.0,0.0,25.0,healthy,0.0
healthy_0,3457,1789815421.4021802,0.0,25.0,25.0,0.0,53.45,0.0003,0.0,12.35,0.05,0.0,0.0,25.0,healthy,0.0
healthy_0,3458,1789815422.4021802,0.3,25.0,25.1,0.0,53.3,0.0006,0.0,12.45,0.0,0.0,0.0,25.0,healthy,0.0
healthy_0,3459,1789815423.4021802,1.5,25.0,25.0,0.0,53.15,0.0006,0.0,12.5,0.0,0.0,0.0,25.0,healthy,0.0
healthy_0,3460,1789815424.4021802,0.0,25.0,25.0,0.0,52.99,0.0007,0.0,12.51,0.0,0.0,0.0,25.0,healthy,0.0
healthy_0,3461,1789815425.4021802,0.0,25.0,25.0,0.0,52.85,0.0004,0.0,12.54,0.0,0.0,0.0,25.0,healthy,0.0
healthy_0,3462,1789815426.4021802,0.0,25.0,25.22,0.0,52.69,0.0012,0.0,12.57,0.0,0.0,0.0,25.0,healthy,0.0
healthy_0,3463,1789815427.4021802,0.0,25.0,25.0,0.0,52.54,0.0006,0.0,12.58,0.0,0.0,0.0,25.0,healthy,0.0
healthy_0,3464,1789815428.4021802,0.0,25.0,25.0,0.0,52.39,0.0,0.0,12.6,0.0,0.0,0.0,25.0,healthy,0.0
healthy_0,3465,1789815429.4021802,0.5,25.0,25.0,0.0,52.23,0.0,0.0,12.61,0.01,0.0,0.0,25.0,healthy,0.0
healthy_0,3466,1789815430.4021802,0.4,25.0,25.0,0.0,52.07,0.0002,0.0,12.64,0.0,0.0,0.0,25.0,healthy,0.0
healthy_0,3467,1789815431.4021802,2.3,25.0,25.0,0.01,51.92,0.0001,0.0,12.53,0.0,0.0,0.0,25.0,healthy,0.0
healthy_0,3468,1789815432.4021802,2.1,25.0,25.04,0.01,51.77,0.0001,0.0,12.53,0.01,0.0,0.0,25.0,healthy,0.0
healthy_0,3469,1789815433.4021802,2.9,25.0,25.38,0.0,51.64,0.0002,0.0,12.58,0.01,0.0,0.0,25.0,healthy,0.0
healthy_0,3470,1789815434.4021802,3.1,25.0,25.0,0.01,51.47,0.0001,0.0,12.54,0.01,0.0,0.0,25.0,healthy,0.0
healthy_0,3471,1789815435.4021802,1.4,25.0,25.0,0.0,51.32,0.0002,0.0,12.61,0.0,0.0,0.0,25.0,healthy,0.0
healthy_0,3472,1789815436.4021802,1.2,25.0,25.0,0.01,51.18,0.0,0.01,12.61,0.02,0.0,0.0,25.0,healthy,0.0
healthy_0,3473,1789815437.4021802,2.2,25.0,25.0,0.01,51.03,0.0,0.01,12.59,0.01,0.0,0.0,25.0,healthy,0.0
healthy_0,3474,1789815438.4021802,4.4,25.0,25.0,0.01,50.92,0.0,0.01,12.66,0.01,0.0,0.0,25.0,healthy,0.0
healthy_0,3475,1789815439.4021802,3.2,25.0,25.0,0.0,50.75,0.0002,0.0,12.66,0.03,0.0,0.0,25.0,healthy,0.0
healthy_0,3476,1789815440.4021802,3.9,25.0,25.0,0.0,50.62,0.0,0.0,12.66,0.01,0.0,0.0,25.0,healthy,0.0
healthy_0,3477,1789815441.4021802,3.2,25.0,25.0,0.0,50.47,0.0,0.0,12.61,0.0,0.0,0.0,25.0,healthy,0.0
healthy_0,3478,1789815442.4021802,4.1,25.0,25.0,0.0,50.34,0.0,0.0,12.47,0.01,0.0,0.0,25.0,healthy,0.0
healthy_0,3479,1789815443.4021802,4.8,25.0,25.0,0.0,50.19,0.0002,0.0,12.5,0.0,0.0,0.0,25.0,healthy,0.0
healthy_0,3480,1789815444.4021802,4.8,25.0,25.0,0.0,50.05,0.0006,0.0,12.58,0.0,0.0,0.0,25.0,healthy,0.0
healthy_0,3481,1789815445.4021802,4.5,25.0,25.0,0.0,49.9,0.0006,0.0,12.54,0.01,0.0,0.0,25.0,healthy,0.0
healthy_0,3482,1789815446.4021802,3.8,25.01,25.0,0.0,49.74,0.0004,0.0,12.53,0.0,0.0,0.0,25.0,healthy,0.0
healthy_0,3483,1789815447.4021802,4.8,25.0,25.0,0.0,49.62,0.0005,0.0,12.5,0.0,0.0,0.0,25.0,healthy,0.0
healthy_0,3484,1789815448.4021802,4.1,25.0,25.0,0.0,49.49,0.0013,0.0,12.46,0.01,0.0,0.0,25.0,healthy,0.0
healthy_0,3485,1789815449.4021802,3.3,25.01,25.0,0.0,49.36,0.0006,0.0,12.37,0.0,0.0,0.0,25.0,healthy,0.0
healthy_0,3486,1789815450.4021802,1.9,25.0,25.0,0.01,49.22,0.0006,0.0,12.38,0.01,0.0,0.0,25.0,healthy,0.0
healthy_0,3487,1789815451.4021802,2.0,25.01,25.0,0.01,49.09,0.0002,0.0,12.41,0.0,0.0,0.0,25.0,healthy,0.0
healthy_0,3488,1789815452.4021802,1.2,25.0,25.0,0.0,48.96,0.0,0.0,12.39,0.0,0.0,0.0,25.0,healthy,0.0
healthy_0,3489,1789815453.4021802,0.0,25.0,25.0,0.0,48.83,0.0002,0.0,12.35,0.0,0.0,0.0,25.0,healthy,0.0
healthy_0,3490,1789815454.4021802,0.0,25.0,25.0,0.01,48.72,0.0,0.0,12.36,0.0,0.0,0.0,25.0,healthy,0.0
healthy_0,3491,1789815455.4021802,1.5,25.0,25.0,0.0,48.6,0.0,0.0,12.37,0.02,0.0,0.0,25.0,healthy,0.0
healthy_0,3492,1789815456.4021802,1.3,25.0,25.0,0.0,48.46,0.0,0.0,12.36,0.01,0.0,0.0,25.0,healthy,0.0
healthy_0,3493,1789815457.4021802,1.7,25.0,25.0,0.01,48.32,0.0,0.0,12.41,0.0,0.0,0.0,25.0,healthy,0.0
healthy_0,3494,1789815458.4021802,2.0,25.0,25.0,0.01,48.18,0.0,0.0,12.47,0.0,0.0,0.0,25.0,healthy,0.0
healthy_0,3495,1789815459.4021802,1.8,25.0,25.0,0.01,48.04,0.0,0.0,12.47,0.03,0.0,0.0,25.0,healthy,0.0
healthy_0,3496,1789815460.4021802,1.4,25.0,25.0,0.0,47.92,0.0005,0.0,12.53,0.01,0.0,0.0,25.0,healthy,0.0
healthy_0,3497,1789815461.4021802,0.6,25.0,25.0,0.0,47.8,0.0004,0.0,12.48,0.0,0.0,0.0,25.0,healthy,0.0
healthy_0,3498,1789815462.4021802,0.4,25.0,25.09,0.0,47.67,0.0002,0.01,12.48,0.0,0.0,0.0,25.0,healthy,0.0
healthy_0,3499,1789815463.4021802,0.2,25.0,25.09,0.01,47.55,0.0,0.0,12.42,0.0,0.0,0.0,25.0,healthy,0.0
healthy_0,3500,1789815464.4021802,0.5,25.0,25.26,0.01,47.43,0.0,0.0,12.42,0.0,0.0,0.0,25.0,healthy,0.0
healthy_0,3501,1789815465.4021802,0.7,25.0,25.64,0.0,47.31,0.0,0.01,12.37,0.04,0.0,0.0,25.0,healthy,0.0
healthy_0,3502,1789815466.4021802,0.7,25.0,25.3,0.0,47.18,0.0004,0.0,12.37,0.02,0.0,0.0,25.0,healthy,0.0
healthy_0,3503,1789815467.4021802,1.8,25.0,25.35,0.01,47.05,0.0001,0.0,12.44,0.01,0.0,0.0,25.0,healthy,0.0
healthy_0,3504,1789815468.4021802,0.0,25.0,25.0,0.01,46.92,0.0009,0.0,12.49,0.01,0.0,0.0,25.0,healthy,0.0
healthy_0,3505,1789815469.4021802,0.0,25.0,25.13,0.0,46.8,0.0006,0.0,12.45,0.03,0.0,0.0,25.0,healthy,0.0
healthy_0,3506,1789815470.4021802,0.0,25.0,25.63,0.0,46.68,0.0009,0.0,12.48,0.03,0.0,0.0,25.0,healthy,0.0
healthy_0,3507,1789815471.4021802,0.0,25.0,25.28,0.0,46.55,0.0003,0.0,12.5,0.02,0.0,0.0,25.0,healthy,0.0
healthy_0,3508,1789815472.4021802,0.0,25.0,25.19,0.01,46.4,0.0005,0.0,12.51,0.04,0.0,0.0,25.0,healthy,0.0
healthy_0,3509,1789815473.4021802,0.0,25.0,25.05,0.0,46.29,0.0005,0.0,12.46,0.01,0.0,0.0,25.0,healthy,0.0
healthy_0,3510,1789815474.4021802,0.0,25.0,25.0,0.0,46.16,0.0007,0.0,12.5,0.0,0.0,0.0,25.0,healthy,0.0
healthy_0,3511,1789815475.4021802,0.0,25.0,25.0,0.0,46.05,0.0003,0.0,12.54,0.0,0.0,0.0,25.0,healthy,0.0
healthy_0,3512,1789815476.4021802,0.0,25.0,25.0,0.01,45.95,0.0007,0.0,12.53,0.01,0.0,0.0,25.0,healthy,0.0
healthy_0,3513,1789815477.4021802,0.0,25.0,25.15,0.01,45.84,0.0003,0.0,12.49,0.0,0.0,0.0,25.0,healthy,0.0
healthy_0,3514,1789815478.4021802,0.0,25.0,25.0,0.01,45.73,0.0009,0.0,12.48,0.02,0.0,0.0,25.0,healthy,0.0
healthy_0,3515,1789815479.4021802,0.0,25.0,25.0,0.01,45.62,0.0003,0.0,12.46,0.0,0.0,0.0,25.0,healthy,0.0
healthy_0,3516,1789815480.4021802,0.0,25.0,25.0,0.01,45.5,0.0008,0.0,12.5,0.0,0.0,0.0,25.0,healthy,0.0
healthy_0,3517,1789815481.4021802,0.0,25.0,25.0,0.0,45.38,0.0,0.0,12.5,0.0,0.0,0.0,25.0,healthy,0.0
healthy_0,3518,1789815482.4021802,0.0,25.0,25.0,0.0,45.25,0.0,0.01,12.55,0.0,0.0,0.0,25.0,healthy,0.0
healthy_0,3519,1789815483.4021802,0.0,25.0,25.0,0.0,45.14,0.0002,0.01,12.58,0.01,0.0,0.0,25.0,healthy,0.0
healthy_0,3520,1789815484.4021802,0.0,25.0,25.0,0.0,45.04,0.0,0.01,12.57,0.0,0.0,0.0,25.0,healthy,0.0
healthy_0,3521,1789815485.4021802,0.0,25.0,25.0,0.0,44.93,0.0,0.02,12.57,0.01,0.0,0.0,25.0,healthy,0.0
healthy_0,3522,1789815486.4021802,0.0,25.0,25.0,0.0,44.81,0.0008,0.01,12.55,0.03,0.0,0.0,25.0,healthy,0.0
healthy_0,3523,1789815487.4021802,0.0,25.0,25.17,0.0,44.69,0.0012,0.02,12.57,0.0,0.0,0.0,25.0,healthy,0.0
healthy_0,3524,1789815488.4021802,0.4,25.0,25.0,0.0,44.59,0.0015,0.02,12.57,0.02,0.0,0.0,25.0,healthy,0.0
healthy_0,3525,1789815489.4021802,0.4,25.0,25.0,0.0,44.5,0.0004,0.01,12.56,0.0,0.0,0.0,25.0,healthy,0.0
healthy_0,3526,1789815490.4021802,0.2,25.0,25.0,0.0,44.4,0.0006,0.0,12.51,0.02,0.0,0.0,25.0,healthy,0.0
healthy_0,3527,1789815491.4021802,0.9,25.0,25.0,0.0,44.29,0.0009,0.02,12.49,0.0,0.0,0.0,25.0,healthy,0.0
healthy_0,3528,1789815492.4021802,1.1,25.0,25.0,0.0,44.18,0.0,0.03,12.55,0.0,0.0,0.0,25.0,healthy,0.0
healthy_0,3529,1789815493.4021802,0.2,25.0,25.0,0.0,44.08,0.0,0.01,12.54,0.0,0.0,0.0,25.0,healthy,0.0
healthy_0,3530,1789815494.4021802,0.0,25.0,25.0,0.0,43.98,0.0,0.01,12.51,0.0,0.0,0.0,25.0,healthy,0.0
healthy_0,3531,1789815495.4021802,0.0,25.02,25.0,0.0,43.88,0.0,0.0,12.45,0.0,0.0,0.0,25.0,healthy,0.0
healthy_0,3532,1789815496.4021802,0.4,25.0,25.0,0.01,43.77,0.0,0.0,12.45,0.01,0.0,0.0,25.0,healthy,0.0
healthy_0,3533,1789815497.4021802,1.4,25.0,25.0,0.0,43.65,0.0,0.0,12.52,0.0,0.0,0.0,25.0,healthy,0.0
healthy_0,3534,1789815498.4021802,0.5,25.0,25.0,0.0,43.55,0.0,0.0,12.57,0.0,0.0,0.0,25.0,healthy,0.0
healthy_0,3535,1789815499.4021802,1.3,25.0,25.0,0.0,43.46,0.0002,0.01,12.52,0.0,0.0,0.0,25.0,healthy,0.0
healthy_0,3536,1789815500.4021802,0.0,25.0,25.0,0.0,43.35,0.0005,0.0,12.48,0.01,0.0,0.0,25.0,healthy,0.0
healthy_0,3537,1789815501.4021802,0.0,25.0,25.0,0.0,43.25,0.0003,0.01,12.52,0.02,0.0,0.0,25.0,healthy,0.0
healthy_0,3538,1789815502.4021802,0.2,25.0,25.0,0.0,43.15,0.0007,0.02,12.5,0.01,0.0,0.0,25.0,healthy,0.0
healthy_0,3539,1789815503.4021802,0.0,25.0,25.0,0.0,43.04,0.0009,0.02,12.45,0.0,0.0,0.0,25.0,healthy,0.0
healthy_0,3540,1789815504.4021802,0.0,25.0,25.0,0.0,42.94,0.0004,0.02,12.45,0.0,0.0,0.0,25.0,healthy,0.0
healthy_0,3541,1789815505.4021802,0.0,25.0,25.0,0.0,42.84,0.0,0.03,12.45,0.0,0.0,0.0,25.0,healthy,0.0
healthy_0,3542,1789815506.4021802,0.5,25.0,25.0,0.0,42.77,0.0,0.02,12.51,0.0,0.0,0.0,25.0,healthy,0.0
healthy_0,3543,1789815507.4021802,1.6,25.0,25.0,0.0,42.67,0.0,0.01,12.46,0.01,0.0,0.0,25.0,healthy,0.0
healthy_0,3544,1789815508.4021802,2.3,25.0,25.0,0.0,42.57,0.0,0.01,12.48,0.02,0.0,0.0,25.0,healthy,0.0
healthy_0,3545,1789815509.4021802,1.6,25.0,25.0,0.0,42.48,0.0,0.03,12.51,0.04,0.0,0.0,25.0,healthy,0.0
healthy_0,3546,1789815510.4021802,0.0,25.0,25.0,0.0,42.39,0.0,0.04,12.45,0.03,0.0,0.0,25.0,healthy,0.0
healthy_0,3547,1789815511.4021802,0.0,25.0,25.28,0.0,42.3,0.0,0.02,12.47,0.03,0.0,0.0,25.0,healthy,0.0
healthy_0,3548,1789815512.4021802,0.4,25.0,25.48,0.0,42.19,0.0006,0.01,12.44,0.04,0.0,0.0,25.0,healthy,0.0
healthy_0,3549,1789815513.4021802,0.9,25.0,25.69,0.01,42.07,0.0,0.01,12.4,0.01,0.0,0.0,25.0,healthy,0.0
healthy_0,3550,1789815514.4021802,0.0,25.0,25.6,0.01,41.99,0.0,0.0,12.38,0.06,0.0,0.0,25.0,healthy,0.0
healthy_0,3551,1789815515.4021802,0.0,25.0,25.69,0.0,41.91,0.0,0.0,12.34,0.02,0.0,0.0,25.0,healthy,0.0
healthy_0,3552,1789815516.4021802,0.0,25.0,26.11,0.0,41.82,0.0,0.0,12.35,0.02,0.0,0.0,25.0,healthy,0.0
healthy_0,3553,1789815517.4021802,0.0,25.0,25.74,0.0,41.72,0.0,0.02,12.42,0.04,0.0,0.0,25.0,healthy,0.0
healthy_0,3554,1789815518.4021802,0.0,25.0,25.49,0.0,41.64,0.0003,0.01,12.36,0.0,0.0,0.0,25.0,healthy,0.0
healthy_0,3555,1789815519.4021802,0.0,25.0,25.75,0.0,41.54,0.0007,0.02,12.37,0.03,0.0,0.0,25.0,healthy,0.0
healthy_0,3556,1789815520.4021802,0.0,25.0,26.41,0.0,41.44,0.0003,0.02,12.4,0.01,0.0,0.0,25.0,healthy,0.0
healthy_0,3557,1789815521.4021802,0.0,25.0,25.98,0.0,41.35,0.0,0.0,12.42,0.0,0.0,0.0,25.0,healthy,0.0
healthy_0,3558,1789815522.4021802,0.0,25.0,26.11,0.0,41.27,0.0,0.0,12.54,0.01,0.0,0.0,25.0,healthy,0.0
healthy_0,3559,1789815523.4021802,0.0,25.0,26.24,0.01,41.16,0.0,0.0,12.56,0.04,0.0,0.0,25.0,healthy,0.0
healthy_0,3560,1789815524.4021802,0.0,25.0,26.41,0.01,41.08,0.0,0.0,12.42,0.02,0.0,0.0,25.0,healthy,0.0
healthy_0,3561,1789815525.4021802,0.0,25.0,26.56,0.0,40.99,0.0,0.0,12.4,0.03,0.0,0.0,25.0,healthy,0.0
healthy_0,3562,1789815526.4021802,0.0,25.0,26.01,0.0,40.9,0.0,0.01,12.44,0.03,0.0,0.0,25.0,healthy,0.0
healthy_0,3563,1789815527.4021802,0.0,25.0,25.88,0.0,40.82,0.0,0.01,12.38,0.05,0.0,0.0,25.0,healthy,0.0
healthy_0,3564,1789815528.4021802,0.4,25.0,25.96,0.0,40.72,0.0004,0.01,12.45,0.03,0.0,0.0,25.0,healthy,0.0
healthy_0,3565,1789815529.4021802,1.6,25.0,25.89,0.0,40.63,0.0007,0.0,12.41,0.03,0.0,0.0,25.0,healthy,0.0
healthy_0,3566,1789815530.4021802,0.2,25.0,25.41,0.0,40.55,0.0,0.0,12.39,0.0,0.0,0.0,25.0,healthy,0.0
healthy_0,3567,1789815531.4021802,0.0,25.0,25.49,0.01,40.46,0.0,0.0,12.41,0.0,0.0,0.0,25.0,healthy,0.0
healthy_0,3568,1789815532.4021802,0.0,25.0,25.45,0.0,40.36,0.0002,0.0,12.5,0.04,0.0,0.0,25.0,healthy,0.0
healthy_0,3569,1789815533.4021802,0.0,25.0,25.4,0.01,40.28,0.0013,0.0,12.51,0.02,0.0,0.0,25.0,healthy,0.0
healthy_0,3570,1789815534.4021802,1.8,25.0,25.14,0.0,40.2,0.0014,0.0,12.6,0.0,0.0,0.0,25.0,healthy,0.0
healthy_0,3571,1789815535.4021802,0.3,25.0,25.0,0.0,40.11,0.0002,0.01,12.63,0.01,0.0,0.0,25.0,healthy,0.0
healthy_0,3572,1789815536.4021802,1.3,25.0,25.0,0.0,40.02,0.0005,0.0,12.61,0.0,0.0,0.0,25.0,healthy,0.0
healthy_0,3573,1789815537.4021802,0.5,25.0,25.0,0.0,39.94,0.0007,0.0,12.64,0.0,0.0,0.0,25.0,healthy,0.0
healthy_0,3574,1789815538.4021802,0.4,25.0,25.0,0.0,39.86,0.0002,0.0,12.61,0.0,0.0,0.0,25.0,healthy,0.0
healthy_0,3575,1789815539.4021802,2.2,25.0,25.0,0.0,39.8,0.0,0.0,12.61,0.04,0.0,0.0,25.0,healthy,0.0
healthy_0,3576,1789815540.4021802,1.3,25.03,25.0,0.0,39.71,0.0,0.0,12.68,0.03,0.0,0.0,25.0,healthy,0.0
healthy_0,3577,1789815541.4021802,0.8,25.01,25.0,0.0,39.63,0.0004,0.0,12.65,0.0,0.0,0.0,25.0,healthy,0.0
healthy_0,3578,1789815542.4021802,2.3,25.02,25.02,0.0,39.54,0.0001,0.0,12.69,0.0,0.0,0.0,25.0,healthy,0.0
healthy_0,3579,1789815543.4021802,0.3,25.01,25.0,0.0,39.46,0.0003,0.0,12.58,0.0,0.0,0.0,25.0,healthy,0.0
healthy_0,3580,1789815544.4021802,0.0,25.0,25.0,0.0,39.38,0.0002,0.0,12.56,0.01,0.0,0.0,25.0,healthy,0.0
healthy_0,3581,1789815545.4021802,0.0,25.0,25.0,0.0,39.31,0.0005,0.0,12.58,0.02,0.0,0.0,25.0,healthy,0.0
healthy_0,3582,1789815546.4021802,1.8,25.0,25.0,0.0,39.21,0.0007,0.0,12.52,0.03,0.0,0.0,25.0,healthy,0.0
healthy_0,3583,1789815547.4021802,1.5,25.0,25.0,0.0,39.14,0.001,0.0,12.52,0.06,0.0,0.0,25.0,healthy,0.0
healthy_0,3584,1789815548.4021802,1.1,25.0,25.0,0.0,39.05,0.0014,0.01,12.57,0.03,0.0,0.0,25.0,healthy,0.0
healthy_0,3585,1789815549.4021802,0.0,25.0,25.0,0.0,38.98,0.0015,0.01,12.64,0.02,0.0,0.0,25.0,healthy,0.0
healthy_0,3586,1789815550.4021802,0.0,25.0,25.0,0.01,38.92,0.0006,0.0,12.69,0.02,0.0,0.0,25.0,healthy,0.0
healthy_0,3587,1789815551.4021802,1.8,25.02,25.0,0.01,38.83,0.0,0.01,12.7,0.01,0.0,0.0,25.0,healthy,0.0
healthy_0,3588,1789815552.4021802,0.7,25.01,25.0,0.01,38.76,0.0007,0.01,12.69,0.0,0.0,0.0,25.0,healthy,0.0
healthy_0,3589,1789815553.4021802,0.8,25.01,25.0,0.0,38.67,0.0007,0.01,12.65,0.0,0.0,0.0,25.0,healthy,0.0
healthy_0,3590,1789815554.4021802,1.7,25.01,25.0,0.0,38.59,0.0004,0.03,12.68,0.0,0.0,0.0,25.0,healthy,0.0
healthy_0,3591,1789815555.4021802,1.3,25.0,25.0,0.01,38.5,0.0,0.03,12.57,0.0,0.0,0.0,25.0,healthy,0.0
healthy_0,3592,1789815556.4021802,1.8,25.0,25.0,0.01,38.43,0.0002,0.01,12.59,0.0,0.0,0.0,25.0,healthy,0.0
healthy_0,3593,1789815557.4021802,0.0,25.0,25.0,0.01,38.35,0.0,0.0,12.58,0.05,0.0,0.0,25.0,healthy,0.0
healthy_0,3594,1789815558.4021802,0.0,25.0,25.0,0.01,38.27,0.0002,0.0,12.57,0.03,0.0,0.0,25.0,healthy,0.0
healthy_0,3595,1789815559.4021802,0.0,25.0,25.0,0.0,38.22,0.0,0.0,12.56,0.01,0.0,0.0,25.0,healthy,0.0
healthy_0,3596,1789815560.4021802,0.1,25.0,25.1,0.01,38.15,0.0002,0.0,12.58,0.0,0.0,0.0,25.0,healthy,0.0
healthy_0,3597,1789815561.4021802,0.0,25.0,25.16,0.01,38.08,0.0001,0.0,12.64,0.03,0.0,0.0,25.0,healthy,0.0
healthy_0,3598,1789815562.4021802,1.1,25.0,25.65,0.01,38.01,0.0002,0.0,12.63,0.01,0.0,0.0,25.0,healthy,0.0
healthy_0,3599,1789815563.4021802,1.6,25.0,25.51,0.01,37.95,0.0008,0.0,12.71,0.0,0.0,0.0,25.0,healthy,0.0
