mission_id,tick,timestamp,rpm,cht_celsius,egt_celsius,oil_pressure_bar,oil_temp_celsius,vibration,fuel_flow,battery_voltage_v,injection_timing_deg,throttle_position,altitude_m,ambient_temp_celsius,label_fault_type,label_severity
fault_sensor_drift_1,0,1789843937.227409,1.0,25.0,25.13,0.0,25.01,0.0,0.01,12.53,0.03,0.0,0.0,25.0,healthy,0.0
fault_sensor_drift_1,1,1789843938.227409,2.5,25.0,25.58,0.0,25.01,0.0003,0.01,12.54,0.05,0.0,0.0,25.0,healthy,0.0
fault_sensor_drift_1,2,1789843939.227409,2.9,25.0,25.41,0.0,25.02,0.0,0.03,12.54,0.03,0.0,0.0,25.0,healthy,0.0
fault_sensor_drift_1,3,1789843940.227409,1.9,25.0,25.57,0.01,25.0,0.0002,0.01,12.48,0.0,0.0,0.0,25.0,healthy,0.0
fault_sensor_drift_1,4,1789843941.227409,2.2,25.0,25.13,0.0,25.0,0.0,0.0,12.46,0.0,0.0,0.0,25.0,healthy,0.0
fault_sensor_drift_1,5,1789843942.227409,2.7,25.0,25.42,0.0,25.0,0.0001,0.0,12.48,0.0,0.0,0.0,25.0,healthy,0.0
fault_sensor_drift_1,6,1789843943.227409,3.3,25.0,25.04,0.0,25.02,0.0003,0.0,12.55,0.0,0.0,0.0,25.0,healthy,0.0
fault_sensor_drift_1,7,1789843944.227409,1.9,25.0,25.52,0.0,25.02,0.0006,0.0,12.63,0.02,0.0,0.0,25.0,healthy,0.0
fault_sensor_drift_1,8,1789843945.227409,2.3,25.0,25.29,0.0,25.0,0.0014,0.0,12.6,0.03,0.0,0.0,25.0,healthy,0.0
fault_sensor_drift_1,9,1789843946.227409,1.6,25.0,25.15,0.0,25.01,0.0018,0.0,12.52,0.0,0.0,0.0,25.0,healthy,0.0
fault_sensor_drift_1,10,1789843947.227409,0.1,25.0,25.0,0.0,25.02,0.0012,0.0,12.53,0.0,0.0,0.0,25.0,healthy,0.0
fault_sensor_drift_1,11,1789843948.227409,0.1,25.0,25.0,0.0,25.02,0.0005,0.01,12.46,0.0,0.0,0.0,25.0,healthy,0.0
fault_sensor_drift_1,12,1789843949.227409,0.0,25.0,25.0,0.01,25.02,0.0008,0.01,12.48,0.0,0.0,0.0,25.0,healthy,0.0
fault_sensor_drift_1,13,1789843950.227409,0.0,25.0,25.0,0.01,25.02,0.0012,0.0,12.5,0.01,0.0,0.0,25.0,healthy,0.0
fault_sensor_drift_1,14,1789843951.227409,0.0,25.0,25.0,0.01,25.02,0.001,0.01,12.54,0.02,0.0,0.0,25.0,healthy,0.0
fault_sensor_drift_1,15,1789843952.227409,0.0,25.0,25.0,0.0,25.04,0.0016,0.01,12.63,0.05,0.0,0.0,25.0,healthy,0.0
fault_sensor_drift_1,16,1789843953.227409,0.0,25.0,25.0,0.01,25.05,0.0003,0.02,12.58,0.02,0.0,0.0,25.0,healthy,0.0
fault_sensor_drift_1,17,1789843954.227409,0.0,25.0,25.0,0.0,25.06,0.001,0.0,12.63,0.03,0.0,0.0,25.0,healthy,0.0
fault_sensor_drift_1,18,1789843955.227409,0.0,25.0,25.0,0.0,25.05,0.0004,0.0,12.68,0.03,0.0,0.0,25.0,healthy,0.0
fault_sensor_drift_1,19,1789843956.227409,0.0,25.0,25.0,0.0,25.04,0.0001,0.01,12.68,0.04,0.0,0.0,25.0,healthy,0.0
fault_sensor_drift_1,20,1789843957.227409,0.0,25.0,25.0,0.0,25.03,0.0,0.01,12.7,0.02,0.0,0.0,25.0,healthy,0.0
fault_sensor_drift_1,21,1789843958.227409,0.0,25.0,25.31,0.0,25.03,0.0002,0.02,12.62,0.0,0.0,0.0,25.0,healthy,0.0
fault_sensor_drift_1,22,1789843959.227409,0.0,25.0,25.0,0.0,25.03,0.0001,0.02,12.61,0.0,0.0,0.0,25.0,healthy,0.0
fault_sensor_drift_1,23,1789843960.227409,0.0,25.0,25.3,0.0,25.04,0.0,0.02,12.57,0.0,0.0,0.0,25.0,healthy,0.0
fault_sensor_drift_1,24,1789843961.227409,0.0,25.0,25.4,0.0,25.04,0.0003,0.0,12.58,0.0,0.0,0.0,25.0,healthy,0.0
fault_sensor_drift_1,25,1789843962.227409,0.0,25.0,25.49,0.0,25.04,0.0,0.01,12.63,0.01,0.0,0.0,25.0,healthy,0.0
fault_sensor_drift_1,26,1789843963.227409,0.9,25.0,25.56,0.0,25.05,0.0,0.0,12.61,0.0,0.0,0.0,25.0,healthy,0.0
fault_sensor_drift_1,27,1789843964.227409,0.0,25.0,25.19,0.0,25.06,0.0005,0.01,12.58,0.0,0.0,0.0,25.0,healthy,0.0
fault_sensor_drift_1,28,1789843965.227409,0.3,25.0,26.02,0.01,25.07,0.0,0.0,12.57,0.0,0.0,0.0,25.0,healthy,0.0
fault_sensor_drift_1,29,1789843966.227409,0.9,25.0,25.73,0.01,25.05,0.0,0.0,12.46,0.0,0.0,0.0,25.0,healthy,0.0
fault_sensor_drift_1,30,1789843967.227409,0.0,25.0,25.45,0.0,25.06,0.0,0.0,12.45,0.03,0.0,0.0,25.0,healthy,0.0
fault_sensor_drift_1,31,1789843968.227409,0.0,25.0,25.0,0.0,25.05,0.0,0.0,12.46,0.03,0.0,0.0,25.0,healthy,0.0
fault_sensor_drift_1,32,1789843969.227409,1.3,25.0,25.05,0.01,25.05,0.0,0.0,12.42,0.02,0.0,0.0,25.0,healthy,0.0
fault_sensor_drift_1,33,1789843970.227409,2.1,25.0,25.34,0.01,25.05,0.0,0.0,12.5,0.02,0.0,0.0,25.0,healthy,0.0
fault_sensor_drift_1,34,1789843971.227409,2.7,25.0,25.08,0.02,25.05,0.0,0.0,12.47,0.0,0.0,0.0,25.0,healthy,0.0
fault_sensor_drift_1,35,1789843972.227409,7.1,25.0,25.0,0.01,25.06,0.0,0.0,12.43,0.03,0.0,0.0,25.0,healthy,0.0
fault_sensor_drift_1,36,1789843973.227409,5.3,25.0,25.03,0.01,25.06,0.0003,0.0,12.43,0.01,0.0,0.0,25.0,healthy,0.0
fault_sensor_drift_1,37,1789843974.227409,6.4,25.0,25.08,0.01,25.04,0.0,0.0,12.4,0.0,0.0,0.0,25.0,healthy,0.0
fault_sensor_drift_1,38,1789843975.227409,5.0,25.0,25.33,0.02,25.04,0.0004,0.0,12.41,0.0,0.0,0.0,25.0,healthy,0.0
fault_sensor_drift_1,39,1789843976.227409,5.0,25.0,25.17,0.01,25.03,0.0004,0.0,12.39,0.04,0.0,0.0,25.0,healthy,0.0
fault_sensor_drift_1,40,1789843977.227409,2.6,25.0,25.75,0.01,25.01,0.0003,0.0,12.45,0.04,0.0,0.0,25.0,healthy,0.0
fault_sensor_drift_1,41,1789843978.227409,2.9,25.0,25.7,0.02,25.01,0.0005,0.0,12.49,0.04,0.0,0.0,25.0,healthy,0.0
fault_sensor_drift_1,42,1789843979.227409,5.6,25.0,25.76,0.01,25.02,0.0001,0.0,12.49,0.04,0.0,0.0,25.0,healthy,0.0
fault_sensor_drift_1,43,1789843980.227409,4.2,25.0,25.03,0.01,25.02,0.0005,0.0,12.48,0.06,0.0,0.0,25.0,healthy,0.0
fault_sensor_drift_1,44,1789843981.227409,4.6,25.0,25.0,0.0,25.01,0.0005,0.0,12.47,0.01,0.0,0.0,25.0,healthy,0.0
fault_sensor_drift_1,45,1789843982.227409,3.8,25.0,25.13,0.0,25.03,0.0005,0.01,12.5,0.0,0.0,0.0,25.0,healthy,0.0
fault_sensor_drift_1,46,1789843983.227409,3.9,25.02,25.51,0.0,25.03,0.0,0.02,12.49,0.0,0.0,0.0,25.0,healthy,0.0
fault_sensor_drift_1,47,1789843984.227409,2.6,25.03,25.46,0.01,25.03,0.0,0.03,12.48,0.01,0.0,0.0,25.0,healthy,0.0
fault_sensor_drift_1,48,1789843985.227409,0.0,25.01,25.09,0.0,25.04,0.0009,0.03,12.53,0.02,0.0,0.0,25.0,healthy,0.0
fault_sensor_drift_1,49,1789843986.227409,0.0,25.01,25.0,0.0,25.03,0.0007,0.01,12.52,0.05,0.0,0.0,25.0,healthy,0.0
fault_sensor_drift_1,50,1789843987.227409,0.0,25.0,25.0,0.0,25.03,0.0002,0.03,12.51,0.03,0.0,0.0,25.0,healthy,0.0
fault_sensor_drift_1,51,1789843988.227409,2.2,25.0,25.0,0.0,25.03,0.001,0.04,12.57,0.01,0.0,0.0,25.0,healthy,0.0
fault_sensor_drift_1,52,1789843989.227409,2.9,25.03,25.0,0.0,25.02,0.001,0.04,12.53,0.0,0.0,0.0,25.0,healthy,0.0
fault_sensor_drift_1,53,1789843990.227409,3.4,25.01,25.0,0.0,25.03,0.0,0.04,12.52,0.0,0.0,0.0,25.0,healthy,0.0
fault_sensor_drift_1,54,1789843991.227409,3.0,25.02,25.0,0.0,25.03,0.0,0.03,12.52,0.0,0.0,0.0,25.0,healthy,0.0
fault_sensor_drift_1,55,1789843992.227409,4.7,25.02,25.0,0.0,25.0,0.0014,0.01,12.53,0.0,0.0,0.0,25.0,healthy,0.0
fault_sensor_drift_1,56,1789843993.227409,4.9,25.0,25.02,0.0,25.02,0.0006,0.02,12.53,0.0,0.0,0.0,25.0,healthy,0.0
fault_sensor_drift_1,57,1789843994.227409,5.3,25.0,25.0,0.0,25.01,0.0008,0.02,12.56,0.0,0.0,0.0,25.0,healthy,0.0
fault_sensor_drift_1,58,1789843995.227409,3.5,25.0,25.04,0.0,25.01,0.0004,0.01,12.54,0.0,0.0,0.0,25.0,healthy,0.0
fault_sensor_drift_1,59,1789843996.227409,3.7,25.0,25.24,0.0,25.0,0.0005,0.0,12.62,0.0,0.0,0.0,25.0,healthy,0.0
fault_sensor_drift_1,60,1789843997.227409,916.4,28.54,153.02,1.6,25.26,0.022,3.37,13.09,7.94,10.0,0.0,25.0,healthy,0.0
fault_sensor_drift_1,61,1789843998.227409,1359.2,32.03,250.13,2.04,25.59,0.0182,4.72,13.32,9.47,10.0,0.0,25.0,healthy,0.0
fault_sensor_drift_1,62,1789843999.227409,1591.7,36.0,327.44,2.17,25.86,0.0269,5.58,13.49,10.36,10.0,0.0,25.0,healthy,0.0
fault_sensor_drift_1,63,1789844000.227409,1696.6,39.66,388.12,2.2,26.21,0.0295,6.03,13.59,10.53,10.0,0.0,25.0,healthy,0.0
fault_sensor_drift_1,64,1789844001.227409,1749.3,43.16,430.37,2.29,26.52,0.0405,6.18,13.64,10.69,10.0,0.0,25.0,healthy,0.0
fault_sensor_drift_1,65,1789844002.227409,1776.9,46.81,458.67,2.34,26.95,0.0327,6.16,13.71,11.1,10.0,0.0,25.0,healthy,0.0
fault_sensor_drift_1,66,1789844003.227409,1817.9,49.73,481.22,2.36,27.48,0.0245,6.31,13.73,11.55,10.0,0.0,25.0,healthy,0.0
fault_sensor_drift_1,67,1789844004.227409,1858.8,52.77,501.72,2.46,28.01,0.0284,6.33,13.75,11.61,10.0,0.0,25.0,healthy,0.0
fault_sensor_drift_1,68,1789844005.227409,1852.4,55.61,509.71,2.41,28.21,0.0331,6.29,13.83,11.69,10.0,0.0,25.0,healthy,0.0
fault_sensor_drift_1,69,1789844006.227409,1857.6,58.29,518.9,2.37,28.66,0.0358,6.29,13.81,11.51,10.0,0.0,25.0,healthy,0.0
fault_sensor_drift_1,70,1789844007.227409,1854.7,60.9,527.58,2.38,29.05,0.032,6.37,13.87,11.67,10.0,0.0,25.0,healthy,0.0
fault_sensor_drift_1,71,1789844008.227409,1847.1,63.11,533.8,2.27,29.13,0.0339,6.31,13.98,11.17,10.0,0.0,25.0,healthy,0.0
fault_sensor_drift_1,72,1789844009.227409,1849.8,65.77,535.3,2.29,29.47,0.0301,6.55,13.91,11.26,10.0,0.0,25.0,healthy,0.0
fault_sensor_drift_1,73,1789844010.227409,1855.8,67.98,532.5,2.21,29.9,0.0233,6.64,13.89,11.45,10.0,0.0,25.0,healthy,0.0
fault_sensor_drift_1,74,1789844011.227409,1860.2,70.12,537.62,2.24,30.3,0.0297,6.6,13.9,11.26,10.0,0.0,25.0,healthy,0.0
fault_sensor_drift_1,75,1789844012.227409,1880.8,71.94,539.56,2.27,30.74,0.0341,6.66,13.91,11.62,10.0,0.0,25.0,healthy,0.0
fault_sensor_drift_1,76,1789844013.227409,1847.1,73.82,539.86,2.36,31.16,0.0296,6.58,13.92,11.5,10.0,0.0,25.0,healthy,0.0
fault_sensor_drift_1,77,1789844014.227409,1830.0,75.69,545.4,2.33,31.6,0.0265,6.56,13.84,11.5,10.0,0.0,25.0,healthy,0.0
fault_sensor_drift_1,78,1789844015.227409,1841.4,77.29,547.18,2.3,32.06,0.0272,6.44,13.85,11.53,10.0,0.0,25.0,healthy,0.0
fault_sensor_drift_1,79,1789844016.227409,1848.2,79.1,542.78,2.26,32.49,0.0282,6.48,13.84,11.35,10.0,0.0,25.0,healthy,0.0
fault_sensor_drift_1,80,1789844017.227409,1855.5,80.78,542.83,2.32,32.7,0.0237,6.54,13.83,11.29,10.0,0.0,25.0,healthy,0.0
fault_sensor_drift_1,81,1789844018.227409,1865.5,82.68,544.8,2.37,33.07,0.0132,6.58,13.71,11.2,10.0,0.0,25.0,healthy,0.0
fault_sensor_drift_1,82,1789844019.227409,1873.3,84.15,544.6,2.31,33.52,0.0244,6.55,13.74,11.41,10.0,0.0,25.0,healthy,0.0
fault_sensor_drift_1,83,1789844020.227409,1866.7,85.39,547.31,2.29,33.79,0.0211,6.57,13.76,11.4,10.0,0.0,25.0,healthy,0.0
fault_sensor_drift_1,84,1789844021.227409,1861.1,86.63,550.45,2.19,34.04,0.0277,6.58,13.68,11.17,10.0,0.0,25.0,healthy,0.0
fault_sensor_drift_1,85,1789844022.227409,1830.7,88.16,546.29,2.23,34.53,0.0267,6.56,13.7,11.47,10.0,0.0,25.0,healthy,0.0
fault_sensor_drift_1,86,1789844023.227409,1838.3,89.33,546.05,2.23,35.06,0.0284,6.51,13.62,11.31,10.0,0.0,25.0,healthy,0.0
fault_sensor_drift_1,87,1789844024.227409,1829.2,90.21,537.55,2.32,35.38,0.0227,6.54,13.69,11.23,10.0,0.0,25.0,healthy,0.0
fault_sensor_drift_1,88,1789844025.227409,1833.2,91.43,535.15,2.31,35.66,0.0374,6.49,13.71,11.55,10.0,0.0,25.0,healthy,0.0
fault_sensor_drift_1,89,1789844026.227409,1856.7,92.45,537.79,2.33,35.95,0.0276,6.43,13.74,11.27,10.0,0.0,25.0,healthy,0.0
fault_sensor_drift_1,90,1789844027.227409,1856.7,93.21,538.03,2.34,36.03,0.0342,6.68,13.78,11.25,10.0,0.0,25.0,healthy,0.0
fault_sensor_drift_1,91,1789844028.227409,1885.6,94.14,535.07,2.39,36.4,0.0318,6.68,13.74,11.39,10.0,0.0,25.0,healthy,0.0
fault_sensor_drift_1,92,1789844029.227409,1884.9,95.02,534.36,2.41,36.84,0.0364,6.67,13.81,11.38,10.0,0.0,25.0,healthy,0.0
fault_sensor_drift_1,93,1789844030.227409,1862.1,95.9,536.34,2.37,37.31,0.0311,6.62,13.82,11.15,10.0,0.0,25.0,healthy,0.0
fault_sensor_drift_1,94,1789844031.227409,1872.1,96.73,538.28,2.42,37.65,0.0255,6.43,13.77,11.03,10.0,0.0,25.0,healthy,0.0
fault_sensor_drift_1,95,1789844032.227409,1895.4,97.14,542.34,2.42,37.77,0.0327,6.59,13.67,11.05,10.0,0.0,25.0,healthy,0.0
fault_sensor_drift_1,96,1789844033.227409,1872.8,97.96,538.82,2.42,37.93,0.0332,6.55,13.63,11.27,10.0,0.0,25.0,healthy,0.0
fault_sensor_drift_1,97,1789844034.227409,1857.3,98.61,538.94,2.32,38.1,0.0284,6.45,13.63,11.41,10.0,0.0,25.0,healthy,0.0
fault_sensor_drift_1,98,1789844035.227409,1854.5,99.13,536.92,2.36,38.3,0.0282,6.5,13.62,11.36,10.0,0.0,25.0,healthy,0.0
fault_sensor_drift_1,99,1789844036.227409,1855.5,99.49,539.51,2.4,38.71,0.0307,6.45,13.64,11.37,10.0,0.0,25.0,healthy,0.0
fault_sensor_drift_1,100,1789844037.227409,1852.7,99.88,541.69,2.41,38.91,0.0255,6.51,13.6,11.12,10.0,0.0,25.0,healthy,0.0
fault_sensor_drift_1,101,1789844038.227409,1841.0,100.68,539.0,2.43,39.31,0.0186,6.7,13.64,11.21,10.0,0.0,25.0,healthy,0.0
fault_sensor_drift_1,102,1789844039.227409,1827.4,101.48,544.99,2.45,39.59,0.0226,6.69,13.59,11.3,10.0,0.0,25.0,healthy,0.0
fault_sensor_drift_1,103,1789844040.227409,1838.5,101.8,541.92,2.38,39.8,0.025,6.69,13.59,11.05,10.0,0.0,25.0,healthy,0.0
fault_sensor_drift_1,104,1789844041.227409,1844.5,102.06,544.82,2.4,40.06,0.0308,6.66,13.63,10.76,10.0,0.0,25.0,healthy,0.0
fault_sensor_drift_1,105,1789844042.227409,1843.6,102.8,546.8,2.37,40.37,0.0265,6.47,13.64,11.04,10.0,0.0,25.0,healthy,0.0
fault_sensor_drift_1,106,1789844043.227409,1839.4,103.11,544.12,2.5,40.69,0.0202,6.41,13.7,11.38,10.0,0.0,25.0,healthy,0.0
fault_sensor_drift_1,107,1789844044.227409,1836.5,103.5,547.28,2.47,40.85,0.022,6.38,13.69,10.84,10.0,0.0,25.0,healthy,0.0
fault_sensor_drift_1,108,1789844045.227409,1835.6,103.61,546.98,2.5,41.32,0.014,6.32,13.65,11.01,10.0,0.0,25.0,healthy,0.0
fault_sensor_drift_1,109,1789844046.227409,1823.9,104.12,542.82,2.42,41.6,0.0196,6.15,13.63,11.04,10.0,0.0,25.0,healthy,0.0
fault_sensor_drift_1,110,1789844047.227409,1815.5,104.83,543.13,2.35,41.94,0.0255,6.24,13.6,11.49,10.0,0.0,25.0,healthy,0.0
fault_sensor_drift_1,111,1789844048.227409,1838.4,105.25,551.9,2.4,42.22,0.0369,6.23,13.55,11.45,10.0,0.0,25.0,healthy,0.0
fault_sensor_drift_1,112,1789844049.227409,1819.3,105.6,548.22,2.44,42.47,0.036,6.26,13.53,11.34,10.0,0.0,25.0,healthy,0.0
fault_sensor_drift_1,113,1789844050.227409,1832.2,106.21,547.19,2.41,42.63,0.0337,6.44,13.53,11.52,10.0,0.0,25.0,healthy,0.0
fault_sensor_drift_1,114,1789844051.227409,1820.9,106.22,547.76,2.45,43.15,0.0392,6.34,13.54,11.29,10.0,0.0,25.0,healthy,0.0
fault_sensor_drift_1,115,1789844052.227409,1820.5,106.58,547.11,2.5,43.46,0.0347,6.29,13.62,11.51,10.0,0.0,25.0,healthy,0.0
fault_sensor_drift_1,116,1789844053.227409,1845.5,106.65,548.4,2.49,43.81,0.0322,6.41,13.55,11.35,10.0,0.0,25.0,healthy,0.0
fault_sensor_drift_1,117,1789844054.227409,1838.7,107.17,549.57,2.51,43.95,0.0344,6.55,13.63,11.4,10.0,0.0,25.0,healthy,0.0
fault_sensor_drift_1,118,1789844055.227409,1808.5,107.34,552.91,2.51,44.18,0.0359,6.48,13.64,11.65,10.0,0.0,25.0,healthy,0.0
fault_sensor_drift_1,119,1789844056.227409,1829.4,107.18,549.87,2.5,44.49,0.0332,6.42,13.61,11.66,10.0,0.0,25.0,healthy,0.0
fault_sensor_drift_1,120,1789844057.227409,1836.3,107.74,549.34,2.5,44.73,0.0326,6.47,13.58,11.59,10.0,0.0,25.0,healthy,0.0
fault_sensor_drift_1,121,1789844058.227409,1838.9,107.82,549.16,2.47,44.9,0.0301,6.4,13.59,11.34,10.0,0.0,25.0,healthy,0.0
fault_sensor_drift_1,122,1789844059.227409,1845.5,107.88,547.28,2.44,45.18,0.0305,6.31,13.54,11.37,10.0,0.0,25.0,healthy,0.0
fault_sensor_drift_1,123,1789844060.227409,1838.1,108.15,546.31,2.38,45.48,0.029,6.32,13.6,11.07,10.0,0.0,25.0,healthy,0.0
fault_sensor_drift_1,124,1789844061.227409,1846.1,108.25,543.9,2.37,45.81,0.0349,6.32,13.56,11.24,10.0,0.0,25.0,healthy,0.0
fault_sensor_drift_1,125,1789844062.227409,1832.0,108.48,545.13,2.4,46.18,0.0332,6.42,13.64,11.2,10.0,0.0,25.0,healthy,0.0
fault_sensor_drift_1,126,1789844063.227409,1824.3,108.25,549.34,2.39,46.3,0.0339,6.42,13.68,11.11,10.0,0.0,25.0,healthy,0.0
fault_sensor_drift_1,127,1789844064.227409,1830.4,108.28,553.5,2.36,46.59,0.0401,6.38,13.64,11.09,10.0,0.0,25.0,healthy,0.0
fault_sensor_drift_1,128,1789844065.227409,1859.0,108.33,555.25,2.38,46.95,0.0253,6.41,13.64,11.09,10.0,0.0,25.0,healthy,0.0
fault_sensor_drift_1,129,1789844066.227409,1859.8,108.63,550.38,2.33,47.31,0.0256,6.46,13.68,11.38,10.0,0.0,25.0,healthy,0.0
fault_sensor_drift_1,130,1789844067.227409,1848.7,108.97,552.83,2.37,47.6,0.0253,6.52,13.64,11.25,10.0,0.0,25.0,healthy,0.0
fault_sensor_drift_1,131,1789844068.227409,1837.6,109.26,545.7,2.46,47.88,0.0291,6.36,13.63,11.38,10.0,0.0,25.0,healthy,0.0
fault_sensor_drift_1,132,1789844069.227409,1837.0,109.02,544.09,2.42,48.17,0.0322,6.06,13.57,11.29,10.0,0.0,25.0,healthy,0.0
fault_sensor_drift_1,133,1789844070.227409,1839.3,109.32,544.52,2.46,48.4,0.0293,6.2,13.65,11.57,10.0,0.0,25.0,healthy,0.0
fault_sensor_drift_1,134,1789844071.227409,1838.4,109.66,544.82,2.47,48.54,0.0305,6.29,13.6,11.58,10.0,0.0,25.0,healthy,0.0
fault_sensor_drift_1,135,1789844072.227409,1843.0,109.91,542.55,2.45,48.63,0.026,6.22,13.51,11.54,10.0,0.0,25.0,healthy,0.0
fault_sensor_drift_1,136,1789844073.227409,1824.4,109.94,542.59,2.33,48.89,0.0242,6.34,13.46,11.17,10.0,0.0,25.0,healthy,0.0
fault_sensor_drift_1,137,1789844074.227409,1819.6,109.29,538.45,2.42,48.98,0.0239,6.31,13.45,11.31,10.0,0.0,25.0,healthy,0.0
fault_sensor_drift_1,138,1789844075.227409,1814.5,109.09,539.45,2.4,49.22,0.0295,6.52,13.56,11.23,10.0,0.0,25.0,healthy,0.0
fault_sensor_drift_1,139,1789844076.227409,1819.5,109.01,540.9,2.38,49.53,0.0357,6.59,13.59,11.41,10.0,0.0,25.0,healthy,0.0
fault_sensor_drift_1,140,1789844077.227409,1826.6,109.06,538.98,2.42,49.7,0.0315,6.63,13.57,11.52,10.0,0.0,25.0,healthy,0.0
fault_sensor_drift_1,141,1789844078.227409,1814.9,109.22,540.69,2.36,49.93,0.0232,6.74,13.58,11.43,10.0,0.0,25.0,healthy,0.0
fault_sensor_drift_1,142,1789844079.227409,1826.6,109.79,544.58,2.42,50.1,0.021,6.76,13.57,11.67,10.0,0.0,25.0,healthy,0.0
fault_sensor_drift_1,143,1789844080.227409,1827.9,109.86,546.53,2.45,50.26,0.0228,6.78,13.55,11.65,10.0,0.0,25.0,healthy,0.0
fault_sensor_drift_1,144,1789844081.227409,1831.3,110.11,542.9,2.46,50.5,0.0285,6.59,13.53,11.76,10.0,0.0,25.0,healthy,0.0
fault_sensor_drift_1,145,1789844082.227409,1844.9,110.01,542.36,2.47,50.67,0.0291,6.63,13.56,11.37,10.0,0.0,25.0,healthy,0.0
fault_sensor_drift_1,146,1789844083.227409,1840.0,110.07,549.68,2.45,50.97,0.0312,6.54,13.63,11.48,10.0,0.0,25.0,healthy,0.0
fault_sensor_drift_1,147,1789844084.227409,1868.4,110.1,550.55,2.4,51.18,0.0326,6.44,13.65,11.53,10.0,0.0,25.0,healthy,0.0
fault_sensor_drift_1,148,1789844085.227409,1867.7,110.13,551.79,2.46,51.51,0.0275,6.27,13.59,11.37,10.0,0.0,25.0,healthy,0.0
fault_sensor_drift_1,149,1789844086.227409,1863.1,110.0,547.42,2.43,51.72,0.0344,6.35,13.62,11.46,10.0,0.0,25.0,healthy,0.0
fault_sensor_drift_1,150,1789844087.227409,1866.2,110.04,549.79,2.39,51.97,0.0348,6.36,13.62,11.35,10.0,0.0,25.0,healthy,0.0
fault_sensor_drift_1,151,1789844088.227409,1855.2,110.27,546.77,2.43,52.28,0.0282,6.18,13.68,11.29,10.0,0.0,25.0,healthy,0.0
fault_sensor_drift_1,152,1789844089.227409,1869.3,110.53,542.03,2.38,52.55,0.029,6.18,13.71,11.04,10.0,0.0,25.0,healthy,0.0
fault_sensor_drift_1,153,1789844090.227409,1872.4,110.71,541.29,2.35,52.92,0.0278,6.13,13.74,10.92,10.0,0.0,25.0,healthy,0.0
fault_sensor_drift_1,154,1789844091.227409,1875.3,110.95,545.83,2.31,53.26,0.0369,6.26,13.75,11.2,10.0,0.0,25.0,healthy,0.0
fault_sensor_drift_1,155,1789844092.227409,1856.9,111.06,546.23,2.34,53.68,0.031,6.26,13.71,11.24,10.0,0.0,25.0,healthy,0.0
fault_sensor_drift_1,156,1789844093.227409,1854.4,111.22,542.78,2.42,53.79,0.0294,6.4,13.75,11.13,10.0,0.0,25.0,healthy,0.0
fault_sensor_drift_1,157,1789844094.227409,1889.9,111.5,538.88,2.42,54.08,0.0219,6.33,13.72,11.05,10.0,0.0,25.0,healthy,0.0
fault_sensor_drift_1,158,1789844095.227409,1884.2,111.76,538.41,2.46,54.34,0.0323,6.29,13.79,11.49,10.0,0.0,25.0,healthy,0.0
fault_sensor_drift_1,159,1789844096.227409,1868.4,111.72,536.94,2.39,54.63,0.0342,6.45,13.75,11.25,10.0,0.0,25.0,healthy,0.0
fault_sensor_drift_1,160,1789844097.227409,1857.5,111.94,534.52,2.39,54.79,0.0278,6.48,13.64,11.25,10.0,0.0,25.0,healthy,0.0
fault_sensor_drift_1,161,1789844098.227409,1898.4,111.49,534.24,2.32,54.95,0.0285,6.46,13.69,11.34,10.0,0.0,25.0,healthy,0.0
fault_sensor_drift_1,162,1789844099.227409,1889.9,111.88,533.47,2.35,55.24,0.0233,6.64,13.62,11.44,10.0,0.0,25.0,healthy,0.0
fault_sensor_drift_1,163,1789844100.227409,1908.3,111.87,536.42,2.3,55.44,0.0216,6.76,13.63,11.44,10.0,0.0,25.0,healthy,0.0
fault_sensor_drift_1,164,1789844101.227409,1919.6,112.0,537.88,2.28,55.65,0.0217,6.6,13.65,11.2,10.0,0.0,25.0,healthy,0.0
fault_sensor_drift_1,165,1789844102.227409,1904.4,111.98,542.64,2.32,55.84,0.0227,6.47,13.62,10.99,10.0,0.0,25.0,healthy,0.0
fault_sensor_drift_1,166,1789844103.227409,1908.0,111.8,544.23,2.37,55.99,0.028,6.4,13.63,10.91,10.0,0.0,25.0,healthy,0.0
fault_sensor_drift_1,167,1789844104.227409,1890.8,111.91,544.15,2.38,56.25,0.0295,6.43,13.69,10.9,10.0,0.0,25.0,healthy,0.0
fault_sensor_drift_1,168,1789844105.227409,1867.8,112.01,545.83,2.41,56.33,0.0316,6.56,13.67,11.18,10.0,0.0,25.0,healthy,0.0
fault_sensor_drift_1,169,1789844106.227409,1856.2,111.92,542.09,2.44,56.43,0.0493,6.54,13.69,11.05,10.0,0.0,25.0,healthy,0.0
fault_sensor_drift_1,170,1789844107.227409,1860.7,111.83,543.72,2.39,56.46,0.0438,6.47,13.62,11.2,10.0,0.0,25.0,healthy,0.0
fault_sensor_drift_1,171,1789844108.227409,1843.5,111.42,540.6,2.44,56.64,0.031,6.49,13.69,11.26,10.0,0.0,25.0,healthy,0.0
fault_sensor_drift_1,172,1789844109.227409,1855.0,111.53,539.97,2.46,56.9,0.0329,6.49,13.73,11.24,10.0,0.0,25.0,healthy,0.0
fault_sensor_drift_1,173,1789844110.227409,1878.0,111.2,543.51,2.56,57.14,0.0283,6.37,13.84,11.34,10.0,0.0,25.0,healthy,0.0
fault_sensor_drift_1,174,1789844111.227409,1862.2,111.34,542.13,2.54,57.3,0.0237,6.43,13.83,11.47,10.0,0.0,25.0,healthy,0.0
fault_sensor_drift_1,175,1789844112.227409,1842.7,111.52,541.14,2.49,57.37,0.0209,6.56,13.78,11.23,10.0,0.0,25.0,healthy,0.0
fault_sensor_drift_1,176,1789844113.227409,1848.8,111.37,539.22,2.45,57.45,0.0237,6.63,13.87,11.38,10.0,0.0,25.0,healthy,0.0
fault_sensor_drift_1,177,1789844114.227409,1837.2,111.29,548.19,2.33,57.55,0.0233,6.52,13.83,11.7,10.0,0.0,25.0,healthy,0.0
fault_sensor_drift_1,178,1789844115.227409,1850.5,111.38,547.63,2.38,57.86,0.0239,6.44,13.88,11.41,10.0,0.0,25.0,healthy,0.0
fault_sensor_drift_1,179,1789844116.227409,1850.4,111.58,547.73,2.35,58.01,0.0169,6.62,13.81,11.08,10.0,0.0,25.0,healthy,0.0
fault_sensor_drift_1,180,1789844117.227409,1863.6,111.43,541.37,2.36,58.2,0.0122,6.64,13.83,11.25,10.0,0.0,25.0,healthy,0.0
fault_sensor_drift_1,181,1789844118.227409,1830.0,111.39,543.57,2.36,58.24,0.0196,6.78,13.81,11.67,10.0,0.0,25.0,healthy,0.0
fault_sensor_drift_1,182,1789844119.227409,1811.3,111.71,541.65,2.37,58.5,0.0333,6.73,13.81,11.62,10.0,0.0,25.0,healthy,0.0
fault_sensor_drift_1,183,1789844120.227409,1817.2,111.93,540.63,2.39,58.86,0.0358,6.63,13.8,11.57,10.0,0.0,25.0,healthy,0.0
fault_sensor_drift_1,184,1789844121.227409,1809.2,112.28,538.71,2.46,58.89,0.0317,6.6,13.85,11.5,10.0,0.0,25.0,healthy,0.0
fault_sensor_drift_1,185,1789844122.227409,1816.3,111.92,538.02,2.37,59.11,0.0335,6.42,13.9,11.63,10.0,0.0,25.0,healthy,0.0
fault_sensor_drift_1,186,1789844123.227409,1804.3,111.73,544.64,2.36,59.23,0.0288,6.54,13.9,11.45,10.0,0.0,25.0,healthy,0.0
fault_sensor_drift_1,187,1789844124.227409,1817.0,111.84,548.17,2.36,59.47,0.0275,6.65,13.82,11.49,10.0,0.0,25.0,healthy,0.0
fault_sensor_drift_1,188,1789844125.227409,1826.2,111.8,544.3,2.4,59.55,0.0193,6.67,13.8,11.38,10.0,0.0,25.0,healthy,0.0
fault_sensor_drift_1,189,1789844126.227409,1834.4,111.83,544.7,2.4,59.71,0.0204,6.73,13.8,11.48,10.0,0.0,25.0,healthy,0.0
fault_sensor_drift_1,190,1789844127.227409,1825.5,112.01,547.0,2.45,59.97,0.026,6.69,13.77,11.61,10.0,0.0,25.0,healthy,0.0
fault_sensor_drift_1,191,1789844128.227409,1809.8,111.93,549.22,2.29,60.16,0.0311,6.68,13.71,11.3,10.0,0.0,25.0,healthy,0.0
fault_sensor_drift_1,192,1789844129.227409,1820.5,111.51,540.94,2.27,60.37,0.0266,6.59,13.65,11.5,10.0,0.0,25.0,healthy,0.0
fault_sensor_drift_1,193,1789844130.227409,1833.5,111.56,542.7,2.3,60.71,0.0249,6.52,13.65,11.68,10.0,0.0,25.0,healthy,0.0
fault_sensor_drift_1,194,1789844131.227409,1803.3,111.73,543.12,2.43,60.92,0.0338,6.62,13.62,11.43,10.0,0.0,25.0,healthy,0.0
fault_sensor_drift_1,195,1789844132.227409,1826.9,111.44,543.82,2.39,61.01,0.0432,6.67,13.75,11.2,10.0,0.0,25.0,healthy,0.0
fault_sensor_drift_1,196,1789844133.227409,1818.7,111.42,544.07,2.38,61.24,0.0371,6.57,13.75,11.36,10.0,0.0,25.0,healthy,0.0
fault_sensor_drift_1,197,1789844134.227409,1841.9,111.27,542.89,2.35,61.28,0.0327,6.47,13.7,11.44,10.0,0.0,25.0,healthy,0.0
fault_sensor_drift_1,198,1789844135.227409,1881.0,111.42,543.7,2.41,61.6,0.0395,6.5,13.61,11.1,10.0,0.0,25.0,healthy,0.0
fault_sensor_drift_1,199,1789844136.227409,1851.0,111.59,543.12,2.41,61.74,0.0396,6.36,13.59,11.23,10.0,0.0,25.0,healthy,0.0
fault_sensor_drift_1,200,1789844137.227409,1847.1,111.59,544.78,2.46,61.88,0.036,6.31,13.62,11.19,10.0,0.0,25.0,healthy,0.0
fault_sensor_drift_1,201,1789844138.227409,1878.2,111.15,540.05,2.37,62.0,0.0265,6.35,13.66,11.03,10.0,0.0,25.0,healthy,0.0
fault_sensor_drift_1,202,1789844139.227409,1851.3,111.31,545.21,2.36,62.03,0.017,6.32,13.67,10.88,10.0,0.0,25.0,healthy,0.0
fault_sensor_drift_1,203,1789844140.227409,1841.6,111.44,546.73,2.3,62.26,0.0214,6.34,13.67,11.22,10.0,0.0,25.0,healthy,0.0
fault_sensor_drift_1,204,1789844141.227409,1826.6,111.44,552.29,2.35,62.41,0.0236,6.32,13.62,10.99,10.0,0.0,25.0,healthy,0.0
fault_sensor_drift_1,205,1789844142.227409,1837.0,111.95,550.6,2.31,62.67,0.0182,6.27,13.67,11.16,10.0,0.0,25.0,healthy,0.0
fault_sensor_drift_1,206,1789844143.227409,1843.5,112.12,549.2,2.29,62.83,0.0239,6.48,13.59,10.92,10.0,0.0,25.0,healthy,0.0
fault_sensor_drift_1,207,1789844144.227409,1823.5,112.03,549.09,2.34,62.95,0.0317,6.54,13.58,11.12,10.0,0.0,25.0,healthy,0.0
fault_sensor_drift_1,208,1789844145.227409,1835.5,111.87,543.65,2.33,63.23,0.025,6.34,13.61,11.02,10.0,0.0,25.0,healthy,0.0
fault_sensor_drift_1,209,1789844146.227409,1846.4,111.81,537.58,2.22,63.51,0.0303,6.12,13.66,11.29,10.0,0.0,25.0,healthy,0.0
fault_sensor_drift_1,210,1789844147.227409,1858.2,112.16,540.83,2.29,63.7,0.0312,6.18,13.58,10.88,10.0,0.0,25.0,healthy,0.0
fault_sensor_drift_1,211,1789844148.227409,1853.0,112.17,542.03,2.21,63.89,0.0286,6.2,13.58,11.35,10.0,0.0,25.0,healthy,0.0
fault_sensor_drift_1,212,1789844149.227409,1855.7,112.34,541.76,2.27,63.9,0.0306,6.2,13.56,11.26,10.0,0.0,25.0,healthy,0.0
fault_sensor_drift_1,213,1789844150.227409,1840.5,112.52,536.02,2.22,64.25,0.0252,6.41,13.51,11.09,10.0,0.0,25.0,healthy,0.0
fault_sensor_drift_1,214,1789844151.227409,1842.8,112.4,538.23,2.31,64.45,0.0238,6.43,13.52,11.5,10.0,0.0,25.0,healthy,0.0
fault_sensor_drift_1,215,1789844152.227409,1871.0,112.31,541.71,2.34,64.66,0.0271,6.53,13.56,11.28,10.0,0.0,25.0,healthy,0.0
fault_sensor_drift_1,216,1789844153.227409,1888.7,112.44,542.39,2.29,64.88,0.0233,6.42,13.67,11.19,10.0,0.0,25.0,healthy,0.0
fault_sensor_drift_1,217,1789844154.227409,1859.3,112.69,540.48,2.32,65.05,0.0265,6.41,13.58,11.4,10.0,0.0,25.0,healthy,0.0
fault_sensor_drift_1,218,1789844155.227409,1858.0,112.52,546.78,2.39,65.13,0.0298,6.55,13.58,11.0,10.0,0.0,25.0,healthy,0.0
fault_sensor_drift_1,219,1789844156.227409,1859.3,112.79,545.57,2.4,65.26,0.028,6.7,13.58,11.28,10.0,0.0,25.0,healthy,0.0
fault_sensor_drift_1,220,1789844157.227409,1850.0,112.46,550.68,2.39,65.53,0.0243,6.65,13.51,11.39,10.0,0.0,25.0,healthy,0.0
fault_sensor_drift_1,221,1789844158.227409,1849.8,112.24,551.81,2.31,65.85,0.0258,6.4,13.44,11.27,10.0,0.0,25.0,healthy,0.0
fault_sensor_drift_1,222,1789844159.227409,1843.4,111.9,552.52,2.29,66.01,0.0331,6.27,13.48,11.31,10.0,0.0,25.0,healthy,0.0
fault_sensor_drift_1,223,1789844160.227409,1812.7,111.81,546.07,2.34,65.92,0.0302,6.33,13.58,11.13,10.0,0.0,25.0,healthy,0.0
fault_sensor_drift_1,224,1789844161.227409,1808.0,111.84,546.07,2.34,66.29,0.036,6.46,13.5,11.12,10.0,0.0,25.0,healthy,0.0
fault_sensor_drift_1,225,1789844162.227409,1815.9,111.6,548.01,2.34,66.56,0.0245,6.35,13.48,11.29,10.0,0.0,25.0,healthy,0.0
fault_sensor_drift_1,226,1789844163.227409,1799.8,111.34,550.36,2.32,66.71,0.03,6.32,13.58,11.14,10.0,0.0,25.0,healthy,0.0
fault_sensor_drift_1,227,1789844164.227409,1810.9,110.95,554.94,2.31,67.07,0.0224,6.42,13.55,10.7,10.0,0.0,25.0,healthy,0.0
fault_sensor_drift_1,228,1789844165.227409,1822.3,110.63,550.98,2.28,67.19,0.0256,6.44,13.49,11.08,10.0,0.0,25.0,healthy,0.0
fault_sensor_drift_1,229,1789844166.227409,1797.9,110.75,548.87,2.3,67.46,0.0242,6.33,13.51,11.1,10.0,0.0,25.0,healthy,0.0
fault_sensor_drift_1,230,1789844167.227409,1805.4,110.44,545.26,2.34,67.58,0.0323,6.47,13.52,11.15,10.0,0.0,25.0,healthy,0.0
fault_sensor_drift_1,231,1789844168.227409,1822.5,110.47,544.09,2.36,67.64,0.0247,6.59,13.58,11.59,10.0,0.0,25.0,healthy,0.0
fault_sensor_drift_1,232,1789844169.227409,1861.9,110.66,543.9,2.46,67.73,0.03,6.46,13.58,11.16,10.0,0.0,25.0,healthy,0.0
fault_sensor_drift_1,233,1789844170.227409,1864.3,110.82,544.66,2.41,67.7,0.0293,6.48,13.61,11.1,10.0,0.0,25.0,healthy,0.0
fault_sensor_drift_1,234,1789844171.227409,1837.5,110.48,543.63,2.46,67.74,0.0135,6.4,13.61,11.47,10.0,0.0,25.0,healthy,0.0
fault_sensor_drift_1,235,1789844172.227409,1837.8,110.51,542.53,2.42,67.87,0.0272,6.35,13.66,11.61,10.0,0.0,25.0,healthy,0.0
fault_sensor_drift_1,236,1789844173.227409,1853.6,110.45,540.79,2.47,68.01,0.0254,6.19,13.75,11.05,10.0,0.0,25.0,healthy,0.0
fault_sensor_drift_1,237,1789844174.227409,1821.3,110.23,540.81,2.45,68.15,0.0299,6.15,13.73,11.4,10.0,0.0,25.0,healthy,0.0
fault_sensor_drift_1,238,1789844175.227409,1834.9,110.12,542.47,2.44,68.14,0.029,6.1,13.68,11.08,10.0,0.0,25.0,healthy,0.0
fault_sensor_drift_1,239,1789844176.227409,1830.9,110.34,538.99,2.43,68.27,0.0275,6.12,13.65,11.4,10.0,0.0,25.0,healthy,0.0
fault_sensor_drift_1,240,1789844177.227409,1854.7,110.82,538.25,2.41,68.3,0.029,6.01,13.67,11.38,10.0,0.0,25.0,healthy,0.0
fault_sensor_drift_1,241,1789844178.227409,1862.5,110.9,542.55,2.36,68.33,0.022,6.12,13.7,11.36,10.0,0.0,25.0,healthy,0.0
fault_sensor_drift_1,242,1789844179.227409,1857.7,110.92,543.47,2.41,68.4,0.0203,6.18,13.69,11.41,10.0,0.0,25.0,healthy,0.0
fault_sensor_drift_1,243,1789844180.227409,1849.3,110.87,554.12,2.37,68.51,0.0232,6.39,13.62,11.55,10.0,0.0,25.0,healthy,0.0
fault_sensor_drift_1,244,1789844181.227409,1865.9,111.35,554.04,2.35,68.59,0.0241,6.4,13.63,11.29,10.0,0.0,25.0,healthy,0.0
fault_sensor_drift_1,245,1789844182.227409,1867.7,111.0,553.98,2.28,68.77,0.0255,6.47,13.63,11.12,10.0,0.0,25.0,healthy,0.0
fault_sensor_drift_1,246,1789844183.227409,1872.4,111.16,549.51,2.29,68.88,0.0258,6.31,13.61,11.45,10.0,0.0,25.0,healthy,0.0
fault_sensor_drift_1,247,1789844184.227409,1852.9,111.34,550.43,2.32,68.94,0.032,6.39,13.6,11.54,10.0,0.0,25.0,healthy,0.0
fault_sensor_drift_1,248,1789844185.227409,1858.5,111.3,547.52,2.28,69.17,0.0267,6.51,13.49,11.8,10.0,0.0,25.0,healthy,0.0
fault_sensor_drift_1,249,1789844186.227409,1865.4,111.47,546.63,2.25,69.51,0.0269,6.39,13.43,11.2,10.0,0.0,25.0,healthy,0.0
fault_sensor_drift_1,250,1789844187.227409,1857.8,111.41,544.96,2.18,69.66,0.0341,6.4,13.4,11.04,10.0,0.0,25.0,healthy,0.0
fault_sensor_drift_1,251,1789844188.227409,1825.2,110.89,546.91,2.23,69.82,0.034,6.39,13.4,11.16,10.0,0.0,25.0,healthy,0.0
fault_sensor_drift_1,252,1789844189.227409,1819.2,111.12,542.51,2.24,69.83,0.0312,6.23,13.48,11.12,10.0,0.0,25.0,healthy,0.0
fault_sensor_drift_1,253,1789844190.227409,1817.8,111.05,543.97,2.2,70.0,0.0355,6.14,13.45,11.15,10.0,0.0,25.0,healthy,0.0
fault_sensor_drift_1,254,1789844191.227409,1824.7,111.2,548.05,2.34,69.86,0.0307,6.33,13.5,11.47,10.0,0.0,25.0,healthy,0.0
fault_sensor_drift_1,255,1789844192.227409,1848.8,111.45,547.19,2.35,69.77,0.029,6.22,13.47,11.63,10.0,0.0,25.0,healthy,0.0
fault_sensor_drift_1,256,1789844193.227409,1839.8,111.81,550.36,2.3,69.86,0.0266,6.18,13.52,11.02,10.0,0.0,25.0,healthy,0.0
fault_sensor_drift_1,257,1789844194.227409,1836.5,111.82,553.52,2.31,69.87,0.0344,6.48,13.49,11.34,10.0,0.0,25.0,healthy,0.0
fault_sensor_drift_1,258,1789844195.227409,1824.2,111.49,551.4,2.26,69.92,0.0322,6.56,13.44,11.12,10.0,0.0,25.0,healthy,0.0
fault_sensor_drift_1,259,1789844196.227409,1823.8,111.2,553.27,2.29,69.92,0.0254,6.42,13.44,11.03,10.0,0.0,25.0,healthy,0.0
fault_sensor_drift_1,260,1789844197.227409,1835.1,111.4,551.22,2.31,70.34,0.0218,6.58,13.37,11.16,10.0,0.0,25.0,healthy,0.0
fault_sensor_drift_1,261,1789844198.227409,1840.5,111.59,548.16,2.43,70.48,0.0227,6.63,13.38,11.03,10.0,0.0,25.0,healthy,0.0
fault_sensor_drift_1,262,1789844199.227409,1823.0,111.52,546.7,2.4,70.61,0.0257,6.73,13.36,11.26,10.0,0.0,25.0,healthy,0.0
fault_sensor_drift_1,263,1789844200.227409,1862.0,111.65,546.27,2.27,70.78,0.0307,6.58,13.41,11.24,10.0,0.0,25.0,healthy,0.0
fault_sensor_drift_1,264,1789844201.227409,1870.5,111.8,549.84,2.29,70.88,0.0319,6.71,13.46,10.96,10.0,0.0,25.0,healthy,0.0
fault_sensor_drift_1,265,1789844202.227409,1885.1,111.84,550.89,2.36,70.89,0.0271,6.69,13.48,11.26,10.0,0.0,25.0,healthy,0.0
fault_sensor_drift_1,266,1789844203.227409,1859.4,111.79,552.13,2.37,70.96,0.0385,6.79,13.56,11.15,10.0,0.0,25.0,healthy,0.0
fault_sensor_drift_1,267,1789844204.227409,1855.7,111.44,552.2,2.38,71.14,0.0424,6.94,13.59,11.16,10.0,0.0,25.0,healthy,0.0
fault_sensor_drift_1,268,1789844205.227409,1816.7,111.43,551.5,2.36,71.22,0.0456,6.94,13.59,11.55,10.0,0.0,25.0,healthy,0.0
fault_sensor_drift_1,269,1789844206.227409,1829.4,111.72,551.53,2.39,71.14,0.0395,6.94,13.63,11.72,10.0,0.0,25.0,healthy,0.0
fault_sensor_drift_1,270,1789844207.227409,1815.2,111.62,549.29,2.32,71.42,0.0417,6.86,13.68,11.29,10.0,0.0,25.0,healthy,0.0
fault_sensor_drift_1,271,1789844208.227409,1829.1,111.71,546.34,2.28,71.7,0.0254,6.64,13.6,11.32,10.0,0.0,25.0,healthy,0.0
fault_sensor_drift_1,272,1789844209.227409,1841.9,111.97,546.6,2.31,71.81,0.0281,6.45,13.53,11.21,10.0,0.0,25.0,healthy,0.0
fault_sensor_drift_1,273,1789844210.227409,1829.4,111.91,548.27,2.3,72.05,0.0307,6.48,13.57,10.98,10.0,0.0,25.0,healthy,0.0
fault_sensor_drift_1,274,1789844211.227409,1822.4,111.63,550.74,2.39,72.17,0.0233,6.55,13.55,10.89,10.0,0.0,25.0,healthy,0.0
fault_sensor_drift_1,275,1789844212.227409,1818.5,111.27,548.15,2.28,72.27,0.0328,6.42,13.64,11.15,10.0,0.0,25.0,healthy,0.0
fault_sensor_drift_1,276,1789844213.227409,1849.7,111.54,545.65,2.34,72.55,0.0315,6.47,13.64,11.16,10.0,0.0,25.0,healthy,0.0
fault_sensor_drift_1,277,1789844214.227409,1847.3,111.43,548.65,2.29,72.67,0.0323,6.52,13.79,11.27,10.0,0.0,25.0,healthy,0.0
fault_sensor_drift_1,278,1789844215.227409,1847.6,111.38,544.3,2.36,72.58,0.0351,6.6,13.8,11.78,10.0,0.0,25.0,healthy,0.0
fault_sensor_drift_1,279,1789844216.227409,1820.9,111.41,541.46,2.41,72.83,0.0376,6.71,13.85,11.14,10.0,0.0,25.0,healthy,0.0
fault_sensor_drift_1,280,1789844217.227409,1823.6,111.44,539.62,2.41,72.99,0.0404,6.68,13.81,11.53,10.0,0.0,25.0,healthy,0.0
fault_sensor_drift_1,281,1789844218.227409,1833.0,111.54,543.66,2.46,73.09,0.0377,6.64,13.85,11.32,10.0,0.0,25.0,healthy,0.0
fault_sensor_drift_1,282,1789844219.227409,1812.4,111.2,546.34,2.48,73.19,0.0309,6.66,13.8,11.35,10.0,0.0,25.0,healthy,0.0
fault_sensor_drift_1,283,1789844220.227409,1824.6,111.24,549.79,2.43,73.18,0.0236,6.51,13.79,10.9,10.0,0.0,25.0,healthy,0.0
fault_sensor_drift_1,284,1789844221.227409,1815.9,111.27,543.28,2.36,73.23,0.0249,6.41,13.88,11.1,10.0,0.0,25.0,healthy,0.0
fault_sensor_drift_1,285,1789844222.227409,1809.7,111.78,541.97,2.39,73.24,0.0346,6.56,13.98,11.11,10.0,0.0,25.0,healthy,0.0
fault_sensor_drift_1,286,1789844223.227409,1832.6,111.7,544.98,2.28,73.26,0.0272,6.5,13.9,11.32,10.0,0.0,25.0,healthy,0.0
fault_sensor_drift_1,287,1789844224.227409,1849.8,111.76,540.06,2.35,73.43,0.0326,6.59,13.83,11.29,10.0,0.0,25.0,healthy,0.0
fault_sensor_drift_1,288,1789844225.227409,1832.5,111.63,547.23,2.31,73.49,0.0321,6.52,13.81,11.22,10.0,0.0,25.0,healthy,0.0
fault_sensor_drift_1,289,1789844226.227409,1823.0,111.52,549.74,2.36,73.64,0.0248,6.54,13.79,11.42,10.0,0.0,25.0,healthy,0.0
fault_sensor_drift_1,290,1789844227.227409,1826.0,111.36,553.65,2.34,73.78,0.0191,6.45,13.88,11.23,10.0,0.0,25.0,healthy,0.0
fault_sensor_drift_1,291,1789844228.227409,1840.1,111.22,551.39,2.36,73.61,0.0211,6.48,13.85,11.35,10.0,0.0,25.0,healthy,0.0
fault_sensor_drift_1,292,1789844229.227409,1844.3,111.27,555.06,2.3,73.65,0.0187,6.41,13.77,11.55,10.0,0.0,25.0,healthy,0.0
fault_sensor_drift_1,293,1789844230.227409,1862.1,111.44,556.4,2.34,73.82,0.0285,6.29,13.79,11.48,10.0,0.0,25.0,healthy,0.0
fault_sensor_drift_1,294,1789844231.227409,1878.2,111.59,551.59,2.27,74.09,0.0336,6.34,13.76,11.33,10.0,0.0,25.0,healthy,0.0
fault_sensor_drift_1,295,1789844232.227409,1880.6,111.42,546.53,2.23,74.25,0.027,6.35,13.72,11.17,10.0,0.0,25.0,healthy,0.0
fault_sensor_drift_1,296,1789844233.227409,1869.7,111.53,541.61,2.22,74.25,0.0175,6.21,13.74,11.26,10.0,0.0,25.0,healthy,0.0
fault_sensor_drift_1,297,1789844234.227409,1859.0,111.73,537.05,2.27,74.35,0.0269,6.15,13.79,11.39,10.0,0.0,25.0,healthy,0.0
fault_sensor_drift_1,298,1789844235.227409,1857.7,111.76,537.41,2.35,74.61,0.0275,6.26,13.81,11.33,10.0,0.0,25.0,healthy,0.0
fault_sensor_drift_1,299,1789844236.227409,1874.3,111.55,545.67,2.36,74.59,0.0259,6.21,13.82,11.1,10.0,0.0,25.0,healthy,0.0
fault_sensor_drift_1,300,1789844237.227409,3819.7,112.18,587.23,3.9,74.75,0.0542,14.79,13.97,17.75,100.0,5.0,25.0,healthy,0.0
fault_sensor_drift_1,301,1789844238.227409,4802.1,113.26,638.81,4.61,75.0,0.0695,20.03,14.08,21.02,100.0,10.0,24.9,healthy,0.0
fault_sensor_drift_1,302,1789844239.227409,5319.4,114.43,695.31,5.0,75.11,0.081,23.27,14.13,22.89,100.0,15.0,24.9,healthy,0.0
fault_sensor_drift_1,303,1789844240.227409,5573.3,115.84,731.81,5.22,75.17,0.0927,25.05,14.19,23.88,100.0,20.0,24.9,healthy,0.0
fault_sensor_drift_1,304,1789844241.227409,5715.1,116.72,768.39,5.33,75.69,0.1002,25.79,14.23,24.19,100.0,25.0,24.8,healthy,0.0
fault_sensor_drift_1,305,1789844242.227409,5782.5,118.02,790.62,5.32,75.8,0.1072,26.25,14.27,24.31,100.0,30.0,24.8,healthy,0.0
fault_sensor_drift_1,306,1789844243.227409,5803.8,118.9,805.37,5.38,76.22,0.1015,26.51,14.32,24.63,100.0,35.0,24.8,healthy,0.0
fault_sensor_drift_1,307,1789844244.227409,5799.7,119.9,817.87,5.4,76.54,0.1031,26.77,14.29,24.88,100.0,40.0,24.7,healthy,0.0
fault_sensor_drift_1,308,1789844245.227409,5822.2,121.2,828.14,5.39,76.71,0.1077,26.73,14.37,24.82,100.0,45.0,24.7,healthy,0.0
fault_sensor_drift_1,309,1789844246.227409,5797.2,122.05,837.84,5.42,77.07,0.1018,26.98,14.33,24.58,100.0,50.0,24.7,healthy,0.0
fault_sensor_drift_1,310,1789844247.227409,5810.2,123.2,843.45,5.52,77.33,0.1035,27.02,14.35,24.83,100.0,55.0,24.6,healthy,0.0
fault_sensor_drift_1,311,1789844248.227409,5794.9,124.07,853.11,5.49,77.59,0.1046,27.16,14.37,25.0,100.0,60.0,24.6,healthy,0.0
fault_sensor_drift_1,312,1789844249.227409,5792.3,124.79,856.95,5.46,77.75,0.1025,27.06,14.4,25.02,100.0,65.0,24.6,healthy,0.0
fault_sensor_drift_1,313,1789844250.227409,5751.4,125.79,859.54,5.44,78.02,0.1044,27.08,14.36,25.01,100.0,70.0,24.5,healthy,0.0
fault_sensor_drift_1,314,1789844251.227409,5771.4,126.42,855.88,5.4,78.22,0.1007,27.06,14.37,25.0,100.0,75.0,24.5,healthy,0.0
fault_sensor_drift_1,315,1789844252.227409,5754.4,127.11,862.59,5.48,78.4,0.097,27.09,14.36,25.13,100.0,80.0,24.5,healthy,0.0
fault_sensor_drift_1,316,1789844253.227409,5779.7,127.7,864.2,5.53,78.65,0.0996,27.15,14.28,25.04,100.0,85.0,24.4,healthy,0.0
fault_sensor_drift_1,317,1789844254.227409,5768.8,128.42,859.93,5.57,78.71,0.0914,27.34,14.32,24.92,100.0,90.0,24.4,healthy,0.0
fault_sensor_drift_1,318,1789844255.227409,5759.2,129.08,857.58,5.59,79.03,0.0938,27.16,14.24,25.08,100.0,95.0,24.4,healthy,0.0
fault_sensor_drift_1,319,1789844256.227409,5747.0,129.95,859.67,5.63,79.2,0.0965,27.19,14.3,25.23,100.0,100.0,24.4,healthy,0.0
fault_sensor_drift_1,320,1789844257.227409,5741.8,130.5,858.23,5.6,79.54,0.0961,27.12,14.32,25.44,100.0,105.0,24.3,healthy,0.0
fault_sensor_drift_1,321,1789844258.227409,5735.0,131.01,854.02,5.61,79.6,0.1019,27.16,14.26,25.12,100.0,110.0,24.3,healthy,0.0
fault_sensor_drift_1,322,1789844259.227409,5755.3,131.71,857.17,5.64,79.88,0.1038,26.97,14.27,25.28,100.0,115.0,24.3,healthy,0.0
fault_sensor_drift_1,323,1789844260.227409,5737.8,132.22,856.46,5.62,80.0,0.1019,27.08,14.3,25.23,100.0,120.0,24.2,healthy,0.0
fault_sensor_drift_1,324,1789844261.227409,5759.3,132.55,858.96,5.56,80.04,0.096,27.14,14.27,25.04,100.0,125.0,24.2,healthy,0.0
fault_sensor_drift_1,325,1789844262.227409,5741.2,132.99,863.45,5.63,80.21,0.1095,27.1,14.27,24.96,100.0,130.0,24.2,healthy,0.0
fault_sensor_drift_1,326,1789844263.227409,5737.5,133.69,863.01,5.59,80.41,0.108,27.06,14.28,25.15,100.0,135.0,24.1,healthy,0.0
fault_sensor_drift_1,327,1789844264.227409,5759.9,133.91,853.17,5.63,80.46,0.1041,27.07,14.28,25.16,100.0,140.0,24.1,healthy,0.0
fault_sensor_drift_1,328,1789844265.227409,5759.5,134.66,852.17,5.52,80.83,0.1073,27.13,14.28,25.05,100.0,145.0,24.1,healthy,0.0
fault_sensor_drift_1,329,1789844266.227409,5766.6,135.05,851.39,5.51,81.06,0.1022,27.05,14.28,24.8,100.0,150.0,24.0,healthy,0.0
fault_sensor_drift_1,330,1789844267.227409,5770.8,135.67,854.01,5.55,81.28,0.0903,26.98,14.24,25.05,100.0,155.0,24.0,healthy,0.0
fault_sensor_drift_1,331,1789844268.227409,5756.3,135.88,854.39,5.52,81.44,0.092,27.07,14.2,24.87,100.0,160.0,24.0,healthy,0.0
fault_sensor_drift_1,332,1789844269.227409,5787.6,136.09,854.91,5.5,81.67,0.0896,27.05,14.19,25.18,100.0,165.0,23.9,healthy,0.0
fault_sensor_drift_1,333,1789844270.227409,5764.2,136.37,856.39,5.51,81.83,0.0933,27.02,14.19,24.52,100.0,170.0,23.9,healthy,0.0
fault_sensor_drift_1,334,1789844271.227409,5770.8,136.77,856.77,5.49,81.97,0.1019,27.08,14.13,24.66,100.0,175.0,23.9,healthy,0.0
fault_sensor_drift_1,335,1789844272.227409,5774.5,137.19,855.46,5.5,82.24,0.1128,27.12,14.11,24.32,100.0,180.0,23.8,healthy,0.0
fault_sensor_drift_1,336,1789844273.227409,5786.5,137.4,850.48,5.44,82.53,0.1029,26.99,14.02,24.89,100.0,185.0,23.8,healthy,0.0
fault_sensor_drift_1,337,1789844274.227409,5775.9,137.39,849.04,5.45,82.85,0.1012,27.1,14.0,24.95,100.0,190.0,23.8,healthy,0.0
fault_sensor_drift_1,338,1789844275.227409,5779.7,137.49,850.96,5.44,83.06,0.1035,27.07,14.0,25.1,100.0,195.0,23.7,healthy,0.0
fault_sensor_drift_1,339,1789844276.227409,5786.7,137.86,851.94,5.5,83.22,0.1017,26.97,14.02,25.0,100.0,200.0,23.7,healthy,0.0
fault_sensor_drift_1,340,1789844277.227409,5773.2,138.01,852.08,5.43,83.46,0.0968,26.99,14.08,24.99,100.0,205.0,23.7,healthy,0.0
fault_sensor_drift_1,341,1789844278.227409,5794.3,137.91,849.29,5.46,83.56,0.1044,26.9,14.12,25.44,100.0,210.0,23.6,healthy,0.0
fault_sensor_drift_1,342,1789844279.227409,5803.1,138.17,852.35,5.53,83.87,0.1023,26.95,14.1,25.07,100.0,215.0,23.6,healthy,0.0
fault_sensor_drift_1,343,1789844280.227409,5782.7,138.36,856.57,5.55,83.93,0.1023,27.15,14.13,25.08,100.0,220.0,23.6,healthy,0.0
fault_sensor_drift_1,344,1789844281.227409,5763.7,138.57,860.92,5.55,83.9,0.1042,27.05,14.14,25.04,100.0,225.0,23.5,healthy,0.0
fault_sensor_drift_1,345,1789844282.227409,5780.7,138.42,859.33,5.52,84.02,0.1034,27.09,14.18,24.77,100.0,230.0,23.5,healthy,0.0
fault_sensor_drift_1,346,1789844283.227409,5823.1,138.47,861.19,5.51,84.01,0.1052,27.04,14.22,24.7,100.0,235.0,23.5,healthy,0.0
fault_sensor_drift_1,347,1789844284.227409,5802.8,138.5,860.36,5.53,84.43,0.104,27.16,14.2,24.95,100.0,240.0,23.4,healthy,0.0
fault_sensor_drift_1,348,1789844285.227409,5790.6,138.87,860.37,5.49,84.61,0.0991,27.24,14.23,24.93,100.0,245.0,23.4,healthy,0.0
fault_sensor_drift_1,349,1789844286.227409,5786.7,138.88,856.84,5.49,84.7,0.091,27.21,14.13,25.14,100.0,250.0,23.4,healthy,0.0
fault_sensor_drift_1,350,1789844287.227409,5783.2,138.7,855.78,5.47,84.83,0.0929,27.19,14.09,25.38,100.0,255.0,23.3,healthy,0.0
fault_sensor_drift_1,351,1789844288.227409,5777.7,138.76,856.21,5.44,84.98,0.0952,27.14,14.17,25.28,100.0,260.0,23.3,healthy,0.0
fault_sensor_drift_1,352,1789844289.227409,5783.5,138.95,859.21,5.4,84.96,0.0916,27.09,14.15,25.23,100.0,265.0,23.3,healthy,0.0
fault_sensor_drift_1,353,1789844290.227409,5788.2,139.08,856.62,5.42,85.09,0.0961,27.07,14.18,24.94,100.0,270.0,23.2,healthy,0.0
fault_sensor_drift_1,354,1789844291.227409,5776.1,139.31,852.58,5.38,85.28,0.1026,27.04,14.13,24.86,100.0,275.0,23.2,healthy,0.0
fault_sensor_drift_1,355,1789844292.227409,5764.1,139.37,850.48,5.4,85.41,0.0964,26.9,14.1,25.24,100.0,280.0,23.2,healthy,0.0
fault_sensor_drift_1,356,1789844293.227409,5761.6,139.8,854.11,5.43,85.57,0.104,27.06,14.21,25.24,100.0,285.0,23.1,healthy,0.0
fault_sensor_drift_1,357,1789844294.227409,5786.8,139.68,854.88,5.43,85.59,0.1028,27.16,14.25,24.9,100.0,290.0,23.1,healthy,0.0
fault_sensor_drift_1,358,1789844295.227409,5794.9,139.85,855.75,5.43,85.72,0.1012,27.16,14.26,24.95,100.0,295.0,23.1,healthy,0.0
fault_sensor_drift_1,359,1789844296.227409,5789.2,139.81,853.94,5.49,85.94,0.0936,27.28,14.21,24.66,100.0,300.0,23.1,healthy,0.0
fault_sensor_drift_1,360,1789844297.227409,5769.9,140.04,856.31,5.48,86.24,0.0975,27.34,14.24,25.15,100.0,305.0,23.0,healthy,0.0
fault_sensor_drift_1,361,1789844298.227409,5775.8,139.93,860.5,5.56,86.48,0.0963,27.19,14.3,24.94,100.0,310.0,23.0,healthy,0.0
fault_sensor_drift_1,362,1789844299.227409,5792.1,139.95,859.97,5.48,86.56,0.0958,26.96,14.36,25.05,100.0,315.0,23.0,healthy,0.0
fault_sensor_drift_1,363,1789844300.227409,5762.3,140.11,862.06,5.46,86.76,0.0991,27.03,14.3,25.05,100.0,320.0,22.9,healthy,0.0
fault_sensor_drift_1,364,1789844301.227409,5770.4,139.75,858.79,5.54,86.81,0.0969,26.87,14.21,24.91,100.0,325.0,22.9,healthy,0.0
fault_sensor_drift_1,365,1789844302.227409,5783.8,139.65,861.63,5.51,86.98,0.1002,26.97,14.08,25.05,100.0,330.0,22.9,healthy,0.0
fault_sensor_drift_1,366,1789844303.227409,5808.3,139.55,853.06,5.51,87.15,0.0967,27.06,14.09,24.99,100.0,335.0,22.8,healthy,0.0
fault_sensor_drift_1,367,1789844304.227409,5796.7,139.62,851.61,5.47,87.26,0.1026,27.01,14.01,24.83,100.0,340.0,22.8,healthy,0.0
fault_sensor_drift_1,368,1789844305.227409,5806.7,139.83,853.43,5.43,87.45,0.0986,27.05,14.02,24.69,100.0,345.0,22.8,healthy,0.0
fault_sensor_drift_1,369,1789844306.227409,5820.7,139.95,855.51,5.44,87.49,0.1005,27.19,13.97,24.78,100.0,350.0,22.7,healthy,0.0
fault_sensor_drift_1,370,1789844307.227409,5822.2,140.13,860.38,5.4,87.72,0.0948,27.14,14.03,25.1,100.0,355.0,22.7,healthy,0.0
fault_sensor_drift_1,371,1789844308.227409,5816.5,139.96,858.62,5.47,87.81,0.0961,27.07,13.99,24.76,100.0,360.0,22.7,healthy,0.0
fault_sensor_drift_1,372,1789844309.227409,5800.9,140.34,852.77,5.43,87.99,0.0941,27.02,13.97,24.52,100.0,365.0,22.6,healthy,0.0
fault_sensor_drift_1,373,1789844310.227409,5767.6,140.14,852.82,5.51,88.01,0.0983,26.96,13.98,25.22,100.0,370.0,22.6,healthy,0.0
fault_sensor_drift_1,374,1789844311.227409,5783.3,139.79,858.12,5.51,88.13,0.0945,27.04,13.99,25.04,100.0,375.0,22.6,healthy,0.0
fault_sensor_drift_1,375,1789844312.227409,5777.3,140.17,855.04,5.53,88.49,0.0935,27.06,14.05,24.99,100.0,380.0,22.5,healthy,0.0
fault_sensor_drift_1,376,1789844313.227409,5771.8,140.0,862.93,5.53,88.65,0.0934,27.17,14.13,24.81,100.0,385.0,22.5,healthy,0.0
fault_sensor_drift_1,377,1789844314.227409,5799.7,139.9,862.29,5.49,88.85,0.0943,27.16,14.14,25.05,100.0,390.0,22.5,healthy,0.0
fault_sensor_drift_1,378,1789844315.227409,5769.8,139.85,862.5,5.52,89.09,0.0917,27.29,14.16,24.97,100.0,395.0,22.4,healthy,0.0
fault_sensor_drift_1,379,1789844316.227409,5810.6,139.93,858.6,5.47,89.2,0.0993,27.23,14.24,25.13,100.0,400.0,22.4,healthy,0.0
fault_sensor_drift_1,380,1789844317.227409,5798.4,139.85,860.93,5.53,89.34,0.1025,27.23,14.23,25.33,100.0,405.0,22.4,healthy,0.0
fault_sensor_drift_1,381,1789844318.227409,5799.8,139.86,853.87,5.5,89.4,0.0953,27.19,14.17,25.04,100.0,410.0,22.3,healthy,0.0
fault_sensor_drift_1,382,1789844319.227409,5799.1,140.05,854.03,5.49,89.55,0.0963,27.02,14.15,25.0,100.0,415.0,22.3,healthy,0.0
fault_sensor_drift_1,383,1789844320.227409,5765.7,140.46,853.6,5.49,89.64,0.0995,27.13,14.13,25.08,100.0,420.0,22.3,healthy,0.0
fault_sensor_drift_1,384,1789844321.227409,5803.9,140.64,853.39,5.51,89.88,0.0934,27.0,14.11,25.43,100.0,425.0,22.2,healthy,0.0
fault_sensor_drift_1,385,1789844322.227409,5808.6,140.3,849.5,5.54,89.85,0.1005,27.09,14.1,25.08,100.0,430.0,22.2,healthy,0.0
fault_sensor_drift_1,386,1789844323.227409,5810.9,140.57,851.79,5.47,89.95,0.0974,27.14,14.08,24.91,100.0,435.0,22.2,healthy,0.0
fault_sensor_drift_1,387,1789844324.227409,5793.8,140.46,847.27,5.49,90.19,0.0923,27.25,14.02,25.24,100.0,440.0,22.1,healthy,0.0
fault_sensor_drift_1,388,1789844325.227409,5826.1,140.25,846.84,5.52,90.31,0.1043,27.11,13.94,25.27,100.0,445.0,22.1,healthy,0.0
fault_sensor_drift_1,389,1789844326.227409,5809.8,140.5,848.69,5.58,90.13,0.1033,27.27,13.98,24.84,100.0,450.0,22.1,healthy,0.0
fault_sensor_drift_1,390,1789844327.227409,5806.2,140.4,847.74,5.63,90.26,0.0978,27.31,14.05,25.25,100.0,455.0,22.0,healthy,0.0
fault_sensor_drift_1,391,1789844328.227409,5783.2,140.66,849.2,5.54,90.51,0.0978,27.27,14.08,25.3,100.0,460.0,22.0,healthy,0.0
fault_sensor_drift_1,392,1789844329.227409,5814.2,140.34,848.23,5.52,90.55,0.0959,27.3,14.07,25.2,100.0,465.0,22.0,healthy,0.0
fault_sensor_drift_1,393,1789844330.227409,5805.2,140.64,848.29,5.44,90.67,0.0937,27.37,14.12,24.96,100.0,470.0,21.9,healthy,0.0
fault_sensor_drift_1,394,1789844331.227409,5789.8,140.51,848.35,5.34,90.86,0.0956,27.45,14.1,24.8,100.0,475.0,21.9,healthy,0.0
fault_sensor_drift_1,395,1789844332.227409,5782.3,140.7,851.09,5.38,90.95,0.1023,27.19,14.05,24.84,100.0,480.0,21.9,healthy,0.0
fault_sensor_drift_1,396,1789844333.227409,5802.4,140.68,849.08,5.4,91.24,0.1038,27.22,14.03,24.75,100.0,485.0,21.8,healthy,0.0
fault_sensor_drift_1,397,1789844334.227409,5798.3,140.76,850.8,5.53,91.45,0.0941,27.16,14.09,24.75,100.0,490.0,21.8,healthy,0.0
fault_sensor_drift_1,398,1789844335.227409,5808.1,140.66,850.34,5.57,91.69,0.1009,27.13,14.02,24.5,100.0,495.0,21.8,healthy,0.0
fault_sensor_drift_1,399,1789844336.227409,5814.3,140.31,852.71,5.52,91.71,0.1049,27.05,14.0,24.58,100.0,500.0,21.8,healthy,0.0
fault_sensor_drift_1,400,1789844337.227409,5831.4,140.16,847.63,5.44,91.78,0.0997,27.01,13.99,24.68,100.0,505.0,21.7,healthy,0.0
fault_sensor_drift_1,401,1789844338.227409,5803.8,140.17,849.37,5.45,91.92,0.1067,27.2,14.03,24.65,100.0,510.0,21.7,healthy,0.0
fault_sensor_drift_1,402,1789844339.227409,5817.1,139.69,849.6,5.47,91.9,0.103,27.29,14.07,24.8,100.0,515.0,21.7,healthy,0.0
fault_sensor_drift_1,403,1789844340.227409,5828.4,139.86,847.77,5.45,92.12,0.1067,27.34,14.09,24.6,100.0,520.0,21.6,healthy,0.0
fault_sensor_drift_1,404,1789844341.227409,5817.2,139.72,842.65,5.4,92.42,0.1047,27.09,14.1,24.89,100.0,525.0,21.6,healthy,0.0
fault_sensor_drift_1,405,1789844342.227409,5797.7,139.98,841.84,5.39,92.48,0.1117,27.0,14.13,24.87,100.0,530.0,21.6,healthy,0.0
fault_sensor_drift_1,406,1789844343.227409,5798.4,139.88,843.06,5.46,92.56,0.1086,27.11,14.13,25.08,100.0,535.0,21.5,healthy,0.0
fault_sensor_drift_1,407,1789844344.227409,5784.6,139.86,844.12,5.47,92.71,0.1042,26.99,14.07,25.0,100.0,540.0,21.5,healthy,0.0
fault_sensor_drift_1,408,1789844345.227409,5750.7,139.99,846.77,5.49,92.74,0.1012,27.03,14.14,25.06,100.0,545.0,21.5,healthy,0.0
fault_sensor_drift_1,409,1789844346.227409,5759.9,140.0,847.23,5.47,92.88,0.1053,26.95,14.17,25.1,100.0,550.0,21.4,healthy,0.0
fault_sensor_drift_1,410,1789844347.227409,5790.3,140.01,847.7,5.42,92.98,0.1005,27.25,14.23,24.97,100.0,555.0,21.4,healthy,0.0
fault_sensor_drift_1,411,1789844348.227409,5759.4,140.35,852.92,5.45,93.11,0.0955,27.02,14.25,25.11,100.0,560.0,21.4,healthy,0.0
fault_sensor_drift_1,412,1789844349.227409,5781.8,140.54,849.8,5.39,93.18,0.0939,27.25,14.27,24.98,100.0,565.0,21.3,healthy,0.0
fault_sensor_drift_1,413,1789844350.227409,5776.7,140.28,849.38,5.41,93.17,0.0907,27.09,14.31,24.89,100.0,570.0,21.3,healthy,0.0
fault_sensor_drift_1,414,1789844351.227409,5782.7,140.24,844.59,5.43,93.31,0.0959,27.08,14.34,24.94,100.0,575.0,21.3,healthy,0.0
fault_sensor_drift_1,415,1789844352.227409,5758.6,140.23,840.96,5.37,93.57,0.0972,27.19,14.28,25.38,100.0,580.0,21.2,healthy,0.0
fault_sensor_drift_1,416,1789844353.227409,5761.4,140.56,840.57,5.39,93.57,0.0977,27.01,14.27,25.16,100.0,585.0,21.2,healthy,0.0
fault_sensor_drift_1,417,1789844354.227409,5774.7,140.42,841.54,5.4,93.54,0.0982,27.02,14.21,25.06,100.0,590.0,21.2,healthy,0.0
fault_sensor_drift_1,418,1789844355.227409,5773.0,140.22,841.56,5.35,93.7,0.094,26.81,14.17,25.12,100.0,595.0,21.1,healthy,0.0
fault_sensor_drift_1,419,1789844356.227409,5774.0,140.24,838.94,5.39,93.55,0.1006,27.03,14.25,25.33,100.0,600.0,21.1,healthy,0.0
fault_sensor_drift_1,420,1789844357.227409,5792.3,139.94,841.0,5.31,93.74,0.0934,26.85,14.29,25.42,100.0,605.0,21.1,healthy,0.0
fault_sensor_drift_1,421,1789844358.227409,5799.9,139.7,841.71,5.35,93.79,0.1045,26.99,14.26,24.9,100.0,610.0,21.0,healthy,0.0
fault_sensor_drift_1,422,1789844359.227409,5804.4,139.88,840.83,5.36,93.97,0.0973,27.07,14.18,24.85,100.0,615.0,21.0,healthy,0.0
fault_sensor_drift_1,423,1789844360.227409,5809.8,139.9,843.09,5.3,93.88,0.0977,27.04,14.2,25.06,100.0,620.0,21.0,healthy,0.0
fault_sensor_drift_1,424,1789844361.227409,5804.6,139.98,845.73,5.47,93.94,0.0958,27.03,14.18,24.6,100.0,625.0,20.9,healthy,0.0
fault_sensor_drift_1,425,1789844362.227409,5820.6,140.06,839.48,5.47,94.1,0.0978,26.85,14.13,24.59,100.0,630.0,20.9,healthy,0.0
fault_sensor_drift_1,426,1789844363.227409,5847.5,140.06,839.05,5.44,94.17,0.093,26.89,14.21,24.99,100.0,635.0,20.9,healthy,0.0
fault_sensor_drift_1,427,1789844364.227409,5844.3,140.23,840.95,5.4,94.39,0.0965,26.97,14.2,25.14,100.0,640.0,20.8,healthy,0.0
fault_sensor_drift_1,428,1789844365.227409,5840.4,139.85,844.71,5.37,94.39,0.1026,27.02,14.15,24.94,100.0,645.0,20.8,healthy,0.0
fault_sensor_drift_1,429,1789844366.227409,5841.7,139.53,844.16,5.36,94.64,0.0983,26.87,14.22,25.02,100.0,650.0,20.8,healthy,0.0
fault_sensor_drift_1,430,1789844367.227409,5806.9,139.63,844.98,5.41,95.05,0.109,26.85,14.33,25.13,100.0,655.0,20.7,healthy,0.0
fault_sensor_drift_1,431,1789844368.227409,5795.7,139.58,845.5,5.43,95.16,0.1082,26.91,14.3,25.04,100.0,660.0,20.7,healthy,0.0
fault_sensor_drift_1,432,1789844369.227409,5802.8,139.55,845.69,5.4,95.35,0.1038,26.9,14.27,25.22,100.0,665.0,20.7,healthy,0.0
fault_sensor_drift_1,433,1789844370.227409,5815.4,140.02,845.64,5.39,95.26,0.1016,27.09,14.26,25.29,100.0,670.0,20.6,healthy,0.0
fault_sensor_drift_1,434,1789844371.227409,5814.8,139.92,845.95,5.42,95.29,0.1087,26.98,14.26,24.86,100.0,675.0,20.6,healthy,0.0
fault_sensor_drift_1,435,1789844372.227409,5811.3,139.71,851.41,5.47,95.42,0.1003,26.87,14.25,24.67,100.0,680.0,20.6,healthy,0.0
fault_sensor_drift_1,436,1789844373.227409,5835.0,139.9,850.34,5.48,95.11,0.1024,26.74,14.2,24.38,100.0,685.0,20.5,healthy,0.0
fault_sensor_drift_1,437,1789844374.227409,5847.6,140.18,846.13,5.56,95.15,0.1055,26.94,14.22,24.88,100.0,690.0,20.5,healthy,0.0
fault_sensor_drift_1,438,1789844375.227409,5833.6,140.18,847.95,5.48,95.24,0.0994,26.91,14.21,25.31,100.0,695.0,20.5,healthy,0.0
fault_sensor_drift_1,439,1789844376.227409,5863.5,140.42,848.69,5.51,95.42,0.0995,26.92,14.26,25.08,100.0,700.0,20.4,healthy,0.0
fault_sensor_drift_1,440,1789844377.227409,5838.9,140.39,850.15,5.52,95.54,0.1012,26.84,14.41,24.55,100.0,705.0,20.4,healthy,0.0
fault_sensor_drift_1,441,1789844378.227409,5833.3,140.58,845.58,5.43,95.67,0.098,26.67,14.41,24.61,100.0,710.0,20.4,healthy,0.0
fault_sensor_drift_1,442,1789844379.227409,5858.8,140.74,845.04,5.36,95.7,0.0994,26.65,14.42,24.96,100.0,715.0,20.4,healthy,0.0
fault_sensor_drift_1,443,1789844380.227409,5858.0,140.53,847.49,5.32,95.89,0.1066,26.94,14.4,25.13,100.0,720.0,20.3,healthy,0.0
fault_sensor_drift_1,444,1789844381.227409,5834.5,140.52,850.78,5.33,96.03,0.1012,26.99,14.37,24.78,100.0,725.0,20.3,healthy,0.0
fault_sensor_drift_1,445,1789844382.227409,5816.1,140.08,852.83,5.43,96.36,0.098,26.82,14.33,25.21,100.0,730.0,20.3,healthy,0.0
fault_sensor_drift_1,446,1789844383.227409,5815.6,140.09,851.59,5.39,96.45,0.1015,26.84,14.32,25.01,100.0,735.0,20.2,healthy,0.0
fault_sensor_drift_1,447,1789844384.227409,5804.2,139.78,847.0,5.4,96.77,0.1034,27.09,14.33,24.95,100.0,740.0,20.2,healthy,0.0
fault_sensor_drift_1,448,1789844385.227409,5786.0,139.39,843.65,5.43,96.81,0.1045,27.05,14.33,25.13,100.0,745.0,20.2,healthy,0.0
fault_sensor_drift_1,449,1789844386.227409,5774.6,139.22,841.42,5.55,96.83,0.1053,26.93,14.31,24.76,100.0,750.0,20.1,healthy,0.0
fault_sensor_drift_1,450,1789844387.227409,5781.9,139.14,846.1,5.45,96.88,0.0972,26.96,14.36,25.17,100.0,755.0,20.1,healthy,0.0
fault_sensor_drift_1,451,1789844388.227409,5790.7,139.27,841.51,5.44,96.82,0.1051,26.92,14.32,25.16,100.0,760.0,20.1,healthy,0.0
fault_sensor_drift_1,452,1789844389.227409,5798.2,139.2,843.44,5.45,96.92,0.1014,26.9,14.3,25.16,100.0,765.0,20.0,healthy,0.0
fault_sensor_drift_1,453,1789844390.227409,5775.4,139.2,843.8,5.48,96.98,0.0899,26.87,14.29,25.12,100.0,770.0,20.0,healthy,0.0
fault_sensor_drift_1,454,1789844391.227409,5791.2,139.38,842.01,5.44,97.0,0.095,26.8,14.22,24.84,100.0,775.0,20.0,healthy,0.0
fault_sensor_drift_1,455,1789844392.227409,5800.2,139.35,843.09,5.41,97.0,0.0962,26.83,14.19,24.87,100.0,780.0,19.9,healthy,0.0
fault_sensor_drift_1,456,1789844393.227409,5792.6,138.87,846.13,5.34,97.18,0.1021,26.74,14.15,25.01,100.0,785.0,19.9,healthy,0.0
fault_sensor_drift_1,457,1789844394.227409,5800.4,138.99,845.09,5.48,97.14,0.0991,26.8,14.23,25.34,100.0,790.0,19.9,healthy,0.0
fault_sensor_drift_1,458,1789844395.227409,5821.8,138.72,844.86,5.47,97.31,0.0954,26.75,14.14,24.68,100.0,795.0,19.8,healthy,0.0
fault_sensor_drift_1,459,1789844396.227409,5818.7,138.8,849.46,5.41,97.39,0.0977,26.68,14.13,25.26,100.0,800.0,19.8,healthy,0.0
fault_sensor_drift_1,460,1789844397.227409,5820.1,138.93,848.74,5.47,97.49,0.1,26.8,14.16,25.49,100.0,805.0,19.8,healthy,0.0
fault_sensor_drift_1,461,1789844398.227409,5800.1,139.28,844.83,5.36,97.35,0.0911,26.91,14.12,25.5,100.0,810.0,19.7,healthy,0.0
fault_sensor_drift_1,462,1789844399.227409,5806.6,139.1,843.85,5.4,97.39,0.1023,26.91,14.12,25.26,100.0,815.0,19.7,healthy,0.0
fault_sensor_drift_1,463,1789844400.227409,5770.5,138.95,838.95,5.36,97.51,0.1022,26.82,14.2,25.02,100.0,820.0,19.7,healthy,0.0
fault_sensor_drift_1,464,1789844401.227409,5783.1,139.02,840.38,5.3,97.68,0.0984,26.72,14.22,24.94,100.0,825.0,19.6,healthy,0.0
fault_sensor_drift_1,465,1789844402.227409,5780.4,138.73,847.42,5.38,97.86,0.1017,26.69,14.24,25.17,100.0,830.0,19.6,healthy,0.0
fault_sensor_drift_1,466,1789844403.227409,5791.4,138.37,841.78,5.27,97.94,0.107,26.89,14.3,24.9,100.0,835.0,19.6,healthy,0.0
fault_sensor_drift_1,467,1789844404.227409,5806.7,138.63,839.08,5.35,98.19,0.0967,26.68,14.23,24.98,100.0,840.0,19.5,healthy,0.0
fault_sensor_drift_1,468,1789844405.227409,5795.8,138.44,841.41,5.34,98.35,0.0961,26.64,14.18,25.06,100.0,845.0,19.5,healthy,0.0
fault_sensor_drift_1,469,1789844406.227409,5804.2,138.08,841.87,5.3,98.58,0.0949,26.49,14.21,24.97,100.0,850.0,19.5,healthy,0.0
fault_sensor_drift_1,470,1789844407.227409,5771.6,137.9,849.31,5.31,98.81,0.1001,26.75,14.16,24.86,100.0,855.0,19.4,healthy,0.0
fault_sensor_drift_1,471,1789844408.227409,5776.2,137.66,846.94,5.37,98.65,0.1011,26.86,14.13,24.69,100.0,860.0,19.4,healthy,0.0
fault_sensor_drift_1,472,1789844409.227409,5774.9,137.96,847.25,5.38,98.97,0.1049,26.87,14.09,24.99,100.0,865.0,19.4,healthy,0.0
fault_sensor_drift_1,473,1789844410.227409,5779.6,138.14,840.95,5.29,98.96,0.1035,26.95,14.04,24.82,100.0,870.0,19.3,healthy,0.0
fault_sensor_drift_1,474,1789844411.227409,5754.8,138.29,842.87,5.3,99.02,0.1123,27.01,14.06,24.79,100.0,875.0,19.3,healthy,0.0
fault_sensor_drift_1,475,1789844412.227409,5754.8,138.35,843.18,5.3,99.07,0.1038,26.91,14.08,25.02,100.0,880.0,19.3,healthy,0.0
fault_sensor_drift_1,476,1789844413.227409,5779.7,138.2,842.68,5.29,98.96,0.1037,26.98,14.19,24.78,100.0,885.0,19.2,healthy,0.0
fault_sensor_drift_1,477,1789844414.227409,5769.6,138.36,841.94,5.23,99.17,0.0974,26.93,14.2,24.66,100.0,890.0,19.2,healthy,0.0
fault_sensor_drift_1,478,1789844415.227409,5780.5,138.51,841.01,5.23,99.2,0.0997,26.95,14.23,25.05,100.0,895.0,19.2,healthy,0.0
fault_sensor_drift_1,479,1789844416.227409,5782.8,138.4,845.02,5.29,99.26,0.1071,26.96,14.18,25.19,100.0,900.0,19.1,healthy,0.0
fault_sensor_drift_1,480,1789844417.227409,5798.7,138.12,845.27,5.26,99.31,0.1002,26.92,14.22,25.11,100.0,905.0,19.1,healthy,0.0
fault_sensor_drift_1,481,1789844418.227409,5773.9,138.37,844.06,5.23,99.37,0.0971,26.89,14.16,24.95,100.0,910.0,19.1,healthy,0.0
fault_sensor_drift_1,482,1789844419.227409,5780.9,138.55,844.75,5.27,99.38,0.0995,27.07,14.12,24.86,100.0,915.0,19.1,healthy,0.0
fault_sensor_drift_1,483,1789844420.227409,5792.2,138.5,836.94,5.24,99.37,0.0963,27.22,14.11,24.83,100.0,920.0,19.0,healthy,0.0
fault_sensor_drift_1,484,1789844421.227409,5770.7,138.28,838.27,5.33,99.31,0.1009,27.25,14.1,24.68,100.0,925.0,19.0,healthy,0.0
fault_sensor_drift_1,485,1789844422.227409,5766.9,138.41,840.74,5.37,99.12,0.098,27.18,14.03,25.04,100.0,930.0,19.0,healthy,0.0
fault_sensor_drift_1,486,1789844423.227409,5784.9,137.99,844.16,5.39,99.05,0.0998,27.24,14.1,25.0,100.0,935.0,18.9,healthy,0.0
fault_sensor_drift_1,487,1789844424.227409,5798.0,138.23,842.7,5.4,99.33,0.1041,27.32,14.19,25.07,100.0,940.0,18.9,healthy,0.0
fault_sensor_drift_1,488,1789844425.227409,5801.1,138.49,842.24,5.37,99.41,0.1004,27.37,14.21,25.06,100.0,945.0,18.9,healthy,0.0
fault_sensor_drift_1,489,1789844426.227409,5797.1,138.67,845.34,5.4,99.59,0.1017,27.34,14.16,24.86,100.0,950.0,18.8,healthy,0.0
fault_sensor_drift_1,490,1789844427.227409,5811.5,138.39,839.31,5.39,99.69,0.1081,27.31,14.15,24.98,100.0,955.0,18.8,healthy,0.0
fault_sensor_drift_1,491,1789844428.227409,5824.8,138.53,840.37,5.34,99.71,0.1081,27.27,14.19,25.21,100.0,960.0,18.8,healthy,0.0
fault_sensor_drift_1,492,1789844429.227409,5819.6,138.55,841.34,5.38,99.73,0.1023,27.29,14.19,25.1,100.0,965.0,18.7,healthy,0.0
fault_sensor_drift_1,493,1789844430.227409,5848.1,138.35,840.7,5.33,99.75,0.1007,27.22,14.17,24.84,100.0,970.0,18.7,healthy,0.0
fault_sensor_drift_1,494,1789844431.227409,5809.4,138.43,839.12,5.37,99.78,0.1053,27.07,14.16,24.83,100.0,975.0,18.7,healthy,0.0
fault_sensor_drift_1,495,1789844432.227409,5794.7,138.64,839.3,5.29,99.92,0.114,27.02,14.19,25.19,100.0,980.0,18.6,healthy,0.0
fault_sensor_drift_1,496,1789844433.227409,5782.8,138.32,839.95,5.35,100.02,0.1073,27.02,14.05,25.1,100.0,985.0,18.6,healthy,0.0
fault_sensor_drift_1,497,1789844434.227409,5781.9,138.3,839.52,5.41,99.95,0.1058,27.23,14.14,24.89,100.0,990.0,18.6,healthy,0.0
fault_sensor_drift_1,498,1789844435.227409,5772.1,138.11,838.54,5.35,99.97,0.1024,27.16,14.12,24.79,100.0,995.0,18.5,healthy,0.0
fault_sensor_drift_1,499,1789844436.227409,5769.6,138.06,834.43,5.29,99.94,0.1023,27.1,14.16,25.04,100.0,1000.0,18.5,healthy,0.0
fault_sensor_drift_1,500,1789844437.227409,5769.7,138.18,831.07,5.3,100.02,0.1075,27.07,14.2,24.75,100.0,1005.0,18.5,healthy,0.0
fault_sensor_drift_1,501,1789844438.227409,5774.2,137.94,828.11,5.25,100.03,0.1117,27.04,14.12,24.87,100.0,1010.0,18.4,healthy,0.0
fault_sensor_drift_1,502,1789844439.227409,5803.0,137.88,830.06,5.28,99.89,0.1079,26.93,14.15,24.76,100.0,1015.0,18.4,healthy,0.0
fault_sensor_drift_1,503,1789844440.227409,5823.6,137.98,834.03,5.29,99.97,0.11,27.0,14.17,24.84,100.0,1020.0,18.4,healthy,0.0
fault_sensor_drift_1,504,1789844441.227409,5811.5,138.07,831.49,5.3,99.96,0.1107,27.11,14.29,25.07,100.0,1025.0,18.3,healthy,0.0
fault_sensor_drift_1,505,1789844442.227409,5825.3,138.19,833.54,5.25,99.97,0.1139,27.01,14.25,25.05,100.0,1030.0,18.3,healthy,0.0
fault_sensor_drift_1,506,1789844443.227409,5812.6,138.25,838.02,5.32,100.08,0.1074,27.06,14.26,25.15,100.0,1035.0,18.3,healthy,0.0
fault_sensor_drift_1,507,1789844444.227409,5798.4,138.32,836.24,5.34,99.99,0.1037,27.08,14.33,24.77,100.0,1040.0,18.2,healthy,0.0
fault_sensor_drift_1,508,1789844445.227409,5794.3,138.14,831.68,5.36,100.02,0.099,26.97,14.3,25.11,100.0,1045.0,18.2,healthy,0.0
fault_sensor_drift_1,509,1789844446.227409,5786.6,138.03,831.92,5.31,100.19,0.0973,26.92,14.36,25.5,100.0,1050.0,18.2,healthy,0.0
fault_sensor_drift_1,510,1789844447.227409,5764.9,138.08,835.25,5.23,100.25,0.1077,27.02,14.36,25.61,100.0,1055.0,18.1,healthy,0.0
fault_sensor_drift_1,511,1789844448.227409,5783.4,137.84,834.01,5.21,100.37,0.1047,27.09,14.29,25.7,100.0,1060.0,18.1,healthy,0.0
fault_sensor_drift_1,512,1789844449.227409,5763.4,137.53,830.98,5.18,100.46,0.1057,27.24,14.29,25.56,100.0,1065.0,18.1,healthy,0.0
fault_sensor_drift_1,513,1789844450.227409,5759.7,137.57,829.23,5.24,100.4,0.107,27.15,14.31,25.48,100.0,1070.0,18.0,healthy,0.0
fault_sensor_drift_1,514,1789844451.227409,5761.6,137.69,833.01,5.29,100.32,0.1081,27.14,14.34,25.51,100.0,1075.0,18.0,healthy,0.0
fault_sensor_drift_1,515,1789844452.227409,5761.3,137.57,828.55,5.3,100.42,0.1032,27.09,14.31,25.5,100.0,1080.0,18.0,healthy,0.0
fault_sensor_drift_1,516,1789844453.227409,5752.2,137.56,831.44,5.3,100.52,0.1026,26.9,14.34,25.1,100.0,1085.0,17.9,healthy,0.0
fault_sensor_drift_1,517,1789844454.227409,5750.5,137.67,836.22,5.34,100.7,0.0987,26.84,14.39,24.91,100.0,1090.0,17.9,healthy,0.0
fault_sensor_drift_1,518,1789844455.227409,5756.2,137.61,840.87,5.26,100.81,0.1007,26.94,14.37,24.87,100.0,1095.0,17.9,healthy,0.0
fault_sensor_drift_1,519,1789844456.227409,5762.9,137.62,841.56,5.13,100.92,0.1007,26.94,14.35,24.72,100.0,1100.0,17.9,healthy,0.0
fault_sensor_drift_1,520,1789844457.227409,5774.2,137.47,839.71,5.23,100.97,0.1045,26.96,14.3,24.78,100.0,1105.0,17.8,healthy,0.0
fault_sensor_drift_1,521,1789844458.227409,5788.3,137.43,834.41,5.32,101.11,0.099,26.84,14.3,24.71,100.0,1110.0,17.8,healthy,0.0
fault_sensor_drift_1,522,1789844459.227409,5767.3,137.55,839.06,5.34,101.02,0.0948,26.98,14.28,24.95,100.0,1115.0,17.8,healthy,0.0
fault_sensor_drift_1,523,1789844460.227409,5780.8,137.24,840.75,5.21,100.98,0.1015,26.93,14.31,24.92,100.0,1120.0,17.7,healthy,0.0
fault_sensor_drift_1,524,1789844461.227409,5784.1,137.38,840.3,5.25,101.07,0.1083,27.05,14.33,24.81,100.0,1125.0,17.7,healthy,0.0
fault_sensor_drift_1,525,1789844462.227409,5802.3,137.83,838.97,5.21,101.22,0.1018,27.01,14.25,24.89,100.0,1130.0,17.7,healthy,0.0
fault_sensor_drift_1,526,1789844463.227409,5788.4,137.33,835.83,5.12,101.35,0.0998,27.02,14.22,25.1,100.0,1135.0,17.6,healthy,0.0
fault_sensor_drift_1,527,1789844464.227409,5794.4,137.14,838.86,5.14,101.63,0.1041,27.17,14.22,25.05,100.0,1140.0,17.6,healthy,0.0
fault_sensor_drift_1,528,1789844465.227409,5788.5,137.35,836.2,5.12,101.67,0.1042,27.16,14.16,25.14,100.0,1145.0,17.6,healthy,0.0
fault_sensor_drift_1,529,1789844466.227409,5809.4,137.31,839.31,5.14,101.85,0.1003,27.15,14.11,24.97,100.0,1150.0,17.5,healthy,0.0
fault_sensor_drift_1,530,1789844467.227409,5820.2,137.39,838.06,5.18,101.96,0.0939,27.02,14.07,25.34,100.0,1155.0,17.5,healthy,0.0
fault_sensor_drift_1,531,1789844468.227409,5816.5,137.4,842.23,5.26,102.02,0.094,27.05,14.03,25.07,100.0,1160.0,17.5,healthy,0.0
fault_sensor_drift_1,532,1789844469.227409,5810.9,137.21,839.66,5.19,101.9,0.0986,27.13,14.06,25.33,100.0,1165.0,17.4,healthy,0.0
fault_sensor_drift_1,533,1789844470.227409,5803.7,137.31,833.52,5.21,101.93,0.0993,27.16,14.0,25.33,100.0,1170.0,17.4,healthy,0.0
fault_sensor_drift_1,534,1789844471.227409,5780.6,137.22,829.09,5.22,102.02,0.0962,27.09,14.05,25.08,100.0,1175.0,17.4,healthy,0.0
fault_sensor_drift_1,535,1789844472.227409,5795.1,137.32,822.96,5.26,102.22,0.0962,27.14,14.07,25.19,100.0,1180.0,17.3,healthy,0.0
fault_sensor_drift_1,536,1789844473.227409,5830.6,137.45,828.99,5.3,102.31,0.0911,27.13,14.11,24.91,100.0,1185.0,17.3,healthy,0.0
fault_sensor_drift_1,537,1789844474.227409,5835.1,137.53,826.5,5.34,102.19,0.0908,27.09,14.15,25.19,100.0,1190.0,17.3,healthy,0.0
fault_sensor_drift_1,538,1789844475.227409,5801.8,137.4,831.51,5.37,102.2,0.0922,27.17,14.19,25.13,100.0,1195.0,17.2,healthy,0.0
fault_sensor_drift_1,539,1789844476.227409,5821.6,137.7,829.21,5.37,102.21,0.0963,27.01,14.17,24.86,100.0,1200.0,17.2,healthy,0.0
fault_sensor_drift_1,540,1789844477.227409,5816.0,138.08,830.17,5.39,102.23,0.0872,26.82,14.1,24.69,100.0,1205.0,17.2,healthy,0.0
fault_sensor_drift_1,541,1789844478.227409,5788.0,138.15,830.53,5.39,102.08,0.1003,26.78,14.09,24.9,100.0,1210.0,17.1,healthy,0.0
fault_sensor_drift_1,542,1789844479.227409,5799.2,137.89,823.18,5.22,102.17,0.0898,26.76,14.05,25.02,100.0,1215.0,17.1,healthy,0.0
fault_sensor_drift_1,543,1789844480.227409,5812.9,138.02,820.12,5.24,102.17,0.0905,26.79,14.09,25.0,100.0,1220.0,17.1,healthy,0.0
fault_sensor_drift_1,544,1789844481.227409,5818.7,138.03,819.65,5.31,102.21,0.1031,26.74,13.97,24.89,100.0,1225.0,17.0,healthy,0.0
fault_sensor_drift_1,545,1789844482.227409,5820.9,137.76,821.28,5.27,102.28,0.1051,26.81,14.02,24.85,100.0,1230.0,17.0,healthy,0.0
fault_sensor_drift_1,546,1789844483.227409,5817.5,137.79,821.9,5.33,102.25,0.0975,26.7,14.07,25.18,100.0,1235.0,17.0,healthy,0.0
fault_sensor_drift_1,547,1789844484.227409,5829.0,137.61,824.14,5.24,102.38,0.0983,26.67,14.07,24.92,100.0,1240.0,16.9,healthy,0.0
fault_sensor_drift_1,548,1789844485.227409,5832.6,137.47,826.84,5.3,102.34,0.0979,26.64,14.0,24.95,100.0,1245.0,16.9,healthy,0.0
fault_sensor_drift_1,549,1789844486.227409,5825.3,137.5,833.32,5.26,102.37,0.0962,26.66,14.05,24.79,100.0,1250.0,16.9,healthy,0.0
fault_sensor_drift_1,550,1789844487.227409,5817.9,137.49,829.02,5.12,102.52,0.0868,26.8,14.06,24.77,100.0,1255.0,16.8,healthy,0.0
fault_sensor_drift_1,551,1789844488.227409,5819.6,137.5,827.53,5.15,102.62,0.0904,26.83,14.07,25.16,100.0,1260.0,16.8,healthy,0.0
fault_sensor_drift_1,552,1789844489.227409,5816.8,137.41,822.53,5.21,102.77,0.1028,27.13,14.11,25.2,100.0,1265.0,16.8,healthy,0.0
fault_sensor_drift_1,553,1789844490.227409,5788.9,137.75,824.97,5.27,102.86,0.0931,27.09,14.08,24.89,100.0,1270.0,16.7,healthy,0.0
fault_sensor_drift_1,554,1789844491.227409,5782.2,137.73,826.8,5.25,102.86,0.0975,27.0,14.14,25.08,100.0,1275.0,16.7,healthy,0.0
fault_sensor_drift_1,555,1789844492.227409,5784.3,137.58,826.09,5.24,102.98,0.1006,27.08,14.08,25.13,100.0,1280.0,16.7,healthy,0.0
fault_sensor_drift_1,556,1789844493.227409,5826.0,137.34,826.04,5.25,102.95,0.0996,27.07,14.1,25.0,100.0,1285.0,16.6,healthy,0.0
fault_sensor_drift_1,557,1789844494.227409,5826.3,137.14,828.65,5.27,103.04,0.099,27.0,14.07,25.09,100.0,1290.0,16.6,healthy,0.0
fault_sensor_drift_1,558,1789844495.227409,5850.6,137.37,826.08,5.28,103.17,0.1,27.12,14.09,25.06,100.0,1295.0,16.6,healthy,0.0
fault_sensor_drift_1,559,1789844496.227409,5833.4,137.22,824.95,5.31,103.5,0.1076,27.27,14.15,24.95,100.0,1300.0,16.5,healthy,0.0
fault_sensor_drift_1,560,1789844497.227409,5798.1,137.02,830.63,5.36,103.4,0.1079,27.24,14.17,24.95,100.0,1305.0,16.5,healthy,0.0
fault_sensor_drift_1,561,1789844498.227409,5826.4,136.9,832.33,5.34,103.31,0.1119,27.16,14.15,25.02,100.0,1310.0,16.5,healthy,0.0
fault_sensor_drift_1,562,1789844499.227409,5807.9,137.0,832.89,5.32,103.41,0.111,27.15,14.13,25.0,100.0,1315.0,16.5,healthy,0.0
fault_sensor_drift_1,563,1789844500.227409,5787.4,137.44,833.12,5.33,103.41,0.1006,27.1,14.08,25.47,100.0,1320.0,16.4,healthy,0.0
fault_sensor_drift_1,564,1789844501.227409,5822.5,137.45,830.61,5.27,103.55,0.1001,27.09,14.05,25.71,100.0,1325.0,16.4,healthy,0.0
fault_sensor_drift_1,565,1789844502.227409,5837.9,137.32,827.61,5.28,103.51,0.1019,27.04,14.01,25.32,100.0,1330.0,16.4,healthy,0.0
fault_sensor_drift_1,566,1789844503.227409,5848.2,137.67,827.4,5.29,103.6,0.1029,27.01,14.02,24.93,100.0,1335.0,16.3,healthy,0.0
fault_sensor_drift_1,567,1789844504.227409,5828.4,137.43,828.03,5.24,103.67,0.1021,26.86,14.0,24.66,100.0,1340.0,16.3,healthy,0.0
fault_sensor_drift_1,568,1789844505.227409,5821.7,137.52,827.29,5.17,103.78,0.1016,26.79,14.04,24.74,100.0,1345.0,16.3,healthy,0.0
fault_sensor_drift_1,569,1789844506.227409,5851.2,137.27,830.07,5.15,103.93,0.1015,26.87,14.06,24.84,100.0,1350.0,16.2,healthy,0.0
fault_sensor_drift_1,570,1789844507.227409,5837.8,137.12,835.48,5.18,103.94,0.1076,26.78,14.04,24.44,100.0,1355.0,16.2,healthy,0.0
fault_sensor_drift_1,571,1789844508.227409,5856.9,136.85,832.56,5.23,103.96,0.1041,26.8,14.02,24.63,100.0,1360.0,16.2,healthy,0.0
fault_sensor_drift_1,572,1789844509.227409,5861.1,136.97,836.57,5.26,104.07,0.1031,26.81,14.16,24.86,100.0,1365.0,16.1,healthy,0.0
fault_sensor_drift_1,573,1789844510.227409,5853.9,136.75,835.36,5.26,104.22,0.1045,26.72,14.11,25.39,100.0,1370.0,16.1,healthy,0.0
fault_sensor_drift_1,574,1789844511.227409,5861.6,136.54,834.13,5.24,104.29,0.1056,26.81,14.09,25.34,100.0,1375.0,16.1,healthy,0.0
fault_sensor_drift_1,575,1789844512.227409,5837.0,136.36,832.83,5.26,104.24,0.0986,26.93,14.09,25.52,100.0,1380.0,16.0,healthy,0.0
fault_sensor_drift_1,576,1789844513.227409,5814.5,135.93,830.98,5.24,104.34,0.0977,26.97,14.02,24.97,100.0,1385.0,16.0,healthy,0.0
fault_sensor_drift_1,577,1789844514.227409,5807.2,135.68,830.92,5.2,104.52,0.1038,27.05,14.08,25.09,100.0,1390.0,16.0,healthy,0.0
fault_sensor_drift_1,578,1789844515.227409,5827.1,136.12,831.28,5.17,104.35,0.098,26.91,14.11,25.01,100.0,1395.0,15.9,healthy,0.0
fault_sensor_drift_1,579,1789844516.227409,5813.1,136.13,830.86,5.18,104.45,0.0935,26.91,14.13,25.08,100.0,1400.0,15.9,healthy,0.0
fault_sensor_drift_1,580,1789844517.227409,5806.6,136.14,832.36,5.2,104.56,0.0908,26.87,14.2,24.88,100.0,1405.0,15.9,healthy,0.0
fault_sensor_drift_1,581,1789844518.227409,5820.6,136.21,835.13,5.2,104.51,0.0869,26.99,14.2,25.09,100.0,1410.0,15.8,healthy,0.0
fault_sensor_drift_1,582,1789844519.227409,5819.7,136.49,836.19,5.25,104.51,0.0915,26.96,14.12,24.88,100.0,1415.0,15.8,healthy,0.0
fault_sensor_drift_1,583,1789844520.227409,5826.6,136.65,836.4,5.22,104.64,0.1025,26.98,14.09,24.94,100.0,1420.0,15.8,healthy,0.0
fault_sensor_drift_1,584,1789844521.227409,5813.2,136.55,830.51,5.28,104.74,0.0996,27.07,14.05,25.11,100.0,1425.0,15.7,healthy,0.0
fault_sensor_drift_1,585,1789844522.227409,5804.8,136.25,824.77,5.28,104.8,0.1043,26.98,14.08,25.07,100.0,1430.0,15.7,healthy,0.0
fault_sensor_drift_1,586,1789844523.227409,5789.9,136.52,830.15,5.27,105.03,0.0992,26.95,14.16,25.01,100.0,1435.0,15.7,healthy,0.0
fault_sensor_drift_1,587,1789844524.227409,5761.0,136.11,827.61,5.31,104.98,0.1033,27.01,14.11,25.12,100.0,1440.0,15.6,healthy,0.0
fault_sensor_drift_1,588,1789844525.227409,5757.6,136.09,828.96,5.2,105.1,0.1079,27.09,14.1,25.26,100.0,1445.0,15.6,healthy,0.0
fault_sensor_drift_1,589,1789844526.227409,5782.7,135.95,826.11,5.22,105.06,0.115,27.02,14.21,24.86,100.0,1450.0,15.6,healthy,0.0
fault_sensor_drift_1,590,1789844527.227409,5783.2,136.06,828.5,5.13,105.15,0.1163,26.97,14.07,25.08,100.0,1455.0,15.5,healthy,0.0
fault_sensor_drift_1,591,1789844528.227409,5763.6,136.0,828.91,5.22,105.19,0.0994,26.81,14.09,25.02,100.0,1460.0,15.5,healthy,0.0
fault_sensor_drift_1,592,1789844529.227409,5796.9,136.03,828.24,5.21,105.3,0.1007,26.74,14.09,25.36,100.0,1465.0,15.5,healthy,0.0
fault_sensor_drift_1,593,1789844530.227409,5797.3,135.91,827.89,5.13,105.29,0.0922,26.91,14.14,25.0,100.0,1470.0,15.4,healthy,0.0
fault_sensor_drift_1,594,1789844531.227409,5817.0,135.82,825.72,5.09,105.35,0.0959,26.87,14.21,25.03,100.0,1475.0,15.4,healthy,0.0
fault_sensor_drift_1,595,1789844532.227409,5821.7,135.62,822.77,5.11,105.47,0.0974,26.74,14.19,25.0,100.0,1480.0,15.4,healthy,0.0
fault_sensor_drift_1,596,1789844533.227409,5803.0,135.86,825.83,5.06,105.4,0.1005,26.76,14.2,25.02,100.0,1485.0,15.3,healthy,0.0
fault_sensor_drift_1,597,1789844534.227409,5818.0,135.93,828.87,5.17,105.47,0.1122,26.78,14.17,25.26,100.0,1490.0,15.3,healthy,0.0
fault_sensor_drift_1,598,1789844535.227409,5839.6,135.76,831.91,5.22,105.4,0.1064,26.74,14.15,25.19,100.0,1495.0,15.3,healthy,0.0
fault_sensor_drift_1,599,1789844536.227409,5836.4,135.77,829.56,5.22,105.21,0.1101,26.74,14.17,25.36,100.0,1500.0,15.2,healthy,0.0
fault_sensor_drift_1,600,1789844537.227409,5297.5,135.6,816.92,4.69,105.32,0.0965,23.41,14.09,23.51,75.0,1500.0,15.2,healthy,0.0
fault_sensor_drift_1,601,1789844538.227409,5023.2,134.87,801.81,4.53,105.31,0.087,21.91,14.07,22.35,75.0,1500.0,15.2,healthy,0.0
fault_sensor_drift_1,602,1789844539.227409,4896.8,134.39,788.46,4.44,105.24,0.0777,20.89,14.09,21.24,75.0,1500.0,15.2,healthy,0.0
fault_sensor_drift_1,603,1789844540.227409,4830.8,134.15,780.0,4.39,105.41,0.0772,20.38,14.06,21.18,75.0,1500.0,15.2,healthy,0.0
fault_sensor_drift_1,604,1789844541.227409,4759.6,133.97,770.4,4.35,105.39,0.0738,20.1,14.02,20.74,75.0,1500.0,15.2,healthy,0.0
fault_sensor_drift_1,605,1789844542.227409,4762.4,133.65,763.11,4.35,105.54,0.0818,19.93,13.98,21.17,75.0,1500.0,15.2,healthy,0.0
fault_sensor_drift_1,606,1789844543.227409,4764.0,133.22,757.98,4.37,105.36,0.0798,19.86,13.99,21.17,75.0,1500.0,15.2,healthy,0.0
fault_sensor_drift_1,607,1789844544.227409,4752.5,132.82,751.08,4.32,105.24,0.0726,19.95,14.08,21.23,75.0,1500.0,15.2,healthy,0.0
fault_sensor_drift_1,608,1789844545.227409,4744.6,132.56,753.98,4.3,105.24,0.0762,20.06,14.2,21.05,75.0,1500.0,15.2,healthy,0.0
fault_sensor_drift_1,609,1789844546.227409,4695.0,132.07,749.17,4.28,105.11,0.0665,20.02,14.17,21.27,75.0,1500.0,15.2,healthy,0.0
fault_sensor_drift_1,610,1789844547.227409,4694.1,132.04,750.46,4.27,105.13,0.0698,20.07,14.1,21.27,75.0,1500.0,15.2,healthy,0.0
fault_sensor_drift_1,611,1789844548.227409,4707.5,132.04,749.69,4.21,105.26,0.0666,20.02,14.02,21.33,75.0,1500.0,15.2,healthy,0.0
fault_sensor_drift_1,612,1789844549.227409,4696.1,131.87,748.81,4.24,105.22,0.072,20.01,14.07,21.34,75.0,1500.0,15.2,healthy,0.0
fault_sensor_drift_1,613,1789844550.227409,4686.8,131.81,745.36,4.33,105.15,0.0677,20.05,14.06,21.63,75.0,1500.0,15.2,healthy,0.0
fault_sensor_drift_1,614,1789844551.227409,4702.4,131.59,751.81,4.35,105.11,0.0777,20.16,14.13,21.31,75.0,1500.0,15.2,healthy,0.0
fault_sensor_drift_1,615,1789844552.227409,4714.0,131.28,747.78,4.27,104.99,0.0708,20.12,14.14,21.07,75.0,1500.0,15.2,healthy,0.0
fault_sensor_drift_1,616,1789844553.227409,4732.1,130.81,745.32,4.24,105.04,0.0767,20.18,14.2,21.02,75.0,1500.0,15.2,healthy,0.0
fault_sensor_drift_1,617,1789844554.227409,4730.9,130.55,743.08,4.17,104.92,0.0768,20.15,14.18,21.15,75.0,1500.0,15.2,healthy,0.0
fault_sensor_drift_1,618,1789844555.227409,4727.9,130.02,741.27,4.17,105.05,0.0628,20.16,14.18,21.03,75.0,1500.0,15.2,healthy,0.0
fault_sensor_drift_1,619,1789844556.227409,4734.1,129.92,742.22,4.27,105.07,0.0575,20.15,14.19,21.2,75.0,1500.0,15.2,healthy,0.0
fault_sensor_drift_1,620,1789844557.227409,4731.3,130.03,740.53,4.26,105.0,0.0596,20.24,14.17,21.31,75.0,1500.0,15.2,healthy,0.0
fault_sensor_drift_1,621,1789844558.227409,4713.8,129.58,738.51,4.31,104.95,0.068,20.14,14.17,21.36,75.0,1500.0,15.2,healthy,0.0
fault_sensor_drift_1,622,1789844559.227409,4694.4,129.55,740.4,4.28,104.87,0.0757,20.22,14.13,21.76,75.0,1500.0,15.2,healthy,0.0
fault_sensor_drift_1,623,1789844560.227409,4702.0,129.43,743.59,4.33,104.98,0.0802,20.2,14.1,21.58,75.0,1500.0,15.2,healthy,0.0
fault_sensor_drift_1,624,1789844561.227409,4692.9,129.4,744.24,4.21,104.89,0.0851,20.36,14.11,21.32,75.0,1500.0,15.2,healthy,0.0
fault_sensor_drift_1,625,1789844562.227409,4673.1,129.42,745.38,4.24,104.81,0.071,20.4,14.03,21.39,75.0,1500.0,15.2,healthy,0.0
fault_sensor_drift_1,626,1789844563.227409,4669.3,129.25,740.81,4.3,104.69,0.0632,20.46,14.07,21.31,75.0,1500.0,15.2,healthy,0.0
fault_sensor_drift_1,627,1789844564.227409,4666.6,128.93,738.07,4.29,104.66,0.0775,20.57,13.99,21.64,75.0,1500.0,15.2,healthy,0.0
fault_sensor_drift_1,628,1789844565.227409,4660.4,128.76,738.65,4.28,104.58,0.0724,20.51,14.1,21.34,75.0,1500.0,15.2,healthy,0.0
fault_sensor_drift_1,629,1789844566.227409,4680.6,128.62,732.43,4.18,104.59,0.0676,20.37,14.16,21.29,75.0,1500.0,15.2,healthy,0.0
fault_sensor_drift_1,630,1789844567.227409,4663.7,127.99,729.56,4.21,104.66,0.0723,20.38,14.28,21.33,75.0,1500.0,15.2,healthy,0.0
fault_sensor_drift_1,631,1789844568.227409,4676.2,128.0,730.5,4.24,104.67,0.0678,20.42,14.3,21.34,75.0,1500.0,15.2,healthy,0.0
fault_sensor_drift_1,632,1789844569.227409,4687.6,128.14,728.62,4.23,104.49,0.072,20.49,14.3,21.52,75.0,1500.0,15.2,healthy,0.0
fault_sensor_drift_1,633,1789844570.227409,4696.6,127.88,727.43,4.19,104.48,0.0757,20.24,14.31,21.33,75.0,1500.0,15.2,healthy,0.0
fault_sensor_drift_1,634,1789844571.227409,4708.4,127.73,734.01,4.24,104.47,0.0702,20.28,14.2,21.21,75.0,1500.0,15.2,healthy,0.0
fault_sensor_drift_1,635,1789844572.227409,4736.5,127.6,737.78,4.29,104.49,0.0685,20.17,14.17,20.94,75.0,1500.0,15.2,healthy,0.0
fault_sensor_drift_1,636,1789844573.227409,4732.2,127.69,733.1,4.26,104.43,0.0669,20.12,14.19,20.84,75.0,1500.0,15.2,healthy,0.0
fault_sensor_drift_1,637,1789844574.227409,4730.3,127.87,735.74,4.22,104.32,0.0674,20.2,14.21,20.95,75.0,1500.0,15.2,healthy,0.0
fault_sensor_drift_1,638,1789844575.227409,4710.1,127.83,737.36,4.3,104.29,0.0749,20.18,14.3,21.38,75.0,1500.0,15.2,healthy,0.0
fault_sensor_drift_1,639,1789844576.227409,4713.0,127.78,736.25,4.34,104.28,0.0788,20.08,14.3,21.21,75.0,1500.0,15.2,healthy,0.0
fault_sensor_drift_1,640,1789844577.227409,4709.8,127.96,732.39,4.32,104.3,0.0793,20.28,14.3,20.97,75.0,1500.0,15.2,healthy,0.0
fault_sensor_drift_1,641,1789844578.227409,4720.1,127.58,733.85,4.29,104.31,0.0764,20.73,14.28,21.12,75.0,1500.0,15.2,healthy,0.0
fault_sensor_drift_1,642,1789844579.227409,4716.1,127.2,731.86,4.35,104.56,0.0743,20.42,14.28,21.37,75.0,1500.0,15.2,healthy,0.0
fault_sensor_drift_1,643,1789844580.227409,4713.4,126.79,739.26,4.34,104.49,0.0697,20.19,14.29,21.53,75.0,1500.0,15.2,healthy,0.0
fault_sensor_drift_1,644,1789844581.227409,4723.0,127.24,742.82,4.47,104.59,0.0753,20.14,14.21,21.32,75.0,1500.0,15.2,healthy,0.0
fault_sensor_drift_1,645,1789844582.227409,4723.2,127.31,741.34,4.43,104.58,0.0755,20.1,14.28,21.05,75.0,1500.0,15.2,healthy,0.0
fault_sensor_drift_1,646,1789844583.227409,4714.5,127.29,738.59,4.41,104.47,0.0802,20.16,14.25,21.33,75.0,1500.0,15.2,healthy,0.0
fault_sensor_drift_1,647,1789844584.227409,4705.0,127.74,736.95,4.4,104.57,0.0834,20.07,14.25,21.31,75.0,1500.0,15.2,healthy,0.0
fault_sensor_drift_1,648,1789844585.227409,4697.1,127.61,739.5,4.37,104.52,0.0717,20.24,14.25,20.83,75.0,1500.0,15.2,healthy,0.0
fault_sensor_drift_1,649,1789844586.227409,4701.6,127.38,743.0,4.43,104.6,0.0696,20.24,14.37,21.04,75.0,1500.0,15.2,healthy,0.0
fault_sensor_drift_1,650,1789844587.227409,4719.9,127.14,743.2,4.43,104.67,0.0722,20.25,14.28,20.8,75.0,1500.0,15.2,healthy,0.0
fault_sensor_drift_1,651,1789844588.227409,4726.2,127.14,747.65,4.48,104.54,0.0797,20.15,14.35,20.97,75.0,1500.0,15.2,healthy,0.0
fault_sensor_drift_1,652,1789844589.227409,4712.0,126.83,746.83,4.39,104.43,0.0763,20.25,14.37,21.18,75.0,1500.0,15.2,healthy,0.0
fault_sensor_drift_1,653,1789844590.227409,4715.5,127.05,753.16,4.33,104.68,0.0668,20.2,14.35,21.28,75.0,1500.0,15.2,healthy,0.0
fault_sensor_drift_1,654,1789844591.227409,4715.4,127.0,752.62,4.33,104.49,0.0758,20.28,14.31,20.75,75.0,1500.0,15.2,healthy,0.0
fault_sensor_drift_1,655,1789844592.227409,4709.9,126.95,757.53,4.31,104.44,0.0703,20.07,14.27,21.1,75.0,1500.0,15.2,healthy,0.0
fault_sensor_drift_1,656,1789844593.227409,4698.4,126.99,754.3,4.34,104.37,0.0648,20.21,14.29,21.33,75.0,1500.0,15.2,healthy,0.0
fault_sensor_drift_1,657,1789844594.227409,4709.6,126.88,753.38,4.39,104.31,0.0678,20.18,14.33,21.31,75.0,1500.0,15.2,healthy,0.0
fault_sensor_drift_1,658,1789844595.227409,4704.0,126.84,746.92,4.35,104.32,0.0694,20.38,14.39,21.29,75.0,1500.0,15.2,healthy,0.0
fault_sensor_drift_1,659,1789844596.227409,4698.0,126.88,740.9,4.33,104.33,0.0689,20.35,14.35,21.33,75.0,1500.0,15.2,healthy,0.0
fault_sensor_drift_1,660,1789844597.227409,4679.7,126.91,743.19,4.33,104.21,0.0711,20.3,14.33,21.18,75.0,1500.0,15.2,healthy,0.0
fault_sensor_drift_1,661,1789844598.227409,4683.3,126.81,743.73,4.3,104.28,0.078,20.23,14.38,21.5,75.0,1500.0,15.2,healthy,0.0
fault_sensor_drift_1,662,1789844599.227409,4703.9,126.75,739.54,4.23,104.28,0.0678,20.11,14.39,21.45,75.0,1500.0,15.2,healthy,0.0
fault_sensor_drift_1,663,1789844600.227409,4706.6,126.68,742.71,4.38,104.21,0.0714,20.21,14.38,20.98,75.0,1500.0,15.2,healthy,0.0
fault_sensor_drift_1,664,1789844601.227409,4688.0,126.66,738.94,4.33,104.18,0.0686,20.24,14.4,21.15,75.0,1500.0,15.2,healthy,0.0
fault_sensor_drift_1,665,1789844602.227409,4716.4,127.06,733.05,4.25,104.21,0.0633,20.07,14.43,21.05,75.0,1500.0,15.2,healthy,0.0
fault_sensor_drift_1,666,1789844603.227409,4726.0,126.99,734.4,4.32,104.1,0.0643,20.15,14.46,21.35,75.0,1500.0,15.2,healthy,0.0
fault_sensor_drift_1,667,1789844604.227409,4716.9,127.26,731.79,4.35,104.17,0.0606,20.03,14.53,21.16,75.0,1500.0,15.2,healthy,0.0
fault_sensor_drift_1,668,1789844605.227409,4712.8,127.17,734.77,4.35,104.31,0.0609,20.09,14.53,21.1,75.0,1500.0,15.2,healthy,0.0
fault_sensor_drift_1,669,1789844606.227409,4708.2,127.08,731.45,4.35,104.33,0.0652,20.19,14.47,21.5,75.0,1500.0,15.2,healthy,0.0
fault_sensor_drift_1,670,1789844607.227409,4703.6,127.14,738.66,4.28,104.38,0.0669,20.32,14.43,21.26,75.0,1500.0,15.2,healthy,0.0
fault_sensor_drift_1,671,1789844608.227409,4678.0,127.24,734.4,4.22,104.53,0.0679,20.28,14.49,21.11,75.0,1500.0,15.2,healthy,0.0
fault_sensor_drift_1,672,1789844609.227409,4667.6,127.25,739.76,4.25,104.28,0.076,20.39,14.51,21.35,75.0,1500.0,15.2,healthy,0.0
fault_sensor_drift_1,673,1789844610.227409,4688.3,127.19,738.9,4.22,104.28,0.0776,20.4,14.47,21.16,75.0,1500.0,15.2,healthy,0.0
fault_sensor_drift_1,674,1789844611.227409,4727.3,127.25,738.35,4.38,104.39,0.0861,20.39,14.55,21.27,75.0,1500.0,15.2,healthy,0.0
fault_sensor_drift_1,675,1789844612.227409,4707.5,127.05,744.47,4.42,104.22,0.077,20.45,14.57,21.12,75.0,1500.0,15.2,healthy,0.0
fault_sensor_drift_1,676,1789844613.227409,4703.0,126.9,742.47,4.39,104.18,0.0765,20.41,14.44,21.11,75.0,1500.0,15.2,healthy,0.0
fault_sensor_drift_1,677,1789844614.227409,4716.5,126.46,741.66,4.38,104.29,0.0764,20.33,14.52,20.91,75.0,1500.0,15.2,healthy,0.0
fault_sensor_drift_1,678,1789844615.227409,4701.9,126.52,742.29,4.31,104.34,0.0787,20.3,14.43,20.84,75.0,1500.0,15.2,healthy,0.0
fault_sensor_drift_1,679,1789844616.227409,4686.5,126.46,746.08,4.32,104.45,0.0781,20.35,14.39,21.36,75.0,1500.0,15.2,healthy,0.0
fault_sensor_drift_1,680,1789844617.227409,4677.9,126.35,743.24,4.31,104.71,0.08,20.21,14.38,21.63,75.0,1500.0,15.2,healthy,0.0
fault_sensor_drift_1,681,1789844618.227409,4688.5,126.23,744.96,4.22,104.61,0.0817,20.13,14.42,21.55,75.0,1500.0,15.2,healthy,0.0
fault_sensor_drift_1,682,1789844619.227409,4676.8,126.35,741.51,4.19,104.82,0.0781,20.13,14.47,21.39,75.0,1500.0,15.2,healthy,0.0
fault_sensor_drift_1,683,1789844620.227409,4710.4,126.66,737.65,4.19,104.67,0.0661,20.19,14.42,21.37,75.0,1500.0,15.2,healthy,0.0
fault_sensor_drift_1,684,1789844621.227409,4679.6,126.58,737.57,4.26,104.7,0.0752,20.24,14.41,21.39,75.0,1500.0,15.2,healthy,0.0
fault_sensor_drift_1,685,1789844622.227409,4695.8,126.65,739.97,4.25,104.79,0.0751,20.17,14.38,21.69,75.0,1500.0,15.2,healthy,0.0
fault_sensor_drift_1,686,1789844623.227409,4696.0,126.3,742.13,4.2,104.87,0.0774,20.17,14.38,21.34,75.0,1500.0,15.2,healthy,0.0
fault_sensor_drift_1,687,1789844624.227409,4695.3,126.61,741.6,4.26,104.82,0.0852,20.11,14.33,20.99,75.0,1500.0,15.2,healthy,0.0
fault_sensor_drift_1,688,1789844625.227409,4696.7,126.25,737.36,4.32,104.79,0.0779,20.27,14.27,21.3,75.0,1500.0,15.2,healthy,0.0
fault_sensor_drift_1,689,1789844626.227409,4686.3,126.28,738.54,4.4,104.81,0.0734,20.38,14.26,21.49,75.0,1500.0,15.2,healthy,0.0
fault_sensor_drift_1,690,1789844627.227409,4690.6,126.28,737.5,4.36,104.62,0.0713,20.44,14.14,21.15,75.0,1500.0,15.2,healthy,0.0
fault_sensor_drift_1,691,1789844628.227409,4678.7,126.21,738.51,4.35,104.69,0.0706,20.57,14.11,21.23,75.0,1500.0,15.2,healthy,0.0
fault_sensor_drift_1,692,1789844629.227409,4688.8,126.18,737.33,4.42,104.63,0.0711,20.67,14.11,20.92,75.0,1500.0,15.2,healthy,0.0
fault_sensor_drift_1,693,1789844630.227409,4691.0,125.85,733.57,4.4,104.35,0.0696,20.66,14.07,20.98,75.0,1500.0,15.2,healthy,0.0
fault_sensor_drift_1,694,1789844631.227409,4688.7,125.88,736.31,4.43,104.42,0.0704,20.46,14.17,20.94,75.0,1500.0,15.2,healthy,0.0
fault_sensor_drift_1,695,1789844632.227409,4693.5,125.99,735.38,4.27,104.49,0.0686,20.43,14.15,21.09,75.0,1500.0,15.2,healthy,0.0
fault_sensor_drift_1,696,1789844633.227409,4680.3,126.28,734.48,4.2,104.41,0.0668,20.38,14.1,21.11,75.0,1500.0,15.2,healthy,0.0
fault_sensor_drift_1,697,1789844634.227409,4701.4,126.26,733.16,4.22,104.44,0.0679,20.39,14.19,20.98,75.0,1500.0,15.2,healthy,0.0
fault_sensor_drift_1,698,1789844635.227409,4710.9,126.31,736.17,4.15,104.34,0.061,20.45,14.23,21.43,75.0,1500.0,15.2,healthy,0.0
fault_sensor_drift_1,699,1789844636.227409,4709.8,125.97,734.32,4.16,104.4,0.0651,20.48,14.29,21.07,75.0,1500.0,15.2,healthy,0.0
fault_sensor_drift_1,700,1789844637.227409,4744.1,126.05,734.96,4.35,104.31,0.0682,20.54,14.2,21.12,75.0,1500.0,15.2,healthy,0.0
fault_sensor_drift_1,701,1789844638.227409,4757.9,126.41,733.32,4.37,104.35,0.0755,20.47,14.23,21.26,75.0,1500.0,15.2,healthy,0.0
fault_sensor_drift_1,702,1789844639.227409,4729.1,126.11,732.68,4.38,104.51,0.0794,20.44,14.18,21.67,75.0,1500.0,15.2,healthy,0.0
fault_sensor_drift_1,703,1789844640.227409,4705.8,126.19,729.51,4.4,104.49,0.0777,20.56,14.08,21.54,75.0,1500.0,15.2,healthy,0.0
fault_sensor_drift_1,704,1789844641.227409,4693.0,126.18,732.54,4.37,104.43,0.0794,20.34,14.1,21.56,75.0,1500.0,15.2,healthy,0.0
fault_sensor_drift_1,705,1789844642.227409,4724.6,126.37,735.52,4.36,104.43,0.0741,20.22,14.11,21.49,75.0,1500.0,15.2,healthy,0.0
fault_sensor_drift_1,706,1789844643.227409,4700.7,126.43,736.47,4.39,104.46,0.0712,20.23,14.18,21.34,75.0,1500.0,15.2,healthy,0.0
fault_sensor_drift_1,707,1789844644.227409,4714.3,126.53,736.4,4.38,104.47,0.0728,20.14,14.21,20.9,75.0,1500.0,15.2,healthy,0.0
fault_sensor_drift_1,708,1789844645.227409,4700.1,126.52,736.39,4.46,104.46,0.0727,20.21,14.15,21.14,75.0,1500.0,15.2,healthy,0.0
fault_sensor_drift_1,709,1789844646.227409,4680.6,126.66,738.67,4.37,104.28,0.0711,20.25,14.21,21.23,75.0,1500.0,15.2,healthy,0.0
fault_sensor_drift_1,710,1789844647.227409,4676.8,126.82,735.58,4.36,104.27,0.0714,20.27,14.15,21.33,75.0,1500.0,15.2,healthy,0.0
fault_sensor_drift_1,711,1789844648.227409,4679.7,127.05,731.77,4.34,104.1,0.0659,20.21,14.15,20.94,75.0,1500.0,15.2,healthy,0.0
fault_sensor_drift_1,712,1789844649.227409,4662.0,127.05,728.79,4.36,104.23,0.0746,20.27,14.15,20.91,75.0,1500.0,15.2,healthy,0.0
fault_sensor_drift_1,713,1789844650.227409,4677.8,127.17,734.51,4.31,104.31,0.0716,20.35,14.15,20.84,75.0,1500.0,15.2,healthy,0.0
fault_sensor_drift_1,714,1789844651.227409,4676.7,127.07,736.57,4.32,104.1,0.0719,20.36,14.13,20.96,75.0,1500.0,15.2,healthy,0.0
fault_sensor_drift_1,715,1789844652.227409,4667.8,126.83,738.73,4.29,104.23,0.0819,20.34,14.08,21.17,75.0,1500.0,15.2,healthy,0.0
fault_sensor_drift_1,716,1789844653.227409,4682.0,126.9,736.56,4.33,104.29,0.0732,20.37,14.06,21.29,75.0,1500.0,15.2,healthy,0.0
fault_sensor_drift_1,717,1789844654.227409,4674.2,126.68,730.16,4.36,104.36,0.0749,20.14,14.17,21.26,75.0,1500.0,15.2,healthy,0.0
fault_sensor_drift_1,718,1789844655.227409,4669.6,126.69,732.98,4.34,104.24,0.0652,20.16,14.23,21.03,75.0,1500.0,15.2,healthy,0.0
fault_sensor_drift_1,719,1789844656.227409,4688.4,126.9,729.31,4.32,104.55,0.0726,20.18,14.34,21.54,75.0,1500.0,15.2,healthy,0.0
fault_sensor_drift_1,720,1789844657.227409,4706.8,126.84,731.75,4.32,104.58,0.0674,20.08,14.32,21.66,75.0,1500.0,15.2,healthy,0.0
fault_sensor_drift_1,721,1789844658.227409,4737.2,126.93,734.26,4.26,104.63,0.0666,20.0,14.3,21.29,75.0,1500.0,15.2,healthy,0.0
fault_sensor_drift_1,722,1789844659.227409,4733.9,126.97,733.77,4.28,104.5,0.0712,20.06,14.27,20.94,75.0,1500.0,15.2,healthy,0.0
fault_sensor_drift_1,723,1789844660.227409,4698.7,127.29,736.67,4.33,104.35,0.0726,20.19,14.31,21.04,75.0,1500.0,15.2,healthy,0.0
fault_sensor_drift_1,724,1789844661.227409,4671.0,127.36,736.24,4.3,104.42,0.0794,20.25,14.26,21.12,75.0,1500.0,15.2,healthy,0.0
fault_sensor_drift_1,725,1789844662.227409,4687.7,127.57,733.46,4.32,104.55,0.0754,20.37,14.26,21.66,75.0,1500.0,15.2,healthy,0.0
fault_sensor_drift_1,726,1789844663.227409,4668.2,127.6,731.62,4.29,104.46,0.0695,20.37,14.19,21.27,75.0,1500.0,15.2,healthy,0.0
fault_sensor_drift_1,727,1789844664.227409,4660.0,127.06,733.06,4.28,104.49,0.0767,20.36,14.12,21.23,75.0,1500.0,15.2,healthy,0.0
fault_sensor_drift_1,728,1789844665.227409,4666.1,126.93,736.79,4.31,104.43,0.0786,20.28,14.15,21.17,75.0,1500.0,15.2,healthy,0.0
fault_sensor_drift_1,729,1789844666.227409,4684.3,127.07,741.37,4.31,104.46,0.0802,20.18,14.17,21.37,75.0,1500.0,15.2,healthy,0.0
fault_sensor_drift_1,730,1789844667.227409,4695.5,127.03,738.76,4.25,104.47,0.083,20.17,14.22,21.23,75.0,1500.0,15.2,healthy,0.0
fault_sensor_drift_1,731,1789844668.227409,4677.3,127.48,739.9,4.29,104.26,0.084,20.09,14.13,21.33,75.0,1500.0,15.2,healthy,0.0
fault_sensor_drift_1,732,1789844669.227409,4664.2,127.12,744.28,4.27,104.38,0.0812,20.28,14.25,21.59,75.0,1500.0,15.2,healthy,0.0
fault_sensor_drift_1,733,1789844670.227409,4710.0,127.39,742.06,4.3,104.44,0.0709,20.37,14.25,21.31,75.0,1500.0,15.2,healthy,0.0
fault_sensor_drift_1,734,1789844671.227409,4699.8,127.37,737.15,4.28,104.45,0.0721,20.22,14.32,21.33,75.0,1500.0,15.2,healthy,0.0
fault_sensor_drift_1,735,1789844672.227409,4655.9,127.29,740.66,4.18,104.35,0.0688,20.2,14.29,21.34,75.0,1500.0,15.2,healthy,0.0
fault_sensor_drift_1,736,1789844673.227409,4659.0,127.23,735.87,4.08,104.37,0.0774,20.25,14.23,21.08,75.0,1500.0,15.2,healthy,0.0
fault_sensor_drift_1,737,1789844674.227409,4688.4,127.35,736.98,4.18,104.22,0.079,20.22,14.26,20.96,75.0,1500.0,15.2,healthy,0.0
fault_sensor_drift_1,738,1789844675.227409,4724.5,127.32,739.47,4.27,104.27,0.0724,20.32,14.17,20.58,75.0,1500.0,15.2,healthy,0.0
fault_sensor_drift_1,739,1789844676.227409,4729.6,126.96,736.84,4.27,104.37,0.064,20.4,14.21,21.01,75.0,1500.0,15.2,healthy,0.0
fault_sensor_drift_1,740,1789844677.227409,4734.9,126.68,735.39,4.33,104.48,0.0639,20.25,14.26,21.34,75.0,1500.0,15.2,healthy,0.0
fault_sensor_drift_1,741,1789844678.227409,4729.1,126.72,739.52,4.27,104.58,0.0792,20.36,14.35,21.42,75.0,1500.0,15.2,healthy,0.0
fault_sensor_drift_1,742,1789844679.227409,4719.7,126.21,739.3,4.33,104.54,0.078,20.26,14.32,21.33,75.0,1500.0,15.2,healthy,0.0
fault_sensor_drift_1,743,1789844680.227409,4732.8,126.51,735.69,4.32,104.47,0.079,20.32,14.29,21.15,75.0,1500.0,15.2,healthy,0.0
fault_sensor_drift_1,744,1789844681.227409,4730.1,126.79,732.34,4.31,104.31,0.0781,20.44,14.32,21.49,75.0,1500.0,15.2,healthy,0.0
fault_sensor_drift_1,745,1789844682.227409,4699.5,126.64,733.47,4.4,104.19,0.0706,20.53,14.38,21.44,75.0,1500.0,15.2,healthy,0.0
fault_sensor_drift_1,746,1789844683.227409,4698.4,126.51,729.68,4.44,104.21,0.072,20.22,14.36,21.39,75.0,1500.0,15.2,healthy,0.0
fault_sensor_drift_1,747,1789844684.227409,4677.0,126.47,730.24,4.49,104.33,0.0773,20.16,14.34,21.66,75.0,1500.0,15.2,healthy,0.0
fault_sensor_drift_1,748,1789844685.227409,4663.8,126.21,729.06,4.49,104.5,0.0803,20.2,14.36,21.34,75.0,1500.0,15.2,healthy,0.0
fault_sensor_drift_1,749,1789844686.227409,4689.4,126.45,731.71,4.49,104.42,0.074,20.11,14.36,21.42,75.0,1500.0,15.2,healthy,0.0
fault_sensor_drift_1,750,1789844687.227409,4682.5,126.36,739.94,4.39,104.24,0.085,20.05,14.26,21.54,75.0,1500.0,15.2,healthy,0.0
fault_sensor_drift_1,751,1789844688.227409,4679.9,126.42,740.49,4.38,104.34,0.0794,19.99,14.29,21.74,75.0,1500.0,15.2,healthy,0.0
fault_sensor_drift_1,752,1789844689.227409,4699.6,126.53,741.45,4.39,104.57,0.0786,20.08,14.36,21.33,75.0,1500.0,15.2,healthy,0.0
fault_sensor_drift_1,753,1789844690.227409,4711.4,126.74,737.65,4.46,104.49,0.0781,20.08,14.43,20.85,75.0,1500.0,15.2,healthy,0.0
fault_sensor_drift_1,754,1789844691.227409,4722.3,126.58,737.66,4.37,104.37,0.0838,20.11,14.32,20.83,75.0,1500.0,15.2,healthy,0.0
fault_sensor_drift_1,755,1789844692.227409,4725.2,126.84,733.54,4.37,104.41,0.0822,20.05,14.34,20.77,75.0,1500.0,15.2,healthy,0.0
fault_sensor_drift_1,756,1789844693.227409,4703.3,126.81,737.48,4.31,104.4,0.0845,20.0,14.35,20.7,75.0,1500.0,15.2,healthy,0.0
fault_sensor_drift_1,757,1789844694.227409,4712.2,126.7,742.4,4.33,104.42,0.0786,20.15,14.36,20.75,75.0,1500.0,15.2,healthy,0.0
fault_sensor_drift_1,758,1789844695.227409,4716.0,126.48,744.57,4.33,104.31,0.0624,20.09,14.36,20.89,75.0,1500.0,15.2,healthy,0.0
fault_sensor_drift_1,759,1789844696.227409,4719.0,126.55,744.02,4.37,104.34,0.0771,20.11,14.35,21.26,75.0,1500.0,15.2,healthy,0.0
fault_sensor_drift_1,760,1789844697.227409,4703.2,127.06,743.11,4.3,104.62,0.0698,20.34,14.35,20.92,75.0,1500.0,15.2,healthy,0.0
fault_sensor_drift_1,761,1789844698.227409,4680.2,126.95,738.54,4.33,104.77,0.0728,20.22,14.36,21.24,75.0,1500.0,15.2,healthy,0.0
fault_sensor_drift_1,762,1789844699.227409,4714.3,126.57,738.71,4.29,104.72,0.0694,20.21,14.38,21.38,75.0,1500.0,15.2,healthy,0.0
fault_sensor_drift_1,763,1789844700.227409,4721.2,126.38,740.06,4.3,104.79,0.0676,20.44,14.42,21.13,75.0,1500.0,15.2,healthy,0.0
fault_sensor_drift_1,764,1789844701.227409,4735.4,126.24,745.44,4.32,104.78,0.0656,20.42,14.4,20.87,75.0,1500.0,15.2,healthy,0.0
fault_sensor_drift_1,765,1789844702.227409,4720.7,126.54,742.31,4.26,104.83,0.0784,20.32,14.36,21.33,75.0,1500.0,15.2,healthy,0.0
fault_sensor_drift_1,766,1789844703.227409,4703.9,126.53,737.94,4.29,104.76,0.0714,20.26,14.36,20.95,75.0,1500.0,15.2,healthy,0.0
fault_sensor_drift_1,767,1789844704.227409,4697.6,126.73,738.4,4.24,104.78,0.0733,20.29,14.32,20.72,75.0,1500.0,15.2,healthy,0.0
fault_sensor_drift_1,768,1789844705.227409,4698.1,126.53,739.57,4.3,104.69,0.0793,20.38,14.27,21.02,75.0,1500.0,15.2,healthy,0.0
fault_sensor_drift_1,769,1789844706.227409,4706.1,126.7,739.16,4.24,104.49,0.0803,20.37,14.19,21.06,75.0,1500.0,15.2,healthy,0.0
fault_sensor_drift_1,770,1789844707.227409,4707.1,126.75,739.05,4.3,104.49,0.0718,20.36,14.16,20.87,75.0,1500.0,15.2,healthy,0.0
fault_sensor_drift_1,771,1789844708.227409,4714.1,126.96,736.67,4.25,104.46,0.0579,20.15,14.1,21.05,75.0,1500.0,15.2,healthy,0.0
fault_sensor_drift_1,772,1789844709.227409,4729.8,126.7,740.27,4.25,104.47,0.0665,20.08,14.07,21.1,75.0,1500.0,15.2,healthy,0.0
fault_sensor_drift_1,773,1789844710.227409,4729.7,126.81,740.26,4.2,104.38,0.0663,20.03,14.13,21.14,75.0,1500.0,15.2,healthy,0.0
fault_sensor_drift_1,774,1789844711.227409,4711.0,126.49,739.47,4.23,104.37,0.0581,20.15,14.15,21.01,75.0,1500.0,15.2,healthy,0.0
fault_sensor_drift_1,775,1789844712.227409,4706.8,126.58,733.02,4.29,104.4,0.0657,20.3,14.12,21.18,75.0,1500.0,15.2,healthy,0.0
fault_sensor_drift_1,776,1789844713.227409,4707.6,126.68,733.46,4.29,104.27,0.0693,20.22,14.11,21.08,75.0,1500.0,15.2,healthy,0.0
fault_sensor_drift_1,777,1789844714.227409,4697.1,126.96,738.07,4.31,104.31,0.0658,19.94,14.11,21.15,75.0,1500.0,15.2,healthy,0.0
fault_sensor_drift_1,778,1789844715.227409,4696.1,126.92,737.32,4.33,104.52,0.0751,20.21,14.14,21.1,75.0,1500.0,15.2,healthy,0.0
fault_sensor_drift_1,779,1789844716.227409,4701.6,126.7,738.04,4.41,104.47,0.0746,20.25,14.18,21.09,75.0,1500.0,15.2,healthy,0.0
fault_sensor_drift_1,780,1789844717.227409,4703.6,126.26,738.5,4.41,104.41,0.0767,20.11,14.22,21.32,75.0,1500.0,15.2,healthy,0.0
fault_sensor_drift_1,781,1789844718.227409,4712.3,126.44,743.52,4.39,104.34,0.0757,20.27,14.27,21.65,75.0,1500.0,15.2,healthy,0.0
fault_sensor_drift_1,782,1789844719.227409,4705.5,126.39,745.15,4.38,104.37,0.0743,20.22,14.31,21.37,75.0,1500.0,15.2,healthy,0.0
fault_sensor_drift_1,783,1789844720.227409,4697.6,126.72,747.36,4.39,104.22,0.0749,20.22,14.23,20.88,75.0,1500.0,15.2,healthy,0.0
fault_sensor_drift_1,784,1789844721.227409,4710.4,126.72,742.86,4.35,104.3,0.0743,20.17,14.22,21.3,75.0,1500.0,15.2,healthy,0.0
fault_sensor_drift_1,785,1789844722.227409,4695.6,126.54,744.81,4.27,104.17,0.0798,20.17,14.13,20.92,75.0,1500.0,15.2,healthy,0.0
fault_sensor_drift_1,786,1789844723.227409,4673.7,126.69,751.31,4.31,104.1,0.0776,20.39,14.08,21.13,75.0,1500.0,15.2,healthy,0.0
fault_sensor_drift_1,787,1789844724.227409,4668.6,126.79,742.36,4.32,104.03,0.0798,20.63,14.02,21.11,75.0,1500.0,15.2,healthy,0.0
fault_sensor_drift_1,788,1789844725.227409,4685.5,126.74,739.5,4.38,104.19,0.0796,20.54,13.93,20.89,75.0,1500.0,15.2,healthy,0.0
fault_sensor_drift_1,789,1789844726.227409,4680.1,126.8,738.15,4.44,104.23,0.0782,20.41,13.98,21.2,75.0,1500.0,15.2,healthy,0.0
fault_sensor_drift_1,790,1789844727.227409,4699.7,126.99,739.06,4.43,104.17,0.0801,20.35,13.97,21.3,75.0,1500.0,15.2,healthy,0.0
fault_sensor_drift_1,791,1789844728.227409,4668.5,127.16,738.25,4.43,104.24,0.0766,20.4,13.98,21.16,75.0,1500.0,15.2,healthy,0.0
fault_sensor_drift_1,792,1789844729.227409,4687.3,127.18,741.18,4.46,104.35,0.0825,20.25,14.02,20.65,75.0,1500.0,15.2,healthy,0.0
fault_sensor_drift_1,793,1789844730.227409,4685.4,126.93,735.87,4.41,104.31,0.0831,20.43,14.04,20.54,75.0,1500.0,15.2,healthy,0.0
fault_sensor_drift_1,794,1789844731.227409,4680.3,127.34,734.74,4.44,104.39,0.0901,20.41,14.11,20.57,75.0,1500.0,15.2,healthy,0.0
fault_sensor_drift_1,795,1789844732.227409,4685.3,127.28,741.43,4.44,104.32,0.0832,20.23,14.13,20.77,75.0,1500.0,15.2,healthy,0.0
fault_sensor_drift_1,796,1789844733.227409,4666.6,127.45,743.43,4.31,104.32,0.0755,20.09,14.13,20.96,75.0,1500.0,15.2,healthy,0.0
fault_sensor_drift_1,797,1789844734.227409,4640.4,127.45,740.94,4.4,104.32,0.0754,20.14,14.15,20.97,75.0,1500.0,15.2,healthy,0.0
fault_sensor_drift_1,798,1789844735.227409,4636.9,127.51,739.94,4.34,104.26,0.0771,20.23,14.16,21.06,75.0,1500.0,15.2,healthy,0.0
fault_sensor_drift_1,799,1789844736.227409,4679.8,127.45,735.97,4.32,104.37,0.0787,20.34,14.15,21.31,75.0,1500.0,15.2,healthy,0.0
fault_sensor_drift_1,800,1789844737.227409,4683.5,127.4,741.35,4.26,104.35,0.0728,20.55,14.14,21.3,75.0,1500.0,15.2,healthy,0.0
fault_sensor_drift_1,801,1789844738.227409,4694.5,127.37,736.83,4.39,104.36,0.0745,20.44,14.19,21.1,75.0,1500.0,15.2,healthy,0.0
fault_sensor_drift_1,802,1789844739.227409,4684.0,127.41,739.77,4.3,104.55,0.0705,20.42,14.14,21.3,75.0,1500.0,15.2,healthy,0.0
fault_sensor_drift_1,803,1789844740.227409,4690.7,127.43,742.58,4.23,104.77,0.0662,20.31,14.12,21.29,75.0,1500.0,15.2,healthy,0.0
fault_sensor_drift_1,804,1789844741.227409,4664.5,127.33,741.22,4.23,104.7,0.0683,20.26,14.18,21.25,75.0,1500.0,15.2,healthy,0.0
fault_sensor_drift_1,805,1789844742.227409,4676.2,127.12,745.96,4.31,104.61,0.074,20.24,14.16,21.24,75.0,1500.0,15.2,healthy,0.0
fault_sensor_drift_1,806,1789844743.227409,4685.9,126.96,741.99,4.32,104.61,0.0715,20.25,14.21,21.16,75.0,1500.0,15.2,healthy,0.0
fault_sensor_drift_1,807,1789844744.227409,4699.0,126.8,742.23,4.3,104.61,0.0708,20.46,14.21,21.32,75.0,1500.0,15.2,healthy,0.0
fault_sensor_drift_1,808,1789844745.227409,4679.5,126.84,738.51,4.31,104.7,0.0695,20.28,14.21,21.15,75.0,1500.0,15.2,healthy,0.0
fault_sensor_drift_1,809,1789844746.227409,4687.6,126.86,738.5,4.39,104.76,0.0739,20.23,14.18,21.32,75.0,1500.0,15.2,healthy,0.0
fault_sensor_drift_1,810,1789844747.227409,4681.4,126.61,735.7,4.41,104.63,0.074,20.17,14.18,21.08,75.0,1500.0,15.2,healthy,0.0
fault_sensor_drift_1,811,1789844748.227409,4688.7,126.51,732.58,4.42,104.55,0.0721,20.26,14.17,21.1,75.0,1500.0,15.2,healthy,0.0
fault_sensor_drift_1,812,1789844749.227409,4701.5,126.64,736.69,4.3,104.44,0.0647,20.1,14.17,20.76,75.0,1500.0,15.2,healthy,0.0
fault_sensor_drift_1,813,1789844750.227409,4682.9,127.0,739.54,4.31,104.56,0.0685,20.1,14.1,21.03,75.0,1500.0,15.2,healthy,0.0
fault_sensor_drift_1,814,1789844751.227409,4690.0,126.62,744.61,4.35,104.53,0.0699,20.34,14.11,21.07,75.0,1500.0,15.2,healthy,0.0
fault_sensor_drift_1,815,1789844752.227409,4700.6,126.56,743.48,4.24,104.49,0.0678,20.29,14.14,21.11,75.0,1500.0,15.2,healthy,0.0
fault_sensor_drift_1,816,1789844753.227409,4699.8,126.78,743.32,4.34,104.57,0.0715,20.16,14.15,21.2,75.0,1500.0,15.2,healthy,0.0
fault_sensor_drift_1,817,1789844754.227409,4688.0,126.69,746.01,4.29,104.45,0.0797,20.15,14.24,20.83,75.0,1500.0,15.2,healthy,0.0
fault_sensor_drift_1,818,1789844755.227409,4696.8,126.93,748.63,4.33,104.47,0.0778,20.32,14.24,21.17,75.0,1500.0,15.2,healthy,0.0
fault_sensor_drift_1,819,1789844756.227409,4689.9,126.53,753.5,4.45,104.31,0.0714,20.1,14.16,21.11,75.0,1500.0,15.2,healthy,0.0
fault_sensor_drift_1,820,1789844757.227409,4661.8,126.69,752.17,4.38,104.39,0.0706,20.29,14.13,21.09,75.0,1500.0,15.2,healthy,0.0
fault_sensor_drift_1,821,1789844758.227409,4643.3,126.89,753.82,4.41,104.3,0.0706,20.28,14.15,21.51,75.0,1500.0,15.2,healthy,0.0
fault_sensor_drift_1,822,1789844759.227409,4645.9,127.17,752.8,4.34,104.35,0.0738,20.3,14.22,21.3,75.0,1500.0,15.2,healthy,0.0
fault_sensor_drift_1,823,1789844760.227409,4671.5,126.72,749.07,4.31,104.5,0.0707,20.44,14.22,20.9,75.0,1500.0,15.2,healthy,0.0
fault_sensor_drift_1,824,1789844761.227409,4667.7,126.49,749.55,4.41,104.53,0.0679,20.29,14.22,21.11,75.0,1500.0,15.2,healthy,0.0
fault_sensor_drift_1,825,1789844762.227409,4654.1,126.44,747.74,4.36,104.54,0.074,20.14,14.16,21.42,75.0,1500.0,15.2,healthy,0.0
fault_sensor_drift_1,826,1789844763.227409,4690.0,126.3,745.55,4.33,104.48,0.0724,20.23,14.11,21.07,75.0,1500.0,15.2,healthy,0.0
fault_sensor_drift_1,827,1789844764.227409,4730.3,126.17,742.15,4.32,104.58,0.0687,20.07,14.13,21.27,75.0,1500.0,15.2,healthy,0.0
fault_sensor_drift_1,828,1789844765.227409,4727.9,126.27,743.68,4.45,104.59,0.0713,20.01,14.02,21.28,75.0,1500.0,15.2,healthy,0.0
fault_sensor_drift_1,829,1789844766.227409,4713.6,125.89,737.78,4.4,104.49,0.0795,20.12,14.06,21.53,75.0,1500.0,15.2,healthy,0.0
fault_sensor_drift_1,830,1789844767.227409,4699.9,125.98,739.33,4.36,104.53,0.0797,20.23,14.08,21.34,75.0,1500.0,15.2,healthy,0.0
fault_sensor_drift_1,831,1789844768.227409,4696.7,126.36,740.4,4.35,104.36,0.0752,20.28,14.13,21.39,75.0,1500.0,15.2,healthy,0.0
fault_sensor_drift_1,832,1789844769.227409,4688.1,126.4,742.34,4.39,104.37,0.0702,20.21,14.13,21.47,75.0,1500.0,15.2,healthy,0.0
fault_sensor_drift_1,833,1789844770.227409,4690.7,126.37,744.2,4.43,104.19,0.0645,20.22,14.14,21.14,75.0,1500.0,15.2,healthy,0.0
fault_sensor_drift_1,834,1789844771.227409,4676.2,126.14,745.37,4.42,104.24,0.0672,20.23,14.2,21.03,75.0,1500.0,15.2,healthy,0.0
fault_sensor_drift_1,835,1789844772.227409,4676.0,126.12,746.09,4.44,104.15,0.0751,20.1,14.21,21.14,75.0,1500.0,15.2,healthy,0.0
fault_sensor_drift_1,836,1789844773.227409,4678.4,125.92,743.76,4.51,104.09,0.0696,20.22,14.18,21.21,75.0,1500.0,15.2,healthy,0.0
fault_sensor_drift_1,837,1789844774.227409,4692.7,125.82,746.79,4.37,104.03,0.081,20.21,14.24,20.95,75.0,1500.0,15.2,healthy,0.0
fault_sensor_drift_1,838,1789844775.227409,4692.0,125.94,741.17,4.51,104.03,0.0777,20.14,14.21,20.83,75.0,1500.0,15.2,healthy,0.0
fault_sensor_drift_1,839,1789844776.227409,4707.5,125.86,741.09,4.43,104.01,0.0754,20.31,14.25,21.33,75.0,1500.0,15.2,healthy,0.0
fault_sensor_drift_1,840,1789844777.227409,4709.2,125.91,745.12,4.37,104.04,0.0685,20.21,14.22,21.14,75.0,1500.0,15.2,healthy,0.0
fault_sensor_drift_1,841,1789844778.227409,4727.3,126.15,746.32,4.31,104.0,0.0715,20.22,14.15,21.46,75.0,1500.0,15.2,healthy,0.0
fault_sensor_drift_1,842,1789844779.227409,4699.2,126.05,747.85,4.29,103.97,0.0755,20.32,14.2,21.06,75.0,1500.0,15.2,healthy,0.0
fault_sensor_drift_1,843,1789844780.227409,4664.7,126.0,747.36,4.3,103.77,0.0748,20.48,14.15,21.51,75.0,1500.0,15.2,healthy,0.0
fault_sensor_drift_1,844,1789844781.227409,4679.9,125.69,742.27,4.4,103.89,0.0756,20.54,14.14,21.4,75.0,1500.0,15.2,healthy,0.0
fault_sensor_drift_1,845,1789844782.227409,4691.9,125.98,740.52,4.35,103.82,0.0837,20.54,14.2,21.18,75.0,1500.0,15.2,healthy,0.0
fault_sensor_drift_1,846,1789844783.227409,4693.7,125.84,741.36,4.32,103.94,0.0802,20.35,14.21,21.21,75.0,1500.0,15.2,healthy,0.0
fault_sensor_drift_1,847,1789844784.227409,4680.2,125.84,744.69,4.34,104.04,0.0769,20.33,14.21,21.18,75.0,1500.0,15.2,healthy,0.0
fault_sensor_drift_1,848,1789844785.227409,4681.5,125.97,741.84,4.29,103.94,0.0747,20.36,14.2,21.35,75.0,1500.0,15.2,healthy,0.0
fault_sensor_drift_1,849,1789844786.227409,4683.9,126.33,742.62,4.33,103.85,0.0748,20.38,14.29,21.17,75.0,1500.0,15.2,healthy,0.0
fault_sensor_drift_1,850,1789844787.227409,4687.7,126.24,740.45,4.37,103.87,0.0728,20.3,14.24,21.41,75.0,1500.0,15.2,healthy,0.0
fault_sensor_drift_1,851,1789844788.227409,4678.0,126.65,739.63,4.36,103.87,0.0794,20.13,14.15,21.64,75.0,1500.0,15.2,healthy,0.0
fault_sensor_drift_1,852,1789844789.227409,4672.7,126.13,739.73,4.3,103.85,0.0805,20.14,14.11,21.58,75.0,1500.0,15.2,healthy,0.0
fault_sensor_drift_1,853,1789844790.227409,4667.2,125.97,741.96,4.33,103.92,0.0719,20.13,14.07,21.74,75.0,1500.0,15.2,healthy,0.0
fault_sensor_drift_1,854,1789844791.227409,4640.6,126.08,739.84,4.28,103.94,0.0798,20.11,14.08,21.56,75.0,1500.0,15.2,healthy,0.0
fault_sensor_drift_1,855,1789844792.227409,4640.9,126.1,742.5,4.31,103.79,0.0753,20.12,14.14,21.27,75.0,1500.0,15.2,healthy,0.0
fault_sensor_drift_1,856,1789844793.227409,4653.0,125.85,750.21,4.31,103.78,0.0815,20.36,14.08,21.97,75.0,1500.0,15.2,healthy,0.0
fault_sensor_drift_1,857,1789844794.227409,4671.3,125.94,748.85,4.38,103.78,0.0768,20.37,14.06,21.54,75.0,1500.0,15.2,healthy,0.0
fault_sensor_drift_1,858,1789844795.227409,4688.2,125.68,743.8,4.46,103.8,0.0768,20.25,14.11,21.35,75.0,1500.0,15.2,healthy,0.0
fault_sensor_drift_1,859,1789844796.227409,4682.1,125.81,739.91,4.45,103.82,0.0696,20.31,14.1,21.48,75.0,1500.0,15.2,healthy,0.0
fault_sensor_drift_1,860,1789844797.227409,4708.7,125.58,743.33,4.36,103.85,0.0728,20.27,14.14,21.55,75.0,1500.0,15.2,healthy,0.0
fault_sensor_drift_1,861,1789844798.227409,4692.3,125.9,744.78,4.37,103.81,0.0645,20.24,14.22,21.29,75.0,1500.0,15.2,healthy,0.0
fault_sensor_drift_1,862,1789844799.227409,4718.3,126.07,741.09,4.42,103.76,0.0627,19.99,14.18,20.64,75.0,1500.0,15.2,healthy,0.0
fault_sensor_drift_1,863,1789844800.227409,4729.1,125.85,747.74,4.44,103.79,0.0684,19.95,14.24,20.99,75.0,1500.0,15.2,healthy,0.0
fault_sensor_drift_1,864,1789844801.227409,4717.3,125.74,743.24,4.45,103.76,0.066,19.98,14.25,21.34,75.0,1500.0,15.2,healthy,0.0
fault_sensor_drift_1,865,1789844802.227409,4733.2,125.72,740.05,4.45,103.81,0.0621,20.03,14.35,20.79,75.0,1500.0,15.2,healthy,0.0
fault_sensor_drift_1,866,1789844803.227409,4715.0,125.74,739.32,4.35,103.79,0.0637,20.14,14.37,20.97,75.0,1500.0,15.2,healthy,0.0
fault_sensor_drift_1,867,1789844804.227409,4707.8,125.92,741.6,4.45,103.8,0.0727,20.08,14.25,21.06,75.0,1500.0,15.2,healthy,0.0
fault_sensor_drift_1,868,1789844805.227409,4697.0,126.13,739.97,4.44,103.89,0.073,19.94,14.26,21.3,75.0,1500.0,15.2,healthy,0.0
fault_sensor_drift_1,869,1789844806.227409,4671.7,125.66,740.58,4.33,103.9,0.0772,20.08,14.22,21.22,75.0,1500.0,15.2,healthy,0.0
fault_sensor_drift_1,870,1789844807.227409,4689.3,126.09,740.09,4.43,104.05,0.0812,20.19,14.21,21.21,75.0,1500.0,15.2,healthy,0.0
fault_sensor_drift_1,871,1789844808.227409,4681.1,125.87,740.85,4.42,104.03,0.08,20.22,14.2,21.49,75.0,1500.0,15.2,healthy,0.0
fault_sensor_drift_1,872,1789844809.227409,4680.5,126.1,737.11,4.38,103.97,0.0808,20.3,14.18,21.24,75.0,1500.0,15.2,healthy,0.0
fault_sensor_drift_1,873,1789844810.227409,4685.5,126.11,738.4,4.48,103.85,0.0753,20.4,14.17,21.03,75.0,1500.0,15.2,healthy,0.0
fault_sensor_drift_1,874,1789844811.227409,4677.0,126.0,736.65,4.51,103.8,0.0703,20.33,14.1,20.72,75.0,1500.0,15.2,healthy,0.0
fault_sensor_drift_1,875,1789844812.227409,4686.3,126.26,736.29,4.52,103.75,0.0712,20.38,14.03,21.02,75.0,1500.0,15.2,healthy,0.0
fault_sensor_drift_1,876,1789844813.227409,4684.1,126.25,736.24,4.43,103.79,0.0699,20.37,14.05,21.2,75.0,1500.0,15.2,healthy,0.0
fault_sensor_drift_1,877,1789844814.227409,4671.4,126.3,737.16,4.39,103.86,0.0729,20.33,14.11,21.01,75.0,1500.0,15.2,healthy,0.0
fault_sensor_drift_1,878,1789844815.227409,4659.8,126.55,742.19,4.41,103.93,0.0739,20.29,14.15,21.21,75.0,1500.0,15.2,healthy,0.0
fault_sensor_drift_1,879,1789844816.227409,4679.2,126.6,745.71,4.41,103.89,0.0674,20.18,14.23,21.17,75.0,1500.0,15.2,healthy,0.0
fault_sensor_drift_1,880,1789844817.227409,4702.2,127.16,745.09,4.4,103.99,0.0705,20.26,14.22,20.92,75.0,1500.0,15.2,healthy,0.0
fault_sensor_drift_1,881,1789844818.227409,4712.7,127.27,741.94,4.3,104.05,0.0726,20.27,14.21,21.06,75.0,1500.0,15.2,healthy,0.0
fault_sensor_drift_1,882,1789844819.227409,4727.0,127.37,744.11,4.4,104.09,0.0731,20.38,14.21,20.92,75.0,1500.0,15.2,healthy,0.0
fault_sensor_drift_1,883,1789844820.227409,4708.4,127.02,745.37,4.37,104.15,0.0667,20.39,14.21,21.03,75.0,1500.0,15.2,healthy,0.0
fault_sensor_drift_1,884,1789844821.227409,4681.0,127.02,745.8,4.39,103.91,0.0613,20.44,14.18,21.29,75.0,1500.0,15.2,healthy,0.0
fault_sensor_drift_1,885,1789844822.227409,4685.5,126.91,744.38,4.42,104.09,0.0639,20.47,14.21,21.36,75.0,1500.0,15.2,healthy,0.0
fault_sensor_drift_1,886,1789844823.227409,4684.8,126.87,742.42,4.47,103.97,0.0551,20.46,14.17,21.3,75.0,1500.0,15.2,healthy,0.0
fault_sensor_drift_1,887,1789844824.227409,4680.2,126.69,745.36,4.44,103.96,0.0642,20.41,14.14,20.85,75.0,1500.0,15.2,healthy,0.0
fault_sensor_drift_1,888,1789844825.227409,4686.2,126.53,742.53,4.48,103.98,0.0682,20.39,14.12,20.93,75.0,1500.0,15.2,healthy,0.0
fault_sensor_drift_1,889,1789844826.227409,4693.5,126.49,739.74,4.51,103.93,0.074,20.48,14.09,20.92,75.0,1500.0,15.2,healthy,0.0
fault_sensor_drift_1,890,1789844827.227409,4693.2,126.52,734.12,4.36,103.97,0.0757,20.35,14.11,21.04,75.0,1500.0,15.2,healthy,0.0
fault_sensor_drift_1,891,1789844828.227409,4683.0,126.11,732.51,4.33,104.04,0.0754,20.36,14.1,21.17,75.0,1500.0,15.2,healthy,0.0
fault_sensor_drift_1,892,1789844829.227409,4684.4,126.34,736.64,4.29,104.15,0.0744,20.43,13.99,21.25,75.0,1500.0,15.2,healthy,0.0
fault_sensor_drift_1,893,1789844830.227409,4691.2,126.13,734.09,4.29,104.08,0.0759,20.06,13.99,20.95,75.0,1500.0,15.2,healthy,0.0
fault_sensor_drift_1,894,1789844831.227409,4693.1,126.1,732.35,4.32,104.2,0.071,20.1,13.95,21.07,75.0,1500.0,15.2,healthy,0.0
fault_sensor_drift_1,895,1789844832.227409,4679.9,126.03,738.19,4.36,104.36,0.0732,20.14,13.96,21.14,75.0,1500.0,15.2,healthy,0.0
fault_sensor_drift_1,896,1789844833.227409,4672.9,125.87,739.98,4.28,104.26,0.0743,20.25,13.88,21.73,75.0,1500.0,15.2,healthy,0.0
fault_sensor_drift_1,897,1789844834.227409,4681.7,126.04,740.31,4.38,104.12,0.0736,20.27,13.88,21.61,75.0,1500.0,15.2,healthy,0.0
fault_sensor_drift_1,898,1789844835.227409,4696.3,126.24,742.9,4.41,104.03,0.0813,20.18,13.93,21.39,75.0,1500.0,15.2,healthy,0.0
fault_sensor_drift_1,899,1789844836.227409,4712.8,126.5,741.33,4.42,104.02,0.0795,20.06,13.99,21.48,75.0,1500.0,15.2,healthy,0.0
fault_sensor_drift_1,900,1789844837.227409,4732.8,126.38,737.14,4.38,104.09,0.0835,20.09,13.97,21.2,75.0,1500.0,15.2,healthy,0.0
fault_sensor_drift_1,901,1789844838.227409,4723.7,126.49,738.9,4.31,104.19,0.0718,20.07,14.04,21.11,75.0,1500.0,15.2,healthy,0.0
fault_sensor_drift_1,902,1789844839.227409,4751.3,126.48,735.74,4.41,104.22,0.0654,20.04,14.11,20.91,75.0,1500.0,15.2,healthy,0.0
fault_sensor_drift_1,903,1789844840.227409,4719.2,126.3,738.8,4.44,104.48,0.0705,20.07,14.08,20.85,75.0,1500.0,15.2,healthy,0.0
fault_sensor_drift_1,904,1789844841.227409,4700.3,126.09,738.88,4.53,104.36,0.0737,20.05,14.08,21.06,75.0,1500.0,15.2,healthy,0.0
fault_sensor_drift_1,905,1789844842.227409,4686.0,126.16,740.05,4.44,104.46,0.0735,20.16,14.06,21.11,75.0,1500.0,15.2,healthy,0.0
fault_sensor_drift_1,906,1789844843.227409,4719.1,126.29,739.81,4.4,104.4,0.0657,20.18,14.05,21.16,75.0,1500.0,15.2,healthy,0.0
fault_sensor_drift_1,907,1789844844.227409,4732.4,126.53,738.45,4.4,104.25,0.0737,20.15,14.04,21.54,75.0,1500.0,15.2,healthy,0.0
fault_sensor_drift_1,908,1789844845.227409,4721.1,126.56,738.16,4.44,104.21,0.0718,20.2,14.0,21.32,75.0,1500.0,15.2,healthy,0.0
fault_sensor_drift_1,909,1789844846.227409,4695.3,126.43,736.12,4.44,104.34,0.0776,20.21,14.02,21.49,75.0,1500.0,15.2,healthy,0.0
fault_sensor_drift_1,910,1789844847.227409,4682.0,126.51,735.0,4.4,104.28,0.0763,20.32,14.03,21.24,75.0,1500.0,15.2,healthy,0.0
fault_sensor_drift_1,911,1789844848.227409,4687.0,126.43,732.29,4.46,104.13,0.0723,20.33,14.04,21.15,75.0,1500.0,15.2,healthy,0.0
fault_sensor_drift_1,912,1789844849.227409,4664.3,126.49,736.77,4.4,104.1,0.0736,20.32,14.05,21.1,75.0,1500.0,15.2,healthy,0.0
fault_sensor_drift_1,913,1789844850.227409,4657.0,126.63,739.33,4.42,104.04,0.0755,20.3,14.02,21.02,75.0,1500.0,15.2,healthy,0.0
fault_sensor_drift_1,914,1789844851.227409,4675.9,126.4,742.44,4.42,104.1,0.073,20.14,14.08,21.06,75.0,1500.0,15.2,healthy,0.0
fault_sensor_drift_1,915,1789844852.227409,4673.5,126.26,738.31,4.35,103.98,0.0708,20.12,14.12,21.3,75.0,1500.0,15.2,healthy,0.0
fault_sensor_drift_1,916,1789844853.227409,4668.9,126.15,737.89,4.33,104.05,0.0747,20.16,14.15,21.59,75.0,1500.0,15.2,healthy,0.0
fault_sensor_drift_1,917,1789844854.227409,4704.9,126.15,737.1,4.34,104.06,0.066,20.4,14.1,21.57,75.0,1500.0,15.2,healthy,0.0
fault_sensor_drift_1,918,1789844855.227409,4735.1,126.24,738.79,4.36,103.91,0.0671,20.35,14.07,21.46,75.0,1500.0,15.2,healthy,0.0
fault_sensor_drift_1,919,1789844856.227409,4733.5,126.03,741.12,4.39,103.8,0.0584,20.32,14.03,21.29,75.0,1500.0,15.2,healthy,0.0
fault_sensor_drift_1,920,1789844857.227409,4737.2,126.02,741.42,4.42,103.81,0.0593,20.24,14.07,20.92,75.0,1500.0,15.2,healthy,0.0
fault_sensor_drift_1,921,1789844858.227409,4720.7,126.29,737.45,4.37,103.99,0.062,20.18,14.14,21.38,75.0,1500.0,15.2,healthy,0.0
fault_sensor_drift_1,922,1789844859.227409,4720.9,126.41,733.43,4.39,104.01,0.0637,20.07,14.11,21.59,75.0,1500.0,15.2,healthy,0.0
fault_sensor_drift_1,923,1789844860.227409,4759.9,126.28,733.36,4.4,103.97,0.0666,19.97,14.12,21.47,75.0,1500.0,15.2,healthy,0.0
fault_sensor_drift_1,924,1789844861.227409,4739.9,126.43,732.67,4.36,103.92,0.0704,20.02,14.1,21.19,75.0,1500.0,15.2,healthy,0.0
fault_sensor_drift_1,925,1789844862.227409,4710.1,126.42,730.81,4.38,103.67,0.0685,20.07,14.16,21.13,75.0,1500.0,15.2,healthy,0.0
fault_sensor_drift_1,926,1789844863.227409,4687.7,126.65,733.11,4.37,103.73,0.0706,19.96,14.23,21.17,75.0,1500.0,15.2,healthy,0.0
fault_sensor_drift_1,927,1789844864.227409,4703.9,126.76,740.47,4.39,103.63,0.0721,20.09,14.18,21.26,75.0,1500.0,15.2,healthy,0.0
fault_sensor_drift_1,928,1789844865.227409,4700.0,127.22,743.57,4.49,103.51,0.0731,20.17,14.16,21.37,75.0,1500.0,15.2,healthy,0.0
fault_sensor_drift_1,929,1789844866.227409,4709.8,127.24,736.85,4.5,103.7,0.0727,20.25,14.13,21.31,75.0,1500.0,15.2,healthy,0.0
fault_sensor_drift_1,930,1789844867.227409,4703.5,127.23,742.89,4.44,103.6,0.0757,20.25,14.09,21.19,75.0,1500.0,15.2,healthy,0.0
fault_sensor_drift_1,931,1789844868.227409,4689.3,127.4,745.41,4.47,103.38,0.0792,20.32,14.02,21.49,75.0,1500.0,15.2,healthy,0.0
fault_sensor_drift_1,932,1789844869.227409,4696.7,127.5,741.6,4.42,103.37,0.0693,20.21,14.04,21.3,75.0,1500.0,15.2,healthy,0.0
fault_sensor_drift_1,933,1789844870.227409,4706.4,127.03,746.19,4.35,103.29,0.0671,20.16,14.13,21.46,75.0,1500.0,15.2,healthy,0.0
fault_sensor_drift_1,934,1789844871.227409,4715.7,126.91,746.76,4.33,103.37,0.0626,20.24,14.18,21.06,75.0,1500.0,15.2,healthy,0.0
fault_sensor_drift_1,935,1789844872.227409,4704.2,127.0,749.02,4.22,103.29,0.0693,20.36,14.15,20.87,75.0,1500.0,15.2,healthy,0.0
fault_sensor_drift_1,936,1789844873.227409,4708.5,126.67,750.14,4.25,103.25,0.0623,20.54,14.18,20.86,75.0,1500.0,15.2,healthy,0.0
fault_sensor_drift_1,937,1789844874.227409,4703.4,126.45,747.32,4.22,103.34,0.0715,20.44,14.16,21.16,75.0,1500.0,15.2,healthy,0.0
fault_sensor_drift_1,938,1789844875.227409,4695.7,126.55,746.55,4.25,103.45,0.0631,20.39,14.19,21.23,75.0,1500.0,15.2,healthy,0.0
fault_sensor_drift_1,939,1789844876.227409,4702.0,126.58,744.77,4.26,103.39,0.0663,20.41,14.22,21.23,75.0,1500.0,15.2,healthy,0.0
fault_sensor_drift_1,940,1789844877.227409,4716.3,126.71,745.63,4.37,103.51,0.0646,20.35,14.18,21.52,75.0,1500.0,15.2,healthy,0.0
fault_sensor_drift_1,941,1789844878.227409,4720.9,126.61,745.58,4.38,103.41,0.0719,20.37,14.2,21.32,75.0,1500.0,15.2,healthy,0.0
fault_sensor_drift_1,942,1789844879.227409,4716.6,126.68,748.12,4.42,103.32,0.0696,20.41,14.26,21.3,75.0,1500.0,15.2,healthy,0.0
fault_sensor_drift_1,943,1789844880.227409,4690.5,126.6,746.98,4.44,103.46,0.0785,20.26,14.27,20.84,75.0,1500.0,15.2,healthy,0.0
fault_sensor_drift_1,944,1789844881.227409,4695.0,126.14,745.97,4.45,103.37,0.0765,20.18,14.33,21.05,75.0,1500.0,15.2,healthy,0.0
fault_sensor_drift_1,945,1789844882.227409,4720.5,126.08,744.78,4.43,103.33,0.0702,20.24,14.35,20.99,75.0,1500.0,15.2,healthy,0.0
fault_sensor_drift_1,946,1789844883.227409,4724.4,126.35,745.37,4.31,103.46,0.0736,20.31,14.38,21.65,75.0,1500.0,15.2,healthy,0.0
fault_sensor_drift_1,947,1789844884.227409,4718.7,126.41,742.07,4.22,103.3,0.0745,20.39,14.39,21.22,75.0,1500.0,15.2,healthy,0.0
fault_sensor_drift_1,948,1789844885.227409,4699.8,126.5,743.79,4.35,103.15,0.0667,20.06,14.41,21.05,75.0,1500.0,15.2,healthy,0.0
fault_sensor_drift_1,949,1789844886.227409,4698.8,126.62,741.97,4.37,103.13,0.0679,20.09,14.43,21.11,75.0,1500.0,15.2,healthy,0.0
fault_sensor_drift_1,950,1789844887.227409,4685.0,126.64,742.48,4.35,103.1,0.0803,20.01,14.4,20.89,75.0,1500.0,15.2,healthy,0.0
fault_sensor_drift_1,951,1789844888.227409,4716.0,126.62,739.34,4.3,103.29,0.0872,20.14,14.32,20.99,75.0,1500.0,15.2,healthy,0.0
fault_sensor_drift_1,952,1789844889.227409,4726.3,126.62,733.31,4.29,103.32,0.0764,20.24,14.26,20.75,75.0,1500.0,15.2,healthy,0.0
fault_sensor_drift_1,953,1789844890.227409,4721.9,126.44,736.54,4.27,103.42,0.0761,20.44,14.26,21.07,75.0,1500.0,15.2,healthy,0.0
fault_sensor_drift_1,954,1789844891.227409,4736.5,126.34,736.58,4.25,103.36,0.0761,20.34,14.34,21.05,75.0,1500.0,15.2,healthy,0.0
fault_sensor_drift_1,955,1789844892.227409,4716.2,126.36,738.02,4.24,103.36,0.0806,20.18,14.32,20.83,75.0,1500.0,15.2,healthy,0.0
fault_sensor_drift_1,956,1789844893.227409,4723.2,126.11,739.28,4.25,103.32,0.0743,20.42,14.24,20.98,75.0,1500.0,15.2,healthy,0.0
fault_sensor_drift_1,957,1789844894.227409,4701.8,126.2,741.62,4.23,103.35,0.0677,20.32,14.13,21.32,75.0,1500.0,15.2,healthy,0.0
fault_sensor_drift_1,958,1789844895.227409,4707.2,126.08,738.24,4.2,103.51,0.0766,20.47,14.08,21.55,75.0,1500.0,15.2,healthy,0.0
fault_sensor_drift_1,959,1789844896.227409,4694.0,126.12,735.16,4.2,103.6,0.0828,20.39,14.15,21.48,75.0,1500.0,15.2,healthy,0.0
fault_sensor_drift_1,960,1789844897.227409,4692.3,126.36,740.78,4.24,103.77,0.0767,20.29,14.18,21.48,75.0,1500.0,15.2,healthy,0.0
fault_sensor_drift_1,961,1789844898.227409,4712.0,126.48,738.85,4.21,103.86,0.0797,20.37,14.19,21.15,75.0,1500.0,15.2,healthy,0.0
fault_sensor_drift_1,962,1789844899.227409,4743.3,126.54,741.9,4.24,103.76,0.0768,20.63,14.23,21.25,75.0,1500.0,15.2,healthy,0.0
fault_sensor_drift_1,963,1789844900.227409,4723.8,126.24,738.04,4.31,103.64,0.0713,20.56,14.24,20.79,75.0,1500.0,15.2,healthy,0.0
fault_sensor_drift_1,964,1789844901.227409,4731.6,126.32,743.48,4.35,103.79,0.0621,20.42,14.16,20.95,75.0,1500.0,15.2,healthy,0.0
fault_sensor_drift_1,965,1789844902.227409,4719.5,126.47,744.42,4.37,103.71,0.0599,20.42,14.2,20.9,75.0,1500.0,15.2,healthy,0.0
fault_sensor_drift_1,966,1789844903.227409,4730.3,126.37,746.42,4.29,103.78,0.0652,20.29,14.21,21.23,75.0,1500.0,15.2,healthy,0.0
fault_sensor_drift_1,967,1789844904.227409,4717.0,126.62,747.83,4.28,103.95,0.0783,20.36,14.2,21.21,75.0,1500.0,15.2,healthy,0.0
fault_sensor_drift_1,968,1789844905.227409,4750.1,126.55,746.99,4.25,103.87,0.0797,20.31,14.18,21.63,75.0,1500.0,15.2,healthy,0.0
fault_sensor_drift_1,969,1789844906.227409,4740.5,126.36,750.74,4.22,103.94,0.0779,20.33,14.15,21.18,75.0,1500.0,15.2,healthy,0.0
fault_sensor_drift_1,970,1789844907.227409,4725.7,126.64,748.61,4.35,103.81,0.0783,20.41,14.25,21.01,75.0,1500.0,15.2,healthy,0.0
fault_sensor_drift_1,971,1789844908.227409,4720.7,126.73,747.0,4.29,103.86,0.0781,20.3,14.23,21.45,75.0,1500.0,15.2,healthy,0.0
fault_sensor_drift_1,972,1789844909.227409,4719.8,126.47,740.24,4.33,103.87,0.0783,20.3,14.24,21.39,75.0,1500.0,15.2,healthy,0.0
fault_sensor_drift_1,973,1789844910.227409,4688.4,126.4,736.9,4.4,103.91,0.077,20.22,14.14,21.09,75.0,1500.0,15.2,healthy,0.0
fault_sensor_drift_1,974,1789844911.227409,4678.4,126.03,742.46,4.36,103.89,0.0769,20.27,14.14,21.4,75.0,1500.0,15.2,healthy,0.0
fault_sensor_drift_1,975,1789844912.227409,4688.2,125.95,745.67,4.32,103.79,0.0681,20.14,14.16,21.42,75.0,1500.0,15.2,healthy,0.0
fault_sensor_drift_1,976,1789844913.227409,4721.4,126.05,743.05,4.28,103.91,0.0703,20.16,14.2,21.34,75.0,1500.0,15.2,healthy,0.0
fault_sensor_drift_1,977,1789844914.227409,4720.8,125.98,741.07,4.27,103.97,0.0706,20.08,14.22,21.24,75.0,1500.0,15.2,healthy,0.0
fault_sensor_drift_1,978,1789844915.227409,4690.8,126.18,744.87,4.26,103.96,0.0716,20.28,14.18,21.29,75.0,1500.0,15.2,healthy,0.0
fault_sensor_drift_1,979,1789844916.227409,4726.2,126.45,741.46,4.28,103.86,0.0737,20.42,14.27,21.05,75.0,1500.0,15.2,healthy,0.0
fault_sensor_drift_1,980,1789844917.227409,4739.0,126.49,739.4,4.35,103.89,0.0679,20.42,14.26,21.3,75.0,1500.0,15.2,healthy,0.0
fault_sensor_drift_1,981,1789844918.227409,4726.6,126.65,743.41,4.44,103.93,0.073,20.48,14.32,20.97,75.0,1500.0,15.2,healthy,0.0
fault_sensor_drift_1,982,1789844919.227409,4707.9,126.53,741.78,4.34,103.93,0.0762,20.67,14.22,20.96,75.0,1500.0,15.2,healthy,0.0
fault_sensor_drift_1,983,1789844920.227409,4714.3,126.37,743.66,4.32,104.04,0.0742,20.75,14.19,20.82,75.0,1500.0,15.2,healthy,0.0
fault_sensor_drift_1,984,1789844921.227409,4721.7,126.32,740.61,4.43,104.14,0.0714,20.55,14.23,20.93,75.0,1500.0,15.2,healthy,0.0
fault_sensor_drift_1,985,1789844922.227409,4722.9,126.22,741.55,4.4,104.12,0.0809,20.3,14.25,20.65,75.0,1500.0,15.2,healthy,0.0
fault_sensor_drift_1,986,1789844923.227409,4704.3,126.24,745.44,4.41,104.25,0.0753,20.26,14.27,20.93,75.0,1500.0,15.2,healthy,0.0
fault_sensor_drift_1,987,1789844924.227409,4684.4,126.39,747.43,4.45,104.3,0.0699,20.25,14.22,21.11,75.0,1500.0,15.2,healthy,0.0
fault_sensor_drift_1,988,1789844925.227409,4681.8,126.34,742.75,4.33,104.22,0.0751,20.29,14.24,21.02,75.0,1500.0,15.2,healthy,0.0
fault_sensor_drift_1,989,1789844926.227409,4684.2,126.03,738.84,4.28,104.29,0.0823,20.41,14.2,20.64,75.0,1500.0,15.2,healthy,0.0
fault_sensor_drift_1,990,1789844927.227409,4678.2,126.44,737.97,4.27,104.22,0.0775,20.35,14.14,20.86,75.0,1500.0,15.2,healthy,0.0
fault_sensor_drift_1,991,1789844928.227409,4659.2,126.29,737.15,4.33,104.22,0.0775,20.38,14.1,21.22,75.0,1500.0,15.2,healthy,0.0
fault_sensor_drift_1,992,1789844929.227409,4649.5,126.42,745.04,4.34,104.19,0.0812,20.32,14.03,21.13,75.0,1500.0,15.2,healthy,0.0
fault_sensor_drift_1,993,1789844930.227409,4668.8,126.74,745.61,4.32,104.17,0.0738,20.12,14.13,20.85,75.0,1500.0,15.2,healthy,0.0
fault_sensor_drift_1,994,1789844931.227409,4658.7,126.93,744.21,4.33,104.18,0.0655,20.27,14.07,20.93,75.0,1500.0,15.2,healthy,0.0
fault_sensor_drift_1,995,1789844932.227409,4652.0,126.71,742.73,4.36,104.2,0.0681,20.14,14.07,21.14,75.0,1500.0,15.2,healthy,0.0
fault_sensor_drift_1,996,1789844933.227409,4642.8,126.55,735.41,4.31,103.99,0.0625,20.14,14.03,21.28,75.0,1500.0,15.2,healthy,0.0
fault_sensor_drift_1,997,1789844934.227409,4648.6,126.4,738.63,4.27,104.09,0.0714,20.26,14.06,21.26,75.0,1500.0,15.2,healthy,0.0
fault_sensor_drift_1,998,1789844935.227409,4675.9,126.13,742.38,4.26,104.12,0.0723,20.29,14.09,21.45,75.0,1500.0,15.2,healthy,0.0
fault_sensor_drift_1,999,1789844936.227409,4657.3,126.1,744.36,4.35,104.03,0.0699,20.33,14.12,21.16,75.0,1500.0,15.2,healthy,0.0
fault_sensor_drift_1,1000,1789844937.227409,4655.7,126.16,738.47,4.38,103.99,0.0779,20.24,14.16,20.53,75.0,1500.0,15.2,healthy,0.0
fault_sensor_drift_1,1001,1789844938.227409,4656.8,126.39,743.58,4.39,104.0,0.0716,20.3,14.07,21.05,75.0,1500.0,15.2,healthy,0.0
fault_sensor_drift_1,1002,1789844939.227409,4681.6,126.37,739.47,4.4,103.96,0.0646,20.28,14.12,20.94,75.0,1500.0,15.2,healthy,0.0
fault_sensor_drift_1,1003,1789844940.227409,4688.9,126.72,738.94,4.33,103.94,0.0788,20.35,14.13,21.28,75.0,1500.0,15.2,healthy,0.0
fault_sensor_drift_1,1004,1789844941.227409,4673.8,126.48,744.63,4.3,103.93,0.0693,20.22,14.14,21.23,75.0,1500.0,15.2,healthy,0.0
fault_sensor_drift_1,1005,1789844942.227409,4684.6,126.54,743.91,4.38,104.0,0.0614,20.2,14.16,21.39,75.0,1500.0,15.2,healthy,0.0
fault_sensor_drift_1,1006,1789844943.227409,4710.6,126.27,737.5,4.35,103.95,0.0677,20.27,14.21,21.06,75.0,1500.0,15.2,healthy,0.0
fault_sensor_drift_1,1007,1789844944.227409,4719.8,126.42,740.75,4.31,103.97,0.0791,20.29,14.25,20.88,75.0,1500.0,15.2,healthy,0.0
fault_sensor_drift_1,1008,1789844945.227409,4720.9,126.34,738.53,4.25,104.01,0.0765,20.22,14.18,21.4,75.0,1500.0,15.2,healthy,0.0
fault_sensor_drift_1,1009,1789844946.227409,4701.2,126.29,744.03,4.23,103.94,0.0768,20.23,14.09,21.36,75.0,1500.0,15.2,healthy,0.0
fault_sensor_drift_1,1010,1789844947.227409,4699.6,126.46,743.29,4.24,104.05,0.0782,20.14,14.0,21.31,75.0,1500.0,15.2,healthy,0.0
fault_sensor_drift_1,1011,1789844948.227409,4703.3,126.77,747.03,4.29,103.89,0.0739,20.11,14.06,20.9,75.0,1500.0,15.2,healthy,0.0
fault_sensor_drift_1,1012,1789844949.227409,4698.7,126.69,745.24,4.38,103.86,0.0741,19.98,13.97,21.07,75.0,1500.0,15.2,healthy,0.0
fault_sensor_drift_1,1013,1789844950.227409,4690.7,126.78,743.86,4.34,103.54,0.0726,20.15,13.97,21.11,75.0,1500.0,15.2,healthy,0.0
fault_sensor_drift_1,1014,1789844951.227409,4699.0,126.91,742.19,4.3,103.6,0.0706,20.15,14.01,21.3,75.0,1500.0,15.2,healthy,0.0
fault_sensor_drift_1,1015,1789844952.227409,4698.9,126.57,742.0,4.23,103.74,0.0663,20.05,14.08,21.13,75.0,1500.0,15.2,healthy,0.0
fault_sensor_drift_1,1016,1789844953.227409,4692.0,126.54,744.96,4.23,103.84,0.0711,20.15,14.15,21.07,75.0,1500.0,15.2,healthy,0.0
fault_sensor_drift_1,1017,1789844954.227409,4706.9,126.57,740.86,4.17,103.98,0.0774,20.2,14.06,20.94,75.0,1500.0,15.2,healthy,0.0
fault_sensor_drift_1,1018,1789844955.227409,4690.6,126.3,741.47,4.21,104.01,0.0785,20.12,14.07,21.01,75.0,1500.0,15.2,healthy,0.0
fault_sensor_drift_1,1019,1789844956.227409,4699.0,126.5,741.38,4.38,103.93,0.0754,20.14,14.11,21.36,75.0,1500.0,15.2,healthy,0.0
fault_sensor_drift_1,1020,1789844957.227409,4680.7,126.81,739.7,4.46,104.03,0.0752,20.15,14.08,21.37,75.0,1500.0,15.2,healthy,0.0
fault_sensor_drift_1,1021,1789844958.227409,4695.4,126.99,736.69,4.48,103.96,0.0714,20.21,14.12,21.03,75.0,1500.0,15.2,healthy,0.0
fault_sensor_drift_1,1022,1789844959.227409,4693.5,127.05,736.94,4.41,104.11,0.0705,20.31,14.12,21.25,75.0,1500.0,15.2,healthy,0.0
fault_sensor_drift_1,1023,1789844960.227409,4691.4,126.87,739.54,4.43,104.27,0.0779,20.24,14.05,21.24,75.0,1500.0,15.2,healthy,0.0
fault_sensor_drift_1,1024,1789844961.227409,4684.4,126.87,741.48,4.45,104.32,0.0755,20.34,14.07,21.38,75.0,1500.0,15.2,healthy,0.0
fault_sensor_drift_1,1025,1789844962.227409,4682.4,127.12,738.52,4.34,104.38,0.0729,20.36,14.03,20.96,75.0,1500.0,15.2,healthy,0.0
fault_sensor_drift_1,1026,1789844963.227409,4690.6,126.95,733.7,4.33,104.28,0.0763,20.38,13.97,21.17,75.0,1500.0,15.2,healthy,0.0
fault_sensor_drift_1,1027,1789844964.227409,4692.7,126.88,732.16,4.37,104.31,0.0775,20.36,13.9,21.16,75.0,1500.0,15.2,healthy,0.0
fault_sensor_drift_1,1028,1789844965.227409,4724.3,127.08,735.82,4.3,104.27,0.0892,20.35,13.9,21.2,75.0,1500.0,15.2,healthy,0.0
fault_sensor_drift_1,1029,1789844966.227409,4702.6,126.82,735.95,4.38,104.16,0.0798,20.39,13.97,21.43,75.0,1500.0,15.2,healthy,0.0
fault_sensor_drift_1,1030,1789844967.227409,4719.9,127.14,734.35,4.3,104.12,0.0803,20.41,14.03,21.35,75.0,1500.0,15.2,healthy,0.0
fault_sensor_drift_1,1031,1789844968.227409,4705.4,126.83,737.7,4.28,104.04,0.0852,20.39,14.09,20.9,75.0,1500.0,15.2,healthy,0.0
fault_sensor_drift_1,1032,1789844969.227409,4704.6,126.98,741.22,4.34,103.99,0.0762,20.24,14.15,20.94,75.0,1500.0,15.2,healthy,0.0
fault_sensor_drift_1,1033,1789844970.227409,4698.4,127.06,736.03,4.37,103.72,0.0642,20.24,14.15,21.02,75.0,1500.0,15.2,healthy,0.0
fault_sensor_drift_1,1034,1789844971.227409,4689.3,127.29,733.53,4.38,103.64,0.0632,20.33,14.07,20.96,75.0,1500.0,15.2,healthy,0.0
fault_sensor_drift_1,1035,1789844972.227409,4702.9,127.05,731.89,4.31,103.62,0.0659,20.38,14.03,21.18,75.0,1500.0,15.2,healthy,0.0
fault_sensor_drift_1,1036,1789844973.227409,4707.4,126.97,734.48,4.23,103.66,0.0641,20.27,14.13,21.07,75.0,1500.0,15.2,healthy,0.0
fault_sensor_drift_1,1037,1789844974.227409,4691.1,126.78,734.42,4.27,103.66,0.0629,20.44,14.11,21.33,75.0,1500.0,15.2,healthy,0.0
fault_sensor_drift_1,1038,1789844975.227409,4708.0,126.72,735.81,4.31,103.57,0.0646,20.32,14.18,21.35,75.0,1500.0,15.2,healthy,0.0
fault_sensor_drift_1,1039,1789844976.227409,4740.2,126.58,742.22,4.28,103.65,0.0693,20.29,14.2,21.29,75.0,1500.0,15.2,healthy,0.0
fault_sensor_drift_1,1040,1789844977.227409,4739.7,126.67,743.07,4.36,103.62,0.0605,20.37,14.19,21.47,75.0,1500.0,15.2,healthy,0.0
fault_sensor_drift_1,1041,1789844978.227409,4768.1,126.17,742.04,4.34,103.63,0.0787,20.34,14.24,21.53,75.0,1500.0,15.2,healthy,0.0
fault_sensor_drift_1,1042,1789844979.227409,4754.6,126.17,742.29,4.27,103.73,0.0781,20.23,14.32,21.59,75.0,1500.0,15.2,healthy,0.0
fault_sensor_drift_1,1043,1789844980.227409,4742.0,126.08,746.18,4.37,103.65,0.0678,20.19,14.19,21.04,75.0,1500.0,15.2,healthy,0.0
fault_sensor_drift_1,1044,1789844981.227409,4728.9,126.16,747.52,4.27,103.81,0.0684,20.06,14.19,21.48,75.0,1500.0,15.2,healthy,0.0
fault_sensor_drift_1,1045,1789844982.227409,4725.2,126.14,741.57,4.26,103.68,0.0628,20.09,14.18,21.48,75.0,1500.0,15.2,healthy,0.0
fault_sensor_drift_1,1046,1789844983.227409,4724.1,126.37,744.12,4.22,103.79,0.0708,20.21,14.24,21.52,75.0,1500.0,15.2,healthy,0.0
fault_sensor_drift_1,1047,1789844984.227409,4692.2,126.39,747.67,4.19,103.78,0.0689,20.16,14.34,21.41,75.0,1500.0,15.2,healthy,0.0
fault_sensor_drift_1,1048,1789844985.227409,4696.9,126.24,747.29,4.21,103.81,0.0726,20.16,14.29,21.41,75.0,1500.0,15.2,healthy,0.0
fault_sensor_drift_1,1049,1789844986.227409,4686.8,125.88,745.3,4.25,103.64,0.0739,20.0,14.31,21.16,75.0,1500.0,15.2,healthy,0.0
fault_sensor_drift_1,1050,1789844987.227409,4680.7,126.02,747.74,4.3,103.6,0.0791,20.08,14.37,21.41,75.0,1500.0,15.2,healthy,0.0
fault_sensor_drift_1,1051,1789844988.227409,4697.5,126.15,741.79,4.27,103.57,0.0754,20.2,14.27,21.23,75.0,1500.0,15.2,healthy,0.0
fault_sensor_drift_1,1052,1789844989.227409,4684.3,125.96,741.65,4.24,103.49,0.0706,20.26,14.32,20.98,75.0,1500.0,15.2,healthy,0.0
fault_sensor_drift_1,1053,1789844990.227409,4693.5,125.88,743.2,4.26,103.48,0.0762,20.3,14.2,21.24,75.0,1500.0,15.2,healthy,0.0
fault_sensor_drift_1,1054,1789844991.227409,4682.7,126.14,743.25,4.27,103.51,0.0798,20.31,14.22,20.95,75.0,1500.0,15.2,healthy,0.0
fault_sensor_drift_1,1055,1789844992.227409,4689.4,126.15,743.38,4.3,103.6,0.0669,20.26,14.19,21.24,75.0,1500.0,15.2,healthy,0.0
fault_sensor_drift_1,1056,1789844993.227409,4692.8,126.24,744.27,4.28,103.69,0.0738,20.37,14.23,21.21,75.0,1500.0,15.2,healthy,0.0
fault_sensor_drift_1,1057,1789844994.227409,4678.2,126.37,740.68,4.38,103.8,0.0774,20.19,14.18,21.24,75.0,1500.0,15.2,healthy,0.0
fault_sensor_drift_1,1058,1789844995.227409,4695.0,126.31,740.24,4.47,103.79,0.072,20.16,14.17,21.2,75.0,1500.0,15.2,healthy,0.0
fault_sensor_drift_1,1059,1789844996.227409,4700.7,126.35,738.52,4.32,103.72,0.0677,20.11,14.2,21.15,75.0,1500.0,15.2,healthy,0.0
fault_sensor_drift_1,1060,1789844997.227409,4693.5,126.55,739.4,4.19,103.73,0.0746,20.22,14.32,21.48,75.0,1500.0,15.2,healthy,0.0
fault_sensor_drift_1,1061,1789844998.227409,4678.3,126.54,739.8,4.26,103.77,0.0715,20.15,14.37,21.6,75.0,1500.0,15.2,healthy,0.0
fault_sensor_drift_1,1062,1789844999.227409,4682.4,126.16,740.88,4.24,103.92,0.0682,20.12,14.38,21.4,75.0,1500.0,15.2,healthy,0.0
fault_sensor_drift_1,1063,1789845000.227409,4680.7,125.8,744.65,4.19,103.87,0.0742,20.1,14.44,21.14,75.0,1500.0,15.2,healthy,0.0
fault_sensor_drift_1,1064,1789845001.227409,4686.3,125.93,744.69,4.2,104.01,0.0767,20.1,14.4,20.71,75.0,1500.0,15.2,healthy,0.0
fault_sensor_drift_1,1065,1789845002.227409,4736.3,125.99,745.39,4.21,103.96,0.0704,20.19,14.37,20.86,75.0,1500.0,15.2,healthy,0.0
fault_sensor_drift_1,1066,1789845003.227409,4747.1,126.02,744.15,4.21,103.97,0.0634,20.26,14.26,21.06,75.0,1500.0,15.2,healthy,0.0
fault_sensor_drift_1,1067,1789845004.227409,4746.7,125.92,747.66,4.15,103.82,0.0675,20.23,14.22,21.34,75.0,1500.0,15.2,healthy,0.0
fault_sensor_drift_1,1068,1789845005.227409,4740.4,126.39,744.76,4.18,103.88,0.0708,20.24,14.24,21.19,75.0,1500.0,15.2,healthy,0.0
fault_sensor_drift_1,1069,1789845006.227409,4734.9,126.02,741.44,4.26,104.01,0.0752,20.23,14.2,21.24,75.0,1500.0,15.2,healthy,0.0
fault_sensor_drift_1,1070,1789845007.227409,4744.0,126.3,741.63,4.28,104.11,0.0717,20.02,14.18,21.35,75.0,1500.0,15.2,healthy,0.0
fault_sensor_drift_1,1071,1789845008.227409,4724.2,126.21,741.13,4.25,104.03,0.076,20.15,14.17,21.52,75.0,1500.0,15.2,healthy,0.0
fault_sensor_drift_1,1072,1789845009.227409,4729.5,126.01,742.38,4.25,103.8,0.0673,20.18,14.15,21.21,75.0,1500.0,15.2,healthy,0.0
fault_sensor_drift_1,1073,1789845010.227409,4721.6,126.05,741.83,4.23,103.78,0.0607,20.3,14.24,21.17,75.0,1500.0,15.2,healthy,0.0
fault_sensor_drift_1,1074,1789845011.227409,4690.8,126.06,739.97,4.34,103.77,0.064,20.26,14.32,21.08,75.0,1500.0,15.2,healthy,0.0
fault_sensor_drift_1,1075,1789845012.227409,4686.4,126.49,740.59,4.33,104.01,0.0607,20.35,14.33,20.71,75.0,1500.0,15.2,healthy,0.0
fault_sensor_drift_1,1076,1789845013.227409,4660.8,125.87,741.23,4.38,104.11,0.0615,20.36,14.32,21.2,75.0,1500.0,15.2,healthy,0.0
fault_sensor_drift_1,1077,1789845014.227409,4646.7,126.22,742.61,4.41,104.03,0.0713,20.28,14.28,20.98,75.0,1500.0,15.2,healthy,0.0
fault_sensor_drift_1,1078,1789845015.227409,4639.1,126.13,744.18,4.4,104.0,0.0676,20.45,14.27,20.92,75.0,1500.0,15.2,healthy,0.0
fault_sensor_drift_1,1079,1789845016.227409,4644.9,126.09,748.72,4.32,103.88,0.0644,20.4,14.34,20.93,75.0,1500.0,15.2,healthy,0.0
fault_sensor_drift_1,1080,1789845017.227409,4663.7,126.06,745.25,4.37,103.81,0.0729,20.52,14.27,21.12,75.0,1500.0,15.2,healthy,0.0
fault_sensor_drift_1,1081,1789845018.227409,4674.5,126.4,745.44,4.42,103.83,0.0748,20.42,14.21,21.24,75.0,1500.0,15.2,healthy,0.0
fault_sensor_drift_1,1082,1789845019.227409,4704.6,126.32,746.63,4.32,103.82,0.0787,20.29,14.22,20.86,75.0,1500.0,15.2,healthy,0.0
fault_sensor_drift_1,1083,1789845020.227409,4719.9,125.97,744.14,4.32,103.88,0.0721,20.2,14.24,20.83,75.0,1500.0,15.2,healthy,0.0
fault_sensor_drift_1,1084,1789845021.227409,4743.7,126.03,742.49,4.31,103.87,0.0713,20.36,14.17,20.76,75.0,1500.0,15.2,healthy,0.0
fault_sensor_drift_1,1085,1789845022.227409,4727.2,126.25,744.45,4.31,103.93,0.076,20.61,14.2,21.07,75.0,1500.0,15.2,healthy,0.0
fault_sensor_drift_1,1086,1789845023.227409,4712.5,126.58,748.57,4.28,103.93,0.08,20.52,14.18,20.87,75.0,1500.0,15.2,healthy,0.0
fault_sensor_drift_1,1087,1789845024.227409,4714.1,126.44,743.52,4.22,103.98,0.0762,20.3,14.19,21.05,75.0,1500.0,15.2,healthy,0.0
fault_sensor_drift_1,1088,1789845025.227409,4719.4,126.43,747.18,4.23,104.01,0.0729,20.13,14.17,21.05,75.0,1500.0,15.2,healthy,0.0
fault_sensor_drift_1,1089,1789845026.227409,4720.8,126.67,745.21,4.27,103.76,0.0712,20.33,14.21,21.47,75.0,1500.0,15.2,healthy,0.0
fault_sensor_drift_1,1090,1789845027.227409,4729.6,127.09,740.5,4.34,103.89,0.0772,20.44,14.25,21.08,75.0,1500.0,15.2,healthy,0.0
fault_sensor_drift_1,1091,1789845028.227409,4720.1,126.9,743.39,4.45,103.97,0.0816,20.47,14.31,21.03,75.0,1500.0,15.2,healthy,0.0
fault_sensor_drift_1,1092,1789845029.227409,4701.1,126.74,741.01,4.43,103.86,0.0777,20.43,14.27,20.71,75.0,1500.0,15.2,healthy,0.0
fault_sensor_drift_1,1093,1789845030.227409,4718.4,126.74,739.42,4.47,103.84,0.0779,20.51,14.28,20.94,75.0,1500.0,15.2,healthy,0.0
fault_sensor_drift_1,1094,1789845031.227409,4697.6,126.9,736.37,4.33,103.91,0.0731,20.5,14.34,21.05,75.0,1500.0,15.2,healthy,0.0
fault_sensor_drift_1,1095,1789845032.227409,4688.1,127.16,743.7,4.39,104.06,0.0775,20.41,14.35,21.04,75.0,1500.0,15.2,healthy,0.0
fault_sensor_drift_1,1096,1789845033.227409,4671.4,127.14,746.73,4.4,103.93,0.0802,20.37,14.32,21.45,75.0,1500.0,15.2,healthy,0.0
fault_sensor_drift_1,1097,1789845034.227409,4675.1,126.91,744.61,4.43,103.9,0.0809,20.29,14.28,21.08,75.0,1500.0,15.2,healthy,0.0
fault_sensor_drift_1,1098,1789845035.227409,4668.9,127.31,739.33,4.46,103.93,0.0855,20.1,14.38,21.13,75.0,1500.0,15.2,healthy,0.0
fault_sensor_drift_1,1099,1789845036.227409,4657.5,127.08,745.66,4.47,103.99,0.0825,20.05,14.4,21.17,75.0,1500.0,15.2,healthy,0.0
fault_sensor_drift_1,1100,1789845037.227409,4657.1,126.95,738.66,4.55,104.02,0.0717,20.1,14.38,21.28,75.0,1500.0,15.2,healthy,0.0
fault_sensor_drift_1,1101,1789845038.227409,4662.8,126.69,740.12,4.41,104.09,0.0758,20.21,14.37,21.36,75.0,1500.0,15.2,healthy,0.0
fault_sensor_drift_1,1102,1789845039.227409,4673.9,126.81,738.18,4.44,103.94,0.0728,20.09,14.28,21.04,75.0,1500.0,15.2,healthy,0.0
fault_sensor_drift_1,1103,1789845040.227409,4667.6,126.73,739.91,4.46,103.87,0.076,20.11,14.31,21.17,75.0,1500.0,15.2,healthy,0.0
fault_sensor_drift_1,1104,1789845041.227409,4679.0,127.0,734.35,4.44,103.68,0.0747,20.1,14.3,21.21,75.0,1500.0,15.2,healthy,0.0
fault_sensor_drift_1,1105,1789845042.227409,4683.8,126.79,733.77,4.4,103.73,0.074,20.1,14.36,21.2,75.0,1500.0,15.2,healthy,0.0
fault_sensor_drift_1,1106,1789845043.227409,4682.3,126.91,731.41,4.41,103.61,0.0683,20.14,14.28,20.96,75.0,1500.0,15.2,healthy,0.0
fault_sensor_drift_1,1107,1789845044.227409,4673.1,127.21,735.95,4.39,103.51,0.0778,20.24,14.25,21.02,75.0,1500.0,15.2,healthy,0.0
fault_sensor_drift_1,1108,1789845045.227409,4719.2,126.99,738.11,4.4,103.73,0.0703,20.32,14.24,21.13,75.0,1500.0,15.2,healthy,0.0
fault_sensor_drift_1,1109,1789845046.227409,4734.2,127.08,738.89,4.34,103.58,0.0674,20.34,14.25,21.06,75.0,1500.0,15.2,healthy,0.0
fault_sensor_drift_1,1110,1789845047.227409,4699.1,127.2,743.7,4.45,103.78,0.0754,20.42,14.26,21.1,75.0,1500.0,15.2,healthy,0.0
fault_sensor_drift_1,1111,1789845048.227409,4686.0,127.11,741.94,4.43,103.85,0.0719,20.47,14.22,21.23,75.0,1500.0,15.2,healthy,0.0
fault_sensor_drift_1,1112,1789845049.227409,4676.5,127.36,742.62,4.39,103.94,0.0669,20.59,14.14,21.34,75.0,1500.0,15.2,healthy,0.0
fault_sensor_drift_1,1113,1789845050.227409,4685.6,126.95,732.97,4.35,103.96,0.0581,20.55,14.21,21.43,75.0,1500.0,15.2,healthy,0.0
fault_sensor_drift_1,1114,1789845051.227409,4711.0,126.86,732.96,4.42,104.12,0.0692,20.53,14.28,21.28,75.0,1500.0,15.2,healthy,0.0
fault_sensor_drift_1,1115,1789845052.227409,4693.3,126.78,736.54,4.52,104.09,0.0669,20.67,14.33,21.16,75.0,1500.0,15.2,healthy,0.0
fault_sensor_drift_1,1116,1789845053.227409,4696.1,126.45,739.99,4.54,104.02,0.073,20.59,14.29,21.23,75.0,1500.0,15.2,healthy,0.0
fault_sensor_drift_1,1117,1789845054.227409,4685.1,126.53,739.14,4.54,104.11,0.0756,20.5,14.26,21.41,75.0,1500.0,15.2,healthy,0.0
fault_sensor_drift_1,1118,1789845055.227409,4687.5,126.61,736.78,4.45,104.23,0.0829,20.32,14.2,21.37,75.0,1500.0,15.2,healthy,0.0
fault_sensor_drift_1,1119,1789845056.227409,4686.7,126.4,739.8,4.32,104.15,0.0841,20.17,14.25,21.14,75.0,1500.0,15.2,healthy,0.0
fault_sensor_drift_1,1120,1789845057.227409,4669.9,126.24,741.8,4.45,104.25,0.0712,20.11,14.2,20.89,75.0,1500.0,15.2,healthy,0.0
fault_sensor_drift_1,1121,1789845058.227409,4667.1,126.23,741.29,4.44,104.11,0.0763,19.92,14.25,20.87,75.0,1500.0,15.2,healthy,0.0
fault_sensor_drift_1,1122,1789845059.227409,4662.2,126.05,740.96,4.44,104.02,0.076,19.98,14.31,20.72,75.0,1500.0,15.2,healthy,0.0
fault_sensor_drift_1,1123,1789845060.227409,4689.8,126.41,740.35,4.37,104.07,0.0731,20.1,14.29,21.03,75.0,1500.0,15.2,healthy,0.0
fault_sensor_drift_1,1124,1789845061.227409,4706.1,126.52,737.38,4.39,104.27,0.0656,20.14,14.27,21.3,75.0,1500.0,15.2,healthy,0.0
fault_sensor_drift_1,1125,1789845062.227409,4734.1,126.47,738.08,4.35,104.29,0.0664,20.16,14.18,21.34,75.0,1500.0,15.2,healthy,0.0
fault_sensor_drift_1,1126,1789845063.227409,4739.3,126.5,737.65,4.26,104.32,0.0653,20.08,14.14,21.2,75.0,1500.0,15.2,healthy,0.0
fault_sensor_drift_1,1127,1789845064.227409,4706.5,126.49,734.91,4.23,104.29,0.0627,20.06,14.22,21.01,75.0,1500.0,15.2,healthy,0.0
fault_sensor_drift_1,1128,1789845065.227409,4714.5,126.53,735.19,4.35,104.31,0.0673,20.04,14.17,21.12,75.0,1500.0,15.2,healthy,0.0
fault_sensor_drift_1,1129,1789845066.227409,4696.5,126.52,732.44,4.33,104.32,0.0673,20.24,14.21,21.14,75.0,1500.0,15.2,healthy,0.0
fault_sensor_drift_1,1130,1789845067.227409,4707.5,126.54,727.48,4.36,104.33,0.0687,20.26,14.21,21.06,75.0,1500.0,15.2,healthy,0.0
fault_sensor_drift_1,1131,1789845068.227409,4705.0,126.54,732.45,4.41,104.38,0.0669,20.07,14.19,21.09,75.0,1500.0,15.2,healthy,0.0
fault_sensor_drift_1,1132,1789845069.227409,4714.1,126.75,736.22,4.36,104.27,0.0721,19.89,14.18,21.17,75.0,1500.0,15.2,healthy,0.0
fault_sensor_drift_1,1133,1789845070.227409,4686.6,127.0,732.26,4.35,104.44,0.0797,19.87,14.19,20.93,75.0,1500.0,15.2,healthy,0.0
fault_sensor_drift_1,1134,1789845071.227409,4692.9,126.76,734.36,4.29,104.49,0.08,19.9,14.19,21.51,75.0,1500.0,15.2,healthy,0.0
fault_sensor_drift_1,1135,1789845072.227409,4689.3,127.14,738.32,4.37,104.47,0.0749,20.06,14.23,21.4,75.0,1500.0,15.2,healthy,0.0
fault_sensor_drift_1,1136,1789845073.227409,4706.8,127.02,739.08,4.33,104.52,0.067,20.09,14.23,21.26,75.0,1500.0,15.2,healthy,0.0
fault_sensor_drift_1,1137,1789845074.227409,4715.6,127.02,740.54,4.41,104.67,0.0676,20.05,14.28,21.64,75.0,1500.0,15.2,healthy,0.0
fault_sensor_drift_1,1138,1789845075.227409,4729.0,126.81,740.02,4.32,104.63,0.0744,20.01,14.34,21.42,75.0,1500.0,15.2,healthy,0.0
fault_sensor_drift_1,1139,1789845076.227409,4731.1,126.78,734.94,4.28,104.76,0.0775,20.09,14.35,21.32,75.0,1500.0,15.2,healthy,0.0
fault_sensor_drift_1,1140,1789845077.227409,4711.8,126.85,737.41,4.2,104.58,0.0745,20.11,14.37,21.11,75.0,1500.0,15.2,healthy,0.0
fault_sensor_drift_1,1141,1789845078.227409,4707.9,126.61,740.22,4.15,104.57,0.0723,20.03,14.37,21.34,75.0,1500.0,15.2,healthy,0.0
fault_sensor_drift_1,1142,1789845079.227409,4704.1,126.75,741.18,4.15,104.56,0.0742,20.09,14.37,21.34,75.0,1500.0,15.2,healthy,0.0
fault_sensor_drift_1,1143,1789845080.227409,4697.2,126.55,743.12,4.2,104.42,0.0708,20.12,14.41,21.36,75.0,1500.0,15.2,healthy,0.0
fault_sensor_drift_1,1144,1789845081.227409,4682.7,126.74,749.36,4.3,104.38,0.0691,20.28,14.36,21.1,75.0,1500.0,15.2,healthy,0.0
fault_sensor_drift_1,1145,1789845082.227409,4683.0,126.53,750.49,4.33,104.26,0.0624,20.13,14.32,21.08,75.0,1500.0,15.2,healthy,0.0
fault_sensor_drift_1,1146,1789845083.227409,4694.9,126.61,749.33,4.32,104.19,0.0571,20.28,14.21,21.33,75.0,1500.0,15.2,healthy,0.0
fault_sensor_drift_1,1147,1789845084.227409,4687.1,126.29,745.83,4.29,104.22,0.0711,20.43,14.17,21.57,75.0,1500.0,15.2,healthy,0.0
fault_sensor_drift_1,1148,1789845085.227409,4712.1,126.46,737.31,4.28,104.25,0.0692,20.52,14.18,21.47,75.0,1500.0,15.2,healthy,0.0
fault_sensor_drift_1,1149,1789845086.227409,4703.7,126.45,732.04,4.29,104.14,0.0719,20.53,14.23,21.34,75.0,1500.0,15.2,healthy,0.0
fault_sensor_drift_1,1150,1789845087.227409,4703.3,126.53,737.62,4.31,104.15,0.0784,20.59,14.22,21.16,75.0,1500.0,15.2,healthy,0.0
fault_sensor_drift_1,1151,1789845088.227409,4710.4,126.76,738.45,4.34,104.13,0.0727,20.65,14.26,21.11,75.0,1500.0,15.2,healthy,0.0
fault_sensor_drift_1,1152,1789845089.227409,4702.0,126.88,743.46,4.37,104.05,0.0782,20.51,14.16,21.13,75.0,1500.0,15.2,healthy,0.0
fault_sensor_drift_1,1153,1789845090.227409,4703.3,126.71,739.79,4.38,103.99,0.0835,20.43,14.04,21.35,75.0,1500.0,15.2,healthy,0.0
fault_sensor_drift_1,1154,1789845091.227409,4724.6,126.74,734.75,4.4,103.83,0.0735,20.42,14.07,20.95,75.0,1500.0,15.2,healthy,0.0
fault_sensor_drift_1,1155,1789845092.227409,4706.4,126.77,733.54,4.38,103.98,0.0728,20.46,14.06,20.86,75.0,1500.0,15.2,healthy,0.0
fault_sensor_drift_1,1156,1789845093.227409,4706.8,126.76,734.57,4.43,104.02,0.0722,20.43,14.14,20.97,75.0,1500.0,15.2,healthy,0.0
fault_sensor_drift_1,1157,1789845094.227409,4702.7,127.0,737.5,4.4,104.09,0.0685,20.3,14.22,20.91,75.0,1500.0,15.2,healthy,0.0
fault_sensor_drift_1,1158,1789845095.227409,4670.4,127.02,738.46,4.44,104.18,0.0723,20.36,14.25,20.83,75.0,1500.0,15.2,healthy,0.0
fault_sensor_drift_1,1159,1789845096.227409,4688.5,127.09,737.51,4.36,104.03,0.0659,20.18,14.31,20.7,75.0,1500.0,15.2,healthy,0.0
fault_sensor_drift_1,1160,1789845097.227409,4682.0,127.34,737.87,4.38,103.97,0.0726,19.99,14.3,20.6,75.0,1500.0,15.2,healthy,0.0
fault_sensor_drift_1,1161,1789845098.227409,4702.9,127.1,734.42,4.28,104.05,0.0721,20.01,14.26,20.96,75.0,1500.0,15.2,healthy,0.0
fault_sensor_drift_1,1162,1789845099.227409,4700.2,127.15,735.5,4.29,104.02,0.0668,19.94,14.23,21.02,75.0,1500.0,15.2,healthy,0.0
fault_sensor_drift_1,1163,1789845100.227409,4686.0,126.78,740.4,4.27,103.95,0.07,20.15,14.19,21.24,75.0,1500.0,15.2,healthy,0.0
fault_sensor_drift_1,1164,1789845101.227409,4690.7,126.66,743.96,4.28,103.96,0.0796,20.07,14.18,21.31,75.0,1500.0,15.2,healthy,0.0
fault_sensor_drift_1,1165,1789845102.227409,4680.2,126.17,742.18,4.25,104.0,0.0801,20.15,14.13,21.17,75.0,1500.0,15.2,healthy,0.0
fault_sensor_drift_1,1166,1789845103.227409,4673.5,126.31,741.72,4.21,103.96,0.0753,20.13,14.09,21.07,75.0,1500.0,15.2,healthy,0.0
fault_sensor_drift_1,1167,1789845104.227409,4671.7,126.38,739.76,4.15,103.95,0.0793,20.15,14.17,21.34,75.0,1500.0,15.2,healthy,0.0
fault_sensor_drift_1,1168,1789845105.227409,4690.5,126.27,742.79,4.16,103.96,0.0775,20.04,14.15,21.32,75.0,1500.0,15.2,healthy,0.0
fault_sensor_drift_1,1169,1789845106.227409,4678.0,126.33,741.41,4.27,104.1,0.0753,20.08,14.17,20.96,75.0,1500.0,15.2,healthy,0.0
fault_sensor_drift_1,1170,1789845107.227409,4643.7,126.76,745.04,4.32,104.31,0.0739,20.05,14.15,20.94,75.0,1500.0,15.2,healthy,0.0
fault_sensor_drift_1,1171,1789845108.227409,4657.3,126.91,745.05,4.38,104.41,0.0685,20.07,14.09,21.12,75.0,1500.0,15.2,healthy,0.0
fault_sensor_drift_1,1172,1789845109.227409,4655.2,127.2,740.03,4.31,104.38,0.0595,20.07,14.08,21.02,75.0,1500.0,15.2,healthy,0.0
fault_sensor_drift_1,1173,1789845110.227409,4660.2,127.03,742.17,4.35,104.4,0.0642,19.88,14.06,20.84,75.0,1500.0,15.2,healthy,0.0
fault_sensor_drift_1,1174,1789845111.227409,4687.5,127.18,738.6,4.38,104.46,0.0662,20.05,14.08,20.71,75.0,1500.0,15.2,healthy,0.0
fault_sensor_drift_1,1175,1789845112.227409,4693.1,127.3,734.34,4.39,104.42,0.0591,20.07,14.16,21.02,75.0,1500.0,15.2,healthy,0.0
fault_sensor_drift_1,1176,1789845113.227409,4690.4,127.01,736.57,4.32,104.28,0.0675,20.03,14.16,21.26,75.0,1500.0,15.2,healthy,0.0
fault_sensor_drift_1,1177,1789845114.227409,4692.2,127.11,737.36,4.41,104.22,0.0685,20.18,14.11,21.27,75.0,1500.0,15.2,healthy,0.0
fault_sensor_drift_1,1178,1789845115.227409,4672.3,127.28,739.36,4.41,104.29,0.0669,20.3,14.17,21.29,75.0,1500.0,15.2,healthy,0.0
fault_sensor_drift_1,1179,1789845116.227409,4670.3,127.29,739.73,4.41,104.12,0.0658,20.33,14.28,21.32,75.0,1500.0,15.2,healthy,0.0
fault_sensor_drift_1,1180,1789845117.227409,4662.9,127.31,741.03,4.44,104.16,0.0643,20.13,14.25,21.09,75.0,1500.0,15.2,healthy,0.0
fault_sensor_drift_1,1181,1789845118.227409,4665.5,127.55,741.04,4.39,103.97,0.0711,19.97,14.2,21.37,75.0,1500.0,15.2,healthy,0.0
fault_sensor_drift_1,1182,1789845119.227409,4692.2,127.5,749.49,4.4,103.9,0.0829,19.93,14.17,21.42,75.0,1500.0,15.2,healthy,0.0
fault_sensor_drift_1,1183,1789845120.227409,4686.8,127.41,749.29,4.4,103.99,0.078,20.03,14.26,21.47,75.0,1500.0,15.2,healthy,0.0
fault_sensor_drift_1,1184,1789845121.227409,4680.3,127.55,746.86,4.4,104.04,0.0686,20.12,14.33,21.47,75.0,1500.0,15.2,healthy,0.0
fault_sensor_drift_1,1185,1789845122.227409,4684.6,127.64,737.68,4.43,104.09,0.0725,20.27,14.36,21.33,75.0,1500.0,15.2,healthy,0.0
fault_sensor_drift_1,1186,1789845123.227409,4698.8,127.67,741.17,4.39,104.15,0.0712,20.39,14.42,21.5,75.0,1500.0,15.2,healthy,0.0
fault_sensor_drift_1,1187,1789845124.227409,4720.0,127.75,745.51,4.42,104.22,0.0702,20.42,14.37,21.61,75.0,1500.0,15.2,healthy,0.0
fault_sensor_drift_1,1188,1789845125.227409,4687.4,127.41,738.54,4.47,104.35,0.0683,20.39,14.43,21.56,75.0,1500.0,15.2,healthy,0.0
fault_sensor_drift_1,1189,1789845126.227409,4697.2,127.44,742.34,4.39,104.39,0.0634,20.48,14.36,21.39,75.0,1500.0,15.2,healthy,0.0
fault_sensor_drift_1,1190,1789845127.227409,4712.4,127.39,740.33,4.43,104.31,0.0738,20.36,14.38,21.5,75.0,1500.0,15.2,healthy,0.0
fault_sensor_drift_1,1191,1789845128.227409,4728.9,127.03,743.57,4.48,104.15,0.0739,20.33,14.35,21.2,75.0,1500.0,15.2,healthy,0.0
fault_sensor_drift_1,1192,1789845129.227409,4734.1,126.87,745.5,4.41,104.18,0.0665,20.29,14.37,21.01,75.0,1500.0,15.2,healthy,0.0
fault_sensor_drift_1,1193,1789845130.227409,4743.6,127.12,745.26,4.42,104.31,0.0625,20.31,14.43,20.84,75.0,1500.0,15.2,healthy,0.0
fault_sensor_drift_1,1194,1789845131.227409,4735.6,127.21,747.8,4.42,104.27,0.0707,20.11,14.3,20.74,75.0,1500.0,15.2,healthy,0.0
fault_sensor_drift_1,1195,1789845132.227409,4732.4,126.71,743.03,4.43,104.15,0.0723,20.03,14.31,20.77,75.0,1500.0,15.2,healthy,0.0
fault_sensor_drift_1,1196,1789845133.227409,4719.3,126.49,741.08,4.35,104.15,0.0688,20.12,14.34,20.88,75.0,1500.0,15.2,healthy,0.0
fault_sensor_drift_1,1197,1789845134.227409,4698.6,126.74,742.08,4.29,104.16,0.0606,20.14,14.28,21.22,75.0,1500.0,15.2,healthy,0.0
fault_sensor_drift_1,1198,1789845135.227409,4697.5,126.36,738.85,4.3,104.27,0.0679,20.16,14.3,21.04,75.0,1500.0,15.2,healthy,0.0
fault_sensor_drift_1,1199,1789845136.227409,4704.1,126.32,736.51,4.31,104.27,0.0674,20.12,14.28,21.44,75.0,1500.0,15.2,healthy,0.0
fault_sensor_drift_1,1200,1789845137.227409,4690.0,126.02,735.07,4.39,104.35,0.0763,20.22,14.17,21.16,75.0,1500.0,15.2,healthy,0.0
fault_sensor_drift_1,1201,1789845138.227409,4658.2,126.02,739.44,4.39,104.33,0.0951,20.28,14.17,21.15,75.0,1500.0,15.2,healthy,0.0
fault_sensor_drift_1,1202,1789845139.227409,4674.0,125.99,741.05,4.36,104.32,0.0922,20.21,14.14,20.72,75.0,1500.0,15.2,healthy,0.0
fault_sensor_drift_1,1203,1789845140.227409,4702.6,126.0,740.0,4.33,104.34,0.0762,20.19,14.12,20.82,75.0,1500.0,15.2,healthy,0.0
fault_sensor_drift_1,1204,1789845141.227409,4693.8,125.98,741.61,4.36,104.3,0.0705,20.13,14.02,21.06,75.0,1500.0,15.2,healthy,0.0
fault_sensor_drift_1,1205,1789845142.227409,4682.0,125.83,742.51,4.36,104.32,0.0759,20.07,14.08,20.89,75.0,1500.0,15.2,healthy,0.0
fault_sensor_drift_1,1206,1789845143.227409,4688.1,126.12,741.5,4.42,104.35,0.0772,19.89,14.13,21.1,75.0,1500.0,15.2,healthy,0.0
fault_sensor_drift_1,1207,1789845144.227409,4715.5,126.21,741.37,4.35,104.3,0.0782,20.17,14.06,20.89,75.0,1500.0,15.2,healthy,0.0
fault_sensor_drift_1,1208,1789845145.227409,4691.2,125.91,743.55,4.34,104.27,0.073,20.18,14.03,20.8,75.0,1500.0,15.2,healthy,0.0
fault_sensor_drift_1,1209,1789845146.227409,4687.6,125.87,744.11,4.36,104.34,0.0773,20.27,14.09,20.58,75.0,1500.0,15.2,healthy,0.0
fault_sensor_drift_1,1210,1789845147.227409,4720.0,125.9,749.13,4.38,104.2,0.072,20.31,14.04,21.04,75.0,1500.0,15.2,healthy,0.0
fault_sensor_drift_1,1211,1789845148.227409,4721.6,125.44,740.49,4.41,104.22,0.0671,20.48,14.03,20.83,75.0,1500.0,15.2,healthy,0.0
fault_sensor_drift_1,1212,1789845149.227409,4699.1,125.6,738.91,4.37,104.15,0.0709,20.69,14.02,20.99,75.0,1500.0,15.2,healthy,0.0
fault_sensor_drift_1,1213,1789845150.227409,4696.3,125.68,740.89,4.33,104.2,0.0745,20.74,14.13,20.68,75.0,1500.0,15.2,healthy,0.0
fault_sensor_drift_1,1214,1789845151.227409,4705.7,125.4,741.6,4.37,104.12,0.0744,20.57,14.09,20.65,75.0,1500.0,15.2,healthy,0.0
fault_sensor_drift_1,1215,1789845152.227409,4722.4,125.65,736.19,4.41,103.9,0.069,20.46,14.06,20.77,75.0,1500.0,15.2,healthy,0.0
fault_sensor_drift_1,1216,1789845153.227409,4718.9,125.69,735.06,4.37,104.04,0.0616,20.46,14.13,20.85,75.0,1500.0,15.2,healthy,0.0
fault_sensor_drift_1,1217,1789845154.227409,4738.9,125.98,738.29,4.32,103.91,0.0637,20.45,14.1,21.14,75.0,1500.0,15.2,healthy,0.0
fault_sensor_drift_1,1218,1789845155.227409,4726.1,125.94,741.36,4.26,103.78,0.0718,20.57,14.04,21.08,75.0,1500.0,15.2,healthy,0.0
fault_sensor_drift_1,1219,1789845156.227409,4714.0,126.01,744.45,4.31,103.78,0.0741,20.52,14.13,21.38,75.0,1500.0,15.2,healthy,0.0
fault_sensor_drift_1,1220,1789845157.227409,4674.3,126.17,739.31,4.38,103.72,0.0738,20.35,14.17,21.58,75.0,1500.0,15.2,healthy,0.0
fault_sensor_drift_1,1221,1789845158.227409,4697.0,126.14,742.08,4.31,103.65,0.0815,20.29,14.15,21.28,75.0,1500.0,15.2,healthy,0.0
fault_sensor_drift_1,1222,1789845159.227409,4714.7,126.0,739.35,4.25,103.81,0.0738,20.36,14.13,21.36,75.0,1500.0,15.2,healthy,0.0
fault_sensor_drift_1,1223,1789845160.227409,4736.8,125.92,742.08,4.26,103.81,0.0674,20.24,14.08,21.65,75.0,1500.0,15.2,healthy,0.0
fault_sensor_drift_1,1224,1789845161.227409,4728.8,125.91,742.76,4.23,103.87,0.0635,20.28,14.06,21.47,75.0,1500.0,15.2,healthy,0.0
fault_sensor_drift_1,1225,1789845162.227409,4736.8,125.96,740.78,4.19,104.06,0.0645,20.19,14.1,21.09,75.0,1500.0,15.2,healthy,0.0
fault_sensor_drift_1,1226,1789845163.227409,4726.1,125.92,742.5,4.17,104.05,0.074,20.25,14.16,21.25,75.0,1500.0,15.2,healthy,0.0
fault_sensor_drift_1,1227,1789845164.227409,4705.6,125.92,741.71,4.17,104.06,0.0907,20.18,14.08,21.13,75.0,1500.0,15.2,healthy,0.0
fault_sensor_drift_1,1228,1789845165.227409,4720.1,125.82,742.91,4.16,103.98,0.0859,20.3,14.07,20.7,75.0,1500.0,15.2,healthy,0.0
fault_sensor_drift_1,1229,1789845166.227409,4717.0,125.83,744.0,4.29,103.94,0.0764,20.34,14.05,20.79,75.0,1500.0,15.2,healthy,0.0
fault_sensor_drift_1,1230,1789845167.227409,4712.1,126.28,747.17,4.34,103.97,0.0745,20.38,14.05,20.94,75.0,1500.0,15.2,healthy,0.0
fault_sensor_drift_1,1231,1789845168.227409,4690.1,126.21,743.79,4.35,104.08,0.0775,20.37,14.11,21.19,75.0,1500.0,15.2,healthy,0.0
fault_sensor_drift_1,1232,1789845169.227409,4673.7,126.16,744.53,4.37,104.05,0.0696,20.52,14.14,21.45,75.0,1500.0,15.2,healthy,0.0
fault_sensor_drift_1,1233,1789845170.227409,4661.8,125.83,743.82,4.33,104.1,0.0676,20.33,14.17,21.3,75.0,1500.0,15.2,healthy,0.0
fault_sensor_drift_1,1234,1789845171.227409,4626.2,126.04,740.86,4.26,104.15,0.0709,20.26,14.13,21.0,75.0,1500.0,15.2,healthy,0.0
fault_sensor_drift_1,1235,1789845172.227409,4628.3,126.35,739.57,4.31,104.07,0.0721,20.24,14.13,21.01,75.0,1500.0,15.2,healthy,0.0
fault_sensor_drift_1,1236,1789845173.227409,4655.4,126.14,739.51,4.35,104.04,0.0729,20.19,14.15,21.33,75.0,1500.0,15.2,healthy,0.0
fault_sensor_drift_1,1237,1789845174.227409,4658.4,126.21,741.1,4.41,104.02,0.0762,20.32,14.15,21.21,75.0,1500.0,15.2,healthy,0.0
fault_sensor_drift_1,1238,1789845175.227409,4685.1,126.49,745.13,4.37,103.93,0.0837,20.32,14.23,21.22,75.0,1500.0,15.2,healthy,0.0
fault_sensor_drift_1,1239,1789845176.227409,4683.3,126.37,740.5,4.31,103.88,0.0853,20.52,14.15,20.96,75.0,1500.0,15.2,healthy,0.0
fault_sensor_drift_1,1240,1789845177.227409,4690.6,126.3,744.56,4.38,104.11,0.0844,20.51,14.09,20.9,75.0,1500.0,15.2,healthy,0.0
fault_sensor_drift_1,1241,1789845178.227409,4703.6,126.28,735.76,4.41,104.05,0.0786,20.53,14.07,20.92,75.0,1500.0,15.2,healthy,0.0
fault_sensor_drift_1,1242,1789845179.227409,4721.8,126.25,735.16,4.39,104.17,0.0725,20.36,14.08,20.81,75.0,1500.0,15.2,healthy,0.0
fault_sensor_drift_1,1243,1789845180.227409,4717.9,126.23,734.97,4.34,104.09,0.0777,20.39,14.12,20.71,75.0,1500.0,15.2,healthy,0.0
fault_sensor_drift_1,1244,1789845181.227409,4700.1,125.77,737.09,4.37,104.15,0.0822,20.42,14.11,21.05,75.0,1500.0,15.2,healthy,0.0
fault_sensor_drift_1,1245,1789845182.227409,4704.3,126.06,741.98,4.29,104.04,0.0781,20.61,14.1,21.03,75.0,1500.0,15.2,healthy,0.0
fault_sensor_drift_1,1246,1789845183.227409,4710.4,125.76,741.66,4.37,103.87,0.082,20.64,14.05,21.36,75.0,1500.0,15.2,healthy,0.0
fault_sensor_drift_1,1247,1789845184.227409,4704.2,125.77,747.93,4.26,103.88,0.0848,20.44,14.08,21.26,75.0,1500.0,15.2,healthy,0.0
fault_sensor_drift_1,1248,1789845185.227409,4688.6,125.96,744.32,4.36,103.85,0.0786,20.39,14.08,21.14,75.0,1500.0,15.2,healthy,0.0
fault_sensor_drift_1,1249,1789845186.227409,4688.8,125.81,742.65,4.41,103.79,0.0801,20.27,14.09,21.01,75.0,1500.0,15.2,healthy,0.0
fault_sensor_drift_1,1250,1789845187.227409,4683.6,125.98,743.05,4.38,103.83,0.0741,20.45,14.02,21.11,75.0,1500.0,15.2,healthy,0.0
fault_sensor_drift_1,1251,1789845188.227409,4697.4,125.81,744.97,4.31,103.92,0.0829,20.44,14.1,21.17,75.0,1500.0,15.2,healthy,0.0
fault_sensor_drift_1,1252,1789845189.227409,4695.9,125.88,743.34,4.25,103.96,0.0735,20.57,14.04,20.92,75.0,1500.0,15.2,healthy,0.0
fault_sensor_drift_1,1253,1789845190.227409,4691.8,126.04,736.56,4.3,104.04,0.0747,20.46,14.15,20.9,75.0,1500.0,15.2,healthy,0.0
fault_sensor_drift_1,1254,1789845191.227409,4688.1,126.41,731.05,4.3,104.07,0.0719,20.39,14.21,20.98,75.0,1500.0,15.2,healthy,0.0
fault_sensor_drift_1,1255,1789845192.227409,4683.8,126.4,733.77,4.41,103.88,0.0719,20.41,14.21,20.8,75.0,1500.0,15.2,healthy,0.0
fault_sensor_drift_1,1256,1789845193.227409,4667.8,126.23,733.14,4.35,103.98,0.0784,20.37,14.24,20.84,75.0,1500.0,15.2,healthy,0.0
fault_sensor_drift_1,1257,1789845194.227409,4646.6,126.33,736.28,4.38,103.87,0.0791,20.36,14.29,20.88,75.0,1500.0,15.2,healthy,0.0
fault_sensor_drift_1,1258,1789845195.227409,4658.3,126.5,731.59,4.47,103.9,0.0769,20.31,14.28,21.04,75.0,1500.0,15.2,healthy,0.0
fault_sensor_drift_1,1259,1789845196.227409,4688.4,126.5,731.69,4.44,103.76,0.0754,20.26,14.32,21.27,75.0,1500.0,15.2,healthy,0.0
fault_sensor_drift_1,1260,1789845197.227409,4676.2,126.63,733.08,4.5,103.79,0.0675,20.2,14.28,21.1,75.0,1500.0,15.2,healthy,0.0
fault_sensor_drift_1,1261,1789845198.227409,4657.8,127.02,733.39,4.54,103.79,0.066,20.19,14.28,20.86,75.0,1500.0,15.2,healthy,0.0
fault_sensor_drift_1,1262,1789845199.227409,4674.3,126.91,731.14,4.53,103.91,0.0618,20.09,14.27,20.91,75.0,1500.0,15.2,healthy,0.0
fault_sensor_drift_1,1263,1789845200.227409,4684.6,127.29,732.63,4.53,103.72,0.0713,20.12,14.3,21.15,75.0,1500.0,15.2,healthy,0.0
fault_sensor_drift_1,1264,1789845201.227409,4702.8,127.42,733.86,4.39,103.58,0.0692,20.25,14.37,21.24,75.0,1500.0,15.2,healthy,0.0
fault_sensor_drift_1,1265,1789845202.227409,4690.7,127.3,737.56,4.45,103.4,0.0622,20.24,14.39,21.41,75.0,1500.0,15.2,healthy,0.0
fault_sensor_drift_1,1266,1789845203.227409,4691.4,126.98,740.12,4.46,103.36,0.0656,20.38,14.35,21.44,75.0,1500.0,15.2,healthy,0.0
fault_sensor_drift_1,1267,1789845204.227409,4687.6,126.95,737.83,4.42,103.52,0.0729,20.21,14.35,21.24,75.0,1500.0,15.2,healthy,0.0
fault_sensor_drift_1,1268,1789845205.227409,4691.2,126.53,736.01,4.46,103.47,0.0703,20.14,14.28,21.14,75.0,1500.0,15.2,healthy,0.0
fault_sensor_drift_1,1269,1789845206.227409,4680.0,126.54,739.75,4.43,103.44,0.0822,20.16,14.31,21.18,75.0,1500.0,15.2,healthy,0.0
fault_sensor_drift_1,1270,1789845207.227409,4677.8,126.52,736.19,4.54,103.43,0.077,20.16,14.18,21.19,75.0,1500.0,15.2,healthy,0.0
fault_sensor_drift_1,1271,1789845208.227409,4663.8,126.42,737.72,4.54,103.48,0.0777,20.12,14.2,21.06,75.0,1500.0,15.2,healthy,0.0
fault_sensor_drift_1,1272,1789845209.227409,4664.0,126.47,737.22,4.46,103.41,0.0764,20.13,14.25,21.25,75.0,1500.0,15.2,healthy,0.0
fault_sensor_drift_1,1273,1789845210.227409,4673.7,126.68,733.74,4.43,103.32,0.0781,20.19,14.26,21.2,75.0,1500.0,15.2,healthy,0.0
fault_sensor_drift_1,1274,1789845211.227409,4693.1,126.78,733.47,4.4,103.24,0.0744,20.08,14.33,21.42,75.0,1500.0,15.2,healthy,0.0
fault_sensor_drift_1,1275,1789845212.227409,4705.5,126.87,731.07,4.42,103.31,0.0697,19.95,14.32,21.49,75.0,1500.0,15.2,healthy,0.0
fault_sensor_drift_1,1276,1789845213.227409,4705.9,126.82,734.59,4.44,103.34,0.0702,20.04,14.32,21.7,75.0,1500.0,15.2,healthy,0.0
fault_sensor_drift_1,1277,1789845214.227409,4704.9,126.66,740.56,4.43,103.37,0.0737,20.21,14.36,21.32,75.0,1500.0,15.2,healthy,0.0
fault_sensor_drift_1,1278,1789845215.227409,4717.5,126.65,740.84,4.37,103.34,0.0676,20.36,14.3,21.04,75.0,1500.0,15.2,healthy,0.0
fault_sensor_drift_1,1279,1789845216.227409,4716.4,126.7,741.67,4.31,103.54,0.0668,20.34,14.37,21.14,75.0,1500.0,15.2,healthy,0.0
fault_sensor_drift_1,1280,1789845217.227409,4694.0,126.67,742.18,4.34,103.33,0.0664,20.22,14.31,21.1,75.0,1500.0,15.2,healthy,0.0
fault_sensor_drift_1,1281,1789845218.227409,4694.5,126.66,741.72,4.3,103.4,0.0808,20.24,14.31,21.21,75.0,1500.0,15.2,healthy,0.0
fault_sensor_drift_1,1282,1789845219.227409,4683.6,126.87,744.05,4.24,103.36,0.0906,20.39,14.26,21.34,75.0,1500.0,15.2,healthy,0.0
fault_sensor_drift_1,1283,1789845220.227409,4691.1,126.78,741.05,4.32,103.32,0.0846,20.34,14.27,21.24,75.0,1500.0,15.2,healthy,0.0
fault_sensor_drift_1,1284,1789845221.227409,4689.3,127.04,738.25,4.41,103.37,0.0847,20.35,14.31,21.46,75.0,1500.0,15.2,healthy,0.0
fault_sensor_drift_1,1285,1789845222.227409,4693.5,126.82,739.9,4.46,103.25,0.0852,20.28,14.26,21.41,75.0,1500.0,15.2,healthy,0.0
fault_sensor_drift_1,1286,1789845223.227409,4694.5,126.85,740.92,4.43,103.29,0.0784,20.33,14.13,21.05,75.0,1500.0,15.2,healthy,0.0
fault_sensor_drift_1,1287,1789845224.227409,4716.3,126.89,742.35,4.41,103.25,0.0835,20.36,14.17,20.9,75.0,1500.0,15.2,healthy,0.0
fault_sensor_drift_1,1288,1789845225.227409,4721.8,126.59,743.44,4.35,103.24,0.0874,20.48,14.13,20.98,75.0,1500.0,15.2,healthy,0.0
fault_sensor_drift_1,1289,1789845226.227409,4727.2,126.68,740.8,4.33,103.3,0.0857,20.27,14.09,21.58,75.0,1500.0,15.2,healthy,0.0
fault_sensor_drift_1,1290,1789845227.227409,4722.6,126.8,737.89,4.39,103.11,0.077,20.14,14.13,21.24,75.0,1500.0,15.2,healthy,0.0
fault_sensor_drift_1,1291,1789845228.227409,4717.4,126.71,742.38,4.41,103.16,0.0689,20.03,14.15,21.09,75.0,1500.0,15.2,healthy,0.0
fault_sensor_drift_1,1292,1789845229.227409,4715.0,126.5,739.19,4.36,102.9,0.0662,20.15,14.13,21.27,75.0,1500.0,15.2,healthy,0.0
fault_sensor_drift_1,1293,1789845230.227409,4714.5,126.7,741.04,4.27,102.88,0.073,20.09,14.22,21.31,75.0,1500.0,15.2,healthy,0.0
fault_sensor_drift_1,1294,1789845231.227409,4718.0,126.78,745.33,4.19,102.97,0.0659,20.19,14.2,21.28,75.0,1500.0,15.2,healthy,0.0
fault_sensor_drift_1,1295,1789845232.227409,4719.5,126.8,745.92,4.28,103.07,0.0639,20.11,14.16,21.24,75.0,1500.0,15.2,healthy,0.0
fault_sensor_drift_1,1296,1789845233.227409,4709.3,126.81,747.65,4.26,103.15,0.069,19.97,14.1,21.09,75.0,1500.0,15.2,healthy,0.0
fault_sensor_drift_1,1297,1789845234.227409,4690.6,126.74,746.95,4.27,103.28,0.0749,19.98,14.08,21.48,75.0,1500.0,15.2,healthy,0.0
fault_sensor_drift_1,1298,1789845235.227409,4694.1,126.45,739.47,4.34,103.38,0.0689,20.17,14.07,21.28,75.0,1500.0,15.2,healthy,0.0
fault_sensor_drift_1,1299,1789845236.227409,4669.5,126.59,746.08,4.32,103.45,0.0696,20.23,14.1,21.2,75.0,1500.0,15.2,healthy,0.0
fault_sensor_drift_1,1300,1789845237.227409,4662.5,126.93,745.12,4.34,103.41,0.0659,20.19,14.03,20.92,75.0,1500.0,15.2,healthy,0.0
fault_sensor_drift_1,1301,1789845238.227409,4667.0,127.05,741.85,4.38,103.28,0.0592,20.13,14.04,21.37,75.0,1500.0,15.2,healthy,0.0
fault_sensor_drift_1,1302,1789845239.227409,4665.3,126.89,739.61,4.31,103.22,0.0665,19.98,13.97,21.07,75.0,1500.0,15.2,healthy,0.0
fault_sensor_drift_1,1303,1789845240.227409,4668.7,127.1,740.55,4.32,103.15,0.0728,20.19,14.01,21.29,75.0,1500.0,15.2,healthy,0.0
fault_sensor_drift_1,1304,1789845241.227409,4701.7,127.12,741.47,4.37,102.93,0.0736,20.11,14.09,21.31,75.0,1500.0,15.2,healthy,0.0
fault_sensor_drift_1,1305,1789845242.227409,4734.3,127.11,741.3,4.37,103.18,0.0655,20.31,14.14,20.86,75.0,1500.0,15.2,healthy,0.0
fault_sensor_drift_1,1306,1789845243.227409,4738.8,127.04,742.31,4.32,103.24,0.0689,20.28,14.05,20.91,75.0,1500.0,15.2,healthy,0.0
fault_sensor_drift_1,1307,1789845244.227409,4723.4,127.28,741.19,4.35,103.09,0.0648,20.12,14.06,21.02,75.0,1500.0,15.2,healthy,0.0
fault_sensor_drift_1,1308,1789845245.227409,4742.9,127.11,739.4,4.4,103.02,0.0705,20.12,14.08,20.98,75.0,1500.0,15.2,healthy,0.0
fault_sensor_drift_1,1309,1789845246.227409,4740.2,127.29,744.86,4.51,102.88,0.0688,20.22,14.07,20.93,75.0,1500.0,15.2,healthy,0.0
fault_sensor_drift_1,1310,1789845247.227409,4733.2,127.19,744.54,4.44,102.82,0.0683,20.26,14.0,21.09,75.0,1500.0,15.2,healthy,0.0
fault_sensor_drift_1,1311,1789845248.227409,4748.8,126.94,747.9,4.41,102.87,0.0661,20.34,14.05,21.0,75.0,1500.0,15.2,healthy,0.0
fault_sensor_drift_1,1312,1789845249.227409,4713.8,126.69,747.03,4.41,102.9,0.0789,20.52,14.02,20.92,75.0,1500.0,15.2,healthy,0.0
fault_sensor_drift_1,1313,1789845250.227409,4694.4,126.94,744.17,4.48,103.08,0.0674,20.34,13.97,21.17,75.0,1500.0,15.2,healthy,0.0
fault_sensor_drift_1,1314,1789845251.227409,4697.1,127.27,749.44,4.47,103.06,0.0812,20.37,14.1,21.13,75.0,1500.0,15.2,healthy,0.0
fault_sensor_drift_1,1315,1789845252.227409,4709.6,126.96,745.83,4.45,103.22,0.0766,20.51,14.08,21.48,75.0,1500.0,15.2,healthy,0.0
fault_sensor_drift_1,1316,1789845253.227409,4710.5,126.89,749.45,4.42,103.16,0.0722,20.36,14.09,21.45,75.0,1500.0,15.2,healthy,0.0
fault_sensor_drift_1,1317,1789845254.227409,4711.4,126.72,744.34,4.46,103.11,0.0717,20.37,14.08,21.1,75.0,1500.0,15.2,healthy,0.0
fault_sensor_drift_1,1318,1789845255.227409,4726.5,126.61,741.31,4.43,103.17,0.0737,20.28,14.16,20.94,75.0,1500.0,15.2,healthy,0.0
fault_sensor_drift_1,1319,1789845256.227409,4690.0,126.65,740.36,4.35,103.02,0.0796,20.4,14.15,20.75,75.0,1500.0,15.2,healthy,0.0
fault_sensor_drift_1,1320,1789845257.227409,4672.5,126.5,744.23,4.33,102.89,0.0753,20.39,14.18,20.76,75.0,1500.0,15.2,healthy,0.0
fault_sensor_drift_1,1321,1789845258.227409,4670.5,126.44,741.2,4.35,102.89,0.0779,20.31,14.22,20.93,75.0,1500.0,15.2,healthy,0.0
fault_sensor_drift_1,1322,1789845259.227409,4679.8,126.55,744.69,4.38,103.01,0.0687,20.23,14.2,20.83,75.0,1500.0,15.2,healthy,0.0
fault_sensor_drift_1,1323,1789845260.227409,4657.1,126.45,741.67,4.32,103.14,0.068,20.31,14.21,21.11,75.0,1500.0,15.2,healthy,0.0
fault_sensor_drift_1,1324,1789845261.227409,4677.1,126.65,742.06,4.42,103.19,0.0735,20.36,14.23,21.05,75.0,1500.0,15.2,healthy,0.0
fault_sensor_drift_1,1325,1789845262.227409,4698.5,126.64,743.36,4.33,103.22,0.064,20.33,14.19,21.06,75.0,1500.0,15.2,healthy,0.0
fault_sensor_drift_1,1326,1789845263.227409,4690.8,126.56,745.45,4.39,103.28,0.0718,20.23,14.3,21.31,75.0,1500.0,15.2,healthy,0.0
fault_sensor_drift_1,1327,1789845264.227409,4686.7,125.88,743.02,4.41,103.2,0.07,20.24,14.25,21.65,75.0,1500.0,15.2,healthy,0.0
fault_sensor_drift_1,1328,1789845265.227409,4703.9,126.05,746.15,4.37,103.36,0.0735,20.46,14.34,21.67,75.0,1500.0,15.2,healthy,0.0
fault_sensor_drift_1,1329,1789845266.227409,4702.2,126.24,738.59,4.41,103.5,0.0797,20.48,14.35,21.64,75.0,1500.0,15.2,healthy,0.0
fault_sensor_drift_1,1330,1789845267.227409,4708.6,126.18,739.91,4.4,103.51,0.0789,20.56,14.41,21.62,75.0,1500.0,15.2,healthy,0.0
fault_sensor_drift_1,1331,1789845268.227409,4719.1,125.82,735.18,4.3,103.49,0.067,20.55,14.41,21.45,75.0,1500.0,15.2,healthy,0.0
fault_sensor_drift_1,1332,1789845269.227409,4738.7,125.92,732.72,4.26,103.57,0.0719,20.38,14.38,21.39,75.0,1500.0,15.2,healthy,0.0
fault_sensor_drift_1,1333,1789845270.227409,4746.1,126.14,739.44,4.24,103.5,0.0753,20.39,14.31,21.25,75.0,1500.0,15.2,healthy,0.0
fault_sensor_drift_1,1334,1789845271.227409,4717.9,125.98,740.28,4.32,103.69,0.0747,20.33,14.39,21.1,75.0,1500.0,15.2,healthy,0.0
fault_sensor_drift_1,1335,1789845272.227409,4710.0,126.09,744.08,4.3,103.71,0.0776,20.28,14.48,21.15,75.0,1500.0,15.2,healthy,0.0
fault_sensor_drift_1,1336,1789845273.227409,4704.9,126.22,736.05,4.23,103.87,0.0716,20.41,14.54,21.31,75.0,1500.0,15.2,healthy,0.0
fault_sensor_drift_1,1337,1789845274.227409,4686.2,126.17,733.1,4.22,103.95,0.0658,20.34,14.54,21.2,75.0,1500.0,15.2,healthy,0.0
fault_sensor_drift_1,1338,1789845275.227409,4673.9,126.24,734.04,4.26,103.89,0.0712,20.18,14.5,21.39,75.0,1500.0,15.2,healthy,0.0
fault_sensor_drift_1,1339,1789845276.227409,4679.0,126.07,734.21,4.22,104.02,0.0639,20.17,14.45,21.52,75.0,1500.0,15.2,healthy,0.0
fault_sensor_drift_1,1340,1789845277.227409,4689.4,126.33,731.22,4.26,104.25,0.0687,20.26,14.42,20.9,75.0,1500.0,15.2,healthy,0.0
fault_sensor_drift_1,1341,1789845278.227409,4666.3,126.41,732.14,4.28,104.27,0.0727,20.18,14.34,20.9,75.0,1500.0,15.2,healthy,0.0
fault_sensor_drift_1,1342,1789845279.227409,4665.2,126.57,735.06,4.3,104.21,0.0729,19.94,14.32,21.23,75.0,1500.0,15.2,healthy,0.0
fault_sensor_drift_1,1343,1789845280.227409,4684.5,126.66,742.42,4.31,104.2,0.0696,19.99,14.28,21.24,75.0,1500.0,15.2,healthy,0.0
fault_sensor_drift_1,1344,1789845281.227409,4684.4,126.85,746.81,4.23,104.18,0.0743,19.96,14.2,21.29,75.0,1500.0,15.2,healthy,0.0
fault_sensor_drift_1,1345,1789845282.227409,4682.7,126.56,739.64,4.21,104.32,0.0665,20.03,14.22,21.05,75.0,1500.0,15.2,healthy,0.0
fault_sensor_drift_1,1346,1789845283.227409,4683.6,126.56,742.39,4.39,104.15,0.0802,20.16,14.28,21.16,75.0,1500.0,15.2,healthy,0.0
fault_sensor_drift_1,1347,1789845284.227409,4685.8,126.3,739.28,4.36,104.17,0.0737,20.09,14.28,20.97,75.0,1500.0,15.2,healthy,0.0
fault_sensor_drift_1,1348,1789845285.227409,4665.7,126.53,737.04,4.41,104.08,0.0719,20.34,14.27,20.76,75.0,1500.0,15.2,healthy,0.0
fault_sensor_drift_1,1349,1789845286.227409,4693.9,126.62,738.76,4.4,104.06,0.0664,20.37,14.22,21.54,75.0,1500.0,15.2,healthy,0.0
fault_sensor_drift_1,1350,1789845287.227409,4699.2,126.68,740.26,4.32,104.09,0.0729,20.43,14.23,21.35,75.0,1500.0,15.2,healthy,0.0
fault_sensor_drift_1,1351,1789845288.227409,4699.2,126.25,742.51,4.34,104.09,0.0718,20.49,14.23,21.22,75.0,1500.0,15.2,healthy,0.0
fault_sensor_drift_1,1352,1789845289.227409,4742.3,126.42,740.24,4.35,104.11,0.073,20.42,14.22,21.34,75.0,1500.0,15.2,healthy,0.0
fault_sensor_drift_1,1353,1789845290.227409,4739.2,126.59,741.17,4.4,104.19,0.0682,20.29,14.22,20.92,75.0,1500.0,15.2,healthy,0.0
fault_sensor_drift_1,1354,1789845291.227409,4742.9,126.24,739.27,4.39,104.19,0.0698,20.27,14.29,21.04,75.0,1500.0,15.2,healthy,0.0
fault_sensor_drift_1,1355,1789845292.227409,4725.6,126.5,735.86,4.4,104.17,0.0728,20.14,14.29,21.06,75.0,1500.0,15.2,healthy,0.0
fault_sensor_drift_1,1356,1789845293.227409,4706.7,126.49,738.19,4.36,104.22,0.073,20.36,14.24,21.41,75.0,1500.0,15.2,healthy,0.0
fault_sensor_drift_1,1357,1789845294.227409,4727.8,126.39,742.1,4.36,104.24,0.0733,20.43,14.26,21.09,75.0,1500.0,15.2,healthy,0.0
fault_sensor_drift_1,1358,1789845295.227409,4743.7,126.47,736.12,4.33,104.27,0.0755,20.31,14.14,21.26,75.0,1500.0,15.2,healthy,0.0
fault_sensor_drift_1,1359,1789845296.227409,4720.6,126.53,733.21,4.36,104.3,0.0768,20.19,14.13,21.38,75.0,1500.0,15.2,healthy,0.0
fault_sensor_drift_1,1360,1789845297.227409,4710.5,126.21,733.44,4.33,104.48,0.0699,20.3,14.15,21.32,75.0,1500.0,15.2,healthy,0.0
fault_sensor_drift_1,1361,1789845298.227409,4707.4,126.15,733.05,4.38,104.52,0.0746,20.48,14.11,20.92,75.0,1500.0,15.2,healthy,0.0
fault_sensor_drift_1,1362,1789845299.227409,4737.7,126.09,733.53,4.35,104.54,0.0737,20.33,14.02,21.36,75.0,1500.0,15.2,healthy,0.0
fault_sensor_drift_1,1363,1789845300.227409,4730.1,126.01,731.67,4.45,104.62,0.0704,20.18,14.08,21.24,75.0,1500.0,15.2,healthy,0.0
fault_sensor_drift_1,1364,1789845301.227409,4725.6,126.36,733.38,4.4,104.45,0.0618,20.14,14.08,20.98,75.0,1500.0,15.2,healthy,0.0
fault_sensor_drift_1,1365,1789845302.227409,4728.8,126.4,735.98,4.27,104.48,0.0584,20.05,14.1,21.18,75.0,1500.0,15.2,healthy,0.0
fault_sensor_drift_1,1366,1789845303.227409,4755.1,126.51,736.51,4.31,104.47,0.0669,20.01,14.12,21.28,75.0,1500.0,15.2,healthy,0.0
fault_sensor_drift_1,1367,1789845304.227409,4745.3,126.42,739.5,4.37,104.44,0.0681,20.0,14.02,21.28,75.0,1500.0,15.2,healthy,0.0
fault_sensor_drift_1,1368,1789845305.227409,4763.5,126.24,744.11,4.29,104.37,0.0769,19.96,14.09,21.07,75.0,1500.0,15.2,healthy,0.0
fault_sensor_drift_1,1369,1789845306.227409,4726.1,126.06,744.98,4.24,104.37,0.0835,20.06,14.0,20.9,75.0,1500.0,15.2,healthy,0.0
fault_sensor_drift_1,1370,1789845307.227409,4753.7,126.15,741.3,4.24,104.41,0.0813,20.03,14.0,21.17,75.0,1500.0,15.2,healthy,0.0
fault_sensor_drift_1,1371,1789845308.227409,4750.2,125.95,742.55,4.37,104.41,0.0737,20.1,14.04,21.12,75.0,1500.0,15.2,healthy,0.0
fault_sensor_drift_1,1372,1789845309.227409,4768.6,126.13,745.06,4.37,104.3,0.0757,20.23,14.06,21.09,75.0,1500.0,15.2,healthy,0.0
fault_sensor_drift_1,1373,1789845310.227409,4743.2,126.37,746.04,4.41,104.27,0.0752,20.22,14.07,21.24,75.0,1500.0,15.2,healthy,0.0
fault_sensor_drift_1,1374,1789845311.227409,4768.4,126.36,744.52,4.33,104.3,0.0693,20.18,14.12,21.1,75.0,1500.0,15.2,healthy,0.0
fault_sensor_drift_1,1375,1789845312.227409,4707.8,126.23,744.03,4.3,104.2,0.0667,20.14,14.05,21.14,75.0,1500.0,15.2,healthy,0.0
fault_sensor_drift_1,1376,1789845313.227409,4691.1,126.39,747.29,4.36,104.11,0.0661,20.21,14.06,21.17,75.0,1500.0,15.2,healthy,0.0
fault_sensor_drift_1,1377,1789845314.227409,4703.1,126.24,750.98,4.35,104.06,0.0636,19.98,14.06,21.09,75.0,1500.0,15.2,healthy,0.0
fault_sensor_drift_1,1378,1789845315.227409,4725.0,126.29,747.69,4.41,103.96,0.0695,20.09,14.15,21.34,75.0,1500.0,15.2,healthy,0.0
fault_sensor_drift_1,1379,1789845316.227409,4734.8,126.25,751.62,4.38,104.08,0.078,20.09,14.12,21.15,75.0,1500.0,15.2,healthy,0.0
fault_sensor_drift_1,1380,1789845317.227409,4693.2,126.22,750.62,4.3,104.03,0.0631,20.01,14.15,21.06,75.0,1500.0,15.2,healthy,0.0
fault_sensor_drift_1,1381,1789845318.227409,4678.2,125.87,751.26,4.36,103.93,0.0674,20.03,14.15,21.09,75.0,1500.0,15.2,healthy,0.0
fault_sensor_drift_1,1382,1789845319.227409,4697.3,125.69,748.46,4.31,103.94,0.0724,20.04,14.14,21.01,75.0,1500.0,15.2,healthy,0.0
fault_sensor_drift_1,1383,1789845320.227409,4692.3,125.91,742.26,4.22,104.01,0.0711,20.06,14.08,20.84,75.0,1500.0,15.2,healthy,0.0
fault_sensor_drift_1,1384,1789845321.227409,4704.1,126.41,736.71,4.2,103.85,0.0781,20.2,14.2,20.81,75.0,1500.0,15.2,healthy,0.0
fault_sensor_drift_1,1385,1789845322.227409,4686.6,126.51,739.38,4.2,104.06,0.0831,20.23,14.19,20.74,75.0,1500.0,15.2,healthy,0.0
fault_sensor_drift_1,1386,1789845323.227409,4675.9,126.68,737.76,4.3,104.06,0.0804,20.11,14.2,21.05,75.0,1500.0,15.2,healthy,0.0
fault_sensor_drift_1,1387,1789845324.227409,4693.3,126.58,741.98,4.28,104.07,0.0795,20.12,14.14,21.23,75.0,1500.0,15.2,healthy,0.0
fault_sensor_drift_1,1388,1789845325.227409,4685.3,126.44,736.64,4.22,104.09,0.0694,20.08,14.18,21.11,75.0,1500.0,15.2,healthy,0.0
fault_sensor_drift_1,1389,1789845326.227409,4685.6,126.58,733.19,4.27,103.92,0.0764,20.13,14.15,20.86,75.0,1500.0,15.2,healthy,0.0
fault_sensor_drift_1,1390,1789845327.227409,4713.5,126.47,732.51,4.2,103.98,0.0752,20.11,14.17,21.0,75.0,1500.0,15.2,healthy,0.0
fault_sensor_drift_1,1391,1789845328.227409,4694.6,126.24,734.28,4.26,104.05,0.0826,20.21,14.25,21.21,75.0,1500.0,15.2,healthy,0.0
fault_sensor_drift_1,1392,1789845329.227409,4733.8,126.13,734.37,4.35,104.17,0.0745,20.2,14.19,21.01,75.0,1500.0,15.2,healthy,0.0
fault_sensor_drift_1,1393,1789845330.227409,4741.4,125.85,739.87,4.34,104.01,0.0811,20.25,14.18,20.82,75.0,1500.0,15.2,healthy,0.0
fault_sensor_drift_1,1394,1789845331.227409,4747.4,126.01,739.63,4.36,103.96,0.0751,20.21,14.2,21.03,75.0,1500.0,15.2,healthy,0.0
fault_sensor_drift_1,1395,1789845332.227409,4735.6,126.12,741.79,4.41,103.99,0.0693,20.25,14.18,21.33,75.0,1500.0,15.2,healthy,0.0
fault_sensor_drift_1,1396,1789845333.227409,4706.9,125.94,737.73,4.44,103.9,0.0709,20.12,14.16,21.26,75.0,1500.0,15.2,healthy,0.0
fault_sensor_drift_1,1397,1789845334.227409,4708.2,125.91,739.01,4.39,104.09,0.0751,20.04,14.11,21.53,75.0,1500.0,15.2,healthy,0.0
fault_sensor_drift_1,1398,1789845335.227409,4699.1,125.84,734.26,4.33,104.22,0.0768,20.18,14.14,20.91,75.0,1500.0,15.2,healthy,0.0
fault_sensor_drift_1,1399,1789845336.227409,4698.5,125.51,741.3,4.32,104.35,0.0706,20.38,14.2,21.09,75.0,1500.0,15.2,healthy,0.0
fault_sensor_drift_1,1400,1789845337.227409,4683.3,125.68,750.02,4.34,104.39,0.0687,20.22,14.27,21.3,75.0,1500.0,15.2,healthy,0.0
fault_sensor_drift_1,1401,1789845338.227409,4708.7,125.6,743.37,4.29,104.42,0.0628,20.21,14.24,21.38,75.0,1500.0,15.2,healthy,0.0
fault_sensor_drift_1,1402,1789845339.227409,4689.7,125.4,747.25,4.24,104.41,0.0768,20.36,14.2,21.46,75.0,1500.0,15.2,healthy,0.0
fault_sensor_drift_1,1403,1789845340.227409,4694.2,125.54,751.0,4.34,104.22,0.0836,20.37,14.11,21.33,75.0,1500.0,15.2,healthy,0.0
fault_sensor_drift_1,1404,1789845341.227409,4672.7,125.09,744.01,4.32,103.97,0.0785,20.2,14.08,21.29,75.0,1500.0,15.2,healthy,0.0
fault_sensor_drift_1,1405,1789845342.227409,4682.3,125.22,742.73,4.34,103.87,0.072,20.2,14.08,21.07,75.0,1500.0,15.2,healthy,0.0
fault_sensor_drift_1,1406,1789845343.227409,4665.9,125.71,741.34,4.38,103.88,0.0661,20.23,14.04,21.28,75.0,1500.0,15.2,healthy,0.0
fault_sensor_drift_1,1407,1789845344.227409,4653.7,125.71,749.78,4.38,103.79,0.0656,20.34,14.02,20.78,75.0,1500.0,15.2,healthy,0.0
fault_sensor_drift_1,1408,1789845345.227409,4651.2,125.77,743.42,4.29,103.72,0.079,20.31,14.0,20.46,75.0,1500.0,15.2,healthy,0.0
fault_sensor_drift_1,1409,1789845346.227409,4660.2,126.01,738.72,4.22,103.74,0.0777,20.2,13.94,20.84,75.0,1500.0,15.2,healthy,0.0
fault_sensor_drift_1,1410,1789845347.227409,4661.0,126.09,736.85,4.31,103.61,0.0661,20.07,13.99,20.9,75.0,1500.0,15.2,healthy,0.0
fault_sensor_drift_1,1411,1789845348.227409,4688.5,125.77,735.91,4.32,103.68,0.0736,20.13,14.01,21.12,75.0,1500.0,15.2,healthy,0.0
fault_sensor_drift_1,1412,1789845349.227409,4701.6,126.05,738.25,4.25,103.68,0.0739,20.09,14.06,21.49,75.0,1500.0,15.2,healthy,0.0
fault_sensor_drift_1,1413,1789845350.227409,4709.0,126.02,742.89,4.24,103.73,0.0705,20.18,14.1,21.63,75.0,1500.0,15.2,healthy,0.0
fault_sensor_drift_1,1414,1789845351.227409,4698.0,125.98,740.45,4.28,103.97,0.0677,20.2,14.12,21.61,75.0,1500.0,15.2,healthy,0.0
fault_sensor_drift_1,1415,1789845352.227409,4677.3,125.87,745.05,4.38,103.95,0.0732,20.24,14.1,21.6,75.0,1500.0,15.2,healthy,0.0
fault_sensor_drift_1,1416,1789845353.227409,4689.3,125.77,738.16,4.35,104.01,0.0794,20.26,14.14,21.34,75.0,1500.0,15.2,healthy,0.0
fault_sensor_drift_1,1417,1789845354.227409,4701.7,125.61,737.91,4.38,103.97,0.0758,20.36,14.13,21.67,75.0,1500.0,15.2,healthy,0.0
fault_sensor_drift_1,1418,1789845355.227409,4700.6,125.43,741.33,4.43,103.93,0.0749,20.32,14.15,21.12,75.0,1500.0,15.2,healthy,0.0
fault_sensor_drift_1,1419,1789845356.227409,4698.5,125.34,739.21,4.46,103.84,0.0756,20.35,14.19,20.65,75.0,1500.0,15.2,healthy,0.0
fault_sensor_drift_1,1420,1789845357.227409,4710.1,125.73,739.04,4.4,103.95,0.0735,20.35,14.2,20.97,75.0,1500.0,15.2,healthy,0.0
fault_sensor_drift_1,1421,1789845358.227409,4709.6,125.72,736.14,4.37,103.82,0.0714,20.38,14.19,21.22,75.0,1500.0,15.2,healthy,0.0
fault_sensor_drift_1,1422,1789845359.227409,4736.7,125.88,737.46,4.4,103.84,0.0762,20.49,14.23,21.68,75.0,1500.0,15.2,healthy,0.0
fault_sensor_drift_1,1423,1789845360.227409,4752.7,126.21,737.82,4.33,103.89,0.0738,20.45,14.29,21.61,75.0,1500.0,15.2,healthy,0.0
fault_sensor_drift_1,1424,1789845361.227409,4723.3,126.14,745.21,4.34,103.88,0.0816,20.26,14.3,21.43,75.0,1500.0,15.2,healthy,0.0
fault_sensor_drift_1,1425,1789845362.227409,4724.6,126.01,745.43,4.45,103.89,0.0762,20.28,14.34,21.46,75.0,1500.0,15.2,healthy,0.0
fault_sensor_drift_1,1426,1789845363.227409,4710.4,125.84,744.66,4.41,103.98,0.0769,20.16,14.46,21.41,75.0,1500.0,15.2,healthy,0.0
fault_sensor_drift_1,1427,1789845364.227409,4725.4,125.83,741.56,4.37,104.14,0.0695,20.09,14.47,21.3,75.0,1500.0,15.2,healthy,0.0
fault_sensor_drift_1,1428,1789845365.227409,4703.0,125.87,743.82,4.46,104.14,0.0711,20.31,14.45,21.57,75.0,1500.0,15.2,healthy,0.0
fault_sensor_drift_1,1429,1789845366.227409,4698.3,125.87,746.14,4.45,104.06,0.0714,20.25,14.46,21.71,75.0,1500.0,15.2,healthy,0.0
fault_sensor_drift_1,1430,1789845367.227409,4681.9,126.02,743.48,4.38,103.99,0.0716,20.27,14.4,21.49,75.0,1500.0,15.2,healthy,0.0
fault_sensor_drift_1,1431,1789845368.227409,4677.5,125.99,738.83,4.39,104.06,0.0653,20.36,14.48,21.56,75.0,1500.0,15.2,healthy,0.0
fault_sensor_drift_1,1432,1789845369.227409,4684.8,125.92,737.28,4.42,104.03,0.0679,20.3,14.43,21.52,75.0,1500.0,15.2,healthy,0.0
fault_sensor_drift_1,1433,1789845370.227409,4675.8,126.2,736.53,4.41,104.1,0.0804,20.19,14.41,21.55,75.0,1500.0,15.2,healthy,0.0
fault_sensor_drift_1,1434,1789845371.227409,4707.8,126.22,738.4,4.41,103.87,0.0732,20.16,14.44,21.24,75.0,1500.0,15.2,healthy,0.0
fault_sensor_drift_1,1435,1789845372.227409,4691.4,126.0,737.51,4.42,103.83,0.0675,20.28,14.4,21.12,75.0,1500.0,15.2,healthy,0.0
fault_sensor_drift_1,1436,1789845373.227409,4718.3,126.22,738.09,4.37,103.77,0.074,20.41,14.35,21.34,75.0,1500.0,15.2,healthy,0.0
fault_sensor_drift_1,1437,1789845374.227409,4715.8,126.38,736.23,4.43,103.88,0.0697,20.24,14.33,21.41,75.0,1500.0,15.2,healthy,0.0
fault_sensor_drift_1,1438,1789845375.227409,4676.4,126.13,735.8,4.4,103.89,0.0624,20.32,14.32,21.45,75.0,1500.0,15.2,healthy,0.0
fault_sensor_drift_1,1439,1789845376.227409,4695.1,125.99,738.5,4.44,103.86,0.0651,20.19,14.37,21.48,75.0,1500.0,15.2,healthy,0.0
fault_sensor_drift_1,1440,1789845377.227409,4677.8,125.9,742.92,4.44,103.93,0.0647,20.2,14.38,21.49,75.0,1500.0,15.2,healthy,0.0
fault_sensor_drift_1,1441,1789845378.227409,4695.6,126.21,743.07,4.37,103.8,0.069,20.15,14.33,21.53,75.0,1500.0,15.2,healthy,0.0
fault_sensor_drift_1,1442,1789845379.227409,4692.4,126.22,736.9,4.39,103.76,0.0723,20.1,14.31,21.46,75.0,1500.0,15.2,healthy,0.0
fault_sensor_drift_1,1443,1789845380.227409,4688.9,126.38,730.64,4.31,103.72,0.0697,20.13,14.32,21.21,75.0,1500.0,15.2,healthy,0.0
fault_sensor_drift_1,1444,1789845381.227409,4686.6,126.7,729.97,4.26,103.71,0.0652,20.06,14.37,21.54,75.0,1500.0,15.2,healthy,0.0
fault_sensor_drift_1,1445,1789845382.227409,4693.0,126.52,730.51,4.33,103.56,0.0658,20.12,14.31,21.47,75.0,1500.0,15.2,healthy,0.0
fault_sensor_drift_1,1446,1789845383.227409,4715.3,126.71,734.17,4.21,103.65,0.0692,20.0,14.34,21.05,75.0,1500.0,15.2,healthy,0.0
fault_sensor_drift_1,1447,1789845384.227409,4709.7,126.79,733.34,4.27,103.57,0.0661,19.91,14.42,20.99,75.0,1500.0,15.2,healthy,0.0
fault_sensor_drift_1,1448,1789845385.227409,4686.5,126.49,740.88,4.26,103.58,0.0775,19.88,14.39,21.0,75.0,1500.0,15.2,healthy,0.0
fault_sensor_drift_1,1449,1789845386.227409,4698.4,126.55,743.82,4.26,103.69,0.0704,20.03,14.35,21.19,75.0,1500.0,15.2,healthy,0.0
fault_sensor_drift_1,1450,1789845387.227409,4696.3,126.16,743.18,4.29,103.87,0.0774,20.17,14.32,21.1,75.0,1500.0,15.2,healthy,0.0
fault_sensor_drift_1,1451,1789845388.227409,4684.0,126.5,741.56,4.36,104.05,0.0783,20.42,14.26,21.27,75.0,1500.0,15.2,healthy,0.0
fault_sensor_drift_1,1452,1789845389.227409,4699.0,126.16,740.37,4.38,104.06,0.0807,20.42,14.26,21.5,75.0,1500.0,15.2,healthy,0.0
fault_sensor_drift_1,1453,1789845390.227409,4711.0,126.26,735.41,4.37,103.9,0.082,20.41,14.27,21.71,75.0,1500.0,15.2,healthy,0.0
fault_sensor_drift_1,1454,1789845391.227409,4719.7,126.36,735.56,4.37,103.87,0.0737,20.28,14.25,21.32,75.0,1500.0,15.2,healthy,0.0
fault_sensor_drift_1,1455,1789845392.227409,4723.3,126.14,738.06,4.38,103.82,0.0696,20.27,14.2,21.37,75.0,1500.0,15.2,healthy,0.0
fault_sensor_drift_1,1456,1789845393.227409,4692.8,125.64,737.93,4.28,103.9,0.0726,20.07,14.14,21.2,75.0,1500.0,15.2,healthy,0.0
fault_sensor_drift_1,1457,1789845394.227409,4696.5,125.93,736.78,4.4,103.92,0.0607,20.15,14.23,21.62,75.0,1500.0,15.2,healthy,0.0
fault_sensor_drift_1,1458,1789845395.227409,4660.6,126.12,738.2,4.4,103.88,0.065,20.25,14.14,20.68,75.0,1500.0,15.2,healthy,0.0
fault_sensor_drift_1,1459,1789845396.227409,4635.9,126.14,740.64,4.49,103.94,0.0645,20.33,14.19,20.63,75.0,1500.0,15.2,healthy,0.0
fault_sensor_drift_1,1460,1789845397.227409,4637.8,125.98,737.37,4.38,103.96,0.065,20.38,14.18,20.94,75.0,1500.0,15.2,healthy,0.0
fault_sensor_drift_1,1461,1789845398.227409,4661.2,125.65,739.25,4.37,103.84,0.068,20.34,14.18,21.04,75.0,1500.0,15.2,healthy,0.0
fault_sensor_drift_1,1462,1789845399.227409,4664.3,125.42,743.12,4.35,103.88,0.0713,20.21,14.19,21.54,75.0,1500.0,15.2,healthy,0.0
fault_sensor_drift_1,1463,1789845400.227409,4658.3,125.8,745.25,4.28,103.75,0.0687,20.33,14.17,21.73,75.0,1500.0,15.2,healthy,0.0
fault_sensor_drift_1,1464,1789845401.227409,4692.8,125.84,744.53,4.3,103.9,0.0753,20.32,14.13,21.22,75.0,1500.0,15.2,healthy,0.0
fault_sensor_drift_1,1465,1789845402.227409,4717.6,125.82,748.09,4.32,104.11,0.0646,20.33,14.12,21.12,75.0,1500.0,15.2,healthy,0.0
fault_sensor_drift_1,1466,1789845403.227409,4731.8,125.74,746.94,4.31,104.22,0.0679,20.22,14.07,21.41,75.0,1500.0,15.2,healthy,0.0
fault_sensor_drift_1,1467,1789845404.227409,4714.8,126.09,741.33,4.35,104.1,0.0698,20.2,14.18,21.42,75.0,1500.0,15.2,healthy,0.0
fault_sensor_drift_1,1468,1789845405.227409,4712.6,126.23,741.85,4.32,103.96,0.0697,20.24,14.12,21.5,75.0,1500.0,15.2,healthy,0.0
fault_sensor_drift_1,1469,1789845406.227409,4697.5,126.42,743.4,4.36,104.17,0.0626,20.18,14.13,21.44,75.0,1500.0,15.2,healthy,0.0
fault_sensor_drift_1,1470,1789845407.227409,4691.4,126.6,739.85,4.34,104.15,0.0656,20.02,14.16,21.33,75.0,1500.0,15.2,healthy,0.0
fault_sensor_drift_1,1471,1789845408.227409,4688.4,126.34,736.91,4.41,104.03,0.0709,19.93,14.21,21.14,75.0,1500.0,15.2,healthy,0.0
fault_sensor_drift_1,1472,1789845409.227409,4699.8,126.75,736.55,4.33,104.19,0.0658,20.08,14.14,21.5,75.0,1500.0,15.2,healthy,0.0
fault_sensor_drift_1,1473,1789845410.227409,4709.3,126.59,737.44,4.3,104.21,0.0652,20.12,14.13,21.29,75.0,1500.0,15.2,healthy,0.0
fault_sensor_drift_1,1474,1789845411.227409,4702.1,126.46,742.54,4.24,104.4,0.0682,20.19,14.11,21.23,75.0,1500.0,15.2,healthy,0.0
fault_sensor_drift_1,1475,1789845412.227409,4707.3,126.46,739.53,4.24,104.39,0.0628,20.25,14.12,21.33,75.0,1500.0,15.2,healthy,0.0
fault_sensor_drift_1,1476,1789845413.227409,4677.7,126.66,746.94,4.21,104.55,0.0668,20.21,14.05,21.27,75.0,1500.0,15.2,healthy,0.0
fault_sensor_drift_1,1477,1789845414.227409,4709.4,126.57,740.17,4.24,104.61,0.0739,20.2,14.07,21.12,75.0,1500.0,15.2,healthy,0.0
fault_sensor_drift_1,1478,1789845415.227409,4690.7,126.85,744.13,4.22,104.64,0.0781,20.2,14.03,21.23,75.0,1500.0,15.2,healthy,0.0
fault_sensor_drift_1,1479,1789845416.227409,4683.3,127.0,738.45,4.27,104.43,0.0749,20.08,14.01,21.19,75.0,1500.0,15.2,healthy,0.0
fault_sensor_drift_1,1480,1789845417.227409,4695.7,127.16,740.44,4.33,104.44,0.0769,19.98,14.03,21.23,75.0,1500.0,15.2,healthy,0.0
fault_sensor_drift_1,1481,1789845418.227409,4697.1,127.05,742.65,4.41,104.49,0.0717,20.07,13.99,21.09,75.0,1500.0,15.2,healthy,0.0
fault_sensor_drift_1,1482,1789845419.227409,4724.7,127.04,740.41,4.37,104.35,0.0595,20.19,13.95,20.82,75.0,1500.0,15.2,healthy,0.0
fault_sensor_drift_1,1483,1789845420.227409,4717.8,126.98,741.54,4.37,104.13,0.06,20.13,14.01,20.44,75.0,1500.0,15.2,healthy,0.0
fault_sensor_drift_1,1484,1789845421.227409,4720.5,126.85,740.17,4.38,104.21,0.065,20.17,14.08,21.19,75.0,1500.0,15.2,healthy,0.0
fault_sensor_drift_1,1485,1789845422.227409,4694.8,126.63,742.94,4.39,104.13,0.069,20.16,14.09,21.3,75.0,1500.0,15.2,healthy,0.0
fault_sensor_drift_1,1486,1789845423.227409,4692.6,126.34,737.72,4.37,103.98,0.0737,20.17,14.18,21.11,75.0,1500.0,15.2,healthy,0.0
fault_sensor_drift_1,1487,1789845424.227409,4695.0,126.13,740.12,4.36,103.94,0.0683,20.28,14.08,21.15,75.0,1500.0,15.2,healthy,0.0
fault_sensor_drift_1,1488,1789845425.227409,4690.0,126.22,741.68,4.4,103.88,0.0644,20.12,14.06,20.83,75.0,1500.0,15.2,healthy,0.0
fault_sensor_drift_1,1489,1789845426.227409,4687.0,126.15,740.74,4.38,103.93,0.079,20.22,14.07,21.11,75.0,1500.0,15.2,healthy,0.0
fault_sensor_drift_1,1490,1789845427.227409,4718.9,126.3,743.28,4.34,103.97,0.0821,20.28,14.01,21.03,75.0,1500.0,15.2,healthy,0.0
fault_sensor_drift_1,1491,1789845428.227409,4704.2,126.27,737.54,4.31,104.04,0.0828,20.18,14.03,21.2,75.0,1500.0,15.2,healthy,0.0
fault_sensor_drift_1,1492,1789845429.227409,4721.4,126.09,733.22,4.3,104.16,0.0878,20.21,14.07,21.4,75.0,1500.0,15.2,healthy,0.0
fault_sensor_drift_1,1493,1789845430.227409,4731.1,126.08,731.65,4.36,104.14,0.079,20.15,14.05,21.23,75.0,1500.0,15.2,healthy,0.0
fault_sensor_drift_1,1494,1789845431.227409,4738.5,126.31,733.53,4.31,104.06,0.0765,20.08,13.93,20.78,75.0,1500.0,15.2,healthy,0.0
fault_sensor_drift_1,1495,1789845432.227409,4711.8,126.32,730.31,4.25,104.21,0.0826,20.21,13.87,20.59,75.0,1500.0,15.2,healthy,0.0
fault_sensor_drift_1,1496,1789845433.227409,4717.9,126.25,736.65,4.22,104.22,0.0833,20.29,13.89,20.67,75.0,1500.0,15.2,healthy,0.0
fault_sensor_drift_1,1497,1789845434.227409,4718.5,126.21,738.31,4.27,104.13,0.0805,20.18,13.83,20.52,75.0,1500.0,15.2,healthy,0.0
fault_sensor_drift_1,1498,1789845435.227409,4714.1,126.23,734.12,4.31,103.99,0.0813,20.12,13.87,20.96,75.0,1500.0,15.2,healthy,0.0
fault_sensor_drift_1,1499,1789845436.227409,4714.7,126.5,736.81,4.36,103.82,0.0795,20.07,13.92,21.06,75.0,1500.0,15.2,healthy,0.0
fault_sensor_drift_1,1500,1789845437.227409,4706.1,126.47,736.89,4.33,103.72,0.0763,20.11,13.97,21.37,75.0,1500.0,15.2,healthy,0.0
fault_sensor_drift_1,1501,1789845438.227409,4696.5,126.79,739.69,4.35,103.63,0.0688,20.28,13.94,21.25,75.0,1500.0,15.2,healthy,0.0
fault_sensor_drift_1,1502,1789845439.227409,4722.8,126.77,738.45,4.42,103.66,0.0593,20.53,14.03,21.11,75.0,1500.0,15.2,healthy,0.0
fault_sensor_drift_1,1503,1789845440.227409,4742.5,127.04,737.09,4.39,103.71,0.0683,20.4,13.99,21.49,75.0,1500.0,15.2,healthy,0.0
fault_sensor_drift_1,1504,1789845441.227409,4725.8,127.07,739.11,4.37,103.57,0.0758,20.28,13.98,21.24,75.0,1500.0,15.2,healthy,0.0
fault_sensor_drift_1,1505,1789845442.227409,4732.3,126.93,739.4,4.35,103.72,0.0677,20.34,13.93,21.62,75.0,1500.0,15.2,healthy,0.0
fault_sensor_drift_1,1506,1789845443.227409,4734.0,126.8,733.81,4.39,103.66,0.0654,20.53,13.89,21.42,75.0,1500.0,15.2,healthy,0.0
fault_sensor_drift_1,1507,1789845444.227409,4728.7,126.68,731.31,4.37,103.64,0.0703,20.49,13.92,21.68,75.0,1500.0,15.2,healthy,0.0
fault_sensor_drift_1,1508,1789845445.227409,4725.9,126.55,736.84,4.24,103.59,0.0751,20.4,13.95,21.48,75.0,1500.0,15.2,healthy,0.0
fault_sensor_drift_1,1509,1789845446.227409,4719.3,126.56,741.5,4.24,103.56,0.0732,20.23,14.01,21.39,75.0,1500.0,15.2,healthy,0.0
fault_sensor_drift_1,1510,1789845447.227409,4703.0,126.22,745.61,4.33,103.63,0.0734,20.3,14.0,21.15,75.0,1500.0,15.2,healthy,0.0
fault_sensor_drift_1,1511,1789845448.227409,4717.2,126.18,746.11,4.29,103.5,0.0716,20.23,14.09,20.92,75.0,1500.0,15.2,healthy,0.0
fault_sensor_drift_1,1512,1789845449.227409,4710.0,126.34,744.22,4.4,103.48,0.0716,20.13,14.11,21.15,75.0,1500.0,15.2,healthy,0.0
fault_sensor_drift_1,1513,1789845450.227409,4721.8,126.25,739.68,4.39,103.55,0.0728,20.22,14.03,21.34,75.0,1500.0,15.2,healthy,0.0
fault_sensor_drift_1,1514,1789845451.227409,4711.4,126.06,735.61,4.36,103.58,0.0735,20.23,14.03,21.04,75.0,1500.0,15.2,healthy,0.0
fault_sensor_drift_1,1515,1789845452.227409,4715.3,125.96,736.27,4.34,103.54,0.0701,20.18,14.03,21.04,75.0,1500.0,15.2,healthy,0.0
fault_sensor_drift_1,1516,1789845453.227409,4710.8,125.7,734.59,4.46,103.64,0.0712,20.13,14.08,21.18,75.0,1500.0,15.2,healthy,0.0
fault_sensor_drift_1,1517,1789845454.227409,4693.9,125.84,737.53,4.53,103.65,0.0749,19.98,14.05,21.01,75.0,1500.0,15.2,healthy,0.0
fault_sensor_drift_1,1518,1789845455.227409,4683.7,125.85,739.81,4.41,103.79,0.0751,20.14,14.05,21.19,75.0,1500.0,15.2,healthy,0.0
fault_sensor_drift_1,1519,1789845456.227409,4650.1,126.0,738.15,4.44,103.86,0.0759,20.05,14.08,21.31,75.0,1500.0,15.2,healthy,0.0
fault_sensor_drift_1,1520,1789845457.227409,4670.4,125.81,738.43,4.47,103.74,0.071,20.06,14.04,21.05,75.0,1500.0,15.2,healthy,0.0
fault_sensor_drift_1,1521,1789845458.227409,4671.5,125.6,738.31,4.44,103.86,0.0683,20.14,14.01,20.96,75.0,1500.0,15.2,healthy,0.0
fault_sensor_drift_1,1522,1789845459.227409,4653.6,125.8,742.17,4.37,103.81,0.0742,20.13,13.98,21.18,75.0,1500.0,15.2,healthy,0.0
fault_sensor_drift_1,1523,1789845460.227409,4666.7,125.55,737.55,4.36,103.82,0.0743,20.18,14.08,21.33,75.0,1500.0,15.2,healthy,0.0
fault_sensor_drift_1,1524,1789845461.227409,4666.3,125.87,739.63,4.33,103.83,0.0764,20.16,14.11,21.47,75.0,1500.0,15.2,healthy,0.0
fault_sensor_drift_1,1525,1789845462.227409,4689.2,125.67,743.37,4.37,103.83,0.0661,20.15,14.09,21.53,75.0,1500.0,15.2,healthy,0.0
fault_sensor_drift_1,1526,1789845463.227409,4706.1,125.71,741.55,4.36,103.8,0.0674,20.04,14.13,21.59,75.0,1500.0,15.2,healthy,0.0
fault_sensor_drift_1,1527,1789845464.227409,4706.2,126.25,741.59,4.34,103.89,0.0702,19.99,14.15,21.31,75.0,1500.0,15.2,healthy,0.0
fault_sensor_drift_1,1528,1789845465.227409,4704.1,126.34,740.71,4.39,103.95,0.0673,19.92,14.09,21.24,75.0,1500.0,15.2,healthy,0.0
fault_sensor_drift_1,1529,1789845466.227409,4714.5,126.25,743.72,4.24,103.81,0.0618,20.05,14.12,21.08,75.0,1500.0,15.2,healthy,0.0
fault_sensor_drift_1,1530,1789845467.227409,4717.1,126.29,741.08,4.17,103.91,0.0728,20.03,14.17,21.16,75.0,1500.0,15.2,healthy,0.0
fault_sensor_drift_1,1531,1789845468.227409,4723.8,126.26,737.08,4.15,103.95,0.0722,20.01,14.17,21.21,75.0,1500.0,15.2,healthy,0.0
fault_sensor_drift_1,1532,1789845469.227409,4726.3,126.08,734.23,4.17,103.84,0.0746,20.09,14.25,20.93,75.0,1500.0,15.2,healthy,0.0
fault_sensor_drift_1,1533,1789845470.227409,4746.6,126.01,739.0,4.21,103.98,0.074,20.2,14.21,21.04,75.0,1500.0,15.2,healthy,0.0
fault_sensor_drift_1,1534,1789845471.227409,4727.9,126.13,742.01,4.27,104.11,0.0774,20.05,14.18,21.24,75.0,1500.0,15.2,healthy,0.0
fault_sensor_drift_1,1535,1789845472.227409,4717.5,126.2,748.21,4.34,104.24,0.0771,20.08,14.15,20.87,75.0,1500.0,15.2,healthy,0.0
fault_sensor_drift_1,1536,1789845473.227409,4688.4,126.32,746.52,4.31,104.15,0.0777,20.13,14.12,20.85,75.0,1500.0,15.2,healthy,0.0
fault_sensor_drift_1,1537,1789845474.227409,4697.8,126.57,745.04,4.37,103.99,0.0817,20.1,14.17,21.13,75.0,1500.0,15.2,healthy,0.0
fault_sensor_drift_1,1538,1789845475.227409,4686.6,126.73,742.81,4.32,103.98,0.0859,20.22,14.17,21.2,75.0,1500.0,15.2,healthy,0.0
fault_sensor_drift_1,1539,1789845476.227409,4698.6,126.85,745.43,4.35,103.9,0.0847,20.16,14.09,21.28,75.0,1500.0,15.2,healthy,0.0
fault_sensor_drift_1,1540,1789845477.227409,4716.6,126.86,751.13,4.39,103.82,0.0803,20.19,14.1,21.63,75.0,1500.0,15.2,healthy,0.0
fault_sensor_drift_1,1541,1789845478.227409,4703.5,126.66,756.4,4.43,103.81,0.083,20.01,14.09,21.48,75.0,1500.0,15.2,healthy,0.0
fault_sensor_drift_1,1542,1789845479.227409,4689.7,126.72,752.63,4.36,103.75,0.0854,20.4,14.02,21.56,75.0,1500.0,15.2,healthy,0.0
fault_sensor_drift_1,1543,1789845480.227409,4700.6,126.73,748.86,4.39,103.68,0.0882,20.35,13.98,21.61,75.0,1500.0,15.2,healthy,0.0
fault_sensor_drift_1,1544,1789845481.227409,4714.1,126.63,747.35,4.42,103.78,0.0843,20.31,14.04,21.64,75.0,1500.0,15.2,healthy,0.0
fault_sensor_drift_1,1545,1789845482.227409,4697.2,126.46,747.15,4.42,103.83,0.0755,20.21,14.05,21.31,75.0,1500.0,15.2,healthy,0.0
fault_sensor_drift_1,1546,1789845483.227409,4719.6,126.59,749.74,4.32,103.78,0.0709,20.29,14.07,21.4,75.0,1500.0,15.2,healthy,0.0
fault_sensor_drift_1,1547,1789845484.227409,4736.4,127.05,745.22,4.41,103.82,0.0694,20.37,14.04,21.2,75.0,1500.0,15.2,healthy,0.0
fault_sensor_drift_1,1548,1789845485.227409,4727.8,126.83,751.03,4.39,104.01,0.0676,20.44,14.05,21.29,75.0,1500.0,15.2,healthy,0.0
fault_sensor_drift_1,1549,1789845486.227409,4727.5,127.03,749.18,4.46,103.99,0.0687,20.43,14.04,21.39,75.0,1500.0,15.2,healthy,0.0
fault_sensor_drift_1,1550,1789845487.227409,4721.2,126.67,747.22,4.45,104.0,0.0717,20.29,14.1,21.36,75.0,1500.0,15.2,healthy,0.0
fault_sensor_drift_1,1551,1789845488.227409,4715.7,126.88,743.81,4.39,104.16,0.0611,20.26,14.22,21.01,75.0,1500.0,15.2,healthy,0.0
fault_sensor_drift_1,1552,1789845489.227409,4728.8,126.83,741.69,4.31,103.99,0.0727,20.25,14.28,20.7,75.0,1500.0,15.2,healthy,0.0
fault_sensor_drift_1,1553,1789845490.227409,4721.8,126.69,739.01,4.28,104.01,0.0758,20.2,14.34,21.18,75.0,1500.0,15.2,healthy,0.0
fault_sensor_drift_1,1554,1789845491.227409,4706.9,126.74,742.06,4.28,104.04,0.078,20.21,14.34,21.42,75.0,1500.0,15.2,healthy,0.0
fault_sensor_drift_1,1555,1789845492.227409,4685.2,126.38,745.09,4.29,103.99,0.0769,20.3,14.24,21.53,75.0,1500.0,15.2,healthy,0.0
fault_sensor_drift_1,1556,1789845493.227409,4666.5,126.69,744.53,4.3,104.09,0.0715,20.32,14.22,21.36,75.0,1500.0,15.2,healthy,0.0
fault_sensor_drift_1,1557,1789845494.227409,4669.9,126.46,745.26,4.34,104.09,0.0714,20.29,14.21,21.16,75.0,1500.0,15.2,healthy,0.0
fault_sensor_drift_1,1558,1789845495.227409,4668.9,126.33,742.16,4.38,104.01,0.067,20.28,14.2,21.13,75.0,1500.0,15.2,healthy,0.0
fault_sensor_drift_1,1559,1789845496.227409,4678.3,126.22,745.63,4.41,103.93,0.0754,20.27,14.15,21.4,75.0,1500.0,15.2,healthy,0.0
fault_sensor_drift_1,1560,1789845497.227409,4700.4,125.65,745.95,4.42,103.85,0.0793,20.2,14.2,21.12,75.0,1500.0,15.2,healthy,0.0
fault_sensor_drift_1,1561,1789845498.227409,4712.1,125.93,745.66,4.36,103.9,0.0785,20.47,14.26,21.03,75.0,1500.0,15.2,healthy,0.0
fault_sensor_drift_1,1562,1789845499.227409,4702.2,125.85,746.99,4.27,103.86,0.0747,20.52,14.28,21.16,75.0,1500.0,15.2,healthy,0.0
fault_sensor_drift_1,1563,1789845500.227409,4707.4,126.38,742.74,4.35,104.0,0.0782,20.67,14.27,21.16,75.0,1500.0,15.2,healthy,0.0
fault_sensor_drift_1,1564,1789845501.227409,4711.4,126.54,742.3,4.29,103.94,0.0753,20.61,14.25,21.33,75.0,1500.0,15.2,healthy,0.0
fault_sensor_drift_1,1565,1789845502.227409,4697.8,126.95,742.11,4.32,104.07,0.0778,20.37,14.22,21.18,75.0,1500.0,15.2,healthy,0.0
fault_sensor_drift_1,1566,1789845503.227409,4689.1,127.0,740.46,4.33,104.15,0.0743,20.4,14.21,21.48,75.0,1500.0,15.2,healthy,0.0
fault_sensor_drift_1,1567,1789845504.227409,4691.2,127.2,740.9,4.34,104.06,0.0741,20.35,14.27,21.43,75.0,1500.0,15.2,healthy,0.0
fault_sensor_drift_1,1568,1789845505.227409,4692.0,127.43,735.11,4.3,104.09,0.0725,20.35,14.28,21.48,75.0,1500.0,15.2,healthy,0.0
fault_sensor_drift_1,1569,1789845506.227409,4699.0,127.58,737.86,4.37,103.98,0.068,20.3,14.3,21.17,75.0,1500.0,15.2,healthy,0.0
fault_sensor_drift_1,1570,1789845507.227409,4662.4,127.2,737.63,4.39,103.99,0.0691,20.3,14.21,21.17,75.0,1500.0,15.2,healthy,0.0
fault_sensor_drift_1,1571,1789845508.227409,4675.4,127.13,740.03,4.3,103.95,0.0634,20.44,14.19,21.01,75.0,1500.0,15.2,healthy,0.0
fault_sensor_drift_1,1572,1789845509.227409,4682.1,127.0,744.77,4.29,103.97,0.0691,20.32,14.21,21.11,75.0,1500.0,15.2,healthy,0.0
fault_sensor_drift_1,1573,1789845510.227409,4677.0,126.79,748.53,4.36,103.92,0.0774,20.37,14.26,21.26,75.0,1500.0,15.2,healthy,0.0
fault_sensor_drift_1,1574,1789845511.227409,4688.7,126.49,745.87,4.26,103.96,0.0779,20.42,14.23,21.09,75.0,1500.0,15.2,healthy,0.0
fault_sensor_drift_1,1575,1789845512.227409,4717.3,126.48,744.98,4.34,104.07,0.0876,20.35,14.23,21.03,75.0,1500.0,15.2,healthy,0.0
fault_sensor_drift_1,1576,1789845513.227409,4703.0,126.2,743.89,4.35,103.98,0.0916,20.38,14.21,21.28,75.0,1500.0,15.2,healthy,0.0
fault_sensor_drift_1,1577,1789845514.227409,4687.9,126.32,745.81,4.44,104.01,0.0826,20.4,14.21,21.29,75.0,1500.0,15.2,healthy,0.0
fault_sensor_drift_1,1578,1789845515.227409,4662.2,125.91,741.0,4.46,103.98,0.081,20.41,14.14,20.99,75.0,1500.0,15.2,healthy,0.0
fault_sensor_drift_1,1579,1789845516.227409,4675.5,126.44,741.41,4.43,103.96,0.0753,20.35,14.18,21.04,75.0,1500.0,15.2,healthy,0.0
fault_sensor_drift_1,1580,1789845517.227409,4674.3,126.32,744.14,4.48,104.16,0.0737,20.29,14.16,21.46,75.0,1500.0,15.2,healthy,0.0
fault_sensor_drift_1,1581,1789845518.227409,4670.8,126.31,750.32,4.46,104.17,0.0648,20.32,14.19,21.11,75.0,1500.0,15.2,healthy,0.0
fault_sensor_drift_1,1582,1789845519.227409,4677.5,126.23,745.99,4.4,104.02,0.0672,20.35,14.28,20.97,75.0,1500.0,15.2,healthy,0.0
fault_sensor_drift_1,1583,1789845520.227409,4668.5,126.48,745.18,4.47,103.96,0.0584,20.14,14.35,21.17,75.0,1500.0,15.2,healthy,0.0
fault_sensor_drift_1,1584,1789845521.227409,4664.3,126.43,745.98,4.45,103.93,0.0688,20.31,14.35,21.48,75.0,1500.0,15.2,healthy,0.0
fault_sensor_drift_1,1585,1789845522.227409,4705.6,126.37,742.36,4.37,103.86,0.063,20.28,14.31,21.42,75.0,1500.0,15.2,healthy,0.0
fault_sensor_drift_1,1586,1789845523.227409,4706.1,126.63,738.16,4.36,103.83,0.0721,20.28,14.26,20.99,75.0,1500.0,15.2,healthy,0.0
fault_sensor_drift_1,1587,1789845524.227409,4698.2,126.38,734.16,4.36,103.95,0.0822,20.21,14.23,21.04,75.0,1500.0,15.2,healthy,0.0
fault_sensor_drift_1,1588,1789845525.227409,4698.4,126.11,738.01,4.44,103.89,0.0725,20.16,14.18,21.03,75.0,1500.0,15.2,healthy,0.0
fault_sensor_drift_1,1589,1789845526.227409,4689.3,126.11,735.23,4.42,103.75,0.0716,19.99,14.19,21.45,75.0,1500.0,15.2,healthy,0.0
fault_sensor_drift_1,1590,1789845527.227409,4702.1,126.09,739.99,4.33,103.85,0.0694,20.2,14.18,21.59,75.0,1500.0,15.2,healthy,0.0
fault_sensor_drift_1,1591,1789845528.227409,4689.6,126.03,737.22,4.41,103.72,0.0677,20.23,14.24,21.51,75.0,1500.0,15.2,healthy,0.0
fault_sensor_drift_1,1592,1789845529.227409,4718.5,126.01,738.63,4.35,103.7,0.0718,20.07,14.29,21.52,75.0,1500.0,15.2,healthy,0.0
fault_sensor_drift_1,1593,1789845530.227409,4690.7,126.26,739.34,4.24,103.74,0.0715,20.09,14.31,21.58,75.0,1500.0,15.2,healthy,0.0
fault_sensor_drift_1,1594,1789845531.227409,4690.8,126.48,737.35,4.31,103.74,0.077,20.09,14.32,21.29,75.0,1500.0,15.2,healthy,0.0
fault_sensor_drift_1,1595,1789845532.227409,4706.4,126.49,736.95,4.32,103.75,0.0833,20.08,14.18,21.27,75.0,1500.0,15.2,healthy,0.0
fault_sensor_drift_1,1596,1789845533.227409,4697.2,126.52,739.29,4.38,103.66,0.071,20.2,14.15,21.0,75.0,1500.0,15.2,healthy,0.0
fault_sensor_drift_1,1597,1789845534.227409,4710.0,126.71,739.17,4.47,103.59,0.0647,20.22,14.17,21.1,75.0,1500.0,15.2,healthy,0.0
fault_sensor_drift_1,1598,1789845535.227409,4718.6,126.34,740.61,4.42,103.6,0.0789,20.29,14.2,21.05,75.0,1500.0,15.2,healthy,0.0
fault_sensor_drift_1,1599,1789845536.227409,4736.3,126.24,736.88,4.42,103.83,0.0685,20.23,14.22,21.27,75.0,1500.0,15.2,healthy,0.0
fault_sensor_drift_1,1600,1789845537.227409,4744.9,126.06,742.06,4.47,103.87,0.0716,20.24,14.28,21.44,75.0,1500.0,15.2,healthy,0.0
fault_sensor_drift_1,1601,1789845538.227409,4728.3,126.35,740.0,4.36,103.7,0.0722,20.16,14.21,21.33,75.0,1500.0,15.2,healthy,0.0
fault_sensor_drift_1,1602,1789845539.227409,4713.8,126.37,737.16,4.37,103.67,0.0753,20.1,14.19,21.38,75.0,1500.0,15.2,healthy,0.0
fault_sensor_drift_1,1603,1789845540.227409,4722.8,126.32,740.07,4.37,103.54,0.0747,19.92,14.18,21.64,75.0,1500.0,15.2,healthy,0.0
fault_sensor_drift_1,1604,1789845541.227409,4724.3,126.08,742.11,4.34,103.64,0.0803,20.05,14.17,21.49,75.0,1500.0,15.2,healthy,0.0
fault_sensor_drift_1,1605,1789845542.227409,4742.5,125.98,741.41,4.35,103.72,0.0805,20.01,14.22,21.14,75.0,1500.0,15.2,healthy,0.0
fault_sensor_drift_1,1606,1789845543.227409,4724.6,125.93,739.14,4.34,103.68,0.0863,20.04,14.26,20.81,75.0,1500.0,15.2,healthy,0.0
fault_sensor_drift_1,1607,1789845544.227409,4722.3,125.95,736.56,4.35,103.63,0.0783,20.23,14.31,20.93,75.0,1500.0,15.2,healthy,0.0
fault_sensor_drift_1,1608,1789845545.227409,4720.6,126.16,740.63,4.39,103.52,0.0721,20.18,14.35,21.35,75.0,1500.0,15.2,healthy,0.0
fault_sensor_drift_1,1609,1789845546.227409,4710.1,126.04,743.29,4.4,103.73,0.0736,20.26,14.42,20.99,75.0,1500.0,15.2,healthy,0.0
fault_sensor_drift_1,1610,1789845547.227409,4715.5,126.51,737.76,4.37,103.61,0.0734,20.1,14.34,20.96,75.0,1500.0,15.2,healthy,0.0
fault_sensor_drift_1,1611,1789845548.227409,4699.7,126.44,738.9,4.3,103.53,0.0713,20.1,14.45,20.87,75.0,1500.0,15.2,healthy,0.0
fault_sensor_drift_1,1612,1789845549.227409,4704.0,126.61,736.9,4.33,103.52,0.0703,20.28,14.42,21.47,75.0,1500.0,15.2,healthy,0.0
fault_sensor_drift_1,1613,1789845550.227409,4686.1,126.63,732.82,4.36,103.5,0.0721,20.23,14.33,21.46,75.0,1500.0,15.2,healthy,0.0
fault_sensor_drift_1,1614,1789845551.227409,4677.7,126.88,738.66,4.41,103.47,0.0719,20.33,14.31,21.3,75.0,1500.0,15.2,healthy,0.0
fault_sensor_drift_1,1615,1789845552.227409,4654.8,127.15,744.42,4.51,103.47,0.0768,20.17,14.3,21.44,75.0,1500.0,15.2,healthy,0.0
fault_sensor_drift_1,1616,1789845553.227409,4668.7,127.0,743.71,4.44,103.48,0.0686,20.18,14.24,21.52,75.0,1500.0,15.2,healthy,0.0
fault_sensor_drift_1,1617,1789845554.227409,4709.8,126.83,741.28,4.36,103.46,0.0677,19.97,14.21,21.48,75.0,1500.0,15.2,healthy,0.0
fault_sensor_drift_1,1618,1789845555.227409,4752.9,126.74,740.72,4.26,103.59,0.0738,20.05,14.22,20.96,75.0,1500.0,15.2,healthy,0.0
fault_sensor_drift_1,1619,1789845556.227409,4735.2,126.63,742.84,4.38,103.54,0.0724,20.18,14.19,21.12,75.0,1500.0,15.2,healthy,0.0
fault_sensor_drift_1,1620,1789845557.227409,4730.2,126.86,745.26,4.38,103.6,0.0674,20.11,14.24,21.34,75.0,1500.0,15.2,healthy,0.0
fault_sensor_drift_1,1621,1789845558.227409,4724.3,126.7,747.23,4.41,103.54,0.0686,20.12,14.23,21.11,75.0,1500.0,15.2,healthy,0.0
fault_sensor_drift_1,1622,1789845559.227409,4723.0,126.54,742.14,4.42,103.49,0.0683,20.08,14.16,20.97,75.0,1500.0,15.2,healthy,0.0
fault_sensor_drift_1,1623,1789845560.227409,4728.8,126.44,743.32,4.34,103.42,0.0757,19.97,14.2,21.31,75.0,1500.0,15.2,healthy,0.0
fault_sensor_drift_1,1624,1789845561.227409,4718.8,126.34,738.48,4.41,103.47,0.0801,19.9,14.29,20.99,75.0,1500.0,15.2,healthy,0.0
fault_sensor_drift_1,1625,1789845562.227409,4714.3,126.48,736.17,4.42,103.55,0.0774,20.11,14.25,21.22,75.0,1500.0,15.2,healthy,0.0
fault_sensor_drift_1,1626,1789845563.227409,4704.6,126.31,735.77,4.38,103.51,0.0764,19.94,14.35,21.17,75.0,1500.0,15.2,healthy,0.0
fault_sensor_drift_1,1627,1789845564.227409,4708.1,126.39,737.48,4.31,103.53,0.0724,19.94,14.27,20.99,75.0,1500.0,15.2,healthy,0.0
fault_sensor_drift_1,1628,1789845565.227409,4711.2,126.68,738.88,4.29,103.67,0.0674,19.91,14.27,21.02,75.0,1500.0,15.2,healthy,0.0
fault_sensor_drift_1,1629,1789845566.227409,4731.3,126.73,736.17,4.34,103.74,0.0664,20.06,14.28,20.93,75.0,1500.0,15.2,healthy,0.0
fault_sensor_drift_1,1630,1789845567.227409,4708.3,126.46,732.33,4.33,103.73,0.0694,19.99,14.36,21.59,75.0,1500.0,15.2,healthy,0.0
fault_sensor_drift_1,1631,1789845568.227409,4714.6,126.52,736.56,4.32,103.7,0.0822,20.13,14.42,21.71,75.0,1500.0,15.2,healthy,0.0
fault_sensor_drift_1,1632,1789845569.227409,4706.0,126.47,730.35,4.3,103.77,0.0913,20.16,14.44,21.65,75.0,1500.0,15.2,healthy,0.0
fault_sensor_drift_1,1633,1789845570.227409,4701.9,126.27,731.52,4.31,103.81,0.0844,20.32,14.37,21.4,75.0,1500.0,15.2,healthy,0.0
fault_sensor_drift_1,1634,1789845571.227409,4688.7,125.96,729.46,4.36,103.66,0.0776,20.31,14.44,20.95,75.0,1500.0,15.2,healthy,0.0
fault_sensor_drift_1,1635,1789845572.227409,4679.5,126.1,737.23,4.42,103.69,0.0713,20.28,14.38,21.27,75.0,1500.0,15.2,healthy,0.0
fault_sensor_drift_1,1636,1789845573.227409,4693.9,125.78,738.99,4.46,103.82,0.0633,20.36,14.38,21.25,75.0,1500.0,15.2,healthy,0.0
fault_sensor_drift_1,1637,1789845574.227409,4693.5,125.48,739.3,4.43,103.87,0.0679,20.19,14.32,21.05,75.0,1500.0,15.2,healthy,0.0
fault_sensor_drift_1,1638,1789845575.227409,4687.8,125.43,737.63,4.41,103.74,0.0702,20.06,14.26,21.24,75.0,1500.0,15.2,healthy,0.0
fault_sensor_drift_1,1639,1789845576.227409,4697.8,125.15,740.01,4.36,103.65,0.0705,20.24,14.3,21.17,75.0,1500.0,15.2,healthy,0.0
fault_sensor_drift_1,1640,1789845577.227409,4684.3,124.95,738.95,4.29,103.46,0.0674,20.19,14.28,21.34,75.0,1500.0,15.2,healthy,0.0
fault_sensor_drift_1,1641,1789845578.227409,4665.2,124.93,735.26,4.32,103.35,0.0702,20.41,14.23,21.35,75.0,1500.0,15.2,healthy,0.0
fault_sensor_drift_1,1642,1789845579.227409,4661.9,125.21,739.3,4.24,103.33,0.0717,20.37,14.19,21.48,75.0,1500.0,15.2,healthy,0.0
fault_sensor_drift_1,1643,1789845580.227409,4648.8,125.15,740.61,4.27,103.35,0.08,20.3,14.18,21.26,75.0,1500.0,15.2,healthy,0.0
fault_sensor_drift_1,1644,1789845581.227409,4620.1,125.03,739.68,4.34,103.3,0.0742,20.32,14.16,21.26,75.0,1500.0,15.2,healthy,0.0
fault_sensor_drift_1,1645,1789845582.227409,4639.4,125.57,739.91,4.24,103.39,0.0736,20.37,14.13,20.86,75.0,1500.0,15.2,healthy,0.0
fault_sensor_drift_1,1646,1789845583.227409,4640.3,125.53,740.32,4.28,103.54,0.0744,20.26,14.14,21.03,75.0,1500.0,15.2,healthy,0.0
fault_sensor_drift_1,1647,1789845584.227409,4625.1,125.91,739.55,4.26,103.5,0.0793,20.24,14.14,21.37,75.0,1500.0,15.2,healthy,0.0
fault_sensor_drift_1,1648,1789845585.227409,4647.6,125.84,740.58,4.33,103.62,0.068,20.15,14.1,21.17,75.0,1500.0,15.2,healthy,0.0
fault_sensor_drift_1,1649,1789845586.227409,4659.0,125.96,733.64,4.34,103.79,0.0747,20.12,14.14,20.94,75.0,1500.0,15.2,healthy,0.0
fault_sensor_drift_1,1650,1789845587.227409,4658.1,126.14,732.31,4.34,103.71,0.0715,20.16,14.12,21.18,75.0,1500.0,15.2,healthy,0.0
fault_sensor_drift_1,1651,1789845588.227409,4650.4,126.11,732.54,4.39,103.77,0.0768,20.12,14.16,21.25,75.0,1500.0,15.2,healthy,0.0
fault_sensor_drift_1,1652,1789845589.227409,4683.2,125.76,730.87,4.39,103.88,0.0763,20.12,14.03,21.25,75.0,1500.0,15.2,healthy,0.0
fault_sensor_drift_1,1653,1789845590.227409,4687.9,125.95,738.39,4.42,103.92,0.0745,20.3,14.12,21.53,75.0,1500.0,15.2,healthy,0.0
fault_sensor_drift_1,1654,1789845591.227409,4709.6,125.77,737.93,4.43,103.99,0.0805,20.14,14.12,21.18,75.0,1500.0,15.2,healthy,0.0
fault_sensor_drift_1,1655,1789845592.227409,4690.7,126.09,741.22,4.42,104.02,0.0769,20.17,14.26,21.39,75.0,1500.0,15.2,healthy,0.0
fault_sensor_drift_1,1656,1789845593.227409,4687.2,126.33,746.36,4.45,103.87,0.0718,20.16,14.21,21.43,75.0,1500.0,15.2,healthy,0.0
fault_sensor_drift_1,1657,1789845594.227409,4682.9,126.2,744.61,4.39,104.0,0.0699,19.98,14.31,21.21,75.0,1500.0,15.2,healthy,0.0
fault_sensor_drift_1,1658,1789845595.227409,4695.2,126.23,747.43,4.36,104.02,0.0728,19.98,14.32,21.14,75.0,1500.0,15.2,healthy,0.0
fault_sensor_drift_1,1659,1789845596.227409,4720.7,125.92,750.81,4.35,103.93,0.0783,20.09,14.29,21.14,75.0,1500.0,15.2,healthy,0.0
fault_sensor_drift_1,1660,1789845597.227409,4750.3,126.06,747.48,4.4,103.81,0.0729,20.21,14.24,20.85,75.0,1500.0,15.2,healthy,0.0
fault_sensor_drift_1,1661,1789845598.227409,4758.7,126.28,751.77,4.44,103.68,0.0694,20.23,14.22,21.16,75.0,1500.0,15.2,healthy,0.0
fault_sensor_drift_1,1662,1789845599.227409,4745.9,126.26,752.7,4.45,103.76,0.0674,20.11,14.18,21.26,75.0,1500.0,15.2,healthy,0.0
fault_sensor_drift_1,1663,1789845600.227409,4763.0,126.32,751.57,4.47,103.6,0.0714,20.16,14.21,21.04,75.0,1500.0,15.2,healthy,0.0
fault_sensor_drift_1,1664,1789845601.227409,4751.3,126.32,748.74,4.44,103.49,0.0635,20.15,14.18,21.4,75.0,1500.0,15.2,healthy,0.0
fault_sensor_drift_1,1665,1789845602.227409,4734.7,126.26,741.5,4.41,103.4,0.0643,20.23,14.19,21.65,75.0,1500.0,15.2,healthy,0.0
fault_sensor_drift_1,1666,1789845603.227409,4697.7,126.16,743.57,4.46,103.61,0.0656,20.27,14.23,21.55,75.0,1500.0,15.2,healthy,0.0
fault_sensor_drift_1,1667,1789845604.227409,4691.2,126.13,744.08,4.44,103.6,0.0714,20.3,14.27,21.51,75.0,1500.0,15.2,healthy,0.0
fault_sensor_drift_1,1668,1789845605.227409,4698.1,126.24,743.49,4.34,103.61,0.0773,20.29,14.24,21.4,75.0,1500.0,15.2,healthy,0.0
fault_sensor_drift_1,1669,1789845606.227409,4699.6,126.29,746.24,4.36,103.62,0.0743,20.19,14.29,21.3,75.0,1500.0,15.2,healthy,0.0
fault_sensor_drift_1,1670,1789845607.227409,4675.1,126.36,748.43,4.37,103.71,0.0765,20.31,14.27,21.4,75.0,1500.0,15.2,healthy,0.0
fault_sensor_drift_1,1671,1789845608.227409,4678.1,126.42,744.5,4.33,103.7,0.0796,20.25,14.24,21.44,75.0,1500.0,15.2,healthy,0.0
fault_sensor_drift_1,1672,1789845609.227409,4704.1,126.53,747.13,4.35,103.76,0.0708,20.21,14.15,21.37,75.0,1500.0,15.2,healthy,0.0
fault_sensor_drift_1,1673,1789845610.227409,4681.1,126.52,748.18,4.39,103.88,0.0703,20.32,14.18,21.41,75.0,1500.0,15.2,healthy,0.0
fault_sensor_drift_1,1674,1789845611.227409,4675.0,126.48,749.19,4.35,103.84,0.0684,20.29,14.19,21.46,75.0,1500.0,15.2,healthy,0.0
fault_sensor_drift_1,1675,1789845612.227409,4678.5,126.52,743.08,4.35,103.92,0.0832,20.2,14.15,21.25,75.0,1500.0,15.2,healthy,0.0
fault_sensor_drift_1,1676,1789845613.227409,4652.0,126.79,746.74,4.4,103.97,0.0773,20.3,14.18,21.06,75.0,1500.0,15.2,healthy,0.0
fault_sensor_drift_1,1677,1789845614.227409,4666.0,126.7,747.56,4.41,104.13,0.071,20.37,14.17,20.99,75.0,1500.0,15.2,healthy,0.0
fault_sensor_drift_1,1678,1789845615.227409,4657.5,126.76,744.53,4.38,104.09,0.0751,20.42,14.24,21.31,75.0,1500.0,15.2,healthy,0.0
fault_sensor_drift_1,1679,1789845616.227409,4670.0,126.83,749.31,4.32,103.91,0.0776,20.53,14.36,21.54,75.0,1500.0,15.2,healthy,0.0
fault_sensor_drift_1,1680,1789845617.227409,4664.8,126.59,750.77,4.36,103.95,0.0813,20.43,14.37,21.51,75.0,1500.0,15.2,healthy,0.0
fault_sensor_drift_1,1681,1789845618.227409,4662.7,126.66,743.57,4.38,103.93,0.0725,20.28,14.45,21.59,75.0,1500.0,15.2,healthy,0.0
fault_sensor_drift_1,1682,1789845619.227409,4687.0,126.63,746.13,4.38,103.98,0.077,20.23,14.44,21.69,75.0,1500.0,15.2,healthy,0.0
fault_sensor_drift_1,1683,1789845620.227409,4689.7,126.72,745.33,4.33,104.2,0.0711,20.03,14.4,21.36,75.0,1500.0,15.2,healthy,0.0
fault_sensor_drift_1,1684,1789845621.227409,4701.0,126.47,746.3,4.35,104.38,0.0696,19.96,14.35,21.4,75.0,1500.0,15.2,healthy,0.0
fault_sensor_drift_1,1685,1789845622.227409,4704.8,126.17,745.35,4.39,104.37,0.073,20.02,14.35,21.17,75.0,1500.0,15.2,healthy,0.0
fault_sensor_drift_1,1686,1789845623.227409,4710.7,126.34,741.92,4.39,104.25,0.0658,19.92,14.27,21.49,75.0,1500.0,15.2,healthy,0.0
fault_sensor_drift_1,1687,1789845624.227409,4695.7,126.09,745.02,4.35,104.1,0.0691,19.89,14.2,21.67,75.0,1500.0,15.2,healthy,0.0
fault_sensor_drift_1,1688,1789845625.227409,4693.4,126.01,741.39,4.34,104.0,0.064,20.07,14.15,21.62,75.0,1500.0,15.2,healthy,0.0
fault_sensor_drift_1,1689,1789845626.227409,4704.9,125.94,739.8,4.43,103.98,0.0699,20.1,14.12,21.42,75.0,1500.0,15.2,healthy,0.0
fault_sensor_drift_1,1690,1789845627.227409,4716.6,126.1,739.84,4.4,104.02,0.0646,20.32,14.1,21.21,75.0,1500.0,15.2,healthy,0.0
fault_sensor_drift_1,1691,1789845628.227409,4721.4,126.2,739.86,4.4,104.19,0.0705,20.2,14.03,21.12,75.0,1500.0,15.2,healthy,0.0
fault_sensor_drift_1,1692,1789845629.227409,4707.6,126.47,740.56,4.37,104.28,0.0728,20.16,14.03,21.27,75.0,1500.0,15.2,healthy,0.0
fault_sensor_drift_1,1693,1789845630.227409,4679.5,126.43,738.97,4.41,104.15,0.0838,20.24,14.07,21.33,75.0,1500.0,15.2,healthy,0.0
fault_sensor_drift_1,1694,1789845631.227409,4702.4,126.47,739.8,4.41,104.28,0.0852,20.22,14.06,21.28,75.0,1500.0,15.2,healthy,0.0
fault_sensor_drift_1,1695,1789845632.227409,4715.6,126.58,738.22,4.42,104.24,0.0783,20.11,14.13,21.19,75.0,1500.0,15.2,healthy,0.0
fault_sensor_drift_1,1696,1789845633.227409,4715.6,126.65,735.44,4.37,104.4,0.0721,20.15,14.19,21.12,75.0,1500.0,15.2,healthy,0.0
fault_sensor_drift_1,1697,1789845634.227409,4702.4,126.23,733.56,4.33,104.54,0.0727,20.28,14.16,21.1,75.0,1500.0,15.2,healthy,0.0
fault_sensor_drift_1,1698,1789845635.227409,4693.8,125.83,740.03,4.35,104.64,0.0691,20.21,14.13,21.12,75.0,1500.0,15.2,healthy,0.0
fault_sensor_drift_1,1699,1789845636.227409,4695.9,125.47,742.04,4.36,104.54,0.0704,20.17,14.11,20.96,75.0,1500.0,15.2,healthy,0.0
fault_sensor_drift_1,1700,1789845637.227409,4699.5,125.77,741.1,4.29,104.56,0.0752,20.02,14.16,21.31,75.0,1500.0,15.2,healthy,0.0
fault_sensor_drift_1,1701,1789845638.227409,4709.4,125.66,746.68,4.28,104.45,0.0867,20.04,14.23,21.08,75.0,1500.0,15.2,healthy,0.0
fault_sensor_drift_1,1702,1789845639.227409,4700.1,125.75,747.31,4.27,104.35,0.0832,20.16,14.23,21.06,75.0,1500.0,15.2,healthy,0.0
fault_sensor_drift_1,1703,1789845640.227409,4674.8,125.59,743.59,4.26,104.38,0.0786,20.14,14.18,20.94,75.0,1500.0,15.2,healthy,0.0
fault_sensor_drift_1,1704,1789845641.227409,4698.6,125.42,743.33,4.33,104.24,0.0691,20.21,14.19,21.11,75.0,1500.0,15.2,healthy,0.0
fault_sensor_drift_1,1705,1789845642.227409,4695.1,125.58,741.16,4.36,104.28,0.0718,20.16,14.19,20.94,75.0,1500.0,15.2,healthy,0.0
fault_sensor_drift_1,1706,1789845643.227409,4701.8,125.77,738.95,4.42,104.23,0.0666,20.24,14.17,21.23,75.0,1500.0,15.2,healthy,0.0
fault_sensor_drift_1,1707,1789845644.227409,4707.6,125.49,741.1,4.44,104.07,0.0761,20.09,14.16,21.0,75.0,1500.0,15.2,healthy,0.0
fault_sensor_drift_1,1708,1789845645.227409,4730.8,125.2,746.66,4.35,104.14,0.0685,20.2,14.1,21.5,75.0,1500.0,15.2,healthy,0.0
fault_sensor_drift_1,1709,1789845646.227409,4734.3,124.88,746.1,4.32,104.2,0.0774,20.3,14.13,21.22,75.0,1500.0,15.2,healthy,0.0
fault_sensor_drift_1,1710,1789845647.227409,4731.4,125.4,741.34,4.3,104.07,0.0706,20.13,14.14,20.98,75.0,1500.0,15.2,healthy,0.0
fault_sensor_drift_1,1711,1789845648.227409,4716.6,125.94,743.19,4.27,103.97,0.0696,20.2,14.07,21.14,75.0,1500.0,15.2,healthy,0.0
fault_sensor_drift_1,1712,1789845649.227409,4686.3,125.81,747.07,4.3,103.97,0.0758,20.16,14.04,21.29,75.0,1500.0,15.2,healthy,0.0
fault_sensor_drift_1,1713,1789845650.227409,4677.8,125.81,741.75,4.29,103.94,0.0779,20.26,14.01,21.22,75.0,1500.0,15.2,healthy,0.0
fault_sensor_drift_1,1714,1789845651.227409,4678.0,125.55,746.31,4.22,103.91,0.0749,20.21,14.03,21.2,75.0,1500.0,15.2,healthy,0.0
fault_sensor_drift_1,1715,1789845652.227409,4680.2,125.46,745.35,4.3,103.94,0.0707,20.11,14.07,21.23,75.0,1500.0,15.2,healthy,0.0
fault_sensor_drift_1,1716,1789845653.227409,4686.7,125.37,745.41,4.31,103.96,0.069,20.11,14.1,21.09,75.0,1500.0,15.2,healthy,0.0
fault_sensor_drift_1,1717,1789845654.227409,4702.8,125.44,747.27,4.38,103.99,0.072,19.98,14.14,21.01,75.0,1500.0,15.2,healthy,0.0
fault_sensor_drift_1,1718,1789845655.227409,4695.3,125.28,743.73,4.34,104.01,0.0675,19.87,14.08,21.21,75.0,1500.0,15.2,healthy,0.0
fault_sensor_drift_1,1719,1789845656.227409,4704.7,125.39,741.0,4.31,104.1,0.0694,20.15,14.18,21.32,75.0,1500.0,15.2,healthy,0.0
fault_sensor_drift_1,1720,1789845657.227409,4703.7,125.52,736.76,4.26,103.93,0.0747,20.33,14.16,21.14,75.0,1500.0,15.2,healthy,0.0
fault_sensor_drift_1,1721,1789845658.227409,4700.2,125.7,733.85,4.21,103.96,0.0782,20.25,14.15,21.41,75.0,1500.0,15.2,healthy,0.0
fault_sensor_drift_1,1722,1789845659.227409,4686.6,125.79,734.35,4.19,104.09,0.0634,20.16,14.04,21.37,75.0,1500.0,15.2,healthy,0.0
fault_sensor_drift_1,1723,1789845660.227409,4711.1,125.98,733.59,4.24,104.1,0.0669,20.27,14.14,20.87,75.0,1500.0,15.2,healthy,0.0
fault_sensor_drift_1,1724,1789845661.227409,4687.9,125.68,738.82,4.38,104.23,0.0708,20.4,14.15,20.82,75.0,1500.0,15.2,healthy,0.0
fault_sensor_drift_1,1725,1789845662.227409,4705.9,125.92,738.54,4.31,104.21,0.0698,20.16,14.19,20.88,75.0,1500.0,15.2,healthy,0.0
fault_sensor_drift_1,1726,1789845663.227409,4699.5,125.98,740.51,4.31,104.2,0.0769,20.15,14.16,21.06,75.0,1500.0,15.2,healthy,0.0
fault_sensor_drift_1,1727,1789845664.227409,4701.5,125.98,738.43,4.37,104.13,0.0679,20.32,14.18,20.78,75.0,1500.0,15.2,healthy,0.0
fault_sensor_drift_1,1728,1789845665.227409,4723.0,126.24,742.44,4.33,104.23,0.0739,20.14,14.14,20.76,75.0,1500.0,15.2,healthy,0.0
fault_sensor_drift_1,1729,1789845666.227409,4717.3,126.06,745.28,4.43,104.21,0.07,20.29,14.16,20.93,75.0,1500.0,15.2,healthy,0.0
fault_sensor_drift_1,1730,1789845667.227409,4724.5,125.9,747.75,4.44,104.14,0.0775,20.21,14.09,21.26,75.0,1500.0,15.2,healthy,0.0
fault_sensor_drift_1,1731,1789845668.227409,4745.6,125.86,742.06,4.35,104.16,0.0772,20.19,14.19,21.3,75.0,1500.0,15.2,healthy,0.0
fault_sensor_drift_1,1732,1789845669.227409,4724.9,125.25,741.68,4.37,104.01,0.0739,20.15,14.22,20.96,75.0,1500.0,15.2,healthy,0.0
fault_sensor_drift_1,1733,1789845670.227409,4734.5,125.18,742.06,4.4,103.89,0.0787,20.11,14.1,20.88,75.0,1500.0,15.2,healthy,0.0
fault_sensor_drift_1,1734,1789845671.227409,4721.1,125.65,743.23,4.44,104.0,0.0714,20.13,14.09,20.84,75.0,1500.0,15.2,healthy,0.0
fault_sensor_drift_1,1735,1789845672.227409,4713.8,125.79,741.1,4.42,103.91,0.0797,19.97,14.07,20.53,75.0,1500.0,15.2,healthy,0.0
fault_sensor_drift_1,1736,1789845673.227409,4706.2,125.96,740.8,4.37,103.98,0.0704,20.08,14.03,20.9,75.0,1500.0,15.2,healthy,0.0
fault_sensor_drift_1,1737,1789845674.227409,4701.3,126.25,738.38,4.35,103.84,0.0716,20.18,14.04,21.05,75.0,1500.0,15.2,healthy,0.0
fault_sensor_drift_1,1738,1789845675.227409,4705.3,126.72,741.85,4.36,103.75,0.0778,20.08,13.97,21.03,75.0,1500.0,15.2,healthy,0.0
fault_sensor_drift_1,1739,1789845676.227409,4719.6,126.48,737.48,4.36,103.82,0.0795,20.09,14.02,21.17,75.0,1500.0,15.2,healthy,0.0
fault_sensor_drift_1,1740,1789845677.227409,4699.0,126.81,734.15,4.33,103.93,0.0743,20.01,13.94,21.36,75.0,1500.0,15.2,healthy,0.0
fault_sensor_drift_1,1741,1789845678.227409,4691.0,126.41,737.49,4.33,103.92,0.0648,20.07,13.96,21.21,75.0,1500.0,15.2,healthy,0.0
fault_sensor_drift_1,1742,1789845679.227409,4661.7,126.55,741.85,4.34,103.98,0.0738,20.16,13.98,21.49,75.0,1500.0,15.2,healthy,0.0
fault_sensor_drift_1,1743,1789845680.227409,4657.1,126.67,737.53,4.37,103.98,0.0707,20.07,14.02,21.15,75.0,1500.0,15.2,healthy,0.0
fault_sensor_drift_1,1744,1789845681.227409,4666.3,126.66,734.44,4.41,104.08,0.0739,20.02,14.06,21.21,75.0,1500.0,15.2,healthy,0.0
fault_sensor_drift_1,1745,1789845682.227409,4701.3,126.93,733.42,4.35,104.15,0.0756,19.96,14.08,21.17,75.0,1500.0,15.2,healthy,0.0
fault_sensor_drift_1,1746,1789845683.227409,4715.4,126.74,737.59,4.4,104.01,0.0779,20.06,14.09,21.29,75.0,1500.0,15.2,healthy,0.0
fault_sensor_drift_1,1747,1789845684.227409,4724.5,126.66,736.42,4.39,104.09,0.0761,20.02,14.11,20.99,75.0,1500.0,15.2,healthy,0.0
fault_sensor_drift_1,1748,1789845685.227409,4710.4,126.54,739.86,4.4,104.08,0.0779,20.0,14.18,21.49,75.0,1500.0,15.2,healthy,0.0
fault_sensor_drift_1,1749,1789845686.227409,4725.4,126.69,737.39,4.37,104.2,0.0682,20.26,14.21,21.58,75.0,1500.0,15.2,healthy,0.0
fault_sensor_drift_1,1750,1789845687.227409,4709.7,126.96,734.56,4.29,104.28,0.065,20.24,14.25,21.36,75.0,1500.0,15.2,healthy,0.0
fault_sensor_drift_1,1751,1789845688.227409,4687.7,126.83,739.46,4.23,104.23,0.0666,20.18,14.22,21.43,75.0,1500.0,15.2,healthy,0.0
fault_sensor_drift_1,1752,1789845689.227409,4679.0,126.87,739.99,4.35,104.26,0.0675,20.32,14.16,21.24,75.0,1500.0,15.2,healthy,0.0
fault_sensor_drift_1,1753,1789845690.227409,4683.7,126.73,741.16,4.43,104.1,0.0816,20.25,14.14,21.73,75.0,1500.0,15.2,healthy,0.0
fault_sensor_drift_1,1754,1789845691.227409,4662.4,126.73,744.54,4.5,103.98,0.0723,20.2,14.16,21.3,75.0,1500.0,15.2,healthy,0.0
fault_sensor_drift_1,1755,1789845692.227409,4676.7,126.92,740.65,4.53,103.85,0.0764,20.15,14.06,21.52,75.0,1500.0,15.2,healthy,0.0
fault_sensor_drift_1,1756,1789845693.227409,4673.2,126.84,742.36,4.52,103.76,0.0753,20.16,13.98,21.23,75.0,1500.0,15.2,healthy,0.0
fault_sensor_drift_1,1757,1789845694.227409,4671.9,126.84,744.15,4.41,103.91,0.0844,20.12,13.98,21.19,75.0,1500.0,15.2,healthy,0.0
fault_sensor_drift_1,1758,1789845695.227409,4677.9,127.0,743.22,4.36,103.92,0.0747,19.85,14.05,21.14,75.0,1500.0,15.2,healthy,0.0
fault_sensor_drift_1,1759,1789845696.227409,4679.9,127.11,742.65,4.33,103.87,0.0765,20.01,14.02,21.38,75.0,1500.0,15.2,healthy,0.0
fault_sensor_drift_1,1760,1789845697.227409,4675.7,127.16,736.88,4.49,103.86,0.0768,20.22,14.03,21.05,75.0,1500.0,15.2,healthy,0.0
fault_sensor_drift_1,1761,1789845698.227409,4662.8,127.16,744.08,4.43,103.77,0.0844,20.17,14.05,21.17,75.0,1500.0,15.2,healthy,0.0
fault_sensor_drift_1,1762,1789845699.227409,4693.5,126.8,740.59,4.45,103.72,0.0781,20.43,13.97,20.95,75.0,1500.0,15.2,healthy,0.0
fault_sensor_drift_1,1763,1789845700.227409,4697.9,126.65,743.82,4.39,103.66,0.0688,20.54,14.05,21.29,75.0,1500.0,15.2,healthy,0.0
fault_sensor_drift_1,1764,1789845701.227409,4700.7,126.71,739.75,4.41,103.83,0.0666,20.55,14.11,21.32,75.0,1500.0,15.2,healthy,0.0
fault_sensor_drift_1,1765,1789845702.227409,4702.4,126.68,742.12,4.41,103.95,0.0638,20.41,14.08,21.08,75.0,1500.0,15.2,healthy,0.0
fault_sensor_drift_1,1766,1789845703.227409,4702.1,126.72,741.07,4.38,104.02,0.0632,20.41,14.04,20.82,75.0,1500.0,15.2,healthy,0.0
fault_sensor_drift_1,1767,1789845704.227409,4718.3,126.44,742.77,4.43,103.99,0.0663,20.45,13.97,20.74,75.0,1500.0,15.2,healthy,0.0
fault_sensor_drift_1,1768,1789845705.227409,4726.6,126.36,744.3,4.46,104.13,0.0676,20.43,14.09,21.4,75.0,1500.0,15.2,healthy,0.0
fault_sensor_drift_1,1769,1789845706.227409,4726.7,126.42,741.48,4.44,104.15,0.0612,20.44,14.05,21.46,75.0,1500.0,15.2,healthy,0.0
fault_sensor_drift_1,1770,1789845707.227409,4719.2,126.5,740.52,4.32,104.14,0.0664,20.37,14.07,21.09,75.0,1500.0,15.2,healthy,0.0
fault_sensor_drift_1,1771,1789845708.227409,4706.4,126.48,737.75,4.38,104.0,0.0645,20.36,14.01,21.19,75.0,1500.0,15.2,healthy,0.0
fault_sensor_drift_1,1772,1789845709.227409,4689.8,126.72,739.42,4.37,103.87,0.0714,20.09,14.14,21.18,75.0,1500.0,15.2,healthy,0.0
fault_sensor_drift_1,1773,1789845710.227409,4703.9,126.64,743.78,4.35,103.93,0.0726,20.0,14.14,20.63,75.0,1500.0,15.2,healthy,0.0
fault_sensor_drift_1,1774,1789845711.227409,4703.4,126.6,746.83,4.39,104.01,0.0723,19.9,14.22,20.84,75.0,1500.0,15.2,healthy,0.0
fault_sensor_drift_1,1775,1789845712.227409,4724.1,126.76,742.2,4.42,104.05,0.0643,19.83,14.27,21.03,75.0,1500.0,15.2,healthy,0.0
fault_sensor_drift_1,1776,1789845713.227409,4699.4,126.79,739.34,4.43,103.88,0.0747,19.97,14.28,21.01,75.0,1500.0,15.2,healthy,0.0
fault_sensor_drift_1,1777,1789845714.227409,4697.3,126.75,735.79,4.4,103.99,0.0673,19.89,14.26,21.03,75.0,1500.0,15.2,healthy,0.0
fault_sensor_drift_1,1778,1789845715.227409,4665.6,126.54,734.07,4.3,104.04,0.0669,20.16,14.28,21.01,75.0,1500.0,15.2,healthy,0.0
fault_sensor_drift_1,1779,1789845716.227409,4666.1,126.29,733.01,4.32,103.86,0.0719,20.39,14.22,21.11,75.0,1500.0,15.2,healthy,0.0
fault_sensor_drift_1,1780,1789845717.227409,4665.9,126.67,739.47,4.31,103.9,0.0805,20.37,14.25,21.4,75.0,1500.0,15.2,healthy,0.0
fault_sensor_drift_1,1781,1789845718.227409,4669.9,126.57,739.18,4.31,103.85,0.0758,20.3,14.28,21.25,75.0,1500.0,15.2,healthy,0.0
fault_sensor_drift_1,1782,1789845719.227409,4656.7,126.54,737.26,4.35,103.84,0.0684,20.07,14.32,21.21,75.0,1500.0,15.2,healthy,0.0
fault_sensor_drift_1,1783,1789845720.227409,4647.2,126.35,737.31,4.32,103.84,0.0656,20.05,14.22,21.34,75.0,1500.0,15.2,healthy,0.0
fault_sensor_drift_1,1784,1789845721.227409,4658.8,126.31,737.22,4.39,103.74,0.0702,20.01,14.19,21.48,75.0,1500.0,15.2,healthy,0.0
fault_sensor_drift_1,1785,1789845722.227409,4703.9,126.29,737.02,4.28,103.67,0.0663,19.96,14.19,21.3,75.0,1500.0,15.2,healthy,0.0
fault_sensor_drift_1,1786,1789845723.227409,4709.8,126.33,740.8,4.24,103.72,0.0693,20.16,14.21,21.51,75.0,1500.0,15.2,healthy,0.0
fault_sensor_drift_1,1787,1789845724.227409,4711.2,126.85,738.86,4.2,103.79,0.0772,20.36,14.15,21.33,75.0,1500.0,15.2,healthy,0.0
fault_sensor_drift_1,1788,1789845725.227409,4737.6,126.72,739.55,4.22,103.7,0.0771,20.28,14.24,20.98,75.0,1500.0,15.2,healthy,0.0
fault_sensor_drift_1,1789,1789845726.227409,4750.8,126.51,738.46,4.24,103.63,0.0822,20.2,14.26,21.07,75.0,1500.0,15.2,healthy,0.0
fault_sensor_drift_1,1790,1789845727.227409,4752.7,126.19,734.22,4.24,103.57,0.0811,20.23,14.18,20.82,75.0,1500.0,15.2,healthy,0.0
fault_sensor_drift_1,1791,1789845728.227409,4726.0,126.26,734.93,4.32,103.59,0.0857,20.16,14.25,20.87,75.0,1500.0,15.2,healthy,0.0
fault_sensor_drift_1,1792,1789845729.227409,4734.2,126.37,736.75,4.37,103.53,0.0758,20.17,14.15,21.18,75.0,1500.0,15.2,healthy,0.0
fault_sensor_drift_1,1793,1789845730.227409,4722.4,126.57,739.53,4.3,103.6,0.0635,20.29,14.2,21.0,75.0,1500.0,15.2,healthy,0.0
fault_sensor_drift_1,1794,1789845731.227409,4730.4,126.78,739.73,4.24,103.62,0.0687,20.16,14.21,21.23,75.0,1500.0,15.2,healthy,0.0
fault_sensor_drift_1,1795,1789845732.227409,4710.6,126.94,738.68,4.28,103.56,0.0708,20.11,14.28,21.08,75.0,1500.0,15.2,healthy,0.0
fault_sensor_drift_1,1796,1789845733.227409,4725.4,127.01,731.5,4.29,103.59,0.0674,20.27,14.37,20.7,75.0,1500.0,15.2,healthy,0.0
fault_sensor_drift_1,1797,1789845734.227409,4718.8,126.93,732.37,4.3,103.57,0.0762,20.38,14.36,21.02,75.0,1500.0,15.2,healthy,0.0
fault_sensor_drift_1,1798,1789845735.227409,4701.6,126.86,729.5,4.38,103.55,0.0795,20.46,14.32,21.38,75.0,1500.0,15.2,healthy,0.0
fault_sensor_drift_1,1799,1789845736.227409,4719.1,127.08,725.44,4.36,103.58,0.0721,20.3,14.38,21.29,75.0,1500.0,15.2,healthy,0.0
fault_sensor_drift_1,1800,1789845737.227409,4695.3,126.94,729.24,4.36,103.54,0.0694,20.45,14.48,21.21,75.0,1500.0,15.2,healthy,0.0
fault_sensor_drift_1,1801,1789845738.227409,4705.2,126.94,729.87,4.34,103.51,0.0788,20.2,14.45,21.19,75.0,1500.0,15.2,healthy,0.0
fault_sensor_drift_1,1802,1789845739.227409,4695.5,126.68,731.24,4.3,103.55,0.0739,20.27,14.42,21.46,75.0,1500.0,15.2,healthy,0.0
fault_sensor_drift_1,1803,1789845740.227409,4697.0,126.84,731.93,4.36,103.65,0.0685,20.13,14.4,21.23,75.0,1500.0,15.2,healthy,0.0
fault_sensor_drift_1,1804,1789845741.227409,4692.2,126.75,732.68,4.34,103.77,0.0705,20.11,14.41,21.12,75.0,1500.0,15.2,healthy,0.0
fault_sensor_drift_1,1805,1789845742.227409,4700.2,126.87,733.55,4.24,103.69,0.0806,19.99,14.37,20.75,75.0,1500.0,15.2,healthy,0.0
fault_sensor_drift_1,1806,1789845743.227409,4679.3,127.02,734.19,4.28,103.78,0.0746,19.88,14.38,21.1,75.0,1500.0,15.2,healthy,0.0
fault_sensor_drift_1,1807,1789845744.227409,4698.8,127.02,736.65,4.35,103.82,0.0744,19.88,14.35,21.44,75.0,1500.0,15.2,healthy,0.0
fault_sensor_drift_1,1808,1789845745.227409,4699.4,127.25,741.58,4.37,103.98,0.0827,19.98,14.39,21.19,75.0,1500.0,15.2,healthy,0.0
fault_sensor_drift_1,1809,1789845746.227409,4711.6,126.87,742.42,4.43,103.99,0.0839,20.18,14.41,21.07,75.0,1500.0,15.2,healthy,0.0
fault_sensor_drift_1,1810,1789845747.227409,4721.8,126.9,749.74,4.36,104.08,0.0704,20.23,14.46,20.87,75.0,1500.0,15.2,healthy,0.0
fault_sensor_drift_1,1811,1789845748.227409,4693.1,126.77,747.47,4.41,104.09,0.0692,20.33,14.39,21.02,75.0,1500.0,15.2,healthy,0.0
fault_sensor_drift_1,1812,1789845749.227409,4687.4,126.64,746.18,4.41,104.14,0.0742,20.31,14.28,21.1,75.0,1500.0,15.2,healthy,0.0
fault_sensor_drift_1,1813,1789845750.227409,4671.7,126.57,749.7,4.32,104.04,0.0701,20.17,14.29,21.12,75.0,1500.0,15.2,healthy,0.0
fault_sensor_drift_1,1814,1789845751.227409,4689.8,126.4,751.68,4.33,104.15,0.0746,20.07,14.31,20.81,75.0,1500.0,15.2,healthy,0.0
fault_sensor_drift_1,1815,1789845752.227409,4719.3,126.46,746.49,4.31,104.04,0.0738,20.05,14.19,20.98,75.0,1500.0,15.2,healthy,0.0
fault_sensor_drift_1,1816,1789845753.227409,4713.9,126.93,738.42,4.32,103.98,0.0783,20.34,14.14,21.02,75.0,1500.0,15.2,healthy,0.0
fault_sensor_drift_1,1817,1789845754.227409,4710.2,126.95,741.74,4.3,104.01,0.0719,20.49,14.16,21.22,75.0,1500.0,15.2,healthy,0.0
fault_sensor_drift_1,1818,1789845755.227409,4727.1,126.78,740.93,4.31,104.07,0.0768,20.55,14.13,21.58,75.0,1500.0,15.2,healthy,0.0
fault_sensor_drift_1,1819,1789845756.227409,4715.9,126.84,739.21,4.3,103.89,0.0858,20.46,14.14,21.26,75.0,1500.0,15.2,healthy,0.0
fault_sensor_drift_1,1820,1789845757.227409,4715.4,126.53,736.34,4.39,103.89,0.0765,20.51,14.18,21.64,75.0,1500.0,15.2,healthy,0.0
fault_sensor_drift_1,1821,1789845758.227409,4698.9,126.43,740.71,4.33,103.83,0.0746,20.51,14.1,21.43,75.0,1500.0,15.2,healthy,0.0
fault_sensor_drift_1,1822,1789845759.227409,4699.5,126.41,739.47,4.3,103.88,0.0615,20.62,14.1,21.2,75.0,1500.0,15.2,healthy,0.0
fault_sensor_drift_1,1823,1789845760.227409,4738.4,126.51,738.91,4.26,103.69,0.0622,20.57,14.18,21.2,75.0,1500.0,15.2,healthy,0.0
fault_sensor_drift_1,1824,1789845761.227409,4734.8,126.62,734.68,4.22,103.62,0.0626,20.59,14.16,21.07,75.0,1500.0,15.2,sensor_drift,0.59
fault_sensor_drift_1,1825,1789845762.227409,4725.1,126.84,738.94,4.29,103.71,0.0608,20.54,14.15,21.41,75.0,1500.0,15.2,sensor_drift,0.59
fault_sensor_drift_1,1826,1789845763.227409,4706.6,126.35,739.83,4.35,103.69,0.0629,20.52,14.16,21.44,75.0,1500.0,15.2,sensor_drift,0.59
fault_sensor_drift_1,1827,1789845764.227409,4714.8,126.71,735.58,4.33,103.86,0.0664,20.37,14.16,21.35,75.0,1500.0,15.2,sensor_drift,0.59
fault_sensor_drift_1,1828,1789845765.227409,4696.2,126.53,733.73,4.32,103.86,0.0753,20.43,14.15,21.28,75.0,1500.0,15.2,sensor_drift,0.59
fault_sensor_drift_1,1829,1789845766.227409,4692.8,126.65,733.57,4.3,103.77,0.0752,20.41,14.13,21.61,75.0,1500.0,15.2,sensor_drift,0.59
fault_sensor_drift_1,1830,1789845767.227409,4679.8,126.53,737.18,4.37,103.65,0.0773,20.35,14.19,21.66,75.0,1500.0,15.2,sensor_drift,0.59
fault_sensor_drift_1,1831,1789845768.227409,4703.5,126.71,737.07,4.26,103.57,0.0736,20.27,14.22,21.48,75.0,1500.0,15.2,sensor_drift,0.59
fault_sensor_drift_1,1832,1789845769.227409,4694.4,126.61,736.7,4.33,103.72,0.0735,20.3,14.12,21.52,75.0,1500.0,15.2,sensor_drift,0.59
fault_sensor_drift_1,1833,1789845770.227409,4711.9,126.6,734.0,4.27,103.71,0.0737,20.4,14.09,21.15,75.0,1500.0,15.2,sensor_drift,0.59
fault_sensor_drift_1,1834,1789845771.227409,4707.5,126.57,736.32,4.27,103.64,0.0692,20.29,14.11,21.36,75.0,1500.0,15.2,sensor_drift,0.59
fault_sensor_drift_1,1835,1789845772.227409,4704.1,126.64,735.41,4.3,103.55,0.0739,20.28,14.16,21.21,75.0,1500.0,15.2,sensor_drift,0.59
fault_sensor_drift_1,1836,1789845773.227409,4698.0,126.9,733.39,4.31,103.8,0.0732,20.2,14.19,21.45,75.0,1500.0,15.2,sensor_drift,0.59
fault_sensor_drift_1,1837,1789845774.227409,4689.8,126.76,740.26,4.38,103.72,0.0737,20.23,14.09,21.15,75.0,1500.0,15.2,sensor_drift,0.59
fault_sensor_drift_1,1838,1789845775.227409,4728.4,126.81,739.43,4.35,103.69,0.074,20.25,14.13,21.16,75.0,1500.0,15.2,sensor_drift,0.59
fault_sensor_drift_1,1839,1789845776.227409,4722.0,126.77,740.91,4.35,103.77,0.0755,20.17,14.15,20.99,75.0,1500.0,15.2,sensor_drift,0.59
fault_sensor_drift_1,1840,1789845777.227409,4724.9,126.55,740.16,4.41,103.77,0.0769,20.18,14.13,21.11,75.0,1500.0,15.2,sensor_drift,0.59
fault_sensor_drift_1,1841,1789845778.227409,4727.3,126.47,743.2,4.3,103.58,0.078,19.97,14.18,21.41,75.0,1500.0,15.2,sensor_drift,0.59
fault_sensor_drift_1,1842,1789845779.227409,4747.0,126.52,738.4,4.31,103.54,0.078,19.93,14.21,21.45,75.0,1500.0,15.2,sensor_drift,0.59
fault_sensor_drift_1,1843,1789845780.227409,4713.9,126.44,743.37,4.37,103.52,0.0678,20.01,14.23,21.67,75.0,1500.0,15.2,sensor_drift,0.59
fault_sensor_drift_1,1844,1789845781.227409,4700.2,126.54,738.69,4.29,103.49,0.0738,19.95,14.23,21.31,75.0,1500.0,15.2,sensor_drift,0.59
fault_sensor_drift_1,1845,1789845782.227409,4704.5,126.48,744.8,4.32,103.31,0.0766,20.14,14.23,21.48,75.0,1500.0,15.2,sensor_drift,0.59
fault_sensor_drift_1,1846,1789845783.227409,4702.2,126.69,740.6,4.36,103.42,0.071,20.16,14.21,21.61,75.0,1500.0,15.2,sensor_drift,0.59
fault_sensor_drift_1,1847,1789845784.227409,4709.0,126.81,745.19,4.4,103.4,0.0793,20.12,14.2,21.5,75.0,1500.0,15.2,sensor_drift,0.59
fault_sensor_drift_1,1848,1789845785.227409,4702.8,127.17,743.77,4.33,103.49,0.0815,20.17,14.25,21.64,75.0,1500.0,15.2,sensor_drift,0.59
fault_sensor_drift_1,1849,1789845786.227409,4704.5,127.24,744.21,4.34,103.36,0.0757,20.28,14.32,21.61,75.0,1500.0,15.2,sensor_drift,0.59
fault_sensor_drift_1,1850,1789845787.227409,4705.6,126.82,742.07,4.34,103.38,0.0827,20.3,14.34,21.45,75.0,1500.0,15.2,sensor_drift,0.59
fault_sensor_drift_1,1851,1789845788.227409,4718.1,126.7,742.2,4.27,103.35,0.0814,20.29,14.34,21.54,75.0,1500.0,15.2,sensor_drift,0.59
fault_sensor_drift_1,1852,1789845789.227409,4695.5,126.6,740.3,4.22,103.44,0.0795,20.29,14.31,21.41,75.0,1500.0,15.2,sensor_drift,0.59
fault_sensor_drift_1,1853,1789845790.227409,4697.4,126.43,739.23,4.24,103.39,0.071,20.15,14.36,20.92,75.0,1500.0,15.2,sensor_drift,0.59
fault_sensor_drift_1,1854,1789845791.227409,4715.6,126.08,743.89,4.27,103.48,0.0707,20.08,14.26,20.95,75.0,1500.0,15.2,sensor_drift,0.59
fault_sensor_drift_1,1855,1789845792.227409,4708.2,126.2,751.58,4.29,103.51,0.0735,20.03,14.27,21.18,75.0,1500.0,15.2,sensor_drift,0.59
fault_sensor_drift_1,1856,1789845793.227409,4737.2,126.2,751.71,4.29,103.52,0.0814,20.07,14.14,21.25,75.0,1500.0,15.2,sensor_drift,0.59
fault_sensor_drift_1,1857,1789845794.227409,4728.0,126.24,752.3,4.44,103.53,0.0729,20.02,14.09,21.11,75.0,1500.0,15.2,sensor_drift,0.59
fault_sensor_drift_1,1858,1789845795.227409,4712.3,126.17,751.4,4.4,103.62,0.0696,20.08,14.06,21.07,75.0,1500.0,15.2,sensor_drift,0.59
fault_sensor_drift_1,1859,1789845796.227409,4707.8,126.14,751.44,4.31,103.72,0.0665,20.13,14.06,21.06,75.0,1500.0,15.2,sensor_drift,0.59
fault_sensor_drift_1,1860,1789845797.227409,4710.1,125.76,749.65,4.39,103.8,0.0665,20.07,13.99,21.25,75.0,1500.0,15.2,sensor_drift,0.59
fault_sensor_drift_1,1861,1789845798.227409,4732.2,125.85,746.6,4.44,103.8,0.0723,19.91,13.99,21.01,75.0,1500.0,15.2,sensor_drift,0.59
fault_sensor_drift_1,1862,1789845799.227409,4706.1,125.91,747.45,4.44,103.91,0.0733,20.18,13.95,21.54,75.0,1500.0,15.2,sensor_drift,0.59
fault_sensor_drift_1,1863,1789845800.227409,4715.0,126.02,744.27,4.35,104.07,0.0733,20.17,14.02,21.26,75.0,1500.0,15.2,sensor_drift,0.59
fault_sensor_drift_1,1864,1789845801.227409,4678.2,125.92,743.73,4.34,104.32,0.0763,20.18,14.05,21.06,75.0,1500.0,15.2,sensor_drift,0.59
fault_sensor_drift_1,1865,1789845802.227409,4671.2,126.06,748.09,4.32,104.42,0.071,20.18,14.11,21.5,75.0,1500.0,15.2,sensor_drift,0.59
fault_sensor_drift_1,1866,1789845803.227409,4684.7,126.11,749.39,4.29,104.52,0.0694,20.08,14.14,21.26,75.0,1500.0,15.2,sensor_drift,0.59
fault_sensor_drift_1,1867,1789845804.227409,4689.3,126.05,747.85,4.36,104.49,0.0662,20.22,14.07,21.04,75.0,1500.0,15.2,sensor_drift,0.59
fault_sensor_drift_1,1868,1789845805.227409,4710.7,126.38,745.73,4.39,104.55,0.0701,20.29,14.12,21.59,75.0,1500.0,15.2,sensor_drift,0.59
fault_sensor_drift_1,1869,1789845806.227409,4706.6,126.67,743.86,4.39,104.39,0.0751,20.27,14.18,21.16,75.0,1500.0,15.2,sensor_drift,0.59
fault_sensor_drift_1,1870,1789845807.227409,4709.0,126.23,742.82,4.41,104.35,0.0627,20.39,14.13,21.33,75.0,1500.0,15.2,sensor_drift,0.59
fault_sensor_drift_1,1871,1789845808.227409,4707.4,126.3,742.49,4.38,104.26,0.0682,20.3,14.08,21.62,75.0,1500.0,15.2,sensor_drift,0.59
fault_sensor_drift_1,1872,1789845809.227409,4692.6,126.44,737.97,4.41,104.37,0.0816,20.34,14.04,21.03,75.0,1500.0,15.2,sensor_drift,0.59
fault_sensor_drift_1,1873,1789845810.227409,4671.9,126.65,740.94,4.3,104.29,0.0791,20.45,13.98,21.08,75.0,1500.0,15.2,sensor_drift,0.59
fault_sensor_drift_1,1874,1789845811.227409,4669.7,126.93,739.04,4.34,104.18,0.0862,20.5,14.03,21.28,75.0,1500.0,15.2,sensor_drift,0.59
fault_sensor_drift_1,1875,1789845812.227409,4667.2,126.72,737.98,4.29,104.38,0.0844,20.47,13.96,21.13,75.0,1500.0,15.2,sensor_drift,0.59
fault_sensor_drift_1,1876,1789845813.227409,4678.6,126.7,743.96,4.3,104.29,0.0767,20.31,13.96,21.0,75.0,1500.0,15.2,sensor_drift,0.59
fault_sensor_drift_1,1877,1789845814.227409,4703.7,127.03,743.88,4.36,104.36,0.0776,20.27,14.01,20.83,75.0,1500.0,15.2,sensor_drift,0.59
fault_sensor_drift_1,1878,1789845815.227409,4696.6,127.16,737.85,4.34,104.48,0.0888,20.4,13.99,21.02,75.0,1500.0,15.2,sensor_drift,0.59
fault_sensor_drift_1,1879,1789845816.227409,4704.0,127.26,740.17,4.37,104.51,0.0795,20.22,13.97,20.98,75.0,1500.0,15.2,sensor_drift,0.59
fault_sensor_drift_1,1880,1789845817.227409,4697.7,127.03,735.05,4.33,104.39,0.0793,20.3,14.0,21.1,75.0,1500.0,15.2,sensor_drift,0.59
fault_sensor_drift_1,1881,1789845818.227409,4688.0,126.79,735.15,4.45,104.63,0.0784,20.23,13.97,20.84,75.0,1500.0,15.2,sensor_drift,0.59
fault_sensor_drift_1,1882,1789845819.227409,4641.1,126.9,738.74,4.36,104.52,0.0706,20.29,13.99,21.0,75.0,1500.0,15.2,sensor_drift,0.59
fault_sensor_drift_1,1883,1789845820.227409,4646.7,126.5,740.1,4.42,104.35,0.0779,20.38,13.97,21.13,75.0,1500.0,15.2,sensor_drift,0.59
fault_sensor_drift_1,1884,1789845821.227409,4642.5,126.59,742.52,4.35,104.29,0.0845,20.33,13.98,21.64,75.0,1500.0,15.2,sensor_drift,0.59
fault_sensor_drift_1,1885,1789845822.227409,4657.6,126.92,737.76,4.27,103.99,0.0789,20.31,13.94,21.77,75.0,1500.0,15.2,sensor_drift,0.59
fault_sensor_drift_1,1886,1789845823.227409,4681.2,126.9,738.45,4.3,104.11,0.0819,20.12,13.96,21.44,75.0,1500.0,15.2,sensor_drift,0.59
fault_sensor_drift_1,1887,1789845824.227409,4692.4,126.61,742.65,4.29,104.03,0.0877,20.2,13.98,21.58,75.0,1500.0,15.2,sensor_drift,0.59
fault_sensor_drift_1,1888,1789845825.227409,4690.2,126.97,744.62,4.21,104.05,0.0821,20.22,13.98,21.32,75.0,1500.0,15.2,sensor_drift,0.59
fault_sensor_drift_1,1889,1789845826.227409,4700.6,127.69,742.9,4.19,103.83,0.0759,20.2,14.02,21.35,75.0,1500.0,15.2,sensor_drift,0.59
fault_sensor_drift_1,1890,1789845827.227409,4693.6,127.82,739.87,4.21,103.93,0.0843,20.24,14.01,21.27,75.0,1500.0,15.2,sensor_drift,0.59
fault_sensor_drift_1,1891,1789845828.227409,4699.8,127.6,739.03,4.34,104.06,0.0841,20.29,14.04,21.2,75.0,1500.0,15.2,sensor_drift,0.59
fault_sensor_drift_1,1892,1789845829.227409,4693.3,127.67,742.38,4.3,104.1,0.0878,20.36,14.07,20.9,75.0,1500.0,15.2,sensor_drift,0.59
fault_sensor_drift_1,1893,1789845830.227409,4707.2,127.71,743.97,4.37,104.08,0.0733,20.22,14.11,21.08,75.0,1500.0,15.2,sensor_drift,0.59
fault_sensor_drift_1,1894,1789845831.227409,4723.7,127.71,742.68,4.3,104.0,0.0658,20.07,14.01,21.21,75.0,1500.0,15.2,sensor_drift,0.59
fault_sensor_drift_1,1895,1789845832.227409,4699.1,127.64,735.61,4.24,103.95,0.0639,20.01,14.09,20.97,75.0,1500.0,15.2,sensor_drift,0.59
fault_sensor_drift_1,1896,1789845833.227409,4670.7,127.7,730.52,4.32,104.13,0.0717,19.98,14.06,21.0,75.0,1500.0,15.2,sensor_drift,0.59
fault_sensor_drift_1,1897,1789845834.227409,4706.1,127.52,729.36,4.38,104.0,0.0718,19.98,14.15,20.92,75.0,1500.0,15.2,sensor_drift,0.59
fault_sensor_drift_1,1898,1789845835.227409,4694.7,127.43,734.25,4.31,103.83,0.0787,19.9,14.1,20.88,75.0,1500.0,15.2,sensor_drift,0.59
fault_sensor_drift_1,1899,1789845836.227409,4688.0,127.41,740.0,4.29,103.94,0.0822,20.13,14.07,20.96,75.0,1500.0,15.2,sensor_drift,0.59
fault_sensor_drift_1,1900,1789845837.227409,4692.5,127.18,741.27,4.26,103.98,0.0748,20.07,14.12,20.98,75.0,1500.0,15.2,sensor_drift,0.59
fault_sensor_drift_1,1901,1789845838.227409,4695.9,126.89,740.21,4.23,104.15,0.0729,20.13,14.19,21.13,75.0,1500.0,15.2,sensor_drift,0.59
fault_sensor_drift_1,1902,1789845839.227409,4700.5,126.83,742.95,4.28,104.02,0.0768,20.07,14.25,21.06,75.0,1500.0,15.2,sensor_drift,0.59
fault_sensor_drift_1,1903,1789845840.227409,4689.1,126.84,742.54,4.25,104.06,0.0811,20.02,14.28,20.88,75.0,1500.0,15.2,sensor_drift,0.59
fault_sensor_drift_1,1904,1789845841.227409,4714.0,126.57,747.76,4.26,103.8,0.0807,20.08,14.24,21.11,75.0,1500.0,15.2,sensor_drift,0.59
fault_sensor_drift_1,1905,1789845842.227409,4709.5,126.3,744.08,4.37,103.82,0.0762,20.11,14.28,21.33,75.0,1500.0,15.2,sensor_drift,0.59
fault_sensor_drift_1,1906,1789845843.227409,4707.6,126.44,739.84,4.28,103.61,0.0695,20.0,14.3,21.5,75.0,1500.0,15.2,sensor_drift,0.59
fault_sensor_drift_1,1907,1789845844.227409,4713.3,126.31,734.03,4.31,103.53,0.0721,19.93,14.31,21.61,75.0,1500.0,15.2,sensor_drift,0.59
fault_sensor_drift_1,1908,1789845845.227409,4734.1,126.57,731.82,4.3,103.54,0.0815,20.05,14.3,21.67,75.0,1500.0,15.2,sensor_drift,0.59
fault_sensor_drift_1,1909,1789845846.227409,4730.6,126.92,731.09,4.35,103.54,0.083,19.94,14.25,21.38,75.0,1500.0,15.2,sensor_drift,0.59
fault_sensor_drift_1,1910,1789845847.227409,4709.7,126.67,731.18,4.4,103.46,0.0778,19.87,14.2,21.63,75.0,1500.0,15.2,sensor_drift,0.59
fault_sensor_drift_1,1911,1789845848.227409,4713.3,126.98,731.47,4.4,103.48,0.0709,19.85,14.22,21.69,75.0,1500.0,15.2,sensor_drift,0.59
fault_sensor_drift_1,1912,1789845849.227409,4711.4,126.97,735.17,4.42,103.63,0.0738,19.71,14.22,21.65,75.0,1500.0,15.2,sensor_drift,0.59
fault_sensor_drift_1,1913,1789845850.227409,4688.9,127.33,733.43,4.42,103.58,0.07,19.76,14.21,21.62,75.0,1500.0,15.2,sensor_drift,0.59
fault_sensor_drift_1,1914,1789845851.227409,4683.8,127.52,729.75,4.35,103.68,0.0784,19.81,14.06,21.59,75.0,1500.0,15.2,sensor_drift,0.59
fault_sensor_drift_1,1915,1789845852.227409,4668.3,127.36,729.71,4.33,103.69,0.0849,19.88,14.03,21.15,75.0,1500.0,15.2,sensor_drift,0.59
fault_sensor_drift_1,1916,1789845853.227409,4666.2,127.55,737.89,4.35,103.87,0.077,19.91,13.96,21.49,75.0,1500.0,15.2,sensor_drift,0.59
fault_sensor_drift_1,1917,1789845854.227409,4698.9,127.7,744.55,4.36,103.8,0.0762,19.97,13.99,21.78,75.0,1500.0,15.2,sensor_drift,0.59
fault_sensor_drift_1,1918,1789845855.227409,4684.1,127.85,744.71,4.4,103.9,0.0684,19.83,13.98,21.28,75.0,1500.0,15.2,sensor_drift,0.59
fault_sensor_drift_1,1919,1789845856.227409,4681.4,128.01,747.29,4.41,103.82,0.0726,19.94,13.96,21.03,75.0,1500.0,15.2,sensor_drift,0.59
fault_sensor_drift_1,1920,1789845857.227409,4679.5,128.03,740.65,4.44,103.78,0.0665,20.02,13.98,21.18,75.0,1500.0,15.2,sensor_drift,0.59
fault_sensor_drift_1,1921,1789845858.227409,4674.5,128.42,742.13,4.36,103.87,0.0665,19.96,13.96,21.23,75.0,1500.0,15.2,sensor_drift,0.59
fault_sensor_drift_1,1922,1789845859.227409,4682.2,128.83,736.15,4.38,104.04,0.0719,20.06,14.0,20.79,75.0,1500.0,15.2,sensor_drift,0.59
fault_sensor_drift_1,1923,1789845860.227409,4708.8,128.72,735.95,4.4,104.1,0.0819,20.21,13.91,20.89,75.0,1500.0,15.2,sensor_drift,0.59
fault_sensor_drift_1,1924,1789845861.227409,4714.1,128.55,736.87,4.39,104.03,0.0804,20.19,13.91,21.01,75.0,1500.0,15.2,sensor_drift,0.59
fault_sensor_drift_1,1925,1789845862.227409,4700.6,128.39,730.82,4.34,104.17,0.0758,20.32,13.89,21.04,75.0,1500.0,15.2,sensor_drift,0.59
fault_sensor_drift_1,1926,1789845863.227409,4720.6,128.5,734.99,4.33,104.09,0.0766,20.36,13.9,21.02,75.0,1500.0,15.2,sensor_drift,0.59
fault_sensor_drift_1,1927,1789845864.227409,4726.6,128.44,730.22,4.36,104.03,0.072,20.23,13.94,21.19,75.0,1500.0,15.2,sensor_drift,0.59
fault_sensor_drift_1,1928,1789845865.227409,4735.3,128.28,731.42,4.38,104.03,0.0784,20.3,13.89,21.15,75.0,1500.0,15.2,sensor_drift,0.59
fault_sensor_drift_1,1929,1789845866.227409,4723.3,128.29,734.24,4.42,103.95,0.0765,20.29,13.92,20.95,75.0,1500.0,15.2,sensor_drift,0.59
fault_sensor_drift_1,1930,1789845867.227409,4726.8,128.03,734.48,4.41,103.9,0.0779,20.26,13.94,21.22,75.0,1500.0,15.2,sensor_drift,0.59
fault_sensor_drift_1,1931,1789845868.227409,4732.4,127.95,739.53,4.35,103.64,0.0717,20.42,13.93,21.5,75.0,1500.0,15.2,sensor_drift,0.59
fault_sensor_drift_1,1932,1789845869.227409,4747.4,127.76,743.37,4.33,103.68,0.0773,20.21,14.02,21.67,75.0,1500.0,15.2,sensor_drift,0.59
fault_sensor_drift_1,1933,1789845870.227409,4733.0,127.65,740.96,4.31,103.66,0.07,20.18,14.12,21.6,75.0,1500.0,15.2,sensor_drift,0.59
fault_sensor_drift_1,1934,1789845871.227409,4717.1,127.66,748.05,4.35,103.8,0.0709,20.19,14.15,21.55,75.0,1500.0,15.2,sensor_drift,0.59
fault_sensor_drift_1,1935,1789845872.227409,4739.9,127.64,749.7,4.37,103.71,0.0711,20.15,14.09,21.29,75.0,1500.0,15.2,sensor_drift,0.59
fault_sensor_drift_1,1936,1789845873.227409,4720.2,127.77,747.18,4.3,103.76,0.0689,20.03,13.95,21.52,75.0,1500.0,15.2,sensor_drift,0.59
fault_sensor_drift_1,1937,1789845874.227409,4715.6,128.06,748.21,4.32,103.93,0.0823,20.08,14.03,20.99,75.0,1500.0,15.2,sensor_drift,0.59
fault_sensor_drift_1,1938,1789845875.227409,4724.3,127.95,748.1,4.33,103.94,0.0768,20.07,14.07,21.01,75.0,1500.0,15.2,sensor_drift,0.59
fault_sensor_drift_1,1939,1789845876.227409,4699.7,128.2,743.3,4.33,104.04,0.0849,20.0,14.02,21.0,75.0,1500.0,15.2,sensor_drift,0.59
fault_sensor_drift_1,1940,1789845877.227409,4683.6,128.1,738.86,4.36,104.04,0.0764,20.04,14.11,20.95,75.0,1500.0,15.2,sensor_drift,0.59
fault_sensor_drift_1,1941,1789845878.227409,4703.4,128.37,739.85,4.39,104.04,0.0692,20.16,14.18,21.07,75.0,1500.0,15.2,sensor_drift,0.59
fault_sensor_drift_1,1942,1789845879.227409,4716.6,128.36,737.5,4.44,103.99,0.0658,20.1,14.2,21.22,75.0,1500.0,15.2,sensor_drift,0.59
fault_sensor_drift_1,1943,1789845880.227409,4697.1,128.37,738.53,4.42,104.06,0.0728,20.01,14.18,21.22,75.0,1500.0,15.2,sensor_drift,0.59
fault_sensor_drift_1,1944,1789845881.227409,4690.4,128.37,736.93,4.37,104.14,0.077,20.08,14.22,21.01,75.0,1500.0,15.2,sensor_drift,0.59
fault_sensor_drift_1,1945,1789845882.227409,4690.7,128.34,733.33,4.35,104.13,0.0754,20.01,14.3,21.07,75.0,1500.0,15.2,sensor_drift,0.59
fault_sensor_drift_1,1946,1789845883.227409,4685.8,128.44,733.86,4.37,104.2,0.077,20.11,14.32,21.27,75.0,1500.0,15.2,sensor_drift,0.59
fault_sensor_drift_1,1947,1789845884.227409,4702.3,128.07,735.89,4.4,104.13,0.0697,20.2,14.31,21.36,75.0,1500.0,15.2,sensor_drift,0.59
fault_sensor_drift_1,1948,1789845885.227409,4698.5,128.02,736.47,4.48,104.18,0.0667,20.04,14.18,21.39,75.0,1500.0,15.2,sensor_drift,0.59
fault_sensor_drift_1,1949,1789845886.227409,4675.5,128.3,739.22,4.37,104.3,0.0704,20.06,14.14,21.21,75.0,1500.0,15.2,sensor_drift,0.59
fault_sensor_drift_1,1950,1789845887.227409,4676.4,128.55,736.28,4.33,104.23,0.0739,20.08,14.18,21.43,75.0,1500.0,15.2,sensor_drift,0.59
fault_sensor_drift_1,1951,1789845888.227409,4677.5,128.3,739.23,4.32,104.07,0.0621,20.13,14.24,21.37,75.0,1500.0,15.2,sensor_drift,0.59
fault_sensor_drift_1,1952,1789845889.227409,4665.5,128.33,744.55,4.29,104.14,0.0687,20.29,14.21,21.2,75.0,1500.0,15.2,sensor_drift,0.59
fault_sensor_drift_1,1953,1789845890.227409,4647.1,128.45,743.24,4.34,104.18,0.0662,20.4,14.17,20.91,75.0,1500.0,15.2,sensor_drift,0.59
fault_sensor_drift_1,1954,1789845891.227409,4658.1,128.41,745.07,4.24,104.0,0.0644,20.56,14.17,20.98,75.0,1500.0,15.2,sensor_drift,0.59
fault_sensor_drift_1,1955,1789845892.227409,4656.8,128.47,745.53,4.24,103.98,0.0686,20.46,14.13,21.53,75.0,1500.0,15.2,sensor_drift,0.59
fault_sensor_drift_1,1956,1789845893.227409,4645.7,128.34,744.73,4.22,104.01,0.061,20.41,14.17,21.67,75.0,1500.0,15.2,sensor_drift,0.59
fault_sensor_drift_1,1957,1789845894.227409,4645.2,128.36,743.86,4.38,103.95,0.0651,20.3,14.1,21.7,75.0,1500.0,15.2,sensor_drift,0.59
fault_sensor_drift_1,1958,1789845895.227409,4684.1,128.34,738.88,4.3,104.15,0.0666,20.23,14.11,21.45,75.0,1500.0,15.2,sensor_drift,0.59
fault_sensor_drift_1,1959,1789845896.227409,4657.6,128.42,747.77,4.25,104.17,0.0637,20.32,14.12,21.09,75.0,1500.0,15.2,sensor_drift,0.59
fault_sensor_drift_1,1960,1789845897.227409,4650.0,128.4,745.75,4.4,104.22,0.0625,20.29,14.11,20.74,75.0,1500.0,15.2,sensor_drift,0.59
fault_sensor_drift_1,1961,1789845898.227409,4657.9,128.29,748.14,4.44,104.01,0.0637,20.39,14.16,20.83,75.0,1500.0,15.2,sensor_drift,0.59
fault_sensor_drift_1,1962,1789845899.227409,4650.1,128.17,750.37,4.4,104.04,0.0678,20.33,14.24,20.68,75.0,1500.0,15.2,sensor_drift,0.59
fault_sensor_drift_1,1963,1789845900.227409,4661.5,127.86,747.12,4.39,104.02,0.0861,20.13,14.22,20.81,75.0,1500.0,15.2,sensor_drift,0.59
fault_sensor_drift_1,1964,1789845901.227409,4706.3,127.5,740.67,4.34,104.04,0.0704,20.35,14.23,20.94,75.0,1500.0,15.2,sensor_drift,0.59
fault_sensor_drift_1,1965,1789845902.227409,4696.6,127.66,741.31,4.3,103.94,0.0679,20.44,14.28,21.12,75.0,1500.0,15.2,sensor_drift,0.59
fault_sensor_drift_1,1966,1789845903.227409,4723.0,127.68,741.58,4.31,103.82,0.0672,20.31,14.27,21.02,75.0,1500.0,15.2,sensor_drift,0.59
fault_sensor_drift_1,1967,1789845904.227409,4732.8,127.83,746.3,4.33,103.74,0.0713,20.29,14.29,21.36,75.0,1500.0,15.2,sensor_drift,0.59
fault_sensor_drift_1,1968,1789845905.227409,4722.8,127.9,745.93,4.35,103.91,0.0764,20.28,14.24,21.02,75.0,1500.0,15.2,sensor_drift,0.59
fault_sensor_drift_1,1969,1789845906.227409,4719.4,128.08,746.54,4.34,103.99,0.0843,20.25,14.2,21.1,75.0,1500.0,15.2,sensor_drift,0.59
fault_sensor_drift_1,1970,1789845907.227409,4684.7,127.54,742.52,4.34,103.95,0.078,20.38,14.19,21.53,75.0,1500.0,15.2,sensor_drift,0.59
fault_sensor_drift_1,1971,1789845908.227409,4694.2,127.46,737.66,4.36,103.92,0.0766,20.34,14.19,21.51,75.0,1500.0,15.2,sensor_drift,0.59
fault_sensor_drift_1,1972,1789845909.227409,4680.8,127.55,738.96,4.32,103.95,0.058,20.36,14.19,21.49,75.0,1500.0,15.2,sensor_drift,0.59
fault_sensor_drift_1,1973,1789845910.227409,4692.9,127.75,743.92,4.2,103.91,0.0623,20.44,14.17,21.26,75.0,1500.0,15.2,sensor_drift,0.59
fault_sensor_drift_1,1974,1789845911.227409,4677.4,127.83,747.17,4.27,103.97,0.0583,20.34,14.23,21.1,75.0,1500.0,15.2,sensor_drift,0.59
fault_sensor_drift_1,1975,1789845912.227409,4700.6,127.89,747.33,4.28,103.99,0.0625,20.38,14.22,21.03,75.0,1500.0,15.2,sensor_drift,0.59
fault_sensor_drift_1,1976,1789845913.227409,4700.9,128.16,743.9,4.29,104.02,0.0734,20.38,14.27,21.44,75.0,1500.0,15.2,sensor_drift,0.59
fault_sensor_drift_1,1977,1789845914.227409,4699.9,128.34,745.94,4.23,104.05,0.0681,20.45,14.19,21.14,75.0,1500.0,15.2,sensor_drift,0.59
fault_sensor_drift_1,1978,1789845915.227409,4715.2,128.22,746.89,4.25,104.09,0.0678,20.31,14.26,21.42,75.0,1500.0,15.2,sensor_drift,0.59
fault_sensor_drift_1,1979,1789845916.227409,4702.5,128.23,744.75,4.27,104.05,0.0649,20.29,14.2,21.37,75.0,1500.0,15.2,sensor_drift,0.59
fault_sensor_drift_1,1980,1789845917.227409,4704.7,128.33,748.44,4.34,103.99,0.0651,20.34,14.21,21.24,75.0,1500.0,15.2,sensor_drift,0.59
fault_sensor_drift_1,1981,1789845918.227409,4673.5,128.28,748.77,4.29,104.03,0.0699,20.24,14.19,21.0,75.0,1500.0,15.2,sensor_drift,0.59
fault_sensor_drift_1,1982,1789845919.227409,4670.0,128.55,749.29,4.28,104.23,0.0758,20.43,14.16,20.93,75.0,1500.0,15.2,sensor_drift,0.59
fault_sensor_drift_1,1983,1789845920.227409,4677.1,128.48,749.03,4.38,104.4,0.0731,20.43,14.11,21.41,75.0,1500.0,15.2,sensor_drift,0.59
fault_sensor_drift_1,1984,1789845921.227409,4668.3,128.57,748.56,4.41,104.38,0.0675,20.44,14.07,21.71,75.0,1500.0,15.2,sensor_drift,0.59
fault_sensor_drift_1,1985,1789845922.227409,4672.2,128.65,746.99,4.4,104.22,0.0766,20.49,14.13,21.44,75.0,1500.0,15.2,sensor_drift,0.59
fault_sensor_drift_1,1986,1789845923.227409,4678.1,128.59,744.49,4.43,104.14,0.0736,20.31,14.16,21.41,75.0,1500.0,15.2,sensor_drift,0.59
fault_sensor_drift_1,1987,1789845924.227409,4689.0,128.67,746.17,4.42,104.2,0.0632,20.36,14.08,21.19,75.0,1500.0,15.2,sensor_drift,0.59
fault_sensor_drift_1,1988,1789845925.227409,4693.5,128.76,748.15,4.39,104.12,0.0786,20.45,14.06,21.05,75.0,1500.0,15.2,sensor_drift,0.59
fault_sensor_drift_1,1989,1789845926.227409,4684.9,128.47,750.38,4.36,104.23,0.0777,20.63,14.01,21.18,75.0,1500.0,15.2,sensor_drift,0.59
fault_sensor_drift_1,1990,1789845927.227409,4692.5,128.14,742.9,4.42,104.3,0.0733,20.75,14.13,21.15,75.0,1500.0,15.2,sensor_drift,0.59
fault_sensor_drift_1,1991,1789845928.227409,4714.7,127.82,740.57,4.46,104.34,0.0761,20.54,14.22,20.88,75.0,1500.0,15.2,sensor_drift,0.59
fault_sensor_drift_1,1992,1789845929.227409,4709.0,127.54,739.84,4.43,104.24,0.0752,20.61,14.08,20.89,75.0,1500.0,15.2,sensor_drift,0.59
fault_sensor_drift_1,1993,1789845930.227409,4687.0,127.67,741.39,4.32,104.18,0.0765,20.38,14.03,20.8,75.0,1500.0,15.2,sensor_drift,0.59
fault_sensor_drift_1,1994,1789845931.227409,4685.7,128.03,745.1,4.31,104.06,0.069,20.4,14.07,21.0,75.0,1500.0,15.2,sensor_drift,0.59
fault_sensor_drift_1,1995,1789845932.227409,4668.3,128.33,745.71,4.34,103.86,0.073,20.53,14.12,21.37,75.0,1500.0,15.2,sensor_drift,0.59
fault_sensor_drift_1,1996,1789845933.227409,4696.9,128.16,743.57,4.37,103.63,0.075,20.62,14.04,21.18,75.0,1500.0,15.2,sensor_drift,0.59
fault_sensor_drift_1,1997,1789845934.227409,4727.0,127.93,746.71,4.39,103.58,0.0692,20.76,14.11,21.59,75.0,1500.0,15.2,sensor_drift,0.59
fault_sensor_drift_1,1998,1789845935.227409,4725.3,128.05,744.13,4.43,103.53,0.0708,20.71,14.03,21.23,75.0,1500.0,15.2,sensor_drift,0.59
fault_sensor_drift_1,1999,1789845936.227409,4707.1,128.12,741.28,4.37,103.39,0.0728,20.62,14.06,21.15,75.0,1500.0,15.2,sensor_drift,0.59
fault_sensor_drift_1,2000,1789845937.227409,4717.3,128.02,740.9,4.43,103.46,0.0789,20.62,14.08,20.85,75.0,1500.0,15.2,sensor_drift,0.59
fault_sensor_drift_1,2001,1789845938.227409,4708.2,128.02,739.25,4.43,103.55,0.0741,20.52,14.0,21.14,75.0,1500.0,15.2,sensor_drift,0.59
fault_sensor_drift_1,2002,1789845939.227409,4707.9,127.59,736.45,4.48,103.69,0.0787,20.6,13.94,21.17,75.0,1500.0,15.2,sensor_drift,0.59
fault_sensor_drift_1,2003,1789845940.227409,4695.7,127.65,734.48,4.48,103.64,0.078,20.47,13.9,21.21,75.0,1500.0,15.2,sensor_drift,0.59
fault_sensor_drift_1,2004,1789845941.227409,4700.5,127.86,739.08,4.46,103.53,0.0792,20.31,13.89,21.22,75.0,1500.0,15.2,sensor_drift,0.59
fault_sensor_drift_1,2005,1789845942.227409,4693.5,127.7,738.14,4.45,103.66,0.0762,20.4,13.87,21.2,75.0,1500.0,15.2,sensor_drift,0.59
fault_sensor_drift_1,2006,1789845943.227409,4691.7,127.48,739.86,4.49,103.63,0.0708,20.3,13.97,21.39,75.0,1500.0,15.2,sensor_drift,0.59
fault_sensor_drift_1,2007,1789845944.227409,4683.5,127.55,739.85,4.56,103.68,0.0659,20.33,14.03,21.49,75.0,1500.0,15.2,sensor_drift,0.59
fault_sensor_drift_1,2008,1789845945.227409,4691.1,127.54,740.41,4.49,103.59,0.0795,20.36,13.99,20.94,75.0,1500.0,15.2,sensor_drift,0.59
fault_sensor_drift_1,2009,1789845946.227409,4687.1,127.77,740.73,4.5,103.73,0.0867,20.18,14.0,20.89,75.0,1500.0,15.2,sensor_drift,0.59
fault_sensor_drift_1,2010,1789845947.227409,4697.4,128.28,738.81,4.44,103.96,0.0831,20.39,14.0,20.84,75.0,1500.0,15.2,sensor_drift,0.59
fault_sensor_drift_1,2011,1789845948.227409,4714.4,128.18,743.77,4.41,103.94,0.0778,20.2,13.99,21.17,75.0,1500.0,15.2,sensor_drift,0.59
fault_sensor_drift_1,2012,1789845949.227409,4736.9,127.9,737.67,4.44,103.96,0.0743,20.09,13.89,21.25,75.0,1500.0,15.2,sensor_drift,0.59
fault_sensor_drift_1,2013,1789845950.227409,4737.5,128.3,733.67,4.46,103.88,0.0765,19.88,13.91,21.26,75.0,1500.0,15.2,sensor_drift,0.59
fault_sensor_drift_1,2014,1789845951.227409,4717.7,128.45,734.79,4.44,103.92,0.0754,20.24,13.87,21.15,75.0,1500.0,15.2,sensor_drift,0.59
fault_sensor_drift_1,2015,1789845952.227409,4705.0,128.78,735.31,4.35,103.93,0.0725,20.17,13.75,21.23,75.0,1500.0,15.2,sensor_drift,0.59
fault_sensor_drift_1,2016,1789845953.227409,4709.9,128.82,739.14,4.34,103.88,0.0686,20.04,13.78,20.95,75.0,1500.0,15.2,sensor_drift,0.59
fault_sensor_drift_1,2017,1789845954.227409,4700.9,128.8,739.39,4.34,104.09,0.0693,19.85,13.84,21.24,75.0,1500.0,15.2,sensor_drift,0.59
fault_sensor_drift_1,2018,1789845955.227409,4710.1,128.67,734.8,4.31,104.08,0.0746,20.09,13.81,21.29,75.0,1500.0,15.2,sensor_drift,0.59
fault_sensor_drift_1,2019,1789845956.227409,4706.2,128.44,738.7,4.36,104.1,0.0746,20.21,13.74,21.05,75.0,1500.0,15.2,sensor_drift,0.59
fault_sensor_drift_1,2020,1789845957.227409,4715.4,128.42,740.47,4.37,104.09,0.0725,20.2,13.77,21.32,75.0,1500.0,15.2,sensor_drift,0.59
fault_sensor_drift_1,2021,1789845958.227409,4709.7,128.73,739.53,4.41,104.15,0.0741,20.17,13.77,21.37,75.0,1500.0,15.2,sensor_drift,0.59
fault_sensor_drift_1,2022,1789845959.227409,4728.7,128.62,735.56,4.44,104.1,0.0758,20.13,13.82,21.43,75.0,1500.0,15.2,sensor_drift,0.59
fault_sensor_drift_1,2023,1789845960.227409,4727.8,128.48,736.41,4.44,103.96,0.0688,20.23,13.81,21.07,75.0,1500.0,15.2,sensor_drift,0.59
fault_sensor_drift_1,2024,1789845961.227409,4710.5,128.76,742.59,4.36,103.81,0.0651,20.03,13.79,21.1,75.0,1500.0,15.2,sensor_drift,0.59
fault_sensor_drift_1,2025,1789845962.227409,4721.3,128.84,742.05,4.36,103.94,0.0709,20.04,13.87,21.03,75.0,1500.0,15.2,sensor_drift,0.59
fault_sensor_drift_1,2026,1789845963.227409,4708.7,128.91,742.96,4.38,103.98,0.0632,20.13,13.85,21.27,75.0,1500.0,15.2,sensor_drift,0.59
fault_sensor_drift_1,2027,1789845964.227409,4707.5,128.68,748.26,4.38,103.99,0.0654,20.17,13.93,21.14,75.0,1500.0,15.2,sensor_drift,0.59
fault_sensor_drift_1,2028,1789845965.227409,4703.5,128.79,752.69,4.36,103.96,0.0705,20.14,13.85,21.29,75.0,1500.0,15.2,sensor_drift,0.59
fault_sensor_drift_1,2029,1789845966.227409,4703.9,129.0,754.51,4.45,104.0,0.0748,20.01,13.78,21.36,75.0,1500.0,15.2,sensor_drift,0.59
fault_sensor_drift_1,2030,1789845967.227409,4704.3,129.14,754.31,4.42,104.08,0.0714,20.04,13.92,21.56,75.0,1500.0,15.2,sensor_drift,0.59
fault_sensor_drift_1,2031,1789845968.227409,4695.1,128.88,754.1,4.43,103.95,0.0798,19.97,13.99,21.27,75.0,1500.0,15.2,sensor_drift,0.59
fault_sensor_drift_1,2032,1789845969.227409,4703.9,129.08,749.9,4.43,103.71,0.0721,19.97,13.94,21.38,75.0,1500.0,15.2,sensor_drift,0.59
fault_sensor_drift_1,2033,1789845970.227409,4709.5,128.91,744.26,4.37,103.73,0.0748,20.04,13.95,21.23,75.0,1500.0,15.2,sensor_drift,0.59
fault_sensor_drift_1,2034,1789845971.227409,4720.6,128.76,746.2,4.29,103.69,0.0676,20.23,13.95,20.98,75.0,1500.0,15.2,sensor_drift,0.59
fault_sensor_drift_1,2035,1789845972.227409,4733.5,128.51,743.99,4.33,103.75,0.0636,20.3,14.07,21.12,75.0,1500.0,15.2,sensor_drift,0.59
fault_sensor_drift_1,2036,1789845973.227409,4716.9,128.5,743.63,4.34,103.77,0.0664,20.17,14.07,21.26,75.0,1500.0,15.2,sensor_drift,0.59
fault_sensor_drift_1,2037,1789845974.227409,4724.4,128.14,747.78,4.29,103.8,0.0646,20.19,14.08,20.92,75.0,1500.0,15.2,sensor_drift,0.59
fault_sensor_drift_1,2038,1789845975.227409,4727.3,128.32,743.17,4.37,103.65,0.0657,20.18,14.11,21.14,75.0,1500.0,15.2,sensor_drift,0.59
fault_sensor_drift_1,2039,1789845976.227409,4724.6,128.09,744.09,4.33,103.6,0.0706,20.12,14.14,21.19,75.0,1500.0,15.2,sensor_drift,0.59
fault_sensor_drift_1,2040,1789845977.227409,4706.9,127.93,747.68,4.37,103.87,0.0745,20.02,14.19,21.26,75.0,1500.0,15.2,sensor_drift,0.59
fault_sensor_drift_1,2041,1789845978.227409,4693.2,127.82,748.33,4.43,103.78,0.0738,20.03,14.15,21.58,75.0,1500.0,15.2,sensor_drift,0.59
fault_sensor_drift_1,2042,1789845979.227409,4667.9,128.06,743.67,4.4,103.7,0.0704,19.84,14.1,21.38,75.0,1500.0,15.2,sensor_drift,0.59
fault_sensor_drift_1,2043,1789845980.227409,4651.3,128.29,743.12,4.43,103.74,0.0692,19.91,14.16,20.98,75.0,1500.0,15.2,sensor_drift,0.59
fault_sensor_drift_1,2044,1789845981.227409,4676.7,128.41,741.64,4.41,103.83,0.0727,19.98,14.19,20.96,75.0,1500.0,15.2,sensor_drift,0.59
fault_sensor_drift_1,2045,1789845982.227409,4682.5,128.53,744.15,4.41,103.74,0.0756,19.93,14.2,21.31,75.0,1500.0,15.2,sensor_drift,0.59
fault_sensor_drift_1,2046,1789845983.227409,4701.8,128.5,745.5,4.41,103.56,0.0742,20.06,14.21,21.86,75.0,1500.0,15.2,sensor_drift,0.59
fault_sensor_drift_1,2047,1789845984.227409,4723.5,128.35,743.84,4.41,103.59,0.0801,20.2,14.13,21.59,75.0,1500.0,15.2,sensor_drift,0.59
fault_sensor_drift_1,2048,1789845985.227409,4698.9,128.53,746.07,4.39,103.59,0.0807,20.16,14.08,21.99,75.0,1500.0,15.2,sensor_drift,0.59
fault_sensor_drift_1,2049,1789845986.227409,4706.5,128.45,746.8,4.28,103.56,0.0834,20.14,13.95,21.83,75.0,1500.0,15.2,sensor_drift,0.59
fault_sensor_drift_1,2050,1789845987.227409,4706.1,128.4,744.33,4.37,103.43,0.0734,20.26,14.06,21.34,75.0,1500.0,15.2,sensor_drift,0.59
fault_sensor_drift_1,2051,1789845988.227409,4687.8,128.3,745.68,4.39,103.57,0.0691,20.39,14.04,20.64,75.0,1500.0,15.2,sensor_drift,0.59
fault_sensor_drift_1,2052,1789845989.227409,4673.4,128.18,742.93,4.35,103.63,0.0668,20.37,13.96,21.14,75.0,1500.0,15.2,sensor_drift,0.59
fault_sensor_drift_1,2053,1789845990.227409,4678.0,128.08,741.3,4.46,103.67,0.0715,20.15,13.98,21.38,75.0,1500.0,15.2,sensor_drift,0.59
fault_sensor_drift_1,2054,1789845991.227409,4647.7,127.74,739.74,4.43,103.75,0.0796,20.27,13.97,21.51,75.0,1500.0,15.2,sensor_drift,0.59
fault_sensor_drift_1,2055,1789845992.227409,4671.4,127.96,744.2,4.43,103.7,0.0796,20.24,13.98,21.27,75.0,1500.0,15.2,sensor_drift,0.59
fault_sensor_drift_1,2056,1789845993.227409,4695.8,128.19,747.42,4.4,103.65,0.0774,20.49,14.02,21.42,75.0,1500.0,15.2,sensor_drift,0.59
fault_sensor_drift_1,2057,1789845994.227409,4718.9,127.68,747.03,4.36,103.59,0.0676,20.55,14.04,21.2,75.0,1500.0,15.2,sensor_drift,0.59
fault_sensor_drift_1,2058,1789845995.227409,4720.9,127.85,747.61,4.37,103.77,0.067,20.47,14.06,20.99,75.0,1500.0,15.2,sensor_drift,0.59
fault_sensor_drift_1,2059,1789845996.227409,4698.7,128.37,746.57,4.39,103.86,0.0738,20.48,14.03,21.39,75.0,1500.0,15.2,sensor_drift,0.59
fault_sensor_drift_1,2060,1789845997.227409,4683.3,128.6,742.29,4.4,103.72,0.0688,20.42,13.97,20.94,75.0,1500.0,15.2,sensor_drift,0.59
fault_sensor_drift_1,2061,1789845998.227409,4684.1,128.33,744.39,4.5,103.71,0.0671,20.55,14.02,21.12,75.0,1500.0,15.2,sensor_drift,0.59
fault_sensor_drift_1,2062,1789845999.227409,4677.1,128.53,741.27,4.4,103.81,0.067,20.55,14.01,21.09,75.0,1500.0,15.2,sensor_drift,0.59
fault_sensor_drift_1,2063,1789846000.227409,4693.5,128.48,739.61,4.33,103.82,0.0706,20.48,14.02,20.99,75.0,1500.0,15.2,sensor_drift,0.59
fault_sensor_drift_1,2064,1789846001.227409,4693.7,128.68,737.04,4.34,103.92,0.0677,20.47,13.99,21.19,75.0,1500.0,15.2,sensor_drift,0.59
fault_sensor_drift_1,2065,1789846002.227409,4722.2,129.02,730.78,4.3,103.91,0.0704,20.35,13.97,21.0,75.0,1500.0,15.2,sensor_drift,0.59
fault_sensor_drift_1,2066,1789846003.227409,4725.8,128.53,733.53,4.34,103.97,0.0652,20.38,14.01,20.93,75.0,1500.0,15.2,sensor_drift,0.59
fault_sensor_drift_1,2067,1789846004.227409,4722.5,128.64,739.16,4.38,104.18,0.0643,20.52,14.06,21.0,75.0,1500.0,15.2,sensor_drift,0.59
fault_sensor_drift_1,2068,1789846005.227409,4711.9,128.66,745.24,4.31,104.13,0.071,20.41,14.08,21.11,75.0,1500.0,15.2,sensor_drift,0.59
fault_sensor_drift_1,2069,1789846006.227409,4717.2,128.63,747.7,4.32,104.2,0.0739,20.39,14.07,21.01,75.0,1500.0,15.2,sensor_drift,0.59
fault_sensor_drift_1,2070,1789846007.227409,4713.2,128.39,744.26,4.32,104.1,0.0727,20.37,14.1,21.12,75.0,1500.0,15.2,sensor_drift,0.59
fault_sensor_drift_1,2071,1789846008.227409,4718.4,128.32,747.29,4.35,104.1,0.0667,20.33,14.02,21.16,75.0,1500.0,15.2,sensor_drift,0.59
fault_sensor_drift_1,2072,1789846009.227409,4718.3,128.74,744.22,4.4,104.03,0.0752,20.25,14.11,21.19,75.0,1500.0,15.2,sensor_drift,0.59
fault_sensor_drift_1,2073,1789846010.227409,4713.7,128.94,743.81,4.43,103.98,0.0697,20.36,14.14,21.34,75.0,1500.0,15.2,sensor_drift,0.59
fault_sensor_drift_1,2074,1789846011.227409,4710.3,128.79,743.74,4.37,103.94,0.0707,20.24,14.14,21.32,75.0,1500.0,15.2,sensor_drift,0.59
fault_sensor_drift_1,2075,1789846012.227409,4720.2,128.67,741.64,4.3,103.89,0.0694,20.24,14.09,21.34,75.0,1500.0,15.2,sensor_drift,0.59
fault_sensor_drift_1,2076,1789846013.227409,4736.2,128.71,744.03,4.35,104.0,0.0748,20.11,14.08,21.04,75.0,1500.0,15.2,sensor_drift,0.59
fault_sensor_drift_1,2077,1789846014.227409,4738.6,128.84,743.59,4.3,104.01,0.0703,19.98,14.09,20.79,75.0,1500.0,15.2,sensor_drift,0.59
fault_sensor_drift_1,2078,1789846015.227409,4717.1,128.71,747.8,4.39,103.96,0.0721,19.83,14.11,20.96,75.0,1500.0,15.2,sensor_drift,0.59
fault_sensor_drift_1,2079,1789846016.227409,4697.4,128.91,742.99,4.41,103.93,0.0785,19.97,14.11,21.05,75.0,1500.0,15.2,sensor_drift,0.59
fault_sensor_drift_1,2080,1789846017.227409,4668.5,128.86,745.35,4.39,103.9,0.0782,20.15,14.07,21.29,75.0,1500.0,15.2,sensor_drift,0.59
fault_sensor_drift_1,2081,1789846018.227409,4647.0,129.16,740.48,4.28,104.0,0.0829,19.98,14.03,21.12,75.0,1500.0,15.2,sensor_drift,0.59
fault_sensor_drift_1,2082,1789846019.227409,4666.3,129.19,739.57,4.33,103.84,0.0836,19.95,14.1,21.28,75.0,1500.0,15.2,sensor_drift,0.59
fault_sensor_drift_1,2083,1789846020.227409,4656.4,129.14,737.19,4.29,103.78,0.0734,19.97,14.14,21.2,75.0,1500.0,15.2,sensor_drift,0.59
fault_sensor_drift_1,2084,1789846021.227409,4684.9,129.42,738.49,4.35,103.73,0.0828,20.14,14.13,21.53,75.0,1500.0,15.2,sensor_drift,0.59
fault_sensor_drift_1,2085,1789846022.227409,4680.4,129.26,735.98,4.35,103.97,0.0857,20.44,14.12,21.5,75.0,1500.0,15.2,sensor_drift,0.59
fault_sensor_drift_1,2086,1789846023.227409,4684.8,128.86,733.56,4.4,103.81,0.0791,20.23,14.13,21.63,75.0,1500.0,15.2,sensor_drift,0.59
fault_sensor_drift_1,2087,1789846024.227409,4719.9,129.08,739.87,4.4,103.76,0.0686,20.21,14.08,21.35,75.0,1500.0,15.2,sensor_drift,0.59
fault_sensor_drift_1,2088,1789846025.227409,4703.4,128.7,735.87,4.36,103.67,0.076,20.28,14.07,21.72,75.0,1500.0,15.2,sensor_drift,0.59
fault_sensor_drift_1,2089,1789846026.227409,4715.9,128.7,737.95,4.32,103.74,0.0708,20.34,14.03,21.55,75.0,1500.0,15.2,sensor_drift,0.59
fault_sensor_drift_1,2090,1789846027.227409,4690.7,128.77,737.75,4.39,103.8,0.0724,20.25,13.94,21.44,75.0,1500.0,15.2,sensor_drift,0.59
fault_sensor_drift_1,2091,1789846028.227409,4695.1,128.51,735.39,4.41,103.88,0.0815,20.29,13.97,21.37,75.0,1500.0,15.2,sensor_drift,0.59
fault_sensor_drift_1,2092,1789846029.227409,4684.0,128.51,736.27,4.4,103.84,0.0855,20.35,14.03,20.88,75.0,1500.0,15.2,sensor_drift,0.59
fault_sensor_drift_1,2093,1789846030.227409,4662.6,128.93,733.21,4.38,103.76,0.0896,20.43,14.03,21.11,75.0,1500.0,15.2,sensor_drift,0.59
fault_sensor_drift_1,2094,1789846031.227409,4660.0,128.93,727.95,4.36,103.71,0.0798,20.37,14.15,20.96,75.0,1500.0,15.2,sensor_drift,0.59
fault_sensor_drift_1,2095,1789846032.227409,4645.5,129.1,726.2,4.4,103.61,0.0721,20.27,14.09,21.18,75.0,1500.0,15.2,sensor_drift,0.59
fault_sensor_drift_1,2096,1789846033.227409,4645.4,129.18,733.05,4.32,103.7,0.075,20.3,14.04,20.83,75.0,1500.0,15.2,sensor_drift,0.59
fault_sensor_drift_1,2097,1789846034.227409,4672.8,129.04,735.11,4.27,103.7,0.0757,20.27,14.04,20.72,75.0,1500.0,15.2,sensor_drift,0.59
fault_sensor_drift_1,2098,1789846035.227409,4671.8,128.52,737.1,4.27,103.76,0.0734,20.25,14.01,20.89,75.0,1500.0,15.2,sensor_drift,0.59
fault_sensor_drift_1,2099,1789846036.227409,4705.5,128.39,734.03,4.32,103.68,0.082,20.21,13.96,21.01,75.0,1500.0,15.2,sensor_drift,0.59
fault_sensor_drift_1,2100,1789846037.227409,4723.5,128.52,733.94,4.3,103.62,0.0644,20.09,13.92,20.9,75.0,1500.0,15.2,sensor_drift,0.59
fault_sensor_drift_1,2101,1789846038.227409,4724.4,128.45,735.54,4.3,103.51,0.0643,20.05,13.9,20.9,75.0,1500.0,15.2,sensor_drift,0.59
fault_sensor_drift_1,2102,1789846039.227409,4746.3,128.53,730.75,4.33,103.69,0.0639,19.9,13.94,20.86,75.0,1500.0,15.2,sensor_drift,0.59
fault_sensor_drift_1,2103,1789846040.227409,4724.2,128.73,724.88,4.42,103.6,0.0733,19.81,13.94,21.26,75.0,1500.0,15.2,sensor_drift,0.59
fault_sensor_drift_1,2104,1789846041.227409,4715.2,128.57,728.41,4.29,103.61,0.0707,19.94,13.95,21.34,75.0,1500.0,15.2,sensor_drift,0.59
fault_sensor_drift_1,2105,1789846042.227409,4719.6,128.67,733.58,4.41,103.71,0.0682,20.01,13.94,21.26,75.0,1500.0,15.2,sensor_drift,0.59
fault_sensor_drift_1,2106,1789846043.227409,4711.6,128.68,737.93,4.43,103.98,0.0694,20.0,14.02,21.4,75.0,1500.0,15.2,sensor_drift,0.59
fault_sensor_drift_1,2107,1789846044.227409,4726.3,128.23,736.04,4.49,104.12,0.0674,20.06,14.06,21.26,75.0,1500.0,15.2,sensor_drift,0.59
fault_sensor_drift_1,2108,1789846045.227409,4730.3,128.1,738.8,4.27,104.02,0.0726,20.14,13.98,21.18,75.0,1500.0,15.2,sensor_drift,0.59
fault_sensor_drift_1,2109,1789846046.227409,4717.7,128.46,743.83,4.25,104.03,0.0696,20.13,14.02,21.23,75.0,1500.0,15.2,sensor_drift,0.59
fault_sensor_drift_1,2110,1789846047.227409,4722.3,128.53,737.24,4.29,104.18,0.0701,20.16,14.17,21.07,75.0,1500.0,15.2,sensor_drift,0.59
fault_sensor_drift_1,2111,1789846048.227409,4742.4,128.37,738.08,4.4,104.07,0.0817,20.21,14.16,20.93,75.0,1500.0,15.2,sensor_drift,0.59
fault_sensor_drift_1,2112,1789846049.227409,4744.0,128.83,740.45,4.37,103.91,0.0854,20.17,14.18,21.13,75.0,1500.0,15.2,sensor_drift,0.59
fault_sensor_drift_1,2113,1789846050.227409,4742.6,128.98,742.39,4.42,103.97,0.0723,20.06,14.21,21.39,75.0,1500.0,15.2,sensor_drift,0.59
fault_sensor_drift_1,2114,1789846051.227409,4696.8,128.71,741.91,4.39,104.1,0.0706,20.05,14.22,21.19,75.0,1500.0,15.2,sensor_drift,0.59
fault_sensor_drift_1,2115,1789846052.227409,4689.4,128.91,746.02,4.41,104.14,0.0741,20.1,14.25,21.2,75.0,1500.0,15.2,sensor_drift,0.59
fault_sensor_drift_1,2116,1789846053.227409,4678.9,129.2,747.9,4.36,104.32,0.0719,20.16,14.18,21.13,75.0,1500.0,15.2,sensor_drift,0.59
fault_sensor_drift_1,2117,1789846054.227409,4663.7,129.66,751.46,4.34,104.47,0.0703,20.15,14.19,21.46,75.0,1500.0,15.2,sensor_drift,0.59
fault_sensor_drift_1,2118,1789846055.227409,4640.7,129.26,754.22,4.33,104.58,0.0734,20.16,14.1,21.15,75.0,1500.0,15.2,sensor_drift,0.59
fault_sensor_drift_1,2119,1789846056.227409,4640.7,129.33,748.8,4.39,104.71,0.0743,20.05,14.12,21.29,75.0,1500.0,15.2,sensor_drift,0.59
fault_sensor_drift_1,2120,1789846057.227409,4681.3,129.19,744.57,4.36,104.77,0.079,20.15,14.16,20.83,75.0,1500.0,15.2,sensor_drift,0.59
fault_sensor_drift_1,2121,1789846058.227409,4686.2,129.41,748.44,4.28,104.79,0.079,20.03,14.17,21.44,75.0,1500.0,15.2,sensor_drift,0.59
fault_sensor_drift_1,2122,1789846059.227409,4680.3,129.46,750.62,4.4,104.86,0.0752,19.99,14.13,21.37,75.0,1500.0,15.2,sensor_drift,0.59
fault_sensor_drift_1,2123,1789846060.227409,4701.9,129.34,749.42,4.38,104.88,0.0763,19.97,14.14,21.36,75.0,1500.0,15.2,sensor_drift,0.59
fault_sensor_drift_1,2124,1789846061.227409,4698.6,129.47,750.46,4.35,104.83,0.078,19.86,14.18,21.19,75.0,1500.0,15.2,sensor_drift,0.59
fault_sensor_drift_1,2125,1789846062.227409,4689.7,129.21,744.55,4.33,104.82,0.071,20.07,14.18,21.47,75.0,1500.0,15.2,sensor_drift,0.59
fault_sensor_drift_1,2126,1789846063.227409,4676.4,129.6,747.71,4.38,104.93,0.0677,20.23,14.13,21.13,75.0,1500.0,15.2,sensor_drift,0.59
fault_sensor_drift_1,2127,1789846064.227409,4681.6,129.36,748.18,4.4,104.99,0.0699,20.27,14.2,21.36,75.0,1500.0,15.2,sensor_drift,0.59
fault_sensor_drift_1,2128,1789846065.227409,4665.5,129.41,752.47,4.3,104.89,0.0654,20.24,14.15,21.49,75.0,1500.0,15.2,sensor_drift,0.59
fault_sensor_drift_1,2129,1789846066.227409,4658.1,129.14,751.38,4.34,104.83,0.0733,20.32,14.17,21.39,75.0,1500.0,15.2,sensor_drift,0.59
fault_sensor_drift_1,2130,1789846067.227409,4663.3,129.04,750.03,4.27,104.58,0.0732,20.43,14.21,21.15,75.0,1500.0,15.2,sensor_drift,0.59
fault_sensor_drift_1,2131,1789846068.227409,4665.6,129.2,746.19,4.25,104.57,0.0722,20.27,14.35,21.13,75.0,1500.0,15.2,sensor_drift,0.59
fault_sensor_drift_1,2132,1789846069.227409,4664.8,129.36,744.38,4.34,104.58,0.0748,20.38,14.36,21.12,75.0,1500.0,15.2,sensor_drift,0.59
fault_sensor_drift_1,2133,1789846070.227409,4687.9,129.22,742.66,4.31,104.67,0.0785,20.3,14.4,21.12,75.0,1500.0,15.2,sensor_drift,0.59
fault_sensor_drift_1,2134,1789846071.227409,4706.9,129.22,743.43,4.35,104.48,0.0798,20.36,14.43,21.2,75.0,1500.0,15.2,sensor_drift,0.59
fault_sensor_drift_1,2135,1789846072.227409,4705.8,129.33,742.32,4.39,104.42,0.0826,20.34,14.38,21.53,75.0,1500.0,15.2,sensor_drift,0.59
fault_sensor_drift_1,2136,1789846073.227409,4691.1,129.42,741.79,4.33,104.53,0.0732,20.32,14.34,21.39,75.0,1500.0,15.2,sensor_drift,0.59
fault_sensor_drift_1,2137,1789846074.227409,4700.5,129.45,737.49,4.42,104.38,0.0698,20.35,14.28,21.36,75.0,1500.0,15.2,sensor_drift,0.59
fault_sensor_drift_1,2138,1789846075.227409,4687.5,129.37,737.51,4.48,104.3,0.069,20.38,14.21,21.38,75.0,1500.0,15.2,sensor_drift,0.59
fault_sensor_drift_1,2139,1789846076.227409,4677.9,129.87,736.59,4.42,104.24,0.0682,20.27,14.23,21.23,75.0,1500.0,15.2,sensor_drift,0.59
fault_sensor_drift_1,2140,1789846077.227409,4706.3,130.24,733.22,4.34,104.09,0.0785,20.25,14.28,20.98,75.0,1500.0,15.2,sensor_drift,0.59
fault_sensor_drift_1,2141,1789846078.227409,4714.0,130.43,735.73,4.32,104.07,0.0769,20.27,14.28,21.02,75.0,1500.0,15.2,sensor_drift,0.59
fault_sensor_drift_1,2142,1789846079.227409,4700.6,130.24,734.8,4.41,103.91,0.0783,20.2,14.31,21.14,75.0,1500.0,15.2,sensor_drift,0.59
fault_sensor_drift_1,2143,1789846080.227409,4721.2,130.49,734.99,4.4,103.72,0.0684,20.35,14.32,21.18,75.0,1500.0,15.2,sensor_drift,0.59
fault_sensor_drift_1,2144,1789846081.227409,4702.7,130.8,739.67,4.45,103.66,0.0712,20.29,14.31,21.41,75.0,1500.0,15.2,sensor_drift,0.59
fault_sensor_drift_1,2145,1789846082.227409,4705.3,130.81,742.37,4.39,103.55,0.0729,20.33,14.25,21.65,75.0,1500.0,15.2,sensor_drift,0.59
fault_sensor_drift_1,2146,1789846083.227409,4708.5,130.7,741.89,4.38,103.49,0.0744,20.42,14.32,21.61,75.0,1500.0,15.2,sensor_drift,0.59
fault_sensor_drift_1,2147,1789846084.227409,4678.0,130.69,744.48,4.43,103.5,0.069,20.51,14.27,21.33,75.0,1500.0,15.2,sensor_drift,0.59
fault_sensor_drift_1,2148,1789846085.227409,4683.2,131.07,744.53,4.42,103.53,0.0709,20.51,14.21,21.4,75.0,1500.0,15.2,sensor_drift,0.59
fault_sensor_drift_1,2149,1789846086.227409,4696.0,131.01,744.83,4.35,103.61,0.0759,20.46,14.22,21.33,75.0,1500.0,15.2,sensor_drift,0.59
fault_sensor_drift_1,2150,1789846087.227409,4705.9,130.43,742.39,4.34,103.74,0.0757,20.48,14.27,21.8,75.0,1500.0,15.2,sensor_drift,0.59
fault_sensor_drift_1,2151,1789846088.227409,4716.6,130.32,740.88,4.44,103.76,0.0735,20.31,14.23,21.55,75.0,1500.0,15.2,sensor_drift,0.59
fault_sensor_drift_1,2152,1789846089.227409,4703.4,130.2,737.91,4.42,103.73,0.0838,20.35,14.18,21.25,75.0,1500.0,15.2,sensor_drift,0.59
fault_sensor_drift_1,2153,1789846090.227409,4708.4,130.05,731.8,4.41,103.69,0.0823,20.34,14.23,21.14,75.0,1500.0,15.2,sensor_drift,0.59
fault_sensor_drift_1,2154,1789846091.227409,4710.5,129.95,730.8,4.39,103.81,0.0883,20.39,14.22,21.35,75.0,1500.0,15.2,sensor_drift,0.59
fault_sensor_drift_1,2155,1789846092.227409,4700.8,129.77,731.63,4.38,103.93,0.0709,20.45,14.23,21.11,75.0,1500.0,15.2,sensor_drift,0.59
fault_sensor_drift_1,2156,1789846093.227409,4692.6,129.94,734.21,4.32,103.61,0.0758,20.27,14.27,21.31,75.0,1500.0,15.2,sensor_drift,0.59
fault_sensor_drift_1,2157,1789846094.227409,4690.0,130.24,736.28,4.3,103.52,0.0787,20.32,14.31,21.54,75.0,1500.0,15.2,sensor_drift,0.59
fault_sensor_drift_1,2158,1789846095.227409,4704.6,130.2,734.44,4.22,103.51,0.0747,20.38,14.27,21.35,75.0,1500.0,15.2,sensor_drift,0.59
fault_sensor_drift_1,2159,1789846096.227409,4700.7,130.26,731.78,4.32,103.6,0.0728,20.3,14.37,21.35,75.0,1500.0,15.2,sensor_drift,0.59
fault_sensor_drift_1,2160,1789846097.227409,4681.6,130.18,733.08,4.32,103.57,0.0739,20.3,14.42,21.27,75.0,1500.0,15.2,sensor_drift,0.59
fault_sensor_drift_1,2161,1789846098.227409,4702.5,130.32,731.04,4.23,103.56,0.0809,20.34,14.48,21.35,75.0,1500.0,15.2,sensor_drift,0.59
fault_sensor_drift_1,2162,1789846099.227409,4697.1,130.61,727.58,4.27,103.43,0.0825,20.22,14.43,21.36,75.0,1500.0,15.2,sensor_drift,0.59
fault_sensor_drift_1,2163,1789846100.227409,4709.7,130.62,732.15,4.27,103.52,0.0813,20.13,14.37,21.63,75.0,1500.0,15.2,sensor_drift,0.59
fault_sensor_drift_1,2164,1789846101.227409,4683.2,130.6,733.8,4.3,103.71,0.0697,20.18,14.37,21.25,75.0,1500.0,15.2,sensor_drift,0.59
fault_sensor_drift_1,2165,1789846102.227409,4692.6,130.63,738.53,4.31,103.67,0.0806,20.27,14.31,21.3,75.0,1500.0,15.2,sensor_drift,0.59
fault_sensor_drift_1,2166,1789846103.227409,4690.8,130.79,742.08,4.32,103.66,0.0788,20.53,14.24,21.13,75.0,1500.0,15.2,sensor_drift,0.59
fault_sensor_drift_1,2167,1789846104.227409,4679.9,130.8,743.61,4.36,103.68,0.0757,20.63,14.27,21.24,75.0,1500.0,15.2,sensor_drift,0.59
fault_sensor_drift_1,2168,1789846105.227409,4674.3,130.57,738.74,4.43,103.53,0.0753,20.58,14.25,21.38,75.0,1500.0,15.2,sensor_drift,0.59
fault_sensor_drift_1,2169,1789846106.227409,4653.6,130.3,734.47,4.45,103.48,0.078,20.26,14.21,21.34,75.0,1500.0,15.2,sensor_drift,0.59
fault_sensor_drift_1,2170,1789846107.227409,4657.2,130.48,736.87,4.46,103.51,0.0758,20.47,14.24,21.01,75.0,1500.0,15.2,sensor_drift,0.59
fault_sensor_drift_1,2171,1789846108.227409,4674.6,130.36,740.89,4.45,103.56,0.0698,20.38,14.24,21.31,75.0,1500.0,15.2,sensor_drift,0.59
fault_sensor_drift_1,2172,1789846109.227409,4687.1,130.34,741.12,4.43,103.53,0.0658,20.29,14.23,21.17,75.0,1500.0,15.2,sensor_drift,0.59
fault_sensor_drift_1,2173,1789846110.227409,4694.7,130.45,741.63,4.42,103.69,0.0725,20.33,14.18,21.1,75.0,1500.0,15.2,sensor_drift,0.59
fault_sensor_drift_1,2174,1789846111.227409,4671.0,130.46,742.05,4.35,103.9,0.0686,20.14,14.17,21.16,75.0,1500.0,15.2,sensor_drift,0.59
fault_sensor_drift_1,2175,1789846112.227409,4661.5,130.36,738.64,4.31,103.8,0.0779,19.98,14.26,20.96,75.0,1500.0,15.2,sensor_drift,0.59
fault_sensor_drift_1,2176,1789846113.227409,4667.5,130.18,736.58,4.31,103.89,0.0744,20.2,14.21,21.24,75.0,1500.0,15.2,sensor_drift,0.59
fault_sensor_drift_1,2177,1789846114.227409,4688.0,130.4,737.28,4.35,103.83,0.0757,20.16,14.22,21.56,75.0,1500.0,15.2,sensor_drift,0.59
fault_sensor_drift_1,2178,1789846115.227409,4702.3,130.36,738.17,4.42,103.8,0.0739,20.24,14.2,21.34,75.0,1500.0,15.2,sensor_drift,0.59
fault_sensor_drift_1,2179,1789846116.227409,4693.0,130.03,736.83,4.33,103.76,0.0773,20.36,14.19,21.63,75.0,1500.0,15.2,sensor_drift,0.59
fault_sensor_drift_1,2180,1789846117.227409,4712.5,129.9,737.54,4.41,104.0,0.0701,20.28,14.2,21.18,75.0,1500.0,15.2,sensor_drift,0.59
fault_sensor_drift_1,2181,1789846118.227409,4677.0,129.9,740.21,4.44,104.0,0.0762,20.24,14.27,20.99,75.0,1500.0,15.2,sensor_drift,0.59
fault_sensor_drift_1,2182,1789846119.227409,4682.9,129.73,746.82,4.34,103.94,0.0794,20.17,14.31,21.18,75.0,1500.0,15.2,sensor_drift,0.59
fault_sensor_drift_1,2183,1789846120.227409,4693.7,129.99,745.77,4.35,103.78,0.0636,20.29,14.25,21.19,75.0,1500.0,15.2,sensor_drift,0.59
fault_sensor_drift_1,2184,1789846121.227409,4682.6,129.89,748.02,4.3,103.74,0.0665,20.31,14.24,21.15,75.0,1500.0,15.2,sensor_drift,0.59
fault_sensor_drift_1,2185,1789846122.227409,4687.2,129.94,745.95,4.25,103.81,0.0715,20.41,14.21,21.31,75.0,1500.0,15.2,sensor_drift,0.59
fault_sensor_drift_1,2186,1789846123.227409,4695.9,130.34,743.67,4.31,103.96,0.0666,20.38,14.18,21.2,75.0,1500.0,15.2,sensor_drift,0.59
fault_sensor_drift_1,2187,1789846124.227409,4695.9,130.7,744.51,4.29,104.08,0.071,20.23,14.16,21.09,75.0,1500.0,15.2,sensor_drift,0.59
fault_sensor_drift_1,2188,1789846125.227409,4689.9,130.68,744.47,4.29,104.19,0.0729,20.1,14.16,21.15,75.0,1500.0,15.2,sensor_drift,0.59
fault_sensor_drift_1,2189,1789846126.227409,4708.3,130.19,745.23,4.34,104.04,0.0656,20.03,14.24,21.25,75.0,1500.0,15.2,sensor_drift,0.59
fault_sensor_drift_1,2190,1789846127.227409,4712.7,130.07,743.68,4.35,103.9,0.075,20.08,14.25,21.36,75.0,1500.0,15.2,sensor_drift,0.59
fault_sensor_drift_1,2191,1789846128.227409,4707.7,129.99,745.26,4.34,103.65,0.076,20.28,14.31,21.45,75.0,1500.0,15.2,sensor_drift,0.59
fault_sensor_drift_1,2192,1789846129.227409,4710.1,130.16,742.51,4.39,103.69,0.0789,20.32,14.33,21.5,75.0,1500.0,15.2,sensor_drift,0.59
fault_sensor_drift_1,2193,1789846130.227409,4693.6,130.05,742.21,4.34,103.78,0.0761,20.34,14.36,21.31,75.0,1500.0,15.2,sensor_drift,0.59
fault_sensor_drift_1,2194,1789846131.227409,4711.3,130.59,739.13,4.37,103.89,0.0795,20.48,14.37,21.06,75.0,1500.0,15.2,sensor_drift,0.59
fault_sensor_drift_1,2195,1789846132.227409,4702.9,130.37,738.88,4.37,104.07,0.0771,20.25,14.29,20.76,75.0,1500.0,15.2,sensor_drift,0.59
fault_sensor_drift_1,2196,1789846133.227409,4695.9,130.64,744.47,4.34,104.14,0.0757,20.34,14.25,21.21,75.0,1500.0,15.2,sensor_drift,0.59
fault_sensor_drift_1,2197,1789846134.227409,4704.1,130.68,742.61,4.27,104.07,0.0814,20.28,14.29,21.1,75.0,1500.0,15.2,sensor_drift,0.59
fault_sensor_drift_1,2198,1789846135.227409,4682.7,130.18,743.89,4.31,104.16,0.079,20.37,14.29,21.14,75.0,1500.0,15.2,sensor_drift,0.59
fault_sensor_drift_1,2199,1789846136.227409,4689.6,130.48,738.4,4.28,104.26,0.073,20.57,14.31,21.18,75.0,1500.0,15.2,sensor_drift,0.59
fault_sensor_drift_1,2200,1789846137.227409,4674.9,130.53,732.02,4.33,104.24,0.0698,20.82,14.27,20.91,75.0,1500.0,15.2,sensor_drift,0.59
fault_sensor_drift_1,2201,1789846138.227409,4657.8,130.06,732.04,4.25,104.14,0.0712,20.92,14.25,21.05,75.0,1500.0,15.2,sensor_drift,0.59
fault_sensor_drift_1,2202,1789846139.227409,4687.1,129.94,733.95,4.3,104.23,0.0744,20.85,14.33,21.1,75.0,1500.0,15.2,sensor_drift,0.59
fault_sensor_drift_1,2203,1789846140.227409,4682.8,130.38,736.75,4.37,104.37,0.0711,20.75,14.4,20.79,75.0,1500.0,15.2,sensor_drift,0.59
fault_sensor_drift_1,2204,1789846141.227409,4700.8,130.37,740.63,4.36,104.46,0.0745,20.66,14.46,20.89,75.0,1500.0,15.2,sensor_drift,0.59
fault_sensor_drift_1,2205,1789846142.227409,4714.2,130.17,741.92,4.36,104.52,0.0688,20.52,14.46,21.1,75.0,1500.0,15.2,sensor_drift,0.59
fault_sensor_drift_1,2206,1789846143.227409,4733.6,130.08,741.01,4.43,104.7,0.0586,20.49,14.44,21.26,75.0,1500.0,15.2,sensor_drift,0.59
fault_sensor_drift_1,2207,1789846144.227409,4759.9,129.95,744.03,4.37,104.62,0.0627,20.44,14.42,20.98,75.0,1500.0,15.2,sensor_drift,0.59
fault_sensor_drift_1,2208,1789846145.227409,4738.6,129.85,746.51,4.36,104.39,0.0751,20.45,14.31,21.41,75.0,1500.0,15.2,sensor_drift,0.59
fault_sensor_drift_1,2209,1789846146.227409,4723.4,129.95,746.37,4.37,104.25,0.0733,20.46,14.32,21.41,75.0,1500.0,15.2,sensor_drift,0.59
fault_sensor_drift_1,2210,1789846147.227409,4730.0,130.3,745.77,4.35,104.1,0.0689,20.47,14.28,21.7,75.0,1500.0,15.2,sensor_drift,0.59
fault_sensor_drift_1,2211,1789846148.227409,4691.5,130.29,743.9,4.32,104.16,0.0711,20.56,14.27,21.73,75.0,1500.0,15.2,sensor_drift,0.59
fault_sensor_drift_1,2212,1789846149.227409,4701.8,130.37,744.84,4.35,104.21,0.0739,20.54,14.33,21.55,75.0,1500.0,15.2,sensor_drift,0.59
fault_sensor_drift_1,2213,1789846150.227409,4700.5,130.38,743.68,4.44,104.13,0.0739,20.53,14.25,21.29,75.0,1500.0,15.2,sensor_drift,0.59
fault_sensor_drift_1,2214,1789846151.227409,4691.4,130.24,746.19,4.41,103.97,0.075,20.55,14.26,21.3,75.0,1500.0,15.2,sensor_drift,0.59
fault_sensor_drift_1,2215,1789846152.227409,4690.6,130.04,746.76,4.43,103.93,0.0763,20.44,14.21,21.46,75.0,1500.0,15.2,sensor_drift,0.59
fault_sensor_drift_1,2216,1789846153.227409,4668.9,130.28,742.19,4.5,104.03,0.0683,20.26,14.21,21.33,75.0,1500.0,15.2,sensor_drift,0.59
fault_sensor_drift_1,2217,1789846154.227409,4672.9,130.21,743.86,4.42,103.95,0.0646,20.32,14.22,21.05,75.0,1500.0,15.2,sensor_drift,0.59
fault_sensor_drift_1,2218,1789846155.227409,4694.2,130.4,744.48,4.4,103.84,0.0632,20.35,14.12,21.15,75.0,1500.0,15.2,sensor_drift,0.59
fault_sensor_drift_1,2219,1789846156.227409,4707.3,130.19,745.14,4.38,103.92,0.0718,20.25,14.1,21.14,75.0,1500.0,15.2,sensor_drift,0.59
fault_sensor_drift_1,2220,1789846157.227409,4718.4,130.1,744.46,4.42,103.93,0.0789,20.29,14.14,21.67,75.0,1500.0,15.2,sensor_drift,0.59
fault_sensor_drift_1,2221,1789846158.227409,4722.4,130.21,748.48,4.28,104.02,0.0704,20.23,14.16,20.92,75.0,1500.0,15.2,sensor_drift,0.59
fault_sensor_drift_1,2222,1789846159.227409,4702.8,130.05,751.9,4.25,103.91,0.0681,20.35,14.15,21.13,75.0,1500.0,15.2,sensor_drift,0.59
fault_sensor_drift_1,2223,1789846160.227409,4710.5,129.76,752.87,4.29,103.91,0.073,20.26,14.24,21.06,75.0,1500.0,15.2,sensor_drift,0.59
fault_sensor_drift_1,2224,1789846161.227409,4684.9,130.01,748.65,4.25,104.01,0.0723,20.22,14.23,20.91,75.0,1500.0,15.2,sensor_drift,0.59
fault_sensor_drift_1,2225,1789846162.227409,4693.1,130.18,751.04,4.26,104.03,0.0815,20.04,14.26,20.88,75.0,1500.0,15.2,sensor_drift,0.59
fault_sensor_drift_1,2226,1789846163.227409,4699.4,130.35,750.12,4.32,104.15,0.0834,20.05,14.24,21.11,75.0,1500.0,15.2,sensor_drift,0.59
fault_sensor_drift_1,2227,1789846164.227409,4710.1,130.28,744.86,4.48,104.25,0.0811,19.83,14.18,21.26,75.0,1500.0,15.2,sensor_drift,0.59
fault_sensor_drift_1,2228,1789846165.227409,4725.5,130.26,741.18,4.49,104.27,0.0768,19.91,14.14,21.09,75.0,1500.0,15.2,sensor_drift,0.59
fault_sensor_drift_1,2229,1789846166.227409,4729.6,130.14,741.11,4.45,104.24,0.0699,19.91,14.07,21.14,75.0,1500.0,15.2,sensor_drift,0.59
fault_sensor_drift_1,2230,1789846167.227409,4723.6,130.14,734.66,4.48,104.04,0.0708,19.91,13.95,21.09,75.0,1500.0,15.2,sensor_drift,0.59
fault_sensor_drift_1,2231,1789846168.227409,4711.2,130.21,731.29,4.52,104.09,0.0654,20.05,13.95,21.14,75.0,1500.0,15.2,sensor_drift,0.59
fault_sensor_drift_1,2232,1789846169.227409,4697.7,130.14,733.7,4.5,103.95,0.0668,20.06,13.98,21.1,75.0,1500.0,15.2,sensor_drift,0.59
fault_sensor_drift_1,2233,1789846170.227409,4716.4,129.98,735.2,4.49,103.94,0.0738,20.13,14.01,21.13,75.0,1500.0,15.2,sensor_drift,0.59
fault_sensor_drift_1,2234,1789846171.227409,4695.2,130.02,738.04,4.51,103.93,0.0674,19.96,14.0,21.25,75.0,1500.0,15.2,sensor_drift,0.59
fault_sensor_drift_1,2235,1789846172.227409,4705.8,130.15,736.08,4.37,103.95,0.0736,20.02,14.04,21.14,75.0,1500.0,15.2,sensor_drift,0.59
fault_sensor_drift_1,2236,1789846173.227409,4674.8,130.49,732.75,4.3,103.99,0.0682,20.1,14.01,20.96,75.0,1500.0,15.2,sensor_drift,0.59
fault_sensor_drift_1,2237,1789846174.227409,4676.6,130.76,734.09,4.26,104.05,0.064,20.17,13.99,20.77,75.0,1500.0,15.2,sensor_drift,0.59
fault_sensor_drift_1,2238,1789846175.227409,4656.2,130.95,739.51,4.34,104.15,0.0669,20.32,13.95,21.17,75.0,1500.0,15.2,sensor_drift,0.59
fault_sensor_drift_1,2239,1789846176.227409,4654.2,130.84,738.96,4.37,104.23,0.0727,20.18,13.95,21.52,75.0,1500.0,15.2,sensor_drift,0.59
fault_sensor_drift_1,2240,1789846177.227409,4665.7,130.58,738.91,4.39,104.01,0.0682,20.27,13.94,21.19,75.0,1500.0,15.2,sensor_drift,0.59
fault_sensor_drift_1,2241,1789846178.227409,4691.9,130.79,737.29,4.29,104.06,0.0641,20.21,13.98,21.27,75.0,1500.0,15.2,sensor_drift,0.59
fault_sensor_drift_1,2242,1789846179.227409,4710.4,130.8,735.83,4.26,104.2,0.0532,20.21,14.05,21.2,75.0,1500.0,15.2,sensor_drift,0.59
fault_sensor_drift_1,2243,1789846180.227409,4689.2,130.62,726.02,4.24,104.01,0.0632,20.18,14.21,21.31,75.0,1500.0,15.2,sensor_drift,0.59
fault_sensor_drift_1,2244,1789846181.227409,4690.3,130.56,728.86,4.32,103.9,0.0642,20.18,14.24,21.27,75.0,1500.0,15.2,sensor_drift,0.59
fault_sensor_drift_1,2245,1789846182.227409,4714.6,130.11,732.94,4.38,103.7,0.0775,20.22,14.21,21.49,75.0,1500.0,15.2,sensor_drift,0.59
fault_sensor_drift_1,2246,1789846183.227409,4734.7,130.32,732.17,4.41,103.74,0.07,20.21,14.16,21.37,75.0,1500.0,15.2,sensor_drift,0.59
fault_sensor_drift_1,2247,1789846184.227409,4712.7,130.21,732.19,4.48,103.67,0.0733,20.02,14.07,21.35,75.0,1500.0,15.2,sensor_drift,0.59
fault_sensor_drift_1,2248,1789846185.227409,4715.5,130.33,733.8,4.43,103.78,0.0808,20.24,14.1,21.22,75.0,1500.0,15.2,sensor_drift,0.59
fault_sensor_drift_1,2249,1789846186.227409,4720.4,130.2,734.85,4.39,103.74,0.0729,20.27,14.12,21.01,75.0,1500.0,15.2,sensor_drift,0.59
fault_sensor_drift_1,2250,1789846187.227409,4707.6,130.15,729.03,4.42,103.76,0.0781,20.41,14.14,20.74,75.0,1500.0,15.2,sensor_drift,0.59
fault_sensor_drift_1,2251,1789846188.227409,4718.0,130.51,730.62,4.37,103.68,0.0757,20.44,14.17,21.1,75.0,1500.0,15.2,sensor_drift,0.59
fault_sensor_drift_1,2252,1789846189.227409,4710.4,130.4,731.6,4.32,103.73,0.0788,20.18,14.18,21.05,75.0,1500.0,15.2,sensor_drift,0.59
fault_sensor_drift_1,2253,1789846190.227409,4694.5,130.41,736.96,4.38,103.81,0.084,20.18,14.25,21.06,75.0,1500.0,15.2,sensor_drift,0.59
fault_sensor_drift_1,2254,1789846191.227409,4693.0,130.51,736.63,4.37,103.77,0.0798,20.26,14.2,21.03,75.0,1500.0,15.2,sensor_drift,0.59
fault_sensor_drift_1,2255,1789846192.227409,4685.8,130.62,734.72,4.31,104.0,0.0762,20.3,14.21,21.1,75.0,1500.0,15.2,sensor_drift,0.59
fault_sensor_drift_1,2256,1789846193.227409,4667.3,130.31,738.25,4.4,104.0,0.071,20.34,14.16,20.83,75.0,1500.0,15.2,sensor_drift,0.59
fault_sensor_drift_1,2257,1789846194.227409,4688.7,130.47,733.91,4.41,104.18,0.0658,20.26,14.12,21.33,75.0,1500.0,15.2,sensor_drift,0.59
fault_sensor_drift_1,2258,1789846195.227409,4701.9,130.52,729.65,4.4,104.16,0.0615,20.37,14.17,20.95,75.0,1500.0,15.2,sensor_drift,0.59
fault_sensor_drift_1,2259,1789846196.227409,4701.7,130.67,733.7,4.35,104.16,0.0577,20.41,14.16,20.85,75.0,1500.0,15.2,sensor_drift,0.59
fault_sensor_drift_1,2260,1789846197.227409,4696.8,130.78,738.25,4.49,104.18,0.073,20.21,14.15,21.09,75.0,1500.0,15.2,sensor_drift,0.59
fault_sensor_drift_1,2261,1789846198.227409,4706.2,130.66,737.98,4.42,104.24,0.0702,20.17,14.2,20.9,75.0,1500.0,15.2,sensor_drift,0.59
fault_sensor_drift_1,2262,1789846199.227409,4723.4,130.99,744.31,4.38,104.08,0.0738,20.21,14.19,21.31,75.0,1500.0,15.2,sensor_drift,0.59
fault_sensor_drift_1,2263,1789846200.227409,4720.0,130.72,744.44,4.37,104.08,0.0786,20.36,14.15,21.43,75.0,1500.0,15.2,sensor_drift,0.59
fault_sensor_drift_1,2264,1789846201.227409,4716.4,130.35,739.19,4.36,103.93,0.0742,20.49,14.24,21.31,75.0,1500.0,15.2,sensor_drift,0.59
fault_sensor_drift_1,2265,1789846202.227409,4705.2,130.29,743.56,4.38,104.13,0.0818,20.2,14.31,21.03,75.0,1500.0,15.2,sensor_drift,0.59
fault_sensor_drift_1,2266,1789846203.227409,4696.6,130.34,746.43,4.31,104.19,0.0824,20.27,14.24,21.07,75.0,1500.0,15.2,sensor_drift,0.59
fault_sensor_drift_1,2267,1789846204.227409,4694.5,130.58,745.27,4.32,104.23,0.0791,20.31,14.25,21.24,75.0,1500.0,15.2,sensor_drift,0.59
fault_sensor_drift_1,2268,1789846205.227409,4691.7,130.7,744.11,4.31,104.17,0.0806,20.42,14.26,21.57,75.0,1500.0,15.2,sensor_drift,0.59
fault_sensor_drift_1,2269,1789846206.227409,4698.8,130.76,740.7,4.31,104.29,0.0788,20.37,14.21,21.35,75.0,1500.0,15.2,sensor_drift,0.59
fault_sensor_drift_1,2270,1789846207.227409,4719.0,130.99,740.39,4.32,104.25,0.0805,20.46,14.17,21.35,75.0,1500.0,15.2,sensor_drift,0.59
fault_sensor_drift_1,2271,1789846208.227409,4737.9,131.14,740.29,4.39,104.02,0.0729,20.39,14.23,21.7,75.0,1500.0,15.2,sensor_drift,0.59
fault_sensor_drift_1,2272,1789846209.227409,4709.8,131.07,736.39,4.35,103.89,0.0679,20.5,14.15,21.29,75.0,1500.0,15.2,sensor_drift,0.59
fault_sensor_drift_1,2273,1789846210.227409,4716.5,131.33,732.12,4.34,103.96,0.0784,20.35,14.18,21.27,75.0,1500.0,15.2,sensor_drift,0.59
fault_sensor_drift_1,2274,1789846211.227409,4712.2,131.03,734.24,4.33,103.92,0.0781,20.23,14.13,21.14,75.0,1500.0,15.2,sensor_drift,0.59
fault_sensor_drift_1,2275,1789846212.227409,4714.6,131.08,735.6,4.34,104.04,0.0757,20.17,14.19,21.38,75.0,1500.0,15.2,sensor_drift,0.59
fault_sensor_drift_1,2276,1789846213.227409,4712.8,131.31,736.09,4.34,104.05,0.0771,20.28,14.16,21.31,75.0,1500.0,15.2,sensor_drift,0.59
fault_sensor_drift_1,2277,1789846214.227409,4702.3,131.26,736.49,4.36,104.0,0.0701,20.03,14.13,21.27,75.0,1500.0,15.2,sensor_drift,0.59
fault_sensor_drift_1,2278,1789846215.227409,4711.4,131.14,737.72,4.34,103.69,0.0638,20.11,14.18,21.21,75.0,1500.0,15.2,sensor_drift,0.59
fault_sensor_drift_1,2279,1789846216.227409,4714.9,130.76,740.41,4.38,103.8,0.0702,20.2,14.1,21.35,75.0,1500.0,15.2,sensor_drift,0.59
fault_sensor_drift_1,2280,1789846217.227409,4730.9,130.56,746.01,4.37,103.89,0.0712,20.19,14.05,21.14,75.0,1500.0,15.2,sensor_drift,0.59
fault_sensor_drift_1,2281,1789846218.227409,4709.6,130.5,743.05,4.32,103.88,0.0729,20.26,14.1,21.35,75.0,1500.0,15.2,sensor_drift,0.59
fault_sensor_drift_1,2282,1789846219.227409,4705.2,130.49,742.93,4.34,103.94,0.0731,20.1,14.09,21.34,75.0,1500.0,15.2,sensor_drift,0.59
fault_sensor_drift_1,2283,1789846220.227409,4714.0,130.76,744.15,4.46,103.76,0.0808,20.2,14.03,21.58,75.0,1500.0,15.2,sensor_drift,0.59
fault_sensor_drift_1,2284,1789846221.227409,4698.1,130.83,743.09,4.47,103.86,0.0858,20.18,14.1,21.43,75.0,1500.0,15.2,sensor_drift,0.59
fault_sensor_drift_1,2285,1789846222.227409,4733.2,131.02,742.35,4.41,103.87,0.0861,20.19,14.1,21.5,75.0,1500.0,15.2,sensor_drift,0.59
fault_sensor_drift_1,2286,1789846223.227409,4734.0,131.16,743.88,4.5,103.71,0.0702,20.29,14.16,21.43,75.0,1500.0,15.2,sensor_drift,0.59
fault_sensor_drift_1,2287,1789846224.227409,4724.1,130.76,747.23,4.48,103.72,0.0713,20.24,14.23,21.18,75.0,1500.0,15.2,sensor_drift,0.59
fault_sensor_drift_1,2288,1789846225.227409,4728.3,130.93,745.94,4.44,103.68,0.0715,20.27,14.16,21.08,75.0,1500.0,15.2,sensor_drift,0.59
fault_sensor_drift_1,2289,1789846226.227409,4729.8,130.77,741.15,4.35,103.74,0.0644,20.16,14.06,21.1,75.0,1500.0,15.2,sensor_drift,0.59
fault_sensor_drift_1,2290,1789846227.227409,4685.9,131.08,740.02,4.35,103.7,0.0693,20.12,14.07,21.07,75.0,1500.0,15.2,sensor_drift,0.59
fault_sensor_drift_1,2291,1789846228.227409,4697.3,131.3,740.84,4.36,103.76,0.0723,20.17,14.09,21.11,75.0,1500.0,15.2,sensor_drift,0.59
fault_sensor_drift_1,2292,1789846229.227409,4708.7,130.83,748.67,4.33,103.67,0.077,20.04,14.17,21.26,75.0,1500.0,15.2,sensor_drift,0.59
fault_sensor_drift_1,2293,1789846230.227409,4692.6,130.71,751.59,4.32,103.66,0.0745,20.34,14.2,21.61,75.0,1500.0,15.2,sensor_drift,0.59
fault_sensor_drift_1,2294,1789846231.227409,4701.7,130.79,744.25,4.26,103.71,0.0713,20.29,14.17,21.36,75.0,1500.0,15.2,sensor_drift,0.59
fault_sensor_drift_1,2295,1789846232.227409,4708.6,130.64,744.11,4.27,103.55,0.0712,20.26,14.15,21.29,75.0,1500.0,15.2,sensor_drift,0.59
fault_sensor_drift_1,2296,1789846233.227409,4701.8,130.89,744.61,4.33,103.47,0.0746,20.27,14.13,21.48,75.0,1500.0,15.2,sensor_drift,0.59
fault_sensor_drift_1,2297,1789846234.227409,4702.8,131.02,737.15,4.31,103.38,0.0735,20.36,14.08,21.16,75.0,1500.0,15.2,sensor_drift,0.59
fault_sensor_drift_1,2298,1789846235.227409,4718.6,130.65,739.69,4.32,103.42,0.0678,20.23,14.01,20.73,75.0,1500.0,15.2,sensor_drift,0.59
fault_sensor_drift_1,2299,1789846236.227409,4712.2,131.22,733.73,4.35,103.29,0.0703,20.43,14.04,20.73,75.0,1500.0,15.2,sensor_drift,0.59
fault_sensor_drift_1,2300,1789846237.227409,4710.9,131.68,738.04,4.42,103.34,0.0703,20.29,14.02,20.9,75.0,1500.0,15.2,sensor_drift,0.59
fault_sensor_drift_1,2301,1789846238.227409,4701.3,131.34,735.51,4.42,103.38,0.0739,20.22,14.06,21.26,75.0,1500.0,15.2,sensor_drift,0.59
fault_sensor_drift_1,2302,1789846239.227409,4704.1,130.81,735.46,4.43,103.51,0.0717,20.13,14.08,21.16,75.0,1500.0,15.2,sensor_drift,0.59
fault_sensor_drift_1,2303,1789846240.227409,4701.8,130.89,738.17,4.38,103.67,0.0699,20.25,14.02,21.33,75.0,1500.0,15.2,sensor_drift,0.59
fault_sensor_drift_1,2304,1789846241.227409,4708.5,130.83,739.99,4.37,103.72,0.0694,20.09,14.06,21.14,75.0,1500.0,15.2,sensor_drift,0.59
fault_sensor_drift_1,2305,1789846242.227409,4693.0,131.23,741.04,4.44,103.61,0.0713,19.86,14.11,21.09,75.0,1500.0,15.2,sensor_drift,0.59
fault_sensor_drift_1,2306,1789846243.227409,4681.3,131.65,741.49,4.43,103.64,0.0713,20.02,14.19,20.93,75.0,1500.0,15.2,sensor_drift,0.59
fault_sensor_drift_1,2307,1789846244.227409,4690.0,132.09,737.9,4.39,103.52,0.0728,20.22,14.21,21.07,75.0,1500.0,15.2,sensor_drift,0.59
fault_sensor_drift_1,2308,1789846245.227409,4689.3,131.98,739.9,4.36,103.66,0.0726,20.22,14.18,21.44,75.0,1500.0,15.2,sensor_drift,0.59
fault_sensor_drift_1,2309,1789846246.227409,4693.2,132.1,739.24,4.38,103.56,0.0799,20.06,14.2,21.55,75.0,1500.0,15.2,sensor_drift,0.59
fault_sensor_drift_1,2310,1789846247.227409,4701.6,131.68,740.02,4.3,103.71,0.08,20.01,14.19,21.71,75.0,1500.0,15.2,sensor_drift,0.59
fault_sensor_drift_1,2311,1789846248.227409,4720.2,131.64,737.08,4.33,103.76,0.0775,20.13,14.24,21.27,75.0,1500.0,15.2,sensor_drift,0.59
fault_sensor_drift_1,2312,1789846249.227409,4681.3,131.77,740.96,4.27,103.76,0.0813,20.22,14.21,21.21,75.0,1500.0,15.2,sensor_drift,0.59
fault_sensor_drift_1,2313,1789846250.227409,4685.6,131.95,741.24,4.26,103.8,0.0769,20.2,14.25,21.29,75.0,1500.0,15.2,sensor_drift,0.59
fault_sensor_drift_1,2314,1789846251.227409,4680.7,131.62,745.56,4.27,103.8,0.0769,20.08,14.22,21.27,75.0,1500.0,15.2,sensor_drift,0.59
fault_sensor_drift_1,2315,1789846252.227409,4689.5,131.69,748.55,4.34,103.84,0.0735,20.04,14.24,21.47,75.0,1500.0,15.2,sensor_drift,0.59
fault_sensor_drift_1,2316,1789846253.227409,4707.2,131.38,748.12,4.34,103.89,0.0711,20.09,14.27,21.23,75.0,1500.0,15.2,sensor_drift,0.59
fault_sensor_drift_1,2317,1789846254.227409,4705.3,131.42,751.19,4.34,103.86,0.0817,20.04,14.29,20.96,75.0,1500.0,15.2,sensor_drift,0.59
fault_sensor_drift_1,2318,1789846255.227409,4687.2,131.39,750.51,4.41,103.95,0.0738,20.09,14.27,21.06,75.0,1500.0,15.2,sensor_drift,0.59
fault_sensor_drift_1,2319,1789846256.227409,4692.7,131.49,744.46,4.41,103.89,0.0749,20.13,14.22,21.02,75.0,1500.0,15.2,sensor_drift,0.59
fault_sensor_drift_1,2320,1789846257.227409,4702.7,131.78,740.47,4.3,103.86,0.0712,20.22,14.18,21.25,75.0,1500.0,15.2,sensor_drift,0.59
fault_sensor_drift_1,2321,1789846258.227409,4713.3,131.51,743.43,4.25,103.77,0.0746,20.1,14.2,21.33,75.0,1500.0,15.2,sensor_drift,0.59
fault_sensor_drift_1,2322,1789846259.227409,4700.6,131.57,740.26,4.3,103.79,0.0725,20.12,14.18,21.25,75.0,1500.0,15.2,sensor_drift,0.59
fault_sensor_drift_1,2323,1789846260.227409,4707.0,131.15,742.1,4.29,103.82,0.0732,20.08,14.2,21.51,75.0,1500.0,15.2,sensor_drift,0.59
fault_sensor_drift_1,2324,1789846261.227409,4676.7,130.78,741.91,4.42,103.84,0.0697,20.27,14.19,21.19,75.0,1500.0,15.2,sensor_drift,0.59
fault_sensor_drift_1,2325,1789846262.227409,4658.0,130.62,742.63,4.41,103.72,0.0754,20.3,14.14,21.43,75.0,1500.0,15.2,sensor_drift,0.59
fault_sensor_drift_1,2326,1789846263.227409,4659.5,131.01,742.7,4.34,103.61,0.0704,20.31,14.2,21.52,75.0,1500.0,15.2,sensor_drift,0.59
fault_sensor_drift_1,2327,1789846264.227409,4675.5,131.04,745.04,4.35,103.6,0.0647,20.28,14.17,21.72,75.0,1500.0,15.2,sensor_drift,0.59
fault_sensor_drift_1,2328,1789846265.227409,4699.2,130.6,750.2,4.37,103.61,0.0683,20.2,14.16,21.27,75.0,1500.0,15.2,sensor_drift,0.59
fault_sensor_drift_1,2329,1789846266.227409,4688.6,130.67,743.01,4.34,103.58,0.0772,20.14,14.14,21.09,75.0,1500.0,15.2,sensor_drift,0.59
fault_sensor_drift_1,2330,1789846267.227409,4699.2,130.79,738.82,4.27,103.62,0.0734,20.1,14.12,21.39,75.0,1500.0,15.2,sensor_drift,0.59
fault_sensor_drift_1,2331,1789846268.227409,4705.9,130.84,740.44,4.32,103.42,0.0789,20.04,14.14,21.58,75.0,1500.0,15.2,sensor_drift,0.59
fault_sensor_drift_1,2332,1789846269.227409,4704.8,131.15,741.08,4.39,103.52,0.0798,20.03,14.13,21.47,75.0,1500.0,15.2,sensor_drift,0.59
fault_sensor_drift_1,2333,1789846270.227409,4692.2,131.11,743.46,4.48,103.59,0.0666,20.25,14.1,21.5,75.0,1500.0,15.2,sensor_drift,0.59
fault_sensor_drift_1,2334,1789846271.227409,4682.9,131.42,742.31,4.37,103.61,0.0703,20.37,14.16,21.51,75.0,1500.0,15.2,sensor_drift,0.59
fault_sensor_drift_1,2335,1789846272.227409,4697.5,131.38,741.41,4.45,103.71,0.0704,20.29,14.17,21.16,75.0,1500.0,15.2,sensor_drift,0.59
fault_sensor_drift_1,2336,1789846273.227409,4706.4,131.54,743.55,4.44,103.84,0.0775,20.15,14.16,20.8,75.0,1500.0,15.2,sensor_drift,0.59
fault_sensor_drift_1,2337,1789846274.227409,4702.2,131.4,744.41,4.48,103.86,0.0624,20.13,14.09,20.89,75.0,1500.0,15.2,sensor_drift,0.59
fault_sensor_drift_1,2338,1789846275.227409,4699.6,131.55,741.68,4.46,103.85,0.0685,20.1,14.12,20.86,75.0,1500.0,15.2,sensor_drift,0.59
fault_sensor_drift_1,2339,1789846276.227409,4681.4,131.16,741.83,4.44,103.92,0.0674,20.13,14.06,21.02,75.0,1500.0,15.2,sensor_drift,0.59
fault_sensor_drift_1,2340,1789846277.227409,4660.0,131.25,737.12,4.28,103.96,0.0749,20.16,14.11,20.97,75.0,1500.0,15.2,sensor_drift,0.59
fault_sensor_drift_1,2341,1789846278.227409,4663.3,130.75,738.05,4.28,103.92,0.078,20.25,14.09,21.03,75.0,1500.0,15.2,sensor_drift,0.59
fault_sensor_drift_1,2342,1789846279.227409,4688.3,130.76,742.78,4.35,103.84,0.0804,20.2,14.1,21.06,75.0,1500.0,15.2,sensor_drift,0.59
fault_sensor_drift_1,2343,1789846280.227409,4717.5,130.91,744.0,4.27,103.93,0.0811,20.31,14.09,21.14,75.0,1500.0,15.2,sensor_drift,0.59
fault_sensor_drift_1,2344,1789846281.227409,4729.1,131.04,743.26,4.27,103.91,0.0697,20.41,14.09,20.96,75.0,1500.0,15.2,sensor_drift,0.59
fault_sensor_drift_1,2345,1789846282.227409,4730.2,131.02,741.43,4.24,103.69,0.0699,20.21,14.15,20.95,75.0,1500.0,15.2,sensor_drift,0.59
fault_sensor_drift_1,2346,1789846283.227409,4730.0,131.38,743.28,4.32,103.88,0.0672,20.31,14.14,20.91,75.0,1500.0,15.2,sensor_drift,0.59
fault_sensor_drift_1,2347,1789846284.227409,4720.4,131.18,739.94,4.28,103.73,0.0695,20.33,14.06,20.96,75.0,1500.0,15.2,sensor_drift,0.59
fault_sensor_drift_1,2348,1789846285.227409,4695.0,130.92,737.21,4.35,103.58,0.0666,20.3,14.17,21.28,75.0,1500.0,15.2,sensor_drift,0.59
fault_sensor_drift_1,2349,1789846286.227409,4702.6,130.63,734.2,4.35,103.52,0.06,20.25,14.2,21.32,75.0,1500.0,15.2,sensor_drift,0.59
fault_sensor_drift_1,2350,1789846287.227409,4707.0,130.83,741.68,4.35,103.62,0.0613,20.22,14.16,21.51,75.0,1500.0,15.2,sensor_drift,0.59
fault_sensor_drift_1,2351,1789846288.227409,4694.4,131.34,737.24,4.32,103.75,0.0735,20.16,14.22,21.21,75.0,1500.0,15.2,sensor_drift,0.59
fault_sensor_drift_1,2352,1789846289.227409,4690.5,131.44,734.88,4.3,103.66,0.0714,20.09,14.22,21.19,75.0,1500.0,15.2,sensor_drift,0.59
fault_sensor_drift_1,2353,1789846290.227409,4679.4,131.67,733.95,4.37,103.66,0.071,20.05,14.22,21.2,75.0,1500.0,15.2,sensor_drift,0.59
fault_sensor_drift_1,2354,1789846291.227409,4665.8,131.61,735.57,4.27,103.67,0.0758,20.02,14.22,21.3,75.0,1500.0,15.2,sensor_drift,0.59
fault_sensor_drift_1,2355,1789846292.227409,4660.9,131.14,733.79,4.28,103.66,0.0747,20.12,14.12,20.77,75.0,1500.0,15.2,sensor_drift,0.59
fault_sensor_drift_1,2356,1789846293.227409,4682.3,131.44,735.16,4.33,103.71,0.0822,20.06,14.09,20.74,75.0,1500.0,15.2,sensor_drift,0.59
fault_sensor_drift_1,2357,1789846294.227409,4705.9,131.59,736.24,4.39,103.73,0.0641,20.06,14.1,20.99,75.0,1500.0,15.2,sensor_drift,0.59
fault_sensor_drift_1,2358,1789846295.227409,4697.3,131.51,739.99,4.39,103.69,0.0681,20.19,14.09,21.06,75.0,1500.0,15.2,sensor_drift,0.59
fault_sensor_drift_1,2359,1789846296.227409,4659.0,131.64,741.56,4.36,103.8,0.0684,20.23,14.1,21.22,75.0,1500.0,15.2,sensor_drift,0.59
fault_sensor_drift_1,2360,1789846297.227409,4670.0,131.47,739.18,4.31,103.88,0.067,20.33,14.14,21.35,75.0,1500.0,15.2,sensor_drift,0.59
fault_sensor_drift_1,2361,1789846298.227409,4684.9,131.71,744.17,4.19,103.76,0.0586,20.23,14.15,21.24,75.0,1500.0,15.2,sensor_drift,0.59
fault_sensor_drift_1,2362,1789846299.227409,4679.9,131.42,743.46,4.23,103.8,0.0664,20.26,14.06,20.86,75.0,1500.0,15.2,sensor_drift,0.59
fault_sensor_drift_1,2363,1789846300.227409,4677.8,131.68,742.26,4.27,103.93,0.0748,20.19,14.18,21.05,75.0,1500.0,15.2,sensor_drift,0.59
fault_sensor_drift_1,2364,1789846301.227409,4693.1,131.78,740.87,4.22,103.89,0.0723,20.11,14.15,21.06,75.0,1500.0,15.2,sensor_drift,0.59
fault_sensor_drift_1,2365,1789846302.227409,4700.0,131.72,743.0,4.29,103.81,0.0751,20.13,14.24,20.87,75.0,1500.0,15.2,sensor_drift,0.59
fault_sensor_drift_1,2366,1789846303.227409,4704.3,131.42,740.97,4.21,103.75,0.0798,20.23,14.25,21.05,75.0,1500.0,15.2,sensor_drift,0.59
fault_sensor_drift_1,2367,1789846304.227409,4697.4,131.43,740.83,4.23,103.69,0.0767,20.07,14.32,20.91,75.0,1500.0,15.2,sensor_drift,0.59
fault_sensor_drift_1,2368,1789846305.227409,4701.1,131.16,743.9,4.24,103.71,0.0654,20.1,14.26,21.14,75.0,1500.0,15.2,sensor_drift,0.59
fault_sensor_drift_1,2369,1789846306.227409,4720.6,131.7,743.45,4.25,103.58,0.0669,20.19,14.37,21.36,75.0,1500.0,15.2,sensor_drift,0.59
fault_sensor_drift_1,2370,1789846307.227409,4737.9,131.55,746.4,4.26,103.71,0.0694,20.22,14.43,21.32,75.0,1500.0,15.2,sensor_drift,0.59
fault_sensor_drift_1,2371,1789846308.227409,4719.8,131.7,744.01,4.31,103.83,0.0702,20.1,14.29,20.99,75.0,1500.0,15.2,sensor_drift,0.59
fault_sensor_drift_1,2372,1789846309.227409,4739.7,131.33,741.89,4.33,103.83,0.0689,20.07,14.28,21.01,75.0,1500.0,15.2,sensor_drift,0.59
fault_sensor_drift_1,2373,1789846310.227409,4741.8,131.03,745.62,4.35,103.79,0.0686,19.97,14.3,21.36,75.0,1500.0,15.2,sensor_drift,0.59
fault_sensor_drift_1,2374,1789846311.227409,4721.0,131.19,741.05,4.28,103.72,0.0763,20.0,14.26,21.32,75.0,1500.0,15.2,sensor_drift,0.59
fault_sensor_drift_1,2375,1789846312.227409,4716.9,131.08,740.63,4.39,103.63,0.0827,19.97,14.24,21.37,75.0,1500.0,15.2,sensor_drift,0.59
fault_sensor_drift_1,2376,1789846313.227409,4732.6,131.0,739.88,4.39,103.78,0.085,19.99,14.25,21.07,75.0,1500.0,15.2,sensor_drift,0.59
fault_sensor_drift_1,2377,1789846314.227409,4719.1,131.15,738.59,4.4,103.64,0.0856,20.13,14.22,20.95,75.0,1500.0,15.2,sensor_drift,0.59
fault_sensor_drift_1,2378,1789846315.227409,4734.7,131.32,741.52,4.46,103.52,0.0757,20.25,14.3,21.37,75.0,1500.0,15.2,sensor_drift,0.59
fault_sensor_drift_1,2379,1789846316.227409,4725.4,131.71,742.75,4.43,103.66,0.0712,20.26,14.24,21.43,75.0,1500.0,15.2,sensor_drift,0.59
fault_sensor_drift_1,2380,1789846317.227409,4705.6,131.63,742.45,4.5,103.69,0.0751,20.23,14.22,21.09,75.0,1500.0,15.2,sensor_drift,0.59
fault_sensor_drift_1,2381,1789846318.227409,4691.3,131.59,745.42,4.35,103.62,0.0708,20.38,14.25,20.9,75.0,1500.0,15.2,sensor_drift,0.59
fault_sensor_drift_1,2382,1789846319.227409,4694.5,131.93,748.04,4.36,103.78,0.0665,20.39,14.19,20.82,75.0,1500.0,15.2,sensor_drift,0.59
fault_sensor_drift_1,2383,1789846320.227409,4693.0,131.58,746.19,4.37,103.72,0.0702,20.53,14.19,21.3,75.0,1500.0,15.2,sensor_drift,0.59
fault_sensor_drift_1,2384,1789846321.227409,4721.4,131.41,747.32,4.33,103.6,0.0737,20.55,14.33,21.18,75.0,1500.0,15.2,sensor_drift,0.59
fault_sensor_drift_1,2385,1789846322.227409,4706.7,131.56,743.74,4.31,103.73,0.0663,20.42,14.24,20.76,75.0,1500.0,15.2,sensor_drift,0.59
fault_sensor_drift_1,2386,1789846323.227409,4713.9,131.62,740.83,4.36,103.67,0.0707,20.33,14.28,21.3,75.0,1500.0,15.2,sensor_drift,0.59
fault_sensor_drift_1,2387,1789846324.227409,4676.5,131.38,742.75,4.35,103.63,0.0801,20.34,14.23,21.27,75.0,1500.0,15.2,sensor_drift,0.59
fault_sensor_drift_1,2388,1789846325.227409,4671.1,131.64,738.39,4.4,103.66,0.0813,20.49,14.2,21.09,75.0,1500.0,15.2,sensor_drift,0.59
fault_sensor_drift_1,2389,1789846326.227409,4681.1,131.42,737.06,4.45,103.73,0.0778,20.45,14.23,21.11,75.0,1500.0,15.2,sensor_drift,0.59
fault_sensor_drift_1,2390,1789846327.227409,4675.2,131.45,737.4,4.47,103.8,0.0741,20.42,14.3,21.0,75.0,1500.0,15.2,sensor_drift,0.59
fault_sensor_drift_1,2391,1789846328.227409,4698.9,131.3,739.19,4.38,103.76,0.0772,20.59,14.26,20.98,75.0,1500.0,15.2,sensor_drift,0.59
fault_sensor_drift_1,2392,1789846329.227409,4687.5,131.74,740.19,4.34,103.72,0.0757,20.61,14.18,21.01,75.0,1500.0,15.2,sensor_drift,0.59
fault_sensor_drift_1,2393,1789846330.227409,4695.8,131.92,739.62,4.33,103.72,0.0695,20.62,14.11,21.17,75.0,1500.0,15.2,sensor_drift,0.59
fault_sensor_drift_1,2394,1789846331.227409,4708.1,131.85,739.58,4.34,103.63,0.0707,20.5,14.12,21.23,75.0,1500.0,15.2,sensor_drift,0.59
fault_sensor_drift_1,2395,1789846332.227409,4724.4,132.05,739.27,4.44,103.71,0.0717,20.54,14.13,20.99,75.0,1500.0,15.2,sensor_drift,0.59
fault_sensor_drift_1,2396,1789846333.227409,4725.4,132.18,744.76,4.44,103.89,0.0674,20.63,14.15,21.09,75.0,1500.0,15.2,sensor_drift,0.59
fault_sensor_drift_1,2397,1789846334.227409,4722.2,132.27,745.87,4.48,103.88,0.0624,20.5,14.16,21.19,75.0,1500.0,15.2,sensor_drift,0.59
fault_sensor_drift_1,2398,1789846335.227409,4732.5,132.13,747.21,4.44,103.89,0.0667,20.33,14.2,21.42,75.0,1500.0,15.2,sensor_drift,0.59
fault_sensor_drift_1,2399,1789846336.227409,4691.6,132.15,748.33,4.39,103.82,0.0739,20.17,14.17,21.44,75.0,1500.0,15.2,sensor_drift,0.59
fault_sensor_drift_1,2400,1789846337.227409,3708.0,131.49,725.96,3.58,103.86,0.0496,14.84,14.25,18.2,30.0,1495.8,15.3,sensor_drift,0.59
fault_sensor_drift_1,2401,1789846338.227409,3215.9,130.84,701.08,3.17,103.69,0.0479,12.32,14.19,16.36,30.0,1491.7,15.3,sensor_drift,0.59
fault_sensor_drift_1,2402,1789846339.227409,2924.3,130.46,671.91,2.94,103.74,0.0437,11.23,14.12,15.62,30.0,1487.5,15.3,sensor_drift,0.59
fault_sensor_drift_1,2403,1789846340.227409,2804.1,129.91,650.68,2.86,103.49,0.0389,10.53,14.0,15.08,30.0,1483.4,15.4,sensor_drift,0.59
fault_sensor_drift_1,2404,1789846341.227409,2738.0,129.19,627.04,2.81,103.46,0.0376,10.28,13.95,14.82,30.0,1479.2,15.4,sensor_drift,0.59
fault_sensor_drift_1,2405,1789846342.227409,2724.6,128.99,618.88,2.75,103.44,0.0333,10.24,13.94,14.91,30.0,1475.0,15.4,sensor_drift,0.59
fault_sensor_drift_1,2406,1789846343.227409,2714.9,128.46,610.53,2.74,103.46,0.0384,10.25,13.95,15.03,30.0,1470.9,15.4,sensor_drift,0.59
fault_sensor_drift_1,2407,1789846344.227409,2723.8,127.79,606.64,2.83,103.48,0.0341,10.2,13.99,14.44,30.0,1466.7,15.5,sensor_drift,0.59
fault_sensor_drift_1,2408,1789846345.227409,2731.0,127.07,600.08,2.8,103.42,0.0298,10.15,13.99,14.27,30.0,1462.6,15.5,sensor_drift,0.59
fault_sensor_drift_1,2409,1789846346.227409,2744.9,126.68,589.24,2.75,103.44,0.0295,10.08,14.01,14.43,30.0,1458.4,15.5,sensor_drift,0.59
fault_sensor_drift_1,2410,1789846347.227409,2707.3,126.1,588.04,2.68,103.24,0.0319,10.04,13.9,14.48,30.0,1454.2,15.5,sensor_drift,0.59
fault_sensor_drift_1,2411,1789846348.227409,2703.0,125.85,584.79,2.59,103.1,0.0349,9.9,13.94,14.25,30.0,1450.1,15.6,sensor_drift,0.59
fault_sensor_drift_1,2412,1789846349.227409,2718.5,125.26,584.82,2.62,103.05,0.035,9.93,13.96,14.06,30.0,1445.9,15.6,sensor_drift,0.59
fault_sensor_drift_1,2413,1789846350.227409,2702.4,125.15,582.17,2.73,103.07,0.0298,9.91,13.97,14.35,30.0,1441.8,15.6,sensor_drift,0.59
fault_sensor_drift_1,2414,1789846351.227409,2698.7,124.63,583.64,2.71,102.91,0.0319,9.95,13.96,14.23,30.0,1437.6,15.7,sensor_drift,0.59
fault_sensor_drift_1,2415,1789846352.227409,2683.1,124.29,583.79,2.76,102.76,0.0308,9.88,14.04,14.27,30.0,1433.4,15.7,sensor_drift,0.59
fault_sensor_drift_1,2416,1789846353.227409,2681.7,123.86,580.29,2.76,102.76,0.0255,9.89,14.02,14.2,30.0,1429.3,15.7,sensor_drift,0.59
fault_sensor_drift_1,2417,1789846354.227409,2672.9,123.73,582.06,2.74,102.61,0.0195,10.05,13.94,14.46,30.0,1425.1,15.7,sensor_drift,0.59
fault_sensor_drift_1,2418,1789846355.227409,2666.3,123.4,584.2,2.67,102.6,0.0178,9.92,14.02,14.23,30.0,1421.0,15.8,sensor_drift,0.59
fault_sensor_drift_1,2419,1789846356.227409,2686.5,122.99,584.35,2.74,102.63,0.0404,9.92,14.16,14.41,30.0,1416.8,15.8,sensor_drift,0.59
fault_sensor_drift_1,2420,1789846357.227409,2693.5,122.8,588.13,2.7,102.6,0.0406,10.08,14.17,14.23,30.0,1412.6,15.8,sensor_drift,0.59
fault_sensor_drift_1,2421,1789846358.227409,2714.0,122.14,588.17,2.66,102.63,0.0426,10.24,14.04,14.16,30.0,1408.5,15.8,sensor_drift,0.59
fault_sensor_drift_1,2422,1789846359.227409,2702.4,121.89,590.05,2.65,102.6,0.0344,10.25,14.08,14.68,30.0,1404.3,15.9,sensor_drift,0.59
fault_sensor_drift_1,2423,1789846360.227409,2712.1,121.93,593.53,2.74,102.59,0.031,10.24,14.07,14.66,30.0,1400.2,15.9,sensor_drift,0.59
fault_sensor_drift_1,2424,1789846361.227409,2718.2,121.12,590.44,2.71,102.45,0.0317,10.26,14.1,14.31,30.0,1396.0,15.9,sensor_drift,0.59
fault_sensor_drift_1,2425,1789846362.227409,2718.9,121.28,593.02,2.76,102.45,0.0253,10.25,14.08,14.15,30.0,1391.8,16.0,sensor_drift,0.59
fault_sensor_drift_1,2426,1789846363.227409,2683.8,120.91,588.56,2.81,102.34,0.0315,10.08,14.08,14.65,30.0,1387.7,16.0,sensor_drift,0.59
fault_sensor_drift_1,2427,1789846364.227409,2685.9,120.82,590.18,2.83,102.17,0.0455,10.0,14.14,14.46,30.0,1383.5,16.0,sensor_drift,0.59
fault_sensor_drift_1,2428,1789846365.227409,2702.6,120.81,589.76,2.77,102.21,0.0473,10.0,14.11,14.12,30.0,1379.4,16.0,sensor_drift,0.59
fault_sensor_drift_1,2429,1789846366.227409,2692.8,120.58,585.39,2.77,102.17,0.0476,9.96,14.15,13.95,30.0,1375.2,16.1,sensor_drift,0.59
fault_sensor_drift_1,2430,1789846367.227409,2706.7,120.6,581.57,2.77,102.07,0.0403,9.97,14.22,14.17,30.0,1371.0,16.1,sensor_drift,0.59
fault_sensor_drift_1,2431,1789846368.227409,2720.9,120.4,579.09,2.71,101.93,0.0473,9.94,14.21,14.24,30.0,1366.9,16.1,sensor_drift,0.59
fault_sensor_drift_1,2432,1789846369.227409,2714.0,120.15,579.49,2.81,101.99,0.0425,9.88,14.3,14.44,30.0,1362.7,16.1,sensor_drift,0.59
fault_sensor_drift_1,2433,1789846370.227409,2703.3,119.89,581.23,2.77,101.95,0.0346,10.06,14.25,14.51,30.0,1358.6,16.2,sensor_drift,0.59
fault_sensor_drift_1,2434,1789846371.227409,2703.0,119.5,587.67,2.86,102.01,0.0339,9.97,14.19,14.66,30.0,1354.4,16.2,sensor_drift,0.59
fault_sensor_drift_1,2435,1789846372.227409,2711.6,119.52,592.56,2.89,102.0,0.0274,10.17,14.24,14.34,30.0,1350.2,16.2,sensor_drift,0.59
fault_sensor_drift_1,2436,1789846373.227409,2743.7,119.45,594.97,2.83,101.96,0.0271,10.19,14.18,14.48,30.0,1346.1,16.3,sensor_drift,0.59
fault_sensor_drift_1,2437,1789846374.227409,2717.7,118.87,596.23,2.93,101.89,0.0307,10.18,14.13,14.29,30.0,1341.9,16.3,sensor_drift,0.59
fault_sensor_drift_1,2438,1789846375.227409,2712.4,118.89,592.13,2.9,101.63,0.0297,10.2,14.18,14.61,30.0,1337.8,16.3,sensor_drift,0.59
fault_sensor_drift_1,2439,1789846376.227409,2711.3,119.1,594.43,2.79,101.46,0.0234,10.13,14.2,14.86,30.0,1333.6,16.3,sensor_drift,0.59
fault_sensor_drift_1,2440,1789846377.227409,2710.1,119.09,595.81,2.9,101.45,0.035,10.0,14.31,14.5,30.0,1329.4,16.4,sensor_drift,0.59
fault_sensor_drift_1,2441,1789846378.227409,2740.2,118.74,596.37,2.87,101.31,0.0327,10.06,14.4,14.32,30.0,1325.3,16.4,sensor_drift,0.59
fault_sensor_drift_1,2442,1789846379.227409,2761.5,118.43,589.29,2.88,101.31,0.038,10.04,14.38,14.67,30.0,1321.1,16.4,sensor_drift,0.59
fault_sensor_drift_1,2443,1789846380.227409,2750.4,118.14,590.65,2.89,101.27,0.0452,10.08,14.36,14.48,30.0,1317.0,16.4,sensor_drift,0.59
fault_sensor_drift_1,2444,1789846381.227409,2729.6,118.12,587.81,2.83,101.16,0.0417,10.13,14.3,14.32,30.0,1312.8,16.5,sensor_drift,0.59
fault_sensor_drift_1,2445,1789846382.227409,2716.5,118.02,590.17,2.8,101.09,0.0472,9.99,14.2,14.52,30.0,1308.6,16.5,sensor_drift,0.59
fault_sensor_drift_1,2446,1789846383.227409,2702.0,117.96,586.36,2.86,101.12,0.0423,10.13,14.14,14.35,30.0,1304.5,16.5,sensor_drift,0.59
fault_sensor_drift_1,2447,1789846384.227409,2702.2,117.97,584.47,2.89,101.18,0.0359,10.16,14.1,14.52,30.0,1300.3,16.5,sensor_drift,0.59
fault_sensor_drift_1,2448,1789846385.227409,2691.4,117.99,588.89,2.86,101.19,0.0414,10.15,14.08,14.63,30.0,1296.2,16.6,sensor_drift,0.59
fault_sensor_drift_1,2449,1789846386.227409,2697.6,117.8,589.75,2.77,101.08,0.0389,10.01,14.01,14.23,30.0,1292.0,16.6,sensor_drift,0.59
fault_sensor_drift_1,2450,1789846387.227409,2703.8,117.93,583.25,2.82,101.03,0.0363,10.03,14.06,14.64,30.0,1287.8,16.6,sensor_drift,0.59
fault_sensor_drift_1,2451,1789846388.227409,2726.3,118.31,580.8,2.83,101.16,0.0407,10.15,14.17,14.45,30.0,1283.7,16.7,sensor_drift,0.59
fault_sensor_drift_1,2452,1789846389.227409,2722.3,118.39,582.57,2.81,101.13,0.0382,10.12,14.14,14.47,30.0,1279.5,16.7,sensor_drift,0.59
fault_sensor_drift_1,2453,1789846390.227409,2725.3,118.65,584.61,2.78,101.11,0.0315,10.3,14.08,13.92,30.0,1275.4,16.7,sensor_drift,0.59
fault_sensor_drift_1,2454,1789846391.227409,2713.3,118.66,585.69,2.77,101.2,0.0321,10.18,14.12,14.06,30.0,1271.2,16.7,sensor_drift,0.59
fault_sensor_drift_1,2455,1789846392.227409,2724.2,118.83,583.27,2.75,101.12,0.0406,9.98,14.04,14.03,30.0,1267.0,16.8,sensor_drift,0.59
fault_sensor_drift_1,2456,1789846393.227409,2739.1,118.65,585.61,2.74,101.02,0.0375,9.91,14.07,14.15,30.0,1262.9,16.8,sensor_drift,0.59
fault_sensor_drift_1,2457,1789846394.227409,2754.9,118.42,584.48,2.65,100.84,0.0411,9.93,14.06,14.21,30.0,1258.7,16.8,sensor_drift,0.59
fault_sensor_drift_1,2458,1789846395.227409,2723.5,118.38,581.96,2.7,100.9,0.0409,9.9,14.14,14.12,30.0,1254.6,16.8,sensor_drift,0.59
fault_sensor_drift_1,2459,1789846396.227409,2723.1,118.38,585.9,2.89,100.91,0.0374,9.8,14.19,14.14,30.0,1250.4,16.9,sensor_drift,0.59
fault_sensor_drift_1,2460,1789846397.227409,2702.2,118.12,585.33,2.85,100.92,0.0385,9.74,14.18,14.52,30.0,1246.2,16.9,sensor_drift,0.59
fault_sensor_drift_1,2461,1789846398.227409,2706.3,118.25,583.48,2.8,100.86,0.0391,9.78,14.12,14.44,30.0,1242.1,16.9,sensor_drift,0.59
fault_sensor_drift_1,2462,1789846399.227409,2740.2,118.97,581.56,2.73,100.68,0.0364,9.8,14.07,14.47,30.0,1237.9,17.0,sensor_drift,0.59
fault_sensor_drift_1,2463,1789846400.227409,2740.8,118.86,578.13,2.7,100.56,0.0398,10.0,14.11,14.32,30.0,1233.8,17.0,sensor_drift,0.59
fault_sensor_drift_1,2464,1789846401.227409,2755.8,118.72,580.0,2.73,100.62,0.0299,9.93,14.18,14.41,30.0,1229.6,17.0,sensor_drift,0.59
fault_sensor_drift_1,2465,1789846402.227409,2737.0,118.98,577.99,2.73,100.46,0.0253,10.07,14.19,14.49,30.0,1225.4,17.0,sensor_drift,0.59
fault_sensor_drift_1,2466,1789846403.227409,2736.3,119.08,581.69,2.84,100.46,0.0297,10.15,14.21,14.29,30.0,1221.3,17.1,sensor_drift,0.59
fault_sensor_drift_1,2467,1789846404.227409,2745.2,118.6,579.72,2.9,100.31,0.0369,10.16,14.2,14.12,30.0,1217.1,17.1,sensor_drift,0.59
fault_sensor_drift_1,2468,1789846405.227409,2734.6,118.48,581.34,2.9,100.33,0.0417,10.18,14.19,14.21,30.0,1213.0,17.1,sensor_drift,0.59
fault_sensor_drift_1,2469,1789846406.227409,2718.3,118.54,581.95,2.93,100.13,0.0408,10.05,14.18,14.53,30.0,1208.8,17.1,sensor_drift,0.59
fault_sensor_drift_1,2470,1789846407.227409,2705.5,118.56,583.87,2.86,100.12,0.04,10.11,14.19,14.57,30.0,1204.6,17.2,sensor_drift,0.59
fault_sensor_drift_1,2471,1789846408.227409,2693.3,118.39,584.27,2.84,100.08,0.0373,10.16,14.21,14.51,30.0,1200.5,17.2,sensor_drift,0.59
fault_sensor_drift_1,2472,1789846409.227409,2684.0,118.55,587.8,2.83,100.2,0.0312,10.06,14.15,14.68,30.0,1196.3,17.2,sensor_drift,0.59
fault_sensor_drift_1,2473,1789846410.227409,2694.1,118.82,591.55,2.8,100.19,0.0419,10.11,14.15,14.59,30.0,1192.2,17.3,sensor_drift,0.59
fault_sensor_drift_1,2474,1789846411.227409,2707.4,119.13,590.65,2.79,99.98,0.0458,9.96,14.14,14.82,30.0,1188.0,17.3,sensor_drift,0.59
fault_sensor_drift_1,2475,1789846412.227409,2699.9,118.9,590.83,2.76,99.89,0.042,10.05,14.18,14.1,30.0,1183.8,17.3,sensor_drift,0.59
fault_sensor_drift_1,2476,1789846413.227409,2718.3,118.95,587.65,2.8,99.73,0.0414,10.14,14.18,14.14,30.0,1179.7,17.3,sensor_drift,0.59
fault_sensor_drift_1,2477,1789846414.227409,2696.4,118.99,594.24,2.87,99.82,0.034,10.23,14.13,14.4,30.0,1175.5,17.4,sensor_drift,0.59
fault_sensor_drift_1,2478,1789846415.227409,2710.1,118.83,595.59,2.9,99.85,0.0384,10.2,14.1,14.42,30.0,1171.4,17.4,sensor_drift,0.59
fault_sensor_drift_1,2479,1789846416.227409,2684.7,118.69,587.74,2.88,99.77,0.0395,10.21,14.15,14.45,30.0,1167.2,17.4,sensor_drift,0.59
fault_sensor_drift_1,2480,1789846417.227409,2693.3,118.93,586.53,2.74,99.56,0.0314,10.22,14.2,14.02,30.0,1163.0,17.4,sensor_drift,0.59
fault_sensor_drift_1,2481,1789846418.227409,2683.4,118.86,593.92,2.82,99.54,0.0324,10.03,14.19,13.84,30.0,1158.9,17.5,sensor_drift,0.59
fault_sensor_drift_1,2482,1789846419.227409,2687.9,119.24,592.95,2.85,99.48,0.035,9.96,14.17,14.13,30.0,1154.7,17.5,sensor_drift,0.59
fault_sensor_drift_1,2483,1789846420.227409,2681.4,119.25,592.61,2.87,99.5,0.0369,9.82,14.19,14.39,30.0,1150.6,17.5,sensor_drift,0.59
fault_sensor_drift_1,2484,1789846421.227409,2689.3,119.31,592.84,2.84,99.55,0.0339,9.91,14.21,14.65,30.0,1146.4,17.5,sensor_drift,0.59
fault_sensor_drift_1,2485,1789846422.227409,2672.2,119.14,590.63,2.91,99.69,0.0379,9.83,14.11,14.57,30.0,1142.2,17.6,sensor_drift,0.59
fault_sensor_drift_1,2486,1789846423.227409,2688.7,118.91,592.46,2.93,99.64,0.0415,9.86,14.08,14.61,30.0,1138.1,17.6,sensor_drift,0.59
fault_sensor_drift_1,2487,1789846424.227409,2696.9,119.14,588.29,2.99,99.51,0.0353,10.08,14.11,14.43,30.0,1133.9,17.6,sensor_drift,0.59
fault_sensor_drift_1,2488,1789846425.227409,2684.2,119.28,584.71,2.88,99.51,0.025,10.07,14.17,14.57,30.0,1129.8,17.7,sensor_drift,0.59
fault_sensor_drift_1,2489,1789846426.227409,2680.5,119.06,581.08,2.94,99.73,0.0293,10.18,14.18,14.68,30.0,1125.6,17.7,sensor_drift,0.59
fault_sensor_drift_1,2490,1789846427.227409,2687.3,118.99,581.73,3.0,99.68,0.0278,10.24,14.18,14.72,30.0,1121.4,17.7,sensor_drift,0.59
fault_sensor_drift_1,2491,1789846428.227409,2697.0,118.69,585.89,2.92,99.63,0.031,10.06,14.15,14.78,30.0,1117.3,17.7,sensor_drift,0.59
fault_sensor_drift_1,2492,1789846429.227409,2682.3,118.73,585.56,2.89,99.57,0.0369,9.91,14.18,14.31,30.0,1113.1,17.8,sensor_drift,0.59
fault_sensor_drift_1,2493,1789846430.227409,2690.9,118.71,582.26,2.78,99.48,0.0367,9.79,14.17,14.29,30.0,1109.0,17.8,sensor_drift,0.59
fault_sensor_drift_1,2494,1789846431.227409,2723.7,118.78,580.71,2.71,99.55,0.0364,9.92,14.13,14.48,30.0,1104.8,17.8,sensor_drift,0.59
fault_sensor_drift_1,2495,1789846432.227409,2694.1,118.76,586.48,2.75,99.4,0.0405,9.77,14.03,14.46,30.0,1100.6,17.8,sensor_drift,0.59
fault_sensor_drift_1,2496,1789846433.227409,2699.9,118.79,588.0,2.72,99.29,0.0492,9.84,14.05,14.41,30.0,1096.5,17.9,sensor_drift,0.59
fault_sensor_drift_1,2497,1789846434.227409,2726.1,118.76,588.16,2.75,99.21,0.0538,9.96,14.05,14.26,30.0,1092.3,17.9,sensor_drift,0.59
fault_sensor_drift_1,2498,1789846435.227409,2740.2,118.5,591.31,2.8,99.44,0.0323,9.88,14.15,14.29,30.0,1088.2,17.9,sensor_drift,0.59
fault_sensor_drift_1,2499,1789846436.227409,2748.8,118.65,590.74,2.81,99.27,0.0307,9.9,14.02,14.47,30.0,1084.0,18.0,sensor_drift,0.59
fault_sensor_drift_1,2500,1789846437.227409,2724.2,118.68,593.05,2.92,99.16,0.0297,9.89,14.01,14.01,30.0,1079.8,18.0,sensor_drift,0.59
fault_sensor_drift_1,2501,1789846438.227409,2712.8,118.45,598.77,2.85,99.24,0.0307,9.98,14.05,14.08,30.0,1075.7,18.0,sensor_drift,0.59
fault_sensor_drift_1,2502,1789846439.227409,2706.6,118.18,596.35,2.86,99.39,0.0258,9.93,13.99,14.12,30.0,1071.5,18.0,sensor_drift,0.59
fault_sensor_drift_1,2503,1789846440.227409,2720.6,118.59,599.22,2.88,99.36,0.0323,9.93,14.07,14.42,30.0,1067.4,18.1,sensor_drift,0.59
fault_sensor_drift_1,2504,1789846441.227409,2742.9,118.75,592.05,2.84,99.28,0.0422,9.9,14.12,14.16,30.0,1063.2,18.1,sensor_drift,0.59
fault_sensor_drift_1,2505,1789846442.227409,2742.0,118.9,595.04,2.79,99.35,0.045,9.86,14.16,14.07,30.0,1059.0,18.1,sensor_drift,0.59
fault_sensor_drift_1,2506,1789846443.227409,2738.2,119.6,594.38,2.82,99.32,0.0406,9.82,14.16,14.25,30.0,1054.9,18.1,sensor_drift,0.59
fault_sensor_drift_1,2507,1789846444.227409,2721.7,119.54,596.1,2.78,99.34,0.0371,9.99,14.19,14.33,30.0,1050.7,18.2,sensor_drift,0.59
fault_sensor_drift_1,2508,1789846445.227409,2731.7,118.93,593.25,2.79,99.27,0.0362,9.88,14.12,14.44,30.0,1046.6,18.2,sensor_drift,0.59
fault_sensor_drift_1,2509,1789846446.227409,2724.2,118.88,590.51,2.76,99.36,0.0359,9.78,14.06,14.35,30.0,1042.4,18.2,sensor_drift,0.59
fault_sensor_drift_1,2510,1789846447.227409,2726.2,119.37,590.14,2.7,99.32,0.0375,9.91,14.05,14.51,30.0,1038.2,18.3,sensor_drift,0.59
fault_sensor_drift_1,2511,1789846448.227409,2740.6,119.22,591.29,2.76,99.37,0.0347,9.96,14.03,14.62,30.0,1034.1,18.3,sensor_drift,0.59
fault_sensor_drift_1,2512,1789846449.227409,2725.2,119.69,591.15,2.77,99.47,0.0388,9.93,14.05,14.61,30.0,1029.9,18.3,sensor_drift,0.59
fault_sensor_drift_1,2513,1789846450.227409,2731.7,119.81,591.67,2.82,99.37,0.0326,10.03,14.14,14.58,30.0,1025.8,18.3,sensor_drift,0.59
fault_sensor_drift_1,2514,1789846451.227409,2722.5,119.97,593.4,2.85,99.42,0.0396,10.05,14.19,14.79,30.0,1021.6,18.4,sensor_drift,0.59
fault_sensor_drift_1,2515,1789846452.227409,2744.3,120.3,594.3,2.82,99.3,0.0421,9.98,14.28,14.3,30.0,1017.4,18.4,sensor_drift,0.59
fault_sensor_drift_1,2516,1789846453.227409,2721.7,120.01,588.6,2.84,99.45,0.0396,9.79,14.24,14.35,30.0,1013.3,18.4,sensor_drift,0.59
fault_sensor_drift_1,2517,1789846454.227409,2734.5,120.21,590.21,2.78,99.44,0.0432,9.86,14.21,14.49,30.0,1009.1,18.4,sensor_drift,0.59
fault_sensor_drift_1,2518,1789846455.227409,2719.2,120.09,592.43,2.8,99.39,0.055,9.92,14.28,14.52,30.0,1005.0,18.5,sensor_drift,0.59
fault_sensor_drift_1,2519,1789846456.227409,2750.3,120.07,591.02,2.72,99.49,0.0478,9.91,14.3,14.93,30.0,1000.8,18.5,sensor_drift,0.59
fault_sensor_drift_1,2520,1789846457.227409,2733.7,119.96,596.82,2.86,99.47,0.0477,10.16,14.3,14.56,30.0,996.6,18.5,sensor_drift,0.59
fault_sensor_drift_1,2521,1789846458.227409,2712.3,120.06,588.9,2.87,99.19,0.0514,10.24,14.24,14.24,30.0,992.5,18.5,sensor_drift,0.59
fault_sensor_drift_1,2522,1789846459.227409,2709.5,119.81,593.78,2.85,99.01,0.0458,10.32,14.3,14.29,30.0,988.3,18.6,sensor_drift,0.59
fault_sensor_drift_1,2523,1789846460.227409,2710.6,120.07,594.92,2.86,99.07,0.0342,10.23,14.16,13.95,30.0,984.2,18.6,sensor_drift,0.59
fault_sensor_drift_1,2524,1789846461.227409,2719.6,120.06,596.94,2.85,99.08,0.0336,10.2,14.19,13.84,30.0,980.0,18.6,sensor_drift,0.59
fault_sensor_drift_1,2525,1789846462.227409,2692.7,119.46,595.81,2.93,99.1,0.0419,10.05,14.15,14.41,30.0,975.8,18.7,sensor_drift,0.59
fault_sensor_drift_1,2526,1789846463.227409,2703.8,119.28,597.05,2.93,98.96,0.039,9.94,14.07,14.31,30.0,971.7,18.7,sensor_drift,0.59
fault_sensor_drift_1,2527,1789846464.227409,2678.2,119.54,592.64,2.87,99.03,0.0442,9.74,14.14,14.35,30.0,967.5,18.7,sensor_drift,0.59
fault_sensor_drift_1,2528,1789846465.227409,2707.2,119.42,589.95,2.87,98.95,0.0451,9.73,14.14,14.66,30.0,963.4,18.7,sensor_drift,0.59
fault_sensor_drift_1,2529,1789846466.227409,2707.4,119.41,591.15,2.9,98.92,0.0425,9.74,14.18,14.44,30.0,959.2,18.8,sensor_drift,0.59
fault_sensor_drift_1,2530,1789846467.227409,2716.1,119.75,594.08,2.84,99.0,0.038,9.78,14.16,14.25,30.0,955.0,18.8,sensor_drift,0.59
fault_sensor_drift_1,2531,1789846468.227409,2731.9,119.38,590.28,2.84,98.98,0.0374,9.73,14.14,13.97,30.0,950.9,18.8,sensor_drift,0.59
fault_sensor_drift_1,2532,1789846469.227409,2737.3,119.7,592.15,2.85,99.01,0.0349,9.63,14.1,14.45,30.0,946.7,18.8,sensor_drift,0.59
fault_sensor_drift_1,2533,1789846470.227409,2722.9,120.0,592.09,2.76,99.05,0.0317,9.63,14.03,14.65,30.0,942.6,18.9,sensor_drift,0.59
fault_sensor_drift_1,2534,1789846471.227409,2735.8,119.84,594.51,2.74,98.97,0.0296,9.71,14.03,14.47,30.0,938.4,18.9,sensor_drift,0.59
fault_sensor_drift_1,2535,1789846472.227409,2724.0,119.85,600.83,2.82,98.97,0.0273,9.69,14.08,14.42,30.0,934.2,18.9,sensor_drift,0.59
fault_sensor_drift_1,2536,1789846473.227409,2727.6,119.81,605.28,2.82,98.8,0.0307,9.5,14.12,14.31,30.0,930.1,19.0,sensor_drift,0.59
fault_sensor_drift_1,2537,1789846474.227409,2722.6,120.05,601.98,2.86,98.82,0.0317,9.55,14.07,14.16,30.0,925.9,19.0,sensor_drift,0.59
fault_sensor_drift_1,2538,1789846475.227409,2723.0,120.01,596.98,2.87,98.75,0.0413,9.8,14.05,14.18,30.0,921.8,19.0,sensor_drift,0.59
fault_sensor_drift_1,2539,1789846476.227409,2699.0,119.81,596.31,2.81,98.66,0.0361,10.04,14.02,14.21,30.0,917.6,19.0,sensor_drift,0.59
fault_sensor_drift_1,2540,1789846477.227409,2724.8,119.67,596.7,2.77,98.7,0.0324,9.92,13.98,14.14,30.0,913.4,19.1,sensor_drift,0.59
fault_sensor_drift_1,2541,1789846478.227409,2727.7,119.86,596.96,2.86,98.79,0.0318,9.94,14.04,14.45,30.0,909.3,19.1,sensor_drift,0.59
fault_sensor_drift_1,2542,1789846479.227409,2752.9,120.0,597.37,2.81,98.67,0.0375,9.98,14.06,14.38,30.0,905.1,19.1,sensor_drift,0.59
fault_sensor_drift_1,2543,1789846480.227409,2764.9,120.13,602.87,2.84,98.7,0.0338,9.86,14.07,14.53,30.0,901.0,19.1,sensor_drift,0.59
fault_sensor_drift_1,2544,1789846481.227409,2764.1,120.0,601.64,2.91,98.76,0.04,9.74,14.14,14.73,30.0,896.8,19.2,sensor_drift,0.59
fault_sensor_drift_1,2545,1789846482.227409,2755.2,120.47,601.19,2.86,98.61,0.0444,9.69,14.1,14.84,30.0,892.6,19.2,sensor_drift,0.59
fault_sensor_drift_1,2546,1789846483.227409,2763.0,120.4,595.88,2.91,98.56,0.041,9.83,14.14,14.96,30.0,888.5,19.2,sensor_drift,0.59
fault_sensor_drift_1,2547,1789846484.227409,2753.3,120.18,597.14,2.89,98.62,0.0391,9.9,14.21,14.8,30.0,884.3,19.3,sensor_drift,0.59
fault_sensor_drift_1,2548,1789846485.227409,2772.4,120.24,596.95,2.97,98.52,0.035,10.11,14.13,14.58,30.0,880.2,19.3,sensor_drift,0.59
fault_sensor_drift_1,2549,1789846486.227409,2791.4,120.46,598.91,2.99,98.59,0.0358,10.05,14.08,14.23,30.0,876.0,19.3,sensor_drift,0.59
fault_sensor_drift_1,2550,1789846487.227409,2769.6,120.63,595.99,3.02,98.58,0.0362,10.07,14.1,14.28,30.0,871.8,19.3,sensor_drift,0.59
fault_sensor_drift_1,2551,1789846488.227409,2737.3,120.34,594.61,3.05,98.56,0.0368,10.06,14.02,14.21,30.0,867.7,19.4,sensor_drift,0.59
fault_sensor_drift_1,2552,1789846489.227409,2766.3,119.78,600.49,3.01,98.55,0.0342,10.09,14.06,14.14,30.0,863.5,19.4,sensor_drift,0.59
fault_sensor_drift_1,2553,1789846490.227409,2756.5,119.74,598.58,2.91,98.49,0.0365,10.04,14.04,14.56,30.0,859.4,19.4,sensor_drift,0.59
fault_sensor_drift_1,2554,1789846491.227409,2774.0,119.43,597.47,2.88,98.5,0.0401,9.94,14.03,14.32,30.0,855.2,19.4,sensor_drift,0.59
fault_sensor_drift_1,2555,1789846492.227409,2776.4,119.92,595.26,2.94,98.4,0.0416,10.03,13.99,14.54,30.0,851.0,19.5,sensor_drift,0.59
fault_sensor_drift_1,2556,1789846493.227409,2760.0,120.41,595.88,2.86,98.33,0.0347,10.2,13.93,14.31,30.0,846.9,19.5,sensor_drift,0.59
fault_sensor_drift_1,2557,1789846494.227409,2718.1,120.32,595.07,2.91,98.32,0.0432,10.22,13.93,14.6,30.0,842.7,19.5,sensor_drift,0.59
fault_sensor_drift_1,2558,1789846495.227409,2727.2,120.51,595.29,2.84,98.37,0.0383,10.38,13.88,14.45,30.0,838.6,19.5,sensor_drift,0.59
fault_sensor_drift_1,2559,1789846496.227409,2730.2,120.46,593.26,2.78,98.16,0.0286,10.42,13.9,14.5,30.0,834.4,19.6,sensor_drift,0.59
fault_sensor_drift_1,2560,1789846497.227409,2754.8,120.41,593.65,2.81,98.16,0.029,10.33,13.83,14.63,30.0,830.2,19.6,sensor_drift,0.59
fault_sensor_drift_1,2561,1789846498.227409,2744.5,120.58,593.12,2.85,98.1,0.0165,10.18,13.81,14.24,30.0,826.1,19.6,sensor_drift,0.59
fault_sensor_drift_1,2562,1789846499.227409,2730.4,120.82,592.47,2.79,97.96,0.0264,10.22,13.84,14.4,30.0,821.9,19.7,sensor_drift,0.59
fault_sensor_drift_1,2563,1789846500.227409,2707.1,120.83,590.72,2.79,97.85,0.0301,9.95,13.89,14.55,30.0,817.8,19.7,sensor_drift,0.59
fault_sensor_drift_1,2564,1789846501.227409,2698.4,121.04,592.84,2.84,97.67,0.0475,10.02,13.96,14.49,30.0,813.6,19.7,sensor_drift,0.59
fault_sensor_drift_1,2565,1789846502.227409,2712.6,120.87,597.65,2.73,97.7,0.0379,9.84,13.99,14.22,30.0,809.4,19.7,sensor_drift,0.59
fault_sensor_drift_1,2566,1789846503.227409,2716.3,121.05,602.04,2.78,97.73,0.0391,9.99,14.02,14.32,30.0,805.3,19.8,sensor_drift,0.59
fault_sensor_drift_1,2567,1789846504.227409,2723.8,121.04,597.06,2.83,97.52,0.0368,10.04,13.95,14.29,30.0,801.1,19.8,sensor_drift,0.59
fault_sensor_drift_1,2568,1789846505.227409,2704.8,120.85,601.04,2.93,97.45,0.0401,10.09,13.93,14.52,30.0,797.0,19.8,sensor_drift,0.59
fault_sensor_drift_1,2569,1789846506.227409,2715.2,120.88,601.58,2.93,97.36,0.035,10.1,13.97,14.84,30.0,792.8,19.8,sensor_drift,0.59
fault_sensor_drift_1,2570,1789846507.227409,2719.5,120.83,602.24,2.92,97.38,0.0411,10.13,13.95,14.46,30.0,788.6,19.9,sensor_drift,0.59
fault_sensor_drift_1,2571,1789846508.227409,2715.0,120.96,604.93,2.91,97.51,0.046,10.21,13.94,14.46,30.0,784.5,19.9,sensor_drift,0.59
fault_sensor_drift_1,2572,1789846509.227409,2719.3,121.65,606.82,2.89,97.56,0.0329,10.33,14.04,14.47,30.0,780.3,19.9,sensor_drift,0.59
fault_sensor_drift_1,2573,1789846510.227409,2738.1,121.58,606.74,2.94,97.61,0.0258,10.36,14.05,14.34,30.0,776.2,20.0,sensor_drift,0.59
fault_sensor_drift_1,2574,1789846511.227409,2719.2,121.7,606.83,2.97,97.53,0.0322,10.14,14.14,14.2,30.0,772.0,20.0,sensor_drift,0.59
fault_sensor_drift_1,2575,1789846512.227409,2705.2,121.93,603.6,3.02,97.62,0.0378,10.34,14.05,14.84,30.0,767.8,20.0,sensor_drift,0.59
fault_sensor_drift_1,2576,1789846513.227409,2711.1,122.08,604.76,3.05,97.61,0.0329,10.27,14.08,14.59,30.0,763.7,20.0,sensor_drift,0.59
fault_sensor_drift_1,2577,1789846514.227409,2685.0,122.02,601.54,3.04,97.65,0.0322,10.34,14.12,14.52,30.0,759.5,20.1,sensor_drift,0.59
fault_sensor_drift_1,2578,1789846515.227409,2677.7,121.8,604.15,2.98,97.74,0.0287,10.37,14.2,14.52,30.0,755.4,20.1,sensor_drift,0.59
fault_sensor_drift_1,2579,1789846516.227409,2679.1,121.85,607.12,2.93,97.6,0.0315,10.36,14.15,14.46,30.0,751.2,20.1,sensor_drift,0.59
fault_sensor_drift_1,2580,1789846517.227409,2713.7,121.95,608.39,2.97,97.78,0.0319,10.34,14.14,14.34,30.0,747.0,20.1,sensor_drift,0.59
fault_sensor_drift_1,2581,1789846518.227409,2723.4,121.54,605.23,2.97,97.6,0.0365,10.18,14.1,14.51,30.0,742.9,20.2,sensor_drift,0.59
fault_sensor_drift_1,2582,1789846519.227409,2753.4,121.28,602.28,3.02,97.69,0.0346,10.06,14.18,14.42,30.0,738.7,20.2,sensor_drift,0.59
fault_sensor_drift_1,2583,1789846520.227409,2759.0,121.37,602.99,3.0,97.74,0.0415,10.13,14.16,14.29,30.0,734.6,20.2,sensor_drift,0.59
fault_sensor_drift_1,2584,1789846521.227409,2770.5,121.5,601.71,2.99,97.78,0.0431,10.04,14.16,14.46,30.0,730.4,20.3,sensor_drift,0.59
fault_sensor_drift_1,2585,1789846522.227409,2763.4,121.63,607.78,2.9,97.71,0.0563,10.05,14.15,14.31,30.0,726.2,20.3,sensor_drift,0.59
fault_sensor_drift_1,2586,1789846523.227409,2758.3,121.65,612.06,2.9,97.65,0.0417,10.01,14.14,13.93,30.0,722.1,20.3,sensor_drift,0.59
fault_sensor_drift_1,2587,1789846524.227409,2737.6,121.76,608.25,2.87,97.59,0.0454,10.09,14.2,14.37,30.0,717.9,20.3,sensor_drift,0.59
fault_sensor_drift_1,2588,1789846525.227409,2753.1,121.71,610.83,2.94,97.58,0.0456,10.11,14.15,14.32,30.0,713.8,20.4,sensor_drift,0.59
fault_sensor_drift_1,2589,1789846526.227409,2737.5,121.93,609.08,2.96,97.65,0.048,10.3,14.18,14.39,30.0,709.6,20.4,sensor_drift,0.59
fault_sensor_drift_1,2590,1789846527.227409,2717.2,121.74,610.25,2.91,97.76,0.0548,10.26,14.07,14.27,30.0,705.4,20.4,sensor_drift,0.59
fault_sensor_drift_1,2591,1789846528.227409,2718.6,121.74,608.05,2.94,97.87,0.0433,10.21,14.15,14.68,30.0,701.3,20.4,sensor_drift,0.59
fault_sensor_drift_1,2592,1789846529.227409,2729.4,121.79,610.14,2.86,97.96,0.0394,10.11,14.15,14.52,30.0,697.1,20.5,sensor_drift,0.59
fault_sensor_drift_1,2593,1789846530.227409,2733.2,121.52,610.84,2.88,97.99,0.037,10.21,14.12,14.42,30.0,693.0,20.5,sensor_drift,0.59
fault_sensor_drift_1,2594,1789846531.227409,2742.5,121.37,603.84,2.9,97.87,0.032,10.14,14.08,14.26,30.0,688.8,20.5,sensor_drift,0.59
fault_sensor_drift_1,2595,1789846532.227409,2728.3,121.37,602.6,2.9,97.86,0.0279,10.21,14.15,14.43,30.0,684.6,20.5,sensor_drift,0.59
fault_sensor_drift_1,2596,1789846533.227409,2728.7,121.64,600.73,2.88,97.88,0.0254,10.08,14.22,14.15,30.0,680.5,20.6,sensor_drift,0.59
fault_sensor_drift_1,2597,1789846534.227409,2736.1,121.4,598.74,2.91,97.78,0.0221,10.02,14.18,14.41,30.0,676.3,20.6,sensor_drift,0.59
fault_sensor_drift_1,2598,1789846535.227409,2726.4,122.09,599.85,2.95,97.67,0.0255,9.94,14.15,14.39,30.0,672.2,20.6,sensor_drift,0.59
fault_sensor_drift_1,2599,1789846536.227409,2713.7,121.85,602.36,2.89,97.72,0.0221,10.03,14.11,14.43,30.0,668.0,20.7,sensor_drift,0.59
fault_sensor_drift_1,2600,1789846537.227409,2728.4,122.12,604.56,2.96,97.6,0.0177,10.05,14.17,14.32,30.0,663.8,20.7,sensor_drift,0.59
fault_sensor_drift_1,2601,1789846538.227409,2718.0,121.94,606.23,2.99,97.59,0.0253,10.06,14.05,14.64,30.0,659.7,20.7,sensor_drift,0.59
fault_sensor_drift_1,2602,1789846539.227409,2722.9,122.42,607.75,2.89,97.52,0.0286,10.06,14.05,14.32,30.0,655.5,20.7,sensor_drift,0.59
fault_sensor_drift_1,2603,1789846540.227409,2728.0,122.39,608.49,2.96,97.67,0.0402,10.12,14.01,14.25,30.0,651.4,20.8,sensor_drift,0.59
fault_sensor_drift_1,2604,1789846541.227409,2709.5,122.24,609.91,2.91,97.71,0.032,9.93,14.07,14.71,30.0,647.2,20.8,sensor_drift,0.59
fault_sensor_drift_1,2605,1789846542.227409,2727.7,122.25,606.08,2.9,97.63,0.0302,10.03,14.12,14.61,30.0,643.0,20.8,sensor_drift,0.59
fault_sensor_drift_1,2606,1789846543.227409,2707.2,122.41,603.24,2.96,97.55,0.021,10.12,14.06,14.76,30.0,638.9,20.8,sensor_drift,0.59
fault_sensor_drift_1,2607,1789846544.227409,2711.3,122.52,597.42,2.92,97.31,0.0229,9.9,14.1,14.51,30.0,634.7,20.9,sensor_drift,0.59
fault_sensor_drift_1,2608,1789846545.227409,2714.8,122.47,599.54,2.84,97.18,0.0295,9.92,14.05,14.48,30.0,630.6,20.9,sensor_drift,0.59
fault_sensor_drift_1,2609,1789846546.227409,2729.5,122.68,603.77,2.85,97.22,0.0314,10.02,14.03,14.48,30.0,626.4,20.9,sensor_drift,0.59
fault_sensor_drift_1,2610,1789846547.227409,2710.4,122.72,602.5,2.9,97.3,0.0386,9.96,13.95,14.51,30.0,622.2,21.0,sensor_drift,0.59
fault_sensor_drift_1,2611,1789846548.227409,2703.2,122.72,601.9,2.9,97.25,0.043,9.93,13.99,14.08,30.0,618.1,21.0,sensor_drift,0.59
fault_sensor_drift_1,2612,1789846549.227409,2729.1,122.24,602.57,2.97,97.12,0.0503,10.24,14.0,14.23,30.0,613.9,21.0,sensor_drift,0.59
fault_sensor_drift_1,2613,1789846550.227409,2720.1,122.68,611.24,3.03,97.2,0.0438,10.17,13.99,14.34,30.0,609.8,21.0,sensor_drift,0.59
fault_sensor_drift_1,2614,1789846551.227409,2714.5,122.73,608.73,3.0,97.27,0.0392,10.22,13.92,14.05,30.0,605.6,21.1,sensor_drift,0.59
fault_sensor_drift_1,2615,1789846552.227409,2699.0,122.8,612.51,2.93,97.2,0.0385,10.26,13.88,13.89,30.0,601.4,21.1,sensor_drift,0.59
fault_sensor_drift_1,2616,1789846553.227409,2722.6,123.19,608.41,2.92,97.17,0.0422,10.37,13.94,14.32,30.0,597.3,21.1,sensor_drift,0.59
fault_sensor_drift_1,2617,1789846554.227409,2705.4,123.4,608.16,2.87,97.19,0.0403,10.09,14.04,14.34,30.0,593.1,21.1,sensor_drift,0.59
fault_sensor_drift_1,2618,1789846555.227409,2707.5,123.32,604.08,2.83,97.22,0.0502,10.11,14.12,14.07,30.0,589.0,21.2,sensor_drift,0.59
fault_sensor_drift_1,2619,1789846556.227409,2708.8,123.56,601.32,2.8,97.19,0.0468,10.06,14.15,14.31,30.0,584.8,21.2,sensor_drift,0.59
fault_sensor_drift_1,2620,1789846557.227409,2700.8,123.56,595.3,2.8,97.12,0.0392,9.96,14.13,14.49,30.0,580.6,21.2,sensor_drift,0.59
fault_sensor_drift_1,2621,1789846558.227409,2701.1,123.72,592.38,2.81,97.22,0.0407,10.06,14.09,14.53,30.0,576.5,21.3,sensor_drift,0.59
fault_sensor_drift_1,2622,1789846559.227409,2739.4,123.94,593.51,2.84,97.16,0.0484,10.04,14.01,14.62,30.0,572.3,21.3,sensor_drift,0.59
fault_sensor_drift_1,2623,1789846560.227409,2729.4,123.97,593.5,2.89,97.09,0.043,10.19,14.09,14.62,30.0,568.2,21.3,sensor_drift,0.59
fault_sensor_drift_1,2624,1789846561.227409,2745.3,123.44,599.69,2.9,97.04,0.0454,10.13,14.09,14.2,30.0,564.0,21.3,sensor_drift,0.59
fault_sensor_drift_1,2625,1789846562.227409,2722.7,123.62,599.76,2.95,97.01,0.041,10.01,14.1,14.72,30.0,559.8,21.4,sensor_drift,0.59
fault_sensor_drift_1,2626,1789846563.227409,2722.3,123.7,601.17,2.91,97.09,0.0329,10.09,14.06,14.95,30.0,555.7,21.4,sensor_drift,0.59
fault_sensor_drift_1,2627,1789846564.227409,2712.4,123.72,602.91,2.9,97.08,0.0358,10.07,14.04,14.46,30.0,551.5,21.4,sensor_drift,0.59
fault_sensor_drift_1,2628,1789846565.227409,2712.5,123.58,599.84,2.93,97.23,0.0355,10.07,14.02,14.04,30.0,547.4,21.4,sensor_drift,0.59
fault_sensor_drift_1,2629,1789846566.227409,2743.8,123.81,600.02,2.94,97.12,0.0365,9.96,14.12,14.33,30.0,543.2,21.5,sensor_drift,0.59
fault_sensor_drift_1,2630,1789846567.227409,2751.9,123.45,602.28,2.91,97.14,0.0344,9.78,14.16,13.95,30.0,539.0,21.5,sensor_drift,0.59
fault_sensor_drift_1,2631,1789846568.227409,2742.3,123.5,608.59,2.87,97.15,0.034,9.71,14.13,14.15,30.0,534.9,21.5,sensor_drift,0.59
fault_sensor_drift_1,2632,1789846569.227409,2744.5,123.7,605.45,2.88,96.94,0.042,9.9,14.1,14.42,30.0,530.7,21.6,sensor_drift,0.59
fault_sensor_drift_1,2633,1789846570.227409,2714.1,123.9,601.94,2.83,96.94,0.0431,9.97,14.12,14.22,30.0,526.6,21.6,sensor_drift,0.59
fault_sensor_drift_1,2634,1789846571.227409,2699.5,124.13,602.76,2.85,96.88,0.0402,9.88,14.26,14.51,30.0,522.4,21.6,sensor_drift,0.59
fault_sensor_drift_1,2635,1789846572.227409,2725.0,123.84,597.46,2.84,96.71,0.0373,9.79,14.24,14.59,30.0,518.2,21.6,sensor_drift,0.59
fault_sensor_drift_1,2636,1789846573.227409,2725.3,124.09,598.93,2.91,96.62,0.0466,9.83,14.25,14.56,30.0,514.1,21.7,sensor_drift,0.59
fault_sensor_drift_1,2637,1789846574.227409,2735.4,123.81,602.99,2.88,96.59,0.0433,9.9,14.28,14.47,30.0,509.9,21.7,sensor_drift,0.59
fault_sensor_drift_1,2638,1789846575.227409,2734.8,123.96,599.8,2.84,96.72,0.041,9.85,14.25,14.54,30.0,505.8,21.7,sensor_drift,0.59
fault_sensor_drift_1,2639,1789846576.227409,2766.1,123.87,607.79,2.75,96.58,0.0382,9.77,14.19,14.24,30.0,501.6,21.7,sensor_drift,0.59
fault_sensor_drift_1,2640,1789846577.227409,2760.7,123.74,609.92,2.85,96.68,0.0301,9.68,14.22,14.59,30.0,497.4,21.8,sensor_drift,0.59
fault_sensor_drift_1,2641,1789846578.227409,2769.9,123.66,608.21,2.79,96.73,0.0351,9.79,14.18,14.67,30.0,493.3,21.8,sensor_drift,0.59
fault_sensor_drift_1,2642,1789846579.227409,2749.5,123.58,607.79,2.8,96.92,0.037,10.0,14.12,14.3,30.0,489.1,21.8,sensor_drift,0.59
fault_sensor_drift_1,2643,1789846580.227409,2772.6,123.43,604.28,2.82,96.81,0.0329,10.13,14.04,14.44,30.0,485.0,21.8,sensor_drift,0.59
fault_sensor_drift_1,2644,1789846581.227409,2733.5,123.41,607.52,2.79,96.77,0.029,9.91,13.98,14.56,30.0,480.8,21.9,sensor_drift,0.59
fault_sensor_drift_1,2645,1789846582.227409,2725.8,123.32,611.48,2.83,96.79,0.0224,10.05,14.06,14.48,30.0,476.6,21.9,sensor_drift,0.59
fault_sensor_drift_1,2646,1789846583.227409,2730.9,123.52,607.44,2.93,96.93,0.0332,10.1,14.0,14.55,30.0,472.5,21.9,sensor_drift,0.59
fault_sensor_drift_1,2647,1789846584.227409,2718.7,123.26,606.01,2.93,96.99,0.0323,10.02,13.98,14.53,30.0,468.3,22.0,sensor_drift,0.59
fault_sensor_drift_1,2648,1789846585.227409,2749.1,123.78,605.49,3.0,97.02,0.0404,9.9,13.98,14.44,30.0,464.2,22.0,sensor_drift,0.59
fault_sensor_drift_1,2649,1789846586.227409,2751.5,123.79,606.29,2.99,97.01,0.036,9.85,14.03,14.25,30.0,460.0,22.0,sensor_drift,0.59
fault_sensor_drift_1,2650,1789846587.227409,2736.6,123.92,610.59,3.0,97.03,0.0407,10.12,14.11,14.55,30.0,455.8,22.0,sensor_drift,0.59
fault_sensor_drift_1,2651,1789846588.227409,2730.3,124.1,607.96,3.01,97.1,0.0396,10.12,14.19,14.52,30.0,451.7,22.1,sensor_drift,0.59
fault_sensor_drift_1,2652,1789846589.227409,2769.6,123.62,610.82,3.12,97.13,0.0344,10.18,14.13,14.5,30.0,447.5,22.1,sensor_drift,0.59
fault_sensor_drift_1,2653,1789846590.227409,2731.7,123.82,613.83,2.99,97.04,0.0387,10.02,14.15,14.39,30.0,443.4,22.1,sensor_drift,0.59
fault_sensor_drift_1,2654,1789846591.227409,2721.6,123.81,609.84,2.86,96.95,0.0373,10.12,14.16,14.43,30.0,439.2,22.1,sensor_drift,0.59
fault_sensor_drift_1,2655,1789846592.227409,2727.3,123.71,609.86,2.81,97.11,0.043,10.04,14.06,14.55,30.0,435.0,22.2,sensor_drift,0.59
fault_sensor_drift_1,2656,1789846593.227409,2742.9,123.93,608.88,2.82,96.96,0.0303,9.88,14.03,14.44,30.0,430.9,22.2,sensor_drift,0.59
fault_sensor_drift_1,2657,1789846594.227409,2750.6,123.88,600.25,2.89,96.89,0.0334,9.87,14.11,14.38,30.0,426.7,22.2,sensor_drift,0.59
fault_sensor_drift_1,2658,1789846595.227409,2761.4,123.66,606.29,2.87,96.76,0.0377,9.95,14.12,14.13,30.0,422.6,22.3,sensor_drift,0.59
fault_sensor_drift_1,2659,1789846596.227409,2775.2,123.98,601.81,2.88,96.68,0.0395,10.08,14.12,14.33,30.0,418.4,22.3,sensor_drift,0.59
fault_sensor_drift_1,2660,1789846597.227409,2749.2,123.86,602.14,2.8,96.66,0.0396,10.13,14.1,14.14,30.0,414.2,22.3,sensor_drift,0.59
fault_sensor_drift_1,2661,1789846598.227409,2762.2,123.74,607.83,2.91,96.68,0.0328,10.21,14.19,14.33,30.0,410.1,22.3,sensor_drift,0.59
fault_sensor_drift_1,2662,1789846599.227409,2776.5,123.96,611.24,2.9,96.55,0.0312,10.21,14.29,14.47,30.0,405.9,22.4,sensor_drift,0.59
fault_sensor_drift_1,2663,1789846600.227409,2774.9,124.0,608.97,2.78,96.39,0.0313,10.01,14.24,14.09,30.0,401.8,22.4,sensor_drift,0.59
fault_sensor_drift_1,2664,1789846601.227409,2735.4,124.1,607.38,2.87,96.53,0.0307,10.17,14.26,14.31,30.0,397.6,22.4,sensor_drift,0.59
fault_sensor_drift_1,2665,1789846602.227409,2708.1,124.05,607.01,2.89,96.76,0.0327,10.02,14.29,14.55,30.0,393.4,22.4,sensor_drift,0.59
fault_sensor_drift_1,2666,1789846603.227409,2708.3,124.31,607.09,2.97,96.72,0.0345,9.99,14.27,14.74,30.0,389.3,22.5,sensor_drift,0.59
fault_sensor_drift_1,2667,1789846604.227409,2717.4,124.23,608.36,2.96,96.66,0.0435,10.17,14.28,14.76,30.0,385.1,22.5,sensor_drift,0.59
fault_sensor_drift_1,2668,1789846605.227409,2710.5,124.5,610.95,2.96,96.62,0.0442,10.17,14.31,14.8,30.0,381.0,22.5,sensor_drift,0.59
fault_sensor_drift_1,2669,1789846606.227409,2724.9,124.77,607.29,3.03,96.61,0.041,10.11,14.34,14.7,30.0,376.8,22.6,sensor_drift,0.59
fault_sensor_drift_1,2670,1789846607.227409,2717.2,124.65,607.16,3.01,96.54,0.0366,10.1,14.3,14.25,30.0,372.6,22.6,sensor_drift,0.59
fault_sensor_drift_1,2671,1789846608.227409,2712.7,124.55,606.35,3.02,96.63,0.0394,10.02,14.32,14.15,30.0,368.5,22.6,sensor_drift,0.59
fault_sensor_drift_1,2672,1789846609.227409,2706.4,124.52,606.41,3.0,96.87,0.0446,10.05,14.35,14.29,30.0,364.3,22.6,sensor_drift,0.59
fault_sensor_drift_1,2673,1789846610.227409,2698.7,124.68,605.91,3.0,96.75,0.044,10.03,14.42,14.57,30.0,360.2,22.7,sensor_drift,0.59
fault_sensor_drift_1,2674,1789846611.227409,2711.1,124.63,605.64,2.95,96.78,0.0435,10.01,14.35,14.35,30.0,356.0,22.7,sensor_drift,0.59
fault_sensor_drift_1,2675,1789846612.227409,2704.2,124.24,602.39,2.92,96.78,0.0364,10.07,14.33,14.75,30.0,351.8,22.7,sensor_drift,0.59
fault_sensor_drift_1,2676,1789846613.227409,2696.2,124.44,605.51,2.96,96.82,0.0373,9.98,14.33,14.73,30.0,347.7,22.7,sensor_drift,0.59
fault_sensor_drift_1,2677,1789846614.227409,2718.0,124.18,610.6,2.88,96.71,0.0386,9.87,14.35,14.64,30.0,343.5,22.8,sensor_drift,0.59
fault_sensor_drift_1,2678,1789846615.227409,2721.8,124.15,609.17,2.89,96.55,0.0387,9.88,14.28,14.84,30.0,339.4,22.8,sensor_drift,0.59
fault_sensor_drift_1,2679,1789846616.227409,2706.5,124.0,605.47,2.92,96.5,0.0465,9.94,14.28,14.77,30.0,335.2,22.8,sensor_drift,0.59
fault_sensor_drift_1,2680,1789846617.227409,2703.7,124.0,610.88,2.95,96.5,0.0367,10.08,14.23,14.12,30.0,331.0,22.8,sensor_drift,0.59
fault_sensor_drift_1,2681,1789846618.227409,2707.3,123.73,610.02,2.95,96.5,0.0412,10.18,14.29,14.27,30.0,326.9,22.9,sensor_drift,0.59
fault_sensor_drift_1,2682,1789846619.227409,2717.5,123.64,613.17,3.02,96.47,0.0358,10.12,14.34,14.23,30.0,322.7,22.9,sensor_drift,0.59
fault_sensor_drift_1,2683,1789846620.227409,2714.0,123.7,610.4,3.02,96.49,0.0336,10.04,14.32,14.36,30.0,318.6,22.9,sensor_drift,0.59
fault_sensor_drift_1,2684,1789846621.227409,2718.2,123.64,609.26,2.97,96.53,0.0408,9.91,14.35,14.22,30.0,314.4,23.0,sensor_drift,0.59
fault_sensor_drift_1,2685,1789846622.227409,2701.2,123.42,611.03,2.87,96.4,0.0443,9.99,14.4,14.3,30.0,310.2,23.0,sensor_drift,0.59
fault_sensor_drift_1,2686,1789846623.227409,2705.0,123.54,611.32,2.9,96.61,0.0519,10.05,14.36,14.11,30.0,306.1,23.0,sensor_drift,0.59
fault_sensor_drift_1,2687,1789846624.227409,2702.3,123.65,606.47,2.94,96.72,0.0413,9.92,14.31,14.35,30.0,301.9,23.0,sensor_drift,0.59
fault_sensor_drift_1,2688,1789846625.227409,2702.8,123.72,611.41,2.93,96.64,0.0442,9.84,14.33,14.13,30.0,297.8,23.1,sensor_drift,0.59
fault_sensor_drift_1,2689,1789846626.227409,2701.5,123.87,607.51,2.92,96.57,0.0244,9.91,14.31,14.24,30.0,293.6,23.1,sensor_drift,0.59
fault_sensor_drift_1,2690,1789846627.227409,2710.3,124.13,609.86,2.93,96.5,0.027,9.97,14.26,14.26,30.0,289.4,23.1,sensor_drift,0.59
fault_sensor_drift_1,2691,1789846628.227409,2722.6,124.21,607.94,2.84,96.57,0.0336,10.19,14.18,14.11,30.0,285.3,23.1,sensor_drift,0.59
fault_sensor_drift_1,2692,1789846629.227409,2703.6,123.98,611.05,2.76,96.68,0.0286,10.18,14.15,14.1,30.0,281.1,23.2,sensor_drift,0.59
fault_sensor_drift_1,2693,1789846630.227409,2754.7,123.93,608.61,2.79,96.71,0.0299,10.15,14.16,14.44,30.0,277.0,23.2,sensor_drift,0.59
fault_sensor_drift_1,2694,1789846631.227409,2769.3,123.86,610.66,2.85,96.67,0.0362,10.26,14.1,14.55,30.0,272.8,23.2,sensor_drift,0.59
fault_sensor_drift_1,2695,1789846632.227409,2758.8,123.81,611.3,2.9,96.6,0.0484,9.99,14.15,14.43,30.0,268.6,23.3,sensor_drift,0.59
fault_sensor_drift_1,2696,1789846633.227409,2779.6,123.78,613.22,2.84,96.54,0.0397,9.85,14.16,14.43,30.0,264.5,23.3,sensor_drift,0.59
fault_sensor_drift_1,2697,1789846634.227409,2756.8,123.68,612.72,2.81,96.51,0.0466,9.77,14.13,14.58,30.0,260.3,23.3,sensor_drift,0.59
fault_sensor_drift_1,2698,1789846635.227409,2763.2,124.18,616.19,2.77,96.52,0.0431,9.74,14.15,14.38,30.0,256.2,23.3,sensor_drift,0.59
fault_sensor_drift_1,2699,1789846636.227409,2754.2,124.23,616.94,2.78,96.51,0.0387,9.72,14.15,14.49,30.0,252.0,23.4,sensor_drift,0.59
fault_sensor_drift_1,2700,1789846637.227409,2762.2,124.54,614.1,2.76,96.6,0.0421,9.73,14.07,14.37,30.0,247.8,23.4,sensor_drift,0.59
fault_sensor_drift_1,2701,1789846638.227409,2725.9,124.62,611.4,2.84,96.7,0.0379,9.97,14.06,14.46,30.0,243.7,23.4,sensor_drift,0.59
fault_sensor_drift_1,2702,1789846639.227409,2717.2,124.42,614.06,2.88,96.7,0.034,9.79,14.06,14.61,30.0,239.5,23.4,sensor_drift,0.59
fault_sensor_drift_1,2703,1789846640.227409,2713.2,124.52,614.26,2.87,96.77,0.0454,9.88,14.09,14.94,30.0,235.4,23.5,sensor_drift,0.59
fault_sensor_drift_1,2704,1789846641.227409,2681.7,124.45,618.48,2.86,96.81,0.042,9.98,14.12,14.97,30.0,231.2,23.5,sensor_drift,0.59
fault_sensor_drift_1,2705,1789846642.227409,2688.2,124.68,614.1,2.81,96.8,0.0381,10.01,14.1,14.37,30.0,227.0,23.5,sensor_drift,0.59
fault_sensor_drift_1,2706,1789846643.227409,2675.2,125.19,611.74,2.84,96.89,0.0413,10.04,14.12,14.48,30.0,222.9,23.6,sensor_drift,0.59
fault_sensor_drift_1,2707,1789846644.227409,2698.6,125.47,607.19,2.83,96.82,0.0366,9.84,14.12,14.55,30.0,218.7,23.6,sensor_drift,0.59
fault_sensor_drift_1,2708,1789846645.227409,2705.9,125.56,605.86,2.81,96.81,0.0345,9.84,14.15,14.17,30.0,214.6,23.6,sensor_drift,0.59
fault_sensor_drift_1,2709,1789846646.227409,2685.2,125.68,609.15,2.85,96.72,0.0423,9.84,14.14,14.27,30.0,210.4,23.6,sensor_drift,0.59
fault_sensor_drift_1,2710,1789846647.227409,2671.6,125.97,610.85,2.79,96.8,0.0453,9.76,14.07,13.96,30.0,206.2,23.7,sensor_drift,0.59
fault_sensor_drift_1,2711,1789846648.227409,2710.1,125.85,612.19,2.81,96.71,0.0463,9.98,14.15,13.98,30.0,202.1,23.7,sensor_drift,0.59
fault_sensor_drift_1,2712,1789846649.227409,2730.7,125.81,609.15,2.9,96.66,0.0533,10.17,14.18,13.74,30.0,197.9,23.7,sensor_drift,0.59
fault_sensor_drift_1,2713,1789846650.227409,2704.2,125.71,612.53,2.88,96.47,0.0429,10.11,14.19,13.86,30.0,193.8,23.7,sensor_drift,0.59
fault_sensor_drift_1,2714,1789846651.227409,2694.6,125.67,610.35,2.83,96.49,0.0428,10.07,14.29,14.05,30.0,189.6,23.8,sensor_drift,0.59
fault_sensor_drift_1,2715,1789846652.227409,2676.9,125.52,616.42,2.88,96.46,0.0428,10.05,14.24,14.12,30.0,185.4,23.8,sensor_drift,0.59
fault_sensor_drift_1,2716,1789846653.227409,2660.7,125.38,612.45,2.99,96.46,0.0384,9.84,14.24,14.14,30.0,181.3,23.8,sensor_drift,0.59
fault_sensor_drift_1,2717,1789846654.227409,2688.7,125.67,607.95,2.98,96.59,0.0335,9.85,14.28,14.21,30.0,177.1,23.8,sensor_drift,0.59
fault_sensor_drift_1,2718,1789846655.227409,2688.2,125.7,612.98,2.94,96.72,0.0364,9.98,14.31,14.38,30.0,173.0,23.9,sensor_drift,0.59
fault_sensor_drift_1,2719,1789846656.227409,2692.0,125.49,613.06,2.92,96.61,0.0393,9.95,14.31,14.4,30.0,168.8,23.9,sensor_drift,0.59
fault_sensor_drift_1,2720,1789846657.227409,2707.2,125.23,613.6,2.94,96.77,0.0401,9.82,14.3,14.55,30.0,164.6,23.9,sensor_drift,0.59
fault_sensor_drift_1,2721,1789846658.227409,2705.1,125.26,611.9,2.96,96.86,0.0408,9.85,14.3,14.58,30.0,160.5,24.0,sensor_drift,0.59
fault_sensor_drift_1,2722,1789846659.227409,2679.0,125.12,615.5,2.93,96.78,0.0299,10.1,14.37,15.05,30.0,156.3,24.0,sensor_drift,0.59
fault_sensor_drift_1,2723,1789846660.227409,2684.4,125.21,616.73,2.87,96.72,0.0405,10.11,14.36,14.76,30.0,152.2,24.0,sensor_drift,0.59
fault_sensor_drift_1,2724,1789846661.227409,2723.1,125.5,617.99,2.92,96.79,0.0361,9.85,14.4,14.44,30.0,148.0,24.0,sensor_drift,0.59
fault_sensor_drift_1,2725,1789846662.227409,2732.7,125.72,616.05,2.87,96.84,0.0376,9.91,14.4,14.43,30.0,143.8,24.1,sensor_drift,0.59
fault_sensor_drift_1,2726,1789846663.227409,2728.8,126.02,613.39,2.83,96.83,0.0373,10.02,14.34,14.25,30.0,139.7,24.1,sensor_drift,0.59
fault_sensor_drift_1,2727,1789846664.227409,2738.7,125.68,613.06,2.82,96.8,0.0459,10.1,14.32,14.62,30.0,135.5,24.1,sensor_drift,0.59
fault_sensor_drift_1,2728,1789846665.227409,2723.1,125.91,612.65,2.84,96.64,0.0417,10.14,14.28,14.27,30.0,131.4,24.1,sensor_drift,0.59
fault_sensor_drift_1,2729,1789846666.227409,2726.3,126.03,609.4,2.81,96.59,0.0446,10.03,14.33,14.14,30.0,127.2,24.2,sensor_drift,0.59
fault_sensor_drift_1,2730,1789846667.227409,2723.9,125.8,613.6,2.85,96.79,0.0411,10.15,14.33,14.03,30.0,123.0,24.2,sensor_drift,0.59
fault_sensor_drift_1,2731,1789846668.227409,2735.7,125.94,606.93,2.79,96.8,0.0343,10.27,14.35,14.12,30.0,118.9,24.2,sensor_drift,0.59
fault_sensor_drift_1,2732,1789846669.227409,2727.9,126.01,603.3,2.88,96.72,0.039,10.09,14.34,14.08,30.0,114.7,24.3,sensor_drift,0.59
fault_sensor_drift_1,2733,1789846670.227409,2732.1,126.29,599.55,2.78,96.71,0.0486,10.15,14.33,14.02,30.0,110.6,24.3,sensor_drift,0.59
fault_sensor_drift_1,2734,1789846671.227409,2705.7,126.31,601.25,2.83,96.55,0.0436,10.16,14.2,14.18,30.0,106.4,24.3,sensor_drift,0.59
fault_sensor_drift_1,2735,1789846672.227409,2731.4,126.18,597.45,2.94,96.46,0.0334,10.25,14.31,14.2,30.0,102.2,24.3,sensor_drift,0.59
fault_sensor_drift_1,2736,1789846673.227409,2683.1,125.9,598.41,2.83,96.52,0.0404,10.29,14.37,14.58,30.0,98.1,24.4,sensor_drift,0.59
fault_sensor_drift_1,2737,1789846674.227409,2643.5,126.33,607.28,2.75,96.55,0.0422,10.29,14.41,14.25,30.0,93.9,24.4,sensor_drift,0.59
fault_sensor_drift_1,2738,1789846675.227409,2679.2,126.53,612.17,2.78,96.52,0.0432,10.22,14.4,14.48,30.0,89.8,24.4,sensor_drift,0.59
fault_sensor_drift_1,2739,1789846676.227409,2678.8,126.62,610.08,2.89,96.4,0.0389,10.12,14.35,14.35,30.0,85.6,24.4,sensor_drift,0.59
fault_sensor_drift_1,2740,1789846677.227409,2687.8,126.59,612.65,2.87,96.59,0.0418,10.17,14.26,14.29,30.0,81.4,24.5,sensor_drift,0.59
fault_sensor_drift_1,2741,1789846678.227409,2694.5,126.3,610.28,2.85,96.51,0.043,10.25,14.19,14.31,30.0,77.3,24.5,sensor_drift,0.59
fault_sensor_drift_1,2742,1789846679.227409,2724.2,126.56,606.12,2.85,96.45,0.0405,10.23,14.17,14.24,30.0,73.1,24.5,sensor_drift,0.59
fault_sensor_drift_1,2743,1789846680.227409,2747.6,126.67,608.66,2.81,96.48,0.0469,10.02,14.17,14.24,30.0,69.0,24.6,sensor_drift,0.59
fault_sensor_drift_1,2744,1789846681.227409,2730.3,126.59,604.07,2.88,96.29,0.0521,9.93,14.18,14.25,30.0,64.8,24.6,sensor_drift,0.59
fault_sensor_drift_1,2745,1789846682.227409,2731.8,126.65,607.49,2.84,96.23,0.0442,10.05,14.12,14.49,30.0,60.6,24.6,sensor_drift,0.59
fault_sensor_drift_1,2746,1789846683.227409,2742.2,126.55,608.88,2.85,96.21,0.0409,9.95,14.09,14.4,30.0,56.5,24.6,sensor_drift,0.59
fault_sensor_drift_1,2747,1789846684.227409,2737.0,126.53,614.1,2.72,96.41,0.0438,10.0,14.08,14.59,30.0,52.3,24.7,sensor_drift,0.59
fault_sensor_drift_1,2748,1789846685.227409,2738.7,126.72,615.82,2.77,96.49,0.0376,9.81,14.13,14.53,30.0,48.2,24.7,sensor_drift,0.59
fault_sensor_drift_1,2749,1789846686.227409,2702.7,126.51,614.19,2.84,96.63,0.0437,9.86,14.12,14.09,30.0,44.0,24.7,sensor_drift,0.59
fault_sensor_drift_1,2750,1789846687.227409,2729.3,126.46,609.0,2.87,96.68,0.0422,10.01,14.1,14.08,30.0,39.8,24.7,sensor_drift,0.59
fault_sensor_drift_1,2751,1789846688.227409,2715.7,126.51,605.99,2.85,96.74,0.0384,9.98,14.14,14.26,30.0,35.7,24.8,sensor_drift,0.59
fault_sensor_drift_1,2752,1789846689.227409,2694.5,126.37,608.84,2.82,96.57,0.0454,10.16,14.13,14.26,30.0,31.5,24.8,sensor_drift,0.59
fault_sensor_drift_1,2753,1789846690.227409,2668.7,126.48,607.83,2.96,96.51,0.0449,10.3,14.16,14.17,30.0,27.4,24.8,sensor_drift,0.59
fault_sensor_drift_1,2754,1789846691.227409,2665.5,126.26,609.74,3.05,96.63,0.0404,10.23,14.26,14.25,30.0,23.2,24.8,sensor_drift,0.59
fault_sensor_drift_1,2755,1789846692.227409,2667.0,126.22,612.95,3.09,96.76,0.0504,10.21,14.27,14.46,30.0,19.0,24.9,sensor_drift,0.59
fault_sensor_drift_1,2756,1789846693.227409,2665.6,126.18,612.83,3.03,96.75,0.0459,10.12,14.27,14.19,30.0,14.9,24.9,sensor_drift,0.59
fault_sensor_drift_1,2757,1789846694.227409,2685.3,126.37,606.55,2.94,96.68,0.0496,10.13,14.35,14.14,30.0,10.7,24.9,sensor_drift,0.59
fault_sensor_drift_1,2758,1789846695.227409,2699.8,126.44,606.31,2.94,96.87,0.04,9.88,14.26,14.04,30.0,6.6,25.0,sensor_drift,0.59
fault_sensor_drift_1,2759,1789846696.227409,2710.9,126.29,606.15,3.02,96.95,0.0337,9.92,14.34,14.27,30.0,2.4,25.0,sensor_drift,0.59
fault_sensor_drift_1,2760,1789846697.227409,2734.7,126.67,608.1,3.02,96.94,0.0267,9.96,14.33,14.28,30.0,0.0,25.0,sensor_drift,0.59
fault_sensor_drift_1,2761,1789846698.227409,2725.1,126.82,612.55,2.94,97.2,0.0294,9.93,14.32,14.08,30.0,0.0,25.0,sensor_drift,0.59
fault_sensor_drift_1,2762,1789846699.227409,2707.6,127.35,611.53,2.92,97.13,0.026,9.95,14.36,14.26,30.0,0.0,25.0,sensor_drift,0.59
fault_sensor_drift_1,2763,1789846700.227409,2696.3,127.33,611.93,2.8,97.2,0.0211,9.92,14.4,14.47,30.0,0.0,25.0,sensor_drift,0.59
fault_sensor_drift_1,2764,1789846701.227409,2707.2,127.12,613.12,2.77,97.09,0.0288,10.09,14.38,14.32,30.0,0.0,25.0,sensor_drift,0.59
fault_sensor_drift_1,2765,1789846702.227409,2698.0,127.05,612.9,2.84,97.03,0.0346,10.18,14.33,14.19,30.0,0.0,25.0,sensor_drift,0.59
fault_sensor_drift_1,2766,1789846703.227409,2690.8,127.35,616.57,2.86,97.27,0.0306,10.05,14.28,14.36,30.0,0.0,25.0,sensor_drift,0.59
fault_sensor_drift_1,2767,1789846704.227409,2683.5,127.54,615.69,2.84,97.14,0.0305,10.05,14.25,14.68,30.0,0.0,25.0,sensor_drift,0.59
fault_sensor_drift_1,2768,1789846705.227409,2690.7,127.37,613.67,2.82,97.02,0.0288,9.87,14.2,14.79,30.0,0.0,25.0,sensor_drift,0.59
fault_sensor_drift_1,2769,1789846706.227409,2705.0,127.7,614.3,2.82,96.83,0.0331,9.83,14.17,14.49,30.0,0.0,25.0,sensor_drift,0.59
fault_sensor_drift_1,2770,1789846707.227409,2719.9,127.54,614.69,2.88,96.92,0.0413,9.79,14.08,14.47,30.0,0.0,25.0,sensor_drift,0.59
fault_sensor_drift_1,2771,1789846708.227409,2717.4,127.54,613.71,2.82,97.03,0.0455,9.72,14.0,14.63,30.0,0.0,25.0,sensor_drift,0.59
fault_sensor_drift_1,2772,1789846709.227409,2727.6,127.43,617.64,2.86,97.0,0.0335,9.87,13.92,14.82,30.0,0.0,25.0,sensor_drift,0.59
fault_sensor_drift_1,2773,1789846710.227409,2729.3,127.45,618.24,2.91,96.91,0.034,10.04,14.04,14.38,30.0,0.0,25.0,sensor_drift,0.59
fault_sensor_drift_1,2774,1789846711.227409,2742.4,127.41,617.26,2.89,96.96,0.0396,10.05,14.03,14.63,30.0,0.0,25.0,sensor_drift,0.59
fault_sensor_drift_1,2775,1789846712.227409,2722.4,127.57,619.39,2.86,96.76,0.04,10.03,14.05,14.21,30.0,0.0,25.0,sensor_drift,0.59
fault_sensor_drift_1,2776,1789846713.227409,2731.5,127.52,615.01,2.87,96.74,0.0312,10.18,13.97,14.45,30.0,0.0,25.0,sensor_drift,0.59
fault_sensor_drift_1,2777,1789846714.227409,2728.3,127.22,617.29,2.82,96.79,0.0215,10.16,13.99,14.11,30.0,0.0,25.0,sensor_drift,0.59
fault_sensor_drift_1,2778,1789846715.227409,2744.4,127.57,612.65,2.78,96.88,0.0299,10.11,14.08,14.23,30.0,0.0,25.0,sensor_drift,0.59
fault_sensor_drift_1,2779,1789846716.227409,2750.3,127.81,613.64,2.79,96.94,0.0398,10.13,14.07,14.76,30.0,0.0,25.0,sensor_drift,0.59
fault_sensor_drift_1,2780,1789846717.227409,2733.7,127.56,614.68,2.82,96.9,0.0393,10.08,14.1,14.55,30.0,0.0,25.0,sensor_drift,0.59
fault_sensor_drift_1,2781,1789846718.227409,2735.8,127.39,617.1,2.91,96.86,0.0401,10.19,14.13,14.49,30.0,0.0,25.0,sensor_drift,0.59
fault_sensor_drift_1,2782,1789846719.227409,2704.0,127.67,620.06,2.85,96.96,0.0446,10.16,14.13,14.9,30.0,0.0,25.0,sensor_drift,0.59
fault_sensor_drift_1,2783,1789846720.227409,2681.1,127.74,617.71,2.84,96.97,0.045,10.07,14.09,14.77,30.0,0.0,25.0,sensor_drift,0.59
fault_sensor_drift_1,2784,1789846721.227409,2721.5,127.59,619.98,2.82,96.86,0.042,10.13,14.02,14.42,30.0,0.0,25.0,sensor_drift,0.59
fault_sensor_drift_1,2785,1789846722.227409,2707.6,127.69,621.15,2.78,96.86,0.0393,10.18,14.13,14.65,30.0,0.0,25.0,sensor_drift,0.59
fault_sensor_drift_1,2786,1789846723.227409,2675.0,127.88,615.85,2.81,96.85,0.0442,10.05,14.1,14.9,30.0,0.0,25.0,sensor_drift,0.59
fault_sensor_drift_1,2787,1789846724.227409,2670.4,127.37,614.68,2.83,96.72,0.0415,10.35,14.07,14.76,30.0,0.0,25.0,sensor_drift,0.59
fault_sensor_drift_1,2788,1789846725.227409,2700.5,127.26,611.8,2.87,96.84,0.0398,10.25,14.09,14.33,30.0,0.0,25.0,sensor_drift,0.59
fault_sensor_drift_1,2789,1789846726.227409,2687.0,127.39,613.2,2.83,96.99,0.0364,10.04,14.16,14.27,30.0,0.0,25.0,sensor_drift,0.59
fault_sensor_drift_1,2790,1789846727.227409,2700.4,127.24,613.68,2.86,97.18,0.04,10.01,14.16,14.52,30.0,0.0,25.0,sensor_drift,0.59
fault_sensor_drift_1,2791,1789846728.227409,2695.7,127.27,612.54,2.89,97.41,0.0387,10.02,14.06,14.74,30.0,0.0,25.0,sensor_drift,0.59
fault_sensor_drift_1,2792,1789846729.227409,2694.6,127.55,612.24,2.87,97.51,0.0319,9.91,14.08,14.49,30.0,0.0,25.0,sensor_drift,0.59
fault_sensor_drift_1,2793,1789846730.227409,2687.5,127.93,612.42,2.84,97.55,0.028,10.06,14.05,14.41,30.0,0.0,25.0,sensor_drift,0.59
fault_sensor_drift_1,2794,1789846731.227409,2669.0,127.68,612.17,2.81,97.64,0.0319,10.0,14.16,14.4,30.0,0.0,25.0,sensor_drift,0.59
fault_sensor_drift_1,2795,1789846732.227409,2669.8,127.54,616.29,2.89,97.51,0.0348,10.09,14.18,14.69,30.0,0.0,25.0,sensor_drift,0.59
fault_sensor_drift_1,2796,1789846733.227409,2681.6,127.61,611.98,2.86,97.47,0.0391,10.15,14.21,14.57,30.0,0.0,25.0,sensor_drift,0.59
fault_sensor_drift_1,2797,1789846734.227409,2674.1,127.58,608.46,2.88,97.41,0.0382,10.14,14.21,14.48,30.0,0.0,25.0,sensor_drift,0.59
fault_sensor_drift_1,2798,1789846735.227409,2693.9,127.9,604.43,2.88,97.47,0.0473,10.01,14.23,14.74,30.0,0.0,25.0,sensor_drift,0.59
fault_sensor_drift_1,2799,1789846736.227409,2708.4,127.85,605.54,2.87,97.52,0.0465,9.93,14.24,14.65,30.0,0.0,25.0,sensor_drift,0.59
fault_sensor_drift_1,2800,1789846737.227409,2724.0,127.96,609.37,2.84,97.4,0.041,9.93,14.18,14.63,30.0,0.0,25.0,sensor_drift,0.59
fault_sensor_drift_1,2801,1789846738.227409,2704.9,127.82,607.11,2.9,97.51,0.0312,10.11,14.15,14.51,30.0,0.0,25.0,sensor_drift,0.59
fault_sensor_drift_1,2802,1789846739.227409,2707.6,128.33,609.72,2.85,97.53,0.0295,9.92,14.14,14.48,30.0,0.0,25.0,sensor_drift,0.59
fault_sensor_drift_1,2803,1789846740.227409,2723.7,128.36,609.66,2.79,97.52,0.0446,9.98,14.1,14.42,30.0,0.0,25.0,sensor_drift,0.59
fault_sensor_drift_1,2804,1789846741.227409,2738.7,128.29,607.32,2.85,97.24,0.0392,9.89,14.07,14.35,30.0,0.0,25.0,sensor_drift,0.59
fault_sensor_drift_1,2805,1789846742.227409,2729.6,128.3,607.73,2.81,97.48,0.0459,9.95,14.0,14.25,30.0,0.0,25.0,sensor_drift,0.59
fault_sensor_drift_1,2806,1789846743.227409,2693.6,128.03,606.92,2.71,97.35,0.0413,9.89,14.0,14.49,30.0,0.0,25.0,sensor_drift,0.59
fault_sensor_drift_1,2807,1789846744.227409,2702.3,128.07,606.83,2.83,97.39,0.0325,9.85,13.97,14.34,30.0,0.0,25.0,sensor_drift,0.59
fault_sensor_drift_1,2808,1789846745.227409,2715.2,128.27,609.16,2.85,97.46,0.0364,9.93,13.96,14.42,30.0,0.0,25.0,sensor_drift,0.59
fault_sensor_drift_1,2809,1789846746.227409,2718.3,128.01,612.87,2.77,97.49,0.0379,10.09,13.93,14.44,30.0,0.0,25.0,sensor_drift,0.59
fault_sensor_drift_1,2810,1789846747.227409,2742.9,128.16,616.17,2.79,97.47,0.0406,9.94,13.87,14.36,30.0,0.0,25.0,sensor_drift,0.59
fault_sensor_drift_1,2811,1789846748.227409,2735.8,128.49,615.56,2.84,97.27,0.0448,9.8,13.91,14.48,30.0,0.0,25.0,sensor_drift,0.59
fault_sensor_drift_1,2812,1789846749.227409,2699.0,128.57,616.82,2.91,97.18,0.0462,9.86,13.97,14.19,30.0,0.0,25.0,sensor_drift,0.59
fault_sensor_drift_1,2813,1789846750.227409,2708.7,128.46,615.92,2.91,97.06,0.0403,9.8,13.9,14.5,30.0,0.0,25.0,sensor_drift,0.59
fault_sensor_drift_1,2814,1789846751.227409,2712.8,128.47,616.0,2.91,96.99,0.0443,9.86,14.01,14.51,30.0,0.0,25.0,sensor_drift,0.59
fault_sensor_drift_1,2815,1789846752.227409,2726.2,128.57,618.84,2.91,97.07,0.0434,9.82,13.98,14.55,30.0,0.0,25.0,sensor_drift,0.59
fault_sensor_drift_1,2816,1789846753.227409,2740.0,128.43,611.23,2.98,97.11,0.0315,9.95,14.03,14.27,30.0,0.0,25.0,sensor_drift,0.59
fault_sensor_drift_1,2817,1789846754.227409,2701.3,128.42,609.9,2.97,97.08,0.03,10.04,13.97,14.2,30.0,0.0,25.0,sensor_drift,0.59
fault_sensor_drift_1,2818,1789846755.227409,2700.9,128.5,606.33,3.04,97.09,0.0361,9.95,13.98,14.39,30.0,0.0,25.0,sensor_drift,0.59
fault_sensor_drift_1,2819,1789846756.227409,2730.1,128.4,609.12,2.93,97.17,0.0368,10.05,14.0,14.38,30.0,0.0,25.0,sensor_drift,0.59
fault_sensor_drift_1,2820,1789846757.227409,2752.2,128.29,607.72,2.93,97.22,0.042,10.06,14.0,14.32,30.0,0.0,25.0,sensor_drift,0.59
fault_sensor_drift_1,2821,1789846758.227409,2753.6,128.45,615.62,2.84,97.38,0.0387,10.25,13.99,14.1,30.0,0.0,25.0,sensor_drift,0.59
fault_sensor_drift_1,2822,1789846759.227409,2734.5,128.68,617.28,2.83,97.48,0.0378,10.3,14.13,14.24,30.0,0.0,25.0,sensor_drift,0.59
fault_sensor_drift_1,2823,1789846760.227409,2732.3,128.47,619.93,2.74,97.53,0.0434,10.14,14.11,14.21,30.0,0.0,25.0,sensor_drift,0.59
fault_sensor_drift_1,2824,1789846761.227409,2715.0,128.43,617.1,2.78,97.6,0.0415,10.07,14.07,14.36,30.0,0.0,25.0,sensor_drift,0.59
fault_sensor_drift_1,2825,1789846762.227409,2736.6,128.43,617.47,2.8,97.41,0.0292,9.97,14.08,14.2,30.0,0.0,25.0,sensor_drift,0.59
fault_sensor_drift_1,2826,1789846763.227409,2714.9,128.4,619.83,2.81,97.36,0.0319,10.06,14.12,14.44,30.0,0.0,25.0,sensor_drift,0.59
fault_sensor_drift_1,2827,1789846764.227409,2702.7,128.19,614.86,2.9,97.32,0.0346,10.09,14.11,14.54,30.0,0.0,25.0,sensor_drift,0.59
fault_sensor_drift_1,2828,1789846765.227409,2696.0,128.23,609.81,2.93,97.28,0.0347,9.96,14.03,14.42,30.0,0.0,25.0,sensor_drift,0.59
fault_sensor_drift_1,2829,1789846766.227409,2692.9,127.98,616.01,3.0,97.3,0.0425,9.97,14.1,14.44,30.0,0.0,25.0,sensor_drift,0.59
fault_sensor_drift_1,2830,1789846767.227409,2687.6,128.24,619.25,2.94,97.22,0.0465,9.93,14.13,14.43,30.0,0.0,25.0,sensor_drift,0.59
fault_sensor_drift_1,2831,1789846768.227409,2701.5,128.21,615.71,2.93,97.14,0.0503,10.0,14.13,14.57,30.0,0.0,25.0,sensor_drift,0.59
fault_sensor_drift_1,2832,1789846769.227409,2658.6,128.13,614.25,3.07,97.11,0.0532,9.98,14.11,14.17,30.0,0.0,25.0,sensor_drift,0.59
fault_sensor_drift_1,2833,1789846770.227409,2675.4,128.13,615.96,3.04,97.05,0.0469,9.98,14.22,14.07,30.0,0.0,25.0,sensor_drift,0.59
fault_sensor_drift_1,2834,1789846771.227409,2701.0,128.18,623.8,2.94,97.11,0.0402,9.83,14.2,14.15,30.0,0.0,25.0,sensor_drift,0.59
fault_sensor_drift_1,2835,1789846772.227409,2701.6,128.17,619.15,2.89,97.07,0.0478,9.74,14.27,14.23,30.0,0.0,25.0,sensor_drift,0.59
fault_sensor_drift_1,2836,1789846773.227409,2694.4,128.27,621.97,2.92,96.91,0.0362,9.67,14.27,14.01,30.0,0.0,25.0,sensor_drift,0.59
fault_sensor_drift_1,2837,1789846774.227409,2689.2,128.1,621.06,2.99,96.75,0.0396,9.79,14.25,14.4,30.0,0.0,25.0,sensor_drift,0.59
fault_sensor_drift_1,2838,1789846775.227409,2698.3,128.25,622.9,2.96,96.63,0.0364,9.86,14.22,14.46,30.0,0.0,25.0,sensor_drift,0.59
fault_sensor_drift_1,2839,1789846776.227409,2703.0,127.84,617.82,2.92,96.72,0.034,9.86,14.21,14.31,30.0,0.0,25.0,sensor_drift,0.59
fault_sensor_drift_1,2840,1789846777.227409,2699.6,127.94,620.9,2.88,96.73,0.0335,9.77,14.24,14.57,30.0,0.0,25.0,sensor_drift,0.59
fault_sensor_drift_1,2841,1789846778.227409,2696.9,128.15,619.48,2.84,96.85,0.0393,9.77,14.2,14.61,30.0,0.0,25.0,sensor_drift,0.59
fault_sensor_drift_1,2842,1789846779.227409,2699.8,128.17,624.17,2.87,96.72,0.0373,9.68,14.14,14.22,30.0,0.0,25.0,sensor_drift,0.59
fault_sensor_drift_1,2843,1789846780.227409,2695.5,127.95,621.97,2.91,96.77,0.0445,9.71,14.12,14.53,30.0,0.0,25.0,sensor_drift,0.59
fault_sensor_drift_1,2844,1789846781.227409,2714.0,127.92,618.72,2.9,96.99,0.0352,9.72,14.14,14.45,30.0,0.0,25.0,sensor_drift,0.59
fault_sensor_drift_1,2845,1789846782.227409,2712.2,127.72,617.87,2.85,97.17,0.0371,9.86,14.12,14.54,30.0,0.0,25.0,sensor_drift,0.59
fault_sensor_drift_1,2846,1789846783.227409,2723.4,127.69,609.4,2.8,97.22,0.0414,10.11,14.15,14.48,30.0,0.0,25.0,sensor_drift,0.59
fault_sensor_drift_1,2847,1789846784.227409,2711.7,127.62,612.06,2.76,97.21,0.0369,10.02,14.2,14.72,30.0,0.0,25.0,sensor_drift,0.59
fault_sensor_drift_1,2848,1789846785.227409,2694.2,127.65,612.15,2.78,97.23,0.0413,10.07,14.2,14.36,30.0,0.0,25.0,sensor_drift,0.59
fault_sensor_drift_1,2849,1789846786.227409,2712.3,127.5,610.04,2.79,97.09,0.0381,9.93,14.29,14.29,30.0,0.0,25.0,sensor_drift,0.59
fault_sensor_drift_1,2850,1789846787.227409,2721.4,127.17,606.46,2.79,97.28,0.0383,10.0,14.22,14.46,30.0,0.0,25.0,sensor_drift,0.59
fault_sensor_drift_1,2851,1789846788.227409,2701.2,127.68,609.46,2.79,97.25,0.0367,9.95,14.25,14.45,30.0,0.0,25.0,sensor_drift,0.59
fault_sensor_drift_1,2852,1789846789.227409,2727.5,127.61,607.69,2.86,97.07,0.0411,9.78,14.3,14.31,30.0,0.0,25.0,sensor_drift,0.59
fault_sensor_drift_1,2853,1789846790.227409,2706.7,127.91,612.47,2.9,97.12,0.0387,9.92,14.26,14.2,30.0,0.0,25.0,sensor_drift,0.59
fault_sensor_drift_1,2854,1789846791.227409,2734.0,127.9,612.53,2.98,97.21,0.0454,9.83,14.27,14.07,30.0,0.0,25.0,sensor_drift,0.59
fault_sensor_drift_1,2855,1789846792.227409,2723.9,127.72,610.85,2.92,97.19,0.0446,9.57,14.25,14.2,30.0,0.0,25.0,sensor_drift,0.59
fault_sensor_drift_1,2856,1789846793.227409,2710.9,127.79,614.16,2.85,97.29,0.0426,9.64,14.17,14.39,30.0,0.0,25.0,sensor_drift,0.59
fault_sensor_drift_1,2857,1789846794.227409,2698.1,128.01,613.45,2.85,97.35,0.0533,9.67,14.12,14.11,30.0,0.0,25.0,sensor_drift,0.59
fault_sensor_drift_1,2858,1789846795.227409,2718.7,128.01,616.84,2.92,97.29,0.0375,9.56,14.08,14.51,30.0,0.0,25.0,sensor_drift,0.59
fault_sensor_drift_1,2859,1789846796.227409,2712.6,128.48,610.91,2.9,97.21,0.0411,9.63,13.99,14.35,30.0,0.0,25.0,sensor_drift,0.59
fault_sensor_drift_1,2860,1789846797.227409,2679.5,128.3,611.29,2.81,97.3,0.0359,9.66,13.96,14.25,30.0,0.0,25.0,sensor_drift,0.59
fault_sensor_drift_1,2861,1789846798.227409,2688.8,128.47,611.19,2.85,97.26,0.0353,9.79,14.01,14.29,30.0,0.0,25.0,sensor_drift,0.59
fault_sensor_drift_1,2862,1789846799.227409,2681.6,128.41,613.84,2.84,97.48,0.0375,9.8,14.02,14.35,30.0,0.0,25.0,sensor_drift,0.59
fault_sensor_drift_1,2863,1789846800.227409,2698.4,128.28,619.28,2.85,97.45,0.0319,9.78,14.0,14.75,30.0,0.0,25.0,sensor_drift,0.59
fault_sensor_drift_1,2864,1789846801.227409,2715.1,128.29,616.94,2.9,97.41,0.0387,9.77,13.99,14.56,30.0,0.0,25.0,sensor_drift,0.59
fault_sensor_drift_1,2865,1789846802.227409,2687.6,128.7,620.28,2.88,97.52,0.0349,9.69,13.92,14.76,30.0,0.0,25.0,sensor_drift,0.59
fault_sensor_drift_1,2866,1789846803.227409,2726.6,128.44,622.89,2.85,97.52,0.0549,9.83,13.96,14.46,30.0,0.0,25.0,sensor_drift,0.59
fault_sensor_drift_1,2867,1789846804.227409,2733.6,128.83,615.93,2.79,97.42,0.0461,9.82,14.0,14.55,30.0,0.0,25.0,sensor_drift,0.59
fault_sensor_drift_1,2868,1789846805.227409,2735.4,129.13,616.29,2.77,97.38,0.0413,9.8,14.02,14.37,30.0,0.0,25.0,sensor_drift,0.59
fault_sensor_drift_1,2869,1789846806.227409,2739.4,128.82,615.12,2.84,97.5,0.0458,9.71,14.09,14.32,30.0,0.0,25.0,sensor_drift,0.59
fault_sensor_drift_1,2870,1789846807.227409,2742.0,129.13,620.67,2.84,97.63,0.042,9.91,14.1,14.42,30.0,0.0,25.0,sensor_drift,0.59
fault_sensor_drift_1,2871,1789846808.227409,2740.2,129.06,625.04,2.73,97.49,0.0429,10.14,14.2,14.72,30.0,0.0,25.0,sensor_drift,0.59
fault_sensor_drift_1,2872,1789846809.227409,2718.4,129.05,625.57,2.81,97.63,0.0351,10.1,14.27,14.47,30.0,0.0,25.0,sensor_drift,0.59
fault_sensor_drift_1,2873,1789846810.227409,2724.0,129.25,628.87,2.83,97.68,0.0371,10.01,14.26,14.09,30.0,0.0,25.0,sensor_drift,0.59
fault_sensor_drift_1,2874,1789846811.227409,2731.5,128.83,628.55,2.77,97.68,0.03,10.07,14.16,14.58,30.0,0.0,25.0,sensor_drift,0.59
fault_sensor_drift_1,2875,1789846812.227409,2759.7,128.92,621.15,2.87,97.5,0.0347,10.18,14.15,14.15,30.0,0.0,25.0,sensor_drift,0.59
fault_sensor_drift_1,2876,1789846813.227409,2745.0,128.97,615.12,2.89,97.4,0.0276,10.1,14.18,14.32,30.0,0.0,25.0,sensor_drift,0.59
fault_sensor_drift_1,2877,1789846814.227409,2743.7,128.96,618.39,2.83,97.56,0.0309,10.09,14.11,14.4,30.0,0.0,25.0,sensor_drift,0.59
fault_sensor_drift_1,2878,1789846815.227409,2749.4,128.95,617.72,2.81,97.6,0.0316,10.14,14.11,14.45,30.0,0.0,25.0,sensor_drift,0.59
fault_sensor_drift_1,2879,1789846816.227409,2747.1,129.12,621.18,2.87,97.45,0.0334,10.11,13.99,14.38,30.0,0.0,25.0,sensor_drift,0.59
fault_sensor_drift_1,2880,1789846817.227409,2756.3,128.96,619.04,2.87,97.42,0.0371,10.1,13.93,14.15,30.0,0.0,25.0,sensor_drift,0.59
fault_sensor_drift_1,2881,1789846818.227409,2738.9,128.97,616.71,2.88,97.4,0.0456,10.07,13.97,14.08,30.0,0.0,25.0,sensor_drift,0.59
fault_sensor_drift_1,2882,1789846819.227409,2722.2,128.45,618.27,2.81,97.4,0.0486,10.19,13.98,14.38,30.0,0.0,25.0,sensor_drift,0.59
fault_sensor_drift_1,2883,1789846820.227409,2717.2,128.26,618.26,2.81,97.37,0.0479,10.25,13.99,14.16,30.0,0.0,25.0,sensor_drift,0.59
fault_sensor_drift_1,2884,1789846821.227409,2717.3,128.42,623.48,2.85,97.41,0.0433,10.19,13.88,14.26,30.0,0.0,25.0,sensor_drift,0.59
fault_sensor_drift_1,2885,1789846822.227409,2727.5,128.28,618.7,2.87,97.36,0.0457,10.2,13.82,14.14,30.0,0.0,25.0,sensor_drift,0.59
fault_sensor_drift_1,2886,1789846823.227409,2721.5,127.96,618.75,2.94,97.39,0.038,10.27,13.8,14.57,30.0,0.0,25.0,sensor_drift,0.59
fault_sensor_drift_1,2887,1789846824.227409,2731.4,127.99,612.74,2.94,97.34,0.0219,10.26,13.92,14.67,30.0,0.0,25.0,sensor_drift,0.59
fault_sensor_drift_1,2888,1789846825.227409,2708.5,127.84,611.42,2.89,97.18,0.0264,10.28,13.94,14.34,30.0,0.0,25.0,sensor_drift,0.59
fault_sensor_drift_1,2889,1789846826.227409,2728.7,127.78,609.97,2.86,97.26,0.0265,10.2,13.96,14.75,30.0,0.0,25.0,sensor_drift,0.59
fault_sensor_drift_1,2890,1789846827.227409,2740.8,128.19,613.04,2.9,97.28,0.0266,9.97,14.0,14.24,30.0,0.0,25.0,sensor_drift,0.59
fault_sensor_drift_1,2891,1789846828.227409,2739.2,128.07,614.4,2.89,97.19,0.0317,10.11,13.98,14.4,30.0,0.0,25.0,sensor_drift,0.59
fault_sensor_drift_1,2892,1789846829.227409,2750.6,128.13,611.82,2.9,97.03,0.0322,10.19,13.96,14.52,30.0,0.0,25.0,sensor_drift,0.59
fault_sensor_drift_1,2893,1789846830.227409,2755.7,128.27,612.52,2.95,96.97,0.0367,10.28,14.06,14.79,30.0,0.0,25.0,sensor_drift,0.59
fault_sensor_drift_1,2894,1789846831.227409,2767.1,128.58,609.22,3.04,96.95,0.0307,10.12,14.08,14.51,30.0,0.0,25.0,sensor_drift,0.59
fault_sensor_drift_1,2895,1789846832.227409,2761.6,128.68,612.0,3.07,96.86,0.0315,10.07,14.03,14.51,30.0,0.0,25.0,sensor_drift,0.59
fault_sensor_drift_1,2896,1789846833.227409,2770.1,128.58,606.96,3.02,97.04,0.0353,10.1,14.0,14.42,30.0,0.0,25.0,sensor_drift,0.59
fault_sensor_drift_1,2897,1789846834.227409,2778.4,128.64,606.82,3.05,97.04,0.0301,10.03,13.97,14.57,30.0,0.0,25.0,sensor_drift,0.59
fault_sensor_drift_1,2898,1789846835.227409,2749.0,128.77,612.01,2.96,97.05,0.03,10.09,14.01,14.32,30.0,0.0,25.0,sensor_drift,0.59
fault_sensor_drift_1,2899,1789846836.227409,2761.9,128.71,611.35,2.98,97.08,0.0246,10.02,13.96,14.56,30.0,0.0,25.0,sensor_drift,0.59
fault_sensor_drift_1,2900,1789846837.227409,2739.1,128.62,613.35,2.88,97.1,0.0282,10.04,13.95,14.45,30.0,0.0,25.0,sensor_drift,0.59
fault_sensor_drift_1,2901,1789846838.227409,2739.5,128.42,609.17,2.89,97.04,0.0343,10.12,13.94,14.2,30.0,0.0,25.0,sensor_drift,0.59
fault_sensor_drift_1,2902,1789846839.227409,2735.2,128.68,611.96,2.93,97.16,0.0436,10.22,13.99,14.47,30.0,0.0,25.0,sensor_drift,0.59
fault_sensor_drift_1,2903,1789846840.227409,2727.3,128.67,611.28,2.79,97.15,0.0426,10.07,14.01,14.59,30.0,0.0,25.0,sensor_drift,0.59
fault_sensor_drift_1,2904,1789846841.227409,2737.3,128.62,615.55,2.83,97.13,0.0351,10.12,14.0,14.63,30.0,0.0,25.0,sensor_drift,0.59
fault_sensor_drift_1,2905,1789846842.227409,2744.5,128.79,612.4,2.95,97.04,0.0349,10.21,13.91,14.27,30.0,0.0,25.0,sensor_drift,0.59
fault_sensor_drift_1,2906,1789846843.227409,2753.9,128.57,612.66,2.98,97.03,0.0398,10.15,13.8,14.49,30.0,0.0,25.0,sensor_drift,0.59
fault_sensor_drift_1,2907,1789846844.227409,2746.2,128.45,616.11,2.93,97.01,0.0358,10.26,13.81,13.91,30.0,0.0,25.0,sensor_drift,0.59
fault_sensor_drift_1,2908,1789846845.227409,2753.8,129.03,613.98,2.92,96.99,0.0412,10.24,13.88,14.11,30.0,0.0,25.0,sensor_drift,0.59
fault_sensor_drift_1,2909,1789846846.227409,2736.0,128.63,620.48,2.93,97.15,0.0423,10.18,13.94,13.96,30.0,0.0,25.0,sensor_drift,0.59
fault_sensor_drift_1,2910,1789846847.227409,2754.0,128.82,618.15,2.97,97.24,0.0373,10.23,13.92,13.74,30.0,0.0,25.0,sensor_drift,0.59
fault_sensor_drift_1,2911,1789846848.227409,2749.2,128.69,618.97,2.88,97.2,0.0343,10.08,13.89,13.78,30.0,0.0,25.0,sensor_drift,0.59
fault_sensor_drift_1,2912,1789846849.227409,2757.0,128.61,618.51,2.99,97.47,0.0378,9.97,13.89,14.16,30.0,0.0,25.0,sensor_drift,0.59
fault_sensor_drift_1,2913,1789846850.227409,2748.1,128.77,621.07,2.88,97.44,0.0381,9.83,13.87,14.11,30.0,0.0,25.0,sensor_drift,0.59
fault_sensor_drift_1,2914,1789846851.227409,2733.3,128.51,616.95,2.87,97.48,0.0399,9.75,13.85,14.29,30.0,0.0,25.0,sensor_drift,0.59
fault_sensor_drift_1,2915,1789846852.227409,2733.4,128.56,615.63,2.8,97.48,0.0401,9.65,13.84,14.2,30.0,0.0,25.0,sensor_drift,0.59
fault_sensor_drift_1,2916,1789846853.227409,2728.3,128.71,613.41,2.74,97.56,0.0453,9.93,13.8,14.23,30.0,0.0,25.0,sensor_drift,0.59
fault_sensor_drift_1,2917,1789846854.227409,2710.3,128.52,620.95,2.74,97.43,0.0377,9.82,13.88,14.14,30.0,0.0,25.0,sensor_drift,0.59
fault_sensor_drift_1,2918,1789846855.227409,2721.3,128.67,617.03,2.78,97.34,0.0292,9.74,13.95,14.47,30.0,0.0,25.0,sensor_drift,0.59
fault_sensor_drift_1,2919,1789846856.227409,2711.9,128.56,618.63,2.81,97.31,0.0341,9.8,13.92,14.54,30.0,0.0,25.0,sensor_drift,0.59
fault_sensor_drift_1,2920,1789846857.227409,2721.3,128.75,619.93,2.8,97.37,0.0434,9.82,13.95,14.34,30.0,0.0,25.0,sensor_drift,0.59
fault_sensor_drift_1,2921,1789846858.227409,2722.7,128.89,618.91,2.86,97.33,0.0433,9.79,14.0,14.34,30.0,0.0,25.0,sensor_drift,0.59
fault_sensor_drift_1,2922,1789846859.227409,2727.8,129.07,613.64,2.89,97.31,0.0412,9.86,14.01,14.51,30.0,0.0,25.0,sensor_drift,0.59
fault_sensor_drift_1,2923,1789846860.227409,2735.9,129.35,613.76,2.91,97.19,0.0387,9.79,14.01,14.31,30.0,0.0,25.0,sensor_drift,0.59
fault_sensor_drift_1,2924,1789846861.227409,2728.4,129.29,612.7,2.88,97.18,0.0355,9.73,14.04,14.37,30.0,0.0,25.0,sensor_drift,0.59
fault_sensor_drift_1,2925,1789846862.227409,2744.8,129.38,614.29,2.85,97.25,0.0373,9.77,14.06,14.56,30.0,0.0,25.0,sensor_drift,0.59
fault_sensor_drift_1,2926,1789846863.227409,2719.8,129.15,615.35,2.86,97.11,0.0403,9.96,14.17,14.48,30.0,0.0,25.0,sensor_drift,0.59
fault_sensor_drift_1,2927,1789846864.227409,2723.7,128.82,612.99,2.94,96.92,0.036,10.09,14.12,14.48,30.0,0.0,25.0,sensor_drift,0.59
fault_sensor_drift_1,2928,1789846865.227409,2722.4,128.74,613.83,2.99,97.11,0.0321,10.19,14.16,14.19,30.0,0.0,25.0,sensor_drift,0.59
fault_sensor_drift_1,2929,1789846866.227409,2717.8,128.47,616.84,2.91,97.18,0.0368,10.08,14.05,14.18,30.0,0.0,25.0,sensor_drift,0.59
fault_sensor_drift_1,2930,1789846867.227409,2719.3,128.32,615.44,2.91,97.38,0.0389,10.1,14.01,14.0,30.0,0.0,25.0,sensor_drift,0.59
fault_sensor_drift_1,2931,1789846868.227409,2743.4,128.29,618.26,3.04,97.48,0.0442,10.12,14.0,14.1,30.0,0.0,25.0,sensor_drift,0.59
fault_sensor_drift_1,2932,1789846869.227409,2718.6,128.44,619.61,3.01,97.33,0.0616,10.03,13.95,14.06,30.0,0.0,25.0,sensor_drift,0.59
fault_sensor_drift_1,2933,1789846870.227409,2737.4,128.17,619.36,2.95,97.51,0.0507,9.95,13.94,14.16,30.0,0.0,25.0,sensor_drift,0.59
fault_sensor_drift_1,2934,1789846871.227409,2718.4,128.38,625.43,2.91,97.4,0.0499,10.13,13.98,13.95,30.0,0.0,25.0,sensor_drift,0.59
fault_sensor_drift_1,2935,1789846872.227409,2730.9,128.44,623.38,2.87,97.37,0.0415,10.08,13.95,14.29,30.0,0.0,25.0,sensor_drift,0.59
fault_sensor_drift_1,2936,1789846873.227409,2745.2,128.58,619.33,2.85,97.56,0.0341,9.98,13.93,14.31,30.0,0.0,25.0,sensor_drift,0.59
fault_sensor_drift_1,2937,1789846874.227409,2737.9,128.56,618.16,2.9,97.63,0.0357,9.93,13.94,14.68,30.0,0.0,25.0,sensor_drift,0.59
fault_sensor_drift_1,2938,1789846875.227409,2741.3,128.35,620.83,2.89,97.5,0.029,9.95,13.99,14.42,30.0,0.0,25.0,sensor_drift,0.59
fault_sensor_drift_1,2939,1789846876.227409,2733.9,128.33,618.7,2.88,97.56,0.035,9.86,13.96,14.7,30.0,0.0,25.0,sensor_drift,0.59
fault_sensor_drift_1,2940,1789846877.227409,2736.1,128.56,616.64,2.88,97.6,0.0409,9.71,13.91,14.62,30.0,0.0,25.0,sensor_drift,0.59
fault_sensor_drift_1,2941,1789846878.227409,2742.9,129.08,616.09,2.97,97.53,0.0431,9.67,13.92,13.91,30.0,0.0,25.0,sensor_drift,0.59
fault_sensor_drift_1,2942,1789846879.227409,2728.5,129.04,611.32,2.99,97.48,0.0295,9.93,13.9,14.19,30.0,0.0,25.0,sensor_drift,0.59
fault_sensor_drift_1,2943,1789846880.227409,2739.0,129.4,615.55,2.9,97.69,0.026,9.96,13.88,14.43,30.0,0.0,25.0,sensor_drift,0.59
fault_sensor_drift_1,2944,1789846881.227409,2750.6,129.3,606.16,2.89,97.74,0.0259,9.89,13.94,14.48,30.0,0.0,25.0,sensor_drift,0.59
fault_sensor_drift_1,2945,1789846882.227409,2736.1,129.4,607.98,2.83,97.67,0.0351,9.88,13.87,14.37,30.0,0.0,25.0,sensor_drift,0.59
fault_sensor_drift_1,2946,1789846883.227409,2743.4,129.66,604.5,2.92,97.61,0.0328,9.77,13.9,14.14,30.0,0.0,25.0,sensor_drift,0.59
fault_sensor_drift_1,2947,1789846884.227409,2742.9,129.83,603.59,2.85,97.69,0.0315,9.88,14.02,14.16,30.0,0.0,25.0,sensor_drift,0.59
fault_sensor_drift_1,2948,1789846885.227409,2743.5,129.58,606.95,2.85,97.71,0.0347,9.82,14.05,14.44,30.0,0.0,25.0,sensor_drift,0.59
fault_sensor_drift_1,2949,1789846886.227409,2743.4,129.79,610.93,2.99,97.62,0.0355,9.78,14.1,14.33,30.0,0.0,25.0,sensor_drift,0.59
fault_sensor_drift_1,2950,1789846887.227409,2735.4,129.65,611.45,2.96,97.78,0.0468,9.85,14.08,14.42,30.0,0.0,25.0,sensor_drift,0.59
fault_sensor_drift_1,2951,1789846888.227409,2717.1,129.97,611.38,2.88,97.72,0.0368,9.94,14.08,14.48,30.0,0.0,25.0,sensor_drift,0.59
fault_sensor_drift_1,2952,1789846889.227409,2706.8,130.15,610.19,2.87,97.74,0.0404,10.08,14.05,14.03,30.0,0.0,25.0,sensor_drift,0.59
fault_sensor_drift_1,2953,1789846890.227409,2702.4,130.18,612.41,2.9,97.7,0.0319,9.88,14.17,13.96,30.0,0.0,25.0,sensor_drift,0.59
fault_sensor_drift_1,2954,1789846891.227409,2707.6,129.94,616.32,2.86,97.73,0.0372,10.06,14.11,14.18,30.0,0.0,25.0,sensor_drift,0.59
fault_sensor_drift_1,2955,1789846892.227409,2726.7,129.45,617.03,2.91,97.72,0.0311,9.95,14.11,14.45,30.0,0.0,25.0,sensor_drift,0.59
fault_sensor_drift_1,2956,1789846893.227409,2729.8,129.21,616.83,2.89,97.57,0.0372,9.98,14.08,14.75,30.0,0.0,25.0,sensor_drift,0.59
fault_sensor_drift_1,2957,1789846894.227409,2714.5,129.14,614.57,2.86,97.39,0.0305,10.06,14.09,14.49,30.0,0.0,25.0,sensor_drift,0.59
fault_sensor_drift_1,2958,1789846895.227409,2719.7,129.08,614.28,2.85,97.51,0.0408,10.21,14.09,14.59,30.0,0.0,25.0,sensor_drift,0.59
fault_sensor_drift_1,2959,1789846896.227409,2710.5,128.98,619.09,2.9,97.38,0.0435,10.17,14.12,14.61,30.0,0.0,25.0,sensor_drift,0.59
fault_sensor_drift_1,2960,1789846897.227409,2719.1,129.16,618.48,3.04,97.39,0.0336,10.21,14.14,14.77,30.0,0.0,25.0,sensor_drift,0.59
fault_sensor_drift_1,2961,1789846898.227409,2719.2,129.11,616.94,3.03,97.2,0.0352,10.19,14.14,14.82,30.0,0.0,25.0,sensor_drift,0.59
fault_sensor_drift_1,2962,1789846899.227409,2731.4,129.35,619.47,2.97,97.27,0.0435,10.13,14.19,14.06,30.0,0.0,25.0,sensor_drift,0.59
fault_sensor_drift_1,2963,1789846900.227409,2704.9,129.48,618.65,2.96,97.42,0.0442,10.19,14.18,13.69,30.0,0.0,25.0,sensor_drift,0.59
fault_sensor_drift_1,2964,1789846901.227409,2711.6,129.4,620.05,2.87,97.45,0.0485,10.08,14.16,14.25,30.0,0.0,25.0,sensor_drift,0.59
fault_sensor_drift_1,2965,1789846902.227409,2735.2,129.25,617.67,2.86,97.29,0.0482,9.89,14.12,14.26,30.0,0.0,25.0,sensor_drift,0.59
fault_sensor_drift_1,2966,1789846903.227409,2748.7,129.39,618.59,2.82,97.19,0.0421,9.93,14.13,14.36,30.0,0.0,25.0,sensor_drift,0.59
fault_sensor_drift_1,2967,1789846904.227409,2774.7,129.53,619.89,2.92,97.11,0.0369,9.97,14.22,14.77,30.0,0.0,25.0,sensor_drift,0.59
fault_sensor_drift_1,2968,1789846905.227409,2786.4,129.09,616.72,2.92,97.14,0.035,9.79,14.3,14.34,30.0,0.0,25.0,sensor_drift,0.59
fault_sensor_drift_1,2969,1789846906.227409,2800.4,129.34,614.55,2.9,97.1,0.0308,9.87,14.32,14.5,30.0,0.0,25.0,sensor_drift,0.59
fault_sensor_drift_1,2970,1789846907.227409,2787.0,129.15,612.95,2.94,97.29,0.0393,9.9,14.29,14.27,30.0,0.0,25.0,sensor_drift,0.59
fault_sensor_drift_1,2971,1789846908.227409,2796.8,129.39,613.69,2.83,97.16,0.0407,9.99,14.22,14.34,30.0,0.0,25.0,sensor_drift,0.59
fault_sensor_drift_1,2972,1789846909.227409,2767.6,129.3,611.84,2.9,97.15,0.0307,10.07,14.21,14.59,30.0,0.0,25.0,sensor_drift,0.59
fault_sensor_drift_1,2973,1789846910.227409,2768.6,129.69,616.06,2.93,97.05,0.0354,10.2,14.2,14.55,30.0,0.0,25.0,sensor_drift,0.59
fault_sensor_drift_1,2974,1789846911.227409,2764.3,129.5,618.1,2.86,97.1,0.0329,10.11,14.25,14.31,30.0,0.0,25.0,sensor_drift,0.59
fault_sensor_drift_1,2975,1789846912.227409,2782.9,129.6,620.1,2.89,97.0,0.0328,10.04,14.23,14.02,30.0,0.0,25.0,sensor_drift,0.59
fault_sensor_drift_1,2976,1789846913.227409,2766.3,129.2,614.39,2.9,96.88,0.0302,10.13,14.24,14.3,30.0,0.0,25.0,sensor_drift,0.59
fault_sensor_drift_1,2977,1789846914.227409,2745.1,129.13,617.59,2.9,96.95,0.0346,10.23,14.18,13.82,30.0,0.0,25.0,sensor_drift,0.59
fault_sensor_drift_1,2978,1789846915.227409,2735.0,129.08,622.31,2.92,96.79,0.031,10.12,14.1,14.07,30.0,0.0,25.0,sensor_drift,0.59
fault_sensor_drift_1,2979,1789846916.227409,2721.0,128.93,622.75,2.86,97.07,0.0313,9.93,14.05,14.0,30.0,0.0,25.0,sensor_drift,0.59
fault_sensor_drift_1,2980,1789846917.227409,2726.9,129.14,619.6,2.9,97.08,0.0349,9.87,14.09,14.26,30.0,0.0,25.0,sensor_drift,0.59
fault_sensor_drift_1,2981,1789846918.227409,2743.4,129.1,618.27,3.0,97.02,0.037,9.78,14.13,14.5,30.0,0.0,25.0,sensor_drift,0.59
fault_sensor_drift_1,2982,1789846919.227409,2739.5,129.12,614.94,3.08,97.07,0.0382,9.82,14.04,14.58,30.0,0.0,25.0,sensor_drift,0.59
fault_sensor_drift_1,2983,1789846920.227409,2737.2,129.14,613.44,2.98,97.14,0.0325,9.82,13.97,14.24,30.0,0.0,25.0,sensor_drift,0.59
fault_sensor_drift_1,2984,1789846921.227409,2726.3,129.04,613.13,2.92,97.16,0.0389,9.9,13.97,14.29,30.0,0.0,25.0,sensor_drift,0.59
fault_sensor_drift_1,2985,1789846922.227409,2765.4,128.97,607.57,2.9,97.25,0.0335,9.87,14.07,14.2,30.0,0.0,25.0,sensor_drift,0.59
fault_sensor_drift_1,2986,1789846923.227409,2747.6,128.81,604.66,2.92,97.21,0.0295,9.96,13.98,14.47,30.0,0.0,25.0,sensor_drift,0.59
fault_sensor_drift_1,2987,1789846924.227409,2749.1,129.36,609.6,2.93,97.06,0.0349,9.88,14.09,14.41,30.0,0.0,25.0,sensor_drift,0.59
fault_sensor_drift_1,2988,1789846925.227409,2727.4,129.8,614.62,2.89,96.91,0.029,9.93,14.08,14.31,30.0,0.0,25.0,sensor_drift,0.59
fault_sensor_drift_1,2989,1789846926.227409,2728.8,129.66,609.03,2.9,97.11,0.0354,9.67,14.12,14.64,30.0,0.0,25.0,sensor_drift,0.59
fault_sensor_drift_1,2990,1789846927.227409,2744.6,129.76,610.4,2.85,96.99,0.0438,9.89,14.14,14.18,30.0,0.0,25.0,sensor_drift,0.59
fault_sensor_drift_1,2991,1789846928.227409,2731.7,129.85,614.91,2.94,97.04,0.0466,9.94,14.2,14.2,30.0,0.0,25.0,sensor_drift,0.59
fault_sensor_drift_1,2992,1789846929.227409,2732.8,129.44,617.06,2.93,97.09,0.0445,10.05,14.19,14.15,30.0,0.0,25.0,sensor_drift,0.59
fault_sensor_drift_1,2993,1789846930.227409,2713.7,129.32,616.28,3.02,97.06,0.0414,10.08,14.19,14.16,30.0,0.0,25.0,sensor_drift,0.59
fault_sensor_drift_1,2994,1789846931.227409,2721.0,129.62,617.41,2.97,97.15,0.0403,10.18,14.15,14.56,30.0,0.0,25.0,sensor_drift,0.59
fault_sensor_drift_1,2995,1789846932.227409,2702.5,129.14,614.05,3.06,97.21,0.0345,9.94,14.12,14.65,30.0,0.0,25.0,sensor_drift,0.59
fault_sensor_drift_1,2996,1789846933.227409,2692.4,129.4,611.96,3.04,97.3,0.0351,9.86,14.1,14.55,30.0,0.0,25.0,sensor_drift,0.59
fault_sensor_drift_1,2997,1789846934.227409,2682.6,129.39,613.78,2.95,97.38,0.0233,9.9,14.11,14.56,30.0,0.0,25.0,sensor_drift,0.59
fault_sensor_drift_1,2998,1789846935.227409,2672.6,129.15,609.94,2.97,97.27,0.032,9.93,14.13,14.66,30.0,0.0,25.0,sensor_drift,0.59
fault_sensor_drift_1,2999,1789846936.227409,2648.4,129.18,612.25,2.99,97.26,0.0401,10.02,14.15,14.54,30.0,0.0,25.0,sensor_drift,0.59
fault_sensor_drift_1,3000,1789846937.227409,2251.5,129.57,603.26,2.6,97.19,0.0401,8.36,14.21,13.11,10.0,0.0,25.0,sensor_drift,0.59
fault_sensor_drift_1,3001,1789846938.227409,2051.9,129.4,591.17,2.49,97.16,0.0332,7.5,14.16,12.24,10.0,0.0,25.0,sensor_drift,0.59
fault_sensor_drift_1,3002,1789846939.227409,1960.5,129.14,577.63,2.44,97.25,0.0314,6.96,14.04,11.73,10.0,0.0,25.0,sensor_drift,0.59
fault_sensor_drift_1,3003,1789846940.227409,1905.3,128.89,566.32,2.44,97.16,0.0293,6.73,13.87,11.27,10.0,0.0,25.0,sensor_drift,0.59
fault_sensor_drift_1,3004,1789846941.227409,1868.5,128.27,562.01,2.37,97.19,0.0324,6.5,13.81,11.2,10.0,0.0,25.0,sensor_drift,0.59
fault_sensor_drift_1,3005,1789846942.227409,1838.1,128.16,558.7,2.25,97.21,0.0308,6.62,13.82,11.21,10.0,0.0,25.0,sensor_drift,0.59
fault_sensor_drift_1,3006,1789846943.227409,1840.7,127.99,555.78,2.28,97.25,0.0316,6.45,13.77,11.19,10.0,0.0,25.0,sensor_drift,0.59
fault_sensor_drift_1,3007,1789846944.227409,1850.7,127.73,547.15,2.23,97.2,0.0384,6.55,13.75,11.55,10.0,0.0,25.0,sensor_drift,0.59
fault_sensor_drift_1,3008,1789846945.227409,1827.6,127.71,541.18,2.25,97.17,0.0263,6.51,13.78,11.05,10.0,0.0,25.0,sensor_drift,0.59
fault_sensor_drift_1,3009,1789846946.227409,1822.9,127.59,541.58,2.31,97.31,0.0189,6.5,13.77,11.11,10.0,0.0,25.0,sensor_drift,0.59
fault_sensor_drift_1,3010,1789846947.227409,1839.3,127.09,539.48,2.25,97.29,0.0196,6.37,13.8,11.42,10.0,0.0,25.0,sensor_drift,0.59
fault_sensor_drift_1,3011,1789846948.227409,1814.0,126.77,536.95,2.26,97.19,0.0304,6.4,13.82,11.54,10.0,0.0,25.0,sensor_drift,0.59
fault_sensor_drift_1,3012,1789846949.227409,1796.9,126.73,541.63,2.23,97.15,0.0246,6.4,13.8,11.23,10.0,0.0,25.0,sensor_drift,0.59
fault_sensor_drift_1,3013,1789846950.227409,1809.3,126.35,541.68,2.28,97.34,0.0179,6.37,13.66,11.66,10.0,0.0,25.0,sensor_drift,0.59
fault_sensor_drift_1,3014,1789846951.227409,1820.5,126.37,546.74,2.26,97.25,0.0178,6.29,13.65,11.65,10.0,0.0,25.0,sensor_drift,0.59
fault_sensor_drift_1,3015,1789846952.227409,1835.0,126.13,550.76,2.28,97.32,0.0272,6.39,13.64,11.45,10.0,0.0,25.0,sensor_drift,0.59
fault_sensor_drift_1,3016,1789846953.227409,1833.1,126.12,553.26,2.23,97.36,0.0242,6.29,13.62,11.0,10.0,0.0,25.0,sensor_drift,0.59
fault_sensor_drift_1,3017,1789846954.227409,1810.3,125.96,552.47,2.2,97.54,0.0282,6.28,13.62,10.89,10.0,0.0,25.0,sensor_drift,0.59
fault_sensor_drift_1,3018,1789846955.227409,1836.2,125.99,551.82,2.26,97.37,0.0264,6.28,13.61,11.28,10.0,0.0,25.0,sensor_drift,0.59
fault_sensor_drift_1,3019,1789846956.227409,1862.9,125.52,557.35,2.16,97.51,0.0328,6.24,13.56,11.85,10.0,0.0,25.0,sensor_drift,0.59
fault_sensor_drift_1,3020,1789846957.227409,1822.0,125.08,552.99,2.22,97.54,0.031,6.15,13.64,11.29,10.0,0.0,25.0,sensor_drift,0.59
fault_sensor_drift_1,3021,1789846958.227409,1842.3,125.06,549.49,2.17,97.42,0.0311,6.11,13.66,11.12,10.0,0.0,25.0,sensor_drift,0.59
fault_sensor_drift_1,3022,1789846959.227409,1878.6,124.69,546.33,2.19,97.45,0.0278,6.17,13.64,11.22,10.0,0.0,25.0,sensor_drift,0.59
fault_sensor_drift_1,3023,1789846960.227409,1865.5,124.78,550.17,2.22,97.35,0.029,6.27,13.66,11.25,10.0,0.0,25.0,sensor_drift,0.59
fault_sensor_drift_1,3024,1789846961.227409,1847.8,124.46,549.9,2.25,97.3,0.0378,6.17,13.67,11.37,10.0,0.0,25.0,sensor_drift,0.59
fault_sensor_drift_1,3025,1789846962.227409,1846.9,123.96,545.05,2.3,97.37,0.0317,6.24,13.74,11.3,10.0,0.0,25.0,sensor_drift,0.59
fault_sensor_drift_1,3026,1789846963.227409,1851.3,124.16,544.31,2.27,97.39,0.0278,6.17,13.71,11.33,10.0,0.0,25.0,sensor_drift,0.59
fault_sensor_drift_1,3027,1789846964.227409,1864.3,124.16,543.48,2.24,97.23,0.027,6.31,13.82,11.46,10.0,0.0,25.0,sensor_drift,0.59
fault_sensor_drift_1,3028,1789846965.227409,1874.0,124.27,545.78,2.22,97.3,0.0305,6.18,13.84,11.21,10.0,0.0,25.0,sensor_drift,0.59
fault_sensor_drift_1,3029,1789846966.227409,1860.5,123.98,543.36,2.25,97.31,0.0317,6.28,13.8,11.41,10.0,0.0,25.0,sensor_drift,0.59
fault_sensor_drift_1,3030,1789846967.227409,1852.2,123.79,545.14,2.28,97.46,0.0327,6.35,13.76,11.46,10.0,0.0,25.0,sensor_drift,0.59
fault_sensor_drift_1,3031,1789846968.227409,1846.2,123.86,543.84,2.35,97.29,0.0333,6.51,13.81,11.03,10.0,0.0,25.0,sensor_drift,0.59
fault_sensor_drift_1,3032,1789846969.227409,1852.5,123.7,547.1,2.3,97.27,0.032,6.55,13.85,11.05,10.0,0.0,25.0,sensor_drift,0.59
fault_sensor_drift_1,3033,1789846970.227409,1877.8,123.63,543.63,2.29,97.16,0.0332,6.51,13.83,11.32,10.0,0.0,25.0,sensor_drift,0.59
fault_sensor_drift_1,3034,1789846971.227409,1894.0,123.97,542.13,2.21,96.95,0.0289,6.55,13.92,11.36,10.0,0.0,25.0,sensor_drift,0.59
fault_sensor_drift_1,3035,1789846972.227409,1881.3,124.12,546.54,2.2,96.58,0.0309,6.52,13.96,11.48,10.0,0.0,25.0,sensor_drift,0.59
fault_sensor_drift_1,3036,1789846973.227409,1871.1,123.96,544.61,2.22,96.51,0.0255,6.49,13.99,11.42,10.0,0.0,25.0,sensor_drift,0.59
fault_sensor_drift_1,3037,1789846974.227409,1849.3,123.67,543.89,2.33,96.48,0.0321,6.28,13.92,11.52,10.0,0.0,25.0,sensor_drift,0.59
fault_sensor_drift_1,3038,1789846975.227409,1863.3,123.46,549.91,2.34,96.38,0.0289,6.32,13.83,11.39,10.0,0.0,25.0,sensor_drift,0.59
fault_sensor_drift_1,3039,1789846976.227409,1865.7,123.37,550.47,2.27,96.47,0.0247,6.42,13.85,11.39,10.0,0.0,25.0,sensor_drift,0.59
fault_sensor_drift_1,3040,1789846977.227409,1852.2,123.05,549.69,2.22,96.59,0.03,6.48,13.85,11.58,10.0,0.0,25.0,sensor_drift,0.59
fault_sensor_drift_1,3041,1789846978.227409,1863.4,123.16,548.34,2.13,96.76,0.0187,6.37,13.88,11.56,10.0,0.0,25.0,sensor_drift,0.59
fault_sensor_drift_1,3042,1789846979.227409,1866.0,122.94,545.89,2.13,96.83,0.0308,6.41,13.82,11.42,10.0,0.0,25.0,sensor_drift,0.59
fault_sensor_drift_1,3043,1789846980.227409,1861.9,122.86,542.52,2.14,96.72,0.0241,6.49,13.88,11.56,10.0,0.0,25.0,sensor_drift,0.59
fault_sensor_drift_1,3044,1789846981.227409,1879.9,122.55,544.65,2.1,96.77,0.0238,6.45,13.88,11.43,10.0,0.0,25.0,sensor_drift,0.59
fault_sensor_drift_1,3045,1789846982.227409,1855.1,122.73,541.04,2.12,96.69,0.0271,6.49,13.83,11.13,10.0,0.0,25.0,sensor_drift,0.59
fault_sensor_drift_1,3046,1789846983.227409,1827.5,122.61,539.36,2.17,96.66,0.0295,6.47,13.86,11.12,10.0,0.0,25.0,sensor_drift,0.59
fault_sensor_drift_1,3047,1789846984.227409,1824.2,122.39,544.63,2.22,96.75,0.037,6.39,13.87,11.13,10.0,0.0,25.0,sensor_drift,0.59
fault_sensor_drift_1,3048,1789846985.227409,1837.0,122.28,547.07,2.26,96.82,0.0339,6.39,13.87,11.51,10.0,0.0,25.0,sensor_drift,0.59
fault_sensor_drift_1,3049,1789846986.227409,1869.3,122.47,545.25,2.26,96.68,0.0303,6.37,13.82,11.62,10.0,0.0,25.0,sensor_drift,0.59
fault_sensor_drift_1,3050,1789846987.227409,1818.8,122.54,542.03,2.32,96.47,0.0219,6.45,13.85,11.52,10.0,0.0,25.0,sensor_drift,0.59
fault_sensor_drift_1,3051,1789846988.227409,1816.2,122.38,542.19,2.3,96.5,0.0161,6.58,13.92,11.45,10.0,0.0,25.0,sensor_drift,0.59
fault_sensor_drift_1,3052,1789846989.227409,1817.1,122.54,546.04,2.34,96.49,0.0179,6.46,13.91,11.53,10.0,0.0,25.0,sensor_drift,0.59
fault_sensor_drift_1,3053,1789846990.227409,1809.2,122.45,546.59,2.27,96.54,0.025,6.48,13.89,11.06,10.0,0.0,25.0,sensor_drift,0.59
fault_sensor_drift_1,3054,1789846991.227409,1797.4,123.02,545.8,2.21,96.38,0.0283,6.47,13.92,11.21,10.0,0.0,25.0,sensor_drift,0.59
fault_sensor_drift_1,3055,1789846992.227409,1773.5,122.68,545.51,2.17,96.34,0.0275,6.54,13.87,11.43,10.0,0.0,25.0,sensor_drift,0.59
fault_sensor_drift_1,3056,1789846993.227409,1804.8,122.78,541.8,2.23,96.0,0.0249,6.51,13.86,11.4,10.0,0.0,25.0,sensor_drift,0.59
fault_sensor_drift_1,3057,1789846994.227409,1812.8,122.49,543.75,2.22,95.95,0.0299,6.44,13.82,11.49,10.0,0.0,25.0,sensor_drift,0.59
fault_sensor_drift_1,3058,1789846995.227409,1788.0,122.78,545.46,2.23,95.86,0.0253,6.42,13.78,11.46,10.0,0.0,25.0,sensor_drift,0.59
fault_sensor_drift_1,3059,1789846996.227409,1793.4,122.81,544.57,2.18,95.73,0.0214,6.39,13.77,11.39,10.0,0.0,25.0,sensor_drift,0.59
fault_sensor_drift_1,3060,1789846997.227409,1808.3,123.06,538.75,2.09,95.57,0.0174,6.47,13.69,11.34,10.0,0.0,25.0,sensor_drift,0.59
fault_sensor_drift_1,3061,1789846998.227409,1803.1,122.76,543.97,1.99,95.55,0.0235,6.62,13.71,11.56,10.0,0.0,25.0,sensor_drift,0.59
fault_sensor_drift_1,3062,1789846999.227409,1784.3,122.73,541.54,2.14,95.54,0.0235,6.63,13.71,11.62,10.0,0.0,25.0,sensor_drift,0.59
fault_sensor_drift_1,3063,1789847000.227409,1782.9,122.79,541.58,2.2,95.5,0.0238,6.5,13.77,11.66,10.0,0.0,25.0,sensor_drift,0.59
fault_sensor_drift_1,3064,1789847001.227409,1800.4,122.56,544.91,2.26,95.44,0.0285,6.43,13.8,11.68,10.0,0.0,25.0,sensor_drift,0.59
fault_sensor_drift_1,3065,1789847002.227409,1769.0,122.18,546.17,2.23,95.47,0.0366,6.39,13.75,11.7,10.0,0.0,25.0,sensor_drift,0.59
fault_sensor_drift_1,3066,1789847003.227409,1776.2,121.69,547.27,2.31,95.55,0.029,6.47,13.78,11.5,10.0,0.0,25.0,sensor_drift,0.59
fault_sensor_drift_1,3067,1789847004.227409,1799.5,121.86,545.24,2.19,95.63,0.0268,6.55,13.84,11.19,10.0,0.0,25.0,sensor_drift,0.59
fault_sensor_drift_1,3068,1789847005.227409,1803.8,121.8,548.72,2.19,95.7,0.0269,6.47,13.86,11.16,10.0,0.0,25.0,sensor_drift,0.59
fault_sensor_drift_1,3069,1789847006.227409,1798.3,121.78,544.95,2.12,95.64,0.0253,6.42,13.73,11.0,10.0,0.0,25.0,sensor_drift,0.59
fault_sensor_drift_1,3070,1789847007.227409,1784.1,121.56,543.91,2.14,95.75,0.0292,6.41,13.78,10.95,10.0,0.0,25.0,sensor_drift,0.59
fault_sensor_drift_1,3071,1789847008.227409,1779.7,122.06,542.65,2.14,95.64,0.0238,6.64,13.89,10.91,10.0,0.0,25.0,sensor_drift,0.59
fault_sensor_drift_1,3072,1789847009.227409,1812.1,121.86,546.68,2.23,95.72,0.0279,6.44,13.88,11.08,10.0,0.0,25.0,sensor_drift,0.59
fault_sensor_drift_1,3073,1789847010.227409,1784.5,121.84,548.15,2.27,95.77,0.0253,6.47,13.91,11.25,10.0,0.0,25.0,sensor_drift,0.59
fault_sensor_drift_1,3074,1789847011.227409,1806.4,121.83,545.57,2.22,95.71,0.0197,6.37,13.91,11.43,10.0,0.0,25.0,sensor_drift,0.59
fault_sensor_drift_1,3075,1789847012.227409,1824.1,122.21,547.75,2.28,95.73,0.0239,6.51,13.91,11.55,10.0,0.0,25.0,sensor_drift,0.59
fault_sensor_drift_1,3076,1789847013.227409,1828.6,122.38,544.69,2.22,95.8,0.0297,6.49,13.91,11.31,10.0,0.0,25.0,sensor_drift,0.59
fault_sensor_drift_1,3077,1789847014.227409,1810.2,122.6,550.53,2.16,95.72,0.0267,6.42,13.84,11.34,10.0,0.0,25.0,sensor_drift,0.59
fault_sensor_drift_1,3078,1789847015.227409,1823.7,122.55,552.06,2.21,95.55,0.0253,6.46,13.9,11.59,10.0,0.0,25.0,sensor_drift,0.59
fault_sensor_drift_1,3079,1789847016.227409,1839.2,123.05,550.11,2.3,95.57,0.0257,6.28,13.88,11.67,10.0,0.0,25.0,sensor_drift,0.59
fault_sensor_drift_1,3080,1789847017.227409,1830.1,122.84,547.61,2.25,95.74,0.0304,6.44,13.84,11.67,10.0,0.0,25.0,sensor_drift,0.59
fault_sensor_drift_1,3081,1789847018.227409,1819.2,122.76,552.24,2.2,95.8,0.0353,6.41,13.89,11.35,10.0,0.0,25.0,sensor_drift,0.59
fault_sensor_drift_1,3082,1789847019.227409,1836.8,122.66,554.32,2.27,95.71,0.0265,6.31,13.86,11.28,10.0,0.0,25.0,sensor_drift,0.59
fault_sensor_drift_1,3083,1789847020.227409,1859.9,122.61,548.71,2.22,95.83,0.0274,6.31,13.86,11.37,10.0,0.0,25.0,sensor_drift,0.59
fault_sensor_drift_1,3084,1789847021.227409,1826.2,122.51,542.53,2.2,95.95,0.0328,6.2,13.79,11.41,10.0,0.0,25.0,sensor_drift,0.59
fault_sensor_drift_1,3085,1789847022.227409,1818.2,122.72,540.69,2.34,95.76,0.038,6.17,13.82,11.29,10.0,0.0,25.0,sensor_drift,0.59
fault_sensor_drift_1,3086,1789847023.227409,1808.1,122.69,537.92,2.3,95.76,0.03,6.23,13.86,11.14,10.0,0.0,25.0,sensor_drift,0.59
fault_sensor_drift_1,3087,1789847024.227409,1824.6,123.21,536.58,2.3,95.67,0.0372,6.39,13.81,11.16,10.0,0.0,25.0,sensor_drift,0.59
fault_sensor_drift_1,3088,1789847025.227409,1807.7,123.29,540.31,2.22,95.57,0.0301,6.58,13.78,11.27,10.0,0.0,25.0,sensor_drift,0.59
fault_sensor_drift_1,3089,1789847026.227409,1815.9,122.97,542.66,2.28,95.62,0.0272,6.66,13.63,11.39,10.0,0.0,25.0,sensor_drift,0.59
fault_sensor_drift_1,3090,1789847027.227409,1852.9,122.83,543.43,2.23,95.65,0.0299,6.74,13.67,11.58,10.0,0.0,25.0,sensor_drift,0.59
fault_sensor_drift_1,3091,1789847028.227409,1879.1,122.93,544.08,2.26,95.86,0.0301,6.67,13.69,11.34,10.0,0.0,25.0,sensor_drift,0.59
fault_sensor_drift_1,3092,1789847029.227409,1893.0,122.92,542.41,2.23,95.64,0.0265,6.83,13.65,11.26,10.0,0.0,25.0,sensor_drift,0.59
fault_sensor_drift_1,3093,1789847030.227409,1889.2,122.92,543.56,2.29,95.52,0.0255,6.68,13.71,11.22,10.0,0.0,25.0,sensor_drift,0.59
fault_sensor_drift_1,3094,1789847031.227409,1915.3,122.91,545.13,2.29,95.45,0.0271,6.64,13.73,11.31,10.0,0.0,25.0,sensor_drift,0.59
fault_sensor_drift_1,3095,1789847032.227409,1917.3,122.93,545.83,2.3,95.47,0.0314,6.57,13.73,11.7,10.0,0.0,25.0,sensor_drift,0.59
fault_sensor_drift_1,3096,1789847033.227409,1903.1,122.9,545.74,2.3,95.51,0.0269,6.45,13.66,11.33,10.0,0.0,25.0,sensor_drift,0.59
fault_sensor_drift_1,3097,1789847034.227409,1899.8,123.01,545.71,2.21,95.5,0.0236,6.47,13.72,11.62,10.0,0.0,25.0,sensor_drift,0.59
fault_sensor_drift_1,3098,1789847035.227409,1874.2,123.11,541.98,2.18,95.48,0.0182,6.39,13.7,11.68,10.0,0.0,25.0,sensor_drift,0.59
fault_sensor_drift_1,3099,1789847036.227409,1835.2,123.05,545.94,2.23,95.4,0.0309,6.49,13.7,11.95,10.0,0.0,25.0,sensor_drift,0.59
fault_sensor_drift_1,3100,1789847037.227409,1829.3,123.07,546.14,2.28,95.23,0.0265,6.64,13.76,11.78,10.0,0.0,25.0,sensor_drift,0.59
fault_sensor_drift_1,3101,1789847038.227409,1836.3,123.02,545.24,2.35,95.14,0.0264,6.7,13.75,11.42,10.0,0.0,25.0,sensor_drift,0.59
fault_sensor_drift_1,3102,1789847039.227409,1820.5,122.88,547.92,2.37,95.19,0.025,6.66,13.69,11.42,10.0,0.0,25.0,sensor_drift,0.59
fault_sensor_drift_1,3103,1789847040.227409,1812.1,122.84,551.04,2.31,95.08,0.0291,6.54,13.64,11.55,10.0,0.0,25.0,sensor_drift,0.59
fault_sensor_drift_1,3104,1789847041.227409,1828.7,122.88,548.06,2.38,95.29,0.0249,6.35,13.66,11.41,10.0,0.0,25.0,sensor_drift,0.59
fault_sensor_drift_1,3105,1789847042.227409,1825.2,122.93,548.66,2.32,95.01,0.0286,6.36,13.71,11.65,10.0,0.0,25.0,sensor_drift,0.59
fault_sensor_drift_1,3106,1789847043.227409,1811.2,122.95,545.59,2.26,94.9,0.0366,6.26,13.72,11.6,10.0,0.0,25.0,sensor_drift,0.59
fault_sensor_drift_1,3107,1789847044.227409,1826.6,122.84,549.83,2.24,94.95,0.0311,6.25,13.78,11.87,10.0,0.0,25.0,sensor_drift,0.59
fault_sensor_drift_1,3108,1789847045.227409,1823.3,123.13,546.56,2.29,95.05,0.025,6.54,13.74,11.86,10.0,0.0,25.0,sensor_drift,0.59
fault_sensor_drift_1,3109,1789847046.227409,1830.7,123.33,548.57,2.21,95.12,0.012,6.53,13.63,11.84,10.0,0.0,25.0,sensor_drift,0.59
fault_sensor_drift_1,3110,1789847047.227409,1839.7,123.48,546.41,2.21,95.16,0.0212,6.52,13.65,11.77,10.0,0.0,25.0,sensor_drift,0.59
fault_sensor_drift_1,3111,1789847048.227409,1856.5,123.26,540.97,2.22,95.1,0.0195,6.64,13.8,11.59,10.0,0.0,25.0,sensor_drift,0.59
fault_sensor_drift_1,3112,1789847049.227409,1860.7,122.91,546.82,2.24,95.16,0.0188,6.51,13.81,11.24,10.0,0.0,25.0,sensor_drift,0.59
fault_sensor_drift_1,3113,1789847050.227409,1851.4,122.98,543.85,2.29,95.03,0.0149,6.58,13.84,11.53,10.0,0.0,25.0,sensor_drift,0.59
fault_sensor_drift_1,3114,1789847051.227409,1858.0,122.93,543.65,2.23,94.97,0.0217,6.46,13.85,11.28,10.0,0.0,25.0,sensor_drift,0.59
fault_sensor_drift_1,3115,1789847052.227409,1875.4,122.68,547.89,2.19,94.93,0.0157,6.58,13.9,11.47,10.0,0.0,25.0,sensor_drift,0.59
fault_sensor_drift_1,3116,1789847053.227409,1871.0,123.01,547.9,2.33,95.08,0.0227,6.56,13.91,11.31,10.0,0.0,25.0,sensor_drift,0.59
fault_sensor_drift_1,3117,1789847054.227409,1845.0,122.9,550.56,2.24,95.12,0.0272,6.42,13.85,11.29,10.0,0.0,25.0,sensor_drift,0.59
fault_sensor_drift_1,3118,1789847055.227409,1839.8,122.84,544.05,2.19,95.04,0.0348,6.39,13.79,11.53,10.0,0.0,25.0,sensor_drift,0.59
fault_sensor_drift_1,3119,1789847056.227409,1838.9,122.77,546.85,2.26,94.99,0.0413,6.47,13.76,11.64,10.0,0.0,25.0,sensor_drift,0.59
fault_sensor_drift_1,3120,1789847057.227409,1851.1,122.83,544.25,2.29,94.9,0.0328,6.28,13.75,11.7,10.0,0.0,25.0,sensor_drift,0.59
fault_sensor_drift_1,3121,1789847058.227409,1879.7,122.67,541.26,2.23,94.79,0.0326,6.38,13.71,11.25,10.0,0.0,25.0,sensor_drift,0.59
fault_sensor_drift_1,3122,1789847059.227409,1888.8,122.43,546.84,2.22,94.73,0.0333,6.22,13.69,11.64,10.0,0.0,25.0,sensor_drift,0.59
fault_sensor_drift_1,3123,1789847060.227409,1875.1,122.53,547.87,2.19,94.87,0.0277,6.25,13.72,11.37,10.0,0.0,25.0,sensor_drift,0.59
fault_sensor_drift_1,3124,1789847061.227409,1912.3,122.41,543.1,2.24,94.78,0.0207,6.18,13.73,11.31,10.0,0.0,25.0,sensor_drift,0.59
fault_sensor_drift_1,3125,1789847062.227409,1925.5,122.6,539.82,2.22,94.79,0.02,6.1,13.74,11.42,10.0,0.0,25.0,sensor_drift,0.59
fault_sensor_drift_1,3126,1789847063.227409,1913.6,122.72,544.36,2.13,94.72,0.032,6.13,13.74,11.35,10.0,0.0,25.0,sensor_drift,0.59
fault_sensor_drift_1,3127,1789847064.227409,1882.6,122.64,544.92,2.17,94.7,0.0358,6.16,13.77,11.53,10.0,0.0,25.0,sensor_drift,0.59
fault_sensor_drift_1,3128,1789847065.227409,1876.7,122.55,545.81,2.16,94.64,0.029,6.18,13.63,11.35,10.0,0.0,25.0,sensor_drift,0.59
fault_sensor_drift_1,3129,1789847066.227409,1867.5,122.69,544.36,2.27,94.75,0.0379,6.28,13.64,11.45,10.0,0.0,25.0,sensor_drift,0.59
fault_sensor_drift_1,3130,1789847067.227409,1844.8,122.89,549.13,2.25,94.95,0.0308,6.43,13.67,11.4,10.0,0.0,25.0,sensor_drift,0.59
fault_sensor_drift_1,3131,1789847068.227409,1839.3,122.84,546.33,2.31,94.87,0.0284,6.28,13.59,11.24,10.0,0.0,25.0,sensor_drift,0.59
fault_sensor_drift_1,3132,1789847069.227409,1853.0,122.49,547.55,2.25,94.71,0.0243,6.18,13.59,11.25,10.0,0.0,25.0,sensor_drift,0.59
fault_sensor_drift_1,3133,1789847070.227409,1880.1,123.13,550.69,2.23,94.73,0.0222,6.23,13.6,11.33,10.0,0.0,25.0,sensor_drift,0.59
fault_sensor_drift_1,3134,1789847071.227409,1866.7,122.96,549.64,2.16,94.84,0.0212,6.33,13.67,11.53,10.0,0.0,25.0,sensor_drift,0.59
fault_sensor_drift_1,3135,1789847072.227409,1864.3,122.93,548.52,2.18,94.8,0.0211,6.1,13.63,11.55,10.0,0.0,25.0,sensor_drift,0.59
fault_sensor_drift_1,3136,1789847073.227409,1863.4,123.35,547.94,2.22,94.88,0.0199,5.99,13.7,11.5,10.0,0.0,25.0,sensor_drift,0.59
fault_sensor_drift_1,3137,1789847074.227409,1860.2,123.29,548.62,2.19,94.77,0.0209,5.94,13.71,11.39,10.0,0.0,25.0,sensor_drift,0.59
fault_sensor_drift_1,3138,1789847075.227409,1873.1,123.2,551.8,2.15,94.56,0.0116,6.06,13.7,11.39,10.0,0.0,25.0,sensor_drift,0.59
fault_sensor_drift_1,3139,1789847076.227409,1883.0,123.38,545.97,2.16,94.61,0.0159,6.16,13.62,11.42,10.0,0.0,25.0,sensor_drift,0.59
fault_sensor_drift_1,3140,1789847077.227409,1872.3,122.92,540.96,2.16,94.58,0.0192,6.34,13.57,11.59,10.0,0.0,25.0,sensor_drift,0.59
fault_sensor_drift_1,3141,1789847078.227409,1872.9,123.11,545.62,2.25,94.56,0.0291,6.43,13.61,11.73,10.0,0.0,25.0,sensor_drift,0.59
fault_sensor_drift_1,3142,1789847079.227409,1880.8,123.46,544.54,2.24,94.58,0.0324,6.45,13.67,11.63,10.0,0.0,25.0,sensor_drift,0.59
fault_sensor_drift_1,3143,1789847080.227409,1868.2,123.2,549.51,2.27,94.63,0.0301,6.39,13.72,11.46,10.0,0.0,25.0,sensor_drift,0.59
fault_sensor_drift_1,3144,1789847081.227409,1841.4,123.16,552.27,2.26,94.72,0.0357,6.36,13.8,11.44,10.0,0.0,25.0,sensor_drift,0.59
fault_sensor_drift_1,3145,1789847082.227409,1835.6,123.29,547.75,2.2,94.6,0.0298,6.44,13.79,11.04,10.0,0.0,25.0,sensor_drift,0.59
fault_sensor_drift_1,3146,1789847083.227409,1831.7,123.56,540.45,2.22,94.66,0.0405,6.51,13.75,11.15,10.0,0.0,25.0,sensor_drift,0.59
fault_sensor_drift_1,3147,1789847084.227409,1820.9,123.26,549.09,2.29,94.59,0.034,6.49,13.73,11.18,10.0,0.0,25.0,sensor_drift,0.59
fault_sensor_drift_1,3148,1789847085.227409,1833.4,123.35,551.1,2.43,94.64,0.033,6.55,13.79,11.45,10.0,0.0,25.0,sensor_drift,0.59
fault_sensor_drift_1,3149,1789847086.227409,1836.7,123.06,550.04,2.44,94.68,0.0242,6.53,13.75,11.32,10.0,0.0,25.0,sensor_drift,0.59
fault_sensor_drift_1,3150,1789847087.227409,1808.3,122.76,550.96,2.37,94.79,0.018,6.6,13.71,11.08,10.0,0.0,25.0,sensor_drift,0.59
fault_sensor_drift_1,3151,1789847088.227409,1814.1,122.86,548.03,2.34,94.79,0.0233,6.46,13.64,11.27,10.0,0.0,25.0,sensor_drift,0.59
fault_sensor_drift_1,3152,1789847089.227409,1844.3,122.84,549.77,2.28,94.83,0.0188,6.43,13.63,11.13,10.0,0.0,25.0,sensor_drift,0.59
fault_sensor_drift_1,3153,1789847090.227409,1852.3,122.92,550.81,2.22,94.81,0.0142,6.52,13.62,11.35,10.0,0.0,25.0,sensor_drift,0.59
fault_sensor_drift_1,3154,1789847091.227409,1854.7,122.83,548.25,2.09,94.73,0.0258,6.52,13.6,11.17,10.0,0.0,25.0,sensor_drift,0.59
fault_sensor_drift_1,3155,1789847092.227409,1822.9,122.68,547.94,2.15,94.9,0.0267,6.51,13.62,10.96,10.0,0.0,25.0,sensor_drift,0.59
fault_sensor_drift_1,3156,1789847093.227409,1811.0,122.47,550.46,2.13,94.99,0.0313,6.56,13.58,11.11,10.0,0.0,25.0,sensor_drift,0.59
fault_sensor_drift_1,3157,1789847094.227409,1819.0,122.57,547.01,2.26,94.87,0.0268,6.63,13.58,11.58,10.0,0.0,25.0,sensor_drift,0.59
fault_sensor_drift_1,3158,1789847095.227409,1818.2,122.85,547.15,2.25,94.8,0.027,6.59,13.54,11.57,10.0,0.0,25.0,sensor_drift,0.59
fault_sensor_drift_1,3159,1789847096.227409,1820.7,122.97,547.83,2.28,94.8,0.038,6.72,13.61,11.52,10.0,0.0,25.0,sensor_drift,0.59
fault_sensor_drift_1,3160,1789847097.227409,1816.8,123.08,547.16,2.32,94.67,0.037,6.66,13.63,11.54,10.0,0.0,25.0,sensor_drift,0.59
fault_sensor_drift_1,3161,1789847098.227409,1813.7,123.36,546.22,2.28,94.55,0.0299,6.53,13.62,11.45,10.0,0.0,25.0,sensor_drift,0.59
fault_sensor_drift_1,3162,1789847099.227409,1831.0,123.15,541.8,2.28,94.4,0.0209,6.63,13.6,10.97,10.0,0.0,25.0,sensor_drift,0.59
fault_sensor_drift_1,3163,1789847100.227409,1849.5,123.11,542.78,2.31,94.35,0.0222,6.68,13.6,11.24,10.0,0.0,25.0,sensor_drift,0.59
fault_sensor_drift_1,3164,1789847101.227409,1820.9,123.15,542.53,2.23,94.4,0.0226,6.6,13.66,11.11,10.0,0.0,25.0,sensor_drift,0.59
fault_sensor_drift_1,3165,1789847102.227409,1837.7,122.93,543.01,2.24,94.33,0.0246,6.72,13.66,11.18,10.0,0.0,25.0,sensor_drift,0.59
fault_sensor_drift_1,3166,1789847103.227409,1842.6,123.15,541.18,2.34,94.23,0.0235,6.65,13.69,11.61,10.0,0.0,25.0,sensor_drift,0.59
fault_sensor_drift_1,3167,1789847104.227409,1837.0,123.32,535.73,2.34,94.04,0.0228,6.65,13.76,11.71,10.0,0.0,25.0,sensor_drift,0.59
fault_sensor_drift_1,3168,1789847105.227409,1821.8,123.21,539.99,2.31,93.99,0.0279,6.7,13.84,11.44,10.0,0.0,25.0,sensor_drift,0.59
fault_sensor_drift_1,3169,1789847106.227409,1830.5,123.41,539.71,2.3,93.91,0.0277,6.66,13.89,11.15,10.0,0.0,25.0,sensor_drift,0.59
fault_sensor_drift_1,3170,1789847107.227409,1819.7,123.74,538.56,2.33,93.92,0.0239,6.66,13.91,11.16,10.0,0.0,25.0,sensor_drift,0.59
fault_sensor_drift_1,3171,1789847108.227409,1826.1,123.97,537.59,2.3,93.99,0.0278,6.78,14.03,11.4,10.0,0.0,25.0,sensor_drift,0.59
fault_sensor_drift_1,3172,1789847109.227409,1859.8,123.51,540.07,2.27,93.97,0.0329,6.69,14.02,11.02,10.0,0.0,25.0,sensor_drift,0.59
fault_sensor_drift_1,3173,1789847110.227409,1859.3,123.49,544.64,2.25,94.11,0.037,6.63,13.9,11.68,10.0,0.0,25.0,sensor_drift,0.59
fault_sensor_drift_1,3174,1789847111.227409,1843.3,123.56,544.61,2.3,94.07,0.0258,6.66,13.86,11.05,10.0,0.0,25.0,sensor_drift,0.59
fault_sensor_drift_1,3175,1789847112.227409,1844.2,123.41,542.33,2.23,94.12,0.0285,6.57,13.76,11.31,10.0,0.0,25.0,sensor_drift,0.59
fault_sensor_drift_1,3176,1789847113.227409,1836.7,123.37,538.09,2.22,94.13,0.0337,6.47,13.79,11.43,10.0,0.0,25.0,sensor_drift,0.59
fault_sensor_drift_1,3177,1789847114.227409,1859.0,123.16,538.34,2.22,94.18,0.0315,6.56,13.8,11.22,10.0,0.0,25.0,sensor_drift,0.59
fault_sensor_drift_1,3178,1789847115.227409,1868.6,122.83,537.02,2.24,94.09,0.0318,6.52,13.71,11.23,10.0,0.0,25.0,sensor_drift,0.59
fault_sensor_drift_1,3179,1789847116.227409,1861.6,123.07,538.1,2.27,94.01,0.0264,6.32,13.65,11.28,10.0,0.0,25.0,sensor_drift,0.59
fault_sensor_drift_1,3180,1789847117.227409,1865.6,122.99,537.69,2.3,94.05,0.0212,6.1,13.67,11.2,10.0,0.0,25.0,sensor_drift,0.59
fault_sensor_drift_1,3181,1789847118.227409,1877.8,123.16,532.3,2.35,94.11,0.0243,6.13,13.68,10.77,10.0,0.0,25.0,sensor_drift,0.59
fault_sensor_drift_1,3182,1789847119.227409,1837.7,123.34,536.28,2.33,93.99,0.0266,6.29,13.67,11.32,10.0,0.0,25.0,sensor_drift,0.59
fault_sensor_drift_1,3183,1789847120.227409,1835.3,123.25,542.06,2.32,93.96,0.0313,6.12,13.7,11.15,10.0,0.0,25.0,sensor_drift,0.59
fault_sensor_drift_1,3184,1789847121.227409,1849.2,123.42,541.94,2.27,94.11,0.0348,6.3,13.75,11.12,10.0,0.0,25.0,sensor_drift,0.59
fault_sensor_drift_1,3185,1789847122.227409,1843.2,123.47,537.6,2.25,94.1,0.032,6.23,13.76,11.08,10.0,0.0,25.0,sensor_drift,0.59
fault_sensor_drift_1,3186,1789847123.227409,1844.6,123.59,539.77,2.16,94.15,0.0264,6.31,13.7,11.35,10.0,0.0,25.0,sensor_drift,0.59
fault_sensor_drift_1,3187,1789847124.227409,1818.7,123.26,541.71,2.13,94.27,0.0277,6.46,13.75,11.2,10.0,0.0,25.0,sensor_drift,0.59
fault_sensor_drift_1,3188,1789847125.227409,1855.2,123.15,540.14,2.13,94.09,0.0283,6.15,13.67,11.64,10.0,0.0,25.0,sensor_drift,0.59
fault_sensor_drift_1,3189,1789847126.227409,1873.9,123.02,539.96,2.23,94.27,0.0324,6.09,13.77,11.54,10.0,0.0,25.0,sensor_drift,0.59
fault_sensor_drift_1,3190,1789847127.227409,1852.1,123.24,542.42,2.26,94.31,0.0351,6.33,13.82,11.58,10.0,0.0,25.0,sensor_drift,0.59
fault_sensor_drift_1,3191,1789847128.227409,1841.3,123.38,539.69,2.25,94.24,0.0253,6.44,13.85,11.69,10.0,0.0,25.0,sensor_drift,0.59
fault_sensor_drift_1,3192,1789847129.227409,1826.1,123.75,541.01,2.24,94.21,0.0212,6.33,13.89,11.04,10.0,0.0,25.0,sensor_drift,0.59
fault_sensor_drift_1,3193,1789847130.227409,1849.2,123.88,547.16,2.23,94.12,0.0221,6.48,13.77,11.65,10.0,0.0,25.0,sensor_drift,0.59
fault_sensor_drift_1,3194,1789847131.227409,1879.3,123.79,551.42,2.23,94.06,0.0184,6.42,13.89,11.49,10.0,0.0,25.0,sensor_drift,0.59
fault_sensor_drift_1,3195,1789847132.227409,1875.4,123.89,553.58,2.21,94.09,0.0241,6.55,13.88,11.55,10.0,0.0,25.0,sensor_drift,0.59
fault_sensor_drift_1,3196,1789847133.227409,1866.7,123.86,552.59,2.28,94.05,0.0226,6.63,13.84,11.48,10.0,0.0,25.0,sensor_drift,0.59
fault_sensor_drift_1,3197,1789847134.227409,1850.2,123.92,548.37,2.36,94.06,0.0244,6.37,13.88,11.52,10.0,0.0,25.0,sensor_drift,0.59
fault_sensor_drift_1,3198,1789847135.227409,1834.0,124.32,545.04,2.33,94.21,0.0309,6.5,13.87,11.25,10.0,0.0,25.0,sensor_drift,0.59
fault_sensor_drift_1,3199,1789847136.227409,1832.4,124.69,542.37,2.23,94.2,0.0276,6.43,13.82,11.08,10.0,0.0,25.0,sensor_drift,0.59
fault_sensor_drift_1,3200,1789847137.227409,1829.7,124.37,540.29,2.32,94.11,0.0176,6.39,13.76,11.08,10.0,0.0,25.0,sensor_drift,0.59
fault_sensor_drift_1,3201,1789847138.227409,1837.5,124.53,541.5,2.34,94.12,0.0156,6.42,13.84,11.29,10.0,0.0,25.0,sensor_drift,0.59
fault_sensor_drift_1,3202,1789847139.227409,1842.3,125.09,536.41,2.34,94.14,0.0172,6.42,13.8,11.58,10.0,0.0,25.0,sensor_drift,0.59
fault_sensor_drift_1,3203,1789847140.227409,1837.4,124.8,540.6,2.29,94.15,0.0208,6.43,13.88,11.56,10.0,0.0,25.0,sensor_drift,0.59
fault_sensor_drift_1,3204,1789847141.227409,1825.7,124.93,538.88,2.27,94.17,0.0225,6.36,13.92,11.92,10.0,0.0,25.0,sensor_drift,0.59
fault_sensor_drift_1,3205,1789847142.227409,1778.1,124.96,544.05,2.27,93.99,0.0235,6.47,13.8,11.53,10.0,0.0,25.0,sensor_drift,0.59
fault_sensor_drift_1,3206,1789847143.227409,1797.2,124.56,547.83,2.29,93.92,0.0262,6.27,13.8,11.61,10.0,0.0,25.0,sensor_drift,0.59
fault_sensor_drift_1,3207,1789847144.227409,1809.3,124.2,547.36,2.31,93.97,0.0279,6.27,13.83,11.2,10.0,0.0,25.0,sensor_drift,0.59
fault_sensor_drift_1,3208,1789847145.227409,1797.5,124.51,542.69,2.3,94.06,0.0282,6.34,13.8,11.19,10.0,0.0,25.0,sensor_drift,0.59
fault_sensor_drift_1,3209,1789847146.227409,1814.0,124.89,544.91,2.28,93.99,0.0363,6.41,13.78,11.5,10.0,0.0,25.0,sensor_drift,0.59
fault_sensor_drift_1,3210,1789847147.227409,1827.4,124.65,547.03,2.28,93.98,0.0243,6.44,13.7,11.21,10.0,0.0,25.0,sensor_drift,0.59
fault_sensor_drift_1,3211,1789847148.227409,1836.4,124.35,542.19,2.25,94.04,0.0201,6.57,13.69,11.5,10.0,0.0,25.0,sensor_drift,0.59
fault_sensor_drift_1,3212,1789847149.227409,1849.3,124.25,539.94,2.26,94.1,0.0153,6.74,13.73,11.33,10.0,0.0,25.0,sensor_drift,0.59
fault_sensor_drift_1,3213,1789847150.227409,1822.4,124.1,540.47,2.19,94.26,0.0249,6.63,13.85,11.4,10.0,0.0,25.0,sensor_drift,0.59
fault_sensor_drift_1,3214,1789847151.227409,1832.8,123.9,542.87,2.18,94.26,0.0309,6.42,13.88,11.55,10.0,0.0,25.0,sensor_drift,0.59
fault_sensor_drift_1,3215,1789847152.227409,1816.9,124.24,539.03,2.29,94.15,0.0301,6.32,13.76,11.15,10.0,0.0,25.0,sensor_drift,0.59
fault_sensor_drift_1,3216,1789847153.227409,1857.7,124.06,541.24,2.3,94.19,0.0245,6.49,13.72,11.33,10.0,0.0,25.0,sensor_drift,0.59
fault_sensor_drift_1,3217,1789847154.227409,1866.2,124.29,547.81,2.32,94.17,0.0182,6.48,13.73,11.32,10.0,0.0,25.0,sensor_drift,0.59
fault_sensor_drift_1,3218,1789847155.227409,1868.9,124.04,547.63,2.3,94.04,0.0257,6.59,13.75,11.14,10.0,0.0,25.0,sensor_drift,0.59
fault_sensor_drift_1,3219,1789847156.227409,1835.5,124.09,554.2,2.25,93.95,0.025,6.5,13.68,10.84,10.0,0.0,25.0,sensor_drift,0.59
fault_sensor_drift_1,3220,1789847157.227409,1846.0,123.96,548.33,2.29,93.83,0.0238,6.38,13.77,11.07,10.0,0.0,25.0,sensor_drift,0.59
fault_sensor_drift_1,3221,1789847158.227409,1848.4,123.86,543.88,2.26,93.71,0.0211,6.44,13.7,11.46,10.0,0.0,25.0,sensor_drift,0.59
fault_sensor_drift_1,3222,1789847159.227409,1841.6,123.98,546.88,2.29,93.7,0.0226,6.41,13.79,11.36,10.0,0.0,25.0,sensor_drift,0.59
fault_sensor_drift_1,3223,1789847160.227409,1857.5,123.98,543.96,2.32,93.66,0.0244,6.58,13.83,11.34,10.0,0.0,25.0,sensor_drift,0.59
fault_sensor_drift_1,3224,1789847161.227409,1865.4,124.1,542.68,2.32,93.88,0.0348,6.55,13.84,11.12,10.0,0.0,25.0,sensor_drift,0.59
fault_sensor_drift_1,3225,1789847162.227409,1856.5,124.02,547.64,2.24,93.92,0.0379,6.48,13.88,10.94,10.0,0.0,25.0,sensor_drift,0.59
fault_sensor_drift_1,3226,1789847163.227409,1850.9,124.27,546.79,2.28,93.84,0.0279,6.45,13.88,11.37,10.0,0.0,25.0,sensor_drift,0.59
fault_sensor_drift_1,3227,1789847164.227409,1858.6,123.97,549.54,2.36,93.78,0.0272,6.43,13.93,11.15,10.0,0.0,25.0,sensor_drift,0.59
fault_sensor_drift_1,3228,1789847165.227409,1845.1,123.37,549.48,2.33,93.93,0.0257,6.51,13.95,11.16,10.0,0.0,25.0,sensor_drift,0.59
fault_sensor_drift_1,3229,1789847166.227409,1822.6,123.73,550.78,2.28,93.7,0.0204,6.46,13.96,11.23,10.0,0.0,25.0,sensor_drift,0.59
fault_sensor_drift_1,3230,1789847167.227409,1834.3,123.71,546.83,2.19,93.84,0.0298,6.27,13.97,11.11,10.0,0.0,25.0,sensor_drift,0.59
fault_sensor_drift_1,3231,1789847168.227409,1853.7,123.53,551.8,2.23,93.87,0.0293,6.19,13.99,11.16,10.0,0.0,25.0,sensor_drift,0.59
fault_sensor_drift_1,3232,1789847169.227409,1857.6,123.43,543.59,2.29,93.84,0.025,6.23,13.99,11.09,10.0,0.0,25.0,sensor_drift,0.59
fault_sensor_drift_1,3233,1789847170.227409,1881.5,123.44,541.29,2.31,93.88,0.0254,6.23,14.08,11.27,10.0,0.0,25.0,sensor_drift,0.59
fault_sensor_drift_1,3234,1789847171.227409,1867.0,123.38,539.92,2.34,93.73,0.0246,6.09,14.0,11.38,10.0,0.0,25.0,sensor_drift,0.59
fault_sensor_drift_1,3235,1789847172.227409,1844.5,123.79,539.1,2.37,93.74,0.0263,6.15,13.93,11.44,10.0,0.0,25.0,sensor_drift,0.59
fault_sensor_drift_1,3236,1789847173.227409,1860.5,124.02,543.19,2.36,93.77,0.0279,6.16,13.89,11.56,10.0,0.0,25.0,sensor_drift,0.59
fault_sensor_drift_1,3237,1789847174.227409,1861.1,124.1,548.84,2.33,93.71,0.0297,6.18,13.84,11.34,10.0,0.0,25.0,sensor_drift,0.59
fault_sensor_drift_1,3238,1789847175.227409,1881.8,124.24,548.75,2.33,93.67,0.0385,6.22,13.87,11.2,10.0,0.0,25.0,sensor_drift,0.59
fault_sensor_drift_1,3239,1789847176.227409,1865.1,123.85,544.45,2.25,93.66,0.0374,6.26,13.91,11.52,10.0,0.0,25.0,sensor_drift,0.59
fault_sensor_drift_1,3240,1789847177.227409,1837.7,123.78,545.38,2.34,93.62,0.0356,6.19,13.88,10.99,10.0,0.0,25.0,sensor_drift,0.59
fault_sensor_drift_1,3241,1789847178.227409,1839.1,123.98,545.01,2.29,93.65,0.0353,6.34,13.87,11.25,10.0,0.0,25.0,sensor_drift,0.59
fault_sensor_drift_1,3242,1789847179.227409,1835.3,123.89,545.88,2.32,93.67,0.0255,6.48,13.83,11.45,10.0,0.0,25.0,sensor_drift,0.59
fault_sensor_drift_1,3243,1789847180.227409,1845.7,124.09,547.5,2.36,93.62,0.0286,6.43,13.73,11.39,10.0,0.0,25.0,sensor_drift,0.59
fault_sensor_drift_1,3244,1789847181.227409,1840.3,124.29,542.81,2.32,93.61,0.0301,6.41,13.78,11.73,10.0,0.0,25.0,sensor_drift,0.59
fault_sensor_drift_1,3245,1789847182.227409,1831.0,124.35,540.85,2.3,93.71,0.0257,6.22,13.7,11.63,10.0,0.0,25.0,sensor_drift,0.59
fault_sensor_drift_1,3246,1789847183.227409,1829.1,124.5,543.85,2.3,93.67,0.031,6.37,13.63,11.2,10.0,0.0,25.0,sensor_drift,0.59
fault_sensor_drift_1,3247,1789847184.227409,1823.4,124.39,542.26,2.34,93.65,0.0296,6.18,13.7,11.24,10.0,0.0,25.0,sensor_drift,0.59
fault_sensor_drift_1,3248,1789847185.227409,1853.4,124.24,547.92,2.33,93.54,0.0264,6.27,13.67,11.07,10.0,0.0,25.0,sensor_drift,0.59
fault_sensor_drift_1,3249,1789847186.227409,1852.6,124.04,550.8,2.26,93.77,0.0287,6.25,13.58,11.34,10.0,0.0,25.0,sensor_drift,0.59
fault_sensor_drift_1,3250,1789847187.227409,1825.2,123.84,552.56,2.36,93.66,0.036,6.33,13.55,11.52,10.0,0.0,25.0,sensor_drift,0.59
fault_sensor_drift_1,3251,1789847188.227409,1839.4,124.2,547.09,2.26,93.76,0.0349,6.31,13.57,11.54,10.0,0.0,25.0,sensor_drift,0.59
fault_sensor_drift_1,3252,1789847189.227409,1838.8,124.31,542.05,2.26,93.84,0.0358,6.42,13.57,11.65,10.0,0.0,25.0,sensor_drift,0.59
fault_sensor_drift_1,3253,1789847190.227409,1856.1,124.04,545.79,2.21,93.97,0.0307,6.43,13.48,11.21,10.0,0.0,25.0,sensor_drift,0.59
fault_sensor_drift_1,3254,1789847191.227409,1858.0,124.75,542.47,2.29,94.0,0.0255,6.49,13.51,11.65,10.0,0.0,25.0,sensor_drift,0.59
fault_sensor_drift_1,3255,1789847192.227409,1860.1,124.82,545.27,2.29,93.98,0.0163,6.39,13.55,11.55,10.0,0.0,25.0,sensor_drift,0.59
fault_sensor_drift_1,3256,1789847193.227409,1855.7,124.65,541.4,2.31,93.9,0.0215,6.53,13.59,11.64,10.0,0.0,25.0,sensor_drift,0.59
fault_sensor_drift_1,3257,1789847194.227409,1862.5,124.26,544.11,2.33,93.8,0.0258,6.61,13.58,11.4,10.0,0.0,25.0,sensor_drift,0.59
fault_sensor_drift_1,3258,1789847195.227409,1840.9,124.47,539.9,2.25,93.71,0.0239,6.49,13.53,11.28,10.0,0.0,25.0,sensor_drift,0.59
fault_sensor_drift_1,3259,1789847196.227409,1828.7,123.9,539.28,2.35,93.75,0.0267,6.4,13.53,11.48,10.0,0.0,25.0,sensor_drift,0.59
fault_sensor_drift_1,3260,1789847197.227409,1834.0,124.03,537.38,2.28,93.83,0.0296,6.51,13.54,11.11,10.0,0.0,25.0,sensor_drift,0.59
fault_sensor_drift_1,3261,1789847198.227409,1831.8,123.79,541.05,2.24,93.76,0.0243,6.64,13.64,11.48,10.0,0.0,25.0,sensor_drift,0.59
fault_sensor_drift_1,3262,1789847199.227409,1852.3,123.25,537.39,2.23,93.6,0.0268,6.61,13.63,11.55,10.0,0.0,25.0,sensor_drift,0.59
fault_sensor_drift_1,3263,1789847200.227409,1843.4,123.57,538.55,2.23,93.62,0.0255,6.68,13.68,11.26,10.0,0.0,25.0,sensor_drift,0.59
fault_sensor_drift_1,3264,1789847201.227409,1857.3,123.75,535.37,2.24,93.62,0.0244,6.69,13.69,10.95,10.0,0.0,25.0,sensor_drift,0.59
fault_sensor_drift_1,3265,1789847202.227409,1848.5,123.55,539.02,2.2,93.59,0.017,6.49,13.71,11.21,10.0,0.0,25.0,sensor_drift,0.59
fault_sensor_drift_1,3266,1789847203.227409,1835.0,123.6,542.93,2.13,93.46,0.0201,6.44,13.67,11.19,10.0,0.0,25.0,sensor_drift,0.59
fault_sensor_drift_1,3267,1789847204.227409,1817.1,123.49,542.98,2.21,93.48,0.0206,6.59,13.66,11.16,10.0,0.0,25.0,sensor_drift,0.59
fault_sensor_drift_1,3268,1789847205.227409,1816.9,123.72,543.82,2.18,93.62,0.0237,6.46,13.58,11.22,10.0,0.0,25.0,sensor_drift,0.59
fault_sensor_drift_1,3269,1789847206.227409,1817.3,123.93,541.84,2.32,93.57,0.0285,6.31,13.68,11.34,10.0,0.0,25.0,sensor_drift,0.59
fault_sensor_drift_1,3270,1789847207.227409,1820.2,124.01,537.58,2.26,93.67,0.0276,6.34,13.62,11.39,10.0,0.0,25.0,sensor_drift,0.59
fault_sensor_drift_1,3271,1789847208.227409,1836.7,123.89,534.61,2.23,93.71,0.0282,6.41,13.58,11.25,10.0,0.0,25.0,sensor_drift,0.59
fault_sensor_drift_1,3272,1789847209.227409,1831.2,124.24,536.95,2.33,93.66,0.0238,6.68,13.53,11.48,10.0,0.0,25.0,sensor_drift,0.59
fault_sensor_drift_1,3273,1789847210.227409,1822.3,124.54,540.64,2.29,93.55,0.0181,6.57,13.51,11.27,10.0,0.0,25.0,sensor_drift,0.59
fault_sensor_drift_1,3274,1789847211.227409,1820.6,124.8,534.71,2.23,93.63,0.0265,6.63,13.5,11.18,10.0,0.0,25.0,sensor_drift,0.59
fault_sensor_drift_1,3275,1789847212.227409,1824.2,124.67,543.61,2.26,93.47,0.0278,6.52,13.42,11.77,10.0,0.0,25.0,sensor_drift,0.59
fault_sensor_drift_1,3276,1789847213.227409,1793.7,124.58,544.84,2.33,93.33,0.0238,6.5,13.42,11.32,10.0,0.0,25.0,sensor_drift,0.59
fault_sensor_drift_1,3277,1789847214.227409,1760.8,124.59,549.57,2.31,93.32,0.03,6.38,13.45,11.44,10.0,0.0,25.0,sensor_drift,0.59
fault_sensor_drift_1,3278,1789847215.227409,1775.5,124.31,550.73,2.38,93.42,0.0255,6.27,13.4,11.49,10.0,0.0,25.0,sensor_drift,0.59
fault_sensor_drift_1,3279,1789847216.227409,1804.0,124.75,548.6,2.39,93.45,0.0222,6.37,13.42,11.78,10.0,0.0,25.0,sensor_drift,0.59
fault_sensor_drift_1,3280,1789847217.227409,1810.3,124.67,554.53,2.43,93.36,0.0228,6.33,13.49,11.28,10.0,0.0,25.0,sensor_drift,0.59
fault_sensor_drift_1,3281,1789847218.227409,1822.3,124.32,552.0,2.41,93.45,0.0187,6.44,13.57,11.16,10.0,0.0,25.0,sensor_drift,0.59
fault_sensor_drift_1,3282,1789847219.227409,1817.5,123.87,548.41,2.35,93.54,0.0236,6.47,13.58,11.15,10.0,0.0,25.0,sensor_drift,0.59
fault_sensor_drift_1,3283,1789847220.227409,1803.4,123.91,548.46,2.43,93.47,0.0294,6.45,13.58,11.15,10.0,0.0,25.0,sensor_drift,0.59
fault_sensor_drift_1,3284,1789847221.227409,1784.1,124.0,547.38,2.42,93.55,0.0253,6.52,13.55,11.28,10.0,0.0,25.0,sensor_drift,0.59
fault_sensor_drift_1,3285,1789847222.227409,1804.7,124.03,541.21,2.37,93.61,0.0215,6.51,13.58,11.67,10.0,0.0,25.0,sensor_drift,0.59
fault_sensor_drift_1,3286,1789847223.227409,1830.5,124.3,544.57,2.24,93.7,0.0224,6.59,13.67,11.15,10.0,0.0,25.0,sensor_drift,0.59
fault_sensor_drift_1,3287,1789847224.227409,1820.5,124.69,542.6,2.28,93.54,0.0182,6.64,13.66,11.15,10.0,0.0,25.0,sensor_drift,0.59
fault_sensor_drift_1,3288,1789847225.227409,1838.4,124.74,541.72,2.3,93.52,0.025,6.48,13.68,11.3,10.0,0.0,25.0,sensor_drift,0.59
fault_sensor_drift_1,3289,1789847226.227409,1825.1,124.13,540.52,2.28,93.57,0.0234,6.33,13.68,11.52,10.0,0.0,25.0,sensor_drift,0.59
fault_sensor_drift_1,3290,1789847227.227409,1842.4,124.17,537.35,2.32,93.42,0.0212,6.51,13.62,11.16,10.0,0.0,25.0,sensor_drift,0.59
fault_sensor_drift_1,3291,1789847228.227409,1848.1,124.49,537.74,2.26,93.46,0.0269,6.61,13.63,10.82,10.0,0.0,25.0,sensor_drift,0.59
fault_sensor_drift_1,3292,1789847229.227409,1843.5,124.33,539.34,2.26,93.31,0.0342,6.48,13.6,10.76,10.0,0.0,25.0,sensor_drift,0.59
fault_sensor_drift_1,3293,1789847230.227409,1822.3,124.49,541.88,2.29,93.31,0.027,6.41,13.62,11.16,10.0,0.0,25.0,sensor_drift,0.59
fault_sensor_drift_1,3294,1789847231.227409,1824.3,124.48,536.04,2.33,93.26,0.0283,6.18,13.64,11.3,10.0,0.0,25.0,sensor_drift,0.59
fault_sensor_drift_1,3295,1789847232.227409,1862.8,124.1,537.18,2.42,93.11,0.039,6.29,13.66,11.42,10.0,0.0,25.0,sensor_drift,0.59
fault_sensor_drift_1,3296,1789847233.227409,1842.0,123.83,532.8,2.37,93.12,0.0369,6.19,13.68,11.39,10.0,0.0,25.0,sensor_drift,0.59
fault_sensor_drift_1,3297,1789847234.227409,1856.3,124.05,533.53,2.29,93.16,0.0264,6.44,13.76,11.29,10.0,0.0,25.0,sensor_drift,0.59
fault_sensor_drift_1,3298,1789847235.227409,1833.5,123.98,532.55,2.22,93.05,0.0249,6.58,13.74,11.15,10.0,0.0,25.0,sensor_drift,0.59
fault_sensor_drift_1,3299,1789847236.227409,1829.7,124.09,538.14,2.22,93.13,0.0245,6.5,13.72,11.26,10.0,0.0,25.0,sensor_drift,0.59
fault_sensor_drift_1,3300,1789847237.227409,945.0,119.94,397.3,0.0,93.0,0.0001,0.0,13.15,0.0,0.0,0.0,25.0,sensor_drift,0.59
fault_sensor_drift_1,3301,1789847238.227409,485.9,115.47,292.0,0.0,92.6,0.0007,0.0,12.9,0.0,0.0,0.0,25.0,sensor_drift,0.59
fault_sensor_drift_1,3302,1789847239.227409,253.5,111.21,216.33,0.0,92.23,0.0001,0.0,12.67,0.0,0.0,0.0,25.0,sensor_drift,0.59
fault_sensor_drift_1,3303,1789847240.227409,131.9,107.13,162.09,0.0,91.85,0.0,0.0,12.68,0.0,0.0,0.0,25.0,sensor_drift,0.59
fault_sensor_drift_1,3304,1789847241.227409,69.4,103.28,123.51,0.0,91.48,0.0,0.0,12.63,0.0,0.0,0.0,25.0,sensor_drift,0.59
fault_sensor_drift_1,3305,1789847242.227409,35.5,99.65,96.1,0.0,91.11,0.0,0.0,12.56,0.0,0.0,0.0,25.0,sensor_drift,0.59
fault_sensor_drift_1,3306,1789847243.227409,19.1,96.13,76.27,0.0,90.75,0.0,0.0,12.52,0.0,0.0,0.0,25.0,sensor_drift,0.59
fault_sensor_drift_1,3307,1789847244.227409,6.8,92.79,62.06,0.0,90.41,0.0,0.0,12.51,0.0,0.0,0.0,25.0,sensor_drift,0.59
fault_sensor_drift_1,3308,1789847245.227409,2.4,89.63,51.44,0.0,90.05,0.0001,0.01,12.55,0.0,0.0,0.0,25.0,sensor_drift,0.59
fault_sensor_drift_1,3309,1789847246.227409,0.6,86.64,43.91,0.0,89.71,0.0,0.0,12.63,0.0,0.0,0.0,25.0,sensor_drift,0.59
fault_sensor_drift_1,3310,1789847247.227409,0.0,83.74,38.61,0.0,89.36,0.0,0.0,12.62,0.0,0.0,0.0,25.0,sensor_drift,0.59
fault_sensor_drift_1,3311,1789847248.227409,0.0,81.02,34.61,0.01,89.01,0.0,0.03,12.57,0.0,0.0,0.0,25.0,sensor_drift,0.59
fault_sensor_drift_1,3312,1789847249.227409,0.8,78.44,31.59,0.0,88.65,0.0,0.04,12.56,0.0,0.0,0.0,25.0,sensor_drift,0.59
fault_sensor_drift_1,3313,1789847250.227409,0.5,76.0,29.27,0.0,88.31,0.0003,0.03,12.55,0.0,0.0,0.0,25.0,sensor_drift,0.59
fault_sensor_drift_1,3314,1789847251.227409,1.5,73.67,27.68,0.0,87.96,0.0001,0.04,12.68,0.0,0.0,0.0,25.0,sensor_drift,0.59
fault_sensor_drift_1,3315,1789847252.227409,1.3,71.42,27.2,0.0,87.64,0.0005,0.02,12.64,0.0,0.0,0.0,25.0,sensor_drift,0.59
fault_sensor_drift_1,3316,1789847253.227409,0.8,69.29,26.24,0.0,87.29,0.0006,0.03,12.56,0.0,0.0,0.0,25.0,sensor_drift,0.59
fault_sensor_drift_1,3317,1789847254.227409,0.6,67.26,25.77,0.0,86.95,0.0006,0.02,12.58,0.0,0.0,0.0,25.0,sensor_drift,0.59
fault_sensor_drift_1,3318,1789847255.227409,1.0,65.34,26.02,0.0,86.6,0.0005,0.01,12.59,0.0,0.0,0.0,25.0,sensor_drift,0.59
fault_sensor_drift_1,3319,1789847256.227409,3.6,63.49,25.74,0.0,86.28,0.0,0.0,12.41,0.0,0.0,0.0,25.0,sensor_drift,0.59
fault_sensor_drift_1,3320,1789847257.227409,3.6,61.75,25.26,0.0,85.94,0.0002,0.0,12.31,0.02,0.0,0.0,25.0,sensor_drift,0.59
fault_sensor_drift_1,3321,1789847258.227409,0.5,60.1,25.41,0.0,85.6,0.0,0.0,12.38,0.01,0.0,0.0,25.0,sensor_drift,0.59
fault_sensor_drift_1,3322,1789847259.227409,0.0,58.54,25.47,0.01,85.26,0.0,0.0,12.34,0.0,0.0,0.0,25.0,sensor_drift,0.59
fault_sensor_drift_1,3323,1789847260.227409,0.0,57.05,25.12,0.01,84.94,0.0,0.0,12.38,0.0,0.0,0.0,25.0,sensor_drift,0.59
fault_sensor_drift_1,3324,1789847261.227409,0.0,55.63,25.0,0.01,84.6,0.0,0.02,12.43,0.0,0.0,0.0,25.0,sensor_drift,0.59
fault_sensor_drift_1,3325,1789847262.227409,0.0,54.26,25.0,0.01,84.26,0.0001,0.01,12.44,0.0,0.0,0.0,25.0,sensor_drift,0.59
fault_sensor_drift_1,3326,1789847263.227409,0.0,52.99,25.06,0.01,83.93,0.0006,0.02,12.44,0.0,0.0,0.0,25.0,sensor_drift,0.59
fault_sensor_drift_1,3327,1789847264.227409,0.0,51.76,25.5,0.0,83.61,0.0008,0.02,12.41,0.01,0.0,0.0,25.0,sensor_drift,0.59
fault_sensor_drift_1,3328,1789847265.227409,1.0,50.61,25.66,0.0,83.28,0.001,0.02,12.39,0.0,0.0,0.0,25.0,sensor_drift,0.59
fault_sensor_drift_1,3329,1789847266.227409,0.0,49.54,25.66,0.0,82.95,0.0,0.01,12.42,0.01,0.0,0.0,25.0,sensor_drift,0.59
fault_sensor_drift_1,3330,1789847267.227409,1.0,48.47,25.66,0.0,82.63,0.0002,0.0,12.46,0.0,0.0,0.0,25.0,sensor_drift,0.59
fault_sensor_drift_1,3331,1789847268.227409,0.7,47.48,25.35,0.0,82.3,0.0001,0.01,12.63,0.01,0.0,0.0,25.0,sensor_drift,0.59
fault_sensor_drift_1,3332,1789847269.227409,0.5,46.55,25.46,0.0,81.98,0.0001,0.02,12.63,0.01,0.0,0.0,25.0,sensor_drift,0.59
fault_sensor_drift_1,3333,1789847270.227409,0.1,45.65,25.44,0.0,81.67,0.0,0.02,12.53,0.0,0.0,0.0,25.0,sensor_drift,0.59
fault_sensor_drift_1,3334,1789847271.227409,0.0,44.79,25.1,0.0,81.36,0.0,0.01,12.59,0.0,0.0,0.0,25.0,sensor_drift,0.59
fault_sensor_drift_1,3335,1789847272.227409,0.0,43.96,25.82,0.0,81.03,0.0,0.01,12.61,0.0,0.0,0.0,25.0,sensor_drift,0.59
fault_sensor_drift_1,3336,1789847273.227409,0.0,43.18,25.93,0.0,80.7,0.0,0.02,12.52,0.0,0.0,0.0,25.0,sensor_drift,0.59
fault_sensor_drift_1,3337,1789847274.227409,0.0,42.45,25.83,0.0,80.4,0.0003,0.01,12.49,0.01,0.0,0.0,25.0,sensor_drift,0.59
fault_sensor_drift_1,3338,1789847275.227409,0.0,41.69,25.45,0.0,80.09,0.0004,0.0,12.43,0.0,0.0,0.0,25.0,sensor_drift,0.59
fault_sensor_drift_1,3339,1789847276.227409,0.0,41.04,25.03,0.0,79.79,0.0005,0.0,12.51,0.0,0.0,0.0,25.0,sensor_drift,0.59
fault_sensor_drift_1,3340,1789847277.227409,0.0,40.4,25.19,0.0,79.47,0.0,0.0,12.51,0.0,0.0,0.0,25.0,sensor_drift,0.59
fault_sensor_drift_1,3341,1789847278.227409,0.0,39.78,25.21,0.0,79.17,0.0001,0.0,12.49,0.0,0.0,0.0,25.0,sensor_drift,0.59
fault_sensor_drift_1,3342,1789847279.227409,0.0,39.19,25.02,0.0,78.88,0.0005,0.0,12.53,0.0,0.0,0.0,25.0,sensor_drift,0.59
fault_sensor_drift_1,3343,1789847280.227409,1.2,38.64,25.29,0.0,78.58,0.0008,0.0,12.47,0.0,0.0,0.0,25.0,sensor_drift,0.59
fault_sensor_drift_1,3344,1789847281.227409,1.5,38.08,25.42,0.0,78.27,0.0001,0.0,12.47,0.0,0.0,0.0,25.0,sensor_drift,0.59
fault_sensor_drift_1,3345,1789847282.227409,3.5,37.63,25.12,0.0,77.99,0.0,0.0,12.45,0.0,0.0,0.0,25.0,sensor_drift,0.59
fault_sensor_drift_1,3346,1789847283.227409,3.7,37.14,25.05,0.0,77.7,0.0006,0.0,12.47,0.0,0.0,0.0,25.0,sensor_drift,0.59
fault_sensor_drift_1,3347,1789847284.227409,4.4,36.69,25.3,0.0,77.43,0.0001,0.0,12.47,0.0,0.0,0.0,25.0,sensor_drift,0.59
fault_sensor_drift_1,3348,1789847285.227409,3.5,36.3,25.0,0.0,77.14,0.0,0.0,12.51,0.0,0.0,0.0,25.0,sensor_drift,0.59
fault_sensor_drift_1,3349,1789847286.227409,3.8,35.89,25.38,0.01,76.84,0.0,0.0,12.4,0.0,0.0,0.0,25.0,sensor_drift,0.59
fault_sensor_drift_1,3350,1789847287.227409,4.6,35.5,25.53,0.01,76.56,0.0,0.0,12.4,0.0,0.0,0.0,25.0,sensor_drift,0.59
fault_sensor_drift_1,3351,1789847288.227409,2.4,35.12,25.67,0.0,76.28,0.0002,0.0,12.53,0.0,0.0,0.0,25.0,sensor_drift,0.59
fault_sensor_drift_1,3352,1789847289.227409,2.5,34.75,25.63,0.0,75.99,0.0011,0.0,12.54,0.0,0.0,0.0,25.0,sensor_drift,0.59
fault_sensor_drift_1,3353,1789847290.227409,2.3,34.42,25.68,0.0,75.71,0.0,0.0,12.62,0.0,0.0,0.0,25.0,sensor_drift,0.59
fault_sensor_drift_1,3354,1789847291.227409,2.5,34.11,25.4,0.0,75.43,0.0,0.0,12.62,0.0,0.0,0.0,25.0,sensor_drift,0.59
fault_sensor_drift_1,3355,1789847292.227409,2.9,33.79,25.0,0.0,75.16,0.0004,0.0,12.51,0.01,0.0,0.0,25.0,sensor_drift,0.59
fault_sensor_drift_1,3356,1789847293.227409,1.3,33.5,25.0,0.0,74.87,0.0,0.0,12.5,0.02,0.0,0.0,25.0,sensor_drift,0.59
fault_sensor_drift_1,3357,1789847294.227409,0.0,33.24,25.0,0.0,74.61,0.0,0.0,12.48,0.0,0.0,0.0,25.0,sensor_drift,0.59
fault_sensor_drift_1,3358,1789847295.227409,0.0,32.99,25.0,0.0,74.31,0.0,0.0,12.54,0.0,0.0,0.0,25.0,sensor_drift,0.59
fault_sensor_drift_1,3359,1789847296.227409,0.0,32.74,25.07,0.0,74.03,0.0,0.01,12.54,0.03,0.0,0.0,25.0,sensor_drift,0.59
fault_sensor_drift_1,3360,1789847297.227409,0.0,32.48,25.0,0.0,73.76,0.0,0.01,12.5,0.01,0.0,0.0,25.0,sensor_drift,0.59
fault_sensor_drift_1,3361,1789847298.227409,0.0,32.22,25.0,0.0,73.48,0.0004,0.01,12.46,0.0,0.0,0.0,25.0,sensor_drift,0.59
fault_sensor_drift_1,3362,1789847299.227409,0.8,32.02,25.0,0.0,73.23,0.0,0.0,12.48,0.0,0.0,0.0,25.0,sensor_drift,0.59
fault_sensor_drift_1,3363,1789847300.227409,0.0,31.82,25.0,0.0,72.96,0.0,0.01,12.46,0.0,0.0,0.0,25.0,sensor_drift,0.59
fault_sensor_drift_1,3364,1789847301.227409,0.0,31.64,25.0,0.01,72.7,0.0,0.02,12.5,0.01,0.0,0.0,25.0,sensor_drift,0.59
fault_sensor_drift_1,3365,1789847302.227409,0.8,31.46,25.0,0.01,72.42,0.0,0.02,12.51,0.0,0.0,0.0,25.0,sensor_drift,0.59
fault_sensor_drift_1,3366,1789847303.227409,1.9,31.29,25.0,0.0,72.15,0.0,0.02,12.57,0.01,0.0,0.0,25.0,sensor_drift,0.59
fault_sensor_drift_1,3367,1789847304.227409,3.2,31.1,25.1,0.0,71.88,0.0,0.02,12.47,0.02,0.0,0.0,25.0,sensor_drift,0.59
fault_sensor_drift_1,3368,1789847305.227409,0.9,30.98,25.0,0.01,71.62,0.0,0.01,12.41,0.03,0.0,0.0,25.0,sensor_drift,0.59
fault_sensor_drift_1,3369,1789847306.227409,0.9,30.85,25.03,0.01,71.36,0.0005,0.0,12.39,0.01,0.0,0.0,25.0,sensor_drift,0.59
fault_sensor_drift_1,3370,1789847307.227409,2.1,30.69,25.49,0.01,71.1,0.0004,0.01,12.41,0.0,0.0,0.0,25.0,sensor_drift,0.59
fault_sensor_drift_1,3371,1789847308.227409,0.0,30.55,25.54,0.0,70.85,0.0,0.0,12.34,0.0,0.0,0.0,25.0,sensor_drift,0.59
fault_sensor_drift_1,3372,1789847309.227409,0.0,30.4,25.06,0.01,70.6,0.0,0.0,12.35,0.0,0.0,0.0,25.0,sensor_drift,0.59
fault_sensor_drift_1,3373,1789847310.227409,1.6,30.3,25.0,0.01,70.34,0.0,0.0,12.37,0.01,0.0,0.0,25.0,sensor_drift,0.59
fault_sensor_drift_1,3374,1789847311.227409,2.7,30.2,25.0,0.01,70.08,0.0002,0.0,12.38,0.0,0.0,0.0,25.0,sensor_drift,0.59
fault_sensor_drift_1,3375,1789847312.227409,1.7,30.1,25.0,0.01,69.82,0.0002,0.02,12.4,0.0,0.0,0.0,25.0,sensor_drift,0.59
fault_sensor_drift_1,3376,1789847313.227409,3.7,30.0,25.0,0.01,69.58,0.0,0.02,12.35,0.0,0.0,0.0,25.0,sensor_drift,0.59
fault_sensor_drift_1,3377,1789847314.227409,3.1,29.84,25.1,0.01,69.34,0.0,0.03,12.38,0.04,0.0,0.0,25.0,sensor_drift,0.59
fault_sensor_drift_1,3378,1789847315.227409,3.5,29.77,25.0,0.01,69.1,0.0,0.02,12.32,0.02,0.0,0.0,25.0,sensor_drift,0.59
fault_sensor_drift_1,3379,1789847316.227409,4.1,29.71,25.0,0.0,68.86,0.0,0.01,12.3,0.0,0.0,0.0,25.0,sensor_drift,0.59
fault_sensor_drift_1,3380,1789847317.227409,1.8,29.59,25.0,0.0,68.62,0.0,0.01,12.37,0.0,0.0,0.0,25.0,sensor_drift,0.59
fault_sensor_drift_1,3381,1789847318.227409,1.5,29.49,25.0,0.01,68.38,0.0001,0.0,12.38,0.0,0.0,0.0,25.0,sensor_drift,0.59
fault_sensor_drift_1,3382,1789847319.227409,0.0,29.44,25.0,0.01,68.16,0.0,0.01,12.33,0.0,0.0,0.0,25.0,sensor_drift,0.59
fault_sensor_drift_1,3383,1789847320.227409,0.0,29.38,25.05,0.01,67.9,0.0004,0.0,12.41,0.02,0.0,0.0,25.0,sensor_drift,0.59
fault_sensor_drift_1,3384,1789847321.227409,0.0,29.27,25.44,0.02,67.68,0.0002,0.0,12.4,0.0,0.0,0.0,25.0,sensor_drift,0.59
fault_sensor_drift_1,3385,1789847322.227409,1.0,29.19,25.15,0.02,67.43,0.0,0.01,12.38,0.0,0.0,0.0,25.0,sensor_drift,0.59
fault_sensor_drift_1,3386,1789847323.227409,0.8,29.14,25.32,0.01,67.19,0.0002,0.01,12.48,0.0,0.0,0.0,25.0,sensor_drift,0.59
fault_sensor_drift_1,3387,1789847324.227409,0.6,29.08,25.42,0.01,66.98,0.0002,0.0,12.56,0.0,0.0,0.0,25.0,sensor_drift,0.59
fault_sensor_drift_1,3388,1789847325.227409,0.0,29.01,25.56,0.0,66.73,0.0004,0.0,12.53,0.0,0.0,0.0,25.0,sensor_drift,0.59
fault_sensor_drift_1,3389,1789847326.227409,0.0,28.98,25.29,0.0,66.5,0.0,0.0,12.63,0.0,0.0,0.0,25.0,sensor_drift,0.59
fault_sensor_drift_1,3390,1789847327.227409,0.0,28.97,25.0,0.0,66.28,0.0,0.0,12.65,0.0,0.0,0.0,25.0,sensor_drift,0.59
fault_sensor_drift_1,3391,1789847328.227409,0.0,28.9,25.0,0.0,66.06,0.0,0.0,12.62,0.0,0.0,0.0,25.0,sensor_drift,0.59
fault_sensor_drift_1,3392,1789847329.227409,0.0,28.83,25.0,0.0,65.82,0.0004,0.0,12.63,0.0,0.0,0.0,25.0,sensor_drift,0.59
fault_sensor_drift_1,3393,1789847330.227409,0.0,28.82,25.0,0.0,65.58,0.0004,0.01,12.6,0.0,0.0,0.0,25.0,sensor_drift,0.59
fault_sensor_drift_1,3394,1789847331.227409,0.7,28.77,25.35,0.0,65.35,0.0,0.02,12.51,0.0,0.0,0.0,25.0,sensor_drift,0.59
fault_sensor_drift_1,3395,1789847332.227409,1.0,28.74,25.2,0.0,65.11,0.0,0.01,12.42,0.0,0.0,0.0,25.0,sensor_drift,0.59
fault_sensor_drift_1,3396,1789847333.227409,1.2,28.74,25.34,0.0,64.89,0.0001,0.03,12.47,0.0,0.0,0.0,25.0,sensor_drift,0.59
fault_sensor_drift_1,3397,1789847334.227409,0.1,28.68,25.62,0.0,64.67,0.0004,0.01,12.4,0.0,0.0,0.0,25.0,sensor_drift,0.59
fault_sensor_drift_1,3398,1789847335.227409,0.0,28.63,25.05,0.0,64.47,0.0009,0.02,12.38,0.0,0.0,0.0,25.0,sensor_drift,0.59
fault_sensor_drift_1,3399,1789847336.227409,0.0,28.61,25.62,0.0,64.24,0.0003,0.03,12.44,0.0,0.0,0.0,25.0,sensor_drift,0.59
fault_sensor_drift_1,3400,1789847337.227409,0.0,28.56,25.84,0.0,64.03,0.0001,0.04,12.45,0.0,0.0,0.0,25.0,sensor_drift,0.59
fault_sensor_drift_1,3401,1789847338.227409,1.5,28.58,25.68,0.0,63.8,0.0,0.03,12.48,0.02,0.0,0.0,25.0,sensor_drift,0.59
fault_sensor_drift_1,3402,1789847339.227409,4.9,28.52,25.93,0.0,63.6,0.0,0.03,12.49,0.0,0.0,0.0,25.0,sensor_drift,0.59
fault_sensor_drift_1,3403,1789847340.227409,4.3,28.51,25.7,0.0,63.39,0.0013,0.02,12.46,0.01,0.0,0.0,25.0,sensor_drift,0.59
fault_sensor_drift_1,3404,1789847341.227409,2.6,28.49,25.14,0.0,63.17,0.0008,0.03,12.44,0.01,0.0,0.0,25.0,sensor_drift,0.59
fault_sensor_drift_1,3405,1789847342.227409,2.4,28.45,25.2,0.0,62.97,0.0005,0.01,12.46,0.05,0.0,0.0,25.0,sensor_drift,0.59
fault_sensor_drift_1,3406,1789847343.227409,1.1,28.44,25.0,0.0,62.75,0.0011,0.02,12.46,0.0,0.0,0.0,25.0,sensor_drift,0.59
fault_sensor_drift_1,3407,1789847344.227409,3.1,28.41,25.0,0.0,62.54,0.001,0.03,12.47,0.0,0.0,0.0,25.0,sensor_drift,0.59
fault_sensor_drift_1,3408,1789847345.227409,5.1,28.39,25.0,0.0,62.32,0.0,0.04,12.52,0.02,0.0,0.0,25.0,sensor_drift,0.59
fault_sensor_drift_1,3409,1789847346.227409,4.0,28.35,25.0,0.01,62.11,0.0001,0.02,12.44,0.02,0.0,0.0,25.0,sensor_drift,0.59
fault_sensor_drift_1,3410,1789847347.227409,1.8,28.35,25.0,0.0,61.91,0.0004,0.02,12.3,0.0,0.0,0.0,25.0,sensor_drift,0.59
fault_sensor_drift_1,3411,1789847348.227409,2.3,28.36,25.0,0.0,61.69,0.0,0.03,12.39,0.01,0.0,0.0,25.0,sensor_drift,0.59
fault_sensor_drift_1,3412,1789847349.227409,1.8,28.34,25.12,0.0,61.5,0.0,0.02,12.41,0.0,0.0,0.0,25.0,sensor_drift,0.59
fault_sensor_drift_1,3413,1789847350.227409,1.2,28.32,25.23,0.0,61.31,0.0006,0.03,12.41,0.0,0.0,0.0,25.0,sensor_drift,0.59
fault_sensor_drift_1,3414,1789847351.227409,2.9,28.3,25.52,0.0,61.1,0.0001,0.02,12.37,0.0,0.0,0.0,25.0,sensor_drift,0.59
fault_sensor_drift_1,3415,1789847352.227409,2.3,28.24,25.53,0.0,60.9,0.0,0.03,12.36,0.01,0.0,0.0,25.0,sensor_drift,0.59
fault_sensor_drift_1,3416,1789847353.227409,0.0,28.21,25.18,0.0,60.72,0.0002,0.01,12.35,0.02,0.0,0.0,25.0,sensor_drift,0.59
fault_sensor_drift_1,3417,1789847354.227409,0.9,28.22,25.1,0.0,60.52,0.0004,0.01,12.27,0.0,0.0,0.0,25.0,sensor_drift,0.59
fault_sensor_drift_1,3418,1789847355.227409,1.4,28.17,25.09,0.0,60.31,0.0003,0.01,12.38,0.0,0.0,0.0,25.0,sensor_drift,0.59
fault_sensor_drift_1,3419,1789847356.227409,1.4,28.15,25.0,0.0,60.12,0.0004,0.01,12.39,0.0,0.0,0.0,25.0,sensor_drift,0.59
fault_sensor_drift_1,3420,1789847357.227409,3.9,28.1,25.0,0.0,59.95,0.0,0.01,12.32,0.0,0.0,0.0,25.0,sensor_drift,0.59
fault_sensor_drift_1,3421,1789847358.227409,4.4,28.11,25.0,0.0,59.74,0.0001,0.0,12.36,0.0,0.0,0.0,25.0,sensor_drift,0.59
fault_sensor_drift_1,3422,1789847359.227409,2.5,28.1,25.0,0.0,59.54,0.0002,0.01,12.45,0.02,0.0,0.0,25.0,sensor_drift,0.59
fault_sensor_drift_1,3423,1789847360.227409,1.4,28.1,25.0,0.0,59.35,0.0008,0.0,12.41,0.0,0.0,0.0,25.0,sensor_drift,0.59
fault_sensor_drift_1,3424,1789847361.227409,0.0,28.1,25.0,0.0,59.15,0.0008,0.01,12.48,0.0,0.0,0.0,25.0,sensor_drift,0.59
fault_sensor_drift_1,3425,1789847362.227409,0.6,28.04,25.0,0.0,58.96,0.0005,0.01,12.48,0.0,0.0,0.0,25.0,sensor_drift,0.59
fault_sensor_drift_1,3426,1789847363.227409,3.6,28.03,25.0,0.0,58.77,0.0,0.0,12.5,0.02,0.0,0.0,25.0,sensor_drift,0.59
fault_sensor_drift_1,3427,1789847364.227409,2.0,28.03,25.63,0.0,58.57,0.0,0.01,12.53,0.01,0.0,0.0,25.0,sensor_drift,0.59
fault_sensor_drift_1,3428,1789847365.227409,2.8,28.04,25.52,0.0,58.38,0.0,0.01,12.49,0.02,0.0,0.0,25.0,sensor_drift,0.59
fault_sensor_drift_1,3429,1789847366.227409,3.3,28.03,25.26,0.01,58.2,0.0,0.02,12.58,0.06,0.0,0.0,25.0,sensor_drift,0.59
fault_sensor_drift_1,3430,1789847367.227409,3.1,28.04,25.0,0.01,58.0,0.0,0.02,12.57,0.05,0.0,0.0,25.0,sensor_drift,0.59
fault_sensor_drift_1,3431,1789847368.227409,0.2,27.99,25.0,0.01,57.82,0.0,0.03,12.61,0.04,0.0,0.0,25.0,sensor_drift,0.59
fault_sensor_drift_1,3432,1789847369.227409,0.3,28.02,25.0,0.01,57.65,0.0,0.02,12.6,0.01,0.0,0.0,25.0,sensor_drift,0.59
fault_sensor_drift_1,3433,1789847370.227409,0.0,27.99,25.25,0.01,57.47,0.0,0.02,12.55,0.01,0.0,0.0,25.0,sensor_drift,0.59
fault_sensor_drift_1,3434,1789847371.227409,0.0,28.01,25.21,0.0,57.29,0.0,0.02,12.48,0.0,0.0,0.0,25.0,sensor_drift,0.59
fault_sensor_drift_1,3435,1789847372.227409,0.0,28.01,25.04,0.0,57.11,0.0,0.04,12.49,0.02,0.0,0.0,25.0,sensor_drift,0.59
fault_sensor_drift_1,3436,1789847373.227409,0.5,28.02,25.0,0.0,56.96,0.0004,0.03,12.52,0.03,0.0,0.0,25.0,sensor_drift,0.59
fault_sensor_drift_1,3437,1789847374.227409,1.3,28.02,25.0,0.0,56.79,0.0007,0.03,12.52,0.02,0.0,0.0,25.0,sensor_drift,0.59
fault_sensor_drift_1,3438,1789847375.227409,0.9,27.99,25.0,0.0,56.62,0.0011,0.01,12.51,0.0,0.0,0.0,25.0,sensor_drift,0.59
fault_sensor_drift_1,3439,1789847376.227409,3.5,28.01,25.0,0.0,56.44,0.0,0.01,12.49,0.02,0.0,0.0,25.0,sensor_drift,0.59
fault_sensor_drift_1,3440,1789847377.227409,0.8,28.03,25.0,0.0,56.26,0.0007,0.01,12.49,0.0,0.0,0.0,25.0,sensor_drift,0.59
fault_sensor_drift_1,3441,1789847378.227409,0.0,28.03,25.0,0.0,56.09,0.0003,0.01,12.55,0.0,0.0,0.0,25.0,sensor_drift,0.59
fault_sensor_drift_1,3442,1789847379.227409,0.0,27.99,25.0,0.0,55.9,0.0,0.01,12.49,0.0,0.0,0.0,25.0,sensor_drift,0.59
fault_sensor_drift_1,3443,1789847380.227409,0.0,27.96,25.34,0.0,55.72,0.0,0.0,12.49,0.0,0.0,0.0,25.0,sensor_drift,0.59
fault_sensor_drift_1,3444,1789847381.227409,0.0,27.97,25.86,0.0,55.55,0.0005,0.01,12.55,0.0,0.0,0.0,25.0,sensor_drift,0.59
fault_sensor_drift_1,3445,1789847382.227409,0.0,27.99,25.61,0.0,55.38,0.0003,0.01,12.63,0.0,0.0,0.0,25.0,sensor_drift,0.59
fault_sensor_drift_1,3446,1789847383.227409,0.0,27.97,25.46,0.0,55.2,0.0003,0.02,12.56,0.0,0.0,0.0,25.0,sensor_drift,0.59
fault_sensor_drift_1,3447,1789847384.227409,1.5,27.98,25.27,0.0,55.03,0.0,0.02,12.63,0.0,0.0,0.0,25.0,sensor_drift,0.59
fault_sensor_drift_1,3448,1789847385.227409,0.0,27.98,25.56,0.0,54.89,0.0,0.01,12.57,0.0,0.0,0.0,25.0,sensor_drift,0.59
fault_sensor_drift_1,3449,1789847386.227409,1.2,27.98,25.5,0.0,54.73,0.0,0.02,12.6,0.0,0.0,0.0,25.0,sensor_drift,0.59
fault_sensor_drift_1,3450,1789847387.227409,0.0,27.98,25.39,0.0,54.57,0.0,0.01,12.5,0.0,0.0,0.0,25.0,sensor_drift,0.59
fault_sensor_drift_1,3451,1789847388.227409,0.0,27.98,25.09,0.0,54.43,0.0,0.01,12.54,0.0,0.0,0.0,25.0,sensor_drift,0.59
fault_sensor_drift_1,3452,1789847389.227409,0.0,27.96,25.09,0.0,54.26,0.0,0.0,12.49,0.0,0.0,0.0,25.0,sensor_drift,0.59
fault_sensor_drift_1,3453,1789847390.227409,0.0,27.99,25.08,0.0,54.1,0.0,0.0,12.5,0.0,0.0,0.0,25.0,sensor_drift,0.59
fault_sensor_drift_1,3454,1789847391.227409,1.2,27.99,25.11,0.0,53.94,0.0,0.0,12.47,0.0,0.0,0.0,25.0,sensor_drift,0.59
fault_sensor_drift_1,3455,1789847392.227409,0.7,27.97,25.0,0.0,53.76,0.0003,0.0,12.47,0.0,0.0,0.0,25.0,sensor_drift,0.59
fault_sensor_drift_1,3456,1789847393.227409,1.8,27.97,25.0,0.0,53.58,0.0,0.0,12.4,0.04,0.0,0.0,25.0,sensor_drift,0.59
fault_sensor_drift_1,3457,1789847394.227409,0.1,27.96,25.0,0.0,53.43,0.0,0.0,12.42,0.0,0.0,0.0,25.0,sensor_drift,0.59
fault_sensor_drift_1,3458,1789847395.227409,0.0,27.95,25.0,0.0,53.26,0.0,0.0,12.34,0.0,0.0,0.0,25.0,sensor_drift,0.59
fault_sensor_drift_1,3459,1789847396.227409,1.4,27.96,25.0,0.0,53.1,0.0,0.0,12.39,0.0,0.0,0.0,25.0,sensor_drift,0.59
fault_sensor_drift_1,3460,1789847397.227409,2.4,27.95,25.11,0.0,52.93,0.0,0.0,12.37,0.0,0.0,0.0,25.0,sensor_drift,0.59
fault_sensor_drift_1,3461,1789847398.227409,2.7,27.95,25.0,0.0,52.76,0.0011,0.0,12.44,0.0,0.0,0.0,25.0,sensor_drift,0.59
fault_sensor_drift_1,3462,1789847399.227409,3.7,27.98,25.0,0.0,52.61,0.0,0.0,12.36,0.0,0.0,0.0,25.0,sensor_drift,0.59
fault_sensor_drift_1,3463,1789847400.227409,2.8,28.01,25.0,0.0,52.46,0.0,0.0,12.39,0.0,0.0,0.0,25.0,sensor_drift,0.59
fault_sensor_drift_1,3464,1789847401.227409,4.2,27.98,25.2,0.0,52.31,0.0001,0.0,12.39,0.0,0.0,0.0,25.0,sensor_drift,0.59
fault_sensor_drift_1,3465,1789847402.227409,5.1,27.95,25.0,0.01,52.17,0.0,0.0,12.44,0.02,0.0,0.0,25.0,sensor_drift,0.59
fault_sensor_drift_1,3466,1789847403.227409,4.8,27.97,25.0,0.01,52.02,0.0,0.0,12.5,0.0,0.0,0.0,25.0,sensor_drift,0.59
fault_sensor_drift_1,3467,1789847404.227409,6.6,27.98,25.16,0.0,51.88,0.0,0.0,12.56,0.01,0.0,0.0,25.0,sensor_drift,0.59
fault_sensor_drift_1,3468,1789847405.227409,5.8,27.96,25.27,0.0,51.75,0.0,0.0,12.59,0.02,0.0,0.0,25.0,sensor_drift,0.59
fault_sensor_drift_1,3469,1789847406.227409,5.1,27.95,25.0,0.01,51.61,0.0,0.0,12.58,0.01,0.0,0.0,25.0,sensor_drift,0.59
fault_sensor_drift_1,3470,1789847407.227409,4.2,27.97,25.0,0.0,51.46,0.0001,0.0,12.55,0.0,0.0,0.0,25.0,sensor_drift,0.59
fault_sensor_drift_1,3471,1789847408.227409,4.1,27.95,25.03,0.01,51.31,0.0003,0.0,12.52,0.0,0.0,0.0,25.0,sensor_drift,0.59
fault_sensor_drift_1,3472,1789847409.227409,3.3,27.95,25.0,0.0,51.13,0.0002,0.0,12.5,0.03,0.0,0.0,25.0,sensor_drift,0.59
fault_sensor_drift_1,3473,1789847410.227409,1.8,27.95,25.0,0.0,51.0,0.0001,0.0,12.55,0.0,0.0,0.0,25.0,sensor_drift,0.59
fault_sensor_drift_1,3474,1789847411.227409,1.7,27.95,25.38,0.0,50.85,0.0005,0.0,12.57,0.0,0.0,0.0,25.0,sensor_drift,0.59
fault_sensor_drift_1,3475,1789847412.227409,1.1,27.95,25.0,0.0,50.72,0.0012,0.0,12.59,0.0,0.0,0.0,25.0,sensor_drift,0.59
fault_sensor_drift_1,3476,1789847413.227409,1.1,27.95,25.0,0.0,50.58,0.0008,0.0,12.57,0.0,0.0,0.0,25.0,sensor_drift,0.59
fault_sensor_drift_1,3477,1789847414.227409,0.0,27.95,25.0,0.0,50.44,0.0001,0.0,12.69,0.0,0.0,0.0,25.0,sensor_drift,0.59
fault_sensor_drift_1,3478,1789847415.227409,0.0,27.95,25.3,0.0,50.28,0.0,0.0,12.67,0.0,0.0,0.0,25.0,sensor_drift,0.59
fault_sensor_drift_1,3479,1789847416.227409,0.0,27.95,25.67,0.0,50.15,0.0,0.0,12.65,0.0,0.0,0.0,25.0,sensor_drift,0.59
fault_sensor_drift_1,3480,1789847417.227409,0.0,27.95,25.0,0.0,50.03,0.0,0.0,12.66,0.01,0.0,0.0,25.0,sensor_drift,0.59
fault_sensor_drift_1,3481,1789847418.227409,0.0,27.95,25.17,0.0,49.9,0.0,0.0,12.65,0.0,0.0,0.0,25.0,sensor_drift,0.59
fault_sensor_drift_1,3482,1789847419.227409,0.0,27.95,25.46,0.0,49.75,0.0,0.0,12.61,0.0,0.0,0.0,25.0,sensor_drift,0.59
fault_sensor_drift_1,3483,1789847420.227409,0.0,27.95,25.16,0.0,49.6,0.0,0.0,12.61,0.0,0.0,0.0,25.0,sensor_drift,0.59
fault_sensor_drift_1,3484,1789847421.227409,0.0,27.95,25.03,0.0,49.48,0.0004,0.0,12.57,0.03,0.0,0.0,25.0,sensor_drift,0.59
fault_sensor_drift_1,3485,1789847422.227409,0.0,27.95,25.0,0.01,49.34,0.0007,0.01,12.47,0.0,0.0,0.0,25.0,sensor_drift,0.59
fault_sensor_drift_1,3486,1789847423.227409,0.0,27.95,25.0,0.01,49.21,0.0008,0.02,12.47,0.01,0.0,0.0,25.0,sensor_drift,0.59
fault_sensor_drift_1,3487,1789847424.227409,1.6,27.95,25.08,0.0,49.08,0.0008,0.01,12.48,0.0,0.0,0.0,25.0,sensor_drift,0.59
fault_sensor_drift_1,3488,1789847425.227409,2.6,27.96,25.47,0.0,48.96,0.0,0.01,12.42,0.0,0.0,0.0,25.0,sensor_drift,0.59
fault_sensor_drift_1,3489,1789847426.227409,3.2,27.98,25.33,0.0,48.83,0.0005,0.01,12.44,0.02,0.0,0.0,25.0,sensor_drift,0.59
fault_sensor_drift_1,3490,1789847427.227409,3.6,27.99,25.36,0.01,48.69,0.0,0.01,12.49,0.04,0.0,0.0,25.0,sensor_drift,0.59
fault_sensor_drift_1,3491,1789847428.227409,7.2,27.97,25.0,0.01,48.55,0.0,0.0,12.52,0.05,0.0,0.0,25.0,sensor_drift,0.59
fault_sensor_drift_1,3492,1789847429.227409,6.5,27.96,25.0,0.01,48.41,0.0,0.01,12.56,0.02,0.0,0.0,25.0,sensor_drift,0.59
fault_sensor_drift_1,3493,1789847430.227409,6.7,27.97,25.0,0.0,48.29,0.0,0.01,12.67,0.03,0.0,0.0,25.0,sensor_drift,0.59
fault_sensor_drift_1,3494,1789847431.227409,5.8,27.97,25.0,0.0,48.19,0.0,0.0,12.57,0.01,0.0,0.0,25.0,sensor_drift,0.59
fault_sensor_drift_1,3495,1789847432.227409,6.5,28.02,25.0,0.0,48.06,0.0,0.0,12.56,0.02,0.0,0.0,25.0,sensor_drift,0.59
fault_sensor_drift_1,3496,1789847433.227409,6.3,27.99,25.0,0.0,47.93,0.0,0.02,12.57,0.01,0.0,0.0,25.0,sensor_drift,0.59
fault_sensor_drift_1,3497,1789847434.227409,6.4,27.99,25.0,0.0,47.79,0.0,0.0,12.51,0.0,0.0,0.0,25.0,sensor_drift,0.59
fault_sensor_drift_1,3498,1789847435.227409,5.4,27.97,25.42,0.0,47.67,0.0,0.02,12.46,0.01,0.0,0.0,25.0,sensor_drift,0.59
fault_sensor_drift_1,3499,1789847436.227409,4.1,27.96,25.0,0.0,47.56,0.0,0.04,12.44,0.0,0.0,0.0,25.0,sensor_drift,0.59
fault_sensor_drift_1,3500,1789847437.227409,3.8,27.95,25.0,0.0,47.43,0.0,0.04,12.41,0.0,0.0,0.0,25.0,sensor_drift,0.59
fault_sensor_drift_1,3501,1789847438.227409,2.8,27.95,25.0,0.0,47.32,0.0,0.01,12.38,0.0,0.0,0.0,25.0,sensor_drift,0.59
fault_sensor_drift_1,3502,1789847439.227409,2.9,27.95,25.0,0.0,47.21,0.0,0.02,12.39,0.0,0.0,0.0,25.0,sensor_drift,0.59
fault_sensor_drift_1,3503,1789847440.227409,4.0,27.95,25.0,0.0,47.08,0.0,0.01,12.43,0.0,0.0,0.0,25.0,sensor_drift,0.59
fault_sensor_drift_1,3504,1789847441.227409,2.2,27.95,25.0,0.0,46.96,0.0,0.01,12.43,0.02,0.0,0.0,25.0,sensor_drift,0.59
fault_sensor_drift_1,3505,1789847442.227409,1.2,27.95,25.0,0.0,46.82,0.0,0.02,12.47,0.01,0.0,0.0,25.0,sensor_drift,0.59
fault_sensor_drift_1,3506,1789847443.227409,2.6,27.95,25.0,0.0,46.69,0.0004,0.02,12.38,0.02,0.0,0.0,25.0,sensor_drift,0.59
fault_sensor_drift_1,3507,1789847444.227409,2.3,27.95,25.0,0.0,46.57,0.0006,0.02,12.53,0.0,0.0,0.0,25.0,sensor_drift,0.59
fault_sensor_drift_1,3508,1789847445.227409,2.9,27.95,25.14,0.0,46.45,0.0,0.02,12.48,0.0,0.0,0.0,25.0,sensor_drift,0.59
fault_sensor_drift_1,3509,1789847446.227409,1.5,27.97,25.3,0.0,46.34,0.0002,0.02,12.55,0.03,0.0,0.0,25.0,sensor_drift,0.59
fault_sensor_drift_1,3510,1789847447.227409,2.3,27.96,25.0,0.0,46.23,0.0005,0.02,12.55,0.01,0.0,0.0,25.0,sensor_drift,0.59
fault_sensor_drift_1,3511,1789847448.227409,1.8,27.95,25.0,0.0,46.1,0.0,0.01,12.53,0.05,0.0,0.0,25.0,sensor_drift,0.59
fault_sensor_drift_1,3512,1789847449.227409,2.3,27.95,25.0,0.0,46.0,0.0007,0.0,12.46,0.06,0.0,0.0,25.0,sensor_drift,0.59
fault_sensor_drift_1,3513,1789847450.227409,3.2,27.98,25.0,0.0,45.91,0.0,0.0,12.46,0.02,0.0,0.0,25.0,sensor_drift,0.59
fault_sensor_drift_1,3514,1789847451.227409,3.0,27.97,25.0,0.0,45.8,0.0,0.0,12.53,0.02,0.0,0.0,25.0,sensor_drift,0.59
fault_sensor_drift_1,3515,1789847452.227409,3.1,27.99,25.0,0.0,45.67,0.0,0.0,12.58,0.0,0.0,0.0,25.0,sensor_drift,0.59
fault_sensor_drift_1,3516,1789847453.227409,1.8,27.96,25.0,0.0,45.55,0.0,0.0,12.51,0.0,0.0,0.0,25.0,sensor_drift,0.59
fault_sensor_drift_1,3517,1789847454.227409,1.3,27.99,25.0,0.0,45.44,0.0002,0.0,12.53,0.0,0.0,0.0,25.0,sensor_drift,0.59
fault_sensor_drift_1,3518,1789847455.227409,2.6,27.98,25.03,0.0,45.31,0.0011,0.0,12.51,0.0,0.0,0.0,25.0,sensor_drift,0.59
fault_sensor_drift_1,3519,1789847456.227409,0.9,27.98,25.0,0.0,45.18,0.0009,0.0,12.48,0.0,0.0,0.0,25.0,sensor_drift,0.59
fault_sensor_drift_1,3520,1789847457.227409,2.5,27.98,25.0,0.0,45.07,0.0006,0.0,12.48,0.0,0.0,0.0,25.0,sensor_drift,0.59
fault_sensor_drift_1,3521,1789847458.227409,3.8,27.95,25.23,0.0,44.96,0.0,0.0,12.47,0.0,0.0,0.0,25.0,sensor_drift,0.59
fault_sensor_drift_1,3522,1789847459.227409,2.4,27.95,25.0,0.0,44.86,0.0,0.0,12.55,0.01,0.0,0.0,25.0,sensor_drift,0.59
fault_sensor_drift_1,3523,1789847460.227409,1.2,27.95,25.0,0.0,44.74,0.0,0.0,12.56,0.01,0.0,0.0,25.0,sensor_drift,0.59
fault_sensor_drift_1,3524,1789847461.227409,2.7,27.95,25.44,0.0,44.65,0.0,0.0,12.55,0.0,0.0,0.0,25.0,sensor_drift,0.59
fault_sensor_drift_1,3525,1789847462.227409,2.5,27.95,25.51,0.0,44.52,0.0,0.0,12.64,0.0,0.0,0.0,25.0,sensor_drift,0.59
fault_sensor_drift_1,3526,1789847463.227409,2.0,27.95,25.67,0.0,44.43,0.0,0.0,12.65,0.0,0.0,0.0,25.0,sensor_drift,0.59
fault_sensor_drift_1,3527,1789847464.227409,1.4,27.95,25.85,0.0,44.32,0.0,0.0,12.69,0.0,0.0,0.0,25.0,sensor_drift,0.59
fault_sensor_drift_1,3528,1789847465.227409,3.2,27.95,26.1,0.0,44.22,0.0001,0.0,12.66,0.0,0.0,0.0,25.0,sensor_drift,0.59
fault_sensor_drift_1,3529,1789847466.227409,1.0,27.95,25.63,0.0,44.11,0.0006,0.0,12.6,0.0,0.0,0.0,25.0,sensor_drift,0.59
fault_sensor_drift_1,3530,1789847467.227409,2.2,27.95,25.62,0.0,44.01,0.0003,0.0,12.53,0.01,0.0,0.0,25.0,sensor_drift,0.59
fault_sensor_drift_1,3531,1789847468.227409,2.2,27.95,25.71,0.0,43.91,0.0013,0.0,12.5,0.0,0.0,0.0,25.0,sensor_drift,0.59
fault_sensor_drift_1,3532,1789847469.227409,2.1,27.97,25.69,0.0,43.8,0.001,0.0,12.5,0.0,0.0,0.0,25.0,sensor_drift,0.59
fault_sensor_drift_1,3533,1789847470.227409,1.5,27.96,25.6,0.0,43.71,0.0,0.0,12.54,0.0,0.0,0.0,25.0,sensor_drift,0.59
fault_sensor_drift_1,3534,1789847471.227409,3.1,27.95,25.32,0.0,43.61,0.0004,0.0,12.53,0.0,0.0,0.0,25.0,sensor_drift,0.59
fault_sensor_drift_1,3535,1789847472.227409,3.1,27.95,25.27,0.0,43.5,0.0,0.0,12.52,0.02,0.0,0.0,25.0,sensor_drift,0.59
fault_sensor_drift_1,3536,1789847473.227409,5.0,27.95,25.27,0.0,43.42,0.0,0.0,12.59,0.02,0.0,0.0,25.0,sensor_drift,0.59
fault_sensor_drift_1,3537,1789847474.227409,4.7,27.95,25.17,0.0,43.29,0.0006,0.0,12.61,0.0,0.0,0.0,25.0,sensor_drift,0.59
fault_sensor_drift_1,3538,1789847475.227409,4.1,27.95,25.14,0.0,43.17,0.0013,0.0,12.64,0.0,0.0,0.0,25.0,sensor_drift,0.59
fault_sensor_drift_1,3539,1789847476.227409,3.2,27.95,25.9,0.0,43.08,0.0008,0.0,12.69,0.0,0.0,0.0,25.0,sensor_drift,0.59
fault_sensor_drift_1,3540,1789847477.227409,3.1,27.98,26.01,0.0,42.98,0.0011,0.0,12.63,0.01,0.0,0.0,25.0,sensor_drift,0.59
fault_sensor_drift_1,3541,1789847478.227409,4.1,27.98,26.27,0.0,42.87,0.0002,0.0,12.65,0.0,0.0,0.0,25.0,sensor_drift,0.59
fault_sensor_drift_1,3542,1789847479.227409,3.8,28.02,26.09,0.0,42.76,0.0005,0.0,12.73,0.0,0.0,0.0,25.0,sensor_drift,0.59
fault_sensor_drift_1,3543,1789847480.227409,2.7,27.99,25.29,0.0,42.65,0.0003,0.0,12.7,0.0,0.0,0.0,25.0,sensor_drift,0.59
fault_sensor_drift_1,3544,1789847481.227409,2.5,27.95,25.23,0.0,42.57,0.0002,0.0,12.65,0.01,0.0,0.0,25.0,sensor_drift,0.59
fault_sensor_drift_1,3545,1789847482.227409,0.8,27.96,25.0,0.0,42.48,0.0001,0.01,12.61,0.02,0.0,0.0,25.0,sensor_drift,0.59
fault_sensor_drift_1,3546,1789847483.227409,0.9,27.96,25.0,0.0,42.39,0.0,0.0,12.63,0.0,0.0,0.0,25.0,sensor_drift,0.59
fault_sensor_drift_1,3547,1789847484.227409,1.0,27.95,25.15,0.0,42.29,0.0007,0.0,12.6,0.0,0.0,0.0,25.0,sensor_drift,0.59
fault_sensor_drift_1,3548,1789847485.227409,3.4,27.98,25.06,0.0,42.2,0.0006,0.0,12.52,0.0,0.0,0.0,25.0,sensor_drift,0.59
fault_sensor_drift_1,3549,1789847486.227409,2.4,27.95,25.19,0.0,42.12,0.0011,0.0,12.47,0.02,0.0,0.0,25.0,sensor_drift,0.59
fault_sensor_drift_1,3550,1789847487.227409,4.0,27.99,25.0,0.0,42.01,0.0008,0.0,12.52,0.0,0.0,0.0,25.0,sensor_drift,0.59
fault_sensor_drift_1,3551,1789847488.227409,4.6,27.98,25.0,0.01,41.91,0.0003,0.01,12.6,0.0,0.0,0.0,25.0,sensor_drift,0.59
fault_sensor_drift_1,3552,1789847489.227409,5.6,27.98,25.01,0.01,41.82,0.0004,0.01,12.63,0.0,0.0,0.0,25.0,sensor_drift,0.59
fault_sensor_drift_1,3553,1789847490.227409,5.2,28.01,25.0,0.01,41.72,0.0011,0.01,12.61,0.0,0.0,0.0,25.0,sensor_drift,0.59
fault_sensor_drift_1,3554,1789847491.227409,4.1,28.03,25.0,0.01,41.61,0.0011,0.03,12.59,0.0,0.0,0.0,25.0,sensor_drift,0.59
fault_sensor_drift_1,3555,1789847492.227409,2.6,28.03,25.0,0.01,41.51,0.0005,0.03,12.57,0.0,0.0,0.0,25.0,sensor_drift,0.59
fault_sensor_drift_1,3556,1789847493.227409,1.3,27.97,25.0,0.0,41.41,0.0008,0.0,12.6,0.01,0.0,0.0,25.0,sensor_drift,0.59
fault_sensor_drift_1,3557,1789847494.227409,0.0,27.96,25.27,0.01,41.33,0.0,0.0,12.6,0.06,0.0,0.0,25.0,sensor_drift,0.59
fault_sensor_drift_1,3558,1789847495.227409,0.0,27.96,25.31,0.0,41.25,0.0,0.01,12.67,0.02,0.0,0.0,25.0,sensor_drift,0.59
fault_sensor_drift_1,3559,1789847496.227409,0.0,27.98,25.14,0.0,41.16,0.0,0.01,12.67,0.04,0.0,0.0,25.0,sensor_drift,0.59
fault_sensor_drift_1,3560,1789847497.227409,0.4,27.97,25.19,0.01,41.07,0.0,0.0,12.58,0.0,0.0,0.0,25.0,sensor_drift,0.59
fault_sensor_drift_1,3561,1789847498.227409,0.0,27.98,25.19,0.0,40.99,0.0,0.0,12.55,0.0,0.0,0.0,25.0,sensor_drift,0.59
fault_sensor_drift_1,3562,1789847499.227409,2.0,27.99,25.4,0.0,40.89,0.0,0.0,12.69,0.0,0.0,0.0,25.0,sensor_drift,0.59
fault_sensor_drift_1,3563,1789847500.227409,1.3,28.02,25.52,0.01,40.8,0.0,0.0,12.59,0.02,0.0,0.0,25.0,sensor_drift,0.59
fault_sensor_drift_1,3564,1789847501.227409,2.3,28.03,25.7,0.01,40.71,0.0,0.0,12.54,0.02,0.0,0.0,25.0,sensor_drift,0.59
fault_sensor_drift_1,3565,1789847502.227409,1.4,28.01,26.17,0.0,40.62,0.0,0.0,12.54,0.0,0.0,0.0,25.0,sensor_drift,0.59
fault_sensor_drift_1,3566,1789847503.227409,1.7,28.01,25.95,0.01,40.52,0.0,0.0,12.58,0.0,0.0,0.0,25.0,sensor_drift,0.59
fault_sensor_drift_1,3567,1789847504.227409,2.1,28.01,25.91,0.01,40.44,0.0,0.0,12.63,0.0,0.0,0.0,25.0,sensor_drift,0.59
fault_sensor_drift_1,3568,1789847505.227409,4.1,27.97,26.07,0.0,40.36,0.0003,0.0,12.62,0.0,0.0,0.0,25.0,sensor_drift,0.59
fault_sensor_drift_1,3569,1789847506.227409,2.9,27.96,25.51,0.0,40.28,0.0,0.0,12.71,0.0,0.0,0.0,25.0,sensor_drift,0.59
fault_sensor_drift_1,3570,1789847507.227409,0.6,27.97,25.11,0.0,40.2,0.0,0.0,12.66,0.0,0.0,0.0,25.0,sensor_drift,0.59
fault_sensor_drift_1,3571,1789847508.227409,1.0,27.95,25.5,0.0,40.12,0.0004,0.01,12.63,0.0,0.0,0.0,25.0,sensor_drift,0.59
fault_sensor_drift_1,3572,1789847509.227409,3.0,27.95,25.45,0.0,40.04,0.0,0.02,12.55,0.0,0.0,0.0,25.0,sensor_drift,0.59
fault_sensor_drift_1,3573,1789847510.227409,0.9,27.95,25.0,0.0,39.94,0.0,0.01,12.55,0.0,0.0,0.0,25.0,sensor_drift,0.59
fault_sensor_drift_1,3574,1789847511.227409,1.8,27.95,25.0,0.0,39.85,0.0,0.0,12.58,0.0,0.0,0.0,25.0,sensor_drift,0.59
fault_sensor_drift_1,3575,1789847512.227409,3.6,27.95,25.0,0.0,39.76,0.0008,0.0,12.63,0.0,0.0,0.0,25.0,sensor_drift,0.59
fault_sensor_drift_1,3576,1789847513.227409,4.2,27.95,25.0,0.0,39.67,0.0005,0.0,12.62,0.0,0.0,0.0,25.0,sensor_drift,0.59
fault_sensor_drift_1,3577,1789847514.227409,4.1,27.95,25.0,0.0,39.6,0.0002,0.02,12.61,0.0,0.0,0.0,25.0,sensor_drift,0.59
fault_sensor_drift_1,3578,1789847515.227409,4.7,27.95,25.0,0.0,39.54,0.0,0.01,12.66,0.0,0.0,0.0,25.0,sensor_drift,0.59
fault_sensor_drift_1,3579,1789847516.227409,3.6,27.95,25.0,0.0,39.45,0.0,0.01,12.65,0.0,0.0,0.0,25.0,sensor_drift,0.59
fault_sensor_drift_1,3580,1789847517.227409,4.4,27.95,25.0,0.0,39.39,0.0,0.02,12.71,0.0,0.0,0.0,25.0,sensor_drift,0.59
fault_sensor_drift_1,3581,1789847518.227409,3.3,27.95,25.18,0.0,39.32,0.0002,0.0,12.73,0.04,0.0,0.0,25.0,sensor_drift,0.59
fault_sensor_drift_1,3582,1789847519.227409,5.1,27.95,25.0,0.0,39.24,0.0004,0.0,12.79,0.02,0.0,0.0,25.0,sensor_drift,0.59
fault_sensor_drift_1,3583,1789847520.227409,2.7,27.95,25.0,0.0,39.16,0.0007,0.01,12.83,0.04,0.0,0.0,25.0,sensor_drift,0.59
fault_sensor_drift_1,3584,1789847521.227409,1.6,27.95,25.0,0.0,39.09,0.0005,0.01,12.89,0.03,0.0,0.0,25.0,sensor_drift,0.59
fault_sensor_drift_1,3585,1789847522.227409,1.5,27.95,25.0,0.0,38.99,0.0,0.0,12.79,0.03,0.0,0.0,25.0,sensor_drift,0.59
fault_sensor_drift_1,3586,1789847523.227409,1.2,27.95,25.0,0.0,38.9,0.0,0.0,12.76,0.04,0.0,0.0,25.0,sensor_drift,0.59
fault_sensor_drift_1,3587,1789847524.227409,0.8,27.95,25.0,0.0,38.82,0.0,0.02,12.81,0.01,0.0,0.0,25.0,sensor_drift,0.59
fault_sensor_drift_1,3588,1789847525.227409,1.6,27.95,25.0,0.0,38.74,0.0002,0.03,12.76,0.04,0.0,0.0,25.0,sensor_drift,0.59
fault_sensor_drift_1,3589,1789847526.227409,0.6,27.95,25.0,0.01,38.67,0.0,0.03,12.82,0.0,0.0,0.0,25.0,sensor_drift,0.59
fault_sensor_drift_1,3590,1789847527.227409,0.0,27.95,25.0,0.0,38.6,0.0,0.03,12.8,0.0,0.0,0.0,25.0,sensor_drift,0.59
fault_sensor_drift_1,3591,1789847528.227409,0.0,27.95,25.0,0.0,38.53,0.0,0.04,12.81,0.0,0.0,0.0,25.0,sensor_drift,0.59
fault_sensor_drift_1,3592,1789847529.227409,0.0,27.95,25.0,0.0,38.46,0.0,0.03,12.86,0.01,0.0,0.0,25.0,sensor_drift,0.59
fault_sensor_drift_1,3593,1789847530.227409,0.0,27.95,25.0,0.0,38.39,0.0,0.04,12.86,0.0,0.0,0.0,25.0,sensor_drift,0.59
fault_sensor_drift_1,3594,1789847531.227409,1.1,27.95,25.0,0.0,38.32,0.0,0.05,12.72,0.0,0.0,0.0,25.0,sensor_drift,0.59
fault_sensor_drift_1,3595,1789847532.227409,0.0,27.95,25.0,0.0,38.23,0.0,0.05,12.73,0.0,0.0,0.0,25.0,sensor_drift,0.59
fault_sensor_drift_1,3596,1789847533.227409,1.4,27.95,25.0,0.0,38.15,0.0,0.04,12.72,0.03,0.0,0.0,25.0,sensor_drift,0.59
fault_sensor_drift_1,3597,1789847534.227409,3.2,27.95,25.09,0.0,38.07,0.0,0.03,12.63,0.01,0.0,0.0,25.0,sensor_drift,0.59
fault_sensor_drift_1,3598,1789847535.227409,4.8,27.95,25.0,0.0,38.01,0.0,0.03,12.57,0.0,0.0,0.0,25.0,sensor_drift,0.59
fault_sensor_drift_1,3599,1789847536.227409,5.2,27.95,25.0,0.0,37.92,0.0,0.02,12.69,0.0,0.0,0.0,25.0,sensor_drift,0.59
