mission_id,tick,timestamp,rpm,cht_celsius,egt_celsius,oil_pressure_bar,oil_temp_celsius,vibration,fuel_flow,battery_voltage_v,injection_timing_deg,throttle_position,altitude_m,ambient_temp_celsius,label_fault_type,label_severity
fault_injector_abnormality_1,0,1789811965.1580129,0.0,25.0,25.38,0.0,25.02,0.0004,0.0,12.57,0.0,0.0,0.0,25.0,healthy,0.0
fault_injector_abnormality_1,1,1789811966.1580129,0.0,25.0,25.68,0.0,25.02,0.0,0.0,12.65,0.02,0.0,0.0,25.0,healthy,0.0
fault_injector_abnormality_1,2,1789811967.1580129,0.0,25.01,25.46,0.01,25.01,0.0,0.0,12.56,0.0,0.0,0.0,25.0,healthy,0.0
fault_injector_abnormality_1,3,1789811968.1580129,0.0,25.01,25.46,0.0,25.0,0.0,0.0,12.52,0.01,0.0,0.0,25.0,healthy,0.0
fault_injector_abnormality_1,4,1789811969.1580129,0.0,25.0,25.25,0.0,25.0,0.0003,0.01,12.47,0.03,0.0,0.0,25.0,healthy,0.0
fault_injector_abnormality_1,5,1789811970.1580129,0.0,25.02,25.0,0.01,25.02,0.0,0.01,12.49,0.0,0.0,0.0,25.0,healthy,0.0
fault_injector_abnormality_1,6,1789811971.1580129,0.0,25.03,25.19,0.01,25.0,0.0003,0.04,12.45,0.03,0.0,0.0,25.0,healthy,0.0
fault_injector_abnormality_1,7,1789811972.1580129,0.0,25.04,25.0,0.02,25.01,0.0,0.03,12.32,0.03,0.0,0.0,25.0,healthy,0.0
fault_injector_abnormality_1,8,1789811973.1580129,0.0,25.03,25.0,0.01,25.0,0.0,0.01,12.38,0.03,0.0,0.0,25.0,healthy,0.0
fault_injector_abnormality_1,9,1789811974.1580129,0.3,25.02,25.0,0.02,25.0,0.0003,0.01,12.4,0.02,0.0,0.0,25.0,healthy,0.0
fault_injector_abnormality_1,10,1789811975.1580129,1.2,25.03,25.0,0.02,25.0,0.0001,0.0,12.38,0.01,0.0,0.0,25.0,healthy,0.0
fault_injector_abnormality_1,11,1789811976.1580129,0.2,25.0,25.17,0.02,25.0,0.0,0.0,12.45,0.0,0.0,0.0,25.0,healthy,0.0
fault_injector_abnormality_1,12,1789811977.1580129,0.9,25.01,25.06,0.02,25.0,0.0,0.0,12.55,0.0,0.0,0.0,25.0,healthy,0.0
fault_injector_abnormality_1,13,1789811978.1580129,1.2,25.0,25.0,0.01,25.0,0.0002,0.01,12.62,0.0,0.0,0.0,25.0,healthy,0.0
fault_injector_abnormality_1,14,1789811979.1580129,0.0,25.02,25.0,0.0,25.01,0.0007,0.01,12.55,0.0,0.0,0.0,25.0,healthy,0.0
fault_injector_abnormality_1,15,1789811980.1580129,1.8,25.02,25.0,0.0,25.01,0.001,0.02,12.45,0.0,0.0,0.0,25.0,healthy,0.0
fault_injector_abnormality_1,16,1789811981.1580129,2.1,25.01,25.0,0.01,25.0,0.0002,0.01,12.47,0.0,0.0,0.0,25.0,healthy,0.0
fault_injector_abnormality_1,17,1789811982.1580129,1.8,25.04,25.0,0.01,25.0,0.0005,0.0,12.46,0.0,0.0,0.0,25.0,healthy,0.0
fault_injector_abnormality_1,18,1789811983.1580129,0.0,25.03,25.42,0.01,25.0,0.0004,0.01,12.5,0.0,0.0,0.0,25.0,healthy,0.0
fault_injector_abnormality_1,19,1789811984.1580129,0.4,25.05,25.18,0.02,25.0,0.0006,0.01,12.51,0.0,0.0,0.0,25.0,healthy,0.0
fault_injector_abnormality_1,20,1789811985.1580129,0.0,25.04,25.65,0.01,25.0,0.0005,0.01,12.5,0.0,0.0,0.0,25.0,healthy,0.0
fault_injector_abnormality_1,21,1789811986.1580129,0.0,25.02,25.4,0.01,25.0,0.0006,0.01,12.52,0.0,0.0,0.0,25.0,healthy,0.0
fault_injector_abnormality_1,22,1789811987.1580129,0.0,25.02,25.0,0.0,25.0,0.0,0.01,12.53,0.0,0.0,0.0,25.0,healthy,0.0
fault_injector_abnormality_1,23,1789811988.1580129,0.0,25.0,25.0,0.0,25.0,0.0002,0.01,12.52,0.0,0.0,0.0,25.0,healthy,0.0
fault_injector_abnormality_1,24,1789811989.1580129,0.0,25.03,25.0,0.0,25.0,0.0,0.0,12.51,0.0,0.0,0.0,25.0,healthy,0.0
fault_injector_abnormality_1,25,1789811990.1580129,0.0,25.03,25.0,0.0,25.0,0.0,0.0,12.62,0.02,0.0,0.0,25.0,healthy,0.0
fault_injector_abnormality_1,26,1789811991.1580129,0.0,25.04,25.0,0.0,25.0,0.0,0.0,12.56,0.0,0.0,0.0,25.0,healthy,0.0
fault_injector_abnormality_1,27,1789811992.1580129,0.0,25.02,25.0,0.0,25.0,0.0,0.0,12.6,0.0,0.0,0.0,25.0,healthy,0.0
fault_injector_abnormality_1,28,1789811993.1580129,0.0,25.03,25.03,0.0,25.0,0.0,0.0,12.55,0.01,0.0,0.0,25.0,healthy,0.0
fault_injector_abnormality_1,29,1789811994.1580129,1.6,25.06,25.43,0.0,25.0,0.0,0.0,12.54,0.0,0.0,0.0,25.0,healthy,0.0
fault_injector_abnormality_1,30,1789811995.1580129,1.5,25.06,25.63,0.0,25.0,0.0005,0.0,12.57,0.0,0.0,0.0,25.0,healthy,0.0
fault_injector_abnormality_1,31,1789811996.1580129,2.3,25.04,25.38,0.0,25.0,0.0,0.0,12.58,0.02,0.0,0.0,25.0,healthy,0.0
fault_injector_abnormality_1,32,1789811997.1580129,5.3,25.01,25.88,0.0,25.0,0.0,0.01,12.61,0.02,0.0,0.0,25.0,healthy,0.0
fault_injector_abnormality_1,33,1789811998.1580129,4.0,25.0,25.26,0.0,25.0,0.0,0.01,12.58,0.05,0.0,0.0,25.0,healthy,0.0
fault_injector_abnormality_1,34,1789811999.1580129,3.1,25.0,25.23,0.0,25.0,0.0,0.01,12.57,0.04,0.0,0.0,25.0,healthy,0.0
fault_injector_abnormality_1,35,1789812000.1580129,4.2,25.0,25.18,0.0,25.0,0.0,0.0,12.63,0.0,0.0,0.0,25.0,healthy,0.0
fault_injector_abnormality_1,36,1789812001.1580129,3.0,25.0,25.0,0.0,25.0,0.0,0.0,12.54,0.0,0.0,0.0,25.0,healthy,0.0
fault_injector_abnormality_1,37,1789812002.1580129,2.3,25.0,25.0,0.0,25.0,0.0,0.0,12.6,0.0,0.0,0.0,25.0,healthy,0.0
fault_injector_abnormality_1,38,1789812003.1580129,3.6,25.0,25.0,0.0,25.0,0.0012,0.0,12.52,0.0,0.0,0.0,25.0,healthy,0.0
fault_injector_abnormality_1,39,1789812004.1580129,4.5,25.0,25.0,0.0,25.0,0.0004,0.0,12.48,0.0,0.0,0.0,25.0,healthy,0.0
fault_injector_abnormality_1,40,1789812005.1580129,4.5,25.0,25.0,0.0,25.02,0.0005,0.0,12.53,0.0,0.0,0.0,25.0,healthy,0.0
fault_injector_abnormality_1,41,1789812006.1580129,4.2,25.0,25.29,0.0,25.01,0.0004,0.0,12.47,0.02,0.0,0.0,25.0,healthy,0.0
fault_injector_abnormality_1,42,1789812007.1580129,2.0,25.0,25.7,0.0,25.01,0.0004,0.0,12.44,0.01,0.0,0.0,25.0,healthy,0.0
fault_injector_abnormality_1,43,1789812008.1580129,3.1,25.0,25.19,0.0,25.03,0.0009,0.0,12.38,0.05,0.0,0.0,25.0,healthy,0.0
fault_injector_abnormality_1,44,1789812009.1580129,0.0,25.0,25.4,0.0,25.02,0.0007,0.0,12.35,0.02,0.0,0.0,25.0,healthy,0.0
fault_injector_abnormality_1,45,1789812010.1580129,0.7,25.02,25.09,0.0,25.02,0.0005,0.0,12.38,0.03,0.0,0.0,25.0,healthy,0.0
fault_injector_abnormality_1,46,1789812011.1580129,0.4,25.03,25.0,0.0,25.02,0.0004,0.0,12.4,0.0,0.0,0.0,25.0,healthy,0.0
fault_injector_abnormality_1,47,1789812012.1580129,1.1,25.03,25.0,0.0,25.01,0.0001,0.0,12.38,0.01,0.0,0.0,25.0,healthy,0.0
fault_injector_abnormality_1,48,1789812013.1580129,0.6,25.02,25.0,0.0,25.0,0.0008,0.0,12.35,0.01,0.0,0.0,25.0,healthy,0.0
fault_injector_abnormality_1,49,1789812014.1580129,0.0,25.02,25.0,0.0,25.0,0.0001,0.0,12.28,0.03,0.0,0.0,25.0,healthy,0.0
fault_injector_abnormality_1,50,1789812015.1580129,1.6,25.01,25.0,0.0,25.01,0.0004,0.0,12.26,0.03,0.0,0.0,25.0,healthy,0.0
fault_injector_abnormality_1,51,1789812016.1580129,1.3,25.02,25.0,0.0,25.0,0.0,0.0,12.32,0.03,0.0,0.0,25.0,healthy,0.0
fault_injector_abnormality_1,52,1789812017.1580129,1.9,25.0,25.3,0.0,25.0,0.0,0.0,12.37,0.01,0.0,0.0,25.0,healthy,0.0
fault_injector_abnormality_1,53,1789812018.1580129,0.5,25.01,25.55,0.0,25.0,0.0,0.0,12.4,0.01,0.0,0.0,25.0,healthy,0.0
fault_injector_abnormality_1,54,1789812019.1580129,0.0,25.03,26.06,0.0,25.0,0.0,0.0,12.33,0.0,0.0,0.0,25.0,healthy,0.0
fault_injector_abnormality_1,55,1789812020.1580129,0.8,25.01,25.8,0.0,25.0,0.0,0.0,12.4,0.01,0.0,0.0,25.0,healthy,0.0
fault_injector_abnormality_1,56,1789812021.1580129,3.1,25.0,25.92,0.0,25.0,0.0,0.0,12.43,0.01,0.0,0.0,25.0,healthy,0.0
fault_injector_abnormality_1,57,1789812022.1580129,3.0,25.0,25.44,0.0,25.0,0.0,0.0,12.43,0.0,0.0,0.0,25.0,healthy,0.0
fault_injector_abnormality_1,58,1789812023.1580129,2.0,25.0,25.22,0.0,25.0,0.0,0.0,12.38,0.0,0.0,0.0,25.0,healthy,0.0
fault_injector_abnormality_1,59,1789812024.1580129,2.3,25.0,25.0,0.0,25.0,0.0004,0.0,12.32,0.0,0.0,0.0,25.0,healthy,0.0
fault_injector_abnormality_1,60,1789812025.1580129,920.8,28.81,151.18,1.56,25.31,0.0241,3.61,12.79,7.61,10.0,0.0,25.0,healthy,0.0
fault_injector_abnormality_1,61,1789812026.1580129,1370.8,32.56,252.34,2.0,25.73,0.0283,4.79,13.06,9.73,10.0,0.0,25.0,healthy,0.0
fault_injector_abnormality_1,62,1789812027.1580129,1602.6,36.52,323.19,2.19,26.14,0.028,5.28,13.27,10.7,10.0,0.0,25.0,healthy,0.0
fault_injector_abnormality_1,63,1789812028.1580129,1733.1,40.06,381.95,2.35,26.55,0.0344,5.72,13.4,11.3,10.0,0.0,25.0,healthy,0.0
fault_injector_abnormality_1,64,1789812029.1580129,1770.6,43.56,425.85,2.38,27.1,0.0307,6.02,13.43,11.44,10.0,0.0,25.0,healthy,0.0
fault_injector_abnormality_1,65,1789812030.1580129,1810.4,47.04,458.04,2.36,27.48,0.037,6.02,13.43,11.39,10.0,0.0,25.0,healthy,0.0
fault_injector_abnormality_1,66,1789812031.1580129,1829.2,50.2,484.37,2.34,27.82,0.0315,6.12,13.47,11.23,10.0,0.0,25.0,healthy,0.0
fault_injector_abnormality_1,67,1789812032.1580129,1829.0,53.18,498.89,2.4,28.27,0.0272,6.12,13.49,11.04,10.0,0.0,25.0,healthy,0.0
fault_injector_abnormality_1,68,1789812033.1580129,1838.4,56.23,514.42,2.38,28.34,0.0265,6.15,13.5,11.17,10.0,0.0,25.0,healthy,0.0
fault_injector_abnormality_1,69,1789812034.1580129,1849.4,59.18,524.45,2.39,28.63,0.0279,6.21,13.57,10.98,10.0,0.0,25.0,healthy,0.0
fault_injector_abnormality_1,70,1789812035.1580129,1846.4,61.72,534.29,2.44,28.86,0.0265,6.04,13.55,11.13,10.0,0.0,25.0,healthy,0.0
fault_injector_abnormality_1,71,1789812036.1580129,1809.4,63.88,536.81,2.45,29.11,0.022,6.19,13.64,11.1,10.0,0.0,25.0,healthy,0.0
fault_injector_abnormality_1,72,1789812037.1580129,1796.9,66.22,541.59,2.4,29.5,0.0238,6.49,13.6,11.27,10.0,0.0,25.0,healthy,0.0
fault_injector_abnormality_1,73,1789812038.1580129,1810.9,68.4,544.13,2.34,29.72,0.0246,6.54,13.68,11.47,10.0,0.0,25.0,healthy,0.0
fault_injector_abnormality_1,74,1789812039.1580129,1821.1,70.59,540.47,2.27,30.08,0.0223,6.53,13.71,11.27,10.0,0.0,25.0,healthy,0.0
fault_injector_abnormality_1,75,1789812040.1580129,1843.8,72.26,547.37,2.22,30.4,0.0205,6.5,13.73,11.21,10.0,0.0,25.0,healthy,0.0
fault_injector_abnormality_1,76,1789812041.1580129,1834.6,74.12,551.9,2.23,30.83,0.0231,6.39,13.67,11.39,10.0,0.0,25.0,healthy,0.0
fault_injector_abnormality_1,77,1789812042.1580129,1833.3,75.77,553.81,2.3,31.08,0.0213,6.31,13.7,11.39,10.0,0.0,25.0,healthy,0.0
fault_injector_abnormality_1,78,1789812043.1580129,1839.3,77.35,550.15,2.36,31.48,0.0263,6.25,13.68,10.95,10.0,0.0,25.0,healthy,0.0
fault_injector_abnormality_1,79,1789812044.1580129,1834.7,78.6,548.78,2.44,31.94,0.0276,6.27,13.68,11.06,10.0,0.0,25.0,healthy,0.0
fault_injector_abnormality_1,80,1789812045.1580129,1834.6,80.26,546.38,2.42,32.28,0.0264,6.55,13.73,10.9,10.0,0.0,25.0,healthy,0.0
fault_injector_abnormality_1,81,1789812046.1580129,1839.2,81.81,547.89,2.38,32.48,0.0331,6.56,13.79,11.03,10.0,0.0,25.0,healthy,0.0
fault_injector_abnormality_1,82,1789812047.1580129,1830.6,83.44,546.29,2.43,32.9,0.0305,6.43,13.81,10.97,10.0,0.0,25.0,healthy,0.0
fault_injector_abnormality_1,83,1789812048.1580129,1846.8,84.56,544.66,2.42,33.18,0.0264,6.4,13.77,11.05,10.0,0.0,25.0,healthy,0.0
fault_injector_abnormality_1,84,1789812049.1580129,1853.3,85.77,548.17,2.51,33.67,0.0264,6.47,13.74,11.24,10.0,0.0,25.0,healthy,0.0
fault_injector_abnormality_1,85,1789812050.1580129,1847.1,87.03,544.43,2.43,34.12,0.0313,6.49,13.75,11.27,10.0,0.0,25.0,healthy,0.0
fault_injector_abnormality_1,86,1789812051.1580129,1860.2,88.28,550.39,2.41,34.51,0.0291,6.49,13.75,11.49,10.0,0.0,25.0,healthy,0.0
fault_injector_abnormality_1,87,1789812052.1580129,1892.7,89.35,546.69,2.38,34.87,0.0333,6.17,13.69,11.04,10.0,0.0,25.0,healthy,0.0
fault_injector_abnormality_1,88,1789812053.1580129,1887.1,90.61,543.43,2.43,35.27,0.031,6.16,13.68,11.35,10.0,0.0,25.0,healthy,0.0
fault_injector_abnormality_1,89,1789812054.1580129,1878.7,91.85,541.9,2.4,35.62,0.0328,6.28,13.7,11.37,10.0,0.0,25.0,healthy,0.0
fault_injector_abnormality_1,90,1789812055.1580129,1850.2,93.28,540.82,2.35,35.94,0.0296,6.64,13.76,10.96,10.0,0.0,25.0,healthy,0.0
fault_injector_abnormality_1,91,1789812056.1580129,1846.8,94.3,540.86,2.43,36.36,0.0275,6.61,13.76,10.68,10.0,0.0,25.0,healthy,0.0
fault_injector_abnormality_1,92,1789812057.1580129,1853.6,94.73,539.81,2.45,36.66,0.0268,6.67,13.72,11.36,10.0,0.0,25.0,healthy,0.0
fault_injector_abnormality_1,93,1789812058.1580129,1842.5,95.89,534.27,2.38,36.89,0.027,6.63,13.68,11.4,10.0,0.0,25.0,healthy,0.0
fault_injector_abnormality_1,94,1789812059.1580129,1833.6,96.66,534.91,2.46,37.27,0.0274,6.78,13.73,11.25,10.0,0.0,25.0,healthy,0.0
fault_injector_abnormality_1,95,1789812060.1580129,1868.9,97.21,534.79,2.45,37.56,0.0269,6.62,13.8,11.2,10.0,0.0,25.0,healthy,0.0
fault_injector_abnormality_1,96,1789812061.1580129,1831.3,98.05,534.35,2.33,37.79,0.0288,6.75,13.78,11.4,10.0,0.0,25.0,healthy,0.0
fault_injector_abnormality_1,97,1789812062.1580129,1832.3,98.72,530.7,2.38,38.2,0.0238,6.68,13.88,11.29,10.0,0.0,25.0,healthy,0.0
fault_injector_abnormality_1,98,1789812063.1580129,1834.0,99.42,528.36,2.43,38.5,0.0227,6.6,13.94,11.58,10.0,0.0,25.0,healthy,0.0
fault_injector_abnormality_1,99,1789812064.1580129,1824.5,100.17,539.94,2.49,38.88,0.0245,6.64,13.89,11.37,10.0,0.0,25.0,healthy,0.0
fault_injector_abnormality_1,100,1789812065.1580129,1827.1,100.7,543.67,2.34,39.25,0.0214,6.66,13.81,11.4,10.0,0.0,25.0,healthy,0.0
fault_injector_abnormality_1,101,1789812066.1580129,1825.3,101.31,540.9,2.38,39.39,0.019,6.5,13.82,11.6,10.0,0.0,25.0,healthy,0.0
fault_injector_abnormality_1,102,1789812067.1580129,1844.2,102.07,541.1,2.36,39.68,0.0264,6.47,13.78,11.37,10.0,0.0,25.0,healthy,0.0
fault_injector_abnormality_1,103,1789812068.1580129,1828.1,102.53,544.19,2.39,39.87,0.0272,6.54,13.71,11.41,10.0,0.0,25.0,healthy,0.0
fault_injector_abnormality_1,104,1789812069.1580129,1846.7,103.1,543.96,2.3,40.29,0.0322,6.63,13.58,11.59,10.0,0.0,25.0,healthy,0.0
fault_injector_abnormality_1,105,1789812070.1580129,1838.6,103.76,543.4,2.31,40.49,0.0288,6.55,13.58,10.93,10.0,0.0,25.0,healthy,0.0
fault_injector_abnormality_1,106,1789812071.1580129,1841.6,103.8,540.54,2.33,40.99,0.0273,6.56,13.65,11.45,10.0,0.0,25.0,healthy,0.0
fault_injector_abnormality_1,107,1789812072.1580129,1870.1,104.54,545.26,2.35,41.25,0.0345,6.57,13.63,11.76,10.0,0.0,25.0,healthy,0.0
fault_injector_abnormality_1,108,1789812073.1580129,1843.9,104.91,545.7,2.32,41.61,0.0267,6.44,13.69,11.41,10.0,0.0,25.0,healthy,0.0
fault_injector_abnormality_1,109,1789812074.1580129,1849.2,105.68,545.24,2.24,41.72,0.0291,6.43,13.64,10.99,10.0,0.0,25.0,healthy,0.0
fault_injector_abnormality_1,110,1789812075.1580129,1827.4,105.83,549.89,2.32,42.03,0.0214,6.28,13.61,11.06,10.0,0.0,25.0,healthy,0.0
fault_injector_abnormality_1,111,1789812076.1580129,1813.1,105.92,547.15,2.36,42.52,0.0286,6.22,13.59,11.2,10.0,0.0,25.0,healthy,0.0
fault_injector_abnormality_1,112,1789812077.1580129,1816.2,105.92,548.5,2.38,42.95,0.0236,6.36,13.59,11.37,10.0,0.0,25.0,healthy,0.0
fault_injector_abnormality_1,113,1789812078.1580129,1821.7,106.03,550.83,2.4,43.19,0.0306,6.42,13.71,11.4,10.0,0.0,25.0,healthy,0.0
fault_injector_abnormality_1,114,1789812079.1580129,1811.4,106.37,550.75,2.43,43.31,0.0235,6.32,13.74,11.3,10.0,0.0,25.0,healthy,0.0
fault_injector_abnormality_1,115,1789812080.1580129,1832.9,106.73,546.72,2.43,43.53,0.0159,6.28,13.73,11.29,10.0,0.0,25.0,healthy,0.0
fault_injector_abnormality_1,116,1789812081.1580129,1830.1,106.73,545.51,2.45,43.88,0.0167,6.29,13.75,11.37,10.0,0.0,25.0,healthy,0.0
fault_injector_abnormality_1,117,1789812082.1580129,1837.1,107.02,545.87,2.45,44.19,0.0204,6.35,13.76,11.7,10.0,0.0,25.0,healthy,0.0
fault_injector_abnormality_1,118,1789812083.1580129,1834.2,107.25,549.72,2.42,44.5,0.0221,6.42,13.72,11.51,10.0,0.0,25.0,healthy,0.0
fault_injector_abnormality_1,119,1789812084.1580129,1845.0,107.51,540.9,2.35,44.71,0.0354,6.44,13.68,11.09,10.0,0.0,25.0,healthy,0.0
fault_injector_abnormality_1,120,1789812085.1580129,1846.8,107.92,544.03,2.32,44.88,0.0264,6.54,13.73,11.19,10.0,0.0,25.0,healthy,0.0
fault_injector_abnormality_1,121,1789812086.1580129,1855.8,108.11,544.65,2.27,45.21,0.027,6.42,13.76,11.33,10.0,0.0,25.0,healthy,0.0
fault_injector_abnormality_1,122,1789812087.1580129,1830.8,108.42,548.06,2.34,45.49,0.0221,6.39,13.75,11.4,10.0,0.0,25.0,healthy,0.0
fault_injector_abnormality_1,123,1789812088.1580129,1839.1,108.7,542.97,2.34,45.72,0.0159,6.33,13.8,11.14,10.0,0.0,25.0,healthy,0.0
fault_injector_abnormality_1,124,1789812089.1580129,1834.4,108.63,538.29,2.36,45.93,0.0166,6.42,13.77,11.29,10.0,0.0,25.0,healthy,0.0
fault_injector_abnormality_1,125,1789812090.1580129,1829.5,108.85,540.63,2.33,46.32,0.0292,6.55,13.82,11.18,10.0,0.0,25.0,healthy,0.0
fault_injector_abnormality_1,126,1789812091.1580129,1811.4,108.78,544.57,2.33,46.37,0.0374,6.41,13.72,11.01,10.0,0.0,25.0,healthy,0.0
fault_injector_abnormality_1,127,1789812092.1580129,1804.5,108.83,540.86,2.36,46.67,0.0369,6.47,13.72,10.97,10.0,0.0,25.0,healthy,0.0
fault_injector_abnormality_1,128,1789812093.1580129,1805.9,108.76,539.82,2.38,46.98,0.0363,6.65,13.82,11.27,10.0,0.0,25.0,healthy,0.0
fault_injector_abnormality_1,129,1789812094.1580129,1806.1,109.1,538.94,2.31,47.28,0.0435,6.74,13.85,11.08,10.0,0.0,25.0,healthy,0.0
fault_injector_abnormality_1,130,1789812095.1580129,1799.4,109.21,542.17,2.24,47.53,0.0345,6.6,13.88,11.1,10.0,0.0,25.0,healthy,0.0
fault_injector_abnormality_1,131,1789812096.1580129,1811.8,109.22,545.61,2.26,47.66,0.0385,6.62,13.82,11.15,10.0,0.0,25.0,healthy,0.0
fault_injector_abnormality_1,132,1789812097.1580129,1834.2,109.28,547.51,2.4,47.81,0.0317,6.68,13.83,11.24,10.0,0.0,25.0,healthy,0.0
fault_injector_abnormality_1,133,1789812098.1580129,1837.8,109.37,546.82,2.4,48.05,0.035,6.59,13.88,11.33,10.0,0.0,25.0,healthy,0.0
fault_injector_abnormality_1,134,1789812099.1580129,1847.2,108.86,548.89,2.38,48.16,0.0309,6.65,13.81,11.39,10.0,0.0,25.0,healthy,0.0
fault_injector_abnormality_1,135,1789812100.1580129,1812.0,108.88,550.06,2.41,48.4,0.0343,6.59,13.74,11.54,10.0,0.0,25.0,healthy,0.0
fault_injector_abnormality_1,136,1789812101.1580129,1792.6,109.09,552.3,2.4,48.57,0.0345,6.58,13.71,11.38,10.0,0.0,25.0,healthy,0.0
fault_injector_abnormality_1,137,1789812102.1580129,1795.9,109.67,548.7,2.38,48.8,0.0303,6.56,13.72,11.2,10.0,0.0,25.0,healthy,0.0
fault_injector_abnormality_1,138,1789812103.1580129,1821.8,109.97,550.72,2.39,48.92,0.0375,6.58,13.62,11.32,10.0,0.0,25.0,healthy,0.0
fault_injector_abnormality_1,139,1789812104.1580129,1849.0,110.54,548.28,2.35,49.1,0.0229,6.66,13.56,11.46,10.0,0.0,25.0,healthy,0.0
fault_injector_abnormality_1,140,1789812105.1580129,1871.8,110.31,547.88,2.34,49.32,0.023,6.71,13.56,11.46,10.0,0.0,25.0,healthy,0.0
fault_injector_abnormality_1,141,1789812106.1580129,1851.0,109.98,547.29,2.33,49.55,0.0228,6.65,13.58,11.51,10.0,0.0,25.0,healthy,0.0
fault_injector_abnormality_1,142,1789812107.1580129,1850.4,110.04,545.6,2.32,49.83,0.0328,6.6,13.65,11.13,10.0,0.0,25.0,healthy,0.0
fault_injector_abnormality_1,143,1789812108.1580129,1844.6,110.17,545.73,2.31,50.02,0.0373,6.55,13.75,11.33,10.0,0.0,25.0,healthy,0.0
fault_injector_abnormality_1,144,1789812109.1580129,1836.7,110.3,551.83,2.34,50.31,0.0352,6.64,13.83,11.38,10.0,0.0,25.0,healthy,0.0
fault_injector_abnormality_1,145,1789812110.1580129,1829.5,110.5,552.76,2.34,50.59,0.0329,6.54,13.77,11.78,10.0,0.0,25.0,healthy,0.0
fault_injector_abnormality_1,146,1789812111.1580129,1804.9,110.89,548.32,2.39,50.79,0.0245,6.51,13.74,11.86,10.0,0.0,25.0,healthy,0.0
fault_injector_abnormality_1,147,1789812112.1580129,1810.4,110.89,554.8,2.34,50.92,0.0229,6.44,13.74,11.7,10.0,0.0,25.0,healthy,0.0
fault_injector_abnormality_1,148,1789812113.1580129,1824.2,110.63,553.79,2.26,51.14,0.0289,6.37,13.64,11.31,10.0,0.0,25.0,healthy,0.0
fault_injector_abnormality_1,149,1789812114.1580129,1832.0,110.8,548.02,2.26,51.43,0.0288,6.47,13.62,11.26,10.0,0.0,25.0,healthy,0.0
fault_injector_abnormality_1,150,1789812115.1580129,1832.5,111.18,546.27,2.32,51.74,0.0346,6.41,13.58,11.24,10.0,0.0,25.0,healthy,0.0
fault_injector_abnormality_1,151,1789812116.1580129,1826.1,111.08,544.14,2.38,52.01,0.0307,6.57,13.59,11.02,10.0,0.0,25.0,healthy,0.0
fault_injector_abnormality_1,152,1789812117.1580129,1814.9,110.96,549.17,2.33,52.26,0.0349,6.55,13.63,10.93,10.0,0.0,25.0,healthy,0.0
fault_injector_abnormality_1,153,1789812118.1580129,1795.0,110.74,546.7,2.28,52.39,0.0324,6.49,13.74,11.44,10.0,0.0,25.0,healthy,0.0
fault_injector_abnormality_1,154,1789812119.1580129,1804.5,110.94,543.87,2.26,52.57,0.027,6.27,13.71,11.19,10.0,0.0,25.0,healthy,0.0
fault_injector_abnormality_1,155,1789812120.1580129,1795.6,111.13,542.31,2.22,52.83,0.0234,6.44,13.63,11.22,10.0,0.0,25.0,healthy,0.0
fault_injector_abnormality_1,156,1789812121.1580129,1801.9,111.51,541.62,2.2,53.07,0.0237,6.72,13.65,11.61,10.0,0.0,25.0,healthy,0.0
fault_injector_abnormality_1,157,1789812122.1580129,1784.4,111.38,540.33,2.27,53.16,0.0346,6.63,13.65,11.13,10.0,0.0,25.0,healthy,0.0
fault_injector_abnormality_1,158,1789812123.1580129,1784.4,111.44,535.97,2.31,53.41,0.0292,6.49,13.67,11.47,10.0,0.0,25.0,healthy,0.0
fault_injector_abnormality_1,159,1789812124.1580129,1791.9,111.39,534.79,2.34,53.59,0.0324,6.41,13.75,11.55,10.0,0.0,25.0,healthy,0.0
fault_injector_abnormality_1,160,1789812125.1580129,1782.8,111.2,538.21,2.31,53.7,0.032,6.5,13.76,11.41,10.0,0.0,25.0,healthy,0.0
fault_injector_abnormality_1,161,1789812126.1580129,1808.0,110.9,545.14,2.27,54.05,0.0288,6.59,13.75,11.31,10.0,0.0,25.0,healthy,0.0
fault_injector_abnormality_1,162,1789812127.1580129,1830.4,111.14,544.94,2.29,54.23,0.0248,6.56,13.82,11.35,10.0,0.0,25.0,healthy,0.0
fault_injector_abnormality_1,163,1789812128.1580129,1829.9,111.27,548.09,2.27,54.48,0.022,6.5,13.8,11.44,10.0,0.0,25.0,healthy,0.0
fault_injector_abnormality_1,164,1789812129.1580129,1830.6,111.15,550.67,2.39,54.81,0.0261,6.48,13.7,11.69,10.0,0.0,25.0,healthy,0.0
fault_injector_abnormality_1,165,1789812130.1580129,1816.8,111.33,545.66,2.42,55.08,0.0239,6.48,13.73,11.31,10.0,0.0,25.0,healthy,0.0
fault_injector_abnormality_1,166,1789812131.1580129,1792.6,111.34,549.08,2.36,55.3,0.0183,6.48,13.78,11.25,10.0,0.0,25.0,healthy,0.0
fault_injector_abnormality_1,167,1789812132.1580129,1831.6,111.6,546.71,2.41,55.61,0.0282,6.27,13.74,11.1,10.0,0.0,25.0,healthy,0.0
fault_injector_abnormality_1,168,1789812133.1580129,1823.9,111.78,545.03,2.39,55.78,0.033,6.21,13.78,11.66,10.0,0.0,25.0,healthy,0.0
fault_injector_abnormality_1,169,1789812134.1580129,1806.7,111.61,550.8,2.43,56.02,0.0315,6.35,13.78,11.29,10.0,0.0,25.0,healthy,0.0
fault_injector_abnormality_1,170,1789812135.1580129,1832.1,111.43,552.66,2.4,56.12,0.0207,6.51,13.75,11.27,10.0,0.0,25.0,healthy,0.0
fault_injector_abnormality_1,171,1789812136.1580129,1843.9,111.59,555.1,2.41,56.48,0.0238,6.47,13.8,11.24,10.0,0.0,25.0,healthy,0.0
fault_injector_abnormality_1,172,1789812137.1580129,1848.6,111.66,548.95,2.42,56.63,0.0237,6.45,13.8,11.42,10.0,0.0,25.0,healthy,0.0
fault_injector_abnormality_1,173,1789812138.1580129,1831.2,111.34,551.48,2.45,56.83,0.0287,6.35,13.77,11.32,10.0,0.0,25.0,healthy,0.0
fault_injector_abnormality_1,174,1789812139.1580129,1816.0,111.2,547.18,2.47,57.0,0.0258,6.21,13.73,11.08,10.0,0.0,25.0,healthy,0.0
fault_injector_abnormality_1,175,1789812140.1580129,1836.9,111.17,543.86,2.4,57.15,0.0277,6.46,13.65,11.05,10.0,0.0,25.0,healthy,0.0
fault_injector_abnormality_1,176,1789812141.1580129,1836.9,111.23,545.55,2.4,57.4,0.0298,6.5,13.67,10.91,10.0,0.0,25.0,healthy,0.0
fault_injector_abnormality_1,177,1789812142.1580129,1812.7,111.27,547.12,2.39,57.53,0.0175,6.46,13.73,11.09,10.0,0.0,25.0,healthy,0.0
fault_injector_abnormality_1,178,1789812143.1580129,1821.9,111.36,547.01,2.27,57.79,0.0254,6.53,13.74,11.25,10.0,0.0,25.0,healthy,0.0
fault_injector_abnormality_1,179,1789812144.1580129,1828.3,111.26,548.62,2.35,57.96,0.0324,6.27,13.71,11.16,10.0,0.0,25.0,healthy,0.0
fault_injector_abnormality_1,180,1789812145.1580129,1823.3,111.52,548.83,2.31,58.2,0.0287,6.41,13.71,10.93,10.0,0.0,25.0,healthy,0.0
fault_injector_abnormality_1,181,1789812146.1580129,1835.0,111.48,542.95,2.35,58.65,0.0289,6.36,13.63,11.07,10.0,0.0,25.0,healthy,0.0
fault_injector_abnormality_1,182,1789812147.1580129,1848.7,111.42,538.25,2.27,58.68,0.0366,6.58,13.61,10.79,10.0,0.0,25.0,healthy,0.0
fault_injector_abnormality_1,183,1789812148.1580129,1840.3,111.7,539.46,2.3,58.86,0.0457,6.47,13.65,11.25,10.0,0.0,25.0,healthy,0.0
fault_injector_abnormality_1,184,1789812149.1580129,1858.2,111.58,540.73,2.36,59.05,0.0352,6.61,13.63,11.03,10.0,0.0,25.0,healthy,0.0
fault_injector_abnormality_1,185,1789812150.1580129,1842.0,111.19,544.28,2.4,59.18,0.0354,6.61,13.71,11.14,10.0,0.0,25.0,healthy,0.0
fault_injector_abnormality_1,186,1789812151.1580129,1845.5,111.46,547.39,2.36,59.29,0.0328,6.73,13.74,11.45,10.0,0.0,25.0,healthy,0.0
fault_injector_abnormality_1,187,1789812152.1580129,1833.5,111.41,547.6,2.3,59.31,0.0237,6.65,13.77,11.67,10.0,0.0,25.0,healthy,0.0
fault_injector_abnormality_1,188,1789812153.1580129,1847.9,111.31,543.72,2.27,59.28,0.0251,6.54,13.82,11.4,10.0,0.0,25.0,healthy,0.0
fault_injector_abnormality_1,189,1789812154.1580129,1845.1,111.43,545.17,2.31,59.54,0.0228,6.59,13.77,11.52,10.0,0.0,25.0,healthy,0.0
fault_injector_abnormality_1,190,1789812155.1580129,1832.5,111.27,546.55,2.34,59.76,0.0244,6.76,13.77,11.66,10.0,0.0,25.0,healthy,0.0
fault_injector_abnormality_1,191,1789812156.1580129,1849.4,111.28,547.15,2.37,59.96,0.0306,6.65,13.79,11.51,10.0,0.0,25.0,healthy,0.0
fault_injector_abnormality_1,192,1789812157.1580129,1867.9,111.21,546.03,2.44,60.04,0.0323,6.68,13.74,11.58,10.0,0.0,25.0,healthy,0.0
fault_injector_abnormality_1,193,1789812158.1580129,1875.5,111.42,542.17,2.42,60.31,0.0263,6.71,13.7,11.82,10.0,0.0,25.0,healthy,0.0
fault_injector_abnormality_1,194,1789812159.1580129,1886.1,111.61,545.47,2.38,60.44,0.026,6.74,13.81,11.98,10.0,0.0,25.0,healthy,0.0
fault_injector_abnormality_1,195,1789812160.1580129,1883.7,111.99,547.73,2.42,60.66,0.0308,6.67,13.81,11.65,10.0,0.0,25.0,healthy,0.0
fault_injector_abnormality_1,196,1789812161.1580129,1891.7,112.07,548.39,2.34,60.87,0.029,6.78,13.83,11.09,10.0,0.0,25.0,healthy,0.0
fault_injector_abnormality_1,197,1789812162.1580129,1893.0,112.14,547.09,2.36,60.95,0.027,6.61,13.91,11.43,10.0,0.0,25.0,healthy,0.0
fault_injector_abnormality_1,198,1789812163.1580129,1875.4,112.18,549.02,2.31,61.05,0.0209,6.56,13.9,11.63,10.0,0.0,25.0,healthy,0.0
fault_injector_abnormality_1,199,1789812164.1580129,1834.7,112.04,550.7,2.25,61.18,0.0144,6.56,13.87,11.47,10.0,0.0,25.0,healthy,0.0
fault_injector_abnormality_1,200,1789812165.1580129,1856.1,111.92,546.46,2.3,61.36,0.0098,6.46,13.97,11.72,10.0,0.0,25.0,healthy,0.0
fault_injector_abnormality_1,201,1789812166.1580129,1851.6,111.77,551.67,2.29,61.47,0.0171,6.38,13.98,11.55,10.0,0.0,25.0,healthy,0.0
fault_injector_abnormality_1,202,1789812167.1580129,1822.9,111.81,551.03,2.35,61.85,0.0231,6.39,14.03,11.4,10.0,0.0,25.0,healthy,0.0
fault_injector_abnormality_1,203,1789812168.1580129,1828.7,112.33,550.78,2.33,62.04,0.0264,6.39,14.08,11.59,10.0,0.0,25.0,healthy,0.0
fault_injector_abnormality_1,204,1789812169.1580129,1822.3,112.32,547.35,2.32,62.13,0.0341,6.22,14.12,11.27,10.0,0.0,25.0,healthy,0.0
fault_injector_abnormality_1,205,1789812170.1580129,1797.2,112.45,541.43,2.37,62.26,0.0271,6.29,14.17,11.22,10.0,0.0,25.0,healthy,0.0
fault_injector_abnormality_1,206,1789812171.1580129,1797.4,112.33,541.59,2.36,62.22,0.0353,6.34,14.06,11.27,10.0,0.0,25.0,healthy,0.0
fault_injector_abnormality_1,207,1789812172.1580129,1794.1,112.33,543.37,2.4,62.51,0.0363,6.29,14.09,11.33,10.0,0.0,25.0,healthy,0.0
fault_injector_abnormality_1,208,1789812173.1580129,1797.1,112.35,538.41,2.33,62.68,0.0337,6.39,14.08,11.17,10.0,0.0,25.0,healthy,0.0
fault_injector_abnormality_1,209,1789812174.1580129,1823.5,112.13,538.23,2.32,62.84,0.0279,6.51,14.04,11.11,10.0,0.0,25.0,healthy,0.0
fault_injector_abnormality_1,210,1789812175.1580129,1822.1,112.04,535.24,2.16,62.78,0.0365,6.32,14.0,11.34,10.0,0.0,25.0,healthy,0.0
fault_injector_abnormality_1,211,1789812176.1580129,1831.0,111.54,533.73,2.2,63.09,0.0331,6.42,14.01,11.61,10.0,0.0,25.0,healthy,0.0
fault_injector_abnormality_1,212,1789812177.1580129,1825.4,111.5,535.38,2.2,63.24,0.0231,6.46,14.06,11.4,10.0,0.0,25.0,healthy,0.0
fault_injector_abnormality_1,213,1789812178.1580129,1820.0,111.59,542.31,2.22,63.55,0.0308,6.33,14.02,11.44,10.0,0.0,25.0,healthy,0.0
fault_injector_abnormality_1,214,1789812179.1580129,1848.5,111.94,542.08,2.25,63.65,0.033,6.37,14.01,11.79,10.0,0.0,25.0,healthy,0.0
fault_injector_abnormality_1,215,1789812180.1580129,1826.5,112.08,544.51,2.31,63.73,0.0333,6.43,13.97,11.7,10.0,0.0,25.0,healthy,0.0
fault_injector_abnormality_1,216,1789812181.1580129,1814.2,111.89,543.27,2.38,63.63,0.0342,6.47,14.02,11.4,10.0,0.0,25.0,healthy,0.0
fault_injector_abnormality_1,217,1789812182.1580129,1831.8,112.06,547.81,2.37,63.75,0.0369,6.33,13.94,11.67,10.0,0.0,25.0,healthy,0.0
fault_injector_abnormality_1,218,1789812183.1580129,1839.8,111.96,547.71,2.34,64.2,0.0365,6.3,13.95,11.42,10.0,0.0,25.0,healthy,0.0
fault_injector_abnormality_1,219,1789812184.1580129,1845.8,111.99,545.71,2.35,64.23,0.0297,6.3,13.92,11.33,10.0,0.0,25.0,healthy,0.0
fault_injector_abnormality_1,220,1789812185.1580129,1826.8,112.25,548.6,2.3,64.42,0.0242,6.39,13.96,11.2,10.0,0.0,25.0,healthy,0.0
fault_injector_abnormality_1,221,1789812186.1580129,1819.3,112.47,552.62,2.36,64.49,0.0242,6.41,13.98,11.18,10.0,0.0,25.0,healthy,0.0
fault_injector_abnormality_1,222,1789812187.1580129,1816.9,112.45,546.75,2.41,64.58,0.0227,6.29,13.99,11.2,10.0,0.0,25.0,healthy,0.0
fault_injector_abnormality_1,223,1789812188.1580129,1830.9,112.39,541.49,2.32,64.73,0.0228,6.36,13.94,10.88,10.0,0.0,25.0,healthy,0.0
fault_injector_abnormality_1,224,1789812189.1580129,1841.2,112.09,547.7,2.36,64.95,0.0256,6.34,13.98,11.03,10.0,0.0,25.0,healthy,0.0
fault_injector_abnormality_1,225,1789812190.1580129,1837.7,112.09,546.2,2.31,65.19,0.0334,6.34,14.03,11.35,10.0,0.0,25.0,healthy,0.0
fault_injector_abnormality_1,226,1789812191.1580129,1836.5,111.79,542.77,2.34,65.47,0.0357,6.39,14.01,11.11,10.0,0.0,25.0,healthy,0.0
fault_injector_abnormality_1,227,1789812192.1580129,1825.3,111.88,540.86,2.3,65.69,0.0263,6.48,13.98,11.34,10.0,0.0,25.0,healthy,0.0
fault_injector_abnormality_1,228,1789812193.1580129,1806.3,112.0,538.36,2.22,65.71,0.021,6.53,13.99,11.65,10.0,0.0,25.0,healthy,0.0
fault_injector_abnormality_1,229,1789812194.1580129,1807.7,112.01,544.12,2.29,65.85,0.015,6.52,13.9,11.1,10.0,0.0,25.0,healthy,0.0
fault_injector_abnormality_1,230,1789812195.1580129,1807.8,112.11,539.06,2.36,66.1,0.0125,6.31,13.93,11.35,10.0,0.0,25.0,healthy,0.0
fault_injector_abnormality_1,231,1789812196.1580129,1795.2,112.0,541.02,2.45,66.19,0.0149,6.43,13.89,11.23,10.0,0.0,25.0,healthy,0.0
fault_injector_abnormality_1,232,1789812197.1580129,1819.8,111.64,542.13,2.36,66.32,0.0209,6.36,13.85,11.38,10.0,0.0,25.0,healthy,0.0
fault_injector_abnormality_1,233,1789812198.1580129,1817.8,111.69,540.75,2.35,66.44,0.0254,6.32,13.72,11.31,10.0,0.0,25.0,healthy,0.0
fault_injector_abnormality_1,234,1789812199.1580129,1812.4,111.66,543.29,2.38,66.54,0.0305,6.3,13.76,11.61,10.0,0.0,25.0,healthy,0.0
fault_injector_abnormality_1,235,1789812200.1580129,1821.2,111.51,542.0,2.41,66.7,0.0285,6.44,13.72,11.74,10.0,0.0,25.0,healthy,0.0
fault_injector_abnormality_1,236,1789812201.1580129,1799.6,111.67,539.63,2.38,66.84,0.0256,6.36,13.74,11.47,10.0,0.0,25.0,healthy,0.0
fault_injector_abnormality_1,237,1789812202.1580129,1810.6,111.64,534.02,2.35,67.0,0.0335,6.54,13.76,11.59,10.0,0.0,25.0,healthy,0.0
fault_injector_abnormality_1,238,1789812203.1580129,1824.2,111.65,537.41,2.37,67.12,0.0285,6.47,13.79,11.48,10.0,0.0,25.0,healthy,0.0
fault_injector_abnormality_1,239,1789812204.1580129,1831.7,111.68,537.53,2.31,67.28,0.0251,6.51,13.79,11.44,10.0,0.0,25.0,healthy,0.0
fault_injector_abnormality_1,240,1789812205.1580129,1809.1,111.66,541.25,2.38,67.6,0.0284,6.36,13.77,11.5,10.0,0.0,25.0,healthy,0.0
fault_injector_abnormality_1,241,1789812206.1580129,1784.3,111.74,544.03,2.37,67.75,0.02,6.41,13.82,11.46,10.0,0.0,25.0,healthy,0.0
fault_injector_abnormality_1,242,1789812207.1580129,1823.6,111.87,545.83,2.46,67.98,0.0307,6.43,13.78,11.44,10.0,0.0,25.0,healthy,0.0
fault_injector_abnormality_1,243,1789812208.1580129,1834.3,111.87,551.54,2.48,68.07,0.0255,6.2,13.83,11.4,10.0,0.0,25.0,healthy,0.0
fault_injector_abnormality_1,244,1789812209.1580129,1834.7,111.8,549.15,2.33,68.14,0.0247,6.35,13.81,11.42,10.0,0.0,25.0,healthy,0.0
fault_injector_abnormality_1,245,1789812210.1580129,1830.8,111.61,546.6,2.3,68.46,0.0272,6.41,13.88,11.35,10.0,0.0,25.0,healthy,0.0
fault_injector_abnormality_1,246,1789812211.1580129,1851.9,111.57,548.06,2.35,68.6,0.0198,6.34,13.91,11.1,10.0,0.0,25.0,healthy,0.0
fault_injector_abnormality_1,247,1789812212.1580129,1850.7,111.53,546.79,2.34,68.87,0.0259,6.14,13.92,11.19,10.0,0.0,25.0,healthy,0.0
fault_injector_abnormality_1,248,1789812213.1580129,1864.5,111.26,548.71,2.35,69.05,0.0246,6.02,13.9,11.16,10.0,0.0,25.0,healthy,0.0
fault_injector_abnormality_1,249,1789812214.1580129,1869.8,111.31,546.39,2.36,69.03,0.0205,6.1,13.91,11.33,10.0,0.0,25.0,healthy,0.0
fault_injector_abnormality_1,250,1789812215.1580129,1876.7,111.16,551.26,2.34,69.16,0.0218,6.1,13.91,11.1,10.0,0.0,25.0,healthy,0.0
fault_injector_abnormality_1,251,1789812216.1580129,1872.4,111.19,547.09,2.38,69.29,0.0282,5.98,13.95,11.46,10.0,0.0,25.0,healthy,0.0
fault_injector_abnormality_1,252,1789812217.1580129,1892.6,111.16,543.01,2.4,69.38,0.0315,6.2,13.89,11.37,10.0,0.0,25.0,healthy,0.0
fault_injector_abnormality_1,253,1789812218.1580129,1890.3,110.88,542.12,2.34,69.65,0.0306,6.19,13.76,11.25,10.0,0.0,25.0,healthy,0.0
fault_injector_abnormality_1,254,1789812219.1580129,1886.0,110.93,547.27,2.26,69.89,0.0233,6.37,13.79,11.25,10.0,0.0,25.0,healthy,0.0
fault_injector_abnormality_1,255,1789812220.1580129,1848.7,110.66,550.87,2.28,70.1,0.0273,6.54,13.74,11.19,10.0,0.0,25.0,healthy,0.0
fault_injector_abnormality_1,256,1789812221.1580129,1867.4,110.45,548.61,2.36,70.25,0.0289,6.42,13.75,11.2,10.0,0.0,25.0,healthy,0.0
fault_injector_abnormality_1,257,1789812222.1580129,1846.5,110.28,553.91,2.39,70.42,0.0271,6.32,13.74,11.21,10.0,0.0,25.0,healthy,0.0
fault_injector_abnormality_1,258,1789812223.1580129,1839.3,110.39,549.47,2.42,70.44,0.029,6.34,13.72,11.26,10.0,0.0,25.0,healthy,0.0
fault_injector_abnormality_1,259,1789812224.1580129,1838.6,110.41,545.33,2.38,70.67,0.0307,6.48,13.8,11.36,10.0,0.0,25.0,healthy,0.0
fault_injector_abnormality_1,260,1789812225.1580129,1870.7,110.7,549.22,2.32,70.8,0.0232,6.64,13.83,11.55,10.0,0.0,25.0,healthy,0.0
fault_injector_abnormality_1,261,1789812226.1580129,1872.3,110.66,545.21,2.31,70.84,0.0239,6.56,13.77,11.56,10.0,0.0,25.0,healthy,0.0
fault_injector_abnormality_1,262,1789812227.1580129,1870.6,110.51,545.71,2.27,70.88,0.0301,6.48,13.76,11.5,10.0,0.0,25.0,healthy,0.0
fault_injector_abnormality_1,263,1789812228.1580129,1884.3,110.6,546.26,2.34,71.19,0.0302,6.28,13.8,11.38,10.0,0.0,25.0,healthy,0.0
fault_injector_abnormality_1,264,1789812229.1580129,1893.2,110.86,545.07,2.26,71.28,0.034,6.57,13.72,11.52,10.0,0.0,25.0,healthy,0.0
fault_injector_abnormality_1,265,1789812230.1580129,1890.3,110.91,547.14,2.34,71.22,0.0301,6.62,13.69,11.3,10.0,0.0,25.0,healthy,0.0
fault_injector_abnormality_1,266,1789812231.1580129,1895.7,110.77,552.68,2.37,71.21,0.02,6.74,13.58,11.15,10.0,0.0,25.0,healthy,0.0
fault_injector_abnormality_1,267,1789812232.1580129,1878.5,110.86,557.56,2.39,71.4,0.027,6.58,13.59,11.2,10.0,0.0,25.0,healthy,0.0
fault_injector_abnormality_1,268,1789812233.1580129,1893.5,111.04,556.79,2.38,71.48,0.0309,6.45,13.6,11.26,10.0,0.0,25.0,healthy,0.0
fault_injector_abnormality_1,269,1789812234.1580129,1879.6,111.34,554.13,2.25,71.76,0.0293,6.37,13.65,11.38,10.0,0.0,25.0,healthy,0.0
fault_injector_abnormality_1,270,1789812235.1580129,1888.2,111.86,554.2,2.25,71.83,0.0266,6.27,13.65,11.56,10.0,0.0,25.0,healthy,0.0
fault_injector_abnormality_1,271,1789812236.1580129,1887.3,111.97,553.25,2.32,72.09,0.0234,6.4,13.64,11.31,10.0,0.0,25.0,healthy,0.0
fault_injector_abnormality_1,272,1789812237.1580129,1879.9,111.81,547.78,2.34,72.13,0.0213,6.39,13.65,11.23,10.0,0.0,25.0,healthy,0.0
fault_injector_abnormality_1,273,1789812238.1580129,1864.3,111.6,547.59,2.44,72.14,0.028,6.32,13.7,11.22,10.0,0.0,25.0,healthy,0.0
fault_injector_abnormality_1,274,1789812239.1580129,1853.1,112.02,541.34,2.37,72.2,0.0273,6.31,13.77,11.53,10.0,0.0,25.0,healthy,0.0
fault_injector_abnormality_1,275,1789812240.1580129,1848.0,112.1,540.59,2.38,72.16,0.0219,6.35,13.77,11.32,10.0,0.0,25.0,healthy,0.0
fault_injector_abnormality_1,276,1789812241.1580129,1848.7,112.08,536.57,2.42,72.33,0.0289,6.51,13.71,11.25,10.0,0.0,25.0,healthy,0.0
fault_injector_abnormality_1,277,1789812242.1580129,1853.2,112.11,535.97,2.38,72.43,0.035,6.39,13.67,11.47,10.0,0.0,25.0,healthy,0.0
fault_injector_abnormality_1,278,1789812243.1580129,1870.6,112.2,540.56,2.35,72.57,0.0362,6.53,13.63,11.24,10.0,0.0,25.0,healthy,0.0
fault_injector_abnormality_1,279,1789812244.1580129,1858.8,112.12,540.65,2.32,72.66,0.0285,6.58,13.57,11.16,10.0,0.0,25.0,healthy,0.0
fault_injector_abnormality_1,280,1789812245.1580129,1860.4,112.11,539.91,2.28,72.8,0.0296,6.52,13.54,11.33,10.0,0.0,25.0,healthy,0.0
fault_injector_abnormality_1,281,1789812246.1580129,1839.5,112.17,535.67,2.33,72.79,0.0314,6.42,13.58,11.12,10.0,0.0,25.0,healthy,0.0
fault_injector_abnormality_1,282,1789812247.1580129,1836.3,112.12,531.94,2.37,72.98,0.0215,6.38,13.68,11.37,10.0,0.0,25.0,healthy,0.0
fault_injector_abnormality_1,283,1789812248.1580129,1856.9,112.13,528.24,2.43,73.01,0.0184,6.33,13.64,11.1,10.0,0.0,25.0,healthy,0.0
fault_injector_abnormality_1,284,1789812249.1580129,1839.1,111.86,532.13,2.41,72.95,0.0272,6.24,13.65,11.19,10.0,0.0,25.0,healthy,0.0
fault_injector_abnormality_1,285,1789812250.1580129,1837.7,111.67,535.88,2.44,72.94,0.0264,6.13,13.62,11.44,10.0,0.0,25.0,healthy,0.0
fault_injector_abnormality_1,286,1789812251.1580129,1854.4,111.73,540.02,2.49,73.03,0.034,6.38,13.73,11.11,10.0,0.0,25.0,healthy,0.0
fault_injector_abnormality_1,287,1789812252.1580129,1826.2,111.24,536.89,2.49,73.15,0.0388,6.47,13.73,11.12,10.0,0.0,25.0,healthy,0.0
fault_injector_abnormality_1,288,1789812253.1580129,1831.5,111.22,539.07,2.37,73.13,0.0333,6.4,13.81,11.53,10.0,0.0,25.0,healthy,0.0
fault_injector_abnormality_1,289,1789812254.1580129,1847.5,111.38,538.04,2.34,73.28,0.0256,6.52,13.74,11.57,10.0,0.0,25.0,healthy,0.0
fault_injector_abnormality_1,290,1789812255.1580129,1866.9,111.57,541.34,2.33,73.4,0.0302,6.36,13.74,11.43,10.0,0.0,25.0,healthy,0.0
fault_injector_abnormality_1,291,1789812256.1580129,1870.9,111.49,543.77,2.37,73.54,0.0375,6.56,13.71,11.17,10.0,0.0,25.0,healthy,0.0
fault_injector_abnormality_1,292,1789812257.1580129,1875.3,111.44,545.36,2.34,73.64,0.0403,6.56,13.72,11.49,10.0,0.0,25.0,healthy,0.0
fault_injector_abnormality_1,293,1789812258.1580129,1895.3,111.29,546.69,2.32,73.79,0.0313,6.51,13.71,11.44,10.0,0.0,25.0,healthy,0.0
fault_injector_abnormality_1,294,1789812259.1580129,1876.9,111.3,544.38,2.39,73.93,0.0289,6.46,13.7,11.27,10.0,0.0,25.0,healthy,0.0
fault_injector_abnormality_1,295,1789812260.1580129,1890.4,111.38,549.36,2.37,74.08,0.0261,6.49,13.72,11.32,10.0,0.0,25.0,healthy,0.0
fault_injector_abnormality_1,296,1789812261.1580129,1874.2,111.21,550.64,2.36,74.29,0.0275,6.5,13.77,11.59,10.0,0.0,25.0,healthy,0.0
fault_injector_abnormality_1,297,1789812262.1580129,1871.0,111.21,548.44,2.44,74.43,0.0273,6.39,13.74,11.53,10.0,0.0,25.0,healthy,0.0
fault_injector_abnormality_1,298,1789812263.1580129,1858.5,111.28,549.97,2.39,74.45,0.0254,6.57,13.74,11.51,10.0,0.0,25.0,healthy,0.0
fault_injector_abnormality_1,299,1789812264.1580129,1850.0,111.69,550.77,2.38,74.73,0.0296,6.64,13.69,11.38,10.0,0.0,25.0,healthy,0.0
fault_injector_abnormality_1,300,1789812265.1580129,3761.0,112.07,596.22,3.9,74.97,0.0612,15.35,13.89,17.83,100.0,5.0,25.0,healthy,0.0
fault_injector_abnormality_1,301,1789812266.1580129,4759.7,113.38,647.5,4.69,75.12,0.0829,20.96,14.04,21.54,100.0,10.0,24.9,healthy,0.0
fault_injector_abnormality_1,302,1789812267.1580129,5287.9,114.65,695.27,5.08,75.39,0.093,24.18,14.1,23.31,100.0,15.0,24.9,healthy,0.0
fault_injector_abnormality_1,303,1789812268.1580129,5535.1,115.83,733.63,5.22,75.69,0.0791,25.77,14.17,24.32,100.0,20.0,24.9,healthy,0.0
fault_injector_abnormality_1,304,1789812269.1580129,5679.1,117.37,769.1,5.39,75.94,0.0916,26.51,14.13,24.83,100.0,25.0,24.8,healthy,0.0
fault_injector_abnormality_1,305,1789812270.1580129,5737.4,118.76,793.14,5.44,76.21,0.1,26.75,14.24,25.26,100.0,30.0,24.8,healthy,0.0
fault_injector_abnormality_1,306,1789812271.1580129,5757.1,120.04,807.37,5.44,76.39,0.1045,26.91,14.22,24.94,100.0,35.0,24.8,healthy,0.0
fault_injector_abnormality_1,307,1789812272.1580129,5777.9,121.23,821.35,5.54,76.53,0.1022,26.89,14.17,24.98,100.0,40.0,24.7,healthy,0.0
fault_injector_abnormality_1,308,1789812273.1580129,5754.6,121.97,827.97,5.48,76.64,0.1076,26.98,14.2,24.83,100.0,45.0,24.7,healthy,0.0
fault_injector_abnormality_1,309,1789812274.1580129,5773.2,123.12,838.69,5.59,77.05,0.1086,27.11,14.09,25.22,100.0,50.0,24.7,healthy,0.0
fault_injector_abnormality_1,310,1789812275.1580129,5771.4,123.7,845.83,5.64,77.26,0.0997,27.04,14.09,25.21,100.0,55.0,24.6,healthy,0.0
fault_injector_abnormality_1,311,1789812276.1580129,5784.6,124.84,846.16,5.55,77.34,0.1001,26.99,14.14,24.88,100.0,60.0,24.6,healthy,0.0
fault_injector_abnormality_1,312,1789812277.1580129,5794.6,125.44,850.09,5.64,77.57,0.0957,27.1,14.1,24.89,100.0,65.0,24.6,healthy,0.0
fault_injector_abnormality_1,313,1789812278.1580129,5780.5,126.2,851.88,5.61,77.77,0.1079,27.08,14.17,25.18,100.0,70.0,24.5,healthy,0.0
fault_injector_abnormality_1,314,1789812279.1580129,5769.5,127.08,850.58,5.6,77.98,0.1061,27.2,14.12,25.2,100.0,75.0,24.5,healthy,0.0
fault_injector_abnormality_1,315,1789812280.1580129,5792.5,127.7,850.29,5.63,78.3,0.1019,27.26,14.12,25.3,100.0,80.0,24.5,healthy,0.0
fault_injector_abnormality_1,316,1789812281.1580129,5793.3,128.26,852.26,5.56,78.45,0.1108,27.13,14.09,25.41,100.0,85.0,24.4,healthy,0.0
fault_injector_abnormality_1,317,1789812282.1580129,5787.0,129.05,853.55,5.49,78.75,0.1111,27.14,14.05,24.96,100.0,90.0,24.4,healthy,0.0
fault_injector_abnormality_1,318,1789812283.1580129,5806.6,129.98,849.68,5.52,79.02,0.1024,27.02,14.05,24.57,100.0,95.0,24.4,healthy,0.0
fault_injector_abnormality_1,319,1789812284.1580129,5820.5,130.76,852.6,5.5,79.29,0.0957,26.92,14.09,24.65,100.0,100.0,24.4,healthy,0.0
fault_injector_abnormality_1,320,1789812285.1580129,5819.9,130.98,851.51,5.49,79.27,0.0944,26.7,14.09,24.79,100.0,105.0,24.3,healthy,0.0
fault_injector_abnormality_1,321,1789812286.1580129,5817.2,131.55,853.49,5.45,79.47,0.1,26.83,14.06,24.76,100.0,110.0,24.3,healthy,0.0
fault_injector_abnormality_1,322,1789812287.1580129,5836.2,132.08,855.12,5.38,79.75,0.1012,26.76,14.08,24.5,100.0,115.0,24.3,healthy,0.0
fault_injector_abnormality_1,323,1789812288.1580129,5856.5,132.45,858.2,5.45,79.91,0.1008,26.83,14.1,24.69,100.0,120.0,24.2,healthy,0.0
fault_injector_abnormality_1,324,1789812289.1580129,5867.1,132.84,862.75,5.45,79.86,0.0974,27.1,14.13,25.09,100.0,125.0,24.2,healthy,0.0
fault_injector_abnormality_1,325,1789812290.1580129,5883.6,133.41,858.23,5.56,79.99,0.0981,26.94,14.12,24.81,100.0,130.0,24.2,healthy,0.0
fault_injector_abnormality_1,326,1789812291.1580129,5899.3,133.71,861.21,5.52,80.25,0.1033,27.05,14.15,24.89,100.0,135.0,24.1,healthy,0.0
fault_injector_abnormality_1,327,1789812292.1580129,5873.6,134.14,855.81,5.57,80.46,0.1054,26.91,14.19,24.97,100.0,140.0,24.1,healthy,0.0
fault_injector_abnormality_1,328,1789812293.1580129,5872.4,134.19,853.62,5.52,80.78,0.1017,26.89,14.2,25.07,100.0,145.0,24.1,healthy,0.0
fault_injector_abnormality_1,329,1789812294.1580129,5862.3,134.72,854.84,5.44,80.92,0.0952,27.01,14.17,25.38,100.0,150.0,24.0,healthy,0.0
fault_injector_abnormality_1,330,1789812295.1580129,5831.7,135.18,856.6,5.44,81.21,0.0994,26.96,14.17,25.37,100.0,155.0,24.0,healthy,0.0
fault_injector_abnormality_1,331,1789812296.1580129,5834.5,135.52,861.22,5.39,81.42,0.0992,26.88,14.27,25.02,100.0,160.0,24.0,healthy,0.0
fault_injector_abnormality_1,332,1789812297.1580129,5818.3,136.26,863.89,5.44,81.68,0.1006,26.88,14.25,25.16,100.0,165.0,23.9,healthy,0.0
fault_injector_abnormality_1,333,1789812298.1580129,5783.0,136.88,865.61,5.51,81.87,0.106,26.87,14.28,24.9,100.0,170.0,23.9,healthy,0.0
fault_injector_abnormality_1,334,1789812299.1580129,5777.7,137.27,863.7,5.55,81.73,0.1083,26.9,14.32,25.06,100.0,175.0,23.9,healthy,0.0
fault_injector_abnormality_1,335,1789812300.1580129,5769.8,137.19,859.75,5.58,81.96,0.1076,27.02,14.31,25.02,100.0,180.0,23.8,healthy,0.0
fault_injector_abnormality_1,336,1789812301.1580129,5774.7,137.38,861.59,5.53,82.21,0.108,26.89,14.39,24.87,100.0,185.0,23.8,healthy,0.0
fault_injector_abnormality_1,337,1789812302.1580129,5750.9,137.81,858.51,5.49,82.44,0.1093,26.87,14.36,25.18,100.0,190.0,23.8,healthy,0.0
fault_injector_abnormality_1,338,1789812303.1580129,5740.7,137.83,860.76,5.51,82.68,0.1008,26.95,14.32,24.88,100.0,195.0,23.7,healthy,0.0
fault_injector_abnormality_1,339,1789812304.1580129,5751.2,137.95,866.51,5.62,82.79,0.1116,26.9,14.29,25.23,100.0,200.0,23.7,healthy,0.0
fault_injector_abnormality_1,340,1789812305.1580129,5753.0,137.96,859.42,5.66,83.11,0.0946,26.88,14.3,25.01,100.0,205.0,23.7,healthy,0.0
fault_injector_abnormality_1,341,1789812306.1580129,5765.0,138.43,857.57,5.68,83.19,0.0924,26.88,14.27,24.85,100.0,210.0,23.6,healthy,0.0
fault_injector_abnormality_1,342,1789812307.1580129,5747.5,138.75,857.63,5.68,83.45,0.0955,26.79,14.27,24.79,100.0,215.0,23.6,healthy,0.0
fault_injector_abnormality_1,343,1789812308.1580129,5761.5,139.24,859.15,5.6,83.66,0.1036,26.76,14.27,25.0,100.0,220.0,23.6,healthy,0.0
fault_injector_abnormality_1,344,1789812309.1580129,5755.4,139.52,858.1,5.57,83.66,0.1039,26.59,14.19,25.05,100.0,225.0,23.5,healthy,0.0
fault_injector_abnormality_1,345,1789812310.1580129,5780.8,139.46,858.6,5.55,83.72,0.1019,26.75,14.1,25.13,100.0,230.0,23.5,healthy,0.0
fault_injector_abnormality_1,346,1789812311.1580129,5797.2,139.73,859.49,5.54,83.98,0.0997,26.62,14.09,24.97,100.0,235.0,23.5,healthy,0.0
fault_injector_abnormality_1,347,1789812312.1580129,5812.4,139.8,862.09,5.52,84.12,0.1013,26.63,14.04,24.88,100.0,240.0,23.4,healthy,0.0
fault_injector_abnormality_1,348,1789812313.1580129,5805.2,139.31,859.37,5.38,84.32,0.1049,26.74,14.14,24.76,100.0,245.0,23.4,healthy,0.0
fault_injector_abnormality_1,349,1789812314.1580129,5793.1,139.69,859.27,5.39,84.57,0.0959,26.75,14.11,24.38,100.0,250.0,23.4,healthy,0.0
fault_injector_abnormality_1,350,1789812315.1580129,5794.4,139.74,861.13,5.46,84.61,0.0937,26.78,14.18,24.77,100.0,255.0,23.3,healthy,0.0
fault_injector_abnormality_1,351,1789812316.1580129,5794.8,139.68,860.77,5.48,84.74,0.0913,26.93,14.22,25.1,100.0,260.0,23.3,healthy,0.0
fault_injector_abnormality_1,352,1789812317.1580129,5800.2,140.19,853.8,5.44,85.04,0.1006,26.91,14.22,24.78,100.0,265.0,23.3,healthy,0.0
fault_injector_abnormality_1,353,1789812318.1580129,5822.9,140.02,854.27,5.47,85.19,0.0957,27.01,14.28,24.8,100.0,270.0,23.2,healthy,0.0
fault_injector_abnormality_1,354,1789812319.1580129,5825.6,140.19,851.85,5.52,85.42,0.1024,27.02,14.23,24.87,100.0,275.0,23.2,healthy,0.0
fault_injector_abnormality_1,355,1789812320.1580129,5828.6,140.35,851.07,5.56,85.67,0.087,26.84,14.31,24.93,100.0,280.0,23.2,healthy,0.0
fault_injector_abnormality_1,356,1789812321.1580129,5815.0,140.11,854.21,5.6,85.76,0.0878,26.81,14.25,24.59,100.0,285.0,23.1,healthy,0.0
fault_injector_abnormality_1,357,1789812322.1580129,5807.9,139.84,854.53,5.66,85.89,0.0874,26.82,14.24,24.83,100.0,290.0,23.1,healthy,0.0
fault_injector_abnormality_1,358,1789812323.1580129,5812.5,139.93,851.94,5.62,86.0,0.0859,26.88,14.28,24.76,100.0,295.0,23.1,healthy,0.0
fault_injector_abnormality_1,359,1789812324.1580129,5781.9,140.1,851.55,5.64,86.22,0.0901,26.95,14.24,24.99,100.0,300.0,23.1,healthy,0.0
fault_injector_abnormality_1,360,1789812325.1580129,5787.9,139.92,851.93,5.58,86.41,0.097,27.01,14.2,24.9,100.0,305.0,23.0,healthy,0.0
fault_injector_abnormality_1,361,1789812326.1580129,5754.2,139.96,857.0,5.59,86.67,0.1026,27.12,14.25,25.1,100.0,310.0,23.0,healthy,0.0
fault_injector_abnormality_1,362,1789812327.1580129,5759.7,140.21,858.0,5.5,86.88,0.0927,27.23,14.32,25.04,100.0,315.0,23.0,healthy,0.0
fault_injector_abnormality_1,363,1789812328.1580129,5750.7,140.27,856.99,5.48,87.15,0.1028,27.37,14.32,25.12,100.0,320.0,22.9,healthy,0.0
fault_injector_abnormality_1,364,1789812329.1580129,5766.6,140.43,853.9,5.45,87.34,0.1025,27.33,14.29,25.25,100.0,325.0,22.9,healthy,0.0
fault_injector_abnormality_1,365,1789812330.1580129,5770.0,140.75,852.07,5.49,87.35,0.103,27.22,14.32,25.37,100.0,330.0,22.9,healthy,0.0
fault_injector_abnormality_1,366,1789812331.1580129,5760.7,140.93,847.9,5.44,87.58,0.0993,27.21,14.27,25.18,100.0,335.0,22.8,healthy,0.0
fault_injector_abnormality_1,367,1789812332.1580129,5746.2,141.02,852.51,5.5,87.7,0.0991,27.08,14.31,24.88,100.0,340.0,22.8,healthy,0.0
fault_injector_abnormality_1,368,1789812333.1580129,5755.8,140.91,850.76,5.45,87.85,0.1051,27.08,14.38,25.17,100.0,345.0,22.8,healthy,0.0
fault_injector_abnormality_1,369,1789812334.1580129,5780.3,140.93,847.78,5.48,87.98,0.1045,26.98,14.4,24.73,100.0,350.0,22.7,healthy,0.0
fault_injector_abnormality_1,370,1789812335.1580129,5774.2,140.84,849.38,5.5,88.13,0.1053,26.86,14.36,25.04,100.0,355.0,22.7,healthy,0.0
fault_injector_abnormality_1,371,1789812336.1580129,5764.6,140.91,848.32,5.45,88.03,0.1054,26.93,14.45,25.11,100.0,360.0,22.7,healthy,0.0
fault_injector_abnormality_1,372,1789812337.1580129,5776.5,140.83,853.2,5.46,88.26,0.0939,26.79,14.48,24.74,100.0,365.0,22.6,healthy,0.0
fault_injector_abnormality_1,373,1789812338.1580129,5759.3,140.8,854.29,5.53,88.25,0.0928,26.76,14.5,25.07,100.0,370.0,22.6,healthy,0.0
fault_injector_abnormality_1,374,1789812339.1580129,5779.9,140.65,855.97,5.49,88.49,0.0976,26.74,14.58,25.52,100.0,375.0,22.6,healthy,0.0
fault_injector_abnormality_1,375,1789812340.1580129,5793.7,140.62,853.11,5.57,88.51,0.1007,26.99,14.54,25.27,100.0,380.0,22.5,healthy,0.0
fault_injector_abnormality_1,376,1789812341.1580129,5784.8,140.24,849.68,5.47,88.63,0.1072,26.99,14.55,25.1,100.0,385.0,22.5,healthy,0.0
fault_injector_abnormality_1,377,1789812342.1580129,5796.5,140.44,842.56,5.44,88.7,0.0982,26.99,14.54,24.93,100.0,390.0,22.5,healthy,0.0
fault_injector_abnormality_1,378,1789812343.1580129,5822.4,140.74,841.85,5.59,88.71,0.0951,27.01,14.52,24.94,100.0,395.0,22.4,healthy,0.0
fault_injector_abnormality_1,379,1789812344.1580129,5818.2,140.62,845.76,5.56,88.94,0.1092,27.06,14.49,25.09,100.0,400.0,22.4,healthy,0.0
fault_injector_abnormality_1,380,1789812345.1580129,5798.0,140.67,849.05,5.45,89.05,0.108,26.77,14.57,24.59,100.0,405.0,22.4,healthy,0.0
fault_injector_abnormality_1,381,1789812346.1580129,5780.3,140.75,850.92,5.55,89.15,0.0969,26.8,14.53,24.85,100.0,410.0,22.3,healthy,0.0
fault_injector_abnormality_1,382,1789812347.1580129,5795.3,140.67,844.86,5.46,89.37,0.1019,26.67,14.5,25.17,100.0,415.0,22.3,healthy,0.0
fault_injector_abnormality_1,383,1789812348.1580129,5789.2,140.9,846.0,5.45,89.36,0.1002,26.78,14.42,25.06,100.0,420.0,22.3,healthy,0.0
fault_injector_abnormality_1,384,1789812349.1580129,5801.5,140.82,847.33,5.49,89.57,0.0902,26.8,14.37,25.23,100.0,425.0,22.2,healthy,0.0
fault_injector_abnormality_1,385,1789812350.1580129,5789.0,140.94,846.48,5.5,89.9,0.085,26.97,14.44,24.82,100.0,430.0,22.2,healthy,0.0
fault_injector_abnormality_1,386,1789812351.1580129,5805.8,140.6,843.92,5.48,89.93,0.09,26.97,14.42,24.94,100.0,435.0,22.2,healthy,0.0
fault_injector_abnormality_1,387,1789812352.1580129,5806.9,140.53,842.89,5.57,89.97,0.0941,26.86,14.43,24.9,100.0,440.0,22.1,healthy,0.0
fault_injector_abnormality_1,388,1789812353.1580129,5801.6,140.33,843.96,5.55,90.13,0.1034,26.89,14.38,25.01,100.0,445.0,22.1,healthy,0.0
fault_injector_abnormality_1,389,1789812354.1580129,5783.9,140.49,843.95,5.59,90.09,0.0997,27.02,14.33,24.86,100.0,450.0,22.1,healthy,0.0
fault_injector_abnormality_1,390,1789812355.1580129,5797.8,140.4,845.69,5.6,90.29,0.1103,27.02,14.24,25.0,100.0,455.0,22.0,healthy,0.0
fault_injector_abnormality_1,391,1789812356.1580129,5811.3,140.53,843.32,5.63,90.32,0.1076,27.06,14.44,25.08,100.0,460.0,22.0,healthy,0.0
fault_injector_abnormality_1,392,1789812357.1580129,5829.9,140.64,837.94,5.59,90.4,0.1003,27.14,14.38,25.12,100.0,465.0,22.0,healthy,0.0
fault_injector_abnormality_1,393,1789812358.1580129,5846.2,140.92,836.5,5.55,90.62,0.109,27.03,14.3,24.72,100.0,470.0,21.9,healthy,0.0
fault_injector_abnormality_1,394,1789812359.1580129,5849.5,140.74,841.36,5.54,90.63,0.1007,27.1,14.33,24.65,100.0,475.0,21.9,healthy,0.0
fault_injector_abnormality_1,395,1789812360.1580129,5855.2,141.01,843.92,5.48,90.83,0.1009,27.02,14.29,25.15,100.0,480.0,21.9,healthy,0.0
fault_injector_abnormality_1,396,1789812361.1580129,5847.0,140.38,847.64,5.48,90.91,0.0981,27.18,14.25,24.96,100.0,485.0,21.8,healthy,0.0
fault_injector_abnormality_1,397,1789812362.1580129,5845.5,140.54,849.68,5.45,91.02,0.0971,27.33,14.24,24.83,100.0,490.0,21.8,healthy,0.0
fault_injector_abnormality_1,398,1789812363.1580129,5812.7,140.32,844.82,5.49,91.16,0.0999,27.02,14.28,25.42,100.0,495.0,21.8,healthy,0.0
fault_injector_abnormality_1,399,1789812364.1580129,5807.9,140.02,842.56,5.46,91.11,0.0979,26.83,14.35,24.97,100.0,500.0,21.8,healthy,0.0
fault_injector_abnormality_1,400,1789812365.1580129,5812.6,140.02,839.91,5.52,91.27,0.1008,27.05,14.36,25.2,100.0,505.0,21.7,healthy,0.0
fault_injector_abnormality_1,401,1789812366.1580129,5803.2,139.89,840.49,5.56,91.46,0.0944,27.03,14.27,24.89,100.0,510.0,21.7,healthy,0.0
fault_injector_abnormality_1,402,1789812367.1580129,5809.4,140.01,841.15,5.44,91.62,0.0957,26.99,14.26,24.85,100.0,515.0,21.7,healthy,0.0
fault_injector_abnormality_1,403,1789812368.1580129,5796.0,139.89,842.61,5.37,91.89,0.0951,26.95,14.28,25.13,100.0,520.0,21.6,healthy,0.0
fault_injector_abnormality_1,404,1789812369.1580129,5768.0,139.81,846.2,5.34,92.04,0.0952,26.97,14.24,25.1,100.0,525.0,21.6,healthy,0.0
fault_injector_abnormality_1,405,1789812370.1580129,5745.9,140.1,847.75,5.35,92.09,0.0951,26.97,14.29,24.98,100.0,530.0,21.6,healthy,0.0
fault_injector_abnormality_1,406,1789812371.1580129,5744.7,140.11,847.37,5.35,92.06,0.0984,26.99,14.26,24.95,100.0,535.0,21.5,healthy,0.0
fault_injector_abnormality_1,407,1789812372.1580129,5780.1,140.39,848.76,5.34,92.35,0.0936,26.95,14.22,25.08,100.0,540.0,21.5,healthy,0.0
fault_injector_abnormality_1,408,1789812373.1580129,5768.4,140.67,845.9,5.37,92.34,0.0928,27.06,14.23,24.89,100.0,545.0,21.5,healthy,0.0
fault_injector_abnormality_1,409,1789812374.1580129,5800.8,140.59,845.77,5.38,92.59,0.0901,27.0,14.18,24.66,100.0,550.0,21.4,healthy,0.0
fault_injector_abnormality_1,410,1789812375.1580129,5804.3,140.76,848.14,5.47,92.73,0.0854,26.97,14.21,25.09,100.0,555.0,21.4,healthy,0.0
fault_injector_abnormality_1,411,1789812376.1580129,5801.7,140.4,850.49,5.44,92.95,0.0866,26.76,14.17,24.99,100.0,560.0,21.4,healthy,0.0
fault_injector_abnormality_1,412,1789812377.1580129,5821.7,140.71,848.23,5.41,93.03,0.0939,26.76,14.18,25.3,100.0,565.0,21.3,healthy,0.0
fault_injector_abnormality_1,413,1789812378.1580129,5806.9,140.88,853.41,5.44,93.07,0.0954,26.91,14.19,24.63,100.0,570.0,21.3,healthy,0.0
fault_injector_abnormality_1,414,1789812379.1580129,5797.8,141.05,856.91,5.41,93.18,0.1012,26.98,14.18,24.8,100.0,575.0,21.3,healthy,0.0
fault_injector_abnormality_1,415,1789812380.1580129,5772.6,140.61,856.68,5.44,93.26,0.0953,27.1,14.15,24.84,100.0,580.0,21.2,healthy,0.0
fault_injector_abnormality_1,416,1789812381.1580129,5768.6,140.55,853.39,5.42,93.48,0.0967,26.95,14.14,24.78,100.0,585.0,21.2,healthy,0.0
fault_injector_abnormality_1,417,1789812382.1580129,5751.2,140.62,849.75,5.47,93.64,0.0875,27.01,14.21,24.74,100.0,590.0,21.2,healthy,0.0
fault_injector_abnormality_1,418,1789812383.1580129,5749.4,140.25,851.44,5.43,93.73,0.1002,27.06,14.23,24.66,100.0,595.0,21.1,healthy,0.0
fault_injector_abnormality_1,419,1789812384.1580129,5778.9,139.8,850.85,5.33,93.65,0.0982,26.9,14.22,24.88,100.0,600.0,21.1,healthy,0.0
fault_injector_abnormality_1,420,1789812385.1580129,5765.4,139.87,853.88,5.35,93.71,0.0936,26.9,14.27,25.32,100.0,605.0,21.1,healthy,0.0
fault_injector_abnormality_1,421,1789812386.1580129,5783.7,139.48,852.18,5.31,94.09,0.0874,26.88,14.28,25.42,100.0,610.0,21.0,healthy,0.0
fault_injector_abnormality_1,422,1789812387.1580129,5800.5,139.99,850.17,5.27,94.29,0.0922,27.03,14.34,25.42,100.0,615.0,21.0,healthy,0.0
fault_injector_abnormality_1,423,1789812388.1580129,5791.5,140.23,847.31,5.26,94.22,0.0882,26.91,14.36,25.34,100.0,620.0,21.0,healthy,0.0
fault_injector_abnormality_1,424,1789812389.1580129,5795.1,140.02,847.76,5.29,94.25,0.0952,27.12,14.34,25.38,100.0,625.0,20.9,healthy,0.0
fault_injector_abnormality_1,425,1789812390.1580129,5800.4,139.67,843.63,5.38,94.14,0.0963,27.04,14.34,25.36,100.0,630.0,20.9,healthy,0.0
fault_injector_abnormality_1,426,1789812391.1580129,5781.9,139.89,845.14,5.26,94.27,0.0831,27.03,14.29,25.11,100.0,635.0,20.9,healthy,0.0
fault_injector_abnormality_1,427,1789812392.1580129,5813.3,139.64,843.33,5.2,94.68,0.0775,27.04,14.31,24.85,100.0,640.0,20.8,healthy,0.0
fault_injector_abnormality_1,428,1789812393.1580129,5797.9,139.84,838.83,5.28,94.81,0.0827,26.89,14.24,25.11,100.0,645.0,20.8,healthy,0.0
fault_injector_abnormality_1,429,1789812394.1580129,5797.6,139.9,838.7,5.28,94.93,0.0928,26.96,14.29,25.09,100.0,650.0,20.8,healthy,0.0
fault_injector_abnormality_1,430,1789812395.1580129,5810.5,139.93,838.26,5.38,95.15,0.0952,26.97,14.28,24.88,100.0,655.0,20.7,healthy,0.0
fault_injector_abnormality_1,431,1789812396.1580129,5801.9,140.13,840.9,5.34,95.25,0.0912,27.01,14.31,24.79,100.0,660.0,20.7,healthy,0.0
fault_injector_abnormality_1,432,1789812397.1580129,5782.7,139.96,844.26,5.37,95.23,0.1032,26.92,14.33,25.13,100.0,665.0,20.7,healthy,0.0
fault_injector_abnormality_1,433,1789812398.1580129,5785.2,139.85,841.96,5.36,95.24,0.1183,26.88,14.29,25.12,100.0,670.0,20.6,healthy,0.0
fault_injector_abnormality_1,434,1789812399.1580129,5794.9,139.44,842.13,5.4,95.27,0.113,26.9,14.36,25.03,100.0,675.0,20.6,healthy,0.0
fault_injector_abnormality_1,435,1789812400.1580129,5775.4,139.35,843.23,5.44,95.25,0.1031,26.9,14.31,24.7,100.0,680.0,20.6,healthy,0.0
fault_injector_abnormality_1,436,1789812401.1580129,5799.2,139.05,844.92,5.34,95.38,0.1008,26.91,14.25,24.77,100.0,685.0,20.5,healthy,0.0
fault_injector_abnormality_1,437,1789812402.1580129,5805.8,138.87,844.93,5.25,95.39,0.0998,26.82,14.18,25.17,100.0,690.0,20.5,healthy,0.0
fault_injector_abnormality_1,438,1789812403.1580129,5776.1,138.86,846.81,5.28,95.38,0.0898,26.86,14.27,25.34,100.0,695.0,20.5,healthy,0.0
fault_injector_abnormality_1,439,1789812404.1580129,5779.3,138.53,844.65,5.3,95.36,0.0947,26.86,14.35,25.1,100.0,700.0,20.4,healthy,0.0
fault_injector_abnormality_1,440,1789812405.1580129,5791.1,138.62,844.96,5.33,95.41,0.0965,26.88,14.32,25.13,100.0,705.0,20.4,healthy,0.0
fault_injector_abnormality_1,441,1789812406.1580129,5765.9,138.73,842.57,5.36,95.55,0.1025,26.81,14.38,25.03,100.0,710.0,20.4,healthy,0.0
fault_injector_abnormality_1,442,1789812407.1580129,5746.9,138.67,838.97,5.35,95.74,0.101,26.99,14.33,25.23,100.0,715.0,20.4,healthy,0.0
fault_injector_abnormality_1,443,1789812408.1580129,5747.5,138.59,836.48,5.38,95.92,0.0945,27.13,14.31,25.35,100.0,720.0,20.3,healthy,0.0
fault_injector_abnormality_1,444,1789812409.1580129,5776.5,139.07,836.47,5.4,96.11,0.0936,27.13,14.28,25.14,100.0,725.0,20.3,healthy,0.0
fault_injector_abnormality_1,445,1789812410.1580129,5805.1,139.16,843.54,5.36,96.25,0.0987,27.16,14.32,25.12,100.0,730.0,20.3,healthy,0.0
fault_injector_abnormality_1,446,1789812411.1580129,5834.1,139.01,843.74,5.39,96.39,0.089,27.16,14.3,25.02,100.0,735.0,20.2,healthy,0.0
fault_injector_abnormality_1,447,1789812412.1580129,5835.5,138.8,843.04,5.31,96.53,0.0928,27.31,14.34,25.21,100.0,740.0,20.2,healthy,0.0
fault_injector_abnormality_1,448,1789812413.1580129,5819.0,138.91,845.16,5.31,96.54,0.0989,27.2,14.34,25.29,100.0,745.0,20.2,healthy,0.0
fault_injector_abnormality_1,449,1789812414.1580129,5795.2,139.06,839.81,5.25,96.66,0.1024,27.06,14.39,25.29,100.0,750.0,20.1,healthy,0.0
fault_injector_abnormality_1,450,1789812415.1580129,5775.9,139.17,842.9,5.27,96.85,0.1067,27.2,14.35,24.93,100.0,755.0,20.1,healthy,0.0
fault_injector_abnormality_1,451,1789812416.1580129,5790.7,138.85,846.87,5.21,96.87,0.1027,27.0,14.3,25.07,100.0,760.0,20.1,healthy,0.0
fault_injector_abnormality_1,452,1789812417.1580129,5787.0,139.14,844.71,5.19,96.97,0.0986,26.88,14.27,25.13,100.0,765.0,20.0,healthy,0.0
fault_injector_abnormality_1,453,1789812418.1580129,5794.6,138.86,844.48,5.22,96.9,0.0975,27.15,14.27,24.93,100.0,770.0,20.0,healthy,0.0
fault_injector_abnormality_1,454,1789812419.1580129,5806.5,138.73,841.36,5.28,97.23,0.0939,27.36,14.25,24.81,100.0,775.0,20.0,healthy,0.0
fault_injector_abnormality_1,455,1789812420.1580129,5816.4,138.71,838.65,5.38,97.23,0.0895,27.23,14.24,25.08,100.0,780.0,19.9,healthy,0.0
fault_injector_abnormality_1,456,1789812421.1580129,5799.6,138.79,842.86,5.26,97.27,0.0922,27.3,14.27,24.7,100.0,785.0,19.9,healthy,0.0
fault_injector_abnormality_1,457,1789812422.1580129,5794.0,138.74,844.09,5.3,97.58,0.0969,27.26,14.23,24.51,100.0,790.0,19.9,healthy,0.0
fault_injector_abnormality_1,458,1789812423.1580129,5801.1,138.8,843.19,5.24,97.74,0.0999,27.32,14.17,24.81,100.0,795.0,19.8,healthy,0.0
fault_injector_abnormality_1,459,1789812424.1580129,5794.1,139.09,845.74,5.21,97.76,0.0989,27.27,14.12,24.72,100.0,800.0,19.8,healthy,0.0
fault_injector_abnormality_1,460,1789812425.1580129,5796.9,139.13,843.84,5.33,97.85,0.1,27.1,14.1,24.83,100.0,805.0,19.8,healthy,0.0
fault_injector_abnormality_1,461,1789812426.1580129,5775.1,139.01,838.85,5.27,97.99,0.1096,26.92,14.02,24.49,100.0,810.0,19.7,healthy,0.0
fault_injector_abnormality_1,462,1789812427.1580129,5787.4,138.99,835.0,5.41,98.05,0.1106,27.02,14.05,25.03,100.0,815.0,19.7,healthy,0.0
fault_injector_abnormality_1,463,1789812428.1580129,5765.7,139.47,838.74,5.47,98.13,0.0995,27.05,14.12,25.33,100.0,820.0,19.7,healthy,0.0
fault_injector_abnormality_1,464,1789812429.1580129,5758.2,139.05,840.81,5.41,98.22,0.1042,27.11,14.09,25.13,100.0,825.0,19.6,healthy,0.0
fault_injector_abnormality_1,465,1789812430.1580129,5779.9,138.83,842.7,5.43,98.22,0.1024,27.01,14.12,24.89,100.0,830.0,19.6,healthy,0.0
fault_injector_abnormality_1,466,1789812431.1580129,5775.0,138.61,843.43,5.36,98.38,0.0999,26.92,14.14,24.78,100.0,835.0,19.6,healthy,0.0
fault_injector_abnormality_1,467,1789812432.1580129,5773.0,138.46,843.42,5.33,98.46,0.0972,27.01,14.16,25.3,100.0,840.0,19.5,healthy,0.0
fault_injector_abnormality_1,468,1789812433.1580129,5757.9,138.73,836.14,5.37,98.33,0.0896,27.03,14.14,25.04,100.0,845.0,19.5,healthy,0.0
fault_injector_abnormality_1,469,1789812434.1580129,5751.5,138.81,840.14,5.44,98.28,0.0807,26.94,14.2,25.14,100.0,850.0,19.5,healthy,0.0
fault_injector_abnormality_1,470,1789812435.1580129,5762.5,138.85,841.64,5.39,98.27,0.0891,26.91,14.26,24.72,100.0,855.0,19.4,healthy,0.0
fault_injector_abnormality_1,471,1789812436.1580129,5762.4,139.0,841.4,5.33,98.39,0.0937,26.94,14.33,24.77,100.0,860.0,19.4,healthy,0.0
fault_injector_abnormality_1,472,1789812437.1580129,5748.9,138.91,836.62,5.38,98.54,0.0895,26.93,14.3,24.75,100.0,865.0,19.4,healthy,0.0
fault_injector_abnormality_1,473,1789812438.1580129,5740.0,138.83,838.64,5.32,98.52,0.0948,27.02,14.29,24.68,100.0,870.0,19.3,healthy,0.0
fault_injector_abnormality_1,474,1789812439.1580129,5756.9,138.96,843.39,5.29,98.64,0.0969,26.82,14.22,24.79,100.0,875.0,19.3,healthy,0.0
fault_injector_abnormality_1,475,1789812440.1580129,5774.4,139.0,843.66,5.32,98.75,0.0963,26.69,14.26,24.65,100.0,880.0,19.3,healthy,0.0
fault_injector_abnormality_1,476,1789812441.1580129,5789.9,138.8,846.29,5.38,98.73,0.0972,26.84,14.21,24.71,100.0,885.0,19.2,healthy,0.0
fault_injector_abnormality_1,477,1789812442.1580129,5765.3,138.76,839.39,5.44,98.69,0.0955,26.88,14.2,24.7,100.0,890.0,19.2,healthy,0.0
fault_injector_abnormality_1,478,1789812443.1580129,5767.2,138.48,841.38,5.39,98.79,0.093,26.94,14.23,25.24,100.0,895.0,19.2,healthy,0.0
fault_injector_abnormality_1,479,1789812444.1580129,5775.6,138.52,839.21,5.33,98.84,0.0914,26.73,14.24,25.11,100.0,900.0,19.1,healthy,0.0
fault_injector_abnormality_1,480,1789812445.1580129,5790.6,139.14,837.02,5.29,98.73,0.0965,26.72,14.29,24.93,100.0,905.0,19.1,healthy,0.0
fault_injector_abnormality_1,481,1789812446.1580129,5790.9,139.17,838.81,5.26,98.91,0.097,26.86,14.27,25.02,100.0,910.0,19.1,healthy,0.0
fault_injector_abnormality_1,482,1789812447.1580129,5809.9,139.33,842.52,5.3,98.81,0.1007,26.84,14.23,25.04,100.0,915.0,19.1,healthy,0.0
fault_injector_abnormality_1,483,1789812448.1580129,5818.4,138.73,842.96,5.33,98.9,0.0983,27.04,14.33,24.83,100.0,920.0,19.0,healthy,0.0
fault_injector_abnormality_1,484,1789812449.1580129,5827.2,138.71,843.63,5.36,98.87,0.1028,27.01,14.32,24.76,100.0,925.0,19.0,healthy,0.0
fault_injector_abnormality_1,485,1789812450.1580129,5824.2,138.35,842.52,5.37,98.75,0.099,27.08,14.32,25.29,100.0,930.0,19.0,healthy,0.0
fault_injector_abnormality_1,486,1789812451.1580129,5842.9,138.3,841.52,5.37,98.83,0.0903,27.13,14.4,25.03,100.0,935.0,18.9,healthy,0.0
fault_injector_abnormality_1,487,1789812452.1580129,5847.0,138.09,839.75,5.33,98.99,0.0944,27.01,14.3,24.81,100.0,940.0,18.9,healthy,0.0
fault_injector_abnormality_1,488,1789812453.1580129,5807.2,137.93,835.29,5.37,98.92,0.0993,27.03,14.25,24.65,100.0,945.0,18.9,healthy,0.0
fault_injector_abnormality_1,489,1789812454.1580129,5796.8,137.77,840.77,5.37,98.87,0.0956,26.94,14.28,25.17,100.0,950.0,18.8,healthy,0.0
fault_injector_abnormality_1,490,1789812455.1580129,5792.0,137.6,841.78,5.4,99.03,0.103,27.05,14.21,25.05,100.0,955.0,18.8,healthy,0.0
fault_injector_abnormality_1,491,1789812456.1580129,5816.1,137.66,841.67,5.35,99.01,0.1026,27.08,14.24,24.8,100.0,960.0,18.8,healthy,0.0
fault_injector_abnormality_1,492,1789812457.1580129,5800.9,137.83,840.31,5.38,99.14,0.0985,26.94,14.21,24.94,100.0,965.0,18.7,healthy,0.0
fault_injector_abnormality_1,493,1789812458.1580129,5816.0,138.34,838.72,5.31,99.18,0.0996,27.0,14.3,24.92,100.0,970.0,18.7,healthy,0.0
fault_injector_abnormality_1,494,1789812459.1580129,5794.8,137.98,836.45,5.3,99.38,0.0977,27.06,14.28,25.23,100.0,975.0,18.7,healthy,0.0
fault_injector_abnormality_1,495,1789812460.1580129,5797.4,137.93,827.3,5.32,99.47,0.0954,27.06,14.29,25.3,100.0,980.0,18.6,healthy,0.0
fault_injector_abnormality_1,496,1789812461.1580129,5805.6,138.26,827.51,5.36,99.71,0.0985,26.86,14.27,25.2,100.0,985.0,18.6,healthy,0.0
fault_injector_abnormality_1,497,1789812462.1580129,5809.7,138.13,832.66,5.43,99.94,0.1009,26.76,14.21,24.97,100.0,990.0,18.6,healthy,0.0
fault_injector_abnormality_1,498,1789812463.1580129,5793.3,138.51,833.79,5.51,99.91,0.0974,27.05,14.17,25.16,100.0,995.0,18.5,healthy,0.0
fault_injector_abnormality_1,499,1789812464.1580129,5792.0,138.65,831.48,5.41,100.08,0.0919,27.07,14.16,24.95,100.0,1000.0,18.5,healthy,0.0
fault_injector_abnormality_1,500,1789812465.1580129,5827.4,138.65,828.35,5.36,100.06,0.0934,26.86,14.07,24.83,100.0,1005.0,18.5,healthy,0.0
fault_injector_abnormality_1,501,1789812466.1580129,5827.6,138.42,832.22,5.44,100.17,0.0924,27.08,14.23,25.04,100.0,1010.0,18.4,healthy,0.0
fault_injector_abnormality_1,502,1789812467.1580129,5792.9,138.38,834.03,5.28,100.3,0.0903,27.06,14.19,25.25,100.0,1015.0,18.4,healthy,0.0
fault_injector_abnormality_1,503,1789812468.1580129,5785.4,138.12,833.81,5.3,100.49,0.0954,26.92,14.14,25.37,100.0,1020.0,18.4,healthy,0.0
fault_injector_abnormality_1,504,1789812469.1580129,5767.8,138.22,837.91,5.36,100.43,0.1031,26.85,14.22,25.42,100.0,1025.0,18.3,healthy,0.0
fault_injector_abnormality_1,505,1789812470.1580129,5797.6,138.0,835.43,5.31,100.53,0.1093,26.94,14.2,25.0,100.0,1030.0,18.3,healthy,0.0
fault_injector_abnormality_1,506,1789812471.1580129,5800.7,137.62,836.13,5.25,100.58,0.1016,27.05,14.21,25.26,100.0,1035.0,18.3,healthy,0.0
fault_injector_abnormality_1,507,1789812472.1580129,5799.4,138.05,834.91,5.37,100.75,0.099,27.0,14.21,25.23,100.0,1040.0,18.2,healthy,0.0
fault_injector_abnormality_1,508,1789812473.1580129,5805.7,138.13,832.96,5.29,100.69,0.0957,27.02,14.22,25.34,100.0,1045.0,18.2,healthy,0.0
fault_injector_abnormality_1,509,1789812474.1580129,5778.4,138.09,831.36,5.22,100.83,0.0965,26.86,14.17,25.14,100.0,1050.0,18.2,healthy,0.0
fault_injector_abnormality_1,510,1789812475.1580129,5769.4,137.82,829.01,5.21,100.63,0.095,26.62,14.25,24.98,100.0,1055.0,18.1,healthy,0.0
fault_injector_abnormality_1,511,1789812476.1580129,5780.7,138.03,832.43,5.27,100.57,0.0949,26.78,14.19,25.01,100.0,1060.0,18.1,healthy,0.0
fault_injector_abnormality_1,512,1789812477.1580129,5754.6,138.22,832.74,5.19,100.86,0.0894,26.75,14.15,24.66,100.0,1065.0,18.1,healthy,0.0
fault_injector_abnormality_1,513,1789812478.1580129,5755.2,138.41,836.22,5.3,100.93,0.087,26.86,14.21,24.56,100.0,1070.0,18.0,healthy,0.0
fault_injector_abnormality_1,514,1789812479.1580129,5754.9,138.14,842.1,5.32,100.91,0.0849,26.72,14.32,24.76,100.0,1075.0,18.0,healthy,0.0
fault_injector_abnormality_1,515,1789812480.1580129,5780.0,138.15,838.6,5.3,101.02,0.0876,26.76,14.34,25.04,100.0,1080.0,18.0,healthy,0.0
fault_injector_abnormality_1,516,1789812481.1580129,5771.1,137.67,840.97,5.34,101.15,0.0816,26.75,14.21,24.64,100.0,1085.0,17.9,healthy,0.0
fault_injector_abnormality_1,517,1789812482.1580129,5762.4,137.41,836.62,5.27,101.25,0.0853,26.8,14.24,25.13,100.0,1090.0,17.9,healthy,0.0
fault_injector_abnormality_1,518,1789812483.1580129,5751.6,137.56,835.35,5.31,101.32,0.0906,26.94,14.25,24.85,100.0,1095.0,17.9,healthy,0.0
fault_injector_abnormality_1,519,1789812484.1580129,5745.4,137.6,835.41,5.26,101.46,0.0974,26.9,14.2,24.94,100.0,1100.0,17.9,healthy,0.0
fault_injector_abnormality_1,520,1789812485.1580129,5786.4,137.56,834.57,5.25,101.46,0.0956,26.96,14.15,24.67,100.0,1105.0,17.8,healthy,0.0
fault_injector_abnormality_1,521,1789812486.1580129,5812.6,137.53,835.24,5.28,101.62,0.0949,26.93,14.21,25.01,100.0,1110.0,17.8,healthy,0.0
fault_injector_abnormality_1,522,1789812487.1580129,5784.2,137.47,831.81,5.27,101.87,0.0973,26.73,14.21,25.05,100.0,1115.0,17.8,healthy,0.0
fault_injector_abnormality_1,523,1789812488.1580129,5801.1,137.92,830.22,5.24,101.81,0.0993,27.02,14.06,24.89,100.0,1120.0,17.7,healthy,0.0
fault_injector_abnormality_1,524,1789812489.1580129,5823.5,137.87,831.08,5.24,101.73,0.1042,27.08,14.06,24.74,100.0,1125.0,17.7,healthy,0.0
fault_injector_abnormality_1,525,1789812490.1580129,5812.0,137.51,831.35,5.31,101.62,0.0984,27.04,14.13,24.6,100.0,1130.0,17.7,healthy,0.0
fault_injector_abnormality_1,526,1789812491.1580129,5820.4,137.05,832.65,5.25,101.91,0.1014,26.95,14.13,24.89,100.0,1135.0,17.6,healthy,0.0
fault_injector_abnormality_1,527,1789812492.1580129,5797.1,137.15,837.12,5.28,101.89,0.1034,27.04,14.07,24.82,100.0,1140.0,17.6,healthy,0.0
fault_injector_abnormality_1,528,1789812493.1580129,5808.9,137.19,836.35,5.25,102.16,0.0995,26.96,14.04,24.8,100.0,1145.0,17.6,healthy,0.0
fault_injector_abnormality_1,529,1789812494.1580129,5810.8,137.0,838.65,5.29,102.32,0.0995,27.01,14.11,24.71,100.0,1150.0,17.5,healthy,0.0
fault_injector_abnormality_1,530,1789812495.1580129,5799.8,137.39,839.44,5.29,102.64,0.0992,27.08,14.08,24.87,100.0,1155.0,17.5,healthy,0.0
fault_injector_abnormality_1,531,1789812496.1580129,5790.7,137.13,831.97,5.31,102.74,0.1021,27.24,14.12,24.61,100.0,1160.0,17.5,healthy,0.0
fault_injector_abnormality_1,532,1789812497.1580129,5814.8,136.88,832.01,5.28,102.72,0.0978,27.17,14.09,24.95,100.0,1165.0,17.4,healthy,0.0
fault_injector_abnormality_1,533,1789812498.1580129,5797.8,136.75,831.49,5.26,102.83,0.0971,27.2,14.18,25.02,100.0,1170.0,17.4,healthy,0.0
fault_injector_abnormality_1,534,1789812499.1580129,5823.5,136.87,836.56,5.19,102.77,0.1019,27.0,14.14,25.04,100.0,1175.0,17.4,healthy,0.0
fault_injector_abnormality_1,535,1789812500.1580129,5830.0,136.76,829.32,5.24,102.82,0.0989,27.12,14.17,25.41,100.0,1180.0,17.3,healthy,0.0
fault_injector_abnormality_1,536,1789812501.1580129,5808.5,136.71,825.65,5.24,102.87,0.1048,27.18,14.15,25.5,100.0,1185.0,17.3,healthy,0.0
fault_injector_abnormality_1,537,1789812502.1580129,5789.2,136.57,823.57,5.24,103.0,0.1063,27.29,14.11,25.17,100.0,1190.0,17.3,healthy,0.0
fault_injector_abnormality_1,538,1789812503.1580129,5778.2,136.31,822.02,5.21,103.11,0.0979,27.36,14.24,25.0,100.0,1195.0,17.2,healthy,0.0
fault_injector_abnormality_1,539,1789812504.1580129,5761.5,136.39,823.53,5.22,103.13,0.0924,27.47,14.29,24.99,100.0,1200.0,17.2,healthy,0.0
fault_injector_abnormality_1,540,1789812505.1580129,5789.8,136.64,822.38,5.17,102.9,0.0956,27.24,14.38,24.91,100.0,1205.0,17.2,healthy,0.0
fault_injector_abnormality_1,541,1789812506.1580129,5760.6,136.8,826.65,5.19,102.98,0.0951,27.22,14.34,24.85,100.0,1210.0,17.1,healthy,0.0
fault_injector_abnormality_1,542,1789812507.1580129,5738.6,136.9,822.23,5.25,102.97,0.1011,27.18,14.33,24.79,100.0,1215.0,17.1,healthy,0.0
fault_injector_abnormality_1,543,1789812508.1580129,5757.2,137.01,830.91,5.27,103.06,0.1041,27.17,14.25,25.16,100.0,1220.0,17.1,healthy,0.0
fault_injector_abnormality_1,544,1789812509.1580129,5775.3,136.97,833.37,5.23,103.09,0.1013,26.96,14.31,25.18,100.0,1225.0,17.0,healthy,0.0
fault_injector_abnormality_1,545,1789812510.1580129,5790.0,136.84,834.57,5.28,103.08,0.1051,26.98,14.29,25.05,100.0,1230.0,17.0,healthy,0.0
fault_injector_abnormality_1,546,1789812511.1580129,5778.2,136.79,833.95,5.34,103.06,0.1068,26.94,14.31,25.32,100.0,1235.0,17.0,healthy,0.0
fault_injector_abnormality_1,547,1789812512.1580129,5782.6,136.62,835.21,5.35,103.07,0.1082,27.05,14.32,24.85,100.0,1240.0,16.9,healthy,0.0
fault_injector_abnormality_1,548,1789812513.1580129,5752.2,136.33,835.42,5.26,103.11,0.11,26.99,14.35,25.29,100.0,1245.0,16.9,healthy,0.0
fault_injector_abnormality_1,549,1789812514.1580129,5759.7,136.46,831.5,5.27,103.07,0.1081,27.01,14.38,25.36,100.0,1250.0,16.9,healthy,0.0
fault_injector_abnormality_1,550,1789812515.1580129,5752.3,136.42,833.93,5.18,103.13,0.1113,27.17,14.37,24.91,100.0,1255.0,16.8,healthy,0.0
fault_injector_abnormality_1,551,1789812516.1580129,5732.6,136.25,839.95,5.08,103.2,0.105,27.06,14.38,25.09,100.0,1260.0,16.8,healthy,0.0
fault_injector_abnormality_1,552,1789812517.1580129,5755.6,136.64,839.64,5.1,103.32,0.1039,27.14,14.39,25.28,100.0,1265.0,16.8,healthy,0.0
fault_injector_abnormality_1,553,1789812518.1580129,5775.3,136.94,844.59,5.11,103.35,0.1169,27.29,14.3,25.22,100.0,1270.0,16.7,healthy,0.0
fault_injector_abnormality_1,554,1789812519.1580129,5759.8,136.74,839.13,5.1,103.3,0.1122,27.32,14.28,25.19,100.0,1275.0,16.7,healthy,0.0
fault_injector_abnormality_1,555,1789812520.1580129,5778.8,136.83,841.58,5.16,103.38,0.1046,26.97,14.31,25.0,100.0,1280.0,16.7,healthy,0.0
fault_injector_abnormality_1,556,1789812521.1580129,5804.4,136.68,838.07,5.25,103.52,0.1046,26.88,14.25,24.69,100.0,1285.0,16.6,healthy,0.0
fault_injector_abnormality_1,557,1789812522.1580129,5816.7,136.77,836.09,5.32,103.55,0.105,27.01,14.18,24.94,100.0,1290.0,16.6,healthy,0.0
fault_injector_abnormality_1,558,1789812523.1580129,5812.9,136.64,832.66,5.26,103.75,0.0943,26.99,14.16,25.41,100.0,1295.0,16.6,healthy,0.0
fault_injector_abnormality_1,559,1789812524.1580129,5788.8,136.62,831.93,5.24,103.75,0.0994,26.97,14.18,25.5,100.0,1300.0,16.5,healthy,0.0
fault_injector_abnormality_1,560,1789812525.1580129,5788.0,136.55,840.68,5.23,103.81,0.0974,26.89,14.08,25.55,100.0,1305.0,16.5,healthy,0.0
fault_injector_abnormality_1,561,1789812526.1580129,5824.7,136.61,842.2,5.23,103.57,0.1023,26.83,14.06,25.57,100.0,1310.0,16.5,healthy,0.0
fault_injector_abnormality_1,562,1789812527.1580129,5823.9,136.67,833.43,5.13,103.48,0.1016,26.94,14.11,25.78,100.0,1315.0,16.5,healthy,0.0
fault_injector_abnormality_1,563,1789812528.1580129,5818.3,136.47,836.02,5.18,103.57,0.1077,26.84,14.16,25.25,100.0,1320.0,16.4,healthy,0.0
fault_injector_abnormality_1,564,1789812529.1580129,5815.0,136.15,834.42,5.18,103.59,0.1062,26.91,14.16,25.08,100.0,1325.0,16.4,healthy,0.0
fault_injector_abnormality_1,565,1789812530.1580129,5817.7,135.85,827.98,5.09,103.71,0.1029,26.89,14.12,25.26,100.0,1330.0,16.4,healthy,0.0
fault_injector_abnormality_1,566,1789812531.1580129,5803.9,135.84,822.92,5.2,103.89,0.1101,26.81,14.12,25.32,100.0,1335.0,16.3,healthy,0.0
fault_injector_abnormality_1,567,1789812532.1580129,5785.8,135.89,819.4,5.24,103.97,0.1074,26.94,14.11,25.16,100.0,1340.0,16.3,healthy,0.0
fault_injector_abnormality_1,568,1789812533.1580129,5775.3,135.61,820.11,5.28,103.95,0.1,27.0,14.13,24.94,100.0,1345.0,16.3,healthy,0.0
fault_injector_abnormality_1,569,1789812534.1580129,5779.5,135.35,821.42,5.32,103.85,0.0936,26.94,14.12,25.22,100.0,1350.0,16.2,healthy,0.0
fault_injector_abnormality_1,570,1789812535.1580129,5793.2,135.4,826.92,5.26,103.73,0.0922,26.88,14.07,24.77,100.0,1355.0,16.2,healthy,0.0
fault_injector_abnormality_1,571,1789812536.1580129,5814.8,135.29,826.63,5.31,103.71,0.1008,26.79,14.07,24.89,100.0,1360.0,16.2,healthy,0.0
fault_injector_abnormality_1,572,1789812537.1580129,5805.2,135.43,827.29,5.37,103.76,0.1087,26.86,14.1,24.81,100.0,1365.0,16.1,healthy,0.0
fault_injector_abnormality_1,573,1789812538.1580129,5806.7,135.59,826.13,5.26,103.86,0.107,26.98,14.05,25.18,100.0,1370.0,16.1,healthy,0.0
fault_injector_abnormality_1,574,1789812539.1580129,5820.0,135.87,826.51,5.28,103.85,0.1102,27.03,14.1,25.13,100.0,1375.0,16.1,healthy,0.0
fault_injector_abnormality_1,575,1789812540.1580129,5827.0,135.85,826.12,5.25,104.01,0.1115,27.21,14.07,25.11,100.0,1380.0,16.0,healthy,0.0
fault_injector_abnormality_1,576,1789812541.1580129,5811.5,136.13,825.44,5.29,104.02,0.104,27.15,14.09,25.0,100.0,1385.0,16.0,healthy,0.0
fault_injector_abnormality_1,577,1789812542.1580129,5817.8,135.9,828.07,5.27,104.09,0.1019,27.09,14.12,25.09,100.0,1390.0,16.0,healthy,0.0
fault_injector_abnormality_1,578,1789812543.1580129,5817.8,135.89,826.75,5.36,104.15,0.1092,27.18,14.15,25.24,100.0,1395.0,15.9,healthy,0.0
fault_injector_abnormality_1,579,1789812544.1580129,5800.1,135.85,827.55,5.3,104.18,0.1092,27.21,14.2,25.07,100.0,1400.0,15.9,healthy,0.0
fault_injector_abnormality_1,580,1789812545.1580129,5817.7,135.67,833.62,5.34,104.14,0.1101,27.21,14.17,25.2,100.0,1405.0,15.9,healthy,0.0
fault_injector_abnormality_1,581,1789812546.1580129,5811.1,136.05,835.04,5.35,104.22,0.1005,27.17,14.17,25.17,100.0,1410.0,15.8,healthy,0.0
fault_injector_abnormality_1,582,1789812547.1580129,5802.4,136.49,835.82,5.35,104.37,0.1062,27.03,14.09,25.56,100.0,1415.0,15.8,healthy,0.0
fault_injector_abnormality_1,583,1789812548.1580129,5813.3,136.56,833.8,5.31,104.38,0.1025,26.91,14.16,25.0,100.0,1420.0,15.8,healthy,0.0
fault_injector_abnormality_1,584,1789812549.1580129,5821.8,136.5,827.1,5.18,104.41,0.0977,27.03,14.15,24.91,100.0,1425.0,15.7,healthy,0.0
fault_injector_abnormality_1,585,1789812550.1580129,5848.8,136.58,829.05,5.2,104.46,0.0953,27.06,14.18,24.85,100.0,1430.0,15.7,healthy,0.0
fault_injector_abnormality_1,586,1789812551.1580129,5845.2,135.94,826.9,5.17,104.62,0.093,27.13,14.13,25.02,100.0,1435.0,15.7,healthy,0.0
fault_injector_abnormality_1,587,1789812552.1580129,5804.7,135.95,825.58,5.17,104.58,0.0895,26.89,14.16,25.31,100.0,1440.0,15.6,healthy,0.0
fault_injector_abnormality_1,588,1789812553.1580129,5805.9,136.21,826.52,5.07,104.62,0.0917,26.84,14.23,25.34,100.0,1445.0,15.6,healthy,0.0
fault_injector_abnormality_1,589,1789812554.1580129,5804.6,136.2,823.77,5.13,104.47,0.0917,27.08,14.3,25.17,100.0,1450.0,15.6,healthy,0.0
fault_injector_abnormality_1,590,1789812555.1580129,5798.6,135.84,823.3,5.17,104.64,0.1054,26.9,14.31,25.11,100.0,1455.0,15.5,healthy,0.0
fault_injector_abnormality_1,591,1789812556.1580129,5777.9,135.87,826.65,5.14,104.81,0.0987,26.82,14.32,25.18,100.0,1460.0,15.5,healthy,0.0
fault_injector_abnormality_1,592,1789812557.1580129,5798.4,135.93,824.91,5.24,104.91,0.1068,26.94,14.33,25.13,100.0,1465.0,15.5,healthy,0.0
fault_injector_abnormality_1,593,1789812558.1580129,5818.1,135.51,830.25,5.15,104.93,0.1095,26.89,14.28,25.32,100.0,1470.0,15.4,healthy,0.0
fault_injector_abnormality_1,594,1789812559.1580129,5807.3,135.6,825.42,5.11,104.93,0.0998,26.8,14.2,24.82,100.0,1475.0,15.4,healthy,0.0
fault_injector_abnormality_1,595,1789812560.1580129,5813.7,135.64,828.66,5.09,105.07,0.1058,26.85,14.24,24.83,100.0,1480.0,15.4,healthy,0.0
fault_injector_abnormality_1,596,1789812561.1580129,5816.7,135.76,826.79,5.12,105.19,0.099,26.97,14.27,24.83,100.0,1485.0,15.3,healthy,0.0
fault_injector_abnormality_1,597,1789812562.1580129,5822.0,135.87,824.69,5.13,105.06,0.1039,27.1,14.19,24.77,100.0,1490.0,15.3,healthy,0.0
fault_injector_abnormality_1,598,1789812563.1580129,5849.5,136.11,822.03,5.1,105.1,0.0976,27.14,14.23,25.01,100.0,1495.0,15.3,healthy,0.0
fault_injector_abnormality_1,599,1789812564.1580129,5862.3,135.43,819.91,5.07,104.92,0.0991,27.07,14.13,24.82,100.0,1500.0,15.2,healthy,0.0
fault_injector_abnormality_1,600,1789812565.1580129,5307.7,134.96,810.49,4.66,104.93,0.0884,23.62,14.05,22.99,75.0,1500.0,15.2,healthy,0.0
fault_injector_abnormality_1,601,1789812566.1580129,4990.3,134.84,797.19,4.53,104.87,0.0815,21.89,14.03,22.27,75.0,1500.0,15.2,healthy,0.0
fault_injector_abnormality_1,602,1789812567.1580129,4853.4,134.63,784.69,4.45,104.86,0.0787,21.07,14.06,21.7,75.0,1500.0,15.2,healthy,0.0
fault_injector_abnormality_1,603,1789812568.1580129,4803.6,134.05,771.98,4.38,104.91,0.0763,20.74,14.08,21.15,75.0,1500.0,15.2,healthy,0.0
fault_injector_abnormality_1,604,1789812569.1580129,4766.5,134.09,763.26,4.34,104.87,0.0809,20.42,14.05,21.08,75.0,1500.0,15.2,healthy,0.0
fault_injector_abnormality_1,605,1789812570.1580129,4742.9,133.88,758.84,4.27,104.77,0.0709,20.48,14.01,21.39,75.0,1500.0,15.2,healthy,0.0
fault_injector_abnormality_1,606,1789812571.1580129,4718.3,133.42,752.64,4.41,104.76,0.0705,20.34,13.99,21.5,75.0,1500.0,15.2,healthy,0.0
fault_injector_abnormality_1,607,1789812572.1580129,4728.2,133.23,742.42,4.39,104.74,0.0635,20.45,14.01,21.4,75.0,1500.0,15.2,healthy,0.0
fault_injector_abnormality_1,608,1789812573.1580129,4706.3,132.7,739.84,4.47,104.6,0.0639,20.55,14.04,21.25,75.0,1500.0,15.2,healthy,0.0
fault_injector_abnormality_1,609,1789812574.1580129,4706.0,132.39,746.25,4.46,104.55,0.0716,20.37,14.11,21.19,75.0,1500.0,15.2,healthy,0.0
fault_injector_abnormality_1,610,1789812575.1580129,4703.7,132.31,741.6,4.49,104.51,0.0721,20.35,14.15,21.38,75.0,1500.0,15.2,healthy,0.0
fault_injector_abnormality_1,611,1789812576.1580129,4688.3,131.83,736.76,4.45,104.52,0.0804,20.41,14.08,20.92,75.0,1500.0,15.2,healthy,0.0
fault_injector_abnormality_1,612,1789812577.1580129,4689.2,131.41,740.92,4.41,104.65,0.0716,20.44,14.12,20.67,75.0,1500.0,15.2,healthy,0.0
fault_injector_abnormality_1,613,1789812578.1580129,4684.0,131.59,742.56,4.37,104.64,0.0663,20.5,14.24,20.73,75.0,1500.0,15.2,healthy,0.0
fault_injector_abnormality_1,614,1789812579.1580129,4698.8,131.2,744.57,4.37,104.62,0.0658,20.41,14.25,20.93,75.0,1500.0,15.2,healthy,0.0
fault_injector_abnormality_1,615,1789812580.1580129,4687.0,130.91,752.97,4.34,104.5,0.0671,20.32,14.17,21.04,75.0,1500.0,15.2,healthy,0.0
fault_injector_abnormality_1,616,1789812581.1580129,4697.1,130.59,751.95,4.42,104.33,0.0644,20.22,14.16,21.22,75.0,1500.0,15.2,healthy,0.0
fault_injector_abnormality_1,617,1789812582.1580129,4729.0,130.47,749.85,4.38,104.28,0.0621,20.27,14.15,21.12,75.0,1500.0,15.2,healthy,0.0
fault_injector_abnormality_1,618,1789812583.1580129,4720.0,130.33,751.07,4.36,104.18,0.0689,20.09,14.24,21.11,75.0,1500.0,15.2,healthy,0.0
fault_injector_abnormality_1,619,1789812584.1580129,4708.1,129.78,747.58,4.3,104.23,0.0626,20.08,14.21,21.32,75.0,1500.0,15.2,healthy,0.0
fault_injector_abnormality_1,620,1789812585.1580129,4702.8,129.51,747.3,4.24,104.22,0.0658,19.97,14.2,21.08,75.0,1500.0,15.2,healthy,0.0
fault_injector_abnormality_1,621,1789812586.1580129,4702.3,129.65,741.21,4.31,104.19,0.0658,20.01,14.23,21.22,75.0,1500.0,15.2,healthy,0.0
fault_injector_abnormality_1,622,1789812587.1580129,4673.2,129.49,739.97,4.31,104.12,0.0651,19.84,14.27,21.41,75.0,1500.0,15.2,healthy,0.0
fault_injector_abnormality_1,623,1789812588.1580129,4652.3,129.43,742.55,4.41,104.16,0.0693,19.83,14.34,21.38,75.0,1500.0,15.2,healthy,0.0
fault_injector_abnormality_1,624,1789812589.1580129,4672.9,129.46,744.57,4.5,104.17,0.0736,19.93,14.31,21.4,75.0,1500.0,15.2,healthy,0.0
fault_injector_abnormality_1,625,1789812590.1580129,4676.3,129.5,745.56,4.46,104.2,0.0728,19.91,14.33,21.18,75.0,1500.0,15.2,healthy,0.0
fault_injector_abnormality_1,626,1789812591.1580129,4704.9,129.27,746.77,4.46,104.19,0.0663,19.97,14.27,21.31,75.0,1500.0,15.2,healthy,0.0
fault_injector_abnormality_1,627,1789812592.1580129,4707.5,128.74,744.83,4.46,104.21,0.0711,20.0,14.21,21.25,75.0,1500.0,15.2,healthy,0.0
fault_injector_abnormality_1,628,1789812593.1580129,4710.4,128.84,748.47,4.5,104.21,0.0716,20.05,14.16,20.87,75.0,1500.0,15.2,healthy,0.0
fault_injector_abnormality_1,629,1789812594.1580129,4719.2,128.84,747.96,4.38,104.18,0.056,20.24,14.08,21.17,75.0,1500.0,15.2,healthy,0.0
fault_injector_abnormality_1,630,1789812595.1580129,4706.5,128.56,747.43,4.33,104.23,0.0622,20.43,14.04,21.12,75.0,1500.0,15.2,healthy,0.0
fault_injector_abnormality_1,631,1789812596.1580129,4713.1,128.65,744.59,4.35,104.3,0.0619,20.57,14.07,21.16,75.0,1500.0,15.2,healthy,0.0
fault_injector_abnormality_1,632,1789812597.1580129,4707.5,128.71,741.02,4.31,104.29,0.065,20.38,14.17,20.96,75.0,1500.0,15.2,healthy,0.0
fault_injector_abnormality_1,633,1789812598.1580129,4695.8,128.45,735.49,4.36,104.15,0.079,20.26,14.12,21.15,75.0,1500.0,15.2,healthy,0.0
fault_injector_abnormality_1,634,1789812599.1580129,4688.0,128.18,739.96,4.37,104.19,0.0812,20.24,14.09,20.77,75.0,1500.0,15.2,healthy,0.0
fault_injector_abnormality_1,635,1789812600.1580129,4693.9,128.12,738.04,4.31,104.23,0.0768,20.25,14.02,21.35,75.0,1500.0,15.2,healthy,0.0
fault_injector_abnormality_1,636,1789812601.1580129,4695.9,128.13,745.5,4.4,104.18,0.0818,20.35,13.98,21.3,75.0,1500.0,15.2,healthy,0.0
fault_injector_abnormality_1,637,1789812602.1580129,4689.0,127.87,743.41,4.41,104.24,0.0785,20.41,13.95,21.14,75.0,1500.0,15.2,healthy,0.0
fault_injector_abnormality_1,638,1789812603.1580129,4711.6,128.15,741.02,4.24,104.24,0.0786,20.37,13.89,21.12,75.0,1500.0,15.2,healthy,0.0
fault_injector_abnormality_1,639,1789812604.1580129,4710.3,128.21,738.27,4.27,104.29,0.0773,20.14,13.96,21.19,75.0,1500.0,15.2,healthy,0.0
fault_injector_abnormality_1,640,1789812605.1580129,4730.4,128.1,739.96,4.3,104.38,0.0882,20.11,13.92,21.32,75.0,1500.0,15.2,healthy,0.0
fault_injector_abnormality_1,641,1789812606.1580129,4714.1,128.1,740.58,4.32,104.42,0.0868,20.24,13.96,21.38,75.0,1500.0,15.2,healthy,0.0
fault_injector_abnormality_1,642,1789812607.1580129,4717.6,128.26,745.83,4.27,104.35,0.0901,20.25,13.94,21.4,75.0,1500.0,15.2,healthy,0.0
fault_injector_abnormality_1,643,1789812608.1580129,4707.0,127.89,747.5,4.27,104.31,0.0816,20.18,13.96,21.51,75.0,1500.0,15.2,healthy,0.0
fault_injector_abnormality_1,644,1789812609.1580129,4696.0,127.75,745.42,4.23,104.23,0.0793,20.01,14.03,21.19,75.0,1500.0,15.2,healthy,0.0
fault_injector_abnormality_1,645,1789812610.1580129,4676.5,127.9,747.2,4.22,104.31,0.0703,20.08,13.99,21.1,75.0,1500.0,15.2,healthy,0.0
fault_injector_abnormality_1,646,1789812611.1580129,4694.5,128.02,740.93,4.34,104.33,0.0653,20.24,14.14,21.07,75.0,1500.0,15.2,healthy,0.0
fault_injector_abnormality_1,647,1789812612.1580129,4710.9,128.15,742.87,4.27,104.43,0.0737,20.41,14.16,21.33,75.0,1500.0,15.2,healthy,0.0
fault_injector_abnormality_1,648,1789812613.1580129,4718.9,127.75,736.92,4.3,104.51,0.067,20.48,14.11,20.91,75.0,1500.0,15.2,healthy,0.0
fault_injector_abnormality_1,649,1789812614.1580129,4713.9,127.61,738.9,4.3,104.53,0.0711,20.38,14.11,21.03,75.0,1500.0,15.2,healthy,0.0
fault_injector_abnormality_1,650,1789812615.1580129,4725.7,127.21,739.57,4.21,104.31,0.065,20.38,14.11,20.79,75.0,1500.0,15.2,healthy,0.0
fault_injector_abnormality_1,651,1789812616.1580129,4715.6,127.24,738.74,4.32,104.3,0.0662,20.37,14.11,20.48,75.0,1500.0,15.2,healthy,0.0
fault_injector_abnormality_1,652,1789812617.1580129,4704.4,127.01,737.83,4.27,104.28,0.0643,20.38,14.19,20.74,75.0,1500.0,15.2,healthy,0.0
fault_injector_abnormality_1,653,1789812618.1580129,4684.0,127.26,732.21,4.25,104.31,0.075,20.35,14.16,20.92,75.0,1500.0,15.2,healthy,0.0
fault_injector_abnormality_1,654,1789812619.1580129,4669.7,127.36,734.87,4.3,104.26,0.0733,20.23,14.17,21.06,75.0,1500.0,15.2,healthy,0.0
fault_injector_abnormality_1,655,1789812620.1580129,4679.4,127.7,737.31,4.33,104.28,0.0785,20.26,14.17,21.21,75.0,1500.0,15.2,healthy,0.0
fault_injector_abnormality_1,656,1789812621.1580129,4670.3,127.96,736.64,4.34,104.41,0.0753,20.18,14.21,21.48,75.0,1500.0,15.2,healthy,0.0
fault_injector_abnormality_1,657,1789812622.1580129,4685.1,127.85,733.22,4.45,104.48,0.0627,20.08,14.14,21.72,75.0,1500.0,15.2,healthy,0.0
fault_injector_abnormality_1,658,1789812623.1580129,4673.5,127.72,729.43,4.36,104.43,0.0754,20.12,14.07,21.72,75.0,1500.0,15.2,healthy,0.0
fault_injector_abnormality_1,659,1789812624.1580129,4669.2,128.04,733.05,4.39,104.37,0.0802,19.98,14.09,21.46,75.0,1500.0,15.2,healthy,0.0
fault_injector_abnormality_1,660,1789812625.1580129,4647.9,128.04,739.21,4.41,104.26,0.0776,20.1,14.07,21.64,75.0,1500.0,15.2,healthy,0.0
fault_injector_abnormality_1,661,1789812626.1580129,4639.3,127.71,737.24,4.42,104.35,0.0874,20.2,14.12,21.5,75.0,1500.0,15.2,healthy,0.0
fault_injector_abnormality_1,662,1789812627.1580129,4634.1,127.51,739.38,4.4,104.38,0.0816,20.28,14.17,21.27,75.0,1500.0,15.2,healthy,0.0
fault_injector_abnormality_1,663,1789812628.1580129,4653.6,127.86,742.54,4.42,104.42,0.0695,20.35,14.12,21.33,75.0,1500.0,15.2,healthy,0.0
fault_injector_abnormality_1,664,1789812629.1580129,4650.7,127.52,739.58,4.38,104.59,0.0736,20.36,14.2,20.93,75.0,1500.0,15.2,healthy,0.0
fault_injector_abnormality_1,665,1789812630.1580129,4633.5,127.3,742.58,4.5,104.57,0.0771,20.24,14.17,20.95,75.0,1500.0,15.2,healthy,0.0
fault_injector_abnormality_1,666,1789812631.1580129,4650.5,126.93,745.07,4.48,104.73,0.0675,20.36,14.23,20.89,75.0,1500.0,15.2,healthy,0.0
fault_injector_abnormality_1,667,1789812632.1580129,4663.1,126.93,741.83,4.43,104.78,0.0699,20.38,14.22,21.05,75.0,1500.0,15.2,healthy,0.0
fault_injector_abnormality_1,668,1789812633.1580129,4674.8,126.66,743.53,4.37,104.78,0.0733,20.22,14.13,20.68,75.0,1500.0,15.2,healthy,0.0
fault_injector_abnormality_1,669,1789812634.1580129,4716.6,126.99,747.26,4.39,104.75,0.0675,20.19,14.2,20.66,75.0,1500.0,15.2,healthy,0.0
fault_injector_abnormality_1,670,1789812635.1580129,4703.6,127.02,749.18,4.29,104.6,0.0791,20.11,14.14,20.89,75.0,1500.0,15.2,healthy,0.0
fault_injector_abnormality_1,671,1789812636.1580129,4722.8,127.23,748.32,4.24,104.66,0.0735,20.25,14.12,20.9,75.0,1500.0,15.2,healthy,0.0
fault_injector_abnormality_1,672,1789812637.1580129,4707.4,126.93,750.29,4.26,104.8,0.0775,20.34,14.16,21.19,75.0,1500.0,15.2,healthy,0.0
fault_injector_abnormality_1,673,1789812638.1580129,4683.3,126.75,749.09,4.31,104.8,0.0779,20.37,14.1,20.92,75.0,1500.0,15.2,healthy,0.0
fault_injector_abnormality_1,674,1789812639.1580129,4695.8,126.63,747.75,4.31,104.87,0.0767,20.56,14.07,20.78,75.0,1500.0,15.2,healthy,0.0
fault_injector_abnormality_1,675,1789812640.1580129,4690.6,126.68,747.31,4.32,104.81,0.0681,20.65,14.03,20.73,75.0,1500.0,15.2,healthy,0.0
fault_injector_abnormality_1,676,1789812641.1580129,4681.5,127.02,749.94,4.34,104.92,0.0711,20.38,13.98,21.3,75.0,1500.0,15.2,healthy,0.0
fault_injector_abnormality_1,677,1789812642.1580129,4681.7,127.14,745.05,4.31,104.82,0.0584,20.36,14.08,21.31,75.0,1500.0,15.2,healthy,0.0
fault_injector_abnormality_1,678,1789812643.1580129,4663.5,127.34,747.92,4.35,104.93,0.0636,20.09,14.07,21.22,75.0,1500.0,15.2,healthy,0.0
fault_injector_abnormality_1,679,1789812644.1580129,4668.4,127.12,744.59,4.3,105.0,0.0642,20.27,14.04,21.26,75.0,1500.0,15.2,healthy,0.0
fault_injector_abnormality_1,680,1789812645.1580129,4666.6,127.2,738.47,4.27,105.09,0.0708,20.37,14.09,21.15,75.0,1500.0,15.2,healthy,0.0
fault_injector_abnormality_1,681,1789812646.1580129,4669.7,127.2,735.85,4.3,105.02,0.0797,20.29,14.09,21.31,75.0,1500.0,15.2,healthy,0.0
fault_injector_abnormality_1,682,1789812647.1580129,4688.8,126.88,733.29,4.31,105.0,0.0749,20.16,13.96,21.26,75.0,1500.0,15.2,healthy,0.0
fault_injector_abnormality_1,683,1789812648.1580129,4686.7,126.45,739.26,4.35,105.05,0.0689,20.25,13.95,21.22,75.0,1500.0,15.2,healthy,0.0
fault_injector_abnormality_1,684,1789812649.1580129,4687.4,126.57,740.44,4.34,105.09,0.0732,20.31,13.98,21.04,75.0,1500.0,15.2,healthy,0.0
fault_injector_abnormality_1,685,1789812650.1580129,4674.5,126.26,740.89,4.41,104.87,0.075,20.24,14.06,20.85,75.0,1500.0,15.2,healthy,0.0
fault_injector_abnormality_1,686,1789812651.1580129,4686.7,126.02,737.03,4.4,104.98,0.0667,20.22,14.06,21.26,75.0,1500.0,15.2,healthy,0.0
fault_injector_abnormality_1,687,1789812652.1580129,4669.9,126.12,739.5,4.42,105.06,0.0728,20.37,14.04,20.68,75.0,1500.0,15.2,healthy,0.0
fault_injector_abnormality_1,688,1789812653.1580129,4677.0,126.02,745.99,4.43,105.15,0.0766,20.38,13.96,20.65,75.0,1500.0,15.2,healthy,0.0
fault_injector_abnormality_1,689,1789812654.1580129,4666.9,126.06,747.6,4.48,105.03,0.0774,20.17,13.97,21.0,75.0,1500.0,15.2,healthy,0.0
fault_injector_abnormality_1,690,1789812655.1580129,4668.4,126.08,747.93,4.36,105.02,0.0755,20.1,14.0,21.08,75.0,1500.0,15.2,healthy,0.0
fault_injector_abnormality_1,691,1789812656.1580129,4671.3,126.12,742.86,4.42,105.07,0.0716,20.02,14.01,21.15,75.0,1500.0,15.2,healthy,0.0
fault_injector_abnormality_1,692,1789812657.1580129,4678.0,125.88,746.03,4.35,105.0,0.0741,19.94,13.98,21.18,75.0,1500.0,15.2,healthy,0.0
fault_injector_abnormality_1,693,1789812658.1580129,4668.5,125.97,741.43,4.29,104.98,0.064,20.15,14.04,21.28,75.0,1500.0,15.2,healthy,0.0
fault_injector_abnormality_1,694,1789812659.1580129,4662.6,126.22,740.79,4.36,105.05,0.0643,20.17,14.04,21.16,75.0,1500.0,15.2,healthy,0.0
fault_injector_abnormality_1,695,1789812660.1580129,4658.4,126.12,741.41,4.33,104.97,0.0599,20.15,14.05,21.09,75.0,1500.0,15.2,healthy,0.0
fault_injector_abnormality_1,696,1789812661.1580129,4651.7,126.16,736.86,4.24,104.89,0.0761,20.07,14.07,21.04,75.0,1500.0,15.2,healthy,0.0
fault_injector_abnormality_1,697,1789812662.1580129,4685.5,126.12,732.7,4.34,104.98,0.0735,20.13,14.11,20.99,75.0,1500.0,15.2,healthy,0.0
fault_injector_abnormality_1,698,1789812663.1580129,4685.7,126.4,731.34,4.39,104.87,0.0705,20.09,14.1,21.53,75.0,1500.0,15.2,healthy,0.0
fault_injector_abnormality_1,699,1789812664.1580129,4697.1,126.43,735.12,4.36,104.85,0.0693,20.07,14.04,21.32,75.0,1500.0,15.2,healthy,0.0
fault_injector_abnormality_1,700,1789812665.1580129,4687.7,126.52,735.31,4.44,104.84,0.0754,20.21,14.07,21.01,75.0,1500.0,15.2,healthy,0.0
fault_injector_abnormality_1,701,1789812666.1580129,4704.2,126.35,734.63,4.36,104.84,0.0787,20.12,14.1,21.35,75.0,1500.0,15.2,healthy,0.0
fault_injector_abnormality_1,702,1789812667.1580129,4701.0,126.32,733.92,4.42,104.88,0.0794,19.98,14.13,21.67,75.0,1500.0,15.2,healthy,0.0
fault_injector_abnormality_1,703,1789812668.1580129,4693.9,126.28,737.39,4.3,104.95,0.0769,20.07,14.21,21.4,75.0,1500.0,15.2,healthy,0.0
fault_injector_abnormality_1,704,1789812669.1580129,4708.0,126.03,731.68,4.33,105.01,0.0722,20.0,14.24,21.1,75.0,1500.0,15.2,healthy,0.0
fault_injector_abnormality_1,705,1789812670.1580129,4725.8,126.01,735.17,4.33,104.91,0.077,20.0,14.26,21.03,75.0,1500.0,15.2,healthy,0.0
fault_injector_abnormality_1,706,1789812671.1580129,4724.7,125.8,738.54,4.24,104.89,0.0723,19.89,14.27,20.85,75.0,1500.0,15.2,healthy,0.0
fault_injector_abnormality_1,707,1789812672.1580129,4725.2,125.97,736.0,4.26,104.97,0.0743,19.71,14.3,20.62,75.0,1500.0,15.2,healthy,0.0
fault_injector_abnormality_1,708,1789812673.1580129,4716.7,126.13,733.81,4.22,104.89,0.0704,19.79,14.22,20.91,75.0,1500.0,15.2,healthy,0.0
fault_injector_abnormality_1,709,1789812674.1580129,4727.8,126.03,739.69,4.26,104.77,0.0727,19.88,14.16,21.32,75.0,1500.0,15.2,healthy,0.0
fault_injector_abnormality_1,710,1789812675.1580129,4726.2,125.94,734.17,4.34,104.7,0.0797,20.04,14.11,21.14,75.0,1500.0,15.2,healthy,0.0
fault_injector_abnormality_1,711,1789812676.1580129,4743.4,126.12,732.0,4.4,104.58,0.0802,20.07,14.12,20.99,75.0,1500.0,15.2,healthy,0.0
fault_injector_abnormality_1,712,1789812677.1580129,4761.3,126.06,733.71,4.39,104.73,0.089,20.06,14.04,21.14,75.0,1500.0,15.2,healthy,0.0
fault_injector_abnormality_1,713,1789812678.1580129,4739.2,126.1,732.61,4.42,104.7,0.0797,20.03,14.03,21.14,75.0,1500.0,15.2,healthy,0.0
fault_injector_abnormality_1,714,1789812679.1580129,4737.9,126.31,735.56,4.43,104.7,0.0871,19.98,14.03,21.17,75.0,1500.0,15.2,healthy,0.0
fault_injector_abnormality_1,715,1789812680.1580129,4725.0,126.1,735.96,4.38,104.7,0.0785,20.09,14.05,21.18,75.0,1500.0,15.2,healthy,0.0
fault_injector_abnormality_1,716,1789812681.1580129,4729.3,125.84,737.35,4.33,104.67,0.0751,20.15,14.05,21.41,75.0,1500.0,15.2,healthy,0.0
fault_injector_abnormality_1,717,1789812682.1580129,4743.7,125.55,734.47,4.28,104.61,0.0724,20.07,14.03,21.44,75.0,1500.0,15.2,healthy,0.0
fault_injector_abnormality_1,718,1789812683.1580129,4723.0,125.88,733.87,4.31,104.75,0.0747,20.06,14.1,21.44,75.0,1500.0,15.2,healthy,0.0
fault_injector_abnormality_1,719,1789812684.1580129,4712.0,126.22,737.44,4.23,104.77,0.0742,20.12,14.17,21.27,75.0,1500.0,15.2,healthy,0.0
fault_injector_abnormality_1,720,1789812685.1580129,4714.0,126.27,739.47,4.17,104.68,0.0708,19.96,14.2,21.0,75.0,1500.0,15.2,healthy,0.0
fault_injector_abnormality_1,721,1789812686.1580129,4699.4,126.4,740.04,4.25,104.83,0.077,20.04,14.16,21.09,75.0,1500.0,15.2,healthy,0.0
fault_injector_abnormality_1,722,1789812687.1580129,4707.2,126.37,742.03,4.21,104.91,0.07,20.02,14.14,21.08,75.0,1500.0,15.2,healthy,0.0
fault_injector_abnormality_1,723,1789812688.1580129,4696.6,126.39,742.58,4.34,104.85,0.0683,19.94,14.15,20.85,75.0,1500.0,15.2,healthy,0.0
fault_injector_abnormality_1,724,1789812689.1580129,4706.1,126.77,735.62,4.38,104.74,0.0661,20.03,14.18,20.78,75.0,1500.0,15.2,healthy,0.0
fault_injector_abnormality_1,725,1789812690.1580129,4710.8,126.79,739.19,4.31,104.53,0.0642,20.05,14.22,21.02,75.0,1500.0,15.2,healthy,0.0
fault_injector_abnormality_1,726,1789812691.1580129,4716.7,126.58,741.83,4.28,104.63,0.0698,20.01,14.19,21.08,75.0,1500.0,15.2,healthy,0.0
fault_injector_abnormality_1,727,1789812692.1580129,4725.6,126.42,743.03,4.28,104.57,0.0748,20.05,14.25,21.26,75.0,1500.0,15.2,healthy,0.0
fault_injector_abnormality_1,728,1789812693.1580129,4706.8,126.54,750.5,4.25,104.41,0.0675,20.12,14.28,21.17,75.0,1500.0,15.2,healthy,0.0
fault_injector_abnormality_1,729,1789812694.1580129,4696.9,126.29,751.92,4.29,104.38,0.0715,20.13,14.31,21.08,75.0,1500.0,15.2,healthy,0.0
fault_injector_abnormality_1,730,1789812695.1580129,4684.4,125.93,751.87,4.28,104.19,0.0742,20.2,14.36,21.07,75.0,1500.0,15.2,healthy,0.0
fault_injector_abnormality_1,731,1789812696.1580129,4642.2,126.03,749.43,4.3,104.22,0.0673,20.3,14.34,21.19,75.0,1500.0,15.2,healthy,0.0
fault_injector_abnormality_1,732,1789812697.1580129,4643.7,125.89,747.22,4.34,104.07,0.0634,20.37,14.35,21.12,75.0,1500.0,15.2,healthy,0.0
fault_injector_abnormality_1,733,1789812698.1580129,4648.3,126.14,745.24,4.27,104.14,0.0693,20.26,14.31,21.2,75.0,1500.0,15.2,healthy,0.0
fault_injector_abnormality_1,734,1789812699.1580129,4677.7,126.17,750.52,4.3,104.24,0.0717,20.26,14.34,21.29,75.0,1500.0,15.2,healthy,0.0
fault_injector_abnormality_1,735,1789812700.1580129,4684.6,126.22,748.65,4.31,104.13,0.0713,20.29,14.34,21.12,75.0,1500.0,15.2,healthy,0.0
fault_injector_abnormality_1,736,1789812701.1580129,4647.5,126.37,748.25,4.34,104.26,0.0678,20.33,14.36,21.25,75.0,1500.0,15.2,healthy,0.0
fault_injector_abnormality_1,737,1789812702.1580129,4661.9,126.56,747.66,4.34,104.2,0.0682,20.32,14.35,21.38,75.0,1500.0,15.2,healthy,0.0
fault_injector_abnormality_1,738,1789812703.1580129,4661.8,126.48,743.34,4.31,103.89,0.0741,20.47,14.33,21.26,75.0,1500.0,15.2,healthy,0.0
fault_injector_abnormality_1,739,1789812704.1580129,4671.2,126.49,740.18,4.27,104.03,0.074,20.55,14.23,21.5,75.0,1500.0,15.2,healthy,0.0
fault_injector_abnormality_1,740,1789812705.1580129,4701.1,126.14,735.33,4.38,104.15,0.0789,20.58,14.26,21.34,75.0,1500.0,15.2,healthy,0.0
fault_injector_abnormality_1,741,1789812706.1580129,4718.4,126.57,738.53,4.28,104.2,0.0729,20.53,14.33,21.35,75.0,1500.0,15.2,healthy,0.0
fault_injector_abnormality_1,742,1789812707.1580129,4740.6,126.18,735.83,4.26,104.2,0.0835,20.42,14.27,21.53,75.0,1500.0,15.2,healthy,0.0
fault_injector_abnormality_1,743,1789812708.1580129,4734.3,125.95,738.96,4.23,104.27,0.0782,20.23,14.28,21.46,75.0,1500.0,15.2,healthy,0.0
fault_injector_abnormality_1,744,1789812709.1580129,4773.0,125.95,741.23,4.27,104.4,0.0665,20.11,14.24,21.59,75.0,1500.0,15.2,healthy,0.0
fault_injector_abnormality_1,745,1789812710.1580129,4764.5,126.04,738.39,4.35,104.18,0.0716,20.3,14.21,21.35,75.0,1500.0,15.2,healthy,0.0
fault_injector_abnormality_1,746,1789812711.1580129,4762.8,126.16,742.16,4.42,104.06,0.0714,20.16,14.2,21.48,75.0,1500.0,15.2,healthy,0.0
fault_injector_abnormality_1,747,1789812712.1580129,4741.1,126.17,739.36,4.33,104.16,0.059,20.2,14.22,21.43,75.0,1500.0,15.2,healthy,0.0
fault_injector_abnormality_1,748,1789812713.1580129,4721.4,126.07,740.27,4.31,104.1,0.0626,20.35,14.17,21.35,75.0,1500.0,15.2,healthy,0.0
fault_injector_abnormality_1,749,1789812714.1580129,4692.6,126.11,738.51,4.24,104.11,0.0667,20.24,14.08,21.34,75.0,1500.0,15.2,healthy,0.0
fault_injector_abnormality_1,750,1789812715.1580129,4689.7,126.2,737.54,4.21,103.98,0.0639,19.95,14.0,21.29,75.0,1500.0,15.2,healthy,0.0
fault_injector_abnormality_1,751,1789812716.1580129,4695.3,126.26,739.57,4.33,104.0,0.0758,20.17,14.05,21.41,75.0,1500.0,15.2,healthy,0.0
fault_injector_abnormality_1,752,1789812717.1580129,4676.0,126.25,736.11,4.21,104.08,0.0806,20.24,14.01,21.08,75.0,1500.0,15.2,healthy,0.0
fault_injector_abnormality_1,753,1789812718.1580129,4716.4,126.15,733.7,4.32,104.08,0.0857,20.16,14.14,20.87,75.0,1500.0,15.2,healthy,0.0
fault_injector_abnormality_1,754,1789812719.1580129,4720.8,126.31,740.41,4.3,104.28,0.0726,20.29,14.19,21.32,75.0,1500.0,15.2,healthy,0.0
fault_injector_abnormality_1,755,1789812720.1580129,4724.8,126.33,737.31,4.26,104.22,0.0742,20.46,14.2,21.72,75.0,1500.0,15.2,healthy,0.0
fault_injector_abnormality_1,756,1789812721.1580129,4734.1,126.24,736.84,4.2,104.29,0.0616,20.34,14.21,21.68,75.0,1500.0,15.2,healthy,0.0
fault_injector_abnormality_1,757,1789812722.1580129,4706.4,126.12,736.41,4.21,104.28,0.0654,20.41,14.19,21.36,75.0,1500.0,15.2,healthy,0.0
fault_injector_abnormality_1,758,1789812723.1580129,4691.6,126.16,736.42,4.28,104.33,0.0597,20.31,14.15,21.51,75.0,1500.0,15.2,healthy,0.0
fault_injector_abnormality_1,759,1789812724.1580129,4686.7,125.98,735.95,4.3,104.44,0.067,20.38,14.18,21.57,75.0,1500.0,15.2,healthy,0.0
fault_injector_abnormality_1,760,1789812725.1580129,4679.9,126.06,734.04,4.33,104.29,0.0643,20.32,14.17,21.44,75.0,1500.0,15.2,healthy,0.0
fault_injector_abnormality_1,761,1789812726.1580129,4710.3,126.28,739.71,4.24,104.31,0.0676,20.38,14.12,21.25,75.0,1500.0,15.2,healthy,0.0
fault_injector_abnormality_1,762,1789812727.1580129,4707.9,126.52,736.27,4.27,104.41,0.0719,20.15,14.11,21.03,75.0,1500.0,15.2,healthy,0.0
fault_injector_abnormality_1,763,1789812728.1580129,4712.6,126.5,738.8,4.31,104.17,0.0753,20.16,14.13,21.37,75.0,1500.0,15.2,healthy,0.0
fault_injector_abnormality_1,764,1789812729.1580129,4721.0,126.62,734.94,4.34,104.13,0.084,19.99,14.14,21.11,75.0,1500.0,15.2,healthy,0.0
fault_injector_abnormality_1,765,1789812730.1580129,4739.7,126.64,734.3,4.33,104.22,0.081,20.14,14.14,20.87,75.0,1500.0,15.2,healthy,0.0
fault_injector_abnormality_1,766,1789812731.1580129,4723.3,126.26,733.08,4.3,104.1,0.0805,20.0,14.12,20.97,75.0,1500.0,15.2,healthy,0.0
fault_injector_abnormality_1,767,1789812732.1580129,4695.5,126.54,736.77,4.31,104.02,0.0805,19.95,14.12,21.08,75.0,1500.0,15.2,healthy,0.0
fault_injector_abnormality_1,768,1789812733.1580129,4707.5,126.35,738.62,4.29,104.13,0.0782,19.97,14.07,21.33,75.0,1500.0,15.2,healthy,0.0
fault_injector_abnormality_1,769,1789812734.1580129,4723.6,126.59,738.92,4.32,104.19,0.0792,19.78,14.14,21.04,75.0,1500.0,15.2,healthy,0.0
fault_injector_abnormality_1,770,1789812735.1580129,4717.6,126.22,736.69,4.32,104.13,0.0768,19.85,14.25,21.04,75.0,1500.0,15.2,healthy,0.0
fault_injector_abnormality_1,771,1789812736.1580129,4713.9,126.13,736.03,4.41,104.18,0.0787,19.97,14.31,21.29,75.0,1500.0,15.2,healthy,0.0
fault_injector_abnormality_1,772,1789812737.1580129,4720.6,126.28,739.78,4.46,104.15,0.0712,20.06,14.29,20.89,75.0,1500.0,15.2,healthy,0.0
fault_injector_abnormality_1,773,1789812738.1580129,4725.5,126.39,742.11,4.42,104.17,0.0751,20.2,14.26,21.4,75.0,1500.0,15.2,healthy,0.0
fault_injector_abnormality_1,774,1789812739.1580129,4729.6,126.59,741.99,4.34,104.35,0.0774,20.2,14.15,21.03,75.0,1500.0,15.2,healthy,0.0
fault_injector_abnormality_1,775,1789812740.1580129,4749.4,126.85,737.36,4.26,104.15,0.07,20.2,14.09,21.4,75.0,1500.0,15.2,healthy,0.0
fault_injector_abnormality_1,776,1789812741.1580129,4743.5,126.93,732.27,4.28,104.19,0.073,20.11,14.11,21.07,75.0,1500.0,15.2,healthy,0.0
fault_injector_abnormality_1,777,1789812742.1580129,4738.6,127.15,731.67,4.33,104.26,0.0714,20.23,14.12,21.48,75.0,1500.0,15.2,healthy,0.0
fault_injector_abnormality_1,778,1789812743.1580129,4754.5,127.34,731.0,4.34,104.32,0.07,20.34,14.1,21.75,75.0,1500.0,15.2,healthy,0.0
fault_injector_abnormality_1,779,1789812744.1580129,4768.7,127.03,732.4,4.29,104.14,0.071,20.41,14.05,21.42,75.0,1500.0,15.2,healthy,0.0
fault_injector_abnormality_1,780,1789812745.1580129,4770.4,126.67,725.39,4.25,104.18,0.076,20.18,14.08,21.26,75.0,1500.0,15.2,healthy,0.0
fault_injector_abnormality_1,781,1789812746.1580129,4772.6,126.67,728.55,4.19,104.11,0.0791,20.23,14.09,21.36,75.0,1500.0,15.2,healthy,0.0
fault_injector_abnormality_1,782,1789812747.1580129,4762.6,126.82,736.77,4.19,104.23,0.0812,20.3,14.16,21.19,75.0,1500.0,15.2,healthy,0.0
fault_injector_abnormality_1,783,1789812748.1580129,4761.5,126.77,737.29,4.26,104.42,0.0757,20.5,14.13,21.44,75.0,1500.0,15.2,healthy,0.0
fault_injector_abnormality_1,784,1789812749.1580129,4744.7,126.74,736.38,4.31,104.32,0.078,20.5,14.18,21.28,75.0,1500.0,15.2,healthy,0.0
fault_injector_abnormality_1,785,1789812750.1580129,4734.2,126.82,739.65,4.25,104.37,0.069,20.53,14.18,21.08,75.0,1500.0,15.2,healthy,0.0
fault_injector_abnormality_1,786,1789812751.1580129,4740.5,126.82,743.19,4.24,104.38,0.0707,20.49,14.16,21.05,75.0,1500.0,15.2,healthy,0.0
fault_injector_abnormality_1,787,1789812752.1580129,4700.1,126.68,745.55,4.28,104.29,0.0783,20.6,14.26,20.98,75.0,1500.0,15.2,healthy,0.0
fault_injector_abnormality_1,788,1789812753.1580129,4684.3,126.39,746.94,4.27,104.27,0.0808,20.48,14.27,20.91,75.0,1500.0,15.2,healthy,0.0
fault_injector_abnormality_1,789,1789812754.1580129,4678.4,126.14,750.45,4.32,104.1,0.0744,20.41,14.28,20.94,75.0,1500.0,15.2,healthy,0.0
fault_injector_abnormality_1,790,1789812755.1580129,4659.6,126.04,749.3,4.33,104.0,0.0661,20.37,14.25,21.19,75.0,1500.0,15.2,healthy,0.0
fault_injector_abnormality_1,791,1789812756.1580129,4694.8,126.32,746.32,4.29,103.91,0.0687,20.42,14.23,21.19,75.0,1500.0,15.2,healthy,0.0
fault_injector_abnormality_1,792,1789812757.1580129,4688.9,126.15,741.47,4.23,104.04,0.066,20.31,14.16,21.25,75.0,1500.0,15.2,healthy,0.0
fault_injector_abnormality_1,793,1789812758.1580129,4693.5,126.17,744.27,4.27,104.11,0.0694,20.31,14.19,21.41,75.0,1500.0,15.2,healthy,0.0
fault_injector_abnormality_1,794,1789812759.1580129,4676.3,126.19,743.96,4.24,104.24,0.0784,20.35,14.2,21.19,75.0,1500.0,15.2,healthy,0.0
fault_injector_abnormality_1,795,1789812760.1580129,4666.3,126.32,745.13,4.27,104.23,0.0759,20.34,14.17,21.17,75.0,1500.0,15.2,healthy,0.0
fault_injector_abnormality_1,796,1789812761.1580129,4682.6,126.05,749.18,4.33,104.19,0.0668,20.14,14.2,21.3,75.0,1500.0,15.2,healthy,0.0
fault_injector_abnormality_1,797,1789812762.1580129,4683.6,125.93,746.34,4.39,104.2,0.0619,20.24,14.11,21.05,75.0,1500.0,15.2,healthy,0.0
fault_injector_abnormality_1,798,1789812763.1580129,4682.1,125.7,747.11,4.32,104.22,0.0575,20.16,14.09,21.01,75.0,1500.0,15.2,healthy,0.0
fault_injector_abnormality_1,799,1789812764.1580129,4696.7,126.08,748.21,4.36,104.26,0.0599,20.08,14.08,20.94,75.0,1500.0,15.2,healthy,0.0
fault_injector_abnormality_1,800,1789812765.1580129,4692.5,126.11,749.72,4.4,104.24,0.0596,20.02,14.08,21.36,75.0,1500.0,15.2,healthy,0.0
fault_injector_abnormality_1,801,1789812766.1580129,4687.3,126.16,750.38,4.51,104.26,0.0667,19.99,14.14,21.19,75.0,1500.0,15.2,healthy,0.0
fault_injector_abnormality_1,802,1789812767.1580129,4696.3,126.11,750.69,4.5,104.21,0.0757,20.06,14.17,21.49,75.0,1500.0,15.2,healthy,0.0
fault_injector_abnormality_1,803,1789812768.1580129,4696.3,126.86,748.47,4.43,104.21,0.0699,20.12,14.21,20.52,75.0,1500.0,15.2,healthy,0.0
fault_injector_abnormality_1,804,1789812769.1580129,4687.8,126.91,751.06,4.41,104.22,0.0751,20.22,14.08,20.9,75.0,1500.0,15.2,healthy,0.0
fault_injector_abnormality_1,805,1789812770.1580129,4679.0,126.98,750.15,4.39,104.03,0.0686,20.18,14.04,20.79,75.0,1500.0,15.2,healthy,0.0
fault_injector_abnormality_1,806,1789812771.1580129,4689.6,126.95,748.57,4.31,104.11,0.0603,20.32,14.04,21.14,75.0,1500.0,15.2,healthy,0.0
fault_injector_abnormality_1,807,1789812772.1580129,4705.9,126.93,749.38,4.17,104.21,0.0576,20.33,13.97,21.21,75.0,1500.0,15.2,healthy,0.0
fault_injector_abnormality_1,808,1789812773.1580129,4703.0,126.75,748.82,4.19,104.33,0.0634,20.28,14.02,21.19,75.0,1500.0,15.2,healthy,0.0
fault_injector_abnormality_1,809,1789812774.1580129,4713.3,126.63,745.23,4.25,104.32,0.0657,20.15,14.04,21.24,75.0,1500.0,15.2,healthy,0.0
fault_injector_abnormality_1,810,1789812775.1580129,4696.0,126.5,751.04,4.23,104.38,0.0675,20.28,14.06,21.21,75.0,1500.0,15.2,healthy,0.0
fault_injector_abnormality_1,811,1789812776.1580129,4711.8,126.48,756.52,4.33,104.18,0.0689,20.46,13.99,21.49,75.0,1500.0,15.2,healthy,0.0
fault_injector_abnormality_1,812,1789812777.1580129,4700.0,126.46,751.02,4.36,104.21,0.0704,20.27,14.0,21.36,75.0,1500.0,15.2,healthy,0.0
fault_injector_abnormality_1,813,1789812778.1580129,4698.6,126.67,749.58,4.47,104.33,0.0665,20.39,13.99,21.06,75.0,1500.0,15.2,healthy,0.0
fault_injector_abnormality_1,814,1789812779.1580129,4700.1,126.69,745.51,4.45,104.36,0.0735,20.48,14.05,21.21,75.0,1500.0,15.2,healthy,0.0
fault_injector_abnormality_1,815,1789812780.1580129,4716.1,126.64,743.5,4.39,104.32,0.073,20.36,14.05,21.24,75.0,1500.0,15.2,healthy,0.0
fault_injector_abnormality_1,816,1789812781.1580129,4708.5,126.63,743.11,4.42,104.12,0.0682,20.56,14.04,21.34,75.0,1500.0,15.2,healthy,0.0
fault_injector_abnormality_1,817,1789812782.1580129,4713.5,126.44,742.58,4.39,104.13,0.0724,20.67,13.99,21.31,75.0,1500.0,15.2,healthy,0.0
fault_injector_abnormality_1,818,1789812783.1580129,4701.7,126.77,742.1,4.41,104.06,0.0783,20.6,13.99,21.26,75.0,1500.0,15.2,healthy,0.0
fault_injector_abnormality_1,819,1789812784.1580129,4696.9,126.87,742.77,4.49,104.12,0.0721,20.44,13.95,20.96,75.0,1500.0,15.2,healthy,0.0
fault_injector_abnormality_1,820,1789812785.1580129,4715.0,126.77,739.29,4.47,104.01,0.0712,20.37,13.86,21.16,75.0,1500.0,15.2,healthy,0.0
fault_injector_abnormality_1,821,1789812786.1580129,4657.7,127.03,734.67,4.35,104.05,0.0764,20.48,13.86,21.22,75.0,1500.0,15.2,healthy,0.0
fault_injector_abnormality_1,822,1789812787.1580129,4655.1,127.45,736.76,4.34,104.13,0.0755,20.34,13.83,21.42,75.0,1500.0,15.2,healthy,0.0
fault_injector_abnormality_1,823,1789812788.1580129,4638.0,127.27,736.56,4.32,104.23,0.0808,20.28,13.85,21.33,75.0,1500.0,15.2,healthy,0.0
fault_injector_abnormality_1,824,1789812789.1580129,4626.3,127.56,735.43,4.38,104.23,0.0775,20.19,13.88,21.25,75.0,1500.0,15.2,healthy,0.0
fault_injector_abnormality_1,825,1789812790.1580129,4657.5,127.24,738.75,4.43,104.23,0.0706,20.1,13.92,21.31,75.0,1500.0,15.2,healthy,0.0
fault_injector_abnormality_1,826,1789812791.1580129,4671.9,127.17,743.04,4.48,104.15,0.0598,19.97,13.9,21.38,75.0,1500.0,15.2,healthy,0.0
fault_injector_abnormality_1,827,1789812792.1580129,4682.8,126.85,743.26,4.39,104.2,0.0656,19.86,13.95,21.23,75.0,1500.0,15.2,healthy,0.0
fault_injector_abnormality_1,828,1789812793.1580129,4662.7,127.0,744.3,4.39,104.26,0.0711,19.97,13.92,21.06,75.0,1500.0,15.2,healthy,0.0
fault_injector_abnormality_1,829,1789812794.1580129,4644.0,127.03,744.74,4.39,104.21,0.0734,20.01,13.92,21.07,75.0,1500.0,15.2,healthy,0.0
fault_injector_abnormality_1,830,1789812795.1580129,4664.4,126.88,744.96,4.42,104.32,0.069,20.16,13.98,21.27,75.0,1500.0,15.2,healthy,0.0
fault_injector_abnormality_1,831,1789812796.1580129,4676.8,127.25,749.91,4.42,104.41,0.0615,20.35,13.93,21.37,75.0,1500.0,15.2,healthy,0.0
fault_injector_abnormality_1,832,1789812797.1580129,4695.4,126.97,752.33,4.33,104.24,0.0624,20.4,14.0,21.03,75.0,1500.0,15.2,healthy,0.0
fault_injector_abnormality_1,833,1789812798.1580129,4670.5,126.71,746.18,4.38,104.27,0.0557,20.33,14.02,21.11,75.0,1500.0,15.2,healthy,0.0
fault_injector_abnormality_1,834,1789812799.1580129,4674.7,126.36,742.47,4.36,104.38,0.0635,20.43,14.02,21.14,75.0,1500.0,15.2,healthy,0.0
fault_injector_abnormality_1,835,1789812800.1580129,4680.4,126.43,743.37,4.38,104.41,0.0706,20.53,14.1,21.44,75.0,1500.0,15.2,healthy,0.0
fault_injector_abnormality_1,836,1789812801.1580129,4686.8,126.33,745.42,4.38,104.51,0.0721,20.56,14.07,21.36,75.0,1500.0,15.2,healthy,0.0
fault_injector_abnormality_1,837,1789812802.1580129,4678.7,126.37,742.64,4.37,104.36,0.0742,20.59,14.13,21.48,75.0,1500.0,15.2,healthy,0.0
fault_injector_abnormality_1,838,1789812803.1580129,4697.5,126.41,747.7,4.39,104.24,0.0617,20.46,14.24,21.0,75.0,1500.0,15.2,healthy,0.0
fault_injector_abnormality_1,839,1789812804.1580129,4690.7,126.43,753.84,4.32,104.25,0.0725,20.39,14.26,20.94,75.0,1500.0,15.2,healthy,0.0
fault_injector_abnormality_1,840,1789812805.1580129,4689.4,126.16,753.47,4.4,104.15,0.0791,20.35,14.35,21.22,75.0,1500.0,15.2,healthy,0.0
fault_injector_abnormality_1,841,1789812806.1580129,4690.4,126.31,749.46,4.36,104.18,0.0708,20.31,14.46,21.05,75.0,1500.0,15.2,healthy,0.0
fault_injector_abnormality_1,842,1789812807.1580129,4719.1,126.76,747.64,4.43,104.24,0.0813,20.24,14.54,21.4,75.0,1500.0,15.2,healthy,0.0
fault_injector_abnormality_1,843,1789812808.1580129,4722.4,126.64,746.23,4.38,104.37,0.0777,20.3,14.45,21.4,75.0,1500.0,15.2,healthy,0.0
fault_injector_abnormality_1,844,1789812809.1580129,4693.1,126.59,749.03,4.38,104.45,0.0726,20.14,14.49,21.31,75.0,1500.0,15.2,healthy,0.0
fault_injector_abnormality_1,845,1789812810.1580129,4696.1,126.7,745.35,4.41,104.33,0.0888,20.07,14.48,21.91,75.0,1500.0,15.2,healthy,0.0
fault_injector_abnormality_1,846,1789812811.1580129,4703.3,126.24,747.01,4.36,104.34,0.0895,20.26,14.4,21.22,75.0,1500.0,15.2,healthy,0.0
fault_injector_abnormality_1,847,1789812812.1580129,4714.5,126.32,748.03,4.27,104.28,0.0832,20.16,14.38,21.19,75.0,1500.0,15.2,healthy,0.0
fault_injector_abnormality_1,848,1789812813.1580129,4717.2,126.5,744.31,4.26,104.26,0.0785,20.17,14.29,21.17,75.0,1500.0,15.2,healthy,0.0
fault_injector_abnormality_1,849,1789812814.1580129,4695.3,126.35,743.71,4.21,104.13,0.0701,19.95,14.27,20.87,75.0,1500.0,15.2,healthy,0.0
fault_injector_abnormality_1,850,1789812815.1580129,4728.5,126.35,742.06,4.21,104.1,0.062,20.01,14.29,20.98,75.0,1500.0,15.2,healthy,0.0
fault_injector_abnormality_1,851,1789812816.1580129,4723.5,126.6,738.21,4.38,104.41,0.0602,20.08,14.28,21.26,75.0,1500.0,15.2,healthy,0.0
fault_injector_abnormality_1,852,1789812817.1580129,4708.3,126.63,739.99,4.37,104.42,0.0664,20.27,14.34,21.08,75.0,1500.0,15.2,healthy,0.0
fault_injector_abnormality_1,853,1789812818.1580129,4701.6,126.61,741.53,4.35,104.49,0.0679,20.19,14.32,21.19,75.0,1500.0,15.2,healthy,0.0
fault_injector_abnormality_1,854,1789812819.1580129,4689.8,126.96,739.45,4.39,104.35,0.0635,20.34,14.3,20.92,75.0,1500.0,15.2,healthy,0.0
fault_injector_abnormality_1,855,1789812820.1580129,4681.5,126.88,743.47,4.36,104.33,0.0637,20.49,14.16,20.84,75.0,1500.0,15.2,healthy,0.0
fault_injector_abnormality_1,856,1789812821.1580129,4674.4,126.4,740.82,4.31,104.41,0.0686,20.39,14.24,21.3,75.0,1500.0,15.2,healthy,0.0
fault_injector_abnormality_1,857,1789812822.1580129,4705.0,126.22,739.05,4.35,104.21,0.0711,20.33,14.17,21.37,75.0,1500.0,15.2,healthy,0.0
fault_injector_abnormality_1,858,1789812823.1580129,4709.7,126.15,730.0,4.3,104.23,0.077,20.24,14.23,21.42,75.0,1500.0,15.2,healthy,0.0
fault_injector_abnormality_1,859,1789812824.1580129,4699.3,126.23,732.74,4.35,104.17,0.0816,20.12,14.15,21.43,75.0,1500.0,15.2,healthy,0.0
fault_injector_abnormality_1,860,1789812825.1580129,4695.3,126.0,736.16,4.29,104.26,0.0856,20.03,14.11,21.64,75.0,1500.0,15.2,healthy,0.0
fault_injector_abnormality_1,861,1789812826.1580129,4703.4,125.83,735.08,4.3,104.26,0.0847,19.89,14.2,21.45,75.0,1500.0,15.2,healthy,0.0
fault_injector_abnormality_1,862,1789812827.1580129,4712.2,126.04,731.72,4.37,104.31,0.0778,20.01,14.25,21.48,75.0,1500.0,15.2,healthy,0.0
fault_injector_abnormality_1,863,1789812828.1580129,4687.9,125.94,740.21,4.42,104.36,0.0744,20.07,14.26,21.71,75.0,1500.0,15.2,healthy,0.0
fault_injector_abnormality_1,864,1789812829.1580129,4653.0,125.96,738.89,4.37,104.18,0.0765,19.94,14.25,21.31,75.0,1500.0,15.2,healthy,0.0
fault_injector_abnormality_1,865,1789812830.1580129,4644.4,125.68,739.13,4.35,104.23,0.0828,19.9,14.24,21.17,75.0,1500.0,15.2,healthy,0.0
fault_injector_abnormality_1,866,1789812831.1580129,4650.9,125.74,746.11,4.38,104.36,0.076,19.91,14.28,20.91,75.0,1500.0,15.2,healthy,0.0
fault_injector_abnormality_1,867,1789812832.1580129,4668.4,125.83,750.26,4.35,104.32,0.0778,20.02,14.23,20.74,75.0,1500.0,15.2,healthy,0.0
fault_injector_abnormality_1,868,1789812833.1580129,4653.5,125.49,748.54,4.39,104.17,0.0715,20.16,14.23,21.34,75.0,1500.0,15.2,healthy,0.0
fault_injector_abnormality_1,869,1789812834.1580129,4652.3,125.4,746.08,4.38,104.21,0.077,20.25,14.15,21.12,75.0,1500.0,15.2,healthy,0.0
fault_injector_abnormality_1,870,1789812835.1580129,4648.6,125.81,747.73,4.33,104.11,0.0702,20.27,14.17,20.98,75.0,1500.0,15.2,healthy,0.0
fault_injector_abnormality_1,871,1789812836.1580129,4667.1,125.97,750.78,4.47,103.81,0.072,20.13,14.11,20.99,75.0,1500.0,15.2,healthy,0.0
fault_injector_abnormality_1,872,1789812837.1580129,4679.8,125.81,744.26,4.4,103.96,0.0678,20.2,14.13,21.02,75.0,1500.0,15.2,healthy,0.0
fault_injector_abnormality_1,873,1789812838.1580129,4670.9,125.45,745.72,4.43,103.91,0.067,20.21,14.11,21.09,75.0,1500.0,15.2,healthy,0.0
fault_injector_abnormality_1,874,1789812839.1580129,4661.8,125.7,742.91,4.37,104.02,0.0742,19.94,14.11,20.83,75.0,1500.0,15.2,healthy,0.0
fault_injector_abnormality_1,875,1789812840.1580129,4669.1,125.76,745.3,4.38,103.99,0.0744,19.89,14.21,21.24,75.0,1500.0,15.2,healthy,0.0
fault_injector_abnormality_1,876,1789812841.1580129,4691.4,126.15,741.82,4.33,103.96,0.0644,19.91,14.3,21.09,75.0,1500.0,15.2,healthy,0.0
fault_injector_abnormality_1,877,1789812842.1580129,4699.7,126.17,744.41,4.33,104.05,0.064,19.9,14.3,21.32,75.0,1500.0,15.2,healthy,0.0
fault_injector_abnormality_1,878,1789812843.1580129,4688.2,126.17,744.22,4.35,104.01,0.0661,19.94,14.28,20.92,75.0,1500.0,15.2,healthy,0.0
fault_injector_abnormality_1,879,1789812844.1580129,4679.5,126.15,745.7,4.4,103.97,0.0626,19.88,14.27,21.04,75.0,1500.0,15.2,healthy,0.0
fault_injector_abnormality_1,880,1789812845.1580129,4705.1,126.17,745.88,4.35,103.92,0.0573,20.09,14.32,20.6,75.0,1500.0,15.2,healthy,0.0
fault_injector_abnormality_1,881,1789812846.1580129,4706.8,126.26,745.78,4.34,103.9,0.0686,19.99,14.29,21.06,75.0,1500.0,15.2,healthy,0.0
fault_injector_abnormality_1,882,1789812847.1580129,4719.8,126.18,743.32,4.31,103.89,0.0637,20.09,14.34,21.49,75.0,1500.0,15.2,healthy,0.0
fault_injector_abnormality_1,883,1789812848.1580129,4730.3,125.87,744.5,4.35,103.8,0.0671,20.16,14.32,21.41,75.0,1500.0,15.2,healthy,0.0
fault_injector_abnormality_1,884,1789812849.1580129,4739.7,125.97,743.41,4.34,103.75,0.0653,20.02,14.34,21.24,75.0,1500.0,15.2,healthy,0.0
fault_injector_abnormality_1,885,1789812850.1580129,4730.0,125.93,743.69,4.32,103.8,0.065,20.09,14.3,21.52,75.0,1500.0,15.2,healthy,0.0
fault_injector_abnormality_1,886,1789812851.1580129,4713.4,125.96,744.81,4.37,103.94,0.055,20.15,14.4,21.23,75.0,1500.0,15.2,healthy,0.0
fault_injector_abnormality_1,887,1789812852.1580129,4717.4,126.15,740.87,4.36,104.04,0.0655,20.01,14.43,21.08,75.0,1500.0,15.2,healthy,0.0
fault_injector_abnormality_1,888,1789812853.1580129,4714.7,126.15,731.77,4.38,103.89,0.0649,20.14,14.44,21.54,75.0,1500.0,15.2,healthy,0.0
fault_injector_abnormality_1,889,1789812854.1580129,4721.1,126.18,732.89,4.45,103.98,0.0645,20.23,14.41,21.4,75.0,1500.0,15.2,healthy,0.0
fault_injector_abnormality_1,890,1789812855.1580129,4743.5,126.24,738.0,4.46,104.08,0.0738,20.29,14.42,21.23,75.0,1500.0,15.2,healthy,0.0
fault_injector_abnormality_1,891,1789812856.1580129,4745.6,126.04,739.41,4.45,104.26,0.0718,20.21,14.46,21.44,75.0,1500.0,15.2,healthy,0.0
fault_injector_abnormality_1,892,1789812857.1580129,4727.0,125.87,735.82,4.35,104.2,0.0667,20.26,14.48,21.53,75.0,1500.0,15.2,healthy,0.0
fault_injector_abnormality_1,893,1789812858.1580129,4707.3,126.08,743.78,4.3,104.03,0.0798,20.05,14.41,21.53,75.0,1500.0,15.2,healthy,0.0
fault_injector_abnormality_1,894,1789812859.1580129,4676.9,125.68,739.45,4.27,103.91,0.0735,20.21,14.44,20.81,75.0,1500.0,15.2,healthy,0.0
fault_injector_abnormality_1,895,1789812860.1580129,4682.5,125.88,744.68,4.3,104.1,0.0749,19.97,14.43,21.24,75.0,1500.0,15.2,healthy,0.0
fault_injector_abnormality_1,896,1789812861.1580129,4667.1,125.7,743.06,4.32,104.09,0.0647,20.18,14.34,21.17,75.0,1500.0,15.2,healthy,0.0
fault_injector_abnormality_1,897,1789812862.1580129,4642.8,125.69,741.52,4.26,104.02,0.0645,20.43,14.4,21.11,75.0,1500.0,15.2,healthy,0.0
fault_injector_abnormality_1,898,1789812863.1580129,4680.2,125.58,737.27,4.31,104.01,0.0663,20.39,14.4,20.94,75.0,1500.0,15.2,healthy,0.0
fault_injector_abnormality_1,899,1789812864.1580129,4661.8,125.6,735.37,4.26,104.2,0.0743,20.47,14.46,21.18,75.0,1500.0,15.2,healthy,0.0
fault_injector_abnormality_1,900,1789812865.1580129,4639.5,125.88,733.91,4.28,104.15,0.0653,20.51,14.36,20.95,75.0,1500.0,15.2,healthy,0.0
fault_injector_abnormality_1,901,1789812866.1580129,4630.0,126.01,742.01,4.3,104.11,0.0692,20.41,14.34,21.19,75.0,1500.0,15.2,healthy,0.0
fault_injector_abnormality_1,902,1789812867.1580129,4621.9,126.33,741.77,4.28,104.25,0.0746,20.39,14.33,21.2,75.0,1500.0,15.2,healthy,0.0
fault_injector_abnormality_1,903,1789812868.1580129,4649.2,126.59,744.38,4.34,104.24,0.0733,20.29,14.29,21.33,75.0,1500.0,15.2,healthy,0.0
fault_injector_abnormality_1,904,1789812869.1580129,4694.5,126.59,746.22,4.41,104.2,0.0725,20.32,14.3,21.58,75.0,1500.0,15.2,healthy,0.0
fault_injector_abnormality_1,905,1789812870.1580129,4670.0,126.58,744.27,4.37,104.18,0.0659,20.31,14.28,21.53,75.0,1500.0,15.2,healthy,0.0
fault_injector_abnormality_1,906,1789812871.1580129,4657.1,126.68,749.08,4.36,104.23,0.0642,20.43,14.21,21.16,75.0,1500.0,15.2,healthy,0.0
fault_injector_abnormality_1,907,1789812872.1580129,4666.4,127.02,747.35,4.33,104.22,0.0705,20.41,14.2,21.02,75.0,1500.0,15.2,healthy,0.0
fault_injector_abnormality_1,908,1789812873.1580129,4683.4,126.77,746.43,4.31,104.22,0.0734,20.53,14.11,21.17,75.0,1500.0,15.2,healthy,0.0
fault_injector_abnormality_1,909,1789812874.1580129,4690.4,126.86,742.16,4.4,104.27,0.0825,20.5,14.1,20.96,75.0,1500.0,15.2,healthy,0.0
fault_injector_abnormality_1,910,1789812875.1580129,4675.6,126.87,745.61,4.46,104.16,0.0824,20.66,14.11,20.83,75.0,1500.0,15.2,healthy,0.0
fault_injector_abnormality_1,911,1789812876.1580129,4653.3,126.94,742.07,4.48,104.2,0.0703,20.67,14.05,21.07,75.0,1500.0,15.2,healthy,0.0
fault_injector_abnormality_1,912,1789812877.1580129,4672.3,127.05,742.77,4.4,104.1,0.0648,20.57,14.1,21.1,75.0,1500.0,15.2,healthy,0.0
fault_injector_abnormality_1,913,1789812878.1580129,4683.1,127.03,740.58,4.41,104.06,0.0682,20.61,14.09,21.13,75.0,1500.0,15.2,healthy,0.0
fault_injector_abnormality_1,914,1789812879.1580129,4678.2,126.86,740.16,4.39,104.25,0.0725,20.51,14.06,21.35,75.0,1500.0,15.2,healthy,0.0
fault_injector_abnormality_1,915,1789812880.1580129,4682.5,126.96,743.19,4.32,104.27,0.0717,20.57,14.1,21.6,75.0,1500.0,15.2,healthy,0.0
fault_injector_abnormality_1,916,1789812881.1580129,4711.6,126.83,747.89,4.32,104.12,0.0703,20.65,14.14,21.41,75.0,1500.0,15.2,healthy,0.0
fault_injector_abnormality_1,917,1789812882.1580129,4677.5,126.84,742.53,4.34,103.93,0.0638,20.55,14.18,21.58,75.0,1500.0,15.2,healthy,0.0
fault_injector_abnormality_1,918,1789812883.1580129,4673.6,126.8,742.85,4.33,103.86,0.0575,20.61,14.16,21.17,75.0,1500.0,15.2,healthy,0.0
fault_injector_abnormality_1,919,1789812884.1580129,4700.4,126.9,738.01,4.32,103.84,0.0563,20.57,14.1,21.18,75.0,1500.0,15.2,healthy,0.0
fault_injector_abnormality_1,920,1789812885.1580129,4675.0,126.65,738.88,4.28,103.85,0.0658,20.64,14.06,21.49,75.0,1500.0,15.2,healthy,0.0
fault_injector_abnormality_1,921,1789812886.1580129,4661.7,126.49,743.13,4.32,103.79,0.0687,20.53,14.03,21.05,75.0,1500.0,15.2,healthy,0.0
fault_injector_abnormality_1,922,1789812887.1580129,4684.5,126.33,747.94,4.25,103.74,0.0616,20.28,13.97,21.26,75.0,1500.0,15.2,healthy,0.0
fault_injector_abnormality_1,923,1789812888.1580129,4699.6,125.89,747.89,4.32,103.69,0.0648,20.32,14.03,21.14,75.0,1500.0,15.2,healthy,0.0
fault_injector_abnormality_1,924,1789812889.1580129,4709.1,126.16,742.8,4.27,103.7,0.0702,20.36,13.95,21.08,75.0,1500.0,15.2,healthy,0.0
fault_injector_abnormality_1,925,1789812890.1580129,4710.5,126.4,738.29,4.24,103.54,0.0737,20.34,13.96,20.99,75.0,1500.0,15.2,healthy,0.0
fault_injector_abnormality_1,926,1789812891.1580129,4719.1,126.4,740.81,4.29,103.7,0.0773,20.21,13.96,21.19,75.0,1500.0,15.2,healthy,0.0
fault_injector_abnormality_1,927,1789812892.1580129,4696.3,126.57,743.02,4.34,103.84,0.0744,20.2,13.94,21.21,75.0,1500.0,15.2,healthy,0.0
fault_injector_abnormality_1,928,1789812893.1580129,4715.8,126.63,743.0,4.32,103.72,0.0767,20.08,14.02,21.18,75.0,1500.0,15.2,healthy,0.0
fault_injector_abnormality_1,929,1789812894.1580129,4699.4,126.71,743.22,4.27,103.74,0.0754,20.11,14.04,21.37,75.0,1500.0,15.2,healthy,0.0
fault_injector_abnormality_1,930,1789812895.1580129,4705.7,126.91,745.02,4.33,103.59,0.0783,20.29,14.01,21.49,75.0,1500.0,15.2,healthy,0.0
fault_injector_abnormality_1,931,1789812896.1580129,4713.7,126.58,747.33,4.35,103.63,0.0785,20.15,13.97,21.5,75.0,1500.0,15.2,healthy,0.0
fault_injector_abnormality_1,932,1789812897.1580129,4722.8,126.42,749.25,4.34,103.63,0.0658,20.03,14.12,21.02,75.0,1500.0,15.2,healthy,0.0
fault_injector_abnormality_1,933,1789812898.1580129,4721.5,126.75,749.09,4.31,103.73,0.0683,20.01,14.17,20.99,75.0,1500.0,15.2,healthy,0.0
fault_injector_abnormality_1,934,1789812899.1580129,4714.5,126.6,747.7,4.34,103.59,0.0655,20.07,14.32,21.07,75.0,1500.0,15.2,healthy,0.0
fault_injector_abnormality_1,935,1789812900.1580129,4710.5,126.18,752.33,4.27,103.66,0.0707,20.21,14.21,21.19,75.0,1500.0,15.2,healthy,0.0
fault_injector_abnormality_1,936,1789812901.1580129,4692.1,126.27,750.19,4.46,103.71,0.0675,20.25,14.25,21.21,75.0,1500.0,15.2,healthy,0.0
fault_injector_abnormality_1,937,1789812902.1580129,4704.1,126.03,748.42,4.49,103.8,0.0718,20.05,14.31,21.09,75.0,1500.0,15.2,healthy,0.0
fault_injector_abnormality_1,938,1789812903.1580129,4671.5,125.68,751.13,4.47,103.76,0.0747,20.18,14.26,21.19,75.0,1500.0,15.2,healthy,0.0
fault_injector_abnormality_1,939,1789812904.1580129,4681.3,125.75,747.76,4.41,103.87,0.0762,20.3,14.23,20.97,75.0,1500.0,15.2,healthy,0.0
fault_injector_abnormality_1,940,1789812905.1580129,4676.5,125.96,744.23,4.38,103.84,0.0738,20.19,14.24,21.02,75.0,1500.0,15.2,healthy,0.0
fault_injector_abnormality_1,941,1789812906.1580129,4714.8,125.86,748.35,4.48,104.04,0.0758,19.93,14.18,21.02,75.0,1500.0,15.2,healthy,0.0
fault_injector_abnormality_1,942,1789812907.1580129,4695.9,125.67,748.27,4.39,103.94,0.0697,19.96,14.19,21.29,75.0,1500.0,15.2,healthy,0.0
fault_injector_abnormality_1,943,1789812908.1580129,4703.4,125.73,742.29,4.43,104.08,0.068,20.2,14.18,21.65,75.0,1500.0,15.2,healthy,0.0
fault_injector_abnormality_1,944,1789812909.1580129,4733.0,125.59,737.41,4.44,104.0,0.0627,20.18,14.2,21.25,75.0,1500.0,15.2,healthy,0.0
fault_injector_abnormality_1,945,1789812910.1580129,4701.1,125.66,736.55,4.43,104.13,0.0634,20.14,14.21,21.39,75.0,1500.0,15.2,healthy,0.0
fault_injector_abnormality_1,946,1789812911.1580129,4677.7,125.56,730.22,4.38,104.05,0.0631,20.12,14.17,21.68,75.0,1500.0,15.2,healthy,0.0
fault_injector_abnormality_1,947,1789812912.1580129,4685.9,125.73,733.72,4.33,104.07,0.0725,19.97,14.18,21.71,75.0,1500.0,15.2,healthy,0.0
fault_injector_abnormality_1,948,1789812913.1580129,4683.3,125.82,739.9,4.34,104.05,0.0648,20.12,14.15,21.44,75.0,1500.0,15.2,healthy,0.0
fault_injector_abnormality_1,949,1789812914.1580129,4676.8,126.17,740.6,4.31,104.25,0.0603,20.1,14.15,21.04,75.0,1500.0,15.2,healthy,0.0
fault_injector_abnormality_1,950,1789812915.1580129,4683.9,126.12,740.24,4.31,104.18,0.0639,20.03,14.16,21.2,75.0,1500.0,15.2,healthy,0.0
fault_injector_abnormality_1,951,1789812916.1580129,4697.9,126.21,735.74,4.3,104.22,0.0607,20.09,14.19,21.54,75.0,1500.0,15.2,healthy,0.0
fault_injector_abnormality_1,952,1789812917.1580129,4722.2,126.13,736.12,4.33,104.13,0.0634,20.13,14.17,21.27,75.0,1500.0,15.2,healthy,0.0
fault_injector_abnormality_1,953,1789812918.1580129,4707.8,126.32,729.3,4.31,104.27,0.0556,20.37,14.08,21.31,75.0,1500.0,15.2,healthy,0.0
fault_injector_abnormality_1,954,1789812919.1580129,4720.5,126.33,730.89,4.35,104.34,0.0644,20.4,14.14,20.96,75.0,1500.0,15.2,healthy,0.0
fault_injector_abnormality_1,955,1789812920.1580129,4739.8,126.14,727.96,4.38,104.29,0.0665,20.4,14.19,20.81,75.0,1500.0,15.2,healthy,0.0
fault_injector_abnormality_1,956,1789812921.1580129,4736.3,126.4,727.45,4.32,104.3,0.0756,20.5,14.2,20.73,75.0,1500.0,15.2,healthy,0.0
fault_injector_abnormality_1,957,1789812922.1580129,4742.6,126.19,730.68,4.25,104.2,0.0709,20.36,14.2,20.98,75.0,1500.0,15.2,healthy,0.0
fault_injector_abnormality_1,958,1789812923.1580129,4752.9,126.18,730.8,4.31,104.32,0.0745,20.22,14.3,20.89,75.0,1500.0,15.2,healthy,0.0
fault_injector_abnormality_1,959,1789812924.1580129,4744.5,126.32,737.43,4.35,104.48,0.0771,20.31,14.38,20.86,75.0,1500.0,15.2,healthy,0.0
fault_injector_abnormality_1,960,1789812925.1580129,4720.3,126.44,741.44,4.31,104.35,0.0711,20.14,14.3,21.04,75.0,1500.0,15.2,healthy,0.0
fault_injector_abnormality_1,961,1789812926.1580129,4713.0,126.35,741.03,4.34,104.44,0.0779,20.27,14.27,21.2,75.0,1500.0,15.2,healthy,0.0
fault_injector_abnormality_1,962,1789812927.1580129,4694.7,126.58,740.67,4.33,104.56,0.0707,20.19,14.21,21.06,75.0,1500.0,15.2,healthy,0.0
fault_injector_abnormality_1,963,1789812928.1580129,4691.1,126.67,736.88,4.24,104.72,0.0741,20.29,14.16,21.18,75.0,1500.0,15.2,healthy,0.0
fault_injector_abnormality_1,964,1789812929.1580129,4698.9,126.48,738.19,4.22,104.84,0.0762,20.33,14.25,21.5,75.0,1500.0,15.2,healthy,0.0
fault_injector_abnormality_1,965,1789812930.1580129,4699.1,126.72,740.91,4.35,104.86,0.0824,20.29,14.22,21.36,75.0,1500.0,15.2,healthy,0.0
fault_injector_abnormality_1,966,1789812931.1580129,4681.8,126.96,742.68,4.34,104.52,0.0737,20.08,14.11,21.39,75.0,1500.0,15.2,healthy,0.0
fault_injector_abnormality_1,967,1789812932.1580129,4717.2,127.09,742.96,4.24,104.24,0.08,20.21,14.06,21.17,75.0,1500.0,15.2,healthy,0.0
fault_injector_abnormality_1,968,1789812933.1580129,4692.2,127.07,744.12,4.28,104.22,0.0755,20.14,14.04,21.22,75.0,1500.0,15.2,healthy,0.0
fault_injector_abnormality_1,969,1789812934.1580129,4693.8,127.52,740.33,4.33,104.14,0.069,19.98,14.03,20.99,75.0,1500.0,15.2,healthy,0.0
fault_injector_abnormality_1,970,1789812935.1580129,4688.7,127.36,745.41,4.36,104.23,0.0684,19.9,14.06,20.94,75.0,1500.0,15.2,healthy,0.0
fault_injector_abnormality_1,971,1789812936.1580129,4691.0,127.45,748.42,4.36,104.13,0.0753,19.86,14.11,21.17,75.0,1500.0,15.2,healthy,0.0
fault_injector_abnormality_1,972,1789812937.1580129,4679.7,127.23,752.63,4.41,104.09,0.0717,19.96,14.16,21.28,75.0,1500.0,15.2,healthy,0.0
fault_injector_abnormality_1,973,1789812938.1580129,4710.0,127.13,750.67,4.32,103.96,0.0729,19.96,14.14,21.2,75.0,1500.0,15.2,healthy,0.0
fault_injector_abnormality_1,974,1789812939.1580129,4715.1,127.04,744.39,4.28,103.96,0.076,20.11,14.06,21.19,75.0,1500.0,15.2,healthy,0.0
fault_injector_abnormality_1,975,1789812940.1580129,4686.7,127.29,747.14,4.33,104.02,0.0723,20.16,14.09,21.14,75.0,1500.0,15.2,healthy,0.0
fault_injector_abnormality_1,976,1789812941.1580129,4683.9,127.38,747.37,4.39,104.03,0.0641,20.16,14.17,21.14,75.0,1500.0,15.2,healthy,0.0
fault_injector_abnormality_1,977,1789812942.1580129,4698.8,127.31,749.17,4.37,103.98,0.0726,20.12,14.2,20.83,75.0,1500.0,15.2,healthy,0.0
fault_injector_abnormality_1,978,1789812943.1580129,4697.4,127.03,743.97,4.29,104.01,0.0836,20.32,14.18,21.23,75.0,1500.0,15.2,healthy,0.0
fault_injector_abnormality_1,979,1789812944.1580129,4687.3,126.85,744.48,4.34,104.12,0.0687,20.29,14.17,21.01,75.0,1500.0,15.2,healthy,0.0
fault_injector_abnormality_1,980,1789812945.1580129,4699.6,126.98,746.7,4.33,104.22,0.0799,20.33,14.14,21.01,75.0,1500.0,15.2,healthy,0.0
fault_injector_abnormality_1,981,1789812946.1580129,4699.5,126.85,740.7,4.32,104.37,0.0814,20.4,14.1,20.69,75.0,1500.0,15.2,healthy,0.0
fault_injector_abnormality_1,982,1789812947.1580129,4691.7,126.73,738.29,4.3,104.35,0.0804,20.45,14.09,20.54,75.0,1500.0,15.2,healthy,0.0
fault_injector_abnormality_1,983,1789812948.1580129,4690.5,126.8,738.54,4.43,104.12,0.0776,20.44,14.11,20.94,75.0,1500.0,15.2,healthy,0.0
fault_injector_abnormality_1,984,1789812949.1580129,4709.6,126.79,741.05,4.43,104.21,0.0747,20.48,14.07,21.24,75.0,1500.0,15.2,healthy,0.0
fault_injector_abnormality_1,985,1789812950.1580129,4721.4,126.74,738.55,4.43,104.17,0.0753,20.59,14.1,21.11,75.0,1500.0,15.2,healthy,0.0
fault_injector_abnormality_1,986,1789812951.1580129,4732.9,126.7,740.84,4.39,104.15,0.0661,20.55,14.05,21.07,75.0,1500.0,15.2,healthy,0.0
fault_injector_abnormality_1,987,1789812952.1580129,4721.0,126.83,743.52,4.37,104.09,0.0726,20.46,14.07,21.04,75.0,1500.0,15.2,healthy,0.0
fault_injector_abnormality_1,988,1789812953.1580129,4751.4,127.03,745.2,4.4,104.08,0.0779,20.37,14.1,20.96,75.0,1500.0,15.2,healthy,0.0
fault_injector_abnormality_1,989,1789812954.1580129,4772.1,126.63,742.7,4.4,104.05,0.0762,20.14,14.09,21.21,75.0,1500.0,15.2,healthy,0.0
fault_injector_abnormality_1,990,1789812955.1580129,4779.2,126.31,744.62,4.39,103.99,0.0692,20.14,14.08,21.39,75.0,1500.0,15.2,healthy,0.0
fault_injector_abnormality_1,991,1789812956.1580129,4749.2,126.29,747.9,4.53,104.13,0.0668,20.16,14.05,21.34,75.0,1500.0,15.2,healthy,0.0
fault_injector_abnormality_1,992,1789812957.1580129,4735.4,126.35,745.62,4.49,104.1,0.0672,20.24,14.04,20.9,75.0,1500.0,15.2,healthy,0.0
fault_injector_abnormality_1,993,1789812958.1580129,4757.8,126.2,738.1,4.38,104.07,0.069,20.38,13.98,21.12,75.0,1500.0,15.2,healthy,0.0
fault_injector_abnormality_1,994,1789812959.1580129,4749.1,126.13,738.87,4.37,104.19,0.0648,20.45,13.94,20.95,75.0,1500.0,15.2,healthy,0.0
fault_injector_abnormality_1,995,1789812960.1580129,4736.7,125.75,737.54,4.36,103.99,0.0619,20.09,13.96,21.18,75.0,1500.0,15.2,healthy,0.0
fault_injector_abnormality_1,996,1789812961.1580129,4711.1,125.72,741.73,4.36,103.78,0.0638,20.18,14.02,21.46,75.0,1500.0,15.2,healthy,0.0
fault_injector_abnormality_1,997,1789812962.1580129,4745.4,125.46,746.43,4.31,103.92,0.0624,20.16,14.04,21.15,75.0,1500.0,15.2,healthy,0.0
fault_injector_abnormality_1,998,1789812963.1580129,4733.8,125.49,737.71,4.38,104.11,0.065,20.2,14.14,21.25,75.0,1500.0,15.2,healthy,0.0
fault_injector_abnormality_1,999,1789812964.1580129,4755.6,125.8,738.05,4.36,104.07,0.0692,20.19,14.19,21.17,75.0,1500.0,15.2,healthy,0.0
fault_injector_abnormality_1,1000,1789812965.1580129,4751.3,125.93,734.67,4.3,104.04,0.0725,20.18,14.21,21.16,75.0,1500.0,15.2,healthy,0.0
fault_injector_abnormality_1,1001,1789812966.1580129,4758.9,125.66,739.49,4.27,104.07,0.0744,20.24,14.27,21.17,75.0,1500.0,15.2,healthy,0.0
fault_injector_abnormality_1,1002,1789812967.1580129,4770.9,125.51,743.34,4.33,103.97,0.0737,20.27,14.25,21.27,75.0,1500.0,15.2,healthy,0.0
fault_injector_abnormality_1,1003,1789812968.1580129,4758.5,125.35,744.58,4.35,103.97,0.0773,20.34,14.15,21.35,75.0,1500.0,15.2,healthy,0.0
fault_injector_abnormality_1,1004,1789812969.1580129,4731.7,125.41,743.58,4.32,104.02,0.078,20.25,14.2,21.15,75.0,1500.0,15.2,healthy,0.0
fault_injector_abnormality_1,1005,1789812970.1580129,4720.0,125.33,749.76,4.31,104.04,0.0673,20.25,14.14,20.99,75.0,1500.0,15.2,healthy,0.0
fault_injector_abnormality_1,1006,1789812971.1580129,4713.6,125.81,751.14,4.39,104.13,0.0655,20.26,14.2,21.03,75.0,1500.0,15.2,healthy,0.0
fault_injector_abnormality_1,1007,1789812972.1580129,4707.8,125.39,750.39,4.41,104.0,0.0655,20.4,14.18,21.12,75.0,1500.0,15.2,healthy,0.0
fault_injector_abnormality_1,1008,1789812973.1580129,4710.0,125.18,748.55,4.35,104.0,0.0756,20.31,14.15,21.1,75.0,1500.0,15.2,healthy,0.0
fault_injector_abnormality_1,1009,1789812974.1580129,4708.2,125.15,744.55,4.26,103.92,0.0873,20.31,14.09,21.31,75.0,1500.0,15.2,healthy,0.0
fault_injector_abnormality_1,1010,1789812975.1580129,4674.4,125.54,745.21,4.3,104.09,0.0773,20.4,14.1,21.24,75.0,1500.0,15.2,healthy,0.0
fault_injector_abnormality_1,1011,1789812976.1580129,4688.2,125.42,745.24,4.31,104.12,0.0873,20.5,14.09,21.07,75.0,1500.0,15.2,healthy,0.0
fault_injector_abnormality_1,1012,1789812977.1580129,4706.3,125.55,745.8,4.24,104.08,0.0806,20.4,14.09,21.15,75.0,1500.0,15.2,healthy,0.0
fault_injector_abnormality_1,1013,1789812978.1580129,4699.9,125.38,743.81,4.21,104.05,0.0744,20.44,13.98,21.11,75.0,1500.0,15.2,healthy,0.0
fault_injector_abnormality_1,1014,1789812979.1580129,4719.4,125.75,742.75,4.27,104.06,0.0748,20.51,13.98,21.26,75.0,1500.0,15.2,healthy,0.0
fault_injector_abnormality_1,1015,1789812980.1580129,4717.1,125.71,744.49,4.32,104.17,0.0797,20.54,14.0,21.09,75.0,1500.0,15.2,healthy,0.0
fault_injector_abnormality_1,1016,1789812981.1580129,4708.5,125.67,743.29,4.4,104.08,0.0784,20.31,14.01,21.58,75.0,1500.0,15.2,healthy,0.0
fault_injector_abnormality_1,1017,1789812982.1580129,4702.6,125.97,741.42,4.38,104.13,0.0646,20.19,13.98,21.35,75.0,1500.0,15.2,healthy,0.0
fault_injector_abnormality_1,1018,1789812983.1580129,4676.4,125.98,736.9,4.36,104.02,0.0667,20.32,14.02,21.29,75.0,1500.0,15.2,healthy,0.0
fault_injector_abnormality_1,1019,1789812984.1580129,4680.0,126.05,740.67,4.4,103.97,0.0762,20.35,14.02,21.37,75.0,1500.0,15.2,healthy,0.0
fault_injector_abnormality_1,1020,1789812985.1580129,4690.0,125.99,739.06,4.41,104.06,0.0746,20.22,14.08,21.19,75.0,1500.0,15.2,healthy,0.0
fault_injector_abnormality_1,1021,1789812986.1580129,4706.2,126.26,739.46,4.38,104.0,0.0779,20.11,14.08,21.12,75.0,1500.0,15.2,healthy,0.0
fault_injector_abnormality_1,1022,1789812987.1580129,4714.3,126.25,738.96,4.31,103.92,0.0727,20.09,14.06,21.5,75.0,1500.0,15.2,healthy,0.0
fault_injector_abnormality_1,1023,1789812988.1580129,4709.2,126.34,737.63,4.27,104.02,0.0871,20.13,14.1,21.44,75.0,1500.0,15.2,healthy,0.0
fault_injector_abnormality_1,1024,1789812989.1580129,4685.6,126.46,737.79,4.28,104.13,0.0826,20.01,14.1,21.41,75.0,1500.0,15.2,healthy,0.0
fault_injector_abnormality_1,1025,1789812990.1580129,4692.9,126.23,736.17,4.23,103.96,0.0817,19.98,14.2,21.41,75.0,1500.0,15.2,healthy,0.0
fault_injector_abnormality_1,1026,1789812991.1580129,4705.6,125.99,733.41,4.25,103.99,0.0861,20.15,14.26,21.19,75.0,1500.0,15.2,healthy,0.0
fault_injector_abnormality_1,1027,1789812992.1580129,4673.0,126.19,732.54,4.24,103.97,0.0848,20.12,14.36,21.02,75.0,1500.0,15.2,healthy,0.0
fault_injector_abnormality_1,1028,1789812993.1580129,4677.8,126.18,735.53,4.33,103.95,0.0794,20.17,14.3,20.96,75.0,1500.0,15.2,healthy,0.0
fault_injector_abnormality_1,1029,1789812994.1580129,4687.1,126.27,739.06,4.47,103.93,0.0938,20.24,14.25,21.16,75.0,1500.0,15.2,healthy,0.0
fault_injector_abnormality_1,1030,1789812995.1580129,4697.6,126.14,735.75,4.47,104.0,0.0865,20.41,14.29,21.03,75.0,1500.0,15.2,healthy,0.0
fault_injector_abnormality_1,1031,1789812996.1580129,4691.4,126.41,739.63,4.35,104.02,0.0911,20.21,14.24,20.66,75.0,1500.0,15.2,healthy,0.0
fault_injector_abnormality_1,1032,1789812997.1580129,4696.9,126.33,742.66,4.36,103.98,0.0898,20.1,14.12,21.07,75.0,1500.0,15.2,healthy,0.0
fault_injector_abnormality_1,1033,1789812998.1580129,4692.6,126.45,743.3,4.3,103.97,0.0908,20.05,14.08,21.67,75.0,1500.0,15.2,healthy,0.0
fault_injector_abnormality_1,1034,1789812999.1580129,4701.6,126.4,746.05,4.2,103.9,0.0724,20.1,14.06,21.77,75.0,1500.0,15.2,healthy,0.0
fault_injector_abnormality_1,1035,1789813000.1580129,4715.4,126.95,744.55,4.25,103.82,0.0749,20.32,14.12,21.65,75.0,1500.0,15.2,healthy,0.0
fault_injector_abnormality_1,1036,1789813001.1580129,4695.0,127.22,745.66,4.3,103.86,0.0765,20.29,14.13,21.55,75.0,1500.0,15.2,healthy,0.0
fault_injector_abnormality_1,1037,1789813002.1580129,4703.8,127.26,748.1,4.28,103.77,0.0806,20.37,14.15,21.33,75.0,1500.0,15.2,healthy,0.0
fault_injector_abnormality_1,1038,1789813003.1580129,4736.0,127.17,743.93,4.23,103.85,0.0821,20.3,14.23,21.65,75.0,1500.0,15.2,healthy,0.0
fault_injector_abnormality_1,1039,1789813004.1580129,4721.2,127.22,745.35,4.29,103.8,0.0807,20.12,14.23,21.39,75.0,1500.0,15.2,healthy,0.0
fault_injector_abnormality_1,1040,1789813005.1580129,4737.2,127.26,746.5,4.24,103.62,0.0726,20.1,14.15,21.28,75.0,1500.0,15.2,healthy,0.0
fault_injector_abnormality_1,1041,1789813006.1580129,4750.9,127.15,750.23,4.31,103.68,0.0741,19.94,14.1,21.46,75.0,1500.0,15.2,healthy,0.0
fault_injector_abnormality_1,1042,1789813007.1580129,4750.3,127.33,749.1,4.29,103.74,0.0774,19.83,14.11,21.13,75.0,1500.0,15.2,healthy,0.0
fault_injector_abnormality_1,1043,1789813008.1580129,4746.9,127.41,747.4,4.22,103.76,0.0797,19.84,14.16,21.22,75.0,1500.0,15.2,healthy,0.0
fault_injector_abnormality_1,1044,1789813009.1580129,4747.5,126.82,748.81,4.23,103.84,0.0699,19.93,14.18,21.53,75.0,1500.0,15.2,healthy,0.0
fault_injector_abnormality_1,1045,1789813010.1580129,4743.4,126.49,745.05,4.26,104.11,0.0679,20.08,14.23,21.35,75.0,1500.0,15.2,healthy,0.0
fault_injector_abnormality_1,1046,1789813011.1580129,4763.8,126.69,743.02,4.32,103.99,0.0801,20.06,14.29,21.27,75.0,1500.0,15.2,healthy,0.0
fault_injector_abnormality_1,1047,1789813012.1580129,4752.6,126.47,749.52,4.25,103.97,0.0794,20.0,14.35,21.42,75.0,1500.0,15.2,healthy,0.0
fault_injector_abnormality_1,1048,1789813013.1580129,4750.3,126.84,746.94,4.19,104.16,0.0729,20.07,14.38,20.98,75.0,1500.0,15.2,healthy,0.0
fault_injector_abnormality_1,1049,1789813014.1580129,4738.2,126.62,744.36,4.25,104.08,0.0713,20.13,14.34,20.9,75.0,1500.0,15.2,healthy,0.0
fault_injector_abnormality_1,1050,1789813015.1580129,4723.8,126.95,737.49,4.29,104.0,0.0674,20.25,14.33,21.23,75.0,1500.0,15.2,healthy,0.0
fault_injector_abnormality_1,1051,1789813016.1580129,4711.5,126.83,735.05,4.28,104.16,0.0683,20.31,14.32,21.34,75.0,1500.0,15.2,healthy,0.0
fault_injector_abnormality_1,1052,1789813017.1580129,4733.5,126.72,732.54,4.32,104.01,0.0626,20.36,14.27,21.16,75.0,1500.0,15.2,healthy,0.0
fault_injector_abnormality_1,1053,1789813018.1580129,4697.2,126.56,732.31,4.31,104.21,0.0703,20.34,14.28,21.48,75.0,1500.0,15.2,healthy,0.0
fault_injector_abnormality_1,1054,1789813019.1580129,4700.0,126.14,734.91,4.39,104.15,0.0689,20.34,14.32,21.24,75.0,1500.0,15.2,healthy,0.0
fault_injector_abnormality_1,1055,1789813020.1580129,4685.3,126.25,737.24,4.4,104.16,0.0661,20.42,14.32,21.38,75.0,1500.0,15.2,healthy,0.0
fault_injector_abnormality_1,1056,1789813021.1580129,4667.1,126.2,736.64,4.36,104.15,0.0646,20.42,14.3,21.5,75.0,1500.0,15.2,healthy,0.0
fault_injector_abnormality_1,1057,1789813022.1580129,4684.8,126.35,736.98,4.42,104.16,0.0695,20.47,14.28,21.25,75.0,1500.0,15.2,healthy,0.0
fault_injector_abnormality_1,1058,1789813023.1580129,4708.3,126.12,733.43,4.36,104.25,0.0742,20.43,14.29,21.02,75.0,1500.0,15.2,healthy,0.0
fault_injector_abnormality_1,1059,1789813024.1580129,4724.4,125.95,732.03,4.34,104.07,0.0741,20.54,14.25,21.29,75.0,1500.0,15.2,healthy,0.0
fault_injector_abnormality_1,1060,1789813025.1580129,4715.1,126.2,734.27,4.36,104.08,0.0713,20.31,14.21,20.77,75.0,1500.0,15.2,healthy,0.0
fault_injector_abnormality_1,1061,1789813026.1580129,4707.5,126.14,737.92,4.29,103.92,0.07,20.18,14.28,21.03,75.0,1500.0,15.2,healthy,0.0
fault_injector_abnormality_1,1062,1789813027.1580129,4690.6,126.28,738.85,4.35,103.91,0.0696,20.07,14.35,21.1,75.0,1500.0,15.2,healthy,0.0
fault_injector_abnormality_1,1063,1789813028.1580129,4664.7,126.33,744.59,4.37,103.81,0.0733,19.92,14.32,21.3,75.0,1500.0,15.2,healthy,0.0
fault_injector_abnormality_1,1064,1789813029.1580129,4669.6,126.39,749.79,4.46,103.89,0.0762,19.95,14.32,21.59,75.0,1500.0,15.2,healthy,0.0
fault_injector_abnormality_1,1065,1789813030.1580129,4677.1,126.35,747.93,4.43,103.9,0.0708,20.05,14.28,21.29,75.0,1500.0,15.2,healthy,0.0
fault_injector_abnormality_1,1066,1789813031.1580129,4720.6,126.19,749.54,4.39,104.01,0.0684,20.03,14.26,21.13,75.0,1500.0,15.2,healthy,0.0
fault_injector_abnormality_1,1067,1789813032.1580129,4707.0,126.29,747.68,4.43,104.05,0.08,20.02,14.25,21.04,75.0,1500.0,15.2,healthy,0.0
fault_injector_abnormality_1,1068,1789813033.1580129,4702.6,126.06,750.97,4.43,104.01,0.0701,20.16,14.23,20.83,75.0,1500.0,15.2,healthy,0.0
fault_injector_abnormality_1,1069,1789813034.1580129,4692.9,125.87,747.01,4.47,104.01,0.0682,20.27,14.29,20.99,75.0,1500.0,15.2,healthy,0.0
fault_injector_abnormality_1,1070,1789813035.1580129,4713.0,125.52,742.51,4.42,103.96,0.0708,20.33,14.3,21.01,75.0,1500.0,15.2,healthy,0.0
fault_injector_abnormality_1,1071,1789813036.1580129,4712.9,125.72,743.67,4.32,104.05,0.0826,20.16,14.15,21.0,75.0,1500.0,15.2,healthy,0.0
fault_injector_abnormality_1,1072,1789813037.1580129,4704.6,125.73,741.05,4.44,104.04,0.0701,20.25,14.14,21.43,75.0,1500.0,15.2,healthy,0.0
fault_injector_abnormality_1,1073,1789813038.1580129,4706.9,125.68,741.39,4.51,104.05,0.0704,20.21,14.12,21.23,75.0,1500.0,15.2,healthy,0.0
fault_injector_abnormality_1,1074,1789813039.1580129,4694.8,125.85,742.46,4.37,104.04,0.0632,20.3,14.14,21.58,75.0,1500.0,15.2,healthy,0.0
fault_injector_abnormality_1,1075,1789813040.1580129,4694.2,125.82,741.01,4.32,104.05,0.0627,20.16,14.09,21.37,75.0,1500.0,15.2,healthy,0.0
fault_injector_abnormality_1,1076,1789813041.1580129,4693.4,125.92,746.95,4.32,104.15,0.0624,19.98,14.1,21.16,75.0,1500.0,15.2,healthy,0.0
fault_injector_abnormality_1,1077,1789813042.1580129,4716.7,126.01,744.14,4.2,104.06,0.0642,20.02,14.06,21.05,75.0,1500.0,15.2,healthy,0.0
fault_injector_abnormality_1,1078,1789813043.1580129,4733.7,126.22,738.94,4.25,104.16,0.0677,19.95,14.07,20.91,75.0,1500.0,15.2,healthy,0.0
fault_injector_abnormality_1,1079,1789813044.1580129,4720.8,126.28,737.22,4.19,103.99,0.0705,20.02,14.04,21.17,75.0,1500.0,15.2,healthy,0.0
fault_injector_abnormality_1,1080,1789813045.1580129,4695.3,126.16,738.08,4.29,104.06,0.0752,20.12,14.01,21.05,75.0,1500.0,15.2,healthy,0.0
fault_injector_abnormality_1,1081,1789813046.1580129,4681.1,126.24,739.37,4.36,104.04,0.0657,20.09,14.09,20.97,75.0,1500.0,15.2,healthy,0.0
fault_injector_abnormality_1,1082,1789813047.1580129,4688.2,126.22,742.44,4.28,104.06,0.0747,20.06,14.17,21.2,75.0,1500.0,15.2,healthy,0.0
fault_injector_abnormality_1,1083,1789813048.1580129,4691.7,125.81,741.25,4.28,104.18,0.0793,20.2,14.18,21.28,75.0,1500.0,15.2,healthy,0.0
fault_injector_abnormality_1,1084,1789813049.1580129,4687.7,125.9,741.32,4.28,103.92,0.0782,20.33,14.23,21.29,75.0,1500.0,15.2,healthy,0.0
fault_injector_abnormality_1,1085,1789813050.1580129,4665.0,125.89,747.09,4.32,103.85,0.08,20.13,14.26,21.69,75.0,1500.0,15.2,healthy,0.0
fault_injector_abnormality_1,1086,1789813051.1580129,4694.8,125.91,744.98,4.38,103.96,0.0795,20.17,14.29,21.16,75.0,1500.0,15.2,healthy,0.0
fault_injector_abnormality_1,1087,1789813052.1580129,4695.2,126.02,747.59,4.39,104.0,0.091,20.09,14.35,21.15,75.0,1500.0,15.2,healthy,0.0
fault_injector_abnormality_1,1088,1789813053.1580129,4702.7,125.75,748.68,4.43,103.94,0.0815,20.29,14.32,20.94,75.0,1500.0,15.2,healthy,0.0
fault_injector_abnormality_1,1089,1789813054.1580129,4685.4,125.87,746.44,4.54,104.05,0.085,20.26,14.29,21.0,75.0,1500.0,15.2,healthy,0.0
fault_injector_abnormality_1,1090,1789813055.1580129,4721.8,126.12,745.51,4.49,104.17,0.0811,20.12,14.21,21.25,75.0,1500.0,15.2,healthy,0.0
fault_injector_abnormality_1,1091,1789813056.1580129,4692.3,126.7,738.69,4.46,104.05,0.0761,20.14,14.19,20.99,75.0,1500.0,15.2,healthy,0.0
fault_injector_abnormality_1,1092,1789813057.1580129,4720.7,126.9,741.08,4.37,103.87,0.0733,20.27,14.13,21.12,75.0,1500.0,15.2,healthy,0.0
fault_injector_abnormality_1,1093,1789813058.1580129,4728.1,127.15,747.32,4.35,103.94,0.0664,20.24,14.11,20.82,75.0,1500.0,15.2,healthy,0.0
fault_injector_abnormality_1,1094,1789813059.1580129,4708.5,127.27,747.9,4.33,103.93,0.0708,20.14,14.2,20.79,75.0,1500.0,15.2,healthy,0.0
fault_injector_abnormality_1,1095,1789813060.1580129,4685.8,127.71,748.87,4.32,104.1,0.0704,20.12,14.17,21.09,75.0,1500.0,15.2,healthy,0.0
fault_injector_abnormality_1,1096,1789813061.1580129,4709.5,127.18,748.03,4.3,104.39,0.062,20.28,14.19,21.32,75.0,1500.0,15.2,healthy,0.0
fault_injector_abnormality_1,1097,1789813062.1580129,4680.5,127.2,750.23,4.27,104.19,0.0656,20.43,14.23,21.34,75.0,1500.0,15.2,healthy,0.0
fault_injector_abnormality_1,1098,1789813063.1580129,4665.1,126.8,745.84,4.24,104.11,0.0693,20.44,14.26,21.0,75.0,1500.0,15.2,healthy,0.0
fault_injector_abnormality_1,1099,1789813064.1580129,4662.4,126.86,742.86,4.38,104.12,0.0775,20.32,14.25,21.22,75.0,1500.0,15.2,healthy,0.0
fault_injector_abnormality_1,1100,1789813065.1580129,4685.4,126.89,747.2,4.34,104.11,0.0757,20.28,14.25,21.13,75.0,1500.0,15.2,healthy,0.0
fault_injector_abnormality_1,1101,1789813066.1580129,4681.9,126.94,751.68,4.35,104.04,0.0824,20.34,14.27,21.55,75.0,1500.0,15.2,healthy,0.0
fault_injector_abnormality_1,1102,1789813067.1580129,4679.2,126.98,751.84,4.39,104.1,0.0737,20.42,14.24,21.67,75.0,1500.0,15.2,healthy,0.0
fault_injector_abnormality_1,1103,1789813068.1580129,4678.2,126.9,750.74,4.32,104.01,0.0699,20.23,14.13,21.34,75.0,1500.0,15.2,healthy,0.0
fault_injector_abnormality_1,1104,1789813069.1580129,4682.4,126.7,748.27,4.35,104.03,0.0778,20.3,14.11,21.29,75.0,1500.0,15.2,healthy,0.0
fault_injector_abnormality_1,1105,1789813070.1580129,4695.9,126.94,747.21,4.36,104.08,0.0799,20.2,14.13,20.71,75.0,1500.0,15.2,healthy,0.0
fault_injector_abnormality_1,1106,1789813071.1580129,4696.1,126.84,746.01,4.33,103.92,0.085,20.05,14.08,21.08,75.0,1500.0,15.2,healthy,0.0
fault_injector_abnormality_1,1107,1789813072.1580129,4693.5,126.69,745.46,4.31,104.03,0.084,20.16,14.14,21.38,75.0,1500.0,15.2,healthy,0.0
fault_injector_abnormality_1,1108,1789813073.1580129,4712.9,126.56,745.99,4.35,103.89,0.082,20.25,14.13,21.25,75.0,1500.0,15.2,healthy,0.0
fault_injector_abnormality_1,1109,1789813074.1580129,4697.7,126.4,740.55,4.29,103.69,0.0873,20.34,14.12,21.45,75.0,1500.0,15.2,healthy,0.0
fault_injector_abnormality_1,1110,1789813075.1580129,4690.4,126.33,741.17,4.29,103.76,0.0827,20.19,14.11,21.62,75.0,1500.0,15.2,healthy,0.0
fault_injector_abnormality_1,1111,1789813076.1580129,4689.1,126.21,744.85,4.25,103.66,0.0777,20.23,14.16,21.58,75.0,1500.0,15.2,healthy,0.0
fault_injector_abnormality_1,1112,1789813077.1580129,4685.9,126.1,738.13,4.35,103.63,0.0738,20.0,14.2,21.77,75.0,1500.0,15.2,healthy,0.0
fault_injector_abnormality_1,1113,1789813078.1580129,4660.9,126.48,737.77,4.44,103.63,0.0639,20.0,14.25,21.43,75.0,1500.0,15.2,healthy,0.0
fault_injector_abnormality_1,1114,1789813079.1580129,4641.0,126.5,739.83,4.41,103.9,0.0676,20.06,14.16,21.07,75.0,1500.0,15.2,healthy,0.0
fault_injector_abnormality_1,1115,1789813080.1580129,4642.3,126.71,741.04,4.31,103.94,0.0662,20.22,14.08,21.66,75.0,1500.0,15.2,healthy,0.0
fault_injector_abnormality_1,1116,1789813081.1580129,4658.5,126.82,735.83,4.3,103.94,0.0804,20.15,14.1,21.26,75.0,1500.0,15.2,healthy,0.0
fault_injector_abnormality_1,1117,1789813082.1580129,4664.3,126.48,737.86,4.32,104.16,0.072,20.21,14.05,20.9,75.0,1500.0,15.2,healthy,0.0
fault_injector_abnormality_1,1118,1789813083.1580129,4658.9,126.55,739.03,4.35,104.1,0.0726,20.3,14.08,21.03,75.0,1500.0,15.2,healthy,0.0
fault_injector_abnormality_1,1119,1789813084.1580129,4642.5,126.37,740.56,4.36,103.96,0.073,20.3,14.17,20.74,75.0,1500.0,15.2,healthy,0.0
fault_injector_abnormality_1,1120,1789813085.1580129,4650.3,126.52,739.29,4.33,103.83,0.074,20.18,14.09,21.3,75.0,1500.0,15.2,healthy,0.0
fault_injector_abnormality_1,1121,1789813086.1580129,4671.4,126.26,740.87,4.3,103.66,0.0647,20.18,14.16,20.89,75.0,1500.0,15.2,healthy,0.0
fault_injector_abnormality_1,1122,1789813087.1580129,4652.3,126.51,732.01,4.25,103.66,0.0698,20.06,14.13,21.22,75.0,1500.0,15.2,healthy,0.0
fault_injector_abnormality_1,1123,1789813088.1580129,4683.5,126.28,727.97,4.31,103.8,0.0698,20.13,14.09,21.28,75.0,1500.0,15.2,healthy,0.0
fault_injector_abnormality_1,1124,1789813089.1580129,4687.5,126.2,725.22,4.3,103.9,0.0711,20.21,14.13,21.51,75.0,1500.0,15.2,healthy,0.0
fault_injector_abnormality_1,1125,1789813090.1580129,4677.9,126.39,725.21,4.27,103.89,0.0742,20.38,14.16,21.3,75.0,1500.0,15.2,healthy,0.0
fault_injector_abnormality_1,1126,1789813091.1580129,4700.1,126.14,728.6,4.3,103.99,0.0654,20.42,14.2,21.32,75.0,1500.0,15.2,healthy,0.0
fault_injector_abnormality_1,1127,1789813092.1580129,4700.2,126.26,733.75,4.24,103.92,0.0758,20.45,14.26,20.97,75.0,1500.0,15.2,healthy,0.0
fault_injector_abnormality_1,1128,1789813093.1580129,4718.1,126.35,737.37,4.36,103.72,0.0776,20.33,14.29,21.55,75.0,1500.0,15.2,healthy,0.0
fault_injector_abnormality_1,1129,1789813094.1580129,4713.5,126.3,740.41,4.32,103.63,0.0683,20.53,14.19,21.53,75.0,1500.0,15.2,healthy,0.0
fault_injector_abnormality_1,1130,1789813095.1580129,4698.2,126.44,740.69,4.3,103.78,0.0701,20.45,14.15,21.37,75.0,1500.0,15.2,healthy,0.0
fault_injector_abnormality_1,1131,1789813096.1580129,4689.3,126.49,740.05,4.26,103.73,0.0742,20.45,14.17,21.3,75.0,1500.0,15.2,healthy,0.0
fault_injector_abnormality_1,1132,1789813097.1580129,4690.0,126.24,738.6,4.26,103.82,0.0708,20.41,14.16,21.36,75.0,1500.0,15.2,healthy,0.0
fault_injector_abnormality_1,1133,1789813098.1580129,4657.7,126.1,735.34,4.31,103.8,0.0678,20.5,14.15,21.3,75.0,1500.0,15.2,healthy,0.0
fault_injector_abnormality_1,1134,1789813099.1580129,4654.2,125.96,732.93,4.32,103.86,0.0758,20.51,14.17,21.2,75.0,1500.0,15.2,healthy,0.0
fault_injector_abnormality_1,1135,1789813100.1580129,4673.3,126.36,732.97,4.3,103.86,0.0733,20.47,14.21,21.56,75.0,1500.0,15.2,healthy,0.0
fault_injector_abnormality_1,1136,1789813101.1580129,4694.4,126.5,733.34,4.25,103.85,0.0742,20.47,14.22,21.3,75.0,1500.0,15.2,healthy,0.0
fault_injector_abnormality_1,1137,1789813102.1580129,4705.9,126.86,732.07,4.33,103.85,0.0807,20.35,14.19,21.16,75.0,1500.0,15.2,healthy,0.0
fault_injector_abnormality_1,1138,1789813103.1580129,4710.3,126.69,736.71,4.26,103.81,0.0663,20.36,14.23,21.6,75.0,1500.0,15.2,healthy,0.0
fault_injector_abnormality_1,1139,1789813104.1580129,4701.2,126.66,739.83,4.27,103.67,0.0682,20.44,14.25,21.83,75.0,1500.0,15.2,healthy,0.0
fault_injector_abnormality_1,1140,1789813105.1580129,4722.3,126.42,746.39,4.25,103.71,0.0727,20.39,14.2,21.91,75.0,1500.0,15.2,healthy,0.0
fault_injector_abnormality_1,1141,1789813106.1580129,4692.5,126.33,748.12,4.3,103.99,0.0757,20.47,14.19,21.81,75.0,1500.0,15.2,healthy,0.0
fault_injector_abnormality_1,1142,1789813107.1580129,4699.9,126.47,743.5,4.33,104.08,0.0749,20.28,14.16,21.5,75.0,1500.0,15.2,healthy,0.0
fault_injector_abnormality_1,1143,1789813108.1580129,4688.1,126.72,744.47,4.33,103.91,0.0677,20.37,14.17,21.17,75.0,1500.0,15.2,healthy,0.0
fault_injector_abnormality_1,1144,1789813109.1580129,4696.0,126.58,749.16,4.26,103.99,0.0664,20.47,14.23,20.96,75.0,1500.0,15.2,healthy,0.0
fault_injector_abnormality_1,1145,1789813110.1580129,4716.0,126.81,745.73,4.31,104.0,0.0805,20.39,14.29,21.25,75.0,1500.0,15.2,healthy,0.0
fault_injector_abnormality_1,1146,1789813111.1580129,4724.9,126.62,747.85,4.37,104.01,0.0785,20.28,14.32,21.47,75.0,1500.0,15.2,healthy,0.0
fault_injector_abnormality_1,1147,1789813112.1580129,4697.5,126.62,746.58,4.39,104.14,0.0726,20.26,14.27,21.04,75.0,1500.0,15.2,healthy,0.0
fault_injector_abnormality_1,1148,1789813113.1580129,4693.2,126.72,746.74,4.34,104.0,0.0691,20.28,14.28,21.16,75.0,1500.0,15.2,healthy,0.0
fault_injector_abnormality_1,1149,1789813114.1580129,4691.9,126.6,739.69,4.32,103.85,0.0715,20.44,14.22,21.16,75.0,1500.0,15.2,healthy,0.0
fault_injector_abnormality_1,1150,1789813115.1580129,4710.6,126.39,739.17,4.27,104.0,0.064,20.51,14.2,21.37,75.0,1500.0,15.2,healthy,0.0
fault_injector_abnormality_1,1151,1789813116.1580129,4701.4,126.2,735.49,4.36,103.95,0.0632,20.41,14.17,21.36,75.0,1500.0,15.2,healthy,0.0
fault_injector_abnormality_1,1152,1789813117.1580129,4707.9,126.06,732.33,4.3,103.87,0.0622,20.49,14.2,21.25,75.0,1500.0,15.2,healthy,0.0
fault_injector_abnormality_1,1153,1789813118.1580129,4700.9,126.03,728.67,4.39,103.82,0.0741,20.5,14.19,20.79,75.0,1500.0,15.2,healthy,0.0
fault_injector_abnormality_1,1154,1789813119.1580129,4686.3,126.15,723.68,4.43,103.6,0.0759,20.34,14.09,21.0,75.0,1500.0,15.2,healthy,0.0
fault_injector_abnormality_1,1155,1789813120.1580129,4718.2,126.03,726.5,4.48,103.62,0.0782,20.49,14.13,21.29,75.0,1500.0,15.2,healthy,0.0
fault_injector_abnormality_1,1156,1789813121.1580129,4704.7,125.97,733.45,4.46,103.61,0.0753,20.49,14.12,21.35,75.0,1500.0,15.2,healthy,0.0
fault_injector_abnormality_1,1157,1789813122.1580129,4696.4,125.79,739.12,4.35,103.55,0.0843,20.53,14.18,21.33,75.0,1500.0,15.2,healthy,0.0
fault_injector_abnormality_1,1158,1789813123.1580129,4724.9,126.11,737.6,4.42,103.61,0.0739,20.46,14.21,21.42,75.0,1500.0,15.2,healthy,0.0
fault_injector_abnormality_1,1159,1789813124.1580129,4712.4,125.9,739.61,4.35,103.62,0.0785,20.24,14.15,21.47,75.0,1500.0,15.2,healthy,0.0
fault_injector_abnormality_1,1160,1789813125.1580129,4672.2,126.14,733.31,4.29,103.75,0.0744,20.35,14.08,21.17,75.0,1500.0,15.2,healthy,0.0
fault_injector_abnormality_1,1161,1789813126.1580129,4671.3,126.23,736.08,4.33,103.85,0.0736,20.28,14.14,20.97,75.0,1500.0,15.2,healthy,0.0
fault_injector_abnormality_1,1162,1789813127.1580129,4678.7,126.66,728.7,4.41,103.71,0.0669,20.18,14.18,20.93,75.0,1500.0,15.2,healthy,0.0
fault_injector_abnormality_1,1163,1789813128.1580129,4690.5,127.05,733.51,4.37,103.77,0.0615,20.25,14.1,20.87,75.0,1500.0,15.2,healthy,0.0
fault_injector_abnormality_1,1164,1789813129.1580129,4703.3,126.57,735.01,4.39,103.88,0.0562,20.44,14.16,20.96,75.0,1500.0,15.2,healthy,0.0
fault_injector_abnormality_1,1165,1789813130.1580129,4715.7,126.41,736.09,4.28,103.96,0.0666,20.43,14.14,21.32,75.0,1500.0,15.2,healthy,0.0
fault_injector_abnormality_1,1166,1789813131.1580129,4696.9,126.38,737.86,4.34,103.96,0.0665,20.6,14.17,21.28,75.0,1500.0,15.2,healthy,0.0
fault_injector_abnormality_1,1167,1789813132.1580129,4720.2,126.0,737.3,4.41,104.07,0.0679,20.61,14.16,20.91,75.0,1500.0,15.2,healthy,0.0
fault_injector_abnormality_1,1168,1789813133.1580129,4746.2,126.01,741.02,4.45,104.16,0.0709,20.53,14.21,21.0,75.0,1500.0,15.2,healthy,0.0
fault_injector_abnormality_1,1169,1789813134.1580129,4766.4,126.11,738.07,4.38,104.13,0.0712,20.51,14.18,21.01,75.0,1500.0,15.2,healthy,0.0
fault_injector_abnormality_1,1170,1789813135.1580129,4744.2,126.52,735.83,4.35,104.27,0.0712,20.57,14.27,21.35,75.0,1500.0,15.2,healthy,0.0
fault_injector_abnormality_1,1171,1789813136.1580129,4737.5,126.72,738.34,4.35,104.03,0.0708,20.4,14.27,21.39,75.0,1500.0,15.2,healthy,0.0
fault_injector_abnormality_1,1172,1789813137.1580129,4714.8,126.66,738.79,4.42,103.89,0.0685,20.35,14.2,21.34,75.0,1500.0,15.2,healthy,0.0
fault_injector_abnormality_1,1173,1789813138.1580129,4714.0,126.84,738.06,4.38,103.86,0.0647,20.3,14.2,21.44,75.0,1500.0,15.2,healthy,0.0
fault_injector_abnormality_1,1174,1789813139.1580129,4731.7,126.6,734.75,4.37,103.75,0.0611,20.3,14.19,21.01,75.0,1500.0,15.2,healthy,0.0
fault_injector_abnormality_1,1175,1789813140.1580129,4730.8,126.92,729.81,4.33,103.7,0.0582,20.35,14.15,21.23,75.0,1500.0,15.2,healthy,0.0
fault_injector_abnormality_1,1176,1789813141.1580129,4735.2,127.04,732.84,4.42,103.72,0.0693,20.4,14.17,21.24,75.0,1500.0,15.2,healthy,0.0
fault_injector_abnormality_1,1177,1789813142.1580129,4699.7,127.09,737.53,4.4,103.74,0.0704,20.37,14.11,21.09,75.0,1500.0,15.2,healthy,0.0
fault_injector_abnormality_1,1178,1789813143.1580129,4732.1,126.84,735.75,4.39,104.0,0.0642,20.2,14.12,21.37,75.0,1500.0,15.2,healthy,0.0
fault_injector_abnormality_1,1179,1789813144.1580129,4732.9,126.69,740.75,4.31,103.9,0.0702,20.13,14.15,21.46,75.0,1500.0,15.2,healthy,0.0
fault_injector_abnormality_1,1180,1789813145.1580129,4731.5,126.43,739.98,4.33,103.86,0.0774,20.26,14.21,21.38,75.0,1500.0,15.2,healthy,0.0
fault_injector_abnormality_1,1181,1789813146.1580129,4719.4,126.52,739.64,4.24,103.86,0.0727,20.28,14.22,21.2,75.0,1500.0,15.2,healthy,0.0
fault_injector_abnormality_1,1182,1789813147.1580129,4735.8,126.24,736.52,4.35,104.0,0.0742,20.14,14.21,21.17,75.0,1500.0,15.2,healthy,0.0
fault_injector_abnormality_1,1183,1789813148.1580129,4738.7,126.46,732.22,4.32,104.03,0.0648,20.06,14.18,21.27,75.0,1500.0,15.2,healthy,0.0
fault_injector_abnormality_1,1184,1789813149.1580129,4744.4,126.63,728.92,4.29,104.1,0.0688,20.14,14.3,21.2,75.0,1500.0,15.2,healthy,0.0
fault_injector_abnormality_1,1185,1789813150.1580129,4728.7,126.4,733.62,4.33,104.26,0.0697,20.3,14.24,20.76,75.0,1500.0,15.2,healthy,0.0
fault_injector_abnormality_1,1186,1789813151.1580129,4746.4,126.11,732.66,4.34,104.16,0.0786,20.25,14.2,21.33,75.0,1500.0,15.2,healthy,0.0
fault_injector_abnormality_1,1187,1789813152.1580129,4733.8,125.75,729.86,4.33,104.34,0.0698,20.24,14.17,21.24,75.0,1500.0,15.2,healthy,0.0
fault_injector_abnormality_1,1188,1789813153.1580129,4738.4,125.96,737.15,4.33,104.24,0.077,20.32,14.16,21.34,75.0,1500.0,15.2,healthy,0.0
fault_injector_abnormality_1,1189,1789813154.1580129,4712.1,125.8,739.44,4.33,104.36,0.08,20.41,14.15,21.42,75.0,1500.0,15.2,healthy,0.0
fault_injector_abnormality_1,1190,1789813155.1580129,4719.8,125.85,736.55,4.36,104.2,0.0752,20.36,14.16,21.51,75.0,1500.0,15.2,healthy,0.0
fault_injector_abnormality_1,1191,1789813156.1580129,4699.6,125.78,734.07,4.36,104.25,0.0756,20.21,14.19,21.36,75.0,1500.0,15.2,healthy,0.0
fault_injector_abnormality_1,1192,1789813157.1580129,4696.8,125.9,733.14,4.39,104.17,0.068,20.2,14.2,21.4,75.0,1500.0,15.2,healthy,0.0
fault_injector_abnormality_1,1193,1789813158.1580129,4712.2,126.02,737.68,4.44,104.08,0.0692,20.25,14.15,21.4,75.0,1500.0,15.2,healthy,0.0
fault_injector_abnormality_1,1194,1789813159.1580129,4685.4,125.98,736.12,4.4,104.14,0.0726,20.3,14.16,21.35,75.0,1500.0,15.2,healthy,0.0
fault_injector_abnormality_1,1195,1789813160.1580129,4678.1,125.92,737.1,4.38,104.15,0.0783,20.44,14.14,21.53,75.0,1500.0,15.2,healthy,0.0
fault_injector_abnormality_1,1196,1789813161.1580129,4687.4,126.38,737.49,4.43,104.11,0.0721,20.48,14.12,21.07,75.0,1500.0,15.2,healthy,0.0
fault_injector_abnormality_1,1197,1789813162.1580129,4687.2,126.31,736.76,4.45,104.2,0.0808,20.44,14.04,21.09,75.0,1500.0,15.2,healthy,0.0
fault_injector_abnormality_1,1198,1789813163.1580129,4672.3,126.57,731.31,4.39,104.07,0.0724,20.56,14.11,21.08,75.0,1500.0,15.2,healthy,0.0
fault_injector_abnormality_1,1199,1789813164.1580129,4694.7,126.46,734.26,4.35,104.16,0.0708,20.5,14.12,21.1,75.0,1500.0,15.2,healthy,0.0
fault_injector_abnormality_1,1200,1789813165.1580129,4721.5,126.56,729.15,4.41,104.16,0.0798,20.47,14.13,21.07,75.0,1500.0,15.2,healthy,0.0
fault_injector_abnormality_1,1201,1789813166.1580129,4718.4,126.32,731.18,4.44,104.24,0.0664,20.35,14.13,21.12,75.0,1500.0,15.2,healthy,0.0
fault_injector_abnormality_1,1202,1789813167.1580129,4734.2,126.46,733.83,4.37,104.17,0.0656,20.37,14.13,21.13,75.0,1500.0,15.2,healthy,0.0
fault_injector_abnormality_1,1203,1789813168.1580129,4754.6,126.62,733.64,4.39,104.06,0.0628,20.3,14.08,21.07,75.0,1500.0,15.2,healthy,0.0
fault_injector_abnormality_1,1204,1789813169.1580129,4756.8,126.27,733.56,4.38,104.06,0.0688,20.26,14.15,21.15,75.0,1500.0,15.2,healthy,0.0
fault_injector_abnormality_1,1205,1789813170.1580129,4737.9,126.58,738.25,4.33,104.14,0.0759,20.24,14.19,21.2,75.0,1500.0,15.2,healthy,0.0
fault_injector_abnormality_1,1206,1789813171.1580129,4709.9,126.33,737.46,4.28,104.15,0.0767,20.18,14.11,21.27,75.0,1500.0,15.2,healthy,0.0
fault_injector_abnormality_1,1207,1789813172.1580129,4727.8,126.44,735.31,4.4,104.2,0.0794,20.21,14.12,21.42,75.0,1500.0,15.2,healthy,0.0
fault_injector_abnormality_1,1208,1789813173.1580129,4717.9,126.51,737.46,4.33,104.19,0.0888,20.31,14.06,21.23,75.0,1500.0,15.2,healthy,0.0
fault_injector_abnormality_1,1209,1789813174.1580129,4712.0,126.5,741.93,4.36,104.36,0.0792,20.2,14.09,21.05,75.0,1500.0,15.2,healthy,0.0
fault_injector_abnormality_1,1210,1789813175.1580129,4716.5,126.41,742.93,4.29,104.28,0.0831,20.25,14.06,21.03,75.0,1500.0,15.2,healthy,0.0
fault_injector_abnormality_1,1211,1789813176.1580129,4716.5,126.49,740.24,4.35,104.12,0.0857,20.28,14.08,20.94,75.0,1500.0,15.2,healthy,0.0
fault_injector_abnormality_1,1212,1789813177.1580129,4690.4,126.63,742.26,4.35,104.13,0.0808,20.26,14.11,20.96,75.0,1500.0,15.2,healthy,0.0
fault_injector_abnormality_1,1213,1789813178.1580129,4697.4,126.69,744.41,4.36,104.27,0.0774,20.44,14.12,21.18,75.0,1500.0,15.2,healthy,0.0
fault_injector_abnormality_1,1214,1789813179.1580129,4706.6,126.57,742.92,4.4,104.28,0.0772,20.38,14.09,21.33,75.0,1500.0,15.2,healthy,0.0
fault_injector_abnormality_1,1215,1789813180.1580129,4702.4,126.43,737.57,4.45,104.38,0.0691,20.56,14.09,21.57,75.0,1500.0,15.2,healthy,0.0
fault_injector_abnormality_1,1216,1789813181.1580129,4693.5,126.3,737.95,4.39,104.28,0.0645,20.38,14.07,21.46,75.0,1500.0,15.2,healthy,0.0
fault_injector_abnormality_1,1217,1789813182.1580129,4685.2,126.29,738.59,4.47,104.21,0.0702,20.25,14.17,21.47,75.0,1500.0,15.2,healthy,0.0
fault_injector_abnormality_1,1218,1789813183.1580129,4691.2,126.17,734.16,4.43,104.33,0.0684,20.32,14.19,21.44,75.0,1500.0,15.2,healthy,0.0
fault_injector_abnormality_1,1219,1789813184.1580129,4686.1,125.84,736.59,4.5,104.34,0.0768,20.35,14.22,21.44,75.0,1500.0,15.2,healthy,0.0
fault_injector_abnormality_1,1220,1789813185.1580129,4696.8,125.64,739.46,4.51,104.23,0.0755,20.39,14.26,21.08,75.0,1500.0,15.2,healthy,0.0
fault_injector_abnormality_1,1221,1789813186.1580129,4709.9,125.82,739.24,4.51,104.28,0.0717,20.36,14.24,21.25,75.0,1500.0,15.2,healthy,0.0
fault_injector_abnormality_1,1222,1789813187.1580129,4735.0,125.94,738.38,4.46,104.17,0.0699,20.21,14.26,21.15,75.0,1500.0,15.2,healthy,0.0
fault_injector_abnormality_1,1223,1789813188.1580129,4729.4,125.79,735.49,4.38,104.15,0.0696,20.33,14.29,21.24,75.0,1500.0,15.2,healthy,0.0
fault_injector_abnormality_1,1224,1789813189.1580129,4750.2,125.88,734.47,4.38,104.28,0.0649,20.4,14.29,21.15,75.0,1500.0,15.2,healthy,0.0
fault_injector_abnormality_1,1225,1789813190.1580129,4742.5,126.0,735.36,4.33,104.38,0.0663,20.25,14.32,21.36,75.0,1500.0,15.2,healthy,0.0
fault_injector_abnormality_1,1226,1789813191.1580129,4733.3,125.78,738.12,4.33,104.44,0.0639,20.17,14.44,20.93,75.0,1500.0,15.2,healthy,0.0
fault_injector_abnormality_1,1227,1789813192.1580129,4721.9,125.82,740.49,4.22,104.4,0.0711,20.14,14.4,21.19,75.0,1500.0,15.2,healthy,0.0
fault_injector_abnormality_1,1228,1789813193.1580129,4729.2,126.1,739.87,4.2,104.48,0.0657,20.3,14.28,21.42,75.0,1500.0,15.2,healthy,0.0
fault_injector_abnormality_1,1229,1789813194.1580129,4702.7,126.14,743.14,4.24,104.38,0.07,20.12,14.23,21.24,75.0,1500.0,15.2,healthy,0.0
fault_injector_abnormality_1,1230,1789813195.1580129,4730.6,126.27,746.39,4.2,104.2,0.0678,20.11,14.22,21.29,75.0,1500.0,15.2,healthy,0.0
fault_injector_abnormality_1,1231,1789813196.1580129,4728.2,126.49,748.23,4.31,104.04,0.0699,20.15,14.17,21.1,75.0,1500.0,15.2,healthy,0.0
fault_injector_abnormality_1,1232,1789813197.1580129,4722.4,126.5,749.25,4.28,104.16,0.0661,20.34,14.26,21.12,75.0,1500.0,15.2,healthy,0.0
fault_injector_abnormality_1,1233,1789813198.1580129,4694.9,126.19,746.75,4.23,104.18,0.0721,20.32,14.26,21.38,75.0,1500.0,15.2,healthy,0.0
fault_injector_abnormality_1,1234,1789813199.1580129,4716.3,126.14,745.04,4.2,104.13,0.0613,20.34,14.22,21.58,75.0,1500.0,15.2,healthy,0.0
fault_injector_abnormality_1,1235,1789813200.1580129,4686.5,126.26,742.78,4.3,104.01,0.0621,20.24,14.16,21.49,75.0,1500.0,15.2,healthy,0.0
fault_injector_abnormality_1,1236,1789813201.1580129,4691.7,126.94,743.43,4.26,104.04,0.0686,20.09,14.18,21.34,75.0,1500.0,15.2,healthy,0.0
fault_injector_abnormality_1,1237,1789813202.1580129,4708.8,126.84,740.53,4.28,104.1,0.0752,20.17,14.22,21.35,75.0,1500.0,15.2,healthy,0.0
fault_injector_abnormality_1,1238,1789813203.1580129,4720.3,126.67,739.54,4.21,104.11,0.0826,20.21,14.2,21.47,75.0,1500.0,15.2,healthy,0.0
fault_injector_abnormality_1,1239,1789813204.1580129,4700.5,126.71,739.96,4.27,104.07,0.0762,20.2,14.08,21.25,75.0,1500.0,15.2,healthy,0.0
fault_injector_abnormality_1,1240,1789813205.1580129,4717.6,126.92,741.2,4.37,104.14,0.0792,20.21,14.12,20.96,75.0,1500.0,15.2,healthy,0.0
fault_injector_abnormality_1,1241,1789813206.1580129,4726.0,126.85,740.02,4.38,104.11,0.0741,20.0,14.15,21.19,75.0,1500.0,15.2,healthy,0.0
fault_injector_abnormality_1,1242,1789813207.1580129,4718.0,126.97,744.02,4.4,104.17,0.0783,20.13,14.15,21.22,75.0,1500.0,15.2,healthy,0.0
fault_injector_abnormality_1,1243,1789813208.1580129,4725.7,127.22,744.99,4.39,104.12,0.0718,20.23,14.22,21.22,75.0,1500.0,15.2,healthy,0.0
fault_injector_abnormality_1,1244,1789813209.1580129,4742.2,126.74,741.41,4.32,104.24,0.0692,20.34,14.26,21.73,75.0,1500.0,15.2,healthy,0.0
fault_injector_abnormality_1,1245,1789813210.1580129,4744.0,126.64,740.74,4.25,104.21,0.0713,20.14,14.26,21.63,75.0,1500.0,15.2,healthy,0.0
fault_injector_abnormality_1,1246,1789813211.1580129,4738.1,126.94,747.75,4.19,104.17,0.0698,20.23,14.21,21.42,75.0,1500.0,15.2,healthy,0.0
fault_injector_abnormality_1,1247,1789813212.1580129,4747.1,126.91,747.32,4.25,104.16,0.0813,20.17,14.15,21.19,75.0,1500.0,15.2,healthy,0.0
fault_injector_abnormality_1,1248,1789813213.1580129,4748.4,127.07,751.13,4.32,104.01,0.0779,20.16,14.21,21.31,75.0,1500.0,15.2,healthy,0.0
fault_injector_abnormality_1,1249,1789813214.1580129,4725.1,127.14,749.06,4.33,103.97,0.0746,20.25,14.25,21.13,75.0,1500.0,15.2,healthy,0.0
fault_injector_abnormality_1,1250,1789813215.1580129,4742.7,126.98,746.36,4.37,103.87,0.0776,20.21,14.29,21.01,75.0,1500.0,15.2,healthy,0.0
fault_injector_abnormality_1,1251,1789813216.1580129,4748.8,127.28,751.09,4.36,103.73,0.073,20.34,14.18,21.07,75.0,1500.0,15.2,healthy,0.0
fault_injector_abnormality_1,1252,1789813217.1580129,4747.5,127.23,751.8,4.31,103.68,0.0824,20.16,14.22,21.13,75.0,1500.0,15.2,healthy,0.0
fault_injector_abnormality_1,1253,1789813218.1580129,4762.5,127.11,752.35,4.34,103.86,0.0778,20.18,14.18,21.28,75.0,1500.0,15.2,healthy,0.0
fault_injector_abnormality_1,1254,1789813219.1580129,4751.8,126.82,747.19,4.27,103.85,0.0788,20.27,14.14,21.4,75.0,1500.0,15.2,healthy,0.0
fault_injector_abnormality_1,1255,1789813220.1580129,4734.6,126.65,747.81,4.26,104.08,0.0741,20.19,14.11,20.83,75.0,1500.0,15.2,healthy,0.0
fault_injector_abnormality_1,1256,1789813221.1580129,4724.8,126.33,746.85,4.19,104.0,0.0747,20.22,14.17,20.98,75.0,1500.0,15.2,healthy,0.0
fault_injector_abnormality_1,1257,1789813222.1580129,4717.8,126.22,746.1,4.29,103.9,0.0707,20.14,14.11,21.01,75.0,1500.0,15.2,healthy,0.0
fault_injector_abnormality_1,1258,1789813223.1580129,4731.2,126.05,749.23,4.34,103.85,0.0775,19.9,14.15,20.85,75.0,1500.0,15.2,healthy,0.0
fault_injector_abnormality_1,1259,1789813224.1580129,4722.3,126.06,750.61,4.36,104.02,0.0817,20.01,14.09,20.84,75.0,1500.0,15.2,healthy,0.0
fault_injector_abnormality_1,1260,1789813225.1580129,4718.1,126.16,754.9,4.34,104.1,0.0809,19.98,14.17,20.9,75.0,1500.0,15.2,healthy,0.0
fault_injector_abnormality_1,1261,1789813226.1580129,4725.7,126.25,747.94,4.39,104.07,0.07,20.19,14.17,21.15,75.0,1500.0,15.2,healthy,0.0
fault_injector_abnormality_1,1262,1789813227.1580129,4730.5,125.94,746.59,4.43,103.89,0.0779,20.28,14.2,21.22,75.0,1500.0,15.2,healthy,0.0
fault_injector_abnormality_1,1263,1789813228.1580129,4717.0,125.96,744.53,4.39,104.0,0.0748,20.31,14.2,20.85,75.0,1500.0,15.2,healthy,0.0
fault_injector_abnormality_1,1264,1789813229.1580129,4717.4,126.01,744.38,4.46,103.98,0.0871,20.31,14.16,21.12,75.0,1500.0,15.2,healthy,0.0
fault_injector_abnormality_1,1265,1789813230.1580129,4699.5,126.19,745.83,4.53,103.93,0.0875,20.19,14.16,21.37,75.0,1500.0,15.2,healthy,0.0
fault_injector_abnormality_1,1266,1789813231.1580129,4707.3,125.89,748.67,4.49,103.81,0.0769,20.31,14.17,21.26,75.0,1500.0,15.2,healthy,0.0
fault_injector_abnormality_1,1267,1789813232.1580129,4702.1,126.21,745.59,4.37,103.9,0.0743,20.41,14.09,21.54,75.0,1500.0,15.2,healthy,0.0
fault_injector_abnormality_1,1268,1789813233.1580129,4691.6,126.5,745.55,4.38,103.96,0.0717,20.23,14.13,21.52,75.0,1500.0,15.2,healthy,0.0
fault_injector_abnormality_1,1269,1789813234.1580129,4710.3,126.18,747.57,4.36,103.89,0.0745,20.13,14.14,21.11,75.0,1500.0,15.2,healthy,0.0
fault_injector_abnormality_1,1270,1789813235.1580129,4735.5,125.77,744.16,4.27,103.73,0.079,20.22,14.21,21.56,75.0,1500.0,15.2,healthy,0.0
fault_injector_abnormality_1,1271,1789813236.1580129,4718.8,126.08,746.63,4.28,103.77,0.0811,20.27,14.17,21.42,75.0,1500.0,15.2,healthy,0.0
fault_injector_abnormality_1,1272,1789813237.1580129,4709.3,126.46,747.36,4.23,103.73,0.0673,20.31,14.15,21.36,75.0,1500.0,15.2,healthy,0.0
fault_injector_abnormality_1,1273,1789813238.1580129,4703.6,126.6,744.67,4.26,103.85,0.066,20.26,14.16,20.97,75.0,1500.0,15.2,healthy,0.0
fault_injector_abnormality_1,1274,1789813239.1580129,4687.7,126.5,745.92,4.26,103.89,0.0696,20.15,14.14,21.26,75.0,1500.0,15.2,healthy,0.0
fault_injector_abnormality_1,1275,1789813240.1580129,4688.8,126.26,744.9,4.4,103.81,0.0739,20.26,14.2,21.38,75.0,1500.0,15.2,healthy,0.0
fault_injector_abnormality_1,1276,1789813241.1580129,4691.5,126.36,743.64,4.41,103.86,0.0591,20.22,14.19,21.2,75.0,1500.0,15.2,healthy,0.0
fault_injector_abnormality_1,1277,1789813242.1580129,4678.9,126.24,742.54,4.37,104.02,0.0637,20.34,14.34,21.28,75.0,1500.0,15.2,healthy,0.0
fault_injector_abnormality_1,1278,1789813243.1580129,4664.2,126.54,742.1,4.38,104.1,0.0708,20.31,14.39,20.97,75.0,1500.0,15.2,healthy,0.0
fault_injector_abnormality_1,1279,1789813244.1580129,4677.6,126.09,741.04,4.38,104.04,0.0704,20.25,14.34,20.97,75.0,1500.0,15.2,healthy,0.0
fault_injector_abnormality_1,1280,1789813245.1580129,4694.0,126.3,737.47,4.28,103.93,0.0721,20.22,14.37,21.42,75.0,1500.0,15.2,healthy,0.0
fault_injector_abnormality_1,1281,1789813246.1580129,4686.6,126.26,734.22,4.39,103.89,0.0662,20.15,14.35,21.05,75.0,1500.0,15.2,healthy,0.0
fault_injector_abnormality_1,1282,1789813247.1580129,4683.6,125.8,735.25,4.34,104.01,0.07,20.19,14.44,20.85,75.0,1500.0,15.2,healthy,0.0
fault_injector_abnormality_1,1283,1789813248.1580129,4712.0,125.84,739.12,4.32,103.97,0.0667,20.38,14.46,20.76,75.0,1500.0,15.2,healthy,0.0
fault_injector_abnormality_1,1284,1789813249.1580129,4699.6,126.18,735.77,4.33,104.0,0.0666,20.4,14.51,21.3,75.0,1500.0,15.2,healthy,0.0
fault_injector_abnormality_1,1285,1789813250.1580129,4690.4,126.39,738.48,4.33,104.04,0.0606,20.27,14.56,21.46,75.0,1500.0,15.2,healthy,0.0
fault_injector_abnormality_1,1286,1789813251.1580129,4673.5,126.57,738.92,4.32,103.94,0.0751,20.18,14.51,21.46,75.0,1500.0,15.2,healthy,0.0
fault_injector_abnormality_1,1287,1789813252.1580129,4691.4,126.6,736.58,4.28,103.92,0.0711,20.24,14.45,21.83,75.0,1500.0,15.2,healthy,0.0
fault_injector_abnormality_1,1288,1789813253.1580129,4687.2,126.8,737.37,4.31,103.89,0.0739,20.36,14.45,21.42,75.0,1500.0,15.2,healthy,0.0
fault_injector_abnormality_1,1289,1789813254.1580129,4677.5,126.62,736.83,4.31,103.79,0.0775,20.15,14.47,21.24,75.0,1500.0,15.2,healthy,0.0
fault_injector_abnormality_1,1290,1789813255.1580129,4701.1,126.55,740.69,4.31,103.72,0.0685,20.21,14.37,21.26,75.0,1500.0,15.2,healthy,0.0
fault_injector_abnormality_1,1291,1789813256.1580129,4730.3,126.14,737.45,4.37,103.81,0.0723,20.08,14.37,21.04,75.0,1500.0,15.2,healthy,0.0
fault_injector_abnormality_1,1292,1789813257.1580129,4712.3,126.42,736.31,4.43,103.86,0.0718,20.12,14.31,20.98,75.0,1500.0,15.2,healthy,0.0
fault_injector_abnormality_1,1293,1789813258.1580129,4708.8,126.52,744.17,4.43,103.89,0.0778,20.15,14.25,21.11,75.0,1500.0,15.2,healthy,0.0
fault_injector_abnormality_1,1294,1789813259.1580129,4722.1,126.47,745.63,4.36,103.81,0.0747,20.1,14.22,21.06,75.0,1500.0,15.2,healthy,0.0
fault_injector_abnormality_1,1295,1789813260.1580129,4699.9,126.48,744.12,4.39,103.87,0.0764,20.08,14.18,21.22,75.0,1500.0,15.2,healthy,0.0
fault_injector_abnormality_1,1296,1789813261.1580129,4737.6,126.33,744.26,4.37,103.67,0.0805,20.12,14.2,21.6,75.0,1500.0,15.2,healthy,0.0
fault_injector_abnormality_1,1297,1789813262.1580129,4697.3,126.18,741.03,4.37,103.72,0.0796,20.18,14.17,21.25,75.0,1500.0,15.2,healthy,0.0
fault_injector_abnormality_1,1298,1789813263.1580129,4690.0,126.44,739.34,4.36,103.61,0.0735,20.2,14.2,21.01,75.0,1500.0,15.2,healthy,0.0
fault_injector_abnormality_1,1299,1789813264.1580129,4655.9,126.57,740.85,4.3,103.79,0.0764,20.36,14.04,21.06,75.0,1500.0,15.2,healthy,0.0
fault_injector_abnormality_1,1300,1789813265.1580129,4674.9,126.84,740.73,4.34,103.9,0.0755,20.35,14.12,21.44,75.0,1500.0,15.2,healthy,0.0
fault_injector_abnormality_1,1301,1789813266.1580129,4713.8,126.65,739.18,4.42,103.96,0.0744,20.31,14.09,21.29,75.0,1500.0,15.2,healthy,0.0
fault_injector_abnormality_1,1302,1789813267.1580129,4741.1,126.26,736.01,4.49,103.98,0.0801,20.36,14.07,21.25,75.0,1500.0,15.2,healthy,0.0
fault_injector_abnormality_1,1303,1789813268.1580129,4737.2,126.44,736.23,4.44,104.0,0.0807,20.38,14.1,21.03,75.0,1500.0,15.2,healthy,0.0
fault_injector_abnormality_1,1304,1789813269.1580129,4759.6,126.26,739.72,4.35,103.87,0.0863,20.48,14.19,20.88,75.0,1500.0,15.2,healthy,0.0
fault_injector_abnormality_1,1305,1789813270.1580129,4755.4,126.03,744.19,4.39,103.89,0.0796,20.48,14.26,20.88,75.0,1500.0,15.2,healthy,0.0
fault_injector_abnormality_1,1306,1789813271.1580129,4756.5,125.8,738.12,4.4,103.82,0.0774,20.46,14.27,20.99,75.0,1500.0,15.2,healthy,0.0
fault_injector_abnormality_1,1307,1789813272.1580129,4735.4,125.74,740.42,4.39,103.72,0.0812,20.46,14.27,21.35,75.0,1500.0,15.2,healthy,0.0
fault_injector_abnormality_1,1308,1789813273.1580129,4726.1,125.84,742.2,4.35,103.81,0.0773,20.43,14.27,21.02,75.0,1500.0,15.2,healthy,0.0
fault_injector_abnormality_1,1309,1789813274.1580129,4724.5,126.03,746.51,4.35,103.7,0.0797,20.31,14.26,21.15,75.0,1500.0,15.2,healthy,0.0
fault_injector_abnormality_1,1310,1789813275.1580129,4716.0,125.51,739.39,4.46,103.78,0.0705,20.18,14.24,21.32,75.0,1500.0,15.2,healthy,0.0
fault_injector_abnormality_1,1311,1789813276.1580129,4739.5,125.3,745.13,4.45,103.76,0.0723,20.14,14.23,21.23,75.0,1500.0,15.2,healthy,0.0
fault_injector_abnormality_1,1312,1789813277.1580129,4740.4,125.39,742.05,4.29,103.74,0.0633,20.15,14.3,21.17,75.0,1500.0,15.2,healthy,0.0
fault_injector_abnormality_1,1313,1789813278.1580129,4744.6,125.68,744.12,4.41,103.56,0.0608,20.13,14.25,20.83,75.0,1500.0,15.2,healthy,0.0
fault_injector_abnormality_1,1314,1789813279.1580129,4728.6,125.28,749.88,4.35,103.66,0.0627,20.4,14.34,21.13,75.0,1500.0,15.2,healthy,0.0
fault_injector_abnormality_1,1315,1789813280.1580129,4729.1,125.54,746.45,4.29,103.61,0.0595,20.54,14.32,21.53,75.0,1500.0,15.2,healthy,0.0
fault_injector_abnormality_1,1316,1789813281.1580129,4712.2,125.98,745.1,4.29,103.48,0.0701,20.41,14.29,21.26,75.0,1500.0,15.2,healthy,0.0
fault_injector_abnormality_1,1317,1789813282.1580129,4689.4,125.9,740.92,4.29,103.59,0.0714,20.39,14.3,21.37,75.0,1500.0,15.2,healthy,0.0
fault_injector_abnormality_1,1318,1789813283.1580129,4689.9,125.91,745.08,4.37,103.67,0.077,20.28,14.21,21.48,75.0,1500.0,15.2,healthy,0.0
fault_injector_abnormality_1,1319,1789813284.1580129,4697.7,125.72,739.7,4.34,103.49,0.0872,20.4,14.14,21.14,75.0,1500.0,15.2,healthy,0.0
fault_injector_abnormality_1,1320,1789813285.1580129,4690.9,125.85,743.45,4.39,103.54,0.0777,20.32,14.13,21.16,75.0,1500.0,15.2,healthy,0.0
fault_injector_abnormality_1,1321,1789813286.1580129,4693.8,126.08,741.37,4.42,103.55,0.0769,20.33,14.07,20.98,75.0,1500.0,15.2,healthy,0.0
fault_injector_abnormality_1,1322,1789813287.1580129,4683.4,126.08,737.18,4.24,103.52,0.0673,20.33,14.09,20.99,75.0,1500.0,15.2,healthy,0.0
fault_injector_abnormality_1,1323,1789813288.1580129,4652.1,125.89,736.28,4.27,103.43,0.0705,20.39,14.12,21.16,75.0,1500.0,15.2,healthy,0.0
fault_injector_abnormality_1,1324,1789813289.1580129,4686.1,125.61,736.29,4.35,103.49,0.0724,20.32,14.13,21.09,75.0,1500.0,15.2,healthy,0.0
fault_injector_abnormality_1,1325,1789813290.1580129,4721.8,126.02,734.12,4.36,103.24,0.0762,20.21,14.12,20.88,75.0,1500.0,15.2,healthy,0.0
fault_injector_abnormality_1,1326,1789813291.1580129,4716.3,125.9,732.12,4.4,103.45,0.083,20.13,14.13,21.56,75.0,1500.0,15.2,healthy,0.0
fault_injector_abnormality_1,1327,1789813292.1580129,4722.8,125.86,728.14,4.3,103.4,0.0747,20.13,14.12,21.39,75.0,1500.0,15.2,healthy,0.0
fault_injector_abnormality_1,1328,1789813293.1580129,4726.6,126.2,728.98,4.3,103.35,0.0672,20.19,14.14,21.33,75.0,1500.0,15.2,healthy,0.0
fault_injector_abnormality_1,1329,1789813294.1580129,4725.6,126.5,732.06,4.42,103.46,0.068,20.3,14.23,21.16,75.0,1500.0,15.2,healthy,0.0
fault_injector_abnormality_1,1330,1789813295.1580129,4707.2,126.37,736.1,4.39,103.51,0.0736,20.37,14.23,20.94,75.0,1500.0,15.2,healthy,0.0
fault_injector_abnormality_1,1331,1789813296.1580129,4722.6,126.29,739.73,4.36,103.65,0.0726,20.21,14.22,20.87,75.0,1500.0,15.2,healthy,0.0
fault_injector_abnormality_1,1332,1789813297.1580129,4717.8,126.37,740.91,4.35,103.73,0.0737,20.27,14.19,20.95,75.0,1500.0,15.2,healthy,0.0
fault_injector_abnormality_1,1333,1789813298.1580129,4708.5,126.26,740.25,4.35,103.6,0.069,20.28,14.21,21.14,75.0,1500.0,15.2,healthy,0.0
fault_injector_abnormality_1,1334,1789813299.1580129,4706.2,125.84,739.68,4.42,103.59,0.068,20.24,14.22,21.81,75.0,1500.0,15.2,healthy,0.0
fault_injector_abnormality_1,1335,1789813300.1580129,4706.2,126.0,739.66,4.39,103.72,0.0679,20.22,14.24,21.33,75.0,1500.0,15.2,healthy,0.0
fault_injector_abnormality_1,1336,1789813301.1580129,4739.4,125.9,740.53,4.38,103.82,0.0676,20.12,14.18,20.8,75.0,1500.0,15.2,healthy,0.0
fault_injector_abnormality_1,1337,1789813302.1580129,4703.2,125.66,749.6,4.41,103.95,0.0688,20.26,14.15,20.84,75.0,1500.0,15.2,healthy,0.0
fault_injector_abnormality_1,1338,1789813303.1580129,4714.3,125.69,746.05,4.29,104.03,0.0712,20.33,14.18,21.07,75.0,1500.0,15.2,healthy,0.0
fault_injector_abnormality_1,1339,1789813304.1580129,4726.8,125.77,743.7,4.28,104.08,0.0694,20.3,14.12,21.08,75.0,1500.0,15.2,healthy,0.0
fault_injector_abnormality_1,1340,1789813305.1580129,4749.0,126.11,747.08,4.25,104.06,0.072,20.32,14.16,20.86,75.0,1500.0,15.2,healthy,0.0
fault_injector_abnormality_1,1341,1789813306.1580129,4739.9,126.19,745.28,4.33,104.02,0.0754,20.1,14.09,21.07,75.0,1500.0,15.2,healthy,0.0
fault_injector_abnormality_1,1342,1789813307.1580129,4719.1,125.77,740.66,4.28,104.05,0.0686,20.14,14.13,20.91,75.0,1500.0,15.2,healthy,0.0
fault_injector_abnormality_1,1343,1789813308.1580129,4726.7,125.89,742.89,4.33,104.04,0.0707,20.2,14.13,21.22,75.0,1500.0,15.2,healthy,0.0
fault_injector_abnormality_1,1344,1789813309.1580129,4724.3,126.03,738.67,4.35,104.05,0.0651,20.13,14.25,21.02,75.0,1500.0,15.2,healthy,0.0
fault_injector_abnormality_1,1345,1789813310.1580129,4708.9,125.93,742.36,4.41,104.22,0.0642,20.19,14.24,21.0,75.0,1500.0,15.2,healthy,0.0
fault_injector_abnormality_1,1346,1789813311.1580129,4693.4,125.95,744.12,4.38,104.24,0.0669,20.05,14.27,21.06,75.0,1500.0,15.2,healthy,0.0
fault_injector_abnormality_1,1347,1789813312.1580129,4678.9,125.85,742.25,4.26,104.42,0.0741,20.11,14.26,20.92,75.0,1500.0,15.2,healthy,0.0
fault_injector_abnormality_1,1348,1789813313.1580129,4689.1,125.96,740.88,4.33,104.36,0.073,20.25,14.23,20.87,75.0,1500.0,15.2,healthy,0.0
fault_injector_abnormality_1,1349,1789813314.1580129,4710.0,126.18,739.75,4.36,104.28,0.0716,20.3,14.19,21.12,75.0,1500.0,15.2,healthy,0.0
fault_injector_abnormality_1,1350,1789813315.1580129,4708.3,126.1,739.18,4.25,104.39,0.0739,20.07,14.12,21.23,75.0,1500.0,15.2,healthy,0.0
fault_injector_abnormality_1,1351,1789813316.1580129,4683.2,125.95,737.81,4.22,104.29,0.0788,20.34,14.16,21.07,75.0,1500.0,15.2,healthy,0.0
fault_injector_abnormality_1,1352,1789813317.1580129,4698.9,125.91,732.06,4.25,104.09,0.0712,20.31,14.08,21.24,75.0,1500.0,15.2,healthy,0.0
fault_injector_abnormality_1,1353,1789813318.1580129,4684.3,125.67,734.5,4.28,104.11,0.0719,20.31,14.07,20.95,75.0,1500.0,15.2,healthy,0.0
fault_injector_abnormality_1,1354,1789813319.1580129,4687.6,125.9,733.91,4.29,104.27,0.0658,20.29,13.99,20.72,75.0,1500.0,15.2,healthy,0.0
fault_injector_abnormality_1,1355,1789813320.1580129,4695.7,125.92,733.84,4.23,104.52,0.071,20.27,14.0,20.91,75.0,1500.0,15.2,healthy,0.0
fault_injector_abnormality_1,1356,1789813321.1580129,4701.1,126.05,737.24,4.31,104.58,0.0695,20.24,14.08,21.45,75.0,1500.0,15.2,healthy,0.0
fault_injector_abnormality_1,1357,1789813322.1580129,4700.8,125.91,741.39,4.29,104.68,0.072,20.34,13.98,21.42,75.0,1500.0,15.2,healthy,0.0
fault_injector_abnormality_1,1358,1789813323.1580129,4707.0,126.34,741.44,4.23,104.73,0.071,20.31,13.99,21.53,75.0,1500.0,15.2,healthy,0.0
fault_injector_abnormality_1,1359,1789813324.1580129,4708.5,126.34,740.96,4.25,104.62,0.0709,20.32,13.95,21.58,75.0,1500.0,15.2,healthy,0.0
fault_injector_abnormality_1,1360,1789813325.1580129,4721.3,126.06,742.84,4.28,104.66,0.0804,20.33,13.98,21.22,75.0,1500.0,15.2,healthy,0.0
fault_injector_abnormality_1,1361,1789813326.1580129,4720.8,126.17,745.03,4.33,104.62,0.0724,20.28,14.07,20.6,75.0,1500.0,15.2,healthy,0.0
fault_injector_abnormality_1,1362,1789813327.1580129,4761.7,126.23,744.9,4.37,104.67,0.0727,20.35,14.11,20.78,75.0,1500.0,15.2,healthy,0.0
fault_injector_abnormality_1,1363,1789813328.1580129,4736.1,126.1,744.49,4.33,104.61,0.0718,20.18,14.14,21.01,75.0,1500.0,15.2,healthy,0.0
fault_injector_abnormality_1,1364,1789813329.1580129,4749.0,126.19,743.13,4.27,104.52,0.0734,20.09,14.11,20.93,75.0,1500.0,15.2,healthy,0.0
fault_injector_abnormality_1,1365,1789813330.1580129,4758.0,126.59,741.89,4.34,104.3,0.0652,20.07,14.15,21.19,75.0,1500.0,15.2,healthy,0.0
fault_injector_abnormality_1,1366,1789813331.1580129,4741.7,126.38,742.29,4.35,104.41,0.0681,20.15,14.2,21.26,75.0,1500.0,15.2,healthy,0.0
fault_injector_abnormality_1,1367,1789813332.1580129,4700.5,126.52,740.56,4.41,104.47,0.0803,20.11,14.21,20.98,75.0,1500.0,15.2,healthy,0.0
fault_injector_abnormality_1,1368,1789813333.1580129,4720.1,126.64,738.83,4.41,104.44,0.0749,20.24,14.16,20.83,75.0,1500.0,15.2,healthy,0.0
fault_injector_abnormality_1,1369,1789813334.1580129,4704.8,126.6,737.86,4.38,104.35,0.0758,20.22,14.1,21.07,75.0,1500.0,15.2,healthy,0.0
fault_injector_abnormality_1,1370,1789813335.1580129,4697.0,126.81,737.64,4.3,104.24,0.0751,20.31,14.07,21.18,75.0,1500.0,15.2,healthy,0.0
fault_injector_abnormality_1,1371,1789813336.1580129,4709.7,126.67,739.61,4.37,104.24,0.0853,20.46,14.05,21.32,75.0,1500.0,15.2,healthy,0.0
fault_injector_abnormality_1,1372,1789813337.1580129,4700.7,126.71,739.48,4.44,104.19,0.0876,20.29,14.09,21.4,75.0,1500.0,15.2,healthy,0.0
fault_injector_abnormality_1,1373,1789813338.1580129,4698.2,127.09,734.87,4.53,104.13,0.074,20.49,14.15,21.48,75.0,1500.0,15.2,healthy,0.0
fault_injector_abnormality_1,1374,1789813339.1580129,4694.1,126.8,733.51,4.52,104.13,0.0757,20.37,14.14,21.66,75.0,1500.0,15.2,healthy,0.0
fault_injector_abnormality_1,1375,1789813340.1580129,4693.6,126.65,736.86,4.54,104.01,0.0733,20.24,14.2,21.34,75.0,1500.0,15.2,healthy,0.0
fault_injector_abnormality_1,1376,1789813341.1580129,4703.6,126.73,735.32,4.49,103.95,0.0707,20.35,14.23,21.36,75.0,1500.0,15.2,healthy,0.0
fault_injector_abnormality_1,1377,1789813342.1580129,4699.5,126.82,732.54,4.38,103.98,0.0651,20.27,14.25,21.27,75.0,1500.0,15.2,healthy,0.0
fault_injector_abnormality_1,1378,1789813343.1580129,4722.9,126.71,732.66,4.38,103.86,0.0674,20.3,14.24,21.23,75.0,1500.0,15.2,healthy,0.0
fault_injector_abnormality_1,1379,1789813344.1580129,4729.1,127.18,733.21,4.37,103.7,0.0818,20.28,14.2,21.0,75.0,1500.0,15.2,healthy,0.0
fault_injector_abnormality_1,1380,1789813345.1580129,4735.1,127.46,734.21,4.36,103.74,0.08,20.26,14.22,20.89,75.0,1500.0,15.2,healthy,0.0
fault_injector_abnormality_1,1381,1789813346.1580129,4709.7,127.46,730.22,4.34,103.71,0.0765,20.02,14.22,21.52,75.0,1500.0,15.2,healthy,0.0
fault_injector_abnormality_1,1382,1789813347.1580129,4711.6,127.47,731.0,4.39,103.5,0.0705,20.07,14.18,21.71,75.0,1500.0,15.2,healthy,0.0
fault_injector_abnormality_1,1383,1789813348.1580129,4720.5,127.1,734.38,4.33,103.28,0.0747,20.05,14.25,21.54,75.0,1500.0,15.2,healthy,0.0
fault_injector_abnormality_1,1384,1789813349.1580129,4730.6,127.18,734.65,4.19,103.31,0.0724,20.02,14.23,21.5,75.0,1500.0,15.2,healthy,0.0
fault_injector_abnormality_1,1385,1789813350.1580129,4737.5,126.84,730.42,4.36,103.23,0.0838,20.02,14.21,21.47,75.0,1500.0,15.2,healthy,0.0
fault_injector_abnormality_1,1386,1789813351.1580129,4727.4,127.09,733.58,4.34,103.22,0.0738,20.1,14.2,21.45,75.0,1500.0,15.2,healthy,0.0
fault_injector_abnormality_1,1387,1789813352.1580129,4736.0,126.81,733.32,4.34,103.35,0.0763,20.21,14.08,21.45,75.0,1500.0,15.2,healthy,0.0
fault_injector_abnormality_1,1388,1789813353.1580129,4707.2,126.87,730.79,4.3,103.43,0.0785,20.33,14.09,21.29,75.0,1500.0,15.2,healthy,0.0
fault_injector_abnormality_1,1389,1789813354.1580129,4716.8,127.02,733.71,4.23,103.39,0.0797,20.38,14.1,21.21,75.0,1500.0,15.2,healthy,0.0
fault_injector_abnormality_1,1390,1789813355.1580129,4728.2,126.93,734.06,4.27,103.49,0.0879,20.52,14.21,21.12,75.0,1500.0,15.2,healthy,0.0
fault_injector_abnormality_1,1391,1789813356.1580129,4733.6,126.65,730.66,4.36,103.47,0.0749,20.39,14.31,21.25,75.0,1500.0,15.2,healthy,0.0
fault_injector_abnormality_1,1392,1789813357.1580129,4736.3,126.7,725.07,4.29,103.47,0.0746,20.25,14.21,21.14,75.0,1500.0,15.2,healthy,0.0
fault_injector_abnormality_1,1393,1789813358.1580129,4735.9,126.77,731.73,4.26,103.45,0.0691,20.33,14.19,20.96,75.0,1500.0,15.2,healthy,0.0
fault_injector_abnormality_1,1394,1789813359.1580129,4731.3,126.56,732.17,4.28,103.54,0.0726,20.33,14.18,20.99,75.0,1500.0,15.2,healthy,0.0
fault_injector_abnormality_1,1395,1789813360.1580129,4703.0,126.63,733.61,4.28,103.65,0.0727,20.26,14.23,20.91,75.0,1500.0,15.2,healthy,0.0
fault_injector_abnormality_1,1396,1789813361.1580129,4710.9,126.57,735.0,4.17,103.66,0.0733,20.3,14.2,21.27,75.0,1500.0,15.2,healthy,0.0
fault_injector_abnormality_1,1397,1789813362.1580129,4693.5,126.44,735.59,4.22,103.6,0.0766,20.28,14.18,21.47,75.0,1500.0,15.2,healthy,0.0
fault_injector_abnormality_1,1398,1789813363.1580129,4685.1,126.85,736.81,4.22,103.56,0.0746,20.27,14.12,21.28,75.0,1500.0,15.2,healthy,0.0
fault_injector_abnormality_1,1399,1789813364.1580129,4666.6,126.36,742.92,4.24,103.36,0.0729,20.31,14.1,21.04,75.0,1500.0,15.2,healthy,0.0
fault_injector_abnormality_1,1400,1789813365.1580129,4673.5,126.06,741.13,4.22,103.38,0.0681,20.42,14.1,21.15,75.0,1500.0,15.2,healthy,0.0
fault_injector_abnormality_1,1401,1789813366.1580129,4684.1,126.17,743.78,4.26,103.26,0.068,20.19,14.15,20.99,75.0,1500.0,15.2,healthy,0.0
fault_injector_abnormality_1,1402,1789813367.1580129,4700.9,125.96,744.73,4.27,103.31,0.0722,20.21,14.24,21.11,75.0,1500.0,15.2,healthy,0.0
fault_injector_abnormality_1,1403,1789813368.1580129,4713.0,125.8,744.04,4.31,103.48,0.0637,20.17,14.21,21.2,75.0,1500.0,15.2,healthy,0.0
fault_injector_abnormality_1,1404,1789813369.1580129,4708.1,125.72,743.17,4.3,103.55,0.0564,20.26,14.25,21.29,75.0,1500.0,15.2,healthy,0.0
fault_injector_abnormality_1,1405,1789813370.1580129,4694.3,126.02,745.76,4.33,103.53,0.0598,20.21,14.23,21.27,75.0,1500.0,15.2,healthy,0.0
fault_injector_abnormality_1,1406,1789813371.1580129,4648.8,126.04,749.57,4.21,103.6,0.0628,20.18,14.26,21.12,75.0,1500.0,15.2,healthy,0.0
fault_injector_abnormality_1,1407,1789813372.1580129,4660.2,126.02,750.88,4.26,103.57,0.0549,20.11,14.29,21.16,75.0,1500.0,15.2,healthy,0.0
fault_injector_abnormality_1,1408,1789813373.1580129,4676.3,125.99,748.45,4.25,103.61,0.0584,20.11,14.34,20.82,75.0,1500.0,15.2,healthy,0.0
fault_injector_abnormality_1,1409,1789813374.1580129,4684.9,125.93,746.82,4.32,103.64,0.0566,20.13,14.39,20.81,75.0,1500.0,15.2,healthy,0.0
fault_injector_abnormality_1,1410,1789813375.1580129,4674.1,126.05,744.79,4.26,103.74,0.0655,20.44,14.37,21.07,75.0,1500.0,15.2,healthy,0.0
fault_injector_abnormality_1,1411,1789813376.1580129,4682.6,126.01,749.28,4.3,103.85,0.071,20.33,14.41,20.81,75.0,1500.0,15.2,healthy,0.0
fault_injector_abnormality_1,1412,1789813377.1580129,4680.4,126.15,748.06,4.31,103.81,0.0626,20.39,14.43,20.93,75.0,1500.0,15.2,healthy,0.0
fault_injector_abnormality_1,1413,1789813378.1580129,4701.7,125.97,745.97,4.25,104.05,0.0602,20.34,14.39,21.14,75.0,1500.0,15.2,healthy,0.0
fault_injector_abnormality_1,1414,1789813379.1580129,4716.6,125.75,739.57,4.13,104.14,0.0642,20.35,14.38,21.37,75.0,1500.0,15.2,healthy,0.0
fault_injector_abnormality_1,1415,1789813380.1580129,4701.8,125.24,736.02,4.23,104.19,0.0652,20.24,14.45,21.05,75.0,1500.0,15.2,healthy,0.0
fault_injector_abnormality_1,1416,1789813381.1580129,4725.7,125.15,737.3,4.28,104.28,0.0578,20.31,14.45,21.1,75.0,1500.0,15.2,healthy,0.0
fault_injector_abnormality_1,1417,1789813382.1580129,4746.4,125.11,736.24,4.29,104.17,0.0702,20.14,14.38,21.03,75.0,1500.0,15.2,healthy,0.0
fault_injector_abnormality_1,1418,1789813383.1580129,4727.2,125.06,735.72,4.33,104.02,0.0727,20.19,14.35,21.17,75.0,1500.0,15.2,healthy,0.0
fault_injector_abnormality_1,1419,1789813384.1580129,4727.3,125.03,733.11,4.26,103.92,0.0823,20.44,14.28,20.79,75.0,1500.0,15.2,healthy,0.0
fault_injector_abnormality_1,1420,1789813385.1580129,4696.6,125.14,733.73,4.28,103.86,0.0874,20.39,14.27,20.96,75.0,1500.0,15.2,healthy,0.0
fault_injector_abnormality_1,1421,1789813386.1580129,4694.3,125.09,731.48,4.27,103.71,0.0903,20.18,14.22,20.88,75.0,1500.0,15.2,healthy,0.0
fault_injector_abnormality_1,1422,1789813387.1580129,4686.4,125.52,732.47,4.28,103.57,0.0878,20.14,14.21,21.32,75.0,1500.0,15.2,healthy,0.0
fault_injector_abnormality_1,1423,1789813388.1580129,4694.7,125.53,735.99,4.3,103.59,0.0831,20.33,14.26,21.63,75.0,1500.0,15.2,healthy,0.0
fault_injector_abnormality_1,1424,1789813389.1580129,4721.2,125.68,739.65,4.31,103.74,0.0781,20.27,14.22,21.2,75.0,1500.0,15.2,healthy,0.0
fault_injector_abnormality_1,1425,1789813390.1580129,4712.6,126.0,743.17,4.3,103.68,0.0749,20.13,14.18,21.06,75.0,1500.0,15.2,healthy,0.0
fault_injector_abnormality_1,1426,1789813391.1580129,4718.0,126.27,739.56,4.34,103.54,0.0743,20.16,14.17,20.89,75.0,1500.0,15.2,healthy,0.0
fault_injector_abnormality_1,1427,1789813392.1580129,4684.0,126.39,748.19,4.34,103.38,0.0711,20.15,14.09,20.85,75.0,1500.0,15.2,healthy,0.0
fault_injector_abnormality_1,1428,1789813393.1580129,4683.4,126.52,745.36,4.39,103.4,0.069,20.1,14.14,20.73,75.0,1500.0,15.2,healthy,0.0
fault_injector_abnormality_1,1429,1789813394.1580129,4659.1,126.33,748.28,4.34,103.33,0.0703,20.27,14.03,21.15,75.0,1500.0,15.2,healthy,0.0
fault_injector_abnormality_1,1430,1789813395.1580129,4647.5,126.67,739.6,4.26,103.3,0.0702,20.22,14.1,21.21,75.0,1500.0,15.2,healthy,0.0
fault_injector_abnormality_1,1431,1789813396.1580129,4664.3,126.47,733.89,4.33,103.37,0.0678,20.26,14.13,20.91,75.0,1500.0,15.2,healthy,0.0
fault_injector_abnormality_1,1432,1789813397.1580129,4679.1,126.53,732.62,4.28,103.54,0.0681,20.34,14.18,20.87,75.0,1500.0,15.2,healthy,0.0
fault_injector_abnormality_1,1433,1789813398.1580129,4678.0,125.97,730.73,4.28,103.78,0.0708,20.33,14.15,20.97,75.0,1500.0,15.2,healthy,0.0
fault_injector_abnormality_1,1434,1789813399.1580129,4674.0,125.83,729.39,4.41,103.84,0.0806,20.39,14.09,21.02,75.0,1500.0,15.2,healthy,0.0
fault_injector_abnormality_1,1435,1789813400.1580129,4682.2,125.9,731.13,4.47,103.89,0.0689,20.34,14.14,21.07,75.0,1500.0,15.2,healthy,0.0
fault_injector_abnormality_1,1436,1789813401.1580129,4695.3,126.19,732.14,4.45,103.92,0.0736,20.19,14.12,20.8,75.0,1500.0,15.2,healthy,0.0
fault_injector_abnormality_1,1437,1789813402.1580129,4689.8,126.09,729.27,4.45,104.08,0.0805,20.11,14.21,21.16,75.0,1500.0,15.2,healthy,0.0
fault_injector_abnormality_1,1438,1789813403.1580129,4672.4,126.19,729.38,4.43,104.27,0.0738,20.14,14.18,20.83,75.0,1500.0,15.2,healthy,0.0
fault_injector_abnormality_1,1439,1789813404.1580129,4680.9,125.93,733.37,4.42,104.28,0.0711,20.1,14.19,21.33,75.0,1500.0,15.2,healthy,0.0
fault_injector_abnormality_1,1440,1789813405.1580129,4674.4,126.05,736.49,4.38,104.39,0.0642,20.07,14.16,21.24,75.0,1500.0,15.2,healthy,0.0
fault_injector_abnormality_1,1441,1789813406.1580129,4682.9,126.0,742.34,4.43,104.38,0.0744,20.13,14.11,21.45,75.0,1500.0,15.2,healthy,0.0
fault_injector_abnormality_1,1442,1789813407.1580129,4679.2,126.12,742.32,4.45,104.33,0.0694,20.12,14.15,21.32,75.0,1500.0,15.2,healthy,0.0
fault_injector_abnormality_1,1443,1789813408.1580129,4692.4,126.24,744.48,4.36,104.25,0.0723,19.99,14.09,21.26,75.0,1500.0,15.2,healthy,0.0
fault_injector_abnormality_1,1444,1789813409.1580129,4691.9,125.95,746.52,4.33,104.09,0.0687,19.93,14.08,20.87,75.0,1500.0,15.2,healthy,0.0
fault_injector_abnormality_1,1445,1789813410.1580129,4691.6,125.7,745.04,4.36,104.16,0.0676,20.16,14.04,21.09,75.0,1500.0,15.2,healthy,0.0
fault_injector_abnormality_1,1446,1789813411.1580129,4672.7,125.79,749.51,4.35,104.02,0.0681,20.35,14.03,20.86,75.0,1500.0,15.2,healthy,0.0
fault_injector_abnormality_1,1447,1789813412.1580129,4691.1,125.89,740.57,4.34,103.95,0.0712,20.37,14.08,21.12,75.0,1500.0,15.2,healthy,0.0
fault_injector_abnormality_1,1448,1789813413.1580129,4699.1,125.91,739.14,4.41,103.8,0.0741,20.29,14.14,21.01,75.0,1500.0,15.2,healthy,0.0
fault_injector_abnormality_1,1449,1789813414.1580129,4707.8,126.08,739.47,4.36,103.81,0.0726,20.31,14.13,21.06,75.0,1500.0,15.2,healthy,0.0
fault_injector_abnormality_1,1450,1789813415.1580129,4697.5,126.07,735.98,4.41,103.74,0.0726,20.34,14.11,21.05,75.0,1500.0,15.2,healthy,0.0
fault_injector_abnormality_1,1451,1789813416.1580129,4678.7,126.0,737.52,4.4,103.64,0.0782,20.09,14.13,20.96,75.0,1500.0,15.2,healthy,0.0
fault_injector_abnormality_1,1452,1789813417.1580129,4673.9,125.93,743.55,4.37,103.69,0.0727,20.2,14.1,21.26,75.0,1500.0,15.2,healthy,0.0
fault_injector_abnormality_1,1453,1789813418.1580129,4674.6,125.98,741.78,4.4,103.6,0.0728,20.28,14.12,21.36,75.0,1500.0,15.2,healthy,0.0
fault_injector_abnormality_1,1454,1789813419.1580129,4677.0,126.04,737.68,4.37,103.4,0.0682,20.24,14.16,21.43,75.0,1500.0,15.2,healthy,0.0
fault_injector_abnormality_1,1455,1789813420.1580129,4680.0,126.0,734.18,4.43,103.38,0.0655,20.13,14.06,20.72,75.0,1500.0,15.2,healthy,0.0
fault_injector_abnormality_1,1456,1789813421.1580129,4676.9,125.93,735.95,4.43,103.45,0.0678,20.14,14.19,21.02,75.0,1500.0,15.2,healthy,0.0
fault_injector_abnormality_1,1457,1789813422.1580129,4689.0,126.22,730.21,4.39,103.36,0.067,20.29,14.15,21.41,75.0,1500.0,15.2,healthy,0.0
fault_injector_abnormality_1,1458,1789813423.1580129,4691.8,126.26,729.12,4.4,103.43,0.0627,20.3,14.19,21.35,75.0,1500.0,15.2,healthy,0.0
fault_injector_abnormality_1,1459,1789813424.1580129,4691.1,126.16,727.83,4.39,103.53,0.0611,20.34,14.16,21.42,75.0,1500.0,15.2,healthy,0.0
fault_injector_abnormality_1,1460,1789813425.1580129,4678.6,126.19,732.11,4.39,103.5,0.0654,20.34,14.21,21.3,75.0,1500.0,15.2,healthy,0.0
fault_injector_abnormality_1,1461,1789813426.1580129,4676.5,126.38,735.12,4.37,103.52,0.0678,20.26,14.11,21.1,75.0,1500.0,15.2,healthy,0.0
fault_injector_abnormality_1,1462,1789813427.1580129,4674.2,126.09,736.66,4.41,103.41,0.0717,20.33,14.14,21.19,75.0,1500.0,15.2,healthy,0.0
fault_injector_abnormality_1,1463,1789813428.1580129,4689.8,125.72,744.14,4.38,103.33,0.0719,20.32,14.11,21.05,75.0,1500.0,15.2,healthy,0.0
fault_injector_abnormality_1,1464,1789813429.1580129,4715.3,126.06,744.59,4.28,103.3,0.0748,20.43,14.14,20.73,75.0,1500.0,15.2,healthy,0.0
fault_injector_abnormality_1,1465,1789813430.1580129,4710.0,125.82,744.23,4.29,103.33,0.0805,20.33,14.22,20.92,75.0,1500.0,15.2,healthy,0.0
fault_injector_abnormality_1,1466,1789813431.1580129,4700.8,125.69,743.32,4.33,103.33,0.0778,20.4,14.23,20.85,75.0,1500.0,15.2,healthy,0.0
fault_injector_abnormality_1,1467,1789813432.1580129,4677.1,126.07,748.58,4.3,103.42,0.0826,20.29,14.19,20.98,75.0,1500.0,15.2,healthy,0.0
fault_injector_abnormality_1,1468,1789813433.1580129,4659.7,126.17,746.47,4.23,103.39,0.0827,20.29,14.26,20.81,75.0,1500.0,15.2,healthy,0.0
fault_injector_abnormality_1,1469,1789813434.1580129,4640.6,126.24,749.6,4.29,103.31,0.078,20.34,14.23,21.19,75.0,1500.0,15.2,healthy,0.0
fault_injector_abnormality_1,1470,1789813435.1580129,4647.2,126.27,744.98,4.32,103.31,0.0766,20.44,14.3,21.01,75.0,1500.0,15.2,healthy,0.0
fault_injector_abnormality_1,1471,1789813436.1580129,4650.9,126.08,742.33,4.36,103.4,0.0699,20.34,14.28,21.13,75.0,1500.0,15.2,healthy,0.0
fault_injector_abnormality_1,1472,1789813437.1580129,4671.8,125.78,739.0,4.42,103.56,0.074,20.36,14.36,21.33,75.0,1500.0,15.2,healthy,0.0
fault_injector_abnormality_1,1473,1789813438.1580129,4698.5,126.11,739.4,4.49,103.7,0.0721,20.3,14.34,20.84,75.0,1500.0,15.2,healthy,0.0
fault_injector_abnormality_1,1474,1789813439.1580129,4701.1,125.84,735.62,4.49,103.59,0.0611,20.28,14.25,21.02,75.0,1500.0,15.2,healthy,0.0
fault_injector_abnormality_1,1475,1789813440.1580129,4711.9,125.95,734.42,4.57,103.58,0.0682,20.31,14.16,21.33,75.0,1500.0,15.2,healthy,0.0
fault_injector_abnormality_1,1476,1789813441.1580129,4720.1,125.97,735.93,4.45,103.77,0.0735,20.15,14.05,21.1,75.0,1500.0,15.2,healthy,0.0
fault_injector_abnormality_1,1477,1789813442.1580129,4692.0,126.25,737.93,4.37,103.76,0.074,20.02,14.1,21.04,75.0,1500.0,15.2,healthy,0.0
fault_injector_abnormality_1,1478,1789813443.1580129,4707.3,126.21,739.61,4.41,103.86,0.0687,20.14,14.11,20.98,75.0,1500.0,15.2,healthy,0.0
fault_injector_abnormality_1,1479,1789813444.1580129,4709.8,126.32,734.78,4.34,103.69,0.0727,20.22,14.14,20.88,75.0,1500.0,15.2,healthy,0.0
fault_injector_abnormality_1,1480,1789813445.1580129,4713.6,126.38,742.77,4.26,103.67,0.076,20.04,14.17,20.68,75.0,1500.0,15.2,healthy,0.0
fault_injector_abnormality_1,1481,1789813446.1580129,4716.3,126.35,736.02,4.36,103.8,0.0772,20.0,14.2,20.78,75.0,1500.0,15.2,healthy,0.0
fault_injector_abnormality_1,1482,1789813447.1580129,4722.5,126.47,739.81,4.4,103.77,0.0821,19.96,14.2,21.24,75.0,1500.0,15.2,healthy,0.0
fault_injector_abnormality_1,1483,1789813448.1580129,4728.5,126.14,738.64,4.42,103.84,0.0755,20.0,14.17,21.56,75.0,1500.0,15.2,healthy,0.0
fault_injector_abnormality_1,1484,1789813449.1580129,4708.4,126.26,738.97,4.41,103.66,0.0775,20.07,14.19,21.31,75.0,1500.0,15.2,healthy,0.0
fault_injector_abnormality_1,1485,1789813450.1580129,4704.4,126.43,735.72,4.37,103.83,0.0768,20.07,14.22,21.49,75.0,1500.0,15.2,healthy,0.0
fault_injector_abnormality_1,1486,1789813451.1580129,4698.7,126.77,739.18,4.32,103.73,0.0702,20.15,14.17,21.77,75.0,1500.0,15.2,healthy,0.0
fault_injector_abnormality_1,1487,1789813452.1580129,4680.2,126.63,738.46,4.29,103.98,0.0678,20.32,14.14,21.74,75.0,1500.0,15.2,healthy,0.0
fault_injector_abnormality_1,1488,1789813453.1580129,4688.7,126.44,736.34,4.27,103.96,0.073,20.28,14.15,21.65,75.0,1500.0,15.2,healthy,0.0
fault_injector_abnormality_1,1489,1789813454.1580129,4659.6,126.23,738.67,4.29,103.68,0.0782,20.31,14.19,21.51,75.0,1500.0,15.2,healthy,0.0
fault_injector_abnormality_1,1490,1789813455.1580129,4664.5,126.14,741.23,4.41,103.59,0.0717,20.31,14.13,21.41,75.0,1500.0,15.2,healthy,0.0
fault_injector_abnormality_1,1491,1789813456.1580129,4660.5,126.43,736.48,4.32,103.61,0.0698,20.22,14.19,21.26,75.0,1500.0,15.2,healthy,0.0
fault_injector_abnormality_1,1492,1789813457.1580129,4652.9,126.37,731.97,4.36,103.59,0.0717,20.07,14.11,21.3,75.0,1500.0,15.2,healthy,0.0
fault_injector_abnormality_1,1493,1789813458.1580129,4674.4,126.48,733.33,4.42,103.57,0.0726,20.2,14.09,21.36,75.0,1500.0,15.2,healthy,0.0
fault_injector_abnormality_1,1494,1789813459.1580129,4697.9,126.54,735.44,4.3,103.52,0.0675,20.09,14.07,21.09,75.0,1500.0,15.2,healthy,0.0
fault_injector_abnormality_1,1495,1789813460.1580129,4708.3,126.42,740.15,4.26,103.37,0.0644,20.01,14.0,21.15,75.0,1500.0,15.2,healthy,0.0
fault_injector_abnormality_1,1496,1789813461.1580129,4715.5,126.46,738.82,4.23,103.33,0.069,20.11,14.01,21.27,75.0,1500.0,15.2,healthy,0.0
fault_injector_abnormality_1,1497,1789813462.1580129,4733.0,126.58,738.1,4.3,103.35,0.0758,20.16,13.96,21.17,75.0,1500.0,15.2,healthy,0.0
fault_injector_abnormality_1,1498,1789813463.1580129,4754.5,126.4,740.29,4.29,103.37,0.0786,20.24,13.94,21.28,75.0,1500.0,15.2,healthy,0.0
fault_injector_abnormality_1,1499,1789813464.1580129,4734.6,126.17,742.46,4.32,103.3,0.0743,20.19,14.01,21.51,75.0,1500.0,15.2,healthy,0.0
fault_injector_abnormality_1,1500,1789813465.1580129,4721.2,125.92,743.06,4.31,103.35,0.0718,20.27,14.03,21.24,75.0,1500.0,15.2,healthy,0.0
fault_injector_abnormality_1,1501,1789813466.1580129,4709.2,125.72,742.52,4.3,103.29,0.0753,20.34,14.04,21.3,75.0,1500.0,15.2,healthy,0.0
fault_injector_abnormality_1,1502,1789813467.1580129,4716.4,125.84,739.35,4.31,103.38,0.0783,20.24,14.04,21.44,75.0,1500.0,15.2,healthy,0.0
fault_injector_abnormality_1,1503,1789813468.1580129,4719.7,125.88,737.66,4.31,103.46,0.0808,20.06,14.12,21.48,75.0,1500.0,15.2,healthy,0.0
fault_injector_abnormality_1,1504,1789813469.1580129,4707.8,125.37,742.21,4.31,103.55,0.0701,19.97,14.1,21.47,75.0,1500.0,15.2,healthy,0.0
fault_injector_abnormality_1,1505,1789813470.1580129,4696.3,125.44,741.37,4.33,103.69,0.0736,19.94,14.09,21.53,75.0,1500.0,15.2,healthy,0.0
fault_injector_abnormality_1,1506,1789813471.1580129,4699.5,125.78,739.88,4.36,103.77,0.0744,19.86,14.18,21.31,75.0,1500.0,15.2,healthy,0.0
fault_injector_abnormality_1,1507,1789813472.1580129,4715.1,125.89,734.35,4.42,103.82,0.0729,19.92,14.17,21.06,75.0,1500.0,15.2,healthy,0.0
fault_injector_abnormality_1,1508,1789813473.1580129,4711.7,125.97,739.23,4.38,103.84,0.0795,19.89,14.17,21.44,75.0,1500.0,15.2,healthy,0.0
fault_injector_abnormality_1,1509,1789813474.1580129,4716.0,126.23,741.5,4.38,103.82,0.0664,19.79,14.12,21.5,75.0,1500.0,15.2,healthy,0.0
fault_injector_abnormality_1,1510,1789813475.1580129,4712.1,125.95,741.97,4.37,103.92,0.0714,19.79,14.13,21.24,75.0,1500.0,15.2,healthy,0.0
fault_injector_abnormality_1,1511,1789813476.1580129,4713.7,126.13,740.94,4.4,103.86,0.0695,19.85,14.11,21.6,75.0,1500.0,15.2,healthy,0.0
fault_injector_abnormality_1,1512,1789813477.1580129,4727.6,126.12,739.58,4.46,103.74,0.0669,19.95,14.13,21.28,75.0,1500.0,15.2,healthy,0.0
fault_injector_abnormality_1,1513,1789813478.1580129,4731.1,125.96,739.98,4.46,103.83,0.0739,20.03,14.14,20.97,75.0,1500.0,15.2,healthy,0.0
fault_injector_abnormality_1,1514,1789813479.1580129,4738.9,125.95,742.68,4.39,103.98,0.0741,19.98,14.17,20.83,75.0,1500.0,15.2,healthy,0.0
fault_injector_abnormality_1,1515,1789813480.1580129,4710.4,126.13,742.99,4.36,103.79,0.0722,20.09,14.19,21.12,75.0,1500.0,15.2,healthy,0.0
fault_injector_abnormality_1,1516,1789813481.1580129,4716.2,126.34,743.69,4.38,103.79,0.068,20.21,14.17,20.92,75.0,1500.0,15.2,healthy,0.0
fault_injector_abnormality_1,1517,1789813482.1580129,4695.1,126.41,734.04,4.41,103.86,0.0774,20.07,14.19,21.38,75.0,1500.0,15.2,healthy,0.0
fault_injector_abnormality_1,1518,1789813483.1580129,4703.9,126.58,733.6,4.39,103.87,0.083,20.0,14.13,21.9,75.0,1500.0,15.2,healthy,0.0
fault_injector_abnormality_1,1519,1789813484.1580129,4706.9,126.57,734.34,4.39,103.92,0.0743,19.95,14.19,21.35,75.0,1500.0,15.2,healthy,0.0
fault_injector_abnormality_1,1520,1789813485.1580129,4694.6,126.49,740.52,4.31,103.99,0.0721,20.21,14.18,21.5,75.0,1500.0,15.2,healthy,0.0
fault_injector_abnormality_1,1521,1789813486.1580129,4716.3,126.43,738.04,4.35,104.01,0.0755,20.04,14.18,21.57,75.0,1500.0,15.2,healthy,0.0
fault_injector_abnormality_1,1522,1789813487.1580129,4712.3,125.81,734.7,4.35,104.08,0.0705,20.08,14.17,21.45,75.0,1500.0,15.2,healthy,0.0
fault_injector_abnormality_1,1523,1789813488.1580129,4735.2,126.02,733.68,4.38,104.03,0.074,20.13,14.17,21.68,75.0,1500.0,15.2,healthy,0.0
fault_injector_abnormality_1,1524,1789813489.1580129,4756.2,126.25,737.72,4.33,104.19,0.0702,20.19,14.18,21.36,75.0,1500.0,15.2,healthy,0.0
fault_injector_abnormality_1,1525,1789813490.1580129,4737.5,125.99,742.27,4.29,104.24,0.072,20.06,14.23,21.38,75.0,1500.0,15.2,healthy,0.0
fault_injector_abnormality_1,1526,1789813491.1580129,4713.0,126.19,743.17,4.42,104.12,0.0756,20.15,14.24,21.56,75.0,1500.0,15.2,healthy,0.0
fault_injector_abnormality_1,1527,1789813492.1580129,4705.2,126.9,739.83,4.35,104.11,0.074,19.92,14.31,21.11,75.0,1500.0,15.2,healthy,0.0
fault_injector_abnormality_1,1528,1789813493.1580129,4709.7,126.86,734.68,4.3,104.04,0.0705,20.05,14.45,21.5,75.0,1500.0,15.2,healthy,0.0
fault_injector_abnormality_1,1529,1789813494.1580129,4699.2,126.91,735.19,4.27,103.96,0.0792,20.23,14.46,21.03,75.0,1500.0,15.2,healthy,0.0
fault_injector_abnormality_1,1530,1789813495.1580129,4708.8,127.25,734.12,4.24,104.02,0.0714,20.17,14.39,21.4,75.0,1500.0,15.2,healthy,0.0
fault_injector_abnormality_1,1531,1789813496.1580129,4717.9,127.3,735.54,4.31,104.04,0.0619,20.1,14.43,21.01,75.0,1500.0,15.2,healthy,0.0
fault_injector_abnormality_1,1532,1789813497.1580129,4711.7,127.37,736.54,4.33,103.94,0.0646,20.03,14.44,20.89,75.0,1500.0,15.2,healthy,0.0
fault_injector_abnormality_1,1533,1789813498.1580129,4689.3,127.32,735.68,4.31,104.05,0.0697,20.13,14.42,21.24,75.0,1500.0,15.2,healthy,0.0
fault_injector_abnormality_1,1534,1789813499.1580129,4698.1,127.05,736.34,4.28,104.05,0.0721,20.18,14.34,21.58,75.0,1500.0,15.2,healthy,0.0
fault_injector_abnormality_1,1535,1789813500.1580129,4722.2,126.99,740.71,4.32,104.14,0.0722,20.09,14.36,21.31,75.0,1500.0,15.2,healthy,0.0
fault_injector_abnormality_1,1536,1789813501.1580129,4709.6,127.13,735.69,4.21,104.12,0.0671,20.24,14.36,21.42,75.0,1500.0,15.2,healthy,0.0
fault_injector_abnormality_1,1537,1789813502.1580129,4707.4,126.95,738.46,4.25,104.12,0.0758,20.37,14.31,21.06,75.0,1500.0,15.2,healthy,0.0
fault_injector_abnormality_1,1538,1789813503.1580129,4722.2,127.07,742.07,4.28,104.25,0.0712,20.41,14.24,21.32,75.0,1500.0,15.2,healthy,0.0
fault_injector_abnormality_1,1539,1789813504.1580129,4717.0,126.88,740.31,4.39,104.19,0.0756,20.31,14.23,20.74,75.0,1500.0,15.2,healthy,0.0
fault_injector_abnormality_1,1540,1789813505.1580129,4714.2,126.76,742.93,4.35,104.27,0.0786,20.29,14.15,20.81,75.0,1500.0,15.2,healthy,0.0
fault_injector_abnormality_1,1541,1789813506.1580129,4717.8,126.41,739.14,4.37,104.33,0.0811,20.15,14.19,20.75,75.0,1500.0,15.2,healthy,0.0
fault_injector_abnormality_1,1542,1789813507.1580129,4735.3,126.33,735.63,4.31,104.22,0.0719,20.1,14.16,20.94,75.0,1500.0,15.2,healthy,0.0
fault_injector_abnormality_1,1543,1789813508.1580129,4732.3,126.24,740.59,4.32,104.12,0.0689,20.07,14.2,21.04,75.0,1500.0,15.2,healthy,0.0
fault_injector_abnormality_1,1544,1789813509.1580129,4748.7,126.78,741.5,4.34,103.96,0.0712,20.27,14.22,21.4,75.0,1500.0,15.2,healthy,0.0
fault_injector_abnormality_1,1545,1789813510.1580129,4727.8,126.55,742.76,4.28,104.0,0.0721,20.27,14.23,21.34,75.0,1500.0,15.2,healthy,0.0
fault_injector_abnormality_1,1546,1789813511.1580129,4719.4,126.58,739.54,4.29,103.96,0.0737,20.36,14.22,21.47,75.0,1500.0,15.2,healthy,0.0
fault_injector_abnormality_1,1547,1789813512.1580129,4720.1,126.61,735.85,4.21,104.02,0.0722,20.32,14.15,21.07,75.0,1500.0,15.2,healthy,0.0
fault_injector_abnormality_1,1548,1789813513.1580129,4703.0,126.66,733.36,4.38,104.06,0.0766,20.43,14.13,20.74,75.0,1500.0,15.2,healthy,0.0
fault_injector_abnormality_1,1549,1789813514.1580129,4712.7,126.92,729.64,4.39,103.96,0.0816,20.3,14.21,20.96,75.0,1500.0,15.2,healthy,0.0
fault_injector_abnormality_1,1550,1789813515.1580129,4708.3,126.74,729.35,4.42,103.9,0.0818,20.25,14.16,21.39,75.0,1500.0,15.2,healthy,0.0
fault_injector_abnormality_1,1551,1789813516.1580129,4678.7,126.86,735.37,4.4,103.87,0.0818,20.53,14.16,21.26,75.0,1500.0,15.2,healthy,0.0
fault_injector_abnormality_1,1552,1789813517.1580129,4658.1,126.93,738.31,4.4,103.97,0.0754,20.39,14.15,21.09,75.0,1500.0,15.2,healthy,0.0
fault_injector_abnormality_1,1553,1789813518.1580129,4663.0,126.8,739.18,4.36,104.04,0.0723,20.48,14.05,20.85,75.0,1500.0,15.2,healthy,0.0
fault_injector_abnormality_1,1554,1789813519.1580129,4685.6,126.7,737.65,4.32,104.2,0.0735,20.44,14.1,21.06,75.0,1500.0,15.2,healthy,0.0
fault_injector_abnormality_1,1555,1789813520.1580129,4668.5,126.9,739.76,4.35,104.11,0.075,20.38,14.11,21.1,75.0,1500.0,15.2,healthy,0.0
fault_injector_abnormality_1,1556,1789813521.1580129,4686.9,126.83,741.54,4.28,104.17,0.0754,20.45,14.03,21.17,75.0,1500.0,15.2,healthy,0.0
fault_injector_abnormality_1,1557,1789813522.1580129,4676.2,126.58,740.89,4.35,104.09,0.082,20.53,14.03,21.07,75.0,1500.0,15.2,healthy,0.0
fault_injector_abnormality_1,1558,1789813523.1580129,4684.7,126.81,738.66,4.33,104.18,0.0731,20.21,14.05,21.54,75.0,1500.0,15.2,healthy,0.0
fault_injector_abnormality_1,1559,1789813524.1580129,4707.8,126.66,740.23,4.32,103.98,0.0757,20.16,13.99,21.19,75.0,1500.0,15.2,healthy,0.0
fault_injector_abnormality_1,1560,1789813525.1580129,4714.3,126.63,740.16,4.25,103.96,0.074,20.35,13.99,21.13,75.0,1500.0,15.2,healthy,0.0
fault_injector_abnormality_1,1561,1789813526.1580129,4702.0,126.72,744.86,4.29,104.02,0.0721,20.53,13.98,21.24,75.0,1500.0,15.2,healthy,0.0
fault_injector_abnormality_1,1562,1789813527.1580129,4687.7,126.94,742.16,4.28,103.94,0.0658,20.56,14.0,21.3,75.0,1500.0,15.2,healthy,0.0
fault_injector_abnormality_1,1563,1789813528.1580129,4700.2,126.83,741.87,4.29,103.96,0.0717,20.71,14.07,21.18,75.0,1500.0,15.2,healthy,0.0
fault_injector_abnormality_1,1564,1789813529.1580129,4713.3,126.73,745.17,4.29,103.99,0.0687,20.76,14.1,21.11,75.0,1500.0,15.2,healthy,0.0
fault_injector_abnormality_1,1565,1789813530.1580129,4743.4,126.78,739.69,4.36,103.89,0.0713,20.79,14.17,21.02,75.0,1500.0,15.2,healthy,0.0
fault_injector_abnormality_1,1566,1789813531.1580129,4731.5,126.44,740.99,4.37,103.91,0.0694,20.57,14.16,20.99,75.0,1500.0,15.2,healthy,0.0
fault_injector_abnormality_1,1567,1789813532.1580129,4737.1,126.55,735.12,4.33,103.72,0.0669,20.41,14.17,21.21,75.0,1500.0,15.2,healthy,0.0
fault_injector_abnormality_1,1568,1789813533.1580129,4731.7,126.21,734.02,4.38,103.77,0.0685,20.44,14.18,21.34,75.0,1500.0,15.2,healthy,0.0
fault_injector_abnormality_1,1569,1789813534.1580129,4742.5,126.32,737.35,4.25,103.8,0.0741,20.58,14.23,21.41,75.0,1500.0,15.2,healthy,0.0
fault_injector_abnormality_1,1570,1789813535.1580129,4745.7,126.53,740.22,4.28,103.66,0.0823,20.51,14.22,21.43,75.0,1500.0,15.2,healthy,0.0
fault_injector_abnormality_1,1571,1789813536.1580129,4728.7,126.35,743.89,4.29,103.52,0.0777,20.63,14.21,21.0,75.0,1500.0,15.2,healthy,0.0
fault_injector_abnormality_1,1572,1789813537.1580129,4728.7,126.39,743.05,4.28,103.78,0.0694,20.53,14.2,20.88,75.0,1500.0,15.2,healthy,0.0
fault_injector_abnormality_1,1573,1789813538.1580129,4724.6,126.43,743.53,4.32,103.85,0.0662,20.3,14.22,20.96,75.0,1500.0,15.2,healthy,0.0
fault_injector_abnormality_1,1574,1789813539.1580129,4703.2,126.54,741.8,4.34,103.89,0.0739,20.31,14.21,20.95,75.0,1500.0,15.2,healthy,0.0
fault_injector_abnormality_1,1575,1789813540.1580129,4689.1,126.6,737.38,4.38,104.02,0.0762,20.3,14.22,20.87,75.0,1500.0,15.2,healthy,0.0
fault_injector_abnormality_1,1576,1789813541.1580129,4671.5,126.39,742.26,4.38,104.1,0.0743,20.33,14.16,20.5,75.0,1500.0,15.2,healthy,0.0
fault_injector_abnormality_1,1577,1789813542.1580129,4677.3,126.56,742.1,4.4,104.05,0.0665,20.35,14.12,20.8,75.0,1500.0,15.2,healthy,0.0
fault_injector_abnormality_1,1578,1789813543.1580129,4656.4,126.21,742.28,4.4,104.01,0.0707,20.33,14.11,20.83,75.0,1500.0,15.2,healthy,0.0
fault_injector_abnormality_1,1579,1789813544.1580129,4681.6,126.49,742.91,4.37,103.95,0.0677,20.24,14.11,21.12,75.0,1500.0,15.2,healthy,0.0
fault_injector_abnormality_1,1580,1789813545.1580129,4691.2,126.71,732.32,4.37,104.05,0.0806,20.25,14.11,21.19,75.0,1500.0,15.2,healthy,0.0
fault_injector_abnormality_1,1581,1789813546.1580129,4693.5,126.84,731.82,4.39,103.99,0.0771,20.33,14.08,20.99,75.0,1500.0,15.2,healthy,0.0
fault_injector_abnormality_1,1582,1789813547.1580129,4710.0,126.8,735.43,4.37,104.13,0.0689,20.29,14.11,20.7,75.0,1500.0,15.2,healthy,0.0
fault_injector_abnormality_1,1583,1789813548.1580129,4709.4,126.81,739.7,4.39,104.23,0.071,20.39,14.04,20.86,75.0,1500.0,15.2,healthy,0.0
fault_injector_abnormality_1,1584,1789813549.1580129,4711.6,126.73,742.59,4.33,104.26,0.0722,20.31,14.0,20.76,75.0,1500.0,15.2,healthy,0.0
fault_injector_abnormality_1,1585,1789813550.1580129,4734.0,126.71,741.38,4.32,103.96,0.0734,20.6,14.04,20.82,75.0,1500.0,15.2,healthy,0.0
fault_injector_abnormality_1,1586,1789813551.1580129,4748.8,126.76,735.47,4.24,103.91,0.0757,20.46,14.04,21.13,75.0,1500.0,15.2,healthy,0.0
fault_injector_abnormality_1,1587,1789813552.1580129,4761.3,126.66,730.68,4.25,103.91,0.0611,20.37,14.06,21.45,75.0,1500.0,15.2,healthy,0.0
fault_injector_abnormality_1,1588,1789813553.1580129,4735.1,126.73,731.3,4.37,104.12,0.0725,20.34,14.09,21.43,75.0,1500.0,15.2,healthy,0.0
fault_injector_abnormality_1,1589,1789813554.1580129,4742.4,126.65,734.18,4.4,104.03,0.0741,20.21,14.15,21.37,75.0,1500.0,15.2,healthy,0.0
fault_injector_abnormality_1,1590,1789813555.1580129,4753.1,126.65,736.64,4.46,103.84,0.074,20.19,14.15,21.42,75.0,1500.0,15.2,healthy,0.0
fault_injector_abnormality_1,1591,1789813556.1580129,4740.9,126.3,733.68,4.42,103.68,0.0708,20.28,14.16,21.47,75.0,1500.0,15.2,healthy,0.0
fault_injector_abnormality_1,1592,1789813557.1580129,4752.3,126.13,738.55,4.44,103.66,0.0757,20.13,14.12,21.32,75.0,1500.0,15.2,healthy,0.0
fault_injector_abnormality_1,1593,1789813558.1580129,4753.5,126.18,738.33,4.38,103.49,0.0714,20.14,14.21,21.38,75.0,1500.0,15.2,healthy,0.0
fault_injector_abnormality_1,1594,1789813559.1580129,4723.9,126.11,743.22,4.4,103.66,0.0753,20.26,14.26,20.99,75.0,1500.0,15.2,healthy,0.0
fault_injector_abnormality_1,1595,1789813560.1580129,4721.0,126.13,744.19,4.3,103.79,0.0668,20.02,14.29,21.18,75.0,1500.0,15.2,healthy,0.0
fault_injector_abnormality_1,1596,1789813561.1580129,4699.8,126.16,741.9,4.35,103.68,0.0785,20.18,14.33,21.16,75.0,1500.0,15.2,healthy,0.0
fault_injector_abnormality_1,1597,1789813562.1580129,4693.8,126.2,740.26,4.34,103.8,0.0782,20.25,14.35,21.24,75.0,1500.0,15.2,healthy,0.0
fault_injector_abnormality_1,1598,1789813563.1580129,4700.7,126.11,733.37,4.33,103.84,0.0697,20.23,14.3,21.32,75.0,1500.0,15.2,healthy,0.0
fault_injector_abnormality_1,1599,1789813564.1580129,4721.5,126.0,740.0,4.37,103.92,0.0544,20.05,14.28,20.89,75.0,1500.0,15.2,healthy,0.0
fault_injector_abnormality_1,1600,1789813565.1580129,4740.0,126.45,739.38,4.28,103.85,0.0613,20.12,14.3,21.13,75.0,1500.0,15.2,healthy,0.0
fault_injector_abnormality_1,1601,1789813566.1580129,4741.3,126.58,743.39,4.25,103.84,0.0715,20.14,14.26,21.37,75.0,1500.0,15.2,healthy,0.0
fault_injector_abnormality_1,1602,1789813567.1580129,4731.3,126.53,740.92,4.27,104.02,0.068,20.22,14.24,21.18,75.0,1500.0,15.2,healthy,0.0
fault_injector_abnormality_1,1603,1789813568.1580129,4708.5,126.78,745.85,4.33,104.06,0.0714,20.33,14.18,21.23,75.0,1500.0,15.2,healthy,0.0
fault_injector_abnormality_1,1604,1789813569.1580129,4692.9,126.8,743.57,4.3,104.13,0.0789,20.38,14.18,20.86,75.0,1500.0,15.2,healthy,0.0
fault_injector_abnormality_1,1605,1789813570.1580129,4689.3,126.78,742.55,4.28,104.12,0.0849,20.06,14.07,20.83,75.0,1500.0,15.2,healthy,0.0
fault_injector_abnormality_1,1606,1789813571.1580129,4688.7,126.85,738.44,4.26,104.08,0.0779,20.3,14.05,20.97,75.0,1500.0,15.2,healthy,0.0
fault_injector_abnormality_1,1607,1789813572.1580129,4683.2,126.74,738.92,4.3,104.0,0.077,20.25,14.06,20.98,75.0,1500.0,15.2,healthy,0.0
fault_injector_abnormality_1,1608,1789813573.1580129,4683.8,126.67,738.4,4.3,103.83,0.0704,20.25,14.07,21.17,75.0,1500.0,15.2,healthy,0.0
fault_injector_abnormality_1,1609,1789813574.1580129,4689.5,126.48,743.09,4.32,103.9,0.0703,20.03,14.03,21.2,75.0,1500.0,15.2,healthy,0.0
fault_injector_abnormality_1,1610,1789813575.1580129,4683.2,126.62,744.17,4.35,103.82,0.0716,19.9,14.01,21.32,75.0,1500.0,15.2,healthy,0.0
fault_injector_abnormality_1,1611,1789813576.1580129,4691.5,126.91,746.23,4.38,103.79,0.0679,19.91,13.98,21.76,75.0,1500.0,15.2,healthy,0.0
fault_injector_abnormality_1,1612,1789813577.1580129,4711.8,126.96,744.02,4.34,103.7,0.0664,19.99,13.92,21.46,75.0,1500.0,15.2,healthy,0.0
fault_injector_abnormality_1,1613,1789813578.1580129,4733.0,126.74,740.13,4.28,103.58,0.0755,20.09,14.03,21.48,75.0,1500.0,15.2,healthy,0.0
fault_injector_abnormality_1,1614,1789813579.1580129,4725.1,126.65,741.19,4.33,103.58,0.0709,20.23,13.98,21.92,75.0,1500.0,15.2,healthy,0.0
fault_injector_abnormality_1,1615,1789813580.1580129,4739.1,126.78,741.26,4.32,103.59,0.0711,20.24,14.03,21.7,75.0,1500.0,15.2,healthy,0.0
fault_injector_abnormality_1,1616,1789813581.1580129,4740.9,126.54,738.84,4.31,103.6,0.0739,20.17,13.98,21.23,75.0,1500.0,15.2,healthy,0.0
fault_injector_abnormality_1,1617,1789813582.1580129,4705.5,127.07,738.86,4.31,103.59,0.0675,20.22,13.93,20.99,75.0,1500.0,15.2,healthy,0.0
fault_injector_abnormality_1,1618,1789813583.1580129,4716.8,127.19,741.81,4.31,103.63,0.0704,20.35,13.89,21.3,75.0,1500.0,15.2,healthy,0.0
fault_injector_abnormality_1,1619,1789813584.1580129,4677.9,127.12,739.71,4.2,103.72,0.0721,20.31,13.9,21.32,75.0,1500.0,15.2,healthy,0.0
fault_injector_abnormality_1,1620,1789813585.1580129,4687.9,126.82,742.63,4.3,103.86,0.0697,20.07,13.98,21.12,75.0,1500.0,15.2,healthy,0.0
fault_injector_abnormality_1,1621,1789813586.1580129,4723.9,126.67,742.36,4.32,103.87,0.0633,20.28,14.04,21.07,75.0,1500.0,15.2,healthy,0.0
fault_injector_abnormality_1,1622,1789813587.1580129,4712.7,126.74,740.44,4.24,103.97,0.0648,20.32,14.03,21.09,75.0,1500.0,15.2,healthy,0.0
fault_injector_abnormality_1,1623,1789813588.1580129,4721.6,126.71,739.29,4.19,103.8,0.0643,20.29,14.01,21.03,75.0,1500.0,15.2,healthy,0.0
fault_injector_abnormality_1,1624,1789813589.1580129,4716.2,126.54,742.47,4.22,103.91,0.0693,20.17,14.01,21.25,75.0,1500.0,15.2,healthy,0.0
fault_injector_abnormality_1,1625,1789813590.1580129,4716.3,126.57,740.72,4.29,103.8,0.0619,20.24,14.1,21.2,75.0,1500.0,15.2,healthy,0.0
fault_injector_abnormality_1,1626,1789813591.1580129,4697.5,126.39,739.63,4.33,103.7,0.0638,20.38,14.04,20.95,75.0,1500.0,15.2,healthy,0.0
fault_injector_abnormality_1,1627,1789813592.1580129,4680.8,126.28,738.27,4.3,103.65,0.0665,20.53,14.07,21.07,75.0,1500.0,15.2,healthy,0.0
fault_injector_abnormality_1,1628,1789813593.1580129,4686.9,126.61,741.92,4.34,103.55,0.06,20.31,14.08,21.33,75.0,1500.0,15.2,healthy,0.0
fault_injector_abnormality_1,1629,1789813594.1580129,4684.3,126.52,744.0,4.37,103.55,0.0641,20.27,14.12,21.15,75.0,1500.0,15.2,healthy,0.0
fault_injector_abnormality_1,1630,1789813595.1580129,4673.4,126.69,743.11,4.32,103.67,0.0722,20.24,14.11,20.94,75.0,1500.0,15.2,healthy,0.0
fault_injector_abnormality_1,1631,1789813596.1580129,4688.9,126.55,741.22,4.39,103.79,0.0764,20.14,14.2,21.18,75.0,1500.0,15.2,healthy,0.0
fault_injector_abnormality_1,1632,1789813597.1580129,4697.6,126.74,740.56,4.38,103.74,0.0782,20.24,14.13,21.21,75.0,1500.0,15.2,injector_abnormality,0.8
fault_injector_abnormality_1,1633,1789813598.1580129,4696.0,126.66,739.94,4.38,103.79,0.077,20.11,14.03,21.19,75.0,1500.0,15.2,injector_abnormality,0.8
fault_injector_abnormality_1,1634,1789813599.1580129,4679.7,126.29,739.68,4.38,103.81,0.0701,20.12,14.1,21.27,75.0,1500.0,15.2,injector_abnormality,0.8
fault_injector_abnormality_1,1635,1789813600.1580129,4672.6,126.06,749.22,4.42,103.86,0.0645,20.2,14.16,21.0,75.0,1500.0,15.2,injector_abnormality,0.8
fault_injector_abnormality_1,1636,1789813601.1580129,4685.3,126.04,748.83,4.36,103.85,0.0615,20.33,14.23,21.35,75.0,1500.0,15.2,injector_abnormality,0.8
fault_injector_abnormality_1,1637,1789813602.1580129,4699.3,126.32,746.47,4.31,103.94,0.0622,20.4,14.22,21.31,75.0,1500.0,15.2,injector_abnormality,0.8
fault_injector_abnormality_1,1638,1789813603.1580129,4717.3,126.26,746.54,4.38,103.99,0.0681,20.41,14.19,21.15,75.0,1500.0,15.2,injector_abnormality,0.8
fault_injector_abnormality_1,1639,1789813604.1580129,4705.8,126.1,747.63,4.43,103.98,0.0675,20.55,14.25,21.39,75.0,1500.0,15.2,injector_abnormality,0.8
fault_injector_abnormality_1,1640,1789813605.1580129,4728.5,125.76,748.53,4.42,104.08,0.0704,20.61,14.2,21.15,75.0,1500.0,15.2,injector_abnormality,0.8
fault_injector_abnormality_1,1641,1789813606.1580129,4733.4,125.78,749.45,4.38,103.99,0.0724,20.45,14.23,20.7,75.0,1500.0,15.2,injector_abnormality,0.8
fault_injector_abnormality_1,1642,1789813607.1580129,4718.5,125.92,744.77,4.39,103.87,0.078,20.49,14.28,20.71,75.0,1500.0,15.2,injector_abnormality,0.8
fault_injector_abnormality_1,1643,1789813608.1580129,4734.6,126.34,738.99,4.47,103.71,0.0695,20.4,14.31,21.31,75.0,1500.0,15.2,injector_abnormality,0.8
fault_injector_abnormality_1,1644,1789813609.1580129,4726.1,126.46,742.03,4.44,103.81,0.0687,20.4,14.28,21.36,75.0,1500.0,15.2,injector_abnormality,0.8
fault_injector_abnormality_1,1645,1789813610.1580129,4736.5,126.66,743.96,4.37,103.82,0.0655,20.41,14.25,21.49,75.0,1500.0,15.2,injector_abnormality,0.8
fault_injector_abnormality_1,1646,1789813611.1580129,4725.3,126.5,739.01,4.39,103.85,0.0604,20.17,14.26,21.26,75.0,1500.0,15.2,injector_abnormality,0.8
fault_injector_abnormality_1,1647,1789813612.1580129,4713.7,126.19,742.72,4.43,103.75,0.0651,20.24,14.35,21.41,75.0,1500.0,15.2,injector_abnormality,0.8
fault_injector_abnormality_1,1648,1789813613.1580129,4714.1,126.46,744.09,4.41,103.74,0.0769,20.17,14.36,21.44,75.0,1500.0,15.2,injector_abnormality,0.8
fault_injector_abnormality_1,1649,1789813614.1580129,4708.9,126.59,746.15,4.32,103.68,0.0858,20.05,14.35,21.24,75.0,1500.0,15.2,injector_abnormality,0.8
fault_injector_abnormality_1,1650,1789813615.1580129,4690.4,126.69,739.26,4.27,103.81,0.09,20.11,14.32,21.24,75.0,1500.0,15.2,injector_abnormality,0.8
fault_injector_abnormality_1,1651,1789813616.1580129,4700.5,127.07,741.14,4.23,103.76,0.0906,20.24,14.32,21.48,75.0,1500.0,15.2,injector_abnormality,0.8
fault_injector_abnormality_1,1652,1789813617.1580129,4704.1,127.11,739.46,4.32,103.72,0.0822,20.32,14.23,21.6,75.0,1500.0,15.2,injector_abnormality,0.8
fault_injector_abnormality_1,1653,1789813618.1580129,4697.6,126.99,738.53,4.33,103.67,0.0808,20.16,14.28,21.63,75.0,1500.0,15.2,injector_abnormality,0.8
fault_injector_abnormality_1,1654,1789813619.1580129,4704.3,127.29,736.17,4.36,103.54,0.0803,20.09,14.14,21.56,75.0,1500.0,15.2,injector_abnormality,0.8
fault_injector_abnormality_1,1655,1789813620.1580129,4691.0,126.97,735.98,4.31,103.43,0.0844,20.03,14.14,21.55,75.0,1500.0,15.2,injector_abnormality,0.8
fault_injector_abnormality_1,1656,1789813621.1580129,4697.8,126.95,737.11,4.28,103.37,0.0774,19.93,14.16,21.33,75.0,1500.0,15.2,injector_abnormality,0.8
fault_injector_abnormality_1,1657,1789813622.1580129,4692.2,126.91,736.44,4.33,103.5,0.0666,20.0,14.14,21.12,75.0,1500.0,15.2,injector_abnormality,0.8
fault_injector_abnormality_1,1658,1789813623.1580129,4701.9,127.28,736.16,4.25,103.42,0.0677,20.1,14.1,21.22,75.0,1500.0,15.2,injector_abnormality,0.8
fault_injector_abnormality_1,1659,1789813624.1580129,4736.6,127.23,730.4,4.25,103.36,0.0743,20.14,14.07,21.28,75.0,1500.0,15.2,injector_abnormality,0.8
fault_injector_abnormality_1,1660,1789813625.1580129,4712.7,127.1,741.67,4.25,103.4,0.0655,20.05,14.07,21.47,75.0,1500.0,15.2,injector_abnormality,0.8
fault_injector_abnormality_1,1661,1789813626.1580129,4718.4,126.86,736.89,4.34,103.54,0.0774,20.01,14.06,21.25,75.0,1500.0,15.2,injector_abnormality,0.8
fault_injector_abnormality_1,1662,1789813627.1580129,4719.2,126.67,730.94,4.32,103.53,0.0798,19.98,14.17,21.13,75.0,1500.0,15.2,injector_abnormality,0.8
fault_injector_abnormality_1,1663,1789813628.1580129,4716.0,126.56,732.28,4.36,103.56,0.0726,19.91,14.2,20.99,75.0,1500.0,15.2,injector_abnormality,0.8
fault_injector_abnormality_1,1664,1789813629.1580129,4714.5,126.57,733.21,4.37,103.66,0.0754,19.95,14.3,21.32,75.0,1500.0,15.2,injector_abnormality,0.8
fault_injector_abnormality_1,1665,1789813630.1580129,4725.3,126.49,734.76,4.34,103.51,0.0733,20.12,14.28,21.12,75.0,1500.0,15.2,injector_abnormality,0.8
fault_injector_abnormality_1,1666,1789813631.1580129,4723.7,126.64,730.79,4.37,103.58,0.074,20.05,14.3,21.3,75.0,1500.0,15.2,injector_abnormality,0.8
fault_injector_abnormality_1,1667,1789813632.1580129,4716.0,126.86,736.8,4.48,103.63,0.073,20.01,14.24,21.2,75.0,1500.0,15.2,injector_abnormality,0.8
fault_injector_abnormality_1,1668,1789813633.1580129,4708.7,126.83,735.53,4.41,103.59,0.0712,19.94,14.25,21.38,75.0,1500.0,15.2,injector_abnormality,0.8
fault_injector_abnormality_1,1669,1789813634.1580129,4703.1,126.65,738.09,4.36,103.53,0.068,19.96,14.29,21.36,75.0,1500.0,15.2,injector_abnormality,0.8
fault_injector_abnormality_1,1670,1789813635.1580129,4671.6,126.43,733.45,4.34,103.54,0.071,20.12,14.28,21.37,75.0,1500.0,15.2,injector_abnormality,0.8
fault_injector_abnormality_1,1671,1789813636.1580129,4670.9,126.29,731.63,4.35,103.56,0.0627,19.98,14.26,21.5,75.0,1500.0,15.2,injector_abnormality,0.8
fault_injector_abnormality_1,1672,1789813637.1580129,4684.9,126.11,734.74,4.36,103.48,0.058,20.1,14.23,21.66,75.0,1500.0,15.2,injector_abnormality,0.8
fault_injector_abnormality_1,1673,1789813638.1580129,4695.7,126.05,736.31,4.42,103.41,0.0673,20.2,14.25,21.36,75.0,1500.0,15.2,injector_abnormality,0.8
fault_injector_abnormality_1,1674,1789813639.1580129,4714.1,126.24,734.88,4.39,103.37,0.071,19.97,14.22,21.5,75.0,1500.0,15.2,injector_abnormality,0.8
fault_injector_abnormality_1,1675,1789813640.1580129,4707.1,126.12,736.82,4.32,103.55,0.0642,19.98,14.19,21.26,75.0,1500.0,15.2,injector_abnormality,0.8
fault_injector_abnormality_1,1676,1789813641.1580129,4717.5,125.74,735.61,4.27,103.57,0.0639,19.9,14.11,21.3,75.0,1500.0,15.2,injector_abnormality,0.8
fault_injector_abnormality_1,1677,1789813642.1580129,4740.8,125.85,734.29,4.27,103.55,0.0728,19.88,14.14,21.13,75.0,1500.0,15.2,injector_abnormality,0.8
fault_injector_abnormality_1,1678,1789813643.1580129,4732.2,125.71,733.51,4.27,103.6,0.0669,19.98,14.14,21.19,75.0,1500.0,15.2,injector_abnormality,0.8
fault_injector_abnormality_1,1679,1789813644.1580129,4727.6,125.8,736.75,4.31,103.72,0.0713,19.93,14.23,21.24,75.0,1500.0,15.2,injector_abnormality,0.8
fault_injector_abnormality_1,1680,1789813645.1580129,4715.0,125.76,734.65,4.32,103.67,0.0825,19.96,14.16,20.93,75.0,1500.0,15.2,injector_abnormality,0.8
fault_injector_abnormality_1,1681,1789813646.1580129,4706.8,125.95,737.11,4.31,103.6,0.085,19.8,14.15,21.18,75.0,1500.0,15.2,injector_abnormality,0.8
fault_injector_abnormality_1,1682,1789813647.1580129,4685.7,125.99,735.49,4.4,103.48,0.0836,19.89,14.08,21.07,75.0,1500.0,15.2,injector_abnormality,0.8
fault_injector_abnormality_1,1683,1789813648.1580129,4670.9,126.1,739.35,4.46,103.62,0.0805,19.87,14.06,21.57,75.0,1500.0,15.2,injector_abnormality,0.8
fault_injector_abnormality_1,1684,1789813649.1580129,4664.8,125.91,742.45,4.47,103.55,0.0802,19.78,14.11,21.2,75.0,1500.0,15.2,injector_abnormality,0.8
fault_injector_abnormality_1,1685,1789813650.1580129,4662.9,126.12,739.43,4.43,103.48,0.0729,19.87,14.15,21.37,75.0,1500.0,15.2,injector_abnormality,0.8
fault_injector_abnormality_1,1686,1789813651.1580129,4648.5,126.42,740.48,4.42,103.43,0.0827,19.94,14.05,21.46,75.0,1500.0,15.2,injector_abnormality,0.8
fault_injector_abnormality_1,1687,1789813652.1580129,4642.2,126.34,742.6,4.38,103.33,0.0817,19.87,14.16,21.48,75.0,1500.0,15.2,injector_abnormality,0.8
fault_injector_abnormality_1,1688,1789813653.1580129,4612.8,126.41,735.74,4.47,103.3,0.0845,19.96,14.21,21.43,75.0,1500.0,15.2,injector_abnormality,0.8
fault_injector_abnormality_1,1689,1789813654.1580129,4616.9,126.34,731.55,4.36,103.38,0.0857,20.17,14.22,21.38,75.0,1500.0,15.2,injector_abnormality,0.8
fault_injector_abnormality_1,1690,1789813655.1580129,4615.5,126.17,730.64,4.38,103.41,0.0784,20.15,14.16,21.68,75.0,1500.0,15.2,injector_abnormality,0.8
fault_injector_abnormality_1,1691,1789813656.1580129,4621.4,126.1,737.95,4.29,103.44,0.0743,19.92,14.15,21.53,75.0,1500.0,15.2,injector_abnormality,0.8
fault_injector_abnormality_1,1692,1789813657.1580129,4627.3,126.16,732.29,4.27,103.5,0.0642,19.82,14.15,21.44,75.0,1500.0,15.2,injector_abnormality,0.8
fault_injector_abnormality_1,1693,1789813658.1580129,4634.4,126.27,735.33,4.23,103.56,0.0675,19.85,14.2,21.14,75.0,1500.0,15.2,injector_abnormality,0.8
fault_injector_abnormality_1,1694,1789813659.1580129,4645.1,126.65,738.2,4.2,103.43,0.0654,20.0,14.2,21.11,75.0,1500.0,15.2,injector_abnormality,0.8
fault_injector_abnormality_1,1695,1789813660.1580129,4654.2,126.28,734.79,4.29,103.49,0.0627,19.92,14.18,20.84,75.0,1500.0,15.2,injector_abnormality,0.8
fault_injector_abnormality_1,1696,1789813661.1580129,4647.4,126.54,733.93,4.3,103.58,0.0672,19.78,14.08,21.14,75.0,1500.0,15.2,injector_abnormality,0.8
fault_injector_abnormality_1,1697,1789813662.1580129,4658.3,126.6,730.73,4.43,103.75,0.0667,19.74,14.17,21.29,75.0,1500.0,15.2,injector_abnormality,0.8
fault_injector_abnormality_1,1698,1789813663.1580129,4640.4,126.43,734.35,4.34,103.64,0.0728,19.72,14.19,21.44,75.0,1500.0,15.2,injector_abnormality,0.8
fault_injector_abnormality_1,1699,1789813664.1580129,4645.5,126.17,729.71,4.33,103.64,0.0629,19.83,14.16,21.53,75.0,1500.0,15.2,injector_abnormality,0.8
fault_injector_abnormality_1,1700,1789813665.1580129,4640.3,126.26,731.71,4.34,103.78,0.074,19.78,14.17,21.45,75.0,1500.0,15.2,injector_abnormality,0.8
fault_injector_abnormality_1,1701,1789813666.1580129,4622.3,126.32,731.92,4.39,103.58,0.0794,19.75,14.22,21.38,75.0,1500.0,15.2,injector_abnormality,0.8
fault_injector_abnormality_1,1702,1789813667.1580129,4626.6,126.36,737.64,4.31,103.67,0.0782,19.84,14.2,21.23,75.0,1500.0,15.2,injector_abnormality,0.8
fault_injector_abnormality_1,1703,1789813668.1580129,4636.3,126.18,741.44,4.35,103.7,0.0717,19.64,14.2,21.15,75.0,1500.0,15.2,injector_abnormality,0.8
fault_injector_abnormality_1,1704,1789813669.1580129,4610.2,126.16,747.93,4.34,103.58,0.0598,19.71,14.2,21.19,75.0,1500.0,15.2,injector_abnormality,0.8
fault_injector_abnormality_1,1705,1789813670.1580129,4622.1,126.38,748.31,4.35,103.65,0.0676,19.79,14.25,21.52,75.0,1500.0,15.2,injector_abnormality,0.8
fault_injector_abnormality_1,1706,1789813671.1580129,4627.2,126.19,745.26,4.39,103.87,0.0695,19.88,14.19,21.48,75.0,1500.0,15.2,injector_abnormality,0.8
fault_injector_abnormality_1,1707,1789813672.1580129,4645.7,125.99,746.82,4.36,103.88,0.0765,19.87,14.14,21.49,75.0,1500.0,15.2,injector_abnormality,0.8
fault_injector_abnormality_1,1708,1789813673.1580129,4640.7,126.12,743.34,4.39,103.78,0.0715,19.85,14.11,21.59,75.0,1500.0,15.2,injector_abnormality,0.8
fault_injector_abnormality_1,1709,1789813674.1580129,4627.0,125.85,740.03,4.39,103.83,0.077,19.83,14.03,21.91,75.0,1500.0,15.2,injector_abnormality,0.8
fault_injector_abnormality_1,1710,1789813675.1580129,4630.5,125.62,732.74,4.33,103.66,0.0734,19.8,13.96,21.39,75.0,1500.0,15.2,injector_abnormality,0.8
fault_injector_abnormality_1,1711,1789813676.1580129,4640.2,125.67,734.81,4.37,103.73,0.0694,19.85,14.02,21.1,75.0,1500.0,15.2,injector_abnormality,0.8
fault_injector_abnormality_1,1712,1789813677.1580129,4646.6,125.73,734.42,4.32,103.86,0.0664,19.81,14.08,21.44,75.0,1500.0,15.2,injector_abnormality,0.8
fault_injector_abnormality_1,1713,1789813678.1580129,4654.1,125.84,732.76,4.28,103.83,0.0689,19.77,14.08,21.41,75.0,1500.0,15.2,injector_abnormality,0.8
fault_injector_abnormality_1,1714,1789813679.1580129,4665.2,125.47,736.07,4.32,103.82,0.0723,19.56,14.13,21.64,75.0,1500.0,15.2,injector_abnormality,0.8
fault_injector_abnormality_1,1715,1789813680.1580129,4664.2,125.37,734.69,4.38,103.94,0.0733,19.47,14.18,21.38,75.0,1500.0,15.2,injector_abnormality,0.8
fault_injector_abnormality_1,1716,1789813681.1580129,4654.6,125.54,732.36,4.39,103.88,0.0688,19.39,14.17,21.16,75.0,1500.0,15.2,injector_abnormality,0.8
fault_injector_abnormality_1,1717,1789813682.1580129,4663.8,125.69,731.37,4.46,103.91,0.0742,19.39,14.18,21.23,75.0,1500.0,15.2,injector_abnormality,0.8
fault_injector_abnormality_1,1718,1789813683.1580129,4643.6,125.68,730.29,4.46,103.9,0.0677,19.44,14.18,20.99,75.0,1500.0,15.2,injector_abnormality,0.8
fault_injector_abnormality_1,1719,1789813684.1580129,4675.9,125.95,728.2,4.4,104.04,0.0662,19.42,14.11,21.01,75.0,1500.0,15.2,injector_abnormality,0.8
fault_injector_abnormality_1,1720,1789813685.1580129,4675.8,125.72,725.14,4.42,104.01,0.0754,19.4,14.14,21.3,75.0,1500.0,15.2,injector_abnormality,0.8
fault_injector_abnormality_1,1721,1789813686.1580129,4669.9,125.82,722.57,4.34,103.99,0.0736,19.4,14.19,21.65,75.0,1500.0,15.2,injector_abnormality,0.8
fault_injector_abnormality_1,1722,1789813687.1580129,4683.2,125.65,725.74,4.3,104.0,0.0758,19.61,14.13,21.24,75.0,1500.0,15.2,injector_abnormality,0.8
fault_injector_abnormality_1,1723,1789813688.1580129,4684.1,125.47,727.99,4.36,103.93,0.0789,19.78,14.06,21.59,75.0,1500.0,15.2,injector_abnormality,0.8
fault_injector_abnormality_1,1724,1789813689.1580129,4676.9,125.56,731.12,4.37,103.9,0.0778,19.8,14.08,21.56,75.0,1500.0,15.2,injector_abnormality,0.8
fault_injector_abnormality_1,1725,1789813690.1580129,4687.2,125.56,728.58,4.38,103.81,0.0808,19.92,14.07,21.18,75.0,1500.0,15.2,injector_abnormality,0.8
fault_injector_abnormality_1,1726,1789813691.1580129,4653.1,125.49,729.85,4.38,103.78,0.074,19.72,14.09,20.81,75.0,1500.0,15.2,injector_abnormality,0.8
fault_injector_abnormality_1,1727,1789813692.1580129,4657.6,125.52,732.07,4.44,103.64,0.0781,19.67,14.13,21.31,75.0,1500.0,15.2,injector_abnormality,0.8
fault_injector_abnormality_1,1728,1789813693.1580129,4672.0,125.38,732.55,4.36,103.59,0.0748,19.8,14.13,21.13,75.0,1500.0,15.2,injector_abnormality,0.8
fault_injector_abnormality_1,1729,1789813694.1580129,4635.2,125.39,734.4,4.38,103.73,0.0712,19.82,14.13,21.24,75.0,1500.0,15.2,injector_abnormality,0.8
fault_injector_abnormality_1,1730,1789813695.1580129,4655.1,125.34,734.78,4.4,103.83,0.0688,19.74,14.14,21.16,75.0,1500.0,15.2,injector_abnormality,0.8
fault_injector_abnormality_1,1731,1789813696.1580129,4641.3,125.41,737.63,4.36,103.94,0.0709,19.87,14.18,21.0,75.0,1500.0,15.2,injector_abnormality,0.8
fault_injector_abnormality_1,1732,1789813697.1580129,4650.5,125.6,738.2,4.37,103.87,0.0741,19.94,14.26,21.46,75.0,1500.0,15.2,injector_abnormality,0.8
fault_injector_abnormality_1,1733,1789813698.1580129,4660.4,125.89,738.87,4.33,104.02,0.0771,19.94,14.34,21.07,75.0,1500.0,15.2,injector_abnormality,0.8
fault_injector_abnormality_1,1734,1789813699.1580129,4644.5,126.03,739.68,4.35,103.88,0.067,19.86,14.36,21.07,75.0,1500.0,15.2,injector_abnormality,0.8
fault_injector_abnormality_1,1735,1789813700.1580129,4641.1,125.66,738.35,4.33,103.99,0.0742,19.73,14.26,21.39,75.0,1500.0,15.2,injector_abnormality,0.8
fault_injector_abnormality_1,1736,1789813701.1580129,4632.0,125.64,740.38,4.33,104.05,0.0787,19.76,14.21,20.85,75.0,1500.0,15.2,injector_abnormality,0.8
fault_injector_abnormality_1,1737,1789813702.1580129,4646.4,125.35,736.3,4.29,104.13,0.076,19.93,14.17,21.23,75.0,1500.0,15.2,injector_abnormality,0.8
fault_injector_abnormality_1,1738,1789813703.1580129,4657.8,125.33,735.62,4.33,104.07,0.0775,19.7,14.15,21.56,75.0,1500.0,15.2,injector_abnormality,0.8
fault_injector_abnormality_1,1739,1789813704.1580129,4654.2,125.45,735.11,4.31,104.03,0.0721,19.77,14.13,21.31,75.0,1500.0,15.2,injector_abnormality,0.8
fault_injector_abnormality_1,1740,1789813705.1580129,4652.3,125.71,737.08,4.31,103.99,0.0859,19.59,14.13,20.99,75.0,1500.0,15.2,injector_abnormality,0.8
fault_injector_abnormality_1,1741,1789813706.1580129,4631.8,125.98,733.77,4.3,104.03,0.0764,19.49,14.17,21.57,75.0,1500.0,15.2,injector_abnormality,0.8
fault_injector_abnormality_1,1742,1789813707.1580129,4628.5,125.96,727.5,4.29,104.1,0.0809,19.68,14.09,21.44,75.0,1500.0,15.2,injector_abnormality,0.8
fault_injector_abnormality_1,1743,1789813708.1580129,4646.8,126.15,727.39,4.4,104.19,0.0763,19.75,14.2,21.43,75.0,1500.0,15.2,injector_abnormality,0.8
fault_injector_abnormality_1,1744,1789813709.1580129,4640.6,126.04,727.45,4.38,104.13,0.0766,19.75,14.17,21.61,75.0,1500.0,15.2,injector_abnormality,0.8
fault_injector_abnormality_1,1745,1789813710.1580129,4630.8,126.36,729.96,4.36,104.1,0.0803,19.79,14.2,21.67,75.0,1500.0,15.2,injector_abnormality,0.8
fault_injector_abnormality_1,1746,1789813711.1580129,4640.1,126.13,731.72,4.37,104.15,0.0751,19.86,14.15,21.43,75.0,1500.0,15.2,injector_abnormality,0.8
fault_injector_abnormality_1,1747,1789813712.1580129,4631.4,126.3,732.23,4.44,103.97,0.0669,19.69,14.11,21.45,75.0,1500.0,15.2,injector_abnormality,0.8
fault_injector_abnormality_1,1748,1789813713.1580129,4621.2,126.44,730.85,4.44,103.9,0.0684,19.78,14.14,21.0,75.0,1500.0,15.2,injector_abnormality,0.8
fault_injector_abnormality_1,1749,1789813714.1580129,4621.2,126.42,727.81,4.44,103.93,0.0795,19.73,14.19,21.1,75.0,1500.0,15.2,injector_abnormality,0.8
fault_injector_abnormality_1,1750,1789813715.1580129,4632.2,126.16,728.83,4.36,104.08,0.0742,19.64,14.2,20.65,75.0,1500.0,15.2,injector_abnormality,0.8
fault_injector_abnormality_1,1751,1789813716.1580129,4673.0,126.01,729.52,4.33,104.03,0.0722,19.68,14.25,20.9,75.0,1500.0,15.2,injector_abnormality,0.8
fault_injector_abnormality_1,1752,1789813717.1580129,4677.8,125.88,727.76,4.33,104.07,0.0691,19.7,14.26,21.13,75.0,1500.0,15.2,injector_abnormality,0.8
fault_injector_abnormality_1,1753,1789813718.1580129,4648.9,126.17,728.57,4.27,104.07,0.0738,19.64,14.27,21.54,75.0,1500.0,15.2,injector_abnormality,0.8
fault_injector_abnormality_1,1754,1789813719.1580129,4668.5,126.3,726.31,4.35,104.1,0.0743,19.61,14.32,21.72,75.0,1500.0,15.2,injector_abnormality,0.8
fault_injector_abnormality_1,1755,1789813720.1580129,4648.5,126.78,727.68,4.37,104.1,0.0646,19.62,14.27,21.64,75.0,1500.0,15.2,injector_abnormality,0.8
fault_injector_abnormality_1,1756,1789813721.1580129,4633.8,126.83,729.82,4.29,104.06,0.0619,19.73,14.23,21.38,75.0,1500.0,15.2,injector_abnormality,0.8
fault_injector_abnormality_1,1757,1789813722.1580129,4629.5,127.05,732.36,4.28,103.97,0.0701,19.53,14.29,21.78,75.0,1500.0,15.2,injector_abnormality,0.8
fault_injector_abnormality_1,1758,1789813723.1580129,4629.0,127.18,733.65,4.37,104.03,0.0766,19.45,14.23,21.07,75.0,1500.0,15.2,injector_abnormality,0.8
fault_injector_abnormality_1,1759,1789813724.1580129,4630.0,126.99,731.21,4.44,103.97,0.069,19.48,14.24,21.19,75.0,1500.0,15.2,injector_abnormality,0.8
fault_injector_abnormality_1,1760,1789813725.1580129,4641.8,126.81,731.97,4.42,103.82,0.0674,19.46,14.21,21.27,75.0,1500.0,15.2,injector_abnormality,0.8
fault_injector_abnormality_1,1761,1789813726.1580129,4629.9,126.7,734.7,4.4,103.86,0.0628,19.28,14.11,21.05,75.0,1500.0,15.2,injector_abnormality,0.8
fault_injector_abnormality_1,1762,1789813727.1580129,4661.1,126.53,732.59,4.45,103.92,0.067,19.36,14.18,20.92,75.0,1500.0,15.2,injector_abnormality,0.8
fault_injector_abnormality_1,1763,1789813728.1580129,4648.9,126.46,729.08,4.46,103.9,0.0734,19.45,14.24,20.78,75.0,1500.0,15.2,injector_abnormality,0.8
fault_injector_abnormality_1,1764,1789813729.1580129,4594.3,126.44,736.73,4.38,103.91,0.0742,19.59,14.24,20.93,75.0,1500.0,15.2,injector_abnormality,0.8
fault_injector_abnormality_1,1765,1789813730.1580129,4573.4,126.42,730.65,4.39,103.93,0.0744,19.61,14.18,20.88,75.0,1500.0,15.2,injector_abnormality,0.8
fault_injector_abnormality_1,1766,1789813731.1580129,4598.1,126.58,730.96,4.37,103.77,0.0648,19.63,14.14,21.26,75.0,1500.0,15.2,injector_abnormality,0.8
fault_injector_abnormality_1,1767,1789813732.1580129,4633.4,126.25,733.05,4.3,103.84,0.0704,19.64,14.13,21.1,75.0,1500.0,15.2,injector_abnormality,0.8
fault_injector_abnormality_1,1768,1789813733.1580129,4602.8,126.21,733.15,4.29,103.77,0.0687,19.48,14.15,21.46,75.0,1500.0,15.2,injector_abnormality,0.8
fault_injector_abnormality_1,1769,1789813734.1580129,4596.3,125.94,729.06,4.3,103.8,0.0764,19.41,14.21,21.35,75.0,1500.0,15.2,injector_abnormality,0.8
fault_injector_abnormality_1,1770,1789813735.1580129,4604.3,126.05,733.22,4.29,103.7,0.0729,19.4,14.17,21.25,75.0,1500.0,15.2,injector_abnormality,0.8
fault_injector_abnormality_1,1771,1789813736.1580129,4621.4,126.36,727.42,4.3,103.66,0.0707,19.29,14.15,21.16,75.0,1500.0,15.2,injector_abnormality,0.8
fault_injector_abnormality_1,1772,1789813737.1580129,4628.8,126.45,726.97,4.28,103.6,0.0618,19.28,14.14,21.09,75.0,1500.0,15.2,injector_abnormality,0.8
fault_injector_abnormality_1,1773,1789813738.1580129,4622.6,126.28,732.31,4.35,103.83,0.0759,19.17,14.22,21.15,75.0,1500.0,15.2,injector_abnormality,0.8
fault_injector_abnormality_1,1774,1789813739.1580129,4635.8,126.39,724.15,4.38,103.76,0.0715,19.07,14.29,21.2,75.0,1500.0,15.2,injector_abnormality,0.8
fault_injector_abnormality_1,1775,1789813740.1580129,4626.0,126.52,727.49,4.38,103.75,0.0675,19.13,14.27,21.11,75.0,1500.0,15.2,injector_abnormality,0.8
fault_injector_abnormality_1,1776,1789813741.1580129,4639.9,126.26,728.68,4.4,103.82,0.063,19.31,14.12,21.18,75.0,1500.0,15.2,injector_abnormality,0.8
fault_injector_abnormality_1,1777,1789813742.1580129,4615.3,126.2,731.04,4.46,103.76,0.0655,19.29,14.19,21.22,75.0,1500.0,15.2,injector_abnormality,0.8
fault_injector_abnormality_1,1778,1789813743.1580129,4615.6,126.76,726.79,4.46,103.82,0.0629,19.31,14.26,21.47,75.0,1500.0,15.2,injector_abnormality,0.8
fault_injector_abnormality_1,1779,1789813744.1580129,4598.3,126.68,732.76,4.43,103.8,0.0658,19.25,14.29,21.05,75.0,1500.0,15.2,injector_abnormality,0.8
fault_injector_abnormality_1,1780,1789813745.1580129,4596.0,126.87,732.88,4.4,103.89,0.0651,19.19,14.3,21.1,75.0,1500.0,15.2,injector_abnormality,0.8
fault_injector_abnormality_1,1781,1789813746.1580129,4594.0,126.66,733.54,4.41,103.76,0.0704,19.15,14.26,20.93,75.0,1500.0,15.2,injector_abnormality,0.8
fault_injector_abnormality_1,1782,1789813747.1580129,4603.4,126.5,731.69,4.37,103.72,0.0735,19.09,14.26,21.39,75.0,1500.0,15.2,injector_abnormality,0.8
fault_injector_abnormality_1,1783,1789813748.1580129,4586.3,126.47,730.81,4.36,103.79,0.084,19.18,14.31,21.21,75.0,1500.0,15.2,injector_abnormality,0.8
fault_injector_abnormality_1,1784,1789813749.1580129,4596.8,126.55,729.93,4.42,103.64,0.0744,19.2,14.3,21.1,75.0,1500.0,15.2,injector_abnormality,0.8
fault_injector_abnormality_1,1785,1789813750.1580129,4585.9,126.04,733.19,4.37,103.71,0.0686,19.18,14.27,21.08,75.0,1500.0,15.2,injector_abnormality,0.8
fault_injector_abnormality_1,1786,1789813751.1580129,4593.9,126.32,730.63,4.37,103.8,0.0636,19.12,14.26,21.19,75.0,1500.0,15.2,injector_abnormality,0.8
fault_injector_abnormality_1,1787,1789813752.1580129,4607.7,126.44,728.93,4.37,103.8,0.0736,19.18,14.24,21.46,75.0,1500.0,15.2,injector_abnormality,0.8
fault_injector_abnormality_1,1788,1789813753.1580129,4577.9,126.46,727.65,4.42,103.85,0.0724,19.15,14.19,21.19,75.0,1500.0,15.2,injector_abnormality,0.8
fault_injector_abnormality_1,1789,1789813754.1580129,4601.6,126.37,725.89,4.35,103.82,0.0807,19.35,14.17,21.12,75.0,1500.0,15.2,injector_abnormality,0.8
fault_injector_abnormality_1,1790,1789813755.1580129,4597.0,126.29,738.02,4.33,103.82,0.0826,19.46,14.19,21.3,75.0,1500.0,15.2,injector_abnormality,0.8
fault_injector_abnormality_1,1791,1789813756.1580129,4607.6,126.46,734.25,4.26,103.74,0.0775,19.52,14.24,21.03,75.0,1500.0,15.2,injector_abnormality,0.8
fault_injector_abnormality_1,1792,1789813757.1580129,4607.3,126.54,727.45,4.28,103.89,0.0726,19.37,14.16,21.1,75.0,1500.0,15.2,injector_abnormality,0.8
fault_injector_abnormality_1,1793,1789813758.1580129,4620.0,126.14,729.29,4.33,103.82,0.0713,19.14,14.14,21.18,75.0,1500.0,15.2,injector_abnormality,0.8
fault_injector_abnormality_1,1794,1789813759.1580129,4614.5,125.97,729.21,4.32,103.78,0.0719,19.15,14.21,21.2,75.0,1500.0,15.2,injector_abnormality,0.8
fault_injector_abnormality_1,1795,1789813760.1580129,4615.0,126.1,729.42,4.28,103.95,0.0724,19.2,14.21,21.27,75.0,1500.0,15.2,injector_abnormality,0.8
fault_injector_abnormality_1,1796,1789813761.1580129,4625.6,125.82,728.15,4.3,103.88,0.07,19.21,14.25,21.02,75.0,1500.0,15.2,injector_abnormality,0.8
fault_injector_abnormality_1,1797,1789813762.1580129,4621.4,125.91,725.33,4.25,103.86,0.0721,19.22,14.22,20.97,75.0,1500.0,15.2,injector_abnormality,0.8
fault_injector_abnormality_1,1798,1789813763.1580129,4619.8,125.99,731.84,4.29,104.05,0.0874,19.13,14.2,20.84,75.0,1500.0,15.2,injector_abnormality,0.8
fault_injector_abnormality_1,1799,1789813764.1580129,4605.2,126.09,735.82,4.33,104.02,0.0903,19.15,14.13,21.18,75.0,1500.0,15.2,injector_abnormality,0.8
fault_injector_abnormality_1,1800,1789813765.1580129,4629.0,125.98,732.04,4.32,104.06,0.0912,19.21,14.13,21.15,75.0,1500.0,15.2,injector_abnormality,0.8
fault_injector_abnormality_1,1801,1789813766.1580129,4648.9,126.17,728.81,4.46,104.01,0.0766,19.24,14.09,21.3,75.0,1500.0,15.2,injector_abnormality,0.8
fault_injector_abnormality_1,1802,1789813767.1580129,4628.6,125.86,727.92,4.39,104.05,0.0788,19.3,14.05,21.04,75.0,1500.0,15.2,injector_abnormality,0.8
fault_injector_abnormality_1,1803,1789813768.1580129,4642.1,125.65,721.72,4.39,104.01,0.0777,19.3,14.02,20.94,75.0,1500.0,15.2,injector_abnormality,0.8
fault_injector_abnormality_1,1804,1789813769.1580129,4635.4,125.76,721.22,4.36,104.04,0.0737,19.5,13.98,21.08,75.0,1500.0,15.2,injector_abnormality,0.8
fault_injector_abnormality_1,1805,1789813770.1580129,4602.7,125.92,725.21,4.31,103.87,0.0741,19.46,13.97,21.32,75.0,1500.0,15.2,injector_abnormality,0.8
fault_injector_abnormality_1,1806,1789813771.1580129,4596.3,125.74,727.84,4.28,103.85,0.0737,19.42,14.02,21.43,75.0,1500.0,15.2,injector_abnormality,0.8
fault_injector_abnormality_1,1807,1789813772.1580129,4602.7,125.97,726.8,4.39,103.84,0.0758,19.52,14.08,21.55,75.0,1500.0,15.2,injector_abnormality,0.8
fault_injector_abnormality_1,1808,1789813773.1580129,4600.9,126.12,724.34,4.29,103.59,0.0713,19.42,14.08,21.21,75.0,1500.0,15.2,injector_abnormality,0.8
fault_injector_abnormality_1,1809,1789813774.1580129,4586.0,126.21,725.48,4.36,103.42,0.0792,19.39,14.06,21.4,75.0,1500.0,15.2,injector_abnormality,0.8
fault_injector_abnormality_1,1810,1789813775.1580129,4582.1,126.32,724.69,4.26,103.27,0.0808,19.39,14.1,21.06,75.0,1500.0,15.2,injector_abnormality,0.8
fault_injector_abnormality_1,1811,1789813776.1580129,4582.0,126.4,724.87,4.28,103.2,0.078,19.34,14.03,21.12,75.0,1500.0,15.2,injector_abnormality,0.8
fault_injector_abnormality_1,1812,1789813777.1580129,4597.9,126.47,727.84,4.35,103.26,0.0754,19.38,14.11,21.17,75.0,1500.0,15.2,injector_abnormality,0.8
fault_injector_abnormality_1,1813,1789813778.1580129,4593.3,126.49,727.62,4.31,103.35,0.0705,19.44,14.12,21.2,75.0,1500.0,15.2,injector_abnormality,0.8
fault_injector_abnormality_1,1814,1789813779.1580129,4594.5,126.59,730.46,4.31,103.31,0.0714,19.37,14.1,21.49,75.0,1500.0,15.2,injector_abnormality,0.8
fault_injector_abnormality_1,1815,1789813780.1580129,4585.2,126.59,729.81,4.33,103.32,0.0674,19.25,14.15,21.45,75.0,1500.0,15.2,injector_abnormality,0.8
fault_injector_abnormality_1,1816,1789813781.1580129,4565.2,126.45,728.93,4.31,103.3,0.0736,19.26,14.14,21.31,75.0,1500.0,15.2,injector_abnormality,0.8
fault_injector_abnormality_1,1817,1789813782.1580129,4580.0,126.55,728.88,4.33,103.36,0.0752,19.34,14.19,20.96,75.0,1500.0,15.2,injector_abnormality,0.8
fault_injector_abnormality_1,1818,1789813783.1580129,4562.1,126.33,731.64,4.42,103.4,0.0724,19.38,14.16,21.02,75.0,1500.0,15.2,injector_abnormality,0.8
fault_injector_abnormality_1,1819,1789813784.1580129,4561.2,126.25,733.2,4.44,103.36,0.0681,19.38,14.11,21.14,75.0,1500.0,15.2,injector_abnormality,0.8
fault_injector_abnormality_1,1820,1789813785.1580129,4558.6,126.21,732.86,4.42,103.38,0.0687,19.37,14.13,20.91,75.0,1500.0,15.2,injector_abnormality,0.8
fault_injector_abnormality_1,1821,1789813786.1580129,4545.5,125.98,735.87,4.34,103.27,0.0639,19.26,14.11,21.16,75.0,1500.0,15.2,injector_abnormality,0.8
fault_injector_abnormality_1,1822,1789813787.1580129,4534.0,125.91,730.89,4.38,103.29,0.0693,19.19,14.07,21.2,75.0,1500.0,15.2,injector_abnormality,0.8
fault_injector_abnormality_1,1823,1789813788.1580129,4533.4,126.12,729.56,4.37,103.59,0.0746,19.17,14.15,21.14,75.0,1500.0,15.2,injector_abnormality,0.8
fault_injector_abnormality_1,1824,1789813789.1580129,4523.1,126.04,726.46,4.35,103.45,0.0696,19.23,14.19,20.86,75.0,1500.0,15.2,injector_abnormality,0.8
fault_injector_abnormality_1,1825,1789813790.1580129,4522.0,126.02,732.63,4.32,103.48,0.0773,19.62,14.17,21.12,75.0,1500.0,15.2,injector_abnormality,0.8
fault_injector_abnormality_1,1826,1789813791.1580129,4534.9,126.13,732.14,4.39,103.54,0.0755,19.54,14.13,21.26,75.0,1500.0,15.2,injector_abnormality,0.8
fault_injector_abnormality_1,1827,1789813792.1580129,4522.4,126.06,732.18,4.44,103.55,0.0778,19.49,14.11,21.04,75.0,1500.0,15.2,injector_abnormality,0.8
fault_injector_abnormality_1,1828,1789813793.1580129,4536.7,126.02,726.44,4.46,103.61,0.074,19.48,14.08,21.23,75.0,1500.0,15.2,injector_abnormality,0.8
fault_injector_abnormality_1,1829,1789813794.1580129,4567.6,125.9,726.18,4.51,103.7,0.0812,19.49,13.96,21.33,75.0,1500.0,15.2,injector_abnormality,0.8
fault_injector_abnormality_1,1830,1789813795.1580129,4568.8,125.78,725.67,4.44,103.69,0.0752,19.49,14.02,21.56,75.0,1500.0,15.2,injector_abnormality,0.8
fault_injector_abnormality_1,1831,1789813796.1580129,4586.2,125.93,726.64,4.41,103.59,0.083,19.33,14.06,21.58,75.0,1500.0,15.2,injector_abnormality,0.8
fault_injector_abnormality_1,1832,1789813797.1580129,4576.2,126.12,725.26,4.34,103.53,0.0868,19.4,14.13,21.31,75.0,1500.0,15.2,injector_abnormality,0.8
fault_injector_abnormality_1,1833,1789813798.1580129,4617.8,126.29,722.97,4.34,103.67,0.0886,19.38,14.09,21.16,75.0,1500.0,15.2,injector_abnormality,0.8
fault_injector_abnormality_1,1834,1789813799.1580129,4615.5,126.12,728.07,4.42,103.68,0.0893,19.27,13.98,21.2,75.0,1500.0,15.2,injector_abnormality,0.8
fault_injector_abnormality_1,1835,1789813800.1580129,4604.5,125.98,726.56,4.32,103.61,0.08,19.32,13.95,21.31,75.0,1500.0,15.2,injector_abnormality,0.8
fault_injector_abnormality_1,1836,1789813801.1580129,4600.9,126.3,726.76,4.35,103.54,0.0765,19.42,13.98,21.25,75.0,1500.0,15.2,injector_abnormality,0.8
fault_injector_abnormality_1,1837,1789813802.1580129,4585.5,126.39,733.76,4.45,103.62,0.0719,19.37,13.98,21.13,75.0,1500.0,15.2,injector_abnormality,0.8
fault_injector_abnormality_1,1838,1789813803.1580129,4584.7,126.29,736.57,4.47,103.82,0.0669,19.2,14.04,20.94,75.0,1500.0,15.2,injector_abnormality,0.8
fault_injector_abnormality_1,1839,1789813804.1580129,4566.9,126.28,730.77,4.43,103.85,0.0737,19.2,14.08,21.17,75.0,1500.0,15.2,injector_abnormality,0.8
fault_injector_abnormality_1,1840,1789813805.1580129,4586.0,126.43,732.14,4.44,103.8,0.0779,19.24,14.05,21.27,75.0,1500.0,15.2,injector_abnormality,0.8
fault_injector_abnormality_1,1841,1789813806.1580129,4623.1,126.19,727.76,4.39,103.69,0.0814,19.06,14.08,21.04,75.0,1500.0,15.2,injector_abnormality,0.8
fault_injector_abnormality_1,1842,1789813807.1580129,4589.0,125.97,724.15,4.36,103.88,0.0771,19.05,14.16,21.29,75.0,1500.0,15.2,injector_abnormality,0.8
fault_injector_abnormality_1,1843,1789813808.1580129,4589.9,126.24,727.2,4.44,104.01,0.0695,19.01,14.18,21.04,75.0,1500.0,15.2,injector_abnormality,0.8
fault_injector_abnormality_1,1844,1789813809.1580129,4552.3,126.47,724.15,4.4,104.12,0.0771,18.97,14.13,21.14,75.0,1500.0,15.2,injector_abnormality,0.8
fault_injector_abnormality_1,1845,1789813810.1580129,4562.2,126.44,723.74,4.3,104.23,0.0797,19.06,14.16,21.14,75.0,1500.0,15.2,injector_abnormality,0.8
fault_injector_abnormality_1,1846,1789813811.1580129,4593.0,126.61,725.76,4.17,104.07,0.072,19.15,14.16,21.09,75.0,1500.0,15.2,injector_abnormality,0.8
fault_injector_abnormality_1,1847,1789813812.1580129,4595.6,126.55,729.33,4.27,104.19,0.0685,19.05,14.22,21.39,75.0,1500.0,15.2,injector_abnormality,0.8
fault_injector_abnormality_1,1848,1789813813.1580129,4604.8,126.27,725.99,4.29,104.16,0.0639,19.08,14.1,20.99,75.0,1500.0,15.2,injector_abnormality,0.8
fault_injector_abnormality_1,1849,1789813814.1580129,4581.2,126.02,725.77,4.34,103.97,0.0689,19.15,14.09,21.0,75.0,1500.0,15.2,injector_abnormality,0.8
fault_injector_abnormality_1,1850,1789813815.1580129,4592.0,125.77,724.01,4.37,104.08,0.0671,19.23,14.16,21.0,75.0,1500.0,15.2,injector_abnormality,0.8
fault_injector_abnormality_1,1851,1789813816.1580129,4590.4,125.7,723.01,4.36,104.07,0.0748,19.16,14.16,21.41,75.0,1500.0,15.2,injector_abnormality,0.8
fault_injector_abnormality_1,1852,1789813817.1580129,4612.6,126.19,722.49,4.31,104.17,0.0754,19.09,14.11,21.21,75.0,1500.0,15.2,injector_abnormality,0.8
fault_injector_abnormality_1,1853,1789813818.1580129,4592.7,126.33,723.97,4.31,104.02,0.0744,19.02,14.12,21.28,75.0,1500.0,15.2,injector_abnormality,0.8
fault_injector_abnormality_1,1854,1789813819.1580129,4591.8,126.34,720.55,4.37,103.91,0.0705,19.11,14.11,21.4,75.0,1500.0,15.2,injector_abnormality,0.8
fault_injector_abnormality_1,1855,1789813820.1580129,4609.3,126.33,730.33,4.43,104.01,0.0765,19.15,14.07,21.44,75.0,1500.0,15.2,injector_abnormality,0.8
fault_injector_abnormality_1,1856,1789813821.1580129,4597.5,126.01,727.37,4.28,104.11,0.072,19.32,14.11,21.21,75.0,1500.0,15.2,injector_abnormality,0.8
fault_injector_abnormality_1,1857,1789813822.1580129,4612.0,126.12,731.02,4.26,104.19,0.0654,19.4,14.16,21.48,75.0,1500.0,15.2,injector_abnormality,0.8
fault_injector_abnormality_1,1858,1789813823.1580129,4600.4,126.19,732.34,4.23,103.98,0.0703,19.25,14.19,21.47,75.0,1500.0,15.2,injector_abnormality,0.8
fault_injector_abnormality_1,1859,1789813824.1580129,4597.8,126.32,731.31,4.33,104.06,0.0674,19.33,14.2,21.4,75.0,1500.0,15.2,injector_abnormality,0.8
fault_injector_abnormality_1,1860,1789813825.1580129,4586.1,126.22,727.43,4.34,104.11,0.0742,19.27,14.19,21.58,75.0,1500.0,15.2,injector_abnormality,0.8
fault_injector_abnormality_1,1861,1789813826.1580129,4560.7,126.64,727.16,4.36,104.23,0.0777,19.23,14.15,21.44,75.0,1500.0,15.2,injector_abnormality,0.8
fault_injector_abnormality_1,1862,1789813827.1580129,4562.2,126.65,729.59,4.3,103.99,0.0741,19.16,14.16,21.09,75.0,1500.0,15.2,injector_abnormality,0.8
fault_injector_abnormality_1,1863,1789813828.1580129,4557.3,126.43,728.32,4.26,104.06,0.076,19.33,14.13,20.93,75.0,1500.0,15.2,injector_abnormality,0.8
fault_injector_abnormality_1,1864,1789813829.1580129,4566.2,126.17,725.78,4.29,104.0,0.0859,19.2,14.06,21.46,75.0,1500.0,15.2,injector_abnormality,0.8
fault_injector_abnormality_1,1865,1789813830.1580129,4568.8,126.48,722.43,4.35,103.89,0.091,19.1,14.03,21.4,75.0,1500.0,15.2,injector_abnormality,0.8
fault_injector_abnormality_1,1866,1789813831.1580129,4562.6,126.71,723.29,4.27,103.79,0.0761,19.11,13.95,21.42,75.0,1500.0,15.2,injector_abnormality,0.8
fault_injector_abnormality_1,1867,1789813832.1580129,4559.2,126.46,722.84,4.28,103.83,0.0824,19.16,14.05,21.4,75.0,1500.0,15.2,injector_abnormality,0.8
fault_injector_abnormality_1,1868,1789813833.1580129,4551.7,126.53,730.46,4.35,103.83,0.0772,19.26,14.11,21.58,75.0,1500.0,15.2,injector_abnormality,0.8
fault_injector_abnormality_1,1869,1789813834.1580129,4536.4,126.41,726.07,4.39,103.71,0.0748,19.02,14.22,21.71,75.0,1500.0,15.2,injector_abnormality,0.8
fault_injector_abnormality_1,1870,1789813835.1580129,4538.4,126.27,726.01,4.48,103.67,0.0806,19.15,14.31,21.49,75.0,1500.0,15.2,injector_abnormality,0.8
fault_injector_abnormality_1,1871,1789813836.1580129,4537.2,126.45,726.6,4.49,103.5,0.0782,19.17,14.36,21.21,75.0,1500.0,15.2,injector_abnormality,0.8
fault_injector_abnormality_1,1872,1789813837.1580129,4560.4,126.11,723.64,4.47,103.5,0.0822,18.99,14.39,21.23,75.0,1500.0,15.2,injector_abnormality,0.8
fault_injector_abnormality_1,1873,1789813838.1580129,4557.9,126.46,727.13,4.41,103.68,0.0774,18.91,14.39,21.31,75.0,1500.0,15.2,injector_abnormality,0.8
fault_injector_abnormality_1,1874,1789813839.1580129,4542.8,126.33,726.21,4.35,103.77,0.0746,18.85,14.31,21.14,75.0,1500.0,15.2,injector_abnormality,0.8
fault_injector_abnormality_1,1875,1789813840.1580129,4537.6,126.3,722.34,4.32,103.7,0.0692,18.73,14.32,21.58,75.0,1500.0,15.2,injector_abnormality,0.8
fault_injector_abnormality_1,1876,1789813841.1580129,4561.0,126.36,720.79,4.33,103.74,0.078,18.77,14.29,21.2,75.0,1500.0,15.2,injector_abnormality,0.8
fault_injector_abnormality_1,1877,1789813842.1580129,4546.2,126.34,719.48,4.31,103.61,0.072,18.8,14.33,21.18,75.0,1500.0,15.2,injector_abnormality,0.8
fault_injector_abnormality_1,1878,1789813843.1580129,4547.0,126.25,717.41,4.34,103.65,0.069,18.65,14.22,21.5,75.0,1500.0,15.2,injector_abnormality,0.8
fault_injector_abnormality_1,1879,1789813844.1580129,4549.9,126.0,721.3,4.35,103.64,0.0698,18.83,14.19,21.55,75.0,1500.0,15.2,injector_abnormality,0.8
fault_injector_abnormality_1,1880,1789813845.1580129,4540.7,126.21,720.11,4.33,103.45,0.0658,19.01,14.05,21.55,75.0,1500.0,15.2,injector_abnormality,0.8
fault_injector_abnormality_1,1881,1789813846.1580129,4539.4,126.17,722.49,4.39,103.44,0.067,18.98,14.11,21.36,75.0,1500.0,15.2,injector_abnormality,0.8
fault_injector_abnormality_1,1882,1789813847.1580129,4509.0,125.91,721.59,4.3,103.44,0.0613,18.96,14.05,21.27,75.0,1500.0,15.2,injector_abnormality,0.8
fault_injector_abnormality_1,1883,1789813848.1580129,4513.0,126.27,721.41,4.32,103.47,0.0608,18.78,14.05,21.04,75.0,1500.0,15.2,injector_abnormality,0.8
fault_injector_abnormality_1,1884,1789813849.1580129,4500.8,126.39,720.71,4.42,103.38,0.0709,18.76,14.01,21.37,75.0,1500.0,15.2,injector_abnormality,0.8
fault_injector_abnormality_1,1885,1789813850.1580129,4520.4,126.17,720.57,4.38,103.53,0.0732,18.84,14.07,21.3,75.0,1500.0,15.2,injector_abnormality,0.8
fault_injector_abnormality_1,1886,1789813851.1580129,4552.6,126.21,721.79,4.4,103.61,0.0699,18.92,14.09,21.12,75.0,1500.0,15.2,injector_abnormality,0.8
fault_injector_abnormality_1,1887,1789813852.1580129,4577.4,126.38,724.48,4.36,103.88,0.0663,18.96,13.99,21.23,75.0,1500.0,15.2,injector_abnormality,0.8
fault_injector_abnormality_1,1888,1789813853.1580129,4568.6,126.45,723.75,4.29,103.89,0.0723,18.93,14.02,21.32,75.0,1500.0,15.2,injector_abnormality,0.8
fault_injector_abnormality_1,1889,1789813854.1580129,4555.0,126.71,723.56,4.32,103.95,0.0683,19.1,14.05,21.06,75.0,1500.0,15.2,injector_abnormality,0.8
fault_injector_abnormality_1,1890,1789813855.1580129,4539.2,127.03,722.73,4.36,103.78,0.0658,18.92,14.16,21.12,75.0,1500.0,15.2,injector_abnormality,0.8
fault_injector_abnormality_1,1891,1789813856.1580129,4545.1,126.76,721.0,4.35,103.76,0.0802,19.23,14.18,21.49,75.0,1500.0,15.2,injector_abnormality,0.8
fault_injector_abnormality_1,1892,1789813857.1580129,4547.7,126.5,719.42,4.29,103.68,0.0791,19.26,14.22,21.05,75.0,1500.0,15.2,injector_abnormality,0.8
fault_injector_abnormality_1,1893,1789813858.1580129,4561.9,126.63,718.26,4.4,103.64,0.084,19.13,14.23,21.25,75.0,1500.0,15.2,injector_abnormality,0.8
fault_injector_abnormality_1,1894,1789813859.1580129,4588.9,126.6,715.4,4.3,103.59,0.0771,19.0,14.17,21.52,75.0,1500.0,15.2,injector_abnormality,0.8
fault_injector_abnormality_1,1895,1789813860.1580129,4565.9,126.62,716.62,4.32,103.55,0.0724,19.03,14.24,21.39,75.0,1500.0,15.2,injector_abnormality,0.8
fault_injector_abnormality_1,1896,1789813861.1580129,4572.9,126.8,719.52,4.37,103.68,0.0691,18.96,14.24,21.28,75.0,1500.0,15.2,injector_abnormality,0.8
fault_injector_abnormality_1,1897,1789813862.1580129,4579.0,126.47,723.33,4.34,103.95,0.0712,19.19,14.27,21.43,75.0,1500.0,15.2,injector_abnormality,0.8
fault_injector_abnormality_1,1898,1789813863.1580129,4573.7,126.59,722.28,4.4,103.9,0.0725,19.02,14.32,21.17,75.0,1500.0,15.2,injector_abnormality,0.8
fault_injector_abnormality_1,1899,1789813864.1580129,4574.6,126.45,719.18,4.44,103.93,0.0702,19.03,14.25,21.42,75.0,1500.0,15.2,injector_abnormality,0.8
fault_injector_abnormality_1,1900,1789813865.1580129,4562.6,126.41,718.16,4.49,103.89,0.0674,18.93,14.27,21.19,75.0,1500.0,15.2,injector_abnormality,0.8
fault_injector_abnormality_1,1901,1789813866.1580129,4540.6,126.09,721.76,4.45,103.96,0.0726,18.85,14.23,21.21,75.0,1500.0,15.2,injector_abnormality,0.8
fault_injector_abnormality_1,1902,1789813867.1580129,4550.9,126.27,719.21,4.42,103.99,0.0681,18.69,14.21,21.13,75.0,1500.0,15.2,injector_abnormality,0.8
fault_injector_abnormality_1,1903,1789813868.1580129,4540.0,126.11,718.54,4.37,103.89,0.0687,18.88,14.19,21.14,75.0,1500.0,15.2,injector_abnormality,0.8
fault_injector_abnormality_1,1904,1789813869.1580129,4535.8,126.34,715.11,4.31,103.94,0.0603,18.93,14.21,21.03,75.0,1500.0,15.2,injector_abnormality,0.8
fault_injector_abnormality_1,1905,1789813870.1580129,4558.2,126.27,714.82,4.35,103.89,0.0754,19.01,14.15,21.1,75.0,1500.0,15.2,injector_abnormality,0.8
fault_injector_abnormality_1,1906,1789813871.1580129,4564.3,125.97,713.76,4.44,103.7,0.0773,18.9,14.13,21.31,75.0,1500.0,15.2,injector_abnormality,0.8
fault_injector_abnormality_1,1907,1789813872.1580129,4553.3,125.98,720.71,4.37,103.83,0.0781,19.04,14.18,21.49,75.0,1500.0,15.2,injector_abnormality,0.8
fault_injector_abnormality_1,1908,1789813873.1580129,4573.3,126.42,724.3,4.29,103.75,0.0783,18.9,14.24,21.2,75.0,1500.0,15.2,injector_abnormality,0.8
fault_injector_abnormality_1,1909,1789813874.1580129,4586.6,126.5,722.43,4.34,103.92,0.0779,18.84,14.14,21.49,75.0,1500.0,15.2,injector_abnormality,0.8
fault_injector_abnormality_1,1910,1789813875.1580129,4570.2,126.48,725.42,4.28,103.86,0.0696,18.79,14.03,21.22,75.0,1500.0,15.2,injector_abnormality,0.8
fault_injector_abnormality_1,1911,1789813876.1580129,4573.1,126.75,721.32,4.23,104.07,0.068,18.71,13.95,20.98,75.0,1500.0,15.2,injector_abnormality,0.8
fault_injector_abnormality_1,1912,1789813877.1580129,4541.2,127.02,721.56,4.22,104.27,0.0635,18.7,13.92,21.17,75.0,1500.0,15.2,injector_abnormality,0.8
fault_injector_abnormality_1,1913,1789813878.1580129,4532.7,127.05,723.38,4.33,104.33,0.0571,18.72,13.87,21.5,75.0,1500.0,15.2,injector_abnormality,0.8
fault_injector_abnormality_1,1914,1789813879.1580129,4536.8,127.1,719.7,4.43,104.26,0.0587,18.77,13.84,21.46,75.0,1500.0,15.2,injector_abnormality,0.8
fault_injector_abnormality_1,1915,1789813880.1580129,4542.0,126.69,725.83,4.36,104.43,0.0673,18.69,13.9,21.55,75.0,1500.0,15.2,injector_abnormality,0.8
fault_injector_abnormality_1,1916,1789813881.1580129,4540.3,126.71,730.93,4.31,104.37,0.0617,18.69,13.86,21.0,75.0,1500.0,15.2,injector_abnormality,0.8
fault_injector_abnormality_1,1917,1789813882.1580129,4512.7,127.11,729.03,4.3,104.29,0.0734,18.82,13.84,21.24,75.0,1500.0,15.2,injector_abnormality,0.8
fault_injector_abnormality_1,1918,1789813883.1580129,4511.4,127.25,725.02,4.38,104.55,0.0753,18.73,13.85,21.13,75.0,1500.0,15.2,injector_abnormality,0.8
fault_injector_abnormality_1,1919,1789813884.1580129,4501.8,126.76,727.15,4.3,104.54,0.0766,18.7,13.91,21.53,75.0,1500.0,15.2,injector_abnormality,0.8
fault_injector_abnormality_1,1920,1789813885.1580129,4490.7,126.79,729.85,4.28,104.6,0.078,18.83,13.95,21.32,75.0,1500.0,15.2,injector_abnormality,0.8
fault_injector_abnormality_1,1921,1789813886.1580129,4508.6,126.88,730.48,4.32,104.4,0.0758,18.8,14.06,21.13,75.0,1500.0,15.2,injector_abnormality,0.8
fault_injector_abnormality_1,1922,1789813887.1580129,4517.3,126.91,730.25,4.28,104.47,0.0737,18.75,14.1,21.22,75.0,1500.0,15.2,injector_abnormality,0.8
fault_injector_abnormality_1,1923,1789813888.1580129,4521.4,126.79,728.78,4.17,104.42,0.0798,18.82,13.93,21.48,75.0,1500.0,15.2,injector_abnormality,0.8
fault_injector_abnormality_1,1924,1789813889.1580129,4510.5,126.61,728.5,4.24,104.45,0.0762,18.85,13.93,21.45,75.0,1500.0,15.2,injector_abnormality,0.8
fault_injector_abnormality_1,1925,1789813890.1580129,4509.4,126.41,726.73,4.31,104.45,0.0727,18.99,13.97,21.19,75.0,1500.0,15.2,injector_abnormality,0.8
fault_injector_abnormality_1,1926,1789813891.1580129,4515.8,126.17,725.68,4.29,104.41,0.075,18.87,13.99,20.86,75.0,1500.0,15.2,injector_abnormality,0.8
fault_injector_abnormality_1,1927,1789813892.1580129,4514.8,126.5,723.66,4.4,104.42,0.0687,18.98,14.03,20.72,75.0,1500.0,15.2,injector_abnormality,0.8
fault_injector_abnormality_1,1928,1789813893.1580129,4499.6,126.54,722.87,4.36,104.55,0.066,19.04,14.03,20.63,75.0,1500.0,15.2,injector_abnormality,0.8
fault_injector_abnormality_1,1929,1789813894.1580129,4504.3,126.83,725.66,4.35,104.45,0.065,18.92,14.02,21.03,75.0,1500.0,15.2,injector_abnormality,0.8
fault_injector_abnormality_1,1930,1789813895.1580129,4524.4,126.74,723.49,4.41,104.3,0.0668,18.99,14.06,21.21,75.0,1500.0,15.2,injector_abnormality,0.8
fault_injector_abnormality_1,1931,1789813896.1580129,4520.3,126.6,717.49,4.45,104.43,0.0663,18.8,14.09,20.96,75.0,1500.0,15.2,injector_abnormality,0.8
fault_injector_abnormality_1,1932,1789813897.1580129,4549.4,126.5,719.66,4.36,104.48,0.0715,18.77,14.14,20.76,75.0,1500.0,15.2,injector_abnormality,0.8
fault_injector_abnormality_1,1933,1789813898.1580129,4550.9,126.93,719.53,4.39,104.59,0.0678,18.63,14.14,20.92,75.0,1500.0,15.2,injector_abnormality,0.8
fault_injector_abnormality_1,1934,1789813899.1580129,4551.3,127.08,718.43,4.41,104.38,0.0662,18.66,14.18,21.06,75.0,1500.0,15.2,injector_abnormality,0.8
fault_injector_abnormality_1,1935,1789813900.1580129,4538.5,126.98,717.81,4.41,104.19,0.0657,18.62,14.14,21.6,75.0,1500.0,15.2,injector_abnormality,0.8
fault_injector_abnormality_1,1936,1789813901.1580129,4523.1,127.01,719.93,4.34,104.24,0.064,18.5,14.11,21.44,75.0,1500.0,15.2,injector_abnormality,0.8
fault_injector_abnormality_1,1937,1789813902.1580129,4531.3,127.12,719.27,4.36,104.38,0.0624,18.51,14.09,21.21,75.0,1500.0,15.2,injector_abnormality,0.8
fault_injector_abnormality_1,1938,1789813903.1580129,4552.5,126.94,719.58,4.36,104.36,0.0647,18.56,14.02,21.24,75.0,1500.0,15.2,injector_abnormality,0.8
fault_injector_abnormality_1,1939,1789813904.1580129,4539.3,126.71,723.08,4.37,104.32,0.0685,18.65,14.02,21.6,75.0,1500.0,15.2,injector_abnormality,0.8
fault_injector_abnormality_1,1940,1789813905.1580129,4541.1,126.72,725.95,4.38,104.45,0.0766,18.67,14.12,21.56,75.0,1500.0,15.2,injector_abnormality,0.8
fault_injector_abnormality_1,1941,1789813906.1580129,4547.9,127.05,721.24,4.38,104.47,0.0777,18.56,14.1,21.31,75.0,1500.0,15.2,injector_abnormality,0.8
fault_injector_abnormality_1,1942,1789813907.1580129,4547.7,126.68,720.1,4.37,104.47,0.0752,18.63,14.11,21.09,75.0,1500.0,15.2,injector_abnormality,0.8
fault_injector_abnormality_1,1943,1789813908.1580129,4546.3,126.43,716.33,4.41,104.34,0.0834,18.58,14.16,21.28,75.0,1500.0,15.2,injector_abnormality,0.8
fault_injector_abnormality_1,1944,1789813909.1580129,4544.5,126.53,720.9,4.37,104.37,0.0829,18.48,14.13,21.34,75.0,1500.0,15.2,injector_abnormality,0.8
fault_injector_abnormality_1,1945,1789813910.1580129,4548.9,126.4,720.42,4.29,104.38,0.0785,18.57,14.16,21.2,75.0,1500.0,15.2,injector_abnormality,0.8
fault_injector_abnormality_1,1946,1789813911.1580129,4543.0,126.33,721.5,4.41,104.35,0.0792,18.62,14.22,21.1,75.0,1500.0,15.2,injector_abnormality,0.8
fault_injector_abnormality_1,1947,1789813912.1580129,4542.7,125.96,719.72,4.43,104.21,0.0752,18.67,14.21,21.14,75.0,1500.0,15.2,injector_abnormality,0.8
fault_injector_abnormality_1,1948,1789813913.1580129,4560.4,126.18,720.29,4.39,104.23,0.0812,18.61,14.27,21.26,75.0,1500.0,15.2,injector_abnormality,0.8
fault_injector_abnormality_1,1949,1789813914.1580129,4570.9,126.05,729.54,4.36,104.0,0.0758,18.82,14.33,21.19,75.0,1500.0,15.2,injector_abnormality,0.8
fault_injector_abnormality_1,1950,1789813915.1580129,4561.2,126.21,726.3,4.32,103.93,0.0741,18.89,14.27,21.08,75.0,1500.0,15.2,injector_abnormality,0.8
fault_injector_abnormality_1,1951,1789813916.1580129,4558.9,126.43,723.41,4.34,103.94,0.071,18.8,14.3,21.26,75.0,1500.0,15.2,injector_abnormality,0.8
fault_injector_abnormality_1,1952,1789813917.1580129,4559.6,126.31,722.9,4.27,103.82,0.0657,18.71,14.27,21.5,75.0,1500.0,15.2,injector_abnormality,0.8
fault_injector_abnormality_1,1953,1789813918.1580129,4545.8,126.37,722.21,4.38,103.71,0.0781,18.72,14.19,21.24,75.0,1500.0,15.2,injector_abnormality,0.8
fault_injector_abnormality_1,1954,1789813919.1580129,4540.5,126.45,723.71,4.34,103.61,0.0719,18.73,14.18,21.13,75.0,1500.0,15.2,injector_abnormality,0.8
fault_injector_abnormality_1,1955,1789813920.1580129,4556.1,126.31,725.63,4.21,103.6,0.076,18.77,14.16,20.92,75.0,1500.0,15.2,injector_abnormality,0.8
fault_injector_abnormality_1,1956,1789813921.1580129,4551.8,126.53,723.08,4.25,103.74,0.0846,18.83,14.12,20.93,75.0,1500.0,15.2,injector_abnormality,0.8
fault_injector_abnormality_1,1957,1789813922.1580129,4562.2,126.62,726.48,4.18,103.73,0.079,18.82,14.21,20.98,75.0,1500.0,15.2,injector_abnormality,0.8
fault_injector_abnormality_1,1958,1789813923.1580129,4543.8,126.43,725.78,4.28,103.68,0.0797,18.77,14.21,21.11,75.0,1500.0,15.2,injector_abnormality,0.8
fault_injector_abnormality_1,1959,1789813924.1580129,4544.3,126.23,730.76,4.35,103.71,0.0705,18.87,14.17,21.11,75.0,1500.0,15.2,injector_abnormality,0.8
fault_injector_abnormality_1,1960,1789813925.1580129,4553.5,126.34,732.33,4.36,103.54,0.0714,18.79,14.23,21.34,75.0,1500.0,15.2,injector_abnormality,0.8
fault_injector_abnormality_1,1961,1789813926.1580129,4548.9,126.6,732.9,4.35,103.4,0.0733,18.72,14.18,21.49,75.0,1500.0,15.2,injector_abnormality,0.8
fault_injector_abnormality_1,1962,1789813927.1580129,4533.2,126.72,729.51,4.31,103.55,0.0783,18.68,14.15,21.22,75.0,1500.0,15.2,injector_abnormality,0.8
fault_injector_abnormality_1,1963,1789813928.1580129,4532.6,126.67,727.04,4.18,103.73,0.0761,18.86,14.17,21.4,75.0,1500.0,15.2,injector_abnormality,0.8
fault_injector_abnormality_1,1964,1789813929.1580129,4540.8,126.63,724.18,4.26,103.73,0.0775,18.72,14.22,21.14,75.0,1500.0,15.2,injector_abnormality,0.8
fault_injector_abnormality_1,1965,1789813930.1580129,4541.4,126.51,719.7,4.2,103.79,0.0762,18.77,14.18,21.16,75.0,1500.0,15.2,injector_abnormality,0.8
fault_injector_abnormality_1,1966,1789813931.1580129,4531.0,126.49,717.97,4.3,103.93,0.0752,18.79,14.19,21.25,75.0,1500.0,15.2,injector_abnormality,0.8
fault_injector_abnormality_1,1967,1789813932.1580129,4526.9,126.79,719.7,4.25,103.84,0.0736,18.68,14.13,21.29,75.0,1500.0,15.2,injector_abnormality,0.8
fault_injector_abnormality_1,1968,1789813933.1580129,4543.1,126.95,718.94,4.3,103.86,0.071,18.46,14.14,21.43,75.0,1500.0,15.2,injector_abnormality,0.8
fault_injector_abnormality_1,1969,1789813934.1580129,4518.2,126.84,718.27,4.3,103.8,0.072,18.58,14.22,21.37,75.0,1500.0,15.2,injector_abnormality,0.8
fault_injector_abnormality_1,1970,1789813935.1580129,4516.6,127.12,717.83,4.39,103.83,0.0693,18.78,14.24,21.73,75.0,1500.0,15.2,injector_abnormality,0.8
fault_injector_abnormality_1,1971,1789813936.1580129,4520.1,126.9,718.02,4.48,103.75,0.0663,18.62,14.24,21.43,75.0,1500.0,15.2,injector_abnormality,0.8
fault_injector_abnormality_1,1972,1789813937.1580129,4516.5,126.95,717.65,4.45,103.8,0.0631,18.46,14.22,21.26,75.0,1500.0,15.2,injector_abnormality,0.8
fault_injector_abnormality_1,1973,1789813938.1580129,4522.6,127.13,712.18,4.46,103.86,0.0646,18.39,14.22,21.44,75.0,1500.0,15.2,injector_abnormality,0.8
fault_injector_abnormality_1,1974,1789813939.1580129,4512.2,127.2,714.94,4.36,103.95,0.0683,18.56,14.29,21.22,75.0,1500.0,15.2,injector_abnormality,0.8
fault_injector_abnormality_1,1975,1789813940.1580129,4484.2,126.91,717.09,4.45,103.99,0.0726,18.54,14.45,21.08,75.0,1500.0,15.2,injector_abnormality,0.8
fault_injector_abnormality_1,1976,1789813941.1580129,4492.5,126.36,715.48,4.43,103.96,0.0727,18.4,14.45,20.91,75.0,1500.0,15.2,injector_abnormality,0.8
fault_injector_abnormality_1,1977,1789813942.1580129,4523.9,126.05,718.3,4.38,104.03,0.0725,18.42,14.4,21.27,75.0,1500.0,15.2,injector_abnormality,0.8
fault_injector_abnormality_1,1978,1789813943.1580129,4538.7,125.99,721.49,4.41,104.14,0.0728,18.6,14.28,21.25,75.0,1500.0,15.2,injector_abnormality,0.8
fault_injector_abnormality_1,1979,1789813944.1580129,4523.9,125.82,721.85,4.31,104.23,0.0698,18.52,14.18,21.3,75.0,1500.0,15.2,injector_abnormality,0.8
fault_injector_abnormality_1,1980,1789813945.1580129,4519.6,126.1,723.06,4.34,104.08,0.0719,18.62,14.09,21.16,75.0,1500.0,15.2,injector_abnormality,0.8
fault_injector_abnormality_1,1981,1789813946.1580129,4499.8,125.88,720.53,4.39,103.99,0.0747,18.61,14.05,21.07,75.0,1500.0,15.2,injector_abnormality,0.8
fault_injector_abnormality_1,1982,1789813947.1580129,4486.6,126.07,721.18,4.39,104.03,0.0692,18.46,14.05,21.17,75.0,1500.0,15.2,injector_abnormality,0.8
fault_injector_abnormality_1,1983,1789813948.1580129,4500.6,126.25,719.35,4.36,104.01,0.0697,18.45,14.03,21.46,75.0,1500.0,15.2,injector_abnormality,0.8
fault_injector_abnormality_1,1984,1789813949.1580129,4483.3,126.21,719.13,4.36,103.88,0.0692,18.49,14.02,21.26,75.0,1500.0,15.2,injector_abnormality,0.8
fault_injector_abnormality_1,1985,1789813950.1580129,4475.8,126.11,718.77,4.29,103.84,0.0715,18.54,14.06,21.3,75.0,1500.0,15.2,injector_abnormality,0.8
fault_injector_abnormality_1,1986,1789813951.1580129,4462.7,125.89,720.02,4.27,103.84,0.0798,18.58,13.99,21.11,75.0,1500.0,15.2,injector_abnormality,0.8
fault_injector_abnormality_1,1987,1789813952.1580129,4448.6,125.62,715.64,4.32,103.82,0.0717,18.56,13.89,21.1,75.0,1500.0,15.2,injector_abnormality,0.8
fault_injector_abnormality_1,1988,1789813953.1580129,4449.6,125.62,714.91,4.29,103.71,0.0741,18.5,13.85,21.24,75.0,1500.0,15.2,injector_abnormality,0.8
fault_injector_abnormality_1,1989,1789813954.1580129,4444.0,125.5,718.21,4.28,103.81,0.0729,18.52,13.83,21.11,75.0,1500.0,15.2,injector_abnormality,0.8
fault_injector_abnormality_1,1990,1789813955.1580129,4460.1,125.86,721.83,4.31,103.99,0.0758,18.49,13.84,21.32,75.0,1500.0,15.2,injector_abnormality,0.8
fault_injector_abnormality_1,1991,1789813956.1580129,4471.7,125.89,718.91,4.26,103.94,0.0714,18.56,13.86,21.19,75.0,1500.0,15.2,injector_abnormality,0.8
fault_injector_abnormality_1,1992,1789813957.1580129,4482.0,125.94,721.17,4.32,103.96,0.0697,18.57,13.88,21.5,75.0,1500.0,15.2,injector_abnormality,0.8
fault_injector_abnormality_1,1993,1789813958.1580129,4485.8,126.02,718.24,4.32,103.94,0.0644,18.47,13.94,21.07,75.0,1500.0,15.2,injector_abnormality,0.8
fault_injector_abnormality_1,1994,1789813959.1580129,4487.6,126.21,721.21,4.3,103.76,0.067,18.5,13.96,20.82,75.0,1500.0,15.2,injector_abnormality,0.8
fault_injector_abnormality_1,1995,1789813960.1580129,4499.9,126.37,719.01,4.27,103.73,0.0664,18.63,13.98,20.9,75.0,1500.0,15.2,injector_abnormality,0.8
fault_injector_abnormality_1,1996,1789813961.1580129,4503.8,126.35,714.3,4.26,103.79,0.0652,18.52,14.0,21.25,75.0,1500.0,15.2,injector_abnormality,0.8
fault_injector_abnormality_1,1997,1789813962.1580129,4487.8,126.07,718.24,4.17,103.92,0.067,18.51,13.97,21.34,75.0,1500.0,15.2,injector_abnormality,0.8
fault_injector_abnormality_1,1998,1789813963.1580129,4463.6,126.08,714.73,4.28,104.01,0.072,18.48,14.08,21.1,75.0,1500.0,15.2,injector_abnormality,0.8
fault_injector_abnormality_1,1999,1789813964.1580129,4465.5,126.34,717.48,4.3,103.9,0.0787,18.39,14.07,21.12,75.0,1500.0,15.2,injector_abnormality,0.8
fault_injector_abnormality_1,2000,1789813965.1580129,4463.9,126.35,718.9,4.38,103.99,0.073,18.34,14.12,21.13,75.0,1500.0,15.2,injector_abnormality,0.8
fault_injector_abnormality_1,2001,1789813966.1580129,4466.8,126.22,724.01,4.37,104.0,0.0705,18.23,14.29,21.08,75.0,1500.0,15.2,injector_abnormality,0.8
fault_injector_abnormality_1,2002,1789813967.1580129,4465.3,126.3,717.08,4.29,104.17,0.0717,18.21,14.24,21.17,75.0,1500.0,15.2,injector_abnormality,0.8
fault_injector_abnormality_1,2003,1789813968.1580129,4480.1,126.58,719.08,4.31,104.13,0.0773,18.26,14.21,21.19,75.0,1500.0,15.2,injector_abnormality,0.8
fault_injector_abnormality_1,2004,1789813969.1580129,4455.7,126.61,720.31,4.26,104.11,0.0744,18.3,14.2,21.48,75.0,1500.0,15.2,injector_abnormality,0.8
fault_injector_abnormality_1,2005,1789813970.1580129,4451.6,126.55,719.21,4.3,103.98,0.0687,18.29,14.15,21.63,75.0,1500.0,15.2,injector_abnormality,0.8
fault_injector_abnormality_1,2006,1789813971.1580129,4454.5,126.58,720.64,4.24,103.88,0.061,18.32,14.18,21.44,75.0,1500.0,15.2,injector_abnormality,0.8
fault_injector_abnormality_1,2007,1789813972.1580129,4438.9,126.62,721.48,4.28,103.9,0.0627,18.3,14.21,21.27,75.0,1500.0,15.2,injector_abnormality,0.8
fault_injector_abnormality_1,2008,1789813973.1580129,4461.9,126.59,717.73,4.29,103.9,0.0718,18.43,14.18,21.02,75.0,1500.0,15.2,injector_abnormality,0.8
fault_injector_abnormality_1,2009,1789813974.1580129,4474.5,126.5,717.35,4.32,104.02,0.0655,18.4,14.14,21.01,75.0,1500.0,15.2,injector_abnormality,0.8
fault_injector_abnormality_1,2010,1789813975.1580129,4472.4,126.57,713.84,4.44,103.85,0.075,18.37,14.24,21.26,75.0,1500.0,15.2,injector_abnormality,0.8
fault_injector_abnormality_1,2011,1789813976.1580129,4500.3,126.89,718.05,4.44,103.95,0.0741,18.24,14.08,21.36,75.0,1500.0,15.2,injector_abnormality,0.8
fault_injector_abnormality_1,2012,1789813977.1580129,4505.1,126.75,715.55,4.37,103.76,0.0718,18.26,14.2,21.63,75.0,1500.0,15.2,injector_abnormality,0.8
fault_injector_abnormality_1,2013,1789813978.1580129,4493.7,127.13,714.48,4.37,103.84,0.0807,18.24,14.16,21.49,75.0,1500.0,15.2,injector_abnormality,0.8
fault_injector_abnormality_1,2014,1789813979.1580129,4498.9,127.09,715.12,4.36,103.84,0.0761,18.15,14.22,21.36,75.0,1500.0,15.2,injector_abnormality,0.8
fault_injector_abnormality_1,2015,1789813980.1580129,4512.5,126.88,719.98,4.37,103.97,0.084,18.05,14.16,20.77,75.0,1500.0,15.2,injector_abnormality,0.8
fault_injector_abnormality_1,2016,1789813981.1580129,4521.0,126.74,717.35,4.3,103.82,0.0754,17.95,14.11,20.88,75.0,1500.0,15.2,injector_abnormality,0.8
fault_injector_abnormality_1,2017,1789813982.1580129,4512.1,126.76,720.9,4.31,103.89,0.0698,17.84,14.18,20.86,75.0,1500.0,15.2,injector_abnormality,0.8
fault_injector_abnormality_1,2018,1789813983.1580129,4523.2,126.78,722.0,4.16,103.91,0.0727,17.84,14.08,20.94,75.0,1500.0,15.2,injector_abnormality,0.8
fault_injector_abnormality_1,2019,1789813984.1580129,4523.1,126.92,722.65,4.19,103.95,0.0678,17.86,14.13,21.19,75.0,1500.0,15.2,injector_abnormality,0.8
fault_injector_abnormality_1,2020,1789813985.1580129,4529.2,126.58,725.69,4.23,104.03,0.0749,18.0,14.13,21.16,75.0,1500.0,15.2,injector_abnormality,0.8
fault_injector_abnormality_1,2021,1789813986.1580129,4524.4,126.56,722.96,4.16,103.95,0.0721,17.94,14.08,21.03,75.0,1500.0,15.2,injector_abnormality,0.8
fault_injector_abnormality_1,2022,1789813987.1580129,4526.1,126.11,720.26,4.18,104.06,0.0698,18.03,14.11,21.57,75.0,1500.0,15.2,injector_abnormality,0.8
fault_injector_abnormality_1,2023,1789813988.1580129,4494.0,126.2,721.52,4.22,104.19,0.0644,18.05,14.11,21.17,75.0,1500.0,15.2,injector_abnormality,0.8
fault_injector_abnormality_1,2024,1789813989.1580129,4513.4,126.06,724.68,4.2,104.15,0.0646,18.07,14.21,21.29,75.0,1500.0,15.2,injector_abnormality,0.8
fault_injector_abnormality_1,2025,1789813990.1580129,4509.1,125.85,724.69,4.21,104.02,0.0691,18.03,14.13,21.23,75.0,1500.0,15.2,injector_abnormality,0.8
fault_injector_abnormality_1,2026,1789813991.1580129,4502.5,126.12,721.18,4.2,103.95,0.0695,18.0,14.12,21.68,75.0,1500.0,15.2,injector_abnormality,0.8
fault_injector_abnormality_1,2027,1789813992.1580129,4491.4,126.09,717.77,4.31,103.82,0.0787,17.94,14.11,21.24,75.0,1500.0,15.2,injector_abnormality,0.8
fault_injector_abnormality_1,2028,1789813993.1580129,4497.9,126.03,716.72,4.22,103.72,0.0785,18.01,14.16,21.44,75.0,1500.0,15.2,injector_abnormality,0.8
fault_injector_abnormality_1,2029,1789813994.1580129,4485.5,126.05,717.87,4.28,103.6,0.0759,17.9,14.14,21.28,75.0,1500.0,15.2,injector_abnormality,0.8
fault_injector_abnormality_1,2030,1789813995.1580129,4481.7,126.23,715.23,4.25,103.62,0.074,18.06,14.13,21.38,75.0,1500.0,15.2,injector_abnormality,0.8
fault_injector_abnormality_1,2031,1789813996.1580129,4477.6,126.21,714.7,4.28,103.73,0.062,18.2,14.14,21.51,75.0,1500.0,15.2,injector_abnormality,0.8
fault_injector_abnormality_1,2032,1789813997.1580129,4471.4,126.03,712.0,4.26,103.89,0.0715,18.28,14.12,21.25,75.0,1500.0,15.2,injector_abnormality,0.8
fault_injector_abnormality_1,2033,1789813998.1580129,4456.7,126.27,711.32,4.32,103.95,0.0692,18.15,14.1,21.57,75.0,1500.0,15.2,injector_abnormality,0.8
fault_injector_abnormality_1,2034,1789813999.1580129,4489.1,126.12,709.69,4.32,103.92,0.0614,17.98,14.06,21.26,75.0,1500.0,15.2,injector_abnormality,0.8
fault_injector_abnormality_1,2035,1789814000.1580129,4469.2,126.07,705.42,4.32,103.71,0.065,18.25,14.06,21.18,75.0,1500.0,15.2,injector_abnormality,0.8
fault_injector_abnormality_1,2036,1789814001.1580129,4470.3,126.28,711.43,4.33,103.65,0.0664,18.2,13.99,21.19,75.0,1500.0,15.2,injector_abnormality,0.8
fault_injector_abnormality_1,2037,1789814002.1580129,4468.0,126.19,710.73,4.35,103.64,0.0621,18.33,13.99,21.28,75.0,1500.0,15.2,injector_abnormality,0.8
fault_injector_abnormality_1,2038,1789814003.1580129,4451.0,126.35,706.94,4.42,103.71,0.0635,18.22,14.01,21.25,75.0,1500.0,15.2,injector_abnormality,0.8
fault_injector_abnormality_1,2039,1789814004.1580129,4443.4,126.69,706.85,4.44,103.7,0.0714,18.11,14.05,21.51,75.0,1500.0,15.2,injector_abnormality,0.8
fault_injector_abnormality_1,2040,1789814005.1580129,4442.9,126.85,705.14,4.39,103.62,0.0689,18.21,14.07,21.3,75.0,1500.0,15.2,injector_abnormality,0.8
fault_injector_abnormality_1,2041,1789814006.1580129,4439.8,126.69,711.22,4.39,103.71,0.065,18.03,14.09,21.53,75.0,1500.0,15.2,injector_abnormality,0.8
fault_injector_abnormality_1,2042,1789814007.1580129,4443.9,126.66,713.23,4.38,103.7,0.0722,18.13,14.1,21.31,75.0,1500.0,15.2,injector_abnormality,0.8
fault_injector_abnormality_1,2043,1789814008.1580129,4455.1,126.62,715.02,4.42,103.63,0.0627,18.15,14.12,21.67,75.0,1500.0,15.2,injector_abnormality,0.8
fault_injector_abnormality_1,2044,1789814009.1580129,4477.5,126.53,719.63,4.42,103.76,0.0787,18.04,14.15,21.26,75.0,1500.0,15.2,injector_abnormality,0.8
fault_injector_abnormality_1,2045,1789814010.1580129,4441.8,126.24,716.96,4.47,103.89,0.0814,18.02,14.13,21.48,75.0,1500.0,15.2,injector_abnormality,0.8
fault_injector_abnormality_1,2046,1789814011.1580129,4440.0,126.25,716.49,4.46,103.88,0.0739,18.08,14.11,21.13,75.0,1500.0,15.2,injector_abnormality,0.8
fault_injector_abnormality_1,2047,1789814012.1580129,4446.3,126.35,716.08,4.39,103.92,0.0755,18.12,14.04,21.33,75.0,1500.0,15.2,injector_abnormality,0.8
fault_injector_abnormality_1,2048,1789814013.1580129,4436.9,126.19,717.86,4.42,103.77,0.0753,18.16,14.12,21.27,75.0,1500.0,15.2,injector_abnormality,0.8
fault_injector_abnormality_1,2049,1789814014.1580129,4446.8,126.2,720.0,4.26,103.76,0.0744,18.25,14.15,21.2,75.0,1500.0,15.2,injector_abnormality,0.8
fault_injector_abnormality_1,2050,1789814015.1580129,4432.8,125.99,724.1,4.28,103.81,0.0764,18.18,14.18,21.49,75.0,1500.0,15.2,injector_abnormality,0.8
fault_injector_abnormality_1,2051,1789814016.1580129,4443.3,126.13,719.76,4.35,103.78,0.0722,18.36,14.19,21.19,75.0,1500.0,15.2,injector_abnormality,0.8
fault_injector_abnormality_1,2052,1789814017.1580129,4446.8,126.33,716.53,4.42,103.63,0.0739,18.27,14.15,21.04,75.0,1500.0,15.2,injector_abnormality,0.8
fault_injector_abnormality_1,2053,1789814018.1580129,4449.7,126.27,712.65,4.4,103.59,0.0738,18.24,14.14,20.97,75.0,1500.0,15.2,injector_abnormality,0.8
fault_injector_abnormality_1,2054,1789814019.1580129,4457.4,126.11,711.05,4.37,103.47,0.0785,18.24,14.13,21.28,75.0,1500.0,15.2,injector_abnormality,0.8
fault_injector_abnormality_1,2055,1789814020.1580129,4458.9,126.16,713.23,4.44,103.35,0.0777,18.28,14.1,21.63,75.0,1500.0,15.2,injector_abnormality,0.8
fault_injector_abnormality_1,2056,1789814021.1580129,4479.5,126.02,715.52,4.37,103.35,0.0751,18.22,14.11,21.58,75.0,1500.0,15.2,injector_abnormality,0.8
fault_injector_abnormality_1,2057,1789814022.1580129,4468.9,126.26,718.43,4.33,103.33,0.0809,18.19,14.21,21.53,75.0,1500.0,15.2,injector_abnormality,0.8
fault_injector_abnormality_1,2058,1789814023.1580129,4476.1,126.08,711.55,4.23,103.48,0.0648,18.18,14.21,21.41,75.0,1500.0,15.2,injector_abnormality,0.8
fault_injector_abnormality_1,2059,1789814024.1580129,4469.8,126.41,704.34,4.29,103.39,0.0686,18.16,14.16,21.21,75.0,1500.0,15.2,injector_abnormality,0.8
fault_injector_abnormality_1,2060,1789814025.1580129,4488.1,126.32,710.32,4.31,103.35,0.0692,18.12,14.16,21.25,75.0,1500.0,15.2,injector_abnormality,0.8
fault_injector_abnormality_1,2061,1789814026.1580129,4508.2,126.68,713.79,4.34,103.33,0.0711,18.12,14.13,20.84,75.0,1500.0,15.2,injector_abnormality,0.8
fault_injector_abnormality_1,2062,1789814027.1580129,4488.3,126.52,714.42,4.31,103.3,0.0788,18.27,14.22,21.11,75.0,1500.0,15.2,injector_abnormality,0.8
fault_injector_abnormality_1,2063,1789814028.1580129,4472.8,126.49,719.44,4.38,103.17,0.0718,18.3,14.22,21.5,75.0,1500.0,15.2,injector_abnormality,0.8
fault_injector_abnormality_1,2064,1789814029.1580129,4481.9,126.69,713.78,4.43,103.28,0.0801,18.16,14.13,21.31,75.0,1500.0,15.2,injector_abnormality,0.8
fault_injector_abnormality_1,2065,1789814030.1580129,4460.7,126.97,716.44,4.52,103.38,0.0836,18.1,14.08,21.32,75.0,1500.0,15.2,injector_abnormality,0.8
fault_injector_abnormality_1,2066,1789814031.1580129,4471.0,126.66,713.28,4.43,103.18,0.083,17.97,14.02,21.3,75.0,1500.0,15.2,injector_abnormality,0.8
fault_injector_abnormality_1,2067,1789814032.1580129,4461.6,126.43,713.73,4.49,103.24,0.0821,17.91,14.04,21.66,75.0,1500.0,15.2,injector_abnormality,0.8
fault_injector_abnormality_1,2068,1789814033.1580129,4468.0,126.35,710.64,4.36,103.33,0.0732,17.96,14.0,21.55,75.0,1500.0,15.2,injector_abnormality,0.8
fault_injector_abnormality_1,2069,1789814034.1580129,4448.5,126.25,711.9,4.32,103.28,0.076,17.99,13.96,21.15,75.0,1500.0,15.2,injector_abnormality,0.8
fault_injector_abnormality_1,2070,1789814035.1580129,4449.5,126.24,711.23,4.3,103.39,0.075,18.08,13.92,20.96,75.0,1500.0,15.2,injector_abnormality,0.8
fault_injector_abnormality_1,2071,1789814036.1580129,4437.2,126.16,712.08,4.32,103.39,0.0775,18.04,13.87,21.18,75.0,1500.0,15.2,injector_abnormality,0.8
fault_injector_abnormality_1,2072,1789814037.1580129,4442.8,126.21,712.38,4.33,103.45,0.0689,18.03,13.89,21.4,75.0,1500.0,15.2,injector_abnormality,0.8
fault_injector_abnormality_1,2073,1789814038.1580129,4454.2,126.07,709.95,4.3,103.37,0.0682,18.12,13.99,21.19,75.0,1500.0,15.2,injector_abnormality,0.8
fault_injector_abnormality_1,2074,1789814039.1580129,4449.5,126.25,714.66,4.33,103.43,0.069,18.11,13.86,21.75,75.0,1500.0,15.2,injector_abnormality,0.8
fault_injector_abnormality_1,2075,1789814040.1580129,4450.9,126.12,713.16,4.36,103.52,0.0748,18.21,13.91,21.36,75.0,1500.0,15.2,injector_abnormality,0.8
fault_injector_abnormality_1,2076,1789814041.1580129,4436.7,126.22,712.43,4.29,103.53,0.0776,18.13,13.96,21.5,75.0,1500.0,15.2,injector_abnormality,0.8
fault_injector_abnormality_1,2077,1789814042.1580129,4460.8,126.2,712.01,4.33,103.53,0.0769,18.06,14.01,20.91,75.0,1500.0,15.2,injector_abnormality,0.8
fault_injector_abnormality_1,2078,1789814043.1580129,4460.8,126.1,712.79,4.36,103.69,0.0699,18.0,14.07,21.19,75.0,1500.0,15.2,injector_abnormality,0.8
fault_injector_abnormality_1,2079,1789814044.1580129,4459.4,125.99,711.27,4.44,103.71,0.0816,18.11,14.05,20.95,75.0,1500.0,15.2,injector_abnormality,0.8
fault_injector_abnormality_1,2080,1789814045.1580129,4447.0,125.65,710.01,4.43,103.7,0.0692,17.99,13.98,21.05,75.0,1500.0,15.2,injector_abnormality,0.8
fault_injector_abnormality_1,2081,1789814046.1580129,4403.5,125.67,708.39,4.34,103.63,0.0758,18.03,13.95,21.22,75.0,1500.0,15.2,injector_abnormality,0.8
fault_injector_abnormality_1,2082,1789814047.1580129,4410.8,126.03,706.21,4.33,103.87,0.0695,18.12,14.02,21.09,75.0,1500.0,15.2,injector_abnormality,0.8
fault_injector_abnormality_1,2083,1789814048.1580129,4409.4,126.5,708.86,4.32,103.87,0.0727,18.09,14.02,21.47,75.0,1500.0,15.2,injector_abnormality,0.8
fault_injector_abnormality_1,2084,1789814049.1580129,4407.1,126.24,706.82,4.35,103.9,0.0906,18.13,13.99,21.4,75.0,1500.0,15.2,injector_abnormality,0.8
fault_injector_abnormality_1,2085,1789814050.1580129,4414.9,126.25,704.69,4.33,103.74,0.0863,18.17,14.0,20.97,75.0,1500.0,15.2,injector_abnormality,0.8
fault_injector_abnormality_1,2086,1789814051.1580129,4455.1,126.29,705.45,4.32,103.8,0.0799,18.05,14.05,20.79,75.0,1500.0,15.2,injector_abnormality,0.8
fault_injector_abnormality_1,2087,1789814052.1580129,4449.8,126.16,705.65,4.29,103.87,0.0887,17.97,14.07,21.14,75.0,1500.0,15.2,injector_abnormality,0.8
fault_injector_abnormality_1,2088,1789814053.1580129,4442.7,126.13,706.24,4.29,103.88,0.0782,17.89,14.12,21.22,75.0,1500.0,15.2,injector_abnormality,0.8
fault_injector_abnormality_1,2089,1789814054.1580129,4448.1,125.86,703.74,4.23,103.88,0.0725,17.83,14.12,20.84,75.0,1500.0,15.2,injector_abnormality,0.8
fault_injector_abnormality_1,2090,1789814055.1580129,4422.6,126.0,702.37,4.32,103.8,0.0657,17.95,14.11,20.8,75.0,1500.0,15.2,injector_abnormality,0.8
fault_injector_abnormality_1,2091,1789814056.1580129,4416.5,126.28,704.79,4.37,103.83,0.0725,18.09,14.14,20.79,75.0,1500.0,15.2,injector_abnormality,0.8
fault_injector_abnormality_1,2092,1789814057.1580129,4429.6,126.15,708.16,4.38,103.69,0.0722,18.07,14.19,20.8,75.0,1500.0,15.2,injector_abnormality,0.8
fault_injector_abnormality_1,2093,1789814058.1580129,4424.7,126.46,710.1,4.34,103.6,0.0774,17.96,14.23,21.28,75.0,1500.0,15.2,injector_abnormality,0.8
fault_injector_abnormality_1,2094,1789814059.1580129,4411.7,126.6,710.87,4.38,103.76,0.0854,17.79,14.31,21.49,75.0,1500.0,15.2,injector_abnormality,0.8
fault_injector_abnormality_1,2095,1789814060.1580129,4427.1,126.08,704.62,4.4,103.86,0.0812,17.88,14.33,21.58,75.0,1500.0,15.2,injector_abnormality,0.8
fault_injector_abnormality_1,2096,1789814061.1580129,4426.0,125.84,709.84,4.39,103.72,0.0812,17.74,14.32,21.44,75.0,1500.0,15.2,injector_abnormality,0.8
fault_injector_abnormality_1,2097,1789814062.1580129,4446.9,125.93,708.67,4.4,103.58,0.0692,17.92,14.48,21.16,75.0,1500.0,15.2,injector_abnormality,0.8
fault_injector_abnormality_1,2098,1789814063.1580129,4435.3,125.91,712.71,4.47,103.69,0.0732,17.87,14.49,21.31,75.0,1500.0,15.2,injector_abnormality,0.8
fault_injector_abnormality_1,2099,1789814064.1580129,4438.5,126.15,705.67,4.44,103.9,0.0637,17.87,14.49,20.9,75.0,1500.0,15.2,injector_abnormality,0.8
fault_injector_abnormality_1,2100,1789814065.1580129,4443.0,126.38,704.74,4.45,103.89,0.0671,17.87,14.48,20.96,75.0,1500.0,15.2,injector_abnormality,0.8
fault_injector_abnormality_1,2101,1789814066.1580129,4421.5,126.54,703.71,4.47,103.96,0.0721,17.94,14.42,20.97,75.0,1500.0,15.2,injector_abnormality,0.8
fault_injector_abnormality_1,2102,1789814067.1580129,4445.2,126.21,707.78,4.45,103.85,0.0816,17.72,14.39,21.27,75.0,1500.0,15.2,injector_abnormality,0.8
fault_injector_abnormality_1,2103,1789814068.1580129,4428.4,126.16,710.34,4.42,103.93,0.0755,17.77,14.37,21.25,75.0,1500.0,15.2,injector_abnormality,0.8
fault_injector_abnormality_1,2104,1789814069.1580129,4427.8,126.34,709.63,4.42,104.07,0.079,17.74,14.28,21.43,75.0,1500.0,15.2,injector_abnormality,0.8
fault_injector_abnormality_1,2105,1789814070.1580129,4437.8,126.32,710.33,4.41,104.02,0.0776,17.71,14.36,21.29,75.0,1500.0,15.2,injector_abnormality,0.8
fault_injector_abnormality_1,2106,1789814071.1580129,4400.7,126.59,710.18,4.35,103.94,0.0775,17.87,14.35,20.92,75.0,1500.0,15.2,injector_abnormality,0.8
fault_injector_abnormality_1,2107,1789814072.1580129,4405.6,126.62,707.62,4.32,104.02,0.0745,17.76,14.44,20.98,75.0,1500.0,15.2,injector_abnormality,0.8
fault_injector_abnormality_1,2108,1789814073.1580129,4426.2,126.81,708.1,4.32,104.0,0.0754,17.68,14.41,21.13,75.0,1500.0,15.2,injector_abnormality,0.8
fault_injector_abnormality_1,2109,1789814074.1580129,4426.1,126.48,708.72,4.38,104.02,0.0699,17.68,14.33,21.31,75.0,1500.0,15.2,injector_abnormality,0.8
fault_injector_abnormality_1,2110,1789814075.1580129,4428.3,126.59,706.63,4.39,104.02,0.0626,17.77,14.36,21.47,75.0,1500.0,15.2,injector_abnormality,0.8
fault_injector_abnormality_1,2111,1789814076.1580129,4426.0,126.3,711.43,4.33,104.07,0.0655,17.8,14.31,21.36,75.0,1500.0,15.2,injector_abnormality,0.8
fault_injector_abnormality_1,2112,1789814077.1580129,4440.4,126.3,713.7,4.37,104.08,0.0757,17.9,14.34,21.41,75.0,1500.0,15.2,injector_abnormality,0.8
fault_injector_abnormality_1,2113,1789814078.1580129,4441.8,126.47,718.92,4.37,103.95,0.0832,17.92,14.36,21.05,75.0,1500.0,15.2,injector_abnormality,0.8
fault_injector_abnormality_1,2114,1789814079.1580129,4479.9,126.37,714.96,4.35,104.12,0.0761,17.85,14.34,21.33,75.0,1500.0,15.2,injector_abnormality,0.8
fault_injector_abnormality_1,2115,1789814080.1580129,4466.7,126.3,723.63,4.27,104.09,0.0818,17.86,14.39,21.12,75.0,1500.0,15.2,injector_abnormality,0.8
fault_injector_abnormality_1,2116,1789814081.1580129,4484.0,125.99,719.15,4.22,104.11,0.0768,17.99,14.41,20.9,75.0,1500.0,15.2,injector_abnormality,0.8
fault_injector_abnormality_1,2117,1789814082.1580129,4466.5,126.21,718.88,4.22,104.14,0.0761,18.02,14.42,20.99,75.0,1500.0,15.2,injector_abnormality,0.8
fault_injector_abnormality_1,2118,1789814083.1580129,4472.7,126.15,713.2,4.21,104.18,0.0795,17.95,14.47,21.14,75.0,1500.0,15.2,injector_abnormality,0.8
fault_injector_abnormality_1,2119,1789814084.1580129,4454.4,125.97,714.44,4.37,104.14,0.0822,17.9,14.48,21.21,75.0,1500.0,15.2,injector_abnormality,0.8
fault_injector_abnormality_1,2120,1789814085.1580129,4448.8,126.02,714.64,4.37,104.12,0.0752,17.93,14.38,21.22,75.0,1500.0,15.2,injector_abnormality,0.8
fault_injector_abnormality_1,2121,1789814086.1580129,4425.8,125.8,708.51,4.43,104.07,0.0801,17.87,14.33,21.17,75.0,1500.0,15.2,injector_abnormality,0.8
fault_injector_abnormality_1,2122,1789814087.1580129,4401.6,125.57,705.68,4.3,104.06,0.0853,17.97,14.31,21.53,75.0,1500.0,15.2,injector_abnormality,0.8
fault_injector_abnormality_1,2123,1789814088.1580129,4439.5,125.78,710.26,4.29,104.13,0.0811,17.96,14.22,21.49,75.0,1500.0,15.2,injector_abnormality,0.8
fault_injector_abnormality_1,2124,1789814089.1580129,4434.8,125.75,713.8,4.32,104.11,0.081,17.9,14.21,21.61,75.0,1500.0,15.2,injector_abnormality,0.8
fault_injector_abnormality_1,2125,1789814090.1580129,4429.1,125.55,711.51,4.39,104.19,0.081,17.88,14.27,21.27,75.0,1500.0,15.2,injector_abnormality,0.8
fault_injector_abnormality_1,2126,1789814091.1580129,4417.3,125.47,710.99,4.39,104.28,0.0767,17.91,14.23,21.04,75.0,1500.0,15.2,injector_abnormality,0.8
fault_injector_abnormality_1,2127,1789814092.1580129,4410.1,125.89,709.47,4.47,104.19,0.071,17.89,14.27,20.94,75.0,1500.0,15.2,injector_abnormality,0.8
fault_injector_abnormality_1,2128,1789814093.1580129,4407.2,125.8,709.82,4.4,104.13,0.0631,17.89,14.21,20.77,75.0,1500.0,15.2,injector_abnormality,0.8
fault_injector_abnormality_1,2129,1789814094.1580129,4406.6,126.0,713.34,4.41,103.99,0.068,17.72,14.24,20.81,75.0,1500.0,15.2,injector_abnormality,0.8
fault_injector_abnormality_1,2130,1789814095.1580129,4416.3,125.99,712.91,4.46,104.02,0.0712,17.91,14.25,21.15,75.0,1500.0,15.2,injector_abnormality,0.8
fault_injector_abnormality_1,2131,1789814096.1580129,4418.7,125.87,708.5,4.45,104.14,0.0731,17.86,14.14,21.02,75.0,1500.0,15.2,injector_abnormality,0.8
fault_injector_abnormality_1,2132,1789814097.1580129,4410.2,126.22,713.96,4.43,104.14,0.0739,17.88,14.22,21.08,75.0,1500.0,15.2,injector_abnormality,0.8
fault_injector_abnormality_1,2133,1789814098.1580129,4386.4,126.19,713.83,4.51,104.17,0.08,17.67,14.19,21.04,75.0,1500.0,15.2,injector_abnormality,0.8
fault_injector_abnormality_1,2134,1789814099.1580129,4403.3,126.48,714.29,4.43,104.1,0.0788,17.66,14.26,21.36,75.0,1500.0,15.2,injector_abnormality,0.8
fault_injector_abnormality_1,2135,1789814100.1580129,4407.0,126.42,715.71,4.41,104.16,0.0739,17.69,14.22,21.4,75.0,1500.0,15.2,injector_abnormality,0.8
fault_injector_abnormality_1,2136,1789814101.1580129,4425.4,126.45,710.23,4.42,104.08,0.0754,17.7,14.14,21.37,75.0,1500.0,15.2,injector_abnormality,0.8
fault_injector_abnormality_1,2137,1789814102.1580129,4441.2,126.62,714.32,4.39,104.04,0.0703,17.64,14.26,21.29,75.0,1500.0,15.2,injector_abnormality,0.8
fault_injector_abnormality_1,2138,1789814103.1580129,4432.2,126.55,714.96,4.49,103.95,0.065,17.57,14.27,21.33,75.0,1500.0,15.2,injector_abnormality,0.8
fault_injector_abnormality_1,2139,1789814104.1580129,4417.2,126.42,714.39,4.4,103.94,0.0631,17.52,14.29,21.04,75.0,1500.0,15.2,injector_abnormality,0.8
fault_injector_abnormality_1,2140,1789814105.1580129,4444.1,126.56,716.62,4.35,103.83,0.0638,17.49,14.23,20.94,75.0,1500.0,15.2,injector_abnormality,0.8
fault_injector_abnormality_1,2141,1789814106.1580129,4451.7,126.04,718.0,4.33,103.85,0.0691,17.55,14.18,20.94,75.0,1500.0,15.2,injector_abnormality,0.8
fault_injector_abnormality_1,2142,1789814107.1580129,4441.8,126.1,714.95,4.32,103.97,0.0742,17.59,14.17,21.0,75.0,1500.0,15.2,injector_abnormality,0.8
fault_injector_abnormality_1,2143,1789814108.1580129,4434.9,126.14,714.78,4.34,103.83,0.0797,17.58,14.14,20.88,75.0,1500.0,15.2,injector_abnormality,0.8
fault_injector_abnormality_1,2144,1789814109.1580129,4433.6,126.05,714.13,4.3,103.86,0.0703,17.57,14.13,21.09,75.0,1500.0,15.2,injector_abnormality,0.8
fault_injector_abnormality_1,2145,1789814110.1580129,4433.1,125.96,713.12,4.32,103.75,0.0658,17.57,14.14,20.76,75.0,1500.0,15.2,injector_abnormality,0.8
fault_injector_abnormality_1,2146,1789814111.1580129,4427.3,126.02,713.21,4.4,103.83,0.068,17.63,14.14,20.96,75.0,1500.0,15.2,injector_abnormality,0.8
fault_injector_abnormality_1,2147,1789814112.1580129,4414.6,125.84,710.91,4.35,103.91,0.0692,17.56,14.25,21.08,75.0,1500.0,15.2,injector_abnormality,0.8
fault_injector_abnormality_1,2148,1789814113.1580129,4410.9,125.81,707.17,4.44,103.65,0.0704,17.58,14.3,21.42,75.0,1500.0,15.2,injector_abnormality,0.8
fault_injector_abnormality_1,2149,1789814114.1580129,4420.1,125.8,703.26,4.37,103.62,0.0794,17.55,14.28,21.15,75.0,1500.0,15.2,injector_abnormality,0.8
fault_injector_abnormality_1,2150,1789814115.1580129,4424.8,125.72,702.21,4.32,103.65,0.0722,17.61,14.28,21.25,75.0,1500.0,15.2,injector_abnormality,0.8
fault_injector_abnormality_1,2151,1789814116.1580129,4451.9,126.0,706.93,4.32,103.68,0.0739,17.62,14.18,21.57,75.0,1500.0,15.2,injector_abnormality,0.8
fault_injector_abnormality_1,2152,1789814117.1580129,4427.6,125.87,705.75,4.44,103.64,0.0751,17.73,14.23,21.63,75.0,1500.0,15.2,injector_abnormality,0.8
fault_injector_abnormality_1,2153,1789814118.1580129,4416.6,125.75,708.68,4.48,103.74,0.0744,17.67,14.2,21.4,75.0,1500.0,15.2,injector_abnormality,0.8
fault_injector_abnormality_1,2154,1789814119.1580129,4408.5,125.91,706.57,4.47,103.86,0.0785,17.78,14.16,21.25,75.0,1500.0,15.2,injector_abnormality,0.8
fault_injector_abnormality_1,2155,1789814120.1580129,4416.5,125.44,709.15,4.48,103.79,0.0778,17.74,14.15,21.01,75.0,1500.0,15.2,injector_abnormality,0.8
fault_injector_abnormality_1,2156,1789814121.1580129,4439.6,126.15,702.12,4.41,104.04,0.0792,17.62,14.18,21.02,75.0,1500.0,15.2,injector_abnormality,0.8
fault_injector_abnormality_1,2157,1789814122.1580129,4420.0,126.15,700.18,4.41,104.04,0.0822,17.72,14.21,21.06,75.0,1500.0,15.2,injector_abnormality,0.8
fault_injector_abnormality_1,2158,1789814123.1580129,4425.8,126.22,696.98,4.43,103.99,0.0824,17.64,14.22,20.84,75.0,1500.0,15.2,injector_abnormality,0.8
fault_injector_abnormality_1,2159,1789814124.1580129,4426.7,126.33,694.84,4.48,104.11,0.0829,17.62,14.19,20.88,75.0,1500.0,15.2,injector_abnormality,0.8
fault_injector_abnormality_1,2160,1789814125.1580129,4395.1,126.43,700.89,4.36,104.16,0.0743,17.55,14.21,20.91,75.0,1500.0,15.2,injector_abnormality,0.8
fault_injector_abnormality_1,2161,1789814126.1580129,4414.9,126.75,700.58,4.36,104.25,0.0719,17.61,14.18,20.96,75.0,1500.0,15.2,injector_abnormality,0.8
fault_injector_abnormality_1,2162,1789814127.1580129,4432.4,126.6,703.97,4.33,104.12,0.0616,17.6,14.23,21.26,75.0,1500.0,15.2,injector_abnormality,0.8
fault_injector_abnormality_1,2163,1789814128.1580129,4412.6,126.42,707.31,4.3,104.14,0.0653,17.56,14.23,21.26,75.0,1500.0,15.2,injector_abnormality,0.8
fault_injector_abnormality_1,2164,1789814129.1580129,4417.3,126.56,702.3,4.28,104.12,0.0633,17.63,14.26,21.26,75.0,1500.0,15.2,injector_abnormality,0.8
fault_injector_abnormality_1,2165,1789814130.1580129,4435.6,126.35,703.35,4.39,104.02,0.0679,17.64,14.27,21.4,75.0,1500.0,15.2,injector_abnormality,0.8
fault_injector_abnormality_1,2166,1789814131.1580129,4423.5,126.64,701.71,4.33,103.99,0.0808,17.55,14.25,21.7,75.0,1500.0,15.2,injector_abnormality,0.8
fault_injector_abnormality_1,2167,1789814132.1580129,4408.9,126.67,700.29,4.32,103.99,0.0714,17.47,14.13,21.4,75.0,1500.0,15.2,injector_abnormality,0.8
fault_injector_abnormality_1,2168,1789814133.1580129,4416.8,126.51,700.14,4.28,103.85,0.0688,17.44,14.16,21.12,75.0,1500.0,15.2,injector_abnormality,0.8
fault_injector_abnormality_1,2169,1789814134.1580129,4415.0,126.34,700.72,4.2,103.93,0.0717,17.34,14.15,21.19,75.0,1500.0,15.2,injector_abnormality,0.8
fault_injector_abnormality_1,2170,1789814135.1580129,4382.7,126.49,698.94,4.17,103.97,0.0724,17.42,14.12,21.26,75.0,1500.0,15.2,injector_abnormality,0.8
fault_injector_abnormality_1,2171,1789814136.1580129,4371.5,126.61,699.06,4.23,104.05,0.0715,17.41,14.03,21.2,75.0,1500.0,15.2,injector_abnormality,0.8
fault_injector_abnormality_1,2172,1789814137.1580129,4358.2,126.3,703.43,4.23,104.02,0.0741,17.35,14.03,21.34,75.0,1500.0,15.2,injector_abnormality,0.8
fault_injector_abnormality_1,2173,1789814138.1580129,4364.5,126.19,704.44,4.2,104.09,0.0755,17.24,13.98,21.34,75.0,1500.0,15.2,injector_abnormality,0.8
fault_injector_abnormality_1,2174,1789814139.1580129,4362.3,126.28,704.95,4.22,104.25,0.0669,17.16,13.97,21.39,75.0,1500.0,15.2,injector_abnormality,0.8
fault_injector_abnormality_1,2175,1789814140.1580129,4372.4,126.21,703.5,4.34,104.11,0.0567,17.18,14.07,21.19,75.0,1500.0,15.2,injector_abnormality,0.8
fault_injector_abnormality_1,2176,1789814141.1580129,4384.0,126.42,706.49,4.29,104.13,0.0637,17.29,14.0,20.79,75.0,1500.0,15.2,injector_abnormality,0.8
fault_injector_abnormality_1,2177,1789814142.1580129,4363.6,126.41,705.72,4.3,104.36,0.0791,17.49,13.92,21.05,75.0,1500.0,15.2,injector_abnormality,0.8
fault_injector_abnormality_1,2178,1789814143.1580129,4355.0,126.27,706.28,4.32,104.52,0.0758,17.43,13.95,21.01,75.0,1500.0,15.2,injector_abnormality,0.8
fault_injector_abnormality_1,2179,1789814144.1580129,4311.0,126.32,705.97,4.36,104.56,0.0723,17.36,14.12,21.69,75.0,1500.0,15.2,injector_abnormality,0.8
fault_injector_abnormality_1,2180,1789814145.1580129,4308.2,126.07,708.15,4.37,104.55,0.0704,17.31,14.12,21.62,75.0,1500.0,15.2,injector_abnormality,0.8
fault_injector_abnormality_1,2181,1789814146.1580129,4337.9,125.72,706.22,4.38,104.42,0.0685,17.4,14.12,21.31,75.0,1500.0,15.2,injector_abnormality,0.8
fault_injector_abnormality_1,2182,1789814147.1580129,4361.2,125.87,704.75,4.41,104.27,0.0733,17.34,14.11,21.31,75.0,1500.0,15.2,injector_abnormality,0.8
fault_injector_abnormality_1,2183,1789814148.1580129,4368.9,126.03,704.94,4.44,104.26,0.063,17.55,14.02,21.42,75.0,1500.0,15.2,injector_abnormality,0.8
fault_injector_abnormality_1,2184,1789814149.1580129,4372.8,126.35,701.91,4.45,104.15,0.0697,17.54,14.04,20.93,75.0,1500.0,15.2,injector_abnormality,0.8
fault_injector_abnormality_1,2185,1789814150.1580129,4367.0,126.74,698.64,4.44,104.21,0.0641,17.48,14.02,21.45,75.0,1500.0,15.2,injector_abnormality,0.8
fault_injector_abnormality_1,2186,1789814151.1580129,4373.0,127.35,700.0,4.45,104.28,0.0771,17.43,13.95,21.6,75.0,1500.0,15.2,injector_abnormality,0.8
fault_injector_abnormality_1,2187,1789814152.1580129,4375.4,127.37,700.29,4.48,104.36,0.0841,17.51,13.95,21.41,75.0,1500.0,15.2,injector_abnormality,0.8
fault_injector_abnormality_1,2188,1789814153.1580129,4383.3,127.14,698.11,4.41,104.21,0.0832,17.58,14.03,21.62,75.0,1500.0,15.2,injector_abnormality,0.8
fault_injector_abnormality_1,2189,1789814154.1580129,4401.0,127.17,697.7,4.39,104.12,0.0769,17.5,14.1,21.27,75.0,1500.0,15.2,injector_abnormality,0.8
fault_injector_abnormality_1,2190,1789814155.1580129,4402.6,127.35,703.66,4.37,104.11,0.0671,17.62,14.11,21.25,75.0,1500.0,15.2,injector_abnormality,0.8
fault_injector_abnormality_1,2191,1789814156.1580129,4379.5,127.43,705.2,4.38,104.14,0.0668,17.56,14.1,21.46,75.0,1500.0,15.2,injector_abnormality,0.8
fault_injector_abnormality_1,2192,1789814157.1580129,4393.0,127.24,704.51,4.21,103.96,0.0695,17.54,14.15,21.13,75.0,1500.0,15.2,injector_abnormality,0.8
fault_injector_abnormality_1,2193,1789814158.1580129,4401.1,127.1,700.44,4.33,104.02,0.0712,17.49,14.18,20.99,75.0,1500.0,15.2,injector_abnormality,0.8
fault_injector_abnormality_1,2194,1789814159.1580129,4386.4,127.07,694.13,4.37,104.32,0.0711,17.44,14.12,21.14,75.0,1500.0,15.2,injector_abnormality,0.8
fault_injector_abnormality_1,2195,1789814160.1580129,4379.3,126.86,694.66,4.36,104.33,0.0751,17.49,14.09,21.34,75.0,1500.0,15.2,injector_abnormality,0.8
fault_injector_abnormality_1,2196,1789814161.1580129,4355.0,126.97,692.08,4.33,104.37,0.0763,17.54,14.08,21.24,75.0,1500.0,15.2,injector_abnormality,0.8
fault_injector_abnormality_1,2197,1789814162.1580129,4356.2,127.12,701.37,4.4,104.29,0.0776,17.6,14.09,21.47,75.0,1500.0,15.2,injector_abnormality,0.8
fault_injector_abnormality_1,2198,1789814163.1580129,4346.0,127.28,704.57,4.33,104.37,0.0735,17.57,14.05,21.45,75.0,1500.0,15.2,injector_abnormality,0.8
fault_injector_abnormality_1,2199,1789814164.1580129,4329.8,127.39,700.52,4.29,104.4,0.0716,17.56,14.09,21.59,75.0,1500.0,15.2,injector_abnormality,0.8
fault_injector_abnormality_1,2200,1789814165.1580129,4314.4,127.11,695.0,4.32,104.48,0.0733,17.52,14.05,21.69,75.0,1500.0,15.2,injector_abnormality,0.8
fault_injector_abnormality_1,2201,1789814166.1580129,4309.9,127.0,701.17,4.32,104.43,0.0687,17.55,14.07,21.58,75.0,1500.0,15.2,injector_abnormality,0.8
fault_injector_abnormality_1,2202,1789814167.1580129,4349.6,126.85,700.21,4.37,104.38,0.0668,17.57,14.09,21.26,75.0,1500.0,15.2,injector_abnormality,0.8
fault_injector_abnormality_1,2203,1789814168.1580129,4335.0,126.69,703.89,4.38,104.29,0.0687,17.54,14.01,20.94,75.0,1500.0,15.2,injector_abnormality,0.8
fault_injector_abnormality_1,2204,1789814169.1580129,4337.2,127.03,700.85,4.33,104.39,0.0737,17.66,14.05,21.08,75.0,1500.0,15.2,injector_abnormality,0.8
fault_injector_abnormality_1,2205,1789814170.1580129,4337.4,127.09,701.12,4.29,104.33,0.0686,17.64,14.11,21.05,75.0,1500.0,15.2,injector_abnormality,0.8
fault_injector_abnormality_1,2206,1789814171.1580129,4318.4,126.99,704.62,4.27,104.34,0.0651,17.72,14.13,21.04,75.0,1500.0,15.2,injector_abnormality,0.8
fault_injector_abnormality_1,2207,1789814172.1580129,4327.2,126.64,706.54,4.24,104.38,0.0651,17.64,14.17,21.29,75.0,1500.0,15.2,injector_abnormality,0.8
fault_injector_abnormality_1,2208,1789814173.1580129,4326.6,126.89,707.97,4.28,104.19,0.0687,17.55,14.1,20.96,75.0,1500.0,15.2,injector_abnormality,0.8
fault_injector_abnormality_1,2209,1789814174.1580129,4334.9,127.15,711.29,4.29,104.2,0.074,17.57,14.03,21.21,75.0,1500.0,15.2,injector_abnormality,0.8
fault_injector_abnormality_1,2210,1789814175.1580129,4319.2,126.83,711.15,4.23,104.16,0.0716,17.53,14.11,21.46,75.0,1500.0,15.2,injector_abnormality,0.8
fault_injector_abnormality_1,2211,1789814176.1580129,4346.9,126.71,709.19,4.26,104.09,0.0732,17.51,14.09,21.68,75.0,1500.0,15.2,injector_abnormality,0.8
fault_injector_abnormality_1,2212,1789814177.1580129,4323.8,126.46,703.95,4.3,104.18,0.0778,17.58,14.06,21.58,75.0,1500.0,15.2,injector_abnormality,0.8
fault_injector_abnormality_1,2213,1789814178.1580129,4319.5,126.21,702.43,4.38,104.14,0.0755,17.6,14.02,21.37,75.0,1500.0,15.2,injector_abnormality,0.8
fault_injector_abnormality_1,2214,1789814179.1580129,4294.3,126.56,700.53,4.4,104.19,0.0767,17.52,13.95,21.7,75.0,1500.0,15.2,injector_abnormality,0.8
fault_injector_abnormality_1,2215,1789814180.1580129,4302.9,126.47,703.39,4.38,104.36,0.0806,17.6,13.96,21.42,75.0,1500.0,15.2,injector_abnormality,0.8
fault_injector_abnormality_1,2216,1789814181.1580129,4312.2,126.64,702.51,4.29,104.28,0.0744,17.61,13.98,20.96,75.0,1500.0,15.2,injector_abnormality,0.8
fault_injector_abnormality_1,2217,1789814182.1580129,4350.6,126.86,697.87,4.3,104.21,0.0791,17.58,14.09,20.93,75.0,1500.0,15.2,injector_abnormality,0.8
fault_injector_abnormality_1,2218,1789814183.1580129,4352.6,127.11,701.74,4.34,104.2,0.0801,17.52,14.05,21.32,75.0,1500.0,15.2,injector_abnormality,0.8
fault_injector_abnormality_1,2219,1789814184.1580129,4344.6,127.06,696.08,4.38,104.07,0.0829,17.56,14.12,21.4,75.0,1500.0,15.2,injector_abnormality,0.8
fault_injector_abnormality_1,2220,1789814185.1580129,4352.5,126.95,699.47,4.3,104.11,0.0733,17.54,14.19,21.27,75.0,1500.0,15.2,injector_abnormality,0.8
fault_injector_abnormality_1,2221,1789814186.1580129,4351.8,126.65,704.66,4.28,104.07,0.0731,17.42,14.15,21.55,75.0,1500.0,15.2,injector_abnormality,0.8
fault_injector_abnormality_1,2222,1789814187.1580129,4361.2,126.51,700.89,4.32,104.13,0.0607,17.42,14.07,21.04,75.0,1500.0,15.2,injector_abnormality,0.8
fault_injector_abnormality_1,2223,1789814188.1580129,4364.4,126.2,706.59,4.41,104.32,0.0753,17.5,14.04,21.0,75.0,1500.0,15.2,injector_abnormality,0.8
fault_injector_abnormality_1,2224,1789814189.1580129,4354.6,126.39,709.24,4.35,104.23,0.0777,17.31,14.07,21.18,75.0,1500.0,15.2,injector_abnormality,0.8
fault_injector_abnormality_1,2225,1789814190.1580129,4341.0,126.35,705.68,4.37,104.03,0.071,17.15,14.09,21.16,75.0,1500.0,15.2,injector_abnormality,0.8
fault_injector_abnormality_1,2226,1789814191.1580129,4359.4,126.5,705.81,4.34,103.86,0.0769,17.28,14.16,21.19,75.0,1500.0,15.2,injector_abnormality,0.8
fault_injector_abnormality_1,2227,1789814192.1580129,4340.0,126.75,700.84,4.3,103.92,0.0712,17.07,14.19,21.3,75.0,1500.0,15.2,injector_abnormality,0.8
fault_injector_abnormality_1,2228,1789814193.1580129,4332.7,126.93,696.79,4.4,103.97,0.0756,17.07,14.13,21.31,75.0,1500.0,15.2,injector_abnormality,0.8
fault_injector_abnormality_1,2229,1789814194.1580129,4349.4,127.02,701.36,4.4,103.95,0.0785,16.98,14.12,21.07,75.0,1500.0,15.2,injector_abnormality,0.8
fault_injector_abnormality_1,2230,1789814195.1580129,4350.4,127.3,694.1,4.39,103.95,0.072,17.16,14.13,21.21,75.0,1500.0,15.2,injector_abnormality,0.8
fault_injector_abnormality_1,2231,1789814196.1580129,4346.4,127.16,697.51,4.35,104.1,0.0782,17.15,14.06,21.33,75.0,1500.0,15.2,injector_abnormality,0.8
fault_injector_abnormality_1,2232,1789814197.1580129,4380.4,127.4,697.99,4.34,104.12,0.0691,17.26,14.03,20.98,75.0,1500.0,15.2,injector_abnormality,0.8
fault_injector_abnormality_1,2233,1789814198.1580129,4382.9,127.13,703.9,4.36,104.06,0.0761,17.21,14.07,21.18,75.0,1500.0,15.2,injector_abnormality,0.8
fault_injector_abnormality_1,2234,1789814199.1580129,4372.3,127.3,703.35,4.35,103.9,0.0695,17.18,14.12,21.33,75.0,1500.0,15.2,injector_abnormality,0.8
fault_injector_abnormality_1,2235,1789814200.1580129,4356.2,127.03,702.67,4.36,103.73,0.0633,17.11,14.17,21.14,75.0,1500.0,15.2,injector_abnormality,0.8
fault_injector_abnormality_1,2236,1789814201.1580129,4354.8,126.78,700.48,4.49,103.77,0.0654,17.23,14.12,21.54,75.0,1500.0,15.2,injector_abnormality,0.8
fault_injector_abnormality_1,2237,1789814202.1580129,4348.2,126.45,702.54,4.38,103.76,0.0678,17.32,14.06,21.41,75.0,1500.0,15.2,injector_abnormality,0.8
fault_injector_abnormality_1,2238,1789814203.1580129,4359.3,126.45,704.51,4.28,103.69,0.0649,17.39,14.05,21.45,75.0,1500.0,15.2,injector_abnormality,0.8
fault_injector_abnormality_1,2239,1789814204.1580129,4343.0,126.0,701.95,4.33,103.72,0.0706,17.34,14.02,21.61,75.0,1500.0,15.2,injector_abnormality,0.8
fault_injector_abnormality_1,2240,1789814205.1580129,4353.5,126.27,703.9,4.3,103.65,0.0639,17.36,14.0,21.29,75.0,1500.0,15.2,injector_abnormality,0.8
fault_injector_abnormality_1,2241,1789814206.1580129,4330.4,126.54,706.51,4.33,103.61,0.0624,17.37,14.06,21.14,75.0,1500.0,15.2,injector_abnormality,0.8
fault_injector_abnormality_1,2242,1789814207.1580129,4360.4,126.76,703.61,4.27,103.64,0.0628,17.21,14.05,21.09,75.0,1500.0,15.2,injector_abnormality,0.8
fault_injector_abnormality_1,2243,1789814208.1580129,4338.4,126.65,701.36,4.34,103.66,0.0686,17.31,14.01,21.11,75.0,1500.0,15.2,injector_abnormality,0.8
fault_injector_abnormality_1,2244,1789814209.1580129,4352.6,126.43,698.03,4.29,103.68,0.0752,17.36,13.95,21.52,75.0,1500.0,15.2,injector_abnormality,0.8
fault_injector_abnormality_1,2245,1789814210.1580129,4358.6,126.37,700.02,4.34,103.77,0.0685,17.39,13.94,21.34,75.0,1500.0,15.2,injector_abnormality,0.8
fault_injector_abnormality_1,2246,1789814211.1580129,4324.1,126.2,702.37,4.32,103.85,0.0724,17.32,13.93,21.03,75.0,1500.0,15.2,injector_abnormality,0.8
fault_injector_abnormality_1,2247,1789814212.1580129,4342.5,125.78,702.54,4.29,103.8,0.0677,17.37,13.95,20.98,75.0,1500.0,15.2,injector_abnormality,0.8
fault_injector_abnormality_1,2248,1789814213.1580129,4341.2,125.78,700.87,4.34,103.87,0.0674,17.2,14.09,21.21,75.0,1500.0,15.2,injector_abnormality,0.8
fault_injector_abnormality_1,2249,1789814214.1580129,4342.6,125.86,701.49,4.35,103.78,0.0577,17.15,14.08,21.37,75.0,1500.0,15.2,injector_abnormality,0.8
fault_injector_abnormality_1,2250,1789814215.1580129,4327.2,125.8,696.65,4.38,103.77,0.0628,17.05,14.12,21.08,75.0,1500.0,15.2,injector_abnormality,0.8
fault_injector_abnormality_1,2251,1789814216.1580129,4335.4,125.95,697.19,4.43,103.78,0.0722,17.12,14.21,21.38,75.0,1500.0,15.2,injector_abnormality,0.8
fault_injector_abnormality_1,2252,1789814217.1580129,4334.8,125.98,700.07,4.45,103.88,0.0645,17.13,14.32,21.13,75.0,1500.0,15.2,injector_abnormality,0.8
fault_injector_abnormality_1,2253,1789814218.1580129,4334.1,126.03,703.41,4.48,103.71,0.0643,17.08,14.39,20.92,75.0,1500.0,15.2,injector_abnormality,0.8
fault_injector_abnormality_1,2254,1789814219.1580129,4326.8,126.06,698.94,4.47,103.78,0.0616,17.12,14.44,21.14,75.0,1500.0,15.2,injector_abnormality,0.8
fault_injector_abnormality_1,2255,1789814220.1580129,4334.5,125.77,697.52,4.4,103.85,0.0624,17.0,14.44,20.82,75.0,1500.0,15.2,injector_abnormality,0.8
fault_injector_abnormality_1,2256,1789814221.1580129,4340.0,125.72,697.11,4.3,103.81,0.0616,17.13,14.34,20.96,75.0,1500.0,15.2,injector_abnormality,0.8
fault_injector_abnormality_1,2257,1789814222.1580129,4357.9,125.83,699.24,4.38,103.79,0.0564,17.16,14.22,20.96,75.0,1500.0,15.2,injector_abnormality,0.8
fault_injector_abnormality_1,2258,1789814223.1580129,4343.3,125.93,698.62,4.42,103.75,0.0561,17.18,14.15,21.39,75.0,1500.0,15.2,injector_abnormality,0.8
fault_injector_abnormality_1,2259,1789814224.1580129,4333.0,126.16,702.39,4.39,103.85,0.0584,17.27,14.14,21.26,75.0,1500.0,15.2,injector_abnormality,0.8
fault_injector_abnormality_1,2260,1789814225.1580129,4335.6,126.37,699.78,4.33,103.95,0.0634,17.17,14.14,21.35,75.0,1500.0,15.2,injector_abnormality,0.8
fault_injector_abnormality_1,2261,1789814226.1580129,4351.1,126.28,702.39,4.35,104.02,0.0636,16.99,14.2,21.3,75.0,1500.0,15.2,injector_abnormality,0.8
fault_injector_abnormality_1,2262,1789814227.1580129,4342.1,125.95,700.05,4.27,103.98,0.0677,16.96,14.22,21.27,75.0,1500.0,15.2,injector_abnormality,0.8
fault_injector_abnormality_1,2263,1789814228.1580129,4363.5,125.93,697.4,4.36,103.97,0.0682,17.21,14.26,20.88,75.0,1500.0,15.2,injector_abnormality,0.8
fault_injector_abnormality_1,2264,1789814229.1580129,4355.6,125.86,693.12,4.4,103.97,0.0678,17.28,14.27,21.04,75.0,1500.0,15.2,injector_abnormality,0.8
fault_injector_abnormality_1,2265,1789814230.1580129,4329.5,126.03,687.63,4.37,103.91,0.0695,17.33,14.21,21.36,75.0,1500.0,15.2,injector_abnormality,0.8
fault_injector_abnormality_1,2266,1789814231.1580129,4348.7,125.9,682.98,4.4,104.0,0.0682,17.29,14.21,21.23,75.0,1500.0,15.2,injector_abnormality,0.8
fault_injector_abnormality_1,2267,1789814232.1580129,4329.1,125.93,687.78,4.37,104.07,0.0793,17.23,14.21,21.33,75.0,1500.0,15.2,injector_abnormality,0.8
fault_injector_abnormality_1,2268,1789814233.1580129,4317.2,126.0,691.14,4.4,104.06,0.0752,17.32,14.23,21.47,75.0,1500.0,15.2,injector_abnormality,0.8
fault_injector_abnormality_1,2269,1789814234.1580129,4325.5,126.0,697.87,4.39,103.95,0.0701,17.36,14.22,21.3,75.0,1500.0,15.2,injector_abnormality,0.8
fault_injector_abnormality_1,2270,1789814235.1580129,4326.7,126.44,698.25,4.38,103.92,0.0706,17.28,14.15,21.17,75.0,1500.0,15.2,injector_abnormality,0.8
fault_injector_abnormality_1,2271,1789814236.1580129,4319.3,126.24,702.15,4.36,104.04,0.0735,17.23,14.12,21.22,75.0,1500.0,15.2,injector_abnormality,0.8
fault_injector_abnormality_1,2272,1789814237.1580129,4319.4,126.28,703.58,4.42,104.1,0.077,17.2,14.14,21.22,75.0,1500.0,15.2,injector_abnormality,0.8
fault_injector_abnormality_1,2273,1789814238.1580129,4322.7,126.37,699.85,4.42,104.11,0.0763,17.34,14.14,21.26,75.0,1500.0,15.2,injector_abnormality,0.8
fault_injector_abnormality_1,2274,1789814239.1580129,4349.2,126.48,697.66,4.38,103.86,0.0728,17.15,14.17,20.98,75.0,1500.0,15.2,injector_abnormality,0.8
fault_injector_abnormality_1,2275,1789814240.1580129,4334.9,126.46,698.39,4.32,103.87,0.0763,17.19,14.11,21.08,75.0,1500.0,15.2,injector_abnormality,0.8
fault_injector_abnormality_1,2276,1789814241.1580129,4337.5,126.84,702.76,4.34,103.9,0.0802,17.12,14.07,21.05,75.0,1500.0,15.2,injector_abnormality,0.8
fault_injector_abnormality_1,2277,1789814242.1580129,4356.6,126.68,702.39,4.37,104.01,0.0738,17.1,14.16,20.94,75.0,1500.0,15.2,injector_abnormality,0.8
fault_injector_abnormality_1,2278,1789814243.1580129,4338.9,126.78,699.76,4.31,103.98,0.0733,17.09,14.16,21.4,75.0,1500.0,15.2,injector_abnormality,0.8
fault_injector_abnormality_1,2279,1789814244.1580129,4337.1,126.99,703.65,4.4,103.82,0.0693,17.02,14.15,21.25,75.0,1500.0,15.2,injector_abnormality,0.8
fault_injector_abnormality_1,2280,1789814245.1580129,4346.2,126.93,704.14,4.39,103.79,0.0678,17.09,14.21,21.27,75.0,1500.0,15.2,injector_abnormality,0.8
fault_injector_abnormality_1,2281,1789814246.1580129,4331.0,127.14,702.88,4.4,103.67,0.078,17.22,14.21,21.06,75.0,1500.0,15.2,injector_abnormality,0.8
fault_injector_abnormality_1,2282,1789814247.1580129,4349.1,127.09,701.8,4.4,103.48,0.0768,17.31,14.21,21.1,75.0,1500.0,15.2,injector_abnormality,0.8
fault_injector_abnormality_1,2283,1789814248.1580129,4335.4,127.2,700.35,4.39,103.39,0.0751,17.18,14.22,21.34,75.0,1500.0,15.2,injector_abnormality,0.8
fault_injector_abnormality_1,2284,1789814249.1580129,4319.4,127.22,703.44,4.27,103.24,0.0706,17.19,14.19,21.32,75.0,1500.0,15.2,injector_abnormality,0.8
fault_injector_abnormality_1,2285,1789814250.1580129,4339.2,127.12,706.1,4.36,103.07,0.0787,17.28,14.15,21.2,75.0,1500.0,15.2,injector_abnormality,0.8
fault_injector_abnormality_1,2286,1789814251.1580129,4332.8,126.87,707.66,4.29,103.23,0.0691,17.28,14.18,21.12,75.0,1500.0,15.2,injector_abnormality,0.8
fault_injector_abnormality_1,2287,1789814252.1580129,4344.2,126.82,705.68,4.34,103.39,0.0696,17.31,14.12,20.84,75.0,1500.0,15.2,injector_abnormality,0.8
fault_injector_abnormality_1,2288,1789814253.1580129,4315.2,126.99,706.96,4.25,103.47,0.0752,17.3,14.1,20.88,75.0,1500.0,15.2,injector_abnormality,0.8
fault_injector_abnormality_1,2289,1789814254.1580129,4305.0,127.3,709.17,4.22,103.49,0.0805,17.28,14.15,21.12,75.0,1500.0,15.2,injector_abnormality,0.8
fault_injector_abnormality_1,2290,1789814255.1580129,4299.9,127.05,707.51,4.2,103.5,0.0755,17.18,14.17,21.18,75.0,1500.0,15.2,injector_abnormality,0.8
fault_injector_abnormality_1,2291,1789814256.1580129,4285.8,126.95,711.27,4.31,103.61,0.07,17.05,14.24,21.16,75.0,1500.0,15.2,injector_abnormality,0.8
fault_injector_abnormality_1,2292,1789814257.1580129,4280.2,127.33,711.91,4.28,103.48,0.0724,17.02,14.25,21.27,75.0,1500.0,15.2,injector_abnormality,0.8
fault_injector_abnormality_1,2293,1789814258.1580129,4286.3,127.04,710.57,4.24,103.46,0.0695,16.99,14.24,21.04,75.0,1500.0,15.2,injector_abnormality,0.8
fault_injector_abnormality_1,2294,1789814259.1580129,4290.3,127.25,711.31,4.32,103.44,0.0788,17.11,14.31,21.0,75.0,1500.0,15.2,injector_abnormality,0.8
fault_injector_abnormality_1,2295,1789814260.1580129,4274.6,127.27,708.6,4.33,103.35,0.0811,17.16,14.39,21.1,75.0,1500.0,15.2,injector_abnormality,0.8
fault_injector_abnormality_1,2296,1789814261.1580129,4276.0,127.37,712.94,4.24,103.41,0.0713,17.05,14.41,21.18,75.0,1500.0,15.2,injector_abnormality,0.8
fault_injector_abnormality_1,2297,1789814262.1580129,4270.8,127.36,709.75,4.26,103.48,0.0647,17.01,14.4,21.22,75.0,1500.0,15.2,injector_abnormality,0.8
fault_injector_abnormality_1,2298,1789814263.1580129,4289.6,127.2,707.02,4.26,103.47,0.0701,17.02,14.42,21.38,75.0,1500.0,15.2,injector_abnormality,0.8
fault_injector_abnormality_1,2299,1789814264.1580129,4305.0,127.04,705.96,4.24,103.54,0.0661,17.02,14.37,21.41,75.0,1500.0,15.2,injector_abnormality,0.8
fault_injector_abnormality_1,2300,1789814265.1580129,4306.0,126.86,695.56,4.32,103.53,0.0694,16.91,14.33,21.16,75.0,1500.0,15.2,injector_abnormality,0.8
fault_injector_abnormality_1,2301,1789814266.1580129,4299.2,126.95,700.4,4.38,103.61,0.0732,16.98,14.33,21.16,75.0,1500.0,15.2,injector_abnormality,0.8
fault_injector_abnormality_1,2302,1789814267.1580129,4295.2,126.29,698.87,4.39,103.45,0.0754,16.94,14.24,20.89,75.0,1500.0,15.2,injector_abnormality,0.8
fault_injector_abnormality_1,2303,1789814268.1580129,4314.9,126.29,697.37,4.42,103.57,0.0734,16.77,14.22,20.78,75.0,1500.0,15.2,injector_abnormality,0.8
fault_injector_abnormality_1,2304,1789814269.1580129,4330.8,126.08,697.49,4.46,103.66,0.0753,16.82,14.27,21.19,75.0,1500.0,15.2,injector_abnormality,0.8
fault_injector_abnormality_1,2305,1789814270.1580129,4331.8,126.15,700.59,4.39,103.49,0.0756,16.81,14.21,21.1,75.0,1500.0,15.2,injector_abnormality,0.8
fault_injector_abnormality_1,2306,1789814271.1580129,4306.1,126.34,703.24,4.36,103.54,0.0725,16.94,14.15,21.01,75.0,1500.0,15.2,injector_abnormality,0.8
fault_injector_abnormality_1,2307,1789814272.1580129,4331.5,126.0,703.56,4.4,103.47,0.0781,17.11,14.16,20.96,75.0,1500.0,15.2,injector_abnormality,0.8
fault_injector_abnormality_1,2308,1789814273.1580129,4354.8,125.91,699.23,4.41,103.55,0.0688,17.16,14.19,21.47,75.0,1500.0,15.2,injector_abnormality,0.8
fault_injector_abnormality_1,2309,1789814274.1580129,4350.3,125.89,696.72,4.49,103.53,0.0716,17.15,14.25,20.93,75.0,1500.0,15.2,injector_abnormality,0.8
fault_injector_abnormality_1,2310,1789814275.1580129,4333.8,125.83,695.99,4.52,103.54,0.0772,17.22,14.32,21.25,75.0,1500.0,15.2,injector_abnormality,0.8
fault_injector_abnormality_1,2311,1789814276.1580129,4321.0,126.47,699.86,4.46,103.63,0.0702,17.07,14.35,21.11,75.0,1500.0,15.2,injector_abnormality,0.8
fault_injector_abnormality_1,2312,1789814277.1580129,4317.3,126.67,698.13,4.45,103.69,0.0739,16.94,14.41,21.29,75.0,1500.0,15.2,injector_abnormality,0.8
fault_injector_abnormality_1,2313,1789814278.1580129,4318.7,126.84,702.92,4.49,103.64,0.0782,17.02,14.34,21.4,75.0,1500.0,15.2,injector_abnormality,0.8
fault_injector_abnormality_1,2314,1789814279.1580129,4290.3,126.7,708.08,4.4,103.68,0.0813,16.97,14.29,20.74,75.0,1500.0,15.2,injector_abnormality,0.8
fault_injector_abnormality_1,2315,1789814280.1580129,4284.9,126.85,709.58,4.36,103.66,0.0799,16.83,14.28,21.2,75.0,1500.0,15.2,injector_abnormality,0.8
fault_injector_abnormality_1,2316,1789814281.1580129,4289.9,126.89,706.81,4.35,103.65,0.0774,16.69,14.16,20.63,75.0,1500.0,15.2,injector_abnormality,0.8
fault_injector_abnormality_1,2317,1789814282.1580129,4287.7,126.98,706.23,4.47,103.69,0.0743,16.52,14.2,20.84,75.0,1500.0,15.2,injector_abnormality,0.8
fault_injector_abnormality_1,2318,1789814283.1580129,4286.9,127.02,707.71,4.47,103.54,0.0698,16.59,14.25,21.02,75.0,1500.0,15.2,injector_abnormality,0.8
fault_injector_abnormality_1,2319,1789814284.1580129,4315.9,127.08,702.34,4.4,103.58,0.0749,16.62,14.3,21.15,75.0,1500.0,15.2,injector_abnormality,0.8
fault_injector_abnormality_1,2320,1789814285.1580129,4301.1,127.34,696.89,4.42,103.47,0.0708,16.66,14.3,20.91,75.0,1500.0,15.2,injector_abnormality,0.8
fault_injector_abnormality_1,2321,1789814286.1580129,4284.9,127.17,694.53,4.4,103.52,0.0692,16.87,14.3,21.29,75.0,1500.0,15.2,injector_abnormality,0.8
fault_injector_abnormality_1,2322,1789814287.1580129,4297.1,127.36,694.49,4.38,103.59,0.0721,16.79,14.21,21.49,75.0,1500.0,15.2,injector_abnormality,0.8
fault_injector_abnormality_1,2323,1789814288.1580129,4303.5,127.11,694.02,4.41,103.66,0.068,16.94,14.15,21.43,75.0,1500.0,15.2,injector_abnormality,0.8
fault_injector_abnormality_1,2324,1789814289.1580129,4326.7,126.86,692.53,4.31,103.75,0.0752,16.96,14.17,21.13,75.0,1500.0,15.2,injector_abnormality,0.8
fault_injector_abnormality_1,2325,1789814290.1580129,4306.3,126.86,685.55,4.39,103.79,0.0702,16.93,14.18,20.99,75.0,1500.0,15.2,injector_abnormality,0.8
fault_injector_abnormality_1,2326,1789814291.1580129,4325.5,126.99,687.15,4.4,103.79,0.0673,16.98,14.3,21.11,75.0,1500.0,15.2,injector_abnormality,0.8
fault_injector_abnormality_1,2327,1789814292.1580129,4332.4,126.87,689.81,4.47,103.74,0.0714,17.06,14.33,20.97,75.0,1500.0,15.2,injector_abnormality,0.8
fault_injector_abnormality_1,2328,1789814293.1580129,4320.0,126.81,691.12,4.38,103.61,0.0709,16.84,14.27,21.0,75.0,1500.0,15.2,injector_abnormality,0.8
fault_injector_abnormality_1,2329,1789814294.1580129,4299.6,127.03,694.2,4.35,103.65,0.0675,16.77,14.26,21.22,75.0,1500.0,15.2,injector_abnormality,0.8
fault_injector_abnormality_1,2330,1789814295.1580129,4306.8,126.99,694.26,4.32,103.69,0.0685,16.69,14.17,21.21,75.0,1500.0,15.2,injector_abnormality,0.8
fault_injector_abnormality_1,2331,1789814296.1580129,4323.3,127.18,695.08,4.34,103.75,0.0711,16.61,14.16,21.33,75.0,1500.0,15.2,injector_abnormality,0.8
fault_injector_abnormality_1,2332,1789814297.1580129,4326.4,127.25,698.44,4.38,103.63,0.0687,16.49,14.14,21.16,75.0,1500.0,15.2,injector_abnormality,0.8
fault_injector_abnormality_1,2333,1789814298.1580129,4317.7,127.27,697.89,4.34,103.64,0.0632,16.68,14.16,21.19,75.0,1500.0,15.2,injector_abnormality,0.8
fault_injector_abnormality_1,2334,1789814299.1580129,4310.4,126.85,700.51,4.37,103.71,0.0687,16.51,14.19,21.64,75.0,1500.0,15.2,injector_abnormality,0.8
fault_injector_abnormality_1,2335,1789814300.1580129,4307.9,126.81,698.9,4.38,103.69,0.0665,16.56,14.24,21.58,75.0,1500.0,15.2,injector_abnormality,0.8
fault_injector_abnormality_1,2336,1789814301.1580129,4297.7,126.84,697.55,4.37,103.73,0.0689,16.6,14.28,21.15,75.0,1500.0,15.2,injector_abnormality,0.8
fault_injector_abnormality_1,2337,1789814302.1580129,4303.8,126.83,698.91,4.43,103.72,0.0628,16.68,14.26,21.1,75.0,1500.0,15.2,injector_abnormality,0.8
fault_injector_abnormality_1,2338,1789814303.1580129,4309.7,126.82,694.77,4.43,103.71,0.0679,16.5,14.28,21.1,75.0,1500.0,15.2,injector_abnormality,0.8
fault_injector_abnormality_1,2339,1789814304.1580129,4281.7,126.64,697.5,4.42,103.69,0.0693,16.36,14.28,21.39,75.0,1500.0,15.2,injector_abnormality,0.8
fault_injector_abnormality_1,2340,1789814305.1580129,4278.7,126.76,700.82,4.41,103.74,0.075,16.51,14.36,21.47,75.0,1500.0,15.2,injector_abnormality,0.8
fault_injector_abnormality_1,2341,1789814306.1580129,4274.2,126.64,694.68,4.5,103.78,0.0732,16.6,14.33,20.67,75.0,1500.0,15.2,injector_abnormality,0.8
fault_injector_abnormality_1,2342,1789814307.1580129,4274.2,126.64,694.88,4.47,103.76,0.0678,16.71,14.19,20.75,75.0,1500.0,15.2,injector_abnormality,0.8
fault_injector_abnormality_1,2343,1789814308.1580129,4269.5,126.56,691.61,4.38,103.72,0.0706,16.68,14.15,21.04,75.0,1500.0,15.2,injector_abnormality,0.8
fault_injector_abnormality_1,2344,1789814309.1580129,4256.3,126.76,692.9,4.35,103.77,0.0586,16.75,14.18,21.16,75.0,1500.0,15.2,injector_abnormality,0.8
fault_injector_abnormality_1,2345,1789814310.1580129,4277.2,126.8,693.71,4.33,103.79,0.0619,16.81,14.14,20.95,75.0,1500.0,15.2,injector_abnormality,0.8
fault_injector_abnormality_1,2346,1789814311.1580129,4282.8,126.94,693.67,4.4,103.82,0.0669,16.72,14.17,21.17,75.0,1500.0,15.2,injector_abnormality,0.8
fault_injector_abnormality_1,2347,1789814312.1580129,4273.1,126.89,695.01,4.36,103.79,0.0763,16.76,14.14,21.06,75.0,1500.0,15.2,injector_abnormality,0.8
fault_injector_abnormality_1,2348,1789814313.1580129,4294.9,126.72,694.79,4.37,103.67,0.079,16.72,14.11,20.84,75.0,1500.0,15.2,injector_abnormality,0.8
fault_injector_abnormality_1,2349,1789814314.1580129,4313.5,126.35,695.73,4.3,103.44,0.0759,16.72,14.15,21.12,75.0,1500.0,15.2,injector_abnormality,0.8
fault_injector_abnormality_1,2350,1789814315.1580129,4303.8,126.35,694.62,4.35,103.44,0.0794,16.69,14.1,21.05,75.0,1500.0,15.2,injector_abnormality,0.8
fault_injector_abnormality_1,2351,1789814316.1580129,4313.2,126.2,694.98,4.26,103.38,0.0739,16.59,13.99,21.23,75.0,1500.0,15.2,injector_abnormality,0.8
fault_injector_abnormality_1,2352,1789814317.1580129,4310.5,126.0,700.24,4.25,103.27,0.0757,16.48,13.97,21.46,75.0,1500.0,15.2,injector_abnormality,0.8
fault_injector_abnormality_1,2353,1789814318.1580129,4309.6,126.31,700.62,4.24,103.15,0.0742,16.59,13.98,21.63,75.0,1500.0,15.2,injector_abnormality,0.8
fault_injector_abnormality_1,2354,1789814319.1580129,4298.8,126.1,702.09,4.28,103.13,0.0694,16.65,14.03,21.47,75.0,1500.0,15.2,injector_abnormality,0.8
fault_injector_abnormality_1,2355,1789814320.1580129,4279.8,125.71,702.89,4.3,103.11,0.0661,16.63,14.05,21.69,75.0,1500.0,15.2,injector_abnormality,0.8
fault_injector_abnormality_1,2356,1789814321.1580129,4280.8,125.79,696.96,4.34,103.1,0.0634,16.62,13.97,21.58,75.0,1500.0,15.2,injector_abnormality,0.8
fault_injector_abnormality_1,2357,1789814322.1580129,4296.0,125.85,694.67,4.3,103.11,0.0654,16.55,13.94,21.24,75.0,1500.0,15.2,injector_abnormality,0.8
fault_injector_abnormality_1,2358,1789814323.1580129,4311.9,125.9,693.56,4.26,103.56,0.0698,16.63,13.93,21.08,75.0,1500.0,15.2,injector_abnormality,0.8
fault_injector_abnormality_1,2359,1789814324.1580129,4305.3,126.26,696.91,4.28,103.6,0.0643,16.46,13.89,21.16,75.0,1500.0,15.2,injector_abnormality,0.8
fault_injector_abnormality_1,2360,1789814325.1580129,4313.6,126.52,696.52,4.24,103.53,0.0669,16.37,13.96,21.13,75.0,1500.0,15.2,injector_abnormality,0.8
fault_injector_abnormality_1,2361,1789814326.1580129,4296.7,126.8,700.88,4.31,103.46,0.0675,16.25,13.96,21.27,75.0,1500.0,15.2,injector_abnormality,0.8
fault_injector_abnormality_1,2362,1789814327.1580129,4292.9,126.7,702.17,4.34,103.37,0.0777,16.16,13.96,21.39,75.0,1500.0,15.2,injector_abnormality,0.8
fault_injector_abnormality_1,2363,1789814328.1580129,4259.0,126.72,701.41,4.4,103.3,0.0727,16.17,13.94,21.48,75.0,1500.0,15.2,injector_abnormality,0.8
fault_injector_abnormality_1,2364,1789814329.1580129,4260.0,126.62,697.37,4.45,103.33,0.0706,16.12,14.0,21.31,75.0,1500.0,15.2,injector_abnormality,0.8
fault_injector_abnormality_1,2365,1789814330.1580129,4269.1,126.71,691.99,4.41,103.21,0.0688,16.35,14.01,21.58,75.0,1500.0,15.2,injector_abnormality,0.8
fault_injector_abnormality_1,2366,1789814331.1580129,4265.8,126.89,690.66,4.39,103.1,0.0664,16.32,14.03,21.53,75.0,1500.0,15.2,injector_abnormality,0.8
fault_injector_abnormality_1,2367,1789814332.1580129,4266.0,126.86,686.93,4.43,103.09,0.0623,16.28,14.04,21.08,75.0,1500.0,15.2,injector_abnormality,0.8
fault_injector_abnormality_1,2368,1789814333.1580129,4293.6,126.93,687.0,4.43,103.2,0.0687,16.36,14.04,21.5,75.0,1500.0,15.2,injector_abnormality,0.8
fault_injector_abnormality_1,2369,1789814334.1580129,4293.0,126.72,691.09,4.37,103.37,0.0699,16.42,14.11,21.24,75.0,1500.0,15.2,injector_abnormality,0.8
fault_injector_abnormality_1,2370,1789814335.1580129,4298.3,126.68,687.89,4.34,103.46,0.0629,16.43,14.1,20.87,75.0,1500.0,15.2,injector_abnormality,0.8
fault_injector_abnormality_1,2371,1789814336.1580129,4291.1,126.69,690.86,4.32,103.52,0.0678,16.4,14.09,21.27,75.0,1500.0,15.2,injector_abnormality,0.8
fault_injector_abnormality_1,2372,1789814337.1580129,4290.4,127.02,695.21,4.36,103.37,0.0673,16.47,14.07,21.71,75.0,1500.0,15.2,injector_abnormality,0.8
fault_injector_abnormality_1,2373,1789814338.1580129,4267.9,127.55,692.5,4.3,103.46,0.0699,16.37,14.12,21.48,75.0,1500.0,15.2,injector_abnormality,0.8
fault_injector_abnormality_1,2374,1789814339.1580129,4261.7,127.34,688.72,4.39,103.52,0.0763,16.45,14.14,21.22,75.0,1500.0,15.2,injector_abnormality,0.8
fault_injector_abnormality_1,2375,1789814340.1580129,4270.5,127.42,685.93,4.37,103.64,0.077,16.48,14.15,21.63,75.0,1500.0,15.2,injector_abnormality,0.8
fault_injector_abnormality_1,2376,1789814341.1580129,4276.4,127.12,686.75,4.32,103.71,0.0831,16.4,14.18,21.56,75.0,1500.0,15.2,injector_abnormality,0.8
fault_injector_abnormality_1,2377,1789814342.1580129,4267.2,126.84,687.15,4.24,103.71,0.0753,16.43,14.1,20.88,75.0,1500.0,15.2,injector_abnormality,0.8
fault_injector_abnormality_1,2378,1789814343.1580129,4285.5,126.93,693.59,4.37,103.67,0.0738,16.4,14.2,20.68,75.0,1500.0,15.2,injector_abnormality,0.8
fault_injector_abnormality_1,2379,1789814344.1580129,4281.5,126.9,691.79,4.37,103.83,0.0712,16.43,14.2,21.44,75.0,1500.0,15.2,injector_abnormality,0.8
fault_injector_abnormality_1,2380,1789814345.1580129,4267.6,126.89,691.84,4.35,103.86,0.0637,16.43,14.21,21.29,75.0,1500.0,15.2,injector_abnormality,0.8
fault_injector_abnormality_1,2381,1789814346.1580129,4274.6,126.8,690.25,4.34,103.9,0.0701,16.32,14.2,21.25,75.0,1500.0,15.2,injector_abnormality,0.8
fault_injector_abnormality_1,2382,1789814347.1580129,4274.8,126.75,687.37,4.22,103.73,0.0653,16.34,14.2,21.09,75.0,1500.0,15.2,injector_abnormality,0.8
fault_injector_abnormality_1,2383,1789814348.1580129,4292.3,126.44,689.82,4.29,103.7,0.069,16.36,14.19,21.03,75.0,1500.0,15.2,injector_abnormality,0.8
fault_injector_abnormality_1,2384,1789814349.1580129,4275.3,126.32,691.43,4.19,103.63,0.0717,16.35,14.2,20.87,75.0,1500.0,15.2,injector_abnormality,0.8
fault_injector_abnormality_1,2385,1789814350.1580129,4287.9,126.42,695.17,4.18,103.44,0.0784,16.35,14.2,20.88,75.0,1500.0,15.2,injector_abnormality,0.8
fault_injector_abnormality_1,2386,1789814351.1580129,4286.6,126.84,693.77,4.28,103.39,0.068,16.48,14.22,20.99,75.0,1500.0,15.2,injector_abnormality,0.8
fault_injector_abnormality_1,2387,1789814352.1580129,4292.3,127.03,693.18,4.3,103.5,0.0681,16.49,14.22,21.08,75.0,1500.0,15.2,injector_abnormality,0.8
fault_injector_abnormality_1,2388,1789814353.1580129,4295.4,126.73,692.72,4.35,103.52,0.0699,16.45,14.28,21.19,75.0,1500.0,15.2,injector_abnormality,0.8
fault_injector_abnormality_1,2389,1789814354.1580129,4321.0,126.84,687.26,4.34,103.41,0.067,16.41,14.2,21.58,75.0,1500.0,15.2,injector_abnormality,0.8
fault_injector_abnormality_1,2390,1789814355.1580129,4300.9,127.09,687.84,4.4,103.46,0.0704,16.37,14.18,21.57,75.0,1500.0,15.2,injector_abnormality,0.8
fault_injector_abnormality_1,2391,1789814356.1580129,4292.7,127.11,688.18,4.44,103.82,0.0762,16.33,14.26,21.22,75.0,1500.0,15.2,injector_abnormality,0.8
fault_injector_abnormality_1,2392,1789814357.1580129,4279.6,127.52,686.79,4.42,103.75,0.0654,16.36,14.23,21.55,75.0,1500.0,15.2,injector_abnormality,0.8
fault_injector_abnormality_1,2393,1789814358.1580129,4287.0,127.66,689.54,4.47,103.63,0.0685,16.36,14.3,21.68,75.0,1500.0,15.2,injector_abnormality,0.8
fault_injector_abnormality_1,2394,1789814359.1580129,4265.1,127.28,688.36,4.37,103.78,0.0644,16.38,14.31,21.39,75.0,1500.0,15.2,injector_abnormality,0.8
fault_injector_abnormality_1,2395,1789814360.1580129,4273.3,127.27,689.18,4.29,103.77,0.0608,16.3,14.32,21.07,75.0,1500.0,15.2,injector_abnormality,0.8
fault_injector_abnormality_1,2396,1789814361.1580129,4287.0,127.35,690.03,4.23,103.59,0.0526,16.51,14.3,21.07,75.0,1500.0,15.2,injector_abnormality,0.8
fault_injector_abnormality_1,2397,1789814362.1580129,4295.2,127.32,688.63,4.26,103.71,0.0591,16.39,14.38,21.15,75.0,1500.0,15.2,injector_abnormality,0.8
fault_injector_abnormality_1,2398,1789814363.1580129,4301.1,127.29,688.93,4.32,103.82,0.0717,16.45,14.37,21.34,75.0,1500.0,15.2,injector_abnormality,0.8
fault_injector_abnormality_1,2399,1789814364.1580129,4292.1,127.45,687.21,4.21,103.79,0.0727,16.54,14.26,21.29,75.0,1500.0,15.2,injector_abnormality,0.8
fault_injector_abnormality_1,2400,1789814365.1580129,3405.5,126.63,666.97,3.45,103.68,0.0381,12.21,14.26,17.63,30.0,1495.8,15.3,injector_abnormality,0.8
fault_injector_abnormality_1,2401,1789814366.1580129,2950.1,126.12,638.65,3.17,103.73,0.0324,10.11,14.16,15.74,30.0,1491.7,15.3,injector_abnormality,0.8
fault_injector_abnormality_1,2402,1789814367.1580129,2711.9,125.23,613.64,2.9,103.61,0.0281,9.15,14.16,15.02,30.0,1487.5,15.3,injector_abnormality,0.8
fault_injector_abnormality_1,2403,1789814368.1580129,2602.5,124.74,595.04,2.86,103.55,0.0307,8.64,14.12,14.72,30.0,1483.4,15.4,injector_abnormality,0.8
fault_injector_abnormality_1,2404,1789814369.1580129,2554.9,123.99,579.11,2.83,103.38,0.0299,8.39,14.13,14.39,30.0,1479.2,15.4,injector_abnormality,0.8
fault_injector_abnormality_1,2405,1789814370.1580129,2506.1,123.11,559.57,2.76,103.43,0.0314,8.31,14.13,14.3,30.0,1475.0,15.4,injector_abnormality,0.8
fault_injector_abnormality_1,2406,1789814371.1580129,2475.3,122.51,554.09,2.84,103.27,0.0289,8.33,14.11,14.43,30.0,1470.9,15.4,injector_abnormality,0.8
fault_injector_abnormality_1,2407,1789814372.1580129,2455.2,121.96,549.94,2.89,103.31,0.0298,8.2,14.16,14.34,30.0,1466.7,15.5,injector_abnormality,0.8
fault_injector_abnormality_1,2408,1789814373.1580129,2451.8,121.77,545.45,2.87,103.22,0.0413,8.22,14.21,14.38,30.0,1462.6,15.5,injector_abnormality,0.8
fault_injector_abnormality_1,2409,1789814374.1580129,2440.2,121.3,541.3,2.84,103.14,0.0377,8.28,14.25,14.81,30.0,1458.4,15.5,injector_abnormality,0.8
fault_injector_abnormality_1,2410,1789814375.1580129,2437.0,120.78,540.82,2.84,102.92,0.0385,8.02,14.1,14.44,30.0,1454.2,15.5,injector_abnormality,0.8
fault_injector_abnormality_1,2411,1789814376.1580129,2439.7,120.0,531.21,2.77,102.92,0.0423,8.06,14.02,14.42,30.0,1450.1,15.6,injector_abnormality,0.8
fault_injector_abnormality_1,2412,1789814377.1580129,2457.3,119.45,527.28,2.82,102.76,0.0474,8.19,14.0,14.3,30.0,1445.9,15.6,injector_abnormality,0.8
fault_injector_abnormality_1,2413,1789814378.1580129,2443.7,118.88,534.39,2.8,102.69,0.0442,8.26,14.0,14.2,30.0,1441.8,15.6,injector_abnormality,0.8
fault_injector_abnormality_1,2414,1789814379.1580129,2453.3,118.4,533.93,2.79,102.62,0.0404,8.33,14.08,14.5,30.0,1437.6,15.7,injector_abnormality,0.8
fault_injector_abnormality_1,2415,1789814380.1580129,2458.4,117.94,531.16,2.81,102.67,0.0472,8.31,14.1,14.51,30.0,1433.4,15.7,injector_abnormality,0.8
fault_injector_abnormality_1,2416,1789814381.1580129,2472.1,117.63,533.86,2.85,102.61,0.0442,8.19,14.22,14.7,30.0,1429.3,15.7,injector_abnormality,0.8
fault_injector_abnormality_1,2417,1789814382.1580129,2464.5,117.51,531.78,2.81,102.46,0.0411,8.16,14.24,14.3,30.0,1425.1,15.7,injector_abnormality,0.8
fault_injector_abnormality_1,2418,1789814383.1580129,2457.4,117.44,530.6,2.74,102.26,0.0463,8.15,14.19,14.08,30.0,1421.0,15.8,injector_abnormality,0.8
fault_injector_abnormality_1,2419,1789814384.1580129,2443.9,116.94,533.57,2.83,102.14,0.0526,8.17,14.24,14.38,30.0,1416.8,15.8,injector_abnormality,0.8
fault_injector_abnormality_1,2420,1789814385.1580129,2469.1,116.55,532.0,2.89,101.99,0.0419,8.17,14.24,14.49,30.0,1412.6,15.8,injector_abnormality,0.8
fault_injector_abnormality_1,2421,1789814386.1580129,2477.5,116.36,531.61,2.91,101.85,0.036,8.29,14.23,14.12,30.0,1408.5,15.8,injector_abnormality,0.8
fault_injector_abnormality_1,2422,1789814387.1580129,2453.7,116.19,526.63,2.88,101.81,0.0336,8.35,14.19,14.37,30.0,1404.3,15.9,injector_abnormality,0.8
fault_injector_abnormality_1,2423,1789814388.1580129,2486.1,116.28,524.79,2.89,101.76,0.0419,8.23,14.19,14.34,30.0,1400.2,15.9,injector_abnormality,0.8
fault_injector_abnormality_1,2424,1789814389.1580129,2494.6,116.23,528.53,2.9,101.63,0.0411,8.1,14.14,14.38,30.0,1396.0,15.9,injector_abnormality,0.8
fault_injector_abnormality_1,2425,1789814390.1580129,2487.5,116.36,531.08,2.79,101.63,0.0449,7.99,14.21,14.59,30.0,1391.8,16.0,injector_abnormality,0.8
fault_injector_abnormality_1,2426,1789814391.1580129,2461.4,115.98,531.78,2.78,101.56,0.0382,7.98,14.19,14.69,30.0,1387.7,16.0,injector_abnormality,0.8
fault_injector_abnormality_1,2427,1789814392.1580129,2446.7,115.55,535.99,2.75,101.39,0.0428,8.13,14.18,14.6,30.0,1383.5,16.0,injector_abnormality,0.8
fault_injector_abnormality_1,2428,1789814393.1580129,2443.0,115.39,538.51,2.8,101.37,0.0344,8.16,14.14,14.57,30.0,1379.4,16.0,injector_abnormality,0.8
fault_injector_abnormality_1,2429,1789814394.1580129,2430.8,115.38,532.69,2.74,101.2,0.0304,8.07,14.08,14.45,30.0,1375.2,16.1,injector_abnormality,0.8
fault_injector_abnormality_1,2430,1789814395.1580129,2451.6,115.33,535.76,2.74,101.22,0.0279,8.07,14.11,14.38,30.0,1371.0,16.1,injector_abnormality,0.8
fault_injector_abnormality_1,2431,1789814396.1580129,2458.8,115.37,533.19,2.78,101.11,0.0273,8.06,14.24,14.35,30.0,1366.9,16.1,injector_abnormality,0.8
fault_injector_abnormality_1,2432,1789814397.1580129,2454.2,115.44,531.57,2.74,101.02,0.028,8.01,14.2,14.22,30.0,1362.7,16.1,injector_abnormality,0.8
fault_injector_abnormality_1,2433,1789814398.1580129,2430.6,115.38,529.73,2.86,101.19,0.0323,8.01,14.22,14.38,30.0,1358.6,16.2,injector_abnormality,0.8
fault_injector_abnormality_1,2434,1789814399.1580129,2443.9,114.92,527.72,2.86,101.11,0.0446,7.89,14.21,14.37,30.0,1354.4,16.2,injector_abnormality,0.8
fault_injector_abnormality_1,2435,1789814400.1580129,2444.0,114.75,537.13,2.93,101.03,0.0492,7.86,14.15,14.43,30.0,1350.2,16.2,injector_abnormality,0.8
fault_injector_abnormality_1,2436,1789814401.1580129,2419.8,114.18,540.91,2.85,101.0,0.0414,7.83,14.08,14.25,30.0,1346.1,16.3,injector_abnormality,0.8
fault_injector_abnormality_1,2437,1789814402.1580129,2405.9,114.02,540.46,2.85,100.96,0.0393,8.02,14.05,14.48,30.0,1341.9,16.3,injector_abnormality,0.8
fault_injector_abnormality_1,2438,1789814403.1580129,2403.8,113.99,540.07,2.89,100.96,0.0427,8.06,14.06,14.0,30.0,1337.8,16.3,injector_abnormality,0.8
fault_injector_abnormality_1,2439,1789814404.1580129,2415.8,113.48,536.79,2.79,100.91,0.0405,8.04,14.0,14.5,30.0,1333.6,16.3,injector_abnormality,0.8
fault_injector_abnormality_1,2440,1789814405.1580129,2433.8,113.51,534.67,2.89,101.01,0.0466,8.16,13.95,14.62,30.0,1329.4,16.4,injector_abnormality,0.8
fault_injector_abnormality_1,2441,1789814406.1580129,2438.9,113.33,537.55,2.82,100.93,0.0491,8.0,13.88,14.43,30.0,1325.3,16.4,injector_abnormality,0.8
fault_injector_abnormality_1,2442,1789814407.1580129,2441.3,113.32,538.31,2.72,100.93,0.0458,7.99,13.92,14.52,30.0,1321.1,16.4,injector_abnormality,0.8
fault_injector_abnormality_1,2443,1789814408.1580129,2439.6,113.31,540.57,2.85,101.13,0.0442,7.91,13.96,14.52,30.0,1317.0,16.4,injector_abnormality,0.8
fault_injector_abnormality_1,2444,1789814409.1580129,2463.3,113.32,535.03,2.88,100.87,0.0301,7.99,13.97,14.49,30.0,1312.8,16.5,injector_abnormality,0.8
fault_injector_abnormality_1,2445,1789814410.1580129,2478.0,113.05,534.69,2.87,100.87,0.0306,8.07,14.08,14.49,30.0,1308.6,16.5,injector_abnormality,0.8
fault_injector_abnormality_1,2446,1789814411.1580129,2457.1,112.9,528.49,2.85,101.0,0.0377,8.04,14.07,14.45,30.0,1304.5,16.5,injector_abnormality,0.8
fault_injector_abnormality_1,2447,1789814412.1580129,2468.0,113.01,529.62,2.91,101.06,0.0351,7.98,14.09,14.03,30.0,1300.3,16.5,injector_abnormality,0.8
fault_injector_abnormality_1,2448,1789814413.1580129,2445.5,113.16,528.04,2.9,100.82,0.0393,7.99,14.03,14.03,30.0,1296.2,16.6,injector_abnormality,0.8
fault_injector_abnormality_1,2449,1789814414.1580129,2435.5,113.0,524.6,2.91,100.76,0.0448,7.93,13.99,14.49,30.0,1292.0,16.6,injector_abnormality,0.8
fault_injector_abnormality_1,2450,1789814415.1580129,2439.7,113.08,531.68,2.98,100.74,0.038,7.95,14.01,14.48,30.0,1287.8,16.6,injector_abnormality,0.8
fault_injector_abnormality_1,2451,1789814416.1580129,2446.2,113.22,530.81,2.95,100.81,0.0386,7.96,14.01,14.66,30.0,1283.7,16.7,injector_abnormality,0.8
fault_injector_abnormality_1,2452,1789814417.1580129,2456.0,112.99,524.23,2.79,100.76,0.0504,7.97,13.96,14.22,30.0,1279.5,16.7,injector_abnormality,0.8
fault_injector_abnormality_1,2453,1789814418.1580129,2448.8,112.85,526.37,2.81,100.86,0.0395,8.01,13.95,14.21,30.0,1275.4,16.7,injector_abnormality,0.8
fault_injector_abnormality_1,2454,1789814419.1580129,2452.2,113.01,526.43,2.82,100.98,0.0477,8.01,14.03,14.37,30.0,1271.2,16.7,injector_abnormality,0.8
fault_injector_abnormality_1,2455,1789814420.1580129,2453.0,113.07,527.28,2.89,100.85,0.0482,7.9,13.99,14.06,30.0,1267.0,16.8,injector_abnormality,0.8
fault_injector_abnormality_1,2456,1789814421.1580129,2439.2,112.9,526.45,2.83,100.65,0.0466,8.03,14.03,14.18,30.0,1262.9,16.8,injector_abnormality,0.8
fault_injector_abnormality_1,2457,1789814422.1580129,2435.1,112.57,525.89,2.81,100.78,0.0453,8.02,13.98,14.11,30.0,1258.7,16.8,injector_abnormality,0.8
fault_injector_abnormality_1,2458,1789814423.1580129,2432.4,112.7,530.5,2.82,100.76,0.0399,8.01,14.0,14.03,30.0,1254.6,16.8,injector_abnormality,0.8
fault_injector_abnormality_1,2459,1789814424.1580129,2419.3,112.46,537.95,2.79,100.73,0.036,8.11,14.04,14.33,30.0,1250.4,16.9,injector_abnormality,0.8
fault_injector_abnormality_1,2460,1789814425.1580129,2432.4,112.61,537.61,2.76,100.47,0.0372,8.18,14.06,14.61,30.0,1246.2,16.9,injector_abnormality,0.8
fault_injector_abnormality_1,2461,1789814426.1580129,2434.2,112.58,542.45,2.8,100.39,0.0396,8.12,14.04,14.58,30.0,1242.1,16.9,injector_abnormality,0.8
fault_injector_abnormality_1,2462,1789814427.1580129,2416.5,112.67,541.27,2.86,100.39,0.0385,8.0,14.02,14.79,30.0,1237.9,17.0,injector_abnormality,0.8
fault_injector_abnormality_1,2463,1789814428.1580129,2424.9,112.52,539.66,2.87,100.47,0.0372,8.1,13.99,14.42,30.0,1233.8,17.0,injector_abnormality,0.8
fault_injector_abnormality_1,2464,1789814429.1580129,2432.6,112.75,543.66,2.84,100.5,0.0311,8.18,13.97,14.72,30.0,1229.6,17.0,injector_abnormality,0.8
fault_injector_abnormality_1,2465,1789814430.1580129,2416.3,112.66,537.83,2.83,100.56,0.0431,8.16,13.98,14.55,30.0,1225.4,17.0,injector_abnormality,0.8
fault_injector_abnormality_1,2466,1789814431.1580129,2413.6,112.95,540.19,2.78,100.41,0.0309,8.09,14.03,14.32,30.0,1221.3,17.1,injector_abnormality,0.8
fault_injector_abnormality_1,2467,1789814432.1580129,2435.1,112.77,538.26,2.82,100.27,0.0393,8.11,14.02,14.15,30.0,1217.1,17.1,injector_abnormality,0.8
fault_injector_abnormality_1,2468,1789814433.1580129,2423.5,112.73,537.9,2.84,100.16,0.0398,8.03,14.08,14.21,30.0,1213.0,17.1,injector_abnormality,0.8
fault_injector_abnormality_1,2469,1789814434.1580129,2433.0,112.68,535.7,2.79,100.28,0.0418,8.05,14.09,14.27,30.0,1208.8,17.1,injector_abnormality,0.8
fault_injector_abnormality_1,2470,1789814435.1580129,2426.8,112.75,539.42,2.78,100.37,0.0384,8.04,14.22,14.31,30.0,1204.6,17.2,injector_abnormality,0.8
fault_injector_abnormality_1,2471,1789814436.1580129,2458.3,112.8,543.79,2.81,100.38,0.0337,8.03,14.26,14.4,30.0,1200.5,17.2,injector_abnormality,0.8
fault_injector_abnormality_1,2472,1789814437.1580129,2458.3,112.46,538.23,2.83,100.6,0.0355,8.03,14.25,14.66,30.0,1196.3,17.2,injector_abnormality,0.8
fault_injector_abnormality_1,2473,1789814438.1580129,2478.0,112.18,538.44,2.87,100.58,0.0361,8.08,14.26,14.7,30.0,1192.2,17.3,injector_abnormality,0.8
fault_injector_abnormality_1,2474,1789814439.1580129,2471.4,111.92,539.3,2.86,100.53,0.0308,8.16,14.25,14.5,30.0,1188.0,17.3,injector_abnormality,0.8
fault_injector_abnormality_1,2475,1789814440.1580129,2449.5,112.01,536.85,2.83,100.5,0.0379,8.21,14.18,14.3,30.0,1183.8,17.3,injector_abnormality,0.8
fault_injector_abnormality_1,2476,1789814441.1580129,2462.7,111.99,534.84,2.82,100.36,0.0367,7.96,14.24,14.17,30.0,1179.7,17.3,injector_abnormality,0.8
fault_injector_abnormality_1,2477,1789814442.1580129,2448.0,111.93,535.39,2.76,100.5,0.0382,7.99,14.14,14.07,30.0,1175.5,17.4,injector_abnormality,0.8
fault_injector_abnormality_1,2478,1789814443.1580129,2437.3,111.97,535.73,2.66,100.41,0.0354,7.79,14.14,14.04,30.0,1171.4,17.4,injector_abnormality,0.8
fault_injector_abnormality_1,2479,1789814444.1580129,2437.6,112.2,534.07,2.78,100.46,0.0395,7.82,14.09,14.1,30.0,1167.2,17.4,injector_abnormality,0.8
fault_injector_abnormality_1,2480,1789814445.1580129,2442.2,112.24,533.18,2.83,100.58,0.0352,7.83,14.1,14.33,30.0,1163.0,17.4,injector_abnormality,0.8
fault_injector_abnormality_1,2481,1789814446.1580129,2455.4,112.33,533.35,2.83,100.47,0.0341,7.88,14.1,14.32,30.0,1158.9,17.5,injector_abnormality,0.8
fault_injector_abnormality_1,2482,1789814447.1580129,2467.8,112.08,532.38,2.88,100.61,0.0452,8.01,14.08,14.23,30.0,1154.7,17.5,injector_abnormality,0.8
fault_injector_abnormality_1,2483,1789814448.1580129,2476.7,111.99,530.08,2.86,100.54,0.0294,7.9,14.13,14.26,30.0,1150.6,17.5,injector_abnormality,0.8
fault_injector_abnormality_1,2484,1789814449.1580129,2469.3,111.97,529.82,2.88,100.42,0.0324,7.87,14.22,14.2,30.0,1146.4,17.5,injector_abnormality,0.8
fault_injector_abnormality_1,2485,1789814450.1580129,2443.3,112.28,531.53,2.91,100.31,0.0372,7.8,14.29,13.96,30.0,1142.2,17.6,injector_abnormality,0.8
fault_injector_abnormality_1,2486,1789814451.1580129,2444.8,112.21,531.87,2.88,100.14,0.038,7.75,14.24,14.0,30.0,1138.1,17.6,injector_abnormality,0.8
fault_injector_abnormality_1,2487,1789814452.1580129,2424.8,112.35,532.64,2.97,100.1,0.0285,7.74,14.21,13.9,30.0,1133.9,17.6,injector_abnormality,0.8
fault_injector_abnormality_1,2488,1789814453.1580129,2402.8,112.27,533.43,2.94,100.06,0.0298,7.66,14.25,14.11,30.0,1129.8,17.7,injector_abnormality,0.8
fault_injector_abnormality_1,2489,1789814454.1580129,2410.1,112.43,535.22,2.92,100.13,0.0359,7.73,14.23,14.36,30.0,1125.6,17.7,injector_abnormality,0.8
fault_injector_abnormality_1,2490,1789814455.1580129,2422.9,112.58,534.86,3.02,100.13,0.0357,7.72,14.2,14.56,30.0,1121.4,17.7,injector_abnormality,0.8
fault_injector_abnormality_1,2491,1789814456.1580129,2432.8,112.55,535.24,2.91,99.93,0.0381,7.85,14.22,14.43,30.0,1117.3,17.7,injector_abnormality,0.8
fault_injector_abnormality_1,2492,1789814457.1580129,2452.5,112.87,538.15,2.86,99.96,0.0445,7.84,14.22,14.56,30.0,1113.1,17.8,injector_abnormality,0.8
fault_injector_abnormality_1,2493,1789814458.1580129,2449.0,112.63,536.07,2.9,99.99,0.0408,7.8,14.22,14.44,30.0,1109.0,17.8,injector_abnormality,0.8
fault_injector_abnormality_1,2494,1789814459.1580129,2456.0,112.45,531.36,2.88,99.94,0.0429,7.89,14.21,14.31,30.0,1104.8,17.8,injector_abnormality,0.8
fault_injector_abnormality_1,2495,1789814460.1580129,2439.4,112.53,533.54,2.84,99.74,0.0405,7.94,14.26,14.41,30.0,1100.6,17.8,injector_abnormality,0.8
fault_injector_abnormality_1,2496,1789814461.1580129,2436.6,112.66,533.86,2.75,99.77,0.0354,8.07,14.33,14.0,30.0,1096.5,17.9,injector_abnormality,0.8
fault_injector_abnormality_1,2497,1789814462.1580129,2440.2,112.61,537.51,2.72,99.83,0.0392,8.06,14.22,14.38,30.0,1092.3,17.9,injector_abnormality,0.8
fault_injector_abnormality_1,2498,1789814463.1580129,2460.3,112.65,535.46,2.8,99.81,0.0451,8.03,14.15,14.43,30.0,1088.2,17.9,injector_abnormality,0.8
fault_injector_abnormality_1,2499,1789814464.1580129,2464.0,112.6,532.78,2.75,99.86,0.0473,7.89,14.25,14.52,30.0,1084.0,18.0,injector_abnormality,0.8
fault_injector_abnormality_1,2500,1789814465.1580129,2468.6,112.87,537.73,2.72,99.66,0.0464,7.89,14.21,14.29,30.0,1079.8,18.0,injector_abnormality,0.8
fault_injector_abnormality_1,2501,1789814466.1580129,2442.1,112.29,540.12,2.75,99.77,0.041,7.97,14.17,14.27,30.0,1075.7,18.0,injector_abnormality,0.8
fault_injector_abnormality_1,2502,1789814467.1580129,2448.8,112.52,536.81,2.78,99.67,0.0314,7.88,14.14,14.46,30.0,1071.5,18.0,injector_abnormality,0.8
fault_injector_abnormality_1,2503,1789814468.1580129,2458.3,112.66,536.57,2.72,99.85,0.0368,7.77,14.13,14.13,30.0,1067.4,18.1,injector_abnormality,0.8
fault_injector_abnormality_1,2504,1789814469.1580129,2456.4,112.74,535.37,2.84,99.73,0.0405,7.71,14.15,14.32,30.0,1063.2,18.1,injector_abnormality,0.8
fault_injector_abnormality_1,2505,1789814470.1580129,2469.5,112.93,534.12,2.91,99.78,0.0353,7.74,14.16,14.36,30.0,1059.0,18.1,injector_abnormality,0.8
fault_injector_abnormality_1,2506,1789814471.1580129,2444.4,112.79,539.45,2.83,99.66,0.0372,7.74,14.16,14.61,30.0,1054.9,18.1,injector_abnormality,0.8
fault_injector_abnormality_1,2507,1789814472.1580129,2433.7,112.47,541.7,2.73,99.45,0.0342,7.77,14.17,14.42,30.0,1050.7,18.2,injector_abnormality,0.8
fault_injector_abnormality_1,2508,1789814473.1580129,2423.7,112.66,539.94,2.85,99.49,0.0325,7.65,14.3,14.18,30.0,1046.6,18.2,injector_abnormality,0.8
fault_injector_abnormality_1,2509,1789814474.1580129,2429.3,112.86,543.68,2.83,99.42,0.0348,7.77,14.31,14.52,30.0,1042.4,18.2,injector_abnormality,0.8
fault_injector_abnormality_1,2510,1789814475.1580129,2416.3,112.93,541.59,2.86,99.52,0.0372,7.88,14.25,14.45,30.0,1038.2,18.3,injector_abnormality,0.8
fault_injector_abnormality_1,2511,1789814476.1580129,2426.6,113.03,548.72,2.91,99.56,0.0372,7.87,14.18,14.21,30.0,1034.1,18.3,injector_abnormality,0.8
fault_injector_abnormality_1,2512,1789814477.1580129,2429.6,113.2,544.68,2.96,99.48,0.0411,7.92,14.21,14.64,30.0,1029.9,18.3,injector_abnormality,0.8
fault_injector_abnormality_1,2513,1789814478.1580129,2399.1,113.07,540.1,2.89,99.43,0.0439,8.01,14.16,14.38,30.0,1025.8,18.3,injector_abnormality,0.8
fault_injector_abnormality_1,2514,1789814479.1580129,2401.0,113.11,543.32,2.86,99.52,0.0415,7.83,14.2,14.24,30.0,1021.6,18.4,injector_abnormality,0.8
fault_injector_abnormality_1,2515,1789814480.1580129,2395.6,113.01,543.96,2.92,99.56,0.043,7.79,14.17,14.07,30.0,1017.4,18.4,injector_abnormality,0.8
fault_injector_abnormality_1,2516,1789814481.1580129,2414.5,112.83,537.57,2.89,99.52,0.0489,7.92,14.19,14.13,30.0,1013.3,18.4,injector_abnormality,0.8
fault_injector_abnormality_1,2517,1789814482.1580129,2400.9,112.8,537.12,2.88,99.33,0.045,7.9,14.13,14.3,30.0,1009.1,18.4,injector_abnormality,0.8
fault_injector_abnormality_1,2518,1789814483.1580129,2399.8,112.75,541.96,2.81,99.23,0.0399,7.93,14.08,14.49,30.0,1005.0,18.5,injector_abnormality,0.8
fault_injector_abnormality_1,2519,1789814484.1580129,2409.2,112.82,539.81,2.91,99.08,0.039,7.96,14.11,14.33,30.0,1000.8,18.5,injector_abnormality,0.8
fault_injector_abnormality_1,2520,1789814485.1580129,2400.6,112.93,539.72,2.93,98.8,0.0419,8.02,14.1,14.14,30.0,996.6,18.5,injector_abnormality,0.8
fault_injector_abnormality_1,2521,1789814486.1580129,2400.8,113.1,541.05,2.96,98.55,0.0406,8.04,14.16,13.91,30.0,992.5,18.5,injector_abnormality,0.8
fault_injector_abnormality_1,2522,1789814487.1580129,2396.1,113.02,540.34,2.92,98.54,0.0465,7.99,14.06,14.06,30.0,988.3,18.6,injector_abnormality,0.8
fault_injector_abnormality_1,2523,1789814488.1580129,2409.4,112.8,541.99,2.88,98.56,0.0481,7.96,14.09,14.2,30.0,984.2,18.6,injector_abnormality,0.8
fault_injector_abnormality_1,2524,1789814489.1580129,2447.8,113.0,543.68,2.8,98.64,0.0376,7.95,14.11,14.56,30.0,980.0,18.6,injector_abnormality,0.8
fault_injector_abnormality_1,2525,1789814490.1580129,2437.9,112.88,541.07,2.85,98.44,0.0358,7.99,14.15,14.24,30.0,975.8,18.7,injector_abnormality,0.8
fault_injector_abnormality_1,2526,1789814491.1580129,2444.6,112.86,539.49,2.82,98.42,0.0288,7.95,14.13,14.18,30.0,971.7,18.7,injector_abnormality,0.8
fault_injector_abnormality_1,2527,1789814492.1580129,2425.3,112.9,541.57,2.96,98.43,0.0239,7.94,14.15,14.29,30.0,967.5,18.7,injector_abnormality,0.8
fault_injector_abnormality_1,2528,1789814493.1580129,2410.4,113.09,549.06,2.88,98.19,0.0323,7.99,14.17,14.49,30.0,963.4,18.7,injector_abnormality,0.8
fault_injector_abnormality_1,2529,1789814494.1580129,2394.5,113.01,544.09,2.89,98.24,0.0298,8.01,14.15,14.23,30.0,959.2,18.8,injector_abnormality,0.8
fault_injector_abnormality_1,2530,1789814495.1580129,2389.8,112.84,546.27,2.95,98.22,0.0332,7.97,14.14,14.17,30.0,955.0,18.8,injector_abnormality,0.8
fault_injector_abnormality_1,2531,1789814496.1580129,2405.2,112.68,544.62,2.9,98.18,0.0371,7.87,14.22,14.29,30.0,950.9,18.8,injector_abnormality,0.8
fault_injector_abnormality_1,2532,1789814497.1580129,2413.2,112.62,543.18,2.84,98.22,0.0446,7.88,14.2,14.04,30.0,946.7,18.8,injector_abnormality,0.8
fault_injector_abnormality_1,2533,1789814498.1580129,2407.8,112.64,535.07,2.86,98.31,0.0436,7.91,14.11,14.12,30.0,942.6,18.9,injector_abnormality,0.8
fault_injector_abnormality_1,2534,1789814499.1580129,2427.7,112.81,535.73,2.9,98.42,0.0357,7.8,14.21,14.15,30.0,938.4,18.9,injector_abnormality,0.8
fault_injector_abnormality_1,2535,1789814500.1580129,2431.2,112.77,540.11,2.89,98.27,0.028,7.71,14.17,14.33,30.0,934.2,18.9,injector_abnormality,0.8
fault_injector_abnormality_1,2536,1789814501.1580129,2453.3,112.55,544.55,2.85,98.32,0.0278,7.73,14.18,14.36,30.0,930.1,19.0,injector_abnormality,0.8
fault_injector_abnormality_1,2537,1789814502.1580129,2433.6,112.62,542.05,2.88,98.43,0.0324,7.73,14.23,14.01,30.0,925.9,19.0,injector_abnormality,0.8
fault_injector_abnormality_1,2538,1789814503.1580129,2441.6,112.92,539.56,2.98,98.36,0.0309,7.74,14.22,13.75,30.0,921.8,19.0,injector_abnormality,0.8
fault_injector_abnormality_1,2539,1789814504.1580129,2414.0,112.77,538.41,2.91,98.48,0.0338,7.71,14.21,14.29,30.0,917.6,19.0,injector_abnormality,0.8
fault_injector_abnormality_1,2540,1789814505.1580129,2403.8,112.6,541.78,2.87,98.37,0.0338,7.71,14.19,14.48,30.0,913.4,19.1,injector_abnormality,0.8
fault_injector_abnormality_1,2541,1789814506.1580129,2400.7,112.51,543.98,2.89,98.47,0.0369,7.66,14.22,14.33,30.0,909.3,19.1,injector_abnormality,0.8
fault_injector_abnormality_1,2542,1789814507.1580129,2397.4,112.83,541.18,2.83,98.28,0.04,7.69,14.19,14.49,30.0,905.1,19.1,injector_abnormality,0.8
fault_injector_abnormality_1,2543,1789814508.1580129,2398.5,113.02,535.56,2.8,98.21,0.0395,7.68,14.08,14.21,30.0,901.0,19.1,injector_abnormality,0.8
fault_injector_abnormality_1,2544,1789814509.1580129,2384.0,113.34,534.15,2.81,98.26,0.0299,7.68,14.11,14.56,30.0,896.8,19.2,injector_abnormality,0.8
fault_injector_abnormality_1,2545,1789814510.1580129,2408.3,113.49,533.94,2.75,98.18,0.0357,7.71,14.0,14.53,30.0,892.6,19.2,injector_abnormality,0.8
fault_injector_abnormality_1,2546,1789814511.1580129,2407.7,113.38,530.91,2.79,98.16,0.0315,7.74,14.03,14.5,30.0,888.5,19.2,injector_abnormality,0.8
fault_injector_abnormality_1,2547,1789814512.1580129,2404.3,113.72,531.79,2.85,98.33,0.0381,7.65,13.94,14.57,30.0,884.3,19.3,injector_abnormality,0.8
fault_injector_abnormality_1,2548,1789814513.1580129,2388.9,113.4,528.84,2.77,98.38,0.0397,7.63,13.9,14.35,30.0,880.2,19.3,injector_abnormality,0.8
fault_injector_abnormality_1,2549,1789814514.1580129,2387.4,113.41,534.23,2.76,98.38,0.037,7.7,13.88,14.0,30.0,876.0,19.3,injector_abnormality,0.8
fault_injector_abnormality_1,2550,1789814515.1580129,2409.8,113.42,536.0,2.83,98.17,0.0375,7.64,13.86,14.17,30.0,871.8,19.3,injector_abnormality,0.8
fault_injector_abnormality_1,2551,1789814516.1580129,2400.5,113.4,543.06,2.86,98.07,0.035,7.57,13.9,14.14,30.0,867.7,19.4,injector_abnormality,0.8
fault_injector_abnormality_1,2552,1789814517.1580129,2418.3,113.3,539.87,2.91,98.14,0.0394,7.67,13.94,14.24,30.0,863.5,19.4,injector_abnormality,0.8
fault_injector_abnormality_1,2553,1789814518.1580129,2416.7,113.5,542.45,2.84,98.2,0.0371,7.62,13.95,13.97,30.0,859.4,19.4,injector_abnormality,0.8
fault_injector_abnormality_1,2554,1789814519.1580129,2402.1,113.72,540.0,2.86,98.18,0.0297,7.64,13.92,14.22,30.0,855.2,19.4,injector_abnormality,0.8
fault_injector_abnormality_1,2555,1789814520.1580129,2424.3,113.84,534.92,2.88,98.0,0.0282,7.61,14.0,14.23,30.0,851.0,19.5,injector_abnormality,0.8
fault_injector_abnormality_1,2556,1789814521.1580129,2420.9,113.88,536.58,2.9,98.08,0.0249,7.51,14.02,14.3,30.0,846.9,19.5,injector_abnormality,0.8
fault_injector_abnormality_1,2557,1789814522.1580129,2400.7,113.89,538.73,2.84,98.0,0.0258,7.59,14.08,14.63,30.0,842.7,19.5,injector_abnormality,0.8
fault_injector_abnormality_1,2558,1789814523.1580129,2397.8,114.22,533.31,2.89,97.88,0.031,7.79,14.16,14.56,30.0,838.6,19.5,injector_abnormality,0.8
fault_injector_abnormality_1,2559,1789814524.1580129,2378.0,114.11,533.11,2.81,97.8,0.0296,7.89,14.16,14.44,30.0,834.4,19.6,injector_abnormality,0.8
fault_injector_abnormality_1,2560,1789814525.1580129,2382.7,113.92,534.8,2.83,97.83,0.0402,7.79,14.15,14.25,30.0,830.2,19.6,injector_abnormality,0.8
fault_injector_abnormality_1,2561,1789814526.1580129,2375.2,113.95,532.94,2.83,98.0,0.0453,7.86,14.14,14.35,30.0,826.1,19.6,injector_abnormality,0.8
fault_injector_abnormality_1,2562,1789814527.1580129,2370.3,113.84,536.01,2.88,97.97,0.039,7.85,14.2,14.14,30.0,821.9,19.7,injector_abnormality,0.8
fault_injector_abnormality_1,2563,1789814528.1580129,2373.3,114.1,537.29,2.93,98.0,0.0399,7.74,14.2,14.32,30.0,817.8,19.7,injector_abnormality,0.8
fault_injector_abnormality_1,2564,1789814529.1580129,2367.6,114.15,534.94,2.95,98.23,0.0401,7.66,14.2,14.43,30.0,813.6,19.7,injector_abnormality,0.8
fault_injector_abnormality_1,2565,1789814530.1580129,2361.8,114.37,534.06,2.94,98.05,0.0481,7.59,14.19,14.31,30.0,809.4,19.7,injector_abnormality,0.8
fault_injector_abnormality_1,2566,1789814531.1580129,2389.0,114.21,534.32,2.93,98.3,0.044,7.54,14.14,14.26,30.0,805.3,19.8,injector_abnormality,0.8
fault_injector_abnormality_1,2567,1789814532.1580129,2384.3,114.1,532.64,2.9,98.28,0.036,7.56,14.17,14.06,30.0,801.1,19.8,injector_abnormality,0.8
fault_injector_abnormality_1,2568,1789814533.1580129,2373.0,113.86,535.63,2.87,98.17,0.0358,7.54,14.17,14.39,30.0,797.0,19.8,injector_abnormality,0.8
fault_injector_abnormality_1,2569,1789814534.1580129,2392.1,114.07,536.56,2.76,98.05,0.0394,7.54,14.16,14.49,30.0,792.8,19.8,injector_abnormality,0.8
fault_injector_abnormality_1,2570,1789814535.1580129,2389.8,114.11,538.93,2.76,97.8,0.0409,7.69,14.09,14.48,30.0,788.6,19.9,injector_abnormality,0.8
fault_injector_abnormality_1,2571,1789814536.1580129,2396.0,113.95,540.32,2.83,97.75,0.0341,7.77,14.15,14.47,30.0,784.5,19.9,injector_abnormality,0.8
fault_injector_abnormality_1,2572,1789814537.1580129,2375.7,113.7,539.08,2.77,97.98,0.0317,7.57,14.13,14.06,30.0,780.3,19.9,injector_abnormality,0.8
fault_injector_abnormality_1,2573,1789814538.1580129,2384.1,113.57,537.56,2.82,97.97,0.0327,7.65,14.14,14.17,30.0,776.2,20.0,injector_abnormality,0.8
fault_injector_abnormality_1,2574,1789814539.1580129,2398.6,113.48,541.67,2.79,97.82,0.0326,7.64,14.13,14.39,30.0,772.0,20.0,injector_abnormality,0.8
fault_injector_abnormality_1,2575,1789814540.1580129,2412.8,113.62,540.43,2.78,97.89,0.0289,7.68,14.17,14.55,30.0,767.8,20.0,injector_abnormality,0.8
fault_injector_abnormality_1,2576,1789814541.1580129,2369.9,113.94,538.64,2.86,97.88,0.0355,7.77,14.14,14.52,30.0,763.7,20.0,injector_abnormality,0.8
fault_injector_abnormality_1,2577,1789814542.1580129,2372.0,114.19,539.55,2.87,97.95,0.039,8.05,14.15,14.61,30.0,759.5,20.1,injector_abnormality,0.8
fault_injector_abnormality_1,2578,1789814543.1580129,2381.9,114.0,543.52,2.79,97.78,0.0408,8.07,14.16,14.52,30.0,755.4,20.1,injector_abnormality,0.8
fault_injector_abnormality_1,2579,1789814544.1580129,2374.3,114.15,538.78,2.84,97.8,0.033,7.9,14.23,14.54,30.0,751.2,20.1,injector_abnormality,0.8
fault_injector_abnormality_1,2580,1789814545.1580129,2395.1,114.16,543.33,2.87,97.81,0.0424,7.82,14.21,14.18,30.0,747.0,20.1,injector_abnormality,0.8
fault_injector_abnormality_1,2581,1789814546.1580129,2384.8,114.2,543.45,2.86,97.8,0.0498,7.82,14.23,13.96,30.0,742.9,20.2,injector_abnormality,0.8
fault_injector_abnormality_1,2582,1789814547.1580129,2401.3,113.96,543.37,2.93,97.88,0.0467,7.88,14.32,13.87,30.0,738.7,20.2,injector_abnormality,0.8
fault_injector_abnormality_1,2583,1789814548.1580129,2402.9,113.69,540.04,2.96,97.71,0.0484,7.63,14.35,13.74,30.0,734.6,20.2,injector_abnormality,0.8
fault_injector_abnormality_1,2584,1789814549.1580129,2383.0,113.89,538.85,2.96,97.63,0.0531,7.74,14.3,14.19,30.0,730.4,20.3,injector_abnormality,0.8
fault_injector_abnormality_1,2585,1789814550.1580129,2390.3,114.0,543.19,2.87,97.76,0.0462,7.67,14.18,14.12,30.0,726.2,20.3,injector_abnormality,0.8
fault_injector_abnormality_1,2586,1789814551.1580129,2401.1,113.91,546.63,2.88,97.74,0.0416,7.74,14.06,14.27,30.0,722.1,20.3,injector_abnormality,0.8
fault_injector_abnormality_1,2587,1789814552.1580129,2414.5,113.65,543.14,2.94,97.65,0.0294,7.81,14.14,14.67,30.0,717.9,20.3,injector_abnormality,0.8
fault_injector_abnormality_1,2588,1789814553.1580129,2414.7,113.53,541.39,2.89,97.7,0.0357,7.69,14.12,14.49,30.0,713.8,20.4,injector_abnormality,0.8
fault_injector_abnormality_1,2589,1789814554.1580129,2397.6,113.68,539.86,2.93,97.6,0.028,7.78,14.16,14.65,30.0,709.6,20.4,injector_abnormality,0.8
fault_injector_abnormality_1,2590,1789814555.1580129,2358.3,113.55,536.47,2.94,97.73,0.0357,7.78,14.23,14.4,30.0,705.4,20.4,injector_abnormality,0.8
fault_injector_abnormality_1,2591,1789814556.1580129,2372.2,113.35,536.24,2.97,97.69,0.032,7.66,14.24,14.74,30.0,701.3,20.4,injector_abnormality,0.8
fault_injector_abnormality_1,2592,1789814557.1580129,2355.0,113.21,535.89,2.99,97.62,0.0316,7.6,14.29,14.73,30.0,697.1,20.5,injector_abnormality,0.8
fault_injector_abnormality_1,2593,1789814558.1580129,2364.4,113.35,539.4,2.99,97.56,0.033,7.65,14.21,14.41,30.0,693.0,20.5,injector_abnormality,0.8
fault_injector_abnormality_1,2594,1789814559.1580129,2385.9,113.46,545.41,2.92,97.65,0.0376,7.6,14.21,14.08,30.0,688.8,20.5,injector_abnormality,0.8
fault_injector_abnormality_1,2595,1789814560.1580129,2390.9,113.26,542.79,2.98,97.48,0.0334,7.65,14.21,14.19,30.0,684.6,20.5,injector_abnormality,0.8
fault_injector_abnormality_1,2596,1789814561.1580129,2401.4,113.51,543.16,2.93,97.59,0.0405,7.5,14.18,14.34,30.0,680.5,20.6,injector_abnormality,0.8
fault_injector_abnormality_1,2597,1789814562.1580129,2409.0,113.59,544.16,2.85,97.63,0.0403,7.52,14.21,14.0,30.0,676.3,20.6,injector_abnormality,0.8
fault_injector_abnormality_1,2598,1789814563.1580129,2427.6,113.31,545.74,2.87,97.64,0.0375,7.68,14.18,14.1,30.0,672.2,20.6,injector_abnormality,0.8
fault_injector_abnormality_1,2599,1789814564.1580129,2449.9,113.55,546.75,2.98,97.47,0.043,7.62,14.23,14.33,30.0,668.0,20.7,injector_abnormality,0.8
fault_injector_abnormality_1,2600,1789814565.1580129,2427.1,113.4,547.45,3.07,97.38,0.0351,7.59,14.21,13.85,30.0,663.8,20.7,injector_abnormality,0.8
fault_injector_abnormality_1,2601,1789814566.1580129,2432.9,113.47,548.54,3.05,97.22,0.0347,7.66,14.21,14.04,30.0,659.7,20.7,injector_abnormality,0.8
fault_injector_abnormality_1,2602,1789814567.1580129,2442.0,113.65,543.75,3.05,97.25,0.0373,7.81,14.23,14.04,30.0,655.5,20.7,injector_abnormality,0.8
fault_injector_abnormality_1,2603,1789814568.1580129,2429.1,113.93,548.79,3.0,97.21,0.0357,7.75,14.19,14.06,30.0,651.4,20.8,injector_abnormality,0.8
fault_injector_abnormality_1,2604,1789814569.1580129,2421.1,113.94,553.55,2.96,97.18,0.0346,7.6,14.2,14.37,30.0,647.2,20.8,injector_abnormality,0.8
fault_injector_abnormality_1,2605,1789814570.1580129,2425.0,113.78,555.4,2.95,97.16,0.036,7.76,14.17,14.35,30.0,643.0,20.8,injector_abnormality,0.8
fault_injector_abnormality_1,2606,1789814571.1580129,2417.5,113.71,552.62,2.98,97.08,0.0389,7.71,14.17,14.19,30.0,638.9,20.8,injector_abnormality,0.8
fault_injector_abnormality_1,2607,1789814572.1580129,2429.2,114.01,547.57,2.98,96.96,0.0311,7.7,14.14,14.42,30.0,634.7,20.9,injector_abnormality,0.8
fault_injector_abnormality_1,2608,1789814573.1580129,2409.6,114.36,548.25,3.01,96.99,0.0307,7.68,14.03,14.56,30.0,630.6,20.9,injector_abnormality,0.8
fault_injector_abnormality_1,2609,1789814574.1580129,2397.2,114.72,545.41,3.05,96.83,0.0352,7.71,14.12,14.33,30.0,626.4,20.9,injector_abnormality,0.8
fault_injector_abnormality_1,2610,1789814575.1580129,2418.2,114.92,547.38,2.94,97.03,0.0353,7.73,14.13,14.04,30.0,622.2,21.0,injector_abnormality,0.8
fault_injector_abnormality_1,2611,1789814576.1580129,2423.5,114.61,541.8,3.03,97.17,0.0378,7.61,13.99,14.16,30.0,618.1,21.0,injector_abnormality,0.8
fault_injector_abnormality_1,2612,1789814577.1580129,2418.2,114.73,542.4,3.04,97.32,0.0392,7.52,13.91,14.35,30.0,613.9,21.0,injector_abnormality,0.8
fault_injector_abnormality_1,2613,1789814578.1580129,2442.7,114.67,543.15,2.98,97.22,0.0304,7.55,13.87,14.15,30.0,609.8,21.0,injector_abnormality,0.8
fault_injector_abnormality_1,2614,1789814579.1580129,2425.8,114.87,541.79,2.99,97.35,0.0389,7.54,13.88,14.56,30.0,605.6,21.1,injector_abnormality,0.8
fault_injector_abnormality_1,2615,1789814580.1580129,2419.8,114.67,539.31,2.95,97.19,0.0417,7.75,13.95,14.42,30.0,601.4,21.1,injector_abnormality,0.8
fault_injector_abnormality_1,2616,1789814581.1580129,2416.4,115.0,541.63,2.97,97.15,0.0345,7.71,14.0,14.36,30.0,597.3,21.1,injector_abnormality,0.8
fault_injector_abnormality_1,2617,1789814582.1580129,2412.1,115.01,541.83,2.97,97.35,0.0371,7.65,14.08,14.75,30.0,593.1,21.1,injector_abnormality,0.8
fault_injector_abnormality_1,2618,1789814583.1580129,2384.7,114.81,542.81,2.88,97.31,0.0385,7.65,14.06,14.39,30.0,589.0,21.2,injector_abnormality,0.8
fault_injector_abnormality_1,2619,1789814584.1580129,2390.7,115.06,542.48,2.88,97.2,0.0384,7.61,14.09,14.14,30.0,584.8,21.2,injector_abnormality,0.8
fault_injector_abnormality_1,2620,1789814585.1580129,2393.7,114.84,544.16,2.91,97.13,0.0461,7.54,14.11,14.19,30.0,580.6,21.2,injector_abnormality,0.8
fault_injector_abnormality_1,2621,1789814586.1580129,2408.8,114.86,545.19,2.88,97.16,0.036,7.67,14.17,14.6,30.0,576.5,21.3,injector_abnormality,0.8
fault_injector_abnormality_1,2622,1789814587.1580129,2388.1,114.97,545.45,2.84,97.24,0.0318,7.76,14.08,14.72,30.0,572.3,21.3,injector_abnormality,0.8
fault_injector_abnormality_1,2623,1789814588.1580129,2407.6,115.17,543.99,2.87,97.03,0.0376,7.72,14.14,14.62,30.0,568.2,21.3,injector_abnormality,0.8
fault_injector_abnormality_1,2624,1789814589.1580129,2412.4,115.64,539.53,2.79,97.21,0.0365,7.7,14.16,14.71,30.0,564.0,21.3,injector_abnormality,0.8
fault_injector_abnormality_1,2625,1789814590.1580129,2411.8,115.31,536.38,2.88,97.24,0.0354,7.63,14.1,14.5,30.0,559.8,21.4,injector_abnormality,0.8
fault_injector_abnormality_1,2626,1789814591.1580129,2400.7,115.13,536.98,2.82,97.13,0.0293,7.53,14.1,14.54,30.0,555.7,21.4,injector_abnormality,0.8
fault_injector_abnormality_1,2627,1789814592.1580129,2364.4,115.05,535.21,2.83,97.06,0.0329,7.44,14.08,14.13,30.0,551.5,21.4,injector_abnormality,0.8
fault_injector_abnormality_1,2628,1789814593.1580129,2364.7,115.49,538.72,2.88,96.89,0.0427,7.36,14.18,14.07,30.0,547.4,21.4,injector_abnormality,0.8
fault_injector_abnormality_1,2629,1789814594.1580129,2358.1,115.66,536.81,2.9,96.82,0.051,7.35,14.08,14.19,30.0,543.2,21.5,injector_abnormality,0.8
fault_injector_abnormality_1,2630,1789814595.1580129,2357.8,115.79,539.16,2.9,96.92,0.0431,7.33,14.11,14.27,30.0,539.0,21.5,injector_abnormality,0.8
fault_injector_abnormality_1,2631,1789814596.1580129,2348.3,115.55,532.5,2.96,96.88,0.0419,7.31,14.12,14.1,30.0,534.9,21.5,injector_abnormality,0.8
fault_injector_abnormality_1,2632,1789814597.1580129,2365.1,115.19,533.05,2.95,96.96,0.0379,7.45,14.11,13.7,30.0,530.7,21.6,injector_abnormality,0.8
fault_injector_abnormality_1,2633,1789814598.1580129,2360.8,115.44,534.1,2.94,96.99,0.0289,7.65,14.09,13.96,30.0,526.6,21.6,injector_abnormality,0.8
fault_injector_abnormality_1,2634,1789814599.1580129,2345.4,115.29,538.2,2.91,96.94,0.0332,7.58,14.01,14.27,30.0,522.4,21.6,injector_abnormality,0.8
fault_injector_abnormality_1,2635,1789814600.1580129,2330.3,115.3,539.23,3.01,96.81,0.0398,7.59,14.08,14.07,30.0,518.2,21.6,injector_abnormality,0.8
fault_injector_abnormality_1,2636,1789814601.1580129,2343.5,115.46,536.2,3.0,96.78,0.0336,7.53,14.06,14.22,30.0,514.1,21.7,injector_abnormality,0.8
fault_injector_abnormality_1,2637,1789814602.1580129,2360.9,115.51,533.47,2.93,96.67,0.0324,7.52,14.1,14.79,30.0,509.9,21.7,injector_abnormality,0.8
fault_injector_abnormality_1,2638,1789814603.1580129,2370.9,115.4,540.1,2.92,96.81,0.0308,7.53,14.21,14.47,30.0,505.8,21.7,injector_abnormality,0.8
fault_injector_abnormality_1,2639,1789814604.1580129,2386.0,114.99,548.44,2.92,96.98,0.0261,7.56,14.2,14.21,30.0,501.6,21.7,injector_abnormality,0.8
fault_injector_abnormality_1,2640,1789814605.1580129,2383.5,115.06,546.83,2.96,96.92,0.0276,7.53,14.18,13.98,30.0,497.4,21.8,injector_abnormality,0.8
fault_injector_abnormality_1,2641,1789814606.1580129,2386.7,114.78,542.01,2.94,96.9,0.0405,7.58,14.18,14.03,30.0,493.3,21.8,injector_abnormality,0.8
fault_injector_abnormality_1,2642,1789814607.1580129,2399.1,114.87,545.74,2.89,96.86,0.041,7.67,14.22,14.29,30.0,489.1,21.8,injector_abnormality,0.8
fault_injector_abnormality_1,2643,1789814608.1580129,2403.0,114.58,542.38,2.91,96.85,0.0454,7.67,14.32,14.35,30.0,485.0,21.8,injector_abnormality,0.8
fault_injector_abnormality_1,2644,1789814609.1580129,2407.1,114.28,544.61,2.78,96.82,0.0465,7.68,14.33,14.22,30.0,480.8,21.9,injector_abnormality,0.8
fault_injector_abnormality_1,2645,1789814610.1580129,2368.8,114.33,547.11,2.82,96.75,0.0415,7.53,14.35,14.18,30.0,476.6,21.9,injector_abnormality,0.8
fault_injector_abnormality_1,2646,1789814611.1580129,2354.7,114.5,548.7,2.83,96.75,0.028,7.58,14.37,14.46,30.0,472.5,21.9,injector_abnormality,0.8
fault_injector_abnormality_1,2647,1789814612.1580129,2361.3,114.68,541.94,2.9,96.8,0.0258,7.54,14.28,14.32,30.0,468.3,22.0,injector_abnormality,0.8
fault_injector_abnormality_1,2648,1789814613.1580129,2376.9,114.88,543.28,2.92,96.9,0.0269,7.56,14.16,14.47,30.0,464.2,22.0,injector_abnormality,0.8
fault_injector_abnormality_1,2649,1789814614.1580129,2376.1,115.28,544.99,2.94,96.91,0.0255,7.55,14.15,14.47,30.0,460.0,22.0,injector_abnormality,0.8
fault_injector_abnormality_1,2650,1789814615.1580129,2364.4,115.33,546.78,3.04,97.04,0.0324,7.5,14.13,14.69,30.0,455.8,22.0,injector_abnormality,0.8
fault_injector_abnormality_1,2651,1789814616.1580129,2362.9,115.39,546.46,3.0,97.07,0.0323,7.37,14.19,14.26,30.0,451.7,22.1,injector_abnormality,0.8
fault_injector_abnormality_1,2652,1789814617.1580129,2384.5,115.27,543.02,2.94,97.08,0.0309,7.31,14.19,14.2,30.0,447.5,22.1,injector_abnormality,0.8
fault_injector_abnormality_1,2653,1789814618.1580129,2374.5,115.46,544.43,2.95,97.26,0.0367,7.27,14.22,14.34,30.0,443.4,22.1,injector_abnormality,0.8
fault_injector_abnormality_1,2654,1789814619.1580129,2375.7,115.52,546.12,2.79,97.22,0.0427,7.35,14.22,14.53,30.0,439.2,22.1,injector_abnormality,0.8
fault_injector_abnormality_1,2655,1789814620.1580129,2369.2,115.68,542.77,2.75,97.28,0.029,7.41,14.25,14.65,30.0,435.0,22.2,injector_abnormality,0.8
fault_injector_abnormality_1,2656,1789814621.1580129,2358.4,115.76,542.41,2.74,97.3,0.0288,7.48,14.24,14.84,30.0,430.9,22.2,injector_abnormality,0.8
fault_injector_abnormality_1,2657,1789814622.1580129,2385.1,115.77,543.77,2.84,97.22,0.0275,7.51,14.17,14.48,30.0,426.7,22.2,injector_abnormality,0.8
fault_injector_abnormality_1,2658,1789814623.1580129,2376.8,115.96,543.64,2.88,97.14,0.0346,7.39,14.19,14.61,30.0,422.6,22.3,injector_abnormality,0.8
fault_injector_abnormality_1,2659,1789814624.1580129,2366.7,116.01,544.44,2.86,96.91,0.0329,7.45,14.15,14.76,30.0,418.4,22.3,injector_abnormality,0.8
fault_injector_abnormality_1,2660,1789814625.1580129,2389.3,115.72,541.57,2.88,96.95,0.031,7.39,14.18,14.39,30.0,414.2,22.3,injector_abnormality,0.8
fault_injector_abnormality_1,2661,1789814626.1580129,2399.3,115.65,540.13,2.89,96.95,0.0306,7.56,14.25,14.33,30.0,410.1,22.3,injector_abnormality,0.8
fault_injector_abnormality_1,2662,1789814627.1580129,2384.8,115.41,538.96,2.93,96.73,0.0404,7.48,14.24,14.66,30.0,405.9,22.4,injector_abnormality,0.8
fault_injector_abnormality_1,2663,1789814628.1580129,2365.8,115.36,542.29,2.92,96.66,0.046,7.5,14.27,14.5,30.0,401.8,22.4,injector_abnormality,0.8
fault_injector_abnormality_1,2664,1789814629.1580129,2378.3,115.36,544.16,2.94,96.7,0.0418,7.37,14.25,14.45,30.0,397.6,22.4,injector_abnormality,0.8
fault_injector_abnormality_1,2665,1789814630.1580129,2362.9,115.7,538.25,2.95,96.58,0.0357,7.37,14.19,14.2,30.0,393.4,22.4,injector_abnormality,0.8
fault_injector_abnormality_1,2666,1789814631.1580129,2371.2,116.07,542.0,2.94,96.54,0.0379,7.44,14.14,14.24,30.0,389.3,22.5,injector_abnormality,0.8
fault_injector_abnormality_1,2667,1789814632.1580129,2370.4,116.16,539.52,2.92,96.45,0.0332,7.51,14.13,14.14,30.0,385.1,22.5,injector_abnormality,0.8
fault_injector_abnormality_1,2668,1789814633.1580129,2383.7,116.12,546.28,2.89,96.49,0.0342,7.56,14.14,13.92,30.0,381.0,22.5,injector_abnormality,0.8
fault_injector_abnormality_1,2669,1789814634.1580129,2362.9,116.05,550.07,2.9,96.51,0.0401,7.65,14.16,14.11,30.0,376.8,22.6,injector_abnormality,0.8
fault_injector_abnormality_1,2670,1789814635.1580129,2371.9,115.88,548.72,2.85,96.32,0.0372,7.73,14.17,14.4,30.0,372.6,22.6,injector_abnormality,0.8
fault_injector_abnormality_1,2671,1789814636.1580129,2356.9,116.07,549.81,2.9,96.33,0.0267,7.71,14.11,14.58,30.0,368.5,22.6,injector_abnormality,0.8
fault_injector_abnormality_1,2672,1789814637.1580129,2367.3,115.82,554.83,2.93,96.24,0.0206,7.67,14.11,14.65,30.0,364.3,22.6,injector_abnormality,0.8
fault_injector_abnormality_1,2673,1789814638.1580129,2355.4,116.05,551.26,2.89,96.24,0.025,7.51,14.14,14.48,30.0,360.2,22.7,injector_abnormality,0.8
fault_injector_abnormality_1,2674,1789814639.1580129,2365.1,115.9,549.93,2.9,96.2,0.0296,7.46,14.13,14.4,30.0,356.0,22.7,injector_abnormality,0.8
fault_injector_abnormality_1,2675,1789814640.1580129,2357.4,116.12,545.73,3.0,96.24,0.0304,7.49,14.16,14.43,30.0,351.8,22.7,injector_abnormality,0.8
fault_injector_abnormality_1,2676,1789814641.1580129,2361.4,116.29,544.2,2.95,96.21,0.0349,7.38,14.06,14.81,30.0,347.7,22.7,injector_abnormality,0.8
fault_injector_abnormality_1,2677,1789814642.1580129,2360.9,116.16,544.6,2.96,96.22,0.0345,7.39,14.01,14.5,30.0,343.5,22.8,injector_abnormality,0.8
fault_injector_abnormality_1,2678,1789814643.1580129,2356.4,116.06,539.2,2.97,96.33,0.0413,7.35,14.02,14.28,30.0,339.4,22.8,injector_abnormality,0.8
fault_injector_abnormality_1,2679,1789814644.1580129,2349.5,116.21,541.06,2.99,96.25,0.0417,7.35,14.13,14.42,30.0,335.2,22.8,injector_abnormality,0.8
fault_injector_abnormality_1,2680,1789814645.1580129,2372.0,116.15,542.51,2.94,96.46,0.033,7.41,14.13,14.4,30.0,331.0,22.8,injector_abnormality,0.8
fault_injector_abnormality_1,2681,1789814646.1580129,2388.7,116.28,542.12,2.89,96.58,0.0347,7.45,14.13,14.34,30.0,326.9,22.9,injector_abnormality,0.8
fault_injector_abnormality_1,2682,1789814647.1580129,2394.5,116.49,539.47,2.86,96.65,0.0295,7.45,14.11,14.73,30.0,322.7,22.9,injector_abnormality,0.8
fault_injector_abnormality_1,2683,1789814648.1580129,2368.3,116.8,540.59,2.89,96.57,0.0355,7.55,14.07,14.36,30.0,318.6,22.9,injector_abnormality,0.8
fault_injector_abnormality_1,2684,1789814649.1580129,2365.9,116.85,545.66,2.91,96.56,0.0365,7.63,14.08,14.35,30.0,314.4,23.0,injector_abnormality,0.8
fault_injector_abnormality_1,2685,1789814650.1580129,2379.5,116.69,544.9,3.03,96.63,0.0253,7.55,13.99,14.5,30.0,310.2,23.0,injector_abnormality,0.8
fault_injector_abnormality_1,2686,1789814651.1580129,2378.7,116.92,542.3,3.04,96.59,0.0254,7.49,14.03,14.52,30.0,306.1,23.0,injector_abnormality,0.8
fault_injector_abnormality_1,2687,1789814652.1580129,2374.7,116.85,549.78,3.04,96.82,0.0284,7.62,14.04,14.54,30.0,301.9,23.0,injector_abnormality,0.8
fault_injector_abnormality_1,2688,1789814653.1580129,2374.8,116.59,541.88,3.03,96.97,0.0279,7.58,14.03,14.26,30.0,297.8,23.1,injector_abnormality,0.8
fault_injector_abnormality_1,2689,1789814654.1580129,2386.2,116.36,546.43,3.05,96.89,0.0281,7.56,14.05,14.46,30.0,293.6,23.1,injector_abnormality,0.8
fault_injector_abnormality_1,2690,1789814655.1580129,2390.1,115.95,548.24,2.97,96.76,0.0292,7.53,14.13,14.47,30.0,289.4,23.1,injector_abnormality,0.8
fault_injector_abnormality_1,2691,1789814656.1580129,2388.9,115.71,547.49,2.94,96.81,0.0325,7.52,14.14,14.39,30.0,285.3,23.1,injector_abnormality,0.8
fault_injector_abnormality_1,2692,1789814657.1580129,2386.5,115.84,542.98,2.96,96.71,0.0287,7.42,14.15,14.27,30.0,281.1,23.2,injector_abnormality,0.8
fault_injector_abnormality_1,2693,1789814658.1580129,2371.1,116.05,545.6,2.96,96.79,0.0326,7.43,14.16,14.39,30.0,277.0,23.2,injector_abnormality,0.8
fault_injector_abnormality_1,2694,1789814659.1580129,2385.9,116.36,547.8,2.93,96.95,0.0358,7.32,14.05,14.44,30.0,272.8,23.2,injector_abnormality,0.8
fault_injector_abnormality_1,2695,1789814660.1580129,2387.0,116.31,550.88,2.95,96.95,0.036,7.28,14.05,14.44,30.0,268.6,23.3,injector_abnormality,0.8
fault_injector_abnormality_1,2696,1789814661.1580129,2353.0,116.8,546.06,2.9,96.82,0.0344,7.36,14.0,14.41,30.0,264.5,23.3,injector_abnormality,0.8
fault_injector_abnormality_1,2697,1789814662.1580129,2360.2,116.64,546.13,2.93,96.92,0.0452,7.46,14.01,14.37,30.0,260.3,23.3,injector_abnormality,0.8
fault_injector_abnormality_1,2698,1789814663.1580129,2356.3,116.42,549.38,2.95,96.81,0.0388,7.33,14.0,14.13,30.0,256.2,23.3,injector_abnormality,0.8
fault_injector_abnormality_1,2699,1789814664.1580129,2365.2,116.42,542.75,2.92,96.71,0.0476,7.43,13.98,14.19,30.0,252.0,23.4,injector_abnormality,0.8
fault_injector_abnormality_1,2700,1789814665.1580129,2365.6,116.07,544.69,2.8,96.81,0.0462,7.46,13.93,14.14,30.0,247.8,23.4,injector_abnormality,0.8
fault_injector_abnormality_1,2701,1789814666.1580129,2372.4,115.83,542.27,2.88,96.77,0.0396,7.36,13.88,13.85,30.0,243.7,23.4,injector_abnormality,0.8
fault_injector_abnormality_1,2702,1789814667.1580129,2369.0,116.28,553.24,2.82,96.74,0.0446,7.44,13.85,14.1,30.0,239.5,23.4,injector_abnormality,0.8
fault_injector_abnormality_1,2703,1789814668.1580129,2351.5,116.1,549.04,2.88,96.61,0.0455,7.33,13.85,14.21,30.0,235.4,23.5,injector_abnormality,0.8
fault_injector_abnormality_1,2704,1789814669.1580129,2358.1,116.31,548.62,2.89,96.6,0.04,7.27,13.91,13.89,30.0,231.2,23.5,injector_abnormality,0.8
fault_injector_abnormality_1,2705,1789814670.1580129,2350.4,116.35,547.43,2.88,96.62,0.0326,7.36,13.93,14.05,30.0,227.0,23.5,injector_abnormality,0.8
fault_injector_abnormality_1,2706,1789814671.1580129,2371.0,116.64,551.45,2.91,96.65,0.035,7.4,14.0,14.1,30.0,222.9,23.6,injector_abnormality,0.8
fault_injector_abnormality_1,2707,1789814672.1580129,2361.3,116.73,551.4,2.95,96.65,0.0378,7.29,14.04,14.0,30.0,218.7,23.6,injector_abnormality,0.8
fault_injector_abnormality_1,2708,1789814673.1580129,2376.9,117.04,550.5,2.91,96.69,0.0309,7.34,14.04,14.04,30.0,214.6,23.6,injector_abnormality,0.8
fault_injector_abnormality_1,2709,1789814674.1580129,2352.4,117.03,548.13,2.95,96.63,0.026,7.28,14.1,14.25,30.0,210.4,23.6,injector_abnormality,0.8
fault_injector_abnormality_1,2710,1789814675.1580129,2341.9,116.81,543.27,2.83,96.72,0.0275,7.23,14.09,14.25,30.0,206.2,23.7,injector_abnormality,0.8
fault_injector_abnormality_1,2711,1789814676.1580129,2341.2,116.79,542.02,2.8,96.64,0.0298,7.19,14.16,13.79,30.0,202.1,23.7,injector_abnormality,0.8
fault_injector_abnormality_1,2712,1789814677.1580129,2315.5,117.01,545.99,2.83,96.73,0.0378,7.33,14.11,14.41,30.0,197.9,23.7,injector_abnormality,0.8
fault_injector_abnormality_1,2713,1789814678.1580129,2347.7,117.2,545.35,2.96,96.64,0.0382,7.45,14.12,14.35,30.0,193.8,23.7,injector_abnormality,0.8
fault_injector_abnormality_1,2714,1789814679.1580129,2332.3,117.36,544.35,2.92,96.5,0.0439,7.44,14.15,14.5,30.0,189.6,23.8,injector_abnormality,0.8
fault_injector_abnormality_1,2715,1789814680.1580129,2323.6,117.25,545.98,2.91,96.43,0.0457,7.39,14.1,14.49,30.0,185.4,23.8,injector_abnormality,0.8
fault_injector_abnormality_1,2716,1789814681.1580129,2346.4,117.27,548.43,2.94,96.38,0.0451,7.27,14.16,14.51,30.0,181.3,23.8,injector_abnormality,0.8
fault_injector_abnormality_1,2717,1789814682.1580129,2361.5,117.01,545.69,2.88,96.43,0.0423,7.33,14.16,14.53,30.0,177.1,23.8,injector_abnormality,0.8
fault_injector_abnormality_1,2718,1789814683.1580129,2332.3,117.06,540.46,2.94,96.32,0.0406,7.31,14.03,14.84,30.0,173.0,23.9,injector_abnormality,0.8
fault_injector_abnormality_1,2719,1789814684.1580129,2324.2,117.28,537.29,2.91,96.4,0.0457,7.18,14.01,14.44,30.0,168.8,23.9,injector_abnormality,0.8
fault_injector_abnormality_1,2720,1789814685.1580129,2307.2,117.38,534.11,2.96,96.52,0.0322,7.31,14.08,14.28,30.0,164.6,23.9,injector_abnormality,0.8
fault_injector_abnormality_1,2721,1789814686.1580129,2324.5,117.4,541.52,2.84,96.45,0.0348,7.29,14.08,14.52,30.0,160.5,24.0,injector_abnormality,0.8
fault_injector_abnormality_1,2722,1789814687.1580129,2337.9,117.34,544.67,2.79,96.57,0.038,7.51,14.05,14.27,30.0,156.3,24.0,injector_abnormality,0.8
fault_injector_abnormality_1,2723,1789814688.1580129,2327.6,117.53,546.05,2.84,96.43,0.0406,7.46,14.12,14.31,30.0,152.2,24.0,injector_abnormality,0.8
fault_injector_abnormality_1,2724,1789814689.1580129,2310.5,117.59,547.27,2.87,96.35,0.0321,7.35,14.12,14.39,30.0,148.0,24.0,injector_abnormality,0.8
fault_injector_abnormality_1,2725,1789814690.1580129,2323.1,117.32,547.27,2.87,96.16,0.0382,7.2,14.03,14.41,30.0,143.8,24.1,injector_abnormality,0.8
fault_injector_abnormality_1,2726,1789814691.1580129,2337.7,117.34,545.96,2.87,96.17,0.033,7.36,14.01,14.79,30.0,139.7,24.1,injector_abnormality,0.8
fault_injector_abnormality_1,2727,1789814692.1580129,2318.5,117.25,540.99,2.78,95.99,0.0321,7.49,13.97,14.25,30.0,135.5,24.1,injector_abnormality,0.8
fault_injector_abnormality_1,2728,1789814693.1580129,2324.4,117.54,542.57,2.81,95.98,0.0306,7.34,13.95,14.33,30.0,131.4,24.1,injector_abnormality,0.8
fault_injector_abnormality_1,2729,1789814694.1580129,2339.7,117.36,542.8,2.86,96.14,0.0368,7.34,13.9,14.8,30.0,127.2,24.2,injector_abnormality,0.8
fault_injector_abnormality_1,2730,1789814695.1580129,2350.2,117.39,545.18,2.93,95.98,0.0333,7.4,13.87,14.8,30.0,123.0,24.2,injector_abnormality,0.8
fault_injector_abnormality_1,2731,1789814696.1580129,2340.3,117.19,546.67,2.95,96.14,0.0427,7.42,13.83,14.54,30.0,118.9,24.2,injector_abnormality,0.8
fault_injector_abnormality_1,2732,1789814697.1580129,2331.4,117.27,547.06,2.94,96.19,0.0402,7.57,13.93,14.85,30.0,114.7,24.3,injector_abnormality,0.8
fault_injector_abnormality_1,2733,1789814698.1580129,2325.2,117.15,553.72,2.92,96.18,0.0387,7.52,13.97,14.28,30.0,110.6,24.3,injector_abnormality,0.8
fault_injector_abnormality_1,2734,1789814699.1580129,2327.6,117.15,553.08,2.97,96.33,0.0409,7.54,13.95,14.28,30.0,106.4,24.3,injector_abnormality,0.8
fault_injector_abnormality_1,2735,1789814700.1580129,2314.9,117.08,552.31,2.91,96.4,0.0361,7.41,13.96,14.4,30.0,102.2,24.3,injector_abnormality,0.8
fault_injector_abnormality_1,2736,1789814701.1580129,2342.1,117.26,547.95,2.92,96.26,0.0441,7.37,14.0,14.23,30.0,98.1,24.4,injector_abnormality,0.8
fault_injector_abnormality_1,2737,1789814702.1580129,2347.8,117.23,549.24,2.84,96.22,0.0451,7.4,14.0,14.32,30.0,93.9,24.4,injector_abnormality,0.8
fault_injector_abnormality_1,2738,1789814703.1580129,2359.3,116.99,551.24,2.86,96.5,0.0399,7.44,14.03,14.83,30.0,89.8,24.4,injector_abnormality,0.8
fault_injector_abnormality_1,2739,1789814704.1580129,2357.6,117.46,554.96,2.9,96.37,0.0344,7.43,13.96,14.53,30.0,85.6,24.4,injector_abnormality,0.8
fault_injector_abnormality_1,2740,1789814705.1580129,2346.1,117.66,555.34,3.0,96.35,0.0339,7.31,14.0,14.62,30.0,81.4,24.5,injector_abnormality,0.8
fault_injector_abnormality_1,2741,1789814706.1580129,2356.6,117.51,551.04,3.0,96.35,0.0318,7.23,14.02,14.62,30.0,77.3,24.5,injector_abnormality,0.8
fault_injector_abnormality_1,2742,1789814707.1580129,2349.7,117.06,546.44,2.93,96.26,0.0277,7.11,14.01,13.93,30.0,73.1,24.5,injector_abnormality,0.8
fault_injector_abnormality_1,2743,1789814708.1580129,2333.2,117.22,541.12,2.9,96.4,0.0291,7.16,14.02,14.0,30.0,69.0,24.6,injector_abnormality,0.8
fault_injector_abnormality_1,2744,1789814709.1580129,2340.5,117.16,544.32,3.13,96.4,0.0282,7.13,14.02,14.04,30.0,64.8,24.6,injector_abnormality,0.8
fault_injector_abnormality_1,2745,1789814710.1580129,2335.2,117.01,540.63,3.11,96.39,0.0308,7.09,13.99,13.98,30.0,60.6,24.6,injector_abnormality,0.8
fault_injector_abnormality_1,2746,1789814711.1580129,2332.2,117.19,538.21,3.13,96.51,0.0368,7.11,14.04,14.24,30.0,56.5,24.6,injector_abnormality,0.8
fault_injector_abnormality_1,2747,1789814712.1580129,2356.7,117.09,542.9,3.08,96.59,0.0382,7.17,14.06,14.64,30.0,52.3,24.7,injector_abnormality,0.8
fault_injector_abnormality_1,2748,1789814713.1580129,2369.2,117.5,538.12,3.01,96.7,0.0309,7.21,14.03,14.59,30.0,48.2,24.7,injector_abnormality,0.8
fault_injector_abnormality_1,2749,1789814714.1580129,2363.6,117.46,542.98,2.99,96.6,0.031,7.19,13.97,14.56,30.0,44.0,24.7,injector_abnormality,0.8
fault_injector_abnormality_1,2750,1789814715.1580129,2379.4,117.56,541.79,2.97,96.58,0.0362,7.27,13.91,14.65,30.0,39.8,24.7,injector_abnormality,0.8
fault_injector_abnormality_1,2751,1789814716.1580129,2365.0,117.48,543.74,2.9,96.69,0.035,7.22,13.97,14.32,30.0,35.7,24.8,injector_abnormality,0.8
fault_injector_abnormality_1,2752,1789814717.1580129,2336.0,117.81,541.44,2.86,96.61,0.0367,7.15,14.01,14.35,30.0,31.5,24.8,injector_abnormality,0.8
fault_injector_abnormality_1,2753,1789814718.1580129,2334.7,117.86,538.31,2.88,96.39,0.037,7.27,14.03,14.53,30.0,27.4,24.8,injector_abnormality,0.8
fault_injector_abnormality_1,2754,1789814719.1580129,2359.8,117.5,541.38,2.91,96.41,0.0396,7.17,14.11,14.71,30.0,23.2,24.8,injector_abnormality,0.8
fault_injector_abnormality_1,2755,1789814720.1580129,2360.3,117.75,544.8,2.88,96.48,0.0401,7.17,14.07,14.55,30.0,19.0,24.9,injector_abnormality,0.8
fault_injector_abnormality_1,2756,1789814721.1580129,2361.9,117.77,548.77,2.8,96.56,0.0396,7.18,13.95,14.53,30.0,14.9,24.9,injector_abnormality,0.8
fault_injector_abnormality_1,2757,1789814722.1580129,2364.6,117.73,544.62,2.72,96.63,0.0343,7.01,13.94,14.31,30.0,10.7,24.9,injector_abnormality,0.8
fault_injector_abnormality_1,2758,1789814723.1580129,2370.8,118.26,541.15,2.81,96.63,0.0338,7.16,13.98,14.37,30.0,6.6,25.0,injector_abnormality,0.8
fault_injector_abnormality_1,2759,1789814724.1580129,2357.6,118.21,540.4,2.8,96.51,0.0337,7.06,13.9,14.53,30.0,2.4,25.0,injector_abnormality,0.8
fault_injector_abnormality_1,2760,1789814725.1580129,2356.9,118.01,539.31,2.86,96.58,0.0393,7.03,13.88,14.5,30.0,0.0,25.0,injector_abnormality,0.8
fault_injector_abnormality_1,2761,1789814726.1580129,2357.7,118.0,536.17,2.89,96.54,0.0361,7.02,13.9,14.39,30.0,0.0,25.0,injector_abnormality,0.8
fault_injector_abnormality_1,2762,1789814727.1580129,2361.0,117.9,534.63,2.87,96.6,0.0379,7.06,13.91,14.17,30.0,0.0,25.0,injector_abnormality,0.8
fault_injector_abnormality_1,2763,1789814728.1580129,2358.1,118.12,536.97,2.92,96.63,0.0425,7.15,13.89,14.1,30.0,0.0,25.0,injector_abnormality,0.8
fault_injector_abnormality_1,2764,1789814729.1580129,2352.4,118.25,542.74,2.91,96.64,0.0392,7.06,13.79,14.32,30.0,0.0,25.0,injector_abnormality,0.8
fault_injector_abnormality_1,2765,1789814730.1580129,2335.6,117.96,543.69,2.88,96.67,0.031,7.07,13.84,14.77,30.0,0.0,25.0,injector_abnormality,0.8
fault_injector_abnormality_1,2766,1789814731.1580129,2324.7,118.04,551.79,2.93,96.7,0.0255,7.11,13.89,14.69,30.0,0.0,25.0,injector_abnormality,0.8
fault_injector_abnormality_1,2767,1789814732.1580129,2318.5,118.26,556.18,2.92,96.67,0.036,7.1,13.97,14.31,30.0,0.0,25.0,injector_abnormality,0.8
fault_injector_abnormality_1,2768,1789814733.1580129,2330.1,118.37,551.55,2.85,96.72,0.0413,7.12,13.91,14.46,30.0,0.0,25.0,injector_abnormality,0.8
fault_injector_abnormality_1,2769,1789814734.1580129,2335.2,118.57,548.49,2.91,96.63,0.0414,7.08,13.93,14.39,30.0,0.0,25.0,injector_abnormality,0.8
fault_injector_abnormality_1,2770,1789814735.1580129,2355.1,118.66,552.15,3.01,96.77,0.0391,7.09,14.02,14.46,30.0,0.0,25.0,injector_abnormality,0.8
fault_injector_abnormality_1,2771,1789814736.1580129,2381.9,118.64,551.36,2.96,96.73,0.0423,7.13,14.04,14.32,30.0,0.0,25.0,injector_abnormality,0.8
fault_injector_abnormality_1,2772,1789814737.1580129,2365.4,119.02,549.19,2.94,96.65,0.044,7.18,14.03,14.44,30.0,0.0,25.0,injector_abnormality,0.8
fault_injector_abnormality_1,2773,1789814738.1580129,2336.8,118.82,551.0,2.88,96.79,0.0423,7.32,14.08,14.32,30.0,0.0,25.0,injector_abnormality,0.8
fault_injector_abnormality_1,2774,1789814739.1580129,2336.2,118.59,547.04,2.97,96.77,0.0354,7.4,14.08,14.45,30.0,0.0,25.0,injector_abnormality,0.8
fault_injector_abnormality_1,2775,1789814740.1580129,2329.7,118.53,549.0,2.86,96.78,0.0402,7.39,14.05,14.49,30.0,0.0,25.0,injector_abnormality,0.8
fault_injector_abnormality_1,2776,1789814741.1580129,2334.4,118.35,546.71,2.87,96.91,0.0526,7.39,14.07,14.33,30.0,0.0,25.0,injector_abnormality,0.8
fault_injector_abnormality_1,2777,1789814742.1580129,2324.2,118.54,549.03,2.79,96.89,0.0452,7.31,14.07,14.21,30.0,0.0,25.0,injector_abnormality,0.8
fault_injector_abnormality_1,2778,1789814743.1580129,2324.1,118.21,552.43,2.88,96.94,0.0488,7.36,14.15,14.65,30.0,0.0,25.0,injector_abnormality,0.8
fault_injector_abnormality_1,2779,1789814744.1580129,2327.0,117.89,554.2,2.91,96.93,0.0453,7.4,14.17,14.64,30.0,0.0,25.0,injector_abnormality,0.8
fault_injector_abnormality_1,2780,1789814745.1580129,2307.8,117.47,546.6,2.84,97.0,0.0303,7.41,14.13,14.69,30.0,0.0,25.0,injector_abnormality,0.8
fault_injector_abnormality_1,2781,1789814746.1580129,2310.7,117.57,548.92,2.88,96.9,0.0293,7.36,14.16,14.85,30.0,0.0,25.0,injector_abnormality,0.8
fault_injector_abnormality_1,2782,1789814747.1580129,2315.4,117.37,542.49,2.83,96.78,0.0305,7.32,14.19,14.34,30.0,0.0,25.0,injector_abnormality,0.8
fault_injector_abnormality_1,2783,1789814748.1580129,2328.5,117.73,541.93,2.84,96.78,0.0297,7.3,14.16,13.99,30.0,0.0,25.0,injector_abnormality,0.8
fault_injector_abnormality_1,2784,1789814749.1580129,2351.4,117.8,543.78,2.79,96.64,0.0315,7.3,14.1,14.29,30.0,0.0,25.0,injector_abnormality,0.8
fault_injector_abnormality_1,2785,1789814750.1580129,2351.3,117.99,549.1,2.84,96.79,0.0391,7.28,14.16,14.23,30.0,0.0,25.0,injector_abnormality,0.8
fault_injector_abnormality_1,2786,1789814751.1580129,2356.8,118.11,545.46,2.88,96.83,0.0427,7.32,14.24,14.33,30.0,0.0,25.0,injector_abnormality,0.8
fault_injector_abnormality_1,2787,1789814752.1580129,2346.3,118.38,544.4,2.86,96.92,0.0368,7.14,14.23,14.48,30.0,0.0,25.0,injector_abnormality,0.8
fault_injector_abnormality_1,2788,1789814753.1580129,2334.9,118.64,545.74,2.87,96.94,0.0341,7.11,14.24,14.55,30.0,0.0,25.0,injector_abnormality,0.8
fault_injector_abnormality_1,2789,1789814754.1580129,2314.9,118.73,536.76,2.91,96.95,0.0366,7.06,14.26,14.39,30.0,0.0,25.0,injector_abnormality,0.8
fault_injector_abnormality_1,2790,1789814755.1580129,2329.7,118.66,531.89,2.89,97.12,0.0368,7.03,14.26,14.13,30.0,0.0,25.0,injector_abnormality,0.8
fault_injector_abnormality_1,2791,1789814756.1580129,2323.1,118.81,532.67,2.81,97.32,0.0369,7.07,14.26,14.48,30.0,0.0,25.0,injector_abnormality,0.8
fault_injector_abnormality_1,2792,1789814757.1580129,2329.1,118.86,531.4,2.82,97.27,0.0423,7.01,14.27,14.67,30.0,0.0,25.0,injector_abnormality,0.8
fault_injector_abnormality_1,2793,1789814758.1580129,2322.1,118.74,528.19,2.88,97.14,0.0502,7.12,14.3,14.42,30.0,0.0,25.0,injector_abnormality,0.8
fault_injector_abnormality_1,2794,1789814759.1580129,2321.6,118.89,529.32,2.79,97.25,0.0428,7.07,14.25,14.47,30.0,0.0,25.0,injector_abnormality,0.8
fault_injector_abnormality_1,2795,1789814760.1580129,2324.3,118.85,528.28,2.81,97.23,0.0433,7.06,14.29,14.47,30.0,0.0,25.0,injector_abnormality,0.8
fault_injector_abnormality_1,2796,1789814761.1580129,2304.1,118.85,526.59,2.83,97.06,0.043,7.0,14.22,14.45,30.0,0.0,25.0,injector_abnormality,0.8
fault_injector_abnormality_1,2797,1789814762.1580129,2305.6,118.57,529.05,2.81,96.96,0.0443,6.97,14.2,14.49,30.0,0.0,25.0,injector_abnormality,0.8
fault_injector_abnormality_1,2798,1789814763.1580129,2303.1,118.73,531.62,2.9,97.0,0.0398,7.08,14.14,14.1,30.0,0.0,25.0,injector_abnormality,0.8
fault_injector_abnormality_1,2799,1789814764.1580129,2317.9,118.58,532.99,2.92,97.24,0.0332,7.02,14.16,14.37,30.0,0.0,25.0,injector_abnormality,0.8
fault_injector_abnormality_1,2800,1789814765.1580129,2295.2,118.84,540.73,2.9,97.17,0.0399,7.06,14.13,14.67,30.0,0.0,25.0,injector_abnormality,0.8
fault_injector_abnormality_1,2801,1789814766.1580129,2306.6,118.86,541.72,2.89,97.23,0.0366,7.08,14.13,14.68,30.0,0.0,25.0,injector_abnormality,0.8
fault_injector_abnormality_1,2802,1789814767.1580129,2331.4,118.71,542.32,2.87,97.39,0.0327,7.22,14.14,14.91,30.0,0.0,25.0,injector_abnormality,0.8
fault_injector_abnormality_1,2803,1789814768.1580129,2314.0,118.41,541.48,3.0,97.28,0.0321,7.19,14.16,14.65,30.0,0.0,25.0,injector_abnormality,0.8
fault_injector_abnormality_1,2804,1789814769.1580129,2289.5,118.37,541.83,2.99,97.26,0.0284,7.07,14.21,14.42,30.0,0.0,25.0,injector_abnormality,0.8
fault_injector_abnormality_1,2805,1789814770.1580129,2299.9,117.79,543.3,2.88,97.11,0.0424,6.98,14.1,14.36,30.0,0.0,25.0,injector_abnormality,0.8
fault_injector_abnormality_1,2806,1789814771.1580129,2305.3,117.84,541.27,2.87,97.2,0.0347,6.99,14.04,14.34,30.0,0.0,25.0,injector_abnormality,0.8
fault_injector_abnormality_1,2807,1789814772.1580129,2297.4,117.64,541.69,2.85,97.3,0.0318,7.15,14.05,14.69,30.0,0.0,25.0,injector_abnormality,0.8
fault_injector_abnormality_1,2808,1789814773.1580129,2296.6,117.41,540.03,2.77,97.31,0.0303,7.12,13.98,14.43,30.0,0.0,25.0,injector_abnormality,0.8
fault_injector_abnormality_1,2809,1789814774.1580129,2298.7,117.33,542.25,2.83,97.24,0.028,7.1,14.05,14.28,30.0,0.0,25.0,injector_abnormality,0.8
fault_injector_abnormality_1,2810,1789814775.1580129,2310.9,117.66,544.18,2.8,97.25,0.0331,7.09,14.03,14.57,30.0,0.0,25.0,injector_abnormality,0.8
fault_injector_abnormality_1,2811,1789814776.1580129,2300.2,117.76,543.56,2.83,97.34,0.0443,7.19,14.07,14.42,30.0,0.0,25.0,injector_abnormality,0.8
fault_injector_abnormality_1,2812,1789814777.1580129,2276.6,118.01,540.02,2.82,97.4,0.0408,7.26,14.09,14.54,30.0,0.0,25.0,injector_abnormality,0.8
fault_injector_abnormality_1,2813,1789814778.1580129,2282.1,117.91,541.07,2.86,97.55,0.0387,7.24,14.13,14.44,30.0,0.0,25.0,injector_abnormality,0.8
fault_injector_abnormality_1,2814,1789814779.1580129,2294.1,117.52,543.72,2.87,97.37,0.0366,7.2,14.12,13.97,30.0,0.0,25.0,injector_abnormality,0.8
fault_injector_abnormality_1,2815,1789814780.1580129,2297.5,117.81,543.77,2.87,97.26,0.0353,7.12,14.13,13.99,30.0,0.0,25.0,injector_abnormality,0.8
fault_injector_abnormality_1,2816,1789814781.1580129,2294.8,117.81,542.84,2.83,97.21,0.0446,7.18,14.03,14.22,30.0,0.0,25.0,injector_abnormality,0.8
fault_injector_abnormality_1,2817,1789814782.1580129,2292.7,117.96,548.02,2.82,97.3,0.0513,7.0,13.97,14.24,30.0,0.0,25.0,injector_abnormality,0.8
fault_injector_abnormality_1,2818,1789814783.1580129,2306.1,117.98,548.78,2.87,97.17,0.0451,6.92,14.05,14.26,30.0,0.0,25.0,injector_abnormality,0.8
fault_injector_abnormality_1,2819,1789814784.1580129,2312.7,118.23,544.84,2.91,96.98,0.035,6.94,14.1,14.07,30.0,0.0,25.0,injector_abnormality,0.8
fault_injector_abnormality_1,2820,1789814785.1580129,2321.4,118.03,535.74,2.89,97.17,0.0291,6.87,14.12,14.11,30.0,0.0,25.0,injector_abnormality,0.8
fault_injector_abnormality_1,2821,1789814786.1580129,2332.0,118.4,539.59,2.82,97.28,0.0378,6.95,14.03,14.45,30.0,0.0,25.0,injector_abnormality,0.8
fault_injector_abnormality_1,2822,1789814787.1580129,2341.1,118.45,540.92,2.83,97.14,0.039,6.88,14.12,14.22,30.0,0.0,25.0,injector_abnormality,0.8
fault_injector_abnormality_1,2823,1789814788.1580129,2331.1,118.29,543.25,2.86,97.2,0.0421,6.88,14.18,14.16,30.0,0.0,25.0,injector_abnormality,0.8
fault_injector_abnormality_1,2824,1789814789.1580129,2334.0,118.29,538.99,2.91,97.16,0.035,6.89,14.16,14.17,30.0,0.0,25.0,injector_abnormality,0.8
fault_injector_abnormality_1,2825,1789814790.1580129,2333.5,118.34,537.38,2.84,97.07,0.0424,6.83,14.16,14.24,30.0,0.0,25.0,injector_abnormality,0.8
fault_injector_abnormality_1,2826,1789814791.1580129,2343.4,118.35,537.42,2.84,97.08,0.0352,6.89,14.15,14.51,30.0,0.0,25.0,injector_abnormality,0.8
fault_injector_abnormality_1,2827,1789814792.1580129,2333.5,118.4,537.23,2.89,96.92,0.0297,6.94,14.15,14.67,30.0,0.0,25.0,injector_abnormality,0.8
fault_injector_abnormality_1,2828,1789814793.1580129,2328.2,118.58,536.32,2.91,96.9,0.0262,7.06,14.12,14.51,30.0,0.0,25.0,injector_abnormality,0.8
fault_injector_abnormality_1,2829,1789814794.1580129,2327.0,118.56,532.56,3.01,96.82,0.0363,7.12,14.06,14.33,30.0,0.0,25.0,injector_abnormality,0.8
fault_injector_abnormality_1,2830,1789814795.1580129,2329.6,118.33,529.49,3.0,96.81,0.0331,7.11,14.12,14.21,30.0,0.0,25.0,injector_abnormality,0.8
fault_injector_abnormality_1,2831,1789814796.1580129,2338.1,118.57,526.22,2.94,96.83,0.0424,7.12,14.14,14.07,30.0,0.0,25.0,injector_abnormality,0.8
fault_injector_abnormality_1,2832,1789814797.1580129,2331.1,118.41,527.65,2.95,96.82,0.0453,6.99,14.05,14.05,30.0,0.0,25.0,injector_abnormality,0.8
fault_injector_abnormality_1,2833,1789814798.1580129,2315.6,118.43,530.84,2.97,96.74,0.0394,6.87,14.05,13.89,30.0,0.0,25.0,injector_abnormality,0.8
fault_injector_abnormality_1,2834,1789814799.1580129,2311.6,118.4,526.11,3.02,96.6,0.0326,6.81,14.05,13.96,30.0,0.0,25.0,injector_abnormality,0.8
fault_injector_abnormality_1,2835,1789814800.1580129,2303.0,118.02,527.33,3.14,96.68,0.0317,6.68,13.96,14.06,30.0,0.0,25.0,injector_abnormality,0.8
fault_injector_abnormality_1,2836,1789814801.1580129,2297.7,118.3,526.79,3.12,96.61,0.0224,6.65,13.97,14.17,30.0,0.0,25.0,injector_abnormality,0.8
fault_injector_abnormality_1,2837,1789814802.1580129,2305.5,118.22,526.89,3.01,96.56,0.0211,6.64,13.95,13.92,30.0,0.0,25.0,injector_abnormality,0.8
fault_injector_abnormality_1,2838,1789814803.1580129,2309.0,118.41,522.67,3.01,96.82,0.0316,6.75,13.99,14.4,30.0,0.0,25.0,injector_abnormality,0.8
fault_injector_abnormality_1,2839,1789814804.1580129,2323.1,118.32,525.81,2.93,96.79,0.0324,6.82,13.9,14.52,30.0,0.0,25.0,injector_abnormality,0.8
fault_injector_abnormality_1,2840,1789814805.1580129,2327.9,118.1,530.72,2.82,96.74,0.0233,6.71,13.96,14.59,30.0,0.0,25.0,injector_abnormality,0.8
fault_injector_abnormality_1,2841,1789814806.1580129,2313.2,117.76,532.73,2.84,96.78,0.0347,6.75,14.0,14.85,30.0,0.0,25.0,injector_abnormality,0.8
fault_injector_abnormality_1,2842,1789814807.1580129,2303.2,117.89,534.76,2.89,96.81,0.0335,6.97,14.03,14.4,30.0,0.0,25.0,injector_abnormality,0.8
fault_injector_abnormality_1,2843,1789814808.1580129,2318.3,117.8,538.04,2.89,96.95,0.0341,6.94,14.05,14.4,30.0,0.0,25.0,injector_abnormality,0.8
fault_injector_abnormality_1,2844,1789814809.1580129,2297.3,117.73,536.92,2.93,96.93,0.0447,6.92,14.07,14.27,30.0,0.0,25.0,injector_abnormality,0.8
fault_injector_abnormality_1,2845,1789814810.1580129,2310.3,118.01,539.99,2.9,96.77,0.0472,6.93,14.14,14.2,30.0,0.0,25.0,injector_abnormality,0.8
fault_injector_abnormality_1,2846,1789814811.1580129,2310.9,118.47,541.96,2.89,96.84,0.0338,6.97,14.19,14.3,30.0,0.0,25.0,injector_abnormality,0.8
fault_injector_abnormality_1,2847,1789814812.1580129,2298.1,118.48,540.76,2.87,97.03,0.0336,6.95,14.18,14.48,30.0,0.0,25.0,injector_abnormality,0.8
fault_injector_abnormality_1,2848,1789814813.1580129,2285.5,118.7,541.52,2.99,97.05,0.0347,6.94,14.15,14.68,30.0,0.0,25.0,injector_abnormality,0.8
fault_injector_abnormality_1,2849,1789814814.1580129,2297.9,118.76,540.01,2.97,96.88,0.0343,7.01,14.14,14.55,30.0,0.0,25.0,injector_abnormality,0.8
fault_injector_abnormality_1,2850,1789814815.1580129,2326.8,119.11,535.87,2.94,97.03,0.0267,7.02,14.09,14.3,30.0,0.0,25.0,injector_abnormality,0.8
fault_injector_abnormality_1,2851,1789814816.1580129,2295.3,119.27,539.06,2.94,97.01,0.0244,6.9,14.1,14.39,30.0,0.0,25.0,injector_abnormality,0.8
fault_injector_abnormality_1,2852,1789814817.1580129,2313.0,118.7,538.42,2.83,96.9,0.0309,6.81,14.01,14.05,30.0,0.0,25.0,injector_abnormality,0.8
fault_injector_abnormality_1,2853,1789814818.1580129,2308.5,119.02,541.77,2.78,96.96,0.0284,6.89,13.96,14.25,30.0,0.0,25.0,injector_abnormality,0.8
fault_injector_abnormality_1,2854,1789814819.1580129,2305.1,119.07,543.12,2.81,96.98,0.0266,6.84,13.99,14.37,30.0,0.0,25.0,injector_abnormality,0.8
fault_injector_abnormality_1,2855,1789814820.1580129,2316.4,119.01,544.57,2.83,96.94,0.0364,6.87,14.0,14.58,30.0,0.0,25.0,injector_abnormality,0.8
fault_injector_abnormality_1,2856,1789814821.1580129,2312.9,119.1,541.72,2.87,96.85,0.0369,6.92,14.01,14.29,30.0,0.0,25.0,injector_abnormality,0.8
fault_injector_abnormality_1,2857,1789814822.1580129,2327.5,118.93,542.78,2.85,96.85,0.0394,6.87,14.02,14.31,30.0,0.0,25.0,injector_abnormality,0.8
fault_injector_abnormality_1,2858,1789814823.1580129,2311.1,118.57,544.08,2.82,96.79,0.0379,6.92,14.05,14.28,30.0,0.0,25.0,injector_abnormality,0.8
fault_injector_abnormality_1,2859,1789814824.1580129,2319.5,118.4,539.51,2.87,96.73,0.0409,6.86,13.99,13.84,30.0,0.0,25.0,injector_abnormality,0.8
fault_injector_abnormality_1,2860,1789814825.1580129,2327.3,118.4,540.47,2.97,96.74,0.025,6.88,13.97,14.13,30.0,0.0,25.0,injector_abnormality,0.8
fault_injector_abnormality_1,2861,1789814826.1580129,2306.6,118.22,535.85,2.99,96.78,0.0275,6.81,13.94,14.36,30.0,0.0,25.0,injector_abnormality,0.8
fault_injector_abnormality_1,2862,1789814827.1580129,2312.3,118.45,537.58,3.0,96.83,0.0374,6.85,13.92,14.83,30.0,0.0,25.0,injector_abnormality,0.8
fault_injector_abnormality_1,2863,1789814828.1580129,2303.7,118.35,535.99,2.98,96.99,0.0377,6.88,13.9,14.35,30.0,0.0,25.0,injector_abnormality,0.8
fault_injector_abnormality_1,2864,1789814829.1580129,2323.7,118.65,537.43,2.95,97.1,0.0372,6.89,13.92,14.47,30.0,0.0,25.0,injector_abnormality,0.8
fault_injector_abnormality_1,2865,1789814830.1580129,2304.1,118.76,540.45,2.9,97.18,0.0383,6.86,13.96,14.26,30.0,0.0,25.0,injector_abnormality,0.8
fault_injector_abnormality_1,2866,1789814831.1580129,2301.6,118.91,537.6,2.99,97.05,0.0428,6.86,14.02,14.15,30.0,0.0,25.0,injector_abnormality,0.8
fault_injector_abnormality_1,2867,1789814832.1580129,2278.8,119.12,539.7,2.92,97.04,0.0346,6.78,14.04,14.52,30.0,0.0,25.0,injector_abnormality,0.8
fault_injector_abnormality_1,2868,1789814833.1580129,2278.6,118.97,535.49,2.86,97.04,0.0307,6.78,14.09,14.59,30.0,0.0,25.0,injector_abnormality,0.8
fault_injector_abnormality_1,2869,1789814834.1580129,2281.7,118.78,533.03,2.9,97.07,0.0347,6.85,14.02,14.45,30.0,0.0,25.0,injector_abnormality,0.8
fault_injector_abnormality_1,2870,1789814835.1580129,2293.3,118.78,533.2,2.91,97.03,0.0394,6.82,14.05,14.38,30.0,0.0,25.0,injector_abnormality,0.8
fault_injector_abnormality_1,2871,1789814836.1580129,2267.2,118.86,533.92,2.88,96.98,0.035,6.82,13.98,14.31,30.0,0.0,25.0,injector_abnormality,0.8
fault_injector_abnormality_1,2872,1789814837.1580129,2284.3,118.91,533.41,2.92,97.17,0.0384,6.83,13.91,14.59,30.0,0.0,25.0,injector_abnormality,0.8
fault_injector_abnormality_1,2873,1789814838.1580129,2311.4,118.77,531.17,2.89,97.15,0.0298,6.94,13.91,14.26,30.0,0.0,25.0,injector_abnormality,0.8
fault_injector_abnormality_1,2874,1789814839.1580129,2302.2,118.58,531.05,2.96,96.95,0.0289,6.88,13.91,14.05,30.0,0.0,25.0,injector_abnormality,0.8
fault_injector_abnormality_1,2875,1789814840.1580129,2299.8,118.44,538.62,2.98,96.86,0.0383,6.88,13.95,14.08,30.0,0.0,25.0,injector_abnormality,0.8
fault_injector_abnormality_1,2876,1789814841.1580129,2275.3,118.38,542.16,2.93,96.69,0.0388,6.78,14.09,14.1,30.0,0.0,25.0,injector_abnormality,0.8
fault_injector_abnormality_1,2877,1789814842.1580129,2275.3,118.23,544.36,2.9,96.68,0.0447,6.84,14.11,14.32,30.0,0.0,25.0,injector_abnormality,0.8
fault_injector_abnormality_1,2878,1789814843.1580129,2283.5,118.5,547.51,2.88,96.71,0.0466,6.94,14.13,14.02,30.0,0.0,25.0,injector_abnormality,0.8
fault_injector_abnormality_1,2879,1789814844.1580129,2289.3,118.76,547.28,2.95,96.84,0.0297,6.93,14.11,13.81,30.0,0.0,25.0,injector_abnormality,0.8
fault_injector_abnormality_1,2880,1789814845.1580129,2300.4,119.03,547.63,2.88,96.89,0.032,6.89,14.13,14.31,30.0,0.0,25.0,injector_abnormality,0.8
fault_injector_abnormality_1,2881,1789814846.1580129,2298.8,119.45,552.02,2.93,96.95,0.034,6.8,14.11,14.48,30.0,0.0,25.0,injector_abnormality,0.8
fault_injector_abnormality_1,2882,1789814847.1580129,2290.8,119.36,546.54,2.96,96.89,0.0394,6.81,14.15,14.34,30.0,0.0,25.0,injector_abnormality,0.8
fault_injector_abnormality_1,2883,1789814848.1580129,2283.1,119.72,546.99,2.91,96.85,0.0411,6.86,14.14,14.39,30.0,0.0,25.0,injector_abnormality,0.8
fault_injector_abnormality_1,2884,1789814849.1580129,2290.0,119.64,547.66,2.91,96.93,0.0443,6.93,14.12,14.42,30.0,0.0,25.0,injector_abnormality,0.8
fault_injector_abnormality_1,2885,1789814850.1580129,2296.1,119.51,546.2,2.84,96.89,0.0487,6.9,14.12,14.66,30.0,0.0,25.0,injector_abnormality,0.8
fault_injector_abnormality_1,2886,1789814851.1580129,2297.3,118.98,545.39,2.82,96.9,0.0394,6.9,14.19,14.37,30.0,0.0,25.0,injector_abnormality,0.8
fault_injector_abnormality_1,2887,1789814852.1580129,2290.7,119.23,547.75,2.8,96.87,0.0349,7.05,14.26,14.43,30.0,0.0,25.0,injector_abnormality,0.8
fault_injector_abnormality_1,2888,1789814853.1580129,2284.2,119.1,551.75,2.91,96.9,0.0377,7.05,14.2,14.66,30.0,0.0,25.0,injector_abnormality,0.8
fault_injector_abnormality_1,2889,1789814854.1580129,2301.5,118.61,551.88,2.89,96.94,0.0295,7.12,14.17,14.14,30.0,0.0,25.0,injector_abnormality,0.8
fault_injector_abnormality_1,2890,1789814855.1580129,2326.7,118.68,547.64,2.93,96.91,0.0247,6.94,14.12,14.17,30.0,0.0,25.0,injector_abnormality,0.8
fault_injector_abnormality_1,2891,1789814856.1580129,2302.0,118.28,547.51,2.93,96.93,0.0232,7.01,14.13,14.36,30.0,0.0,25.0,injector_abnormality,0.8
fault_injector_abnormality_1,2892,1789814857.1580129,2307.7,118.25,545.4,2.95,96.84,0.0353,7.01,14.15,14.65,30.0,0.0,25.0,injector_abnormality,0.8
fault_injector_abnormality_1,2893,1789814858.1580129,2302.1,118.08,549.41,2.93,96.77,0.0394,7.01,14.19,14.56,30.0,0.0,25.0,injector_abnormality,0.8
fault_injector_abnormality_1,2894,1789814859.1580129,2296.4,118.54,546.36,2.97,96.81,0.0415,7.06,14.06,14.03,30.0,0.0,25.0,injector_abnormality,0.8
fault_injector_abnormality_1,2895,1789814860.1580129,2303.6,118.82,550.05,2.98,96.54,0.0372,7.05,13.99,14.08,30.0,0.0,25.0,injector_abnormality,0.8
fault_injector_abnormality_1,2896,1789814861.1580129,2307.5,119.0,547.07,3.09,96.5,0.0324,7.05,14.06,14.26,30.0,0.0,25.0,injector_abnormality,0.8
fault_injector_abnormality_1,2897,1789814862.1580129,2306.7,118.52,543.6,2.98,96.38,0.0361,7.02,14.06,14.47,30.0,0.0,25.0,injector_abnormality,0.8
fault_injector_abnormality_1,2898,1789814863.1580129,2298.8,118.49,542.49,2.94,96.32,0.026,7.04,13.98,14.48,30.0,0.0,25.0,injector_abnormality,0.8
fault_injector_abnormality_1,2899,1789814864.1580129,2314.6,118.8,541.74,3.04,96.15,0.0278,7.08,13.96,14.24,30.0,0.0,25.0,injector_abnormality,0.8
fault_injector_abnormality_1,2900,1789814865.1580129,2308.7,118.81,539.36,2.99,96.11,0.033,7.01,14.01,14.04,30.0,0.0,25.0,injector_abnormality,0.8
fault_injector_abnormality_1,2901,1789814866.1580129,2300.6,118.76,536.94,2.98,96.02,0.0301,6.97,14.04,14.36,30.0,0.0,25.0,injector_abnormality,0.8
fault_injector_abnormality_1,2902,1789814867.1580129,2298.9,118.56,536.75,2.95,96.06,0.0337,7.07,14.09,14.09,30.0,0.0,25.0,injector_abnormality,0.8
fault_injector_abnormality_1,2903,1789814868.1580129,2307.2,118.65,533.53,3.04,96.03,0.0305,7.03,14.07,14.36,30.0,0.0,25.0,injector_abnormality,0.8
fault_injector_abnormality_1,2904,1789814869.1580129,2309.9,118.63,537.73,2.99,96.17,0.0372,6.97,14.11,13.88,30.0,0.0,25.0,injector_abnormality,0.8
fault_injector_abnormality_1,2905,1789814870.1580129,2311.6,118.76,539.18,2.93,96.3,0.0381,6.97,14.07,14.43,30.0,0.0,25.0,injector_abnormality,0.8
fault_injector_abnormality_1,2906,1789814871.1580129,2339.0,118.78,539.97,2.98,96.27,0.0365,6.95,14.01,14.45,30.0,0.0,25.0,injector_abnormality,0.8
fault_injector_abnormality_1,2907,1789814872.1580129,2324.1,118.51,536.77,2.91,96.32,0.0402,6.89,13.97,14.49,30.0,0.0,25.0,injector_abnormality,0.8
fault_injector_abnormality_1,2908,1789814873.1580129,2313.6,118.39,534.31,3.0,96.37,0.0356,6.74,14.06,14.4,30.0,0.0,25.0,injector_abnormality,0.8
fault_injector_abnormality_1,2909,1789814874.1580129,2319.2,118.44,532.09,2.93,96.4,0.0404,6.72,14.09,14.26,30.0,0.0,25.0,injector_abnormality,0.8
fault_injector_abnormality_1,2910,1789814875.1580129,2299.5,118.36,536.03,2.92,96.55,0.0324,6.82,14.03,14.42,30.0,0.0,25.0,injector_abnormality,0.8
fault_injector_abnormality_1,2911,1789814876.1580129,2276.5,118.36,540.36,2.96,96.5,0.03,6.84,13.99,14.44,30.0,0.0,25.0,injector_abnormality,0.8
fault_injector_abnormality_1,2912,1789814877.1580129,2282.3,118.4,534.89,2.91,96.5,0.0382,6.76,14.02,14.54,30.0,0.0,25.0,injector_abnormality,0.8
fault_injector_abnormality_1,2913,1789814878.1580129,2289.3,118.47,533.74,2.91,96.5,0.0341,6.67,14.01,14.46,30.0,0.0,25.0,injector_abnormality,0.8
fault_injector_abnormality_1,2914,1789814879.1580129,2282.3,118.44,535.07,3.02,96.44,0.0389,6.67,14.05,14.24,30.0,0.0,25.0,injector_abnormality,0.8
fault_injector_abnormality_1,2915,1789814880.1580129,2268.0,118.34,532.23,2.95,96.52,0.0457,6.7,14.06,14.32,30.0,0.0,25.0,injector_abnormality,0.8
fault_injector_abnormality_1,2916,1789814881.1580129,2264.4,118.14,532.06,3.05,96.58,0.0397,6.8,14.1,14.22,30.0,0.0,25.0,injector_abnormality,0.8
fault_injector_abnormality_1,2917,1789814882.1580129,2272.2,118.42,534.58,3.06,96.55,0.0449,6.84,14.21,14.09,30.0,0.0,25.0,injector_abnormality,0.8
fault_injector_abnormality_1,2918,1789814883.1580129,2278.3,118.56,534.31,2.98,96.63,0.0379,6.69,14.23,13.93,30.0,0.0,25.0,injector_abnormality,0.8
fault_injector_abnormality_1,2919,1789814884.1580129,2264.3,118.81,535.88,2.97,96.78,0.0424,6.67,14.24,13.92,30.0,0.0,25.0,injector_abnormality,0.8
fault_injector_abnormality_1,2920,1789814885.1580129,2255.7,119.0,535.24,2.9,96.79,0.0434,6.75,14.28,14.22,30.0,0.0,25.0,injector_abnormality,0.8
fault_injector_abnormality_1,2921,1789814886.1580129,2263.7,119.19,530.18,2.84,96.84,0.0395,6.71,14.27,14.15,30.0,0.0,25.0,injector_abnormality,0.8
fault_injector_abnormality_1,2922,1789814887.1580129,2292.4,119.35,529.96,2.89,96.78,0.0453,6.68,14.25,14.29,30.0,0.0,25.0,injector_abnormality,0.8
fault_injector_abnormality_1,2923,1789814888.1580129,2288.7,119.15,531.32,2.94,96.89,0.0377,6.67,14.17,14.48,30.0,0.0,25.0,injector_abnormality,0.8
fault_injector_abnormality_1,2924,1789814889.1580129,2276.7,119.05,527.97,2.93,96.86,0.038,6.75,14.17,14.43,30.0,0.0,25.0,injector_abnormality,0.8
fault_injector_abnormality_1,2925,1789814890.1580129,2274.0,119.3,527.71,3.01,96.93,0.0256,6.77,14.23,14.5,30.0,0.0,25.0,injector_abnormality,0.8
fault_injector_abnormality_1,2926,1789814891.1580129,2267.6,119.25,530.15,2.95,96.89,0.0242,6.69,14.24,14.51,30.0,0.0,25.0,injector_abnormality,0.8
fault_injector_abnormality_1,2927,1789814892.1580129,2261.2,119.27,531.07,2.96,96.79,0.0227,6.69,14.3,14.34,30.0,0.0,25.0,injector_abnormality,0.8
fault_injector_abnormality_1,2928,1789814893.1580129,2267.7,119.02,529.37,2.98,96.9,0.0215,6.82,14.25,14.57,30.0,0.0,25.0,injector_abnormality,0.8
fault_injector_abnormality_1,2929,1789814894.1580129,2258.3,118.95,532.46,2.98,97.0,0.0305,6.82,14.17,14.22,30.0,0.0,25.0,injector_abnormality,0.8
fault_injector_abnormality_1,2930,1789814895.1580129,2261.0,119.09,537.97,2.94,97.01,0.036,6.92,14.05,14.15,30.0,0.0,25.0,injector_abnormality,0.8
fault_injector_abnormality_1,2931,1789814896.1580129,2251.5,119.28,536.76,2.91,97.11,0.0291,6.94,14.01,14.08,30.0,0.0,25.0,injector_abnormality,0.8
fault_injector_abnormality_1,2932,1789814897.1580129,2265.5,119.52,536.13,2.89,97.24,0.026,6.9,14.05,14.27,30.0,0.0,25.0,injector_abnormality,0.8
fault_injector_abnormality_1,2933,1789814898.1580129,2275.5,119.33,533.03,2.81,97.23,0.029,6.88,14.14,14.4,30.0,0.0,25.0,injector_abnormality,0.8
fault_injector_abnormality_1,2934,1789814899.1580129,2276.7,119.36,533.35,2.8,97.22,0.0434,6.74,14.03,13.88,30.0,0.0,25.0,injector_abnormality,0.8
fault_injector_abnormality_1,2935,1789814900.1580129,2255.1,119.39,531.15,2.8,97.33,0.0382,6.64,14.03,14.0,30.0,0.0,25.0,injector_abnormality,0.8
fault_injector_abnormality_1,2936,1789814901.1580129,2271.6,119.36,531.09,2.8,97.31,0.0328,6.65,14.16,14.08,30.0,0.0,25.0,injector_abnormality,0.8
fault_injector_abnormality_1,2937,1789814902.1580129,2288.1,119.29,529.67,2.79,97.24,0.0367,6.62,14.21,14.27,30.0,0.0,25.0,injector_abnormality,0.8
fault_injector_abnormality_1,2938,1789814903.1580129,2287.2,119.3,531.79,2.85,97.12,0.0362,6.66,14.2,14.19,30.0,0.0,25.0,injector_abnormality,0.8
fault_injector_abnormality_1,2939,1789814904.1580129,2291.4,119.03,530.04,2.92,96.99,0.029,6.75,14.1,14.13,30.0,0.0,25.0,injector_abnormality,0.8
fault_injector_abnormality_1,2940,1789814905.1580129,2304.1,118.68,526.75,2.84,97.0,0.035,6.72,14.08,14.12,30.0,0.0,25.0,injector_abnormality,0.8
fault_injector_abnormality_1,2941,1789814906.1580129,2300.9,118.85,527.95,2.89,97.18,0.0388,6.87,14.0,14.27,30.0,0.0,25.0,injector_abnormality,0.8
fault_injector_abnormality_1,2942,1789814907.1580129,2286.9,118.7,528.39,2.91,97.15,0.0442,6.9,13.98,14.38,30.0,0.0,25.0,injector_abnormality,0.8
fault_injector_abnormality_1,2943,1789814908.1580129,2284.0,118.68,533.12,2.96,97.07,0.0475,6.88,14.04,14.29,30.0,0.0,25.0,injector_abnormality,0.8
fault_injector_abnormality_1,2944,1789814909.1580129,2285.5,118.65,534.66,2.87,96.8,0.034,6.88,13.98,14.25,30.0,0.0,25.0,injector_abnormality,0.8
fault_injector_abnormality_1,2945,1789814910.1580129,2299.8,118.37,538.7,2.97,96.86,0.042,6.99,14.0,14.5,30.0,0.0,25.0,injector_abnormality,0.8
fault_injector_abnormality_1,2946,1789814911.1580129,2272.1,118.26,540.11,3.01,97.15,0.0453,6.97,14.05,14.23,30.0,0.0,25.0,injector_abnormality,0.8
fault_injector_abnormality_1,2947,1789814912.1580129,2277.2,118.33,544.1,2.95,97.06,0.051,6.97,14.04,14.03,30.0,0.0,25.0,injector_abnormality,0.8
fault_injector_abnormality_1,2948,1789814913.1580129,2295.7,118.2,543.09,3.0,97.04,0.0469,7.04,14.05,14.45,30.0,0.0,25.0,injector_abnormality,0.8
fault_injector_abnormality_1,2949,1789814914.1580129,2289.3,117.98,539.55,3.05,96.92,0.042,7.02,13.93,14.27,30.0,0.0,25.0,injector_abnormality,0.8
fault_injector_abnormality_1,2950,1789814915.1580129,2294.5,118.15,539.45,3.07,96.91,0.0439,6.98,13.94,14.3,30.0,0.0,25.0,injector_abnormality,0.8
fault_injector_abnormality_1,2951,1789814916.1580129,2286.9,118.57,536.06,3.01,96.94,0.0472,6.84,13.93,13.97,30.0,0.0,25.0,injector_abnormality,0.8
fault_injector_abnormality_1,2952,1789814917.1580129,2286.9,118.51,534.92,3.02,96.9,0.0455,6.85,13.91,14.28,30.0,0.0,25.0,injector_abnormality,0.8
fault_injector_abnormality_1,2953,1789814918.1580129,2293.0,118.26,533.18,2.97,97.1,0.0524,6.94,13.9,14.1,30.0,0.0,25.0,injector_abnormality,0.8
fault_injector_abnormality_1,2954,1789814919.1580129,2276.7,118.29,540.32,2.99,97.17,0.0382,6.94,13.86,14.7,30.0,0.0,25.0,injector_abnormality,0.8
fault_injector_abnormality_1,2955,1789814920.1580129,2256.3,117.89,537.93,2.94,97.25,0.0447,6.88,13.83,14.7,30.0,0.0,25.0,injector_abnormality,0.8
fault_injector_abnormality_1,2956,1789814921.1580129,2259.8,118.32,536.06,2.91,97.26,0.0508,6.89,13.89,14.42,30.0,0.0,25.0,injector_abnormality,0.8
fault_injector_abnormality_1,2957,1789814922.1580129,2252.4,118.35,536.65,2.87,97.29,0.0504,6.81,13.94,14.17,30.0,0.0,25.0,injector_abnormality,0.8
fault_injector_abnormality_1,2958,1789814923.1580129,2240.8,118.24,537.89,2.86,97.39,0.0457,6.82,13.93,14.35,30.0,0.0,25.0,injector_abnormality,0.8
fault_injector_abnormality_1,2959,1789814924.1580129,2240.2,118.13,540.0,2.81,97.24,0.0487,6.87,13.98,14.37,30.0,0.0,25.0,injector_abnormality,0.8
fault_injector_abnormality_1,2960,1789814925.1580129,2274.5,118.04,539.02,2.87,97.25,0.039,6.87,14.02,14.35,30.0,0.0,25.0,injector_abnormality,0.8
fault_injector_abnormality_1,2961,1789814926.1580129,2265.5,118.13,538.56,2.89,97.25,0.0352,6.71,14.16,14.45,30.0,0.0,25.0,injector_abnormality,0.8
fault_injector_abnormality_1,2962,1789814927.1580129,2256.2,118.17,535.85,2.86,97.3,0.0357,6.69,14.08,14.45,30.0,0.0,25.0,injector_abnormality,0.8
fault_injector_abnormality_1,2963,1789814928.1580129,2258.3,118.37,536.45,2.9,97.4,0.0406,6.62,14.11,14.57,30.0,0.0,25.0,injector_abnormality,0.8
fault_injector_abnormality_1,2964,1789814929.1580129,2283.8,118.11,535.15,2.91,97.59,0.032,6.68,14.13,14.59,30.0,0.0,25.0,injector_abnormality,0.8
fault_injector_abnormality_1,2965,1789814930.1580129,2288.4,118.19,535.87,2.89,97.59,0.0378,6.76,14.11,14.76,30.0,0.0,25.0,injector_abnormality,0.8
fault_injector_abnormality_1,2966,1789814931.1580129,2298.2,118.31,537.51,2.93,97.66,0.0375,6.69,14.14,14.57,30.0,0.0,25.0,injector_abnormality,0.8
fault_injector_abnormality_1,2967,1789814932.1580129,2285.0,118.32,533.35,3.03,97.74,0.0487,6.73,14.2,14.45,30.0,0.0,25.0,injector_abnormality,0.8
fault_injector_abnormality_1,2968,1789814933.1580129,2299.1,118.22,532.49,3.0,97.85,0.0391,6.71,14.2,14.2,30.0,0.0,25.0,injector_abnormality,0.8
fault_injector_abnormality_1,2969,1789814934.1580129,2303.4,118.47,533.09,2.97,97.84,0.0361,6.7,14.25,14.19,30.0,0.0,25.0,injector_abnormality,0.8
fault_injector_abnormality_1,2970,1789814935.1580129,2287.9,118.33,533.57,3.0,97.82,0.0396,6.76,14.14,14.17,30.0,0.0,25.0,injector_abnormality,0.8
fault_injector_abnormality_1,2971,1789814936.1580129,2279.2,118.21,535.16,3.06,97.59,0.0329,6.73,14.16,14.21,30.0,0.0,25.0,injector_abnormality,0.8
fault_injector_abnormality_1,2972,1789814937.1580129,2290.3,118.38,540.86,2.94,97.65,0.0368,6.64,14.15,14.32,30.0,0.0,25.0,injector_abnormality,0.8
fault_injector_abnormality_1,2973,1789814938.1580129,2284.3,118.39,536.69,3.0,97.61,0.0353,6.67,14.19,14.69,30.0,0.0,25.0,injector_abnormality,0.8
fault_injector_abnormality_1,2974,1789814939.1580129,2274.0,118.2,542.64,2.94,97.41,0.034,6.68,14.19,14.42,30.0,0.0,25.0,injector_abnormality,0.8
fault_injector_abnormality_1,2975,1789814940.1580129,2249.4,118.0,544.27,2.9,97.47,0.023,6.72,14.21,14.68,30.0,0.0,25.0,injector_abnormality,0.8
fault_injector_abnormality_1,2976,1789814941.1580129,2262.5,117.96,535.66,2.87,97.49,0.0365,6.81,14.25,14.91,30.0,0.0,25.0,injector_abnormality,0.8
fault_injector_abnormality_1,2977,1789814942.1580129,2254.3,118.05,536.12,2.88,97.49,0.0284,6.81,14.26,14.73,30.0,0.0,25.0,injector_abnormality,0.8
fault_injector_abnormality_1,2978,1789814943.1580129,2268.8,118.05,534.38,2.91,97.36,0.0334,6.77,14.2,14.99,30.0,0.0,25.0,injector_abnormality,0.8
fault_injector_abnormality_1,2979,1789814944.1580129,2281.7,118.33,532.97,2.88,97.43,0.0373,6.75,14.19,14.51,30.0,0.0,25.0,injector_abnormality,0.8
fault_injector_abnormality_1,2980,1789814945.1580129,2260.9,118.26,529.06,2.98,97.35,0.0303,6.68,14.15,14.47,30.0,0.0,25.0,injector_abnormality,0.8
fault_injector_abnormality_1,2981,1789814946.1580129,2262.6,118.25,531.45,2.83,97.24,0.0311,6.7,14.09,14.58,30.0,0.0,25.0,injector_abnormality,0.8
fault_injector_abnormality_1,2982,1789814947.1580129,2269.8,118.11,532.89,2.81,97.07,0.0313,6.56,14.13,14.77,30.0,0.0,25.0,injector_abnormality,0.8
fault_injector_abnormality_1,2983,1789814948.1580129,2297.0,118.16,531.51,2.85,97.05,0.0227,6.64,14.11,14.67,30.0,0.0,25.0,injector_abnormality,0.8
fault_injector_abnormality_1,2984,1789814949.1580129,2306.7,118.34,531.52,2.87,97.12,0.0248,6.61,14.13,14.54,30.0,0.0,25.0,injector_abnormality,0.8
fault_injector_abnormality_1,2985,1789814950.1580129,2277.7,117.9,530.45,2.91,97.23,0.031,6.68,14.11,14.25,30.0,0.0,25.0,injector_abnormality,0.8
fault_injector_abnormality_1,2986,1789814951.1580129,2277.8,117.89,529.02,2.85,97.18,0.0469,6.74,14.23,14.29,30.0,0.0,25.0,injector_abnormality,0.8
fault_injector_abnormality_1,2987,1789814952.1580129,2290.7,118.13,528.92,2.84,96.97,0.0341,6.87,14.17,14.01,30.0,0.0,25.0,injector_abnormality,0.8
fault_injector_abnormality_1,2988,1789814953.1580129,2288.2,117.92,531.77,2.8,97.06,0.0271,6.74,14.23,14.08,30.0,0.0,25.0,injector_abnormality,0.8
fault_injector_abnormality_1,2989,1789814954.1580129,2307.3,118.05,531.63,2.85,96.99,0.0391,6.66,14.26,14.43,30.0,0.0,25.0,injector_abnormality,0.8
fault_injector_abnormality_1,2990,1789814955.1580129,2296.5,117.79,535.12,2.91,97.0,0.0397,6.68,14.28,14.44,30.0,0.0,25.0,injector_abnormality,0.8
fault_injector_abnormality_1,2991,1789814956.1580129,2321.1,118.22,535.02,2.9,96.95,0.0343,6.73,14.25,14.32,30.0,0.0,25.0,injector_abnormality,0.8
fault_injector_abnormality_1,2992,1789814957.1580129,2318.8,118.27,538.81,2.94,96.86,0.04,6.72,14.28,14.18,30.0,0.0,25.0,injector_abnormality,0.8
fault_injector_abnormality_1,2993,1789814958.1580129,2313.6,118.58,535.5,2.95,96.65,0.0422,6.76,14.28,14.12,30.0,0.0,25.0,injector_abnormality,0.8
fault_injector_abnormality_1,2994,1789814959.1580129,2298.7,118.2,536.86,2.95,96.77,0.0479,6.73,14.19,14.28,30.0,0.0,25.0,injector_abnormality,0.8
fault_injector_abnormality_1,2995,1789814960.1580129,2290.0,117.96,542.51,3.01,96.83,0.0352,6.74,14.16,14.35,30.0,0.0,25.0,injector_abnormality,0.8
fault_injector_abnormality_1,2996,1789814961.1580129,2284.8,117.64,541.3,2.99,96.99,0.0379,6.74,14.13,14.6,30.0,0.0,25.0,injector_abnormality,0.8
fault_injector_abnormality_1,2997,1789814962.1580129,2270.6,117.52,540.29,2.88,97.04,0.0291,6.79,14.05,14.68,30.0,0.0,25.0,injector_abnormality,0.8
fault_injector_abnormality_1,2998,1789814963.1580129,2275.6,117.63,539.44,2.9,97.15,0.0435,6.81,14.03,14.6,30.0,0.0,25.0,injector_abnormality,0.8
fault_injector_abnormality_1,2999,1789814964.1580129,2248.7,117.5,532.84,2.84,97.22,0.0365,6.93,13.98,14.51,30.0,0.0,25.0,injector_abnormality,0.8
fault_injector_abnormality_1,3000,1789814965.1580129,1884.0,117.62,520.59,2.5,97.2,0.0286,5.56,13.95,12.89,10.0,0.0,25.0,injector_abnormality,0.8
fault_injector_abnormality_1,3001,1789814966.1580129,1677.8,117.57,509.08,2.37,97.06,0.0305,4.98,14.03,12.39,10.0,0.0,25.0,injector_abnormality,0.8
fault_injector_abnormality_1,3002,1789814967.1580129,1596.3,117.5,497.72,2.22,97.11,0.038,4.7,13.8,11.86,10.0,0.0,25.0,injector_abnormality,0.8
fault_injector_abnormality_1,3003,1789814968.1580129,1566.9,117.11,491.55,2.21,97.16,0.0315,4.44,13.8,11.56,10.0,0.0,25.0,injector_abnormality,0.8
fault_injector_abnormality_1,3004,1789814969.1580129,1551.3,116.84,485.55,2.1,97.14,0.0274,4.36,13.69,11.49,10.0,0.0,25.0,injector_abnormality,0.8
fault_injector_abnormality_1,3005,1789814970.1580129,1537.5,116.65,482.2,2.11,97.15,0.0289,4.47,13.69,11.65,10.0,0.0,25.0,injector_abnormality,0.8
fault_injector_abnormality_1,3006,1789814971.1580129,1532.7,116.32,480.4,2.18,97.09,0.0291,4.45,13.72,11.71,10.0,0.0,25.0,injector_abnormality,0.8
fault_injector_abnormality_1,3007,1789814972.1580129,1510.7,116.07,477.52,2.19,97.08,0.0263,4.43,13.61,11.43,10.0,0.0,25.0,injector_abnormality,0.8
fault_injector_abnormality_1,3008,1789814973.1580129,1499.7,115.85,474.89,2.11,97.02,0.03,4.41,13.62,11.43,10.0,0.0,25.0,injector_abnormality,0.8
fault_injector_abnormality_1,3009,1789814974.1580129,1539.6,115.67,476.85,2.14,96.74,0.0292,4.46,13.67,11.41,10.0,0.0,25.0,injector_abnormality,0.8
fault_injector_abnormality_1,3010,1789814975.1580129,1543.9,115.45,476.41,2.21,96.71,0.0244,4.33,13.66,11.4,10.0,0.0,25.0,injector_abnormality,0.8
fault_injector_abnormality_1,3011,1789814976.1580129,1541.1,115.57,475.64,2.27,96.74,0.0186,4.26,13.68,11.61,10.0,0.0,25.0,injector_abnormality,0.8
fault_injector_abnormality_1,3012,1789814977.1580129,1545.8,115.31,476.59,2.16,96.73,0.0219,4.3,13.68,11.26,10.0,0.0,25.0,injector_abnormality,0.8
fault_injector_abnormality_1,3013,1789814978.1580129,1576.1,115.0,478.26,2.25,96.82,0.031,4.26,13.7,11.57,10.0,0.0,25.0,injector_abnormality,0.8
fault_injector_abnormality_1,3014,1789814979.1580129,1544.8,114.38,474.52,2.27,96.9,0.0255,4.31,13.68,11.55,10.0,0.0,25.0,injector_abnormality,0.8
fault_injector_abnormality_1,3015,1789814980.1580129,1541.1,114.32,474.88,2.14,96.98,0.0339,4.39,13.61,11.41,10.0,0.0,25.0,injector_abnormality,0.8
fault_injector_abnormality_1,3016,1789814981.1580129,1545.6,114.13,475.01,2.18,96.88,0.0335,4.34,13.64,11.53,10.0,0.0,25.0,injector_abnormality,0.8
fault_injector_abnormality_1,3017,1789814982.1580129,1536.8,114.27,468.82,2.2,96.78,0.0326,4.52,13.71,11.37,10.0,0.0,25.0,injector_abnormality,0.8
fault_injector_abnormality_1,3018,1789814983.1580129,1544.3,114.38,465.85,2.22,96.64,0.0318,4.5,13.68,10.88,10.0,0.0,25.0,injector_abnormality,0.8
fault_injector_abnormality_1,3019,1789814984.1580129,1529.8,114.01,461.9,2.23,96.75,0.0263,4.5,13.69,11.32,10.0,0.0,25.0,injector_abnormality,0.8
fault_injector_abnormality_1,3020,1789814985.1580129,1527.6,114.15,462.38,2.14,96.68,0.0309,4.51,13.8,11.13,10.0,0.0,25.0,injector_abnormality,0.8
fault_injector_abnormality_1,3021,1789814986.1580129,1535.4,113.92,463.04,2.17,96.75,0.0304,4.44,13.76,11.31,10.0,0.0,25.0,injector_abnormality,0.8
fault_injector_abnormality_1,3022,1789814987.1580129,1522.0,113.58,462.31,2.16,96.69,0.0248,4.43,13.82,11.49,10.0,0.0,25.0,injector_abnormality,0.8
fault_injector_abnormality_1,3023,1789814988.1580129,1509.6,113.37,460.26,2.1,96.63,0.0254,4.47,13.79,11.44,10.0,0.0,25.0,injector_abnormality,0.8
fault_injector_abnormality_1,3024,1789814989.1580129,1518.0,113.12,465.66,2.15,96.58,0.0254,4.49,13.8,11.2,10.0,0.0,25.0,injector_abnormality,0.8
fault_injector_abnormality_1,3025,1789814990.1580129,1513.7,113.09,464.76,2.24,96.52,0.0291,4.41,13.77,11.02,10.0,0.0,25.0,injector_abnormality,0.8
fault_injector_abnormality_1,3026,1789814991.1580129,1532.9,112.81,466.08,2.31,96.6,0.0153,4.39,13.74,11.13,10.0,0.0,25.0,injector_abnormality,0.8
fault_injector_abnormality_1,3027,1789814992.1580129,1553.8,112.82,463.94,2.3,96.45,0.0146,4.45,13.69,11.5,10.0,0.0,25.0,injector_abnormality,0.8
fault_injector_abnormality_1,3028,1789814993.1580129,1569.5,112.68,460.68,2.24,96.38,0.0171,4.38,13.71,11.12,10.0,0.0,25.0,injector_abnormality,0.8
fault_injector_abnormality_1,3029,1789814994.1580129,1533.9,112.41,458.54,2.27,96.38,0.0223,4.26,13.75,11.47,10.0,0.0,25.0,injector_abnormality,0.8
fault_injector_abnormality_1,3030,1789814995.1580129,1540.7,112.29,458.81,2.23,96.39,0.0323,4.33,13.8,11.34,10.0,0.0,25.0,injector_abnormality,0.8
fault_injector_abnormality_1,3031,1789814996.1580129,1517.3,112.03,464.67,2.13,96.32,0.0225,4.31,13.8,11.37,10.0,0.0,25.0,injector_abnormality,0.8
fault_injector_abnormality_1,3032,1789814997.1580129,1518.2,111.71,461.38,2.16,96.23,0.0222,4.3,13.87,11.24,10.0,0.0,25.0,injector_abnormality,0.8
fault_injector_abnormality_1,3033,1789814998.1580129,1530.8,111.59,462.58,2.11,96.35,0.0289,4.26,13.84,11.1,10.0,0.0,25.0,injector_abnormality,0.8
fault_injector_abnormality_1,3034,1789814999.1580129,1527.3,111.9,466.76,2.1,96.41,0.0265,4.18,13.92,11.2,10.0,0.0,25.0,injector_abnormality,0.8
fault_injector_abnormality_1,3035,1789815000.1580129,1528.9,111.86,464.97,2.14,96.24,0.0244,4.1,13.91,11.31,10.0,0.0,25.0,injector_abnormality,0.8
fault_injector_abnormality_1,3036,1789815001.1580129,1548.1,111.89,463.73,2.23,96.13,0.0273,4.09,13.87,11.52,10.0,0.0,25.0,injector_abnormality,0.8
fault_injector_abnormality_1,3037,1789815002.1580129,1536.2,112.02,461.14,2.2,96.09,0.0244,4.13,13.92,11.5,10.0,0.0,25.0,injector_abnormality,0.8
fault_injector_abnormality_1,3038,1789815003.1580129,1544.1,112.04,467.91,2.14,95.87,0.0214,4.21,13.92,11.47,10.0,0.0,25.0,injector_abnormality,0.8
fault_injector_abnormality_1,3039,1789815004.1580129,1571.1,112.0,463.47,2.21,95.89,0.022,4.2,13.87,11.24,10.0,0.0,25.0,injector_abnormality,0.8
fault_injector_abnormality_1,3040,1789815005.1580129,1560.9,112.23,462.53,2.23,95.76,0.0218,4.35,13.79,11.47,10.0,0.0,25.0,injector_abnormality,0.8
fault_injector_abnormality_1,3041,1789815006.1580129,1560.8,111.87,461.31,2.26,95.71,0.0185,4.33,13.77,11.5,10.0,0.0,25.0,injector_abnormality,0.8
fault_injector_abnormality_1,3042,1789815007.1580129,1556.5,111.71,462.51,2.24,95.71,0.0157,4.26,13.8,11.42,10.0,0.0,25.0,injector_abnormality,0.8
fault_injector_abnormality_1,3043,1789815008.1580129,1545.0,111.77,462.3,2.13,95.63,0.0314,4.18,13.75,11.54,10.0,0.0,25.0,injector_abnormality,0.8
fault_injector_abnormality_1,3044,1789815009.1580129,1525.4,112.4,464.12,2.16,95.63,0.0332,4.11,13.77,11.18,10.0,0.0,25.0,injector_abnormality,0.8
fault_injector_abnormality_1,3045,1789815010.1580129,1556.6,112.72,465.01,2.24,95.48,0.0348,4.11,13.73,11.06,10.0,0.0,25.0,injector_abnormality,0.8
fault_injector_abnormality_1,3046,1789815011.1580129,1564.4,112.33,469.11,2.18,95.49,0.0371,4.18,13.7,11.53,10.0,0.0,25.0,injector_abnormality,0.8
fault_injector_abnormality_1,3047,1789815012.1580129,1538.3,112.21,465.55,2.2,95.56,0.03,4.19,13.82,11.39,10.0,0.0,25.0,injector_abnormality,0.8
fault_injector_abnormality_1,3048,1789815013.1580129,1547.0,112.13,458.91,2.24,95.45,0.0366,4.19,13.79,11.28,10.0,0.0,25.0,injector_abnormality,0.8
fault_injector_abnormality_1,3049,1789815014.1580129,1543.6,111.87,456.43,2.38,95.5,0.0306,4.18,13.82,10.84,10.0,0.0,25.0,injector_abnormality,0.8
fault_injector_abnormality_1,3050,1789815015.1580129,1556.5,111.82,463.77,2.34,95.57,0.0301,4.21,13.77,11.31,10.0,0.0,25.0,injector_abnormality,0.8
fault_injector_abnormality_1,3051,1789815016.1580129,1574.9,111.77,463.7,2.27,95.81,0.0305,4.16,13.71,11.22,10.0,0.0,25.0,injector_abnormality,0.8
fault_injector_abnormality_1,3052,1789815017.1580129,1555.3,111.84,463.34,2.29,96.03,0.0317,4.28,13.73,10.86,10.0,0.0,25.0,injector_abnormality,0.8
fault_injector_abnormality_1,3053,1789815018.1580129,1544.2,111.69,460.42,2.2,95.98,0.0314,4.35,13.8,11.02,10.0,0.0,25.0,injector_abnormality,0.8
fault_injector_abnormality_1,3054,1789815019.1580129,1538.6,111.92,461.98,2.23,95.9,0.0253,4.26,13.85,11.45,10.0,0.0,25.0,injector_abnormality,0.8
fault_injector_abnormality_1,3055,1789815020.1580129,1527.4,111.91,460.46,2.26,95.98,0.0258,4.26,13.86,11.42,10.0,0.0,25.0,injector_abnormality,0.8
fault_injector_abnormality_1,3056,1789815021.1580129,1524.0,112.12,460.28,2.19,95.87,0.032,4.25,13.82,11.27,10.0,0.0,25.0,injector_abnormality,0.8
fault_injector_abnormality_1,3057,1789815022.1580129,1526.5,111.68,463.64,2.19,95.78,0.0252,4.22,13.82,11.17,10.0,0.0,25.0,injector_abnormality,0.8
fault_injector_abnormality_1,3058,1789815023.1580129,1510.4,111.79,470.12,2.2,95.83,0.0283,4.31,13.8,11.3,10.0,0.0,25.0,injector_abnormality,0.8
fault_injector_abnormality_1,3059,1789815024.1580129,1526.9,111.77,467.05,2.23,95.75,0.0253,4.33,13.75,11.6,10.0,0.0,25.0,injector_abnormality,0.8
fault_injector_abnormality_1,3060,1789815025.1580129,1515.9,111.87,467.34,2.24,95.82,0.0306,4.39,13.75,11.57,10.0,0.0,25.0,injector_abnormality,0.8
fault_injector_abnormality_1,3061,1789815026.1580129,1534.1,111.95,471.84,2.29,95.92,0.0278,4.44,13.69,11.78,10.0,0.0,25.0,injector_abnormality,0.8
fault_injector_abnormality_1,3062,1789815027.1580129,1531.8,111.8,471.34,2.34,95.9,0.0228,4.52,13.63,11.21,10.0,0.0,25.0,injector_abnormality,0.8
fault_injector_abnormality_1,3063,1789815028.1580129,1520.8,112.08,474.59,2.38,96.02,0.0182,4.38,13.5,11.33,10.0,0.0,25.0,injector_abnormality,0.8
fault_injector_abnormality_1,3064,1789815029.1580129,1531.5,112.2,472.95,2.35,95.88,0.0254,4.48,13.58,11.24,10.0,0.0,25.0,injector_abnormality,0.8
fault_injector_abnormality_1,3065,1789815030.1580129,1568.0,112.12,473.72,2.3,95.91,0.0186,4.43,13.54,11.15,10.0,0.0,25.0,injector_abnormality,0.8
fault_injector_abnormality_1,3066,1789815031.1580129,1558.3,112.15,472.03,2.29,95.96,0.0214,4.53,13.5,11.09,10.0,0.0,25.0,injector_abnormality,0.8
fault_injector_abnormality_1,3067,1789815032.1580129,1527.8,112.04,474.48,2.26,95.72,0.0175,4.64,13.52,10.8,10.0,0.0,25.0,injector_abnormality,0.8
fault_injector_abnormality_1,3068,1789815033.1580129,1538.5,112.04,475.88,2.27,95.74,0.0275,4.66,13.61,11.41,10.0,0.0,25.0,injector_abnormality,0.8
fault_injector_abnormality_1,3069,1789815034.1580129,1543.1,111.96,475.27,2.21,95.7,0.0269,4.56,13.64,11.68,10.0,0.0,25.0,injector_abnormality,0.8
fault_injector_abnormality_1,3070,1789815035.1580129,1556.9,112.33,475.16,2.13,95.45,0.0328,4.6,13.62,11.57,10.0,0.0,25.0,injector_abnormality,0.8
fault_injector_abnormality_1,3071,1789815036.1580129,1552.7,112.3,476.06,2.11,95.42,0.0327,4.53,13.74,11.63,10.0,0.0,25.0,injector_abnormality,0.8
fault_injector_abnormality_1,3072,1789815037.1580129,1571.0,112.19,477.71,2.14,95.5,0.0293,4.62,13.67,11.37,10.0,0.0,25.0,injector_abnormality,0.8
fault_injector_abnormality_1,3073,1789815038.1580129,1575.2,112.24,475.98,2.11,95.55,0.0347,4.63,13.69,11.06,10.0,0.0,25.0,injector_abnormality,0.8
fault_injector_abnormality_1,3074,1789815039.1580129,1576.0,112.26,476.27,2.13,95.63,0.0321,4.54,13.6,11.31,10.0,0.0,25.0,injector_abnormality,0.8
fault_injector_abnormality_1,3075,1789815040.1580129,1551.4,111.97,475.91,2.14,95.46,0.034,4.56,13.55,11.4,10.0,0.0,25.0,injector_abnormality,0.8
fault_injector_abnormality_1,3076,1789815041.1580129,1565.4,111.88,478.34,2.14,95.47,0.0259,4.46,13.58,11.08,10.0,0.0,25.0,injector_abnormality,0.8
fault_injector_abnormality_1,3077,1789815042.1580129,1567.4,111.68,481.65,2.22,95.63,0.0306,4.41,13.65,11.54,10.0,0.0,25.0,injector_abnormality,0.8
fault_injector_abnormality_1,3078,1789815043.1580129,1560.0,111.83,477.61,2.28,95.6,0.0371,4.39,13.63,11.46,10.0,0.0,25.0,injector_abnormality,0.8
fault_injector_abnormality_1,3079,1789815044.1580129,1562.5,111.43,478.42,2.28,95.57,0.0299,4.37,13.61,11.35,10.0,0.0,25.0,injector_abnormality,0.8
fault_injector_abnormality_1,3080,1789815045.1580129,1562.5,111.46,482.65,2.29,95.57,0.0266,4.47,13.64,11.32,10.0,0.0,25.0,injector_abnormality,0.8
fault_injector_abnormality_1,3081,1789815046.1580129,1571.8,111.66,478.88,2.3,95.49,0.0272,4.48,13.63,11.21,10.0,0.0,25.0,injector_abnormality,0.8
fault_injector_abnormality_1,3082,1789815047.1580129,1562.9,111.52,479.11,2.3,95.28,0.0312,4.59,13.63,11.65,10.0,0.0,25.0,injector_abnormality,0.8
fault_injector_abnormality_1,3083,1789815048.1580129,1571.1,111.44,478.33,2.29,95.56,0.0345,4.56,13.58,11.38,10.0,0.0,25.0,injector_abnormality,0.8
fault_injector_abnormality_1,3084,1789815049.1580129,1554.8,111.54,475.69,2.26,95.68,0.0305,4.58,13.54,11.37,10.0,0.0,25.0,injector_abnormality,0.8
fault_injector_abnormality_1,3085,1789815050.1580129,1528.8,111.88,472.84,2.27,95.72,0.0304,4.41,13.58,11.57,10.0,0.0,25.0,injector_abnormality,0.8
fault_injector_abnormality_1,3086,1789815051.1580129,1523.7,112.07,473.84,2.29,95.76,0.0308,4.37,13.67,11.38,10.0,0.0,25.0,injector_abnormality,0.8
fault_injector_abnormality_1,3087,1789815052.1580129,1534.3,111.6,473.75,2.28,95.63,0.0244,4.41,13.73,11.25,10.0,0.0,25.0,injector_abnormality,0.8
fault_injector_abnormality_1,3088,1789815053.1580129,1540.5,111.72,470.26,2.32,95.57,0.0306,4.45,13.76,11.28,10.0,0.0,25.0,injector_abnormality,0.8
fault_injector_abnormality_1,3089,1789815054.1580129,1547.3,111.78,474.27,2.22,95.54,0.021,4.45,13.72,11.29,10.0,0.0,25.0,injector_abnormality,0.8
fault_injector_abnormality_1,3090,1789815055.1580129,1551.0,111.98,473.71,2.23,95.58,0.0246,4.42,13.76,11.34,10.0,0.0,25.0,injector_abnormality,0.8
fault_injector_abnormality_1,3091,1789815056.1580129,1548.5,111.81,472.45,2.31,95.43,0.0302,4.43,13.71,11.23,10.0,0.0,25.0,injector_abnormality,0.8
fault_injector_abnormality_1,3092,1789815057.1580129,1571.7,111.99,477.66,2.25,95.48,0.0248,4.46,13.73,11.33,10.0,0.0,25.0,injector_abnormality,0.8
fault_injector_abnormality_1,3093,1789815058.1580129,1572.5,112.11,476.92,2.23,95.52,0.0243,4.43,13.71,11.5,10.0,0.0,25.0,injector_abnormality,0.8
fault_injector_abnormality_1,3094,1789815059.1580129,1581.4,111.99,471.3,2.23,95.47,0.0265,4.41,13.77,11.26,10.0,0.0,25.0,injector_abnormality,0.8
fault_injector_abnormality_1,3095,1789815060.1580129,1573.5,112.24,467.26,2.28,95.41,0.0279,4.47,13.79,10.6,10.0,0.0,25.0,injector_abnormality,0.8
fault_injector_abnormality_1,3096,1789815061.1580129,1538.5,111.99,466.99,2.3,95.31,0.0222,4.6,13.74,11.1,10.0,0.0,25.0,injector_abnormality,0.8
fault_injector_abnormality_1,3097,1789815062.1580129,1529.4,111.92,467.32,2.26,95.28,0.0267,4.45,13.79,11.02,10.0,0.0,25.0,injector_abnormality,0.8
fault_injector_abnormality_1,3098,1789815063.1580129,1556.9,111.76,469.57,2.3,95.21,0.021,4.47,13.73,11.31,10.0,0.0,25.0,injector_abnormality,0.8
fault_injector_abnormality_1,3099,1789815064.1580129,1537.7,112.17,467.11,2.28,95.16,0.0311,4.41,13.72,11.19,10.0,0.0,25.0,injector_abnormality,0.8
fault_injector_abnormality_1,3100,1789815065.1580129,1545.0,112.37,466.11,2.28,95.17,0.0329,4.37,13.73,11.34,10.0,0.0,25.0,injector_abnormality,0.8
fault_injector_abnormality_1,3101,1789815066.1580129,1543.2,112.45,466.22,2.2,95.07,0.0341,4.37,13.82,11.51,10.0,0.0,25.0,injector_abnormality,0.8
fault_injector_abnormality_1,3102,1789815067.1580129,1531.4,111.85,467.07,2.18,95.2,0.0313,4.41,13.82,11.74,10.0,0.0,25.0,injector_abnormality,0.8
fault_injector_abnormality_1,3103,1789815068.1580129,1547.3,111.74,466.18,2.28,95.29,0.0264,4.28,13.77,11.68,10.0,0.0,25.0,injector_abnormality,0.8
fault_injector_abnormality_1,3104,1789815069.1580129,1539.9,111.57,466.37,2.21,95.1,0.0366,4.18,13.79,11.64,10.0,0.0,25.0,injector_abnormality,0.8
fault_injector_abnormality_1,3105,1789815070.1580129,1535.9,111.77,464.11,2.17,94.93,0.0376,4.18,13.83,11.6,10.0,0.0,25.0,injector_abnormality,0.8
fault_injector_abnormality_1,3106,1789815071.1580129,1531.7,111.71,464.92,2.3,95.0,0.0276,4.14,13.84,11.54,10.0,0.0,25.0,injector_abnormality,0.8
fault_injector_abnormality_1,3107,1789815072.1580129,1538.7,111.53,471.73,2.31,94.82,0.0268,4.12,13.81,10.92,10.0,0.0,25.0,injector_abnormality,0.8
fault_injector_abnormality_1,3108,1789815073.1580129,1515.9,111.66,469.83,2.31,94.74,0.026,4.28,13.77,10.94,10.0,0.0,25.0,injector_abnormality,0.8
fault_injector_abnormality_1,3109,1789815074.1580129,1530.1,111.83,474.06,2.17,94.63,0.0218,4.26,13.82,11.08,10.0,0.0,25.0,injector_abnormality,0.8
fault_injector_abnormality_1,3110,1789815075.1580129,1543.6,111.54,470.77,2.23,94.44,0.0306,4.24,13.86,10.96,10.0,0.0,25.0,injector_abnormality,0.8
fault_injector_abnormality_1,3111,1789815076.1580129,1549.1,111.65,472.18,2.27,94.37,0.0229,4.09,13.94,10.93,10.0,0.0,25.0,injector_abnormality,0.8
fault_injector_abnormality_1,3112,1789815077.1580129,1541.6,111.45,474.3,2.38,94.49,0.0258,4.12,13.86,11.02,10.0,0.0,25.0,injector_abnormality,0.8
fault_injector_abnormality_1,3113,1789815078.1580129,1542.8,111.55,471.3,2.39,94.47,0.0294,4.19,13.83,11.35,10.0,0.0,25.0,injector_abnormality,0.8
fault_injector_abnormality_1,3114,1789815079.1580129,1548.5,111.38,470.19,2.4,94.72,0.0266,4.2,13.78,11.7,10.0,0.0,25.0,injector_abnormality,0.8
fault_injector_abnormality_1,3115,1789815080.1580129,1559.5,111.36,469.31,2.36,94.9,0.0316,4.24,13.78,11.55,10.0,0.0,25.0,injector_abnormality,0.8
fault_injector_abnormality_1,3116,1789815081.1580129,1586.0,111.14,465.3,2.32,94.84,0.035,4.36,13.81,11.48,10.0,0.0,25.0,injector_abnormality,0.8
fault_injector_abnormality_1,3117,1789815082.1580129,1588.8,111.16,466.5,2.29,95.01,0.0277,4.35,13.85,11.48,10.0,0.0,25.0,injector_abnormality,0.8
fault_injector_abnormality_1,3118,1789815083.1580129,1600.9,111.04,472.25,2.32,95.0,0.031,4.4,13.97,11.42,10.0,0.0,25.0,injector_abnormality,0.8
fault_injector_abnormality_1,3119,1789815084.1580129,1565.7,111.29,474.09,2.32,95.06,0.0297,4.41,13.93,11.5,10.0,0.0,25.0,injector_abnormality,0.8
fault_injector_abnormality_1,3120,1789815085.1580129,1583.4,111.1,471.77,2.34,95.0,0.0273,4.46,13.82,11.35,10.0,0.0,25.0,injector_abnormality,0.8
fault_injector_abnormality_1,3121,1789815086.1580129,1579.6,110.85,465.2,2.32,94.94,0.0247,4.52,13.82,11.18,10.0,0.0,25.0,injector_abnormality,0.8
fault_injector_abnormality_1,3122,1789815087.1580129,1574.6,110.92,460.64,2.29,94.92,0.0259,4.5,13.81,11.25,10.0,0.0,25.0,injector_abnormality,0.8
fault_injector_abnormality_1,3123,1789815088.1580129,1561.3,110.84,462.85,2.31,94.89,0.0195,4.49,13.81,11.31,10.0,0.0,25.0,injector_abnormality,0.8
fault_injector_abnormality_1,3124,1789815089.1580129,1546.7,111.17,462.65,2.26,94.92,0.0233,4.57,13.82,11.37,10.0,0.0,25.0,injector_abnormality,0.8
fault_injector_abnormality_1,3125,1789815090.1580129,1520.7,111.21,462.41,2.24,94.73,0.0174,4.55,13.8,11.58,10.0,0.0,25.0,injector_abnormality,0.8
fault_injector_abnormality_1,3126,1789815091.1580129,1513.3,111.1,461.08,2.24,94.71,0.0222,4.53,13.82,11.38,10.0,0.0,25.0,injector_abnormality,0.8
fault_injector_abnormality_1,3127,1789815092.1580129,1518.7,111.26,456.88,2.29,94.78,0.0253,4.52,13.8,11.27,10.0,0.0,25.0,injector_abnormality,0.8
fault_injector_abnormality_1,3128,1789815093.1580129,1542.9,110.98,457.98,2.24,94.65,0.025,4.67,13.68,11.3,10.0,0.0,25.0,injector_abnormality,0.8
fault_injector_abnormality_1,3129,1789815094.1580129,1542.8,111.14,462.43,2.34,94.63,0.0251,4.63,13.68,11.5,10.0,0.0,25.0,injector_abnormality,0.8
fault_injector_abnormality_1,3130,1789815095.1580129,1542.2,111.11,464.3,2.29,94.76,0.0283,4.62,13.74,10.85,10.0,0.0,25.0,injector_abnormality,0.8
fault_injector_abnormality_1,3131,1789815096.1580129,1547.9,111.25,461.48,2.23,94.77,0.037,4.71,13.68,10.82,10.0,0.0,25.0,injector_abnormality,0.8
fault_injector_abnormality_1,3132,1789815097.1580129,1550.8,111.37,461.41,2.23,94.81,0.0367,4.74,13.74,11.28,10.0,0.0,25.0,injector_abnormality,0.8
fault_injector_abnormality_1,3133,1789815098.1580129,1531.7,111.05,465.37,2.31,94.99,0.0276,4.64,13.75,11.43,10.0,0.0,25.0,injector_abnormality,0.8
fault_injector_abnormality_1,3134,1789815099.1580129,1550.2,110.99,468.15,2.27,94.79,0.0301,4.57,13.78,11.19,10.0,0.0,25.0,injector_abnormality,0.8
fault_injector_abnormality_1,3135,1789815100.1580129,1561.1,111.17,467.38,2.26,94.78,0.0278,4.58,13.74,11.05,10.0,0.0,25.0,injector_abnormality,0.8
fault_injector_abnormality_1,3136,1789815101.1580129,1554.2,111.08,467.42,2.24,94.81,0.0269,4.45,13.81,11.63,10.0,0.0,25.0,injector_abnormality,0.8
fault_injector_abnormality_1,3137,1789815102.1580129,1530.9,111.08,465.97,2.19,94.88,0.0315,4.49,13.8,11.27,10.0,0.0,25.0,injector_abnormality,0.8
fault_injector_abnormality_1,3138,1789815103.1580129,1537.4,111.26,466.36,2.26,94.82,0.0272,4.49,13.81,11.59,10.0,0.0,25.0,injector_abnormality,0.8
fault_injector_abnormality_1,3139,1789815104.1580129,1536.4,111.46,469.7,2.26,94.76,0.0331,4.35,13.74,11.15,10.0,0.0,25.0,injector_abnormality,0.8
fault_injector_abnormality_1,3140,1789815105.1580129,1552.7,111.07,466.23,2.22,94.8,0.0335,4.49,13.73,11.38,10.0,0.0,25.0,injector_abnormality,0.8
fault_injector_abnormality_1,3141,1789815106.1580129,1562.1,111.18,468.66,2.23,94.85,0.0208,4.53,13.67,11.36,10.0,0.0,25.0,injector_abnormality,0.8
fault_injector_abnormality_1,3142,1789815107.1580129,1553.7,111.07,467.87,2.2,94.89,0.0241,4.58,13.71,11.36,10.0,0.0,25.0,injector_abnormality,0.8
fault_injector_abnormality_1,3143,1789815108.1580129,1548.5,111.31,467.07,2.26,94.84,0.0301,4.54,13.63,11.47,10.0,0.0,25.0,injector_abnormality,0.8
fault_injector_abnormality_1,3144,1789815109.1580129,1550.7,111.04,465.09,2.3,94.76,0.0295,4.52,13.69,11.69,10.0,0.0,25.0,injector_abnormality,0.8
fault_injector_abnormality_1,3145,1789815110.1580129,1576.6,111.4,462.08,2.23,94.7,0.0305,4.47,13.68,11.78,10.0,0.0,25.0,injector_abnormality,0.8
fault_injector_abnormality_1,3146,1789815111.1580129,1555.7,111.36,463.14,2.22,94.48,0.0406,4.45,13.64,11.54,10.0,0.0,25.0,injector_abnormality,0.8
fault_injector_abnormality_1,3147,1789815112.1580129,1536.4,111.57,465.15,2.27,94.46,0.0304,4.55,13.64,11.06,10.0,0.0,25.0,injector_abnormality,0.8
fault_injector_abnormality_1,3148,1789815113.1580129,1529.6,111.83,466.83,2.24,94.58,0.0317,4.5,13.62,10.97,10.0,0.0,25.0,injector_abnormality,0.8
fault_injector_abnormality_1,3149,1789815114.1580129,1543.5,111.47,467.12,2.28,94.53,0.0352,4.45,13.67,11.05,10.0,0.0,25.0,injector_abnormality,0.8
fault_injector_abnormality_1,3150,1789815115.1580129,1523.7,111.49,465.37,2.23,94.72,0.0293,4.36,13.7,11.51,10.0,0.0,25.0,injector_abnormality,0.8
fault_injector_abnormality_1,3151,1789815116.1580129,1541.1,111.13,468.28,2.29,94.62,0.0377,4.44,13.68,11.41,10.0,0.0,25.0,injector_abnormality,0.8
fault_injector_abnormality_1,3152,1789815117.1580129,1546.2,110.72,463.44,2.31,94.69,0.0369,4.3,13.67,11.39,10.0,0.0,25.0,injector_abnormality,0.8
fault_injector_abnormality_1,3153,1789815118.1580129,1544.1,111.03,464.34,2.28,94.72,0.0248,4.36,13.59,11.23,10.0,0.0,25.0,injector_abnormality,0.8
fault_injector_abnormality_1,3154,1789815119.1580129,1562.1,111.36,464.79,2.18,94.6,0.0282,4.2,13.55,11.52,10.0,0.0,25.0,injector_abnormality,0.8
fault_injector_abnormality_1,3155,1789815120.1580129,1550.3,111.34,460.82,2.23,94.44,0.0252,4.16,13.61,11.18,10.0,0.0,25.0,injector_abnormality,0.8
fault_injector_abnormality_1,3156,1789815121.1580129,1558.6,111.54,462.44,2.18,94.4,0.0255,4.18,13.63,11.5,10.0,0.0,25.0,injector_abnormality,0.8
fault_injector_abnormality_1,3157,1789815122.1580129,1555.8,111.61,466.98,2.17,94.28,0.0245,4.17,13.65,11.53,10.0,0.0,25.0,injector_abnormality,0.8
fault_injector_abnormality_1,3158,1789815123.1580129,1570.5,111.93,470.01,2.29,94.45,0.0255,4.23,13.67,11.25,10.0,0.0,25.0,injector_abnormality,0.8
fault_injector_abnormality_1,3159,1789815124.1580129,1561.7,111.76,466.21,2.35,94.48,0.0392,4.18,13.74,11.6,10.0,0.0,25.0,injector_abnormality,0.8
fault_injector_abnormality_1,3160,1789815125.1580129,1556.9,111.72,461.6,2.23,94.54,0.0348,4.26,13.7,11.32,10.0,0.0,25.0,injector_abnormality,0.8
fault_injector_abnormality_1,3161,1789815126.1580129,1543.2,111.93,465.16,2.19,94.54,0.0376,4.26,13.69,11.93,10.0,0.0,25.0,injector_abnormality,0.8
fault_injector_abnormality_1,3162,1789815127.1580129,1559.6,111.78,464.58,2.27,94.57,0.0388,4.28,13.65,11.4,10.0,0.0,25.0,injector_abnormality,0.8
fault_injector_abnormality_1,3163,1789815128.1580129,1560.3,111.92,464.84,2.25,94.45,0.0434,4.37,13.61,11.54,10.0,0.0,25.0,injector_abnormality,0.8
fault_injector_abnormality_1,3164,1789815129.1580129,1554.3,112.45,469.93,2.25,94.44,0.0334,4.39,13.6,11.29,10.0,0.0,25.0,injector_abnormality,0.8
fault_injector_abnormality_1,3165,1789815130.1580129,1545.2,112.5,471.11,2.23,94.31,0.0307,4.4,13.6,11.2,10.0,0.0,25.0,injector_abnormality,0.8
fault_injector_abnormality_1,3166,1789815131.1580129,1514.7,112.43,469.76,2.24,94.54,0.0258,4.47,13.6,11.52,10.0,0.0,25.0,injector_abnormality,0.8
fault_injector_abnormality_1,3167,1789815132.1580129,1511.9,112.59,469.26,2.26,94.52,0.028,4.39,13.64,11.4,10.0,0.0,25.0,injector_abnormality,0.8
fault_injector_abnormality_1,3168,1789815133.1580129,1495.1,112.15,465.97,2.34,94.6,0.0237,4.48,13.69,11.48,10.0,0.0,25.0,injector_abnormality,0.8
fault_injector_abnormality_1,3169,1789815134.1580129,1516.2,112.56,465.32,2.3,94.53,0.0265,4.62,13.71,11.23,10.0,0.0,25.0,injector_abnormality,0.8
fault_injector_abnormality_1,3170,1789815135.1580129,1538.4,112.74,464.01,2.36,94.35,0.0253,4.56,13.7,11.82,10.0,0.0,25.0,injector_abnormality,0.8
fault_injector_abnormality_1,3171,1789815136.1580129,1539.0,112.2,464.57,2.3,94.18,0.0264,4.52,13.79,11.78,10.0,0.0,25.0,injector_abnormality,0.8
fault_injector_abnormality_1,3172,1789815137.1580129,1517.7,112.23,465.1,2.32,94.03,0.0173,4.55,13.81,11.58,10.0,0.0,25.0,injector_abnormality,0.8
fault_injector_abnormality_1,3173,1789815138.1580129,1507.0,112.51,467.82,2.28,94.08,0.0222,4.52,13.75,11.28,10.0,0.0,25.0,injector_abnormality,0.8
fault_injector_abnormality_1,3174,1789815139.1580129,1515.2,112.54,462.88,2.24,93.92,0.0202,4.53,13.75,11.21,10.0,0.0,25.0,injector_abnormality,0.8
fault_injector_abnormality_1,3175,1789815140.1580129,1516.0,112.22,458.83,2.18,93.73,0.0303,4.64,13.74,11.11,10.0,0.0,25.0,injector_abnormality,0.8
fault_injector_abnormality_1,3176,1789815141.1580129,1510.8,112.31,456.81,2.2,93.82,0.0222,4.56,13.74,11.38,10.0,0.0,25.0,injector_abnormality,0.8
fault_injector_abnormality_1,3177,1789815142.1580129,1518.5,112.37,457.77,2.25,93.73,0.0271,4.63,13.76,11.75,10.0,0.0,25.0,injector_abnormality,0.8
fault_injector_abnormality_1,3178,1789815143.1580129,1534.8,112.57,455.47,2.28,93.72,0.0306,4.76,13.67,11.35,10.0,0.0,25.0,injector_abnormality,0.8
fault_injector_abnormality_1,3179,1789815144.1580129,1520.1,112.54,452.88,2.22,93.61,0.018,4.58,13.72,11.13,10.0,0.0,25.0,injector_abnormality,0.8
fault_injector_abnormality_1,3180,1789815145.1580129,1521.9,112.59,451.31,2.31,93.8,0.0273,4.58,13.75,11.45,10.0,0.0,25.0,injector_abnormality,0.8
fault_injector_abnormality_1,3181,1789815146.1580129,1512.2,112.57,454.72,2.34,93.58,0.0251,4.51,13.8,11.37,10.0,0.0,25.0,injector_abnormality,0.8
fault_injector_abnormality_1,3182,1789815147.1580129,1505.4,112.66,455.03,2.38,93.74,0.0235,4.43,13.81,11.24,10.0,0.0,25.0,injector_abnormality,0.8
fault_injector_abnormality_1,3183,1789815148.1580129,1515.3,112.48,460.11,2.42,93.74,0.0359,4.3,13.88,11.26,10.0,0.0,25.0,injector_abnormality,0.8
fault_injector_abnormality_1,3184,1789815149.1580129,1540.1,112.61,457.96,2.38,93.69,0.0254,4.23,13.88,11.22,10.0,0.0,25.0,injector_abnormality,0.8
fault_injector_abnormality_1,3185,1789815150.1580129,1538.3,112.82,460.09,2.36,93.7,0.0344,4.3,13.87,10.84,10.0,0.0,25.0,injector_abnormality,0.8
fault_injector_abnormality_1,3186,1789815151.1580129,1542.3,113.0,458.77,2.35,93.76,0.0382,4.32,13.85,10.81,10.0,0.0,25.0,injector_abnormality,0.8
fault_injector_abnormality_1,3187,1789815152.1580129,1542.3,112.89,458.02,2.37,93.79,0.0421,4.21,13.86,10.87,10.0,0.0,25.0,injector_abnormality,0.8
fault_injector_abnormality_1,3188,1789815153.1580129,1537.7,112.68,470.72,2.27,93.74,0.0373,4.24,13.8,11.16,10.0,0.0,25.0,injector_abnormality,0.8
fault_injector_abnormality_1,3189,1789815154.1580129,1552.8,112.64,471.85,2.24,93.74,0.022,4.35,13.78,11.13,10.0,0.0,25.0,injector_abnormality,0.8
fault_injector_abnormality_1,3190,1789815155.1580129,1565.6,112.51,473.24,2.2,93.81,0.031,4.28,13.85,11.55,10.0,0.0,25.0,injector_abnormality,0.8
fault_injector_abnormality_1,3191,1789815156.1580129,1556.4,112.22,469.84,2.32,93.82,0.0367,4.3,13.7,11.2,10.0,0.0,25.0,injector_abnormality,0.8
fault_injector_abnormality_1,3192,1789815157.1580129,1552.6,111.94,463.3,2.35,93.74,0.0311,4.28,13.77,11.11,10.0,0.0,25.0,injector_abnormality,0.8
fault_injector_abnormality_1,3193,1789815158.1580129,1557.4,111.86,464.82,2.3,93.75,0.0244,4.29,13.76,11.24,10.0,0.0,25.0,injector_abnormality,0.8
fault_injector_abnormality_1,3194,1789815159.1580129,1534.8,111.99,464.1,2.34,93.74,0.0198,4.43,13.79,11.24,10.0,0.0,25.0,injector_abnormality,0.8
fault_injector_abnormality_1,3195,1789815160.1580129,1549.4,112.27,462.02,2.31,93.64,0.0224,4.41,13.84,11.27,10.0,0.0,25.0,injector_abnormality,0.8
fault_injector_abnormality_1,3196,1789815161.1580129,1532.5,112.43,459.86,2.3,93.78,0.0242,4.45,13.82,11.36,10.0,0.0,25.0,injector_abnormality,0.8
fault_injector_abnormality_1,3197,1789815162.1580129,1535.4,112.29,455.61,2.39,93.7,0.0296,4.42,13.87,11.18,10.0,0.0,25.0,injector_abnormality,0.8
fault_injector_abnormality_1,3198,1789815163.1580129,1518.8,111.92,462.83,2.35,93.63,0.0271,4.37,13.79,11.11,10.0,0.0,25.0,injector_abnormality,0.8
fault_injector_abnormality_1,3199,1789815164.1580129,1526.6,112.25,468.07,2.37,93.68,0.0185,4.32,13.86,11.56,10.0,0.0,25.0,injector_abnormality,0.8
fault_injector_abnormality_1,3200,1789815165.1580129,1529.1,112.74,464.86,2.24,93.84,0.0181,4.12,13.9,11.39,10.0,0.0,25.0,injector_abnormality,0.8
fault_injector_abnormality_1,3201,1789815166.1580129,1534.9,112.48,470.51,2.25,93.88,0.022,4.04,13.82,11.71,10.0,0.0,25.0,injector_abnormality,0.8
fault_injector_abnormality_1,3202,1789815167.1580129,1539.5,112.31,470.15,2.3,93.7,0.0242,4.09,13.76,11.27,10.0,0.0,25.0,injector_abnormality,0.8
fault_injector_abnormality_1,3203,1789815168.1580129,1544.3,112.28,469.78,2.23,93.62,0.0292,4.07,13.78,11.39,10.0,0.0,25.0,injector_abnormality,0.8
fault_injector_abnormality_1,3204,1789815169.1580129,1559.3,112.18,467.98,2.18,93.63,0.0355,4.07,13.78,11.04,10.0,0.0,25.0,injector_abnormality,0.8
fault_injector_abnormality_1,3205,1789815170.1580129,1593.2,112.28,464.2,2.23,93.82,0.0327,3.98,13.79,11.18,10.0,0.0,25.0,injector_abnormality,0.8
fault_injector_abnormality_1,3206,1789815171.1580129,1576.8,112.35,465.78,2.33,93.9,0.0306,4.01,13.77,11.19,10.0,0.0,25.0,injector_abnormality,0.8
fault_injector_abnormality_1,3207,1789815172.1580129,1585.8,112.26,463.91,2.26,93.87,0.0231,4.14,13.84,11.09,10.0,0.0,25.0,injector_abnormality,0.8
fault_injector_abnormality_1,3208,1789815173.1580129,1572.5,112.08,460.27,2.19,93.89,0.0223,4.14,13.88,11.47,10.0,0.0,25.0,injector_abnormality,0.8
fault_injector_abnormality_1,3209,1789815174.1580129,1580.2,112.06,463.66,2.26,93.95,0.0228,4.22,13.98,11.46,10.0,0.0,25.0,injector_abnormality,0.8
fault_injector_abnormality_1,3210,1789815175.1580129,1589.4,111.85,456.84,2.23,93.84,0.0212,4.3,14.05,11.26,10.0,0.0,25.0,injector_abnormality,0.8
fault_injector_abnormality_1,3211,1789815176.1580129,1590.1,111.84,456.9,2.24,93.64,0.0293,4.32,13.96,11.44,10.0,0.0,25.0,injector_abnormality,0.8
fault_injector_abnormality_1,3212,1789815177.1580129,1585.5,111.91,459.63,2.31,93.66,0.0326,4.25,13.96,11.61,10.0,0.0,25.0,injector_abnormality,0.8
fault_injector_abnormality_1,3213,1789815178.1580129,1584.8,111.95,458.26,2.25,93.68,0.0328,4.2,13.87,11.43,10.0,0.0,25.0,injector_abnormality,0.8
fault_injector_abnormality_1,3214,1789815179.1580129,1582.5,111.85,453.21,2.25,93.76,0.0304,4.29,13.91,11.27,10.0,0.0,25.0,injector_abnormality,0.8
fault_injector_abnormality_1,3215,1789815180.1580129,1549.0,111.92,455.52,2.22,93.73,0.0375,4.43,13.9,11.53,10.0,0.0,25.0,injector_abnormality,0.8
fault_injector_abnormality_1,3216,1789815181.1580129,1560.5,111.84,459.74,2.26,93.54,0.0361,4.56,13.86,11.67,10.0,0.0,25.0,injector_abnormality,0.8
fault_injector_abnormality_1,3217,1789815182.1580129,1554.3,111.67,460.97,2.31,93.57,0.024,4.48,13.8,11.56,10.0,0.0,25.0,injector_abnormality,0.8
fault_injector_abnormality_1,3218,1789815183.1580129,1565.3,111.85,463.29,2.33,93.48,0.0267,4.49,13.86,11.35,10.0,0.0,25.0,injector_abnormality,0.8
fault_injector_abnormality_1,3219,1789815184.1580129,1543.2,111.92,461.34,2.33,93.58,0.0338,4.48,13.88,11.55,10.0,0.0,25.0,injector_abnormality,0.8
fault_injector_abnormality_1,3220,1789815185.1580129,1525.7,111.78,464.1,2.31,93.75,0.0292,4.57,13.89,11.35,10.0,0.0,25.0,injector_abnormality,0.8
fault_injector_abnormality_1,3221,1789815186.1580129,1529.8,111.65,463.05,2.33,93.95,0.0247,4.56,13.82,11.21,10.0,0.0,25.0,injector_abnormality,0.8
fault_injector_abnormality_1,3222,1789815187.1580129,1521.8,111.47,468.18,2.24,94.03,0.0275,4.54,13.74,11.21,10.0,0.0,25.0,injector_abnormality,0.8
fault_injector_abnormality_1,3223,1789815188.1580129,1539.0,111.63,468.24,2.25,94.01,0.0268,4.52,13.84,11.46,10.0,0.0,25.0,injector_abnormality,0.8
fault_injector_abnormality_1,3224,1789815189.1580129,1539.6,111.61,474.1,2.27,94.07,0.0295,4.58,13.81,11.25,10.0,0.0,25.0,injector_abnormality,0.8
fault_injector_abnormality_1,3225,1789815190.1580129,1539.2,111.68,472.13,2.27,94.09,0.0305,4.56,13.88,11.35,10.0,0.0,25.0,injector_abnormality,0.8
fault_injector_abnormality_1,3226,1789815191.1580129,1521.9,111.73,470.17,2.26,93.86,0.0304,4.56,13.94,11.08,10.0,0.0,25.0,injector_abnormality,0.8
fault_injector_abnormality_1,3227,1789815192.1580129,1554.0,111.85,469.42,2.28,93.92,0.034,4.52,13.88,10.93,10.0,0.0,25.0,injector_abnormality,0.8
fault_injector_abnormality_1,3228,1789815193.1580129,1557.9,111.71,471.02,2.28,93.78,0.0342,4.57,13.97,10.89,10.0,0.0,25.0,injector_abnormality,0.8
fault_injector_abnormality_1,3229,1789815194.1580129,1563.5,111.48,467.61,2.21,93.93,0.0319,4.56,13.95,11.45,10.0,0.0,25.0,injector_abnormality,0.8
fault_injector_abnormality_1,3230,1789815195.1580129,1553.2,111.44,464.64,2.21,94.0,0.0359,4.49,13.97,11.48,10.0,0.0,25.0,injector_abnormality,0.8
fault_injector_abnormality_1,3231,1789815196.1580129,1550.3,111.5,465.69,2.27,94.06,0.0345,4.37,13.79,11.27,10.0,0.0,25.0,injector_abnormality,0.8
fault_injector_abnormality_1,3232,1789815197.1580129,1543.0,111.77,468.02,2.22,93.97,0.0284,4.47,13.83,11.02,10.0,0.0,25.0,injector_abnormality,0.8
fault_injector_abnormality_1,3233,1789815198.1580129,1527.9,111.74,472.81,2.24,93.75,0.0287,4.41,13.84,11.47,10.0,0.0,25.0,injector_abnormality,0.8
fault_injector_abnormality_1,3234,1789815199.1580129,1539.4,111.8,473.45,2.31,93.78,0.0215,4.39,13.79,11.38,10.0,0.0,25.0,injector_abnormality,0.8
fault_injector_abnormality_1,3235,1789815200.1580129,1553.0,111.91,471.71,2.33,93.74,0.0274,4.37,13.76,11.29,10.0,0.0,25.0,injector_abnormality,0.8
fault_injector_abnormality_1,3236,1789815201.1580129,1546.3,111.69,470.18,2.35,93.8,0.0285,4.39,13.72,11.36,10.0,0.0,25.0,injector_abnormality,0.8
fault_injector_abnormality_1,3237,1789815202.1580129,1529.7,111.5,472.17,2.4,93.69,0.0393,4.39,13.79,11.36,10.0,0.0,25.0,injector_abnormality,0.8
fault_injector_abnormality_1,3238,1789815203.1580129,1518.1,111.58,472.66,2.29,93.64,0.0309,4.35,13.81,11.55,10.0,0.0,25.0,injector_abnormality,0.8
fault_injector_abnormality_1,3239,1789815204.1580129,1511.5,111.95,475.28,2.27,93.74,0.0228,4.33,13.74,11.42,10.0,0.0,25.0,injector_abnormality,0.8
fault_injector_abnormality_1,3240,1789815205.1580129,1508.5,111.83,480.3,2.34,93.67,0.0217,4.39,13.8,11.42,10.0,0.0,25.0,injector_abnormality,0.8
fault_injector_abnormality_1,3241,1789815206.1580129,1514.8,111.98,474.9,2.22,93.62,0.0196,4.36,13.78,11.6,10.0,0.0,25.0,injector_abnormality,0.8
fault_injector_abnormality_1,3242,1789815207.1580129,1518.6,112.07,475.48,2.27,93.66,0.0217,4.32,13.75,11.41,10.0,0.0,25.0,injector_abnormality,0.8
fault_injector_abnormality_1,3243,1789815208.1580129,1523.7,112.25,474.39,2.3,93.71,0.0222,4.39,13.81,11.42,10.0,0.0,25.0,injector_abnormality,0.8
fault_injector_abnormality_1,3244,1789815209.1580129,1537.8,112.15,477.3,2.42,93.6,0.0277,4.35,13.8,11.57,10.0,0.0,25.0,injector_abnormality,0.8
fault_injector_abnormality_1,3245,1789815210.1580129,1549.6,112.11,477.4,2.42,93.45,0.0305,4.34,13.83,11.07,10.0,0.0,25.0,injector_abnormality,0.8
fault_injector_abnormality_1,3246,1789815211.1580129,1559.8,112.07,472.04,2.44,93.62,0.0354,4.3,13.77,11.31,10.0,0.0,25.0,injector_abnormality,0.8
fault_injector_abnormality_1,3247,1789815212.1580129,1548.2,112.0,465.77,2.38,93.64,0.0267,4.28,13.72,11.67,10.0,0.0,25.0,injector_abnormality,0.8
fault_injector_abnormality_1,3248,1789815213.1580129,1534.9,111.48,469.06,2.32,93.69,0.0294,4.43,13.74,11.25,10.0,0.0,25.0,injector_abnormality,0.8
fault_injector_abnormality_1,3249,1789815214.1580129,1554.7,111.13,464.9,2.34,93.51,0.0327,4.37,13.79,11.32,10.0,0.0,25.0,injector_abnormality,0.8
fault_injector_abnormality_1,3250,1789815215.1580129,1566.5,111.31,465.82,2.3,93.37,0.0299,4.37,13.73,11.59,10.0,0.0,25.0,injector_abnormality,0.8
fault_injector_abnormality_1,3251,1789815216.1580129,1557.3,111.29,458.31,2.26,93.46,0.0318,4.33,13.7,11.4,10.0,0.0,25.0,injector_abnormality,0.8
fault_injector_abnormality_1,3252,1789815217.1580129,1549.2,111.23,460.95,2.26,93.36,0.0311,4.39,13.66,11.01,10.0,0.0,25.0,injector_abnormality,0.8
fault_injector_abnormality_1,3253,1789815218.1580129,1544.0,111.08,461.19,2.25,93.36,0.0329,4.42,13.76,11.35,10.0,0.0,25.0,injector_abnormality,0.8
fault_injector_abnormality_1,3254,1789815219.1580129,1527.6,111.39,465.47,2.22,93.49,0.0253,4.34,13.77,11.45,10.0,0.0,25.0,injector_abnormality,0.8
fault_injector_abnormality_1,3255,1789815220.1580129,1501.3,111.65,466.48,2.27,93.49,0.0232,4.43,13.8,11.1,10.0,0.0,25.0,injector_abnormality,0.8
fault_injector_abnormality_1,3256,1789815221.1580129,1501.3,111.53,462.59,2.23,93.46,0.027,4.47,13.8,10.92,10.0,0.0,25.0,injector_abnormality,0.8
fault_injector_abnormality_1,3257,1789815222.1580129,1519.3,111.37,463.52,2.17,93.52,0.0342,4.38,13.75,11.2,10.0,0.0,25.0,injector_abnormality,0.8
fault_injector_abnormality_1,3258,1789815223.1580129,1530.4,111.52,464.21,2.23,93.41,0.0322,4.37,13.73,11.29,10.0,0.0,25.0,injector_abnormality,0.8
fault_injector_abnormality_1,3259,1789815224.1580129,1534.4,111.38,462.4,2.2,93.37,0.022,4.46,13.74,11.28,10.0,0.0,25.0,injector_abnormality,0.8
fault_injector_abnormality_1,3260,1789815225.1580129,1536.2,111.55,462.93,2.08,93.42,0.019,4.45,13.71,11.18,10.0,0.0,25.0,injector_abnormality,0.8
fault_injector_abnormality_1,3261,1789815226.1580129,1536.9,111.47,466.92,2.17,93.3,0.0219,4.41,13.72,11.5,10.0,0.0,25.0,injector_abnormality,0.8
fault_injector_abnormality_1,3262,1789815227.1580129,1533.6,111.86,465.17,2.18,93.38,0.027,4.37,13.74,11.34,10.0,0.0,25.0,injector_abnormality,0.8
fault_injector_abnormality_1,3263,1789815228.1580129,1529.9,112.06,462.43,2.12,93.46,0.0325,4.24,13.72,11.46,10.0,0.0,25.0,injector_abnormality,0.8
fault_injector_abnormality_1,3264,1789815229.1580129,1517.9,112.12,464.55,2.22,93.46,0.0295,4.26,13.68,11.15,10.0,0.0,25.0,injector_abnormality,0.8
fault_injector_abnormality_1,3265,1789815230.1580129,1526.7,112.1,469.13,2.23,93.54,0.032,4.14,13.84,11.26,10.0,0.0,25.0,injector_abnormality,0.8
fault_injector_abnormality_1,3266,1789815231.1580129,1514.3,112.09,463.43,2.28,93.5,0.0348,4.01,13.93,11.58,10.0,0.0,25.0,injector_abnormality,0.8
fault_injector_abnormality_1,3267,1789815232.1580129,1505.7,112.18,464.13,2.27,93.42,0.0266,4.01,13.91,11.45,10.0,0.0,25.0,injector_abnormality,0.8
fault_injector_abnormality_1,3268,1789815233.1580129,1500.4,111.81,464.54,2.33,93.5,0.0294,4.0,13.9,11.74,10.0,0.0,25.0,injector_abnormality,0.8
fault_injector_abnormality_1,3269,1789815234.1580129,1534.8,111.81,464.32,2.31,93.41,0.0237,4.03,13.85,11.23,10.0,0.0,25.0,injector_abnormality,0.8
fault_injector_abnormality_1,3270,1789815235.1580129,1510.3,111.78,461.44,2.34,93.46,0.0225,4.16,13.87,11.42,10.0,0.0,25.0,injector_abnormality,0.8
fault_injector_abnormality_1,3271,1789815236.1580129,1514.2,111.89,462.13,2.29,93.57,0.0252,4.15,13.84,11.33,10.0,0.0,25.0,injector_abnormality,0.8
fault_injector_abnormality_1,3272,1789815237.1580129,1501.5,111.56,461.3,2.32,93.56,0.0248,4.21,13.86,11.32,10.0,0.0,25.0,injector_abnormality,0.8
fault_injector_abnormality_1,3273,1789815238.1580129,1519.7,111.81,459.3,2.38,93.53,0.0319,4.3,13.88,11.15,10.0,0.0,25.0,injector_abnormality,0.8
fault_injector_abnormality_1,3274,1789815239.1580129,1528.0,111.87,456.03,2.29,93.37,0.0388,4.22,13.9,11.38,10.0,0.0,25.0,injector_abnormality,0.8
fault_injector_abnormality_1,3275,1789815240.1580129,1537.5,112.22,455.48,2.35,93.26,0.0387,4.22,13.91,11.01,10.0,0.0,25.0,injector_abnormality,0.8
fault_injector_abnormality_1,3276,1789815241.1580129,1551.7,112.06,454.41,2.38,93.06,0.0388,4.24,13.88,11.24,10.0,0.0,25.0,injector_abnormality,0.8
fault_injector_abnormality_1,3277,1789815242.1580129,1542.2,112.12,453.36,2.38,93.21,0.0401,4.3,13.85,11.58,10.0,0.0,25.0,injector_abnormality,0.8
fault_injector_abnormality_1,3278,1789815243.1580129,1522.9,112.08,459.9,2.38,93.23,0.0366,4.35,13.87,11.48,10.0,0.0,25.0,injector_abnormality,0.8
fault_injector_abnormality_1,3279,1789815244.1580129,1524.2,112.2,460.74,2.32,93.26,0.0387,4.45,13.89,11.64,10.0,0.0,25.0,injector_abnormality,0.8
fault_injector_abnormality_1,3280,1789815245.1580129,1533.1,111.9,463.84,2.24,93.32,0.0283,4.41,13.94,11.76,10.0,0.0,25.0,injector_abnormality,0.8
fault_injector_abnormality_1,3281,1789815246.1580129,1535.6,112.11,467.06,2.29,93.19,0.0313,4.47,13.86,11.51,10.0,0.0,25.0,injector_abnormality,0.8
fault_injector_abnormality_1,3282,1789815247.1580129,1526.2,111.7,465.39,2.21,93.26,0.0299,4.55,13.82,11.32,10.0,0.0,25.0,injector_abnormality,0.8
fault_injector_abnormality_1,3283,1789815248.1580129,1518.6,111.78,467.05,2.28,93.28,0.0298,4.45,13.76,10.92,10.0,0.0,25.0,injector_abnormality,0.8
fault_injector_abnormality_1,3284,1789815249.1580129,1555.5,111.88,463.41,2.25,93.21,0.0334,4.49,13.7,11.15,10.0,0.0,25.0,injector_abnormality,0.8
fault_injector_abnormality_1,3285,1789815250.1580129,1566.9,111.65,459.3,2.2,93.25,0.0306,4.43,13.8,11.3,10.0,0.0,25.0,injector_abnormality,0.8
fault_injector_abnormality_1,3286,1789815251.1580129,1593.5,111.77,461.67,2.2,93.28,0.0313,4.44,13.82,11.29,10.0,0.0,25.0,injector_abnormality,0.8
fault_injector_abnormality_1,3287,1789815252.1580129,1584.8,111.74,461.55,2.17,93.37,0.0308,4.43,13.87,11.45,10.0,0.0,25.0,injector_abnormality,0.8
fault_injector_abnormality_1,3288,1789815253.1580129,1563.0,111.75,461.3,2.13,93.23,0.025,4.47,13.89,11.48,10.0,0.0,25.0,injector_abnormality,0.8
fault_injector_abnormality_1,3289,1789815254.1580129,1567.4,111.86,459.14,2.1,93.29,0.0246,4.44,13.85,11.26,10.0,0.0,25.0,injector_abnormality,0.8
fault_injector_abnormality_1,3290,1789815255.1580129,1579.1,111.73,462.96,2.13,93.26,0.0321,4.47,13.76,11.4,10.0,0.0,25.0,injector_abnormality,0.8
fault_injector_abnormality_1,3291,1789815256.1580129,1572.9,112.01,463.57,2.16,93.23,0.0289,4.41,13.71,11.75,10.0,0.0,25.0,injector_abnormality,0.8
fault_injector_abnormality_1,3292,1789815257.1580129,1569.1,111.66,462.5,2.14,93.06,0.0304,4.37,13.71,11.63,10.0,0.0,25.0,injector_abnormality,0.8
fault_injector_abnormality_1,3293,1789815258.1580129,1555.4,111.67,463.41,2.15,93.16,0.0376,4.45,13.71,11.28,10.0,0.0,25.0,injector_abnormality,0.8
fault_injector_abnormality_1,3294,1789815259.1580129,1531.6,111.32,463.27,2.2,93.29,0.0359,4.43,13.77,11.35,10.0,0.0,25.0,injector_abnormality,0.8
fault_injector_abnormality_1,3295,1789815260.1580129,1516.1,111.59,465.05,2.18,93.19,0.0381,4.37,13.73,11.18,10.0,0.0,25.0,injector_abnormality,0.8
fault_injector_abnormality_1,3296,1789815261.1580129,1530.2,111.5,461.86,2.17,93.15,0.0346,4.28,13.74,11.12,10.0,0.0,25.0,injector_abnormality,0.8
fault_injector_abnormality_1,3297,1789815262.1580129,1540.3,111.45,456.73,2.19,93.14,0.0344,4.33,13.74,11.0,10.0,0.0,25.0,injector_abnormality,0.8
fault_injector_abnormality_1,3298,1789815263.1580129,1537.2,111.33,455.39,2.27,92.97,0.0313,4.38,13.73,11.34,10.0,0.0,25.0,injector_abnormality,0.8
fault_injector_abnormality_1,3299,1789815264.1580129,1531.1,111.24,460.36,2.29,92.87,0.027,4.35,13.71,11.56,10.0,0.0,25.0,injector_abnormality,0.8
fault_injector_abnormality_1,3300,1789815265.1580129,791.3,107.27,316.95,0.01,92.99,0.0008,0.0,13.04,0.01,0.0,0.0,25.0,injector_abnormality,0.8
fault_injector_abnormality_1,3301,1789815266.1580129,405.9,103.29,211.66,0.0,92.63,0.0,0.0,12.72,0.0,0.0,0.0,25.0,injector_abnormality,0.8
fault_injector_abnormality_1,3302,1789815267.1580129,205.6,99.49,136.39,0.0,92.27,0.0,0.0,12.58,0.03,0.0,0.0,25.0,injector_abnormality,0.8
fault_injector_abnormality_1,3303,1789815268.1580129,104.0,95.83,83.05,0.0,91.9,0.0,0.0,12.45,0.02,0.0,0.0,25.0,injector_abnormality,0.8
fault_injector_abnormality_1,3304,1789815269.1580129,51.9,92.34,43.9,0.0,91.54,0.0,0.0,12.38,0.02,0.0,0.0,25.0,injector_abnormality,0.8
fault_injector_abnormality_1,3305,1789815270.1580129,25.1,89.07,15.62,0.0,91.16,0.0,0.0,12.39,0.03,0.0,0.0,25.0,injector_abnormality,0.8
fault_injector_abnormality_1,3306,1789815271.1580129,11.3,85.96,-4.57,0.0,90.79,0.0,0.0,12.37,0.01,0.0,0.0,25.0,injector_abnormality,0.8
fault_injector_abnormality_1,3307,1789815272.1580129,5.4,82.97,-19.23,0.0,90.43,0.0,0.0,12.39,0.0,0.0,0.0,25.0,injector_abnormality,0.8
fault_injector_abnormality_1,3308,1789815273.1580129,2.4,80.12,-29.59,0.0,90.07,0.0,0.0,12.36,0.0,0.0,0.0,25.0,injector_abnormality,0.8
fault_injector_abnormality_1,3309,1789815274.1580129,1.8,77.42,-36.65,0.0,89.71,0.0001,0.0,12.38,0.0,0.0,0.0,25.0,injector_abnormality,0.8
fault_injector_abnormality_1,3310,1789815275.1580129,1.5,74.88,-42.16,0.0,89.35,0.0004,0.01,12.43,0.01,0.0,0.0,25.0,injector_abnormality,0.8
fault_injector_abnormality_1,3311,1789815276.1580129,0.7,72.43,-46.08,0.0,88.99,0.0003,0.01,12.5,0.01,0.0,0.0,25.0,injector_abnormality,0.8
fault_injector_abnormality_1,3312,1789815277.1580129,0.0,70.12,-48.98,0.0,88.63,0.0006,0.02,12.43,0.0,0.0,0.0,25.0,injector_abnormality,0.8
fault_injector_abnormality_1,3313,1789815278.1580129,0.0,67.93,-50.62,0.01,88.29,0.0009,0.02,12.35,0.03,0.0,0.0,25.0,injector_abnormality,0.8
fault_injector_abnormality_1,3314,1789815279.1580129,0.0,65.83,-51.69,0.0,87.93,0.0007,0.02,12.35,0.0,0.0,0.0,25.0,injector_abnormality,0.8
fault_injector_abnormality_1,3315,1789815280.1580129,0.0,63.82,-53.08,0.0,87.58,0.0,0.01,12.39,0.0,0.0,0.0,25.0,injector_abnormality,0.8
fault_injector_abnormality_1,3316,1789815281.1580129,0.0,61.94,-53.06,0.0,87.25,0.001,0.02,12.4,0.0,0.0,0.0,25.0,injector_abnormality,0.8
fault_injector_abnormality_1,3317,1789815282.1580129,0.0,60.11,-53.51,0.0,86.91,0.0009,0.02,12.35,0.0,0.0,0.0,25.0,injector_abnormality,0.8
fault_injector_abnormality_1,3318,1789815283.1580129,0.0,58.41,-54.07,0.0,86.56,0.0,0.01,12.36,0.02,0.0,0.0,25.0,injector_abnormality,0.8
fault_injector_abnormality_1,3319,1789815284.1580129,0.0,56.76,-53.92,0.01,86.24,0.0,0.02,12.35,0.0,0.0,0.0,25.0,injector_abnormality,0.8
fault_injector_abnormality_1,3320,1789815285.1580129,0.0,55.2,-54.0,0.01,85.89,0.0,0.02,12.41,0.02,0.0,0.0,25.0,injector_abnormality,0.8
fault_injector_abnormality_1,3321,1789815286.1580129,0.0,53.7,-54.35,0.0,85.54,0.0002,0.01,12.41,0.01,0.0,0.0,25.0,injector_abnormality,0.8
fault_injector_abnormality_1,3322,1789815287.1580129,0.0,52.32,-54.58,0.0,85.21,0.0001,0.02,12.43,0.0,0.0,0.0,25.0,injector_abnormality,0.8
fault_injector_abnormality_1,3323,1789815288.1580129,0.0,50.99,-54.53,0.0,84.88,0.0006,0.01,12.41,0.03,0.0,0.0,25.0,injector_abnormality,0.8
fault_injector_abnormality_1,3324,1789815289.1580129,0.0,49.75,-54.46,0.0,84.55,0.0005,0.01,12.38,0.02,0.0,0.0,25.0,injector_abnormality,0.8
fault_injector_abnormality_1,3325,1789815290.1580129,0.0,48.57,-54.88,0.0,84.23,0.0009,0.0,12.44,0.0,0.0,0.0,25.0,injector_abnormality,0.8
fault_injector_abnormality_1,3326,1789815291.1580129,0.0,47.41,-54.83,0.0,83.89,0.0015,0.0,12.36,0.01,0.0,0.0,25.0,injector_abnormality,0.8
fault_injector_abnormality_1,3327,1789815292.1580129,0.1,46.32,-54.18,0.0,83.55,0.0005,0.0,12.44,0.05,0.0,0.0,25.0,injector_abnormality,0.8
fault_injector_abnormality_1,3328,1789815293.1580129,1.0,45.31,-54.95,0.0,83.23,0.0011,0.0,12.46,0.04,0.0,0.0,25.0,injector_abnormality,0.8
fault_injector_abnormality_1,3329,1789815294.1580129,0.0,44.34,-55.0,0.0,82.9,0.001,0.0,12.42,0.02,0.0,0.0,25.0,injector_abnormality,0.8
fault_injector_abnormality_1,3330,1789815295.1580129,0.0,43.39,-54.57,0.0,82.58,0.0007,0.0,12.39,0.01,0.0,0.0,25.0,injector_abnormality,0.8
fault_injector_abnormality_1,3331,1789815296.1580129,0.0,42.5,-54.97,0.0,82.28,0.0013,0.0,12.39,0.05,0.0,0.0,25.0,injector_abnormality,0.8
fault_injector_abnormality_1,3332,1789815297.1580129,0.0,41.64,-54.96,0.0,81.97,0.0005,0.0,12.42,0.0,0.0,0.0,25.0,injector_abnormality,0.8
fault_injector_abnormality_1,3333,1789815298.1580129,0.0,40.85,-55.0,0.0,81.65,0.0,0.0,12.45,0.0,0.0,0.0,25.0,injector_abnormality,0.8
fault_injector_abnormality_1,3334,1789815299.1580129,0.0,40.1,-54.91,0.0,81.34,0.0,0.0,12.38,0.03,0.0,0.0,25.0,injector_abnormality,0.8
fault_injector_abnormality_1,3335,1789815300.1580129,0.0,39.33,-54.63,0.0,81.03,0.0,0.0,12.38,0.0,0.0,0.0,25.0,injector_abnormality,0.8
fault_injector_abnormality_1,3336,1789815301.1580129,0.0,38.65,-53.91,0.0,80.7,0.0,0.0,12.39,0.0,0.0,0.0,25.0,injector_abnormality,0.8
fault_injector_abnormality_1,3337,1789815302.1580129,0.0,38.01,-54.22,0.0,80.4,0.0006,0.0,12.41,0.0,0.0,0.0,25.0,injector_abnormality,0.8
fault_injector_abnormality_1,3338,1789815303.1580129,0.0,37.37,-54.27,0.01,80.07,0.0,0.0,12.43,0.01,0.0,0.0,25.0,injector_abnormality,0.8
fault_injector_abnormality_1,3339,1789815304.1580129,0.8,36.78,-54.83,0.0,79.77,0.0001,0.0,12.51,0.02,0.0,0.0,25.0,injector_abnormality,0.8
fault_injector_abnormality_1,3340,1789815305.1580129,0.0,36.23,-55.0,0.0,79.48,0.0,0.0,12.51,0.03,0.0,0.0,25.0,injector_abnormality,0.8
fault_injector_abnormality_1,3341,1789815306.1580129,0.7,35.63,-55.0,0.0,79.18,0.0002,0.0,12.45,0.01,0.0,0.0,25.0,injector_abnormality,0.8
fault_injector_abnormality_1,3342,1789815307.1580129,1.6,35.09,-55.0,0.0,78.87,0.0005,0.0,12.44,0.0,0.0,0.0,25.0,injector_abnormality,0.8
fault_injector_abnormality_1,3343,1789815308.1580129,4.2,34.62,-54.75,0.0,78.58,0.0003,0.0,12.49,0.01,0.0,0.0,25.0,injector_abnormality,0.8
fault_injector_abnormality_1,3344,1789815309.1580129,3.0,34.15,-54.19,0.0,78.27,0.0,0.0,12.48,0.0,0.0,0.0,25.0,injector_abnormality,0.8
fault_injector_abnormality_1,3345,1789815310.1580129,3.8,33.7,-54.33,0.0,77.97,0.0,0.0,12.46,0.0,0.0,0.0,25.0,injector_abnormality,0.8
fault_injector_abnormality_1,3346,1789815311.1580129,3.0,33.27,-53.99,0.0,77.68,0.0,0.0,12.39,0.0,0.0,0.0,25.0,injector_abnormality,0.8
fault_injector_abnormality_1,3347,1789815312.1580129,1.8,32.83,-54.1,0.0,77.38,0.0,0.0,12.46,0.02,0.0,0.0,25.0,injector_abnormality,0.8
fault_injector_abnormality_1,3348,1789815313.1580129,1.0,32.44,-53.6,0.0,77.09,0.0,0.0,12.5,0.03,0.0,0.0,25.0,injector_abnormality,0.8
fault_injector_abnormality_1,3349,1789815314.1580129,0.9,32.05,-53.25,0.0,76.8,0.0,0.01,12.5,0.0,0.0,0.0,25.0,injector_abnormality,0.8
fault_injector_abnormality_1,3350,1789815315.1580129,0.1,31.73,-53.84,0.0,76.51,0.0,0.02,12.48,0.0,0.0,0.0,25.0,injector_abnormality,0.8
fault_injector_abnormality_1,3351,1789815316.1580129,0.0,31.42,-54.54,0.0,76.23,0.0012,0.0,12.46,0.04,0.0,0.0,25.0,injector_abnormality,0.8
fault_injector_abnormality_1,3352,1789815317.1580129,1.3,31.11,-54.75,0.0,75.95,0.0014,0.01,12.43,0.02,0.0,0.0,25.0,injector_abnormality,0.8
fault_injector_abnormality_1,3353,1789815318.1580129,1.3,30.79,-55.0,0.0,75.66,0.0005,0.01,12.49,0.02,0.0,0.0,25.0,injector_abnormality,0.8
fault_injector_abnormality_1,3354,1789815319.1580129,0.0,30.46,-54.64,0.0,75.37,0.0007,0.01,12.51,0.0,0.0,0.0,25.0,injector_abnormality,0.8
fault_injector_abnormality_1,3355,1789815320.1580129,0.4,30.17,-55.0,0.0,75.09,0.0002,0.01,12.52,0.04,0.0,0.0,25.0,injector_abnormality,0.8
fault_injector_abnormality_1,3356,1789815321.1580129,0.6,29.92,-55.0,0.01,74.81,0.0,0.01,12.59,0.05,0.0,0.0,25.0,injector_abnormality,0.8
fault_injector_abnormality_1,3357,1789815322.1580129,0.0,29.69,-54.72,0.0,74.54,0.0,0.01,12.5,0.03,0.0,0.0,25.0,injector_abnormality,0.8
fault_injector_abnormality_1,3358,1789815323.1580129,0.0,29.46,-54.35,0.0,74.28,0.0,0.01,12.51,0.04,0.0,0.0,25.0,injector_abnormality,0.8
fault_injector_abnormality_1,3359,1789815324.1580129,0.0,29.24,-54.4,0.0,74.02,0.0,0.01,12.44,0.04,0.0,0.0,25.0,injector_abnormality,0.8
fault_injector_abnormality_1,3360,1789815325.1580129,0.0,29.04,-54.3,0.0,73.77,0.0,0.01,12.48,0.04,0.0,0.0,25.0,injector_abnormality,0.8
fault_injector_abnormality_1,3361,1789815326.1580129,0.0,28.86,-53.9,0.0,73.51,0.0,0.01,12.47,0.02,0.0,0.0,25.0,injector_abnormality,0.8
fault_injector_abnormality_1,3362,1789815327.1580129,0.0,28.66,-53.87,0.0,73.22,0.0,0.01,12.5,0.02,0.0,0.0,25.0,injector_abnormality,0.8
fault_injector_abnormality_1,3363,1789815328.1580129,0.0,28.51,-53.57,0.0,72.94,0.0,0.01,12.48,0.01,0.0,0.0,25.0,injector_abnormality,0.8
fault_injector_abnormality_1,3364,1789815329.1580129,0.0,28.33,-53.85,0.0,72.68,0.0005,0.01,12.45,0.03,0.0,0.0,25.0,injector_abnormality,0.8
fault_injector_abnormality_1,3365,1789815330.1580129,0.0,28.18,-54.59,0.0,72.41,0.0,0.01,12.41,0.04,0.0,0.0,25.0,injector_abnormality,0.8
fault_injector_abnormality_1,3366,1789815331.1580129,0.0,28.08,-54.7,0.0,72.14,0.0,0.01,12.42,0.01,0.0,0.0,25.0,injector_abnormality,0.8
fault_injector_abnormality_1,3367,1789815332.1580129,0.0,27.96,-55.0,0.0,71.87,0.0,0.01,12.47,0.02,0.0,0.0,25.0,injector_abnormality,0.8
fault_injector_abnormality_1,3368,1789815333.1580129,0.3,27.79,-54.85,0.0,71.62,0.0,0.01,12.44,0.0,0.0,0.0,25.0,injector_abnormality,0.8
fault_injector_abnormality_1,3369,1789815334.1580129,0.0,27.67,-54.79,0.0,71.36,0.0004,0.01,12.49,0.0,0.0,0.0,25.0,injector_abnormality,0.8
fault_injector_abnormality_1,3370,1789815335.1580129,0.0,27.52,-54.77,0.0,71.09,0.0,0.01,12.52,0.0,0.0,0.0,25.0,injector_abnormality,0.8
fault_injector_abnormality_1,3371,1789815336.1580129,0.0,27.42,-54.52,0.0,70.84,0.0001,0.0,12.52,0.0,0.0,0.0,25.0,injector_abnormality,0.8
fault_injector_abnormality_1,3372,1789815337.1580129,0.0,27.33,-54.26,0.0,70.59,0.0,0.0,12.58,0.0,0.0,0.0,25.0,injector_abnormality,0.8
fault_injector_abnormality_1,3373,1789815338.1580129,0.0,27.21,-54.4,0.01,70.33,0.0004,0.0,12.49,0.01,0.0,0.0,25.0,injector_abnormality,0.8
fault_injector_abnormality_1,3374,1789815339.1580129,0.0,27.14,-54.52,0.01,70.06,0.0004,0.0,12.52,0.03,0.0,0.0,25.0,injector_abnormality,0.8
fault_injector_abnormality_1,3375,1789815340.1580129,0.0,27.02,-55.0,0.0,69.8,0.0002,0.0,12.44,0.02,0.0,0.0,25.0,injector_abnormality,0.8
fault_injector_abnormality_1,3376,1789815341.1580129,0.0,26.91,-54.5,0.0,69.55,0.0,0.0,12.46,0.0,0.0,0.0,25.0,injector_abnormality,0.8
fault_injector_abnormality_1,3377,1789815342.1580129,0.0,26.83,-54.43,0.0,69.32,0.0002,0.0,12.32,0.0,0.0,0.0,25.0,injector_abnormality,0.8
fault_injector_abnormality_1,3378,1789815343.1580129,0.0,26.75,-54.3,0.0,69.05,0.0,0.0,12.21,0.0,0.0,0.0,25.0,injector_abnormality,0.8
fault_injector_abnormality_1,3379,1789815344.1580129,0.0,26.62,-54.42,0.0,68.81,0.0,0.02,12.23,0.0,0.0,0.0,25.0,injector_abnormality,0.8
fault_injector_abnormality_1,3380,1789815345.1580129,0.0,26.53,-54.19,0.0,68.58,0.0,0.01,12.21,0.01,0.0,0.0,25.0,injector_abnormality,0.8
fault_injector_abnormality_1,3381,1789815346.1580129,0.0,26.48,-53.8,0.0,68.32,0.0,0.0,12.25,0.03,0.0,0.0,25.0,injector_abnormality,0.8
fault_injector_abnormality_1,3382,1789815347.1580129,0.0,26.39,-54.43,0.0,68.09,0.0004,0.0,12.3,0.03,0.0,0.0,25.0,injector_abnormality,0.8
fault_injector_abnormality_1,3383,1789815348.1580129,0.0,26.33,-54.82,0.0,67.85,0.0,0.0,12.36,0.04,0.0,0.0,25.0,injector_abnormality,0.8
fault_injector_abnormality_1,3384,1789815349.1580129,0.0,26.24,-54.67,0.0,67.61,0.0,0.01,12.33,0.01,0.0,0.0,25.0,injector_abnormality,0.8
fault_injector_abnormality_1,3385,1789815350.1580129,0.3,26.18,-54.69,0.0,67.38,0.0,0.0,12.38,0.02,0.0,0.0,25.0,injector_abnormality,0.8
fault_injector_abnormality_1,3386,1789815351.1580129,0.3,26.13,-54.87,0.01,67.15,0.0,0.0,12.45,0.0,0.0,0.0,25.0,injector_abnormality,0.8
fault_injector_abnormality_1,3387,1789815352.1580129,0.4,26.06,-54.31,0.01,66.92,0.0005,0.0,12.51,0.01,0.0,0.0,25.0,injector_abnormality,0.8
fault_injector_abnormality_1,3388,1789815353.1580129,0.1,26.01,-54.01,0.0,66.68,0.0008,0.01,12.49,0.01,0.0,0.0,25.0,injector_abnormality,0.8
fault_injector_abnormality_1,3389,1789815354.1580129,0.0,25.96,-53.98,0.01,66.46,0.0,0.01,12.5,0.0,0.0,0.0,25.0,injector_abnormality,0.8
fault_injector_abnormality_1,3390,1789815355.1580129,0.0,25.9,-54.23,0.0,66.23,0.0,0.01,12.46,0.0,0.0,0.0,25.0,injector_abnormality,0.8
fault_injector_abnormality_1,3391,1789815356.1580129,0.0,25.88,-54.27,0.0,66.02,0.0004,0.01,12.45,0.0,0.0,0.0,25.0,injector_abnormality,0.8
fault_injector_abnormality_1,3392,1789815357.1580129,0.0,25.83,-54.22,0.0,65.79,0.0,0.0,12.47,0.03,0.0,0.0,25.0,injector_abnormality,0.8
fault_injector_abnormality_1,3393,1789815358.1580129,0.0,25.77,-54.14,0.0,65.55,0.0003,0.01,12.51,0.04,0.0,0.0,25.0,injector_abnormality,0.8
fault_injector_abnormality_1,3394,1789815359.1580129,0.0,25.76,-54.03,0.01,65.32,0.0,0.03,12.5,0.02,0.0,0.0,25.0,injector_abnormality,0.8
fault_injector_abnormality_1,3395,1789815360.1580129,0.0,25.75,-54.75,0.01,65.11,0.0,0.03,12.49,0.02,0.0,0.0,25.0,injector_abnormality,0.8
fault_injector_abnormality_1,3396,1789815361.1580129,0.0,25.69,-54.7,0.01,64.9,0.0,0.02,12.43,0.04,0.0,0.0,25.0,injector_abnormality,0.8
fault_injector_abnormality_1,3397,1789815362.1580129,0.0,25.64,-54.35,0.01,64.69,0.0,0.01,12.52,0.03,0.0,0.0,25.0,injector_abnormality,0.8
fault_injector_abnormality_1,3398,1789815363.1580129,0.0,25.64,-54.71,0.01,64.46,0.0,0.0,12.46,0.04,0.0,0.0,25.0,injector_abnormality,0.8
fault_injector_abnormality_1,3399,1789815364.1580129,0.0,25.6,-55.0,0.01,64.25,0.0,0.0,12.56,0.01,0.0,0.0,25.0,injector_abnormality,0.8
fault_injector_abnormality_1,3400,1789815365.1580129,0.0,25.56,-54.72,0.01,64.03,0.0001,0.0,12.51,0.03,0.0,0.0,25.0,injector_abnormality,0.8
fault_injector_abnormality_1,3401,1789815366.1580129,0.0,25.53,-55.0,0.01,63.81,0.0,0.0,12.5,0.0,0.0,0.0,25.0,injector_abnormality,0.8
fault_injector_abnormality_1,3402,1789815367.1580129,0.0,25.5,-55.0,0.0,63.59,0.0,0.0,12.51,0.0,0.0,0.0,25.0,injector_abnormality,0.8
fault_injector_abnormality_1,3403,1789815368.1580129,0.0,25.5,-55.0,0.0,63.37,0.0,0.0,12.52,0.02,0.0,0.0,25.0,injector_abnormality,0.8
fault_injector_abnormality_1,3404,1789815369.1580129,0.0,25.48,-55.0,0.0,63.16,0.0,0.0,12.58,0.01,0.0,0.0,25.0,injector_abnormality,0.8
fault_injector_abnormality_1,3405,1789815370.1580129,0.4,25.47,-55.0,0.0,62.95,0.0003,0.0,12.61,0.02,0.0,0.0,25.0,injector_abnormality,0.8
fault_injector_abnormality_1,3406,1789815371.1580129,0.7,25.46,-55.0,0.01,62.76,0.0002,0.01,12.6,0.05,0.0,0.0,25.0,injector_abnormality,0.8
fault_injector_abnormality_1,3407,1789815372.1580129,0.4,25.4,-55.0,0.0,62.55,0.0006,0.01,12.61,0.06,0.0,0.0,25.0,injector_abnormality,0.8
fault_injector_abnormality_1,3408,1789815373.1580129,1.6,25.36,-55.0,0.0,62.35,0.0,0.01,12.62,0.04,0.0,0.0,25.0,injector_abnormality,0.8
fault_injector_abnormality_1,3409,1789815374.1580129,0.0,25.36,-55.0,0.0,62.16,0.0,0.01,12.68,0.0,0.0,0.0,25.0,injector_abnormality,0.8
fault_injector_abnormality_1,3410,1789815375.1580129,0.0,25.36,-55.0,0.0,61.95,0.0,0.0,12.52,0.0,0.0,0.0,25.0,injector_abnormality,0.8
fault_injector_abnormality_1,3411,1789815376.1580129,0.0,25.31,-55.0,0.0,61.73,0.0,0.01,12.54,0.0,0.0,0.0,25.0,injector_abnormality,0.8
fault_injector_abnormality_1,3412,1789815377.1580129,0.5,25.32,-55.0,0.0,61.53,0.0,0.01,12.48,0.0,0.0,0.0,25.0,injector_abnormality,0.8
fault_injector_abnormality_1,3413,1789815378.1580129,1.1,25.3,-55.0,0.0,61.32,0.0,0.01,12.48,0.0,0.0,0.0,25.0,injector_abnormality,0.8
fault_injector_abnormality_1,3414,1789815379.1580129,2.9,25.27,-55.0,0.0,61.14,0.0,0.0,12.47,0.0,0.0,0.0,25.0,injector_abnormality,0.8
fault_injector_abnormality_1,3415,1789815380.1580129,0.6,25.27,-55.0,0.0,60.93,0.0001,0.0,12.43,0.0,0.0,0.0,25.0,injector_abnormality,0.8
fault_injector_abnormality_1,3416,1789815381.1580129,0.2,25.27,-55.0,0.0,60.73,0.0,0.0,12.42,0.0,0.0,0.0,25.0,injector_abnormality,0.8
fault_injector_abnormality_1,3417,1789815382.1580129,0.0,25.25,-54.93,0.01,60.56,0.0002,0.01,12.43,0.0,0.0,0.0,25.0,injector_abnormality,0.8
fault_injector_abnormality_1,3418,1789815383.1580129,2.1,25.24,-55.0,0.0,60.35,0.0,0.02,12.41,0.0,0.0,0.0,25.0,injector_abnormality,0.8
fault_injector_abnormality_1,3419,1789815384.1580129,5.2,25.2,-55.0,0.01,60.15,0.0,0.01,12.4,0.0,0.0,0.0,25.0,injector_abnormality,0.8
fault_injector_abnormality_1,3420,1789815385.1580129,4.1,25.19,-55.0,0.01,59.96,0.0,0.01,12.4,0.0,0.0,0.0,25.0,injector_abnormality,0.8
fault_injector_abnormality_1,3421,1789815386.1580129,2.5,25.18,-54.89,0.0,59.77,0.0007,0.01,12.39,0.0,0.0,0.0,25.0,injector_abnormality,0.8
fault_injector_abnormality_1,3422,1789815387.1580129,2.0,25.19,-55.0,0.0,59.57,0.0004,0.0,12.37,0.0,0.0,0.0,25.0,injector_abnormality,0.8
fault_injector_abnormality_1,3423,1789815388.1580129,4.3,25.15,-54.9,0.0,59.39,0.0004,0.0,12.35,0.0,0.0,0.0,25.0,injector_abnormality,0.8
fault_injector_abnormality_1,3424,1789815389.1580129,2.0,25.15,-55.0,0.0,59.2,0.0,0.01,12.41,0.0,0.0,0.0,25.0,injector_abnormality,0.8
fault_injector_abnormality_1,3425,1789815390.1580129,3.4,25.16,-55.0,0.01,59.01,0.0,0.01,12.46,0.03,0.0,0.0,25.0,injector_abnormality,0.8
fault_injector_abnormality_1,3426,1789815391.1580129,3.7,25.18,-55.0,0.01,58.82,0.0,0.01,12.38,0.02,0.0,0.0,25.0,injector_abnormality,0.8
fault_injector_abnormality_1,3427,1789815392.1580129,2.8,25.15,-54.72,0.0,58.64,0.0,0.01,12.4,0.03,0.0,0.0,25.0,injector_abnormality,0.8
fault_injector_abnormality_1,3428,1789815393.1580129,1.0,25.13,-54.47,0.01,58.46,0.0,0.01,12.4,0.0,0.0,0.0,25.0,injector_abnormality,0.8
fault_injector_abnormality_1,3429,1789815394.1580129,1.6,25.11,-53.99,0.01,58.26,0.0,0.0,12.33,0.01,0.0,0.0,25.0,injector_abnormality,0.8
fault_injector_abnormality_1,3430,1789815395.1580129,2.3,25.12,-54.42,0.0,58.08,0.0,0.0,12.34,0.03,0.0,0.0,25.0,injector_abnormality,0.8
fault_injector_abnormality_1,3431,1789815396.1580129,0.9,25.11,-54.48,0.0,57.9,0.0005,0.0,12.4,0.0,0.0,0.0,25.0,injector_abnormality,0.8
fault_injector_abnormality_1,3432,1789815397.1580129,2.3,25.09,-53.95,0.0,57.71,0.0,0.0,12.39,0.0,0.0,0.0,25.0,injector_abnormality,0.8
fault_injector_abnormality_1,3433,1789815398.1580129,0.0,25.08,-54.28,0.0,57.54,0.0,0.0,12.42,0.0,0.0,0.0,25.0,injector_abnormality,0.8
fault_injector_abnormality_1,3434,1789815399.1580129,1.8,25.06,-54.95,0.0,57.35,0.0,0.0,12.39,0.0,0.0,0.0,25.0,injector_abnormality,0.8
fault_injector_abnormality_1,3435,1789815400.1580129,0.3,25.04,-54.71,0.0,57.18,0.0,0.0,12.37,0.0,0.0,0.0,25.0,injector_abnormality,0.8
fault_injector_abnormality_1,3436,1789815401.1580129,0.0,25.02,-54.72,0.0,57.0,0.0,0.01,12.41,0.0,0.0,0.0,25.0,injector_abnormality,0.8
fault_injector_abnormality_1,3437,1789815402.1580129,0.0,25.05,-54.53,0.0,56.83,0.0,0.01,12.46,0.0,0.0,0.0,25.0,injector_abnormality,0.8
fault_injector_abnormality_1,3438,1789815403.1580129,0.0,25.07,-53.88,0.0,56.64,0.0,0.0,12.51,0.03,0.0,0.0,25.0,injector_abnormality,0.8
fault_injector_abnormality_1,3439,1789815404.1580129,0.0,25.07,-53.73,0.0,56.47,0.0,0.0,12.6,0.01,0.0,0.0,25.0,injector_abnormality,0.8
fault_injector_abnormality_1,3440,1789815405.1580129,0.7,25.09,-53.84,0.0,56.29,0.0,0.01,12.58,0.0,0.0,0.0,25.0,injector_abnormality,0.8
fault_injector_abnormality_1,3441,1789815406.1580129,0.1,25.07,-54.34,0.0,56.13,0.0,0.01,12.64,0.0,0.0,0.0,25.0,injector_abnormality,0.8
fault_injector_abnormality_1,3442,1789815407.1580129,0.0,25.05,-54.64,0.0,55.96,0.0,0.01,12.57,0.0,0.0,0.0,25.0,injector_abnormality,0.8
fault_injector_abnormality_1,3443,1789815408.1580129,0.0,25.06,-54.57,0.0,55.79,0.0001,0.0,12.61,0.02,0.0,0.0,25.0,injector_abnormality,0.8
fault_injector_abnormality_1,3444,1789815409.1580129,0.0,25.1,-54.07,0.0,55.61,0.0,0.0,12.65,0.03,0.0,0.0,25.0,injector_abnormality,0.8
fault_injector_abnormality_1,3445,1789815410.1580129,0.0,25.05,-54.05,0.0,55.42,0.0005,0.0,12.64,0.03,0.0,0.0,25.0,injector_abnormality,0.8
fault_injector_abnormality_1,3446,1789815411.1580129,0.0,25.09,-54.38,0.0,55.25,0.0,0.0,12.54,0.0,0.0,0.0,25.0,injector_abnormality,0.8
fault_injector_abnormality_1,3447,1789815412.1580129,0.0,25.08,-54.57,0.0,55.1,0.0,0.0,12.49,0.0,0.0,0.0,25.0,injector_abnormality,0.8
fault_injector_abnormality_1,3448,1789815413.1580129,0.0,25.06,-54.21,0.0,54.93,0.0,0.0,12.48,0.0,0.0,0.0,25.0,injector_abnormality,0.8
fault_injector_abnormality_1,3449,1789815414.1580129,0.7,25.09,-54.38,0.0,54.77,0.0,0.0,12.44,0.01,0.0,0.0,25.0,injector_abnormality,0.8
fault_injector_abnormality_1,3450,1789815415.1580129,0.2,25.09,-54.3,0.0,54.59,0.0,0.0,12.4,0.0,0.0,0.0,25.0,injector_abnormality,0.8
fault_injector_abnormality_1,3451,1789815416.1580129,0.9,25.08,-54.52,0.0,54.43,0.0,0.0,12.34,0.0,0.0,0.0,25.0,injector_abnormality,0.8
fault_injector_abnormality_1,3452,1789815417.1580129,1.7,25.09,-54.49,0.0,54.28,0.0,0.0,12.42,0.0,0.0,0.0,25.0,injector_abnormality,0.8
fault_injector_abnormality_1,3453,1789815418.1580129,2.8,25.11,-54.05,0.0,54.11,0.0,0.0,12.4,0.0,0.0,0.0,25.0,injector_abnormality,0.8
fault_injector_abnormality_1,3454,1789815419.1580129,4.0,25.1,-54.7,0.0,53.95,0.0,0.0,12.36,0.0,0.0,0.0,25.0,injector_abnormality,0.8
fault_injector_abnormality_1,3455,1789815420.1580129,3.7,25.09,-54.77,0.0,53.78,0.0,0.0,12.32,0.0,0.0,0.0,25.0,injector_abnormality,0.8
fault_injector_abnormality_1,3456,1789815421.1580129,3.4,25.11,-54.78,0.0,53.62,0.0,0.03,12.39,0.0,0.0,0.0,25.0,injector_abnormality,0.8
fault_injector_abnormality_1,3457,1789815422.1580129,1.3,25.1,-54.41,0.0,53.46,0.0002,0.02,12.38,0.03,0.0,0.0,25.0,injector_abnormality,0.8
fault_injector_abnormality_1,3458,1789815423.1580129,0.8,25.09,-54.74,0.0,53.3,0.0004,0.01,12.31,0.02,0.0,0.0,25.0,injector_abnormality,0.8
fault_injector_abnormality_1,3459,1789815424.1580129,1.2,25.07,-54.84,0.0,53.15,0.0009,0.01,12.32,0.02,0.0,0.0,25.0,injector_abnormality,0.8
fault_injector_abnormality_1,3460,1789815425.1580129,0.0,25.06,-55.0,0.0,52.98,0.0005,0.01,12.43,0.01,0.0,0.0,25.0,injector_abnormality,0.8
fault_injector_abnormality_1,3461,1789815426.1580129,0.0,25.05,-55.0,0.0,52.82,0.0001,0.01,12.46,0.02,0.0,0.0,25.0,injector_abnormality,0.8
fault_injector_abnormality_1,3462,1789815427.1580129,1.0,25.06,-55.0,0.0,52.66,0.0005,0.01,12.5,0.0,0.0,0.0,25.0,injector_abnormality,0.8
fault_injector_abnormality_1,3463,1789815428.1580129,1.9,25.07,-55.0,0.0,52.51,0.0,0.0,12.49,0.03,0.0,0.0,25.0,injector_abnormality,0.8
fault_injector_abnormality_1,3464,1789815429.1580129,2.6,25.08,-55.0,0.0,52.36,0.0,0.0,12.52,0.04,0.0,0.0,25.0,injector_abnormality,0.8
fault_injector_abnormality_1,3465,1789815430.1580129,3.6,25.06,-55.0,0.0,52.2,0.0,0.0,12.46,0.0,0.0,0.0,25.0,injector_abnormality,0.8
fault_injector_abnormality_1,3466,1789815431.1580129,3.8,25.04,-55.0,0.0,52.05,0.0003,0.0,12.51,0.0,0.0,0.0,25.0,injector_abnormality,0.8
fault_injector_abnormality_1,3467,1789815432.1580129,4.3,25.03,-55.0,0.0,51.9,0.0005,0.0,12.46,0.0,0.0,0.0,25.0,injector_abnormality,0.8
fault_injector_abnormality_1,3468,1789815433.1580129,4.3,25.07,-55.0,0.0,51.74,0.0001,0.0,12.42,0.0,0.0,0.0,25.0,injector_abnormality,0.8
fault_injector_abnormality_1,3469,1789815434.1580129,2.5,25.07,-55.0,0.0,51.58,0.0006,0.0,12.47,0.04,0.0,0.0,25.0,injector_abnormality,0.8
fault_injector_abnormality_1,3470,1789815435.1580129,2.9,25.06,-55.0,0.0,51.44,0.0008,0.0,12.49,0.0,0.0,0.0,25.0,injector_abnormality,0.8
fault_injector_abnormality_1,3471,1789815436.1580129,3.3,25.03,-55.0,0.0,51.28,0.0,0.0,12.48,0.02,0.0,0.0,25.0,injector_abnormality,0.8
fault_injector_abnormality_1,3472,1789815437.1580129,1.4,25.03,-55.0,0.0,51.11,0.0005,0.0,12.46,0.0,0.0,0.0,25.0,injector_abnormality,0.8
fault_injector_abnormality_1,3473,1789815438.1580129,0.0,25.0,-55.0,0.0,50.96,0.0002,0.0,12.4,0.01,0.0,0.0,25.0,injector_abnormality,0.8
fault_injector_abnormality_1,3474,1789815439.1580129,0.0,25.0,-55.0,0.0,50.83,0.0,0.0,12.37,0.0,0.0,0.0,25.0,injector_abnormality,0.8
fault_injector_abnormality_1,3475,1789815440.1580129,0.6,25.0,-55.0,0.0,50.68,0.0,0.0,12.32,0.0,0.0,0.0,25.0,injector_abnormality,0.8
fault_injector_abnormality_1,3476,1789815441.1580129,0.0,25.0,-55.0,0.0,50.54,0.0,0.0,12.34,0.0,0.0,0.0,25.0,injector_abnormality,0.8
fault_injector_abnormality_1,3477,1789815442.1580129,0.0,25.05,-55.0,0.0,50.41,0.0,0.0,12.38,0.0,0.0,0.0,25.0,injector_abnormality,0.8
fault_injector_abnormality_1,3478,1789815443.1580129,0.0,25.08,-55.0,0.0,50.29,0.0,0.0,12.33,0.0,0.0,0.0,25.0,injector_abnormality,0.8
fault_injector_abnormality_1,3479,1789815444.1580129,0.0,25.07,-55.0,0.0,50.14,0.0,0.0,12.34,0.0,0.0,0.0,25.0,injector_abnormality,0.8
fault_injector_abnormality_1,3480,1789815445.1580129,0.0,25.05,-55.0,0.0,50.0,0.0,0.0,12.32,0.0,0.0,0.0,25.0,injector_abnormality,0.8
fault_injector_abnormality_1,3481,1789815446.1580129,0.0,25.04,-55.0,0.0,49.87,0.0,0.0,12.33,0.01,0.0,0.0,25.0,injector_abnormality,0.8
fault_injector_abnormality_1,3482,1789815447.1580129,0.0,25.04,-54.84,0.0,49.72,0.0001,0.01,12.37,0.0,0.0,0.0,25.0,injector_abnormality,0.8
fault_injector_abnormality_1,3483,1789815448.1580129,0.0,25.02,-54.42,0.0,49.57,0.001,0.0,12.43,0.0,0.0,0.0,25.0,injector_abnormality,0.8
fault_injector_abnormality_1,3484,1789815449.1580129,0.0,25.01,-54.32,0.01,49.43,0.0009,0.0,12.46,0.01,0.0,0.0,25.0,injector_abnormality,0.8
fault_injector_abnormality_1,3485,1789815450.1580129,0.0,25.0,-54.53,0.01,49.29,0.0,0.0,12.45,0.0,0.0,0.0,25.0,injector_abnormality,0.8
fault_injector_abnormality_1,3486,1789815451.1580129,0.1,25.0,-54.63,0.01,49.16,0.0004,0.0,12.49,0.0,0.0,0.0,25.0,injector_abnormality,0.8
fault_injector_abnormality_1,3487,1789815452.1580129,0.0,25.0,-54.87,0.01,49.02,0.0002,0.0,12.46,0.0,0.0,0.0,25.0,injector_abnormality,0.8
fault_injector_abnormality_1,3488,1789815453.1580129,0.0,25.0,-54.79,0.01,48.87,0.0,0.0,12.41,0.0,0.0,0.0,25.0,injector_abnormality,0.8
fault_injector_abnormality_1,3489,1789815454.1580129,0.0,25.0,-54.62,0.01,48.75,0.0001,0.01,12.54,0.01,0.0,0.0,25.0,injector_abnormality,0.8
fault_injector_abnormality_1,3490,1789815455.1580129,0.0,25.01,-55.0,0.01,48.62,0.0006,0.01,12.49,0.01,0.0,0.0,25.0,injector_abnormality,0.8
fault_injector_abnormality_1,3491,1789815456.1580129,0.0,25.0,-55.0,0.01,48.5,0.0005,0.01,12.46,0.0,0.0,0.0,25.0,injector_abnormality,0.8
fault_injector_abnormality_1,3492,1789815457.1580129,1.4,25.0,-55.0,0.01,48.38,0.0004,0.01,12.57,0.01,0.0,0.0,25.0,injector_abnormality,0.8
fault_injector_abnormality_1,3493,1789815458.1580129,3.0,25.0,-55.0,0.0,48.25,0.0,0.01,12.56,0.0,0.0,0.0,25.0,injector_abnormality,0.8
fault_injector_abnormality_1,3494,1789815459.1580129,1.7,25.02,-55.0,0.0,48.14,0.0,0.01,12.49,0.0,0.0,0.0,25.0,injector_abnormality,0.8
fault_injector_abnormality_1,3495,1789815460.1580129,2.5,25.03,-55.0,0.0,48.01,0.0,0.01,12.39,0.0,0.0,0.0,25.0,injector_abnormality,0.8
fault_injector_abnormality_1,3496,1789815461.1580129,4.2,25.03,-55.0,0.01,47.89,0.0,0.0,12.45,0.0,0.0,0.0,25.0,injector_abnormality,0.8
fault_injector_abnormality_1,3497,1789815462.1580129,1.9,25.02,-55.0,0.0,47.76,0.0,0.0,12.35,0.0,0.0,0.0,25.0,injector_abnormality,0.8
fault_injector_abnormality_1,3498,1789815463.1580129,1.5,25.0,-55.0,0.01,47.63,0.0,0.0,12.36,0.03,0.0,0.0,25.0,injector_abnormality,0.8
fault_injector_abnormality_1,3499,1789815464.1580129,1.4,25.0,-55.0,0.01,47.5,0.0,0.0,12.4,0.06,0.0,0.0,25.0,injector_abnormality,0.8
fault_injector_abnormality_1,3500,1789815465.1580129,0.6,25.0,-55.0,0.0,47.37,0.0001,0.0,12.43,0.03,0.0,0.0,25.0,injector_abnormality,0.8
fault_injector_abnormality_1,3501,1789815466.1580129,0.8,25.0,-55.0,0.01,47.24,0.0,0.0,12.45,0.0,0.0,0.0,25.0,injector_abnormality,0.8
fault_injector_abnormality_1,3502,1789815467.1580129,3.9,25.0,-55.0,0.01,47.13,0.0003,0.0,12.41,0.0,0.0,0.0,25.0,injector_abnormality,0.8
fault_injector_abnormality_1,3503,1789815468.1580129,4.0,25.0,-55.0,0.0,47.0,0.001,0.0,12.4,0.0,0.0,0.0,25.0,injector_abnormality,0.8
fault_injector_abnormality_1,3504,1789815469.1580129,4.7,25.0,-55.0,0.0,46.88,0.0001,0.0,12.39,0.0,0.0,0.0,25.0,injector_abnormality,0.8
fault_injector_abnormality_1,3505,1789815470.1580129,4.5,25.0,-55.0,0.01,46.76,0.0003,0.0,12.41,0.01,0.0,0.0,25.0,injector_abnormality,0.8
fault_injector_abnormality_1,3506,1789815471.1580129,6.8,25.0,-54.57,0.0,46.64,0.0,0.0,12.35,0.02,0.0,0.0,25.0,injector_abnormality,0.8
fault_injector_abnormality_1,3507,1789815472.1580129,5.9,25.0,-55.0,0.0,46.53,0.0,0.0,12.36,0.0,0.0,0.0,25.0,injector_abnormality,0.8
fault_injector_abnormality_1,3508,1789815473.1580129,4.4,25.0,-54.53,0.01,46.42,0.0,0.0,12.31,0.0,0.0,0.0,25.0,injector_abnormality,0.8
fault_injector_abnormality_1,3509,1789815474.1580129,3.5,25.0,-54.01,0.01,46.29,0.0004,0.0,12.29,0.0,0.0,0.0,25.0,injector_abnormality,0.8
fault_injector_abnormality_1,3510,1789815475.1580129,2.0,25.0,-54.21,0.0,46.18,0.0003,0.0,12.33,0.0,0.0,0.0,25.0,injector_abnormality,0.8
fault_injector_abnormality_1,3511,1789815476.1580129,1.8,25.01,-54.5,0.01,46.06,0.0002,0.0,12.3,0.06,0.0,0.0,25.0,injector_abnormality,0.8
fault_injector_abnormality_1,3512,1789815477.1580129,0.0,25.02,-54.64,0.01,45.95,0.0001,0.0,12.28,0.02,0.0,0.0,25.0,injector_abnormality,0.8
fault_injector_abnormality_1,3513,1789815478.1580129,0.9,25.04,-54.24,0.01,45.82,0.0002,0.0,12.23,0.0,0.0,0.0,25.0,injector_abnormality,0.8
fault_injector_abnormality_1,3514,1789815479.1580129,0.6,25.03,-54.16,0.01,45.7,0.0006,0.0,12.29,0.0,0.0,0.0,25.0,injector_abnormality,0.8
fault_injector_abnormality_1,3515,1789815480.1580129,0.7,25.01,-54.39,0.0,45.59,0.0002,0.01,12.43,0.0,0.0,0.0,25.0,injector_abnormality,0.8
fault_injector_abnormality_1,3516,1789815481.1580129,0.8,25.03,-54.07,0.0,45.48,0.0,0.0,12.4,0.0,0.0,0.0,25.0,injector_abnormality,0.8
fault_injector_abnormality_1,3517,1789815482.1580129,0.3,25.02,-54.11,0.0,45.38,0.0,0.0,12.34,0.0,0.0,0.0,25.0,injector_abnormality,0.8
fault_injector_abnormality_1,3518,1789815483.1580129,2.0,25.04,-54.28,0.0,45.27,0.0,0.01,12.33,0.0,0.0,0.0,25.0,injector_abnormality,0.8
fault_injector_abnormality_1,3519,1789815484.1580129,0.3,25.02,-54.92,0.0,45.16,0.0,0.01,12.35,0.0,0.0,0.0,25.0,injector_abnormality,0.8
fault_injector_abnormality_1,3520,1789815485.1580129,0.0,25.04,-54.33,0.0,45.05,0.0,0.0,12.32,0.0,0.0,0.0,25.0,injector_abnormality,0.8
fault_injector_abnormality_1,3521,1789815486.1580129,0.0,25.01,-54.33,0.0,44.93,0.0,0.0,12.37,0.0,0.0,0.0,25.0,injector_abnormality,0.8
fault_injector_abnormality_1,3522,1789815487.1580129,0.0,25.0,-54.14,0.0,44.83,0.0003,0.01,12.32,0.0,0.0,0.0,25.0,injector_abnormality,0.8
fault_injector_abnormality_1,3523,1789815488.1580129,0.0,25.0,-53.81,0.0,44.72,0.0001,0.01,12.31,0.0,0.0,0.0,25.0,injector_abnormality,0.8
fault_injector_abnormality_1,3524,1789815489.1580129,0.0,25.0,-53.92,0.0,44.6,0.0,0.01,12.31,0.01,0.0,0.0,25.0,injector_abnormality,0.8
fault_injector_abnormality_1,3525,1789815490.1580129,0.1,25.0,-53.85,0.0,44.51,0.0,0.01,12.42,0.0,0.0,0.0,25.0,injector_abnormality,0.8
fault_injector_abnormality_1,3526,1789815491.1580129,0.0,25.0,-54.31,0.0,44.41,0.0,0.01,12.46,0.0,0.0,0.0,25.0,injector_abnormality,0.8
fault_injector_abnormality_1,3527,1789815492.1580129,0.0,25.0,-54.66,0.0,44.28,0.0,0.01,12.51,0.0,0.0,0.0,25.0,injector_abnormality,0.8
fault_injector_abnormality_1,3528,1789815493.1580129,1.0,25.0,-54.9,0.0,44.19,0.0001,0.0,12.45,0.01,0.0,0.0,25.0,injector_abnormality,0.8
fault_injector_abnormality_1,3529,1789815494.1580129,0.1,25.0,-54.9,0.0,44.08,0.0,0.01,12.38,0.01,0.0,0.0,25.0,injector_abnormality,0.8
fault_injector_abnormality_1,3530,1789815495.1580129,0.1,25.0,-55.0,0.01,43.97,0.0001,0.0,12.42,0.02,0.0,0.0,25.0,injector_abnormality,0.8
fault_injector_abnormality_1,3531,1789815496.1580129,0.0,25.0,-54.68,0.01,43.87,0.0,0.0,12.36,0.0,0.0,0.0,25.0,injector_abnormality,0.8
fault_injector_abnormality_1,3532,1789815497.1580129,0.0,25.0,-54.91,0.01,43.75,0.0002,0.0,12.41,0.0,0.0,0.0,25.0,injector_abnormality,0.8
fault_injector_abnormality_1,3533,1789815498.1580129,0.0,25.0,-54.15,0.01,43.64,0.0,0.0,12.4,0.0,0.0,0.0,25.0,injector_abnormality,0.8
fault_injector_abnormality_1,3534,1789815499.1580129,0.0,25.0,-54.38,0.01,43.54,0.0,0.0,12.32,0.01,0.0,0.0,25.0,injector_abnormality,0.8
fault_injector_abnormality_1,3535,1789815500.1580129,0.0,25.0,-54.45,0.01,43.44,0.0,0.0,12.34,0.02,0.0,0.0,25.0,injector_abnormality,0.8
fault_injector_abnormality_1,3536,1789815501.1580129,1.1,25.0,-54.6,0.02,43.31,0.0,0.0,12.37,0.0,0.0,0.0,25.0,injector_abnormality,0.8
fault_injector_abnormality_1,3537,1789815502.1580129,1.7,25.0,-54.99,0.02,43.21,0.0,0.0,12.41,0.0,0.0,0.0,25.0,injector_abnormality,0.8
fault_injector_abnormality_1,3538,1789815503.1580129,1.3,25.0,-55.0,0.01,43.13,0.0,0.0,12.46,0.0,0.0,0.0,25.0,injector_abnormality,0.8
fault_injector_abnormality_1,3539,1789815504.1580129,0.3,25.0,-55.0,0.0,43.02,0.0,0.0,12.49,0.0,0.0,0.0,25.0,injector_abnormality,0.8
fault_injector_abnormality_1,3540,1789815505.1580129,0.0,25.0,-55.0,0.0,42.92,0.0,0.0,12.42,0.0,0.0,0.0,25.0,injector_abnormality,0.8
fault_injector_abnormality_1,3541,1789815506.1580129,0.0,25.0,-55.0,0.0,42.81,0.0,0.01,12.4,0.0,0.0,0.0,25.0,injector_abnormality,0.8
fault_injector_abnormality_1,3542,1789815507.1580129,0.0,25.05,-55.0,0.0,42.72,0.0,0.0,12.44,0.0,0.0,0.0,25.0,injector_abnormality,0.8
fault_injector_abnormality_1,3543,1789815508.1580129,0.0,25.05,-55.0,0.0,42.64,0.0004,0.0,12.48,0.0,0.0,0.0,25.0,injector_abnormality,0.8
fault_injector_abnormality_1,3544,1789815509.1580129,0.0,25.03,-55.0,0.0,42.53,0.0003,0.01,12.55,0.03,0.0,0.0,25.0,injector_abnormality,0.8
fault_injector_abnormality_1,3545,1789815510.1580129,0.0,25.02,-55.0,0.0,42.44,0.0006,0.0,12.56,0.02,0.0,0.0,25.0,injector_abnormality,0.8
fault_injector_abnormality_1,3546,1789815511.1580129,0.0,25.01,-55.0,0.0,42.33,0.0,0.0,12.53,0.0,0.0,0.0,25.0,injector_abnormality,0.8
fault_injector_abnormality_1,3547,1789815512.1580129,0.0,25.0,-55.0,0.01,42.23,0.0,0.0,12.54,0.0,0.0,0.0,25.0,injector_abnormality,0.8
fault_injector_abnormality_1,3548,1789815513.1580129,0.0,25.0,-55.0,0.02,42.15,0.0007,0.0,12.49,0.0,0.0,0.0,25.0,injector_abnormality,0.8
fault_injector_abnormality_1,3549,1789815514.1580129,0.0,25.0,-55.0,0.01,42.05,0.0008,0.0,12.55,0.0,0.0,0.0,25.0,injector_abnormality,0.8
fault_injector_abnormality_1,3550,1789815515.1580129,0.0,25.02,-55.0,0.01,41.94,0.0004,0.01,12.54,0.0,0.0,0.0,25.0,injector_abnormality,0.8
fault_injector_abnormality_1,3551,1789815516.1580129,0.0,25.0,-54.92,0.01,41.86,0.0001,0.01,12.57,0.01,0.0,0.0,25.0,injector_abnormality,0.8
fault_injector_abnormality_1,3552,1789815517.1580129,0.0,25.02,-54.68,0.01,41.76,0.0007,0.0,12.63,0.01,0.0,0.0,25.0,injector_abnormality,0.8
fault_injector_abnormality_1,3553,1789815518.1580129,0.5,25.03,-54.74,0.01,41.67,0.0007,0.0,12.55,0.0,0.0,0.0,25.0,injector_abnormality,0.8
fault_injector_abnormality_1,3554,1789815519.1580129,0.3,25.02,-55.0,0.0,41.59,0.0,0.01,12.59,0.02,0.0,0.0,25.0,injector_abnormality,0.8
fault_injector_abnormality_1,3555,1789815520.1580129,0.3,25.0,-55.0,0.0,41.49,0.0,0.0,12.52,0.0,0.0,0.0,25.0,injector_abnormality,0.8
fault_injector_abnormality_1,3556,1789815521.1580129,2.3,25.0,-55.0,0.0,41.4,0.0,0.0,12.55,0.0,0.0,0.0,25.0,injector_abnormality,0.8
fault_injector_abnormality_1,3557,1789815522.1580129,2.5,25.0,-55.0,0.0,41.32,0.0002,0.0,12.47,0.0,0.0,0.0,25.0,injector_abnormality,0.8
fault_injector_abnormality_1,3558,1789815523.1580129,3.0,25.0,-55.0,0.0,41.23,0.0,0.0,12.42,0.0,0.0,0.0,25.0,injector_abnormality,0.8
fault_injector_abnormality_1,3559,1789815524.1580129,4.9,25.0,-54.93,0.0,41.13,0.0002,0.0,12.44,0.03,0.0,0.0,25.0,injector_abnormality,0.8
fault_injector_abnormality_1,3560,1789815525.1580129,6.6,25.0,-54.95,0.0,41.04,0.0001,0.0,12.47,0.0,0.0,0.0,25.0,injector_abnormality,0.8
fault_injector_abnormality_1,3561,1789815526.1580129,5.5,25.0,-54.84,0.0,40.96,0.0002,0.0,12.47,0.02,0.0,0.0,25.0,injector_abnormality,0.8
fault_injector_abnormality_1,3562,1789815527.1580129,4.1,25.01,-54.6,0.0,40.87,0.0003,0.0,12.51,0.0,0.0,0.0,25.0,injector_abnormality,0.8
fault_injector_abnormality_1,3563,1789815528.1580129,5.3,25.03,-54.35,0.0,40.77,0.0004,0.0,12.56,0.0,0.0,0.0,25.0,injector_abnormality,0.8
fault_injector_abnormality_1,3564,1789815529.1580129,1.1,25.0,-54.09,0.0,40.68,0.0002,0.0,12.53,0.0,0.0,0.0,25.0,injector_abnormality,0.8
fault_injector_abnormality_1,3565,1789815530.1580129,1.3,25.02,-54.62,0.0,40.6,0.0,0.0,12.47,0.0,0.0,0.0,25.0,injector_abnormality,0.8
fault_injector_abnormality_1,3566,1789815531.1580129,0.0,25.01,-54.27,0.0,40.52,0.0004,0.0,12.49,0.03,0.0,0.0,25.0,injector_abnormality,0.8
fault_injector_abnormality_1,3567,1789815532.1580129,1.2,25.0,-53.65,0.0,40.43,0.0001,0.01,12.55,0.0,0.0,0.0,25.0,injector_abnormality,0.8
fault_injector_abnormality_1,3568,1789815533.1580129,2.4,25.01,-53.96,0.0,40.35,0.0003,0.0,12.53,0.0,0.0,0.0,25.0,injector_abnormality,0.8
fault_injector_abnormality_1,3569,1789815534.1580129,1.0,25.0,-54.1,0.0,40.28,0.0006,0.01,12.54,0.0,0.0,0.0,25.0,injector_abnormality,0.8
fault_injector_abnormality_1,3570,1789815535.1580129,2.4,25.0,-53.78,0.0,40.19,0.001,0.01,12.54,0.0,0.0,0.0,25.0,injector_abnormality,0.8
fault_injector_abnormality_1,3571,1789815536.1580129,0.3,25.0,-53.82,0.0,40.09,0.0006,0.01,12.51,0.0,0.0,0.0,25.0,injector_abnormality,0.8
fault_injector_abnormality_1,3572,1789815537.1580129,2.6,25.0,-53.92,0.0,40.04,0.0001,0.01,12.51,0.0,0.0,0.0,25.0,injector_abnormality,0.8
fault_injector_abnormality_1,3573,1789815538.1580129,3.4,25.0,-53.93,0.0,39.95,0.0,0.0,12.57,0.0,0.0,0.0,25.0,injector_abnormality,0.8
fault_injector_abnormality_1,3574,1789815539.1580129,1.0,25.0,-53.81,0.0,39.86,0.0007,0.01,12.49,0.02,0.0,0.0,25.0,injector_abnormality,0.8
fault_injector_abnormality_1,3575,1789815540.1580129,0.7,25.0,-54.07,0.0,39.75,0.0013,0.01,12.51,0.04,0.0,0.0,25.0,injector_abnormality,0.8
fault_injector_abnormality_1,3576,1789815541.1580129,0.2,25.0,-54.06,0.0,39.68,0.0019,0.02,12.61,0.03,0.0,0.0,25.0,injector_abnormality,0.8
fault_injector_abnormality_1,3577,1789815542.1580129,1.5,25.0,-54.24,0.0,39.62,0.0021,0.03,12.59,0.01,0.0,0.0,25.0,injector_abnormality,0.8
fault_injector_abnormality_1,3578,1789815543.1580129,2.4,25.0,-54.02,0.01,39.55,0.0012,0.01,12.59,0.0,0.0,0.0,25.0,injector_abnormality,0.8
fault_injector_abnormality_1,3579,1789815544.1580129,3.0,25.01,-54.57,0.0,39.46,0.001,0.01,12.61,0.0,0.0,0.0,25.0,injector_abnormality,0.8
fault_injector_abnormality_1,3580,1789815545.1580129,2.3,25.0,-54.74,0.0,39.39,0.0,0.01,12.67,0.0,0.0,0.0,25.0,injector_abnormality,0.8
fault_injector_abnormality_1,3581,1789815546.1580129,1.9,25.0,-54.72,0.0,39.3,0.0,0.01,12.64,0.0,0.0,0.0,25.0,injector_abnormality,0.8
fault_injector_abnormality_1,3582,1789815547.1580129,0.0,25.0,-55.0,0.0,39.21,0.0001,0.01,12.64,0.0,0.0,0.0,25.0,injector_abnormality,0.8
fault_injector_abnormality_1,3583,1789815548.1580129,0.0,25.0,-55.0,0.0,39.14,0.0001,0.0,12.62,0.0,0.0,0.0,25.0,injector_abnormality,0.8
fault_injector_abnormality_1,3584,1789815549.1580129,0.1,25.0,-55.0,0.01,39.06,0.0,0.0,12.54,0.0,0.0,0.0,25.0,injector_abnormality,0.8
fault_injector_abnormality_1,3585,1789815550.1580129,0.0,25.0,-54.96,0.0,38.98,0.0005,0.0,12.59,0.0,0.0,0.0,25.0,injector_abnormality,0.8
fault_injector_abnormality_1,3586,1789815551.1580129,0.0,25.0,-55.0,0.0,38.91,0.0,0.0,12.67,0.01,0.0,0.0,25.0,injector_abnormality,0.8
fault_injector_abnormality_1,3587,1789815552.1580129,0.3,25.0,-54.58,0.0,38.83,0.0,0.0,12.68,0.0,0.0,0.0,25.0,injector_abnormality,0.8
fault_injector_abnormality_1,3588,1789815553.1580129,0.1,25.0,-54.48,0.0,38.74,0.0,0.0,12.58,0.0,0.0,0.0,25.0,injector_abnormality,0.8
fault_injector_abnormality_1,3589,1789815554.1580129,0.0,25.0,-54.59,0.0,38.67,0.0,0.0,12.56,0.03,0.0,0.0,25.0,injector_abnormality,0.8
fault_injector_abnormality_1,3590,1789815555.1580129,2.0,25.0,-54.57,0.01,38.58,0.0,0.0,12.57,0.0,0.0,0.0,25.0,injector_abnormality,0.8
fault_injector_abnormality_1,3591,1789815556.1580129,3.6,25.0,-54.88,0.01,38.51,0.0,0.0,12.49,0.03,0.0,0.0,25.0,injector_abnormality,0.8
fault_injector_abnormality_1,3592,1789815557.1580129,4.7,25.0,-54.72,0.0,38.44,0.0,0.0,12.56,0.05,0.0,0.0,25.0,injector_abnormality,0.8
fault_injector_abnormality_1,3593,1789815558.1580129,4.2,25.0,-55.0,0.0,38.35,0.0001,0.0,12.56,0.02,0.0,0.0,25.0,injector_abnormality,0.8
fault_injector_abnormality_1,3594,1789815559.1580129,2.4,25.0,-54.69,0.0,38.29,0.0002,0.01,12.53,0.0,0.0,0.0,25.0,injector_abnormality,0.8
fault_injector_abnormality_1,3595,1789815560.1580129,1.1,25.02,-54.56,0.0,38.22,0.0,0.0,12.47,0.0,0.0,0.0,25.0,injector_abnormality,0.8
fault_injector_abnormality_1,3596,1789815561.1580129,0.0,25.03,-54.96,0.0,38.14,0.0002,0.0,12.5,0.0,0.0,0.0,25.0,injector_abnormality,0.8
fault_injector_abnormality_1,3597,1789815562.1580129,0.0,25.01,-54.89,0.0,38.06,0.0,0.0,12.48,0.0,0.0,0.0,25.0,injector_abnormality,0.8
fault_injector_abnormality_1,3598,1789815563.1580129,0.0,25.03,-54.53,0.0,38.01,0.0002,0.0,12.41,0.0,0.0,0.0,25.0,injector_abnormality,0.8
fault_injector_abnormality_1,3599,1789815564.1580129,0.0,25.01,-54.55,0.0,37.94,0.0008,0.0,12.4,0.0,0.0,0.0,25.0,injector_abnormality,0.8
