mission_id,tick,timestamp,rpm,cht_celsius,egt_celsius,oil_pressure_bar,oil_temp_celsius,vibration,fuel_flow,battery_voltage_v,injection_timing_deg,throttle_position,altitude_m,ambient_temp_celsius,label_fault_type,label_severity
healthy_2,0,1789843936.4093308,0.3,25.01,25.36,0.0,25.02,0.0004,0.01,12.53,0.0,0.0,0.0,25.0,healthy,0.0
healthy_2,1,1789843937.4093308,0.6,25.04,25.47,0.0,25.01,0.0,0.0,12.55,0.0,0.0,0.0,25.0,healthy,0.0
healthy_2,2,1789843938.4093308,0.0,25.07,25.72,0.0,25.03,0.0,0.01,12.54,0.0,0.0,0.0,25.0,healthy,0.0
healthy_2,3,1789843939.4093308,2.1,25.08,25.68,0.0,25.03,0.0001,0.0,12.49,0.0,0.0,0.0,25.0,healthy,0.0
healthy_2,4,1789843940.4093308,0.6,25.07,25.64,0.0,25.04,0.0,0.0,12.52,0.03,0.0,0.0,25.0,healthy,0.0
healthy_2,5,1789843941.4093308,0.7,25.06,25.33,0.0,25.05,0.0,0.0,12.47,0.01,0.0,0.0,25.0,healthy,0.0
healthy_2,6,1789843942.4093308,0.0,25.07,25.0,0.01,25.05,0.0,0.0,12.45,0.0,0.0,0.0,25.0,healthy,0.0
healthy_2,7,1789843943.4093308,0.0,25.04,25.0,0.01,25.05,0.0,0.0,12.46,0.0,0.0,0.0,25.0,healthy,0.0
healthy_2,8,1789843944.4093308,0.0,25.0,25.0,0.0,25.04,0.0009,0.0,12.4,0.0,0.0,0.0,25.0,healthy,0.0
healthy_2,9,1789843945.4093308,0.0,25.0,25.0,0.0,25.04,0.0,0.01,12.46,0.01,0.0,0.0,25.0,healthy,0.0
healthy_2,10,1789843946.4093308,0.0,25.0,25.0,0.0,25.06,0.0002,0.0,12.46,0.0,0.0,0.0,25.0,healthy,0.0
healthy_2,11,1789843947.4093308,0.0,25.0,25.0,0.0,25.07,0.0009,0.0,12.47,0.01,0.0,0.0,25.0,healthy,0.0
healthy_2,12,1789843948.4093308,0.0,25.0,25.0,0.0,25.08,0.0004,0.01,12.46,0.0,0.0,0.0,25.0,healthy,0.0
healthy_2,13,1789843949.4093308,0.0,25.0,25.0,0.0,25.08,0.0006,0.01,12.45,0.01,0.0,0.0,25.0,healthy,0.0
healthy_2,14,1789843950.4093308,0.0,25.0,25.31,0.0,25.06,0.0009,0.01,12.42,0.01,0.0,0.0,25.0,healthy,0.0
healthy_2,15,1789843951.4093308,0.0,25.0,25.53,0.0,25.05,0.0002,0.0,12.45,0.0,0.0,0.0,25.0,healthy,0.0
healthy_2,16,1789843952.4093308,0.0,25.01,25.37,0.0,25.05,0.0,0.0,12.38,0.0,0.0,0.0,25.0,healthy,0.0
healthy_2,17,1789843953.4093308,0.0,25.0,25.13,0.0,25.07,0.0005,0.01,12.38,0.0,0.0,0.0,25.0,healthy,0.0
healthy_2,18,1789843954.4093308,0.0,25.0,25.24,0.0,25.07,0.0012,0.01,12.31,0.0,0.0,0.0,25.0,healthy,0.0
healthy_2,19,1789843955.4093308,0.0,25.0,25.0,0.01,25.06,0.0005,0.02,12.45,0.0,0.0,0.0,25.0,healthy,0.0
healthy_2,20,1789843956.4093308,0.0,25.03,25.0,0.01,25.05,0.0008,0.02,12.43,0.01,0.0,0.0,25.0,healthy,0.0
healthy_2,21,1789843957.4093308,0.0,25.02,25.08,0.01,25.04,0.0002,0.03,12.45,0.05,0.0,0.0,25.0,healthy,0.0
healthy_2,22,1789843958.4093308,0.0,25.05,25.0,0.0,25.04,0.0002,0.03,12.42,0.03,0.0,0.0,25.0,healthy,0.0
healthy_2,23,1789843959.4093308,0.0,25.02,25.0,0.01,25.04,0.0001,0.01,12.43,0.0,0.0,0.0,25.0,healthy,0.0
healthy_2,24,1789843960.4093308,0.0,25.03,25.0,0.0,25.05,0.0,0.02,12.4,0.03,0.0,0.0,25.0,healthy,0.0
healthy_2,25,1789843961.4093308,0.0,25.02,25.0,0.01,25.04,0.0,0.02,12.43,0.0,0.0,0.0,25.0,healthy,0.0
healthy_2,26,1789843962.4093308,0.0,25.03,25.0,0.0,25.04,0.0,0.01,12.49,0.0,0.0,0.0,25.0,healthy,0.0
healthy_2,27,1789843963.4093308,0.0,25.02,25.0,0.0,25.06,0.0004,0.01,12.57,0.0,0.0,0.0,25.0,healthy,0.0
healthy_2,28,1789843964.4093308,0.0,25.05,25.0,0.01,25.08,0.0,0.02,12.45,0.03,0.0,0.0,25.0,healthy,0.0
healthy_2,29,1789843965.4093308,0.0,25.01,25.0,0.0,25.09,0.0005,0.01,12.42,0.0,0.0,0.0,25.0,healthy,0.0
healthy_2,30,1789843966.4093308,0.0,25.0,25.0,0.0,25.1,0.0003,0.01,12.45,0.02,0.0,0.0,25.0,healthy,0.0
healthy_2,31,1789843967.4093308,0.0,25.01,25.0,0.0,25.12,0.0004,0.0,12.42,0.02,0.0,0.0,25.0,healthy,0.0
healthy_2,32,1789843968.4093308,0.5,25.0,25.0,0.0,25.13,0.001,0.0,12.41,0.0,0.0,0.0,25.0,healthy,0.0
healthy_2,33,1789843969.4093308,1.9,25.0,25.0,0.01,25.13,0.0009,0.0,12.44,0.0,0.0,0.0,25.0,healthy,0.0
healthy_2,34,1789843970.4093308,4.2,25.0,25.0,0.01,25.12,0.0001,0.0,12.41,0.01,0.0,0.0,25.0,healthy,0.0
healthy_2,35,1789843971.4093308,2.7,25.0,25.0,0.01,25.13,0.0,0.0,12.45,0.03,0.0,0.0,25.0,healthy,0.0
healthy_2,36,1789843972.4093308,0.7,25.01,25.0,0.01,25.13,0.0002,0.0,12.48,0.02,0.0,0.0,25.0,healthy,0.0
healthy_2,37,1789843973.4093308,1.2,25.0,25.0,0.02,25.15,0.0014,0.01,12.56,0.01,0.0,0.0,25.0,healthy,0.0
healthy_2,38,1789843974.4093308,1.7,25.01,25.0,0.01,25.15,0.001,0.02,12.54,0.0,0.0,0.0,25.0,healthy,0.0
healthy_2,39,1789843975.4093308,0.3,25.02,25.0,0.0,25.14,0.0005,0.02,12.51,0.02,0.0,0.0,25.0,healthy,0.0
healthy_2,40,1789843976.4093308,0.7,25.03,25.0,0.0,25.13,0.0004,0.02,12.47,0.0,0.0,0.0,25.0,healthy,0.0
healthy_2,41,1789843977.4093308,1.3,25.05,25.0,0.01,25.11,0.0008,0.0,12.43,0.0,0.0,0.0,25.0,healthy,0.0
healthy_2,42,1789843978.4093308,0.5,25.01,25.0,0.0,25.09,0.001,0.02,12.45,0.02,0.0,0.0,25.0,healthy,0.0
healthy_2,43,1789843979.4093308,1.6,25.06,25.0,0.0,25.08,0.0003,0.01,12.46,0.02,0.0,0.0,25.0,healthy,0.0
healthy_2,44,1789843980.4093308,3.2,25.06,25.0,0.01,25.08,0.0001,0.01,12.52,0.06,0.0,0.0,25.0,healthy,0.0
healthy_2,45,1789843981.4093308,4.7,25.06,25.0,0.0,25.08,0.0,0.0,12.48,0.03,0.0,0.0,25.0,healthy,0.0
healthy_2,46,1789843982.4093308,5.6,25.05,25.52,0.01,25.08,0.0003,0.0,12.43,0.01,0.0,0.0,25.0,healthy,0.0
healthy_2,47,1789843983.4093308,3.4,25.07,25.65,0.0,25.07,0.0005,0.0,12.37,0.01,0.0,0.0,25.0,healthy,0.0
healthy_2,48,1789843984.4093308,2.0,25.05,25.45,0.0,25.06,0.0,0.0,12.35,0.01,0.0,0.0,25.0,healthy,0.0
healthy_2,49,1789843985.4093308,1.7,25.06,25.47,0.0,25.06,0.0004,0.0,12.39,0.0,0.0,0.0,25.0,healthy,0.0
healthy_2,50,1789843986.4093308,0.0,25.03,25.0,0.0,25.06,0.0,0.0,12.52,0.0,0.0,0.0,25.0,healthy,0.0
healthy_2,51,1789843987.4093308,0.0,25.02,25.0,0.0,25.06,0.0,0.0,12.55,0.0,0.0,0.0,25.0,healthy,0.0
healthy_2,52,1789843988.4093308,0.0,25.01,25.0,0.0,25.06,0.0,0.01,12.65,0.0,0.0,0.0,25.0,healthy,0.0
healthy_2,53,1789843989.4093308,0.0,25.0,25.0,0.0,25.06,0.0,0.01,12.62,0.0,0.0,0.0,25.0,healthy,0.0
healthy_2,54,1789843990.4093308,0.0,25.01,25.0,0.0,25.06,0.0,0.0,12.62,0.01,0.0,0.0,25.0,healthy,0.0
healthy_2,55,1789843991.4093308,0.0,25.0,25.0,0.0,25.06,0.0,0.02,12.62,0.03,0.0,0.0,25.0,healthy,0.0
healthy_2,56,1789843992.4093308,0.0,25.0,25.0,0.01,25.04,0.0,0.01,12.66,0.0,0.0,0.0,25.0,healthy,0.0
healthy_2,57,1789843993.4093308,0.0,25.0,25.0,0.0,25.04,0.0,0.02,12.64,0.0,0.0,0.0,25.0,healthy,0.0
healthy_2,58,1789843994.4093308,0.0,25.0,25.0,0.0,25.03,0.0003,0.02,12.64,0.01,0.0,0.0,25.0,healthy,0.0
healthy_2,59,1789843995.4093308,0.0,25.0,25.0,0.0,25.02,0.0003,0.02,12.62,0.0,0.0,0.0,25.0,healthy,0.0
healthy_2,60,1789843996.4093308,897.3,28.2,145.51,1.58,25.71,0.0118,3.66,13.0,8.25,10.0,0.0,25.0,healthy,0.0
healthy_2,61,1789843997.4093308,1381.6,32.05,244.49,1.97,25.99,0.0157,4.91,13.39,9.44,10.0,0.0,25.0,healthy,0.0
healthy_2,62,1789843998.4093308,1610.7,35.65,323.53,2.15,26.29,0.0098,5.58,13.51,10.61,10.0,0.0,25.0,healthy,0.0
healthy_2,63,1789843999.4093308,1740.6,39.15,375.84,2.19,26.58,0.0099,6.02,13.58,10.97,10.0,0.0,25.0,healthy,0.0
healthy_2,64,1789844000.4093308,1797.7,42.6,418.25,2.35,26.89,0.0176,6.26,13.64,10.86,10.0,0.0,25.0,healthy,0.0
healthy_2,65,1789844001.4093308,1811.5,45.91,457.17,2.31,27.3,0.0188,6.25,13.62,11.04,10.0,0.0,25.0,healthy,0.0
healthy_2,66,1789844002.4093308,1843.1,49.12,484.32,2.33,27.81,0.0281,6.16,13.66,11.22,10.0,0.0,25.0,healthy,0.0
healthy_2,67,1789844003.4093308,1850.9,52.42,500.32,2.39,28.09,0.028,6.39,13.76,11.35,10.0,0.0,25.0,healthy,0.0
healthy_2,68,1789844004.4093308,1869.0,55.07,510.68,2.43,28.34,0.0306,6.41,13.8,11.11,10.0,0.0,25.0,healthy,0.0
healthy_2,69,1789844005.4093308,1852.7,58.02,522.01,2.34,28.56,0.024,6.4,13.83,11.03,10.0,0.0,25.0,healthy,0.0
healthy_2,70,1789844006.4093308,1861.7,61.09,523.79,2.38,28.85,0.0331,6.23,13.79,11.13,10.0,0.0,25.0,healthy,0.0
healthy_2,71,1789844007.4093308,1862.5,63.5,528.59,2.32,29.11,0.0323,6.2,13.83,11.27,10.0,0.0,25.0,healthy,0.0
healthy_2,72,1789844008.4093308,1855.3,66.14,528.14,2.36,29.45,0.0313,6.15,13.88,10.8,10.0,0.0,25.0,healthy,0.0
healthy_2,73,1789844009.4093308,1864.7,68.61,532.87,2.38,29.7,0.0417,6.2,13.91,11.27,10.0,0.0,25.0,healthy,0.0
healthy_2,74,1789844010.4093308,1872.0,70.64,539.13,2.34,30.0,0.0317,6.35,13.93,11.19,10.0,0.0,25.0,healthy,0.0
healthy_2,75,1789844011.4093308,1878.5,72.61,541.48,2.29,30.25,0.034,6.41,13.98,11.34,10.0,0.0,25.0,healthy,0.0
healthy_2,76,1789844012.4093308,1857.9,74.26,540.79,2.22,30.41,0.0332,6.51,14.01,11.29,10.0,0.0,25.0,healthy,0.0
healthy_2,77,1789844013.4093308,1851.7,75.93,538.42,2.23,30.94,0.0305,6.58,13.97,11.5,10.0,0.0,25.0,healthy,0.0
healthy_2,78,1789844014.4093308,1851.7,77.55,540.41,2.32,31.27,0.0307,6.55,13.91,11.7,10.0,0.0,25.0,healthy,0.0
healthy_2,79,1789844015.4093308,1874.8,79.64,544.46,2.33,31.71,0.035,6.59,13.91,11.49,10.0,0.0,25.0,healthy,0.0
healthy_2,80,1789844016.4093308,1860.0,81.36,544.99,2.29,31.93,0.0351,6.39,13.97,11.44,10.0,0.0,25.0,healthy,0.0
healthy_2,81,1789844017.4093308,1856.8,82.97,543.11,2.27,32.12,0.0398,6.33,14.0,11.46,10.0,0.0,25.0,healthy,0.0
healthy_2,82,1789844018.4093308,1829.2,84.03,542.78,2.32,32.38,0.028,6.34,13.88,11.29,10.0,0.0,25.0,healthy,0.0
healthy_2,83,1789844019.4093308,1870.1,84.95,543.23,2.39,32.86,0.0236,6.44,13.8,11.65,10.0,0.0,25.0,healthy,0.0
healthy_2,84,1789844020.4093308,1870.1,86.56,538.41,2.37,33.27,0.0285,6.35,13.85,11.58,10.0,0.0,25.0,healthy,0.0
healthy_2,85,1789844021.4093308,1866.4,87.68,543.46,2.43,33.61,0.0357,6.52,13.8,11.63,10.0,0.0,25.0,healthy,0.0
healthy_2,86,1789844022.4093308,1854.1,88.97,544.82,2.34,33.84,0.0335,6.61,13.81,11.61,10.0,0.0,25.0,healthy,0.0
healthy_2,87,1789844023.4093308,1843.1,89.93,540.16,2.33,34.32,0.0379,6.42,13.8,11.74,10.0,0.0,25.0,healthy,0.0
healthy_2,88,1789844024.4093308,1836.3,90.87,543.17,2.37,34.7,0.0295,6.34,13.79,11.61,10.0,0.0,25.0,healthy,0.0
healthy_2,89,1789844025.4093308,1835.2,91.65,543.06,2.4,35.05,0.0293,6.33,13.74,11.61,10.0,0.0,25.0,healthy,0.0
healthy_2,90,1789844026.4093308,1838.9,92.93,537.23,2.34,35.3,0.025,6.48,13.77,11.53,10.0,0.0,25.0,healthy,0.0
healthy_2,91,1789844027.4093308,1858.0,93.41,536.27,2.43,35.7,0.0253,6.39,13.74,11.41,10.0,0.0,25.0,healthy,0.0
healthy_2,92,1789844028.4093308,1847.2,94.34,537.03,2.41,35.95,0.0153,6.53,13.7,11.61,10.0,0.0,25.0,healthy,0.0
healthy_2,93,1789844029.4093308,1837.4,95.16,539.59,2.35,36.24,0.0205,6.56,13.7,11.37,10.0,0.0,25.0,healthy,0.0
healthy_2,94,1789844030.4093308,1839.1,95.84,540.34,2.32,36.6,0.0171,6.49,13.72,11.43,10.0,0.0,25.0,healthy,0.0
healthy_2,95,1789844031.4093308,1814.1,96.77,544.8,2.34,37.05,0.0174,6.59,13.76,11.21,10.0,0.0,25.0,healthy,0.0
healthy_2,96,1789844032.4093308,1797.9,97.64,548.69,2.37,37.4,0.0256,6.65,13.8,11.32,10.0,0.0,25.0,healthy,0.0
healthy_2,97,1789844033.4093308,1818.3,98.15,545.37,2.37,37.76,0.0223,6.79,13.76,11.25,10.0,0.0,25.0,healthy,0.0
healthy_2,98,1789844034.4093308,1827.8,98.9,543.83,2.36,38.17,0.0212,6.69,13.71,11.23,10.0,0.0,25.0,healthy,0.0
healthy_2,99,1789844035.4093308,1819.4,99.59,544.19,2.31,38.62,0.0212,6.9,13.72,11.36,10.0,0.0,25.0,healthy,0.0
healthy_2,100,1789844036.4093308,1847.5,100.58,542.69,2.37,38.96,0.0248,6.85,13.72,11.35,10.0,0.0,25.0,healthy,0.0
healthy_2,101,1789844037.4093308,1840.8,101.16,543.7,2.36,39.15,0.027,6.78,13.73,11.04,10.0,0.0,25.0,healthy,0.0
healthy_2,102,1789844038.4093308,1843.9,102.2,546.82,2.36,39.55,0.0212,6.77,13.77,11.18,10.0,0.0,25.0,healthy,0.0
healthy_2,103,1789844039.4093308,1823.0,102.79,544.65,2.4,39.87,0.0176,6.65,13.79,11.46,10.0,0.0,25.0,healthy,0.0
healthy_2,104,1789844040.4093308,1826.1,103.04,541.94,2.4,40.19,0.0195,6.69,13.83,11.09,10.0,0.0,25.0,healthy,0.0
healthy_2,105,1789844041.4093308,1830.8,103.49,539.9,2.35,40.23,0.0333,6.58,13.83,11.14,10.0,0.0,25.0,healthy,0.0
healthy_2,106,1789844042.4093308,1837.6,103.82,544.96,2.34,40.52,0.0338,6.65,13.81,11.34,10.0,0.0,25.0,healthy,0.0
healthy_2,107,1789844043.4093308,1840.7,104.51,544.49,2.34,40.76,0.0258,6.66,13.86,11.46,10.0,0.0,25.0,healthy,0.0
healthy_2,108,1789844044.4093308,1838.6,104.9,548.13,2.32,41.2,0.0255,6.66,13.85,11.48,10.0,0.0,25.0,healthy,0.0
healthy_2,109,1789844045.4093308,1829.1,105.09,548.04,2.37,41.51,0.0339,6.59,13.86,10.92,10.0,0.0,25.0,healthy,0.0
healthy_2,110,1789844046.4093308,1833.5,105.19,547.49,2.43,41.86,0.0232,6.76,13.89,11.16,10.0,0.0,25.0,healthy,0.0
healthy_2,111,1789844047.4093308,1808.2,105.58,544.8,2.43,42.18,0.0347,6.44,13.86,11.21,10.0,0.0,25.0,healthy,0.0
healthy_2,112,1789844048.4093308,1820.8,106.27,548.62,2.42,42.41,0.0194,6.33,13.84,11.43,10.0,0.0,25.0,healthy,0.0
healthy_2,113,1789844049.4093308,1812.0,106.32,548.66,2.34,42.73,0.0234,6.32,13.85,11.64,10.0,0.0,25.0,healthy,0.0
healthy_2,114,1789844050.4093308,1822.5,106.41,545.29,2.38,42.85,0.0217,6.41,13.8,11.51,10.0,0.0,25.0,healthy,0.0
healthy_2,115,1789844051.4093308,1814.3,106.45,545.22,2.37,43.0,0.0141,6.29,13.77,11.27,10.0,0.0,25.0,healthy,0.0
healthy_2,116,1789844052.4093308,1804.9,106.77,544.11,2.4,43.21,0.0209,6.39,13.68,11.37,10.0,0.0,25.0,healthy,0.0
healthy_2,117,1789844053.4093308,1809.9,107.17,542.16,2.31,43.57,0.0234,6.3,13.79,11.31,10.0,0.0,25.0,healthy,0.0
healthy_2,118,1789844054.4093308,1822.8,107.28,549.73,2.3,43.86,0.0335,6.2,13.78,11.71,10.0,0.0,25.0,healthy,0.0
healthy_2,119,1789844055.4093308,1828.3,107.26,546.79,2.25,44.16,0.0294,6.35,13.77,11.44,10.0,0.0,25.0,healthy,0.0
healthy_2,120,1789844056.4093308,1827.4,107.31,546.2,2.36,44.62,0.0285,6.38,13.83,11.66,10.0,0.0,25.0,healthy,0.0
healthy_2,121,1789844057.4093308,1813.3,107.85,545.59,2.34,44.96,0.0329,6.58,13.82,11.42,10.0,0.0,25.0,healthy,0.0
healthy_2,122,1789844058.4093308,1817.2,108.07,542.36,2.36,45.03,0.0372,6.69,13.82,11.7,10.0,0.0,25.0,healthy,0.0
healthy_2,123,1789844059.4093308,1833.5,108.38,542.58,2.3,45.31,0.0299,6.7,13.78,11.76,10.0,0.0,25.0,healthy,0.0
healthy_2,124,1789844060.4093308,1850.4,108.74,541.26,2.33,45.63,0.0232,6.69,13.75,11.59,10.0,0.0,25.0,healthy,0.0
healthy_2,125,1789844061.4093308,1852.2,108.89,545.0,2.32,45.91,0.0145,6.66,13.74,11.68,10.0,0.0,25.0,healthy,0.0
healthy_2,126,1789844062.4093308,1828.5,108.95,545.71,2.22,46.22,0.0117,6.54,13.76,11.64,10.0,0.0,25.0,healthy,0.0
healthy_2,127,1789844063.4093308,1852.7,108.94,548.72,2.26,46.35,0.0238,6.48,13.72,11.64,10.0,0.0,25.0,healthy,0.0
healthy_2,128,1789844064.4093308,1858.3,109.25,552.26,2.3,46.55,0.0259,6.48,13.74,11.5,10.0,0.0,25.0,healthy,0.0
healthy_2,129,1789844065.4093308,1848.8,109.13,554.55,2.31,46.74,0.0261,6.69,13.72,10.92,10.0,0.0,25.0,healthy,0.0
healthy_2,130,1789844066.4093308,1838.8,109.21,546.23,2.32,46.99,0.0324,6.5,13.75,10.92,10.0,0.0,25.0,healthy,0.0
healthy_2,131,1789844067.4093308,1852.7,109.2,546.42,2.28,47.28,0.0293,6.47,13.69,10.8,10.0,0.0,25.0,healthy,0.0
healthy_2,132,1789844068.4093308,1832.0,109.23,549.33,2.33,47.59,0.0237,6.59,13.61,10.93,10.0,0.0,25.0,healthy,0.0
healthy_2,133,1789844069.4093308,1841.3,109.38,550.34,2.37,47.98,0.0229,6.34,13.58,11.05,10.0,0.0,25.0,healthy,0.0
healthy_2,134,1789844070.4093308,1821.1,109.2,548.9,2.3,48.13,0.0324,6.41,13.49,11.28,10.0,0.0,25.0,healthy,0.0
healthy_2,135,1789844071.4093308,1827.6,109.52,549.16,2.28,48.26,0.0272,6.27,13.53,11.13,10.0,0.0,25.0,healthy,0.0
healthy_2,136,1789844072.4093308,1829.0,109.55,551.06,2.35,48.43,0.0348,6.34,13.6,11.52,10.0,0.0,25.0,healthy,0.0
healthy_2,137,1789844073.4093308,1833.1,109.46,547.12,2.29,48.58,0.0317,6.36,13.6,11.51,10.0,0.0,25.0,healthy,0.0
healthy_2,138,1789844074.4093308,1824.8,109.38,541.67,2.36,48.76,0.0381,6.42,13.63,11.32,10.0,0.0,25.0,healthy,0.0
healthy_2,139,1789844075.4093308,1849.0,109.72,544.54,2.35,48.95,0.0272,6.3,13.68,11.4,10.0,0.0,25.0,healthy,0.0
healthy_2,140,1789844076.4093308,1825.1,110.01,546.25,2.42,49.09,0.0237,6.28,13.68,11.49,10.0,0.0,25.0,healthy,0.0
healthy_2,141,1789844077.4093308,1836.2,110.27,545.9,2.43,49.3,0.0272,6.28,13.74,11.74,10.0,0.0,25.0,healthy,0.0
healthy_2,142,1789844078.4093308,1836.0,109.97,548.28,2.48,49.58,0.0277,6.16,13.77,11.88,10.0,0.0,25.0,healthy,0.0
healthy_2,143,1789844079.4093308,1834.0,110.18,542.3,2.5,49.91,0.0173,6.14,13.74,11.65,10.0,0.0,25.0,healthy,0.0
healthy_2,144,1789844080.4093308,1856.8,110.04,540.66,2.47,50.02,0.023,6.32,13.79,11.14,10.0,0.0,25.0,healthy,0.0
healthy_2,145,1789844081.4093308,1815.5,110.12,542.87,2.33,50.3,0.0194,6.34,13.79,11.15,10.0,0.0,25.0,healthy,0.0
healthy_2,146,1789844082.4093308,1843.0,110.44,538.2,2.29,50.51,0.0296,6.4,13.75,11.62,10.0,0.0,25.0,healthy,0.0
healthy_2,147,1789844083.4093308,1845.4,110.26,536.46,2.26,50.91,0.0352,6.4,13.77,11.31,10.0,0.0,25.0,healthy,0.0
healthy_2,148,1789844084.4093308,1846.4,110.26,537.09,2.22,51.2,0.0345,6.37,13.95,11.13,10.0,0.0,25.0,healthy,0.0
healthy_2,149,1789844085.4093308,1823.2,110.32,537.66,2.19,51.5,0.0341,6.33,13.97,11.38,10.0,0.0,25.0,healthy,0.0
healthy_2,150,1789844086.4093308,1820.6,110.57,538.57,2.27,51.74,0.0324,6.41,13.95,11.47,10.0,0.0,25.0,healthy,0.0
healthy_2,151,1789844087.4093308,1850.4,110.02,543.1,2.29,51.89,0.026,6.55,13.95,11.51,10.0,0.0,25.0,healthy,0.0
healthy_2,152,1789844088.4093308,1857.7,110.22,544.83,2.17,52.14,0.0302,6.54,14.01,11.58,10.0,0.0,25.0,healthy,0.0
healthy_2,153,1789844089.4093308,1835.8,110.16,543.62,2.13,52.55,0.0333,6.53,13.96,11.67,10.0,0.0,25.0,healthy,0.0
healthy_2,154,1789844090.4093308,1835.7,110.29,545.37,2.19,52.87,0.034,6.49,13.93,11.49,10.0,0.0,25.0,healthy,0.0
healthy_2,155,1789844091.4093308,1840.3,110.84,542.14,2.26,53.11,0.0365,6.47,13.81,11.65,10.0,0.0,25.0,healthy,0.0
healthy_2,156,1789844092.4093308,1819.7,110.97,543.9,2.19,53.24,0.038,6.36,13.78,11.58,10.0,0.0,25.0,healthy,0.0
healthy_2,157,1789844093.4093308,1813.7,110.81,541.89,2.23,53.54,0.0289,6.4,13.71,11.5,10.0,0.0,25.0,healthy,0.0
healthy_2,158,1789844094.4093308,1817.1,111.03,540.36,2.32,53.81,0.0272,6.59,13.73,11.31,10.0,0.0,25.0,healthy,0.0
healthy_2,159,1789844095.4093308,1821.8,110.83,542.8,2.32,54.01,0.0209,6.58,13.72,11.22,10.0,0.0,25.0,healthy,0.0
healthy_2,160,1789844096.4093308,1813.3,110.76,543.1,2.39,54.29,0.0241,6.49,13.71,10.85,10.0,0.0,25.0,healthy,0.0
healthy_2,161,1789844097.4093308,1816.3,110.37,544.67,2.41,54.48,0.0317,6.59,13.67,10.8,10.0,0.0,25.0,healthy,0.0
healthy_2,162,1789844098.4093308,1822.5,110.91,539.41,2.38,54.74,0.0319,6.4,13.69,11.21,10.0,0.0,25.0,healthy,0.0
healthy_2,163,1789844099.4093308,1821.4,110.86,539.75,2.49,54.67,0.0283,6.51,13.59,11.54,10.0,0.0,25.0,healthy,0.0
healthy_2,164,1789844100.4093308,1821.4,111.38,541.15,2.41,54.95,0.0301,6.48,13.61,11.45,10.0,0.0,25.0,healthy,0.0
healthy_2,165,1789844101.4093308,1823.0,111.34,538.72,2.42,55.06,0.0349,6.5,13.63,11.36,10.0,0.0,25.0,healthy,0.0
healthy_2,166,1789844102.4093308,1830.1,111.57,537.02,2.36,55.08,0.0341,6.46,13.65,11.22,10.0,0.0,25.0,healthy,0.0
healthy_2,167,1789844103.4093308,1819.8,111.95,544.14,2.38,55.35,0.0358,6.44,13.6,11.17,10.0,0.0,25.0,healthy,0.0
healthy_2,168,1789844104.4093308,1831.5,112.01,543.87,2.36,55.58,0.0367,6.4,13.61,11.13,10.0,0.0,25.0,healthy,0.0
healthy_2,169,1789844105.4093308,1832.2,112.13,549.49,2.35,55.86,0.0247,6.46,13.58,11.31,10.0,0.0,25.0,healthy,0.0
healthy_2,170,1789844106.4093308,1848.8,112.01,545.9,2.32,56.07,0.0264,6.38,13.59,11.53,10.0,0.0,25.0,healthy,0.0
healthy_2,171,1789844107.4093308,1863.6,111.73,544.5,2.4,56.26,0.0186,6.52,13.57,11.12,10.0,0.0,25.0,healthy,0.0
healthy_2,172,1789844108.4093308,1875.9,111.58,547.4,2.45,56.55,0.0228,6.62,13.61,11.25,10.0,0.0,25.0,healthy,0.0
healthy_2,173,1789844109.4093308,1846.0,111.39,545.63,2.44,56.86,0.0182,6.75,13.72,11.43,10.0,0.0,25.0,healthy,0.0
healthy_2,174,1789844110.4093308,1826.1,111.21,542.96,2.51,57.12,0.023,6.65,13.73,11.47,10.0,0.0,25.0,healthy,0.0
healthy_2,175,1789844111.4093308,1841.4,111.11,539.99,2.44,57.26,0.0313,6.76,13.8,11.43,10.0,0.0,25.0,healthy,0.0
healthy_2,176,1789844112.4093308,1850.5,111.22,537.7,2.37,57.37,0.0265,6.67,13.75,11.54,10.0,0.0,25.0,healthy,0.0
healthy_2,177,1789844113.4093308,1868.3,110.8,539.9,2.39,57.65,0.0292,6.65,13.81,11.73,10.0,0.0,25.0,healthy,0.0
healthy_2,178,1789844114.4093308,1855.3,110.88,542.66,2.38,57.95,0.0309,6.81,13.88,11.34,10.0,0.0,25.0,healthy,0.0
healthy_2,179,1789844115.4093308,1847.9,111.23,544.64,2.44,58.23,0.0311,6.72,13.95,11.17,10.0,0.0,25.0,healthy,0.0
healthy_2,180,1789844116.4093308,1844.1,111.27,543.47,2.27,58.47,0.0343,6.32,13.89,11.11,10.0,0.0,25.0,healthy,0.0
healthy_2,181,1789844117.4093308,1857.8,111.14,546.82,2.24,58.62,0.0279,6.32,13.92,11.41,10.0,0.0,25.0,healthy,0.0
healthy_2,182,1789844118.4093308,1853.4,110.95,546.36,2.33,58.74,0.0296,6.22,13.85,11.23,10.0,0.0,25.0,healthy,0.0
healthy_2,183,1789844119.4093308,1845.2,110.7,545.06,2.35,58.95,0.0318,6.25,13.92,11.08,10.0,0.0,25.0,healthy,0.0
healthy_2,184,1789844120.4093308,1844.8,110.93,547.3,2.38,59.13,0.0394,6.33,13.98,11.17,10.0,0.0,25.0,healthy,0.0
healthy_2,185,1789844121.4093308,1836.9,110.86,547.33,2.4,59.41,0.0315,6.28,13.9,11.13,10.0,0.0,25.0,healthy,0.0
healthy_2,186,1789844122.4093308,1818.1,110.99,543.76,2.48,59.57,0.0241,6.32,13.86,11.33,10.0,0.0,25.0,healthy,0.0
healthy_2,187,1789844123.4093308,1806.3,111.08,545.27,2.44,59.71,0.0255,6.53,13.85,11.3,10.0,0.0,25.0,healthy,0.0
healthy_2,188,1789844124.4093308,1825.8,111.08,543.99,2.42,59.94,0.0333,6.61,13.76,11.0,10.0,0.0,25.0,healthy,0.0
healthy_2,189,1789844125.4093308,1827.6,111.34,544.89,2.48,60.27,0.0359,6.62,13.85,10.71,10.0,0.0,25.0,healthy,0.0
healthy_2,190,1789844126.4093308,1835.8,111.04,547.68,2.48,60.48,0.0402,6.59,13.76,11.21,10.0,0.0,25.0,healthy,0.0
healthy_2,191,1789844127.4093308,1815.3,111.26,545.27,2.39,60.59,0.0253,6.42,13.8,11.28,10.0,0.0,25.0,healthy,0.0
healthy_2,192,1789844128.4093308,1836.5,111.52,540.48,2.44,60.86,0.0227,6.46,13.88,11.27,10.0,0.0,25.0,healthy,0.0
healthy_2,193,1789844129.4093308,1814.1,111.33,541.01,2.42,61.05,0.0165,6.33,13.88,11.22,10.0,0.0,25.0,healthy,0.0
healthy_2,194,1789844130.4093308,1804.2,111.16,539.48,2.4,61.34,0.0276,6.4,13.78,11.55,10.0,0.0,25.0,healthy,0.0
healthy_2,195,1789844131.4093308,1773.4,111.24,547.17,2.37,61.5,0.0198,6.62,13.82,11.11,10.0,0.0,25.0,healthy,0.0
healthy_2,196,1789844132.4093308,1794.9,111.02,543.86,2.39,61.64,0.0223,6.57,13.81,10.95,10.0,0.0,25.0,healthy,0.0
healthy_2,197,1789844133.4093308,1801.9,111.2,536.34,2.38,61.55,0.0254,6.57,13.78,11.08,10.0,0.0,25.0,healthy,0.0
healthy_2,198,1789844134.4093308,1810.7,111.1,539.09,2.38,61.73,0.0245,6.58,13.83,11.11,10.0,0.0,25.0,healthy,0.0
healthy_2,199,1789844135.4093308,1829.7,111.26,541.31,2.37,61.88,0.0309,6.63,13.8,11.33,10.0,0.0,25.0,healthy,0.0
healthy_2,200,1789844136.4093308,1832.5,111.49,545.67,2.36,62.15,0.0302,6.75,13.81,11.38,10.0,0.0,25.0,healthy,0.0
healthy_2,201,1789844137.4093308,1840.4,111.4,548.77,2.41,62.23,0.0335,6.71,13.85,11.47,10.0,0.0,25.0,healthy,0.0
healthy_2,202,1789844138.4093308,1843.4,111.47,548.4,2.39,62.39,0.0375,6.66,13.79,11.43,10.0,0.0,25.0,healthy,0.0
healthy_2,203,1789844139.4093308,1817.7,111.22,547.74,2.41,62.66,0.0309,6.65,13.73,11.56,10.0,0.0,25.0,healthy,0.0
healthy_2,204,1789844140.4093308,1817.9,111.4,547.72,2.38,62.88,0.0311,6.56,13.74,11.35,10.0,0.0,25.0,healthy,0.0
healthy_2,205,1789844141.4093308,1833.6,111.63,540.7,2.41,63.27,0.0359,6.55,13.73,11.11,10.0,0.0,25.0,healthy,0.0
healthy_2,206,1789844142.4093308,1836.8,111.53,542.24,2.35,63.49,0.0259,6.34,13.74,10.95,10.0,0.0,25.0,healthy,0.0
healthy_2,207,1789844143.4093308,1831.0,111.44,544.76,2.41,63.63,0.0205,6.33,13.75,11.27,10.0,0.0,25.0,healthy,0.0
healthy_2,208,1789844144.4093308,1802.2,111.4,548.85,2.38,63.64,0.0246,6.34,13.71,10.59,10.0,0.0,25.0,healthy,0.0
healthy_2,209,1789844145.4093308,1794.6,111.44,546.81,2.26,63.8,0.0252,6.1,13.79,11.46,10.0,0.0,25.0,healthy,0.0
healthy_2,210,1789844146.4093308,1794.7,111.37,548.21,2.25,64.05,0.0247,6.07,13.77,11.24,10.0,0.0,25.0,healthy,0.0
healthy_2,211,1789844147.4093308,1792.6,111.66,545.94,2.27,64.11,0.0281,6.16,13.75,11.2,10.0,0.0,25.0,healthy,0.0
healthy_2,212,1789844148.4093308,1822.5,111.4,546.3,2.32,64.25,0.0232,6.21,13.61,10.91,10.0,0.0,25.0,healthy,0.0
healthy_2,213,1789844149.4093308,1810.2,111.35,548.19,2.33,64.66,0.0327,6.03,13.67,11.07,10.0,0.0,25.0,healthy,0.0
healthy_2,214,1789844150.4093308,1800.0,111.23,545.65,2.34,64.62,0.039,6.07,13.69,11.28,10.0,0.0,25.0,healthy,0.0
healthy_2,215,1789844151.4093308,1792.2,111.23,547.55,2.32,64.63,0.0356,6.28,13.71,11.63,10.0,0.0,25.0,healthy,0.0
healthy_2,216,1789844152.4093308,1797.3,111.26,542.48,2.38,64.75,0.0316,6.4,13.83,11.26,10.0,0.0,25.0,healthy,0.0
healthy_2,217,1789844153.4093308,1815.8,111.2,540.45,2.38,64.75,0.0236,6.34,13.78,11.28,10.0,0.0,25.0,healthy,0.0
healthy_2,218,1789844154.4093308,1806.9,111.27,544.38,2.45,64.95,0.0241,6.31,13.75,11.01,10.0,0.0,25.0,healthy,0.0
healthy_2,219,1789844155.4093308,1804.7,111.26,546.16,2.38,65.18,0.0225,6.42,13.74,11.38,10.0,0.0,25.0,healthy,0.0
healthy_2,220,1789844156.4093308,1792.2,110.92,544.72,2.4,65.35,0.0191,6.41,13.74,11.73,10.0,0.0,25.0,healthy,0.0
healthy_2,221,1789844157.4093308,1795.9,111.24,542.22,2.4,65.3,0.0211,6.43,13.68,11.62,10.0,0.0,25.0,healthy,0.0
healthy_2,222,1789844158.4093308,1791.4,111.41,541.53,2.43,65.35,0.0391,6.53,13.73,11.91,10.0,0.0,25.0,healthy,0.0
healthy_2,223,1789844159.4093308,1798.8,111.46,549.26,2.4,65.6,0.0434,6.55,13.73,11.86,10.0,0.0,25.0,healthy,0.0
healthy_2,224,1789844160.4093308,1773.7,110.93,550.37,2.38,65.73,0.035,6.52,13.74,11.95,10.0,0.0,25.0,healthy,0.0
healthy_2,225,1789844161.4093308,1797.9,110.9,547.17,2.33,65.91,0.0353,6.44,13.63,11.57,10.0,0.0,25.0,healthy,0.0
healthy_2,226,1789844162.4093308,1805.7,110.85,545.59,2.33,65.95,0.0228,6.33,13.64,11.52,10.0,0.0,25.0,healthy,0.0
healthy_2,227,1789844163.4093308,1825.7,111.14,546.45,2.41,66.11,0.0153,6.41,13.57,11.6,10.0,0.0,25.0,healthy,0.0
healthy_2,228,1789844164.4093308,1811.2,111.07,546.62,2.26,66.32,0.0233,6.39,13.5,11.15,10.0,0.0,25.0,healthy,0.0
healthy_2,229,1789844165.4093308,1812.0,110.96,543.05,2.29,66.68,0.0211,6.37,13.52,11.37,10.0,0.0,25.0,healthy,0.0
healthy_2,230,1789844166.4093308,1815.1,111.04,547.39,2.31,66.76,0.0207,6.29,13.61,11.15,10.0,0.0,25.0,healthy,0.0
healthy_2,231,1789844167.4093308,1800.6,111.28,555.0,2.22,66.99,0.0216,6.39,13.61,11.52,10.0,0.0,25.0,healthy,0.0
healthy_2,232,1789844168.4093308,1773.8,111.53,557.68,2.29,67.18,0.032,6.28,13.56,10.98,10.0,0.0,25.0,healthy,0.0
healthy_2,233,1789844169.4093308,1790.4,111.67,556.59,2.27,67.22,0.0352,6.29,13.56,11.37,10.0,0.0,25.0,healthy,0.0
healthy_2,234,1789844170.4093308,1794.0,111.43,551.83,2.38,67.25,0.0326,6.45,13.59,11.29,10.0,0.0,25.0,healthy,0.0
healthy_2,235,1789844171.4093308,1794.4,111.54,555.35,2.39,67.38,0.0378,6.57,13.67,11.52,10.0,0.0,25.0,healthy,0.0
healthy_2,236,1789844172.4093308,1832.6,111.32,555.1,2.34,67.36,0.0359,6.53,13.59,11.51,10.0,0.0,25.0,healthy,0.0
healthy_2,237,1789844173.4093308,1829.2,111.01,556.74,2.27,67.5,0.0375,6.57,13.68,11.32,10.0,0.0,25.0,healthy,0.0
healthy_2,238,1789844174.4093308,1839.5,111.4,554.38,2.34,67.73,0.039,6.53,13.71,11.11,10.0,0.0,25.0,healthy,0.0
healthy_2,239,1789844175.4093308,1842.3,111.5,551.96,2.32,67.83,0.0243,6.35,13.72,11.06,10.0,0.0,25.0,healthy,0.0
healthy_2,240,1789844176.4093308,1848.3,111.57,552.5,2.45,67.88,0.0244,6.38,13.66,11.13,10.0,0.0,25.0,healthy,0.0
healthy_2,241,1789844177.4093308,1836.0,111.46,555.36,2.37,68.17,0.0202,6.52,13.6,11.42,10.0,0.0,25.0,healthy,0.0
healthy_2,242,1789844178.4093308,1822.4,111.89,554.53,2.41,68.28,0.0288,6.68,13.62,11.58,10.0,0.0,25.0,healthy,0.0
healthy_2,243,1789844179.4093308,1819.9,111.7,556.43,2.48,68.37,0.0342,6.75,13.63,11.67,10.0,0.0,25.0,healthy,0.0
healthy_2,244,1789844180.4093308,1818.2,111.6,551.57,2.35,68.5,0.023,6.72,13.6,11.35,10.0,0.0,25.0,healthy,0.0
healthy_2,245,1789844181.4093308,1831.1,111.42,549.25,2.34,68.55,0.0298,6.68,13.6,11.28,10.0,0.0,25.0,healthy,0.0
healthy_2,246,1789844182.4093308,1807.7,111.14,548.87,2.4,68.78,0.0204,6.61,13.64,11.63,10.0,0.0,25.0,healthy,0.0
healthy_2,247,1789844183.4093308,1843.8,111.45,542.55,2.38,68.81,0.0245,6.63,13.67,11.37,10.0,0.0,25.0,healthy,0.0
healthy_2,248,1789844184.4093308,1873.7,111.16,537.49,2.41,69.0,0.0362,6.59,13.65,11.09,10.0,0.0,25.0,healthy,0.0
healthy_2,249,1789844185.4093308,1848.5,111.0,537.0,2.37,69.06,0.0293,6.52,13.64,11.1,10.0,0.0,25.0,healthy,0.0
healthy_2,250,1789844186.4093308,1857.0,111.19,540.57,2.37,69.05,0.0219,6.53,13.7,11.28,10.0,0.0,25.0,healthy,0.0
healthy_2,251,1789844187.4093308,1857.1,111.33,544.28,2.39,69.1,0.0234,6.44,13.76,11.46,10.0,0.0,25.0,healthy,0.0
healthy_2,252,1789844188.4093308,1852.9,110.91,543.9,2.39,69.07,0.0155,6.45,13.83,12.11,10.0,0.0,25.0,healthy,0.0
healthy_2,253,1789844189.4093308,1863.6,110.81,539.3,2.51,69.28,0.0214,6.52,13.79,11.96,10.0,0.0,25.0,healthy,0.0
healthy_2,254,1789844190.4093308,1856.2,110.75,537.43,2.44,69.38,0.023,6.34,13.79,11.65,10.0,0.0,25.0,healthy,0.0
healthy_2,255,1789844191.4093308,1845.2,110.97,542.15,2.4,69.41,0.0286,6.36,13.82,11.44,10.0,0.0,25.0,healthy,0.0
healthy_2,256,1789844192.4093308,1839.0,110.88,537.18,2.42,69.52,0.0314,6.4,13.83,11.57,10.0,0.0,25.0,healthy,0.0
healthy_2,257,1789844193.4093308,1833.8,110.89,535.79,2.41,69.71,0.0316,6.38,13.86,11.55,10.0,0.0,25.0,healthy,0.0
healthy_2,258,1789844194.4093308,1822.5,110.95,536.95,2.37,69.82,0.0346,6.24,13.84,11.29,10.0,0.0,25.0,healthy,0.0
healthy_2,259,1789844195.4093308,1818.2,110.99,539.61,2.4,69.83,0.0256,6.39,13.77,11.63,10.0,0.0,25.0,healthy,0.0
healthy_2,260,1789844196.4093308,1815.4,110.97,542.98,2.33,69.78,0.0241,6.44,13.87,11.76,10.0,0.0,25.0,healthy,0.0
healthy_2,261,1789844197.4093308,1805.7,110.72,544.48,2.31,69.96,0.0189,6.54,13.74,12.03,10.0,0.0,25.0,healthy,0.0
healthy_2,262,1789844198.4093308,1850.0,110.78,545.45,2.33,70.16,0.0217,6.59,13.77,11.82,10.0,0.0,25.0,healthy,0.0
healthy_2,263,1789844199.4093308,1868.2,110.93,546.63,2.31,70.27,0.022,6.5,13.83,11.25,10.0,0.0,25.0,healthy,0.0
healthy_2,264,1789844200.4093308,1854.7,110.94,544.16,2.36,70.35,0.0194,6.56,13.76,11.3,10.0,0.0,25.0,healthy,0.0
healthy_2,265,1789844201.4093308,1857.3,111.02,544.41,2.34,70.53,0.0264,6.75,13.82,11.07,10.0,0.0,25.0,healthy,0.0
healthy_2,266,1789844202.4093308,1838.8,111.32,540.64,2.41,70.84,0.0254,6.65,13.92,11.08,10.0,0.0,25.0,healthy,0.0
healthy_2,267,1789844203.4093308,1853.2,111.14,541.99,2.4,70.8,0.022,6.56,13.94,11.34,10.0,0.0,25.0,healthy,0.0
healthy_2,268,1789844204.4093308,1849.9,111.2,541.99,2.45,70.89,0.0257,6.45,13.89,11.17,10.0,0.0,25.0,healthy,0.0
healthy_2,269,1789844205.4093308,1837.7,111.23,534.64,2.39,71.06,0.0199,6.27,13.88,11.22,10.0,0.0,25.0,healthy,0.0
healthy_2,270,1789844206.4093308,1849.3,111.24,538.17,2.4,71.17,0.0212,6.35,13.87,11.32,10.0,0.0,25.0,healthy,0.0
healthy_2,271,1789844207.4093308,1864.6,111.05,537.24,2.44,71.4,0.0183,6.57,13.85,11.25,10.0,0.0,25.0,healthy,0.0
healthy_2,272,1789844208.4093308,1854.0,111.43,540.3,2.44,71.41,0.0173,6.54,13.78,11.29,10.0,0.0,25.0,healthy,0.0
healthy_2,273,1789844209.4093308,1847.4,111.38,541.72,2.38,71.65,0.02,6.51,13.78,11.23,10.0,0.0,25.0,healthy,0.0
healthy_2,274,1789844210.4093308,1836.8,111.76,543.83,2.4,71.86,0.0263,6.47,13.73,11.32,10.0,0.0,25.0,healthy,0.0
healthy_2,275,1789844211.4093308,1850.0,111.88,540.84,2.45,72.13,0.0258,6.5,13.74,11.5,10.0,0.0,25.0,healthy,0.0
healthy_2,276,1789844212.4093308,1862.5,112.14,536.97,2.3,72.05,0.0081,6.49,13.73,11.52,10.0,0.0,25.0,healthy,0.0
healthy_2,277,1789844213.4093308,1876.3,111.93,538.12,2.36,72.25,0.009,6.46,13.77,11.36,10.0,0.0,25.0,healthy,0.0
healthy_2,278,1789844214.4093308,1871.1,111.96,541.72,2.34,72.48,0.0142,6.3,13.67,11.33,10.0,0.0,25.0,healthy,0.0
healthy_2,279,1789844215.4093308,1865.0,111.77,542.34,2.33,72.63,0.0272,6.28,13.75,11.62,10.0,0.0,25.0,healthy,0.0
healthy_2,280,1789844216.4093308,1874.3,111.72,547.29,2.34,72.57,0.0291,6.08,13.71,11.59,10.0,0.0,25.0,healthy,0.0
healthy_2,281,1789844217.4093308,1856.7,111.84,543.04,2.33,72.67,0.033,6.04,13.69,11.8,10.0,0.0,25.0,healthy,0.0
healthy_2,282,1789844218.4093308,1835.7,111.63,545.7,2.38,73.01,0.0287,5.96,13.8,11.51,10.0,0.0,25.0,healthy,0.0
healthy_2,283,1789844219.4093308,1836.6,111.63,538.08,2.44,73.21,0.0202,6.08,13.84,11.46,10.0,0.0,25.0,healthy,0.0
healthy_2,284,1789844220.4093308,1854.8,111.67,540.38,2.35,73.38,0.0195,5.95,13.85,11.26,10.0,0.0,25.0,healthy,0.0
healthy_2,285,1789844221.4093308,1849.1,111.83,541.08,2.33,73.51,0.0192,6.21,13.82,11.69,10.0,0.0,25.0,healthy,0.0
healthy_2,286,1789844222.4093308,1850.0,111.74,537.23,2.35,73.78,0.022,6.28,13.85,11.54,10.0,0.0,25.0,healthy,0.0
healthy_2,287,1789844223.4093308,1822.7,111.65,532.22,2.37,73.84,0.0159,6.14,13.78,11.46,10.0,0.0,25.0,healthy,0.0
healthy_2,288,1789844224.4093308,1821.0,111.52,532.1,2.36,73.86,0.0169,6.15,13.72,11.5,10.0,0.0,25.0,healthy,0.0
healthy_2,289,1789844225.4093308,1825.0,111.55,535.86,2.38,74.11,0.0268,5.97,13.7,11.45,10.0,0.0,25.0,healthy,0.0
healthy_2,290,1789844226.4093308,1818.2,111.78,534.19,2.4,74.23,0.0261,6.04,13.73,11.18,10.0,0.0,25.0,healthy,0.0
healthy_2,291,1789844227.4093308,1827.5,111.63,536.9,2.42,74.43,0.0246,6.1,13.76,11.04,10.0,0.0,25.0,healthy,0.0
healthy_2,292,1789844228.4093308,1841.2,111.56,543.77,2.44,74.42,0.031,6.24,13.74,10.92,10.0,0.0,25.0,healthy,0.0
healthy_2,293,1789844229.4093308,1847.4,111.37,546.12,2.44,74.59,0.0367,6.15,13.75,11.33,10.0,0.0,25.0,healthy,0.0
healthy_2,294,1789844230.4093308,1840.4,111.6,546.66,2.47,74.73,0.0376,6.34,13.73,11.74,10.0,0.0,25.0,healthy,0.0
healthy_2,295,1789844231.4093308,1836.3,111.53,543.34,2.41,74.6,0.0282,6.44,13.71,11.63,10.0,0.0,25.0,healthy,0.0
healthy_2,296,1789844232.4093308,1835.1,111.5,538.94,2.43,74.51,0.0232,6.56,13.65,11.56,10.0,0.0,25.0,healthy,0.0
healthy_2,297,1789844233.4093308,1810.8,111.41,540.31,2.34,74.61,0.0269,6.58,13.66,11.18,10.0,0.0,25.0,healthy,0.0
healthy_2,298,1789844234.4093308,1804.5,111.24,538.17,2.42,74.56,0.0284,6.39,13.7,11.13,10.0,0.0,25.0,healthy,0.0
healthy_2,299,1789844235.4093308,1817.5,111.44,541.36,2.44,74.73,0.0295,6.28,13.64,11.38,10.0,0.0,25.0,healthy,0.0
healthy_2,300,1789844236.4093308,3760.2,112.01,587.73,3.96,74.98,0.0649,14.84,13.82,18.22,100.0,5.0,25.0,healthy,0.0
healthy_2,301,1789844237.4093308,4744.7,112.75,642.06,4.69,75.15,0.0745,20.58,13.92,21.6,100.0,10.0,24.9,healthy,0.0
healthy_2,302,1789844238.4093308,5242.3,114.11,689.81,5.06,75.35,0.0817,23.54,14.0,23.22,100.0,15.0,24.9,healthy,0.0
healthy_2,303,1789844239.4093308,5493.8,115.75,728.44,5.27,75.63,0.0853,25.21,14.0,24.29,100.0,20.0,24.9,healthy,0.0
healthy_2,304,1789844240.4093308,5642.2,117.0,761.63,5.46,75.77,0.1002,26.22,14.1,24.14,100.0,25.0,24.8,healthy,0.0
healthy_2,305,1789844241.4093308,5711.9,118.44,782.17,5.45,75.96,0.0977,26.6,14.14,24.52,100.0,30.0,24.8,healthy,0.0
healthy_2,306,1789844242.4093308,5757.8,119.53,801.82,5.41,76.23,0.0978,26.83,14.13,24.58,100.0,35.0,24.8,healthy,0.0
healthy_2,307,1789844243.4093308,5770.4,120.73,821.35,5.5,76.31,0.1002,26.78,14.12,24.58,100.0,40.0,24.7,healthy,0.0
healthy_2,308,1789844244.4093308,5780.5,121.6,832.06,5.59,76.57,0.1066,26.81,14.01,24.68,100.0,45.0,24.7,healthy,0.0
healthy_2,309,1789844245.4093308,5783.3,123.03,839.7,5.49,76.88,0.1075,26.63,14.0,25.11,100.0,50.0,24.7,healthy,0.0
healthy_2,310,1789844246.4093308,5784.4,124.06,846.61,5.53,77.14,0.0954,26.78,14.1,25.14,100.0,55.0,24.6,healthy,0.0
healthy_2,311,1789844247.4093308,5806.0,124.87,847.52,5.48,77.37,0.0956,26.79,14.1,25.3,100.0,60.0,24.6,healthy,0.0
healthy_2,312,1789844248.4093308,5809.5,125.8,847.42,5.46,77.55,0.098,26.78,14.08,25.06,100.0,65.0,24.6,healthy,0.0
healthy_2,313,1789844249.4093308,5792.4,126.69,849.36,5.5,77.65,0.096,26.89,14.1,24.94,100.0,70.0,24.5,healthy,0.0
healthy_2,314,1789844250.4093308,5774.7,127.32,856.45,5.49,77.76,0.0961,26.83,14.06,24.89,100.0,75.0,24.5,healthy,0.0
healthy_2,315,1789844251.4093308,5778.8,128.05,853.87,5.52,77.89,0.0894,26.88,14.11,25.07,100.0,80.0,24.5,healthy,0.0
healthy_2,316,1789844252.4093308,5779.0,128.94,859.96,5.57,78.03,0.0949,26.65,14.08,25.33,100.0,85.0,24.4,healthy,0.0
healthy_2,317,1789844253.4093308,5813.2,129.61,857.31,5.56,78.26,0.0924,26.77,13.95,25.13,100.0,90.0,24.4,healthy,0.0
healthy_2,318,1789844254.4093308,5821.7,130.32,856.01,5.49,78.46,0.093,26.98,14.1,25.1,100.0,95.0,24.4,healthy,0.0
healthy_2,319,1789844255.4093308,5832.7,130.8,857.39,5.58,78.71,0.0994,26.97,14.09,25.07,100.0,100.0,24.4,healthy,0.0
healthy_2,320,1789844256.4093308,5820.6,131.49,858.23,5.5,78.87,0.1025,26.7,14.19,25.07,100.0,105.0,24.3,healthy,0.0
healthy_2,321,1789844257.4093308,5806.6,132.24,859.21,5.44,78.99,0.105,26.81,14.26,24.97,100.0,110.0,24.3,healthy,0.0
healthy_2,322,1789844258.4093308,5812.7,132.33,859.36,5.45,79.18,0.1032,26.93,14.24,25.24,100.0,115.0,24.3,healthy,0.0
healthy_2,323,1789844259.4093308,5802.2,132.98,861.25,5.42,79.34,0.1144,26.96,14.14,25.42,100.0,120.0,24.2,healthy,0.0
healthy_2,324,1789844260.4093308,5799.5,133.48,859.69,5.39,79.63,0.1075,26.92,14.16,25.05,100.0,125.0,24.2,healthy,0.0
healthy_2,325,1789844261.4093308,5789.5,134.11,861.03,5.43,79.94,0.1022,26.91,14.19,25.21,100.0,130.0,24.2,healthy,0.0
healthy_2,326,1789844262.4093308,5773.6,134.39,859.49,5.44,80.26,0.0973,26.96,14.19,24.93,100.0,135.0,24.1,healthy,0.0
healthy_2,327,1789844263.4093308,5799.2,134.64,863.28,5.44,80.25,0.1062,27.13,14.19,25.06,100.0,140.0,24.1,healthy,0.0
healthy_2,328,1789844264.4093308,5802.6,135.1,859.0,5.5,80.52,0.1081,27.01,14.15,24.96,100.0,145.0,24.1,healthy,0.0
healthy_2,329,1789844265.4093308,5782.4,135.4,859.69,5.55,80.7,0.1007,27.13,14.19,25.18,100.0,150.0,24.0,healthy,0.0
healthy_2,330,1789844266.4093308,5812.6,135.66,859.99,5.54,80.74,0.0966,27.12,14.21,25.47,100.0,155.0,24.0,healthy,0.0
healthy_2,331,1789844267.4093308,5821.8,136.29,856.3,5.53,80.92,0.0985,27.22,14.12,25.57,100.0,160.0,24.0,healthy,0.0
healthy_2,332,1789844268.4093308,5810.4,136.44,854.14,5.48,81.19,0.0947,27.11,14.14,25.11,100.0,165.0,23.9,healthy,0.0
healthy_2,333,1789844269.4093308,5811.4,136.63,854.15,5.51,81.42,0.0978,27.01,14.15,25.1,100.0,170.0,23.9,healthy,0.0
healthy_2,334,1789844270.4093308,5829.2,136.91,851.22,5.47,81.55,0.0983,26.88,14.15,24.94,100.0,175.0,23.9,healthy,0.0
healthy_2,335,1789844271.4093308,5813.1,137.4,852.17,5.44,81.75,0.0995,27.01,14.18,25.02,100.0,180.0,23.8,healthy,0.0
healthy_2,336,1789844272.4093308,5787.9,137.21,850.35,5.55,81.98,0.1004,26.98,14.17,24.85,100.0,185.0,23.8,healthy,0.0
healthy_2,337,1789844273.4093308,5781.9,137.37,850.24,5.53,82.34,0.0918,26.91,14.17,24.65,100.0,190.0,23.8,healthy,0.0
healthy_2,338,1789844274.4093308,5755.2,137.57,847.37,5.51,82.41,0.0835,26.84,14.22,24.85,100.0,195.0,23.7,healthy,0.0
healthy_2,339,1789844275.4093308,5786.6,137.96,847.95,5.52,82.67,0.0858,26.79,14.25,25.14,100.0,200.0,23.7,healthy,0.0
healthy_2,340,1789844276.4093308,5776.9,138.38,851.94,5.45,83.08,0.0883,26.9,14.27,25.08,100.0,205.0,23.7,healthy,0.0
healthy_2,341,1789844277.4093308,5769.0,138.61,854.61,5.45,83.21,0.0933,26.76,14.24,25.2,100.0,210.0,23.6,healthy,0.0
healthy_2,342,1789844278.4093308,5770.1,138.78,858.11,5.5,83.41,0.1002,26.76,14.25,25.26,100.0,215.0,23.6,healthy,0.0
healthy_2,343,1789844279.4093308,5759.9,139.1,860.58,5.59,83.56,0.0948,26.85,14.24,25.06,100.0,220.0,23.6,healthy,0.0
healthy_2,344,1789844280.4093308,5767.1,139.22,862.36,5.64,83.7,0.0913,26.98,14.14,24.76,100.0,225.0,23.5,healthy,0.0
healthy_2,345,1789844281.4093308,5764.8,139.07,866.3,5.69,83.87,0.0936,26.92,14.24,25.0,100.0,230.0,23.5,healthy,0.0
healthy_2,346,1789844282.4093308,5772.0,139.68,856.34,5.69,84.02,0.0963,26.82,14.25,25.08,100.0,235.0,23.5,healthy,0.0
healthy_2,347,1789844283.4093308,5759.3,139.5,850.91,5.6,84.23,0.0912,26.96,14.25,24.85,100.0,240.0,23.4,healthy,0.0
healthy_2,348,1789844284.4093308,5782.5,139.6,853.63,5.58,84.45,0.0946,26.86,14.27,25.03,100.0,245.0,23.4,healthy,0.0
healthy_2,349,1789844285.4093308,5777.7,140.03,858.41,5.58,84.54,0.0958,26.81,14.27,24.93,100.0,250.0,23.4,healthy,0.0
healthy_2,350,1789844286.4093308,5779.5,140.28,856.78,5.63,84.88,0.093,26.88,14.17,24.98,100.0,255.0,23.3,healthy,0.0
healthy_2,351,1789844287.4093308,5772.1,140.32,851.51,5.48,85.09,0.0949,26.82,14.27,25.32,100.0,260.0,23.3,healthy,0.0
healthy_2,352,1789844288.4093308,5748.0,140.36,850.85,5.42,85.23,0.0969,26.65,14.25,25.02,100.0,265.0,23.3,healthy,0.0
healthy_2,353,1789844289.4093308,5762.1,140.21,853.92,5.43,85.25,0.0874,26.7,14.27,25.29,100.0,270.0,23.2,healthy,0.0
healthy_2,354,1789844290.4093308,5766.5,140.26,855.97,5.51,85.03,0.0902,26.82,14.29,25.32,100.0,275.0,23.2,healthy,0.0
healthy_2,355,1789844291.4093308,5777.5,140.47,851.5,5.63,85.37,0.0982,26.97,14.25,25.11,100.0,280.0,23.2,healthy,0.0
healthy_2,356,1789844292.4093308,5762.8,140.37,854.38,5.69,85.26,0.0933,26.98,14.27,25.11,100.0,285.0,23.1,healthy,0.0
healthy_2,357,1789844293.4093308,5777.9,140.73,851.37,5.61,85.48,0.1055,26.84,14.34,24.93,100.0,290.0,23.1,healthy,0.0
healthy_2,358,1789844294.4093308,5758.3,141.19,849.79,5.61,85.52,0.1073,26.93,14.25,24.76,100.0,295.0,23.1,healthy,0.0
healthy_2,359,1789844295.4093308,5764.6,141.13,857.48,5.66,85.68,0.1049,26.96,14.21,24.7,100.0,300.0,23.1,healthy,0.0
healthy_2,360,1789844296.4093308,5774.8,141.1,863.89,5.71,85.81,0.0901,26.96,14.18,25.04,100.0,305.0,23.0,healthy,0.0
healthy_2,361,1789844297.4093308,5774.5,141.06,863.23,5.74,86.0,0.0848,27.02,14.17,25.3,100.0,310.0,23.0,healthy,0.0
healthy_2,362,1789844298.4093308,5793.2,140.87,859.35,5.65,86.18,0.096,27.19,14.13,25.21,100.0,315.0,23.0,healthy,0.0
healthy_2,363,1789844299.4093308,5797.3,141.24,858.15,5.58,86.33,0.0945,27.01,14.09,24.93,100.0,320.0,22.9,healthy,0.0
healthy_2,364,1789844300.4093308,5773.0,141.34,856.49,5.56,86.37,0.1047,27.14,14.16,25.02,100.0,325.0,22.9,healthy,0.0
healthy_2,365,1789844301.4093308,5788.4,141.09,860.79,5.5,86.49,0.1011,27.05,14.09,25.21,100.0,330.0,22.9,healthy,0.0
healthy_2,366,1789844302.4093308,5757.0,141.59,858.63,5.49,86.69,0.0936,27.15,14.06,25.32,100.0,335.0,22.8,healthy,0.0
healthy_2,367,1789844303.4093308,5808.9,141.41,860.46,5.52,86.71,0.1007,27.21,14.09,25.01,100.0,340.0,22.8,healthy,0.0
healthy_2,368,1789844304.4093308,5815.5,141.55,853.67,5.52,86.69,0.1014,27.21,14.06,24.92,100.0,345.0,22.8,healthy,0.0
healthy_2,369,1789844305.4093308,5832.4,141.79,854.0,5.54,86.88,0.0957,27.16,14.03,24.98,100.0,350.0,22.7,healthy,0.0
healthy_2,370,1789844306.4093308,5800.7,141.74,857.01,5.49,87.0,0.0959,26.94,14.12,24.82,100.0,355.0,22.7,healthy,0.0
healthy_2,371,1789844307.4093308,5823.6,141.49,858.37,5.52,87.07,0.0957,26.85,14.15,24.97,100.0,360.0,22.7,healthy,0.0
healthy_2,372,1789844308.4093308,5801.7,141.28,856.72,5.49,87.08,0.1085,26.85,14.09,25.2,100.0,365.0,22.6,healthy,0.0
healthy_2,373,1789844309.4093308,5810.7,141.2,852.4,5.46,87.34,0.1081,26.96,14.07,25.24,100.0,370.0,22.6,healthy,0.0
healthy_2,374,1789844310.4093308,5811.3,141.17,856.25,5.44,87.59,0.1106,26.95,14.13,25.25,100.0,375.0,22.6,healthy,0.0
healthy_2,375,1789844311.4093308,5818.1,141.06,857.76,5.49,87.68,0.1063,26.78,14.1,25.03,100.0,380.0,22.5,healthy,0.0
healthy_2,376,1789844312.4093308,5823.6,140.68,850.96,5.46,87.75,0.1093,26.88,14.16,24.87,100.0,385.0,22.5,healthy,0.0
healthy_2,377,1789844313.4093308,5817.5,140.59,851.96,5.5,87.91,0.1157,26.86,14.12,24.94,100.0,390.0,22.5,healthy,0.0
healthy_2,378,1789844314.4093308,5842.9,140.03,849.97,5.46,88.09,0.1104,26.84,14.08,24.76,100.0,395.0,22.4,healthy,0.0
healthy_2,379,1789844315.4093308,5826.6,140.06,845.11,5.47,88.22,0.1059,26.99,14.13,25.08,100.0,400.0,22.4,healthy,0.0
healthy_2,380,1789844316.4093308,5814.0,139.88,853.19,5.46,88.41,0.1016,26.84,14.23,24.88,100.0,405.0,22.4,healthy,0.0
healthy_2,381,1789844317.4093308,5815.4,139.96,855.97,5.37,88.72,0.1087,26.73,14.23,25.36,100.0,410.0,22.3,healthy,0.0
healthy_2,382,1789844318.4093308,5805.9,140.16,858.01,5.4,88.85,0.1109,26.68,14.23,25.25,100.0,415.0,22.3,healthy,0.0
healthy_2,383,1789844319.4093308,5763.2,140.25,858.14,5.56,89.08,0.1042,26.67,14.21,25.1,100.0,420.0,22.3,healthy,0.0
healthy_2,384,1789844320.4093308,5771.6,140.08,857.51,5.46,89.22,0.1195,26.7,14.24,25.13,100.0,425.0,22.2,healthy,0.0
healthy_2,385,1789844321.4093308,5757.4,140.1,856.55,5.48,89.33,0.1096,26.8,14.28,25.15,100.0,430.0,22.2,healthy,0.0
healthy_2,386,1789844322.4093308,5764.5,140.05,852.61,5.4,89.71,0.095,26.71,14.23,24.8,100.0,435.0,22.2,healthy,0.0
healthy_2,387,1789844323.4093308,5764.6,140.14,852.59,5.48,89.8,0.0972,26.76,14.26,25.0,100.0,440.0,22.1,healthy,0.0
healthy_2,388,1789844324.4093308,5775.4,140.21,853.97,5.49,89.9,0.0859,26.67,14.25,25.48,100.0,445.0,22.1,healthy,0.0
healthy_2,389,1789844325.4093308,5789.9,140.27,855.83,5.5,90.1,0.0902,27.0,14.33,25.14,100.0,450.0,22.1,healthy,0.0
healthy_2,390,1789844326.4093308,5799.3,140.35,857.72,5.43,90.2,0.098,27.0,14.33,25.07,100.0,455.0,22.0,healthy,0.0
healthy_2,391,1789844327.4093308,5783.6,139.92,860.44,5.48,90.34,0.0967,26.81,14.23,24.91,100.0,460.0,22.0,healthy,0.0
healthy_2,392,1789844328.4093308,5793.1,140.01,856.21,5.52,90.46,0.0915,26.86,14.2,25.29,100.0,465.0,22.0,healthy,0.0
healthy_2,393,1789844329.4093308,5793.9,140.32,856.48,5.56,90.58,0.088,26.92,14.21,24.61,100.0,470.0,21.9,healthy,0.0
healthy_2,394,1789844330.4093308,5784.7,140.43,859.44,5.51,90.74,0.084,26.99,14.14,25.01,100.0,475.0,21.9,healthy,0.0
healthy_2,395,1789844331.4093308,5789.2,140.18,850.3,5.46,90.98,0.0905,27.11,14.15,24.83,100.0,480.0,21.9,healthy,0.0
healthy_2,396,1789844332.4093308,5793.1,140.12,849.1,5.49,91.02,0.0856,26.99,14.16,25.16,100.0,485.0,21.8,healthy,0.0
healthy_2,397,1789844333.4093308,5779.3,139.85,847.93,5.43,91.34,0.0893,27.02,14.21,25.45,100.0,490.0,21.8,healthy,0.0
healthy_2,398,1789844334.4093308,5799.9,139.7,850.54,5.4,91.46,0.0892,27.0,14.27,25.12,100.0,495.0,21.8,healthy,0.0
healthy_2,399,1789844335.4093308,5794.1,140.09,850.11,5.36,91.52,0.0924,27.0,14.32,25.24,100.0,500.0,21.8,healthy,0.0
healthy_2,400,1789844336.4093308,5788.3,140.49,850.22,5.34,91.53,0.0966,26.85,14.36,24.99,100.0,505.0,21.7,healthy,0.0
healthy_2,401,1789844337.4093308,5777.6,140.46,852.89,5.36,91.49,0.1029,26.93,14.35,25.28,100.0,510.0,21.7,healthy,0.0
healthy_2,402,1789844338.4093308,5794.0,140.35,854.33,5.33,91.81,0.1029,26.98,14.38,25.03,100.0,515.0,21.7,healthy,0.0
healthy_2,403,1789844339.4093308,5805.9,140.34,856.18,5.28,91.69,0.1032,27.05,14.34,25.16,100.0,520.0,21.6,healthy,0.0
healthy_2,404,1789844340.4093308,5795.7,140.13,850.6,5.32,91.66,0.1014,26.99,14.37,24.98,100.0,525.0,21.6,healthy,0.0
healthy_2,405,1789844341.4093308,5803.6,139.79,850.35,5.33,91.77,0.1009,26.98,14.31,25.04,100.0,530.0,21.6,healthy,0.0
healthy_2,406,1789844342.4093308,5809.7,140.01,852.45,5.36,91.91,0.0997,27.02,14.24,25.05,100.0,535.0,21.5,healthy,0.0
healthy_2,407,1789844343.4093308,5783.0,140.04,847.45,5.38,92.05,0.1054,27.02,14.26,24.64,100.0,540.0,21.5,healthy,0.0
healthy_2,408,1789844344.4093308,5786.8,139.95,843.31,5.39,91.96,0.1106,26.78,14.26,24.63,100.0,545.0,21.5,healthy,0.0
healthy_2,409,1789844345.4093308,5786.3,140.03,842.71,5.41,91.96,0.1064,26.67,14.3,24.63,100.0,550.0,21.4,healthy,0.0
healthy_2,410,1789844346.4093308,5805.6,139.9,844.39,5.4,91.92,0.0964,26.69,14.18,24.56,100.0,555.0,21.4,healthy,0.0
healthy_2,411,1789844347.4093308,5801.3,139.83,848.64,5.36,92.14,0.1024,26.64,14.19,24.89,100.0,560.0,21.4,healthy,0.0
healthy_2,412,1789844348.4093308,5795.6,139.98,847.77,5.39,92.27,0.0996,26.59,14.22,24.89,100.0,565.0,21.3,healthy,0.0
healthy_2,413,1789844349.4093308,5793.3,139.65,848.6,5.4,92.39,0.1064,26.66,14.27,24.73,100.0,570.0,21.3,healthy,0.0
healthy_2,414,1789844350.4093308,5786.1,139.77,847.46,5.34,92.65,0.0966,26.69,14.27,25.11,100.0,575.0,21.3,healthy,0.0
healthy_2,415,1789844351.4093308,5773.0,139.96,845.65,5.35,92.9,0.1039,26.63,14.18,25.11,100.0,580.0,21.2,healthy,0.0
healthy_2,416,1789844352.4093308,5761.1,139.93,843.98,5.41,92.99,0.1002,26.62,14.27,25.04,100.0,585.0,21.2,healthy,0.0
healthy_2,417,1789844353.4093308,5768.7,140.04,846.37,5.34,92.92,0.0965,26.85,14.23,25.26,100.0,590.0,21.2,healthy,0.0
healthy_2,418,1789844354.4093308,5778.6,140.16,848.32,5.37,92.95,0.1026,27.02,14.3,25.29,100.0,595.0,21.1,healthy,0.0
healthy_2,419,1789844355.4093308,5785.6,140.03,847.35,5.47,92.92,0.0992,27.09,14.25,25.24,100.0,600.0,21.1,healthy,0.0
healthy_2,420,1789844356.4093308,5769.8,140.03,853.27,5.38,93.13,0.0928,27.08,14.17,25.28,100.0,605.0,21.1,healthy,0.0
healthy_2,421,1789844357.4093308,5796.6,140.04,851.73,5.4,93.31,0.0864,26.98,14.17,24.97,100.0,610.0,21.0,healthy,0.0
healthy_2,422,1789844358.4093308,5789.7,139.75,844.48,5.45,93.41,0.0897,27.03,14.2,24.86,100.0,615.0,21.0,healthy,0.0
healthy_2,423,1789844359.4093308,5780.5,139.81,843.91,5.46,93.61,0.0963,26.97,14.2,25.2,100.0,620.0,21.0,healthy,0.0
healthy_2,424,1789844360.4093308,5768.5,140.02,844.57,5.4,93.81,0.0953,26.88,14.23,24.8,100.0,625.0,20.9,healthy,0.0
healthy_2,425,1789844361.4093308,5797.2,140.16,842.93,5.42,94.0,0.1045,26.75,14.26,24.66,100.0,630.0,20.9,healthy,0.0
healthy_2,426,1789844362.4093308,5807.5,140.17,851.18,5.34,94.22,0.115,26.8,14.26,24.6,100.0,635.0,20.9,healthy,0.0
healthy_2,427,1789844363.4093308,5779.8,140.15,854.01,5.28,94.57,0.1088,26.86,14.21,24.5,100.0,640.0,20.8,healthy,0.0
healthy_2,428,1789844364.4093308,5762.2,140.17,849.53,5.31,94.77,0.0983,26.88,14.07,24.83,100.0,645.0,20.8,healthy,0.0
healthy_2,429,1789844365.4093308,5764.7,140.06,848.52,5.42,94.93,0.0955,26.81,14.05,25.13,100.0,650.0,20.8,healthy,0.0
healthy_2,430,1789844366.4093308,5770.6,139.95,855.86,5.29,95.1,0.097,27.01,14.02,25.32,100.0,655.0,20.7,healthy,0.0
healthy_2,431,1789844367.4093308,5758.9,140.04,850.29,5.3,95.28,0.0998,27.05,14.06,25.34,100.0,660.0,20.7,healthy,0.0
healthy_2,432,1789844368.4093308,5778.1,139.96,850.06,5.38,95.48,0.1026,26.87,14.02,25.0,100.0,665.0,20.7,healthy,0.0
healthy_2,433,1789844369.4093308,5812.1,139.8,850.36,5.32,95.66,0.103,26.82,13.98,24.67,100.0,670.0,20.6,healthy,0.0
healthy_2,434,1789844370.4093308,5822.7,139.99,844.24,5.41,95.65,0.0973,26.85,13.98,24.53,100.0,675.0,20.6,healthy,0.0
healthy_2,435,1789844371.4093308,5812.5,140.04,842.38,5.38,95.67,0.0992,26.81,14.05,24.78,100.0,680.0,20.6,healthy,0.0
healthy_2,436,1789844372.4093308,5826.3,140.1,844.18,5.47,95.72,0.1043,26.89,14.03,24.64,100.0,685.0,20.5,healthy,0.0
healthy_2,437,1789844373.4093308,5833.7,139.74,841.9,5.43,95.9,0.1093,26.98,14.03,25.01,100.0,690.0,20.5,healthy,0.0
healthy_2,438,1789844374.4093308,5826.8,139.73,841.52,5.43,95.87,0.1057,26.93,14.16,24.67,100.0,695.0,20.5,healthy,0.0
healthy_2,439,1789844375.4093308,5816.6,139.99,844.37,5.41,95.92,0.1108,26.93,14.08,24.83,100.0,700.0,20.4,healthy,0.0
healthy_2,440,1789844376.4093308,5801.5,140.05,844.89,5.31,96.03,0.1138,26.86,14.11,24.7,100.0,705.0,20.4,healthy,0.0
healthy_2,441,1789844377.4093308,5791.1,140.22,845.38,5.29,96.2,0.1074,26.89,14.05,24.98,100.0,710.0,20.4,healthy,0.0
healthy_2,442,1789844378.4093308,5792.5,140.15,842.54,5.39,96.33,0.0992,26.83,14.15,25.0,100.0,715.0,20.4,healthy,0.0
healthy_2,443,1789844379.4093308,5799.6,140.32,845.06,5.32,96.37,0.0929,26.81,14.11,25.22,100.0,720.0,20.3,healthy,0.0
healthy_2,444,1789844380.4093308,5790.4,140.41,842.32,5.39,96.51,0.1069,26.79,14.16,25.22,100.0,725.0,20.3,healthy,0.0
healthy_2,445,1789844381.4093308,5789.5,140.27,838.85,5.38,96.56,0.101,26.65,14.15,25.2,100.0,730.0,20.3,healthy,0.0
healthy_2,446,1789844382.4093308,5803.8,140.12,845.72,5.46,96.66,0.1038,26.72,14.09,25.33,100.0,735.0,20.2,healthy,0.0
healthy_2,447,1789844383.4093308,5800.7,140.42,847.35,5.38,96.77,0.0945,26.75,14.13,25.17,100.0,740.0,20.2,healthy,0.0
healthy_2,448,1789844384.4093308,5810.8,140.05,845.58,5.39,96.88,0.1038,26.66,14.18,24.73,100.0,745.0,20.2,healthy,0.0
healthy_2,449,1789844385.4093308,5810.1,140.26,843.63,5.33,96.75,0.0942,26.7,14.1,24.57,100.0,750.0,20.1,healthy,0.0
healthy_2,450,1789844386.4093308,5811.2,139.98,846.82,5.38,96.96,0.0985,26.84,14.11,24.92,100.0,755.0,20.1,healthy,0.0
healthy_2,451,1789844387.4093308,5825.8,140.11,841.95,5.36,97.11,0.104,26.84,14.09,25.16,100.0,760.0,20.1,healthy,0.0
healthy_2,452,1789844388.4093308,5840.5,139.98,844.19,5.34,97.28,0.0973,26.9,14.11,24.93,100.0,765.0,20.0,healthy,0.0
healthy_2,453,1789844389.4093308,5845.0,140.28,843.7,5.34,97.15,0.0908,26.87,14.14,24.57,100.0,770.0,20.0,healthy,0.0
healthy_2,454,1789844390.4093308,5815.6,140.12,842.72,5.34,97.21,0.0927,26.72,14.17,24.57,100.0,775.0,20.0,healthy,0.0
healthy_2,455,1789844391.4093308,5816.6,139.95,839.65,5.35,97.22,0.0934,26.76,14.15,24.71,100.0,780.0,19.9,healthy,0.0
healthy_2,456,1789844392.4093308,5840.6,139.81,843.78,5.4,97.39,0.1033,26.69,14.15,24.92,100.0,785.0,19.9,healthy,0.0
healthy_2,457,1789844393.4093308,5850.6,139.69,846.42,5.41,97.46,0.1033,26.82,14.2,24.72,100.0,790.0,19.9,healthy,0.0
healthy_2,458,1789844394.4093308,5845.7,139.79,842.89,5.42,97.53,0.0952,26.94,14.23,24.87,100.0,795.0,19.8,healthy,0.0
healthy_2,459,1789844395.4093308,5828.6,139.81,843.35,5.42,97.69,0.1002,26.76,14.19,24.72,100.0,800.0,19.8,healthy,0.0
healthy_2,460,1789844396.4093308,5847.2,139.99,842.79,5.35,97.64,0.0895,26.61,14.2,24.64,100.0,805.0,19.8,healthy,0.0
healthy_2,461,1789844397.4093308,5863.2,140.07,841.16,5.34,97.61,0.0929,26.65,14.2,24.73,100.0,810.0,19.7,healthy,0.0
healthy_2,462,1789844398.4093308,5841.2,140.26,842.5,5.35,97.74,0.1021,26.76,14.22,24.52,100.0,815.0,19.7,healthy,0.0
healthy_2,463,1789844399.4093308,5847.5,140.1,842.02,5.35,97.61,0.0958,26.8,14.19,25.11,100.0,820.0,19.7,healthy,0.0
healthy_2,464,1789844400.4093308,5831.4,140.04,842.11,5.34,97.61,0.098,27.1,14.18,25.19,100.0,825.0,19.6,healthy,0.0
healthy_2,465,1789844401.4093308,5787.1,140.14,844.3,5.33,97.8,0.1017,27.11,14.21,25.0,100.0,830.0,19.6,healthy,0.0
healthy_2,466,1789844402.4093308,5778.2,139.98,846.99,5.35,97.99,0.0972,27.01,14.2,25.1,100.0,835.0,19.6,healthy,0.0
healthy_2,467,1789844403.4093308,5776.7,140.16,843.74,5.33,98.3,0.1053,27.11,14.19,24.93,100.0,840.0,19.5,healthy,0.0
healthy_2,468,1789844404.4093308,5771.8,140.08,841.59,5.3,98.39,0.1015,27.09,14.22,25.18,100.0,845.0,19.5,healthy,0.0
healthy_2,469,1789844405.4093308,5789.9,139.46,840.21,5.34,98.48,0.0928,27.04,14.34,25.06,100.0,850.0,19.5,healthy,0.0
healthy_2,470,1789844406.4093308,5787.8,139.32,834.42,5.32,98.38,0.0945,27.06,14.38,25.05,100.0,855.0,19.4,healthy,0.0
healthy_2,471,1789844407.4093308,5809.4,139.41,832.8,5.35,98.46,0.1029,26.99,14.31,24.9,100.0,860.0,19.4,healthy,0.0
healthy_2,472,1789844408.4093308,5804.5,139.66,836.43,5.36,98.45,0.1005,27.01,14.29,25.07,100.0,865.0,19.4,healthy,0.0
healthy_2,473,1789844409.4093308,5798.6,139.56,835.47,5.3,98.48,0.1037,27.05,14.26,25.31,100.0,870.0,19.3,healthy,0.0
healthy_2,474,1789844410.4093308,5787.1,139.29,836.25,5.34,98.45,0.1046,27.03,14.25,24.93,100.0,875.0,19.3,healthy,0.0
healthy_2,475,1789844411.4093308,5790.8,139.2,841.57,5.23,98.57,0.105,27.0,14.35,24.74,100.0,880.0,19.3,healthy,0.0
healthy_2,476,1789844412.4093308,5776.2,139.03,839.43,5.23,98.57,0.0991,26.83,14.36,24.8,100.0,885.0,19.2,healthy,0.0
healthy_2,477,1789844413.4093308,5792.3,138.84,841.75,5.3,98.69,0.096,26.81,14.29,25.08,100.0,890.0,19.2,healthy,0.0
healthy_2,478,1789844414.4093308,5795.5,138.5,841.89,5.2,98.71,0.0926,26.96,14.23,24.99,100.0,895.0,19.2,healthy,0.0
healthy_2,479,1789844415.4093308,5801.5,138.34,838.3,5.36,98.73,0.0962,26.85,14.26,25.04,100.0,900.0,19.1,healthy,0.0
healthy_2,480,1789844416.4093308,5816.2,138.72,836.72,5.33,98.72,0.1032,26.96,14.22,25.33,100.0,905.0,19.1,healthy,0.0
healthy_2,481,1789844417.4093308,5810.4,138.75,835.18,5.23,98.79,0.0953,26.8,14.16,25.05,100.0,910.0,19.1,healthy,0.0
healthy_2,482,1789844418.4093308,5820.2,139.03,834.54,5.19,98.86,0.1002,26.77,14.19,24.87,100.0,915.0,19.1,healthy,0.0
healthy_2,483,1789844419.4093308,5808.9,139.03,836.66,5.22,98.95,0.1026,26.8,14.2,25.19,100.0,920.0,19.0,healthy,0.0
healthy_2,484,1789844420.4093308,5799.6,138.91,838.95,5.24,99.15,0.096,26.81,14.21,25.19,100.0,925.0,19.0,healthy,0.0
healthy_2,485,1789844421.4093308,5837.5,138.72,839.29,5.21,99.1,0.0971,26.93,14.21,25.1,100.0,930.0,19.0,healthy,0.0
healthy_2,486,1789844422.4093308,5823.8,138.91,839.57,5.22,99.11,0.0964,26.91,14.21,25.06,100.0,935.0,18.9,healthy,0.0
healthy_2,487,1789844423.4093308,5812.2,138.8,839.03,5.22,99.25,0.1065,26.98,14.25,24.63,100.0,940.0,18.9,healthy,0.0
healthy_2,488,1789844424.4093308,5791.7,139.02,838.51,5.3,99.2,0.0983,27.0,14.27,25.02,100.0,945.0,18.9,healthy,0.0
healthy_2,489,1789844425.4093308,5790.8,139.02,835.56,5.32,99.26,0.0992,26.77,14.28,25.29,100.0,950.0,18.8,healthy,0.0
healthy_2,490,1789844426.4093308,5806.9,138.93,843.87,5.34,99.16,0.1024,26.75,14.26,25.45,100.0,955.0,18.8,healthy,0.0
healthy_2,491,1789844427.4093308,5794.7,138.88,843.95,5.28,99.1,0.0988,26.82,14.2,25.52,100.0,960.0,18.8,healthy,0.0
healthy_2,492,1789844428.4093308,5820.0,138.94,840.12,5.3,99.36,0.1014,26.96,14.19,25.34,100.0,965.0,18.7,healthy,0.0
healthy_2,493,1789844429.4093308,5821.3,139.02,838.85,5.25,99.31,0.1031,26.93,14.15,25.05,100.0,970.0,18.7,healthy,0.0
healthy_2,494,1789844430.4093308,5837.7,138.97,841.66,5.26,99.26,0.1003,26.97,14.07,25.21,100.0,975.0,18.7,healthy,0.0
healthy_2,495,1789844431.4093308,5820.0,138.92,837.27,5.28,99.48,0.0973,26.8,14.08,25.02,100.0,980.0,18.6,healthy,0.0
healthy_2,496,1789844432.4093308,5834.5,138.55,836.11,5.27,99.73,0.0975,27.0,14.07,25.02,100.0,985.0,18.6,healthy,0.0
healthy_2,497,1789844433.4093308,5854.2,138.26,837.39,5.19,99.74,0.0949,27.06,14.03,24.88,100.0,990.0,18.6,healthy,0.0
healthy_2,498,1789844434.4093308,5821.1,138.53,842.58,5.25,99.8,0.0988,27.02,14.1,25.43,100.0,995.0,18.5,healthy,0.0
healthy_2,499,1789844435.4093308,5812.2,138.49,839.36,5.27,99.87,0.1013,27.08,14.13,24.79,100.0,1000.0,18.5,healthy,0.0
healthy_2,500,1789844436.4093308,5818.8,138.31,838.4,5.32,99.86,0.0892,27.04,14.17,24.96,100.0,1005.0,18.5,healthy,0.0
healthy_2,501,1789844437.4093308,5802.6,137.92,836.71,5.32,99.87,0.0904,26.89,14.15,25.03,100.0,1010.0,18.4,healthy,0.0
healthy_2,502,1789844438.4093308,5806.2,138.02,835.1,5.34,99.91,0.0969,26.94,14.15,25.21,100.0,1015.0,18.4,healthy,0.0
healthy_2,503,1789844439.4093308,5779.2,138.36,837.28,5.3,100.12,0.0974,26.8,14.12,25.17,100.0,1020.0,18.4,healthy,0.0
healthy_2,504,1789844440.4093308,5802.0,138.07,838.65,5.28,100.02,0.0942,26.81,14.11,24.91,100.0,1025.0,18.3,healthy,0.0
healthy_2,505,1789844441.4093308,5787.6,137.95,845.05,5.28,100.2,0.1011,27.08,14.14,25.06,100.0,1030.0,18.3,healthy,0.0
healthy_2,506,1789844442.4093308,5786.0,137.56,842.34,5.3,100.16,0.1025,27.1,14.22,25.23,100.0,1035.0,18.3,healthy,0.0
healthy_2,507,1789844443.4093308,5792.7,137.53,840.5,5.34,100.28,0.1002,27.06,14.19,25.2,100.0,1040.0,18.2,healthy,0.0
healthy_2,508,1789844444.4093308,5803.6,137.76,841.66,5.27,100.18,0.1033,27.11,14.25,25.07,100.0,1045.0,18.2,healthy,0.0
healthy_2,509,1789844445.4093308,5789.2,138.06,843.34,5.24,100.21,0.0982,27.29,14.29,24.76,100.0,1050.0,18.2,healthy,0.0
healthy_2,510,1789844446.4093308,5768.0,138.03,837.82,5.21,100.35,0.1026,27.14,14.31,24.45,100.0,1055.0,18.1,healthy,0.0
healthy_2,511,1789844447.4093308,5780.8,137.84,834.8,5.27,100.38,0.1046,27.04,14.28,24.6,100.0,1060.0,18.1,healthy,0.0
healthy_2,512,1789844448.4093308,5792.6,137.89,837.19,5.31,100.48,0.1043,27.03,14.32,24.8,100.0,1065.0,18.1,healthy,0.0
healthy_2,513,1789844449.4093308,5791.3,137.69,840.44,5.33,100.63,0.1025,27.1,14.29,25.1,100.0,1070.0,18.0,healthy,0.0
healthy_2,514,1789844450.4093308,5789.5,137.4,842.9,5.34,100.7,0.1079,27.04,14.24,25.28,100.0,1075.0,18.0,healthy,0.0
healthy_2,515,1789844451.4093308,5780.2,137.48,843.13,5.34,100.8,0.109,27.06,14.16,25.15,100.0,1080.0,18.0,healthy,0.0
healthy_2,516,1789844452.4093308,5780.0,137.5,840.28,5.39,101.08,0.1083,27.09,14.15,25.18,100.0,1085.0,17.9,healthy,0.0
healthy_2,517,1789844453.4093308,5796.2,137.49,838.94,5.34,101.1,0.1062,27.25,14.05,25.04,100.0,1090.0,17.9,healthy,0.0
healthy_2,518,1789844454.4093308,5800.6,137.24,845.81,5.36,100.83,0.1068,27.38,14.12,25.19,100.0,1095.0,17.9,healthy,0.0
healthy_2,519,1789844455.4093308,5832.7,137.16,846.41,5.4,100.88,0.0955,27.24,14.13,24.82,100.0,1100.0,17.9,healthy,0.0
healthy_2,520,1789844456.4093308,5846.5,137.1,841.88,5.31,101.02,0.0912,27.2,14.16,25.25,100.0,1105.0,17.8,healthy,0.0
healthy_2,521,1789844457.4093308,5833.4,137.52,834.39,5.17,101.3,0.0898,27.11,14.04,25.09,100.0,1110.0,17.8,healthy,0.0
healthy_2,522,1789844458.4093308,5827.5,137.36,838.34,5.2,101.34,0.0892,27.14,14.12,25.21,100.0,1115.0,17.8,healthy,0.0
healthy_2,523,1789844459.4093308,5836.9,137.42,840.33,5.27,101.5,0.0893,27.11,14.07,24.79,100.0,1120.0,17.7,healthy,0.0
healthy_2,524,1789844460.4093308,5794.8,137.58,839.42,5.31,101.42,0.0925,27.13,14.1,24.88,100.0,1125.0,17.7,healthy,0.0
healthy_2,525,1789844461.4093308,5813.5,137.7,843.18,5.27,101.58,0.0929,27.09,14.16,24.85,100.0,1130.0,17.7,healthy,0.0
healthy_2,526,1789844462.4093308,5796.7,137.59,838.56,5.17,101.76,0.0923,27.07,14.23,25.19,100.0,1135.0,17.6,healthy,0.0
healthy_2,527,1789844463.4093308,5784.9,137.63,836.69,5.25,101.74,0.0954,27.11,14.21,24.91,100.0,1140.0,17.6,healthy,0.0
healthy_2,528,1789844464.4093308,5796.8,137.44,836.95,5.33,101.77,0.0898,27.08,14.18,25.08,100.0,1145.0,17.6,healthy,0.0
healthy_2,529,1789844465.4093308,5800.9,137.55,837.85,5.24,101.86,0.0922,27.21,14.24,24.98,100.0,1150.0,17.5,healthy,0.0
healthy_2,530,1789844466.4093308,5796.5,137.7,837.73,5.22,101.96,0.0931,27.06,14.16,24.67,100.0,1155.0,17.5,healthy,0.0
healthy_2,531,1789844467.4093308,5806.0,137.62,838.32,5.27,102.23,0.0898,27.05,14.17,25.12,100.0,1160.0,17.5,healthy,0.0
healthy_2,532,1789844468.4093308,5824.4,137.76,835.31,5.31,102.3,0.0881,27.01,14.14,24.63,100.0,1165.0,17.4,healthy,0.0
healthy_2,533,1789844469.4093308,5819.2,137.88,837.01,5.34,102.41,0.0887,27.24,14.18,24.73,100.0,1170.0,17.4,healthy,0.0
healthy_2,534,1789844470.4093308,5819.5,137.7,833.19,5.31,102.49,0.0928,27.22,14.17,24.73,100.0,1175.0,17.4,healthy,0.0
healthy_2,535,1789844471.4093308,5819.4,137.81,828.47,5.21,102.5,0.0946,27.16,14.27,24.6,100.0,1180.0,17.3,healthy,0.0
healthy_2,536,1789844472.4093308,5810.4,138.37,824.43,5.22,102.49,0.0984,27.24,14.26,24.67,100.0,1185.0,17.3,healthy,0.0
healthy_2,537,1789844473.4093308,5808.7,138.57,820.59,5.23,102.48,0.0967,27.2,14.37,24.84,100.0,1190.0,17.3,healthy,0.0
healthy_2,538,1789844474.4093308,5803.5,138.6,821.11,5.27,102.44,0.0896,27.06,14.43,25.28,100.0,1195.0,17.2,healthy,0.0
healthy_2,539,1789844475.4093308,5815.9,138.69,821.66,5.19,102.41,0.0932,27.07,14.37,25.32,100.0,1200.0,17.2,healthy,0.0
healthy_2,540,1789844476.4093308,5802.0,138.43,823.59,5.15,102.22,0.0944,27.07,14.32,25.31,100.0,1205.0,17.2,healthy,0.0
healthy_2,541,1789844477.4093308,5768.5,138.33,820.2,5.25,102.28,0.0892,26.94,14.26,25.12,100.0,1210.0,17.1,healthy,0.0
healthy_2,542,1789844478.4093308,5773.0,138.46,822.52,5.3,102.47,0.0969,27.08,14.2,24.92,100.0,1215.0,17.1,healthy,0.0
healthy_2,543,1789844479.4093308,5777.8,138.45,826.78,5.33,102.67,0.0965,26.94,14.13,25.07,100.0,1220.0,17.1,healthy,0.0
healthy_2,544,1789844480.4093308,5775.0,137.86,822.81,5.34,102.69,0.0982,26.97,14.18,24.86,100.0,1225.0,17.0,healthy,0.0
healthy_2,545,1789844481.4093308,5801.2,137.84,823.99,5.21,102.91,0.1032,26.95,14.13,25.48,100.0,1230.0,17.0,healthy,0.0
healthy_2,546,1789844482.4093308,5763.7,137.59,829.7,5.2,102.98,0.1009,27.13,14.12,25.11,100.0,1235.0,17.0,healthy,0.0
healthy_2,547,1789844483.4093308,5765.2,137.53,834.52,5.21,102.91,0.0964,26.92,14.09,25.04,100.0,1240.0,16.9,healthy,0.0
healthy_2,548,1789844484.4093308,5795.7,137.38,833.61,5.3,102.96,0.1054,26.88,14.08,25.18,100.0,1245.0,16.9,healthy,0.0
healthy_2,549,1789844485.4093308,5808.3,137.5,833.99,5.25,102.98,0.1012,26.93,14.08,24.83,100.0,1250.0,16.9,healthy,0.0
healthy_2,550,1789844486.4093308,5810.1,137.38,832.78,5.26,102.95,0.1027,26.93,14.15,25.03,100.0,1255.0,16.8,healthy,0.0
healthy_2,551,1789844487.4093308,5818.0,137.35,828.15,5.15,103.13,0.1034,26.84,14.11,25.4,100.0,1260.0,16.8,healthy,0.0
healthy_2,552,1789844488.4093308,5791.9,137.39,828.03,5.17,103.27,0.0966,26.78,14.11,25.28,100.0,1265.0,16.8,healthy,0.0
healthy_2,553,1789844489.4093308,5795.0,137.13,825.53,5.25,103.5,0.0994,26.9,14.17,25.26,100.0,1270.0,16.7,healthy,0.0
healthy_2,554,1789844490.4093308,5792.0,137.16,828.44,5.19,103.46,0.1052,26.87,14.12,25.16,100.0,1275.0,16.7,healthy,0.0
healthy_2,555,1789844491.4093308,5807.0,137.17,830.96,5.21,103.61,0.1057,27.01,14.1,25.52,100.0,1280.0,16.7,healthy,0.0
healthy_2,556,1789844492.4093308,5791.4,137.05,826.92,5.25,103.72,0.101,27.16,14.19,24.95,100.0,1285.0,16.6,healthy,0.0
healthy_2,557,1789844493.4093308,5813.9,136.89,826.06,5.18,103.88,0.1044,26.99,14.14,24.88,100.0,1290.0,16.6,healthy,0.0
healthy_2,558,1789844494.4093308,5815.8,136.79,826.21,5.26,103.83,0.0987,27.04,14.19,25.09,100.0,1295.0,16.6,healthy,0.0
healthy_2,559,1789844495.4093308,5799.9,136.52,829.41,5.16,103.94,0.0982,27.1,14.2,24.89,100.0,1300.0,16.5,healthy,0.0
healthy_2,560,1789844496.4093308,5770.3,136.57,827.22,5.13,103.93,0.0986,26.99,14.22,24.92,100.0,1305.0,16.5,healthy,0.0
healthy_2,561,1789844497.4093308,5770.3,136.61,830.84,5.24,103.76,0.1015,27.11,14.16,24.97,100.0,1310.0,16.5,healthy,0.0
healthy_2,562,1789844498.4093308,5771.4,136.78,828.33,5.23,103.75,0.1027,27.19,14.2,25.08,100.0,1315.0,16.5,healthy,0.0
healthy_2,563,1789844499.4093308,5805.7,136.73,834.56,5.26,103.84,0.1041,27.22,14.19,25.03,100.0,1320.0,16.4,healthy,0.0
healthy_2,564,1789844500.4093308,5808.4,136.36,836.01,5.24,103.89,0.1077,27.23,14.23,25.1,100.0,1325.0,16.4,healthy,0.0
healthy_2,565,1789844501.4093308,5828.5,136.54,838.89,5.32,103.99,0.0968,27.39,14.37,25.16,100.0,1330.0,16.4,healthy,0.0
healthy_2,566,1789844502.4093308,5831.5,136.52,835.2,5.31,104.08,0.1007,27.25,14.32,24.99,100.0,1335.0,16.3,healthy,0.0
healthy_2,567,1789844503.4093308,5824.3,136.73,829.07,5.26,104.18,0.1011,27.19,14.22,24.67,100.0,1340.0,16.3,healthy,0.0
healthy_2,568,1789844504.4093308,5821.2,136.77,832.56,5.2,104.25,0.0986,27.06,14.21,24.8,100.0,1345.0,16.3,healthy,0.0
healthy_2,569,1789844505.4093308,5829.3,136.54,833.7,5.26,104.38,0.0966,27.09,14.16,24.75,100.0,1350.0,16.2,healthy,0.0
healthy_2,570,1789844506.4093308,5829.2,136.34,835.43,5.21,104.46,0.1057,27.04,14.15,24.93,100.0,1355.0,16.2,healthy,0.0
healthy_2,571,1789844507.4093308,5824.3,136.2,833.9,5.16,104.54,0.098,27.17,14.12,24.79,100.0,1360.0,16.2,healthy,0.0
healthy_2,572,1789844508.4093308,5843.0,136.17,832.99,5.21,104.59,0.1006,27.13,14.15,25.03,100.0,1365.0,16.1,healthy,0.0
healthy_2,573,1789844509.4093308,5863.4,136.36,830.37,5.15,104.56,0.1019,27.1,14.18,25.02,100.0,1370.0,16.1,healthy,0.0
healthy_2,574,1789844510.4093308,5848.1,136.41,826.94,5.13,104.61,0.1038,27.26,14.17,25.06,100.0,1375.0,16.1,healthy,0.0
healthy_2,575,1789844511.4093308,5828.7,136.47,827.58,5.26,104.72,0.1118,27.08,14.2,24.99,100.0,1380.0,16.0,healthy,0.0
healthy_2,576,1789844512.4093308,5832.9,136.45,830.16,5.29,104.81,0.1108,26.96,14.14,25.13,100.0,1385.0,16.0,healthy,0.0
healthy_2,577,1789844513.4093308,5838.4,136.24,832.84,5.29,104.68,0.1169,27.02,14.12,24.96,100.0,1390.0,16.0,healthy,0.0
healthy_2,578,1789844514.4093308,5809.2,135.9,830.5,5.26,104.61,0.1201,26.96,14.16,24.74,100.0,1395.0,15.9,healthy,0.0
healthy_2,579,1789844515.4093308,5791.0,136.24,828.78,5.3,104.46,0.1075,26.89,14.18,24.88,100.0,1400.0,15.9,healthy,0.0
healthy_2,580,1789844516.4093308,5797.9,136.39,831.49,5.32,104.47,0.1038,27.03,14.1,24.84,100.0,1405.0,15.9,healthy,0.0
healthy_2,581,1789844517.4093308,5802.5,136.31,831.53,5.21,104.41,0.0985,27.09,14.05,24.87,100.0,1410.0,15.8,healthy,0.0
healthy_2,582,1789844518.4093308,5808.0,136.15,834.9,5.21,104.46,0.105,26.99,14.11,24.52,100.0,1415.0,15.8,healthy,0.0
healthy_2,583,1789844519.4093308,5809.4,136.18,833.79,5.1,104.47,0.1021,26.97,14.04,25.0,100.0,1420.0,15.8,healthy,0.0
healthy_2,584,1789844520.4093308,5819.2,136.16,832.43,5.12,104.48,0.1002,26.68,14.02,25.38,100.0,1425.0,15.7,healthy,0.0
healthy_2,585,1789844521.4093308,5785.9,135.89,829.81,5.2,104.38,0.0982,26.7,14.0,25.32,100.0,1430.0,15.7,healthy,0.0
healthy_2,586,1789844522.4093308,5793.0,135.9,831.14,5.2,104.47,0.1085,26.73,14.04,24.94,100.0,1435.0,15.7,healthy,0.0
healthy_2,587,1789844523.4093308,5809.6,135.82,829.06,5.23,104.66,0.1028,26.54,14.05,25.11,100.0,1440.0,15.6,healthy,0.0
healthy_2,588,1789844524.4093308,5808.2,135.72,829.64,5.16,104.73,0.102,26.71,14.06,24.98,100.0,1445.0,15.6,healthy,0.0
healthy_2,589,1789844525.4093308,5811.1,135.52,829.22,5.18,104.75,0.1102,26.7,14.03,25.13,100.0,1450.0,15.6,healthy,0.0
healthy_2,590,1789844526.4093308,5789.3,135.63,825.58,5.23,104.73,0.1074,26.76,14.11,25.32,100.0,1455.0,15.5,healthy,0.0
healthy_2,591,1789844527.4093308,5809.0,135.94,821.34,5.25,104.71,0.0965,26.84,14.08,25.12,100.0,1460.0,15.5,healthy,0.0
healthy_2,592,1789844528.4093308,5797.1,135.68,825.09,5.25,104.99,0.0908,26.67,14.11,24.73,100.0,1465.0,15.5,healthy,0.0
healthy_2,593,1789844529.4093308,5801.4,135.43,827.28,5.24,104.99,0.0877,26.73,14.16,24.82,100.0,1470.0,15.4,healthy,0.0
healthy_2,594,1789844530.4093308,5781.2,135.74,829.73,5.3,104.82,0.0919,26.89,14.12,25.16,100.0,1475.0,15.4,healthy,0.0
healthy_2,595,1789844531.4093308,5800.4,135.88,833.71,5.29,105.06,0.0874,26.92,14.08,24.91,100.0,1480.0,15.4,healthy,0.0
healthy_2,596,1789844532.4093308,5803.5,135.71,835.77,5.24,104.96,0.0996,26.76,14.08,25.13,100.0,1485.0,15.3,healthy,0.0
healthy_2,597,1789844533.4093308,5785.0,136.13,836.82,5.23,104.92,0.1037,26.63,14.01,25.38,100.0,1490.0,15.3,healthy,0.0
healthy_2,598,1789844534.4093308,5794.3,135.81,830.97,5.17,104.94,0.0939,26.64,14.06,25.26,100.0,1495.0,15.3,healthy,0.0
healthy_2,599,1789844535.4093308,5792.6,135.95,831.36,5.16,104.94,0.0954,26.6,14.06,25.11,100.0,1500.0,15.2,healthy,0.0
healthy_2,600,1789844536.4093308,5268.2,135.86,813.59,4.68,104.92,0.0864,23.26,14.06,23.46,75.0,1500.0,15.2,healthy,0.0
healthy_2,601,1789844537.4093308,4991.8,135.81,794.87,4.48,104.98,0.0834,21.61,14.04,22.41,75.0,1500.0,15.2,healthy,0.0
healthy_2,602,1789844538.4093308,4852.7,135.32,787.11,4.38,104.93,0.0775,20.85,14.01,21.64,75.0,1500.0,15.2,healthy,0.0
healthy_2,603,1789844539.4093308,4783.8,134.87,774.92,4.37,104.95,0.0725,20.44,14.05,21.36,75.0,1500.0,15.2,healthy,0.0
healthy_2,604,1789844540.4093308,4756.0,134.42,767.0,4.42,104.84,0.08,20.48,14.11,21.05,75.0,1500.0,15.2,healthy,0.0
healthy_2,605,1789844541.4093308,4708.7,133.79,759.03,4.4,104.9,0.0746,20.41,14.14,21.32,75.0,1500.0,15.2,healthy,0.0
healthy_2,606,1789844542.4093308,4716.1,133.54,759.22,4.39,104.92,0.0713,20.38,14.1,21.6,75.0,1500.0,15.2,healthy,0.0
healthy_2,607,1789844543.4093308,4701.5,133.28,755.0,4.28,104.76,0.0634,20.27,14.21,21.43,75.0,1500.0,15.2,healthy,0.0
healthy_2,608,1789844544.4093308,4696.8,133.0,755.51,4.3,104.68,0.0573,20.27,14.21,21.46,75.0,1500.0,15.2,healthy,0.0
healthy_2,609,1789844545.4093308,4689.4,132.26,752.53,4.35,104.65,0.0648,20.3,14.11,20.99,75.0,1500.0,15.2,healthy,0.0
healthy_2,610,1789844546.4093308,4713.7,131.81,751.68,4.39,104.58,0.062,20.24,14.12,21.5,75.0,1500.0,15.2,healthy,0.0
healthy_2,611,1789844547.4093308,4689.0,131.3,749.11,4.31,104.47,0.0679,20.22,14.06,21.29,75.0,1500.0,15.2,healthy,0.0
healthy_2,612,1789844548.4093308,4666.7,131.04,743.38,4.28,104.47,0.0617,20.05,14.05,21.35,75.0,1500.0,15.2,healthy,0.0
healthy_2,613,1789844549.4093308,4697.3,131.11,746.41,4.41,104.51,0.0631,19.97,14.11,21.35,75.0,1500.0,15.2,healthy,0.0
healthy_2,614,1789844550.4093308,4700.8,130.76,747.78,4.43,104.45,0.0675,19.89,14.08,20.97,75.0,1500.0,15.2,healthy,0.0
healthy_2,615,1789844551.4093308,4686.9,130.76,745.96,4.43,104.41,0.0797,20.0,14.16,20.77,75.0,1500.0,15.2,healthy,0.0
healthy_2,616,1789844552.4093308,4711.6,130.93,744.53,4.35,104.59,0.082,20.12,14.13,20.78,75.0,1500.0,15.2,healthy,0.0
healthy_2,617,1789844553.4093308,4733.2,130.58,743.56,4.36,104.45,0.0824,20.12,14.09,21.11,75.0,1500.0,15.2,healthy,0.0
healthy_2,618,1789844554.4093308,4745.9,130.23,742.87,4.3,104.55,0.0931,20.12,14.1,21.05,75.0,1500.0,15.2,healthy,0.0
healthy_2,619,1789844555.4093308,4731.7,130.16,748.43,4.31,104.62,0.08,20.18,14.06,21.04,75.0,1500.0,15.2,healthy,0.0
healthy_2,620,1789844556.4093308,4723.9,129.58,752.85,4.29,104.6,0.0767,20.19,13.94,21.03,75.0,1500.0,15.2,healthy,0.0
healthy_2,621,1789844557.4093308,4723.7,129.37,754.16,4.21,104.68,0.0835,20.24,13.95,20.77,75.0,1500.0,15.2,healthy,0.0
healthy_2,622,1789844558.4093308,4722.5,129.38,747.77,4.28,104.67,0.0833,20.31,14.03,21.14,75.0,1500.0,15.2,healthy,0.0
healthy_2,623,1789844559.4093308,4704.7,129.18,744.26,4.35,104.75,0.0794,20.4,14.04,21.18,75.0,1500.0,15.2,healthy,0.0
healthy_2,624,1789844560.4093308,4692.5,129.05,739.31,4.43,104.77,0.074,20.22,14.09,21.35,75.0,1500.0,15.2,healthy,0.0
healthy_2,625,1789844561.4093308,4702.0,128.75,733.46,4.4,104.77,0.072,20.14,14.08,20.95,75.0,1500.0,15.2,healthy,0.0
healthy_2,626,1789844562.4093308,4715.8,128.86,731.51,4.4,104.69,0.069,20.29,14.13,21.12,75.0,1500.0,15.2,healthy,0.0
healthy_2,627,1789844563.4093308,4739.2,128.5,733.63,4.35,104.67,0.0779,20.36,14.12,21.7,75.0,1500.0,15.2,healthy,0.0
healthy_2,628,1789844564.4093308,4725.6,128.21,738.57,4.4,104.59,0.0592,20.33,14.07,21.25,75.0,1500.0,15.2,healthy,0.0
healthy_2,629,1789844565.4093308,4729.3,128.27,735.94,4.36,104.52,0.0688,20.27,14.1,20.62,75.0,1500.0,15.2,healthy,0.0
healthy_2,630,1789844566.4093308,4743.3,128.64,734.28,4.4,104.51,0.0788,20.38,14.07,20.94,75.0,1500.0,15.2,healthy,0.0
healthy_2,631,1789844567.4093308,4738.0,128.28,733.11,4.39,104.59,0.0733,20.36,14.1,21.12,75.0,1500.0,15.2,healthy,0.0
healthy_2,632,1789844568.4093308,4726.1,128.4,733.22,4.42,104.52,0.0736,20.35,14.07,20.84,75.0,1500.0,15.2,healthy,0.0
healthy_2,633,1789844569.4093308,4710.7,128.15,729.78,4.34,104.52,0.0704,20.36,14.16,21.14,75.0,1500.0,15.2,healthy,0.0
healthy_2,634,1789844570.4093308,4679.1,128.3,727.32,4.35,104.46,0.069,20.42,14.2,21.17,75.0,1500.0,15.2,healthy,0.0
healthy_2,635,1789844571.4093308,4685.9,128.2,730.04,4.29,104.51,0.0633,20.3,14.24,21.06,75.0,1500.0,15.2,healthy,0.0
healthy_2,636,1789844572.4093308,4673.7,127.88,724.6,4.36,104.53,0.0629,20.26,14.25,21.68,75.0,1500.0,15.2,healthy,0.0
healthy_2,637,1789844573.4093308,4675.1,127.65,725.86,4.35,104.72,0.066,20.37,14.27,21.17,75.0,1500.0,15.2,healthy,0.0
healthy_2,638,1789844574.4093308,4666.6,127.48,725.07,4.36,104.85,0.0723,20.48,14.25,21.54,75.0,1500.0,15.2,healthy,0.0
healthy_2,639,1789844575.4093308,4690.3,127.5,731.0,4.34,104.86,0.0798,20.49,14.2,21.17,75.0,1500.0,15.2,healthy,0.0
healthy_2,640,1789844576.4093308,4662.9,127.73,728.86,4.27,104.91,0.0823,20.47,14.19,21.07,75.0,1500.0,15.2,healthy,0.0
healthy_2,641,1789844577.4093308,4666.6,127.41,728.85,4.29,104.98,0.0798,20.23,14.12,21.29,75.0,1500.0,15.2,healthy,0.0
healthy_2,642,1789844578.4093308,4676.4,127.56,734.01,4.31,104.76,0.0696,20.09,14.19,21.26,75.0,1500.0,15.2,healthy,0.0
healthy_2,643,1789844579.4093308,4673.1,127.64,738.76,4.28,104.72,0.0741,20.18,14.13,21.17,75.0,1500.0,15.2,healthy,0.0
healthy_2,644,1789844580.4093308,4660.2,127.28,738.52,4.28,104.74,0.0698,20.25,14.09,21.09,75.0,1500.0,15.2,healthy,0.0
healthy_2,645,1789844581.4093308,4647.8,126.94,738.59,4.24,104.63,0.0635,20.29,14.06,21.18,75.0,1500.0,15.2,healthy,0.0
healthy_2,646,1789844582.4093308,4683.4,127.35,740.38,4.24,104.63,0.0725,20.19,14.09,21.06,75.0,1500.0,15.2,healthy,0.0
healthy_2,647,1789844583.4093308,4671.4,127.1,744.96,4.28,104.67,0.0789,20.11,14.05,21.36,75.0,1500.0,15.2,healthy,0.0
healthy_2,648,1789844584.4093308,4653.2,127.08,745.53,4.3,104.44,0.079,19.94,13.99,21.2,75.0,1500.0,15.2,healthy,0.0
healthy_2,649,1789844585.4093308,4655.4,126.81,740.59,4.34,104.41,0.0672,19.98,14.02,21.23,75.0,1500.0,15.2,healthy,0.0
healthy_2,650,1789844586.4093308,4647.1,126.98,742.01,4.37,104.52,0.0645,20.16,14.05,21.14,75.0,1500.0,15.2,healthy,0.0
healthy_2,651,1789844587.4093308,4661.5,126.55,743.58,4.45,104.59,0.072,20.08,14.07,21.36,75.0,1500.0,15.2,healthy,0.0
healthy_2,652,1789844588.4093308,4631.5,126.53,743.18,4.42,104.51,0.0705,20.29,14.09,21.84,75.0,1500.0,15.2,healthy,0.0
healthy_2,653,1789844589.4093308,4649.5,126.59,744.18,4.37,104.57,0.0713,20.27,14.22,21.62,75.0,1500.0,15.2,healthy,0.0
healthy_2,654,1789844590.4093308,4637.5,126.93,739.75,4.41,104.53,0.0762,20.26,14.24,21.15,75.0,1500.0,15.2,healthy,0.0
healthy_2,655,1789844591.4093308,4644.8,126.82,739.91,4.41,104.51,0.0713,20.22,14.22,21.07,75.0,1500.0,15.2,healthy,0.0
healthy_2,656,1789844592.4093308,4653.7,126.8,743.8,4.45,104.43,0.0657,20.11,14.21,21.34,75.0,1500.0,15.2,healthy,0.0
healthy_2,657,1789844593.4093308,4661.9,127.11,739.07,4.42,104.44,0.0745,20.07,14.14,21.42,75.0,1500.0,15.2,healthy,0.0
healthy_2,658,1789844594.4093308,4670.4,127.31,739.54,4.29,104.19,0.0689,20.16,14.09,21.07,75.0,1500.0,15.2,healthy,0.0
healthy_2,659,1789844595.4093308,4682.6,127.09,739.95,4.21,104.09,0.072,20.25,14.05,21.01,75.0,1500.0,15.2,healthy,0.0
healthy_2,660,1789844596.4093308,4700.2,126.72,744.24,4.25,104.13,0.0648,20.22,14.05,21.06,75.0,1500.0,15.2,healthy,0.0
healthy_2,661,1789844597.4093308,4694.1,126.66,742.99,4.29,104.24,0.0647,20.2,14.09,21.2,75.0,1500.0,15.2,healthy,0.0
healthy_2,662,1789844598.4093308,4695.8,126.63,743.46,4.22,104.16,0.0731,20.21,14.06,21.26,75.0,1500.0,15.2,healthy,0.0
healthy_2,663,1789844599.4093308,4719.2,126.24,741.82,4.23,104.26,0.0715,20.32,14.08,21.07,75.0,1500.0,15.2,healthy,0.0
healthy_2,664,1789844600.4093308,4727.0,126.7,744.16,4.32,104.18,0.081,20.41,14.02,21.22,75.0,1500.0,15.2,healthy,0.0
healthy_2,665,1789844601.4093308,4721.4,126.54,742.27,4.32,104.15,0.0793,20.32,14.04,20.79,75.0,1500.0,15.2,healthy,0.0
healthy_2,666,1789844602.4093308,4717.9,126.23,739.71,4.32,104.15,0.0613,20.29,14.01,20.84,75.0,1500.0,15.2,healthy,0.0
healthy_2,667,1789844603.4093308,4701.9,126.47,739.28,4.41,103.95,0.0678,20.37,14.02,20.9,75.0,1500.0,15.2,healthy,0.0
healthy_2,668,1789844604.4093308,4725.8,126.6,734.6,4.42,104.09,0.0635,20.34,14.05,20.87,75.0,1500.0,15.2,healthy,0.0
healthy_2,669,1789844605.4093308,4725.0,126.13,740.32,4.38,104.01,0.0653,20.29,14.1,21.1,75.0,1500.0,15.2,healthy,0.0
healthy_2,670,1789844606.4093308,4717.6,126.02,744.1,4.38,104.06,0.0622,20.24,14.17,21.09,75.0,1500.0,15.2,healthy,0.0
healthy_2,671,1789844607.4093308,4741.7,126.0,742.67,4.38,104.09,0.0678,20.15,14.16,21.1,75.0,1500.0,15.2,healthy,0.0
healthy_2,672,1789844608.4093308,4733.2,126.13,741.29,4.29,104.11,0.0652,20.08,14.13,20.66,75.0,1500.0,15.2,healthy,0.0
healthy_2,673,1789844609.4093308,4725.5,126.04,738.17,4.26,104.13,0.0788,20.14,14.18,20.88,75.0,1500.0,15.2,healthy,0.0
healthy_2,674,1789844610.4093308,4730.1,125.76,741.52,4.33,104.11,0.0838,20.33,14.16,20.7,75.0,1500.0,15.2,healthy,0.0
healthy_2,675,1789844611.4093308,4747.5,126.25,740.05,4.37,103.99,0.0749,20.38,14.25,21.11,75.0,1500.0,15.2,healthy,0.0
healthy_2,676,1789844612.4093308,4737.1,126.2,740.29,4.35,104.0,0.0773,20.4,14.18,21.39,75.0,1500.0,15.2,healthy,0.0
healthy_2,677,1789844613.4093308,4713.0,126.39,734.29,4.28,103.99,0.0719,20.45,14.13,21.2,75.0,1500.0,15.2,healthy,0.0
healthy_2,678,1789844614.4093308,4712.9,126.39,734.55,4.31,103.98,0.0694,20.68,14.13,21.28,75.0,1500.0,15.2,healthy,0.0
healthy_2,679,1789844615.4093308,4716.3,126.39,734.35,4.32,103.95,0.065,20.53,14.16,21.05,75.0,1500.0,15.2,healthy,0.0
healthy_2,680,1789844616.4093308,4725.6,126.26,739.47,4.33,104.1,0.0717,20.36,14.21,21.08,75.0,1500.0,15.2,healthy,0.0
healthy_2,681,1789844617.4093308,4714.1,126.55,743.18,4.35,104.21,0.0653,20.3,14.26,20.76,75.0,1500.0,15.2,healthy,0.0
healthy_2,682,1789844618.4093308,4710.9,126.91,740.59,4.38,104.09,0.0634,20.35,14.22,20.88,75.0,1500.0,15.2,healthy,0.0
healthy_2,683,1789844619.4093308,4731.5,126.71,738.63,4.42,103.98,0.0609,20.27,14.26,21.01,75.0,1500.0,15.2,healthy,0.0
healthy_2,684,1789844620.4093308,4700.0,126.59,740.94,4.38,104.0,0.0696,20.21,14.3,21.12,75.0,1500.0,15.2,healthy,0.0
healthy_2,685,1789844621.4093308,4704.5,126.51,735.6,4.31,103.96,0.0654,20.03,14.28,20.99,75.0,1500.0,15.2,healthy,0.0
healthy_2,686,1789844622.4093308,4716.4,126.7,736.77,4.25,104.01,0.0656,19.98,14.3,20.84,75.0,1500.0,15.2,healthy,0.0
healthy_2,687,1789844623.4093308,4690.0,126.82,736.64,4.34,104.09,0.0684,19.92,14.2,20.72,75.0,1500.0,15.2,healthy,0.0
healthy_2,688,1789844624.4093308,4672.0,126.9,738.99,4.35,103.83,0.0719,19.78,14.28,20.85,75.0,1500.0,15.2,healthy,0.0
healthy_2,689,1789844625.4093308,4684.8,126.58,733.13,4.4,103.68,0.0728,20.03,14.23,20.61,75.0,1500.0,15.2,healthy,0.0
healthy_2,690,1789844626.4093308,4691.5,126.91,734.25,4.28,103.68,0.0797,20.01,14.25,20.77,75.0,1500.0,15.2,healthy,0.0
healthy_2,691,1789844627.4093308,4695.3,127.04,739.17,4.25,103.84,0.0751,20.07,14.25,20.87,75.0,1500.0,15.2,healthy,0.0
healthy_2,692,1789844628.4093308,4690.4,127.09,744.6,4.31,103.72,0.0688,20.17,14.27,21.01,75.0,1500.0,15.2,healthy,0.0
healthy_2,693,1789844629.4093308,4681.4,127.2,744.12,4.4,103.68,0.0638,20.21,14.33,21.07,75.0,1500.0,15.2,healthy,0.0
healthy_2,694,1789844630.4093308,4665.5,126.85,738.12,4.36,103.71,0.0607,20.32,14.36,20.36,75.0,1500.0,15.2,healthy,0.0
healthy_2,695,1789844631.4093308,4645.3,126.67,736.96,4.32,103.69,0.0725,20.36,14.25,20.61,75.0,1500.0,15.2,healthy,0.0
healthy_2,696,1789844632.4093308,4651.6,127.02,730.65,4.28,103.69,0.0726,20.31,14.19,21.02,75.0,1500.0,15.2,healthy,0.0
healthy_2,697,1789844633.4093308,4663.7,126.99,727.32,4.2,103.72,0.071,20.28,14.17,21.01,75.0,1500.0,15.2,healthy,0.0
healthy_2,698,1789844634.4093308,4678.2,127.14,728.59,4.29,103.85,0.0607,20.37,14.12,20.99,75.0,1500.0,15.2,healthy,0.0
healthy_2,699,1789844635.4093308,4679.1,126.96,732.54,4.3,103.77,0.0672,20.37,14.12,20.92,75.0,1500.0,15.2,healthy,0.0
healthy_2,700,1789844636.4093308,4673.1,126.77,726.77,4.29,103.78,0.0698,20.48,14.06,21.03,75.0,1500.0,15.2,healthy,0.0
healthy_2,701,1789844637.4093308,4681.7,126.47,731.69,4.25,103.87,0.065,20.38,14.04,21.01,75.0,1500.0,15.2,healthy,0.0
healthy_2,702,1789844638.4093308,4697.0,126.65,731.58,4.28,103.94,0.0615,20.3,14.08,21.15,75.0,1500.0,15.2,healthy,0.0
healthy_2,703,1789844639.4093308,4700.0,127.07,735.29,4.27,103.89,0.063,20.29,14.08,20.94,75.0,1500.0,15.2,healthy,0.0
healthy_2,704,1789844640.4093308,4672.1,127.08,736.53,4.24,103.69,0.0654,20.35,14.17,20.64,75.0,1500.0,15.2,healthy,0.0
healthy_2,705,1789844641.4093308,4675.5,127.08,733.19,4.24,103.82,0.0688,20.23,14.21,20.89,75.0,1500.0,15.2,healthy,0.0
healthy_2,706,1789844642.4093308,4692.1,127.36,733.04,4.23,103.88,0.0708,20.19,14.21,21.19,75.0,1500.0,15.2,healthy,0.0
healthy_2,707,1789844643.4093308,4713.8,127.22,735.94,4.35,104.05,0.0755,20.34,14.2,21.15,75.0,1500.0,15.2,healthy,0.0
healthy_2,708,1789844644.4093308,4718.5,127.14,737.72,4.4,103.95,0.0601,20.55,14.17,21.2,75.0,1500.0,15.2,healthy,0.0
healthy_2,709,1789844645.4093308,4728.6,127.25,739.46,4.33,103.79,0.0586,20.62,14.19,21.18,75.0,1500.0,15.2,healthy,0.0
healthy_2,710,1789844646.4093308,4730.2,127.15,736.13,4.36,103.94,0.0547,20.74,14.22,21.16,75.0,1500.0,15.2,healthy,0.0
healthy_2,711,1789844647.4093308,4715.6,127.38,738.3,4.3,103.99,0.0586,20.7,14.22,21.46,75.0,1500.0,15.2,healthy,0.0
healthy_2,712,1789844648.4093308,4721.0,127.13,740.28,4.32,103.96,0.0717,20.57,14.23,20.97,75.0,1500.0,15.2,healthy,0.0
healthy_2,713,1789844649.4093308,4719.7,127.11,741.47,4.39,104.06,0.0588,20.52,14.21,21.14,75.0,1500.0,15.2,healthy,0.0
healthy_2,714,1789844650.4093308,4712.6,127.1,742.95,4.38,104.02,0.0646,20.46,14.22,21.02,75.0,1500.0,15.2,healthy,0.0
healthy_2,715,1789844651.4093308,4705.5,126.75,745.55,4.39,104.16,0.0642,20.35,14.24,20.79,75.0,1500.0,15.2,healthy,0.0
healthy_2,716,1789844652.4093308,4720.8,126.91,747.16,4.42,104.18,0.0682,20.37,14.29,21.33,75.0,1500.0,15.2,healthy,0.0
healthy_2,717,1789844653.4093308,4701.3,126.74,744.84,4.31,104.01,0.0667,20.24,14.33,21.26,75.0,1500.0,15.2,healthy,0.0
healthy_2,718,1789844654.4093308,4704.4,126.99,741.83,4.31,104.0,0.0574,20.21,14.31,21.38,75.0,1500.0,15.2,healthy,0.0
healthy_2,719,1789844655.4093308,4711.3,126.93,743.84,4.33,103.91,0.0671,20.37,14.22,21.14,75.0,1500.0,15.2,healthy,0.0
healthy_2,720,1789844656.4093308,4720.7,127.17,740.3,4.28,103.82,0.066,20.37,14.26,21.42,75.0,1500.0,15.2,healthy,0.0
healthy_2,721,1789844657.4093308,4706.8,127.13,739.57,4.34,103.74,0.0638,20.22,14.24,21.5,75.0,1500.0,15.2,healthy,0.0
healthy_2,722,1789844658.4093308,4715.8,126.84,745.94,4.36,103.59,0.0761,20.23,14.19,21.34,75.0,1500.0,15.2,healthy,0.0
healthy_2,723,1789844659.4093308,4720.7,126.62,745.27,4.34,103.45,0.072,20.37,14.22,20.82,75.0,1500.0,15.2,healthy,0.0
healthy_2,724,1789844660.4093308,4720.4,126.92,737.95,4.32,103.58,0.0746,20.34,14.12,20.95,75.0,1500.0,15.2,healthy,0.0
healthy_2,725,1789844661.4093308,4695.5,126.69,741.22,4.26,103.7,0.0749,20.3,14.08,21.17,75.0,1500.0,15.2,healthy,0.0
healthy_2,726,1789844662.4093308,4706.8,126.68,744.38,4.32,103.72,0.0769,20.26,14.12,21.05,75.0,1500.0,15.2,healthy,0.0
healthy_2,727,1789844663.4093308,4711.5,126.29,742.7,4.29,103.82,0.0704,20.27,14.19,21.03,75.0,1500.0,15.2,healthy,0.0
healthy_2,728,1789844664.4093308,4678.0,126.47,745.81,4.32,103.96,0.0681,20.32,14.11,21.05,75.0,1500.0,15.2,healthy,0.0
healthy_2,729,1789844665.4093308,4697.6,126.26,742.47,4.36,104.14,0.0743,20.33,14.03,20.75,75.0,1500.0,15.2,healthy,0.0
healthy_2,730,1789844666.4093308,4699.4,125.91,746.55,4.33,104.29,0.0784,20.33,14.01,20.64,75.0,1500.0,15.2,healthy,0.0
healthy_2,731,1789844667.4093308,4708.2,126.12,748.81,4.26,104.44,0.0728,20.13,13.98,20.94,75.0,1500.0,15.2,healthy,0.0
healthy_2,732,1789844668.4093308,4707.9,125.66,748.09,4.27,104.41,0.0709,20.2,13.98,21.28,75.0,1500.0,15.2,healthy,0.0
healthy_2,733,1789844669.4093308,4718.8,125.69,747.06,4.28,104.44,0.0705,20.23,14.01,21.53,75.0,1500.0,15.2,healthy,0.0
healthy_2,734,1789844670.4093308,4714.3,125.58,748.24,4.29,104.54,0.0663,20.19,14.1,21.4,75.0,1500.0,15.2,healthy,0.0
healthy_2,735,1789844671.4093308,4700.7,125.91,745.44,4.32,104.41,0.0715,20.12,14.14,21.38,75.0,1500.0,15.2,healthy,0.0
healthy_2,736,1789844672.4093308,4711.7,126.05,738.93,4.32,104.45,0.0737,20.05,14.11,20.87,75.0,1500.0,15.2,healthy,0.0
healthy_2,737,1789844673.4093308,4719.3,126.42,737.71,4.3,104.56,0.0746,20.09,14.15,21.03,75.0,1500.0,15.2,healthy,0.0
healthy_2,738,1789844674.4093308,4701.1,126.18,742.17,4.31,104.64,0.0761,20.13,14.18,21.11,75.0,1500.0,15.2,healthy,0.0
healthy_2,739,1789844675.4093308,4675.3,126.55,741.5,4.25,104.78,0.0726,20.04,14.22,21.18,75.0,1500.0,15.2,healthy,0.0
healthy_2,740,1789844676.4093308,4665.7,126.83,743.59,4.23,104.74,0.0649,20.23,14.21,21.21,75.0,1500.0,15.2,healthy,0.0
healthy_2,741,1789844677.4093308,4675.6,126.77,745.06,4.31,104.62,0.0662,20.21,14.23,21.41,75.0,1500.0,15.2,healthy,0.0
healthy_2,742,1789844678.4093308,4646.1,126.74,740.46,4.29,104.34,0.0599,20.3,14.21,21.31,75.0,1500.0,15.2,healthy,0.0
healthy_2,743,1789844679.4093308,4653.0,126.57,739.97,4.36,104.32,0.0634,20.41,14.26,21.39,75.0,1500.0,15.2,healthy,0.0
healthy_2,744,1789844680.4093308,4671.1,126.75,739.52,4.33,104.19,0.0751,20.33,14.3,21.1,75.0,1500.0,15.2,healthy,0.0
healthy_2,745,1789844681.4093308,4681.7,126.86,737.26,4.36,104.2,0.0711,20.45,14.21,21.38,75.0,1500.0,15.2,healthy,0.0
healthy_2,746,1789844682.4093308,4693.6,126.79,736.93,4.39,104.18,0.0714,20.48,14.19,21.34,75.0,1500.0,15.2,healthy,0.0
healthy_2,747,1789844683.4093308,4695.9,126.62,739.38,4.37,104.23,0.0732,20.56,14.23,21.31,75.0,1500.0,15.2,healthy,0.0
healthy_2,748,1789844684.4093308,4684.2,126.53,741.64,4.35,104.33,0.0686,20.6,14.14,21.1,75.0,1500.0,15.2,healthy,0.0
healthy_2,749,1789844685.4093308,4675.3,126.68,743.59,4.39,104.32,0.0722,20.46,14.07,20.98,75.0,1500.0,15.2,healthy,0.0
healthy_2,750,1789844686.4093308,4696.1,126.5,747.43,4.43,104.26,0.0756,20.49,14.04,20.82,75.0,1500.0,15.2,healthy,0.0
healthy_2,751,1789844687.4093308,4703.9,126.72,747.41,4.46,104.3,0.0789,20.4,14.0,20.98,75.0,1500.0,15.2,healthy,0.0
healthy_2,752,1789844688.4093308,4703.9,126.52,742.41,4.47,104.37,0.0761,20.41,14.09,21.09,75.0,1500.0,15.2,healthy,0.0
healthy_2,753,1789844689.4093308,4725.9,126.81,746.48,4.43,104.42,0.0741,20.35,14.16,21.22,75.0,1500.0,15.2,healthy,0.0
healthy_2,754,1789844690.4093308,4710.0,126.58,744.69,4.42,104.62,0.0706,20.44,14.17,20.94,75.0,1500.0,15.2,healthy,0.0
healthy_2,755,1789844691.4093308,4731.7,126.73,741.64,4.34,104.63,0.0721,20.59,14.16,21.26,75.0,1500.0,15.2,healthy,0.0
healthy_2,756,1789844692.4093308,4709.8,126.84,738.19,4.38,104.58,0.0693,20.64,14.13,21.13,75.0,1500.0,15.2,healthy,0.0
healthy_2,757,1789844693.4093308,4714.4,126.71,735.11,4.38,104.63,0.0671,20.53,14.19,20.83,75.0,1500.0,15.2,healthy,0.0
healthy_2,758,1789844694.4093308,4716.8,126.76,736.85,4.4,104.59,0.0647,20.48,14.28,20.87,75.0,1500.0,15.2,healthy,0.0
healthy_2,759,1789844695.4093308,4717.3,126.49,734.94,4.36,104.54,0.0696,20.44,14.22,21.03,75.0,1500.0,15.2,healthy,0.0
healthy_2,760,1789844696.4093308,4713.7,126.32,733.87,4.35,104.31,0.0681,20.45,14.26,21.08,75.0,1500.0,15.2,healthy,0.0
healthy_2,761,1789844697.4093308,4704.9,126.31,732.78,4.27,104.27,0.0651,20.33,14.22,21.13,75.0,1500.0,15.2,healthy,0.0
healthy_2,762,1789844698.4093308,4703.8,126.1,735.85,4.33,104.23,0.068,20.43,14.2,20.87,75.0,1500.0,15.2,healthy,0.0
healthy_2,763,1789844699.4093308,4710.3,125.94,737.87,4.32,104.23,0.0674,20.07,14.11,20.96,75.0,1500.0,15.2,healthy,0.0
healthy_2,764,1789844700.4093308,4714.1,125.88,732.76,4.37,104.21,0.0662,20.08,14.16,21.19,75.0,1500.0,15.2,healthy,0.0
healthy_2,765,1789844701.4093308,4698.4,125.86,732.17,4.27,103.9,0.0721,20.0,14.13,20.96,75.0,1500.0,15.2,healthy,0.0
healthy_2,766,1789844702.4093308,4682.4,126.02,729.8,4.23,103.9,0.0718,19.95,14.1,21.16,75.0,1500.0,15.2,healthy,0.0
healthy_2,767,1789844703.4093308,4678.4,126.42,729.43,4.31,103.89,0.072,19.79,14.15,20.87,75.0,1500.0,15.2,healthy,0.0
healthy_2,768,1789844704.4093308,4664.1,125.97,734.17,4.27,103.98,0.0775,19.77,14.12,21.38,75.0,1500.0,15.2,healthy,0.0
healthy_2,769,1789844705.4093308,4652.0,126.26,733.94,4.25,104.02,0.0749,19.83,14.17,21.39,75.0,1500.0,15.2,healthy,0.0
healthy_2,770,1789844706.4093308,4670.0,126.32,739.15,4.26,104.15,0.0776,20.09,14.14,21.46,75.0,1500.0,15.2,healthy,0.0
healthy_2,771,1789844707.4093308,4664.1,126.05,739.98,4.27,104.04,0.083,20.19,14.13,21.38,75.0,1500.0,15.2,healthy,0.0
healthy_2,772,1789844708.4093308,4672.3,126.02,740.23,4.27,103.91,0.0714,20.34,14.15,21.22,75.0,1500.0,15.2,healthy,0.0
healthy_2,773,1789844709.4093308,4678.0,126.08,741.08,4.31,103.75,0.0772,20.34,14.2,21.31,75.0,1500.0,15.2,healthy,0.0
healthy_2,774,1789844710.4093308,4677.9,125.82,747.71,4.39,103.81,0.0697,20.32,14.1,21.32,75.0,1500.0,15.2,healthy,0.0
healthy_2,775,1789844711.4093308,4693.4,125.48,744.63,4.43,103.85,0.063,20.37,14.14,20.91,75.0,1500.0,15.2,healthy,0.0
healthy_2,776,1789844712.4093308,4683.1,125.72,744.82,4.35,103.79,0.0621,20.32,14.13,21.35,75.0,1500.0,15.2,healthy,0.0
healthy_2,777,1789844713.4093308,4712.4,125.8,746.33,4.33,103.96,0.0582,20.16,14.2,21.26,75.0,1500.0,15.2,healthy,0.0
healthy_2,778,1789844714.4093308,4713.3,126.02,743.61,4.38,103.93,0.0663,20.17,14.29,21.14,75.0,1500.0,15.2,healthy,0.0
healthy_2,779,1789844715.4093308,4707.0,125.81,741.76,4.33,103.92,0.0621,20.37,14.23,20.91,75.0,1500.0,15.2,healthy,0.0
healthy_2,780,1789844716.4093308,4684.4,125.85,737.73,4.29,104.11,0.0668,20.35,14.21,21.21,75.0,1500.0,15.2,healthy,0.0
healthy_2,781,1789844717.4093308,4670.8,126.01,737.38,4.29,103.95,0.0759,20.4,14.23,21.28,75.0,1500.0,15.2,healthy,0.0
healthy_2,782,1789844718.4093308,4652.5,126.39,734.46,4.28,103.83,0.079,20.21,14.23,21.49,75.0,1500.0,15.2,healthy,0.0
healthy_2,783,1789844719.4093308,4658.6,126.36,735.08,4.25,103.77,0.0735,20.24,14.21,21.07,75.0,1500.0,15.2,healthy,0.0
healthy_2,784,1789844720.4093308,4657.5,126.29,731.39,4.21,103.76,0.0643,20.32,14.19,21.13,75.0,1500.0,15.2,healthy,0.0
healthy_2,785,1789844721.4093308,4643.8,126.2,732.27,4.22,103.79,0.0707,20.38,14.19,21.26,75.0,1500.0,15.2,healthy,0.0
healthy_2,786,1789844722.4093308,4671.0,126.21,735.24,4.29,103.88,0.0747,20.31,14.13,21.49,75.0,1500.0,15.2,healthy,0.0
healthy_2,787,1789844723.4093308,4685.2,126.12,733.9,4.32,103.98,0.0722,20.26,14.13,21.38,75.0,1500.0,15.2,healthy,0.0
healthy_2,788,1789844724.4093308,4691.1,126.18,734.82,4.43,104.12,0.0702,20.25,14.11,21.37,75.0,1500.0,15.2,healthy,0.0
healthy_2,789,1789844725.4093308,4701.1,125.94,738.33,4.38,104.12,0.0791,20.26,14.09,21.2,75.0,1500.0,15.2,healthy,0.0
healthy_2,790,1789844726.4093308,4696.9,125.71,734.46,4.3,104.07,0.0709,20.3,14.11,20.87,75.0,1500.0,15.2,healthy,0.0
healthy_2,791,1789844727.4093308,4687.8,125.8,738.71,4.38,104.31,0.0711,20.47,14.1,21.16,75.0,1500.0,15.2,healthy,0.0
healthy_2,792,1789844728.4093308,4706.2,125.86,737.14,4.35,104.57,0.0734,20.36,14.11,21.24,75.0,1500.0,15.2,healthy,0.0
healthy_2,793,1789844729.4093308,4711.7,125.99,734.79,4.3,104.67,0.07,20.17,14.12,21.24,75.0,1500.0,15.2,healthy,0.0
healthy_2,794,1789844730.4093308,4710.5,126.32,737.47,4.28,104.72,0.0727,20.25,14.04,21.4,75.0,1500.0,15.2,healthy,0.0
healthy_2,795,1789844731.4093308,4742.0,126.33,732.73,4.32,104.66,0.0689,20.39,14.08,21.3,75.0,1500.0,15.2,healthy,0.0
healthy_2,796,1789844732.4093308,4736.9,126.23,730.08,4.33,104.66,0.0696,20.36,14.1,21.21,75.0,1500.0,15.2,healthy,0.0
healthy_2,797,1789844733.4093308,4717.6,126.28,727.44,4.32,104.54,0.0744,20.35,14.2,21.32,75.0,1500.0,15.2,healthy,0.0
healthy_2,798,1789844734.4093308,4712.3,126.31,737.44,4.3,104.63,0.0718,20.37,14.15,21.27,75.0,1500.0,15.2,healthy,0.0
healthy_2,799,1789844735.4093308,4688.9,126.58,738.95,4.34,104.52,0.0837,20.31,14.22,21.53,75.0,1500.0,15.2,healthy,0.0
healthy_2,800,1789844736.4093308,4707.0,126.38,738.43,4.31,104.37,0.0852,20.32,14.13,21.47,75.0,1500.0,15.2,healthy,0.0
healthy_2,801,1789844737.4093308,4693.3,126.43,738.08,4.32,104.22,0.0743,20.28,14.13,21.39,75.0,1500.0,15.2,healthy,0.0
healthy_2,802,1789844738.4093308,4675.1,126.7,733.9,4.38,104.15,0.0709,20.12,14.08,21.18,75.0,1500.0,15.2,healthy,0.0
healthy_2,803,1789844739.4093308,4695.5,126.7,734.65,4.33,104.12,0.0656,19.99,14.14,21.23,75.0,1500.0,15.2,healthy,0.0
healthy_2,804,1789844740.4093308,4680.8,126.77,736.64,4.38,104.03,0.0652,20.1,14.07,21.56,75.0,1500.0,15.2,healthy,0.0
healthy_2,805,1789844741.4093308,4674.0,126.93,732.43,4.36,104.03,0.0618,19.91,14.17,21.42,75.0,1500.0,15.2,healthy,0.0
healthy_2,806,1789844742.4093308,4694.6,126.5,734.7,4.33,104.12,0.0621,19.96,14.23,21.05,75.0,1500.0,15.2,healthy,0.0
healthy_2,807,1789844743.4093308,4697.8,126.66,730.36,4.32,104.02,0.0597,20.09,14.13,20.95,75.0,1500.0,15.2,healthy,0.0
healthy_2,808,1789844744.4093308,4680.2,126.51,731.48,4.41,104.13,0.0644,20.33,14.23,20.92,75.0,1500.0,15.2,healthy,0.0
healthy_2,809,1789844745.4093308,4703.5,126.51,731.5,4.35,104.31,0.0743,20.47,14.27,20.98,75.0,1500.0,15.2,healthy,0.0
healthy_2,810,1789844746.4093308,4687.9,126.48,732.24,4.4,104.38,0.0748,20.35,14.29,20.91,75.0,1500.0,15.2,healthy,0.0
healthy_2,811,1789844747.4093308,4682.8,126.15,726.19,4.52,104.45,0.072,20.31,14.36,21.19,75.0,1500.0,15.2,healthy,0.0
healthy_2,812,1789844748.4093308,4694.8,125.91,727.22,4.4,104.47,0.0751,20.34,14.33,21.31,75.0,1500.0,15.2,healthy,0.0
healthy_2,813,1789844749.4093308,4667.9,125.98,731.61,4.37,104.41,0.0676,20.23,14.39,21.32,75.0,1500.0,15.2,healthy,0.0
healthy_2,814,1789844750.4093308,4668.6,126.25,734.17,4.35,104.38,0.0694,20.19,14.41,21.15,75.0,1500.0,15.2,healthy,0.0
healthy_2,815,1789844751.4093308,4671.5,126.42,732.25,4.3,104.24,0.0632,20.05,14.42,21.19,75.0,1500.0,15.2,healthy,0.0
healthy_2,816,1789844752.4093308,4685.0,126.22,731.74,4.34,104.23,0.0711,19.92,14.39,21.31,75.0,1500.0,15.2,healthy,0.0
healthy_2,817,1789844753.4093308,4701.3,126.14,733.42,4.37,104.24,0.0838,19.84,14.23,21.35,75.0,1500.0,15.2,healthy,0.0
healthy_2,818,1789844754.4093308,4710.4,126.46,734.87,4.37,104.42,0.0809,20.08,14.24,21.69,75.0,1500.0,15.2,healthy,0.0
healthy_2,819,1789844755.4093308,4724.4,126.5,736.67,4.41,104.36,0.0693,20.07,14.16,21.72,75.0,1500.0,15.2,healthy,0.0
healthy_2,820,1789844756.4093308,4713.2,126.47,735.58,4.44,104.45,0.0664,20.15,14.18,21.74,75.0,1500.0,15.2,healthy,0.0
healthy_2,821,1789844757.4093308,4710.3,126.66,732.32,4.37,104.43,0.0664,20.17,14.1,21.68,75.0,1500.0,15.2,healthy,0.0
healthy_2,822,1789844758.4093308,4722.7,126.84,733.47,4.33,104.4,0.0628,20.3,14.12,21.39,75.0,1500.0,15.2,healthy,0.0
healthy_2,823,1789844759.4093308,4723.9,126.93,736.3,4.35,104.45,0.069,20.28,14.11,21.12,75.0,1500.0,15.2,healthy,0.0
healthy_2,824,1789844760.4093308,4737.2,126.73,734.12,4.39,104.67,0.0686,20.16,14.08,21.34,75.0,1500.0,15.2,healthy,0.0
healthy_2,825,1789844761.4093308,4717.8,127.08,730.1,4.39,104.93,0.0721,20.19,14.09,21.47,75.0,1500.0,15.2,healthy,0.0
healthy_2,826,1789844762.4093308,4700.9,127.05,730.56,4.37,105.14,0.0667,20.2,14.19,21.73,75.0,1500.0,15.2,healthy,0.0
healthy_2,827,1789844763.4093308,4718.4,126.84,732.81,4.36,105.1,0.0671,20.12,14.15,21.28,75.0,1500.0,15.2,healthy,0.0
healthy_2,828,1789844764.4093308,4721.2,126.71,732.66,4.41,105.04,0.0705,20.21,14.07,21.16,75.0,1500.0,15.2,healthy,0.0
healthy_2,829,1789844765.4093308,4717.0,126.95,733.23,4.34,104.98,0.0732,20.11,14.06,21.55,75.0,1500.0,15.2,healthy,0.0
healthy_2,830,1789844766.4093308,4722.4,126.88,740.0,4.3,104.77,0.0663,20.1,14.02,21.53,75.0,1500.0,15.2,healthy,0.0
healthy_2,831,1789844767.4093308,4722.9,126.72,742.53,4.26,104.97,0.0699,20.17,14.04,21.47,75.0,1500.0,15.2,healthy,0.0
healthy_2,832,1789844768.4093308,4727.1,126.74,743.48,4.32,104.91,0.0673,20.34,14.04,21.16,75.0,1500.0,15.2,healthy,0.0
healthy_2,833,1789844769.4093308,4724.2,126.45,737.13,4.32,104.85,0.0736,20.25,14.08,21.25,75.0,1500.0,15.2,healthy,0.0
healthy_2,834,1789844770.4093308,4714.8,126.62,735.96,4.27,104.8,0.0671,20.1,14.04,21.35,75.0,1500.0,15.2,healthy,0.0
healthy_2,835,1789844771.4093308,4693.2,126.58,739.2,4.34,104.73,0.0751,20.14,14.03,20.98,75.0,1500.0,15.2,healthy,0.0
healthy_2,836,1789844772.4093308,4704.6,126.6,737.04,4.35,104.63,0.0751,20.21,13.96,20.9,75.0,1500.0,15.2,healthy,0.0
healthy_2,837,1789844773.4093308,4688.8,126.69,740.14,4.42,104.57,0.0721,20.1,13.89,21.08,75.0,1500.0,15.2,healthy,0.0
healthy_2,838,1789844774.4093308,4685.8,126.72,744.57,4.39,104.58,0.0746,20.18,14.02,21.12,75.0,1500.0,15.2,healthy,0.0
healthy_2,839,1789844775.4093308,4666.9,126.49,741.83,4.37,104.46,0.0789,20.07,14.08,21.46,75.0,1500.0,15.2,healthy,0.0
healthy_2,840,1789844776.4093308,4698.1,126.46,740.65,4.39,104.46,0.0732,20.05,14.04,21.37,75.0,1500.0,15.2,healthy,0.0
healthy_2,841,1789844777.4093308,4712.3,126.34,739.95,4.37,104.43,0.0669,19.99,14.07,20.95,75.0,1500.0,15.2,healthy,0.0
healthy_2,842,1789844778.4093308,4690.1,126.48,738.78,4.3,104.65,0.0652,19.92,14.02,20.76,75.0,1500.0,15.2,healthy,0.0
healthy_2,843,1789844779.4093308,4691.3,126.57,732.28,4.3,104.68,0.074,19.9,14.04,21.07,75.0,1500.0,15.2,healthy,0.0
healthy_2,844,1789844780.4093308,4706.6,126.72,734.83,4.37,104.78,0.0709,19.92,13.99,21.27,75.0,1500.0,15.2,healthy,0.0
healthy_2,845,1789844781.4093308,4701.4,126.97,731.04,4.39,104.86,0.0767,20.07,13.97,21.12,75.0,1500.0,15.2,healthy,0.0
healthy_2,846,1789844782.4093308,4694.5,126.81,731.4,4.36,104.78,0.0717,20.08,14.01,21.24,75.0,1500.0,15.2,healthy,0.0
healthy_2,847,1789844783.4093308,4689.6,126.5,733.52,4.38,104.53,0.0612,20.18,14.0,21.4,75.0,1500.0,15.2,healthy,0.0
healthy_2,848,1789844784.4093308,4692.1,126.19,731.73,4.37,104.56,0.0736,20.15,14.07,21.45,75.0,1500.0,15.2,healthy,0.0
healthy_2,849,1789844785.4093308,4702.3,126.56,731.46,4.36,104.42,0.0724,20.14,14.0,21.32,75.0,1500.0,15.2,healthy,0.0
healthy_2,850,1789844786.4093308,4692.1,126.52,729.24,4.29,104.34,0.0748,20.11,14.06,21.62,75.0,1500.0,15.2,healthy,0.0
healthy_2,851,1789844787.4093308,4706.6,126.47,727.9,4.27,104.39,0.074,20.25,14.06,21.17,75.0,1500.0,15.2,healthy,0.0
healthy_2,852,1789844788.4093308,4685.3,126.69,730.19,4.3,104.36,0.0826,20.15,14.14,21.77,75.0,1500.0,15.2,healthy,0.0
healthy_2,853,1789844789.4093308,4700.5,126.81,732.45,4.31,104.42,0.0734,20.38,14.13,21.66,75.0,1500.0,15.2,healthy,0.0
healthy_2,854,1789844790.4093308,4691.8,126.88,733.05,4.42,104.6,0.081,20.46,14.13,21.96,75.0,1500.0,15.2,healthy,0.0
healthy_2,855,1789844791.4093308,4694.8,127.17,732.32,4.44,104.4,0.0771,20.37,14.17,21.48,75.0,1500.0,15.2,healthy,0.0
healthy_2,856,1789844792.4093308,4736.9,126.94,730.09,4.43,104.44,0.0703,20.17,14.18,21.16,75.0,1500.0,15.2,healthy,0.0
healthy_2,857,1789844793.4093308,4725.1,126.73,729.86,4.4,104.52,0.0742,20.13,14.14,21.06,75.0,1500.0,15.2,healthy,0.0
healthy_2,858,1789844794.4093308,4727.2,126.91,732.57,4.41,104.53,0.0783,20.12,14.16,21.65,75.0,1500.0,15.2,healthy,0.0
healthy_2,859,1789844795.4093308,4727.7,126.34,736.87,4.37,104.57,0.0814,20.03,14.12,21.4,75.0,1500.0,15.2,healthy,0.0
healthy_2,860,1789844796.4093308,4721.7,126.11,733.08,4.27,104.43,0.0806,20.06,14.13,21.4,75.0,1500.0,15.2,healthy,0.0
healthy_2,861,1789844797.4093308,4713.3,126.08,734.75,4.39,104.52,0.0707,19.95,14.12,21.11,75.0,1500.0,15.2,healthy,0.0
healthy_2,862,1789844798.4093308,4712.5,126.08,734.83,4.42,104.63,0.0761,19.86,14.11,21.51,75.0,1500.0,15.2,healthy,0.0
healthy_2,863,1789844799.4093308,4722.0,126.19,734.86,4.36,104.68,0.0732,19.93,14.11,21.51,75.0,1500.0,15.2,healthy,0.0
healthy_2,864,1789844800.4093308,4706.2,125.89,736.78,4.33,104.48,0.0644,20.01,14.07,21.21,75.0,1500.0,15.2,healthy,0.0
healthy_2,865,1789844801.4093308,4697.1,126.11,740.34,4.33,104.47,0.0729,20.04,14.16,20.86,75.0,1500.0,15.2,healthy,0.0
healthy_2,866,1789844802.4093308,4731.4,126.13,743.28,4.35,104.48,0.0678,20.42,14.15,21.16,75.0,1500.0,15.2,healthy,0.0
healthy_2,867,1789844803.4093308,4767.8,126.22,745.33,4.34,104.29,0.0678,20.53,14.05,21.02,75.0,1500.0,15.2,healthy,0.0
healthy_2,868,1789844804.4093308,4764.8,126.27,747.19,4.32,104.14,0.0564,20.46,14.05,21.05,75.0,1500.0,15.2,healthy,0.0
healthy_2,869,1789844805.4093308,4752.6,126.25,749.82,4.32,104.14,0.0635,20.44,14.09,20.93,75.0,1500.0,15.2,healthy,0.0
healthy_2,870,1789844806.4093308,4751.8,126.47,749.09,4.25,104.08,0.0618,20.49,14.06,21.0,75.0,1500.0,15.2,healthy,0.0
healthy_2,871,1789844807.4093308,4738.8,126.67,745.18,4.36,103.96,0.0585,20.35,14.02,21.01,75.0,1500.0,15.2,healthy,0.0
healthy_2,872,1789844808.4093308,4725.4,126.61,745.26,4.39,104.17,0.0678,20.3,14.02,20.95,75.0,1500.0,15.2,healthy,0.0
healthy_2,873,1789844809.4093308,4711.1,126.44,744.95,4.26,104.27,0.0699,20.34,13.99,21.22,75.0,1500.0,15.2,healthy,0.0
healthy_2,874,1789844810.4093308,4707.2,126.28,743.99,4.22,104.42,0.0747,20.34,13.98,20.8,75.0,1500.0,15.2,healthy,0.0
healthy_2,875,1789844811.4093308,4687.1,126.29,737.89,4.27,104.34,0.0809,20.28,13.95,21.05,75.0,1500.0,15.2,healthy,0.0
healthy_2,876,1789844812.4093308,4700.1,125.86,731.72,4.28,104.37,0.0832,20.35,13.98,20.91,75.0,1500.0,15.2,healthy,0.0
healthy_2,877,1789844813.4093308,4721.0,125.9,729.16,4.28,104.57,0.079,20.23,13.94,21.3,75.0,1500.0,15.2,healthy,0.0
healthy_2,878,1789844814.4093308,4681.7,125.98,726.49,4.27,104.6,0.0807,20.3,13.91,21.39,75.0,1500.0,15.2,healthy,0.0
healthy_2,879,1789844815.4093308,4686.2,126.1,727.99,4.29,104.66,0.0809,20.35,13.97,21.23,75.0,1500.0,15.2,healthy,0.0
healthy_2,880,1789844816.4093308,4682.6,126.01,733.87,4.24,104.59,0.0836,20.18,13.98,21.42,75.0,1500.0,15.2,healthy,0.0
healthy_2,881,1789844817.4093308,4699.6,125.85,731.9,4.24,104.46,0.0786,20.29,13.98,21.19,75.0,1500.0,15.2,healthy,0.0
healthy_2,882,1789844818.4093308,4671.3,125.83,735.95,4.23,104.57,0.0769,20.33,13.94,21.25,75.0,1500.0,15.2,healthy,0.0
healthy_2,883,1789844819.4093308,4706.3,125.85,738.2,4.24,104.67,0.0738,20.28,13.9,21.38,75.0,1500.0,15.2,healthy,0.0
healthy_2,884,1789844820.4093308,4703.7,125.95,735.49,4.33,104.6,0.0777,20.2,13.9,21.4,75.0,1500.0,15.2,healthy,0.0
healthy_2,885,1789844821.4093308,4692.7,126.21,733.78,4.34,104.41,0.0655,20.27,13.92,21.25,75.0,1500.0,15.2,healthy,0.0
healthy_2,886,1789844822.4093308,4716.1,126.26,735.28,4.47,104.55,0.0628,20.32,13.87,21.2,75.0,1500.0,15.2,healthy,0.0
healthy_2,887,1789844823.4093308,4711.4,126.33,733.26,4.41,104.54,0.0631,20.3,13.89,21.82,75.0,1500.0,15.2,healthy,0.0
healthy_2,888,1789844824.4093308,4709.3,126.26,729.85,4.42,104.59,0.0745,20.21,13.84,21.54,75.0,1500.0,15.2,healthy,0.0
healthy_2,889,1789844825.4093308,4710.9,126.22,731.1,4.5,104.49,0.0844,20.14,13.95,21.37,75.0,1500.0,15.2,healthy,0.0
healthy_2,890,1789844826.4093308,4702.1,126.33,735.75,4.42,104.53,0.0732,20.16,13.96,21.32,75.0,1500.0,15.2,healthy,0.0
healthy_2,891,1789844827.4093308,4700.3,126.28,739.03,4.37,104.51,0.0694,20.23,14.07,21.04,75.0,1500.0,15.2,healthy,0.0
healthy_2,892,1789844828.4093308,4714.5,126.34,741.49,4.31,104.51,0.0754,20.35,14.13,21.33,75.0,1500.0,15.2,healthy,0.0
healthy_2,893,1789844829.4093308,4680.3,126.19,741.73,4.3,104.43,0.0764,20.28,14.21,21.25,75.0,1500.0,15.2,healthy,0.0
healthy_2,894,1789844830.4093308,4664.7,126.3,738.08,4.3,104.34,0.0698,20.27,14.2,21.31,75.0,1500.0,15.2,healthy,0.0
healthy_2,895,1789844831.4093308,4672.6,126.37,735.6,4.36,104.25,0.0746,20.35,14.16,21.2,75.0,1500.0,15.2,healthy,0.0
healthy_2,896,1789844832.4093308,4675.2,125.93,737.73,4.36,104.18,0.0693,20.26,14.24,21.32,75.0,1500.0,15.2,healthy,0.0
healthy_2,897,1789844833.4093308,4660.5,125.9,737.16,4.32,104.24,0.0747,20.06,14.2,21.23,75.0,1500.0,15.2,healthy,0.0
healthy_2,898,1789844834.4093308,4661.0,125.64,738.43,4.3,104.2,0.0703,20.11,14.27,21.46,75.0,1500.0,15.2,healthy,0.0
healthy_2,899,1789844835.4093308,4663.5,125.63,738.51,4.35,104.23,0.0683,20.13,14.36,21.37,75.0,1500.0,15.2,healthy,0.0
healthy_2,900,1789844836.4093308,4649.9,125.8,736.45,4.37,104.18,0.0701,20.26,14.36,21.32,75.0,1500.0,15.2,healthy,0.0
healthy_2,901,1789844837.4093308,4658.0,125.85,734.8,4.36,104.24,0.072,20.11,14.31,21.49,75.0,1500.0,15.2,healthy,0.0
healthy_2,902,1789844838.4093308,4683.8,125.7,731.13,4.32,104.16,0.0708,20.31,14.24,21.12,75.0,1500.0,15.2,healthy,0.0
healthy_2,903,1789844839.4093308,4682.7,125.7,732.73,4.22,104.17,0.079,20.1,14.24,21.06,75.0,1500.0,15.2,healthy,0.0
healthy_2,904,1789844840.4093308,4663.0,125.55,739.14,4.28,104.26,0.0724,20.01,14.21,21.5,75.0,1500.0,15.2,healthy,0.0
healthy_2,905,1789844841.4093308,4695.5,125.68,738.06,4.3,104.17,0.0677,20.0,14.27,21.45,75.0,1500.0,15.2,healthy,0.0
healthy_2,906,1789844842.4093308,4670.8,125.71,738.69,4.34,104.13,0.0712,20.12,14.28,20.92,75.0,1500.0,15.2,healthy,0.0
healthy_2,907,1789844843.4093308,4693.9,126.2,737.98,4.32,104.01,0.0752,20.15,14.33,20.89,75.0,1500.0,15.2,healthy,0.0
healthy_2,908,1789844844.4093308,4697.7,126.3,737.3,4.37,103.86,0.0774,20.14,14.29,20.98,75.0,1500.0,15.2,healthy,0.0
healthy_2,909,1789844845.4093308,4697.6,126.35,743.04,4.37,103.89,0.0728,20.19,14.31,20.92,75.0,1500.0,15.2,healthy,0.0
healthy_2,910,1789844846.4093308,4690.5,126.63,746.45,4.37,103.87,0.0765,20.27,14.25,21.12,75.0,1500.0,15.2,healthy,0.0
healthy_2,911,1789844847.4093308,4704.6,126.36,740.03,4.39,103.72,0.0707,20.37,14.22,21.03,75.0,1500.0,15.2,healthy,0.0
healthy_2,912,1789844848.4093308,4684.6,126.15,743.69,4.32,103.83,0.0748,20.22,14.27,21.21,75.0,1500.0,15.2,healthy,0.0
healthy_2,913,1789844849.4093308,4690.4,126.46,742.26,4.24,103.78,0.0688,20.05,14.26,21.32,75.0,1500.0,15.2,healthy,0.0
healthy_2,914,1789844850.4093308,4704.0,126.13,745.76,4.27,103.81,0.083,20.07,14.19,21.24,75.0,1500.0,15.2,healthy,0.0
healthy_2,915,1789844851.4093308,4718.2,126.04,743.73,4.26,103.84,0.0854,19.97,14.22,21.1,75.0,1500.0,15.2,healthy,0.0
healthy_2,916,1789844852.4093308,4701.8,126.04,745.16,4.29,103.55,0.0809,20.03,14.17,21.21,75.0,1500.0,15.2,healthy,0.0
healthy_2,917,1789844853.4093308,4727.5,125.75,747.52,4.24,103.37,0.0681,20.02,14.16,21.0,75.0,1500.0,15.2,healthy,0.0
healthy_2,918,1789844854.4093308,4702.6,125.99,745.48,4.24,103.48,0.0696,20.17,14.13,21.56,75.0,1500.0,15.2,healthy,0.0
healthy_2,919,1789844855.4093308,4695.7,125.83,742.69,4.23,103.48,0.0661,20.31,14.28,21.37,75.0,1500.0,15.2,healthy,0.0
healthy_2,920,1789844856.4093308,4689.6,125.93,742.62,4.22,103.6,0.0703,20.44,14.3,21.32,75.0,1500.0,15.2,healthy,0.0
healthy_2,921,1789844857.4093308,4673.6,125.65,746.76,4.33,103.53,0.0734,20.35,14.23,21.17,75.0,1500.0,15.2,healthy,0.0
healthy_2,922,1789844858.4093308,4661.4,125.83,746.88,4.32,103.45,0.0658,20.23,14.16,21.44,75.0,1500.0,15.2,healthy,0.0
healthy_2,923,1789844859.4093308,4638.3,126.1,740.07,4.34,103.53,0.0726,20.32,14.2,21.2,75.0,1500.0,15.2,healthy,0.0
healthy_2,924,1789844860.4093308,4643.7,125.92,744.82,4.25,103.39,0.0741,20.34,14.2,21.42,75.0,1500.0,15.2,healthy,0.0
healthy_2,925,1789844861.4093308,4667.6,125.91,742.6,4.35,103.46,0.0731,20.44,14.24,21.59,75.0,1500.0,15.2,healthy,0.0
healthy_2,926,1789844862.4093308,4690.6,125.96,744.61,4.33,103.51,0.0709,20.32,14.25,21.56,75.0,1500.0,15.2,healthy,0.0
healthy_2,927,1789844863.4093308,4674.6,126.21,744.16,4.36,103.55,0.0735,20.35,14.18,21.43,75.0,1500.0,15.2,healthy,0.0
healthy_2,928,1789844864.4093308,4655.0,126.41,744.34,4.34,103.43,0.0744,20.27,14.22,21.2,75.0,1500.0,15.2,healthy,0.0
healthy_2,929,1789844865.4093308,4656.1,126.3,745.24,4.32,103.6,0.0686,20.23,14.19,21.41,75.0,1500.0,15.2,healthy,0.0
healthy_2,930,1789844866.4093308,4669.3,126.5,744.63,4.38,103.61,0.0704,20.25,14.34,21.36,75.0,1500.0,15.2,healthy,0.0
healthy_2,931,1789844867.4093308,4694.8,126.25,746.13,4.33,103.42,0.082,20.3,14.26,21.17,75.0,1500.0,15.2,healthy,0.0
healthy_2,932,1789844868.4093308,4687.3,126.6,744.91,4.22,103.46,0.0866,20.19,14.08,21.53,75.0,1500.0,15.2,healthy,0.0
healthy_2,933,1789844869.4093308,4712.3,126.35,745.49,4.31,103.45,0.0856,20.07,14.11,21.34,75.0,1500.0,15.2,healthy,0.0
healthy_2,934,1789844870.4093308,4701.5,126.45,736.13,4.32,103.78,0.0796,20.05,14.15,21.08,75.0,1500.0,15.2,healthy,0.0
healthy_2,935,1789844871.4093308,4684.1,126.52,734.74,4.35,103.93,0.0724,20.05,14.1,21.05,75.0,1500.0,15.2,healthy,0.0
healthy_2,936,1789844872.4093308,4688.5,126.49,739.33,4.25,103.94,0.0717,20.24,14.13,21.27,75.0,1500.0,15.2,healthy,0.0
healthy_2,937,1789844873.4093308,4695.0,126.41,740.74,4.3,103.91,0.0862,20.38,14.12,21.13,75.0,1500.0,15.2,healthy,0.0
healthy_2,938,1789844874.4093308,4701.0,126.5,735.88,4.35,104.0,0.0655,20.3,14.16,21.13,75.0,1500.0,15.2,healthy,0.0
healthy_2,939,1789844875.4093308,4691.7,126.55,730.9,4.36,104.05,0.0632,20.25,14.18,21.15,75.0,1500.0,15.2,healthy,0.0
healthy_2,940,1789844876.4093308,4673.0,126.33,732.02,4.26,103.98,0.0729,20.14,14.19,21.33,75.0,1500.0,15.2,healthy,0.0
healthy_2,941,1789844877.4093308,4684.0,126.43,741.33,4.35,103.87,0.0646,20.05,14.22,21.34,75.0,1500.0,15.2,healthy,0.0
healthy_2,942,1789844878.4093308,4704.6,126.41,741.31,4.32,103.96,0.0549,20.04,14.21,21.23,75.0,1500.0,15.2,healthy,0.0
healthy_2,943,1789844879.4093308,4680.6,126.44,746.9,4.42,104.02,0.0707,19.89,14.3,21.33,75.0,1500.0,15.2,healthy,0.0
healthy_2,944,1789844880.4093308,4698.7,126.16,744.1,4.39,104.13,0.0683,20.11,14.27,21.28,75.0,1500.0,15.2,healthy,0.0
healthy_2,945,1789844881.4093308,4691.4,126.36,747.92,4.46,104.2,0.0732,19.88,14.28,21.48,75.0,1500.0,15.2,healthy,0.0
healthy_2,946,1789844882.4093308,4703.3,126.29,742.28,4.39,104.2,0.0785,20.02,14.3,21.44,75.0,1500.0,15.2,healthy,0.0
healthy_2,947,1789844883.4093308,4717.4,126.1,739.7,4.42,104.07,0.0802,20.14,14.18,21.39,75.0,1500.0,15.2,healthy,0.0
healthy_2,948,1789844884.4093308,4711.7,125.93,740.09,4.38,104.05,0.0724,20.32,14.11,21.06,75.0,1500.0,15.2,healthy,0.0
healthy_2,949,1789844885.4093308,4718.9,125.99,738.63,4.39,103.82,0.0738,20.3,14.09,21.34,75.0,1500.0,15.2,healthy,0.0
healthy_2,950,1789844886.4093308,4714.5,125.89,738.61,4.28,103.85,0.0655,20.23,14.12,21.48,75.0,1500.0,15.2,healthy,0.0
healthy_2,951,1789844887.4093308,4696.5,126.03,743.49,4.35,103.87,0.0681,20.36,14.04,21.24,75.0,1500.0,15.2,healthy,0.0
healthy_2,952,1789844888.4093308,4663.9,125.88,735.24,4.32,104.01,0.0696,20.31,14.1,21.4,75.0,1500.0,15.2,healthy,0.0
healthy_2,953,1789844889.4093308,4658.1,126.16,741.04,4.38,104.14,0.0706,20.1,14.12,21.12,75.0,1500.0,15.2,healthy,0.0
healthy_2,954,1789844890.4093308,4664.8,126.42,743.97,4.38,104.21,0.0691,19.97,14.14,20.77,75.0,1500.0,15.2,healthy,0.0
healthy_2,955,1789844891.4093308,4650.3,126.16,747.56,4.36,104.2,0.066,20.01,14.28,20.81,75.0,1500.0,15.2,healthy,0.0
healthy_2,956,1789844892.4093308,4658.1,126.06,747.7,4.28,104.17,0.0648,20.0,14.36,20.7,75.0,1500.0,15.2,healthy,0.0
healthy_2,957,1789844893.4093308,4666.7,126.0,742.52,4.42,104.39,0.0613,20.21,14.45,20.78,75.0,1500.0,15.2,healthy,0.0
healthy_2,958,1789844894.4093308,4686.8,125.67,737.19,4.4,104.42,0.0646,20.3,14.51,20.79,75.0,1500.0,15.2,healthy,0.0
healthy_2,959,1789844895.4093308,4701.6,125.79,736.28,4.39,104.42,0.0704,20.23,14.48,20.77,75.0,1500.0,15.2,healthy,0.0
healthy_2,960,1789844896.4093308,4700.0,125.71,736.01,4.36,104.36,0.0639,20.23,14.47,20.98,75.0,1500.0,15.2,healthy,0.0
healthy_2,961,1789844897.4093308,4707.0,125.58,740.54,4.37,104.31,0.0682,20.23,14.35,21.05,75.0,1500.0,15.2,healthy,0.0
healthy_2,962,1789844898.4093308,4699.8,125.57,740.73,4.37,104.44,0.0789,20.43,14.33,21.34,75.0,1500.0,15.2,healthy,0.0
healthy_2,963,1789844899.4093308,4680.7,125.68,745.95,4.39,104.43,0.0807,20.33,14.27,21.46,75.0,1500.0,15.2,healthy,0.0
healthy_2,964,1789844900.4093308,4656.0,125.77,747.45,4.41,104.35,0.0801,20.34,14.19,21.27,75.0,1500.0,15.2,healthy,0.0
healthy_2,965,1789844901.4093308,4658.3,126.04,744.1,4.44,104.43,0.0849,20.31,14.09,21.25,75.0,1500.0,15.2,healthy,0.0
healthy_2,966,1789844902.4093308,4669.5,126.43,740.14,4.5,104.41,0.0749,20.39,14.12,21.07,75.0,1500.0,15.2,healthy,0.0
healthy_2,967,1789844903.4093308,4653.5,126.58,736.15,4.48,104.53,0.078,20.26,14.15,21.27,75.0,1500.0,15.2,healthy,0.0
healthy_2,968,1789844904.4093308,4677.3,126.38,737.69,4.51,104.63,0.0792,20.38,14.06,21.28,75.0,1500.0,15.2,healthy,0.0
healthy_2,969,1789844905.4093308,4669.9,126.37,740.06,4.47,104.55,0.0791,20.55,14.01,21.44,75.0,1500.0,15.2,healthy,0.0
healthy_2,970,1789844906.4093308,4682.1,126.55,740.96,4.38,104.59,0.0859,20.21,13.95,21.27,75.0,1500.0,15.2,healthy,0.0
healthy_2,971,1789844907.4093308,4671.1,126.66,744.01,4.35,104.7,0.0748,20.14,13.94,21.24,75.0,1500.0,15.2,healthy,0.0
healthy_2,972,1789844908.4093308,4663.3,126.54,744.28,4.33,104.72,0.0766,20.04,13.95,21.19,75.0,1500.0,15.2,healthy,0.0
healthy_2,973,1789844909.4093308,4686.1,126.51,741.37,4.26,104.48,0.0741,20.12,13.89,21.21,75.0,1500.0,15.2,healthy,0.0
healthy_2,974,1789844910.4093308,4679.3,126.86,741.27,4.18,104.41,0.0795,20.49,13.86,21.32,75.0,1500.0,15.2,healthy,0.0
healthy_2,975,1789844911.4093308,4645.1,126.7,739.42,4.28,104.6,0.0713,20.47,13.94,21.1,75.0,1500.0,15.2,healthy,0.0
healthy_2,976,1789844912.4093308,4654.5,126.92,741.97,4.2,104.59,0.0786,20.21,14.04,21.5,75.0,1500.0,15.2,healthy,0.0
healthy_2,977,1789844913.4093308,4650.7,126.66,748.4,4.26,104.57,0.0782,20.4,14.09,21.34,75.0,1500.0,15.2,healthy,0.0
healthy_2,978,1789844914.4093308,4653.5,126.7,743.24,4.24,104.61,0.0756,20.53,14.1,21.03,75.0,1500.0,15.2,healthy,0.0
healthy_2,979,1789844915.4093308,4671.3,126.46,745.64,4.31,104.48,0.0746,20.58,14.12,20.84,75.0,1500.0,15.2,healthy,0.0
healthy_2,980,1789844916.4093308,4708.6,126.05,746.81,4.26,104.5,0.0748,20.45,14.14,21.15,75.0,1500.0,15.2,healthy,0.0
healthy_2,981,1789844917.4093308,4710.2,126.04,744.4,4.28,104.34,0.0735,20.47,14.16,21.09,75.0,1500.0,15.2,healthy,0.0
healthy_2,982,1789844918.4093308,4710.1,125.93,742.7,4.32,104.42,0.0731,20.36,14.23,20.64,75.0,1500.0,15.2,healthy,0.0
healthy_2,983,1789844919.4093308,4702.5,126.27,739.97,4.38,104.33,0.0693,20.43,14.18,20.94,75.0,1500.0,15.2,healthy,0.0
healthy_2,984,1789844920.4093308,4699.1,125.89,737.77,4.34,104.35,0.0721,20.39,14.16,21.16,75.0,1500.0,15.2,healthy,0.0
healthy_2,985,1789844921.4093308,4692.0,125.89,738.29,4.33,104.44,0.0713,20.44,14.1,20.9,75.0,1500.0,15.2,healthy,0.0
healthy_2,986,1789844922.4093308,4702.7,126.23,741.46,4.39,104.52,0.0688,20.58,14.14,21.44,75.0,1500.0,15.2,healthy,0.0
healthy_2,987,1789844923.4093308,4711.3,126.3,740.66,4.46,104.39,0.0615,20.49,14.09,21.21,75.0,1500.0,15.2,healthy,0.0
healthy_2,988,1789844924.4093308,4694.1,126.06,737.51,4.46,104.3,0.0618,20.4,14.17,20.84,75.0,1500.0,15.2,healthy,0.0
healthy_2,989,1789844925.4093308,4702.7,126.27,740.08,4.43,104.29,0.0614,20.38,14.17,20.94,75.0,1500.0,15.2,healthy,0.0
healthy_2,990,1789844926.4093308,4714.6,126.14,742.47,4.41,104.2,0.0687,20.41,14.21,21.19,75.0,1500.0,15.2,healthy,0.0
healthy_2,991,1789844927.4093308,4724.8,126.28,747.76,4.38,104.2,0.0765,20.36,14.21,21.39,75.0,1500.0,15.2,healthy,0.0
healthy_2,992,1789844928.4093308,4718.3,126.35,752.49,4.3,104.2,0.0737,20.69,14.26,21.42,75.0,1500.0,15.2,healthy,0.0
healthy_2,993,1789844929.4093308,4742.1,126.61,757.2,4.24,104.08,0.0701,20.6,14.25,21.19,75.0,1500.0,15.2,healthy,0.0
healthy_2,994,1789844930.4093308,4734.3,126.58,758.29,4.3,104.0,0.0698,20.6,14.24,21.25,75.0,1500.0,15.2,healthy,0.0
healthy_2,995,1789844931.4093308,4750.3,126.48,755.46,4.34,103.75,0.0651,20.59,14.25,21.23,75.0,1500.0,15.2,healthy,0.0
healthy_2,996,1789844932.4093308,4748.2,126.62,751.54,4.35,103.71,0.069,20.84,14.25,21.12,75.0,1500.0,15.2,healthy,0.0
healthy_2,997,1789844933.4093308,4734.9,126.36,747.29,4.31,103.59,0.0733,20.73,14.24,21.51,75.0,1500.0,15.2,healthy,0.0
healthy_2,998,1789844934.4093308,4738.5,126.55,747.58,4.38,103.55,0.0727,20.64,14.28,21.37,75.0,1500.0,15.2,healthy,0.0
healthy_2,999,1789844935.4093308,4714.8,126.3,747.23,4.31,103.5,0.0765,20.43,14.28,21.01,75.0,1500.0,15.2,healthy,0.0
healthy_2,1000,1789844936.4093308,4725.2,126.13,743.66,4.28,103.68,0.0728,20.34,14.3,20.78,75.0,1500.0,15.2,healthy,0.0
healthy_2,1001,1789844937.4093308,4717.4,126.19,745.18,4.38,103.68,0.0835,20.35,14.32,20.78,75.0,1500.0,15.2,healthy,0.0
healthy_2,1002,1789844938.4093308,4720.6,126.45,741.38,4.3,103.6,0.076,20.46,14.27,20.82,75.0,1500.0,15.2,healthy,0.0
healthy_2,1003,1789844939.4093308,4729.8,126.6,739.07,4.23,103.62,0.0734,20.29,14.24,20.92,75.0,1500.0,15.2,healthy,0.0
healthy_2,1004,1789844940.4093308,4745.8,126.99,742.54,4.3,103.59,0.0703,20.25,14.23,21.05,75.0,1500.0,15.2,healthy,0.0
healthy_2,1005,1789844941.4093308,4714.1,126.76,740.01,4.36,103.61,0.0737,20.21,14.22,21.3,75.0,1500.0,15.2,healthy,0.0
healthy_2,1006,1789844942.4093308,4698.8,126.48,742.92,4.35,103.65,0.0788,20.26,14.17,21.0,75.0,1500.0,15.2,healthy,0.0
healthy_2,1007,1789844943.4093308,4711.1,126.51,738.7,4.34,103.75,0.0676,20.38,14.15,21.54,75.0,1500.0,15.2,healthy,0.0
healthy_2,1008,1789844944.4093308,4716.2,126.42,734.81,4.3,103.78,0.0762,20.19,14.11,21.53,75.0,1500.0,15.2,healthy,0.0
healthy_2,1009,1789844945.4093308,4694.7,126.27,735.2,4.34,103.69,0.0793,20.24,14.08,21.43,75.0,1500.0,15.2,healthy,0.0
healthy_2,1010,1789844946.4093308,4671.1,126.46,737.48,4.34,103.82,0.0833,20.31,14.08,21.32,75.0,1500.0,15.2,healthy,0.0
healthy_2,1011,1789844947.4093308,4679.5,126.36,739.1,4.35,103.94,0.0812,20.37,14.11,21.72,75.0,1500.0,15.2,healthy,0.0
healthy_2,1012,1789844948.4093308,4675.1,126.79,739.36,4.45,103.81,0.0875,20.54,14.14,20.89,75.0,1500.0,15.2,healthy,0.0
healthy_2,1013,1789844949.4093308,4677.0,126.71,740.87,4.46,103.76,0.0881,20.6,14.09,21.17,75.0,1500.0,15.2,healthy,0.0
healthy_2,1014,1789844950.4093308,4671.9,126.58,735.1,4.4,103.85,0.0733,20.57,14.12,21.49,75.0,1500.0,15.2,healthy,0.0
healthy_2,1015,1789844951.4093308,4678.2,126.29,727.2,4.3,103.83,0.075,20.46,14.17,21.44,75.0,1500.0,15.2,healthy,0.0
healthy_2,1016,1789844952.4093308,4673.0,126.35,731.38,4.28,104.01,0.0693,20.29,14.17,21.42,75.0,1500.0,15.2,healthy,0.0
healthy_2,1017,1789844953.4093308,4700.7,126.35,735.98,4.31,103.98,0.0767,20.4,14.18,21.37,75.0,1500.0,15.2,healthy,0.0
healthy_2,1018,1789844954.4093308,4700.5,126.08,739.19,4.33,103.9,0.0678,20.34,14.13,21.54,75.0,1500.0,15.2,healthy,0.0
healthy_2,1019,1789844955.4093308,4710.0,126.15,741.18,4.29,103.87,0.0757,20.42,14.12,21.42,75.0,1500.0,15.2,healthy,0.0
healthy_2,1020,1789844956.4093308,4704.6,126.44,743.38,4.32,103.85,0.0675,20.36,14.2,21.34,75.0,1500.0,15.2,healthy,0.0
healthy_2,1021,1789844957.4093308,4682.1,126.38,739.19,4.34,103.67,0.0683,20.27,14.16,21.14,75.0,1500.0,15.2,healthy,0.0
healthy_2,1022,1789844958.4093308,4695.8,126.27,740.56,4.32,103.64,0.0681,20.25,14.16,21.23,75.0,1500.0,15.2,healthy,0.0
healthy_2,1023,1789844959.4093308,4698.8,126.19,739.17,4.35,103.79,0.0686,20.32,14.13,21.16,75.0,1500.0,15.2,healthy,0.0
healthy_2,1024,1789844960.4093308,4694.6,126.1,735.6,4.39,103.83,0.0662,20.28,14.17,21.52,75.0,1500.0,15.2,healthy,0.0
healthy_2,1025,1789844961.4093308,4709.3,126.53,734.27,4.45,103.89,0.0642,20.32,14.22,21.23,75.0,1500.0,15.2,healthy,0.0
healthy_2,1026,1789844962.4093308,4723.2,126.23,736.39,4.37,103.82,0.0767,20.39,14.12,21.1,75.0,1500.0,15.2,healthy,0.0
healthy_2,1027,1789844963.4093308,4725.8,126.33,732.68,4.39,103.86,0.0766,20.41,14.11,21.25,75.0,1500.0,15.2,healthy,0.0
healthy_2,1028,1789844964.4093308,4730.4,126.43,737.68,4.37,103.73,0.0744,20.42,14.13,21.43,75.0,1500.0,15.2,healthy,0.0
healthy_2,1029,1789844965.4093308,4746.0,126.23,738.88,4.31,103.57,0.0756,20.14,14.11,21.23,75.0,1500.0,15.2,healthy,0.0
healthy_2,1030,1789844966.4093308,4766.4,126.55,737.59,4.32,103.58,0.0687,20.18,14.2,21.34,75.0,1500.0,15.2,healthy,0.0
healthy_2,1031,1789844967.4093308,4765.0,126.52,735.92,4.42,103.7,0.0809,20.16,14.16,20.84,75.0,1500.0,15.2,healthy,0.0
healthy_2,1032,1789844968.4093308,4778.1,126.43,736.28,4.31,103.7,0.0754,20.15,14.09,20.83,75.0,1500.0,15.2,healthy,0.0
healthy_2,1033,1789844969.4093308,4772.8,126.7,738.39,4.41,103.67,0.0718,20.2,14.08,20.75,75.0,1500.0,15.2,healthy,0.0
healthy_2,1034,1789844970.4093308,4752.3,126.63,733.33,4.35,103.66,0.0762,20.14,14.12,21.17,75.0,1500.0,15.2,healthy,0.0
healthy_2,1035,1789844971.4093308,4737.1,126.92,733.25,4.34,103.63,0.0704,20.17,14.18,21.3,75.0,1500.0,15.2,healthy,0.0
healthy_2,1036,1789844972.4093308,4705.3,126.92,733.09,4.38,103.72,0.0798,20.28,14.16,21.44,75.0,1500.0,15.2,healthy,0.0
healthy_2,1037,1789844973.4093308,4723.7,127.19,730.08,4.3,103.69,0.0745,20.16,14.08,21.07,75.0,1500.0,15.2,healthy,0.0
healthy_2,1038,1789844974.4093308,4703.2,126.77,730.36,4.31,103.61,0.0818,20.23,14.11,20.74,75.0,1500.0,15.2,healthy,0.0
healthy_2,1039,1789844975.4093308,4675.0,126.75,736.16,4.37,103.62,0.0835,20.25,14.15,20.85,75.0,1500.0,15.2,healthy,0.0
healthy_2,1040,1789844976.4093308,4669.5,127.01,734.67,4.4,103.75,0.0803,20.41,14.09,20.81,75.0,1500.0,15.2,healthy,0.0
healthy_2,1041,1789844977.4093308,4678.6,127.41,733.51,4.41,103.83,0.0704,20.25,14.07,20.95,75.0,1500.0,15.2,healthy,0.0
healthy_2,1042,1789844978.4093308,4683.6,127.46,734.05,4.34,103.93,0.0639,20.21,14.07,21.18,75.0,1500.0,15.2,healthy,0.0
healthy_2,1043,1789844979.4093308,4693.2,127.22,735.48,4.41,103.95,0.0648,20.21,14.09,21.07,75.0,1500.0,15.2,healthy,0.0
healthy_2,1044,1789844980.4093308,4719.3,127.12,741.64,4.38,103.8,0.0606,20.17,14.1,20.76,75.0,1500.0,15.2,healthy,0.0
healthy_2,1045,1789844981.4093308,4729.8,126.91,740.79,4.41,103.87,0.068,20.22,14.11,21.07,75.0,1500.0,15.2,healthy,0.0
healthy_2,1046,1789844982.4093308,4735.1,127.05,735.65,4.5,103.94,0.0733,20.18,14.12,21.05,75.0,1500.0,15.2,healthy,0.0
healthy_2,1047,1789844983.4093308,4759.6,126.73,735.61,4.56,103.81,0.0776,20.29,14.12,21.21,75.0,1500.0,15.2,healthy,0.0
healthy_2,1048,1789844984.4093308,4741.1,126.61,736.61,4.56,103.95,0.0822,20.18,13.99,20.75,75.0,1500.0,15.2,healthy,0.0
healthy_2,1049,1789844985.4093308,4708.2,126.45,733.26,4.52,103.95,0.0842,20.13,13.97,21.02,75.0,1500.0,15.2,healthy,0.0
healthy_2,1050,1789844986.4093308,4713.8,126.47,741.14,4.51,103.98,0.0813,20.21,14.08,21.05,75.0,1500.0,15.2,healthy,0.0
healthy_2,1051,1789844987.4093308,4715.1,126.29,740.54,4.54,104.04,0.0877,20.25,14.15,21.08,75.0,1500.0,15.2,healthy,0.0
healthy_2,1052,1789844988.4093308,4695.2,126.26,738.01,4.51,104.2,0.0758,20.24,14.12,21.0,75.0,1500.0,15.2,healthy,0.0
healthy_2,1053,1789844989.4093308,4665.9,126.41,731.05,4.48,104.15,0.0773,20.12,14.12,21.04,75.0,1500.0,15.2,healthy,0.0
healthy_2,1054,1789844990.4093308,4681.3,126.73,726.81,4.46,104.15,0.0728,20.23,14.09,21.0,75.0,1500.0,15.2,healthy,0.0
healthy_2,1055,1789844991.4093308,4674.0,126.52,729.64,4.48,104.12,0.0712,20.23,14.11,20.58,75.0,1500.0,15.2,healthy,0.0
healthy_2,1056,1789844992.4093308,4721.6,126.87,731.15,4.44,103.99,0.0746,20.3,14.18,20.55,75.0,1500.0,15.2,healthy,0.0
healthy_2,1057,1789844993.4093308,4704.9,126.84,727.45,4.28,104.06,0.0808,20.37,14.19,20.32,75.0,1500.0,15.2,healthy,0.0
healthy_2,1058,1789844994.4093308,4692.4,126.66,731.62,4.21,104.09,0.0808,20.36,14.18,20.7,75.0,1500.0,15.2,healthy,0.0
healthy_2,1059,1789844995.4093308,4693.7,126.62,737.72,4.22,104.13,0.0891,20.48,14.15,20.86,75.0,1500.0,15.2,healthy,0.0
healthy_2,1060,1789844996.4093308,4682.6,126.68,741.03,4.26,104.26,0.0792,20.42,14.11,21.18,75.0,1500.0,15.2,healthy,0.0
healthy_2,1061,1789844997.4093308,4685.2,126.6,743.44,4.28,104.22,0.0724,20.42,14.15,21.08,75.0,1500.0,15.2,healthy,0.0
healthy_2,1062,1789844998.4093308,4686.3,126.63,743.79,4.23,104.1,0.0721,20.22,14.21,21.28,75.0,1500.0,15.2,healthy,0.0
healthy_2,1063,1789844999.4093308,4691.9,126.64,741.59,4.26,104.11,0.0687,20.17,14.12,21.06,75.0,1500.0,15.2,healthy,0.0
healthy_2,1064,1789845000.4093308,4697.2,126.19,740.63,4.2,104.04,0.0811,20.12,14.2,21.32,75.0,1500.0,15.2,healthy,0.0
healthy_2,1065,1789845001.4093308,4691.9,125.96,743.61,4.25,103.98,0.073,20.19,14.25,21.26,75.0,1500.0,15.2,healthy,0.0
healthy_2,1066,1789845002.4093308,4688.1,125.97,741.91,4.29,104.0,0.0744,20.16,14.31,21.13,75.0,1500.0,15.2,healthy,0.0
healthy_2,1067,1789845003.4093308,4658.9,126.21,741.46,4.37,103.96,0.0697,20.24,14.3,21.17,75.0,1500.0,15.2,healthy,0.0
healthy_2,1068,1789845004.4093308,4677.7,126.04,736.64,4.38,104.09,0.0744,20.36,14.25,21.6,75.0,1500.0,15.2,healthy,0.0
healthy_2,1069,1789845005.4093308,4674.8,125.9,733.43,4.4,104.11,0.0793,20.25,14.26,21.55,75.0,1500.0,15.2,healthy,0.0
healthy_2,1070,1789845006.4093308,4662.9,126.11,733.78,4.44,104.25,0.0885,20.14,14.23,21.11,75.0,1500.0,15.2,healthy,0.0
healthy_2,1071,1789845007.4093308,4681.6,125.89,732.96,4.39,104.13,0.0783,20.28,14.32,21.53,75.0,1500.0,15.2,healthy,0.0
healthy_2,1072,1789845008.4093308,4676.3,126.02,731.39,4.37,104.31,0.0765,20.11,14.32,21.23,75.0,1500.0,15.2,healthy,0.0
healthy_2,1073,1789845009.4093308,4719.0,126.58,729.24,4.41,104.23,0.0665,20.02,14.37,21.31,75.0,1500.0,15.2,healthy,0.0
healthy_2,1074,1789845010.4093308,4716.3,126.63,733.35,4.33,104.29,0.0632,20.14,14.33,21.27,75.0,1500.0,15.2,healthy,0.0
healthy_2,1075,1789845011.4093308,4714.4,126.81,734.55,4.32,104.38,0.0624,19.83,14.4,21.16,75.0,1500.0,15.2,healthy,0.0
healthy_2,1076,1789845012.4093308,4702.3,126.49,732.09,4.36,104.55,0.0719,19.89,14.36,21.5,75.0,1500.0,15.2,healthy,0.0
healthy_2,1077,1789845013.4093308,4677.1,126.63,734.98,4.32,104.65,0.0752,19.96,14.34,21.39,75.0,1500.0,15.2,healthy,0.0
healthy_2,1078,1789845014.4093308,4664.8,126.59,735.3,4.39,104.81,0.0731,19.95,14.31,21.2,75.0,1500.0,15.2,healthy,0.0
healthy_2,1079,1789845015.4093308,4673.5,126.33,733.58,4.42,104.81,0.0697,20.08,14.3,21.18,75.0,1500.0,15.2,healthy,0.0
healthy_2,1080,1789845016.4093308,4693.5,126.4,738.03,4.44,104.64,0.0673,20.21,14.25,21.05,75.0,1500.0,15.2,healthy,0.0
healthy_2,1081,1789845017.4093308,4679.6,126.47,745.34,4.44,104.4,0.0722,20.04,14.24,21.05,75.0,1500.0,15.2,healthy,0.0
healthy_2,1082,1789845018.4093308,4677.9,126.34,743.19,4.4,104.56,0.0676,20.14,14.31,21.07,75.0,1500.0,15.2,healthy,0.0
healthy_2,1083,1789845019.4093308,4691.3,126.19,740.0,4.41,104.67,0.0696,20.03,14.28,20.99,75.0,1500.0,15.2,healthy,0.0
healthy_2,1084,1789845020.4093308,4675.0,126.21,743.34,4.49,104.55,0.0762,20.06,14.29,21.48,75.0,1500.0,15.2,healthy,0.0
healthy_2,1085,1789845021.4093308,4684.3,126.42,741.34,4.43,104.45,0.0807,20.25,14.3,21.02,75.0,1500.0,15.2,healthy,0.0
healthy_2,1086,1789845022.4093308,4698.5,126.7,739.27,4.39,104.38,0.0806,20.21,14.35,21.01,75.0,1500.0,15.2,healthy,0.0
healthy_2,1087,1789845023.4093308,4719.8,126.57,741.88,4.35,104.45,0.0813,20.06,14.37,20.87,75.0,1500.0,15.2,healthy,0.0
healthy_2,1088,1789845024.4093308,4695.3,126.38,738.07,4.42,104.38,0.0717,20.08,14.37,21.18,75.0,1500.0,15.2,healthy,0.0
healthy_2,1089,1789845025.4093308,4686.8,126.28,740.37,4.37,104.51,0.0702,20.22,14.36,21.19,75.0,1500.0,15.2,healthy,0.0
healthy_2,1090,1789845026.4093308,4685.4,126.37,743.84,4.45,104.52,0.0755,20.32,14.4,21.43,75.0,1500.0,15.2,healthy,0.0
healthy_2,1091,1789845027.4093308,4682.5,126.37,745.44,4.45,104.4,0.075,20.32,14.4,21.15,75.0,1500.0,15.2,healthy,0.0
healthy_2,1092,1789845028.4093308,4694.2,126.24,747.24,4.47,104.27,0.0786,20.25,14.45,20.85,75.0,1500.0,15.2,healthy,0.0
healthy_2,1093,1789845029.4093308,4701.1,126.51,750.65,4.4,104.24,0.07,20.37,14.39,20.89,75.0,1500.0,15.2,healthy,0.0
healthy_2,1094,1789845030.4093308,4715.2,126.54,748.15,4.38,104.26,0.0653,20.43,14.21,21.58,75.0,1500.0,15.2,healthy,0.0
healthy_2,1095,1789845031.4093308,4713.3,126.4,745.09,4.37,104.29,0.0652,20.34,14.28,21.41,75.0,1500.0,15.2,healthy,0.0
healthy_2,1096,1789845032.4093308,4723.1,126.65,744.96,4.4,104.19,0.0606,20.26,14.12,21.35,75.0,1500.0,15.2,healthy,0.0
healthy_2,1097,1789845033.4093308,4724.9,126.26,742.96,4.44,104.14,0.0635,20.33,14.02,21.23,75.0,1500.0,15.2,healthy,0.0
healthy_2,1098,1789845034.4093308,4720.2,126.06,745.49,4.41,104.19,0.0707,20.38,14.03,21.4,75.0,1500.0,15.2,healthy,0.0
healthy_2,1099,1789845035.4093308,4708.9,126.2,743.72,4.36,103.97,0.0803,20.43,14.05,21.22,75.0,1500.0,15.2,healthy,0.0
healthy_2,1100,1789845036.4093308,4703.9,126.66,747.86,4.28,104.03,0.0745,20.49,14.12,20.98,75.0,1500.0,15.2,healthy,0.0
healthy_2,1101,1789845037.4093308,4686.5,126.52,745.99,4.31,103.87,0.0754,20.42,14.13,21.01,75.0,1500.0,15.2,healthy,0.0
healthy_2,1102,1789845038.4093308,4669.9,126.2,748.43,4.31,103.87,0.0787,20.33,14.17,20.79,75.0,1500.0,15.2,healthy,0.0
healthy_2,1103,1789845039.4093308,4702.0,126.04,749.11,4.39,103.78,0.0702,20.21,14.2,21.11,75.0,1500.0,15.2,healthy,0.0
healthy_2,1104,1789845040.4093308,4726.0,126.09,745.82,4.29,103.75,0.0772,20.11,14.17,21.11,75.0,1500.0,15.2,healthy,0.0
healthy_2,1105,1789845041.4093308,4747.9,126.29,743.26,4.25,103.55,0.0729,20.32,14.12,21.06,75.0,1500.0,15.2,healthy,0.0
healthy_2,1106,1789845042.4093308,4750.4,126.44,741.09,4.29,103.52,0.0797,20.38,14.1,21.42,75.0,1500.0,15.2,healthy,0.0
healthy_2,1107,1789845043.4093308,4743.8,126.15,735.51,4.4,103.47,0.0674,20.45,14.14,21.13,75.0,1500.0,15.2,healthy,0.0
healthy_2,1108,1789845044.4093308,4720.3,126.16,736.69,4.32,103.61,0.0668,20.57,14.23,20.93,75.0,1500.0,15.2,healthy,0.0
healthy_2,1109,1789845045.4093308,4744.1,126.61,741.01,4.37,103.73,0.0722,20.65,14.22,21.09,75.0,1500.0,15.2,healthy,0.0
healthy_2,1110,1789845046.4093308,4722.1,126.67,737.94,4.42,103.78,0.0832,20.54,14.19,21.11,75.0,1500.0,15.2,healthy,0.0
healthy_2,1111,1789845047.4093308,4708.2,126.75,738.35,4.41,103.7,0.0763,20.68,14.17,21.39,75.0,1500.0,15.2,healthy,0.0
healthy_2,1112,1789845048.4093308,4708.6,126.41,742.34,4.43,103.76,0.0749,20.61,14.22,21.04,75.0,1500.0,15.2,healthy,0.0
healthy_2,1113,1789845049.4093308,4698.9,126.37,745.32,4.5,103.55,0.0683,20.49,14.2,20.94,75.0,1500.0,15.2,healthy,0.0
healthy_2,1114,1789845050.4093308,4722.2,126.58,744.67,4.51,103.77,0.0742,20.48,14.17,21.54,75.0,1500.0,15.2,healthy,0.0
healthy_2,1115,1789845051.4093308,4711.4,126.81,741.89,4.45,103.95,0.0793,20.26,14.15,21.16,75.0,1500.0,15.2,healthy,0.0
healthy_2,1116,1789845052.4093308,4679.7,126.8,739.1,4.44,104.04,0.0738,20.25,14.15,21.21,75.0,1500.0,15.2,healthy,0.0
healthy_2,1117,1789845053.4093308,4677.3,126.42,743.13,4.33,104.01,0.089,20.32,14.09,21.11,75.0,1500.0,15.2,healthy,0.0
healthy_2,1118,1789845054.4093308,4667.2,126.54,738.87,4.32,103.99,0.0904,20.28,14.12,21.25,75.0,1500.0,15.2,healthy,0.0
healthy_2,1119,1789845055.4093308,4652.5,126.5,741.25,4.28,104.08,0.0788,20.29,14.11,21.34,75.0,1500.0,15.2,healthy,0.0
healthy_2,1120,1789845056.4093308,4675.7,126.54,741.81,4.16,103.97,0.0629,20.19,14.09,21.13,75.0,1500.0,15.2,healthy,0.0
healthy_2,1121,1789845057.4093308,4659.6,126.47,742.29,4.21,103.99,0.0579,20.24,14.14,21.03,75.0,1500.0,15.2,healthy,0.0
healthy_2,1122,1789845058.4093308,4652.8,126.52,744.63,4.3,104.02,0.0733,20.14,14.11,21.1,75.0,1500.0,15.2,healthy,0.0
healthy_2,1123,1789845059.4093308,4670.9,126.66,744.32,4.3,103.92,0.0678,20.09,14.2,21.32,75.0,1500.0,15.2,healthy,0.0
healthy_2,1124,1789845060.4093308,4678.4,126.78,742.7,4.29,103.96,0.0679,20.16,14.17,21.58,75.0,1500.0,15.2,healthy,0.0
healthy_2,1125,1789845061.4093308,4669.3,126.69,745.36,4.4,104.0,0.0646,20.23,14.25,21.65,75.0,1500.0,15.2,healthy,0.0
healthy_2,1126,1789845062.4093308,4647.9,126.7,740.52,4.34,104.05,0.0664,20.02,14.26,21.2,75.0,1500.0,15.2,healthy,0.0
healthy_2,1127,1789845063.4093308,4670.1,126.47,737.44,4.33,104.04,0.0765,19.99,14.28,21.22,75.0,1500.0,15.2,healthy,0.0
healthy_2,1128,1789845064.4093308,4675.3,126.25,734.64,4.38,103.99,0.0757,20.07,14.23,21.09,75.0,1500.0,15.2,healthy,0.0
healthy_2,1129,1789845065.4093308,4684.0,126.3,740.58,4.37,104.03,0.0732,20.23,14.12,21.31,75.0,1500.0,15.2,healthy,0.0
healthy_2,1130,1789845066.4093308,4699.8,125.75,741.76,4.36,104.02,0.0736,20.21,14.13,21.3,75.0,1500.0,15.2,healthy,0.0
healthy_2,1131,1789845067.4093308,4693.6,125.97,744.48,4.34,104.01,0.066,20.13,14.2,21.32,75.0,1500.0,15.2,healthy,0.0
healthy_2,1132,1789845068.4093308,4692.2,125.85,740.89,4.38,103.91,0.0764,20.05,14.08,21.25,75.0,1500.0,15.2,healthy,0.0
healthy_2,1133,1789845069.4093308,4708.7,125.78,738.62,4.4,104.0,0.0728,20.12,14.19,21.18,75.0,1500.0,15.2,healthy,0.0
healthy_2,1134,1789845070.4093308,4696.5,126.23,740.76,4.35,104.09,0.0696,20.16,14.17,21.09,75.0,1500.0,15.2,healthy,0.0
healthy_2,1135,1789845071.4093308,4680.3,126.57,746.68,4.37,103.8,0.0719,20.25,14.18,21.28,75.0,1500.0,15.2,healthy,0.0
healthy_2,1136,1789845072.4093308,4716.1,126.6,745.45,4.35,103.55,0.074,20.41,14.25,20.57,75.0,1500.0,15.2,healthy,0.0
healthy_2,1137,1789845073.4093308,4722.3,126.34,744.96,4.35,103.55,0.0693,20.35,14.25,21.11,75.0,1500.0,15.2,healthy,0.0
healthy_2,1138,1789845074.4093308,4721.2,126.47,741.03,4.39,103.48,0.0844,20.19,14.18,20.89,75.0,1500.0,15.2,healthy,0.0
healthy_2,1139,1789845075.4093308,4689.6,126.51,740.3,4.37,103.45,0.0864,20.38,14.12,20.95,75.0,1500.0,15.2,healthy,0.0
healthy_2,1140,1789845076.4093308,4722.3,126.71,734.72,4.37,103.46,0.0802,20.41,14.11,21.49,75.0,1500.0,15.2,healthy,0.0
healthy_2,1141,1789845077.4093308,4732.7,127.22,734.09,4.32,103.59,0.0701,20.57,14.07,21.23,75.0,1500.0,15.2,healthy,0.0
healthy_2,1142,1789845078.4093308,4710.6,127.16,738.41,4.36,103.55,0.0674,20.62,13.99,21.17,75.0,1500.0,15.2,healthy,0.0
healthy_2,1143,1789845079.4093308,4733.9,126.97,740.39,4.35,103.65,0.0675,20.65,14.07,21.13,75.0,1500.0,15.2,healthy,0.0
healthy_2,1144,1789845080.4093308,4723.0,126.77,739.81,4.34,103.59,0.0624,20.62,14.06,21.5,75.0,1500.0,15.2,healthy,0.0
healthy_2,1145,1789845081.4093308,4702.0,126.68,734.01,4.33,103.64,0.0716,20.58,13.98,21.68,75.0,1500.0,15.2,healthy,0.0
healthy_2,1146,1789845082.4093308,4669.7,126.59,739.15,4.3,103.53,0.0706,20.5,14.01,21.55,75.0,1500.0,15.2,healthy,0.0
healthy_2,1147,1789845083.4093308,4664.0,126.33,735.31,4.3,103.49,0.0744,20.49,14.05,21.53,75.0,1500.0,15.2,healthy,0.0
healthy_2,1148,1789845084.4093308,4668.7,126.09,736.49,4.32,103.59,0.0701,20.46,13.98,21.45,75.0,1500.0,15.2,healthy,0.0
healthy_2,1149,1789845085.4093308,4671.7,126.31,739.93,4.29,103.55,0.064,20.52,14.08,21.26,75.0,1500.0,15.2,healthy,0.0
healthy_2,1150,1789845086.4093308,4651.8,126.29,736.71,4.3,103.6,0.0714,20.5,14.12,21.4,75.0,1500.0,15.2,healthy,0.0
healthy_2,1151,1789845087.4093308,4651.5,126.54,736.85,4.32,103.55,0.0662,20.49,14.07,21.42,75.0,1500.0,15.2,healthy,0.0
healthy_2,1152,1789845088.4093308,4693.0,126.4,732.7,4.37,103.66,0.0743,20.46,14.05,21.1,75.0,1500.0,15.2,healthy,0.0
healthy_2,1153,1789845089.4093308,4691.7,126.01,736.23,4.45,103.46,0.0814,20.37,14.0,21.75,75.0,1500.0,15.2,healthy,0.0
healthy_2,1154,1789845090.4093308,4682.1,125.81,738.11,4.4,103.34,0.0834,20.42,14.0,21.39,75.0,1500.0,15.2,healthy,0.0
healthy_2,1155,1789845091.4093308,4674.1,126.18,740.91,4.38,103.28,0.0833,20.35,14.1,21.54,75.0,1500.0,15.2,healthy,0.0
healthy_2,1156,1789845092.4093308,4686.5,125.99,742.92,4.44,103.27,0.0804,20.43,14.03,21.53,75.0,1500.0,15.2,healthy,0.0
healthy_2,1157,1789845093.4093308,4688.2,125.75,745.3,4.37,103.29,0.0822,20.5,14.13,21.15,75.0,1500.0,15.2,healthy,0.0
healthy_2,1158,1789845094.4093308,4689.7,125.53,744.34,4.34,103.42,0.0819,20.48,14.19,21.12,75.0,1500.0,15.2,healthy,0.0
healthy_2,1159,1789845095.4093308,4670.4,125.56,743.47,4.39,103.72,0.0711,20.47,14.09,20.98,75.0,1500.0,15.2,healthy,0.0
healthy_2,1160,1789845096.4093308,4661.2,125.66,744.17,4.46,103.59,0.0626,20.39,14.06,21.16,75.0,1500.0,15.2,healthy,0.0
healthy_2,1161,1789845097.4093308,4662.6,125.5,741.11,4.51,103.55,0.0607,20.47,14.05,21.47,75.0,1500.0,15.2,healthy,0.0
healthy_2,1162,1789845098.4093308,4705.5,125.41,742.73,4.47,103.55,0.0555,20.32,14.16,21.4,75.0,1500.0,15.2,healthy,0.0
healthy_2,1163,1789845099.4093308,4691.8,125.41,742.58,4.53,103.59,0.0637,20.47,14.12,21.47,75.0,1500.0,15.2,healthy,0.0
healthy_2,1164,1789845100.4093308,4694.2,125.55,743.32,4.52,103.62,0.0673,20.4,14.09,21.31,75.0,1500.0,15.2,healthy,0.0
healthy_2,1165,1789845101.4093308,4668.8,125.63,743.86,4.4,103.46,0.0679,20.35,14.1,21.27,75.0,1500.0,15.2,healthy,0.0
healthy_2,1166,1789845102.4093308,4679.0,125.6,741.74,4.34,103.73,0.0684,20.39,14.01,21.19,75.0,1500.0,15.2,healthy,0.0
healthy_2,1167,1789845103.4093308,4705.0,125.91,741.05,4.38,103.75,0.0683,20.38,14.06,21.14,75.0,1500.0,15.2,healthy,0.0
healthy_2,1168,1789845104.4093308,4680.7,126.07,740.25,4.42,103.7,0.0685,20.24,14.08,21.2,75.0,1500.0,15.2,healthy,0.0
healthy_2,1169,1789845105.4093308,4663.2,126.28,740.5,4.39,103.72,0.0748,20.38,14.07,21.35,75.0,1500.0,15.2,healthy,0.0
healthy_2,1170,1789845106.4093308,4631.6,126.55,738.04,4.35,103.8,0.0705,20.43,14.06,21.39,75.0,1500.0,15.2,healthy,0.0
healthy_2,1171,1789845107.4093308,4644.3,126.48,740.62,4.43,103.82,0.0646,20.35,14.13,21.18,75.0,1500.0,15.2,healthy,0.0
healthy_2,1172,1789845108.4093308,4625.4,126.45,739.08,4.47,103.66,0.0634,20.38,14.11,20.96,75.0,1500.0,15.2,healthy,0.0
healthy_2,1173,1789845109.4093308,4615.3,126.57,734.5,4.47,103.74,0.0716,20.42,14.1,21.13,75.0,1500.0,15.2,healthy,0.0
healthy_2,1174,1789845110.4093308,4627.7,126.65,735.19,4.33,103.62,0.0648,20.31,14.1,21.25,75.0,1500.0,15.2,healthy,0.0
healthy_2,1175,1789845111.4093308,4626.1,126.28,742.54,4.26,103.55,0.0662,20.44,14.08,20.73,75.0,1500.0,15.2,healthy,0.0
healthy_2,1176,1789845112.4093308,4603.9,126.11,743.81,4.28,103.64,0.0668,20.33,14.09,21.29,75.0,1500.0,15.2,healthy,0.0
healthy_2,1177,1789845113.4093308,4644.3,126.11,742.55,4.28,103.75,0.0641,20.2,14.1,21.26,75.0,1500.0,15.2,healthy,0.0
healthy_2,1178,1789845114.4093308,4624.6,126.22,745.72,4.33,103.58,0.0652,20.14,14.1,21.35,75.0,1500.0,15.2,healthy,0.0
healthy_2,1179,1789845115.4093308,4657.1,126.03,741.26,4.41,103.68,0.0686,19.89,14.19,21.1,75.0,1500.0,15.2,healthy,0.0
healthy_2,1180,1789845116.4093308,4652.5,126.28,745.09,4.43,103.57,0.0681,19.92,14.14,20.92,75.0,1500.0,15.2,healthy,0.0
healthy_2,1181,1789845117.4093308,4647.5,125.91,745.57,4.39,103.6,0.078,20.07,14.19,20.77,75.0,1500.0,15.2,healthy,0.0
healthy_2,1182,1789845118.4093308,4655.8,125.88,748.18,4.39,103.41,0.0753,20.23,14.27,21.03,75.0,1500.0,15.2,healthy,0.0
healthy_2,1183,1789845119.4093308,4655.5,125.59,748.62,4.37,103.52,0.0768,20.36,14.22,21.32,75.0,1500.0,15.2,healthy,0.0
healthy_2,1184,1789845120.4093308,4636.8,125.93,750.26,4.34,103.7,0.0786,20.25,14.21,21.43,75.0,1500.0,15.2,healthy,0.0
healthy_2,1185,1789845121.4093308,4658.0,125.95,745.87,4.36,103.79,0.0833,20.35,14.2,21.44,75.0,1500.0,15.2,healthy,0.0
healthy_2,1186,1789845122.4093308,4673.2,125.92,745.05,4.38,103.94,0.0751,20.28,14.22,21.49,75.0,1500.0,15.2,healthy,0.0
healthy_2,1187,1789845123.4093308,4663.0,125.84,742.77,4.39,104.06,0.0674,20.2,14.19,21.16,75.0,1500.0,15.2,healthy,0.0
healthy_2,1188,1789845124.4093308,4640.9,126.06,743.0,4.45,104.08,0.0693,20.24,14.14,20.62,75.0,1500.0,15.2,healthy,0.0
healthy_2,1189,1789845125.4093308,4642.3,125.93,746.44,4.42,104.01,0.0669,20.07,14.12,21.23,75.0,1500.0,15.2,healthy,0.0
healthy_2,1190,1789845126.4093308,4657.8,126.01,746.18,4.51,104.06,0.0683,20.07,14.14,21.27,75.0,1500.0,15.2,healthy,0.0
healthy_2,1191,1789845127.4093308,4657.2,126.13,746.95,4.43,103.99,0.0604,20.21,14.15,21.28,75.0,1500.0,15.2,healthy,0.0
healthy_2,1192,1789845128.4093308,4671.9,126.38,739.77,4.48,104.06,0.0726,20.12,14.15,21.19,75.0,1500.0,15.2,healthy,0.0
healthy_2,1193,1789845129.4093308,4673.2,126.64,738.09,4.4,104.2,0.0731,20.04,14.09,21.26,75.0,1500.0,15.2,healthy,0.0
healthy_2,1194,1789845130.4093308,4650.6,126.37,736.61,4.35,104.29,0.0744,20.08,14.02,21.05,75.0,1500.0,15.2,healthy,0.0
healthy_2,1195,1789845131.4093308,4638.9,126.2,740.42,4.39,104.31,0.0734,20.14,14.08,20.78,75.0,1500.0,15.2,healthy,0.0
healthy_2,1196,1789845132.4093308,4639.4,126.34,740.37,4.41,104.3,0.0742,20.1,14.17,21.08,75.0,1500.0,15.2,healthy,0.0
healthy_2,1197,1789845133.4093308,4689.6,126.63,741.65,4.38,104.14,0.0704,20.13,14.2,21.27,75.0,1500.0,15.2,healthy,0.0
healthy_2,1198,1789845134.4093308,4721.1,126.73,742.6,4.38,104.28,0.0736,20.05,14.2,21.04,75.0,1500.0,15.2,healthy,0.0
healthy_2,1199,1789845135.4093308,4721.6,126.62,741.53,4.37,104.29,0.0672,19.88,14.24,20.92,75.0,1500.0,15.2,healthy,0.0
healthy_2,1200,1789845136.4093308,4706.2,126.89,738.04,4.32,104.4,0.0667,19.87,14.27,21.35,75.0,1500.0,15.2,healthy,0.0
healthy_2,1201,1789845137.4093308,4696.0,126.83,738.71,4.3,104.51,0.0725,19.89,14.23,21.08,75.0,1500.0,15.2,healthy,0.0
healthy_2,1202,1789845138.4093308,4687.7,126.77,740.75,4.4,104.55,0.073,19.83,14.36,20.94,75.0,1500.0,15.2,healthy,0.0
healthy_2,1203,1789845139.4093308,4678.7,126.84,741.45,4.32,104.47,0.07,19.9,14.29,21.12,75.0,1500.0,15.2,healthy,0.0
healthy_2,1204,1789845140.4093308,4708.0,126.59,743.68,4.34,104.4,0.073,19.77,14.32,21.19,75.0,1500.0,15.2,healthy,0.0
healthy_2,1205,1789845141.4093308,4715.2,126.36,743.51,4.36,104.55,0.0607,19.82,14.25,21.33,75.0,1500.0,15.2,healthy,0.0
healthy_2,1206,1789845142.4093308,4725.9,125.92,743.55,4.33,104.61,0.0596,19.9,14.18,21.31,75.0,1500.0,15.2,healthy,0.0
healthy_2,1207,1789845143.4093308,4703.1,126.04,741.4,4.33,104.63,0.0581,20.11,14.23,21.29,75.0,1500.0,15.2,healthy,0.0
healthy_2,1208,1789845144.4093308,4709.6,125.89,739.08,4.43,104.56,0.0593,20.17,14.21,20.68,75.0,1500.0,15.2,healthy,0.0
healthy_2,1209,1789845145.4093308,4694.3,125.68,739.1,4.4,104.7,0.0675,20.24,14.15,21.23,75.0,1500.0,15.2,healthy,0.0
healthy_2,1210,1789845146.4093308,4720.4,125.89,742.21,4.44,104.47,0.0633,20.26,14.17,21.44,75.0,1500.0,15.2,healthy,0.0
healthy_2,1211,1789845147.4093308,4723.8,126.1,742.94,4.28,104.42,0.0688,20.23,14.09,21.07,75.0,1500.0,15.2,healthy,0.0
healthy_2,1212,1789845148.4093308,4738.2,125.81,742.95,4.33,104.35,0.0695,20.21,14.07,21.32,75.0,1500.0,15.2,healthy,0.0
healthy_2,1213,1789845149.4093308,4729.7,125.92,740.96,4.36,104.2,0.0756,20.32,14.07,21.03,75.0,1500.0,15.2,healthy,0.0
healthy_2,1214,1789845150.4093308,4727.1,126.01,746.31,4.4,104.17,0.0687,20.25,14.11,20.97,75.0,1500.0,15.2,healthy,0.0
healthy_2,1215,1789845151.4093308,4718.5,125.59,748.02,4.42,104.08,0.0709,20.32,14.09,21.5,75.0,1500.0,15.2,healthy,0.0
healthy_2,1216,1789845152.4093308,4710.2,125.73,743.53,4.44,104.01,0.0674,20.34,14.08,21.42,75.0,1500.0,15.2,healthy,0.0
healthy_2,1217,1789845153.4093308,4724.3,125.72,743.51,4.42,104.17,0.061,20.35,14.09,21.47,75.0,1500.0,15.2,healthy,0.0
healthy_2,1218,1789845154.4093308,4725.6,125.79,746.63,4.41,104.38,0.0575,20.34,14.11,21.26,75.0,1500.0,15.2,healthy,0.0
healthy_2,1219,1789845155.4093308,4705.4,125.83,746.08,4.38,104.14,0.0574,20.54,14.14,21.11,75.0,1500.0,15.2,healthy,0.0
healthy_2,1220,1789845156.4093308,4725.9,125.95,747.01,4.34,103.96,0.0692,20.37,14.21,21.29,75.0,1500.0,15.2,healthy,0.0
healthy_2,1221,1789845157.4093308,4768.6,125.74,748.07,4.51,104.08,0.075,20.38,14.19,21.38,75.0,1500.0,15.2,healthy,0.0
healthy_2,1222,1789845158.4093308,4760.9,125.95,750.29,4.48,104.02,0.077,20.38,14.16,21.27,75.0,1500.0,15.2,healthy,0.0
healthy_2,1223,1789845159.4093308,4749.9,126.06,745.46,4.52,104.08,0.082,20.32,14.13,21.1,75.0,1500.0,15.2,healthy,0.0
healthy_2,1224,1789845160.4093308,4750.4,126.08,741.84,4.41,104.1,0.0757,20.35,14.21,21.46,75.0,1500.0,15.2,healthy,0.0
healthy_2,1225,1789845161.4093308,4735.1,126.24,745.66,4.42,104.01,0.0745,20.23,14.26,21.29,75.0,1500.0,15.2,healthy,0.0
healthy_2,1226,1789845162.4093308,4720.4,126.49,743.14,4.42,103.85,0.0727,20.32,14.2,21.27,75.0,1500.0,15.2,healthy,0.0
healthy_2,1227,1789845163.4093308,4703.8,126.36,741.05,4.46,103.71,0.0757,20.28,14.25,21.56,75.0,1500.0,15.2,healthy,0.0
healthy_2,1228,1789845164.4093308,4693.3,126.37,740.52,4.51,103.69,0.0797,20.27,14.21,21.67,75.0,1500.0,15.2,healthy,0.0
healthy_2,1229,1789845165.4093308,4701.1,125.83,743.16,4.51,103.74,0.0803,20.27,14.13,21.28,75.0,1500.0,15.2,healthy,0.0
healthy_2,1230,1789845166.4093308,4701.9,125.89,741.66,4.39,103.94,0.0814,20.35,14.17,20.91,75.0,1500.0,15.2,healthy,0.0
healthy_2,1231,1789845167.4093308,4686.9,125.98,737.89,4.44,103.8,0.0775,20.1,14.14,21.2,75.0,1500.0,15.2,healthy,0.0
healthy_2,1232,1789845168.4093308,4708.7,126.22,741.34,4.44,103.97,0.0836,20.23,14.12,21.1,75.0,1500.0,15.2,healthy,0.0
healthy_2,1233,1789845169.4093308,4701.1,126.1,736.23,4.36,104.08,0.0833,20.15,14.02,20.8,75.0,1500.0,15.2,healthy,0.0
healthy_2,1234,1789845170.4093308,4684.0,125.98,737.26,4.38,103.95,0.0745,20.33,14.01,21.33,75.0,1500.0,15.2,healthy,0.0
healthy_2,1235,1789845171.4093308,4702.2,126.06,741.12,4.45,103.8,0.0738,20.22,14.03,21.12,75.0,1500.0,15.2,healthy,0.0
healthy_2,1236,1789845172.4093308,4702.5,126.35,741.07,4.43,103.84,0.0816,20.15,14.07,21.18,75.0,1500.0,15.2,healthy,0.0
healthy_2,1237,1789845173.4093308,4684.0,126.44,741.07,4.38,104.02,0.083,20.24,14.1,20.92,75.0,1500.0,15.2,healthy,0.0
healthy_2,1238,1789845174.4093308,4681.7,126.52,741.47,4.42,104.07,0.083,20.36,14.1,21.08,75.0,1500.0,15.2,healthy,0.0
healthy_2,1239,1789845175.4093308,4710.3,126.79,738.9,4.37,104.06,0.0839,20.55,14.09,21.07,75.0,1500.0,15.2,healthy,0.0
healthy_2,1240,1789845176.4093308,4693.0,126.95,736.07,4.33,104.19,0.0825,20.5,14.06,20.64,75.0,1500.0,15.2,healthy,0.0
healthy_2,1241,1789845177.4093308,4702.3,127.3,727.61,4.33,104.24,0.0739,20.46,14.02,21.03,75.0,1500.0,15.2,healthy,0.0
healthy_2,1242,1789845178.4093308,4721.9,127.25,731.09,4.4,104.21,0.0723,20.45,14.13,21.19,75.0,1500.0,15.2,healthy,0.0
healthy_2,1243,1789845179.4093308,4711.7,126.73,731.99,4.41,104.08,0.0737,20.47,14.08,21.66,75.0,1500.0,15.2,healthy,0.0
healthy_2,1244,1789845180.4093308,4721.5,126.42,734.22,4.42,103.94,0.0728,20.36,14.14,21.39,75.0,1500.0,15.2,healthy,0.0
healthy_2,1245,1789845181.4093308,4692.8,126.3,735.07,4.36,103.92,0.0679,20.22,14.13,21.01,75.0,1500.0,15.2,healthy,0.0
healthy_2,1246,1789845182.4093308,4698.6,126.54,734.96,4.32,103.78,0.0758,20.22,14.21,21.39,75.0,1500.0,15.2,healthy,0.0
healthy_2,1247,1789845183.4093308,4689.1,126.48,739.46,4.35,103.7,0.0673,20.13,14.17,21.29,75.0,1500.0,15.2,healthy,0.0
healthy_2,1248,1789845184.4093308,4688.4,126.75,740.89,4.35,103.64,0.0728,20.1,14.16,21.08,75.0,1500.0,15.2,healthy,0.0
healthy_2,1249,1789845185.4093308,4701.8,127.02,741.63,4.44,103.63,0.068,20.16,14.14,21.05,75.0,1500.0,15.2,healthy,0.0
healthy_2,1250,1789845186.4093308,4713.5,126.96,739.99,4.39,103.7,0.0728,20.06,14.07,21.0,75.0,1500.0,15.2,healthy,0.0
healthy_2,1251,1789845187.4093308,4705.1,127.05,735.76,4.39,103.87,0.0687,20.17,14.15,21.45,75.0,1500.0,15.2,healthy,0.0
healthy_2,1252,1789845188.4093308,4723.1,126.9,735.91,4.39,103.81,0.0741,20.25,14.07,21.0,75.0,1500.0,15.2,healthy,0.0
healthy_2,1253,1789845189.4093308,4720.5,126.87,734.7,4.34,103.75,0.077,20.3,14.08,20.88,75.0,1500.0,15.2,healthy,0.0
healthy_2,1254,1789845190.4093308,4707.4,126.61,736.23,4.31,103.73,0.0728,20.28,14.16,21.07,75.0,1500.0,15.2,healthy,0.0
healthy_2,1255,1789845191.4093308,4697.9,126.61,737.46,4.26,103.75,0.0742,20.09,14.24,20.66,75.0,1500.0,15.2,healthy,0.0
healthy_2,1256,1789845192.4093308,4699.4,126.72,740.49,4.36,103.54,0.0747,19.88,14.18,21.2,75.0,1500.0,15.2,healthy,0.0
healthy_2,1257,1789845193.4093308,4703.1,126.77,740.5,4.41,103.52,0.0801,20.03,14.14,20.94,75.0,1500.0,15.2,healthy,0.0
healthy_2,1258,1789845194.4093308,4714.6,126.81,736.17,4.35,103.56,0.0687,20.16,14.16,21.12,75.0,1500.0,15.2,healthy,0.0
healthy_2,1259,1789845195.4093308,4732.8,126.28,732.12,4.47,103.85,0.0704,20.17,14.1,21.5,75.0,1500.0,15.2,healthy,0.0
healthy_2,1260,1789845196.4093308,4712.4,126.04,737.44,4.37,103.96,0.064,20.09,14.06,21.51,75.0,1500.0,15.2,healthy,0.0
healthy_2,1261,1789845197.4093308,4718.6,125.97,743.16,4.36,104.0,0.0654,20.15,14.03,21.16,75.0,1500.0,15.2,healthy,0.0
healthy_2,1262,1789845198.4093308,4734.5,125.82,738.91,4.31,104.13,0.0736,20.37,14.07,21.48,75.0,1500.0,15.2,healthy,0.0
healthy_2,1263,1789845199.4093308,4746.8,125.7,738.7,4.35,104.14,0.0739,20.36,14.06,21.42,75.0,1500.0,15.2,healthy,0.0
healthy_2,1264,1789845200.4093308,4751.5,125.7,737.15,4.37,104.36,0.0651,20.24,14.16,21.34,75.0,1500.0,15.2,healthy,0.0
healthy_2,1265,1789845201.4093308,4748.0,125.53,737.08,4.43,104.09,0.0682,20.32,14.15,21.45,75.0,1500.0,15.2,healthy,0.0
healthy_2,1266,1789845202.4093308,4722.5,125.63,736.85,4.42,104.19,0.0697,20.31,14.13,21.25,75.0,1500.0,15.2,healthy,0.0
healthy_2,1267,1789845203.4093308,4714.6,125.64,735.99,4.41,104.04,0.0748,20.33,14.1,21.31,75.0,1500.0,15.2,healthy,0.0
healthy_2,1268,1789845204.4093308,4737.1,126.1,748.88,4.29,104.15,0.0817,20.18,14.15,21.53,75.0,1500.0,15.2,healthy,0.0
healthy_2,1269,1789845205.4093308,4733.9,125.95,746.02,4.31,104.01,0.0655,20.14,14.14,21.37,75.0,1500.0,15.2,healthy,0.0
healthy_2,1270,1789845206.4093308,4734.8,125.78,744.73,4.22,104.0,0.0662,20.11,14.15,21.5,75.0,1500.0,15.2,healthy,0.0
healthy_2,1271,1789845207.4093308,4738.5,126.15,739.96,4.19,104.09,0.0761,20.3,14.17,21.08,75.0,1500.0,15.2,healthy,0.0
healthy_2,1272,1789845208.4093308,4732.5,126.12,736.39,4.29,104.1,0.0674,20.23,14.24,21.3,75.0,1500.0,15.2,healthy,0.0
healthy_2,1273,1789845209.4093308,4710.6,126.32,736.32,4.32,103.91,0.0656,20.08,14.15,21.54,75.0,1500.0,15.2,healthy,0.0
healthy_2,1274,1789845210.4093308,4708.1,126.37,729.71,4.28,103.94,0.0596,19.97,14.19,21.38,75.0,1500.0,15.2,healthy,0.0
healthy_2,1275,1789845211.4093308,4717.4,126.18,737.32,4.34,104.05,0.0674,20.1,14.22,21.48,75.0,1500.0,15.2,healthy,0.0
healthy_2,1276,1789845212.4093308,4715.0,126.37,739.85,4.4,103.93,0.0618,20.12,14.16,21.29,75.0,1500.0,15.2,healthy,0.0
healthy_2,1277,1789845213.4093308,4709.2,126.39,741.74,4.38,103.91,0.0803,20.12,14.23,21.4,75.0,1500.0,15.2,healthy,0.0
healthy_2,1278,1789845214.4093308,4708.9,126.43,746.91,4.4,103.8,0.0631,20.09,14.24,21.34,75.0,1500.0,15.2,healthy,0.0
healthy_2,1279,1789845215.4093308,4715.8,126.13,746.05,4.39,103.63,0.0655,19.97,14.3,21.43,75.0,1500.0,15.2,healthy,0.0
healthy_2,1280,1789845216.4093308,4703.9,125.76,742.99,4.41,103.71,0.0729,20.26,14.22,21.64,75.0,1500.0,15.2,healthy,0.0
healthy_2,1281,1789845217.4093308,4698.7,125.94,740.41,4.41,103.8,0.0758,20.33,14.24,21.71,75.0,1500.0,15.2,healthy,0.0
healthy_2,1282,1789845218.4093308,4725.5,125.84,741.49,4.33,103.59,0.0714,20.09,14.17,21.46,75.0,1500.0,15.2,healthy,0.0
healthy_2,1283,1789845219.4093308,4727.1,125.61,739.08,4.38,103.64,0.0658,20.09,14.17,21.2,75.0,1500.0,15.2,healthy,0.0
healthy_2,1284,1789845220.4093308,4716.0,125.74,734.45,4.42,103.41,0.0736,20.13,14.19,21.21,75.0,1500.0,15.2,healthy,0.0
healthy_2,1285,1789845221.4093308,4688.9,125.57,735.19,4.41,103.53,0.0747,20.09,14.18,21.05,75.0,1500.0,15.2,healthy,0.0
healthy_2,1286,1789845222.4093308,4675.5,125.4,737.57,4.4,103.45,0.0736,20.17,14.16,21.11,75.0,1500.0,15.2,healthy,0.0
healthy_2,1287,1789845223.4093308,4688.7,125.59,743.87,4.48,103.42,0.0658,20.16,14.31,21.0,75.0,1500.0,15.2,healthy,0.0
healthy_2,1288,1789845224.4093308,4726.7,125.5,741.38,4.43,103.49,0.071,20.08,14.36,21.35,75.0,1500.0,15.2,healthy,0.0
healthy_2,1289,1789845225.4093308,4718.9,125.88,740.2,4.39,103.57,0.0762,20.18,14.34,21.25,75.0,1500.0,15.2,healthy,0.0
healthy_2,1290,1789845226.4093308,4730.9,126.01,739.8,4.4,103.65,0.0806,20.17,14.37,21.22,75.0,1500.0,15.2,healthy,0.0
healthy_2,1291,1789845227.4093308,4743.4,125.72,735.73,4.48,103.77,0.0799,20.05,14.32,21.02,75.0,1500.0,15.2,healthy,0.0
healthy_2,1292,1789845228.4093308,4712.3,126.06,735.78,4.46,103.69,0.0824,20.07,14.31,21.18,75.0,1500.0,15.2,healthy,0.0
healthy_2,1293,1789845229.4093308,4736.0,126.06,741.34,4.38,103.64,0.0844,20.12,14.33,20.96,75.0,1500.0,15.2,healthy,0.0
healthy_2,1294,1789845230.4093308,4715.9,125.86,745.32,4.43,103.81,0.0877,20.08,14.33,21.45,75.0,1500.0,15.2,healthy,0.0
healthy_2,1295,1789845231.4093308,4698.9,126.05,744.62,4.33,103.95,0.084,20.11,14.31,21.21,75.0,1500.0,15.2,healthy,0.0
healthy_2,1296,1789845232.4093308,4705.4,126.2,745.27,4.33,103.9,0.0867,20.17,14.36,21.04,75.0,1500.0,15.2,healthy,0.0
healthy_2,1297,1789845233.4093308,4701.3,126.13,745.92,4.36,103.75,0.0742,20.12,14.36,21.08,75.0,1500.0,15.2,healthy,0.0
healthy_2,1298,1789845234.4093308,4721.9,126.27,748.34,4.35,103.74,0.0792,20.25,14.31,20.6,75.0,1500.0,15.2,healthy,0.0
healthy_2,1299,1789845235.4093308,4728.4,126.18,738.47,4.33,103.94,0.0783,20.18,14.33,20.78,75.0,1500.0,15.2,healthy,0.0
healthy_2,1300,1789845236.4093308,4741.8,126.27,736.19,4.45,104.02,0.0757,20.11,14.38,20.62,75.0,1500.0,15.2,healthy,0.0
healthy_2,1301,1789845237.4093308,4725.8,126.06,737.92,4.31,104.0,0.0786,20.11,14.4,20.83,75.0,1500.0,15.2,healthy,0.0
healthy_2,1302,1789845238.4093308,4705.7,126.08,738.67,4.38,103.99,0.0752,20.12,14.34,20.97,75.0,1500.0,15.2,healthy,0.0
healthy_2,1303,1789845239.4093308,4678.2,126.12,742.92,4.43,103.94,0.0748,20.08,14.37,21.25,75.0,1500.0,15.2,healthy,0.0
healthy_2,1304,1789845240.4093308,4663.8,126.03,745.3,4.34,103.85,0.0711,20.27,14.32,21.01,75.0,1500.0,15.2,healthy,0.0
healthy_2,1305,1789845241.4093308,4689.1,126.12,746.53,4.31,103.99,0.0704,20.25,14.23,20.82,75.0,1500.0,15.2,healthy,0.0
healthy_2,1306,1789845242.4093308,4674.9,126.39,749.0,4.37,104.1,0.0723,20.11,14.21,21.59,75.0,1500.0,15.2,healthy,0.0
healthy_2,1307,1789845243.4093308,4693.0,126.24,745.29,4.3,103.93,0.0758,20.34,14.18,21.71,75.0,1500.0,15.2,healthy,0.0
healthy_2,1308,1789845244.4093308,4696.4,126.15,734.53,4.3,104.03,0.0753,20.42,14.19,21.74,75.0,1500.0,15.2,healthy,0.0
healthy_2,1309,1789845245.4093308,4714.2,126.27,730.92,4.34,104.1,0.0717,20.32,14.25,21.22,75.0,1500.0,15.2,healthy,0.0
healthy_2,1310,1789845246.4093308,4676.1,126.45,731.38,4.36,104.16,0.076,20.25,14.29,21.2,75.0,1500.0,15.2,healthy,0.0
healthy_2,1311,1789845247.4093308,4684.2,126.34,732.25,4.38,104.19,0.0839,20.34,14.26,21.01,75.0,1500.0,15.2,healthy,0.0
healthy_2,1312,1789845248.4093308,4709.3,126.39,735.03,4.33,104.13,0.0784,20.44,14.29,21.31,75.0,1500.0,15.2,healthy,0.0
healthy_2,1313,1789845249.4093308,4711.5,126.27,735.84,4.36,103.89,0.0952,20.31,14.26,21.41,75.0,1500.0,15.2,healthy,0.0
healthy_2,1314,1789845250.4093308,4704.8,126.35,735.07,4.28,103.82,0.0777,20.26,14.26,21.26,75.0,1500.0,15.2,healthy,0.0
healthy_2,1315,1789845251.4093308,4699.6,126.37,738.69,4.3,103.9,0.0691,20.38,14.25,21.04,75.0,1500.0,15.2,healthy,0.0
healthy_2,1316,1789845252.4093308,4714.0,126.73,742.35,4.29,103.95,0.0699,20.4,14.19,21.08,75.0,1500.0,15.2,healthy,0.0
healthy_2,1317,1789845253.4093308,4688.0,127.03,741.5,4.26,104.05,0.076,20.53,14.2,21.23,75.0,1500.0,15.2,healthy,0.0
healthy_2,1318,1789845254.4093308,4655.8,126.95,734.68,4.22,104.12,0.0758,20.31,14.15,21.44,75.0,1500.0,15.2,healthy,0.0
healthy_2,1319,1789845255.4093308,4676.7,127.28,739.87,4.34,104.1,0.0718,20.44,14.11,21.31,75.0,1500.0,15.2,healthy,0.0
healthy_2,1320,1789845256.4093308,4668.2,127.66,738.49,4.31,103.99,0.0793,20.55,14.12,21.14,75.0,1500.0,15.2,healthy,0.0
healthy_2,1321,1789845257.4093308,4634.8,127.27,737.37,4.34,103.96,0.0811,20.45,14.11,21.2,75.0,1500.0,15.2,healthy,0.0
healthy_2,1322,1789845258.4093308,4666.6,127.06,738.7,4.53,103.95,0.0847,20.45,14.08,21.18,75.0,1500.0,15.2,healthy,0.0
healthy_2,1323,1789845259.4093308,4695.4,126.78,737.24,4.54,103.95,0.0719,20.35,14.07,21.17,75.0,1500.0,15.2,healthy,0.0
healthy_2,1324,1789845260.4093308,4706.0,127.01,739.01,4.57,103.89,0.0755,20.31,14.04,21.21,75.0,1500.0,15.2,healthy,0.0
healthy_2,1325,1789845261.4093308,4688.2,127.32,738.55,4.48,103.77,0.0804,20.3,14.11,21.02,75.0,1500.0,15.2,healthy,0.0
healthy_2,1326,1789845262.4093308,4724.0,127.37,736.02,4.54,103.79,0.072,20.17,14.04,21.06,75.0,1500.0,15.2,healthy,0.0
healthy_2,1327,1789845263.4093308,4747.9,127.35,740.51,4.52,103.8,0.072,20.07,14.11,21.48,75.0,1500.0,15.2,healthy,0.0
healthy_2,1328,1789845264.4093308,4753.3,127.16,743.09,4.45,103.89,0.0672,19.96,14.04,21.38,75.0,1500.0,15.2,healthy,0.0
healthy_2,1329,1789845265.4093308,4723.6,126.77,743.82,4.35,103.75,0.0643,19.87,14.03,21.3,75.0,1500.0,15.2,healthy,0.0
healthy_2,1330,1789845266.4093308,4743.2,126.59,742.79,4.4,103.84,0.0641,19.73,13.99,21.28,75.0,1500.0,15.2,healthy,0.0
healthy_2,1331,1789845267.4093308,4737.1,126.65,746.41,4.34,103.86,0.0734,19.93,14.0,21.26,75.0,1500.0,15.2,healthy,0.0
healthy_2,1332,1789845268.4093308,4728.2,126.53,742.25,4.29,103.84,0.0826,19.89,14.07,21.14,75.0,1500.0,15.2,healthy,0.0
healthy_2,1333,1789845269.4093308,4725.0,126.55,734.72,4.32,103.77,0.0794,19.96,14.01,21.15,75.0,1500.0,15.2,healthy,0.0
healthy_2,1334,1789845270.4093308,4754.9,126.55,735.83,4.28,103.99,0.0739,19.96,14.04,20.91,75.0,1500.0,15.2,healthy,0.0
healthy_2,1335,1789845271.4093308,4760.5,126.71,742.0,4.32,104.02,0.0711,20.02,14.16,20.94,75.0,1500.0,15.2,healthy,0.0
healthy_2,1336,1789845272.4093308,4733.8,126.84,741.79,4.33,103.99,0.063,19.96,14.29,20.91,75.0,1500.0,15.2,healthy,0.0
healthy_2,1337,1789845273.4093308,4735.8,126.72,741.75,4.34,104.12,0.069,19.96,14.25,21.0,75.0,1500.0,15.2,healthy,0.0
healthy_2,1338,1789845274.4093308,4727.3,127.0,740.87,4.35,104.13,0.0674,19.98,14.23,21.07,75.0,1500.0,15.2,healthy,0.0
healthy_2,1339,1789845275.4093308,4716.7,127.03,739.79,4.33,104.16,0.061,20.13,14.21,20.94,75.0,1500.0,15.2,healthy,0.0
healthy_2,1340,1789845276.4093308,4715.7,126.74,740.75,4.32,104.15,0.0653,20.47,14.27,20.63,75.0,1500.0,15.2,healthy,0.0
healthy_2,1341,1789845277.4093308,4704.7,126.81,742.59,4.32,104.23,0.0821,20.38,14.31,20.86,75.0,1500.0,15.2,healthy,0.0
healthy_2,1342,1789845278.4093308,4714.9,126.63,739.49,4.21,104.09,0.0834,20.17,14.28,21.11,75.0,1500.0,15.2,healthy,0.0
healthy_2,1343,1789845279.4093308,4691.0,126.8,741.06,4.3,104.08,0.088,19.97,14.27,20.99,75.0,1500.0,15.2,healthy,0.0
healthy_2,1344,1789845280.4093308,4693.5,126.66,741.23,4.31,104.07,0.0897,20.0,14.35,21.32,75.0,1500.0,15.2,healthy,0.0
healthy_2,1345,1789845281.4093308,4700.6,126.73,743.95,4.36,104.03,0.0855,20.0,14.28,21.18,75.0,1500.0,15.2,healthy,0.0
healthy_2,1346,1789845282.4093308,4706.4,126.63,741.1,4.33,104.08,0.065,19.9,14.23,21.23,75.0,1500.0,15.2,healthy,0.0
healthy_2,1347,1789845283.4093308,4683.1,126.58,743.14,4.33,103.99,0.0646,19.96,14.18,21.0,75.0,1500.0,15.2,healthy,0.0
healthy_2,1348,1789845284.4093308,4684.1,126.48,742.68,4.31,103.81,0.0638,20.08,14.2,21.3,75.0,1500.0,15.2,healthy,0.0
healthy_2,1349,1789845285.4093308,4672.5,126.42,740.49,4.39,103.8,0.0654,20.25,14.22,21.0,75.0,1500.0,15.2,healthy,0.0
healthy_2,1350,1789845286.4093308,4688.0,126.34,741.86,4.35,103.68,0.069,20.25,14.1,21.22,75.0,1500.0,15.2,healthy,0.0
healthy_2,1351,1789845287.4093308,4701.7,126.34,741.26,4.38,103.64,0.0688,20.28,13.98,21.23,75.0,1500.0,15.2,healthy,0.0
healthy_2,1352,1789845288.4093308,4698.8,126.51,737.99,4.36,103.72,0.0662,20.14,13.96,21.47,75.0,1500.0,15.2,healthy,0.0
healthy_2,1353,1789845289.4093308,4697.9,126.64,738.68,4.32,103.64,0.0689,20.22,14.0,21.4,75.0,1500.0,15.2,healthy,0.0
healthy_2,1354,1789845290.4093308,4678.9,126.43,742.57,4.3,103.68,0.0715,20.28,13.92,21.53,75.0,1500.0,15.2,healthy,0.0
healthy_2,1355,1789845291.4093308,4695.6,126.36,748.61,4.31,103.78,0.0722,20.29,13.92,21.18,75.0,1500.0,15.2,healthy,0.0
healthy_2,1356,1789845292.4093308,4679.1,126.47,753.3,4.34,103.94,0.062,20.31,13.94,21.2,75.0,1500.0,15.2,healthy,0.0
healthy_2,1357,1789845293.4093308,4675.1,126.72,752.48,4.39,103.89,0.0618,20.37,13.87,21.34,75.0,1500.0,15.2,healthy,0.0
healthy_2,1358,1789845294.4093308,4692.7,126.58,751.69,4.37,103.83,0.0659,20.41,13.92,20.72,75.0,1500.0,15.2,healthy,0.0
healthy_2,1359,1789845295.4093308,4669.3,126.36,753.45,4.32,103.84,0.0612,20.28,14.01,20.74,75.0,1500.0,15.2,healthy,0.0
healthy_2,1360,1789845296.4093308,4663.0,126.74,753.62,4.35,103.93,0.0611,20.33,13.98,21.2,75.0,1500.0,15.2,healthy,0.0
healthy_2,1361,1789845297.4093308,4688.5,126.76,745.35,4.36,103.93,0.0578,20.4,13.95,20.92,75.0,1500.0,15.2,healthy,0.0
healthy_2,1362,1789845298.4093308,4694.7,126.64,751.64,4.31,103.92,0.0567,20.46,14.02,21.48,75.0,1500.0,15.2,healthy,0.0
healthy_2,1363,1789845299.4093308,4681.8,126.58,752.69,4.3,103.96,0.0666,20.46,14.01,21.62,75.0,1500.0,15.2,healthy,0.0
healthy_2,1364,1789845300.4093308,4680.7,126.82,747.81,4.36,103.85,0.0715,20.46,14.01,21.64,75.0,1500.0,15.2,healthy,0.0
healthy_2,1365,1789845301.4093308,4668.6,127.01,741.98,4.34,103.85,0.0799,20.47,13.92,21.29,75.0,1500.0,15.2,healthy,0.0
healthy_2,1366,1789845302.4093308,4668.3,126.8,746.13,4.31,103.91,0.0809,20.28,14.04,21.01,75.0,1500.0,15.2,healthy,0.0
healthy_2,1367,1789845303.4093308,4689.5,126.94,745.09,4.33,103.93,0.0811,20.14,14.12,21.07,75.0,1500.0,15.2,healthy,0.0
healthy_2,1368,1789845304.4093308,4675.7,127.05,746.98,4.26,103.89,0.0807,20.02,14.17,21.11,75.0,1500.0,15.2,healthy,0.0
healthy_2,1369,1789845305.4093308,4672.6,127.06,745.87,4.25,103.97,0.0742,20.02,14.24,20.93,75.0,1500.0,15.2,healthy,0.0
healthy_2,1370,1789845306.4093308,4688.2,127.04,748.34,4.29,103.93,0.0711,20.01,14.14,21.2,75.0,1500.0,15.2,healthy,0.0
healthy_2,1371,1789845307.4093308,4644.5,126.95,747.07,4.26,103.92,0.0709,20.18,14.08,21.24,75.0,1500.0,15.2,healthy,0.0
healthy_2,1372,1789845308.4093308,4671.9,126.69,750.14,4.32,103.86,0.0671,20.33,14.12,21.28,75.0,1500.0,15.2,healthy,0.0
healthy_2,1373,1789845309.4093308,4668.9,126.61,749.53,4.43,103.77,0.0722,20.13,14.09,21.29,75.0,1500.0,15.2,healthy,0.0
healthy_2,1374,1789845310.4093308,4710.7,126.38,745.88,4.39,103.7,0.0772,20.2,14.06,21.36,75.0,1500.0,15.2,healthy,0.0
healthy_2,1375,1789845311.4093308,4695.8,126.45,746.08,4.36,103.77,0.0773,20.15,14.06,21.41,75.0,1500.0,15.2,healthy,0.0
healthy_2,1376,1789845312.4093308,4688.5,126.67,751.04,4.42,103.78,0.0714,20.18,14.12,21.23,75.0,1500.0,15.2,healthy,0.0
healthy_2,1377,1789845313.4093308,4665.1,126.8,750.36,4.41,103.76,0.0753,20.07,14.05,21.05,75.0,1500.0,15.2,healthy,0.0
healthy_2,1378,1789845314.4093308,4653.8,126.87,743.94,4.42,103.83,0.0775,19.99,14.09,21.29,75.0,1500.0,15.2,healthy,0.0
healthy_2,1379,1789845315.4093308,4679.7,126.87,739.91,4.37,103.75,0.0743,20.23,14.07,21.13,75.0,1500.0,15.2,healthy,0.0
healthy_2,1380,1789845316.4093308,4690.8,126.96,736.9,4.34,103.93,0.0706,20.12,13.99,21.06,75.0,1500.0,15.2,healthy,0.0
healthy_2,1381,1789845317.4093308,4711.4,127.0,738.01,4.37,103.78,0.067,20.3,14.04,21.16,75.0,1500.0,15.2,healthy,0.0
healthy_2,1382,1789845318.4093308,4701.0,126.88,740.58,4.34,103.82,0.0669,20.21,14.02,21.01,75.0,1500.0,15.2,healthy,0.0
healthy_2,1383,1789845319.4093308,4687.8,126.78,743.38,4.38,103.71,0.0746,20.13,14.14,21.31,75.0,1500.0,15.2,healthy,0.0
healthy_2,1384,1789845320.4093308,4705.6,126.29,743.9,4.23,103.79,0.0713,20.04,14.09,21.3,75.0,1500.0,15.2,healthy,0.0
healthy_2,1385,1789845321.4093308,4704.5,126.64,743.65,4.31,103.78,0.0687,20.02,14.14,21.04,75.0,1500.0,15.2,healthy,0.0
healthy_2,1386,1789845322.4093308,4704.3,126.77,741.59,4.41,103.91,0.0609,20.1,14.11,21.4,75.0,1500.0,15.2,healthy,0.0
healthy_2,1387,1789845323.4093308,4680.5,126.82,738.14,4.32,103.98,0.0759,20.16,14.16,21.55,75.0,1500.0,15.2,healthy,0.0
healthy_2,1388,1789845324.4093308,4665.1,126.76,734.54,4.25,103.91,0.0712,20.21,14.25,21.4,75.0,1500.0,15.2,healthy,0.0
healthy_2,1389,1789845325.4093308,4645.7,126.53,734.51,4.32,103.97,0.074,20.38,14.27,21.51,75.0,1500.0,15.2,healthy,0.0
healthy_2,1390,1789845326.4093308,4663.0,126.4,731.79,4.21,104.17,0.0785,20.27,14.24,21.44,75.0,1500.0,15.2,healthy,0.0
healthy_2,1391,1789845327.4093308,4703.3,126.55,732.62,4.19,104.22,0.0805,20.2,14.18,21.46,75.0,1500.0,15.2,healthy,0.0
healthy_2,1392,1789845328.4093308,4701.0,126.45,734.32,4.25,104.08,0.0807,20.24,14.1,21.51,75.0,1500.0,15.2,healthy,0.0
healthy_2,1393,1789845329.4093308,4710.3,126.6,736.4,4.3,103.95,0.0852,20.28,14.06,21.22,75.0,1500.0,15.2,healthy,0.0
healthy_2,1394,1789845330.4093308,4708.7,126.4,742.37,4.34,103.8,0.0802,20.27,14.03,21.3,75.0,1500.0,15.2,healthy,0.0
healthy_2,1395,1789845331.4093308,4695.9,126.67,739.27,4.31,103.88,0.0783,20.11,13.96,21.55,75.0,1500.0,15.2,healthy,0.0
healthy_2,1396,1789845332.4093308,4699.7,126.47,736.85,4.21,103.91,0.0748,20.04,13.99,21.06,75.0,1500.0,15.2,healthy,0.0
healthy_2,1397,1789845333.4093308,4689.0,126.92,738.28,4.24,103.98,0.0652,20.18,14.08,21.43,75.0,1500.0,15.2,healthy,0.0
healthy_2,1398,1789845334.4093308,4659.3,127.1,739.55,4.27,103.76,0.0735,20.22,14.08,21.58,75.0,1500.0,15.2,healthy,0.0
healthy_2,1399,1789845335.4093308,4689.2,126.79,733.66,4.36,103.76,0.07,20.12,14.08,21.62,75.0,1500.0,15.2,healthy,0.0
healthy_2,1400,1789845336.4093308,4676.0,126.67,734.32,4.36,103.73,0.0692,20.06,14.04,21.15,75.0,1500.0,15.2,healthy,0.0
healthy_2,1401,1789845337.4093308,4650.4,126.31,732.54,4.31,103.79,0.0628,20.12,14.04,20.76,75.0,1500.0,15.2,healthy,0.0
healthy_2,1402,1789845338.4093308,4663.9,126.1,742.06,4.32,103.73,0.0639,20.28,14.12,21.27,75.0,1500.0,15.2,healthy,0.0
healthy_2,1403,1789845339.4093308,4652.1,126.35,744.22,4.47,103.63,0.0675,20.36,14.25,21.48,75.0,1500.0,15.2,healthy,0.0
healthy_2,1404,1789845340.4093308,4662.1,126.42,752.18,4.48,103.54,0.0756,20.32,14.18,21.34,75.0,1500.0,15.2,healthy,0.0
healthy_2,1405,1789845341.4093308,4679.1,126.22,748.92,4.48,103.58,0.075,20.2,14.21,21.14,75.0,1500.0,15.2,healthy,0.0
healthy_2,1406,1789845342.4093308,4655.4,126.08,741.95,4.47,103.54,0.0822,20.1,14.18,20.82,75.0,1500.0,15.2,healthy,0.0
healthy_2,1407,1789845343.4093308,4669.8,126.67,741.91,4.47,103.46,0.0687,20.2,14.18,21.13,75.0,1500.0,15.2,healthy,0.0
healthy_2,1408,1789845344.4093308,4672.8,126.46,743.27,4.38,103.46,0.073,20.08,14.23,21.3,75.0,1500.0,15.2,healthy,0.0
healthy_2,1409,1789845345.4093308,4703.7,126.25,742.13,4.38,103.62,0.0703,19.98,14.2,21.35,75.0,1500.0,15.2,healthy,0.0
healthy_2,1410,1789845346.4093308,4674.0,126.12,735.82,4.42,103.56,0.0716,20.0,14.32,21.49,75.0,1500.0,15.2,healthy,0.0
healthy_2,1411,1789845347.4093308,4687.1,126.18,738.46,4.34,103.63,0.0625,20.13,14.32,21.49,75.0,1500.0,15.2,healthy,0.0
healthy_2,1412,1789845348.4093308,4700.0,126.43,739.35,4.38,103.63,0.0701,20.13,14.25,21.32,75.0,1500.0,15.2,healthy,0.0
healthy_2,1413,1789845349.4093308,4709.0,126.78,737.86,4.45,103.77,0.0761,20.12,14.26,21.49,75.0,1500.0,15.2,healthy,0.0
healthy_2,1414,1789845350.4093308,4693.8,126.56,736.08,4.41,103.77,0.0793,20.17,14.21,21.19,75.0,1500.0,15.2,healthy,0.0
healthy_2,1415,1789845351.4093308,4685.8,126.42,739.39,4.39,103.83,0.0727,20.26,14.15,21.26,75.0,1500.0,15.2,healthy,0.0
healthy_2,1416,1789845352.4093308,4695.4,126.57,739.63,4.36,103.76,0.0675,20.37,14.17,21.13,75.0,1500.0,15.2,healthy,0.0
healthy_2,1417,1789845353.4093308,4700.2,126.22,740.11,4.4,103.77,0.0721,20.37,14.17,21.28,75.0,1500.0,15.2,healthy,0.0
healthy_2,1418,1789845354.4093308,4684.6,126.44,744.28,4.39,103.92,0.0792,20.41,14.16,21.16,75.0,1500.0,15.2,healthy,0.0
healthy_2,1419,1789845355.4093308,4646.9,126.38,740.79,4.42,103.98,0.0753,20.49,14.16,21.37,75.0,1500.0,15.2,healthy,0.0
healthy_2,1420,1789845356.4093308,4682.4,126.46,738.34,4.43,103.81,0.0729,20.59,14.18,21.29,75.0,1500.0,15.2,healthy,0.0
healthy_2,1421,1789845357.4093308,4671.6,126.35,738.9,4.41,103.7,0.0623,20.34,14.21,21.33,75.0,1500.0,15.2,healthy,0.0
healthy_2,1422,1789845358.4093308,4671.6,126.15,732.91,4.44,103.66,0.069,20.36,14.14,21.29,75.0,1500.0,15.2,healthy,0.0
healthy_2,1423,1789845359.4093308,4669.3,126.23,734.48,4.4,103.77,0.072,20.41,14.19,20.83,75.0,1500.0,15.2,healthy,0.0
healthy_2,1424,1789845360.4093308,4684.2,126.22,734.46,4.4,103.7,0.0724,20.26,14.09,20.78,75.0,1500.0,15.2,healthy,0.0
healthy_2,1425,1789845361.4093308,4693.2,126.2,742.34,4.39,103.85,0.0685,20.3,14.1,20.84,75.0,1500.0,15.2,healthy,0.0
healthy_2,1426,1789845362.4093308,4702.3,126.3,743.25,4.39,103.71,0.0688,20.16,14.11,21.17,75.0,1500.0,15.2,healthy,0.0
healthy_2,1427,1789845363.4093308,4696.8,126.41,750.68,4.25,103.85,0.0724,20.23,14.08,21.19,75.0,1500.0,15.2,healthy,0.0
healthy_2,1428,1789845364.4093308,4728.4,126.81,748.41,4.25,104.04,0.0756,20.31,14.02,21.13,75.0,1500.0,15.2,healthy,0.0
healthy_2,1429,1789845365.4093308,4739.7,126.67,743.95,4.27,103.91,0.0688,20.36,14.03,21.43,75.0,1500.0,15.2,healthy,0.0
healthy_2,1430,1789845366.4093308,4707.2,126.72,741.7,4.31,103.87,0.0723,20.21,14.03,21.22,75.0,1500.0,15.2,healthy,0.0
healthy_2,1431,1789845367.4093308,4711.0,126.5,743.52,4.3,103.9,0.08,20.29,14.03,20.8,75.0,1500.0,15.2,healthy,0.0
healthy_2,1432,1789845368.4093308,4692.3,126.65,742.35,4.27,104.0,0.0768,20.27,14.04,21.11,75.0,1500.0,15.2,healthy,0.0
healthy_2,1433,1789845369.4093308,4669.6,126.64,746.88,4.27,104.08,0.0701,20.18,14.14,20.88,75.0,1500.0,15.2,healthy,0.0
healthy_2,1434,1789845370.4093308,4670.5,126.76,745.11,4.3,104.1,0.0659,20.25,14.11,21.28,75.0,1500.0,15.2,healthy,0.0
healthy_2,1435,1789845371.4093308,4682.4,126.94,749.05,4.3,104.18,0.0721,20.47,14.06,21.46,75.0,1500.0,15.2,healthy,0.0
healthy_2,1436,1789845372.4093308,4709.1,127.04,749.95,4.32,104.11,0.0766,20.41,14.03,21.43,75.0,1500.0,15.2,healthy,0.0
healthy_2,1437,1789845373.4093308,4664.0,126.89,746.86,4.32,103.94,0.0709,20.33,14.12,21.35,75.0,1500.0,15.2,healthy,0.0
healthy_2,1438,1789845374.4093308,4656.0,127.05,745.6,4.3,103.94,0.075,20.25,14.09,21.29,75.0,1500.0,15.2,healthy,0.0
healthy_2,1439,1789845375.4093308,4655.6,126.91,748.36,4.35,103.94,0.0674,20.09,14.14,21.26,75.0,1500.0,15.2,healthy,0.0
healthy_2,1440,1789845376.4093308,4646.4,126.64,744.8,4.38,104.01,0.0748,20.12,14.14,21.2,75.0,1500.0,15.2,healthy,0.0
healthy_2,1441,1789845377.4093308,4639.6,126.83,746.55,4.31,104.14,0.0657,20.24,14.2,21.14,75.0,1500.0,15.2,healthy,0.0
healthy_2,1442,1789845378.4093308,4626.6,126.8,746.79,4.31,104.05,0.0737,20.33,14.14,21.13,75.0,1500.0,15.2,healthy,0.0
healthy_2,1443,1789845379.4093308,4639.5,126.73,746.59,4.32,104.11,0.072,20.4,14.19,21.08,75.0,1500.0,15.2,healthy,0.0
healthy_2,1444,1789845380.4093308,4659.3,126.67,749.39,4.33,104.07,0.0734,20.34,14.18,21.39,75.0,1500.0,15.2,healthy,0.0
healthy_2,1445,1789845381.4093308,4658.8,126.72,740.54,4.34,103.96,0.0807,20.33,14.08,21.09,75.0,1500.0,15.2,healthy,0.0
healthy_2,1446,1789845382.4093308,4685.5,126.56,739.91,4.28,104.01,0.0744,20.25,14.07,21.3,75.0,1500.0,15.2,healthy,0.0
healthy_2,1447,1789845383.4093308,4712.6,126.62,737.24,4.31,104.06,0.0753,20.28,14.09,21.43,75.0,1500.0,15.2,healthy,0.0
healthy_2,1448,1789845384.4093308,4689.4,126.65,734.53,4.32,104.2,0.0681,20.14,14.15,21.53,75.0,1500.0,15.2,healthy,0.0
healthy_2,1449,1789845385.4093308,4682.0,126.32,732.22,4.27,104.15,0.0662,20.24,14.13,21.45,75.0,1500.0,15.2,healthy,0.0
healthy_2,1450,1789845386.4093308,4676.7,126.28,734.58,4.31,104.07,0.0595,20.34,14.24,21.06,75.0,1500.0,15.2,healthy,0.0
healthy_2,1451,1789845387.4093308,4685.5,126.63,732.84,4.26,104.0,0.0596,20.37,14.21,21.25,75.0,1500.0,15.2,healthy,0.0
healthy_2,1452,1789845388.4093308,4696.1,126.46,733.92,4.32,103.99,0.0579,20.41,14.31,21.09,75.0,1500.0,15.2,healthy,0.0
healthy_2,1453,1789845389.4093308,4699.2,126.17,735.85,4.21,104.13,0.0713,20.58,14.25,21.13,75.0,1500.0,15.2,healthy,0.0
healthy_2,1454,1789845390.4093308,4678.8,126.28,735.51,4.26,104.15,0.0733,20.46,14.16,21.38,75.0,1500.0,15.2,healthy,0.0
healthy_2,1455,1789845391.4093308,4691.8,126.04,733.26,4.35,104.17,0.0621,20.47,14.18,21.22,75.0,1500.0,15.2,healthy,0.0
healthy_2,1456,1789845392.4093308,4682.8,126.33,735.54,4.38,104.3,0.0802,20.4,14.16,21.31,75.0,1500.0,15.2,healthy,0.0
healthy_2,1457,1789845393.4093308,4683.1,126.47,732.1,4.29,104.31,0.0786,20.39,14.17,21.42,75.0,1500.0,15.2,healthy,0.0
healthy_2,1458,1789845394.4093308,4710.5,126.0,731.84,4.39,104.21,0.086,20.46,14.18,21.13,75.0,1500.0,15.2,healthy,0.0
healthy_2,1459,1789845395.4093308,4683.8,126.27,735.77,4.27,104.04,0.0825,20.4,14.17,21.03,75.0,1500.0,15.2,healthy,0.0
healthy_2,1460,1789845396.4093308,4650.8,126.38,740.22,4.28,104.04,0.0747,20.32,14.24,21.3,75.0,1500.0,15.2,healthy,0.0
healthy_2,1461,1789845397.4093308,4686.3,126.07,742.14,4.26,104.19,0.0708,20.39,14.23,21.36,75.0,1500.0,15.2,healthy,0.0
healthy_2,1462,1789845398.4093308,4718.0,126.01,741.25,4.22,104.1,0.0554,20.4,14.3,20.88,75.0,1500.0,15.2,healthy,0.0
healthy_2,1463,1789845399.4093308,4726.9,125.94,741.27,4.12,103.99,0.0644,20.45,14.33,21.16,75.0,1500.0,15.2,healthy,0.0
healthy_2,1464,1789845400.4093308,4718.0,126.15,746.16,4.15,104.07,0.0626,20.62,14.33,21.46,75.0,1500.0,15.2,healthy,0.0
healthy_2,1465,1789845401.4093308,4706.5,126.53,746.59,4.29,104.12,0.0593,20.5,14.34,21.31,75.0,1500.0,15.2,healthy,0.0
healthy_2,1466,1789845402.4093308,4708.6,126.82,741.9,4.25,104.23,0.0564,20.6,14.32,21.71,75.0,1500.0,15.2,healthy,0.0
healthy_2,1467,1789845403.4093308,4711.0,126.93,743.13,4.29,104.22,0.0682,20.4,14.22,21.79,75.0,1500.0,15.2,healthy,0.0
healthy_2,1468,1789845404.4093308,4720.8,126.59,747.93,4.2,104.01,0.0649,20.34,14.23,21.15,75.0,1500.0,15.2,healthy,0.0
healthy_2,1469,1789845405.4093308,4734.0,126.72,746.04,4.31,103.94,0.0649,20.34,14.18,21.09,75.0,1500.0,15.2,healthy,0.0
healthy_2,1470,1789845406.4093308,4724.8,126.58,745.09,4.29,103.93,0.0651,20.08,14.14,21.24,75.0,1500.0,15.2,healthy,0.0
healthy_2,1471,1789845407.4093308,4713.4,126.84,748.26,4.25,103.87,0.0769,20.04,14.09,20.87,75.0,1500.0,15.2,healthy,0.0
healthy_2,1472,1789845408.4093308,4714.5,126.98,746.28,4.31,103.96,0.0778,19.92,14.14,20.97,75.0,1500.0,15.2,healthy,0.0
healthy_2,1473,1789845409.4093308,4718.0,126.95,746.17,4.36,103.94,0.0816,20.0,14.08,21.19,75.0,1500.0,15.2,healthy,0.0
healthy_2,1474,1789845410.4093308,4738.4,126.94,744.74,4.32,104.07,0.0803,20.19,14.16,21.24,75.0,1500.0,15.2,healthy,0.0
healthy_2,1475,1789845411.4093308,4733.1,127.2,748.49,4.4,104.08,0.0765,20.29,14.1,21.61,75.0,1500.0,15.2,healthy,0.0
healthy_2,1476,1789845412.4093308,4719.9,127.16,746.82,4.38,104.1,0.0756,20.18,14.21,21.24,75.0,1500.0,15.2,healthy,0.0
healthy_2,1477,1789845413.4093308,4722.4,127.1,742.75,4.43,104.13,0.0727,20.27,14.18,21.05,75.0,1500.0,15.2,healthy,0.0
healthy_2,1478,1789845414.4093308,4710.0,126.99,745.05,4.43,104.02,0.0807,20.06,14.16,21.13,75.0,1500.0,15.2,healthy,0.0
healthy_2,1479,1789845415.4093308,4716.7,126.84,744.53,4.36,103.81,0.0784,20.13,14.19,21.04,75.0,1500.0,15.2,healthy,0.0
healthy_2,1480,1789845416.4093308,4703.9,126.81,745.94,4.43,103.73,0.0853,20.28,14.19,21.22,75.0,1500.0,15.2,healthy,0.0
healthy_2,1481,1789845417.4093308,4706.3,127.07,743.66,4.45,103.76,0.0821,20.2,14.23,21.15,75.0,1500.0,15.2,healthy,0.0
healthy_2,1482,1789845418.4093308,4707.6,127.16,745.29,4.35,103.77,0.0745,20.28,14.22,21.15,75.0,1500.0,15.2,healthy,0.0
healthy_2,1483,1789845419.4093308,4705.5,126.89,738.49,4.35,103.71,0.0781,20.15,14.27,21.23,75.0,1500.0,15.2,healthy,0.0
healthy_2,1484,1789845420.4093308,4688.1,126.93,743.92,4.42,103.72,0.0791,20.13,14.3,20.97,75.0,1500.0,15.2,healthy,0.0
healthy_2,1485,1789845421.4093308,4659.3,126.78,746.5,4.45,103.72,0.0809,20.11,14.3,21.23,75.0,1500.0,15.2,healthy,0.0
healthy_2,1486,1789845422.4093308,4680.7,126.79,746.48,4.43,103.8,0.0668,20.33,14.32,21.5,75.0,1500.0,15.2,healthy,0.0
healthy_2,1487,1789845423.4093308,4677.3,126.95,739.18,4.4,103.95,0.072,20.24,14.24,21.31,75.0,1500.0,15.2,healthy,0.0
healthy_2,1488,1789845424.4093308,4669.6,126.72,742.14,4.43,103.81,0.0643,20.34,14.24,21.19,75.0,1500.0,15.2,healthy,0.0
healthy_2,1489,1789845425.4093308,4700.0,126.39,746.03,4.32,103.86,0.0724,20.37,14.32,21.05,75.0,1500.0,15.2,healthy,0.0
healthy_2,1490,1789845426.4093308,4713.5,126.6,742.78,4.38,103.83,0.0746,20.52,14.4,21.0,75.0,1500.0,15.2,healthy,0.0
healthy_2,1491,1789845427.4093308,4717.4,126.63,737.29,4.39,103.92,0.0745,20.38,14.38,20.71,75.0,1500.0,15.2,healthy,0.0
healthy_2,1492,1789845428.4093308,4718.9,126.74,741.47,4.37,103.71,0.0723,20.3,14.34,21.03,75.0,1500.0,15.2,healthy,0.0
healthy_2,1493,1789845429.4093308,4731.2,126.95,740.54,4.43,103.55,0.0687,20.36,14.33,21.14,75.0,1500.0,15.2,healthy,0.0
healthy_2,1494,1789845430.4093308,4732.6,126.63,746.77,4.34,103.33,0.0663,20.54,14.39,21.29,75.0,1500.0,15.2,healthy,0.0
healthy_2,1495,1789845431.4093308,4722.7,126.41,744.49,4.28,103.32,0.0775,20.25,14.39,21.35,75.0,1500.0,15.2,healthy,0.0
healthy_2,1496,1789845432.4093308,4733.3,126.43,738.04,4.26,103.34,0.0788,20.07,14.33,21.35,75.0,1500.0,15.2,healthy,0.0
healthy_2,1497,1789845433.4093308,4693.2,126.39,737.24,4.31,103.29,0.0812,20.17,14.37,21.33,75.0,1500.0,15.2,healthy,0.0
healthy_2,1498,1789845434.4093308,4715.0,126.34,741.87,4.32,103.32,0.0822,20.17,14.32,21.35,75.0,1500.0,15.2,healthy,0.0
healthy_2,1499,1789845435.4093308,4700.7,126.47,745.37,4.24,103.14,0.0774,20.23,14.32,21.35,75.0,1500.0,15.2,healthy,0.0
healthy_2,1500,1789845436.4093308,4713.6,126.68,736.77,4.32,103.17,0.0798,20.16,14.33,21.14,75.0,1500.0,15.2,healthy,0.0
healthy_2,1501,1789845437.4093308,4728.3,126.68,737.83,4.3,103.17,0.0803,20.2,14.23,21.37,75.0,1500.0,15.2,healthy,0.0
healthy_2,1502,1789845438.4093308,4745.6,126.63,733.85,4.32,103.27,0.0754,20.23,14.28,21.32,75.0,1500.0,15.2,healthy,0.0
healthy_2,1503,1789845439.4093308,4731.4,126.69,737.49,4.39,103.35,0.0696,20.08,14.22,21.2,75.0,1500.0,15.2,healthy,0.0
healthy_2,1504,1789845440.4093308,4726.4,126.72,741.63,4.36,103.43,0.0796,20.2,14.18,21.4,75.0,1500.0,15.2,healthy,0.0
healthy_2,1505,1789845441.4093308,4712.9,126.63,744.0,4.38,103.52,0.0759,20.38,14.2,21.12,75.0,1500.0,15.2,healthy,0.0
healthy_2,1506,1789845442.4093308,4725.6,126.23,746.07,4.37,103.39,0.0718,20.44,14.17,21.05,75.0,1500.0,15.2,healthy,0.0
healthy_2,1507,1789845443.4093308,4753.9,126.63,745.88,4.37,103.42,0.079,20.49,14.24,21.29,75.0,1500.0,15.2,healthy,0.0
healthy_2,1508,1789845444.4093308,4732.6,126.52,744.23,4.3,103.38,0.0668,20.65,14.26,21.45,75.0,1500.0,15.2,healthy,0.0
healthy_2,1509,1789845445.4093308,4743.2,126.56,742.45,4.3,103.39,0.0708,20.52,14.27,21.03,75.0,1500.0,15.2,healthy,0.0
healthy_2,1510,1789845446.4093308,4724.9,126.49,740.93,4.36,103.43,0.0737,20.5,14.26,21.02,75.0,1500.0,15.2,healthy,0.0
healthy_2,1511,1789845447.4093308,4711.7,126.36,739.84,4.35,103.66,0.0705,20.55,14.29,21.08,75.0,1500.0,15.2,healthy,0.0
healthy_2,1512,1789845448.4093308,4716.6,126.25,735.42,4.39,103.47,0.0655,20.38,14.37,21.44,75.0,1500.0,15.2,healthy,0.0
healthy_2,1513,1789845449.4093308,4671.2,125.99,737.12,4.39,103.64,0.0691,20.25,14.4,21.13,75.0,1500.0,15.2,healthy,0.0
healthy_2,1514,1789845450.4093308,4689.6,125.72,739.39,4.39,103.69,0.0643,20.33,14.4,20.95,75.0,1500.0,15.2,healthy,0.0
healthy_2,1515,1789845451.4093308,4680.6,125.98,738.26,4.33,103.71,0.0653,20.32,14.38,20.95,75.0,1500.0,15.2,healthy,0.0
healthy_2,1516,1789845452.4093308,4676.6,126.24,740.56,4.36,103.73,0.0741,20.25,14.35,21.32,75.0,1500.0,15.2,healthy,0.0
healthy_2,1517,1789845453.4093308,4679.4,126.22,744.77,4.29,103.75,0.068,20.13,14.27,21.25,75.0,1500.0,15.2,healthy,0.0
healthy_2,1518,1789845454.4093308,4694.4,126.55,743.16,4.34,103.66,0.0704,20.17,14.33,21.27,75.0,1500.0,15.2,healthy,0.0
healthy_2,1519,1789845455.4093308,4698.4,126.19,744.99,4.36,103.63,0.0702,20.26,14.41,21.13,75.0,1500.0,15.2,healthy,0.0
healthy_2,1520,1789845456.4093308,4700.4,126.13,745.21,4.37,103.62,0.0732,20.18,14.41,21.25,75.0,1500.0,15.2,healthy,0.0
healthy_2,1521,1789845457.4093308,4682.6,126.18,748.19,4.38,103.78,0.0726,20.28,14.3,21.64,75.0,1500.0,15.2,healthy,0.0
healthy_2,1522,1789845458.4093308,4681.8,126.22,745.92,4.38,103.83,0.0714,20.17,14.35,21.44,75.0,1500.0,15.2,healthy,0.0
healthy_2,1523,1789845459.4093308,4689.5,126.02,743.11,4.4,103.83,0.079,20.08,14.33,21.18,75.0,1500.0,15.2,healthy,0.0
healthy_2,1524,1789845460.4093308,4689.6,126.24,740.74,4.24,103.88,0.0739,20.04,14.3,21.3,75.0,1500.0,15.2,healthy,0.0
healthy_2,1525,1789845461.4093308,4690.1,126.5,737.08,4.22,103.92,0.0702,20.11,14.31,21.44,75.0,1500.0,15.2,healthy,0.0
healthy_2,1526,1789845462.4093308,4668.1,126.76,731.84,4.25,104.1,0.0707,20.23,14.43,21.12,75.0,1500.0,15.2,healthy,0.0
healthy_2,1527,1789845463.4093308,4685.4,126.59,741.06,4.27,104.26,0.0707,20.13,14.36,21.42,75.0,1500.0,15.2,healthy,0.0
healthy_2,1528,1789845464.4093308,4659.7,126.55,743.71,4.28,104.46,0.0748,20.07,14.34,21.16,75.0,1500.0,15.2,healthy,0.0
healthy_2,1529,1789845465.4093308,4668.8,126.48,744.13,4.3,104.38,0.069,20.19,14.29,21.0,75.0,1500.0,15.2,healthy,0.0
healthy_2,1530,1789845466.4093308,4641.5,126.42,741.95,4.27,104.34,0.0766,20.22,14.29,20.97,75.0,1500.0,15.2,healthy,0.0
healthy_2,1531,1789845467.4093308,4674.0,126.75,746.16,4.19,104.14,0.0761,20.22,14.24,21.1,75.0,1500.0,15.2,healthy,0.0
healthy_2,1532,1789845468.4093308,4687.1,126.63,744.34,4.29,104.23,0.0795,20.22,14.28,21.29,75.0,1500.0,15.2,healthy,0.0
healthy_2,1533,1789845469.4093308,4696.2,126.49,741.38,4.34,104.11,0.0801,20.08,14.25,21.07,75.0,1500.0,15.2,healthy,0.0
healthy_2,1534,1789845470.4093308,4715.6,126.29,741.03,4.4,104.07,0.0748,20.11,14.2,20.71,75.0,1500.0,15.2,healthy,0.0
healthy_2,1535,1789845471.4093308,4714.7,126.41,742.46,4.36,104.02,0.0757,20.27,14.29,21.1,75.0,1500.0,15.2,healthy,0.0
healthy_2,1536,1789845472.4093308,4709.5,126.28,744.97,4.32,104.07,0.0718,20.35,14.23,21.02,75.0,1500.0,15.2,healthy,0.0
healthy_2,1537,1789845473.4093308,4699.7,126.19,747.02,4.37,104.03,0.0838,20.27,14.23,21.51,75.0,1500.0,15.2,healthy,0.0
healthy_2,1538,1789845474.4093308,4704.9,126.25,745.2,4.36,103.97,0.0826,20.1,14.18,21.35,75.0,1500.0,15.2,healthy,0.0
healthy_2,1539,1789845475.4093308,4680.2,126.38,745.75,4.41,103.98,0.0752,20.12,14.17,21.15,75.0,1500.0,15.2,healthy,0.0
healthy_2,1540,1789845476.4093308,4680.8,126.55,745.23,4.43,103.75,0.076,20.08,14.16,21.43,75.0,1500.0,15.2,healthy,0.0
healthy_2,1541,1789845477.4093308,4700.3,126.41,749.36,4.42,103.92,0.063,20.06,14.14,21.08,75.0,1500.0,15.2,healthy,0.0
healthy_2,1542,1789845478.4093308,4687.9,126.19,745.77,4.39,104.01,0.0645,20.09,14.14,21.33,75.0,1500.0,15.2,healthy,0.0
healthy_2,1543,1789845479.4093308,4712.1,126.31,747.38,4.34,104.07,0.0734,20.15,14.13,21.72,75.0,1500.0,15.2,healthy,0.0
healthy_2,1544,1789845480.4093308,4717.5,126.0,743.64,4.39,103.84,0.0691,20.13,14.13,21.8,75.0,1500.0,15.2,healthy,0.0
healthy_2,1545,1789845481.4093308,4711.2,126.18,742.12,4.36,104.03,0.0731,20.13,14.11,21.5,75.0,1500.0,15.2,healthy,0.0
healthy_2,1546,1789845482.4093308,4718.6,126.33,742.88,4.33,103.9,0.0628,20.15,14.11,21.42,75.0,1500.0,15.2,healthy,0.0
healthy_2,1547,1789845483.4093308,4715.3,126.59,740.76,4.39,103.97,0.0616,20.3,14.1,20.95,75.0,1500.0,15.2,healthy,0.0
healthy_2,1548,1789845484.4093308,4707.5,126.8,744.0,4.36,103.94,0.063,20.5,14.01,20.92,75.0,1500.0,15.2,healthy,0.0
healthy_2,1549,1789845485.4093308,4723.8,126.71,744.53,4.37,103.96,0.0704,20.28,14.06,21.38,75.0,1500.0,15.2,healthy,0.0
healthy_2,1550,1789845486.4093308,4741.7,126.57,743.79,4.32,104.04,0.0693,20.22,14.11,20.96,75.0,1500.0,15.2,healthy,0.0
healthy_2,1551,1789845487.4093308,4717.1,126.25,738.31,4.32,104.11,0.0664,20.18,14.12,21.12,75.0,1500.0,15.2,healthy,0.0
healthy_2,1552,1789845488.4093308,4724.1,126.44,742.39,4.27,104.29,0.0695,20.2,14.22,20.94,75.0,1500.0,15.2,healthy,0.0
healthy_2,1553,1789845489.4093308,4713.6,126.22,740.85,4.26,104.27,0.0686,20.32,14.24,20.96,75.0,1500.0,15.2,healthy,0.0
healthy_2,1554,1789845490.4093308,4716.9,126.27,741.91,4.27,104.17,0.0634,20.24,14.17,20.93,75.0,1500.0,15.2,healthy,0.0
healthy_2,1555,1789845491.4093308,4728.7,125.68,739.58,4.28,104.3,0.0688,20.2,14.19,20.85,75.0,1500.0,15.2,healthy,0.0
healthy_2,1556,1789845492.4093308,4728.4,125.7,737.31,4.29,104.2,0.0631,20.05,14.12,21.28,75.0,1500.0,15.2,healthy,0.0
healthy_2,1557,1789845493.4093308,4735.8,125.42,740.12,4.33,104.11,0.0666,20.0,14.2,21.32,75.0,1500.0,15.2,healthy,0.0
healthy_2,1558,1789845494.4093308,4721.0,125.27,738.21,4.3,104.14,0.0718,20.07,14.27,21.32,75.0,1500.0,15.2,healthy,0.0
healthy_2,1559,1789845495.4093308,4711.9,125.18,738.76,4.24,104.11,0.0684,20.16,14.29,21.49,75.0,1500.0,15.2,healthy,0.0
healthy_2,1560,1789845496.4093308,4690.9,125.28,741.47,4.25,104.15,0.0699,20.23,14.27,21.31,75.0,1500.0,15.2,healthy,0.0
healthy_2,1561,1789845497.4093308,4706.7,125.42,741.26,4.24,104.13,0.0706,20.18,14.24,21.33,75.0,1500.0,15.2,healthy,0.0
healthy_2,1562,1789845498.4093308,4722.0,125.63,739.78,4.21,104.21,0.0712,20.38,14.14,21.24,75.0,1500.0,15.2,healthy,0.0
healthy_2,1563,1789845499.4093308,4699.7,125.66,739.15,4.26,104.12,0.0687,20.44,14.17,21.58,75.0,1500.0,15.2,healthy,0.0
healthy_2,1564,1789845500.4093308,4715.5,125.75,740.46,4.31,104.08,0.076,20.4,14.14,21.02,75.0,1500.0,15.2,healthy,0.0
healthy_2,1565,1789845501.4093308,4696.8,125.77,740.51,4.26,104.24,0.0809,20.41,14.17,20.9,75.0,1500.0,15.2,healthy,0.0
healthy_2,1566,1789845502.4093308,4652.4,126.2,736.48,4.27,104.16,0.0814,20.31,14.19,21.16,75.0,1500.0,15.2,healthy,0.0
healthy_2,1567,1789845503.4093308,4641.4,126.39,736.84,4.29,104.43,0.0796,20.39,14.2,21.47,75.0,1500.0,15.2,healthy,0.0
healthy_2,1568,1789845504.4093308,4650.5,126.62,744.14,4.34,104.49,0.0694,20.43,14.21,21.19,75.0,1500.0,15.2,healthy,0.0
healthy_2,1569,1789845505.4093308,4658.3,126.48,746.67,4.38,104.31,0.0712,20.42,14.24,21.11,75.0,1500.0,15.2,healthy,0.0
healthy_2,1570,1789845506.4093308,4701.5,126.69,746.68,4.4,104.47,0.0737,20.37,14.22,21.06,75.0,1500.0,15.2,healthy,0.0
healthy_2,1571,1789845507.4093308,4715.1,126.12,748.29,4.39,104.55,0.0655,20.31,14.19,21.43,75.0,1500.0,15.2,healthy,0.0
healthy_2,1572,1789845508.4093308,4719.5,126.21,746.76,4.4,104.5,0.0751,20.33,14.27,21.25,75.0,1500.0,15.2,healthy,0.0
healthy_2,1573,1789845509.4093308,4716.5,126.27,746.99,4.31,104.5,0.0628,20.18,14.22,21.31,75.0,1500.0,15.2,healthy,0.0
healthy_2,1574,1789845510.4093308,4716.8,126.66,742.77,4.28,104.54,0.062,20.05,14.22,21.23,75.0,1500.0,15.2,healthy,0.0
healthy_2,1575,1789845511.4093308,4721.2,126.64,742.5,4.32,104.57,0.0517,20.2,14.27,21.21,75.0,1500.0,15.2,healthy,0.0
healthy_2,1576,1789845512.4093308,4724.8,126.39,744.73,4.4,104.47,0.0578,20.25,14.35,21.26,75.0,1500.0,15.2,healthy,0.0
healthy_2,1577,1789845513.4093308,4703.8,126.42,747.17,4.33,104.38,0.0548,20.34,14.22,21.2,75.0,1500.0,15.2,healthy,0.0
healthy_2,1578,1789845514.4093308,4697.2,126.79,741.9,4.34,104.44,0.0572,20.36,14.29,20.86,75.0,1500.0,15.2,healthy,0.0
healthy_2,1579,1789845515.4093308,4693.7,126.79,746.28,4.31,104.48,0.0546,20.29,14.23,21.14,75.0,1500.0,15.2,healthy,0.0
healthy_2,1580,1789845516.4093308,4675.4,126.68,740.51,4.3,104.55,0.0601,20.3,14.2,20.97,75.0,1500.0,15.2,healthy,0.0
healthy_2,1581,1789845517.4093308,4683.1,126.9,734.86,4.32,104.47,0.0623,20.12,14.1,20.95,75.0,1500.0,15.2,healthy,0.0
healthy_2,1582,1789845518.4093308,4706.7,126.99,736.84,4.33,104.6,0.0697,20.22,14.08,21.54,75.0,1500.0,15.2,healthy,0.0
healthy_2,1583,1789845519.4093308,4689.2,126.73,742.19,4.3,104.59,0.0789,20.21,14.2,21.29,75.0,1500.0,15.2,healthy,0.0
healthy_2,1584,1789845520.4093308,4666.0,126.58,740.05,4.23,104.51,0.0776,20.37,14.17,21.22,75.0,1500.0,15.2,healthy,0.0
healthy_2,1585,1789845521.4093308,4658.3,126.4,743.8,4.25,104.48,0.0757,20.3,14.21,21.11,75.0,1500.0,15.2,healthy,0.0
healthy_2,1586,1789845522.4093308,4683.8,126.42,741.42,4.32,104.5,0.0713,20.23,14.3,21.15,75.0,1500.0,15.2,healthy,0.0
healthy_2,1587,1789845523.4093308,4695.8,126.56,741.82,4.23,104.5,0.0757,20.38,14.33,21.56,75.0,1500.0,15.2,healthy,0.0
healthy_2,1588,1789845524.4093308,4685.5,126.45,742.44,4.22,104.62,0.0616,20.42,14.34,21.71,75.0,1500.0,15.2,healthy,0.0
healthy_2,1589,1789845525.4093308,4708.7,126.2,740.88,4.3,104.61,0.0721,20.55,14.34,21.14,75.0,1500.0,15.2,healthy,0.0
healthy_2,1590,1789845526.4093308,4688.1,126.47,741.06,4.35,104.6,0.0723,20.34,14.24,21.21,75.0,1500.0,15.2,healthy,0.0
healthy_2,1591,1789845527.4093308,4720.0,126.46,736.44,4.42,104.79,0.0753,20.4,14.2,20.85,75.0,1500.0,15.2,healthy,0.0
healthy_2,1592,1789845528.4093308,4728.9,126.23,738.75,4.34,104.59,0.0676,20.26,14.18,21.33,75.0,1500.0,15.2,healthy,0.0
healthy_2,1593,1789845529.4093308,4722.8,126.11,742.59,4.37,104.42,0.0676,20.48,14.17,21.0,75.0,1500.0,15.2,healthy,0.0
healthy_2,1594,1789845530.4093308,4698.6,126.08,741.49,4.32,104.48,0.0745,20.39,14.09,20.86,75.0,1500.0,15.2,healthy,0.0
healthy_2,1595,1789845531.4093308,4691.7,126.31,739.01,4.31,104.35,0.0743,20.29,14.01,20.83,75.0,1500.0,15.2,healthy,0.0
healthy_2,1596,1789845532.4093308,4695.2,126.16,742.33,4.22,104.25,0.0776,20.45,14.04,20.91,75.0,1500.0,15.2,healthy,0.0
healthy_2,1597,1789845533.4093308,4695.1,126.28,740.77,4.13,104.26,0.0698,20.51,13.96,21.2,75.0,1500.0,15.2,healthy,0.0
healthy_2,1598,1789845534.4093308,4690.3,125.91,737.89,4.2,104.09,0.0743,20.37,13.98,21.1,75.0,1500.0,15.2,healthy,0.0
healthy_2,1599,1789845535.4093308,4685.2,125.84,736.19,4.2,104.14,0.0737,20.34,14.02,21.18,75.0,1500.0,15.2,healthy,0.0
healthy_2,1600,1789845536.4093308,4687.1,125.79,734.84,4.31,104.15,0.0715,20.47,14.04,21.04,75.0,1500.0,15.2,healthy,0.0
healthy_2,1601,1789845537.4093308,4690.3,125.83,737.95,4.35,104.05,0.0763,20.44,14.05,21.17,75.0,1500.0,15.2,healthy,0.0
healthy_2,1602,1789845538.4093308,4701.7,126.09,731.63,4.42,104.03,0.0819,20.5,14.02,21.15,75.0,1500.0,15.2,healthy,0.0
healthy_2,1603,1789845539.4093308,4690.5,126.34,733.35,4.36,103.84,0.069,20.41,14.0,21.43,75.0,1500.0,15.2,healthy,0.0
healthy_2,1604,1789845540.4093308,4692.7,126.28,739.9,4.4,103.73,0.0711,20.54,14.0,21.27,75.0,1500.0,15.2,healthy,0.0
healthy_2,1605,1789845541.4093308,4676.4,126.4,737.39,4.46,103.77,0.0664,20.46,14.0,21.36,75.0,1500.0,15.2,healthy,0.0
healthy_2,1606,1789845542.4093308,4710.4,126.57,738.64,4.45,103.91,0.0711,20.57,13.96,21.04,75.0,1500.0,15.2,healthy,0.0
healthy_2,1607,1789845543.4093308,4703.4,126.65,736.63,4.38,103.83,0.068,20.51,14.09,21.3,75.0,1500.0,15.2,healthy,0.0
healthy_2,1608,1789845544.4093308,4694.8,126.62,731.97,4.36,103.81,0.0668,20.42,14.08,21.19,75.0,1500.0,15.2,healthy,0.0
healthy_2,1609,1789845545.4093308,4711.3,126.59,739.1,4.41,103.89,0.0746,20.38,14.09,21.34,75.0,1500.0,15.2,healthy,0.0
healthy_2,1610,1789845546.4093308,4725.1,126.31,732.9,4.37,103.85,0.0692,20.41,14.12,21.25,75.0,1500.0,15.2,healthy,0.0
healthy_2,1611,1789845547.4093308,4735.7,125.96,729.91,4.4,103.75,0.0628,20.4,14.17,21.46,75.0,1500.0,15.2,healthy,0.0
healthy_2,1612,1789845548.4093308,4717.2,125.8,727.16,4.33,103.89,0.0653,20.42,14.13,21.53,75.0,1500.0,15.2,healthy,0.0
healthy_2,1613,1789845549.4093308,4720.1,126.0,725.51,4.32,104.03,0.0717,20.4,14.12,20.99,75.0,1500.0,15.2,healthy,0.0
healthy_2,1614,1789845550.4093308,4715.0,126.38,726.32,4.21,104.09,0.0748,20.5,14.13,20.84,75.0,1500.0,15.2,healthy,0.0
healthy_2,1615,1789845551.4093308,4743.6,126.33,725.71,4.18,104.24,0.0649,20.42,14.19,20.85,75.0,1500.0,15.2,healthy,0.0
healthy_2,1616,1789845552.4093308,4721.7,126.18,733.83,4.22,104.03,0.0748,20.26,14.2,20.95,75.0,1500.0,15.2,healthy,0.0
healthy_2,1617,1789845553.4093308,4712.1,126.39,737.44,4.34,103.99,0.0718,20.07,14.17,20.79,75.0,1500.0,15.2,healthy,0.0
healthy_2,1618,1789845554.4093308,4678.5,126.45,739.56,4.44,103.79,0.0731,20.01,14.19,20.93,75.0,1500.0,15.2,healthy,0.0
healthy_2,1619,1789845555.4093308,4687.3,126.46,739.03,4.44,103.78,0.0763,20.05,14.2,21.01,75.0,1500.0,15.2,healthy,0.0
healthy_2,1620,1789845556.4093308,4690.1,126.59,740.5,4.43,103.69,0.0744,19.97,14.21,21.18,75.0,1500.0,15.2,healthy,0.0
healthy_2,1621,1789845557.4093308,4701.0,126.58,743.4,4.39,103.67,0.0799,19.97,14.19,21.05,75.0,1500.0,15.2,healthy,0.0
healthy_2,1622,1789845558.4093308,4705.5,126.71,743.41,4.27,103.72,0.0748,20.09,14.17,21.09,75.0,1500.0,15.2,healthy,0.0
healthy_2,1623,1789845559.4093308,4669.0,126.72,743.46,4.35,103.6,0.0774,20.18,14.2,21.09,75.0,1500.0,15.2,healthy,0.0
healthy_2,1624,1789845560.4093308,4690.4,126.5,743.31,4.35,103.65,0.0767,20.1,14.19,21.39,75.0,1500.0,15.2,healthy,0.0
healthy_2,1625,1789845561.4093308,4720.8,126.06,743.72,4.3,103.66,0.0733,20.04,14.2,20.82,75.0,1500.0,15.2,healthy,0.0
healthy_2,1626,1789845562.4093308,4708.3,126.14,739.87,4.3,103.69,0.0649,20.11,14.23,20.93,75.0,1500.0,15.2,healthy,0.0
healthy_2,1627,1789845563.4093308,4709.5,126.4,743.29,4.35,103.63,0.0695,20.3,14.16,21.21,75.0,1500.0,15.2,healthy,0.0
healthy_2,1628,1789845564.4093308,4722.4,126.01,743.82,4.39,103.64,0.0735,20.19,14.16,21.13,75.0,1500.0,15.2,healthy,0.0
healthy_2,1629,1789845565.4093308,4731.2,125.63,743.47,4.42,103.68,0.0794,20.3,14.23,21.52,75.0,1500.0,15.2,healthy,0.0
healthy_2,1630,1789845566.4093308,4703.3,126.22,745.41,4.4,103.74,0.0773,20.33,14.2,21.16,75.0,1500.0,15.2,healthy,0.0
healthy_2,1631,1789845567.4093308,4700.3,125.94,742.44,4.42,103.83,0.0792,20.18,14.2,21.08,75.0,1500.0,15.2,healthy,0.0
healthy_2,1632,1789845568.4093308,4704.6,126.17,740.79,4.44,104.02,0.0773,20.27,14.19,21.18,75.0,1500.0,15.2,healthy,0.0
healthy_2,1633,1789845569.4093308,4714.8,125.97,744.51,4.46,103.79,0.0736,20.39,14.22,21.41,75.0,1500.0,15.2,healthy,0.0
healthy_2,1634,1789845570.4093308,4695.8,126.09,747.37,4.39,103.81,0.0763,20.47,14.24,21.87,75.0,1500.0,15.2,healthy,0.0
healthy_2,1635,1789845571.4093308,4700.6,126.27,748.96,4.44,103.74,0.0766,20.6,14.25,21.74,75.0,1500.0,15.2,healthy,0.0
healthy_2,1636,1789845572.4093308,4710.2,126.36,745.24,4.4,103.83,0.0739,20.42,14.26,21.4,75.0,1500.0,15.2,healthy,0.0
healthy_2,1637,1789845573.4093308,4698.1,126.38,744.29,4.49,103.89,0.0661,20.29,14.18,21.18,75.0,1500.0,15.2,healthy,0.0
healthy_2,1638,1789845574.4093308,4701.0,126.05,740.97,4.49,103.91,0.0635,20.21,14.21,21.65,75.0,1500.0,15.2,healthy,0.0
healthy_2,1639,1789845575.4093308,4702.7,125.96,736.4,4.43,103.76,0.0691,20.19,14.17,21.77,75.0,1500.0,15.2,healthy,0.0
healthy_2,1640,1789845576.4093308,4706.2,125.99,737.18,4.38,103.67,0.0793,20.24,14.1,21.43,75.0,1500.0,15.2,healthy,0.0
healthy_2,1641,1789845577.4093308,4706.5,125.73,742.14,4.33,103.8,0.0689,20.32,14.09,21.22,75.0,1500.0,15.2,healthy,0.0
healthy_2,1642,1789845578.4093308,4696.4,125.73,744.65,4.33,103.84,0.0693,20.35,14.04,21.27,75.0,1500.0,15.2,healthy,0.0
healthy_2,1643,1789845579.4093308,4680.9,125.65,745.3,4.38,103.68,0.0628,20.31,14.07,21.24,75.0,1500.0,15.2,healthy,0.0
healthy_2,1644,1789845580.4093308,4698.7,125.7,746.89,4.35,103.54,0.0681,20.37,14.11,21.11,75.0,1500.0,15.2,healthy,0.0
healthy_2,1645,1789845581.4093308,4699.6,125.76,743.05,4.36,103.53,0.07,20.24,14.13,21.13,75.0,1500.0,15.2,healthy,0.0
healthy_2,1646,1789845582.4093308,4693.8,125.8,742.31,4.37,103.6,0.0707,20.21,14.23,21.23,75.0,1500.0,15.2,healthy,0.0
healthy_2,1647,1789845583.4093308,4701.8,125.9,739.37,4.44,103.67,0.0696,20.26,14.24,21.42,75.0,1500.0,15.2,healthy,0.0
healthy_2,1648,1789845584.4093308,4663.2,126.06,736.67,4.44,103.61,0.0753,20.19,14.27,21.45,75.0,1500.0,15.2,healthy,0.0
healthy_2,1649,1789845585.4093308,4657.3,126.34,741.15,4.52,103.68,0.079,20.33,14.35,21.47,75.0,1500.0,15.2,healthy,0.0
healthy_2,1650,1789845586.4093308,4666.2,126.82,743.13,4.5,103.69,0.0713,20.29,14.33,21.39,75.0,1500.0,15.2,healthy,0.0
healthy_2,1651,1789845587.4093308,4661.6,126.78,746.11,4.45,103.54,0.0769,20.2,14.33,21.44,75.0,1500.0,15.2,healthy,0.0
healthy_2,1652,1789845588.4093308,4635.3,127.06,748.96,4.46,103.51,0.072,20.21,14.34,21.41,75.0,1500.0,15.2,healthy,0.0
healthy_2,1653,1789845589.4093308,4625.2,127.16,741.1,4.39,103.49,0.0726,20.05,14.31,21.32,75.0,1500.0,15.2,healthy,0.0
healthy_2,1654,1789845590.4093308,4641.3,127.01,737.24,4.34,103.64,0.0644,20.25,14.3,21.21,75.0,1500.0,15.2,healthy,0.0
healthy_2,1655,1789845591.4093308,4661.0,127.55,734.28,4.32,103.72,0.0554,20.19,14.23,21.38,75.0,1500.0,15.2,healthy,0.0
healthy_2,1656,1789845592.4093308,4668.0,127.16,740.4,4.33,103.65,0.0614,20.4,14.23,21.29,75.0,1500.0,15.2,healthy,0.0
healthy_2,1657,1789845593.4093308,4672.7,127.17,737.7,4.36,103.64,0.0702,20.38,14.15,21.2,75.0,1500.0,15.2,healthy,0.0
healthy_2,1658,1789845594.4093308,4667.4,126.84,741.69,4.28,103.62,0.077,20.42,14.03,21.25,75.0,1500.0,15.2,healthy,0.0
healthy_2,1659,1789845595.4093308,4686.1,126.9,741.56,4.29,103.48,0.0782,20.4,14.11,21.37,75.0,1500.0,15.2,healthy,0.0
healthy_2,1660,1789845596.4093308,4686.0,126.66,743.35,4.33,103.59,0.0764,20.42,14.03,21.37,75.0,1500.0,15.2,healthy,0.0
healthy_2,1661,1789845597.4093308,4709.5,126.5,740.75,4.34,103.74,0.0794,20.43,14.03,21.2,75.0,1500.0,15.2,healthy,0.0
healthy_2,1662,1789845598.4093308,4745.0,126.29,744.38,4.31,103.82,0.0902,20.32,14.12,21.22,75.0,1500.0,15.2,healthy,0.0
healthy_2,1663,1789845599.4093308,4742.2,126.42,741.21,4.33,103.97,0.0775,20.17,14.08,21.08,75.0,1500.0,15.2,healthy,0.0
healthy_2,1664,1789845600.4093308,4756.8,126.0,742.35,4.33,103.75,0.0737,20.17,14.14,21.21,75.0,1500.0,15.2,healthy,0.0
healthy_2,1665,1789845601.4093308,4737.3,126.1,741.63,4.32,103.86,0.0756,20.03,14.2,21.17,75.0,1500.0,15.2,healthy,0.0
healthy_2,1666,1789845602.4093308,4736.5,126.21,737.71,4.35,104.04,0.0726,20.03,14.21,20.97,75.0,1500.0,15.2,healthy,0.0
healthy_2,1667,1789845603.4093308,4742.0,126.2,739.56,4.38,103.95,0.0675,19.94,14.16,21.2,75.0,1500.0,15.2,healthy,0.0
healthy_2,1668,1789845604.4093308,4718.1,126.31,740.07,4.36,103.95,0.0599,19.95,14.16,21.3,75.0,1500.0,15.2,healthy,0.0
healthy_2,1669,1789845605.4093308,4718.9,126.17,738.38,4.37,104.01,0.062,20.08,14.14,21.47,75.0,1500.0,15.2,healthy,0.0
healthy_2,1670,1789845606.4093308,4718.1,126.0,735.48,4.34,104.14,0.0683,20.3,14.21,21.27,75.0,1500.0,15.2,healthy,0.0
healthy_2,1671,1789845607.4093308,4719.9,126.06,737.72,4.27,104.06,0.0725,20.41,14.15,21.14,75.0,1500.0,15.2,healthy,0.0
healthy_2,1672,1789845608.4093308,4723.1,126.41,735.1,4.21,104.09,0.0684,20.32,14.13,21.26,75.0,1500.0,15.2,healthy,0.0
healthy_2,1673,1789845609.4093308,4722.5,126.23,732.95,4.3,103.95,0.0747,20.57,14.2,21.12,75.0,1500.0,15.2,healthy,0.0
healthy_2,1674,1789845610.4093308,4723.9,126.12,735.55,4.29,103.87,0.075,20.46,14.13,20.92,75.0,1500.0,15.2,healthy,0.0
healthy_2,1675,1789845611.4093308,4720.8,126.15,739.12,4.28,103.83,0.0679,20.45,14.12,20.92,75.0,1500.0,15.2,healthy,0.0
healthy_2,1676,1789845612.4093308,4697.1,126.03,737.28,4.24,103.82,0.074,20.22,14.18,21.19,75.0,1500.0,15.2,healthy,0.0
healthy_2,1677,1789845613.4093308,4687.5,125.66,739.18,4.3,103.94,0.0825,20.32,14.22,21.06,75.0,1500.0,15.2,healthy,0.0
healthy_2,1678,1789845614.4093308,4696.8,125.73,741.1,4.27,104.02,0.0853,20.25,14.23,21.07,75.0,1500.0,15.2,healthy,0.0
healthy_2,1679,1789845615.4093308,4702.0,125.82,738.67,4.29,104.14,0.0769,20.33,14.27,21.36,75.0,1500.0,15.2,healthy,0.0
healthy_2,1680,1789845616.4093308,4693.1,125.89,741.17,4.29,104.07,0.0742,20.24,14.24,21.52,75.0,1500.0,15.2,healthy,0.0
healthy_2,1681,1789845617.4093308,4710.7,125.69,742.77,4.35,104.22,0.0717,20.22,14.27,21.41,75.0,1500.0,15.2,healthy,0.0
healthy_2,1682,1789845618.4093308,4679.1,125.4,738.63,4.4,104.28,0.0815,20.02,14.31,21.27,75.0,1500.0,15.2,healthy,0.0
healthy_2,1683,1789845619.4093308,4684.1,125.44,741.02,4.4,104.23,0.0873,20.05,14.32,21.06,75.0,1500.0,15.2,healthy,0.0
healthy_2,1684,1789845620.4093308,4659.6,125.78,741.06,4.34,104.34,0.0901,20.09,14.34,21.15,75.0,1500.0,15.2,healthy,0.0
healthy_2,1685,1789845621.4093308,4656.0,125.78,739.42,4.32,104.28,0.0861,20.21,14.33,20.93,75.0,1500.0,15.2,healthy,0.0
healthy_2,1686,1789845622.4093308,4665.7,125.87,738.74,4.35,104.32,0.0877,20.17,14.37,21.34,75.0,1500.0,15.2,healthy,0.0
healthy_2,1687,1789845623.4093308,4684.8,125.9,740.96,4.26,104.29,0.0772,20.02,14.26,21.4,75.0,1500.0,15.2,healthy,0.0
healthy_2,1688,1789845624.4093308,4671.9,125.83,747.13,4.25,104.23,0.0724,20.0,14.34,21.1,75.0,1500.0,15.2,healthy,0.0
healthy_2,1689,1789845625.4093308,4692.3,125.59,746.2,4.36,104.26,0.0675,20.04,14.27,20.83,75.0,1500.0,15.2,healthy,0.0
healthy_2,1690,1789845626.4093308,4722.5,125.9,746.45,4.36,104.12,0.0653,20.2,14.3,21.04,75.0,1500.0,15.2,healthy,0.0
healthy_2,1691,1789845627.4093308,4740.1,126.01,746.66,4.34,104.14,0.0754,20.09,14.25,20.77,75.0,1500.0,15.2,healthy,0.0
healthy_2,1692,1789845628.4093308,4729.7,126.2,748.22,4.32,104.27,0.0625,20.2,14.26,20.69,75.0,1500.0,15.2,healthy,0.0
healthy_2,1693,1789845629.4093308,4721.3,125.91,744.77,4.32,104.33,0.0618,20.06,14.25,21.12,75.0,1500.0,15.2,healthy,0.0
healthy_2,1694,1789845630.4093308,4750.8,125.85,739.99,4.31,104.3,0.067,20.22,14.16,21.56,75.0,1500.0,15.2,healthy,0.0
healthy_2,1695,1789845631.4093308,4771.5,125.96,744.16,4.26,104.35,0.0756,20.2,14.06,21.28,75.0,1500.0,15.2,healthy,0.0
healthy_2,1696,1789845632.4093308,4792.1,126.2,736.69,4.34,104.24,0.0776,20.26,14.07,21.4,75.0,1500.0,15.2,healthy,0.0
healthy_2,1697,1789845633.4093308,4743.6,126.4,737.38,4.29,104.1,0.082,20.15,14.08,21.15,75.0,1500.0,15.2,healthy,0.0
healthy_2,1698,1789845634.4093308,4725.7,126.44,746.13,4.32,104.0,0.0756,20.15,14.1,21.05,75.0,1500.0,15.2,healthy,0.0
healthy_2,1699,1789845635.4093308,4704.8,126.31,746.26,4.32,104.02,0.0737,20.28,14.0,21.24,75.0,1500.0,15.2,healthy,0.0
healthy_2,1700,1789845636.4093308,4681.3,126.18,746.95,4.36,104.0,0.0687,20.26,13.94,21.06,75.0,1500.0,15.2,healthy,0.0
healthy_2,1701,1789845637.4093308,4720.1,126.23,745.45,4.38,104.16,0.0676,20.19,14.01,21.08,75.0,1500.0,15.2,healthy,0.0
healthy_2,1702,1789845638.4093308,4720.9,126.07,743.34,4.39,104.19,0.0714,20.28,13.95,21.34,75.0,1500.0,15.2,healthy,0.0
healthy_2,1703,1789845639.4093308,4719.8,126.05,742.75,4.38,104.17,0.0739,20.19,13.98,21.09,75.0,1500.0,15.2,healthy,0.0
healthy_2,1704,1789845640.4093308,4722.1,125.85,743.51,4.39,104.27,0.0801,20.37,13.98,20.85,75.0,1500.0,15.2,healthy,0.0
healthy_2,1705,1789845641.4093308,4744.3,125.71,748.12,4.43,104.47,0.0726,20.26,13.98,21.05,75.0,1500.0,15.2,healthy,0.0
healthy_2,1706,1789845642.4093308,4733.4,125.82,747.79,4.39,104.54,0.0819,20.44,14.02,21.31,75.0,1500.0,15.2,healthy,0.0
healthy_2,1707,1789845643.4093308,4713.2,125.73,752.6,4.34,104.44,0.0713,20.36,14.05,21.46,75.0,1500.0,15.2,healthy,0.0
healthy_2,1708,1789845644.4093308,4721.1,125.62,749.74,4.37,104.26,0.0717,20.31,14.05,21.27,75.0,1500.0,15.2,healthy,0.0
healthy_2,1709,1789845645.4093308,4702.8,125.72,747.98,4.37,104.07,0.0721,20.46,14.04,21.3,75.0,1500.0,15.2,healthy,0.0
healthy_2,1710,1789845646.4093308,4707.3,125.97,754.01,4.4,103.96,0.0777,20.35,14.03,21.24,75.0,1500.0,15.2,healthy,0.0
healthy_2,1711,1789845647.4093308,4700.1,126.04,756.63,4.33,104.04,0.0722,20.24,14.03,21.11,75.0,1500.0,15.2,healthy,0.0
healthy_2,1712,1789845648.4093308,4698.6,125.76,749.74,4.36,104.16,0.0666,20.26,14.03,21.4,75.0,1500.0,15.2,healthy,0.0
healthy_2,1713,1789845649.4093308,4681.1,125.61,747.38,4.31,104.15,0.0634,20.21,14.1,21.23,75.0,1500.0,15.2,healthy,0.0
healthy_2,1714,1789845650.4093308,4663.7,125.43,745.4,4.24,104.03,0.0678,20.07,14.07,21.44,75.0,1500.0,15.2,healthy,0.0
healthy_2,1715,1789845651.4093308,4647.2,125.26,749.52,4.26,104.05,0.0749,20.22,14.09,21.63,75.0,1500.0,15.2,healthy,0.0
healthy_2,1716,1789845652.4093308,4623.7,125.13,745.6,4.24,104.05,0.0762,20.27,14.19,21.18,75.0,1500.0,15.2,healthy,0.0
healthy_2,1717,1789845653.4093308,4659.5,125.54,750.05,4.27,103.89,0.0795,20.23,14.1,21.38,75.0,1500.0,15.2,healthy,0.0
healthy_2,1718,1789845654.4093308,4648.0,125.61,748.85,4.21,103.84,0.0755,20.13,14.13,21.14,75.0,1500.0,15.2,healthy,0.0
healthy_2,1719,1789845655.4093308,4624.5,125.77,747.57,4.21,103.85,0.0726,20.03,14.07,21.09,75.0,1500.0,15.2,healthy,0.0
healthy_2,1720,1789845656.4093308,4646.8,125.71,746.1,4.28,104.01,0.0695,20.24,14.08,21.06,75.0,1500.0,15.2,healthy,0.0
healthy_2,1721,1789845657.4093308,4662.1,125.82,746.62,4.32,104.14,0.07,20.16,14.11,21.02,75.0,1500.0,15.2,healthy,0.0
healthy_2,1722,1789845658.4093308,4700.1,125.69,743.57,4.27,104.09,0.0796,20.04,14.11,21.0,75.0,1500.0,15.2,healthy,0.0
healthy_2,1723,1789845659.4093308,4686.2,125.57,738.27,4.32,104.07,0.0681,20.22,14.08,20.94,75.0,1500.0,15.2,healthy,0.0
healthy_2,1724,1789845660.4093308,4662.2,125.48,736.31,4.38,104.24,0.0777,20.34,14.03,21.11,75.0,1500.0,15.2,healthy,0.0
healthy_2,1725,1789845661.4093308,4654.1,125.58,732.27,4.32,104.27,0.0744,20.24,14.15,21.4,75.0,1500.0,15.2,healthy,0.0
healthy_2,1726,1789845662.4093308,4647.6,125.68,732.13,4.31,104.31,0.069,20.24,14.18,21.16,75.0,1500.0,15.2,healthy,0.0
healthy_2,1727,1789845663.4093308,4682.6,125.34,735.13,4.32,104.35,0.0746,20.27,14.2,21.14,75.0,1500.0,15.2,healthy,0.0
healthy_2,1728,1789845664.4093308,4671.3,125.54,736.09,4.29,104.3,0.0704,20.2,14.13,20.91,75.0,1500.0,15.2,healthy,0.0
healthy_2,1729,1789845665.4093308,4681.7,125.68,735.63,4.37,104.34,0.0654,20.21,14.06,21.59,75.0,1500.0,15.2,healthy,0.0
healthy_2,1730,1789845666.4093308,4707.8,125.93,736.33,4.36,104.36,0.069,20.27,14.15,21.57,75.0,1500.0,15.2,healthy,0.0
healthy_2,1731,1789845667.4093308,4675.8,126.03,736.09,4.34,104.23,0.0711,19.98,14.08,21.25,75.0,1500.0,15.2,healthy,0.0
healthy_2,1732,1789845668.4093308,4663.9,126.2,733.97,4.36,104.29,0.0695,20.1,14.01,21.17,75.0,1500.0,15.2,healthy,0.0
healthy_2,1733,1789845669.4093308,4658.7,125.85,731.35,4.36,104.11,0.0695,20.17,14.03,21.18,75.0,1500.0,15.2,healthy,0.0
healthy_2,1734,1789845670.4093308,4653.7,126.07,730.36,4.43,104.11,0.0786,20.1,13.99,21.25,75.0,1500.0,15.2,healthy,0.0
healthy_2,1735,1789845671.4093308,4671.1,126.41,729.85,4.42,104.02,0.0687,20.01,13.99,20.96,75.0,1500.0,15.2,healthy,0.0
healthy_2,1736,1789845672.4093308,4678.2,126.24,735.59,4.4,103.84,0.0652,20.22,14.04,21.21,75.0,1500.0,15.2,healthy,0.0
healthy_2,1737,1789845673.4093308,4679.6,126.29,740.19,4.38,103.71,0.0747,20.27,14.0,21.08,75.0,1500.0,15.2,healthy,0.0
healthy_2,1738,1789845674.4093308,4684.5,126.49,742.37,4.4,103.72,0.0662,20.32,13.95,21.35,75.0,1500.0,15.2,healthy,0.0
healthy_2,1739,1789845675.4093308,4697.2,126.7,746.23,4.39,103.79,0.0753,20.39,13.88,21.62,75.0,1500.0,15.2,healthy,0.0
healthy_2,1740,1789845676.4093308,4710.6,126.82,749.17,4.34,103.74,0.0679,20.41,13.95,21.68,75.0,1500.0,15.2,healthy,0.0
healthy_2,1741,1789845677.4093308,4693.4,126.97,746.65,4.35,103.81,0.0748,20.3,14.02,21.43,75.0,1500.0,15.2,healthy,0.0
healthy_2,1742,1789845678.4093308,4694.5,126.88,747.38,4.26,103.79,0.0755,20.45,14.11,21.25,75.0,1500.0,15.2,healthy,0.0
healthy_2,1743,1789845679.4093308,4686.2,127.05,746.31,4.26,103.99,0.0778,20.35,14.11,21.55,75.0,1500.0,15.2,healthy,0.0
healthy_2,1744,1789845680.4093308,4683.9,127.04,743.68,4.34,104.02,0.0839,20.57,14.07,21.33,75.0,1500.0,15.2,healthy,0.0
healthy_2,1745,1789845681.4093308,4673.3,127.29,746.13,4.31,104.06,0.075,20.51,14.15,21.24,75.0,1500.0,15.2,healthy,0.0
healthy_2,1746,1789845682.4093308,4672.3,127.3,742.67,4.31,104.09,0.0781,20.33,14.09,21.16,75.0,1500.0,15.2,healthy,0.0
healthy_2,1747,1789845683.4093308,4690.7,127.31,741.61,4.35,104.22,0.0756,20.41,14.04,21.08,75.0,1500.0,15.2,healthy,0.0
healthy_2,1748,1789845684.4093308,4665.9,127.3,745.92,4.5,104.29,0.0657,20.43,14.14,20.92,75.0,1500.0,15.2,healthy,0.0
healthy_2,1749,1789845685.4093308,4660.1,127.32,743.37,4.46,104.2,0.0713,20.43,14.2,21.17,75.0,1500.0,15.2,healthy,0.0
healthy_2,1750,1789845686.4093308,4651.9,126.52,744.44,4.53,104.22,0.079,20.42,14.16,21.16,75.0,1500.0,15.2,healthy,0.0
healthy_2,1751,1789845687.4093308,4680.5,126.65,748.19,4.51,104.21,0.0804,20.3,14.12,21.07,75.0,1500.0,15.2,healthy,0.0
healthy_2,1752,1789845688.4093308,4665.0,126.62,745.96,4.47,104.17,0.0784,20.29,14.13,21.01,75.0,1500.0,15.2,healthy,0.0
healthy_2,1753,1789845689.4093308,4683.3,126.52,745.63,4.37,104.09,0.0748,20.38,14.13,21.22,75.0,1500.0,15.2,healthy,0.0
healthy_2,1754,1789845690.4093308,4699.2,126.58,744.39,4.36,104.05,0.0727,20.48,14.15,21.27,75.0,1500.0,15.2,healthy,0.0
healthy_2,1755,1789845691.4093308,4703.5,126.41,742.05,4.28,104.06,0.075,20.34,14.15,21.45,75.0,1500.0,15.2,healthy,0.0
healthy_2,1756,1789845692.4093308,4701.9,126.07,734.28,4.37,103.92,0.0828,20.28,14.13,21.22,75.0,1500.0,15.2,healthy,0.0
healthy_2,1757,1789845693.4093308,4706.8,126.12,733.89,4.41,103.71,0.0838,20.14,14.09,21.38,75.0,1500.0,15.2,healthy,0.0
healthy_2,1758,1789845694.4093308,4701.1,126.18,735.85,4.43,103.87,0.0817,20.07,14.11,21.1,75.0,1500.0,15.2,healthy,0.0
healthy_2,1759,1789845695.4093308,4699.3,126.43,734.44,4.47,103.8,0.0732,20.01,14.17,21.16,75.0,1500.0,15.2,healthy,0.0
healthy_2,1760,1789845696.4093308,4690.0,126.16,736.22,4.54,103.71,0.0779,20.0,14.14,21.11,75.0,1500.0,15.2,healthy,0.0
healthy_2,1761,1789845697.4093308,4713.0,126.42,740.81,4.46,103.72,0.0753,19.95,14.03,20.96,75.0,1500.0,15.2,healthy,0.0
healthy_2,1762,1789845698.4093308,4688.4,126.45,743.6,4.37,103.9,0.0787,19.95,14.13,20.74,75.0,1500.0,15.2,healthy,0.0
healthy_2,1763,1789845699.4093308,4708.2,126.26,743.79,4.32,104.0,0.078,20.22,14.21,20.81,75.0,1500.0,15.2,healthy,0.0
healthy_2,1764,1789845700.4093308,4722.6,126.49,742.5,4.3,104.23,0.0788,20.27,14.33,21.02,75.0,1500.0,15.2,healthy,0.0
healthy_2,1765,1789845701.4093308,4707.8,126.52,740.75,4.4,104.23,0.0842,20.31,14.29,21.3,75.0,1500.0,15.2,healthy,0.0
healthy_2,1766,1789845702.4093308,4709.6,126.5,745.65,4.36,104.13,0.0806,20.23,14.28,21.39,75.0,1500.0,15.2,healthy,0.0
healthy_2,1767,1789845703.4093308,4701.6,126.42,742.28,4.37,104.09,0.0753,20.27,14.19,21.3,75.0,1500.0,15.2,healthy,0.0
healthy_2,1768,1789845704.4093308,4672.7,126.42,739.51,4.37,104.15,0.076,20.2,14.2,21.27,75.0,1500.0,15.2,healthy,0.0
healthy_2,1769,1789845705.4093308,4673.7,126.82,743.29,4.37,104.02,0.074,20.31,14.1,20.95,75.0,1500.0,15.2,healthy,0.0
healthy_2,1770,1789845706.4093308,4654.8,126.97,747.88,4.44,104.08,0.076,20.38,14.14,21.19,75.0,1500.0,15.2,healthy,0.0
healthy_2,1771,1789845707.4093308,4677.9,126.81,743.79,4.46,103.95,0.0726,20.39,14.15,21.16,75.0,1500.0,15.2,healthy,0.0
healthy_2,1772,1789845708.4093308,4660.3,126.83,745.55,4.5,103.82,0.0721,20.45,14.22,21.18,75.0,1500.0,15.2,healthy,0.0
healthy_2,1773,1789845709.4093308,4679.0,126.77,745.01,4.4,103.68,0.0689,20.52,14.29,21.23,75.0,1500.0,15.2,healthy,0.0
healthy_2,1774,1789845710.4093308,4669.2,126.78,742.72,4.44,103.9,0.0665,20.48,14.36,21.39,75.0,1500.0,15.2,healthy,0.0
healthy_2,1775,1789845711.4093308,4684.7,126.75,744.39,4.46,103.88,0.066,20.4,14.33,21.12,75.0,1500.0,15.2,healthy,0.0
healthy_2,1776,1789845712.4093308,4701.0,126.7,742.08,4.46,103.95,0.0637,20.36,14.3,21.73,75.0,1500.0,15.2,healthy,0.0
healthy_2,1777,1789845713.4093308,4722.5,126.56,743.98,4.49,103.97,0.0726,20.46,14.28,21.55,75.0,1500.0,15.2,healthy,0.0
healthy_2,1778,1789845714.4093308,4709.6,126.92,747.87,4.38,103.84,0.0744,20.45,14.17,21.59,75.0,1500.0,15.2,healthy,0.0
healthy_2,1779,1789845715.4093308,4705.5,126.75,745.36,4.27,103.66,0.0831,20.48,14.17,21.4,75.0,1500.0,15.2,healthy,0.0
healthy_2,1780,1789845716.4093308,4698.2,126.54,746.14,4.4,103.57,0.0741,20.55,14.15,21.58,75.0,1500.0,15.2,healthy,0.0
healthy_2,1781,1789845717.4093308,4688.1,126.68,746.59,4.45,103.69,0.067,20.48,14.13,21.29,75.0,1500.0,15.2,healthy,0.0
healthy_2,1782,1789845718.4093308,4702.0,126.7,744.1,4.36,103.6,0.07,20.36,14.11,21.22,75.0,1500.0,15.2,healthy,0.0
healthy_2,1783,1789845719.4093308,4698.2,126.33,748.81,4.36,103.59,0.0684,20.31,14.11,20.98,75.0,1500.0,15.2,healthy,0.0
healthy_2,1784,1789845720.4093308,4693.2,126.39,747.07,4.42,103.57,0.0595,20.16,14.06,21.11,75.0,1500.0,15.2,healthy,0.0
healthy_2,1785,1789845721.4093308,4699.7,126.27,742.84,4.35,103.62,0.0621,20.13,14.08,21.38,75.0,1500.0,15.2,healthy,0.0
healthy_2,1786,1789845722.4093308,4711.6,126.29,744.11,4.38,103.81,0.065,20.04,14.04,20.82,75.0,1500.0,15.2,healthy,0.0
healthy_2,1787,1789845723.4093308,4695.5,126.14,744.24,4.38,103.82,0.0759,19.96,14.04,21.01,75.0,1500.0,15.2,healthy,0.0
healthy_2,1788,1789845724.4093308,4713.6,125.96,741.48,4.37,103.88,0.0775,19.9,14.01,20.97,75.0,1500.0,15.2,healthy,0.0
healthy_2,1789,1789845725.4093308,4724.8,126.17,742.5,4.41,103.73,0.0768,19.93,13.95,21.32,75.0,1500.0,15.2,healthy,0.0
healthy_2,1790,1789845726.4093308,4696.7,125.87,745.77,4.48,103.77,0.0744,19.75,14.0,21.31,75.0,1500.0,15.2,healthy,0.0
healthy_2,1791,1789845727.4093308,4684.0,126.05,747.88,4.45,103.65,0.074,19.71,14.09,21.22,75.0,1500.0,15.2,healthy,0.0
healthy_2,1792,1789845728.4093308,4702.7,126.2,750.75,4.44,103.76,0.0814,19.85,14.13,21.29,75.0,1500.0,15.2,healthy,0.0
healthy_2,1793,1789845729.4093308,4716.1,126.43,747.35,4.52,103.64,0.0738,19.96,14.12,21.16,75.0,1500.0,15.2,healthy,0.0
healthy_2,1794,1789845730.4093308,4718.6,126.43,745.5,4.46,103.79,0.0674,19.89,14.1,21.54,75.0,1500.0,15.2,healthy,0.0
healthy_2,1795,1789845731.4093308,4734.0,126.73,744.08,4.44,103.91,0.0695,19.94,14.11,21.21,75.0,1500.0,15.2,healthy,0.0
healthy_2,1796,1789845732.4093308,4718.9,126.85,745.98,4.39,103.92,0.0647,19.87,14.17,21.23,75.0,1500.0,15.2,healthy,0.0
healthy_2,1797,1789845733.4093308,4719.6,126.46,744.52,4.32,103.9,0.0755,20.12,14.21,21.47,75.0,1500.0,15.2,healthy,0.0
healthy_2,1798,1789845734.4093308,4689.7,126.43,746.1,4.31,103.8,0.0711,20.19,14.25,21.18,75.0,1500.0,15.2,healthy,0.0
healthy_2,1799,1789845735.4093308,4669.7,126.18,746.28,4.32,103.85,0.0731,20.36,14.33,20.86,75.0,1500.0,15.2,healthy,0.0
healthy_2,1800,1789845736.4093308,4659.3,126.2,743.95,4.41,103.86,0.0741,20.41,14.26,20.87,75.0,1500.0,15.2,healthy,0.0
healthy_2,1801,1789845737.4093308,4684.0,126.25,739.82,4.44,103.91,0.0729,20.48,14.18,20.94,75.0,1500.0,15.2,healthy,0.0
healthy_2,1802,1789845738.4093308,4685.4,126.08,738.28,4.41,104.04,0.076,20.48,14.21,21.52,75.0,1500.0,15.2,healthy,0.0
healthy_2,1803,1789845739.4093308,4692.3,126.19,730.5,4.44,104.15,0.0764,20.52,14.26,21.18,75.0,1500.0,15.2,healthy,0.0
healthy_2,1804,1789845740.4093308,4669.0,126.15,731.38,4.41,104.14,0.0805,20.51,14.2,21.31,75.0,1500.0,15.2,healthy,0.0
healthy_2,1805,1789845741.4093308,4664.7,126.25,735.25,4.29,104.19,0.0817,20.37,14.18,21.23,75.0,1500.0,15.2,healthy,0.0
healthy_2,1806,1789845742.4093308,4654.1,126.12,737.77,4.21,104.29,0.0736,20.34,14.11,21.36,75.0,1500.0,15.2,healthy,0.0
healthy_2,1807,1789845743.4093308,4662.3,126.06,738.64,4.18,104.13,0.0731,20.33,14.09,21.0,75.0,1500.0,15.2,healthy,0.0
healthy_2,1808,1789845744.4093308,4673.7,126.05,736.89,4.18,104.08,0.0722,20.37,14.1,20.75,75.0,1500.0,15.2,healthy,0.0
healthy_2,1809,1789845745.4093308,4681.4,125.71,743.51,4.26,104.02,0.0735,20.34,14.11,20.83,75.0,1500.0,15.2,healthy,0.0
healthy_2,1810,1789845746.4093308,4701.0,125.96,746.8,4.32,103.98,0.0721,20.28,14.18,21.16,75.0,1500.0,15.2,healthy,0.0
healthy_2,1811,1789845747.4093308,4705.5,126.37,750.52,4.31,103.92,0.0783,20.18,14.14,21.16,75.0,1500.0,15.2,healthy,0.0
healthy_2,1812,1789845748.4093308,4700.4,126.19,753.62,4.28,103.93,0.0815,20.26,14.13,21.15,75.0,1500.0,15.2,healthy,0.0
healthy_2,1813,1789845749.4093308,4706.1,126.57,748.94,4.37,103.89,0.071,20.06,14.1,21.23,75.0,1500.0,15.2,healthy,0.0
healthy_2,1814,1789845750.4093308,4696.3,126.41,748.65,4.37,103.89,0.0746,19.91,14.04,20.75,75.0,1500.0,15.2,healthy,0.0
healthy_2,1815,1789845751.4093308,4719.2,126.25,747.93,4.38,103.87,0.0744,19.64,14.11,21.18,75.0,1500.0,15.2,healthy,0.0
healthy_2,1816,1789845752.4093308,4732.5,126.29,747.64,4.41,103.83,0.0775,19.76,14.14,21.07,75.0,1500.0,15.2,healthy,0.0
healthy_2,1817,1789845753.4093308,4736.0,126.1,744.07,4.38,103.79,0.0675,19.88,14.12,21.46,75.0,1500.0,15.2,healthy,0.0
healthy_2,1818,1789845754.4093308,4711.8,126.26,745.64,4.34,103.67,0.0696,19.94,14.08,21.49,75.0,1500.0,15.2,healthy,0.0
healthy_2,1819,1789845755.4093308,4675.5,126.3,741.99,4.42,103.75,0.0792,20.31,14.03,21.59,75.0,1500.0,15.2,healthy,0.0
healthy_2,1820,1789845756.4093308,4679.5,126.26,745.4,4.44,103.77,0.0829,20.13,13.96,21.47,75.0,1500.0,15.2,healthy,0.0
healthy_2,1821,1789845757.4093308,4671.8,126.18,741.72,4.44,103.83,0.0807,20.32,14.0,21.66,75.0,1500.0,15.2,healthy,0.0
healthy_2,1822,1789845758.4093308,4701.6,126.38,744.01,4.41,103.85,0.0821,20.25,14.13,21.37,75.0,1500.0,15.2,healthy,0.0
healthy_2,1823,1789845759.4093308,4717.3,126.49,742.33,4.41,103.74,0.0803,20.32,14.08,21.06,75.0,1500.0,15.2,healthy,0.0
healthy_2,1824,1789845760.4093308,4689.7,126.37,741.82,4.44,103.68,0.0757,20.31,14.14,21.11,75.0,1500.0,15.2,healthy,0.0
healthy_2,1825,1789845761.4093308,4706.0,126.46,741.32,4.43,103.5,0.0752,20.28,14.2,21.0,75.0,1500.0,15.2,healthy,0.0
healthy_2,1826,1789845762.4093308,4695.0,126.46,741.81,4.37,103.48,0.0696,20.33,14.2,21.26,75.0,1500.0,15.2,healthy,0.0
healthy_2,1827,1789845763.4093308,4700.4,126.56,742.81,4.46,103.45,0.0706,20.31,14.2,21.15,75.0,1500.0,15.2,healthy,0.0
healthy_2,1828,1789845764.4093308,4747.9,126.48,742.48,4.37,103.5,0.0678,20.26,14.22,21.2,75.0,1500.0,15.2,healthy,0.0
healthy_2,1829,1789845765.4093308,4736.3,126.32,745.05,4.39,103.49,0.0687,20.22,14.22,21.39,75.0,1500.0,15.2,healthy,0.0
healthy_2,1830,1789845766.4093308,4736.0,126.16,744.36,4.39,103.51,0.0693,20.15,14.26,21.48,75.0,1500.0,15.2,healthy,0.0
healthy_2,1831,1789845767.4093308,4720.3,126.44,745.97,4.44,103.42,0.0776,19.99,14.29,21.39,75.0,1500.0,15.2,healthy,0.0
healthy_2,1832,1789845768.4093308,4729.2,126.05,742.5,4.49,103.55,0.0759,20.11,14.28,21.34,75.0,1500.0,15.2,healthy,0.0
healthy_2,1833,1789845769.4093308,4734.9,125.7,741.98,4.39,103.65,0.0811,20.25,14.23,21.09,75.0,1500.0,15.2,healthy,0.0
healthy_2,1834,1789845770.4093308,4737.5,125.63,741.84,4.38,103.58,0.0725,20.35,14.25,20.82,75.0,1500.0,15.2,healthy,0.0
healthy_2,1835,1789845771.4093308,4716.7,126.0,734.88,4.41,103.65,0.0733,20.29,14.22,20.99,75.0,1500.0,15.2,healthy,0.0
healthy_2,1836,1789845772.4093308,4712.8,126.15,729.83,4.34,103.51,0.0828,20.32,14.19,21.11,75.0,1500.0,15.2,healthy,0.0
healthy_2,1837,1789845773.4093308,4696.0,126.02,730.6,4.39,103.44,0.0763,20.49,14.12,20.87,75.0,1500.0,15.2,healthy,0.0
healthy_2,1838,1789845774.4093308,4725.4,126.01,737.91,4.34,103.37,0.0732,20.39,14.12,20.9,75.0,1500.0,15.2,healthy,0.0
healthy_2,1839,1789845775.4093308,4697.9,126.26,738.09,4.39,103.43,0.0803,20.3,14.13,20.96,75.0,1500.0,15.2,healthy,0.0
healthy_2,1840,1789845776.4093308,4686.1,126.17,739.22,4.35,103.41,0.0728,20.35,14.15,21.27,75.0,1500.0,15.2,healthy,0.0
healthy_2,1841,1789845777.4093308,4706.0,126.15,733.58,4.3,103.47,0.0746,20.47,14.14,21.03,75.0,1500.0,15.2,healthy,0.0
healthy_2,1842,1789845778.4093308,4711.3,126.48,734.95,4.21,103.32,0.0845,20.21,14.18,20.84,75.0,1500.0,15.2,healthy,0.0
healthy_2,1843,1789845779.4093308,4710.2,126.67,734.4,4.22,103.44,0.0827,20.12,14.19,20.78,75.0,1500.0,15.2,healthy,0.0
healthy_2,1844,1789845780.4093308,4731.6,126.82,734.31,4.2,103.49,0.0788,20.15,14.23,21.05,75.0,1500.0,15.2,healthy,0.0
healthy_2,1845,1789845781.4093308,4748.1,127.17,734.65,4.24,103.41,0.0774,20.15,14.17,21.12,75.0,1500.0,15.2,healthy,0.0
healthy_2,1846,1789845782.4093308,4750.9,127.15,737.56,4.24,103.41,0.0692,20.15,14.13,21.34,75.0,1500.0,15.2,healthy,0.0
healthy_2,1847,1789845783.4093308,4723.1,126.96,738.16,4.27,103.44,0.0731,20.17,14.08,21.31,75.0,1500.0,15.2,healthy,0.0
healthy_2,1848,1789845784.4093308,4701.3,127.04,741.18,4.32,103.37,0.072,20.15,14.07,21.02,75.0,1500.0,15.2,healthy,0.0
healthy_2,1849,1789845785.4093308,4699.4,127.24,740.98,4.37,103.36,0.0683,20.21,14.07,21.33,75.0,1500.0,15.2,healthy,0.0
healthy_2,1850,1789845786.4093308,4703.8,127.17,739.97,4.33,103.31,0.0688,20.32,14.09,21.28,75.0,1500.0,15.2,healthy,0.0
healthy_2,1851,1789845787.4093308,4699.7,127.31,746.2,4.41,103.26,0.0793,20.14,14.06,20.73,75.0,1500.0,15.2,healthy,0.0
healthy_2,1852,1789845788.4093308,4718.7,127.44,747.83,4.39,103.09,0.0877,20.06,14.04,20.77,75.0,1500.0,15.2,healthy,0.0
healthy_2,1853,1789845789.4093308,4697.8,127.26,743.68,4.39,103.05,0.0825,20.21,14.11,21.27,75.0,1500.0,15.2,healthy,0.0
healthy_2,1854,1789845790.4093308,4693.8,126.88,739.17,4.37,103.0,0.0831,20.15,14.15,21.09,75.0,1500.0,15.2,healthy,0.0
healthy_2,1855,1789845791.4093308,4690.1,126.88,739.59,4.39,102.92,0.082,20.09,14.06,21.04,75.0,1500.0,15.2,healthy,0.0
healthy_2,1856,1789845792.4093308,4676.8,126.95,743.24,4.35,102.98,0.0787,20.13,14.1,20.95,75.0,1500.0,15.2,healthy,0.0
healthy_2,1857,1789845793.4093308,4711.8,126.77,742.12,4.38,102.95,0.0821,20.15,14.03,20.56,75.0,1500.0,15.2,healthy,0.0
healthy_2,1858,1789845794.4093308,4707.8,126.78,742.0,4.4,102.97,0.0754,20.26,14.06,20.7,75.0,1500.0,15.2,healthy,0.0
healthy_2,1859,1789845795.4093308,4704.3,126.58,738.77,4.36,103.2,0.0786,20.11,14.06,20.63,75.0,1500.0,15.2,healthy,0.0
healthy_2,1860,1789845796.4093308,4697.8,126.43,735.95,4.31,103.33,0.081,20.06,14.06,21.0,75.0,1500.0,15.2,healthy,0.0
healthy_2,1861,1789845797.4093308,4702.6,126.64,735.5,4.39,103.17,0.0771,20.09,14.08,20.81,75.0,1500.0,15.2,healthy,0.0
healthy_2,1862,1789845798.4093308,4702.8,126.73,733.47,4.42,103.13,0.0813,20.1,14.12,20.99,75.0,1500.0,15.2,healthy,0.0
healthy_2,1863,1789845799.4093308,4709.7,126.83,734.64,4.43,103.28,0.067,20.12,14.14,21.2,75.0,1500.0,15.2,healthy,0.0
healthy_2,1864,1789845800.4093308,4718.2,126.99,736.65,4.32,103.42,0.0709,20.21,14.12,21.08,75.0,1500.0,15.2,healthy,0.0
healthy_2,1865,1789845801.4093308,4693.8,127.05,739.03,4.38,103.53,0.0696,20.07,14.2,20.97,75.0,1500.0,15.2,healthy,0.0
healthy_2,1866,1789845802.4093308,4696.9,126.95,744.39,4.34,103.55,0.0755,20.23,14.18,20.79,75.0,1500.0,15.2,healthy,0.0
healthy_2,1867,1789845803.4093308,4695.8,126.63,737.68,4.3,103.46,0.0765,20.31,14.17,20.87,75.0,1500.0,15.2,healthy,0.0
healthy_2,1868,1789845804.4093308,4679.5,126.87,735.76,4.38,103.38,0.0851,20.24,14.18,20.67,75.0,1500.0,15.2,healthy,0.0
healthy_2,1869,1789845805.4093308,4681.2,126.75,736.33,4.38,103.53,0.0763,20.24,14.14,20.77,75.0,1500.0,15.2,healthy,0.0
healthy_2,1870,1789845806.4093308,4665.9,126.25,733.14,4.36,103.69,0.0776,20.26,14.19,20.69,75.0,1500.0,15.2,healthy,0.0
healthy_2,1871,1789845807.4093308,4671.5,126.46,735.32,4.31,103.76,0.077,20.24,14.2,20.86,75.0,1500.0,15.2,healthy,0.0
healthy_2,1872,1789845808.4093308,4677.3,126.42,736.2,4.32,103.83,0.0812,20.18,14.24,21.27,75.0,1500.0,15.2,healthy,0.0
healthy_2,1873,1789845809.4093308,4678.5,126.24,738.56,4.35,104.04,0.0731,20.15,14.1,21.5,75.0,1500.0,15.2,healthy,0.0
healthy_2,1874,1789845810.4093308,4688.2,126.66,739.4,4.38,104.1,0.0764,20.19,14.13,21.33,75.0,1500.0,15.2,healthy,0.0
healthy_2,1875,1789845811.4093308,4662.9,126.8,738.78,4.27,104.22,0.0704,20.06,14.16,21.61,75.0,1500.0,15.2,healthy,0.0
healthy_2,1876,1789845812.4093308,4672.3,126.37,740.19,4.35,104.17,0.0655,20.05,14.17,21.67,75.0,1500.0,15.2,healthy,0.0
healthy_2,1877,1789845813.4093308,4681.2,126.35,739.25,4.33,104.12,0.0689,20.15,14.12,21.46,75.0,1500.0,15.2,healthy,0.0
healthy_2,1878,1789845814.4093308,4714.0,126.54,740.5,4.27,104.04,0.0728,20.11,14.15,21.42,75.0,1500.0,15.2,healthy,0.0
healthy_2,1879,1789845815.4093308,4705.1,126.68,742.72,4.39,104.03,0.0743,20.17,14.15,21.44,75.0,1500.0,15.2,healthy,0.0
healthy_2,1880,1789845816.4093308,4704.4,126.66,737.36,4.41,104.07,0.0744,20.24,14.12,21.52,75.0,1500.0,15.2,healthy,0.0
healthy_2,1881,1789845817.4093308,4705.8,126.57,737.68,4.42,103.98,0.0781,20.13,14.2,21.26,75.0,1500.0,15.2,healthy,0.0
healthy_2,1882,1789845818.4093308,4697.3,126.33,745.67,4.38,104.15,0.0759,20.2,14.18,21.46,75.0,1500.0,15.2,healthy,0.0
healthy_2,1883,1789845819.4093308,4706.5,126.05,749.99,4.39,104.22,0.0731,20.02,14.18,21.62,75.0,1500.0,15.2,healthy,0.0
healthy_2,1884,1789845820.4093308,4705.3,126.11,747.93,4.37,104.15,0.0775,20.11,14.12,21.4,75.0,1500.0,15.2,healthy,0.0
healthy_2,1885,1789845821.4093308,4678.9,126.2,741.52,4.37,104.24,0.0817,20.34,14.16,21.27,75.0,1500.0,15.2,healthy,0.0
healthy_2,1886,1789845822.4093308,4691.9,126.2,736.42,4.33,104.17,0.0706,20.25,14.24,21.07,75.0,1500.0,15.2,healthy,0.0
healthy_2,1887,1789845823.4093308,4679.2,126.34,737.83,4.36,104.09,0.0782,20.14,14.31,21.21,75.0,1500.0,15.2,healthy,0.0
healthy_2,1888,1789845824.4093308,4690.0,126.5,738.54,4.39,104.09,0.0667,20.16,14.26,21.07,75.0,1500.0,15.2,healthy,0.0
healthy_2,1889,1789845825.4093308,4715.9,126.74,736.89,4.41,104.2,0.073,20.15,14.27,21.12,75.0,1500.0,15.2,healthy,0.0
healthy_2,1890,1789845826.4093308,4732.3,126.68,736.06,4.4,104.04,0.0712,20.3,14.29,21.07,75.0,1500.0,15.2,healthy,0.0
healthy_2,1891,1789845827.4093308,4716.5,126.52,738.32,4.46,104.01,0.0608,20.37,14.19,21.16,75.0,1500.0,15.2,healthy,0.0
healthy_2,1892,1789845828.4093308,4712.9,126.66,738.56,4.44,103.94,0.0615,20.54,14.21,20.91,75.0,1500.0,15.2,healthy,0.0
healthy_2,1893,1789845829.4093308,4716.9,126.46,737.57,4.44,103.85,0.0707,20.47,14.25,20.91,75.0,1500.0,15.2,healthy,0.0
healthy_2,1894,1789845830.4093308,4698.9,126.4,741.68,4.2,104.08,0.0725,20.44,14.26,20.95,75.0,1500.0,15.2,healthy,0.0
healthy_2,1895,1789845831.4093308,4695.9,126.39,738.8,4.1,103.95,0.0777,20.41,14.25,21.1,75.0,1500.0,15.2,healthy,0.0
healthy_2,1896,1789845832.4093308,4714.3,126.73,742.91,4.21,103.86,0.0776,20.39,14.28,21.42,75.0,1500.0,15.2,healthy,0.0
healthy_2,1897,1789845833.4093308,4694.9,126.8,742.1,4.27,103.89,0.0814,20.25,14.27,21.02,75.0,1500.0,15.2,healthy,0.0
healthy_2,1898,1789845834.4093308,4699.4,126.65,738.46,4.36,104.07,0.0753,20.41,14.28,21.11,75.0,1500.0,15.2,healthy,0.0
healthy_2,1899,1789845835.4093308,4698.1,126.82,741.03,4.34,103.98,0.067,20.28,14.3,21.55,75.0,1500.0,15.2,healthy,0.0
healthy_2,1900,1789845836.4093308,4710.7,126.71,741.75,4.31,103.99,0.0696,20.33,14.23,21.66,75.0,1500.0,15.2,healthy,0.0
healthy_2,1901,1789845837.4093308,4693.7,126.84,740.74,4.36,103.97,0.0737,20.25,14.23,21.18,75.0,1500.0,15.2,healthy,0.0
healthy_2,1902,1789845838.4093308,4704.6,126.82,740.97,4.37,104.01,0.0682,20.6,14.24,21.0,75.0,1500.0,15.2,healthy,0.0
healthy_2,1903,1789845839.4093308,4711.0,126.94,739.25,4.42,104.07,0.0646,20.41,14.2,21.03,75.0,1500.0,15.2,healthy,0.0
healthy_2,1904,1789845840.4093308,4729.0,127.03,739.09,4.5,103.99,0.0743,20.21,14.25,20.35,75.0,1500.0,15.2,healthy,0.0
healthy_2,1905,1789845841.4093308,4723.4,127.31,736.85,4.43,104.08,0.0696,20.18,14.2,20.56,75.0,1500.0,15.2,healthy,0.0
healthy_2,1906,1789845842.4093308,4730.4,127.07,743.85,4.35,104.18,0.0771,20.11,14.21,20.85,75.0,1500.0,15.2,healthy,0.0
healthy_2,1907,1789845843.4093308,4702.6,126.93,740.44,4.33,104.05,0.0732,20.1,14.1,20.79,75.0,1500.0,15.2,healthy,0.0
healthy_2,1908,1789845844.4093308,4719.2,126.83,744.11,4.34,103.96,0.0656,20.1,13.95,21.04,75.0,1500.0,15.2,healthy,0.0
healthy_2,1909,1789845845.4093308,4721.5,127.04,744.4,4.4,104.07,0.0766,20.03,13.98,20.73,75.0,1500.0,15.2,healthy,0.0
healthy_2,1910,1789845846.4093308,4729.5,127.04,739.13,4.42,104.1,0.0743,20.03,14.07,20.89,75.0,1500.0,15.2,healthy,0.0
healthy_2,1911,1789845847.4093308,4723.1,126.98,737.11,4.4,103.97,0.0739,19.81,14.17,20.92,75.0,1500.0,15.2,healthy,0.0
healthy_2,1912,1789845848.4093308,4728.8,126.95,733.25,4.41,103.86,0.0776,19.89,14.11,21.06,75.0,1500.0,15.2,healthy,0.0
healthy_2,1913,1789845849.4093308,4708.7,126.69,729.25,4.44,103.8,0.0741,20.08,14.14,21.37,75.0,1500.0,15.2,healthy,0.0
healthy_2,1914,1789845850.4093308,4704.0,126.9,730.86,4.42,103.84,0.0815,19.99,14.16,21.38,75.0,1500.0,15.2,healthy,0.0
healthy_2,1915,1789845851.4093308,4715.6,126.65,736.53,4.44,103.91,0.068,20.09,14.17,21.3,75.0,1500.0,15.2,healthy,0.0
healthy_2,1916,1789845852.4093308,4696.8,126.85,729.47,4.36,104.05,0.0744,19.9,14.16,20.73,75.0,1500.0,15.2,healthy,0.0
healthy_2,1917,1789845853.4093308,4681.3,126.81,728.46,4.38,104.03,0.0788,19.9,14.2,20.9,75.0,1500.0,15.2,healthy,0.0
healthy_2,1918,1789845854.4093308,4692.3,126.39,728.08,4.36,104.15,0.0874,19.87,14.25,21.19,75.0,1500.0,15.2,healthy,0.0
healthy_2,1919,1789845855.4093308,4700.4,126.14,731.36,4.31,104.22,0.0813,20.08,14.25,21.41,75.0,1500.0,15.2,healthy,0.0
healthy_2,1920,1789845856.4093308,4683.9,125.88,737.95,4.2,104.13,0.0778,20.14,14.26,21.43,75.0,1500.0,15.2,healthy,0.0
healthy_2,1921,1789845857.4093308,4703.6,125.96,739.39,4.24,104.07,0.0796,20.19,14.27,21.67,75.0,1500.0,15.2,healthy,0.0
healthy_2,1922,1789845858.4093308,4699.8,125.94,733.28,4.29,104.12,0.0659,20.11,14.24,21.66,75.0,1500.0,15.2,healthy,0.0
healthy_2,1923,1789845859.4093308,4687.4,126.05,733.99,4.35,104.04,0.0626,20.15,14.22,21.56,75.0,1500.0,15.2,healthy,0.0
healthy_2,1924,1789845860.4093308,4675.3,126.21,735.97,4.34,104.2,0.0694,20.16,14.21,21.25,75.0,1500.0,15.2,healthy,0.0
healthy_2,1925,1789845861.4093308,4674.8,126.28,738.89,4.36,104.09,0.0651,20.19,14.16,20.89,75.0,1500.0,15.2,healthy,0.0
healthy_2,1926,1789845862.4093308,4693.7,126.2,743.67,4.39,104.1,0.0681,20.29,14.06,21.1,75.0,1500.0,15.2,healthy,0.0
healthy_2,1927,1789845863.4093308,4679.6,126.16,741.12,4.39,104.19,0.0758,20.38,14.12,20.81,75.0,1500.0,15.2,healthy,0.0
healthy_2,1928,1789845864.4093308,4697.3,126.56,739.77,4.33,104.06,0.0689,20.34,14.12,21.15,75.0,1500.0,15.2,healthy,0.0
healthy_2,1929,1789845865.4093308,4696.3,126.51,734.56,4.36,104.13,0.0632,20.27,14.06,21.3,75.0,1500.0,15.2,healthy,0.0
healthy_2,1930,1789845866.4093308,4707.4,126.8,738.52,4.43,104.18,0.0724,20.33,14.11,21.4,75.0,1500.0,15.2,healthy,0.0
healthy_2,1931,1789845867.4093308,4703.0,126.89,739.1,4.38,104.06,0.0651,20.24,14.19,21.46,75.0,1500.0,15.2,healthy,0.0
healthy_2,1932,1789845868.4093308,4700.4,126.7,739.96,4.3,104.0,0.0558,20.25,14.24,21.28,75.0,1500.0,15.2,healthy,0.0
healthy_2,1933,1789845869.4093308,4698.3,126.67,738.34,4.27,103.97,0.0621,20.29,14.1,20.92,75.0,1500.0,15.2,healthy,0.0
healthy_2,1934,1789845870.4093308,4712.8,126.65,741.55,4.27,103.95,0.0703,20.27,14.09,21.35,75.0,1500.0,15.2,healthy,0.0
healthy_2,1935,1789845871.4093308,4735.0,126.65,740.68,4.37,103.94,0.0646,20.3,14.17,21.16,75.0,1500.0,15.2,healthy,0.0
healthy_2,1936,1789845872.4093308,4725.8,126.73,736.11,4.43,103.85,0.0719,20.28,14.14,21.47,75.0,1500.0,15.2,healthy,0.0
healthy_2,1937,1789845873.4093308,4706.0,126.59,734.27,4.43,103.9,0.0756,20.43,14.1,21.32,75.0,1500.0,15.2,healthy,0.0
healthy_2,1938,1789845874.4093308,4716.5,126.64,734.43,4.34,103.82,0.0743,20.49,14.09,21.34,75.0,1500.0,15.2,healthy,0.0
healthy_2,1939,1789845875.4093308,4724.8,126.32,739.46,4.33,103.68,0.0768,20.48,14.13,21.59,75.0,1500.0,15.2,healthy,0.0
healthy_2,1940,1789845876.4093308,4722.5,126.11,737.2,4.37,103.77,0.0815,20.37,14.12,20.94,75.0,1500.0,15.2,healthy,0.0
healthy_2,1941,1789845877.4093308,4720.2,126.17,737.32,4.41,103.82,0.0756,20.35,14.12,21.15,75.0,1500.0,15.2,healthy,0.0
healthy_2,1942,1789845878.4093308,4711.8,126.19,741.97,4.29,103.97,0.0837,20.31,14.22,21.13,75.0,1500.0,15.2,healthy,0.0
healthy_2,1943,1789845879.4093308,4729.2,126.09,742.83,4.29,103.84,0.0842,20.13,14.22,21.41,75.0,1500.0,15.2,healthy,0.0
healthy_2,1944,1789845880.4093308,4736.4,126.27,746.84,4.31,103.79,0.0777,20.32,14.32,21.2,75.0,1500.0,15.2,healthy,0.0
healthy_2,1945,1789845881.4093308,4749.1,125.8,746.76,4.31,103.74,0.0783,20.34,14.3,21.7,75.0,1500.0,15.2,healthy,0.0
healthy_2,1946,1789845882.4093308,4726.6,126.32,741.95,4.35,103.71,0.0723,20.47,14.24,21.54,75.0,1500.0,15.2,healthy,0.0
healthy_2,1947,1789845883.4093308,4707.7,126.51,743.05,4.38,103.76,0.0768,20.38,14.24,20.93,75.0,1500.0,15.2,healthy,0.0
healthy_2,1948,1789845884.4093308,4698.8,126.28,747.25,4.31,103.67,0.0812,20.52,14.25,21.11,75.0,1500.0,15.2,healthy,0.0
healthy_2,1949,1789845885.4093308,4677.0,126.13,744.42,4.27,103.78,0.0663,20.52,14.18,21.28,75.0,1500.0,15.2,healthy,0.0
healthy_2,1950,1789845886.4093308,4717.7,126.15,739.57,4.26,103.69,0.0594,20.48,14.14,21.12,75.0,1500.0,15.2,healthy,0.0
healthy_2,1951,1789845887.4093308,4696.3,126.13,734.63,4.34,103.75,0.0673,20.35,14.22,20.93,75.0,1500.0,15.2,healthy,0.0
healthy_2,1952,1789845888.4093308,4688.7,126.49,741.13,4.38,103.69,0.0635,20.49,14.21,21.07,75.0,1500.0,15.2,healthy,0.0
healthy_2,1953,1789845889.4093308,4675.8,126.86,742.54,4.37,103.61,0.0699,20.28,14.17,21.22,75.0,1500.0,15.2,healthy,0.0
healthy_2,1954,1789845890.4093308,4690.4,127.05,743.22,4.41,103.64,0.0791,20.34,14.14,21.28,75.0,1500.0,15.2,healthy,0.0
healthy_2,1955,1789845891.4093308,4697.6,127.24,738.26,4.33,103.61,0.0815,20.4,14.23,21.31,75.0,1500.0,15.2,healthy,0.0
healthy_2,1956,1789845892.4093308,4668.0,127.1,740.78,4.35,103.73,0.0723,20.35,14.19,21.36,75.0,1500.0,15.2,healthy,0.0
healthy_2,1957,1789845893.4093308,4663.9,127.42,735.75,4.17,103.59,0.0738,20.26,14.2,21.69,75.0,1500.0,15.2,healthy,0.0
healthy_2,1958,1789845894.4093308,4671.4,127.25,734.6,4.34,103.69,0.0714,20.16,14.23,21.38,75.0,1500.0,15.2,healthy,0.0
healthy_2,1959,1789845895.4093308,4671.0,126.94,729.7,4.37,103.49,0.0729,20.25,14.26,21.34,75.0,1500.0,15.2,healthy,0.0
healthy_2,1960,1789845896.4093308,4686.6,127.28,734.31,4.29,103.58,0.07,20.23,14.22,21.5,75.0,1500.0,15.2,healthy,0.0
healthy_2,1961,1789845897.4093308,4678.6,127.16,726.1,4.31,103.59,0.071,20.18,14.22,21.83,75.0,1500.0,15.2,healthy,0.0
healthy_2,1962,1789845898.4093308,4669.0,127.26,728.09,4.28,103.91,0.074,20.29,14.15,21.59,75.0,1500.0,15.2,healthy,0.0
healthy_2,1963,1789845899.4093308,4668.5,126.87,731.21,4.3,103.89,0.0668,20.24,14.11,21.37,75.0,1500.0,15.2,healthy,0.0
healthy_2,1964,1789845900.4093308,4673.7,126.75,735.36,4.34,103.87,0.0692,20.04,14.05,21.59,75.0,1500.0,15.2,healthy,0.0
healthy_2,1965,1789845901.4093308,4676.5,126.72,738.2,4.32,103.93,0.0646,20.06,14.11,21.27,75.0,1500.0,15.2,healthy,0.0
healthy_2,1966,1789845902.4093308,4679.7,126.75,739.35,4.27,104.04,0.0743,19.98,14.19,21.3,75.0,1500.0,15.2,healthy,0.0
healthy_2,1967,1789845903.4093308,4667.2,126.51,738.87,4.29,103.89,0.0815,20.05,14.2,21.21,75.0,1500.0,15.2,healthy,0.0
healthy_2,1968,1789845904.4093308,4668.5,126.59,736.55,4.18,103.81,0.0783,20.04,14.22,21.48,75.0,1500.0,15.2,healthy,0.0
healthy_2,1969,1789845905.4093308,4659.8,126.42,739.92,4.26,103.99,0.0784,20.06,14.27,21.81,75.0,1500.0,15.2,healthy,0.0
healthy_2,1970,1789845906.4093308,4667.5,126.35,738.98,4.34,103.88,0.0813,20.15,14.3,21.46,75.0,1500.0,15.2,healthy,0.0
healthy_2,1971,1789845907.4093308,4682.7,126.36,742.68,4.38,103.91,0.0805,20.23,14.2,21.29,75.0,1500.0,15.2,healthy,0.0
healthy_2,1972,1789845908.4093308,4701.5,126.2,740.77,4.38,103.67,0.0845,20.08,14.25,21.41,75.0,1500.0,15.2,healthy,0.0
healthy_2,1973,1789845909.4093308,4683.7,125.85,744.35,4.42,103.64,0.0738,20.07,14.31,21.5,75.0,1500.0,15.2,healthy,0.0
healthy_2,1974,1789845910.4093308,4690.1,125.98,740.66,4.35,103.64,0.0829,20.16,14.24,21.44,75.0,1500.0,15.2,healthy,0.0
healthy_2,1975,1789845911.4093308,4708.7,126.27,741.55,4.4,103.72,0.0742,20.12,14.34,21.47,75.0,1500.0,15.2,healthy,0.0
healthy_2,1976,1789845912.4093308,4713.4,126.33,743.43,4.27,103.69,0.075,20.27,14.36,21.29,75.0,1500.0,15.2,healthy,0.0
healthy_2,1977,1789845913.4093308,4682.2,126.71,747.1,4.38,103.72,0.0854,20.18,14.39,21.29,75.0,1500.0,15.2,healthy,0.0
healthy_2,1978,1789845914.4093308,4685.4,126.48,748.67,4.31,103.75,0.0832,20.11,14.45,21.2,75.0,1500.0,15.2,healthy,0.0
healthy_2,1979,1789845915.4093308,4674.1,126.54,742.89,4.4,103.86,0.078,20.29,14.46,21.03,75.0,1500.0,15.2,healthy,0.0
healthy_2,1980,1789845916.4093308,4679.6,126.5,746.29,4.4,103.89,0.0773,20.36,14.4,20.87,75.0,1500.0,15.2,healthy,0.0
healthy_2,1981,1789845917.4093308,4690.0,126.64,748.96,4.37,103.98,0.0723,20.34,14.4,21.13,75.0,1500.0,15.2,healthy,0.0
healthy_2,1982,1789845918.4093308,4671.5,126.4,748.65,4.36,104.01,0.0737,20.26,14.44,20.83,75.0,1500.0,15.2,healthy,0.0
healthy_2,1983,1789845919.4093308,4682.1,126.55,750.09,4.39,103.93,0.0798,20.2,14.44,21.06,75.0,1500.0,15.2,healthy,0.0
healthy_2,1984,1789845920.4093308,4687.9,126.68,744.58,4.41,103.94,0.0743,20.11,14.37,21.32,75.0,1500.0,15.2,healthy,0.0
healthy_2,1985,1789845921.4093308,4691.2,126.33,744.96,4.42,104.04,0.0727,20.09,14.33,21.33,75.0,1500.0,15.2,healthy,0.0
healthy_2,1986,1789845922.4093308,4700.1,126.52,750.13,4.44,104.01,0.0708,20.03,14.31,21.36,75.0,1500.0,15.2,healthy,0.0
healthy_2,1987,1789845923.4093308,4689.5,126.55,751.18,4.29,104.12,0.0722,20.01,14.27,20.83,75.0,1500.0,15.2,healthy,0.0
healthy_2,1988,1789845924.4093308,4684.8,126.57,749.41,4.28,104.21,0.0785,19.96,14.26,21.1,75.0,1500.0,15.2,healthy,0.0
healthy_2,1989,1789845925.4093308,4665.8,126.43,745.21,4.3,104.12,0.0772,20.01,14.29,21.27,75.0,1500.0,15.2,healthy,0.0
healthy_2,1990,1789845926.4093308,4676.0,126.3,741.56,4.27,103.94,0.0707,20.0,14.23,21.3,75.0,1500.0,15.2,healthy,0.0
healthy_2,1991,1789845927.4093308,4691.1,126.34,745.02,4.27,103.94,0.0674,20.0,14.26,21.37,75.0,1500.0,15.2,healthy,0.0
healthy_2,1992,1789845928.4093308,4701.5,126.6,742.4,4.29,103.84,0.0753,19.95,14.14,21.1,75.0,1500.0,15.2,healthy,0.0
healthy_2,1993,1789845929.4093308,4716.2,126.84,743.09,4.31,103.88,0.0897,19.95,14.16,21.0,75.0,1500.0,15.2,healthy,0.0
healthy_2,1994,1789845930.4093308,4714.8,126.97,737.98,4.36,103.97,0.0778,20.08,14.25,21.02,75.0,1500.0,15.2,healthy,0.0
healthy_2,1995,1789845931.4093308,4710.2,126.88,745.33,4.36,103.93,0.0703,20.16,14.28,21.33,75.0,1500.0,15.2,healthy,0.0
healthy_2,1996,1789845932.4093308,4695.5,126.9,747.1,4.33,103.94,0.0731,20.37,14.27,21.29,75.0,1500.0,15.2,healthy,0.0
healthy_2,1997,1789845933.4093308,4681.2,126.68,743.1,4.33,103.97,0.0706,20.13,14.27,21.61,75.0,1500.0,15.2,healthy,0.0
healthy_2,1998,1789845934.4093308,4688.6,126.4,744.85,4.3,104.04,0.0724,20.16,14.31,21.73,75.0,1500.0,15.2,healthy,0.0
healthy_2,1999,1789845935.4093308,4699.9,126.51,745.98,4.23,104.09,0.0721,20.27,14.18,21.36,75.0,1500.0,15.2,healthy,0.0
healthy_2,2000,1789845936.4093308,4712.9,126.46,745.21,4.41,104.16,0.0784,20.28,14.11,21.04,75.0,1500.0,15.2,healthy,0.0
healthy_2,2001,1789845937.4093308,4701.1,126.37,743.99,4.38,104.18,0.0784,20.38,14.09,21.24,75.0,1500.0,15.2,healthy,0.0
healthy_2,2002,1789845938.4093308,4717.0,126.54,744.73,4.34,104.18,0.0803,20.3,14.07,21.46,75.0,1500.0,15.2,healthy,0.0
healthy_2,2003,1789845939.4093308,4741.9,126.53,747.68,4.42,104.18,0.0713,20.41,14.02,21.6,75.0,1500.0,15.2,healthy,0.0
healthy_2,2004,1789845940.4093308,4709.6,126.56,748.45,4.31,104.22,0.0735,20.62,14.09,21.27,75.0,1500.0,15.2,healthy,0.0
healthy_2,2005,1789845941.4093308,4698.6,126.87,743.87,4.38,104.23,0.0738,20.54,14.1,20.96,75.0,1500.0,15.2,healthy,0.0
healthy_2,2006,1789845942.4093308,4668.2,127.35,739.66,4.42,104.29,0.0765,20.38,14.14,20.96,75.0,1500.0,15.2,healthy,0.0
healthy_2,2007,1789845943.4093308,4688.0,127.08,741.56,4.36,104.17,0.0759,20.23,14.06,20.9,75.0,1500.0,15.2,healthy,0.0
healthy_2,2008,1789845944.4093308,4689.8,127.33,739.09,4.4,104.25,0.0674,20.09,13.99,20.89,75.0,1500.0,15.2,healthy,0.0
healthy_2,2009,1789845945.4093308,4698.0,127.1,741.88,4.44,104.16,0.0614,20.31,14.03,21.06,75.0,1500.0,15.2,healthy,0.0
healthy_2,2010,1789845946.4093308,4737.5,127.29,743.43,4.38,104.06,0.0625,20.35,14.09,21.25,75.0,1500.0,15.2,healthy,0.0
healthy_2,2011,1789845947.4093308,4739.4,127.39,738.54,4.44,104.28,0.0739,20.4,14.15,20.9,75.0,1500.0,15.2,healthy,0.0
healthy_2,2012,1789845948.4093308,4717.0,127.21,745.9,4.41,104.26,0.0764,20.48,14.06,20.76,75.0,1500.0,15.2,healthy,0.0
healthy_2,2013,1789845949.4093308,4666.1,127.24,741.05,4.38,104.23,0.0753,20.43,14.02,20.68,75.0,1500.0,15.2,healthy,0.0
healthy_2,2014,1789845950.4093308,4688.8,127.1,740.89,4.38,104.11,0.0764,20.28,14.09,21.34,75.0,1500.0,15.2,healthy,0.0
healthy_2,2015,1789845951.4093308,4642.2,126.85,743.23,4.34,104.2,0.0875,20.27,14.13,21.53,75.0,1500.0,15.2,healthy,0.0
healthy_2,2016,1789845952.4093308,4636.2,126.73,739.95,4.38,104.18,0.0872,20.24,14.07,21.14,75.0,1500.0,15.2,healthy,0.0
healthy_2,2017,1789845953.4093308,4656.6,126.58,738.39,4.42,104.09,0.077,20.31,14.19,21.13,75.0,1500.0,15.2,healthy,0.0
healthy_2,2018,1789845954.4093308,4679.5,126.79,741.66,4.54,104.18,0.0767,20.33,14.12,20.83,75.0,1500.0,15.2,healthy,0.0
healthy_2,2019,1789845955.4093308,4683.5,126.6,742.39,4.52,104.19,0.0719,20.24,14.08,20.88,75.0,1500.0,15.2,healthy,0.0
healthy_2,2020,1789845956.4093308,4682.5,126.51,743.77,4.45,104.09,0.065,20.42,14.06,21.62,75.0,1500.0,15.2,healthy,0.0
healthy_2,2021,1789845957.4093308,4699.2,126.77,751.14,4.39,104.08,0.0679,20.68,14.15,21.5,75.0,1500.0,15.2,healthy,0.0
healthy_2,2022,1789845958.4093308,4713.1,126.67,751.12,4.37,104.05,0.0785,20.62,14.17,21.21,75.0,1500.0,15.2,healthy,0.0
healthy_2,2023,1789845959.4093308,4726.0,126.81,747.95,4.35,104.01,0.0817,20.69,14.13,21.51,75.0,1500.0,15.2,healthy,0.0
healthy_2,2024,1789845960.4093308,4712.4,126.75,745.96,4.42,104.03,0.0791,20.72,14.1,21.71,75.0,1500.0,15.2,healthy,0.0
healthy_2,2025,1789845961.4093308,4718.5,126.69,746.48,4.44,103.96,0.0708,20.8,14.13,21.44,75.0,1500.0,15.2,healthy,0.0
healthy_2,2026,1789845962.4093308,4703.3,126.79,742.55,4.32,103.86,0.077,20.7,14.13,21.41,75.0,1500.0,15.2,healthy,0.0
healthy_2,2027,1789845963.4093308,4704.3,126.74,735.7,4.33,104.04,0.0766,20.81,14.18,21.66,75.0,1500.0,15.2,healthy,0.0
healthy_2,2028,1789845964.4093308,4712.9,126.51,730.56,4.29,104.2,0.0828,20.67,14.15,21.33,75.0,1500.0,15.2,healthy,0.0
healthy_2,2029,1789845965.4093308,4710.8,126.33,735.61,4.31,104.1,0.0777,20.49,14.14,21.76,75.0,1500.0,15.2,healthy,0.0
healthy_2,2030,1789845966.4093308,4704.9,126.63,734.62,4.27,104.06,0.0812,20.56,14.05,21.35,75.0,1500.0,15.2,healthy,0.0
healthy_2,2031,1789845967.4093308,4705.4,126.39,732.93,4.41,104.08,0.0753,20.5,14.03,21.57,75.0,1500.0,15.2,healthy,0.0
healthy_2,2032,1789845968.4093308,4695.3,126.29,732.03,4.39,104.12,0.0653,20.53,13.96,21.55,75.0,1500.0,15.2,healthy,0.0
healthy_2,2033,1789845969.4093308,4707.6,126.67,733.66,4.38,104.08,0.0638,20.61,13.98,21.32,75.0,1500.0,15.2,healthy,0.0
healthy_2,2034,1789845970.4093308,4698.6,126.59,738.97,4.44,104.08,0.0646,20.35,13.94,21.16,75.0,1500.0,15.2,healthy,0.0
healthy_2,2035,1789845971.4093308,4686.4,126.39,732.51,4.41,103.95,0.0669,20.31,14.02,21.4,75.0,1500.0,15.2,healthy,0.0
healthy_2,2036,1789845972.4093308,4683.5,126.7,734.29,4.38,103.84,0.0616,20.39,13.95,21.32,75.0,1500.0,15.2,healthy,0.0
healthy_2,2037,1789845973.4093308,4666.6,126.28,737.07,4.44,104.03,0.0665,20.59,14.03,21.18,75.0,1500.0,15.2,healthy,0.0
healthy_2,2038,1789845974.4093308,4685.9,126.07,737.63,4.46,104.13,0.0593,20.5,13.93,21.35,75.0,1500.0,15.2,healthy,0.0
healthy_2,2039,1789845975.4093308,4690.4,126.1,740.94,4.45,104.07,0.066,20.31,13.98,20.84,75.0,1500.0,15.2,healthy,0.0
healthy_2,2040,1789845976.4093308,4703.3,126.29,744.82,4.42,104.04,0.0717,20.4,13.99,20.95,75.0,1500.0,15.2,healthy,0.0
healthy_2,2041,1789845977.4093308,4708.1,126.37,744.13,4.36,104.18,0.0728,20.3,13.97,21.09,75.0,1500.0,15.2,healthy,0.0
healthy_2,2042,1789845978.4093308,4715.3,126.37,740.37,4.29,104.11,0.0754,20.08,13.94,20.74,75.0,1500.0,15.2,healthy,0.0
healthy_2,2043,1789845979.4093308,4687.0,126.57,739.53,4.37,104.2,0.0742,20.27,13.94,21.0,75.0,1500.0,15.2,healthy,0.0
healthy_2,2044,1789845980.4093308,4662.6,126.76,741.16,4.36,104.22,0.0774,20.16,13.98,21.22,75.0,1500.0,15.2,healthy,0.0
healthy_2,2045,1789845981.4093308,4697.3,126.66,744.21,4.37,104.19,0.0812,20.2,14.0,21.26,75.0,1500.0,15.2,healthy,0.0
healthy_2,2046,1789845982.4093308,4667.7,126.58,739.41,4.35,104.27,0.0726,20.34,13.97,21.24,75.0,1500.0,15.2,healthy,0.0
healthy_2,2047,1789845983.4093308,4675.4,126.55,741.03,4.22,104.31,0.08,20.34,13.97,21.13,75.0,1500.0,15.2,healthy,0.0
healthy_2,2048,1789845984.4093308,4680.1,126.87,743.66,4.27,104.49,0.0729,20.38,14.1,20.78,75.0,1500.0,15.2,healthy,0.0
healthy_2,2049,1789845985.4093308,4682.3,126.79,750.08,4.32,104.45,0.0772,20.49,14.12,21.17,75.0,1500.0,15.2,healthy,0.0
healthy_2,2050,1789845986.4093308,4695.4,126.82,744.29,4.49,104.43,0.0774,20.54,14.11,21.32,75.0,1500.0,15.2,healthy,0.0
healthy_2,2051,1789845987.4093308,4710.1,126.75,742.91,4.45,104.29,0.074,20.32,14.06,21.17,75.0,1500.0,15.2,healthy,0.0
healthy_2,2052,1789845988.4093308,4732.5,126.96,743.32,4.41,104.19,0.0754,20.33,14.04,20.89,75.0,1500.0,15.2,healthy,0.0
healthy_2,2053,1789845989.4093308,4751.5,127.1,741.72,4.34,104.04,0.0646,20.35,14.1,20.88,75.0,1500.0,15.2,healthy,0.0
healthy_2,2054,1789845990.4093308,4745.5,127.12,742.53,4.34,104.14,0.0655,20.22,14.16,21.1,75.0,1500.0,15.2,healthy,0.0
healthy_2,2055,1789845991.4093308,4739.6,127.08,740.56,4.34,104.01,0.0594,20.15,14.11,21.28,75.0,1500.0,15.2,healthy,0.0
healthy_2,2056,1789845992.4093308,4728.3,126.96,741.88,4.36,104.27,0.0604,20.16,14.2,20.92,75.0,1500.0,15.2,healthy,0.0
healthy_2,2057,1789845993.4093308,4737.4,127.42,735.25,4.39,104.35,0.0661,20.24,14.16,21.11,75.0,1500.0,15.2,healthy,0.0
healthy_2,2058,1789845994.4093308,4744.5,127.22,741.83,4.4,104.25,0.0645,20.22,14.19,21.13,75.0,1500.0,15.2,healthy,0.0
healthy_2,2059,1789845995.4093308,4746.1,127.39,739.71,4.3,104.07,0.0496,20.25,14.18,21.43,75.0,1500.0,15.2,healthy,0.0
healthy_2,2060,1789845996.4093308,4738.9,126.91,747.43,4.35,104.02,0.0535,19.94,14.19,21.38,75.0,1500.0,15.2,healthy,0.0
healthy_2,2061,1789845997.4093308,4727.9,127.03,748.4,4.3,104.15,0.059,20.18,14.21,21.26,75.0,1500.0,15.2,healthy,0.0
healthy_2,2062,1789845998.4093308,4735.6,126.71,742.49,4.35,104.07,0.0571,20.04,14.19,21.16,75.0,1500.0,15.2,healthy,0.0
healthy_2,2063,1789845999.4093308,4724.8,126.59,741.7,4.29,104.18,0.0617,20.01,14.25,21.26,75.0,1500.0,15.2,healthy,0.0
healthy_2,2064,1789846000.4093308,4736.7,126.5,739.34,4.37,104.24,0.0735,19.89,14.28,21.28,75.0,1500.0,15.2,healthy,0.0
healthy_2,2065,1789846001.4093308,4734.6,126.41,739.98,4.38,104.14,0.0722,20.02,14.25,21.41,75.0,1500.0,15.2,healthy,0.0
healthy_2,2066,1789846002.4093308,4735.4,126.33,737.19,4.41,104.13,0.0766,20.08,14.25,21.45,75.0,1500.0,15.2,healthy,0.0
healthy_2,2067,1789846003.4093308,4707.6,126.38,739.76,4.45,104.09,0.0783,20.25,14.18,21.11,75.0,1500.0,15.2,healthy,0.0
healthy_2,2068,1789846004.4093308,4683.7,126.32,738.85,4.38,104.19,0.0702,20.23,14.27,21.29,75.0,1500.0,15.2,healthy,0.0
healthy_2,2069,1789846005.4093308,4665.7,126.82,736.42,4.45,104.16,0.0683,20.22,14.37,20.81,75.0,1500.0,15.2,healthy,0.0
healthy_2,2070,1789846006.4093308,4688.1,126.42,741.98,4.43,104.09,0.0709,20.3,14.38,21.07,75.0,1500.0,15.2,healthy,0.0
healthy_2,2071,1789846007.4093308,4705.7,126.37,739.12,4.4,104.07,0.0675,20.18,14.35,21.07,75.0,1500.0,15.2,healthy,0.0
healthy_2,2072,1789846008.4093308,4712.8,126.52,745.61,4.45,104.01,0.076,20.18,14.31,20.98,75.0,1500.0,15.2,healthy,0.0
healthy_2,2073,1789846009.4093308,4696.2,126.72,742.62,4.42,104.05,0.0713,20.12,14.25,21.01,75.0,1500.0,15.2,healthy,0.0
healthy_2,2074,1789846010.4093308,4659.1,127.07,745.53,4.39,103.94,0.0663,20.12,14.16,21.49,75.0,1500.0,15.2,healthy,0.0
healthy_2,2075,1789846011.4093308,4687.5,127.18,745.64,4.42,103.85,0.0629,20.12,14.15,21.4,75.0,1500.0,15.2,healthy,0.0
healthy_2,2076,1789846012.4093308,4684.2,126.89,747.45,4.42,103.96,0.0716,20.16,14.14,21.55,75.0,1500.0,15.2,healthy,0.0
healthy_2,2077,1789846013.4093308,4685.3,127.11,745.81,4.38,103.88,0.0686,20.05,14.13,21.58,75.0,1500.0,15.2,healthy,0.0
healthy_2,2078,1789846014.4093308,4706.2,127.02,743.58,4.37,103.71,0.0709,19.93,14.1,21.37,75.0,1500.0,15.2,healthy,0.0
healthy_2,2079,1789846015.4093308,4729.2,127.22,744.22,4.39,103.61,0.0747,20.15,14.16,21.76,75.0,1500.0,15.2,healthy,0.0
healthy_2,2080,1789846016.4093308,4738.0,126.83,740.66,4.32,103.66,0.0633,20.23,14.11,21.56,75.0,1500.0,15.2,healthy,0.0
healthy_2,2081,1789846017.4093308,4755.5,126.91,740.56,4.28,103.85,0.073,20.21,14.14,21.3,75.0,1500.0,15.2,healthy,0.0
healthy_2,2082,1789846018.4093308,4752.8,126.84,738.37,4.24,103.82,0.0673,20.14,14.05,21.38,75.0,1500.0,15.2,healthy,0.0
healthy_2,2083,1789846019.4093308,4725.2,126.81,737.36,4.24,104.03,0.0697,20.16,14.12,21.35,75.0,1500.0,15.2,healthy,0.0
healthy_2,2084,1789846020.4093308,4693.3,126.98,737.89,4.2,103.92,0.0794,20.06,14.09,21.17,75.0,1500.0,15.2,healthy,0.0
healthy_2,2085,1789846021.4093308,4679.1,126.9,734.33,4.27,103.98,0.0768,19.87,14.09,21.34,75.0,1500.0,15.2,healthy,0.0
healthy_2,2086,1789846022.4093308,4689.4,126.3,734.76,4.28,104.03,0.0768,19.84,14.15,21.19,75.0,1500.0,15.2,healthy,0.0
healthy_2,2087,1789846023.4093308,4674.1,126.11,739.01,4.25,103.87,0.074,20.01,14.14,21.3,75.0,1500.0,15.2,healthy,0.0
healthy_2,2088,1789846024.4093308,4681.3,126.24,737.29,4.26,104.03,0.0694,19.98,14.1,21.02,75.0,1500.0,15.2,healthy,0.0
healthy_2,2089,1789846025.4093308,4718.4,126.24,743.03,4.25,103.89,0.062,20.0,14.05,21.32,75.0,1500.0,15.2,healthy,0.0
healthy_2,2090,1789846026.4093308,4708.1,126.04,746.42,4.27,103.87,0.0612,20.02,14.06,20.91,75.0,1500.0,15.2,healthy,0.0
healthy_2,2091,1789846027.4093308,4708.7,126.11,748.42,4.35,103.91,0.0635,20.03,14.08,21.2,75.0,1500.0,15.2,healthy,0.0
healthy_2,2092,1789846028.4093308,4706.9,126.17,751.54,4.32,103.69,0.0625,20.03,14.13,21.15,75.0,1500.0,15.2,healthy,0.0
healthy_2,2093,1789846029.4093308,4713.4,126.4,750.17,4.31,103.83,0.0603,20.02,14.13,21.16,75.0,1500.0,15.2,healthy,0.0
healthy_2,2094,1789846030.4093308,4717.7,126.52,745.0,4.33,103.83,0.0644,20.03,14.1,20.98,75.0,1500.0,15.2,healthy,0.0
healthy_2,2095,1789846031.4093308,4718.0,126.57,746.12,4.33,103.87,0.0613,20.08,14.06,21.1,75.0,1500.0,15.2,healthy,0.0
healthy_2,2096,1789846032.4093308,4709.9,126.19,747.35,4.41,103.73,0.0686,20.41,14.07,20.93,75.0,1500.0,15.2,healthy,0.0
healthy_2,2097,1789846033.4093308,4708.1,126.54,746.59,4.42,103.89,0.0628,20.24,14.15,20.96,75.0,1500.0,15.2,healthy,0.0
healthy_2,2098,1789846034.4093308,4703.9,126.41,742.44,4.42,103.86,0.0625,20.08,14.11,21.07,75.0,1500.0,15.2,healthy,0.0
healthy_2,2099,1789846035.4093308,4708.9,126.38,734.88,4.38,103.73,0.0718,20.14,14.1,21.2,75.0,1500.0,15.2,healthy,0.0
healthy_2,2100,1789846036.4093308,4709.4,126.45,732.03,4.44,103.71,0.0759,20.16,14.11,21.23,75.0,1500.0,15.2,healthy,0.0
healthy_2,2101,1789846037.4093308,4717.9,126.43,733.87,4.36,103.72,0.0745,20.4,14.12,20.94,75.0,1500.0,15.2,healthy,0.0
healthy_2,2102,1789846038.4093308,4717.0,126.46,727.96,4.4,103.64,0.0719,20.44,14.1,21.09,75.0,1500.0,15.2,healthy,0.0
healthy_2,2103,1789846039.4093308,4724.7,126.4,725.29,4.42,103.54,0.0788,20.26,14.02,20.82,75.0,1500.0,15.2,healthy,0.0
healthy_2,2104,1789846040.4093308,4723.5,126.79,727.42,4.42,103.52,0.0757,20.22,13.98,21.21,75.0,1500.0,15.2,healthy,0.0
healthy_2,2105,1789846041.4093308,4726.8,126.73,730.98,4.37,103.57,0.074,20.15,14.0,21.46,75.0,1500.0,15.2,healthy,0.0
healthy_2,2106,1789846042.4093308,4742.2,126.82,730.12,4.36,103.75,0.0782,20.16,14.03,21.51,75.0,1500.0,15.2,healthy,0.0
healthy_2,2107,1789846043.4093308,4721.7,126.64,729.47,4.35,103.73,0.0727,20.27,13.94,21.26,75.0,1500.0,15.2,healthy,0.0
healthy_2,2108,1789846044.4093308,4701.3,126.72,732.26,4.35,103.73,0.0728,20.01,14.02,21.32,75.0,1500.0,15.2,healthy,0.0
healthy_2,2109,1789846045.4093308,4682.4,126.71,735.58,4.32,103.7,0.0821,20.14,13.99,21.06,75.0,1500.0,15.2,healthy,0.0
healthy_2,2110,1789846046.4093308,4688.9,126.72,739.12,4.39,103.65,0.0733,20.23,14.05,21.13,75.0,1500.0,15.2,healthy,0.0
healthy_2,2111,1789846047.4093308,4691.8,126.31,738.83,4.29,103.6,0.0681,20.26,14.09,21.39,75.0,1500.0,15.2,healthy,0.0
healthy_2,2112,1789846048.4093308,4651.2,126.2,740.3,4.36,103.53,0.0753,20.24,14.06,21.2,75.0,1500.0,15.2,healthy,0.0
healthy_2,2113,1789846049.4093308,4659.4,126.33,742.32,4.3,103.74,0.0679,20.25,14.06,21.42,75.0,1500.0,15.2,healthy,0.0
healthy_2,2114,1789846050.4093308,4680.1,126.04,743.7,4.42,103.58,0.0719,20.43,14.13,21.07,75.0,1500.0,15.2,healthy,0.0
healthy_2,2115,1789846051.4093308,4660.5,126.42,744.92,4.39,103.51,0.0663,20.32,14.19,21.45,75.0,1500.0,15.2,healthy,0.0
healthy_2,2116,1789846052.4093308,4661.1,126.36,746.77,4.4,103.56,0.0674,20.23,14.15,21.42,75.0,1500.0,15.2,healthy,0.0
healthy_2,2117,1789846053.4093308,4681.4,126.09,738.84,4.37,103.57,0.0767,20.17,14.05,21.16,75.0,1500.0,15.2,healthy,0.0
healthy_2,2118,1789846054.4093308,4685.3,126.27,737.33,4.36,103.76,0.0725,20.12,14.08,21.07,75.0,1500.0,15.2,healthy,0.0
healthy_2,2119,1789846055.4093308,4710.7,126.17,740.2,4.41,103.65,0.0683,20.23,14.09,21.26,75.0,1500.0,15.2,healthy,0.0
healthy_2,2120,1789846056.4093308,4713.3,126.41,739.8,4.38,103.57,0.0756,20.27,14.07,21.21,75.0,1500.0,15.2,healthy,0.0
healthy_2,2121,1789846057.4093308,4666.7,126.62,742.91,4.26,103.48,0.0766,20.36,14.06,21.51,75.0,1500.0,15.2,healthy,0.0
healthy_2,2122,1789846058.4093308,4660.6,126.45,741.19,4.33,103.49,0.0731,20.2,14.17,21.07,75.0,1500.0,15.2,healthy,0.0
healthy_2,2123,1789846059.4093308,4679.5,126.31,735.54,4.33,103.58,0.0701,20.27,14.13,21.47,75.0,1500.0,15.2,healthy,0.0
healthy_2,2124,1789846060.4093308,4712.6,126.45,738.65,4.47,103.63,0.0587,20.24,14.11,21.92,75.0,1500.0,15.2,healthy,0.0
healthy_2,2125,1789846061.4093308,4745.0,127.09,739.98,4.45,103.62,0.058,20.28,14.1,21.42,75.0,1500.0,15.2,healthy,0.0
healthy_2,2126,1789846062.4093308,4741.8,126.84,738.16,4.46,103.49,0.063,20.28,14.06,21.34,75.0,1500.0,15.2,healthy,0.0
healthy_2,2127,1789846063.4093308,4719.8,126.57,734.51,4.46,103.6,0.0692,20.38,14.08,21.29,75.0,1500.0,15.2,healthy,0.0
healthy_2,2128,1789846064.4093308,4707.6,126.32,738.87,4.36,103.64,0.0707,20.24,14.06,21.31,75.0,1500.0,15.2,healthy,0.0
healthy_2,2129,1789846065.4093308,4718.9,126.44,740.08,4.4,103.71,0.0783,20.28,14.08,21.45,75.0,1500.0,15.2,healthy,0.0
healthy_2,2130,1789846066.4093308,4696.3,126.49,736.2,4.32,103.78,0.0759,20.19,14.09,21.28,75.0,1500.0,15.2,healthy,0.0
healthy_2,2131,1789846067.4093308,4684.6,126.65,734.82,4.37,103.71,0.0672,20.17,14.17,21.19,75.0,1500.0,15.2,healthy,0.0
healthy_2,2132,1789846068.4093308,4686.5,126.65,735.08,4.4,103.79,0.0704,20.03,14.1,21.25,75.0,1500.0,15.2,healthy,0.0
healthy_2,2133,1789846069.4093308,4676.1,126.54,736.79,4.34,103.73,0.0809,20.0,14.11,21.23,75.0,1500.0,15.2,healthy,0.0
healthy_2,2134,1789846070.4093308,4660.9,126.65,737.19,4.3,103.76,0.0808,19.96,14.18,21.15,75.0,1500.0,15.2,healthy,0.0
healthy_2,2135,1789846071.4093308,4674.5,126.26,735.39,4.3,103.66,0.0785,19.91,14.22,21.23,75.0,1500.0,15.2,healthy,0.0
healthy_2,2136,1789846072.4093308,4688.3,126.05,736.32,4.35,103.71,0.0839,20.05,14.26,21.16,75.0,1500.0,15.2,healthy,0.0
healthy_2,2137,1789846073.4093308,4717.9,126.29,731.35,4.29,103.77,0.0829,20.08,14.23,21.49,75.0,1500.0,15.2,healthy,0.0
healthy_2,2138,1789846074.4093308,4715.6,125.96,730.03,4.3,103.72,0.0724,20.17,14.19,21.58,75.0,1500.0,15.2,healthy,0.0
healthy_2,2139,1789846075.4093308,4715.8,125.6,736.65,4.3,103.45,0.0708,20.12,14.21,21.63,75.0,1500.0,15.2,healthy,0.0
healthy_2,2140,1789846076.4093308,4684.5,125.46,730.98,4.35,103.33,0.0727,20.21,14.29,21.36,75.0,1500.0,15.2,healthy,0.0
healthy_2,2141,1789846077.4093308,4683.1,125.41,731.6,4.42,103.43,0.069,20.26,14.35,21.1,75.0,1500.0,15.2,healthy,0.0
healthy_2,2142,1789846078.4093308,4659.4,125.65,734.88,4.38,103.38,0.0616,20.28,14.4,21.08,75.0,1500.0,15.2,healthy,0.0
healthy_2,2143,1789846079.4093308,4685.6,125.8,737.2,4.43,103.41,0.0702,20.29,14.49,21.09,75.0,1500.0,15.2,healthy,0.0
healthy_2,2144,1789846080.4093308,4692.6,125.63,741.16,4.41,103.27,0.0604,20.34,14.46,21.12,75.0,1500.0,15.2,healthy,0.0
healthy_2,2145,1789846081.4093308,4659.0,125.46,744.12,4.37,103.46,0.0664,20.38,14.45,21.19,75.0,1500.0,15.2,healthy,0.0
healthy_2,2146,1789846082.4093308,4684.9,125.68,740.07,4.41,103.55,0.0749,20.37,14.48,20.74,75.0,1500.0,15.2,healthy,0.0
healthy_2,2147,1789846083.4093308,4686.2,125.79,741.23,4.46,103.6,0.0721,20.35,14.42,20.62,75.0,1500.0,15.2,healthy,0.0
healthy_2,2148,1789846084.4093308,4693.3,126.03,735.86,4.37,103.65,0.0738,20.37,14.43,21.09,75.0,1500.0,15.2,healthy,0.0
healthy_2,2149,1789846085.4093308,4677.4,125.97,740.18,4.3,103.61,0.0718,20.32,14.51,21.29,75.0,1500.0,15.2,healthy,0.0
healthy_2,2150,1789846086.4093308,4681.4,126.06,734.7,4.31,103.65,0.0774,20.49,14.37,20.89,75.0,1500.0,15.2,healthy,0.0
healthy_2,2151,1789846087.4093308,4682.9,125.65,737.88,4.3,103.51,0.0755,20.07,14.4,20.9,75.0,1500.0,15.2,healthy,0.0
healthy_2,2152,1789846088.4093308,4686.8,125.72,744.55,4.3,103.37,0.0785,20.17,14.42,21.31,75.0,1500.0,15.2,healthy,0.0
healthy_2,2153,1789846089.4093308,4694.2,125.75,741.74,4.35,103.31,0.0782,20.13,14.43,21.38,75.0,1500.0,15.2,healthy,0.0
healthy_2,2154,1789846090.4093308,4710.7,125.66,739.1,4.38,103.41,0.0637,20.22,14.52,21.57,75.0,1500.0,15.2,healthy,0.0
healthy_2,2155,1789846091.4093308,4716.4,125.48,736.54,4.4,103.43,0.0664,20.31,14.43,21.58,75.0,1500.0,15.2,healthy,0.0
healthy_2,2156,1789846092.4093308,4733.2,125.47,738.28,4.42,103.4,0.0643,20.2,14.43,21.48,75.0,1500.0,15.2,healthy,0.0
healthy_2,2157,1789846093.4093308,4704.6,125.42,739.38,4.41,103.37,0.0718,20.34,14.45,21.51,75.0,1500.0,15.2,healthy,0.0
healthy_2,2158,1789846094.4093308,4691.0,125.85,741.55,4.36,103.28,0.0631,20.43,14.41,21.41,75.0,1500.0,15.2,healthy,0.0
healthy_2,2159,1789846095.4093308,4711.7,125.94,742.28,4.38,103.16,0.0677,20.33,14.34,21.41,75.0,1500.0,15.2,healthy,0.0
healthy_2,2160,1789846096.4093308,4699.7,125.94,743.03,4.35,103.18,0.0714,20.42,14.29,21.56,75.0,1500.0,15.2,healthy,0.0
healthy_2,2161,1789846097.4093308,4695.0,125.57,734.51,4.41,103.18,0.0751,20.39,14.28,21.36,75.0,1500.0,15.2,healthy,0.0
healthy_2,2162,1789846098.4093308,4701.8,125.81,736.52,4.29,103.24,0.0713,20.17,14.3,21.29,75.0,1500.0,15.2,healthy,0.0
healthy_2,2163,1789846099.4093308,4689.3,125.84,736.08,4.33,103.07,0.0629,19.99,14.27,21.56,75.0,1500.0,15.2,healthy,0.0
healthy_2,2164,1789846100.4093308,4698.6,125.89,739.21,4.39,102.9,0.0645,20.02,14.2,21.27,75.0,1500.0,15.2,healthy,0.0
healthy_2,2165,1789846101.4093308,4718.1,125.89,743.2,4.35,103.0,0.065,20.17,14.23,21.24,75.0,1500.0,15.2,healthy,0.0
healthy_2,2166,1789846102.4093308,4706.4,126.0,746.07,4.39,102.98,0.0705,20.27,14.15,21.15,75.0,1500.0,15.2,healthy,0.0
healthy_2,2167,1789846103.4093308,4694.6,126.03,746.71,4.43,103.1,0.0659,20.26,14.15,21.32,75.0,1500.0,15.2,healthy,0.0
healthy_2,2168,1789846104.4093308,4693.0,126.29,744.05,4.36,103.12,0.0696,20.23,14.18,21.32,75.0,1500.0,15.2,healthy,0.0
healthy_2,2169,1789846105.4093308,4699.7,126.17,743.34,4.37,103.16,0.0767,19.96,14.11,21.33,75.0,1500.0,15.2,healthy,0.0
healthy_2,2170,1789846106.4093308,4703.2,126.53,740.94,4.32,103.37,0.0796,20.09,14.11,21.56,75.0,1500.0,15.2,healthy,0.0
healthy_2,2171,1789846107.4093308,4694.3,126.41,738.67,4.28,103.38,0.0764,20.14,14.11,21.4,75.0,1500.0,15.2,healthy,0.0
healthy_2,2172,1789846108.4093308,4695.8,126.21,737.07,4.25,103.18,0.0761,20.32,14.09,21.38,75.0,1500.0,15.2,healthy,0.0
healthy_2,2173,1789846109.4093308,4707.2,125.98,738.08,4.29,103.17,0.067,20.3,14.11,21.24,75.0,1500.0,15.2,healthy,0.0
healthy_2,2174,1789846110.4093308,4700.9,125.95,743.48,4.34,103.06,0.0693,20.39,14.08,20.96,75.0,1500.0,15.2,healthy,0.0
healthy_2,2175,1789846111.4093308,4709.2,125.9,745.05,4.3,103.06,0.0711,20.57,14.11,21.07,75.0,1500.0,15.2,healthy,0.0
healthy_2,2176,1789846112.4093308,4695.1,126.07,740.54,4.31,102.96,0.0691,20.57,14.11,21.4,75.0,1500.0,15.2,healthy,0.0
healthy_2,2177,1789846113.4093308,4682.6,126.31,740.69,4.31,103.15,0.0792,20.3,14.04,21.36,75.0,1500.0,15.2,healthy,0.0
healthy_2,2178,1789846114.4093308,4690.3,126.31,739.51,4.4,103.16,0.0804,20.29,14.03,21.39,75.0,1500.0,15.2,healthy,0.0
healthy_2,2179,1789846115.4093308,4686.6,126.72,738.69,4.4,103.04,0.0793,20.26,13.98,21.28,75.0,1500.0,15.2,healthy,0.0
healthy_2,2180,1789846116.4093308,4695.5,127.04,733.57,4.41,103.16,0.0842,20.5,13.94,21.2,75.0,1500.0,15.2,healthy,0.0
healthy_2,2181,1789846117.4093308,4667.2,127.06,734.05,4.47,103.16,0.0792,20.45,13.98,20.91,75.0,1500.0,15.2,healthy,0.0
healthy_2,2182,1789846118.4093308,4679.9,126.73,729.38,4.49,103.18,0.0815,20.44,14.0,20.99,75.0,1500.0,15.2,healthy,0.0
healthy_2,2183,1789846119.4093308,4705.4,127.45,727.4,4.35,103.06,0.0775,20.36,14.06,20.9,75.0,1500.0,15.2,healthy,0.0
healthy_2,2184,1789846120.4093308,4721.6,127.46,727.84,4.35,102.97,0.0734,20.33,14.06,20.73,75.0,1500.0,15.2,healthy,0.0
healthy_2,2185,1789846121.4093308,4717.2,127.48,730.93,4.32,102.96,0.0713,20.21,14.12,20.83,75.0,1500.0,15.2,healthy,0.0
healthy_2,2186,1789846122.4093308,4694.2,127.66,736.11,4.35,103.01,0.0828,20.18,14.12,20.66,75.0,1500.0,15.2,healthy,0.0
healthy_2,2187,1789846123.4093308,4701.1,127.6,735.96,4.43,102.92,0.0814,20.18,14.1,20.49,75.0,1500.0,15.2,healthy,0.0
healthy_2,2188,1789846124.4093308,4694.9,127.5,732.19,4.47,103.09,0.0732,20.24,14.12,20.91,75.0,1500.0,15.2,healthy,0.0
healthy_2,2189,1789846125.4093308,4695.3,127.58,732.6,4.38,103.25,0.0719,20.27,14.06,21.13,75.0,1500.0,15.2,healthy,0.0
healthy_2,2190,1789846126.4093308,4691.9,127.4,733.57,4.44,103.3,0.0636,20.12,14.03,21.04,75.0,1500.0,15.2,healthy,0.0
healthy_2,2191,1789846127.4093308,4713.0,127.56,734.96,4.4,103.16,0.0656,20.27,14.09,21.16,75.0,1500.0,15.2,healthy,0.0
healthy_2,2192,1789846128.4093308,4692.3,127.64,735.97,4.31,103.27,0.0662,20.26,14.05,21.09,75.0,1500.0,15.2,healthy,0.0
healthy_2,2193,1789846129.4093308,4685.1,127.55,737.5,4.27,103.21,0.0749,20.23,14.02,21.28,75.0,1500.0,15.2,healthy,0.0
healthy_2,2194,1789846130.4093308,4685.1,127.54,739.21,4.24,103.24,0.0771,20.19,14.03,21.34,75.0,1500.0,15.2,healthy,0.0
healthy_2,2195,1789846131.4093308,4684.9,127.68,739.56,4.36,103.33,0.0731,20.2,14.05,21.15,75.0,1500.0,15.2,healthy,0.0
healthy_2,2196,1789846132.4093308,4706.3,127.6,734.56,4.42,103.38,0.0719,20.32,14.08,21.09,75.0,1500.0,15.2,healthy,0.0
healthy_2,2197,1789846133.4093308,4710.6,127.64,734.75,4.42,103.32,0.0777,20.25,14.08,20.79,75.0,1500.0,15.2,healthy,0.0
healthy_2,2198,1789846134.4093308,4674.7,127.5,734.47,4.47,103.31,0.0724,20.27,14.1,20.86,75.0,1500.0,15.2,healthy,0.0
healthy_2,2199,1789846135.4093308,4666.7,127.23,734.5,4.47,103.43,0.0703,20.42,14.03,21.22,75.0,1500.0,15.2,healthy,0.0
healthy_2,2200,1789846136.4093308,4673.5,127.33,734.02,4.42,103.26,0.0689,20.36,14.06,21.09,75.0,1500.0,15.2,healthy,0.0
healthy_2,2201,1789846137.4093308,4690.1,127.17,728.69,4.44,103.29,0.0605,20.18,13.97,21.33,75.0,1500.0,15.2,healthy,0.0
healthy_2,2202,1789846138.4093308,4699.0,127.18,724.45,4.39,103.31,0.0611,20.22,13.96,21.23,75.0,1500.0,15.2,healthy,0.0
healthy_2,2203,1789846139.4093308,4712.9,127.35,729.47,4.4,103.4,0.0594,20.47,13.95,21.32,75.0,1500.0,15.2,healthy,0.0
healthy_2,2204,1789846140.4093308,4705.7,127.39,737.03,4.36,103.39,0.071,20.35,13.88,21.27,75.0,1500.0,15.2,healthy,0.0
healthy_2,2205,1789846141.4093308,4710.1,127.29,735.82,4.36,103.37,0.0734,20.25,13.92,21.24,75.0,1500.0,15.2,healthy,0.0
healthy_2,2206,1789846142.4093308,4704.3,127.1,731.42,4.38,103.51,0.0701,20.43,13.96,21.27,75.0,1500.0,15.2,healthy,0.0
healthy_2,2207,1789846143.4093308,4694.0,127.27,730.9,4.43,103.39,0.0832,20.45,14.05,21.23,75.0,1500.0,15.2,healthy,0.0
healthy_2,2208,1789846144.4093308,4706.0,126.93,733.77,4.39,103.42,0.0801,20.49,14.11,21.48,75.0,1500.0,15.2,healthy,0.0
healthy_2,2209,1789846145.4093308,4700.0,126.64,742.65,4.33,103.51,0.0901,20.66,14.17,20.98,75.0,1500.0,15.2,healthy,0.0
healthy_2,2210,1789846146.4093308,4729.4,126.79,735.84,4.27,103.4,0.0793,20.63,14.17,21.27,75.0,1500.0,15.2,healthy,0.0
healthy_2,2211,1789846147.4093308,4735.0,127.17,737.95,4.3,103.39,0.0793,20.5,14.22,21.2,75.0,1500.0,15.2,healthy,0.0
healthy_2,2212,1789846148.4093308,4719.6,127.16,737.34,4.36,103.42,0.0702,20.7,14.2,21.45,75.0,1500.0,15.2,healthy,0.0
healthy_2,2213,1789846149.4093308,4684.8,126.77,738.17,4.38,103.43,0.073,20.73,14.16,21.38,75.0,1500.0,15.2,healthy,0.0
healthy_2,2214,1789846150.4093308,4702.8,126.79,739.96,4.32,103.3,0.0767,20.5,14.16,21.16,75.0,1500.0,15.2,healthy,0.0
healthy_2,2215,1789846151.4093308,4705.2,126.7,739.85,4.2,103.21,0.0719,20.43,14.13,21.46,75.0,1500.0,15.2,healthy,0.0
healthy_2,2216,1789846152.4093308,4716.8,126.81,737.02,4.21,103.23,0.0713,20.55,14.1,21.26,75.0,1500.0,15.2,healthy,0.0
healthy_2,2217,1789846153.4093308,4731.7,126.93,734.97,4.18,103.31,0.0763,20.48,14.07,21.24,75.0,1500.0,15.2,healthy,0.0
healthy_2,2218,1789846154.4093308,4752.9,126.84,735.75,4.21,103.28,0.0736,20.45,14.07,21.35,75.0,1500.0,15.2,healthy,0.0
healthy_2,2219,1789846155.4093308,4751.2,126.63,740.41,4.19,103.3,0.0817,20.35,14.08,21.31,75.0,1500.0,15.2,healthy,0.0
healthy_2,2220,1789846156.4093308,4751.6,127.08,735.45,4.23,103.22,0.0662,20.4,14.07,21.29,75.0,1500.0,15.2,healthy,0.0
healthy_2,2221,1789846157.4093308,4750.9,126.68,737.41,4.24,103.28,0.0697,20.41,14.03,21.51,75.0,1500.0,15.2,healthy,0.0
healthy_2,2222,1789846158.4093308,4737.6,126.62,740.62,4.22,103.41,0.0717,20.16,14.07,21.19,75.0,1500.0,15.2,healthy,0.0
healthy_2,2223,1789846159.4093308,4739.5,127.05,736.5,4.33,103.43,0.0736,20.09,14.16,20.89,75.0,1500.0,15.2,healthy,0.0
healthy_2,2224,1789846160.4093308,4733.3,126.86,739.67,4.33,103.44,0.0637,19.92,14.17,21.06,75.0,1500.0,15.2,healthy,0.0
healthy_2,2225,1789846161.4093308,4720.9,127.03,741.01,4.33,103.38,0.0675,19.84,14.22,21.51,75.0,1500.0,15.2,healthy,0.0
healthy_2,2226,1789846162.4093308,4725.0,127.05,738.81,4.33,103.16,0.0785,19.89,14.2,21.48,75.0,1500.0,15.2,healthy,0.0
healthy_2,2227,1789846163.4093308,4741.0,126.95,741.71,4.38,103.13,0.0681,19.92,14.12,21.54,75.0,1500.0,15.2,healthy,0.0
healthy_2,2228,1789846164.4093308,4728.9,126.81,738.94,4.43,103.41,0.0703,20.09,14.18,21.49,75.0,1500.0,15.2,healthy,0.0
healthy_2,2229,1789846165.4093308,4729.3,126.9,738.83,4.35,103.46,0.0638,19.99,14.2,21.19,75.0,1500.0,15.2,healthy,0.0
healthy_2,2230,1789846166.4093308,4712.7,126.79,736.49,4.39,103.55,0.0643,19.71,14.25,20.94,75.0,1500.0,15.2,healthy,0.0
healthy_2,2231,1789846167.4093308,4697.4,126.69,736.14,4.31,103.47,0.0654,19.84,14.21,20.95,75.0,1500.0,15.2,healthy,0.0
healthy_2,2232,1789846168.4093308,4709.3,126.62,736.44,4.41,103.4,0.0691,19.89,14.3,21.17,75.0,1500.0,15.2,healthy,0.0
healthy_2,2233,1789846169.4093308,4685.8,126.76,739.81,4.46,103.36,0.0607,19.83,14.2,21.2,75.0,1500.0,15.2,healthy,0.0
healthy_2,2234,1789846170.4093308,4683.7,126.87,740.79,4.43,103.25,0.0631,19.93,14.19,21.28,75.0,1500.0,15.2,healthy,0.0
healthy_2,2235,1789846171.4093308,4667.7,126.66,742.65,4.41,103.16,0.0643,19.89,14.25,20.89,75.0,1500.0,15.2,healthy,0.0
healthy_2,2236,1789846172.4093308,4689.4,126.91,737.97,4.46,103.31,0.0689,20.12,14.25,21.36,75.0,1500.0,15.2,healthy,0.0
healthy_2,2237,1789846173.4093308,4667.3,126.97,735.88,4.44,103.45,0.0728,20.22,14.25,21.14,75.0,1500.0,15.2,healthy,0.0
healthy_2,2238,1789846174.4093308,4675.0,127.09,737.64,4.46,103.53,0.0758,20.09,14.32,21.4,75.0,1500.0,15.2,healthy,0.0
healthy_2,2239,1789846175.4093308,4676.9,127.09,736.92,4.45,103.63,0.0692,20.06,14.36,21.24,75.0,1500.0,15.2,healthy,0.0
healthy_2,2240,1789846176.4093308,4680.7,126.88,737.94,4.43,103.65,0.0703,19.95,14.32,21.26,75.0,1500.0,15.2,healthy,0.0
healthy_2,2241,1789846177.4093308,4700.0,126.64,736.2,4.44,103.67,0.0686,19.99,14.32,21.12,75.0,1500.0,15.2,healthy,0.0
healthy_2,2242,1789846178.4093308,4704.5,126.59,743.39,4.41,103.72,0.0816,20.19,14.31,21.21,75.0,1500.0,15.2,healthy,0.0
healthy_2,2243,1789846179.4093308,4690.3,126.72,745.9,4.29,103.51,0.0742,19.99,14.34,21.18,75.0,1500.0,15.2,healthy,0.0
healthy_2,2244,1789846180.4093308,4692.3,126.7,742.74,4.27,103.46,0.0698,20.12,14.4,21.44,75.0,1500.0,15.2,healthy,0.0
healthy_2,2245,1789846181.4093308,4686.8,126.86,743.24,4.3,103.46,0.0685,20.2,14.4,21.1,75.0,1500.0,15.2,healthy,0.0
healthy_2,2246,1789846182.4093308,4687.5,126.78,738.52,4.34,103.41,0.0672,20.16,14.42,21.1,75.0,1500.0,15.2,healthy,0.0
healthy_2,2247,1789846183.4093308,4674.3,126.72,742.75,4.28,103.63,0.0644,20.28,14.38,20.86,75.0,1500.0,15.2,healthy,0.0
healthy_2,2248,1789846184.4093308,4681.2,126.77,744.04,4.26,103.66,0.0678,20.44,14.39,21.13,75.0,1500.0,15.2,healthy,0.0
healthy_2,2249,1789846185.4093308,4689.5,126.79,743.55,4.34,103.56,0.0802,20.36,14.37,20.61,75.0,1500.0,15.2,healthy,0.0
healthy_2,2250,1789846186.4093308,4682.7,127.02,744.4,4.39,103.62,0.0779,20.38,14.36,20.96,75.0,1500.0,15.2,healthy,0.0
healthy_2,2251,1789846187.4093308,4668.3,127.02,745.8,4.4,103.51,0.0707,20.39,14.29,21.13,75.0,1500.0,15.2,healthy,0.0
healthy_2,2252,1789846188.4093308,4686.1,127.1,745.26,4.47,103.48,0.0772,20.34,14.22,21.49,75.0,1500.0,15.2,healthy,0.0
healthy_2,2253,1789846189.4093308,4664.2,126.78,748.31,4.39,103.45,0.081,20.24,14.18,21.09,75.0,1500.0,15.2,healthy,0.0
healthy_2,2254,1789846190.4093308,4664.5,126.82,747.65,4.37,103.37,0.0709,20.29,14.07,21.22,75.0,1500.0,15.2,healthy,0.0
healthy_2,2255,1789846191.4093308,4655.8,126.6,745.13,4.32,103.29,0.0688,20.35,14.12,21.26,75.0,1500.0,15.2,healthy,0.0
healthy_2,2256,1789846192.4093308,4669.0,126.69,743.07,4.3,103.38,0.0659,20.18,14.12,21.2,75.0,1500.0,15.2,healthy,0.0
healthy_2,2257,1789846193.4093308,4707.7,126.78,738.62,4.34,103.28,0.0695,20.25,14.1,21.48,75.0,1500.0,15.2,healthy,0.0
healthy_2,2258,1789846194.4093308,4694.8,127.12,740.21,4.32,103.33,0.0772,20.19,14.18,21.36,75.0,1500.0,15.2,healthy,0.0
healthy_2,2259,1789846195.4093308,4733.4,127.17,740.98,4.33,103.35,0.0788,20.17,14.2,21.36,75.0,1500.0,15.2,healthy,0.0
healthy_2,2260,1789846196.4093308,4732.8,127.04,743.02,4.37,103.47,0.0806,20.15,14.09,21.5,75.0,1500.0,15.2,healthy,0.0
healthy_2,2261,1789846197.4093308,4720.7,127.19,740.01,4.32,103.41,0.0816,20.11,14.07,21.48,75.0,1500.0,15.2,healthy,0.0
healthy_2,2262,1789846198.4093308,4735.8,127.2,740.61,4.32,103.56,0.0694,20.23,14.18,21.01,75.0,1500.0,15.2,healthy,0.0
healthy_2,2263,1789846199.4093308,4713.5,127.03,744.96,4.38,103.47,0.0718,20.13,14.2,21.3,75.0,1500.0,15.2,healthy,0.0
healthy_2,2264,1789846200.4093308,4697.5,127.13,740.77,4.38,103.56,0.0677,20.16,14.28,21.36,75.0,1500.0,15.2,healthy,0.0
healthy_2,2265,1789846201.4093308,4711.7,126.94,743.67,4.37,103.51,0.0745,20.28,14.24,21.42,75.0,1500.0,15.2,healthy,0.0
healthy_2,2266,1789846202.4093308,4696.6,126.76,744.49,4.35,103.5,0.0746,20.26,14.24,21.54,75.0,1500.0,15.2,healthy,0.0
healthy_2,2267,1789846203.4093308,4707.7,126.96,742.91,4.34,103.57,0.0857,20.37,14.22,21.87,75.0,1500.0,15.2,healthy,0.0
healthy_2,2268,1789846204.4093308,4705.9,127.37,740.58,4.36,103.56,0.0763,20.26,14.21,21.54,75.0,1500.0,15.2,healthy,0.0
healthy_2,2269,1789846205.4093308,4719.1,126.97,735.82,4.37,103.61,0.0788,20.12,14.26,21.47,75.0,1500.0,15.2,healthy,0.0
healthy_2,2270,1789846206.4093308,4725.9,127.12,740.65,4.44,103.45,0.0851,20.12,14.22,21.58,75.0,1500.0,15.2,healthy,0.0
healthy_2,2271,1789846207.4093308,4692.7,126.85,739.16,4.35,103.36,0.0872,20.21,14.26,21.18,75.0,1500.0,15.2,healthy,0.0
healthy_2,2272,1789846208.4093308,4681.4,126.91,735.92,4.39,103.37,0.0837,20.14,14.26,21.28,75.0,1500.0,15.2,healthy,0.0
healthy_2,2273,1789846209.4093308,4709.1,126.95,736.27,4.42,103.51,0.0782,20.25,14.31,21.01,75.0,1500.0,15.2,healthy,0.0
healthy_2,2274,1789846210.4093308,4731.4,127.02,739.33,4.43,103.49,0.0786,20.37,14.29,21.02,75.0,1500.0,15.2,healthy,0.0
healthy_2,2275,1789846211.4093308,4700.3,126.57,743.11,4.45,103.62,0.0701,20.45,14.28,21.28,75.0,1500.0,15.2,healthy,0.0
healthy_2,2276,1789846212.4093308,4724.8,126.34,738.07,4.51,103.74,0.0749,20.46,14.26,21.13,75.0,1500.0,15.2,healthy,0.0
healthy_2,2277,1789846213.4093308,4724.7,125.89,735.79,4.39,103.77,0.0785,20.5,14.24,21.39,75.0,1500.0,15.2,healthy,0.0
healthy_2,2278,1789846214.4093308,4727.9,125.64,734.92,4.33,103.88,0.0782,20.5,14.22,21.48,75.0,1500.0,15.2,healthy,0.0
healthy_2,2279,1789846215.4093308,4695.7,125.46,730.23,4.3,103.86,0.0713,20.54,14.24,21.43,75.0,1500.0,15.2,healthy,0.0
healthy_2,2280,1789846216.4093308,4700.4,125.32,733.32,4.35,103.96,0.0745,20.43,14.29,21.24,75.0,1500.0,15.2,healthy,0.0
healthy_2,2281,1789846217.4093308,4712.3,125.48,733.07,4.33,104.17,0.0729,20.49,14.23,21.25,75.0,1500.0,15.2,healthy,0.0
healthy_2,2282,1789846218.4093308,4721.1,125.67,732.61,4.3,104.17,0.0773,20.43,14.21,21.58,75.0,1500.0,15.2,healthy,0.0
healthy_2,2283,1789846219.4093308,4712.3,125.86,732.39,4.25,104.26,0.0779,20.59,14.18,21.9,75.0,1500.0,15.2,healthy,0.0
healthy_2,2284,1789846220.4093308,4669.1,125.84,735.52,4.33,104.47,0.0767,20.5,14.22,21.62,75.0,1500.0,15.2,healthy,0.0
healthy_2,2285,1789846221.4093308,4672.7,125.7,738.89,4.26,104.29,0.0782,20.37,14.12,21.18,75.0,1500.0,15.2,healthy,0.0
healthy_2,2286,1789846222.4093308,4687.3,125.76,745.66,4.3,104.42,0.0806,20.36,14.1,21.43,75.0,1500.0,15.2,healthy,0.0
healthy_2,2287,1789846223.4093308,4678.0,125.97,743.38,4.33,104.31,0.0666,20.38,14.09,21.39,75.0,1500.0,15.2,healthy,0.0
healthy_2,2288,1789846224.4093308,4693.9,126.02,741.04,4.28,104.4,0.0666,20.33,14.06,21.34,75.0,1500.0,15.2,healthy,0.0
healthy_2,2289,1789846225.4093308,4677.0,126.15,743.53,4.25,104.4,0.0694,20.24,14.06,21.55,75.0,1500.0,15.2,healthy,0.0
healthy_2,2290,1789846226.4093308,4689.5,125.7,745.52,4.37,104.28,0.0692,20.39,14.15,21.38,75.0,1500.0,15.2,healthy,0.0
healthy_2,2291,1789846227.4093308,4701.9,125.42,746.42,4.36,104.19,0.0585,20.28,14.14,21.55,75.0,1500.0,15.2,healthy,0.0
healthy_2,2292,1789846228.4093308,4668.7,125.51,745.08,4.37,104.13,0.0728,20.31,14.1,21.36,75.0,1500.0,15.2,healthy,0.0
healthy_2,2293,1789846229.4093308,4674.2,125.61,736.44,4.38,104.23,0.0811,20.32,13.99,21.31,75.0,1500.0,15.2,healthy,0.0
healthy_2,2294,1789846230.4093308,4683.6,125.81,736.75,4.37,104.18,0.0778,20.29,14.05,21.35,75.0,1500.0,15.2,healthy,0.0
healthy_2,2295,1789846231.4093308,4709.4,125.36,738.21,4.36,104.24,0.0748,20.1,14.08,21.33,75.0,1500.0,15.2,healthy,0.0
healthy_2,2296,1789846232.4093308,4738.0,125.63,744.05,4.28,104.28,0.0757,20.23,14.11,21.18,75.0,1500.0,15.2,healthy,0.0
healthy_2,2297,1789846233.4093308,4722.7,125.82,747.44,4.33,104.15,0.0768,20.28,14.09,21.21,75.0,1500.0,15.2,healthy,0.0
healthy_2,2298,1789846234.4093308,4722.6,125.96,751.96,4.35,104.23,0.0782,20.28,14.08,21.19,75.0,1500.0,15.2,healthy,0.0
healthy_2,2299,1789846235.4093308,4705.7,125.97,751.57,4.35,104.46,0.0738,20.24,14.04,21.42,75.0,1500.0,15.2,healthy,0.0
healthy_2,2300,1789846236.4093308,4719.7,126.06,748.6,4.32,104.49,0.0875,20.29,14.06,21.29,75.0,1500.0,15.2,healthy,0.0
healthy_2,2301,1789846237.4093308,4686.8,125.9,746.41,4.28,104.44,0.0759,20.27,14.04,21.02,75.0,1500.0,15.2,healthy,0.0
healthy_2,2302,1789846238.4093308,4677.0,125.97,741.41,4.27,104.37,0.0793,20.29,13.98,21.44,75.0,1500.0,15.2,healthy,0.0
healthy_2,2303,1789846239.4093308,4665.5,126.2,739.42,4.32,104.24,0.0738,20.33,13.99,21.59,75.0,1500.0,15.2,healthy,0.0
healthy_2,2304,1789846240.4093308,4668.2,126.29,740.14,4.28,104.28,0.0774,20.23,14.04,21.58,75.0,1500.0,15.2,healthy,0.0
healthy_2,2305,1789846241.4093308,4689.9,125.97,741.05,4.24,104.25,0.0775,20.27,14.05,21.61,75.0,1500.0,15.2,healthy,0.0
healthy_2,2306,1789846242.4093308,4712.5,126.37,738.88,4.18,104.15,0.0738,20.38,14.04,21.51,75.0,1500.0,15.2,healthy,0.0
healthy_2,2307,1789846243.4093308,4731.2,126.55,740.9,4.22,104.34,0.0751,20.38,14.12,21.34,75.0,1500.0,15.2,healthy,0.0
healthy_2,2308,1789846244.4093308,4717.5,126.65,740.85,4.25,104.21,0.0741,20.15,14.14,21.59,75.0,1500.0,15.2,healthy,0.0
healthy_2,2309,1789846245.4093308,4729.3,126.5,745.98,4.23,104.05,0.0684,20.25,14.03,21.6,75.0,1500.0,15.2,healthy,0.0
healthy_2,2310,1789846246.4093308,4726.9,126.74,745.32,4.31,103.96,0.0757,20.25,14.05,21.52,75.0,1500.0,15.2,healthy,0.0
healthy_2,2311,1789846247.4093308,4726.1,126.77,741.02,4.37,104.01,0.0721,20.41,14.11,21.22,75.0,1500.0,15.2,healthy,0.0
healthy_2,2312,1789846248.4093308,4733.6,126.45,738.05,4.32,104.13,0.0702,20.44,14.16,21.2,75.0,1500.0,15.2,healthy,0.0
healthy_2,2313,1789846249.4093308,4716.4,126.28,742.03,4.3,104.15,0.0708,20.32,14.1,21.18,75.0,1500.0,15.2,healthy,0.0
healthy_2,2314,1789846250.4093308,4704.5,126.29,746.18,4.4,104.27,0.082,20.28,14.19,21.13,75.0,1500.0,15.2,healthy,0.0
healthy_2,2315,1789846251.4093308,4709.5,126.34,741.28,4.41,104.22,0.0792,20.44,14.21,21.23,75.0,1500.0,15.2,healthy,0.0
healthy_2,2316,1789846252.4093308,4692.3,126.29,738.54,4.27,104.18,0.0808,20.26,14.23,21.58,75.0,1500.0,15.2,healthy,0.0
healthy_2,2317,1789846253.4093308,4670.1,126.12,741.66,4.26,104.36,0.0739,20.1,14.14,21.79,75.0,1500.0,15.2,healthy,0.0
healthy_2,2318,1789846254.4093308,4660.0,126.31,739.46,4.23,104.25,0.0731,20.03,14.09,21.39,75.0,1500.0,15.2,healthy,0.0
healthy_2,2319,1789846255.4093308,4683.5,126.25,738.44,4.16,104.12,0.0743,20.17,14.08,21.76,75.0,1500.0,15.2,healthy,0.0
healthy_2,2320,1789846256.4093308,4717.6,126.29,736.5,4.2,104.01,0.0688,20.01,14.1,21.9,75.0,1500.0,15.2,healthy,0.0
healthy_2,2321,1789846257.4093308,4702.1,126.4,732.44,4.27,104.0,0.0666,20.06,14.12,21.63,75.0,1500.0,15.2,healthy,0.0
healthy_2,2322,1789846258.4093308,4715.7,126.39,732.17,4.27,103.9,0.0768,20.15,14.1,21.34,75.0,1500.0,15.2,healthy,0.0
healthy_2,2323,1789846259.4093308,4710.8,126.21,736.05,4.42,103.89,0.0665,20.24,14.09,21.34,75.0,1500.0,15.2,healthy,0.0
healthy_2,2324,1789846260.4093308,4714.1,126.56,734.41,4.42,104.0,0.0737,20.23,14.13,21.55,75.0,1500.0,15.2,healthy,0.0
healthy_2,2325,1789846261.4093308,4732.5,126.43,736.37,4.41,103.86,0.0754,20.3,14.2,21.58,75.0,1500.0,15.2,healthy,0.0
healthy_2,2326,1789846262.4093308,4724.4,126.37,737.32,4.37,103.99,0.081,20.09,14.17,21.13,75.0,1500.0,15.2,healthy,0.0
healthy_2,2327,1789846263.4093308,4736.7,126.19,734.72,4.38,103.98,0.084,20.05,14.09,21.26,75.0,1500.0,15.2,healthy,0.0
healthy_2,2328,1789846264.4093308,4754.1,126.32,730.03,4.37,103.85,0.0806,20.12,14.1,21.17,75.0,1500.0,15.2,healthy,0.0
healthy_2,2329,1789846265.4093308,4745.1,126.48,732.29,4.32,103.76,0.08,20.17,14.08,21.58,75.0,1500.0,15.2,healthy,0.0
healthy_2,2330,1789846266.4093308,4721.8,126.3,733.46,4.36,103.84,0.0793,20.1,14.07,21.23,75.0,1500.0,15.2,healthy,0.0
healthy_2,2331,1789846267.4093308,4723.1,126.24,735.18,4.44,103.85,0.0677,20.11,14.08,21.17,75.0,1500.0,15.2,healthy,0.0
healthy_2,2332,1789846268.4093308,4704.6,126.6,737.23,4.45,103.86,0.0696,20.0,14.13,21.1,75.0,1500.0,15.2,healthy,0.0
healthy_2,2333,1789846269.4093308,4705.1,126.75,735.4,4.36,104.03,0.068,20.06,14.16,20.99,75.0,1500.0,15.2,healthy,0.0
healthy_2,2334,1789846270.4093308,4705.9,126.86,739.92,4.5,104.15,0.0742,19.91,14.19,21.01,75.0,1500.0,15.2,healthy,0.0
healthy_2,2335,1789846271.4093308,4708.6,127.46,740.52,4.45,104.15,0.0709,19.87,14.12,21.04,75.0,1500.0,15.2,healthy,0.0
healthy_2,2336,1789846272.4093308,4718.1,127.36,740.33,4.47,104.29,0.066,20.07,14.11,20.78,75.0,1500.0,15.2,healthy,0.0
healthy_2,2337,1789846273.4093308,4689.9,127.44,739.34,4.4,104.34,0.0734,20.11,14.17,20.93,75.0,1500.0,15.2,healthy,0.0
healthy_2,2338,1789846274.4093308,4697.5,127.31,738.31,4.32,104.4,0.0713,20.17,14.25,20.63,75.0,1500.0,15.2,healthy,0.0
healthy_2,2339,1789846275.4093308,4685.2,127.14,737.74,4.34,104.36,0.0769,20.26,14.35,21.02,75.0,1500.0,15.2,healthy,0.0
healthy_2,2340,1789846276.4093308,4678.7,126.88,740.5,4.4,104.37,0.0738,20.35,14.32,20.95,75.0,1500.0,15.2,healthy,0.0
healthy_2,2341,1789846277.4093308,4675.3,126.68,742.92,4.41,104.14,0.0817,20.44,14.31,21.12,75.0,1500.0,15.2,healthy,0.0
healthy_2,2342,1789846278.4093308,4673.9,126.99,744.28,4.34,104.29,0.0811,20.35,14.32,21.2,75.0,1500.0,15.2,healthy,0.0
healthy_2,2343,1789846279.4093308,4687.5,126.74,740.52,4.33,104.2,0.0787,20.32,14.32,21.0,75.0,1500.0,15.2,healthy,0.0
healthy_2,2344,1789846280.4093308,4689.5,126.62,739.54,4.42,104.06,0.0699,20.27,14.19,21.26,75.0,1500.0,15.2,healthy,0.0
healthy_2,2345,1789846281.4093308,4695.4,126.56,738.13,4.39,103.86,0.0822,20.35,14.13,21.06,75.0,1500.0,15.2,healthy,0.0
healthy_2,2346,1789846282.4093308,4685.2,126.48,739.76,4.32,103.84,0.0875,20.42,14.1,20.87,75.0,1500.0,15.2,healthy,0.0
healthy_2,2347,1789846283.4093308,4684.0,126.33,741.32,4.34,103.7,0.0907,20.29,14.07,20.98,75.0,1500.0,15.2,healthy,0.0
healthy_2,2348,1789846284.4093308,4692.2,126.64,742.43,4.32,103.87,0.0853,20.42,14.06,21.16,75.0,1500.0,15.2,healthy,0.0
healthy_2,2349,1789846285.4093308,4680.4,126.81,747.21,4.4,103.78,0.0806,20.36,14.04,21.06,75.0,1500.0,15.2,healthy,0.0
healthy_2,2350,1789846286.4093308,4690.2,126.65,746.74,4.38,103.81,0.0792,20.26,14.01,21.24,75.0,1500.0,15.2,healthy,0.0
healthy_2,2351,1789846287.4093308,4668.3,126.43,747.6,4.46,103.87,0.0714,20.29,14.04,21.33,75.0,1500.0,15.2,healthy,0.0
healthy_2,2352,1789846288.4093308,4657.1,126.31,745.95,4.38,103.84,0.0787,20.18,14.07,21.38,75.0,1500.0,15.2,healthy,0.0
healthy_2,2353,1789846289.4093308,4668.8,126.3,740.76,4.28,103.73,0.0787,20.09,14.04,21.16,75.0,1500.0,15.2,healthy,0.0
healthy_2,2354,1789846290.4093308,4712.6,126.13,740.84,4.24,103.57,0.0819,20.0,14.04,21.16,75.0,1500.0,15.2,healthy,0.0
healthy_2,2355,1789846291.4093308,4699.2,126.19,742.61,4.17,103.62,0.0719,20.04,14.01,21.36,75.0,1500.0,15.2,healthy,0.0
healthy_2,2356,1789846292.4093308,4691.3,126.38,745.67,4.32,103.56,0.0682,20.23,14.07,21.24,75.0,1500.0,15.2,healthy,0.0
healthy_2,2357,1789846293.4093308,4706.5,126.54,746.3,4.43,103.55,0.0671,20.25,14.1,21.09,75.0,1500.0,15.2,healthy,0.0
healthy_2,2358,1789846294.4093308,4681.0,126.63,740.09,4.45,103.6,0.0657,20.22,14.12,20.94,75.0,1500.0,15.2,healthy,0.0
healthy_2,2359,1789846295.4093308,4708.0,126.91,739.92,4.41,103.63,0.0671,20.26,14.09,20.65,75.0,1500.0,15.2,healthy,0.0
healthy_2,2360,1789846296.4093308,4722.9,126.97,737.86,4.32,103.76,0.0799,20.21,14.03,20.84,75.0,1500.0,15.2,healthy,0.0
healthy_2,2361,1789846297.4093308,4710.3,126.79,737.39,4.29,103.85,0.0732,20.39,14.09,21.16,75.0,1500.0,15.2,healthy,0.0
healthy_2,2362,1789846298.4093308,4688.4,126.82,738.43,4.34,103.88,0.0734,20.31,14.07,21.23,75.0,1500.0,15.2,healthy,0.0
healthy_2,2363,1789846299.4093308,4706.2,126.65,738.53,4.34,103.99,0.0734,20.24,14.12,21.14,75.0,1500.0,15.2,healthy,0.0
healthy_2,2364,1789846300.4093308,4724.4,126.81,740.42,4.3,104.0,0.0755,20.14,14.09,21.43,75.0,1500.0,15.2,healthy,0.0
healthy_2,2365,1789846301.4093308,4735.7,126.62,738.55,4.21,103.97,0.0714,20.23,14.22,21.46,75.0,1500.0,15.2,healthy,0.0
healthy_2,2366,1789846302.4093308,4716.4,126.96,737.18,4.26,103.9,0.0797,20.13,14.25,21.52,75.0,1500.0,15.2,healthy,0.0
healthy_2,2367,1789846303.4093308,4719.3,126.98,738.18,4.28,104.02,0.0732,20.14,14.2,21.2,75.0,1500.0,15.2,healthy,0.0
healthy_2,2368,1789846304.4093308,4726.9,127.26,739.32,4.32,104.09,0.0731,20.19,14.18,21.12,75.0,1500.0,15.2,healthy,0.0
healthy_2,2369,1789846305.4093308,4708.8,127.22,736.65,4.31,104.09,0.0687,20.2,14.18,21.12,75.0,1500.0,15.2,healthy,0.0
healthy_2,2370,1789846306.4093308,4701.4,127.31,734.88,4.31,104.16,0.0725,20.28,14.14,20.7,75.0,1500.0,15.2,healthy,0.0
healthy_2,2371,1789846307.4093308,4698.5,127.23,732.1,4.31,104.16,0.0764,20.24,14.09,20.56,75.0,1500.0,15.2,healthy,0.0
healthy_2,2372,1789846308.4093308,4709.6,127.34,737.96,4.38,104.25,0.0792,20.02,14.06,20.95,75.0,1500.0,15.2,healthy,0.0
healthy_2,2373,1789846309.4093308,4717.4,126.99,739.92,4.37,104.28,0.0812,20.13,14.0,21.06,75.0,1500.0,15.2,healthy,0.0
healthy_2,2374,1789846310.4093308,4738.9,127.38,737.92,4.4,104.22,0.0819,20.16,14.03,21.49,75.0,1500.0,15.2,healthy,0.0
healthy_2,2375,1789846311.4093308,4735.7,127.17,733.0,4.29,104.29,0.087,20.25,14.09,21.14,75.0,1500.0,15.2,healthy,0.0
healthy_2,2376,1789846312.4093308,4738.4,127.12,738.0,4.31,104.36,0.0809,20.26,14.09,21.21,75.0,1500.0,15.2,healthy,0.0
healthy_2,2377,1789846313.4093308,4746.5,127.06,739.04,4.29,104.26,0.0774,20.27,14.03,21.03,75.0,1500.0,15.2,healthy,0.0
healthy_2,2378,1789846314.4093308,4715.3,126.73,734.07,4.3,104.17,0.0775,20.14,13.99,21.59,75.0,1500.0,15.2,healthy,0.0
healthy_2,2379,1789846315.4093308,4715.8,126.74,735.48,4.26,103.96,0.0761,20.26,14.0,21.05,75.0,1500.0,15.2,healthy,0.0
healthy_2,2380,1789846316.4093308,4664.5,127.08,735.53,4.24,104.0,0.0764,20.34,14.05,21.27,75.0,1500.0,15.2,healthy,0.0
healthy_2,2381,1789846317.4093308,4633.4,127.2,739.42,4.23,104.03,0.0692,20.38,14.05,21.08,75.0,1500.0,15.2,healthy,0.0
healthy_2,2382,1789846318.4093308,4645.0,127.02,735.98,4.25,103.91,0.0597,20.45,14.04,21.07,75.0,1500.0,15.2,healthy,0.0
healthy_2,2383,1789846319.4093308,4649.6,127.06,735.7,4.21,103.8,0.0681,20.5,14.08,21.23,75.0,1500.0,15.2,healthy,0.0
healthy_2,2384,1789846320.4093308,4651.2,126.55,734.24,4.23,103.67,0.0689,20.38,14.19,20.81,75.0,1500.0,15.2,healthy,0.0
healthy_2,2385,1789846321.4093308,4677.8,126.89,737.95,4.29,103.97,0.0763,20.28,14.2,21.15,75.0,1500.0,15.2,healthy,0.0
healthy_2,2386,1789846322.4093308,4671.7,126.92,734.88,4.4,104.01,0.0766,20.25,14.13,21.09,75.0,1500.0,15.2,healthy,0.0
healthy_2,2387,1789846323.4093308,4679.5,126.64,738.29,4.39,103.97,0.0805,20.08,14.15,21.1,75.0,1500.0,15.2,healthy,0.0
healthy_2,2388,1789846324.4093308,4716.1,126.98,736.68,4.39,103.94,0.0784,20.19,14.18,21.18,75.0,1500.0,15.2,healthy,0.0
healthy_2,2389,1789846325.4093308,4719.3,127.28,736.31,4.38,104.06,0.0783,20.17,14.2,21.26,75.0,1500.0,15.2,healthy,0.0
healthy_2,2390,1789846326.4093308,4710.4,126.99,740.94,4.4,104.2,0.0846,20.16,14.11,21.26,75.0,1500.0,15.2,healthy,0.0
healthy_2,2391,1789846327.4093308,4684.5,126.93,740.73,4.31,104.28,0.0796,20.13,14.18,21.28,75.0,1500.0,15.2,healthy,0.0
healthy_2,2392,1789846328.4093308,4683.2,126.72,742.97,4.31,104.47,0.0763,20.1,14.2,21.15,75.0,1500.0,15.2,healthy,0.0
healthy_2,2393,1789846329.4093308,4669.0,126.64,742.03,4.21,104.42,0.0849,19.95,14.2,21.28,75.0,1500.0,15.2,healthy,0.0
healthy_2,2394,1789846330.4093308,4675.0,126.59,744.48,4.19,104.51,0.0815,20.24,14.17,21.38,75.0,1500.0,15.2,healthy,0.0
healthy_2,2395,1789846331.4093308,4681.1,126.77,742.92,4.25,104.41,0.0722,20.26,14.27,21.03,75.0,1500.0,15.2,healthy,0.0
healthy_2,2396,1789846332.4093308,4655.4,126.93,737.25,4.28,104.55,0.0801,20.48,14.3,21.01,75.0,1500.0,15.2,healthy,0.0
healthy_2,2397,1789846333.4093308,4677.2,127.13,736.31,4.24,104.37,0.075,20.43,14.31,21.3,75.0,1500.0,15.2,healthy,0.0
healthy_2,2398,1789846334.4093308,4673.6,127.24,740.27,4.26,104.31,0.0697,20.29,14.29,21.5,75.0,1500.0,15.2,healthy,0.0
healthy_2,2399,1789846335.4093308,4679.7,127.35,739.18,4.34,104.27,0.0672,20.13,14.33,21.32,75.0,1500.0,15.2,healthy,0.0
healthy_2,2400,1789846336.4093308,3733.0,126.85,720.93,3.6,104.08,0.0563,14.7,14.33,17.91,30.0,1495.8,15.3,healthy,0.0
healthy_2,2401,1789846337.4093308,3247.2,125.9,690.64,3.22,104.08,0.0455,12.35,14.39,16.25,30.0,1491.7,15.3,healthy,0.0
healthy_2,2402,1789846338.4093308,2979.4,125.32,660.98,3.07,104.15,0.0362,11.34,14.36,15.37,30.0,1487.5,15.3,healthy,0.0
healthy_2,2403,1789846339.4093308,2812.1,124.75,639.49,2.94,104.26,0.0457,10.69,14.3,14.6,30.0,1483.4,15.4,healthy,0.0
healthy_2,2404,1789846340.4093308,2759.4,124.3,623.44,2.87,104.12,0.0452,10.23,14.32,14.79,30.0,1479.2,15.4,healthy,0.0
healthy_2,2405,1789846341.4093308,2742.4,123.73,612.71,2.85,104.13,0.0445,9.97,14.35,14.44,30.0,1475.0,15.4,healthy,0.0
healthy_2,2406,1789846342.4093308,2731.1,122.98,607.03,2.83,104.08,0.0391,9.85,14.25,14.39,30.0,1470.9,15.4,healthy,0.0
healthy_2,2407,1789846343.4093308,2717.5,122.25,607.24,2.84,104.04,0.0365,9.86,14.35,14.82,30.0,1466.7,15.5,healthy,0.0
healthy_2,2408,1789846344.4093308,2730.1,121.65,598.31,2.71,103.98,0.0345,10.11,14.37,14.58,30.0,1462.6,15.5,healthy,0.0
healthy_2,2409,1789846345.4093308,2740.4,121.29,595.12,2.65,103.95,0.0339,10.05,14.4,14.41,30.0,1458.4,15.5,healthy,0.0
healthy_2,2410,1789846346.4093308,2743.8,120.98,596.26,2.73,104.03,0.0361,10.25,14.3,14.25,30.0,1454.2,15.5,healthy,0.0
healthy_2,2411,1789846347.4093308,2741.5,120.5,596.16,2.77,103.78,0.0333,10.18,14.16,14.43,30.0,1450.1,15.6,healthy,0.0
healthy_2,2412,1789846348.4093308,2742.6,119.82,593.06,2.71,103.65,0.0342,10.06,14.11,14.43,30.0,1445.9,15.6,healthy,0.0
healthy_2,2413,1789846349.4093308,2743.7,119.42,591.41,2.77,103.67,0.0351,10.08,14.16,14.14,30.0,1441.8,15.6,healthy,0.0
healthy_2,2414,1789846350.4093308,2723.9,118.92,585.71,2.88,103.56,0.038,10.09,14.16,14.01,30.0,1437.6,15.7,healthy,0.0
healthy_2,2415,1789846351.4093308,2731.4,118.16,584.03,2.86,103.39,0.039,9.94,14.16,14.44,30.0,1433.4,15.7,healthy,0.0
healthy_2,2416,1789846352.4093308,2716.1,117.52,585.48,2.76,103.37,0.0393,10.08,14.15,14.35,30.0,1429.3,15.7,healthy,0.0
healthy_2,2417,1789846353.4093308,2713.6,117.08,590.35,2.78,103.22,0.0358,10.01,14.12,14.01,30.0,1425.1,15.7,healthy,0.0
healthy_2,2418,1789846354.4093308,2717.9,116.96,591.21,2.78,103.12,0.0381,9.95,14.14,14.51,30.0,1421.0,15.8,healthy,0.0
healthy_2,2419,1789846355.4093308,2703.2,116.54,591.81,2.8,103.03,0.0306,10.06,14.14,14.55,30.0,1416.8,15.8,healthy,0.0
healthy_2,2420,1789846356.4093308,2705.5,115.85,591.74,2.74,102.99,0.0326,9.9,14.19,14.65,30.0,1412.6,15.8,healthy,0.0
healthy_2,2421,1789846357.4093308,2695.5,115.7,591.75,2.79,102.94,0.0416,9.93,14.16,14.74,30.0,1408.5,15.8,healthy,0.0
healthy_2,2422,1789846358.4093308,2691.4,115.5,591.06,2.73,102.82,0.0419,10.04,14.14,14.42,30.0,1404.3,15.9,healthy,0.0
healthy_2,2423,1789846359.4093308,2660.8,115.33,590.37,2.72,102.76,0.0433,9.97,14.09,14.22,30.0,1400.2,15.9,healthy,0.0
healthy_2,2424,1789846360.4093308,2684.0,115.08,591.45,2.74,102.88,0.0537,9.96,14.14,14.59,30.0,1396.0,15.9,healthy,0.0
healthy_2,2425,1789846361.4093308,2705.1,115.07,590.21,2.67,102.71,0.0386,9.77,14.13,14.29,30.0,1391.8,16.0,healthy,0.0
healthy_2,2426,1789846362.4093308,2712.7,114.86,589.65,2.8,102.64,0.0454,9.75,14.17,14.56,30.0,1387.7,16.0,healthy,0.0
healthy_2,2427,1789846363.4093308,2714.9,114.77,590.86,2.83,102.68,0.0372,9.73,14.12,14.27,30.0,1383.5,16.0,healthy,0.0
healthy_2,2428,1789846364.4093308,2698.6,114.88,589.39,2.8,102.61,0.038,9.74,14.04,14.22,30.0,1379.4,16.0,healthy,0.0
healthy_2,2429,1789846365.4093308,2680.4,114.77,587.34,2.81,102.47,0.041,9.79,14.01,14.23,30.0,1375.2,16.1,healthy,0.0
healthy_2,2430,1789846366.4093308,2695.3,114.44,581.45,2.8,102.48,0.0388,9.91,13.99,14.37,30.0,1371.0,16.1,healthy,0.0
healthy_2,2431,1789846367.4093308,2705.7,114.21,582.89,2.74,102.26,0.0412,9.96,13.97,14.64,30.0,1366.9,16.1,healthy,0.0
healthy_2,2432,1789846368.4093308,2707.3,114.21,583.47,2.7,102.14,0.0346,9.89,13.86,14.63,30.0,1362.7,16.1,healthy,0.0
healthy_2,2433,1789846369.4093308,2720.6,114.1,582.93,2.74,102.13,0.0318,9.83,13.97,14.59,30.0,1358.6,16.2,healthy,0.0
healthy_2,2434,1789846370.4093308,2720.2,113.91,586.21,2.74,101.97,0.0368,9.91,14.01,14.15,30.0,1354.4,16.2,healthy,0.0
healthy_2,2435,1789846371.4093308,2716.3,113.85,588.48,2.74,101.86,0.0388,10.04,13.98,13.73,30.0,1350.2,16.2,healthy,0.0
healthy_2,2436,1789846372.4093308,2716.5,113.68,591.47,2.71,101.74,0.0362,10.12,13.98,13.91,30.0,1346.1,16.3,healthy,0.0
healthy_2,2437,1789846373.4093308,2715.3,113.7,590.96,2.74,101.8,0.0442,10.02,13.99,14.28,30.0,1341.9,16.3,healthy,0.0
healthy_2,2438,1789846374.4093308,2693.7,113.88,589.9,2.77,101.82,0.0384,10.07,13.98,14.21,30.0,1337.8,16.3,healthy,0.0
healthy_2,2439,1789846375.4093308,2700.7,113.47,587.39,2.76,101.82,0.0399,10.02,14.0,14.58,30.0,1333.6,16.3,healthy,0.0
healthy_2,2440,1789846376.4093308,2700.1,113.61,591.5,2.82,101.71,0.0368,10.12,14.03,14.47,30.0,1329.4,16.4,healthy,0.0
healthy_2,2441,1789846377.4093308,2742.8,113.29,591.39,2.85,101.66,0.034,10.06,13.95,14.23,30.0,1325.3,16.4,healthy,0.0
healthy_2,2442,1789846378.4093308,2719.1,113.16,593.13,2.81,101.44,0.0373,10.06,13.94,14.63,30.0,1321.1,16.4,healthy,0.0
healthy_2,2443,1789846379.4093308,2723.5,113.28,595.36,2.78,101.66,0.0351,10.15,13.9,14.34,30.0,1317.0,16.4,healthy,0.0
healthy_2,2444,1789846380.4093308,2725.7,112.99,594.36,2.65,101.55,0.0427,10.01,13.94,14.22,30.0,1312.8,16.5,healthy,0.0
healthy_2,2445,1789846381.4093308,2715.3,112.91,590.63,2.67,101.66,0.0377,10.19,13.98,14.28,30.0,1308.6,16.5,healthy,0.0
healthy_2,2446,1789846382.4093308,2719.0,113.09,587.72,2.77,101.73,0.0417,10.12,13.95,14.15,30.0,1304.5,16.5,healthy,0.0
healthy_2,2447,1789846383.4093308,2720.7,113.13,590.44,2.77,101.65,0.0425,10.18,13.92,14.3,30.0,1300.3,16.5,healthy,0.0
healthy_2,2448,1789846384.4093308,2726.6,112.79,593.09,2.84,101.65,0.0349,10.28,13.91,14.05,30.0,1296.2,16.6,healthy,0.0
healthy_2,2449,1789846385.4093308,2734.6,112.87,594.56,2.84,101.54,0.0367,10.23,13.87,14.26,30.0,1292.0,16.6,healthy,0.0
healthy_2,2450,1789846386.4093308,2713.5,112.77,597.04,2.93,101.5,0.037,10.04,13.82,14.78,30.0,1287.8,16.6,healthy,0.0
healthy_2,2451,1789846387.4093308,2719.2,112.85,599.9,2.96,101.4,0.0347,10.19,13.91,14.5,30.0,1283.7,16.7,healthy,0.0
healthy_2,2452,1789846388.4093308,2700.3,112.68,592.96,2.92,101.46,0.0435,10.21,13.94,14.21,30.0,1279.5,16.7,healthy,0.0
healthy_2,2453,1789846389.4093308,2721.8,112.96,590.13,2.91,101.22,0.0398,10.16,13.93,14.18,30.0,1275.4,16.7,healthy,0.0
healthy_2,2454,1789846390.4093308,2719.1,112.86,589.71,2.94,101.12,0.0433,10.33,13.99,14.21,30.0,1271.2,16.7,healthy,0.0
healthy_2,2455,1789846391.4093308,2721.5,112.57,591.76,2.77,101.16,0.0439,10.27,14.05,14.46,30.0,1267.0,16.8,healthy,0.0
healthy_2,2456,1789846392.4093308,2726.9,112.32,596.26,2.77,101.13,0.0449,10.29,14.08,14.38,30.0,1262.9,16.8,healthy,0.0
healthy_2,2457,1789846393.4093308,2723.6,112.15,591.15,2.73,101.03,0.0477,10.37,14.07,14.4,30.0,1258.7,16.8,healthy,0.0
healthy_2,2458,1789846394.4093308,2713.2,112.48,591.94,2.75,101.11,0.0426,10.23,14.01,14.48,30.0,1254.6,16.8,healthy,0.0
healthy_2,2459,1789846395.4093308,2725.9,112.39,587.37,2.77,101.01,0.0483,10.16,14.09,14.54,30.0,1250.4,16.9,healthy,0.0
healthy_2,2460,1789846396.4093308,2704.6,112.44,586.26,2.73,100.98,0.0376,10.23,14.15,14.49,30.0,1246.2,16.9,healthy,0.0
healthy_2,2461,1789846397.4093308,2691.4,112.34,591.58,2.75,101.05,0.0411,10.28,14.2,14.55,30.0,1242.1,16.9,healthy,0.0
healthy_2,2462,1789846398.4093308,2685.8,112.45,587.84,2.79,101.21,0.0325,10.05,14.18,14.58,30.0,1237.9,17.0,healthy,0.0
healthy_2,2463,1789846399.4093308,2707.5,112.46,586.81,2.86,101.2,0.0374,9.83,14.17,14.8,30.0,1233.8,17.0,healthy,0.0
healthy_2,2464,1789846400.4093308,2715.7,112.5,587.19,2.81,101.18,0.034,9.89,14.12,14.13,30.0,1229.6,17.0,healthy,0.0
healthy_2,2465,1789846401.4093308,2708.6,112.26,590.84,2.83,101.2,0.0316,10.08,14.18,14.08,30.0,1225.4,17.0,healthy,0.0
healthy_2,2466,1789846402.4093308,2710.4,112.2,589.22,2.86,101.31,0.0311,10.05,14.17,14.06,30.0,1221.3,17.1,healthy,0.0
healthy_2,2467,1789846403.4093308,2702.1,112.06,591.24,2.82,101.36,0.0411,9.99,14.14,14.51,30.0,1217.1,17.1,healthy,0.0
healthy_2,2468,1789846404.4093308,2712.5,111.81,595.7,2.78,101.24,0.0427,10.03,14.13,14.74,30.0,1213.0,17.1,healthy,0.0
healthy_2,2469,1789846405.4093308,2721.3,111.74,591.4,2.86,101.11,0.0375,9.86,14.08,14.94,30.0,1208.8,17.1,healthy,0.0
healthy_2,2470,1789846406.4093308,2724.9,111.4,592.41,2.82,101.04,0.0364,9.96,14.14,14.54,30.0,1204.6,17.2,healthy,0.0
healthy_2,2471,1789846407.4093308,2719.7,111.65,594.69,2.86,101.04,0.0372,10.02,14.08,14.43,30.0,1200.5,17.2,healthy,0.0
healthy_2,2472,1789846408.4093308,2726.8,111.94,592.66,2.8,101.01,0.0373,10.01,14.09,14.5,30.0,1196.3,17.2,healthy,0.0
healthy_2,2473,1789846409.4093308,2713.9,112.27,593.65,2.82,100.95,0.0454,9.9,14.01,14.5,30.0,1192.2,17.3,healthy,0.0
healthy_2,2474,1789846410.4093308,2719.2,112.68,590.07,2.82,100.98,0.0501,10.0,14.09,14.42,30.0,1188.0,17.3,healthy,0.0
healthy_2,2475,1789846411.4093308,2701.9,112.92,583.38,2.86,100.77,0.0412,10.1,14.04,14.76,30.0,1183.8,17.3,healthy,0.0
healthy_2,2476,1789846412.4093308,2694.8,113.01,582.4,2.83,100.59,0.0422,9.86,14.0,14.77,30.0,1179.7,17.3,healthy,0.0
healthy_2,2477,1789846413.4093308,2701.6,113.05,582.22,2.82,100.39,0.0489,9.98,14.05,14.6,30.0,1175.5,17.4,healthy,0.0
healthy_2,2478,1789846414.4093308,2748.8,113.15,581.37,2.84,100.41,0.0428,10.03,13.98,14.17,30.0,1171.4,17.4,healthy,0.0
healthy_2,2479,1789846415.4093308,2730.1,112.94,583.04,2.85,100.29,0.0384,9.94,13.93,14.43,30.0,1167.2,17.4,healthy,0.0
healthy_2,2480,1789846416.4093308,2721.7,112.84,582.68,2.88,100.23,0.0331,9.96,13.98,14.27,30.0,1163.0,17.4,healthy,0.0
healthy_2,2481,1789846417.4093308,2694.1,112.51,580.58,2.81,100.15,0.0336,10.04,14.03,14.06,30.0,1158.9,17.5,healthy,0.0
healthy_2,2482,1789846418.4093308,2697.0,112.94,583.28,2.79,100.06,0.0347,10.07,14.1,14.31,30.0,1154.7,17.5,healthy,0.0
healthy_2,2483,1789846419.4093308,2717.4,112.57,589.52,2.78,100.02,0.0423,9.98,14.08,14.31,30.0,1150.6,17.5,healthy,0.0
healthy_2,2484,1789846420.4093308,2714.7,112.39,587.53,2.86,100.08,0.0445,9.99,14.09,14.21,30.0,1146.4,17.5,healthy,0.0
healthy_2,2485,1789846421.4093308,2723.3,112.32,586.1,2.86,100.13,0.0492,10.1,14.0,14.32,30.0,1142.2,17.6,healthy,0.0
healthy_2,2486,1789846422.4093308,2695.2,112.25,589.82,2.88,100.11,0.05,10.16,14.07,14.53,30.0,1138.1,17.6,healthy,0.0
healthy_2,2487,1789846423.4093308,2720.3,112.46,592.76,2.91,100.3,0.0407,10.09,14.13,14.13,30.0,1133.9,17.6,healthy,0.0
healthy_2,2488,1789846424.4093308,2727.9,112.65,593.17,2.75,100.15,0.0327,10.26,14.11,14.3,30.0,1129.8,17.7,healthy,0.0
healthy_2,2489,1789846425.4093308,2728.4,112.85,590.59,2.86,100.13,0.0388,10.32,14.09,14.32,30.0,1125.6,17.7,healthy,0.0
healthy_2,2490,1789846426.4093308,2748.5,113.17,589.29,2.81,100.13,0.0355,10.38,14.1,14.13,30.0,1121.4,17.7,healthy,0.0
healthy_2,2491,1789846427.4093308,2744.1,113.38,591.41,2.84,100.08,0.0359,10.2,14.12,14.36,30.0,1117.3,17.7,healthy,0.0
healthy_2,2492,1789846428.4093308,2737.5,113.63,591.29,2.87,100.01,0.0337,10.3,14.11,14.21,30.0,1113.1,17.8,healthy,0.0
healthy_2,2493,1789846429.4093308,2730.3,113.54,588.82,2.78,99.97,0.0396,10.12,14.03,14.28,30.0,1109.0,17.8,healthy,0.0
healthy_2,2494,1789846430.4093308,2713.3,113.42,587.52,2.89,99.82,0.0455,10.12,14.03,14.35,30.0,1104.8,17.8,healthy,0.0
healthy_2,2495,1789846431.4093308,2678.4,113.13,588.48,2.83,99.77,0.0394,10.05,14.06,14.2,30.0,1100.6,17.8,healthy,0.0
healthy_2,2496,1789846432.4093308,2671.7,113.11,588.83,2.68,99.71,0.0375,10.08,14.01,13.91,30.0,1096.5,17.9,healthy,0.0
healthy_2,2497,1789846433.4093308,2640.7,113.11,587.44,2.7,99.97,0.0318,10.15,14.03,13.88,30.0,1092.3,17.9,healthy,0.0
healthy_2,2498,1789846434.4093308,2659.6,112.9,590.62,2.81,99.92,0.0287,10.05,14.07,13.96,30.0,1088.2,17.9,healthy,0.0
healthy_2,2499,1789846435.4093308,2688.4,112.77,586.35,2.89,99.88,0.0319,10.18,14.09,13.83,30.0,1084.0,18.0,healthy,0.0
healthy_2,2500,1789846436.4093308,2692.8,112.49,587.17,2.89,99.76,0.0396,10.05,14.03,14.11,30.0,1079.8,18.0,healthy,0.0
healthy_2,2501,1789846437.4093308,2679.3,112.63,588.31,2.89,99.75,0.0346,10.11,14.05,14.08,30.0,1075.7,18.0,healthy,0.0
healthy_2,2502,1789846438.4093308,2702.1,112.74,586.26,2.91,99.58,0.0281,10.15,14.02,14.1,30.0,1071.5,18.0,healthy,0.0
healthy_2,2503,1789846439.4093308,2691.2,112.61,591.35,2.8,99.49,0.0212,10.3,14.0,14.21,30.0,1067.4,18.1,healthy,0.0
healthy_2,2504,1789846440.4093308,2688.1,112.83,592.09,2.83,99.55,0.0226,10.36,14.09,14.47,30.0,1063.2,18.1,healthy,0.0
healthy_2,2505,1789846441.4093308,2691.3,112.56,582.15,2.83,99.43,0.0317,10.34,14.12,13.9,30.0,1059.0,18.1,healthy,0.0
healthy_2,2506,1789846442.4093308,2682.2,112.95,585.52,2.91,99.29,0.0247,10.42,14.16,14.14,30.0,1054.9,18.1,healthy,0.0
healthy_2,2507,1789846443.4093308,2713.4,112.87,580.8,2.86,99.09,0.0301,10.26,14.18,14.25,30.0,1050.7,18.2,healthy,0.0
healthy_2,2508,1789846444.4093308,2713.2,113.07,580.75,2.88,99.12,0.035,10.23,14.12,14.47,30.0,1046.6,18.2,healthy,0.0
healthy_2,2509,1789846445.4093308,2707.1,112.78,582.87,2.95,98.94,0.0404,10.13,14.11,14.4,30.0,1042.4,18.2,healthy,0.0
healthy_2,2510,1789846446.4093308,2722.5,112.88,580.79,2.98,98.9,0.0315,10.15,14.11,14.22,30.0,1038.2,18.3,healthy,0.0
healthy_2,2511,1789846447.4093308,2731.3,112.83,585.72,2.9,98.93,0.0412,10.08,14.09,14.39,30.0,1034.1,18.3,healthy,0.0
healthy_2,2512,1789846448.4093308,2751.9,113.04,586.61,2.95,99.06,0.0358,10.03,14.12,14.36,30.0,1029.9,18.3,healthy,0.0
healthy_2,2513,1789846449.4093308,2744.4,112.99,585.53,2.95,99.33,0.0312,10.03,14.11,14.47,30.0,1025.8,18.3,healthy,0.0
healthy_2,2514,1789846450.4093308,2723.7,113.39,587.78,2.95,99.19,0.0284,9.91,14.05,14.37,30.0,1021.6,18.4,healthy,0.0
healthy_2,2515,1789846451.4093308,2721.5,113.39,588.61,2.85,99.22,0.0267,10.13,14.14,14.32,30.0,1017.4,18.4,healthy,0.0
healthy_2,2516,1789846452.4093308,2717.0,113.57,585.83,2.79,99.2,0.0312,10.07,14.21,14.07,30.0,1013.3,18.4,healthy,0.0
healthy_2,2517,1789846453.4093308,2729.6,113.47,592.92,2.83,99.16,0.032,9.95,14.24,13.74,30.0,1009.1,18.4,healthy,0.0
healthy_2,2518,1789846454.4093308,2728.0,113.32,596.26,2.86,98.91,0.0424,10.07,14.22,14.08,30.0,1005.0,18.5,healthy,0.0
healthy_2,2519,1789846455.4093308,2725.8,113.26,593.65,2.86,98.91,0.0454,10.31,14.2,14.46,30.0,1000.8,18.5,healthy,0.0
healthy_2,2520,1789846456.4093308,2723.1,113.16,593.49,2.83,98.81,0.0448,10.13,14.15,14.41,30.0,996.6,18.5,healthy,0.0
healthy_2,2521,1789846457.4093308,2708.7,113.03,595.63,2.86,98.75,0.0431,10.16,14.16,14.37,30.0,992.5,18.5,healthy,0.0
healthy_2,2522,1789846458.4093308,2688.3,113.01,591.68,2.85,98.85,0.0414,10.15,14.14,14.11,30.0,988.3,18.6,healthy,0.0
healthy_2,2523,1789846459.4093308,2680.1,113.03,590.14,2.89,98.69,0.035,10.3,14.16,14.31,30.0,984.2,18.6,healthy,0.0
healthy_2,2524,1789846460.4093308,2675.8,113.16,589.24,2.9,98.6,0.0381,10.2,14.15,13.78,30.0,980.0,18.6,healthy,0.0
healthy_2,2525,1789846461.4093308,2676.8,113.16,589.28,2.89,98.51,0.0462,10.28,14.09,14.31,30.0,975.8,18.7,healthy,0.0
healthy_2,2526,1789846462.4093308,2679.9,112.72,589.32,2.98,98.57,0.0448,10.2,14.08,14.19,30.0,971.7,18.7,healthy,0.0
healthy_2,2527,1789846463.4093308,2689.0,112.56,589.85,2.92,98.67,0.042,10.08,14.12,14.29,30.0,967.5,18.7,healthy,0.0
healthy_2,2528,1789846464.4093308,2704.4,112.99,593.99,2.89,98.6,0.0346,10.0,14.07,14.23,30.0,963.4,18.7,healthy,0.0
healthy_2,2529,1789846465.4093308,2695.1,113.09,596.19,2.9,98.58,0.0371,10.11,14.02,14.12,30.0,959.2,18.8,healthy,0.0
healthy_2,2530,1789846466.4093308,2701.7,113.02,593.26,2.91,98.44,0.0426,9.99,14.01,14.7,30.0,955.0,18.8,healthy,0.0
healthy_2,2531,1789846467.4093308,2705.4,113.2,592.33,2.91,98.46,0.0449,9.95,13.93,14.71,30.0,950.9,18.8,healthy,0.0
healthy_2,2532,1789846468.4093308,2710.5,113.09,587.19,2.89,98.27,0.0496,10.12,13.96,14.71,30.0,946.7,18.8,healthy,0.0
healthy_2,2533,1789846469.4093308,2710.2,113.0,583.73,2.76,98.29,0.0438,10.15,14.03,14.5,30.0,942.6,18.9,healthy,0.0
healthy_2,2534,1789846470.4093308,2699.7,113.09,585.31,2.71,98.22,0.0369,9.97,14.14,14.72,30.0,938.4,18.9,healthy,0.0
healthy_2,2535,1789846471.4093308,2696.3,113.24,583.96,2.82,98.25,0.0403,9.96,14.09,14.78,30.0,934.2,18.9,healthy,0.0
healthy_2,2536,1789846472.4093308,2711.0,113.25,585.7,2.82,98.25,0.0431,9.88,14.24,14.92,30.0,930.1,19.0,healthy,0.0
healthy_2,2537,1789846473.4093308,2708.5,113.29,585.74,2.85,98.28,0.0391,9.79,14.21,14.88,30.0,925.9,19.0,healthy,0.0
healthy_2,2538,1789846474.4093308,2716.5,113.31,586.18,2.78,98.26,0.0324,9.85,14.22,14.69,30.0,921.8,19.0,healthy,0.0
healthy_2,2539,1789846475.4093308,2740.2,113.45,588.29,2.75,98.28,0.0276,9.73,14.17,14.21,30.0,917.6,19.0,healthy,0.0
healthy_2,2540,1789846476.4093308,2714.5,114.03,588.47,2.74,98.35,0.0332,9.78,14.13,14.64,30.0,913.4,19.1,healthy,0.0
healthy_2,2541,1789846477.4093308,2744.5,114.39,590.16,2.84,98.25,0.026,9.8,14.06,14.16,30.0,909.3,19.1,healthy,0.0
healthy_2,2542,1789846478.4093308,2751.9,114.09,591.63,2.85,98.09,0.0301,9.83,14.07,14.83,30.0,905.1,19.1,healthy,0.0
healthy_2,2543,1789846479.4093308,2740.4,114.18,595.82,2.79,98.19,0.0292,9.97,14.06,14.24,30.0,901.0,19.1,healthy,0.0
healthy_2,2544,1789846480.4093308,2740.9,113.9,594.31,2.73,98.1,0.0288,10.04,14.0,14.16,30.0,896.8,19.2,healthy,0.0
healthy_2,2545,1789846481.4093308,2774.7,114.12,590.91,2.71,98.11,0.0328,9.99,13.92,14.09,30.0,892.6,19.2,healthy,0.0
healthy_2,2546,1789846482.4093308,2779.3,114.37,592.86,2.72,98.06,0.037,9.97,13.96,14.22,30.0,888.5,19.2,healthy,0.0
healthy_2,2547,1789846483.4093308,2779.9,114.08,596.52,2.8,98.06,0.0447,10.0,14.04,14.44,30.0,884.3,19.3,healthy,0.0
healthy_2,2548,1789846484.4093308,2792.5,114.3,591.79,2.8,98.01,0.046,10.02,14.05,14.3,30.0,880.2,19.3,healthy,0.0
healthy_2,2549,1789846485.4093308,2806.7,114.52,594.61,2.89,98.03,0.0353,10.13,14.04,14.3,30.0,876.0,19.3,healthy,0.0
healthy_2,2550,1789846486.4093308,2756.0,113.98,598.47,2.87,97.93,0.0359,10.24,14.12,14.26,30.0,871.8,19.3,healthy,0.0
healthy_2,2551,1789846487.4093308,2742.9,113.94,597.09,2.87,98.1,0.0387,10.17,14.07,14.1,30.0,867.7,19.4,healthy,0.0
healthy_2,2552,1789846488.4093308,2751.3,113.8,590.01,2.98,98.02,0.0316,10.05,14.05,14.28,30.0,863.5,19.4,healthy,0.0
healthy_2,2553,1789846489.4093308,2758.8,113.83,590.48,3.04,97.83,0.0309,9.88,14.07,14.41,30.0,859.4,19.4,healthy,0.0
healthy_2,2554,1789846490.4093308,2727.5,113.77,593.96,3.03,97.69,0.0275,10.04,14.09,14.62,30.0,855.2,19.4,healthy,0.0
healthy_2,2555,1789846491.4093308,2727.9,114.02,595.95,3.07,97.66,0.0313,9.98,14.06,14.23,30.0,851.0,19.5,healthy,0.0
healthy_2,2556,1789846492.4093308,2718.1,113.76,594.74,2.97,97.6,0.0367,9.94,14.03,14.33,30.0,846.9,19.5,healthy,0.0
healthy_2,2557,1789846493.4093308,2736.9,113.7,597.19,2.97,97.37,0.0409,10.04,14.05,14.67,30.0,842.7,19.5,healthy,0.0
healthy_2,2558,1789846494.4093308,2694.2,113.34,599.27,2.99,97.49,0.0408,10.11,14.12,14.29,30.0,838.6,19.5,healthy,0.0
healthy_2,2559,1789846495.4093308,2745.2,113.27,600.82,2.87,97.31,0.0419,10.24,14.22,14.19,30.0,834.4,19.6,healthy,0.0
healthy_2,2560,1789846496.4093308,2746.9,113.22,594.35,2.93,97.41,0.0393,10.28,14.13,14.46,30.0,830.2,19.6,healthy,0.0
healthy_2,2561,1789846497.4093308,2723.7,113.3,589.4,2.94,97.47,0.0366,10.28,14.11,14.55,30.0,826.1,19.6,healthy,0.0
healthy_2,2562,1789846498.4093308,2731.1,113.8,590.21,2.98,97.43,0.0376,10.11,14.12,14.67,30.0,821.9,19.7,healthy,0.0
healthy_2,2563,1789846499.4093308,2702.7,113.84,586.32,2.96,97.35,0.0338,10.11,14.14,14.12,30.0,817.8,19.7,healthy,0.0
healthy_2,2564,1789846500.4093308,2701.2,113.91,594.56,2.98,97.26,0.0372,10.12,14.06,14.6,30.0,813.6,19.7,healthy,0.0
healthy_2,2565,1789846501.4093308,2733.8,113.85,592.15,3.0,97.38,0.0414,10.05,14.03,14.87,30.0,809.4,19.7,healthy,0.0
healthy_2,2566,1789846502.4093308,2710.8,114.01,592.55,2.97,97.31,0.0395,9.88,14.07,14.44,30.0,805.3,19.8,healthy,0.0
healthy_2,2567,1789846503.4093308,2725.6,114.12,589.0,2.98,97.19,0.0368,9.87,14.06,14.8,30.0,801.1,19.8,healthy,0.0
healthy_2,2568,1789846504.4093308,2720.3,114.15,596.13,3.02,97.26,0.0392,9.89,14.11,14.84,30.0,797.0,19.8,healthy,0.0
healthy_2,2569,1789846505.4093308,2719.7,114.28,595.38,2.98,97.01,0.0275,10.0,14.09,14.63,30.0,792.8,19.8,healthy,0.0
healthy_2,2570,1789846506.4093308,2692.5,114.34,597.73,2.91,97.02,0.0318,9.95,14.1,14.69,30.0,788.6,19.9,healthy,0.0
healthy_2,2571,1789846507.4093308,2729.0,114.46,596.34,2.95,97.15,0.036,10.11,14.05,14.57,30.0,784.5,19.9,healthy,0.0
healthy_2,2572,1789846508.4093308,2758.0,114.76,600.03,2.92,97.1,0.0377,10.26,14.03,14.15,30.0,780.3,19.9,healthy,0.0
healthy_2,2573,1789846509.4093308,2726.3,114.73,598.6,2.89,97.14,0.0363,10.09,14.04,14.35,30.0,776.2,20.0,healthy,0.0
healthy_2,2574,1789846510.4093308,2730.3,114.59,598.25,2.93,97.14,0.0269,10.14,14.07,14.41,30.0,772.0,20.0,healthy,0.0
healthy_2,2575,1789846511.4093308,2744.1,114.74,598.1,2.94,97.19,0.0385,10.13,14.16,14.25,30.0,767.8,20.0,healthy,0.0
healthy_2,2576,1789846512.4093308,2762.5,115.01,598.8,2.94,97.2,0.0343,10.05,14.18,14.26,30.0,763.7,20.0,healthy,0.0
healthy_2,2577,1789846513.4093308,2754.9,114.92,591.9,2.99,97.27,0.0376,10.15,14.17,14.28,30.0,759.5,20.1,healthy,0.0
healthy_2,2578,1789846514.4093308,2765.6,114.91,591.9,3.01,97.21,0.0341,10.09,14.19,14.16,30.0,755.4,20.1,healthy,0.0
healthy_2,2579,1789846515.4093308,2764.5,114.57,593.08,2.98,97.19,0.0225,9.95,14.2,14.07,30.0,751.2,20.1,healthy,0.0
healthy_2,2580,1789846516.4093308,2786.3,114.09,590.18,2.91,97.18,0.018,9.92,14.23,14.08,30.0,747.0,20.1,healthy,0.0
healthy_2,2581,1789846517.4093308,2781.5,114.36,590.05,2.93,96.87,0.0304,9.89,14.27,14.2,30.0,742.9,20.2,healthy,0.0
healthy_2,2582,1789846518.4093308,2761.7,114.45,595.56,2.96,96.79,0.0225,9.94,14.25,14.52,30.0,738.7,20.2,healthy,0.0
healthy_2,2583,1789846519.4093308,2750.4,114.67,591.23,2.94,96.72,0.0233,9.97,14.22,14.29,30.0,734.6,20.2,healthy,0.0
healthy_2,2584,1789846520.4093308,2748.7,114.82,597.5,2.92,96.62,0.0295,9.79,14.14,14.58,30.0,730.4,20.3,healthy,0.0
healthy_2,2585,1789846521.4093308,2731.0,114.98,602.34,2.96,96.67,0.0326,9.77,14.12,14.26,30.0,726.2,20.3,healthy,0.0
healthy_2,2586,1789846522.4093308,2741.7,115.26,602.35,2.87,96.72,0.0238,9.75,14.23,14.1,30.0,722.1,20.3,healthy,0.0
healthy_2,2587,1789846523.4093308,2732.7,115.09,600.65,2.85,96.68,0.0274,9.81,14.19,14.54,30.0,717.9,20.3,healthy,0.0
healthy_2,2588,1789846524.4093308,2747.3,115.01,599.3,2.91,96.81,0.0312,9.79,14.2,14.61,30.0,713.8,20.4,healthy,0.0
healthy_2,2589,1789846525.4093308,2757.9,114.82,594.3,2.92,97.01,0.0279,9.93,14.26,14.59,30.0,709.6,20.4,healthy,0.0
healthy_2,2590,1789846526.4093308,2737.3,114.58,596.48,2.82,96.98,0.0269,10.06,14.31,14.51,30.0,705.4,20.4,healthy,0.0
healthy_2,2591,1789846527.4093308,2753.6,114.53,596.23,2.92,96.93,0.0253,10.08,14.3,14.37,30.0,701.3,20.4,healthy,0.0
healthy_2,2592,1789846528.4093308,2748.6,114.54,596.73,2.88,96.8,0.0306,10.04,14.27,14.07,30.0,697.1,20.5,healthy,0.0
healthy_2,2593,1789846529.4093308,2752.8,114.37,599.62,2.89,97.03,0.0371,10.0,14.22,14.2,30.0,693.0,20.5,healthy,0.0
healthy_2,2594,1789846530.4093308,2750.8,114.46,599.73,2.87,97.07,0.0411,9.98,14.26,14.36,30.0,688.8,20.5,healthy,0.0
healthy_2,2595,1789846531.4093308,2749.1,114.55,595.81,2.93,97.1,0.0324,10.18,14.27,14.19,30.0,684.6,20.5,healthy,0.0
healthy_2,2596,1789846532.4093308,2739.6,114.45,598.75,2.86,97.18,0.0437,10.2,14.3,14.36,30.0,680.5,20.6,healthy,0.0
healthy_2,2597,1789846533.4093308,2748.0,114.25,603.5,2.86,97.19,0.0409,10.09,14.28,14.75,30.0,676.3,20.6,healthy,0.0
healthy_2,2598,1789846534.4093308,2741.8,114.33,598.99,2.85,97.29,0.0375,10.07,14.25,14.6,30.0,672.2,20.6,healthy,0.0
healthy_2,2599,1789846535.4093308,2732.3,114.37,599.99,2.89,97.27,0.0313,10.14,14.24,14.46,30.0,668.0,20.7,healthy,0.0
healthy_2,2600,1789846536.4093308,2744.4,114.41,604.26,2.9,97.39,0.039,10.15,14.2,14.44,30.0,663.8,20.7,healthy,0.0
healthy_2,2601,1789846537.4093308,2744.5,114.85,606.5,2.9,97.4,0.0375,10.16,14.19,14.55,30.0,659.7,20.7,healthy,0.0
healthy_2,2602,1789846538.4093308,2745.0,114.88,606.51,2.83,97.5,0.0326,10.03,14.13,14.73,30.0,655.5,20.7,healthy,0.0
healthy_2,2603,1789846539.4093308,2704.8,115.17,603.12,2.86,97.36,0.0315,10.05,14.21,14.87,30.0,651.4,20.8,healthy,0.0
healthy_2,2604,1789846540.4093308,2714.5,114.86,604.4,2.87,97.39,0.0245,10.12,14.1,14.41,30.0,647.2,20.8,healthy,0.0
healthy_2,2605,1789846541.4093308,2716.2,115.05,606.15,2.91,97.45,0.0303,10.07,14.02,14.78,30.0,643.0,20.8,healthy,0.0
healthy_2,2606,1789846542.4093308,2739.5,115.16,605.77,2.89,97.34,0.0396,9.92,14.01,14.41,30.0,638.9,20.8,healthy,0.0
healthy_2,2607,1789846543.4093308,2732.2,115.19,602.84,2.93,97.37,0.035,9.87,14.0,14.21,30.0,634.7,20.9,healthy,0.0
healthy_2,2608,1789846544.4093308,2721.7,114.83,602.08,2.9,97.45,0.0334,9.85,13.95,14.07,30.0,630.6,20.9,healthy,0.0
healthy_2,2609,1789846545.4093308,2730.5,114.99,606.74,2.87,97.36,0.0411,9.78,13.95,14.3,30.0,626.4,20.9,healthy,0.0
healthy_2,2610,1789846546.4093308,2726.8,115.0,609.32,2.83,97.28,0.0447,9.73,13.94,14.01,30.0,622.2,21.0,healthy,0.0
healthy_2,2611,1789846547.4093308,2721.9,115.01,605.01,2.77,97.33,0.0365,9.85,13.87,14.05,30.0,618.1,21.0,healthy,0.0
healthy_2,2612,1789846548.4093308,2730.7,114.58,601.01,2.87,97.36,0.0389,9.92,13.92,14.13,30.0,613.9,21.0,healthy,0.0
healthy_2,2613,1789846549.4093308,2739.4,114.83,599.44,2.85,97.41,0.038,9.92,14.03,14.36,30.0,609.8,21.0,healthy,0.0
healthy_2,2614,1789846550.4093308,2768.7,114.47,603.49,2.87,97.43,0.0428,10.05,14.06,14.38,30.0,605.6,21.1,healthy,0.0
healthy_2,2615,1789846551.4093308,2762.5,114.81,603.28,2.87,97.24,0.0346,10.19,14.08,14.51,30.0,601.4,21.1,healthy,0.0
healthy_2,2616,1789846552.4093308,2757.4,114.93,604.04,2.85,97.32,0.0244,10.18,14.09,14.58,30.0,597.3,21.1,healthy,0.0
healthy_2,2617,1789846553.4093308,2764.7,114.67,602.79,2.91,97.31,0.0217,10.13,14.04,14.43,30.0,593.1,21.1,healthy,0.0
healthy_2,2618,1789846554.4093308,2737.6,114.78,599.75,2.82,97.11,0.0274,9.94,13.97,14.49,30.0,589.0,21.2,healthy,0.0
healthy_2,2619,1789846555.4093308,2731.3,115.02,602.79,2.86,97.1,0.0355,9.81,13.99,14.42,30.0,584.8,21.2,healthy,0.0
healthy_2,2620,1789846556.4093308,2726.9,114.76,601.6,2.85,97.01,0.0336,9.96,14.05,14.78,30.0,580.6,21.2,healthy,0.0
healthy_2,2621,1789846557.4093308,2686.8,114.65,600.31,2.87,97.07,0.0375,9.97,14.04,14.87,30.0,576.5,21.3,healthy,0.0
healthy_2,2622,1789846558.4093308,2697.0,114.45,600.99,2.86,97.16,0.0359,10.05,14.04,14.49,30.0,572.3,21.3,healthy,0.0
healthy_2,2623,1789846559.4093308,2713.0,114.4,601.59,2.85,97.21,0.03,10.12,14.13,14.57,30.0,568.2,21.3,healthy,0.0
healthy_2,2624,1789846560.4093308,2736.0,114.5,597.11,2.85,97.17,0.033,10.12,14.17,14.79,30.0,564.0,21.3,healthy,0.0
healthy_2,2625,1789846561.4093308,2723.6,114.6,597.38,2.86,97.13,0.0315,10.04,14.03,14.69,30.0,559.8,21.4,healthy,0.0
healthy_2,2626,1789846562.4093308,2738.9,114.8,599.91,2.89,97.22,0.0265,9.99,13.98,14.51,30.0,555.7,21.4,healthy,0.0
healthy_2,2627,1789846563.4093308,2742.4,114.81,599.83,2.91,97.15,0.0312,10.23,13.91,14.53,30.0,551.5,21.4,healthy,0.0
healthy_2,2628,1789846564.4093308,2763.2,114.96,604.97,2.89,97.18,0.0237,10.28,13.86,14.41,30.0,547.4,21.4,healthy,0.0
healthy_2,2629,1789846565.4093308,2767.6,115.18,607.78,2.88,97.07,0.0303,10.33,13.85,14.24,30.0,543.2,21.5,healthy,0.0
healthy_2,2630,1789846566.4093308,2779.1,115.53,606.38,2.93,97.03,0.0351,10.45,13.78,14.17,30.0,539.0,21.5,healthy,0.0
healthy_2,2631,1789846567.4093308,2784.2,115.6,601.97,2.84,97.01,0.0366,10.29,13.78,14.54,30.0,534.9,21.5,healthy,0.0
healthy_2,2632,1789846568.4093308,2780.6,115.71,600.45,2.9,96.81,0.0385,10.39,13.83,14.45,30.0,530.7,21.6,healthy,0.0
healthy_2,2633,1789846569.4093308,2786.8,115.81,596.92,2.95,96.89,0.0414,10.36,13.89,14.79,30.0,526.6,21.6,healthy,0.0
healthy_2,2634,1789846570.4093308,2755.3,115.72,596.35,2.82,97.0,0.0396,10.33,13.93,14.55,30.0,522.4,21.6,healthy,0.0
healthy_2,2635,1789846571.4093308,2753.7,115.56,600.24,2.95,96.95,0.0339,10.38,13.89,14.63,30.0,518.2,21.6,healthy,0.0
healthy_2,2636,1789846572.4093308,2729.6,115.63,600.23,2.93,96.99,0.0476,10.41,13.85,14.34,30.0,514.1,21.7,healthy,0.0
healthy_2,2637,1789846573.4093308,2685.7,115.33,602.47,2.99,97.16,0.0387,10.29,13.87,14.33,30.0,509.9,21.7,healthy,0.0
healthy_2,2638,1789846574.4093308,2687.9,115.2,604.18,2.97,96.98,0.0451,10.13,13.93,14.35,30.0,505.8,21.7,healthy,0.0
healthy_2,2639,1789846575.4093308,2704.0,115.64,602.27,2.99,97.02,0.0523,10.04,13.95,14.32,30.0,501.6,21.7,healthy,0.0
healthy_2,2640,1789846576.4093308,2714.8,115.54,603.88,2.99,97.0,0.0467,10.03,13.98,14.35,30.0,497.4,21.8,healthy,0.0
healthy_2,2641,1789846577.4093308,2691.1,115.48,607.58,3.0,97.01,0.0318,10.0,13.99,14.49,30.0,493.3,21.8,healthy,0.0
healthy_2,2642,1789846578.4093308,2700.3,115.58,611.73,2.98,97.0,0.0308,10.07,13.93,14.36,30.0,489.1,21.8,healthy,0.0
healthy_2,2643,1789846579.4093308,2682.2,115.74,606.39,3.0,96.93,0.033,10.2,13.99,14.2,30.0,485.0,21.8,healthy,0.0
healthy_2,2644,1789846580.4093308,2663.7,116.07,607.17,2.96,96.88,0.0328,10.11,14.02,14.22,30.0,480.8,21.9,healthy,0.0
healthy_2,2645,1789846581.4093308,2644.0,116.27,606.3,2.95,96.92,0.0344,10.24,13.99,14.19,30.0,476.6,21.9,healthy,0.0
healthy_2,2646,1789846582.4093308,2667.6,116.19,608.81,2.93,96.87,0.0381,10.19,14.1,14.62,30.0,472.5,21.9,healthy,0.0
healthy_2,2647,1789846583.4093308,2707.0,116.52,610.3,2.86,96.84,0.0314,10.31,14.11,14.43,30.0,468.3,22.0,healthy,0.0
healthy_2,2648,1789846584.4093308,2732.6,116.28,609.55,2.92,96.98,0.039,10.14,14.2,14.57,30.0,464.2,22.0,healthy,0.0
healthy_2,2649,1789846585.4093308,2719.7,116.17,606.06,3.03,96.97,0.0448,10.13,14.16,14.22,30.0,460.0,22.0,healthy,0.0
healthy_2,2650,1789846586.4093308,2717.3,115.8,605.61,2.96,97.01,0.0352,10.18,14.13,14.14,30.0,455.8,22.0,healthy,0.0
healthy_2,2651,1789846587.4093308,2705.9,116.19,609.43,2.87,97.13,0.0431,9.96,14.13,14.44,30.0,451.7,22.1,healthy,0.0
healthy_2,2652,1789846588.4093308,2710.9,116.01,609.2,2.93,97.24,0.0378,9.75,14.13,14.46,30.0,447.5,22.1,healthy,0.0
healthy_2,2653,1789846589.4093308,2724.0,116.1,612.35,2.89,97.32,0.0371,9.84,14.16,14.93,30.0,443.4,22.1,healthy,0.0
healthy_2,2654,1789846590.4093308,2733.0,115.69,614.63,2.82,97.0,0.0457,9.94,14.17,14.57,30.0,439.2,22.1,healthy,0.0
healthy_2,2655,1789846591.4093308,2702.6,115.6,613.44,2.8,96.91,0.0459,10.03,14.16,14.57,30.0,435.0,22.2,healthy,0.0
healthy_2,2656,1789846592.4093308,2691.2,115.65,611.52,2.73,96.83,0.0449,10.09,14.24,14.48,30.0,430.9,22.2,healthy,0.0
healthy_2,2657,1789846593.4093308,2696.1,115.25,609.79,2.8,96.79,0.0449,10.13,14.22,14.87,30.0,426.7,22.2,healthy,0.0
healthy_2,2658,1789846594.4093308,2671.7,115.5,603.24,2.85,96.86,0.0476,10.04,14.24,14.81,30.0,422.6,22.3,healthy,0.0
healthy_2,2659,1789846595.4093308,2685.4,115.7,603.77,2.86,96.89,0.0409,10.0,14.22,14.58,30.0,418.4,22.3,healthy,0.0
healthy_2,2660,1789846596.4093308,2679.9,115.57,599.63,2.86,96.81,0.0479,9.96,14.2,14.55,30.0,414.2,22.3,healthy,0.0
healthy_2,2661,1789846597.4093308,2680.9,115.3,604.06,2.88,96.89,0.045,10.01,14.18,14.3,30.0,410.1,22.3,healthy,0.0
healthy_2,2662,1789846598.4093308,2698.3,115.45,606.58,2.87,96.95,0.0363,10.21,14.15,14.23,30.0,405.9,22.4,healthy,0.0
healthy_2,2663,1789846599.4093308,2708.0,115.58,605.92,2.87,96.98,0.0292,10.12,14.13,14.3,30.0,401.8,22.4,healthy,0.0
healthy_2,2664,1789846600.4093308,2732.5,115.24,607.23,2.85,96.8,0.0371,10.09,14.09,14.23,30.0,397.6,22.4,healthy,0.0
healthy_2,2665,1789846601.4093308,2718.6,115.26,605.84,2.91,96.63,0.0455,10.19,14.04,14.34,30.0,393.4,22.4,healthy,0.0
healthy_2,2666,1789846602.4093308,2703.1,115.38,609.28,2.91,96.52,0.0465,10.08,14.02,14.09,30.0,389.3,22.5,healthy,0.0
healthy_2,2667,1789846603.4093308,2683.2,115.37,603.96,2.8,96.34,0.0531,10.24,13.96,14.16,30.0,385.1,22.5,healthy,0.0
healthy_2,2668,1789846604.4093308,2683.4,115.11,601.14,2.79,96.42,0.0494,10.19,14.01,14.15,30.0,381.0,22.5,healthy,0.0
healthy_2,2669,1789846605.4093308,2670.9,114.97,602.06,2.77,96.45,0.0394,10.31,13.97,14.55,30.0,376.8,22.6,healthy,0.0
healthy_2,2670,1789846606.4093308,2700.2,115.46,601.48,2.86,96.47,0.0311,10.28,13.93,14.31,30.0,372.6,22.6,healthy,0.0
healthy_2,2671,1789846607.4093308,2704.3,115.85,604.56,2.87,96.34,0.0318,10.15,13.99,14.57,30.0,368.5,22.6,healthy,0.0
healthy_2,2672,1789846608.4093308,2720.6,116.0,610.92,2.89,96.26,0.0335,10.12,14.07,14.45,30.0,364.3,22.6,healthy,0.0
healthy_2,2673,1789846609.4093308,2732.3,116.34,612.41,2.91,96.23,0.0374,9.92,14.05,14.3,30.0,360.2,22.7,healthy,0.0
healthy_2,2674,1789846610.4093308,2741.3,116.21,607.98,3.0,96.08,0.0431,9.8,14.04,13.98,30.0,356.0,22.7,healthy,0.0
healthy_2,2675,1789846611.4093308,2746.2,116.28,604.73,2.98,96.1,0.051,10.05,14.06,14.22,30.0,351.8,22.7,healthy,0.0
healthy_2,2676,1789846612.4093308,2742.5,116.39,600.3,2.9,96.07,0.0487,10.14,14.04,14.59,30.0,347.7,22.7,healthy,0.0
healthy_2,2677,1789846613.4093308,2755.6,116.81,599.63,3.01,96.16,0.0381,10.28,14.05,14.74,30.0,343.5,22.8,healthy,0.0
healthy_2,2678,1789846614.4093308,2749.7,116.41,602.23,3.05,96.3,0.0361,10.3,14.03,14.65,30.0,339.4,22.8,healthy,0.0
healthy_2,2679,1789846615.4093308,2741.8,116.47,606.16,2.94,96.36,0.0348,10.25,14.02,14.39,30.0,335.2,22.8,healthy,0.0
healthy_2,2680,1789846616.4093308,2735.9,116.5,606.16,2.89,96.41,0.0411,10.18,14.06,14.32,30.0,331.0,22.8,healthy,0.0
healthy_2,2681,1789846617.4093308,2728.5,116.89,607.94,2.94,96.44,0.0387,10.03,14.03,14.32,30.0,326.9,22.9,healthy,0.0
healthy_2,2682,1789846618.4093308,2749.1,116.64,607.21,2.94,96.48,0.0409,10.03,14.01,14.47,30.0,322.7,22.9,healthy,0.0
healthy_2,2683,1789846619.4093308,2710.7,116.48,603.68,2.85,96.49,0.043,10.21,14.03,14.58,30.0,318.6,22.9,healthy,0.0
healthy_2,2684,1789846620.4093308,2679.0,116.38,606.35,2.97,96.42,0.0414,10.15,14.03,14.49,30.0,314.4,23.0,healthy,0.0
healthy_2,2685,1789846621.4093308,2691.1,116.3,604.18,2.92,96.48,0.0449,10.15,13.96,14.67,30.0,310.2,23.0,healthy,0.0
healthy_2,2686,1789846622.4093308,2714.2,116.41,604.4,2.87,96.48,0.0494,10.04,14.03,14.42,30.0,306.1,23.0,healthy,0.0
healthy_2,2687,1789846623.4093308,2725.1,116.39,602.02,2.86,96.37,0.0474,10.07,14.11,14.16,30.0,301.9,23.0,healthy,0.0
healthy_2,2688,1789846624.4093308,2685.8,116.61,608.21,2.85,96.52,0.0443,10.14,14.03,14.52,30.0,297.8,23.1,healthy,0.0
healthy_2,2689,1789846625.4093308,2690.5,116.67,615.98,2.83,96.58,0.0342,10.18,13.99,14.34,30.0,293.6,23.1,healthy,0.0
healthy_2,2690,1789846626.4093308,2699.8,116.38,609.49,2.81,96.73,0.0321,10.35,13.99,14.04,30.0,289.4,23.1,healthy,0.0
healthy_2,2691,1789846627.4093308,2699.0,116.41,609.9,2.87,96.73,0.0248,10.28,14.01,14.0,30.0,285.3,23.1,healthy,0.0
healthy_2,2692,1789846628.4093308,2710.6,116.52,608.51,2.88,96.7,0.0356,10.21,13.93,14.32,30.0,281.1,23.2,healthy,0.0
healthy_2,2693,1789846629.4093308,2730.2,116.47,601.92,2.88,96.71,0.0359,10.08,13.94,14.17,30.0,277.0,23.2,healthy,0.0
healthy_2,2694,1789846630.4093308,2699.4,116.87,602.9,2.93,96.8,0.0393,10.18,13.92,14.46,30.0,272.8,23.2,healthy,0.0
healthy_2,2695,1789846631.4093308,2691.5,116.9,598.88,2.91,96.8,0.0252,10.03,13.92,14.44,30.0,268.6,23.3,healthy,0.0
healthy_2,2696,1789846632.4093308,2722.4,116.98,599.29,3.06,96.81,0.0302,9.94,13.87,14.63,30.0,264.5,23.3,healthy,0.0
healthy_2,2697,1789846633.4093308,2736.9,116.93,598.74,2.96,96.75,0.024,10.1,13.95,14.49,30.0,260.3,23.3,healthy,0.0
healthy_2,2698,1789846634.4093308,2747.9,116.86,602.4,2.93,96.95,0.0364,10.17,14.0,14.44,30.0,256.2,23.3,healthy,0.0
healthy_2,2699,1789846635.4093308,2729.8,116.79,602.67,2.84,96.91,0.0358,10.16,14.08,14.37,30.0,252.0,23.4,healthy,0.0
healthy_2,2700,1789846636.4093308,2727.9,116.54,605.05,2.84,96.95,0.0455,10.12,14.05,14.1,30.0,247.8,23.4,healthy,0.0
healthy_2,2701,1789846637.4093308,2703.8,116.67,609.7,2.85,97.1,0.0403,10.18,14.03,14.45,30.0,243.7,23.4,healthy,0.0
healthy_2,2702,1789846638.4093308,2693.8,116.45,599.44,2.97,97.08,0.0373,10.06,14.06,14.18,30.0,239.5,23.4,healthy,0.0
healthy_2,2703,1789846639.4093308,2712.1,116.2,602.4,3.01,96.96,0.0386,10.11,14.17,14.13,30.0,235.4,23.5,healthy,0.0
healthy_2,2704,1789846640.4093308,2731.2,116.44,599.61,3.0,96.99,0.0315,9.94,14.18,14.06,30.0,231.2,23.5,healthy,0.0
healthy_2,2705,1789846641.4093308,2745.0,116.75,597.75,3.02,96.89,0.0329,9.88,14.17,14.07,30.0,227.0,23.5,healthy,0.0
healthy_2,2706,1789846642.4093308,2762.6,116.77,601.39,3.08,96.97,0.0334,10.02,14.15,14.11,30.0,222.9,23.6,healthy,0.0
healthy_2,2707,1789846643.4093308,2771.7,116.65,601.29,3.01,96.71,0.0465,10.17,14.08,14.35,30.0,218.7,23.6,healthy,0.0
healthy_2,2708,1789846644.4093308,2766.8,116.72,601.54,2.92,96.7,0.0414,9.98,14.17,14.06,30.0,214.6,23.6,healthy,0.0
healthy_2,2709,1789846645.4093308,2755.8,117.15,603.62,2.96,96.64,0.0407,9.99,14.13,14.35,30.0,210.4,23.6,healthy,0.0
healthy_2,2710,1789846646.4093308,2755.7,117.19,609.5,3.07,96.76,0.0467,9.89,14.08,14.47,30.0,206.2,23.7,healthy,0.0
healthy_2,2711,1789846647.4093308,2738.0,117.27,609.21,3.06,96.86,0.0535,9.86,14.11,14.73,30.0,202.1,23.7,healthy,0.0
healthy_2,2712,1789846648.4093308,2733.9,117.55,608.85,3.0,97.04,0.0498,9.93,14.12,14.76,30.0,197.9,23.7,healthy,0.0
healthy_2,2713,1789846649.4093308,2703.5,117.56,610.54,2.91,97.12,0.0456,9.95,14.12,14.63,30.0,193.8,23.7,healthy,0.0
healthy_2,2714,1789846650.4093308,2686.3,117.34,612.27,2.88,97.29,0.0489,10.06,14.08,14.52,30.0,189.6,23.8,healthy,0.0
healthy_2,2715,1789846651.4093308,2702.4,117.58,613.15,2.96,97.24,0.0467,10.02,14.15,14.27,30.0,185.4,23.8,healthy,0.0
healthy_2,2716,1789846652.4093308,2701.8,117.7,611.02,2.88,97.04,0.0436,9.98,14.17,14.37,30.0,181.3,23.8,healthy,0.0
healthy_2,2717,1789846653.4093308,2704.5,117.88,613.84,2.84,97.1,0.0431,9.94,14.1,14.73,30.0,177.1,23.8,healthy,0.0
healthy_2,2718,1789846654.4093308,2722.4,117.87,613.97,2.84,97.0,0.0356,9.78,14.21,14.42,30.0,173.0,23.9,healthy,0.0
healthy_2,2719,1789846655.4093308,2718.5,117.48,617.1,2.88,97.05,0.0285,9.81,14.28,14.26,30.0,168.8,23.9,healthy,0.0
healthy_2,2720,1789846656.4093308,2712.5,117.45,613.19,2.76,96.95,0.0339,9.66,14.31,13.75,30.0,164.6,23.9,healthy,0.0
healthy_2,2721,1789846657.4093308,2713.8,117.32,610.61,2.73,96.91,0.0399,9.7,14.32,13.95,30.0,160.5,24.0,healthy,0.0
healthy_2,2722,1789846658.4093308,2716.7,117.37,613.06,2.77,96.94,0.045,9.71,14.24,14.09,30.0,156.3,24.0,healthy,0.0
healthy_2,2723,1789846659.4093308,2699.5,117.51,610.69,2.85,96.95,0.0436,9.63,14.2,14.21,30.0,152.2,24.0,healthy,0.0
healthy_2,2724,1789846660.4093308,2729.0,117.48,610.0,2.91,96.96,0.0495,9.65,14.21,14.44,30.0,148.0,24.0,healthy,0.0
healthy_2,2725,1789846661.4093308,2751.4,117.45,608.8,2.98,96.99,0.049,9.67,14.24,14.59,30.0,143.8,24.1,healthy,0.0
healthy_2,2726,1789846662.4093308,2733.8,117.55,609.75,2.89,97.05,0.0444,9.84,14.33,14.53,30.0,139.7,24.1,healthy,0.0
healthy_2,2727,1789846663.4093308,2711.7,117.64,604.36,2.92,97.15,0.036,9.88,14.31,14.55,30.0,135.5,24.1,healthy,0.0
healthy_2,2728,1789846664.4093308,2709.4,117.25,610.38,2.9,97.05,0.042,10.0,14.28,14.53,30.0,131.4,24.1,healthy,0.0
healthy_2,2729,1789846665.4093308,2736.7,116.95,607.3,2.84,97.07,0.0386,9.97,14.22,14.56,30.0,127.2,24.2,healthy,0.0
healthy_2,2730,1789846666.4093308,2720.4,116.69,605.86,2.84,97.11,0.0485,9.89,14.25,14.71,30.0,123.0,24.2,healthy,0.0
healthy_2,2731,1789846667.4093308,2688.1,117.07,611.92,2.9,96.94,0.0374,9.89,14.26,14.55,30.0,118.9,24.2,healthy,0.0
healthy_2,2732,1789846668.4093308,2707.5,117.17,616.17,2.92,96.87,0.0312,9.91,14.3,14.22,30.0,114.7,24.3,healthy,0.0
healthy_2,2733,1789846669.4093308,2704.3,117.22,615.38,2.85,97.01,0.0313,9.99,14.27,14.24,30.0,110.6,24.3,healthy,0.0
healthy_2,2734,1789846670.4093308,2702.2,117.53,622.31,2.8,96.75,0.0319,9.85,14.23,14.27,30.0,106.4,24.3,healthy,0.0
healthy_2,2735,1789846671.4093308,2718.3,117.88,625.65,2.84,96.66,0.0308,9.91,14.23,14.08,30.0,102.2,24.3,healthy,0.0
healthy_2,2736,1789846672.4093308,2712.1,117.69,625.97,2.92,96.55,0.0375,9.86,14.13,14.21,30.0,98.1,24.4,healthy,0.0
healthy_2,2737,1789846673.4093308,2717.5,117.74,620.63,2.9,96.54,0.0338,10.11,14.14,14.35,30.0,93.9,24.4,healthy,0.0
healthy_2,2738,1789846674.4093308,2718.4,117.77,617.1,2.93,96.55,0.0335,10.21,14.12,14.43,30.0,89.8,24.4,healthy,0.0
healthy_2,2739,1789846675.4093308,2696.5,117.56,614.06,3.0,96.67,0.0368,10.02,14.13,14.14,30.0,85.6,24.4,healthy,0.0
healthy_2,2740,1789846676.4093308,2682.7,117.69,611.99,3.03,96.75,0.0309,9.99,14.18,14.32,30.0,81.4,24.5,healthy,0.0
healthy_2,2741,1789846677.4093308,2694.8,117.76,618.18,2.95,96.74,0.0357,10.17,14.13,14.57,30.0,77.3,24.5,healthy,0.0
healthy_2,2742,1789846678.4093308,2675.1,117.47,620.06,3.03,96.87,0.0391,10.22,14.06,14.5,30.0,73.1,24.5,healthy,0.0
healthy_2,2743,1789846679.4093308,2687.1,117.48,618.62,3.04,96.8,0.0426,10.24,14.09,14.33,30.0,69.0,24.6,healthy,0.0
healthy_2,2744,1789846680.4093308,2711.4,117.4,619.07,2.98,96.8,0.0344,10.08,14.12,14.36,30.0,64.8,24.6,healthy,0.0
healthy_2,2745,1789846681.4093308,2715.9,117.42,612.69,2.92,96.91,0.0412,10.1,14.15,14.33,30.0,60.6,24.6,healthy,0.0
healthy_2,2746,1789846682.4093308,2710.8,117.37,607.0,2.98,96.93,0.0343,10.0,14.11,14.22,30.0,56.5,24.6,healthy,0.0
healthy_2,2747,1789846683.4093308,2724.4,117.63,609.4,3.05,96.88,0.0257,10.04,14.07,14.39,30.0,52.3,24.7,healthy,0.0
healthy_2,2748,1789846684.4093308,2744.3,117.53,608.49,3.02,96.74,0.0275,10.16,14.1,14.5,30.0,48.2,24.7,healthy,0.0
healthy_2,2749,1789846685.4093308,2746.3,117.79,604.56,3.06,96.55,0.0294,10.17,14.04,14.22,30.0,44.0,24.7,healthy,0.0
healthy_2,2750,1789846686.4093308,2743.3,117.85,609.94,2.93,96.51,0.0425,10.3,14.02,14.38,30.0,39.8,24.7,healthy,0.0
healthy_2,2751,1789846687.4093308,2755.9,117.81,604.33,2.88,96.66,0.0401,10.09,14.07,14.1,30.0,35.7,24.8,healthy,0.0
healthy_2,2752,1789846688.4093308,2740.0,118.31,603.94,2.89,96.47,0.0454,10.11,14.06,14.43,30.0,31.5,24.8,healthy,0.0
healthy_2,2753,1789846689.4093308,2719.1,118.3,599.55,2.87,96.45,0.0416,9.98,14.09,14.19,30.0,27.4,24.8,healthy,0.0
healthy_2,2754,1789846690.4093308,2714.4,118.39,598.3,2.86,96.44,0.0525,9.88,14.11,14.14,30.0,23.2,24.8,healthy,0.0
healthy_2,2755,1789846691.4093308,2711.2,118.38,601.96,2.94,96.42,0.0516,9.83,14.03,14.2,30.0,19.0,24.9,healthy,0.0
healthy_2,2756,1789846692.4093308,2731.7,118.19,604.03,2.94,96.41,0.0493,9.89,14.05,14.62,30.0,14.9,24.9,healthy,0.0
healthy_2,2757,1789846693.4093308,2727.3,118.28,610.52,2.95,96.39,0.0344,10.01,14.12,14.68,30.0,10.7,24.9,healthy,0.0
healthy_2,2758,1789846694.4093308,2708.7,118.0,615.07,2.93,96.59,0.0371,10.03,14.11,14.73,30.0,6.6,25.0,healthy,0.0
healthy_2,2759,1789846695.4093308,2729.7,118.33,611.91,2.96,96.58,0.0333,9.92,14.11,14.55,30.0,2.4,25.0,healthy,0.0
healthy_2,2760,1789846696.4093308,2743.3,118.25,623.26,2.89,96.56,0.0354,10.0,14.05,14.54,30.0,0.0,25.0,healthy,0.0
healthy_2,2761,1789846697.4093308,2748.9,118.18,619.52,2.97,96.43,0.033,10.04,14.12,14.49,30.0,0.0,25.0,healthy,0.0
healthy_2,2762,1789846698.4093308,2735.6,118.5,620.18,2.97,96.54,0.0348,10.03,14.18,14.46,30.0,0.0,25.0,healthy,0.0
healthy_2,2763,1789846699.4093308,2740.5,118.47,619.07,3.01,96.58,0.0293,10.03,14.06,14.68,30.0,0.0,25.0,healthy,0.0
healthy_2,2764,1789846700.4093308,2737.8,118.33,615.54,2.95,96.66,0.0308,10.11,14.03,14.69,30.0,0.0,25.0,healthy,0.0
healthy_2,2765,1789846701.4093308,2750.5,117.91,619.28,2.97,96.59,0.0267,10.27,14.07,14.69,30.0,0.0,25.0,healthy,0.0
healthy_2,2766,1789846702.4093308,2761.3,118.01,620.31,3.07,96.56,0.0274,10.24,14.06,14.7,30.0,0.0,25.0,healthy,0.0
healthy_2,2767,1789846703.4093308,2762.1,118.05,620.26,2.99,96.69,0.028,10.27,14.06,14.78,30.0,0.0,25.0,healthy,0.0
healthy_2,2768,1789846704.4093308,2752.8,117.71,621.95,2.91,96.65,0.0363,10.39,14.08,14.59,30.0,0.0,25.0,healthy,0.0
healthy_2,2769,1789846705.4093308,2756.5,117.92,622.37,2.92,96.69,0.0413,10.41,14.07,14.57,30.0,0.0,25.0,healthy,0.0
healthy_2,2770,1789846706.4093308,2738.8,118.37,622.37,2.96,96.78,0.0352,10.35,14.08,14.82,30.0,0.0,25.0,healthy,0.0
healthy_2,2771,1789846707.4093308,2724.6,118.32,619.6,2.86,96.82,0.0324,10.36,14.07,14.54,30.0,0.0,25.0,healthy,0.0
healthy_2,2772,1789846708.4093308,2729.9,118.23,620.29,2.82,96.89,0.0358,10.23,14.09,14.49,30.0,0.0,25.0,healthy,0.0
healthy_2,2773,1789846709.4093308,2754.7,118.3,619.73,2.84,96.85,0.0272,10.24,14.09,14.35,30.0,0.0,25.0,healthy,0.0
healthy_2,2774,1789846710.4093308,2744.1,118.41,615.81,2.86,96.79,0.0316,10.33,14.12,14.24,30.0,0.0,25.0,healthy,0.0
healthy_2,2775,1789846711.4093308,2749.6,118.31,621.42,2.87,96.73,0.0312,10.32,14.19,14.36,30.0,0.0,25.0,healthy,0.0
healthy_2,2776,1789846712.4093308,2732.5,118.36,616.78,2.89,96.76,0.0265,10.29,14.21,14.1,30.0,0.0,25.0,healthy,0.0
healthy_2,2777,1789846713.4093308,2719.3,118.41,613.87,2.87,96.79,0.026,10.48,14.2,14.36,30.0,0.0,25.0,healthy,0.0
healthy_2,2778,1789846714.4093308,2703.2,118.2,611.29,2.9,96.93,0.034,10.31,14.25,14.5,30.0,0.0,25.0,healthy,0.0
healthy_2,2779,1789846715.4093308,2720.4,117.99,611.05,2.93,97.09,0.0301,10.15,14.28,14.35,30.0,0.0,25.0,healthy,0.0
healthy_2,2780,1789846716.4093308,2704.1,118.18,613.58,2.91,97.3,0.0309,10.16,14.24,14.09,30.0,0.0,25.0,healthy,0.0
healthy_2,2781,1789846717.4093308,2714.1,118.49,615.96,2.93,97.16,0.0311,10.13,14.17,14.19,30.0,0.0,25.0,healthy,0.0
healthy_2,2782,1789846718.4093308,2706.9,118.34,618.89,2.83,97.23,0.0214,10.13,14.14,14.29,30.0,0.0,25.0,healthy,0.0
healthy_2,2783,1789846719.4093308,2763.8,118.13,615.6,2.83,97.26,0.0298,10.25,14.14,14.11,30.0,0.0,25.0,healthy,0.0
healthy_2,2784,1789846720.4093308,2763.4,118.3,616.97,2.94,97.43,0.0364,10.03,14.15,14.36,30.0,0.0,25.0,healthy,0.0
healthy_2,2785,1789846721.4093308,2755.7,118.52,610.53,2.87,97.35,0.0403,9.76,14.12,14.29,30.0,0.0,25.0,healthy,0.0
healthy_2,2786,1789846722.4093308,2753.0,118.25,610.98,2.95,97.25,0.0372,9.78,14.12,14.04,30.0,0.0,25.0,healthy,0.0
healthy_2,2787,1789846723.4093308,2749.8,118.85,608.59,2.9,97.25,0.0374,9.75,14.06,14.18,30.0,0.0,25.0,healthy,0.0
healthy_2,2788,1789846724.4093308,2734.2,118.54,607.59,2.97,97.36,0.0258,9.68,14.12,14.05,30.0,0.0,25.0,healthy,0.0
healthy_2,2789,1789846725.4093308,2776.3,118.67,611.9,3.0,97.29,0.0322,9.67,14.09,14.06,30.0,0.0,25.0,healthy,0.0
healthy_2,2790,1789846726.4093308,2768.5,118.91,611.65,2.96,97.28,0.0346,9.9,14.07,14.41,30.0,0.0,25.0,healthy,0.0
healthy_2,2791,1789846727.4093308,2752.5,118.87,609.9,2.92,97.24,0.0399,9.81,14.12,14.34,30.0,0.0,25.0,healthy,0.0
healthy_2,2792,1789846728.4093308,2733.8,118.73,612.17,2.9,97.22,0.0382,9.85,14.08,14.17,30.0,0.0,25.0,healthy,0.0
healthy_2,2793,1789846729.4093308,2718.9,119.04,613.03,2.84,97.11,0.04,9.95,14.04,14.43,30.0,0.0,25.0,healthy,0.0
healthy_2,2794,1789846730.4093308,2719.1,119.08,613.88,2.89,97.09,0.042,9.92,14.11,14.41,30.0,0.0,25.0,healthy,0.0
healthy_2,2795,1789846731.4093308,2713.8,118.77,612.77,2.81,96.98,0.0331,9.88,14.03,14.29,30.0,0.0,25.0,healthy,0.0
healthy_2,2796,1789846732.4093308,2709.3,118.79,614.27,2.81,97.0,0.0283,9.99,14.06,14.47,30.0,0.0,25.0,healthy,0.0
healthy_2,2797,1789846733.4093308,2706.6,118.49,614.77,2.96,97.01,0.0258,10.05,14.11,14.73,30.0,0.0,25.0,healthy,0.0
healthy_2,2798,1789846734.4093308,2717.4,118.67,616.76,2.92,96.92,0.027,10.14,14.18,14.67,30.0,0.0,25.0,healthy,0.0
healthy_2,2799,1789846735.4093308,2708.9,118.85,619.84,3.02,96.92,0.0271,10.12,14.1,14.4,30.0,0.0,25.0,healthy,0.0
healthy_2,2800,1789846736.4093308,2707.3,118.7,617.94,2.97,96.94,0.0237,10.09,14.21,14.5,30.0,0.0,25.0,healthy,0.0
healthy_2,2801,1789846737.4093308,2710.0,118.65,611.54,2.91,96.89,0.024,9.83,14.2,14.35,30.0,0.0,25.0,healthy,0.0
healthy_2,2802,1789846738.4093308,2682.3,118.55,609.95,2.85,96.9,0.0365,9.97,14.21,14.61,30.0,0.0,25.0,healthy,0.0
healthy_2,2803,1789846739.4093308,2698.4,118.28,610.31,2.83,96.98,0.0402,10.03,14.21,14.73,30.0,0.0,25.0,healthy,0.0
healthy_2,2804,1789846740.4093308,2702.5,118.61,613.1,2.77,97.15,0.044,9.98,14.18,14.59,30.0,0.0,25.0,healthy,0.0
healthy_2,2805,1789846741.4093308,2724.5,118.51,613.97,2.69,97.12,0.0469,10.0,14.11,14.21,30.0,0.0,25.0,healthy,0.0
healthy_2,2806,1789846742.4093308,2736.3,118.55,617.38,2.81,97.11,0.0461,10.14,14.02,14.36,30.0,0.0,25.0,healthy,0.0
healthy_2,2807,1789846743.4093308,2739.5,118.79,610.86,2.83,97.03,0.0526,10.26,14.06,14.51,30.0,0.0,25.0,healthy,0.0
healthy_2,2808,1789846744.4093308,2746.8,118.97,608.29,2.8,97.02,0.0437,9.92,14.1,14.08,30.0,0.0,25.0,healthy,0.0
healthy_2,2809,1789846745.4093308,2739.6,118.98,607.15,2.89,97.05,0.0431,9.9,14.11,14.38,30.0,0.0,25.0,healthy,0.0
healthy_2,2810,1789846746.4093308,2757.2,118.92,608.21,2.91,97.11,0.0416,9.94,14.14,14.24,30.0,0.0,25.0,healthy,0.0
healthy_2,2811,1789846747.4093308,2776.5,118.84,606.0,2.9,97.13,0.0388,10.08,14.05,14.48,30.0,0.0,25.0,healthy,0.0
healthy_2,2812,1789846748.4093308,2768.1,118.74,609.92,2.86,97.04,0.0419,10.08,14.0,14.83,30.0,0.0,25.0,healthy,0.0
healthy_2,2813,1789846749.4093308,2778.5,118.58,610.21,2.86,97.03,0.0413,9.97,13.9,14.6,30.0,0.0,25.0,healthy,0.0
healthy_2,2814,1789846750.4093308,2762.8,118.46,610.74,2.83,97.07,0.0297,10.14,13.91,14.56,30.0,0.0,25.0,healthy,0.0
healthy_2,2815,1789846751.4093308,2744.6,118.09,610.95,2.86,97.15,0.0309,10.12,13.88,14.34,30.0,0.0,25.0,healthy,0.0
healthy_2,2816,1789846752.4093308,2742.9,118.14,611.61,2.85,97.23,0.0343,10.09,13.97,14.61,30.0,0.0,25.0,healthy,0.0
healthy_2,2817,1789846753.4093308,2735.6,117.87,614.24,2.85,97.11,0.0373,10.09,14.08,14.67,30.0,0.0,25.0,healthy,0.0
healthy_2,2818,1789846754.4093308,2736.3,117.86,612.1,2.92,97.03,0.0421,10.15,14.13,14.55,30.0,0.0,25.0,healthy,0.0
healthy_2,2819,1789846755.4093308,2725.9,117.48,611.91,2.93,97.0,0.0357,10.13,14.15,14.22,30.0,0.0,25.0,healthy,0.0
healthy_2,2820,1789846756.4093308,2720.0,117.82,613.53,2.95,96.96,0.0247,9.97,14.1,14.24,30.0,0.0,25.0,healthy,0.0
healthy_2,2821,1789846757.4093308,2738.3,118.05,614.95,2.89,97.0,0.0275,9.96,14.06,14.58,30.0,0.0,25.0,healthy,0.0
healthy_2,2822,1789846758.4093308,2732.3,118.25,620.25,2.94,96.93,0.0373,9.87,14.14,13.94,30.0,0.0,25.0,healthy,0.0
healthy_2,2823,1789846759.4093308,2736.0,118.19,615.39,2.93,96.95,0.0364,9.87,14.22,14.29,30.0,0.0,25.0,healthy,0.0
healthy_2,2824,1789846760.4093308,2727.7,118.1,612.81,2.9,96.95,0.0287,9.99,14.21,14.28,30.0,0.0,25.0,healthy,0.0
healthy_2,2825,1789846761.4093308,2735.1,118.22,608.33,2.91,97.05,0.0405,9.99,14.22,14.23,30.0,0.0,25.0,healthy,0.0
healthy_2,2826,1789846762.4093308,2735.0,118.4,609.94,2.95,96.94,0.0265,10.27,14.19,14.45,30.0,0.0,25.0,healthy,0.0
healthy_2,2827,1789846763.4093308,2733.0,118.61,607.85,2.88,96.88,0.0341,10.17,14.2,14.35,30.0,0.0,25.0,healthy,0.0
healthy_2,2828,1789846764.4093308,2740.2,118.94,604.62,2.82,96.81,0.0349,10.09,14.11,14.72,30.0,0.0,25.0,healthy,0.0
healthy_2,2829,1789846765.4093308,2741.3,118.88,608.88,2.86,96.74,0.0402,10.06,14.15,14.68,30.0,0.0,25.0,healthy,0.0
healthy_2,2830,1789846766.4093308,2720.6,118.75,605.62,2.91,96.69,0.0361,10.22,14.2,14.69,30.0,0.0,25.0,healthy,0.0
healthy_2,2831,1789846767.4093308,2728.8,118.85,612.19,2.91,96.73,0.0414,10.23,14.26,14.59,30.0,0.0,25.0,healthy,0.0
healthy_2,2832,1789846768.4093308,2729.8,118.79,615.69,2.91,96.73,0.042,10.1,14.19,14.54,30.0,0.0,25.0,healthy,0.0
healthy_2,2833,1789846769.4093308,2726.5,118.68,616.83,2.97,96.93,0.0399,10.18,14.19,14.2,30.0,0.0,25.0,healthy,0.0
healthy_2,2834,1789846770.4093308,2737.0,118.51,620.29,2.89,96.96,0.0323,10.08,14.2,14.04,30.0,0.0,25.0,healthy,0.0
healthy_2,2835,1789846771.4093308,2738.0,119.07,618.64,2.83,96.92,0.0264,10.11,14.18,14.2,30.0,0.0,25.0,healthy,0.0
healthy_2,2836,1789846772.4093308,2742.1,119.26,618.38,2.85,96.95,0.0243,10.06,14.27,14.08,30.0,0.0,25.0,healthy,0.0
healthy_2,2837,1789846773.4093308,2726.0,118.91,618.33,2.76,96.86,0.0398,10.05,14.2,14.28,30.0,0.0,25.0,healthy,0.0
healthy_2,2838,1789846774.4093308,2708.6,118.73,616.09,2.89,96.94,0.0455,10.0,14.19,14.29,30.0,0.0,25.0,healthy,0.0
healthy_2,2839,1789846775.4093308,2717.8,118.57,614.89,2.86,96.85,0.041,9.91,14.28,14.43,30.0,0.0,25.0,healthy,0.0
healthy_2,2840,1789846776.4093308,2728.8,118.7,610.6,2.9,96.94,0.0371,9.96,14.28,14.5,30.0,0.0,25.0,healthy,0.0
healthy_2,2841,1789846777.4093308,2743.2,118.57,610.19,2.88,96.95,0.0377,9.9,14.26,14.63,30.0,0.0,25.0,healthy,0.0
healthy_2,2842,1789846778.4093308,2736.7,118.2,610.68,2.92,96.85,0.0441,9.82,14.19,14.68,30.0,0.0,25.0,healthy,0.0
healthy_2,2843,1789846779.4093308,2740.6,118.33,606.34,2.87,96.8,0.0485,9.76,14.2,14.23,30.0,0.0,25.0,healthy,0.0
healthy_2,2844,1789846780.4093308,2730.7,118.29,608.05,2.92,96.82,0.0338,9.95,14.2,14.45,30.0,0.0,25.0,healthy,0.0
healthy_2,2845,1789846781.4093308,2696.9,118.68,615.17,2.88,96.9,0.0408,10.24,14.22,14.67,30.0,0.0,25.0,healthy,0.0
healthy_2,2846,1789846782.4093308,2686.6,118.76,615.33,2.85,96.88,0.0413,10.02,14.22,14.59,30.0,0.0,25.0,healthy,0.0
healthy_2,2847,1789846783.4093308,2722.5,118.81,616.63,2.97,96.76,0.0486,9.84,14.2,14.42,30.0,0.0,25.0,healthy,0.0
healthy_2,2848,1789846784.4093308,2715.6,119.08,614.23,2.96,96.93,0.0405,9.86,14.18,14.24,30.0,0.0,25.0,healthy,0.0
healthy_2,2849,1789846785.4093308,2709.5,118.72,614.54,2.9,96.94,0.0428,9.93,14.15,14.26,30.0,0.0,25.0,healthy,0.0
healthy_2,2850,1789846786.4093308,2742.2,118.78,619.6,2.91,96.92,0.0453,10.07,14.12,14.0,30.0,0.0,25.0,healthy,0.0
healthy_2,2851,1789846787.4093308,2719.3,118.71,618.92,2.96,96.98,0.0306,9.98,14.18,14.34,30.0,0.0,25.0,healthy,0.0
healthy_2,2852,1789846788.4093308,2717.8,118.63,614.77,2.9,96.92,0.0283,10.2,14.15,14.45,30.0,0.0,25.0,healthy,0.0
healthy_2,2853,1789846789.4093308,2735.0,118.65,616.33,2.9,96.89,0.0346,10.06,14.16,14.09,30.0,0.0,25.0,healthy,0.0
healthy_2,2854,1789846790.4093308,2698.4,118.86,616.44,2.81,96.86,0.0281,9.97,14.26,14.01,30.0,0.0,25.0,healthy,0.0
healthy_2,2855,1789846791.4093308,2706.5,118.86,611.98,2.76,96.72,0.0323,9.92,14.24,14.17,30.0,0.0,25.0,healthy,0.0
healthy_2,2856,1789846792.4093308,2706.8,119.18,609.27,2.64,96.74,0.039,10.1,14.2,14.59,30.0,0.0,25.0,healthy,0.0
healthy_2,2857,1789846793.4093308,2719.3,119.41,611.46,2.72,96.81,0.0428,10.29,14.18,14.12,30.0,0.0,25.0,healthy,0.0
healthy_2,2858,1789846794.4093308,2700.2,119.42,612.96,2.78,96.81,0.0484,10.18,14.16,14.59,30.0,0.0,25.0,healthy,0.0
healthy_2,2859,1789846795.4093308,2687.7,119.24,616.49,2.72,96.78,0.0497,10.22,14.17,14.4,30.0,0.0,25.0,healthy,0.0
healthy_2,2860,1789846796.4093308,2707.3,119.02,617.31,2.69,96.76,0.0439,10.31,14.23,14.3,30.0,0.0,25.0,healthy,0.0
healthy_2,2861,1789846797.4093308,2698.4,118.68,613.13,2.79,96.64,0.0432,10.29,14.24,14.17,30.0,0.0,25.0,healthy,0.0
healthy_2,2862,1789846798.4093308,2717.7,118.52,613.88,2.82,96.59,0.0354,10.19,14.25,14.1,30.0,0.0,25.0,healthy,0.0
healthy_2,2863,1789846799.4093308,2695.5,118.01,614.29,2.82,96.7,0.0345,10.25,14.32,14.12,30.0,0.0,25.0,healthy,0.0
healthy_2,2864,1789846800.4093308,2707.8,117.59,613.54,2.83,96.72,0.0397,10.07,14.3,14.09,30.0,0.0,25.0,healthy,0.0
healthy_2,2865,1789846801.4093308,2714.2,117.59,617.17,2.99,96.94,0.0394,10.22,14.31,14.22,30.0,0.0,25.0,healthy,0.0
healthy_2,2866,1789846802.4093308,2733.4,117.64,616.92,2.92,96.95,0.0334,9.83,14.3,14.21,30.0,0.0,25.0,healthy,0.0
healthy_2,2867,1789846803.4093308,2759.9,117.53,616.67,2.89,96.93,0.0293,9.81,14.35,14.4,30.0,0.0,25.0,healthy,0.0
healthy_2,2868,1789846804.4093308,2748.1,117.66,617.15,2.83,96.82,0.0327,9.87,14.39,14.6,30.0,0.0,25.0,healthy,0.0
healthy_2,2869,1789846805.4093308,2740.1,117.75,622.86,2.83,96.98,0.0445,9.92,14.29,14.64,30.0,0.0,25.0,healthy,0.0
healthy_2,2870,1789846806.4093308,2693.2,118.01,625.05,2.69,96.96,0.0387,9.91,14.27,14.64,30.0,0.0,25.0,healthy,0.0
healthy_2,2871,1789846807.4093308,2723.3,117.93,621.2,2.78,96.88,0.0392,9.93,14.24,14.49,30.0,0.0,25.0,healthy,0.0
healthy_2,2872,1789846808.4093308,2734.7,118.03,614.26,2.7,96.72,0.0367,9.78,14.24,14.6,30.0,0.0,25.0,healthy,0.0
healthy_2,2873,1789846809.4093308,2748.0,118.25,616.98,2.77,96.79,0.0329,9.76,14.27,14.42,30.0,0.0,25.0,healthy,0.0
healthy_2,2874,1789846810.4093308,2757.6,118.26,618.43,2.87,96.74,0.0276,9.69,14.27,14.6,30.0,0.0,25.0,healthy,0.0
healthy_2,2875,1789846811.4093308,2750.9,118.31,613.77,2.9,96.78,0.0325,9.88,14.31,14.38,30.0,0.0,25.0,healthy,0.0
healthy_2,2876,1789846812.4093308,2765.1,118.05,613.23,2.88,96.88,0.0282,10.0,14.35,14.34,30.0,0.0,25.0,healthy,0.0
healthy_2,2877,1789846813.4093308,2743.7,118.28,613.51,2.95,96.85,0.0293,9.79,14.4,14.42,30.0,0.0,25.0,healthy,0.0
healthy_2,2878,1789846814.4093308,2745.2,118.19,614.2,2.95,96.79,0.0342,9.77,14.3,14.27,30.0,0.0,25.0,healthy,0.0
healthy_2,2879,1789846815.4093308,2740.8,118.04,614.66,3.0,96.75,0.0355,9.98,14.3,14.21,30.0,0.0,25.0,healthy,0.0
healthy_2,2880,1789846816.4093308,2745.4,117.54,613.21,3.01,96.83,0.0378,9.98,14.3,14.17,30.0,0.0,25.0,healthy,0.0
healthy_2,2881,1789846817.4093308,2738.9,117.77,611.61,2.98,96.88,0.0391,9.94,14.3,14.44,30.0,0.0,25.0,healthy,0.0
healthy_2,2882,1789846818.4093308,2746.5,117.86,611.37,2.9,96.83,0.0295,9.85,14.31,14.67,30.0,0.0,25.0,healthy,0.0
healthy_2,2883,1789846819.4093308,2753.7,117.73,613.69,3.01,96.89,0.0174,9.97,14.28,14.49,30.0,0.0,25.0,healthy,0.0
healthy_2,2884,1789846820.4093308,2734.1,117.9,613.46,2.94,97.02,0.0195,9.95,14.3,14.3,30.0,0.0,25.0,healthy,0.0
healthy_2,2885,1789846821.4093308,2743.2,118.08,614.38,2.88,96.96,0.0274,9.9,14.29,14.23,30.0,0.0,25.0,healthy,0.0
healthy_2,2886,1789846822.4093308,2716.3,118.25,611.39,2.96,96.84,0.0332,10.07,14.23,14.15,30.0,0.0,25.0,healthy,0.0
healthy_2,2887,1789846823.4093308,2737.3,118.17,611.5,2.99,96.85,0.0339,10.25,14.22,14.09,30.0,0.0,25.0,healthy,0.0
healthy_2,2888,1789846824.4093308,2727.8,118.45,610.46,2.93,96.74,0.0389,10.01,14.19,14.07,30.0,0.0,25.0,healthy,0.0
healthy_2,2889,1789846825.4093308,2724.7,118.72,615.9,3.02,96.84,0.035,9.9,14.13,14.44,30.0,0.0,25.0,healthy,0.0
healthy_2,2890,1789846826.4093308,2708.3,118.32,621.81,2.99,96.8,0.0304,9.94,14.04,14.38,30.0,0.0,25.0,healthy,0.0
healthy_2,2891,1789846827.4093308,2689.6,118.42,618.63,2.96,96.79,0.0286,9.92,13.98,14.43,30.0,0.0,25.0,healthy,0.0
healthy_2,2892,1789846828.4093308,2717.0,117.83,620.77,2.88,96.82,0.0401,9.79,13.96,14.49,30.0,0.0,25.0,healthy,0.0
healthy_2,2893,1789846829.4093308,2723.2,117.88,624.3,2.91,96.71,0.0346,9.78,13.9,13.94,30.0,0.0,25.0,healthy,0.0
healthy_2,2894,1789846830.4093308,2713.1,118.01,626.35,2.92,96.78,0.0388,9.88,13.88,14.1,30.0,0.0,25.0,healthy,0.0
healthy_2,2895,1789846831.4093308,2730.8,118.23,625.65,2.84,97.01,0.0486,9.94,13.85,14.44,30.0,0.0,25.0,healthy,0.0
healthy_2,2896,1789846832.4093308,2741.2,118.74,626.07,2.88,97.07,0.0419,10.09,13.91,14.63,30.0,0.0,25.0,healthy,0.0
healthy_2,2897,1789846833.4093308,2741.6,118.45,622.85,2.89,97.07,0.0413,9.95,13.89,14.38,30.0,0.0,25.0,healthy,0.0
healthy_2,2898,1789846834.4093308,2739.7,118.81,619.92,3.01,97.15,0.0487,9.93,13.98,14.54,30.0,0.0,25.0,healthy,0.0
healthy_2,2899,1789846835.4093308,2726.4,118.77,618.89,2.95,97.12,0.0436,9.96,14.0,14.6,30.0,0.0,25.0,healthy,0.0
healthy_2,2900,1789846836.4093308,2721.6,118.85,621.19,2.91,97.19,0.0373,9.77,14.04,14.48,30.0,0.0,25.0,healthy,0.0
healthy_2,2901,1789846837.4093308,2730.1,118.54,617.04,2.92,97.04,0.038,9.57,14.07,14.76,30.0,0.0,25.0,healthy,0.0
healthy_2,2902,1789846838.4093308,2715.2,118.63,615.42,2.91,97.02,0.0293,9.79,14.15,14.56,30.0,0.0,25.0,healthy,0.0
healthy_2,2903,1789846839.4093308,2711.2,118.59,615.18,2.93,97.01,0.035,9.91,14.15,14.73,30.0,0.0,25.0,healthy,0.0
healthy_2,2904,1789846840.4093308,2689.6,118.74,614.42,2.9,96.91,0.0465,9.88,14.12,14.69,30.0,0.0,25.0,healthy,0.0
healthy_2,2905,1789846841.4093308,2688.9,118.63,614.9,2.91,96.88,0.0428,10.09,14.04,14.52,30.0,0.0,25.0,healthy,0.0
healthy_2,2906,1789846842.4093308,2698.1,118.64,617.57,2.93,96.82,0.043,10.09,14.03,14.55,30.0,0.0,25.0,healthy,0.0
healthy_2,2907,1789846843.4093308,2714.6,118.82,620.41,2.91,96.86,0.0373,10.04,14.02,14.4,30.0,0.0,25.0,healthy,0.0
healthy_2,2908,1789846844.4093308,2722.3,118.74,616.32,2.91,96.63,0.0427,10.02,13.98,14.42,30.0,0.0,25.0,healthy,0.0
healthy_2,2909,1789846845.4093308,2701.6,118.68,615.29,3.0,96.79,0.0446,10.15,13.99,14.39,30.0,0.0,25.0,healthy,0.0
healthy_2,2910,1789846846.4093308,2702.6,118.22,617.49,2.97,96.72,0.0475,10.15,14.0,13.87,30.0,0.0,25.0,healthy,0.0
healthy_2,2911,1789846847.4093308,2718.6,118.59,614.02,2.95,96.78,0.0364,10.33,13.95,14.2,30.0,0.0,25.0,healthy,0.0
healthy_2,2912,1789846848.4093308,2731.3,118.43,617.92,2.88,96.83,0.0435,10.27,13.9,14.25,30.0,0.0,25.0,healthy,0.0
healthy_2,2913,1789846849.4093308,2754.7,118.52,622.22,2.94,96.75,0.0383,10.45,13.83,14.19,30.0,0.0,25.0,healthy,0.0
healthy_2,2914,1789846850.4093308,2765.8,118.39,617.22,2.87,96.7,0.0407,10.42,13.8,14.44,30.0,0.0,25.0,healthy,0.0
healthy_2,2915,1789846851.4093308,2763.3,118.32,618.35,2.92,96.84,0.0435,10.45,13.84,14.76,30.0,0.0,25.0,healthy,0.0
healthy_2,2916,1789846852.4093308,2744.4,118.54,620.65,2.83,96.82,0.0451,10.34,13.86,14.46,30.0,0.0,25.0,healthy,0.0
healthy_2,2917,1789846853.4093308,2694.4,118.56,622.11,2.81,96.96,0.0443,10.27,13.85,14.74,30.0,0.0,25.0,healthy,0.0
healthy_2,2918,1789846854.4093308,2702.2,118.78,625.74,2.86,96.96,0.0404,10.21,13.82,14.46,30.0,0.0,25.0,healthy,0.0
healthy_2,2919,1789846855.4093308,2689.4,118.82,624.14,2.88,96.98,0.0352,10.12,13.91,14.71,30.0,0.0,25.0,healthy,0.0
healthy_2,2920,1789846856.4093308,2689.8,118.89,624.86,2.93,97.05,0.042,10.1,13.92,14.83,30.0,0.0,25.0,healthy,0.0
healthy_2,2921,1789846857.4093308,2707.7,118.82,622.82,2.92,96.86,0.0306,10.03,13.99,14.76,30.0,0.0,25.0,healthy,0.0
healthy_2,2922,1789846858.4093308,2717.1,118.57,625.62,2.99,96.94,0.04,10.03,13.95,14.71,30.0,0.0,25.0,healthy,0.0
healthy_2,2923,1789846859.4093308,2741.9,118.61,624.33,2.86,97.0,0.038,10.06,14.07,14.49,30.0,0.0,25.0,healthy,0.0
healthy_2,2924,1789846860.4093308,2737.7,118.56,622.1,2.8,96.95,0.0357,9.99,14.08,14.05,30.0,0.0,25.0,healthy,0.0
healthy_2,2925,1789846861.4093308,2736.0,118.44,624.77,2.7,97.0,0.0331,10.09,14.06,14.1,30.0,0.0,25.0,healthy,0.0
healthy_2,2926,1789846862.4093308,2725.6,118.38,622.93,2.79,97.1,0.0297,10.05,14.09,14.36,30.0,0.0,25.0,healthy,0.0
healthy_2,2927,1789846863.4093308,2723.5,118.14,612.94,2.91,97.05,0.0334,9.92,14.16,14.53,30.0,0.0,25.0,healthy,0.0
healthy_2,2928,1789846864.4093308,2709.6,118.04,613.72,2.93,96.96,0.0244,9.89,14.18,14.65,30.0,0.0,25.0,healthy,0.0
healthy_2,2929,1789846865.4093308,2705.1,118.27,612.65,2.91,96.97,0.0311,9.91,14.25,14.78,30.0,0.0,25.0,healthy,0.0
healthy_2,2930,1789846866.4093308,2723.3,118.29,611.07,2.87,96.96,0.0343,10.07,14.29,14.37,30.0,0.0,25.0,healthy,0.0
healthy_2,2931,1789846867.4093308,2691.0,118.23,612.99,2.88,96.89,0.0371,10.22,14.31,14.54,30.0,0.0,25.0,healthy,0.0
healthy_2,2932,1789846868.4093308,2696.4,117.86,615.16,2.93,96.8,0.0437,10.17,14.27,14.5,30.0,0.0,25.0,healthy,0.0
healthy_2,2933,1789846869.4093308,2701.7,117.96,618.61,2.92,96.78,0.0518,10.14,14.14,14.48,30.0,0.0,25.0,healthy,0.0
healthy_2,2934,1789846870.4093308,2718.8,118.41,615.33,2.92,96.83,0.0448,10.14,14.13,14.44,30.0,0.0,25.0,healthy,0.0
healthy_2,2935,1789846871.4093308,2733.7,118.42,616.44,2.96,96.67,0.0486,9.91,14.06,14.16,30.0,0.0,25.0,healthy,0.0
healthy_2,2936,1789846872.4093308,2756.9,118.4,620.0,2.95,96.68,0.0464,9.98,14.08,14.49,30.0,0.0,25.0,healthy,0.0
healthy_2,2937,1789846873.4093308,2777.1,118.82,624.4,3.05,96.7,0.045,9.95,14.08,14.28,30.0,0.0,25.0,healthy,0.0
healthy_2,2938,1789846874.4093308,2774.0,118.9,619.94,3.07,96.55,0.0404,10.08,14.09,14.29,30.0,0.0,25.0,healthy,0.0
healthy_2,2939,1789846875.4093308,2740.8,118.89,618.58,3.11,96.58,0.0467,10.18,14.05,13.89,30.0,0.0,25.0,healthy,0.0
healthy_2,2940,1789846876.4093308,2715.1,118.8,619.17,3.03,96.51,0.0476,10.12,14.04,14.3,30.0,0.0,25.0,healthy,0.0
healthy_2,2941,1789846877.4093308,2736.5,119.14,615.03,2.92,96.64,0.0503,10.13,14.07,14.19,30.0,0.0,25.0,healthy,0.0
healthy_2,2942,1789846878.4093308,2707.6,119.33,612.04,3.0,96.61,0.0417,9.99,14.08,14.29,30.0,0.0,25.0,healthy,0.0
healthy_2,2943,1789846879.4093308,2682.7,119.24,611.49,2.99,96.63,0.0425,10.11,14.06,14.21,30.0,0.0,25.0,healthy,0.0
healthy_2,2944,1789846880.4093308,2676.4,118.71,614.12,2.97,96.57,0.0437,10.15,14.0,14.53,30.0,0.0,25.0,healthy,0.0
healthy_2,2945,1789846881.4093308,2691.7,118.74,611.87,2.9,96.64,0.042,10.0,14.01,14.35,30.0,0.0,25.0,healthy,0.0
healthy_2,2946,1789846882.4093308,2711.4,118.73,609.13,2.88,96.79,0.0376,10.12,14.03,14.36,30.0,0.0,25.0,healthy,0.0
healthy_2,2947,1789846883.4093308,2704.8,118.15,608.94,2.75,96.83,0.0367,10.09,14.0,14.07,30.0,0.0,25.0,healthy,0.0
healthy_2,2948,1789846884.4093308,2684.4,118.2,606.2,2.87,96.72,0.0456,10.15,14.07,14.38,30.0,0.0,25.0,healthy,0.0
healthy_2,2949,1789846885.4093308,2686.5,118.28,607.54,2.86,96.7,0.0508,10.04,14.08,14.3,30.0,0.0,25.0,healthy,0.0
healthy_2,2950,1789846886.4093308,2694.0,118.29,603.95,2.87,96.77,0.0481,10.04,14.09,14.14,30.0,0.0,25.0,healthy,0.0
healthy_2,2951,1789846887.4093308,2685.0,118.19,607.12,2.88,96.79,0.0394,10.24,14.03,14.59,30.0,0.0,25.0,healthy,0.0
healthy_2,2952,1789846888.4093308,2696.8,118.14,609.38,2.86,96.97,0.0355,10.1,14.06,14.34,30.0,0.0,25.0,healthy,0.0
healthy_2,2953,1789846889.4093308,2699.3,117.75,608.39,2.91,97.1,0.0447,10.05,13.97,14.6,30.0,0.0,25.0,healthy,0.0
healthy_2,2954,1789846890.4093308,2687.9,117.96,610.61,2.97,97.06,0.0376,9.87,13.95,14.6,30.0,0.0,25.0,healthy,0.0
healthy_2,2955,1789846891.4093308,2696.1,117.9,613.7,2.96,97.08,0.0392,9.92,13.96,15.02,30.0,0.0,25.0,healthy,0.0
healthy_2,2956,1789846892.4093308,2696.5,118.09,611.83,2.84,97.13,0.0419,9.97,13.93,14.53,30.0,0.0,25.0,healthy,0.0
healthy_2,2957,1789846893.4093308,2701.2,118.26,615.89,2.9,97.07,0.0391,10.0,13.92,14.68,30.0,0.0,25.0,healthy,0.0
healthy_2,2958,1789846894.4093308,2694.1,118.48,613.0,2.95,97.18,0.0435,10.06,13.95,14.65,30.0,0.0,25.0,healthy,0.0
healthy_2,2959,1789846895.4093308,2700.7,118.23,611.0,2.94,97.18,0.0347,10.17,13.97,14.29,30.0,0.0,25.0,healthy,0.0
healthy_2,2960,1789846896.4093308,2690.5,118.15,611.58,2.91,97.2,0.0406,10.12,14.07,14.77,30.0,0.0,25.0,healthy,0.0
healthy_2,2961,1789846897.4093308,2683.0,118.48,612.45,2.9,97.16,0.0358,9.99,14.04,14.7,30.0,0.0,25.0,healthy,0.0
healthy_2,2962,1789846898.4093308,2682.7,118.63,611.69,2.93,97.28,0.039,9.98,14.06,14.73,30.0,0.0,25.0,healthy,0.0
healthy_2,2963,1789846899.4093308,2718.3,118.6,606.86,2.81,97.25,0.0335,9.98,14.1,14.74,30.0,0.0,25.0,healthy,0.0
healthy_2,2964,1789846900.4093308,2733.8,118.7,610.93,2.83,97.25,0.0276,10.01,14.05,14.42,30.0,0.0,25.0,healthy,0.0
healthy_2,2965,1789846901.4093308,2715.0,118.92,612.41,2.85,97.31,0.0335,9.87,14.15,14.53,30.0,0.0,25.0,healthy,0.0
healthy_2,2966,1789846902.4093308,2707.5,118.65,619.48,2.83,97.35,0.0358,9.82,14.15,14.91,30.0,0.0,25.0,healthy,0.0
healthy_2,2967,1789846903.4093308,2718.7,118.86,622.71,2.88,97.5,0.0318,9.77,14.12,14.59,30.0,0.0,25.0,healthy,0.0
healthy_2,2968,1789846904.4093308,2727.9,118.69,618.05,2.86,97.59,0.0365,9.9,14.06,14.59,30.0,0.0,25.0,healthy,0.0
healthy_2,2969,1789846905.4093308,2736.8,118.49,613.82,2.99,97.49,0.0371,10.0,14.05,14.49,30.0,0.0,25.0,healthy,0.0
healthy_2,2970,1789846906.4093308,2726.1,118.57,614.9,2.92,97.47,0.0337,10.26,14.0,14.6,30.0,0.0,25.0,healthy,0.0
healthy_2,2971,1789846907.4093308,2736.6,118.54,612.78,3.01,97.53,0.0313,10.03,14.09,14.6,30.0,0.0,25.0,healthy,0.0
healthy_2,2972,1789846908.4093308,2732.1,118.63,616.62,2.92,97.55,0.0331,9.92,14.2,14.4,30.0,0.0,25.0,healthy,0.0
healthy_2,2973,1789846909.4093308,2726.8,118.5,613.9,2.97,97.54,0.035,10.17,14.21,14.15,30.0,0.0,25.0,healthy,0.0
healthy_2,2974,1789846910.4093308,2734.6,118.48,614.57,2.98,97.48,0.0334,10.16,14.23,14.53,30.0,0.0,25.0,healthy,0.0
healthy_2,2975,1789846911.4093308,2752.8,118.56,615.14,2.98,97.51,0.0336,10.17,14.21,14.53,30.0,0.0,25.0,healthy,0.0
healthy_2,2976,1789846912.4093308,2751.0,118.47,614.26,2.94,97.66,0.0282,10.06,14.17,15.03,30.0,0.0,25.0,healthy,0.0
healthy_2,2977,1789846913.4093308,2726.0,118.54,615.57,2.92,97.74,0.0241,10.08,14.21,14.53,30.0,0.0,25.0,healthy,0.0
healthy_2,2978,1789846914.4093308,2717.4,118.27,608.56,2.96,97.65,0.0358,10.31,14.14,14.13,30.0,0.0,25.0,healthy,0.0
healthy_2,2979,1789846915.4093308,2712.1,118.3,606.26,2.89,97.8,0.0389,10.25,14.13,14.45,30.0,0.0,25.0,healthy,0.0
healthy_2,2980,1789846916.4093308,2696.2,118.16,607.69,2.91,97.66,0.0371,10.29,14.14,14.26,30.0,0.0,25.0,healthy,0.0
healthy_2,2981,1789846917.4093308,2707.7,118.07,606.15,2.92,97.62,0.0357,10.29,14.12,14.53,30.0,0.0,25.0,healthy,0.0
healthy_2,2982,1789846918.4093308,2707.5,117.77,607.87,2.87,97.7,0.0347,10.24,14.07,14.51,30.0,0.0,25.0,healthy,0.0
healthy_2,2983,1789846919.4093308,2679.3,117.4,612.72,2.78,97.65,0.0371,10.07,14.14,14.25,30.0,0.0,25.0,healthy,0.0
healthy_2,2984,1789846920.4093308,2675.8,117.57,613.82,2.92,97.69,0.0355,10.14,14.11,14.38,30.0,0.0,25.0,healthy,0.0
healthy_2,2985,1789846921.4093308,2688.4,117.66,618.47,2.92,97.81,0.0382,9.94,14.08,14.26,30.0,0.0,25.0,healthy,0.0
healthy_2,2986,1789846922.4093308,2700.8,117.55,616.47,2.93,97.97,0.0393,9.89,14.13,14.3,30.0,0.0,25.0,healthy,0.0
healthy_2,2987,1789846923.4093308,2718.1,117.56,615.55,2.96,98.08,0.031,9.73,14.2,14.26,30.0,0.0,25.0,healthy,0.0
healthy_2,2988,1789846924.4093308,2726.5,117.5,618.16,3.03,98.16,0.036,9.9,14.17,14.13,30.0,0.0,25.0,healthy,0.0
healthy_2,2989,1789846925.4093308,2739.2,117.31,615.89,2.95,98.19,0.0348,9.97,14.16,14.41,30.0,0.0,25.0,healthy,0.0
healthy_2,2990,1789846926.4093308,2772.4,117.36,615.15,2.93,98.3,0.0336,9.91,14.11,14.25,30.0,0.0,25.0,healthy,0.0
healthy_2,2991,1789846927.4093308,2766.0,117.27,614.36,2.92,98.41,0.0379,9.89,14.2,14.55,30.0,0.0,25.0,healthy,0.0
healthy_2,2992,1789846928.4093308,2780.3,117.13,615.42,2.94,98.45,0.0417,9.92,14.17,14.44,30.0,0.0,25.0,healthy,0.0
healthy_2,2993,1789846929.4093308,2753.4,117.07,617.54,2.87,98.27,0.0474,10.1,14.15,14.57,30.0,0.0,25.0,healthy,0.0
healthy_2,2994,1789846930.4093308,2758.3,117.48,617.59,2.83,98.24,0.0349,10.15,14.18,14.69,30.0,0.0,25.0,healthy,0.0
healthy_2,2995,1789846931.4093308,2766.5,117.27,616.6,2.86,98.29,0.0401,9.97,14.07,14.7,30.0,0.0,25.0,healthy,0.0
healthy_2,2996,1789846932.4093308,2770.5,117.24,618.54,2.81,98.19,0.0558,9.99,13.98,14.47,30.0,0.0,25.0,healthy,0.0
healthy_2,2997,1789846933.4093308,2784.2,117.73,616.34,2.76,98.17,0.0426,9.93,13.97,14.9,30.0,0.0,25.0,healthy,0.0
healthy_2,2998,1789846934.4093308,2777.1,117.93,616.06,2.72,98.09,0.0471,9.99,13.94,14.74,30.0,0.0,25.0,healthy,0.0
healthy_2,2999,1789846935.4093308,2748.0,117.86,615.54,2.78,98.13,0.0458,10.15,14.02,14.62,30.0,0.0,25.0,healthy,0.0
healthy_2,3000,1789846936.4093308,2318.1,117.7,609.56,2.57,97.98,0.0389,8.46,13.96,12.97,10.0,0.0,25.0,healthy,0.0
healthy_2,3001,1789846937.4093308,2095.8,117.37,595.57,2.37,97.85,0.0319,7.39,13.94,11.87,10.0,0.0,25.0,healthy,0.0
healthy_2,3002,1789846938.4093308,1988.6,117.13,580.89,2.36,97.68,0.0295,7.02,13.79,11.42,10.0,0.0,25.0,healthy,0.0
healthy_2,3003,1789846939.4093308,1897.4,117.17,573.55,2.32,97.38,0.0211,6.53,13.69,11.29,10.0,0.0,25.0,healthy,0.0
healthy_2,3004,1789846940.4093308,1866.4,117.09,568.72,2.32,97.35,0.031,6.47,13.69,11.05,10.0,0.0,25.0,healthy,0.0
healthy_2,3005,1789846941.4093308,1866.4,116.62,559.1,2.21,97.34,0.0265,6.42,13.69,11.36,10.0,0.0,25.0,healthy,0.0
healthy_2,3006,1789846942.4093308,1864.8,116.3,553.33,2.27,97.15,0.0249,6.5,13.71,11.32,10.0,0.0,25.0,healthy,0.0
healthy_2,3007,1789846943.4093308,1858.4,115.81,549.67,2.28,97.12,0.0367,6.39,13.73,11.29,10.0,0.0,25.0,healthy,0.0
healthy_2,3008,1789846944.4093308,1883.5,115.69,551.07,2.22,97.06,0.028,6.37,13.76,11.31,10.0,0.0,25.0,healthy,0.0
healthy_2,3009,1789846945.4093308,1881.1,115.58,550.28,2.18,97.02,0.0239,6.5,13.78,11.04,10.0,0.0,25.0,healthy,0.0
healthy_2,3010,1789846946.4093308,1877.6,115.37,548.67,2.14,96.97,0.0282,6.39,13.73,11.13,10.0,0.0,25.0,healthy,0.0
healthy_2,3011,1789846947.4093308,1855.9,114.92,548.73,2.16,96.98,0.025,6.6,13.83,11.35,10.0,0.0,25.0,healthy,0.0
healthy_2,3012,1789846948.4093308,1836.6,115.34,547.33,2.17,96.87,0.0204,6.45,13.76,11.58,10.0,0.0,25.0,healthy,0.0
healthy_2,3013,1789846949.4093308,1823.1,115.04,541.66,2.02,96.93,0.0229,6.31,13.78,11.55,10.0,0.0,25.0,healthy,0.0
healthy_2,3014,1789846950.4093308,1819.3,114.69,542.28,2.08,96.66,0.0272,6.47,13.83,11.59,10.0,0.0,25.0,healthy,0.0
healthy_2,3015,1789846951.4093308,1838.0,114.67,536.41,2.11,96.54,0.0289,6.45,13.73,11.28,10.0,0.0,25.0,healthy,0.0
healthy_2,3016,1789846952.4093308,1852.7,114.38,540.69,2.11,96.3,0.0201,6.43,13.73,11.36,10.0,0.0,25.0,healthy,0.0
healthy_2,3017,1789846953.4093308,1831.9,114.17,543.86,2.16,96.33,0.0251,6.48,13.64,11.28,10.0,0.0,25.0,healthy,0.0
healthy_2,3018,1789846954.4093308,1821.2,113.73,542.5,2.2,96.15,0.0246,6.65,13.63,11.47,10.0,0.0,25.0,healthy,0.0
healthy_2,3019,1789846955.4093308,1851.1,113.6,535.21,2.3,96.26,0.0168,6.75,13.61,11.08,10.0,0.0,25.0,healthy,0.0
healthy_2,3020,1789846956.4093308,1857.2,113.48,533.02,2.27,96.19,0.0207,6.79,13.62,11.25,10.0,0.0,25.0,healthy,0.0
healthy_2,3021,1789846957.4093308,1846.7,113.91,536.96,2.25,96.36,0.0134,6.8,13.7,11.27,10.0,0.0,25.0,healthy,0.0
healthy_2,3022,1789846958.4093308,1853.5,113.9,540.67,2.24,96.4,0.0188,6.81,13.65,11.4,10.0,0.0,25.0,healthy,0.0
healthy_2,3023,1789846959.4093308,1847.4,113.5,543.85,2.26,96.46,0.012,6.69,13.58,11.58,10.0,0.0,25.0,healthy,0.0
healthy_2,3024,1789846960.4093308,1874.7,113.54,543.57,2.27,96.59,0.0166,6.53,13.62,11.32,10.0,0.0,25.0,healthy,0.0
healthy_2,3025,1789846961.4093308,1875.6,113.56,543.36,2.19,96.67,0.0244,6.49,13.58,11.26,10.0,0.0,25.0,healthy,0.0
healthy_2,3026,1789846962.4093308,1859.9,113.44,540.4,2.19,96.76,0.0289,6.34,13.6,11.35,10.0,0.0,25.0,healthy,0.0
healthy_2,3027,1789846963.4093308,1867.8,113.33,540.87,2.24,96.76,0.0392,6.16,13.56,11.36,10.0,0.0,25.0,healthy,0.0
healthy_2,3028,1789846964.4093308,1875.5,113.34,544.19,2.24,96.66,0.0406,6.24,13.55,11.71,10.0,0.0,25.0,healthy,0.0
healthy_2,3029,1789846965.4093308,1869.7,113.13,539.97,2.25,96.49,0.0312,6.29,13.58,11.96,10.0,0.0,25.0,healthy,0.0
healthy_2,3030,1789846966.4093308,1872.3,113.01,546.38,2.18,96.43,0.0258,6.14,13.58,11.95,10.0,0.0,25.0,healthy,0.0
healthy_2,3031,1789846967.4093308,1861.2,113.13,547.15,2.16,96.59,0.0211,6.14,13.43,11.18,10.0,0.0,25.0,healthy,0.0
healthy_2,3032,1789846968.4093308,1853.5,112.97,551.41,2.18,96.66,0.0213,6.34,13.51,11.37,10.0,0.0,25.0,healthy,0.0
healthy_2,3033,1789846969.4093308,1857.0,112.85,549.32,2.15,96.76,0.0252,6.49,13.54,11.53,10.0,0.0,25.0,healthy,0.0
healthy_2,3034,1789846970.4093308,1840.3,112.45,546.81,2.25,96.58,0.019,6.49,13.53,11.26,10.0,0.0,25.0,healthy,0.0
healthy_2,3035,1789846971.4093308,1828.0,112.45,545.29,2.34,96.66,0.0106,6.54,13.55,11.28,10.0,0.0,25.0,healthy,0.0
healthy_2,3036,1789846972.4093308,1806.6,112.43,544.8,2.28,96.73,0.0167,6.44,13.54,11.08,10.0,0.0,25.0,healthy,0.0
healthy_2,3037,1789846973.4093308,1812.2,112.31,545.44,2.29,96.62,0.0278,6.53,13.49,11.15,10.0,0.0,25.0,healthy,0.0
healthy_2,3038,1789846974.4093308,1826.5,112.0,543.58,2.3,96.47,0.024,6.36,13.56,11.41,10.0,0.0,25.0,healthy,0.0
healthy_2,3039,1789846975.4093308,1872.4,112.08,544.52,2.23,96.55,0.0187,6.32,13.5,11.09,10.0,0.0,25.0,healthy,0.0
healthy_2,3040,1789846976.4093308,1858.4,112.28,543.11,2.27,96.43,0.0278,6.28,13.47,11.46,10.0,0.0,25.0,healthy,0.0
healthy_2,3041,1789846977.4093308,1865.6,112.14,548.9,2.27,96.32,0.0352,6.29,13.48,11.65,10.0,0.0,25.0,healthy,0.0
healthy_2,3042,1789846978.4093308,1856.2,112.06,546.56,2.33,96.27,0.0314,6.21,13.51,11.17,10.0,0.0,25.0,healthy,0.0
healthy_2,3043,1789846979.4093308,1863.0,112.45,545.38,2.17,96.28,0.0315,6.14,13.4,11.23,10.0,0.0,25.0,healthy,0.0
healthy_2,3044,1789846980.4093308,1852.2,112.52,545.35,2.26,96.1,0.0273,6.34,13.41,11.42,10.0,0.0,25.0,healthy,0.0
healthy_2,3045,1789846981.4093308,1843.7,112.34,548.24,2.27,96.15,0.032,6.25,13.47,11.54,10.0,0.0,25.0,healthy,0.0
healthy_2,3046,1789846982.4093308,1837.8,111.94,550.12,2.2,96.08,0.0331,6.16,13.52,11.34,10.0,0.0,25.0,healthy,0.0
healthy_2,3047,1789846983.4093308,1863.5,111.75,548.71,2.23,96.0,0.032,6.22,13.56,11.19,10.0,0.0,25.0,healthy,0.0
healthy_2,3048,1789846984.4093308,1845.0,111.38,549.57,2.27,96.01,0.03,6.31,13.57,11.02,10.0,0.0,25.0,healthy,0.0
healthy_2,3049,1789846985.4093308,1807.4,111.49,547.96,2.19,95.93,0.028,6.49,13.57,11.31,10.0,0.0,25.0,healthy,0.0
healthy_2,3050,1789846986.4093308,1818.9,111.16,545.1,2.11,95.86,0.0349,6.47,13.6,11.26,10.0,0.0,25.0,healthy,0.0
healthy_2,3051,1789846987.4093308,1855.4,110.97,543.6,2.19,95.79,0.0347,6.14,13.62,11.0,10.0,0.0,25.0,healthy,0.0
healthy_2,3052,1789846988.4093308,1836.0,110.99,542.47,2.21,95.84,0.0262,6.15,13.63,11.15,10.0,0.0,25.0,healthy,0.0
healthy_2,3053,1789846989.4093308,1840.4,111.11,540.74,2.28,95.79,0.0265,6.45,13.66,11.27,10.0,0.0,25.0,healthy,0.0
healthy_2,3054,1789846990.4093308,1867.9,111.08,541.92,2.35,95.79,0.0324,6.5,13.67,11.46,10.0,0.0,25.0,healthy,0.0
healthy_2,3055,1789846991.4093308,1872.0,111.14,540.12,2.31,95.71,0.0266,6.57,13.59,11.15,10.0,0.0,25.0,healthy,0.0
healthy_2,3056,1789846992.4093308,1873.7,111.25,544.45,2.33,95.81,0.0339,6.33,13.6,11.58,10.0,0.0,25.0,healthy,0.0
healthy_2,3057,1789846993.4093308,1882.5,110.91,546.08,2.27,95.75,0.0345,6.34,13.58,11.26,10.0,0.0,25.0,healthy,0.0
healthy_2,3058,1789846994.4093308,1879.2,111.03,546.47,2.28,95.75,0.0313,6.34,13.6,11.26,10.0,0.0,25.0,healthy,0.0
healthy_2,3059,1789846995.4093308,1872.2,110.93,545.78,2.22,95.8,0.0322,6.53,13.61,11.32,10.0,0.0,25.0,healthy,0.0
healthy_2,3060,1789846996.4093308,1862.0,111.21,540.28,2.14,95.93,0.0309,6.6,13.65,11.67,10.0,0.0,25.0,healthy,0.0
healthy_2,3061,1789846997.4093308,1849.8,111.14,543.95,2.16,96.02,0.0313,6.48,13.67,11.61,10.0,0.0,25.0,healthy,0.0
healthy_2,3062,1789846998.4093308,1865.8,111.29,545.94,2.22,95.87,0.0259,6.7,13.67,11.59,10.0,0.0,25.0,healthy,0.0
healthy_2,3063,1789846999.4093308,1848.8,111.24,545.98,2.18,95.78,0.0324,6.79,13.62,11.44,10.0,0.0,25.0,healthy,0.0
healthy_2,3064,1789847000.4093308,1824.3,111.27,547.4,2.2,95.77,0.0335,6.77,13.68,11.42,10.0,0.0,25.0,healthy,0.0
healthy_2,3065,1789847001.4093308,1810.6,111.2,546.67,2.23,95.93,0.0449,6.86,13.71,11.59,10.0,0.0,25.0,healthy,0.0
healthy_2,3066,1789847002.4093308,1795.8,111.29,540.26,2.14,95.92,0.0426,6.83,13.79,11.22,10.0,0.0,25.0,healthy,0.0
healthy_2,3067,1789847003.4093308,1774.4,111.31,540.77,2.12,96.03,0.037,6.81,13.82,11.29,10.0,0.0,25.0,healthy,0.0
healthy_2,3068,1789847004.4093308,1773.3,111.18,537.77,2.07,96.19,0.0382,6.69,13.85,11.07,10.0,0.0,25.0,healthy,0.0
healthy_2,3069,1789847005.4093308,1790.8,111.31,538.09,2.14,96.02,0.031,6.73,13.81,11.12,10.0,0.0,25.0,healthy,0.0
healthy_2,3070,1789847006.4093308,1773.2,111.18,537.91,2.18,95.94,0.0337,6.62,13.82,11.11,10.0,0.0,25.0,healthy,0.0
healthy_2,3071,1789847007.4093308,1809.6,111.31,543.59,2.27,95.96,0.0294,6.73,13.78,10.98,10.0,0.0,25.0,healthy,0.0
healthy_2,3072,1789847008.4093308,1813.5,111.36,545.9,2.26,95.93,0.0301,6.74,13.77,11.03,10.0,0.0,25.0,healthy,0.0
healthy_2,3073,1789847009.4093308,1806.3,111.53,541.27,2.21,95.89,0.0299,6.67,13.75,11.38,10.0,0.0,25.0,healthy,0.0
healthy_2,3074,1789847010.4093308,1793.2,111.53,539.96,2.23,95.75,0.0329,6.61,13.75,11.1,10.0,0.0,25.0,healthy,0.0
healthy_2,3075,1789847011.4093308,1786.6,111.66,541.05,2.16,95.86,0.0244,6.54,13.82,10.79,10.0,0.0,25.0,healthy,0.0
healthy_2,3076,1789847012.4093308,1786.1,111.53,541.21,2.24,95.83,0.0232,6.6,13.78,10.6,10.0,0.0,25.0,healthy,0.0
healthy_2,3077,1789847013.4093308,1789.0,111.44,545.3,2.23,95.9,0.0236,6.68,13.76,11.13,10.0,0.0,25.0,healthy,0.0
healthy_2,3078,1789847014.4093308,1810.3,111.62,549.23,2.2,95.91,0.022,6.58,13.73,11.3,10.0,0.0,25.0,healthy,0.0
healthy_2,3079,1789847015.4093308,1819.5,111.66,546.04,2.23,95.81,0.0391,6.54,13.76,10.86,10.0,0.0,25.0,healthy,0.0
healthy_2,3080,1789847016.4093308,1843.1,111.76,546.02,2.29,95.83,0.0304,6.55,13.75,11.08,10.0,0.0,25.0,healthy,0.0
healthy_2,3081,1789847017.4093308,1865.5,111.6,543.75,2.22,95.86,0.0339,6.44,13.85,11.28,10.0,0.0,25.0,healthy,0.0
healthy_2,3082,1789847018.4093308,1850.8,111.34,550.06,2.18,95.76,0.034,6.63,13.8,11.36,10.0,0.0,25.0,healthy,0.0
healthy_2,3083,1789847019.4093308,1868.0,111.3,551.86,2.22,95.93,0.024,6.54,13.7,11.85,10.0,0.0,25.0,healthy,0.0
healthy_2,3084,1789847020.4093308,1854.4,111.61,547.63,2.23,95.71,0.0214,6.63,13.71,11.72,10.0,0.0,25.0,healthy,0.0
healthy_2,3085,1789847021.4093308,1836.7,111.62,537.79,2.29,95.7,0.0192,6.65,13.79,11.34,10.0,0.0,25.0,healthy,0.0
healthy_2,3086,1789847022.4093308,1834.7,111.41,541.44,2.34,95.61,0.0194,6.73,13.79,11.31,10.0,0.0,25.0,healthy,0.0
healthy_2,3087,1789847023.4093308,1826.3,111.55,542.37,2.29,95.76,0.0173,6.88,13.8,10.96,10.0,0.0,25.0,healthy,0.0
healthy_2,3088,1789847024.4093308,1852.6,111.54,546.19,2.26,95.66,0.0203,6.94,13.69,11.12,10.0,0.0,25.0,healthy,0.0
healthy_2,3089,1789847025.4093308,1849.5,111.7,551.4,2.32,95.55,0.0357,6.9,13.64,11.14,10.0,0.0,25.0,healthy,0.0
healthy_2,3090,1789847026.4093308,1874.9,112.05,545.11,2.23,95.54,0.0289,6.77,13.68,11.07,10.0,0.0,25.0,healthy,0.0
healthy_2,3091,1789847027.4093308,1885.0,111.93,552.86,2.29,95.44,0.0222,6.77,13.71,11.29,10.0,0.0,25.0,healthy,0.0
healthy_2,3092,1789847028.4093308,1888.2,111.75,551.19,2.35,95.44,0.03,6.78,13.67,11.39,10.0,0.0,25.0,healthy,0.0
healthy_2,3093,1789847029.4093308,1877.4,111.87,550.87,2.38,95.13,0.0389,6.82,13.67,11.22,10.0,0.0,25.0,healthy,0.0
healthy_2,3094,1789847030.4093308,1879.4,111.83,555.05,2.33,95.17,0.0293,6.7,13.66,10.89,10.0,0.0,25.0,healthy,0.0
healthy_2,3095,1789847031.4093308,1870.6,111.83,548.54,2.43,95.15,0.0313,6.59,13.69,10.98,10.0,0.0,25.0,healthy,0.0
healthy_2,3096,1789847032.4093308,1860.3,111.58,542.34,2.35,95.3,0.0272,6.52,13.72,11.18,10.0,0.0,25.0,healthy,0.0
healthy_2,3097,1789847033.4093308,1865.7,111.7,539.91,2.35,95.09,0.0262,6.58,13.79,10.98,10.0,0.0,25.0,healthy,0.0
healthy_2,3098,1789847034.4093308,1859.9,111.35,539.73,2.25,95.06,0.0294,6.47,13.8,11.09,10.0,0.0,25.0,healthy,0.0
healthy_2,3099,1789847035.4093308,1858.6,111.11,542.79,2.21,95.09,0.028,6.55,13.78,10.97,10.0,0.0,25.0,healthy,0.0
healthy_2,3100,1789847036.4093308,1866.0,111.16,543.48,2.23,94.85,0.0279,6.58,13.85,11.15,10.0,0.0,25.0,healthy,0.0
healthy_2,3101,1789847037.4093308,1856.1,110.84,536.68,2.23,94.76,0.03,6.44,13.84,11.14,10.0,0.0,25.0,healthy,0.0
healthy_2,3102,1789847038.4093308,1830.7,110.73,533.16,2.22,94.85,0.0334,6.59,13.91,11.44,10.0,0.0,25.0,healthy,0.0
healthy_2,3103,1789847039.4093308,1854.5,110.89,534.19,2.25,94.88,0.032,6.52,13.86,11.25,10.0,0.0,25.0,healthy,0.0
healthy_2,3104,1789847040.4093308,1831.7,110.66,540.22,2.28,95.0,0.0339,6.65,13.82,11.04,10.0,0.0,25.0,healthy,0.0
healthy_2,3105,1789847041.4093308,1824.9,110.43,541.61,2.16,95.01,0.0325,6.7,13.85,11.27,10.0,0.0,25.0,healthy,0.0
healthy_2,3106,1789847042.4093308,1800.5,110.62,539.22,2.25,95.08,0.0375,6.68,13.86,11.42,10.0,0.0,25.0,healthy,0.0
healthy_2,3107,1789847043.4093308,1801.6,110.83,540.2,2.18,95.21,0.0386,6.72,13.9,11.42,10.0,0.0,25.0,healthy,0.0
healthy_2,3108,1789847044.4093308,1822.3,110.88,540.74,2.22,95.18,0.0421,6.67,13.8,10.97,10.0,0.0,25.0,healthy,0.0
healthy_2,3109,1789847045.4093308,1834.4,110.94,542.58,2.17,95.12,0.0343,6.68,13.77,11.53,10.0,0.0,25.0,healthy,0.0
healthy_2,3110,1789847046.4093308,1835.5,110.98,544.92,2.31,95.07,0.023,6.8,13.78,11.37,10.0,0.0,25.0,healthy,0.0
healthy_2,3111,1789847047.4093308,1842.1,110.99,546.3,2.34,95.18,0.0236,6.81,13.68,11.46,10.0,0.0,25.0,healthy,0.0
healthy_2,3112,1789847048.4093308,1846.3,111.08,545.71,2.37,95.12,0.0198,6.69,13.63,11.58,10.0,0.0,25.0,healthy,0.0
healthy_2,3113,1789847049.4093308,1814.2,111.22,546.0,2.29,95.01,0.0316,6.54,13.7,11.7,10.0,0.0,25.0,healthy,0.0
healthy_2,3114,1789847050.4093308,1843.9,110.95,544.92,2.37,94.99,0.0286,6.39,13.69,11.28,10.0,0.0,25.0,healthy,0.0
healthy_2,3115,1789847051.4093308,1862.7,110.96,547.05,2.31,95.04,0.0227,6.2,13.72,11.08,10.0,0.0,25.0,healthy,0.0
healthy_2,3116,1789847052.4093308,1817.8,111.19,547.23,2.3,95.04,0.0266,6.13,13.78,11.06,10.0,0.0,25.0,healthy,0.0
healthy_2,3117,1789847053.4093308,1794.2,111.42,547.27,2.25,95.09,0.0317,6.08,13.73,11.25,10.0,0.0,25.0,healthy,0.0
healthy_2,3118,1789847054.4093308,1805.3,111.21,550.03,2.17,94.89,0.0302,6.13,13.84,11.63,10.0,0.0,25.0,healthy,0.0
healthy_2,3119,1789847055.4093308,1807.1,110.7,547.5,2.18,94.93,0.0215,6.25,13.9,11.41,10.0,0.0,25.0,healthy,0.0
healthy_2,3120,1789847056.4093308,1800.3,111.02,549.19,2.15,95.08,0.0296,6.26,13.89,11.45,10.0,0.0,25.0,healthy,0.0
healthy_2,3121,1789847057.4093308,1826.4,111.21,545.55,2.16,95.02,0.0244,6.29,13.82,11.49,10.0,0.0,25.0,healthy,0.0
healthy_2,3122,1789847058.4093308,1820.6,111.33,545.12,2.18,95.03,0.0223,6.37,13.81,11.36,10.0,0.0,25.0,healthy,0.0
healthy_2,3123,1789847059.4093308,1830.1,111.4,537.43,2.2,95.02,0.0248,6.42,13.85,11.4,10.0,0.0,25.0,healthy,0.0
healthy_2,3124,1789847060.4093308,1833.6,111.04,540.26,2.27,94.97,0.0266,6.34,13.85,11.25,10.0,0.0,25.0,healthy,0.0
healthy_2,3125,1789847061.4093308,1839.8,111.46,543.03,2.23,94.9,0.0244,6.4,13.9,11.42,10.0,0.0,25.0,healthy,0.0
healthy_2,3126,1789847062.4093308,1834.4,111.48,545.71,2.23,94.98,0.026,6.34,13.8,11.18,10.0,0.0,25.0,healthy,0.0
healthy_2,3127,1789847063.4093308,1847.5,111.69,544.46,2.22,94.98,0.0359,6.18,13.78,11.46,10.0,0.0,25.0,healthy,0.0
healthy_2,3128,1789847064.4093308,1841.4,111.95,540.21,2.21,94.85,0.0386,6.1,13.77,11.2,10.0,0.0,25.0,healthy,0.0
healthy_2,3129,1789847065.4093308,1842.3,111.8,544.24,2.24,94.92,0.0328,6.27,13.84,11.28,10.0,0.0,25.0,healthy,0.0
healthy_2,3130,1789847066.4093308,1823.0,111.7,544.92,2.25,94.95,0.0227,6.22,13.92,11.37,10.0,0.0,25.0,healthy,0.0
healthy_2,3131,1789847067.4093308,1833.8,111.7,546.27,2.27,94.94,0.0224,6.34,13.86,11.23,10.0,0.0,25.0,healthy,0.0
healthy_2,3132,1789847068.4093308,1845.0,111.91,540.57,2.18,94.85,0.0267,6.27,13.83,11.64,10.0,0.0,25.0,healthy,0.0
healthy_2,3133,1789847069.4093308,1851.2,111.87,540.2,2.29,95.04,0.0213,6.2,13.78,11.64,10.0,0.0,25.0,healthy,0.0
healthy_2,3134,1789847070.4093308,1860.1,111.84,543.0,2.26,94.95,0.026,6.37,13.78,11.56,10.0,0.0,25.0,healthy,0.0
healthy_2,3135,1789847071.4093308,1845.8,111.67,540.69,2.28,94.86,0.0297,6.2,13.72,11.26,10.0,0.0,25.0,healthy,0.0
healthy_2,3136,1789847072.4093308,1847.4,111.81,537.29,2.24,94.99,0.0289,6.14,13.73,11.19,10.0,0.0,25.0,healthy,0.0
healthy_2,3137,1789847073.4093308,1842.6,112.1,539.02,2.27,94.78,0.0163,6.25,13.8,11.51,10.0,0.0,25.0,healthy,0.0
healthy_2,3138,1789847074.4093308,1830.4,112.31,538.55,2.23,94.84,0.0234,6.24,13.85,11.62,10.0,0.0,25.0,healthy,0.0
healthy_2,3139,1789847075.4093308,1840.5,112.63,541.93,2.18,94.72,0.0272,6.26,13.89,11.64,10.0,0.0,25.0,healthy,0.0
healthy_2,3140,1789847076.4093308,1850.7,112.7,544.05,2.18,94.49,0.0376,6.15,13.92,11.53,10.0,0.0,25.0,healthy,0.0
healthy_2,3141,1789847077.4093308,1865.7,112.67,541.24,2.23,94.5,0.0313,6.27,13.91,11.68,10.0,0.0,25.0,healthy,0.0
healthy_2,3142,1789847078.4093308,1842.5,112.59,542.2,2.26,94.46,0.0274,6.24,13.93,11.3,10.0,0.0,25.0,healthy,0.0
healthy_2,3143,1789847079.4093308,1824.4,112.68,547.3,2.26,94.24,0.0276,6.21,13.95,11.09,10.0,0.0,25.0,healthy,0.0
healthy_2,3144,1789847080.4093308,1814.2,112.42,551.33,2.24,94.1,0.0201,6.13,13.89,11.68,10.0,0.0,25.0,healthy,0.0
healthy_2,3145,1789847081.4093308,1824.7,112.24,556.73,2.17,94.14,0.0205,6.23,13.93,11.53,10.0,0.0,25.0,healthy,0.0
healthy_2,3146,1789847082.4093308,1823.7,112.0,555.31,2.14,94.19,0.0251,6.26,13.9,11.24,10.0,0.0,25.0,healthy,0.0
healthy_2,3147,1789847083.4093308,1831.6,111.92,548.19,2.23,94.22,0.032,6.32,13.93,11.41,10.0,0.0,25.0,healthy,0.0
healthy_2,3148,1789847084.4093308,1843.5,112.11,551.63,2.13,94.32,0.0373,6.33,13.88,11.4,10.0,0.0,25.0,healthy,0.0
healthy_2,3149,1789847085.4093308,1835.9,112.03,550.99,2.16,94.3,0.0225,6.46,13.9,11.08,10.0,0.0,25.0,healthy,0.0
healthy_2,3150,1789847086.4093308,1832.6,112.03,548.42,2.18,94.2,0.0212,6.52,13.87,11.38,10.0,0.0,25.0,healthy,0.0
healthy_2,3151,1789847087.4093308,1815.6,111.98,548.45,2.13,94.37,0.0266,6.47,13.83,11.56,10.0,0.0,25.0,healthy,0.0
healthy_2,3152,1789847088.4093308,1829.2,112.08,547.98,2.16,94.35,0.0303,6.51,13.86,11.34,10.0,0.0,25.0,healthy,0.0
healthy_2,3153,1789847089.4093308,1818.5,112.06,548.24,2.13,94.5,0.0356,6.64,13.76,11.34,10.0,0.0,25.0,healthy,0.0
healthy_2,3154,1789847090.4093308,1813.2,112.08,549.87,2.26,94.31,0.0389,6.61,13.71,11.01,10.0,0.0,25.0,healthy,0.0
healthy_2,3155,1789847091.4093308,1823.2,111.82,542.76,2.28,94.29,0.0357,6.67,13.65,11.23,10.0,0.0,25.0,healthy,0.0
healthy_2,3156,1789847092.4093308,1825.8,111.49,536.42,2.29,94.4,0.0337,6.49,13.71,11.12,10.0,0.0,25.0,healthy,0.0
healthy_2,3157,1789847093.4093308,1844.4,111.34,536.37,2.26,94.28,0.0303,6.45,13.78,11.44,10.0,0.0,25.0,healthy,0.0
healthy_2,3158,1789847094.4093308,1849.5,111.34,538.69,2.33,94.21,0.0262,6.48,13.79,11.53,10.0,0.0,25.0,healthy,0.0
healthy_2,3159,1789847095.4093308,1833.5,111.31,538.09,2.33,94.24,0.0231,6.43,13.62,11.61,10.0,0.0,25.0,healthy,0.0
healthy_2,3160,1789847096.4093308,1820.5,111.41,541.67,2.29,94.21,0.0264,6.39,13.7,11.57,10.0,0.0,25.0,healthy,0.0
healthy_2,3161,1789847097.4093308,1837.8,111.35,543.2,2.23,94.37,0.0274,6.39,13.61,11.51,10.0,0.0,25.0,healthy,0.0
healthy_2,3162,1789847098.4093308,1865.6,111.45,545.76,2.25,94.44,0.0374,6.44,13.59,10.83,10.0,0.0,25.0,healthy,0.0
healthy_2,3163,1789847099.4093308,1854.1,111.09,547.86,2.25,94.51,0.043,6.46,13.59,10.97,10.0,0.0,25.0,healthy,0.0
healthy_2,3164,1789847100.4093308,1842.9,111.03,543.94,2.26,94.52,0.0329,6.51,13.65,11.18,10.0,0.0,25.0,healthy,0.0
healthy_2,3165,1789847101.4093308,1835.9,111.05,541.17,2.27,94.53,0.0389,6.17,13.53,11.66,10.0,0.0,25.0,healthy,0.0
healthy_2,3166,1789847102.4093308,1852.1,110.97,542.23,2.31,94.39,0.0302,6.09,13.49,11.45,10.0,0.0,25.0,healthy,0.0
healthy_2,3167,1789847103.4093308,1850.7,111.33,538.81,2.33,94.31,0.0379,6.28,13.56,11.51,10.0,0.0,25.0,healthy,0.0
healthy_2,3168,1789847104.4093308,1799.7,111.54,543.09,2.38,94.19,0.0376,6.55,13.56,11.59,10.0,0.0,25.0,healthy,0.0
healthy_2,3169,1789847105.4093308,1790.9,111.42,545.08,2.37,94.2,0.0331,6.66,13.6,11.62,10.0,0.0,25.0,healthy,0.0
healthy_2,3170,1789847106.4093308,1801.3,111.76,547.44,2.38,94.17,0.032,6.6,13.52,11.75,10.0,0.0,25.0,healthy,0.0
healthy_2,3171,1789847107.4093308,1788.3,111.87,545.55,2.41,94.28,0.0247,6.55,13.51,11.35,10.0,0.0,25.0,healthy,0.0
healthy_2,3172,1789847108.4093308,1786.6,111.86,541.89,2.42,94.25,0.0353,6.48,13.56,11.31,10.0,0.0,25.0,healthy,0.0
healthy_2,3173,1789847109.4093308,1782.9,112.1,543.17,2.36,94.36,0.0311,6.59,13.55,11.1,10.0,0.0,25.0,healthy,0.0
healthy_2,3174,1789847110.4093308,1800.1,111.79,548.33,2.35,94.49,0.0269,6.7,13.6,11.1,10.0,0.0,25.0,healthy,0.0
healthy_2,3175,1789847111.4093308,1803.0,111.82,551.01,2.23,94.7,0.0226,6.79,13.6,11.12,10.0,0.0,25.0,healthy,0.0
healthy_2,3176,1789847112.4093308,1804.2,112.01,548.37,2.23,94.55,0.0259,6.78,13.61,11.15,10.0,0.0,25.0,healthy,0.0
healthy_2,3177,1789847113.4093308,1782.8,111.94,549.77,2.29,94.57,0.0227,6.68,13.69,11.15,10.0,0.0,25.0,healthy,0.0
healthy_2,3178,1789847114.4093308,1813.4,111.88,554.5,2.35,94.63,0.027,6.89,13.8,11.51,10.0,0.0,25.0,healthy,0.0
healthy_2,3179,1789847115.4093308,1844.3,111.82,552.46,2.37,94.6,0.0295,6.74,13.77,11.52,10.0,0.0,25.0,healthy,0.0
healthy_2,3180,1789847116.4093308,1833.7,111.88,550.5,2.36,94.52,0.0303,6.55,13.69,11.76,10.0,0.0,25.0,healthy,0.0
healthy_2,3181,1789847117.4093308,1835.5,111.81,549.52,2.39,94.42,0.0328,6.47,13.64,11.3,10.0,0.0,25.0,healthy,0.0
healthy_2,3182,1789847118.4093308,1843.6,111.84,550.57,2.31,94.42,0.0316,6.44,13.61,11.42,10.0,0.0,25.0,healthy,0.0
healthy_2,3183,1789847119.4093308,1838.3,111.75,549.34,2.22,94.37,0.0292,6.41,13.58,11.69,10.0,0.0,25.0,healthy,0.0
healthy_2,3184,1789847120.4093308,1832.4,111.7,546.4,2.24,94.38,0.028,6.29,13.59,11.18,10.0,0.0,25.0,healthy,0.0
healthy_2,3185,1789847121.4093308,1860.4,111.66,540.14,2.26,94.2,0.0348,6.33,13.57,11.0,10.0,0.0,25.0,healthy,0.0
healthy_2,3186,1789847122.4093308,1843.7,111.65,541.54,2.21,94.25,0.0259,6.43,13.57,11.49,10.0,0.0,25.0,healthy,0.0
healthy_2,3187,1789847123.4093308,1848.8,111.61,545.79,2.26,94.09,0.031,6.38,13.65,11.69,10.0,0.0,25.0,healthy,0.0
healthy_2,3188,1789847124.4093308,1853.6,111.59,544.69,2.33,94.04,0.0309,6.32,13.64,11.67,10.0,0.0,25.0,healthy,0.0
healthy_2,3189,1789847125.4093308,1833.0,111.51,540.27,2.25,94.1,0.0286,6.34,13.71,11.13,10.0,0.0,25.0,healthy,0.0
healthy_2,3190,1789847126.4093308,1837.0,111.41,547.68,2.17,94.22,0.0339,6.34,13.73,11.66,10.0,0.0,25.0,healthy,0.0
healthy_2,3191,1789847127.4093308,1833.6,111.38,546.49,2.26,94.23,0.0336,6.39,13.7,11.17,10.0,0.0,25.0,healthy,0.0
healthy_2,3192,1789847128.4093308,1852.3,111.44,541.53,2.33,94.13,0.028,6.47,13.75,11.33,10.0,0.0,25.0,healthy,0.0
healthy_2,3193,1789847129.4093308,1847.6,111.58,542.75,2.28,94.05,0.0241,6.4,13.74,11.25,10.0,0.0,25.0,healthy,0.0
healthy_2,3194,1789847130.4093308,1856.5,111.61,539.98,2.36,94.04,0.0221,6.46,13.74,11.67,10.0,0.0,25.0,healthy,0.0
healthy_2,3195,1789847131.4093308,1847.0,111.56,540.74,2.33,94.15,0.0175,6.42,13.73,11.22,10.0,0.0,25.0,healthy,0.0
healthy_2,3196,1789847132.4093308,1858.3,111.14,538.41,2.35,94.21,0.007,6.29,13.73,11.39,10.0,0.0,25.0,healthy,0.0
healthy_2,3197,1789847133.4093308,1855.3,111.44,534.99,2.33,94.16,0.0204,6.37,13.65,11.24,10.0,0.0,25.0,healthy,0.0
healthy_2,3198,1789847134.4093308,1838.5,111.43,535.86,2.3,94.02,0.0311,6.44,13.66,11.0,10.0,0.0,25.0,healthy,0.0
healthy_2,3199,1789847135.4093308,1846.4,111.5,536.46,2.36,94.15,0.0298,6.36,13.67,11.03,10.0,0.0,25.0,healthy,0.0
healthy_2,3200,1789847136.4093308,1861.2,111.46,538.85,2.38,94.09,0.0242,6.5,13.68,11.11,10.0,0.0,25.0,healthy,0.0
healthy_2,3201,1789847137.4093308,1850.8,111.6,544.32,2.4,94.11,0.0288,6.57,13.67,10.98,10.0,0.0,25.0,healthy,0.0
healthy_2,3202,1789847138.4093308,1847.6,111.68,543.73,2.49,94.3,0.029,6.66,13.67,11.15,10.0,0.0,25.0,healthy,0.0
healthy_2,3203,1789847139.4093308,1832.1,111.39,541.58,2.4,94.15,0.0256,6.69,13.64,11.12,10.0,0.0,25.0,healthy,0.0
healthy_2,3204,1789847140.4093308,1847.4,111.44,543.61,2.44,94.24,0.0202,6.79,13.7,11.41,10.0,0.0,25.0,healthy,0.0
healthy_2,3205,1789847141.4093308,1846.5,110.73,544.9,2.29,94.27,0.0249,6.79,13.71,11.54,10.0,0.0,25.0,healthy,0.0
healthy_2,3206,1789847142.4093308,1868.1,111.04,546.68,2.35,94.31,0.0304,6.63,13.74,11.65,10.0,0.0,25.0,healthy,0.0
healthy_2,3207,1789847143.4093308,1854.6,110.91,544.87,2.33,94.11,0.0259,6.63,13.73,11.32,10.0,0.0,25.0,healthy,0.0
healthy_2,3208,1789847144.4093308,1876.1,110.8,546.57,2.33,94.02,0.0237,6.5,13.81,10.9,10.0,0.0,25.0,healthy,0.0
healthy_2,3209,1789847145.4093308,1872.7,110.78,544.65,2.26,94.07,0.0287,6.38,13.82,11.02,10.0,0.0,25.0,healthy,0.0
healthy_2,3210,1789847146.4093308,1870.8,110.89,546.87,2.25,93.99,0.0223,6.47,13.8,11.01,10.0,0.0,25.0,healthy,0.0
healthy_2,3211,1789847147.4093308,1861.7,111.26,544.08,2.24,94.05,0.0232,6.37,13.72,11.37,10.0,0.0,25.0,healthy,0.0
healthy_2,3212,1789847148.4093308,1849.6,111.52,546.29,2.22,93.97,0.0219,6.43,13.71,11.22,10.0,0.0,25.0,healthy,0.0
healthy_2,3213,1789847149.4093308,1842.3,111.73,547.09,2.24,93.98,0.0257,6.48,13.7,11.21,10.0,0.0,25.0,healthy,0.0
healthy_2,3214,1789847150.4093308,1826.8,111.77,549.02,2.27,93.92,0.0254,6.73,13.72,11.53,10.0,0.0,25.0,healthy,0.0
healthy_2,3215,1789847151.4093308,1827.6,111.56,549.38,2.34,93.93,0.028,6.57,13.71,11.59,10.0,0.0,25.0,healthy,0.0
healthy_2,3216,1789847152.4093308,1840.3,111.61,548.54,2.35,93.85,0.0287,6.52,13.77,11.23,10.0,0.0,25.0,healthy,0.0
healthy_2,3217,1789847153.4093308,1845.3,111.44,548.42,2.36,93.92,0.0248,6.65,13.84,11.33,10.0,0.0,25.0,healthy,0.0
healthy_2,3218,1789847154.4093308,1843.2,111.44,547.69,2.3,93.87,0.0283,6.42,13.85,11.61,10.0,0.0,25.0,healthy,0.0
healthy_2,3219,1789847155.4093308,1852.7,111.47,548.12,2.29,93.88,0.024,6.38,13.84,11.71,10.0,0.0,25.0,healthy,0.0
healthy_2,3220,1789847156.4093308,1846.9,111.7,546.1,2.32,93.99,0.0314,6.43,13.83,11.73,10.0,0.0,25.0,healthy,0.0
healthy_2,3221,1789847157.4093308,1847.1,111.41,540.53,2.26,94.08,0.0241,6.58,13.86,11.59,10.0,0.0,25.0,healthy,0.0
healthy_2,3222,1789847158.4093308,1858.4,111.36,542.69,2.35,93.98,0.022,6.66,13.84,11.31,10.0,0.0,25.0,healthy,0.0
healthy_2,3223,1789847159.4093308,1864.8,111.42,543.65,2.38,94.03,0.0276,6.53,13.83,11.47,10.0,0.0,25.0,healthy,0.0
healthy_2,3224,1789847160.4093308,1849.5,111.31,542.62,2.44,93.96,0.0301,6.56,13.81,11.59,10.0,0.0,25.0,healthy,0.0
healthy_2,3225,1789847161.4093308,1827.2,111.19,543.12,2.39,93.87,0.0258,6.53,13.8,11.6,10.0,0.0,25.0,healthy,0.0
healthy_2,3226,1789847162.4093308,1812.4,111.26,550.58,2.41,93.8,0.0258,6.53,13.77,11.53,10.0,0.0,25.0,healthy,0.0
healthy_2,3227,1789847163.4093308,1815.1,111.37,545.52,2.3,93.62,0.0278,6.62,13.7,11.27,10.0,0.0,25.0,healthy,0.0
healthy_2,3228,1789847164.4093308,1828.9,111.13,542.04,2.31,93.7,0.0228,6.47,13.7,11.13,10.0,0.0,25.0,healthy,0.0
healthy_2,3229,1789847165.4093308,1835.6,110.99,542.51,2.27,93.68,0.0219,6.51,13.65,11.6,10.0,0.0,25.0,healthy,0.0
healthy_2,3230,1789847166.4093308,1853.4,111.22,536.82,2.37,93.55,0.0163,6.61,13.6,11.68,10.0,0.0,25.0,healthy,0.0
healthy_2,3231,1789847167.4093308,1837.7,111.3,539.64,2.31,93.56,0.0184,6.68,13.67,11.7,10.0,0.0,25.0,healthy,0.0
healthy_2,3232,1789847168.4093308,1859.7,111.32,542.51,2.3,93.57,0.0194,6.76,13.76,11.36,10.0,0.0,25.0,healthy,0.0
healthy_2,3233,1789847169.4093308,1854.4,111.35,540.44,2.33,93.51,0.0283,6.66,13.68,11.24,10.0,0.0,25.0,healthy,0.0
healthy_2,3234,1789847170.4093308,1843.3,111.18,541.88,2.34,93.49,0.0247,6.53,13.69,11.18,10.0,0.0,25.0,healthy,0.0
healthy_2,3235,1789847171.4093308,1828.3,111.17,544.95,2.18,93.32,0.0247,6.76,13.75,11.07,10.0,0.0,25.0,healthy,0.0
healthy_2,3236,1789847172.4093308,1824.2,111.26,542.61,2.15,93.31,0.029,6.65,13.8,11.33,10.0,0.0,25.0,healthy,0.0
healthy_2,3237,1789847173.4093308,1809.9,111.24,536.76,2.21,93.3,0.0205,6.53,13.69,11.55,10.0,0.0,25.0,healthy,0.0
healthy_2,3238,1789847174.4093308,1820.3,111.1,538.51,2.17,93.13,0.0277,6.59,13.71,11.74,10.0,0.0,25.0,healthy,0.0
healthy_2,3239,1789847175.4093308,1831.2,111.23,540.41,2.17,93.17,0.0319,6.64,13.73,11.72,10.0,0.0,25.0,healthy,0.0
healthy_2,3240,1789847176.4093308,1833.2,111.11,541.1,2.19,93.31,0.0297,6.6,13.72,11.84,10.0,0.0,25.0,healthy,0.0
healthy_2,3241,1789847177.4093308,1839.2,110.85,537.5,2.2,93.38,0.0323,6.42,13.72,11.63,10.0,0.0,25.0,healthy,0.0
healthy_2,3242,1789847178.4093308,1816.7,111.0,542.76,2.23,93.21,0.0314,6.4,13.67,11.57,10.0,0.0,25.0,healthy,0.0
healthy_2,3243,1789847179.4093308,1834.0,111.12,546.07,2.13,93.36,0.0265,6.48,13.72,11.33,10.0,0.0,25.0,healthy,0.0
healthy_2,3244,1789847180.4093308,1820.3,110.79,546.64,2.14,93.28,0.0268,6.26,13.71,11.21,10.0,0.0,25.0,healthy,0.0
healthy_2,3245,1789847181.4093308,1827.1,110.91,550.1,2.21,93.31,0.0338,6.32,13.72,11.18,10.0,0.0,25.0,healthy,0.0
healthy_2,3246,1789847182.4093308,1851.4,110.57,546.31,2.17,93.38,0.0309,6.33,13.72,10.96,10.0,0.0,25.0,healthy,0.0
healthy_2,3247,1789847183.4093308,1841.0,110.71,547.35,2.25,93.42,0.028,6.47,13.7,11.12,10.0,0.0,25.0,healthy,0.0
healthy_2,3248,1789847184.4093308,1853.1,111.1,542.12,2.18,93.21,0.0315,6.46,13.68,11.22,10.0,0.0,25.0,healthy,0.0
healthy_2,3249,1789847185.4093308,1869.4,111.47,542.82,2.18,93.39,0.02,6.34,13.67,11.25,10.0,0.0,25.0,healthy,0.0
healthy_2,3250,1789847186.4093308,1846.0,111.48,542.46,2.25,93.4,0.0189,6.35,13.7,11.51,10.0,0.0,25.0,healthy,0.0
healthy_2,3251,1789847187.4093308,1804.4,111.69,545.18,2.19,93.42,0.0169,6.21,13.69,11.69,10.0,0.0,25.0,healthy,0.0
healthy_2,3252,1789847188.4093308,1805.7,111.35,547.65,2.19,93.32,0.0291,6.33,13.65,11.48,10.0,0.0,25.0,healthy,0.0
healthy_2,3253,1789847189.4093308,1819.8,111.44,545.19,2.22,93.3,0.0283,6.3,13.64,10.93,10.0,0.0,25.0,healthy,0.0
healthy_2,3254,1789847190.4093308,1837.5,111.36,547.24,2.31,93.15,0.0326,6.2,13.57,11.01,10.0,0.0,25.0,healthy,0.0
healthy_2,3255,1789847191.4093308,1844.2,111.14,548.5,2.2,93.18,0.0238,6.16,13.59,10.84,10.0,0.0,25.0,healthy,0.0
healthy_2,3256,1789847192.4093308,1851.2,111.06,548.25,2.33,93.15,0.0293,6.02,13.64,11.04,10.0,0.0,25.0,healthy,0.0
healthy_2,3257,1789847193.4093308,1841.5,110.82,546.23,2.31,93.28,0.0285,6.19,13.7,10.99,10.0,0.0,25.0,healthy,0.0
healthy_2,3258,1789847194.4093308,1833.2,110.76,547.35,2.33,93.46,0.0324,6.3,13.62,11.26,10.0,0.0,25.0,healthy,0.0
healthy_2,3259,1789847195.4093308,1856.1,111.35,545.97,2.27,93.48,0.0322,6.39,13.7,11.31,10.0,0.0,25.0,healthy,0.0
healthy_2,3260,1789847196.4093308,1868.4,110.97,548.0,2.36,93.69,0.0198,6.22,13.65,11.31,10.0,0.0,25.0,healthy,0.0
healthy_2,3261,1789847197.4093308,1861.2,111.31,547.96,2.32,93.57,0.0278,6.3,13.62,11.32,10.0,0.0,25.0,healthy,0.0
healthy_2,3262,1789847198.4093308,1853.5,111.38,549.37,2.34,93.61,0.0278,6.37,13.64,11.01,10.0,0.0,25.0,healthy,0.0
healthy_2,3263,1789847199.4093308,1821.8,111.27,547.06,2.42,93.4,0.0198,6.53,13.62,11.08,10.0,0.0,25.0,healthy,0.0
healthy_2,3264,1789847200.4093308,1826.5,111.08,542.47,2.33,93.35,0.0281,6.37,13.6,11.32,10.0,0.0,25.0,healthy,0.0
healthy_2,3265,1789847201.4093308,1845.7,111.18,543.67,2.33,93.28,0.0248,6.26,13.57,10.87,10.0,0.0,25.0,healthy,0.0
healthy_2,3266,1789847202.4093308,1824.9,111.6,541.14,2.3,93.23,0.0193,6.14,13.54,10.9,10.0,0.0,25.0,healthy,0.0
healthy_2,3267,1789847203.4093308,1818.9,111.52,542.87,2.37,93.07,0.0138,6.33,13.57,11.32,10.0,0.0,25.0,healthy,0.0
healthy_2,3268,1789847204.4093308,1819.8,112.01,542.45,2.32,93.06,0.0159,6.42,13.51,11.44,10.0,0.0,25.0,healthy,0.0
healthy_2,3269,1789847205.4093308,1833.2,111.76,542.61,2.33,93.32,0.0265,6.42,13.57,11.46,10.0,0.0,25.0,healthy,0.0
healthy_2,3270,1789847206.4093308,1829.1,111.83,540.05,2.32,93.24,0.0264,6.33,13.59,11.31,10.0,0.0,25.0,healthy,0.0
healthy_2,3271,1789847207.4093308,1830.9,111.75,534.56,2.32,93.23,0.0227,6.42,13.64,11.29,10.0,0.0,25.0,healthy,0.0
healthy_2,3272,1789847208.4093308,1823.6,111.77,539.18,2.2,93.34,0.0179,6.36,13.67,11.61,10.0,0.0,25.0,healthy,0.0
healthy_2,3273,1789847209.4093308,1826.8,111.78,543.63,2.19,93.12,0.0296,6.38,13.63,11.52,10.0,0.0,25.0,healthy,0.0
healthy_2,3274,1789847210.4093308,1835.7,111.75,545.16,2.18,93.1,0.0341,6.33,13.69,11.15,10.0,0.0,25.0,healthy,0.0
healthy_2,3275,1789847211.4093308,1833.5,111.55,537.66,2.28,93.18,0.0332,6.16,13.78,10.77,10.0,0.0,25.0,healthy,0.0
healthy_2,3276,1789847212.4093308,1832.2,111.66,537.32,2.22,93.12,0.0245,6.18,13.78,10.97,10.0,0.0,25.0,healthy,0.0
healthy_2,3277,1789847213.4093308,1828.7,111.91,538.3,2.2,93.09,0.0237,6.27,13.75,11.5,10.0,0.0,25.0,healthy,0.0
healthy_2,3278,1789847214.4093308,1848.1,111.81,543.09,2.28,93.01,0.0272,6.3,13.73,11.35,10.0,0.0,25.0,healthy,0.0
healthy_2,3279,1789847215.4093308,1830.8,111.95,542.47,2.25,92.97,0.0304,6.42,13.8,11.29,10.0,0.0,25.0,healthy,0.0
healthy_2,3280,1789847216.4093308,1820.2,111.83,539.96,2.25,92.84,0.0322,6.54,13.74,11.73,10.0,0.0,25.0,healthy,0.0
healthy_2,3281,1789847217.4093308,1838.4,111.83,535.63,2.27,92.99,0.0383,6.49,13.8,11.55,10.0,0.0,25.0,healthy,0.0
healthy_2,3282,1789847218.4093308,1839.9,111.7,532.82,2.32,93.03,0.0298,6.54,13.75,11.41,10.0,0.0,25.0,healthy,0.0
healthy_2,3283,1789847219.4093308,1837.9,111.88,535.02,2.3,92.99,0.0239,6.66,13.74,11.19,10.0,0.0,25.0,healthy,0.0
healthy_2,3284,1789847220.4093308,1824.6,111.71,538.47,2.18,93.12,0.0208,6.72,13.76,11.3,10.0,0.0,25.0,healthy,0.0
healthy_2,3285,1789847221.4093308,1834.4,111.75,543.49,2.21,93.23,0.0275,6.69,13.74,10.93,10.0,0.0,25.0,healthy,0.0
healthy_2,3286,1789847222.4093308,1844.6,111.67,539.69,2.17,93.31,0.0209,6.73,13.71,11.15,10.0,0.0,25.0,healthy,0.0
healthy_2,3287,1789847223.4093308,1825.6,111.61,542.91,2.18,93.38,0.0247,6.65,13.73,11.43,10.0,0.0,25.0,healthy,0.0
healthy_2,3288,1789847224.4093308,1830.9,111.45,540.8,2.18,93.5,0.0297,6.86,13.64,11.57,10.0,0.0,25.0,healthy,0.0
healthy_2,3289,1789847225.4093308,1821.0,111.61,541.69,2.17,93.5,0.0325,6.78,13.63,11.41,10.0,0.0,25.0,healthy,0.0
healthy_2,3290,1789847226.4093308,1838.7,111.57,540.64,2.2,93.48,0.0222,6.67,13.64,11.41,10.0,0.0,25.0,healthy,0.0
healthy_2,3291,1789847227.4093308,1822.0,111.7,541.81,2.16,93.43,0.0287,6.64,13.71,11.41,10.0,0.0,25.0,healthy,0.0
healthy_2,3292,1789847228.4093308,1827.1,111.85,544.85,2.26,93.44,0.0315,6.77,13.61,11.31,10.0,0.0,25.0,healthy,0.0
healthy_2,3293,1789847229.4093308,1833.7,112.06,543.46,2.23,93.45,0.0243,6.73,13.57,11.14,10.0,0.0,25.0,healthy,0.0
healthy_2,3294,1789847230.4093308,1846.7,112.08,549.96,2.22,93.35,0.014,6.61,13.57,11.24,10.0,0.0,25.0,healthy,0.0
healthy_2,3295,1789847231.4093308,1811.4,112.28,549.56,2.22,93.4,0.0267,6.53,13.61,11.4,10.0,0.0,25.0,healthy,0.0
healthy_2,3296,1789847232.4093308,1817.9,112.01,549.25,2.34,93.37,0.0327,6.51,13.62,11.42,10.0,0.0,25.0,healthy,0.0
healthy_2,3297,1789847233.4093308,1817.7,112.05,553.93,2.31,93.26,0.0307,6.6,13.52,11.3,10.0,0.0,25.0,healthy,0.0
healthy_2,3298,1789847234.4093308,1821.4,112.2,553.94,2.26,93.28,0.0313,6.55,13.53,11.1,10.0,0.0,25.0,healthy,0.0
healthy_2,3299,1789847235.4093308,1815.3,112.33,553.11,2.19,93.27,0.0385,6.41,13.56,11.15,10.0,0.0,25.0,healthy,0.0
healthy_2,3300,1789847236.4093308,942.3,107.35,398.36,0.0,93.03,0.0008,0.0,12.88,0.0,0.0,0.0,25.0,healthy,0.0
healthy_2,3301,1789847237.4093308,482.7,103.34,292.06,0.01,92.66,0.0,0.0,12.51,0.0,0.0,0.0,25.0,healthy,0.0
healthy_2,3302,1789847238.4093308,247.7,99.5,216.8,0.01,92.29,0.0,0.0,12.38,0.0,0.0,0.0,25.0,healthy,0.0
healthy_2,3303,1789847239.4093308,125.3,95.85,162.1,0.0,91.92,0.0,0.01,12.42,0.0,0.0,0.0,25.0,healthy,0.0
healthy_2,3304,1789847240.4093308,62.3,92.43,122.84,0.01,91.53,0.0,0.01,12.41,0.03,0.0,0.0,25.0,healthy,0.0
healthy_2,3305,1789847241.4093308,29.9,89.16,95.2,0.01,91.17,0.0,0.0,12.43,0.01,0.0,0.0,25.0,healthy,0.0
healthy_2,3306,1789847242.4093308,11.2,86.05,75.22,0.01,90.81,0.0,0.01,12.41,0.0,0.0,0.0,25.0,healthy,0.0
healthy_2,3307,1789847243.4093308,1.9,83.07,60.74,0.0,90.45,0.0004,0.0,12.5,0.01,0.0,0.0,25.0,healthy,0.0
healthy_2,3308,1789847244.4093308,1.9,80.22,50.51,0.0,90.09,0.0001,0.0,12.48,0.02,0.0,0.0,25.0,healthy,0.0
healthy_2,3309,1789847245.4093308,0.0,77.5,43.72,0.01,89.71,0.0002,0.01,12.47,0.0,0.0,0.0,25.0,healthy,0.0
healthy_2,3310,1789847246.4093308,0.0,74.95,38.32,0.0,89.33,0.0,0.04,12.47,0.02,0.0,0.0,25.0,healthy,0.0
healthy_2,3311,1789847247.4093308,0.0,72.52,34.52,0.0,88.97,0.0,0.03,12.45,0.02,0.0,0.0,25.0,healthy,0.0
healthy_2,3312,1789847248.4093308,0.0,70.2,31.91,0.0,88.61,0.0,0.01,12.43,0.0,0.0,0.0,25.0,healthy,0.0
healthy_2,3313,1789847249.4093308,0.0,68.02,30.22,0.0,88.26,0.0,0.01,12.39,0.0,0.0,0.0,25.0,healthy,0.0
healthy_2,3314,1789847250.4093308,0.0,65.91,29.71,0.0,87.92,0.0,0.0,12.42,0.0,0.0,0.0,25.0,healthy,0.0
healthy_2,3315,1789847251.4093308,0.0,63.9,28.27,0.0,87.58,0.0,0.03,12.42,0.0,0.0,0.0,25.0,healthy,0.0
healthy_2,3316,1789847252.4093308,0.0,62.02,27.68,0.0,87.23,0.0,0.03,12.42,0.0,0.0,0.0,25.0,healthy,0.0
healthy_2,3317,1789847253.4093308,0.0,60.24,27.01,0.0,86.9,0.0,0.03,12.42,0.02,0.0,0.0,25.0,healthy,0.0
healthy_2,3318,1789847254.4093308,0.0,58.5,26.43,0.0,86.55,0.0,0.03,12.48,0.0,0.0,0.0,25.0,healthy,0.0
healthy_2,3319,1789847255.4093308,0.0,56.86,26.0,0.01,86.19,0.0,0.03,12.6,0.01,0.0,0.0,25.0,healthy,0.0
healthy_2,3320,1789847256.4093308,0.0,55.3,25.48,0.01,85.85,0.0,0.0,12.63,0.02,0.0,0.0,25.0,healthy,0.0
healthy_2,3321,1789847257.4093308,0.0,53.79,25.49,0.01,85.51,0.0001,0.01,12.61,0.0,0.0,0.0,25.0,healthy,0.0
healthy_2,3322,1789847258.4093308,0.0,52.41,25.59,0.01,85.18,0.0,0.01,12.62,0.0,0.0,0.0,25.0,healthy,0.0
healthy_2,3323,1789847259.4093308,0.0,51.07,25.0,0.0,84.84,0.0,0.02,12.61,0.04,0.0,0.0,25.0,healthy,0.0
healthy_2,3324,1789847260.4093308,0.1,49.83,25.0,0.01,84.51,0.0,0.01,12.57,0.04,0.0,0.0,25.0,healthy,0.0
healthy_2,3325,1789847261.4093308,1.2,48.63,25.07,0.0,84.17,0.0,0.02,12.62,0.05,0.0,0.0,25.0,healthy,0.0
healthy_2,3326,1789847262.4093308,2.0,47.49,25.34,0.01,83.84,0.0,0.02,12.56,0.01,0.0,0.0,25.0,healthy,0.0
healthy_2,3327,1789847263.4093308,2.8,46.4,25.15,0.0,83.51,0.0,0.0,12.53,0.02,0.0,0.0,25.0,healthy,0.0
healthy_2,3328,1789847264.4093308,0.8,45.37,25.0,0.0,83.2,0.0,0.0,12.62,0.05,0.0,0.0,25.0,healthy,0.0
healthy_2,3329,1789847265.4093308,1.8,44.37,25.35,0.0,82.89,0.0,0.0,12.6,0.04,0.0,0.0,25.0,healthy,0.0
healthy_2,3330,1789847266.4093308,0.0,43.42,25.83,0.0,82.57,0.0,0.0,12.6,0.01,0.0,0.0,25.0,healthy,0.0
healthy_2,3331,1789847267.4093308,0.0,42.54,26.18,0.0,82.25,0.0,0.02,12.65,0.03,0.0,0.0,25.0,healthy,0.0
healthy_2,3332,1789847268.4093308,0.3,41.7,26.3,0.0,81.92,0.0004,0.02,12.72,0.05,0.0,0.0,25.0,healthy,0.0
healthy_2,3333,1789847269.4093308,0.0,40.9,26.31,0.0,81.59,0.0004,0.02,12.79,0.02,0.0,0.0,25.0,healthy,0.0
healthy_2,3334,1789847270.4093308,0.0,40.12,26.23,0.0,81.28,0.0004,0.01,12.78,0.0,0.0,0.0,25.0,healthy,0.0
healthy_2,3335,1789847271.4093308,0.0,39.4,25.63,0.0,80.97,0.0,0.0,12.8,0.0,0.0,0.0,25.0,healthy,0.0
healthy_2,3336,1789847272.4093308,2.1,38.69,25.13,0.0,80.65,0.001,0.0,12.72,0.0,0.0,0.0,25.0,healthy,0.0
healthy_2,3337,1789847273.4093308,1.6,38.01,25.0,0.0,80.36,0.0008,0.0,12.79,0.01,0.0,0.0,25.0,healthy,0.0
healthy_2,3338,1789847274.4093308,1.0,37.39,25.0,0.0,80.05,0.0005,0.0,12.84,0.05,0.0,0.0,25.0,healthy,0.0
healthy_2,3339,1789847275.4093308,4.3,36.79,25.0,0.0,79.74,0.0005,0.0,12.79,0.01,0.0,0.0,25.0,healthy,0.0
healthy_2,3340,1789847276.4093308,5.3,36.22,25.0,0.0,79.44,0.0002,0.0,12.79,0.0,0.0,0.0,25.0,healthy,0.0
healthy_2,3341,1789847277.4093308,2.7,35.65,25.0,0.0,79.13,0.0,0.0,12.77,0.01,0.0,0.0,25.0,healthy,0.0
healthy_2,3342,1789847278.4093308,4.1,35.11,25.0,0.0,78.84,0.0,0.02,12.74,0.01,0.0,0.0,25.0,healthy,0.0
healthy_2,3343,1789847279.4093308,2.9,34.63,25.0,0.0,78.55,0.0,0.0,12.69,0.02,0.0,0.0,25.0,healthy,0.0
healthy_2,3344,1789847280.4093308,0.0,34.14,25.0,0.0,78.25,0.0,0.0,12.68,0.01,0.0,0.0,25.0,healthy,0.0
healthy_2,3345,1789847281.4093308,0.0,33.72,25.0,0.0,77.94,0.0,0.01,12.66,0.02,0.0,0.0,25.0,healthy,0.0
healthy_2,3346,1789847282.4093308,0.0,33.27,25.0,0.0,77.64,0.0,0.0,12.66,0.0,0.0,0.0,25.0,healthy,0.0
healthy_2,3347,1789847283.4093308,0.4,32.87,25.0,0.0,77.34,0.0,0.01,12.7,0.02,0.0,0.0,25.0,healthy,0.0
healthy_2,3348,1789847284.4093308,0.3,32.47,25.0,0.0,77.06,0.0,0.01,12.69,0.02,0.0,0.0,25.0,healthy,0.0
healthy_2,3349,1789847285.4093308,2.1,32.1,25.0,0.0,76.8,0.0,0.01,12.71,0.0,0.0,0.0,25.0,healthy,0.0
healthy_2,3350,1789847286.4093308,1.0,31.76,25.0,0.0,76.52,0.0,0.01,12.69,0.0,0.0,0.0,25.0,healthy,0.0
healthy_2,3351,1789847287.4093308,1.4,31.39,25.0,0.0,76.23,0.0,0.01,12.66,0.0,0.0,0.0,25.0,healthy,0.0
healthy_2,3352,1789847288.4093308,1.7,31.08,25.05,0.0,75.94,0.0,0.0,12.61,0.0,0.0,0.0,25.0,healthy,0.0
healthy_2,3353,1789847289.4093308,1.1,30.77,25.0,0.0,75.65,0.0,0.0,12.52,0.0,0.0,0.0,25.0,healthy,0.0
healthy_2,3354,1789847290.4093308,0.0,30.49,25.0,0.0,75.37,0.0,0.01,12.48,0.0,0.0,0.0,25.0,healthy,0.0
healthy_2,3355,1789847291.4093308,2.8,30.23,25.0,0.0,75.1,0.0,0.02,12.52,0.01,0.0,0.0,25.0,healthy,0.0
healthy_2,3356,1789847292.4093308,1.2,29.99,25.24,0.0,74.85,0.0,0.01,12.61,0.03,0.0,0.0,25.0,healthy,0.0
healthy_2,3357,1789847293.4093308,1.8,29.73,25.2,0.0,74.59,0.0,0.02,12.51,0.0,0.0,0.0,25.0,healthy,0.0
healthy_2,3358,1789847294.4093308,2.3,29.49,25.0,0.0,74.33,0.0,0.01,12.59,0.0,0.0,0.0,25.0,healthy,0.0
healthy_2,3359,1789847295.4093308,3.2,29.28,25.0,0.0,74.08,0.0,0.0,12.58,0.02,0.0,0.0,25.0,healthy,0.0
healthy_2,3360,1789847296.4093308,3.1,29.07,25.0,0.01,73.8,0.0005,0.0,12.55,0.0,0.0,0.0,25.0,healthy,0.0
healthy_2,3361,1789847297.4093308,2.3,28.87,25.0,0.0,73.53,0.0002,0.0,12.52,0.01,0.0,0.0,25.0,healthy,0.0
healthy_2,3362,1789847298.4093308,4.6,28.7,25.0,0.0,73.25,0.0,0.0,12.57,0.04,0.0,0.0,25.0,healthy,0.0
healthy_2,3363,1789847299.4093308,3.9,28.51,25.0,0.01,72.99,0.0,0.0,12.59,0.03,0.0,0.0,25.0,healthy,0.0
healthy_2,3364,1789847300.4093308,3.8,28.32,25.0,0.0,72.72,0.0004,0.0,12.53,0.04,0.0,0.0,25.0,healthy,0.0
healthy_2,3365,1789847301.4093308,2.4,28.16,25.0,0.0,72.45,0.0,0.0,12.54,0.02,0.0,0.0,25.0,healthy,0.0
healthy_2,3366,1789847302.4093308,0.0,28.04,25.0,0.0,72.18,0.0,0.0,12.55,0.01,0.0,0.0,25.0,healthy,0.0
healthy_2,3367,1789847303.4093308,0.8,27.89,25.0,0.0,71.9,0.0,0.0,12.49,0.02,0.0,0.0,25.0,healthy,0.0
healthy_2,3368,1789847304.4093308,1.9,27.74,25.0,0.0,71.63,0.0,0.0,12.45,0.0,0.0,0.0,25.0,healthy,0.0
healthy_2,3369,1789847305.4093308,1.9,27.61,25.0,0.0,71.35,0.0,0.0,12.47,0.0,0.0,0.0,25.0,healthy,0.0
healthy_2,3370,1789847306.4093308,2.4,27.47,25.0,0.0,71.09,0.0,0.0,12.47,0.0,0.0,0.0,25.0,healthy,0.0
healthy_2,3371,1789847307.4093308,3.9,27.38,25.0,0.0,70.84,0.0001,0.0,12.41,0.02,0.0,0.0,25.0,healthy,0.0
healthy_2,3372,1789847308.4093308,5.5,27.29,25.0,0.0,70.59,0.0,0.0,12.44,0.0,0.0,0.0,25.0,healthy,0.0
healthy_2,3373,1789847309.4093308,5.2,27.2,25.0,0.0,70.34,0.0,0.01,12.43,0.0,0.0,0.0,25.0,healthy,0.0
healthy_2,3374,1789847310.4093308,3.3,27.08,25.0,0.0,70.1,0.0001,0.0,12.36,0.0,0.0,0.0,25.0,healthy,0.0
healthy_2,3375,1789847311.4093308,1.6,26.98,25.0,0.0,69.84,0.0,0.0,12.42,0.02,0.0,0.0,25.0,healthy,0.0
healthy_2,3376,1789847312.4093308,0.0,26.89,25.0,0.0,69.59,0.0001,0.0,12.51,0.0,0.0,0.0,25.0,healthy,0.0
healthy_2,3377,1789847313.4093308,0.0,26.78,25.0,0.01,69.34,0.0,0.0,12.48,0.01,0.0,0.0,25.0,healthy,0.0
healthy_2,3378,1789847314.4093308,0.0,26.73,25.26,0.01,69.11,0.0,0.0,12.51,0.01,0.0,0.0,25.0,healthy,0.0
healthy_2,3379,1789847315.4093308,0.7,26.64,25.13,0.01,68.88,0.0001,0.0,12.52,0.02,0.0,0.0,25.0,healthy,0.0
healthy_2,3380,1789847316.4093308,1.0,26.56,25.0,0.01,68.64,0.0,0.0,12.53,0.05,0.0,0.0,25.0,healthy,0.0
healthy_2,3381,1789847317.4093308,0.0,26.51,25.0,0.01,68.39,0.0,0.0,12.59,0.03,0.0,0.0,25.0,healthy,0.0
healthy_2,3382,1789847318.4093308,1.0,26.43,25.0,0.0,68.14,0.0,0.0,12.58,0.01,0.0,0.0,25.0,healthy,0.0
healthy_2,3383,1789847319.4093308,0.1,26.35,25.0,0.0,67.9,0.0,0.0,12.48,0.0,0.0,0.0,25.0,healthy,0.0
healthy_2,3384,1789847320.4093308,0.0,26.27,25.0,0.0,67.66,0.0,0.0,12.47,0.0,0.0,0.0,25.0,healthy,0.0
healthy_2,3385,1789847321.4093308,0.0,26.19,25.0,0.0,67.41,0.0,0.0,12.4,0.0,0.0,0.0,25.0,healthy,0.0
healthy_2,3386,1789847322.4093308,0.0,26.14,25.0,0.0,67.18,0.0,0.0,12.42,0.02,0.0,0.0,25.0,healthy,0.0
healthy_2,3387,1789847323.4093308,0.0,26.11,25.0,0.0,66.95,0.0006,0.0,12.44,0.0,0.0,0.0,25.0,healthy,0.0
healthy_2,3388,1789847324.4093308,1.5,26.07,25.0,0.0,66.7,0.0,0.0,12.43,0.0,0.0,0.0,25.0,healthy,0.0
healthy_2,3389,1789847325.4093308,1.0,26.0,25.0,0.0,66.48,0.0,0.0,12.41,0.01,0.0,0.0,25.0,healthy,0.0
healthy_2,3390,1789847326.4093308,0.0,25.97,25.0,0.0,66.24,0.0,0.0,12.39,0.0,0.0,0.0,25.0,healthy,0.0
healthy_2,3391,1789847327.4093308,0.0,25.91,25.0,0.0,66.02,0.0,0.0,12.43,0.0,0.0,0.0,25.0,healthy,0.0
healthy_2,3392,1789847328.4093308,0.0,25.86,25.0,0.0,65.77,0.0,0.0,12.4,0.01,0.0,0.0,25.0,healthy,0.0
healthy_2,3393,1789847329.4093308,0.0,25.8,25.12,0.0,65.56,0.0,0.0,12.47,0.0,0.0,0.0,25.0,healthy,0.0
healthy_2,3394,1789847330.4093308,0.3,25.75,25.0,0.0,65.35,0.0,0.0,12.43,0.01,0.0,0.0,25.0,healthy,0.0
healthy_2,3395,1789847331.4093308,0.1,25.7,25.0,0.0,65.13,0.0,0.0,12.44,0.0,0.0,0.0,25.0,healthy,0.0
healthy_2,3396,1789847332.4093308,0.0,25.66,25.0,0.0,64.9,0.0,0.0,12.42,0.0,0.0,0.0,25.0,healthy,0.0
healthy_2,3397,1789847333.4093308,0.0,25.61,25.0,0.0,64.7,0.0,0.0,12.41,0.0,0.0,0.0,25.0,healthy,0.0
healthy_2,3398,1789847334.4093308,0.0,25.55,25.0,0.0,64.49,0.0,0.0,12.46,0.0,0.0,0.0,25.0,healthy,0.0
healthy_2,3399,1789847335.4093308,0.0,25.53,25.0,0.0,64.27,0.0,0.01,12.52,0.0,0.0,0.0,25.0,healthy,0.0
healthy_2,3400,1789847336.4093308,0.0,25.5,25.0,0.0,64.05,0.0002,0.01,12.54,0.01,0.0,0.0,25.0,healthy,0.0
healthy_2,3401,1789847337.4093308,0.0,25.5,25.12,0.0,63.83,0.0011,0.02,12.48,0.0,0.0,0.0,25.0,healthy,0.0
healthy_2,3402,1789847338.4093308,0.7,25.46,25.0,0.0,63.6,0.0013,0.01,12.5,0.0,0.0,0.0,25.0,healthy,0.0
healthy_2,3403,1789847339.4093308,1.2,25.43,25.01,0.0,63.38,0.0011,0.0,12.55,0.0,0.0,0.0,25.0,healthy,0.0
healthy_2,3404,1789847340.4093308,0.0,25.41,25.75,0.0,63.17,0.0002,0.0,12.52,0.0,0.0,0.0,25.0,healthy,0.0
healthy_2,3405,1789847341.4093308,0.8,25.37,25.39,0.01,62.96,0.0003,0.0,12.47,0.0,0.0,0.0,25.0,healthy,0.0
healthy_2,3406,1789847342.4093308,0.5,25.36,25.03,0.01,62.78,0.0008,0.0,12.43,0.0,0.0,0.0,25.0,healthy,0.0
healthy_2,3407,1789847343.4093308,0.8,25.34,25.35,0.0,62.57,0.0,0.0,12.43,0.0,0.0,0.0,25.0,healthy,0.0
healthy_2,3408,1789847344.4093308,1.9,25.35,25.45,0.0,62.37,0.0004,0.0,12.42,0.0,0.0,0.0,25.0,healthy,0.0
healthy_2,3409,1789847345.4093308,0.3,25.32,25.0,0.01,62.17,0.0004,0.0,12.48,0.0,0.0,0.0,25.0,healthy,0.0
healthy_2,3410,1789847346.4093308,1.4,25.33,25.14,0.0,61.97,0.0014,0.0,12.45,0.0,0.0,0.0,25.0,healthy,0.0
healthy_2,3411,1789847347.4093308,1.6,25.32,25.56,0.0,61.76,0.0009,0.0,12.49,0.0,0.0,0.0,25.0,healthy,0.0
healthy_2,3412,1789847348.4093308,0.0,25.31,25.52,0.0,61.55,0.0004,0.0,12.52,0.0,0.0,0.0,25.0,healthy,0.0
healthy_2,3413,1789847349.4093308,0.0,25.28,25.0,0.0,61.36,0.0003,0.0,12.55,0.0,0.0,0.0,25.0,healthy,0.0
healthy_2,3414,1789847350.4093308,0.0,25.22,25.0,0.0,61.15,0.0004,0.01,12.51,0.0,0.0,0.0,25.0,healthy,0.0
healthy_2,3415,1789847351.4093308,0.7,25.19,25.0,0.0,60.95,0.0011,0.0,12.56,0.0,0.0,0.0,25.0,healthy,0.0
healthy_2,3416,1789847352.4093308,0.0,25.16,25.0,0.0,60.76,0.0006,0.0,12.52,0.0,0.0,0.0,25.0,healthy,0.0
healthy_2,3417,1789847353.4093308,0.0,25.17,25.0,0.0,60.56,0.0001,0.0,12.46,0.0,0.0,0.0,25.0,healthy,0.0
healthy_2,3418,1789847354.4093308,0.0,25.18,25.11,0.0,60.36,0.0005,0.0,12.46,0.02,0.0,0.0,25.0,healthy,0.0
healthy_2,3419,1789847355.4093308,0.3,25.19,25.51,0.0,60.17,0.0008,0.0,12.44,0.01,0.0,0.0,25.0,healthy,0.0
healthy_2,3420,1789847356.4093308,0.4,25.16,25.75,0.0,59.97,0.0014,0.0,12.39,0.0,0.0,0.0,25.0,healthy,0.0
healthy_2,3421,1789847357.4093308,0.0,25.17,25.38,0.0,59.77,0.0003,0.0,12.4,0.02,0.0,0.0,25.0,healthy,0.0
healthy_2,3422,1789847358.4093308,0.0,25.17,25.45,0.01,59.58,0.0007,0.0,12.52,0.0,0.0,0.0,25.0,healthy,0.0
healthy_2,3423,1789847359.4093308,0.0,25.18,25.07,0.0,59.38,0.0007,0.02,12.47,0.0,0.0,0.0,25.0,healthy,0.0
healthy_2,3424,1789847360.4093308,0.0,25.17,25.0,0.0,59.19,0.0,0.02,12.46,0.02,0.0,0.0,25.0,healthy,0.0
healthy_2,3425,1789847361.4093308,0.0,25.19,25.0,0.0,59.02,0.0,0.02,12.51,0.02,0.0,0.0,25.0,healthy,0.0
healthy_2,3426,1789847362.4093308,0.0,25.19,25.0,0.0,58.82,0.0,0.03,12.45,0.01,0.0,0.0,25.0,healthy,0.0
healthy_2,3427,1789847363.4093308,0.0,25.16,25.0,0.0,58.64,0.0,0.03,12.47,0.0,0.0,0.0,25.0,healthy,0.0
healthy_2,3428,1789847364.4093308,0.0,25.14,25.0,0.0,58.44,0.0,0.03,12.45,0.0,0.0,0.0,25.0,healthy,0.0
healthy_2,3429,1789847365.4093308,0.0,25.11,25.0,0.0,58.26,0.0,0.03,12.46,0.0,0.0,0.0,25.0,healthy,0.0
healthy_2,3430,1789847366.4093308,0.0,25.11,25.0,0.0,58.07,0.0,0.01,12.5,0.0,0.0,0.0,25.0,healthy,0.0
healthy_2,3431,1789847367.4093308,0.0,25.11,25.0,0.0,57.89,0.0011,0.01,12.51,0.0,0.0,0.0,25.0,healthy,0.0
healthy_2,3432,1789847368.4093308,0.0,25.11,25.0,0.0,57.71,0.0011,0.0,12.53,0.0,0.0,0.0,25.0,healthy,0.0
healthy_2,3433,1789847369.4093308,0.0,25.09,25.0,0.0,57.53,0.0011,0.0,12.52,0.0,0.0,0.0,25.0,healthy,0.0
healthy_2,3434,1789847370.4093308,0.2,25.1,25.0,0.0,57.35,0.001,0.0,12.5,0.0,0.0,0.0,25.0,healthy,0.0
healthy_2,3435,1789847371.4093308,1.3,25.11,25.0,0.0,57.16,0.0003,0.0,12.51,0.01,0.0,0.0,25.0,healthy,0.0
healthy_2,3436,1789847372.4093308,2.8,25.1,25.0,0.0,56.98,0.0008,0.0,12.45,0.0,0.0,0.0,25.0,healthy,0.0
healthy_2,3437,1789847373.4093308,3.3,25.09,25.0,0.0,56.83,0.0011,0.0,12.49,0.0,0.0,0.0,25.0,healthy,0.0
healthy_2,3438,1789847374.4093308,4.6,25.06,25.0,0.0,56.67,0.0005,0.0,12.5,0.0,0.0,0.0,25.0,healthy,0.0
healthy_2,3439,1789847375.4093308,6.5,25.06,25.0,0.0,56.49,0.0,0.0,12.4,0.0,0.0,0.0,25.0,healthy,0.0
healthy_2,3440,1789847376.4093308,8.6,25.04,25.0,0.0,56.31,0.0,0.0,12.39,0.0,0.0,0.0,25.0,healthy,0.0
healthy_2,3441,1789847377.4093308,6.8,25.03,25.0,0.0,56.15,0.0,0.0,12.28,0.01,0.0,0.0,25.0,healthy,0.0
healthy_2,3442,1789847378.4093308,5.8,25.01,25.18,0.0,55.97,0.0004,0.0,12.32,0.0,0.0,0.0,25.0,healthy,0.0
healthy_2,3443,1789847379.4093308,4.0,25.0,25.04,0.0,55.8,0.0002,0.0,12.37,0.02,0.0,0.0,25.0,healthy,0.0
healthy_2,3444,1789847380.4093308,5.0,25.03,25.0,0.0,55.62,0.0003,0.0,12.44,0.0,0.0,0.0,25.0,healthy,0.0
healthy_2,3445,1789847381.4093308,5.5,25.01,25.11,0.01,55.44,0.0008,0.02,12.45,0.0,0.0,0.0,25.0,healthy,0.0
healthy_2,3446,1789847382.4093308,7.4,25.0,25.66,0.01,55.27,0.0009,0.0,12.47,0.0,0.0,0.0,25.0,healthy,0.0
healthy_2,3447,1789847383.4093308,3.4,25.01,25.34,0.01,55.1,0.0006,0.0,12.48,0.02,0.0,0.0,25.0,healthy,0.0
healthy_2,3448,1789847384.4093308,4.8,25.0,25.56,0.01,54.94,0.0003,0.0,12.45,0.0,0.0,0.0,25.0,healthy,0.0
healthy_2,3449,1789847385.4093308,0.9,25.01,25.64,0.01,54.79,0.0008,0.0,12.37,0.0,0.0,0.0,25.0,healthy,0.0
healthy_2,3450,1789847386.4093308,1.0,25.04,25.38,0.0,54.62,0.0001,0.0,12.31,0.02,0.0,0.0,25.0,healthy,0.0
healthy_2,3451,1789847387.4093308,0.0,25.03,25.18,0.0,54.45,0.0,0.0,12.28,0.0,0.0,0.0,25.0,healthy,0.0
healthy_2,3452,1789847388.4093308,0.0,25.05,25.46,0.0,54.28,0.0,0.01,12.31,0.0,0.0,0.0,25.0,healthy,0.0
healthy_2,3453,1789847389.4093308,0.0,25.06,25.25,0.0,54.1,0.0,0.01,12.29,0.0,0.0,0.0,25.0,healthy,0.0
healthy_2,3454,1789847390.4093308,0.0,25.05,25.08,0.0,53.92,0.0,0.0,12.33,0.0,0.0,0.0,25.0,healthy,0.0
healthy_2,3455,1789847391.4093308,0.0,25.04,25.35,0.0,53.77,0.0001,0.01,12.4,0.0,0.0,0.0,25.0,healthy,0.0
healthy_2,3456,1789847392.4093308,0.0,25.0,25.32,0.01,53.6,0.0,0.02,12.41,0.0,0.0,0.0,25.0,healthy,0.0
healthy_2,3457,1789847393.4093308,0.0,25.0,25.0,0.01,53.45,0.0,0.0,12.48,0.0,0.0,0.0,25.0,healthy,0.0
healthy_2,3458,1789847394.4093308,0.1,25.0,25.0,0.0,53.31,0.0,0.01,12.49,0.01,0.0,0.0,25.0,healthy,0.0
healthy_2,3459,1789847395.4093308,0.0,25.0,25.0,0.0,53.16,0.0,0.0,12.49,0.0,0.0,0.0,25.0,healthy,0.0
healthy_2,3460,1789847396.4093308,0.0,25.0,25.17,0.0,53.0,0.0,0.0,12.48,0.01,0.0,0.0,25.0,healthy,0.0
healthy_2,3461,1789847397.4093308,0.0,25.0,25.0,0.0,52.83,0.0,0.0,12.53,0.0,0.0,0.0,25.0,healthy,0.0
healthy_2,3462,1789847398.4093308,0.0,25.0,25.0,0.0,52.68,0.0,0.0,12.48,0.0,0.0,0.0,25.0,healthy,0.0
healthy_2,3463,1789847399.4093308,0.0,25.0,25.0,0.0,52.52,0.0003,0.0,12.48,0.0,0.0,0.0,25.0,healthy,0.0
healthy_2,3464,1789847400.4093308,0.0,25.0,25.0,0.01,52.39,0.0004,0.0,12.45,0.0,0.0,0.0,25.0,healthy,0.0
healthy_2,3465,1789847401.4093308,0.0,25.0,25.0,0.0,52.24,0.0003,0.0,12.46,0.0,0.0,0.0,25.0,healthy,0.0
healthy_2,3466,1789847402.4093308,1.1,25.0,25.0,0.0,52.07,0.0,0.0,12.51,0.0,0.0,0.0,25.0,healthy,0.0
healthy_2,3467,1789847403.4093308,3.8,25.01,25.0,0.0,51.92,0.0,0.02,12.5,0.0,0.0,0.0,25.0,healthy,0.0
healthy_2,3468,1789847404.4093308,3.2,25.02,25.0,0.0,51.77,0.0007,0.0,12.49,0.0,0.0,0.0,25.0,healthy,0.0
healthy_2,3469,1789847405.4093308,4.6,25.0,25.0,0.0,51.62,0.0,0.01,12.56,0.0,0.0,0.0,25.0,healthy,0.0
healthy_2,3470,1789847406.4093308,2.6,25.01,25.0,0.0,51.45,0.0006,0.01,12.48,0.0,0.0,0.0,25.0,healthy,0.0
healthy_2,3471,1789847407.4093308,3.3,25.04,25.0,0.0,51.29,0.0005,0.02,12.53,0.0,0.0,0.0,25.0,healthy,0.0
healthy_2,3472,1789847408.4093308,2.9,25.03,25.0,0.0,51.12,0.0004,0.02,12.44,0.0,0.0,0.0,25.0,healthy,0.0
healthy_2,3473,1789847409.4093308,3.3,25.02,25.0,0.01,50.98,0.0002,0.02,12.41,0.0,0.0,0.0,25.0,healthy,0.0
healthy_2,3474,1789847410.4093308,3.1,25.02,25.0,0.0,50.85,0.0007,0.03,12.39,0.0,0.0,0.0,25.0,healthy,0.0
healthy_2,3475,1789847411.4093308,4.3,25.03,25.0,0.0,50.71,0.0006,0.03,12.43,0.0,0.0,0.0,25.0,healthy,0.0
healthy_2,3476,1789847412.4093308,5.7,25.03,25.0,0.0,50.58,0.0008,0.03,12.43,0.01,0.0,0.0,25.0,healthy,0.0
healthy_2,3477,1789847413.4093308,5.2,25.07,25.0,0.0,50.44,0.0,0.02,12.45,0.0,0.0,0.0,25.0,healthy,0.0
healthy_2,3478,1789847414.4093308,3.1,25.06,25.0,0.0,50.29,0.0,0.0,12.53,0.0,0.0,0.0,25.0,healthy,0.0
healthy_2,3479,1789847415.4093308,3.1,25.09,25.65,0.0,50.15,0.0003,0.01,12.51,0.0,0.0,0.0,25.0,healthy,0.0
healthy_2,3480,1789847416.4093308,7.4,25.1,25.5,0.0,49.99,0.0002,0.01,12.5,0.01,0.0,0.0,25.0,healthy,0.0
healthy_2,3481,1789847417.4093308,5.4,25.09,25.33,0.0,49.86,0.0005,0.01,12.49,0.0,0.0,0.0,25.0,healthy,0.0
healthy_2,3482,1789847418.4093308,2.9,25.12,25.0,0.0,49.73,0.0,0.01,12.46,0.01,0.0,0.0,25.0,healthy,0.0
healthy_2,3483,1789847419.4093308,2.0,25.11,25.0,0.01,49.6,0.0,0.01,12.47,0.01,0.0,0.0,25.0,healthy,0.0
healthy_2,3484,1789847420.4093308,2.5,25.13,25.18,0.01,49.46,0.0,0.03,12.43,0.03,0.0,0.0,25.0,healthy,0.0
healthy_2,3485,1789847421.4093308,0.6,25.15,25.52,0.0,49.34,0.0,0.02,12.45,0.0,0.0,0.0,25.0,healthy,0.0
healthy_2,3486,1789847422.4093308,0.2,25.15,25.11,0.0,49.2,0.0,0.02,12.4,0.0,0.0,0.0,25.0,healthy,0.0
healthy_2,3487,1789847423.4093308,0.0,25.14,25.0,0.0,49.06,0.0001,0.03,12.4,0.01,0.0,0.0,25.0,healthy,0.0
healthy_2,3488,1789847424.4093308,0.0,25.08,25.0,0.0,48.94,0.0,0.01,12.39,0.0,0.0,0.0,25.0,healthy,0.0
healthy_2,3489,1789847425.4093308,0.0,25.07,25.0,0.0,48.79,0.0004,0.02,12.4,0.0,0.0,0.0,25.0,healthy,0.0
healthy_2,3490,1789847426.4093308,0.0,25.06,25.0,0.0,48.66,0.0007,0.02,12.35,0.0,0.0,0.0,25.0,healthy,0.0
healthy_2,3491,1789847427.4093308,0.0,25.05,25.0,0.0,48.52,0.0005,0.01,12.32,0.01,0.0,0.0,25.0,healthy,0.0
healthy_2,3492,1789847428.4093308,0.0,25.04,25.15,0.0,48.38,0.0,0.0,12.38,0.0,0.0,0.0,25.0,healthy,0.0
healthy_2,3493,1789847429.4093308,0.0,25.05,25.54,0.0,48.25,0.0008,0.01,12.37,0.01,0.0,0.0,25.0,healthy,0.0
healthy_2,3494,1789847430.4093308,0.3,25.04,25.22,0.0,48.14,0.0,0.01,12.41,0.01,0.0,0.0,25.0,healthy,0.0
healthy_2,3495,1789847431.4093308,0.0,25.03,25.18,0.01,48.01,0.0,0.0,12.35,0.03,0.0,0.0,25.0,healthy,0.0
healthy_2,3496,1789847432.4093308,0.9,25.02,25.08,0.01,47.9,0.0,0.0,12.35,0.0,0.0,0.0,25.0,healthy,0.0
healthy_2,3497,1789847433.4093308,4.5,25.03,25.0,0.0,47.76,0.0,0.0,12.41,0.02,0.0,0.0,25.0,healthy,0.0
healthy_2,3498,1789847434.4093308,2.1,25.06,25.0,0.0,47.64,0.0,0.0,12.29,0.01,0.0,0.0,25.0,healthy,0.0
healthy_2,3499,1789847435.4093308,3.1,25.03,25.0,0.0,47.53,0.0,0.0,12.36,0.04,0.0,0.0,25.0,healthy,0.0
healthy_2,3500,1789847436.4093308,0.6,25.0,25.0,0.0,47.39,0.0,0.0,12.39,0.01,0.0,0.0,25.0,healthy,0.0
healthy_2,3501,1789847437.4093308,0.0,25.0,25.0,0.0,47.26,0.0,0.0,12.41,0.0,0.0,0.0,25.0,healthy,0.0
healthy_2,3502,1789847438.4093308,0.0,25.0,25.0,0.0,47.16,0.0001,0.0,12.49,0.01,0.0,0.0,25.0,healthy,0.0
healthy_2,3503,1789847439.4093308,2.5,25.0,25.0,0.01,47.02,0.0005,0.0,12.49,0.0,0.0,0.0,25.0,healthy,0.0
healthy_2,3504,1789847440.4093308,3.8,25.0,25.0,0.0,46.89,0.0001,0.0,12.48,0.0,0.0,0.0,25.0,healthy,0.0
healthy_2,3505,1789847441.4093308,2.4,25.0,25.0,0.0,46.77,0.0003,0.0,12.44,0.0,0.0,0.0,25.0,healthy,0.0
healthy_2,3506,1789847442.4093308,3.0,25.0,25.0,0.0,46.65,0.0003,0.0,12.51,0.0,0.0,0.0,25.0,healthy,0.0
healthy_2,3507,1789847443.4093308,3.0,25.0,25.0,0.0,46.53,0.0008,0.0,12.53,0.01,0.0,0.0,25.0,healthy,0.0
healthy_2,3508,1789847444.4093308,0.0,25.0,25.0,0.0,46.42,0.0005,0.0,12.5,0.0,0.0,0.0,25.0,healthy,0.0
healthy_2,3509,1789847445.4093308,0.0,25.0,25.31,0.0,46.28,0.0,0.0,12.51,0.03,0.0,0.0,25.0,healthy,0.0
healthy_2,3510,1789847446.4093308,0.5,25.0,25.77,0.0,46.16,0.0,0.0,12.5,0.0,0.0,0.0,25.0,healthy,0.0
healthy_2,3511,1789847447.4093308,1.0,25.0,25.85,0.0,46.04,0.0,0.0,12.48,0.05,0.0,0.0,25.0,healthy,0.0
healthy_2,3512,1789847448.4093308,0.0,25.0,26.35,0.0,45.92,0.0,0.0,12.49,0.03,0.0,0.0,25.0,healthy,0.0
healthy_2,3513,1789847449.4093308,2.2,25.0,25.77,0.01,45.81,0.0,0.0,12.5,0.03,0.0,0.0,25.0,healthy,0.0
healthy_2,3514,1789847450.4093308,1.5,25.0,25.06,0.0,45.69,0.001,0.0,12.48,0.01,0.0,0.0,25.0,healthy,0.0
healthy_2,3515,1789847451.4093308,2.4,25.0,25.58,0.0,45.58,0.0009,0.0,12.46,0.01,0.0,0.0,25.0,healthy,0.0
healthy_2,3516,1789847452.4093308,1.5,25.0,25.22,0.0,45.46,0.0013,0.0,12.44,0.0,0.0,0.0,25.0,healthy,0.0
healthy_2,3517,1789847453.4093308,1.7,25.0,25.01,0.0,45.34,0.0013,0.0,12.4,0.04,0.0,0.0,25.0,healthy,0.0
healthy_2,3518,1789847454.4093308,3.0,25.0,25.0,0.0,45.24,0.0005,0.0,12.4,0.03,0.0,0.0,25.0,healthy,0.0
healthy_2,3519,1789847455.4093308,5.0,25.0,25.0,0.0,45.11,0.0004,0.0,12.39,0.01,0.0,0.0,25.0,healthy,0.0
healthy_2,3520,1789847456.4093308,1.7,25.0,25.0,0.0,44.99,0.0004,0.0,12.38,0.01,0.0,0.0,25.0,healthy,0.0
healthy_2,3521,1789847457.4093308,0.6,25.0,25.0,0.0,44.87,0.0008,0.0,12.4,0.0,0.0,0.0,25.0,healthy,0.0
healthy_2,3522,1789847458.4093308,0.1,25.0,25.0,0.0,44.77,0.0,0.0,12.4,0.02,0.0,0.0,25.0,healthy,0.0
healthy_2,3523,1789847459.4093308,0.7,25.01,25.0,0.0,44.65,0.0,0.0,12.47,0.0,0.0,0.0,25.0,healthy,0.0
healthy_2,3524,1789847460.4093308,1.6,25.0,25.0,0.0,44.56,0.0,0.0,12.49,0.0,0.0,0.0,25.0,healthy,0.0
healthy_2,3525,1789847461.4093308,0.1,25.0,25.0,0.0,44.46,0.0001,0.0,12.54,0.01,0.0,0.0,25.0,healthy,0.0
healthy_2,3526,1789847462.4093308,0.0,25.0,25.0,0.01,44.36,0.0006,0.0,12.65,0.0,0.0,0.0,25.0,healthy,0.0
healthy_2,3527,1789847463.4093308,1.8,25.0,25.25,0.0,44.27,0.0,0.0,12.58,0.0,0.0,0.0,25.0,healthy,0.0
healthy_2,3528,1789847464.4093308,0.9,25.01,25.0,0.0,44.15,0.0,0.0,12.58,0.0,0.0,0.0,25.0,healthy,0.0
healthy_2,3529,1789847465.4093308,0.8,25.0,25.03,0.0,44.04,0.0,0.0,12.64,0.04,0.0,0.0,25.0,healthy,0.0
healthy_2,3530,1789847466.4093308,1.0,25.0,25.35,0.01,43.94,0.0,0.01,12.54,0.04,0.0,0.0,25.0,healthy,0.0
healthy_2,3531,1789847467.4093308,0.8,25.0,25.58,0.0,43.83,0.0006,0.01,12.49,0.01,0.0,0.0,25.0,healthy,0.0
healthy_2,3532,1789847468.4093308,1.7,25.0,25.78,0.0,43.72,0.0004,0.0,12.47,0.0,0.0,0.0,25.0,healthy,0.0
healthy_2,3533,1789847469.4093308,2.6,25.0,26.42,0.0,43.63,0.0,0.0,12.48,0.0,0.0,0.0,25.0,healthy,0.0
healthy_2,3534,1789847470.4093308,3.8,25.0,26.37,0.0,43.53,0.0001,0.0,12.43,0.0,0.0,0.0,25.0,healthy,0.0
healthy_2,3535,1789847471.4093308,4.3,25.0,26.13,0.0,43.43,0.0002,0.0,12.33,0.0,0.0,0.0,25.0,healthy,0.0
healthy_2,3536,1789847472.4093308,3.2,25.0,25.88,0.0,43.34,0.0,0.0,12.47,0.0,0.0,0.0,25.0,healthy,0.0
healthy_2,3537,1789847473.4093308,0.0,25.0,25.47,0.0,43.24,0.0,0.0,12.38,0.01,0.0,0.0,25.0,healthy,0.0
healthy_2,3538,1789847474.4093308,2.1,25.04,25.5,0.01,43.11,0.0,0.0,12.34,0.02,0.0,0.0,25.0,healthy,0.0
healthy_2,3539,1789847475.4093308,0.0,25.02,25.39,0.01,43.03,0.0,0.0,12.4,0.05,0.0,0.0,25.0,healthy,0.0
healthy_2,3540,1789847476.4093308,0.0,25.02,25.54,0.01,42.93,0.0,0.0,12.39,0.02,0.0,0.0,25.0,healthy,0.0
healthy_2,3541,1789847477.4093308,0.0,25.0,25.45,0.01,42.81,0.0,0.0,12.43,0.02,0.0,0.0,25.0,healthy,0.0
healthy_2,3542,1789847478.4093308,0.0,25.0,25.0,0.01,42.7,0.0,0.0,12.38,0.0,0.0,0.0,25.0,healthy,0.0
healthy_2,3543,1789847479.4093308,0.5,25.0,25.12,0.0,42.59,0.0,0.0,12.42,0.0,0.0,0.0,25.0,healthy,0.0
healthy_2,3544,1789847480.4093308,1.7,25.03,25.0,0.01,42.49,0.0,0.0,12.38,0.0,0.0,0.0,25.0,healthy,0.0
healthy_2,3545,1789847481.4093308,2.5,25.02,25.0,0.01,42.4,0.0007,0.0,12.4,0.0,0.0,0.0,25.0,healthy,0.0
healthy_2,3546,1789847482.4093308,5.0,25.0,25.0,0.01,42.28,0.0009,0.0,12.39,0.0,0.0,0.0,25.0,healthy,0.0
healthy_2,3547,1789847483.4093308,3.5,25.0,25.0,0.01,42.2,0.0004,0.0,12.45,0.0,0.0,0.0,25.0,healthy,0.0
healthy_2,3548,1789847484.4093308,1.6,25.0,25.02,0.01,42.1,0.0004,0.0,12.44,0.0,0.0,0.0,25.0,healthy,0.0
healthy_2,3549,1789847485.4093308,1.9,25.0,25.0,0.0,42.0,0.0008,0.0,12.42,0.0,0.0,0.0,25.0,healthy,0.0
healthy_2,3550,1789847486.4093308,3.7,25.0,25.0,0.01,41.92,0.0001,0.0,12.42,0.04,0.0,0.0,25.0,healthy,0.0
healthy_2,3551,1789847487.4093308,3.5,25.0,25.09,0.0,41.82,0.0003,0.0,12.47,0.0,0.0,0.0,25.0,healthy,0.0
healthy_2,3552,1789847488.4093308,1.7,25.0,25.15,0.0,41.74,0.0002,0.0,12.52,0.0,0.0,0.0,25.0,healthy,0.0
healthy_2,3553,1789847489.4093308,2.6,25.0,25.61,0.0,41.64,0.0,0.0,12.56,0.05,0.0,0.0,25.0,healthy,0.0
healthy_2,3554,1789847490.4093308,0.9,25.0,25.4,0.0,41.54,0.0005,0.01,12.55,0.03,0.0,0.0,25.0,healthy,0.0
healthy_2,3555,1789847491.4093308,0.0,25.05,25.38,0.0,41.46,0.0003,0.02,12.53,0.0,0.0,0.0,25.0,healthy,0.0
healthy_2,3556,1789847492.4093308,1.3,25.04,25.58,0.01,41.38,0.0,0.01,12.55,0.0,0.0,0.0,25.0,healthy,0.0
healthy_2,3557,1789847493.4093308,0.0,25.04,25.32,0.01,41.26,0.0001,0.0,12.53,0.0,0.0,0.0,25.0,healthy,0.0
healthy_2,3558,1789847494.4093308,0.0,25.03,25.13,0.01,41.17,0.0004,0.0,12.56,0.0,0.0,0.0,25.0,healthy,0.0
healthy_2,3559,1789847495.4093308,0.0,25.01,25.45,0.01,41.07,0.0005,0.0,12.61,0.0,0.0,0.0,25.0,healthy,0.0
healthy_2,3560,1789847496.4093308,0.0,25.0,25.29,0.01,41.0,0.0008,0.0,12.57,0.01,0.0,0.0,25.0,healthy,0.0
healthy_2,3561,1789847497.4093308,0.0,25.0,25.0,0.01,40.91,0.0012,0.0,12.58,0.02,0.0,0.0,25.0,healthy,0.0
healthy_2,3562,1789847498.4093308,0.0,25.0,25.09,0.02,40.83,0.0003,0.0,12.49,0.01,0.0,0.0,25.0,healthy,0.0
healthy_2,3563,1789847499.4093308,0.8,25.0,25.0,0.01,40.73,0.001,0.0,12.52,0.0,0.0,0.0,25.0,healthy,0.0
healthy_2,3564,1789847500.4093308,0.5,25.0,25.0,0.01,40.64,0.0003,0.0,12.52,0.01,0.0,0.0,25.0,healthy,0.0
healthy_2,3565,1789847501.4093308,0.0,25.0,25.0,0.01,40.54,0.001,0.0,12.59,0.0,0.0,0.0,25.0,healthy,0.0
healthy_2,3566,1789847502.4093308,0.0,25.0,25.0,0.01,40.46,0.001,0.0,12.62,0.01,0.0,0.0,25.0,healthy,0.0
healthy_2,3567,1789847503.4093308,0.1,25.0,25.0,0.01,40.35,0.0006,0.0,12.56,0.05,0.0,0.0,25.0,healthy,0.0
healthy_2,3568,1789847504.4093308,0.0,25.0,25.0,0.01,40.27,0.0,0.0,12.5,0.0,0.0,0.0,25.0,healthy,0.0
healthy_2,3569,1789847505.4093308,0.0,25.0,25.52,0.01,40.19,0.0,0.0,12.43,0.0,0.0,0.0,25.0,healthy,0.0
healthy_2,3570,1789847506.4093308,0.4,25.0,25.71,0.01,40.11,0.0001,0.0,12.5,0.02,0.0,0.0,25.0,healthy,0.0
healthy_2,3571,1789847507.4093308,0.7,25.0,25.71,0.0,40.02,0.0001,0.01,12.55,0.0,0.0,0.0,25.0,healthy,0.0
healthy_2,3572,1789847508.4093308,3.1,25.01,25.81,0.0,39.94,0.0,0.02,12.6,0.0,0.0,0.0,25.0,healthy,0.0
healthy_2,3573,1789847509.4093308,3.9,25.01,25.8,0.0,39.85,0.0,0.01,12.54,0.0,0.0,0.0,25.0,healthy,0.0
healthy_2,3574,1789847510.4093308,4.6,25.0,26.15,0.0,39.76,0.0012,0.01,12.52,0.0,0.0,0.0,25.0,healthy,0.0
healthy_2,3575,1789847511.4093308,4.0,25.0,25.6,0.01,39.7,0.0004,0.02,12.57,0.0,0.0,0.0,25.0,healthy,0.0
healthy_2,3576,1789847512.4093308,4.0,25.0,25.54,0.01,39.63,0.0006,0.02,12.53,0.0,0.0,0.0,25.0,healthy,0.0
healthy_2,3577,1789847513.4093308,7.0,25.0,25.31,0.0,39.55,0.0004,0.03,12.54,0.0,0.0,0.0,25.0,healthy,0.0
healthy_2,3578,1789847514.4093308,3.7,25.01,25.11,0.0,39.46,0.0004,0.0,12.55,0.0,0.0,0.0,25.0,healthy,0.0
healthy_2,3579,1789847515.4093308,3.0,25.0,25.23,0.0,39.38,0.0012,0.0,12.46,0.0,0.0,0.0,25.0,healthy,0.0
healthy_2,3580,1789847516.4093308,3.9,25.0,25.48,0.0,39.32,0.0007,0.0,12.5,0.0,0.0,0.0,25.0,healthy,0.0
healthy_2,3581,1789847517.4093308,5.3,25.02,25.62,0.0,39.26,0.0001,0.0,12.55,0.0,0.0,0.0,25.0,healthy,0.0
healthy_2,3582,1789847518.4093308,5.1,25.01,25.09,0.0,39.18,0.0002,0.01,12.57,0.0,0.0,0.0,25.0,healthy,0.0
healthy_2,3583,1789847519.4093308,2.8,25.01,25.0,0.0,39.09,0.0005,0.0,12.55,0.0,0.0,0.0,25.0,healthy,0.0
healthy_2,3584,1789847520.4093308,2.3,25.06,25.0,0.0,39.0,0.0,0.0,12.57,0.0,0.0,0.0,25.0,healthy,0.0
healthy_2,3585,1789847521.4093308,0.0,25.05,25.0,0.0,38.91,0.0,0.0,12.61,0.0,0.0,0.0,25.0,healthy,0.0
healthy_2,3586,1789847522.4093308,0.1,25.05,25.05,0.0,38.85,0.0,0.0,12.58,0.01,0.0,0.0,25.0,healthy,0.0
healthy_2,3587,1789847523.4093308,0.1,25.05,25.19,0.0,38.77,0.0008,0.0,12.51,0.0,0.0,0.0,25.0,healthy,0.0
healthy_2,3588,1789847524.4093308,0.3,25.05,25.54,0.0,38.7,0.0002,0.0,12.52,0.01,0.0,0.0,25.0,healthy,0.0
healthy_2,3589,1789847525.4093308,0.0,25.03,25.19,0.0,38.63,0.0,0.0,12.57,0.02,0.0,0.0,25.0,healthy,0.0
healthy_2,3590,1789847526.4093308,0.0,25.04,25.35,0.0,38.55,0.0,0.0,12.47,0.0,0.0,0.0,25.0,healthy,0.0
healthy_2,3591,1789847527.4093308,0.0,25.01,25.18,0.0,38.45,0.0,0.0,12.53,0.0,0.0,0.0,25.0,healthy,0.0
healthy_2,3592,1789847528.4093308,0.0,25.07,25.0,0.0,38.37,0.0,0.0,12.57,0.03,0.0,0.0,25.0,healthy,0.0
healthy_2,3593,1789847529.4093308,0.0,25.05,25.0,0.0,38.3,0.0001,0.0,12.5,0.02,0.0,0.0,25.0,healthy,0.0
healthy_2,3594,1789847530.4093308,0.1,25.02,25.0,0.0,38.23,0.0,0.0,12.53,0.03,0.0,0.0,25.0,healthy,0.0
healthy_2,3595,1789847531.4093308,0.5,25.04,25.0,0.0,38.16,0.0,0.0,12.44,0.0,0.0,0.0,25.0,healthy,0.0
healthy_2,3596,1789847532.4093308,0.0,25.06,25.42,0.0,38.1,0.0,0.0,12.52,0.03,0.0,0.0,25.0,healthy,0.0
healthy_2,3597,1789847533.4093308,0.0,25.03,25.38,0.0,38.04,0.0,0.02,12.55,0.05,0.0,0.0,25.0,healthy,0.0
healthy_2,3598,1789847534.4093308,0.0,25.05,25.54,0.0,37.97,0.0001,0.02,12.52,0.02,0.0,0.0,25.0,healthy,0.0
healthy_2,3599,1789847535.4093308,0.0,25.03,25.2,0.0,37.89,0.0,0.01,12.48,0.0,0.0,0.0,25.0,healthy,0.0
