mission_id,tick,timestamp,rpm,cht_celsius,egt_celsius,oil_pressure_bar,oil_temp_celsius,vibration,fuel_flow,battery_voltage_v,injection_timing_deg,throttle_position,altitude_m,ambient_temp_celsius,label_fault_type,label_severity
fault_cooling_degradation_2,0,1789811964.7531269,0.0,25.02,25.0,0.0,25.0,0.0013,0.0,12.48,0.0,0.0,0.0,25.0,healthy,0.0
fault_cooling_degradation_2,1,1789811965.7531269,2.9,25.0,25.0,0.0,25.01,0.0009,0.0,12.47,0.0,0.0,0.0,25.0,healthy,0.0
fault_cooling_degradation_2,2,1789811966.7531269,3.3,25.0,25.0,0.0,25.0,0.0,0.0,12.48,0.0,0.0,0.0,25.0,healthy,0.0
fault_cooling_degradation_2,3,1789811967.7531269,4.7,25.0,25.0,0.01,25.0,0.0001,0.0,12.4,0.0,0.0,0.0,25.0,healthy,0.0
fault_cooling_degradation_2,4,1789811968.7531269,3.5,25.0,25.0,0.0,25.01,0.0,0.0,12.37,0.0,0.0,0.0,25.0,healthy,0.0
fault_cooling_degradation_2,5,1789811969.7531269,2.1,25.0,25.0,0.0,25.01,0.0,0.02,12.44,0.0,0.0,0.0,25.0,healthy,0.0
fault_cooling_degradation_2,6,1789811970.7531269,1.7,25.0,25.13,0.0,25.02,0.0,0.0,12.46,0.0,0.0,0.0,25.0,healthy,0.0
fault_cooling_degradation_2,7,1789811971.7531269,0.4,25.0,25.04,0.0,25.02,0.0,0.0,12.38,0.0,0.0,0.0,25.0,healthy,0.0
fault_cooling_degradation_2,8,1789811972.7531269,1.6,25.0,25.12,0.0,25.02,0.0,0.0,12.48,0.03,0.0,0.0,25.0,healthy,0.0
fault_cooling_degradation_2,9,1789811973.7531269,1.4,25.0,25.19,0.0,25.03,0.0001,0.0,12.53,0.0,0.0,0.0,25.0,healthy,0.0
fault_cooling_degradation_2,10,1789811974.7531269,2.7,25.0,25.42,0.0,25.03,0.0,0.01,12.54,0.02,0.0,0.0,25.0,healthy,0.0
fault_cooling_degradation_2,11,1789811975.7531269,0.3,25.0,25.51,0.0,25.04,0.0,0.0,12.63,0.0,0.0,0.0,25.0,healthy,0.0
fault_cooling_degradation_2,12,1789811976.7531269,1.1,25.0,25.69,0.0,25.03,0.0008,0.0,12.54,0.0,0.0,0.0,25.0,healthy,0.0
fault_cooling_degradation_2,13,1789811977.7531269,0.0,25.0,25.91,0.0,25.03,0.0,0.0,12.57,0.02,0.0,0.0,25.0,healthy,0.0
fault_cooling_degradation_2,14,1789811978.7531269,0.0,25.01,25.48,0.0,25.05,0.0005,0.0,12.57,0.01,0.0,0.0,25.0,healthy,0.0
fault_cooling_degradation_2,15,1789811979.7531269,0.0,25.0,26.03,0.0,25.05,0.0014,0.0,12.58,0.03,0.0,0.0,25.0,healthy,0.0
fault_cooling_degradation_2,16,1789811980.7531269,0.0,25.0,25.59,0.01,25.09,0.0002,0.0,12.49,0.06,0.0,0.0,25.0,healthy,0.0
fault_cooling_degradation_2,17,1789811981.7531269,0.0,25.02,25.47,0.0,25.1,0.0,0.0,12.56,0.01,0.0,0.0,25.0,healthy,0.0
fault_cooling_degradation_2,18,1789811982.7531269,0.0,25.04,25.65,0.01,25.09,0.0,0.0,12.59,0.0,0.0,0.0,25.0,healthy,0.0
fault_cooling_degradation_2,19,1789811983.7531269,0.0,25.06,25.56,0.01,25.1,0.0008,0.0,12.61,0.0,0.0,0.0,25.0,healthy,0.0
fault_cooling_degradation_2,20,1789811984.7531269,0.1,25.09,25.46,0.0,25.1,0.0009,0.0,12.65,0.01,0.0,0.0,25.0,healthy,0.0
fault_cooling_degradation_2,21,1789811985.7531269,0.0,25.1,25.31,0.0,25.09,0.001,0.0,12.71,0.0,0.0,0.0,25.0,healthy,0.0
fault_cooling_degradation_2,22,1789811986.7531269,0.0,25.08,25.85,0.0,25.09,0.0005,0.0,12.65,0.0,0.0,0.0,25.0,healthy,0.0
fault_cooling_degradation_2,23,1789811987.7531269,0.2,25.06,25.58,0.0,25.1,0.0001,0.0,12.56,0.0,0.0,0.0,25.0,healthy,0.0
fault_cooling_degradation_2,24,1789811988.7531269,0.0,25.05,25.46,0.0,25.1,0.0005,0.0,12.53,0.0,0.0,0.0,25.0,healthy,0.0
fault_cooling_degradation_2,25,1789811989.7531269,0.0,25.04,25.1,0.0,25.09,0.0002,0.0,12.45,0.01,0.0,0.0,25.0,healthy,0.0
fault_cooling_degradation_2,26,1789811990.7531269,0.0,25.04,25.0,0.01,25.09,0.0,0.01,12.49,0.0,0.0,0.0,25.0,healthy,0.0
fault_cooling_degradation_2,27,1789811991.7531269,0.0,25.03,25.06,0.01,25.09,0.0004,0.0,12.51,0.01,0.0,0.0,25.0,healthy,0.0
fault_cooling_degradation_2,28,1789811992.7531269,0.0,25.05,25.0,0.0,25.08,0.0007,0.0,12.55,0.02,0.0,0.0,25.0,healthy,0.0
fault_cooling_degradation_2,29,1789811993.7531269,0.0,25.04,25.0,0.0,25.09,0.0006,0.0,12.56,0.01,0.0,0.0,25.0,healthy,0.0
fault_cooling_degradation_2,30,1789811994.7531269,0.0,25.06,25.0,0.0,25.08,0.0001,0.0,12.48,0.0,0.0,0.0,25.0,healthy,0.0
fault_cooling_degradation_2,31,1789811995.7531269,0.0,25.04,25.0,0.0,25.08,0.0,0.0,12.48,0.01,0.0,0.0,25.0,healthy,0.0
fault_cooling_degradation_2,32,1789811996.7531269,0.0,25.05,25.0,0.0,25.08,0.0001,0.0,12.5,0.0,0.0,0.0,25.0,healthy,0.0
fault_cooling_degradation_2,33,1789811997.7531269,0.0,25.04,25.09,0.0,25.06,0.0001,0.02,12.56,0.01,0.0,0.0,25.0,healthy,0.0
fault_cooling_degradation_2,34,1789811998.7531269,0.0,25.04,25.04,0.0,25.06,0.0,0.02,12.56,0.0,0.0,0.0,25.0,healthy,0.0
fault_cooling_degradation_2,35,1789811999.7531269,0.0,25.02,25.0,0.0,25.06,0.0,0.01,12.56,0.02,0.0,0.0,25.0,healthy,0.0
fault_cooling_degradation_2,36,1789812000.7531269,0.0,25.05,25.0,0.0,25.06,0.0,0.0,12.6,0.0,0.0,0.0,25.0,healthy,0.0
fault_cooling_degradation_2,37,1789812001.7531269,0.0,25.07,25.26,0.0,25.06,0.0,0.01,12.62,0.0,0.0,0.0,25.0,healthy,0.0
fault_cooling_degradation_2,38,1789812002.7531269,0.0,25.07,25.46,0.0,25.05,0.0,0.02,12.57,0.0,0.0,0.0,25.0,healthy,0.0
fault_cooling_degradation_2,39,1789812003.7531269,0.0,25.03,25.4,0.0,25.04,0.0,0.01,12.51,0.0,0.0,0.0,25.0,healthy,0.0
fault_cooling_degradation_2,40,1789812004.7531269,1.7,25.04,25.73,0.01,25.04,0.0,0.03,12.49,0.02,0.0,0.0,25.0,healthy,0.0
fault_cooling_degradation_2,41,1789812005.7531269,0.8,25.02,26.46,0.01,25.04,0.0,0.04,12.4,0.0,0.0,0.0,25.0,healthy,0.0
fault_cooling_degradation_2,42,1789812006.7531269,1.4,25.0,25.8,0.01,25.03,0.0,0.04,12.42,0.0,0.0,0.0,25.0,healthy,0.0
fault_cooling_degradation_2,43,1789812007.7531269,0.0,25.0,25.29,0.01,25.02,0.0,0.04,12.45,0.0,0.0,0.0,25.0,healthy,0.0
fault_cooling_degradation_2,44,1789812008.7531269,0.0,25.0,25.49,0.01,25.03,0.0,0.04,12.46,0.0,0.0,0.0,25.0,healthy,0.0
fault_cooling_degradation_2,45,1789812009.7531269,0.7,25.0,25.43,0.0,25.0,0.0,0.05,12.51,0.0,0.0,0.0,25.0,healthy,0.0
fault_cooling_degradation_2,46,1789812010.7531269,0.7,25.0,25.0,0.01,25.0,0.0,0.05,12.51,0.01,0.0,0.0,25.0,healthy,0.0
fault_cooling_degradation_2,47,1789812011.7531269,0.0,25.0,25.0,0.01,25.0,0.0002,0.04,12.57,0.0,0.0,0.0,25.0,healthy,0.0
fault_cooling_degradation_2,48,1789812012.7531269,0.0,25.0,25.0,0.0,25.01,0.0009,0.05,12.6,0.0,0.0,0.0,25.0,healthy,0.0
fault_cooling_degradation_2,49,1789812013.7531269,0.0,25.0,25.0,0.0,25.0,0.0,0.03,12.56,0.01,0.0,0.0,25.0,healthy,0.0
fault_cooling_degradation_2,50,1789812014.7531269,0.0,25.0,25.0,0.0,25.0,0.0,0.04,12.55,0.06,0.0,0.0,25.0,healthy,0.0
fault_cooling_degradation_2,51,1789812015.7531269,0.0,25.0,25.0,0.0,25.0,0.0,0.03,12.6,0.03,0.0,0.0,25.0,healthy,0.0
fault_cooling_degradation_2,52,1789812016.7531269,0.0,25.0,25.0,0.0,25.01,0.0,0.04,12.55,0.0,0.0,0.0,25.0,healthy,0.0
fault_cooling_degradation_2,53,1789812017.7531269,0.0,25.0,25.0,0.0,25.03,0.0,0.03,12.44,0.01,0.0,0.0,25.0,healthy,0.0
fault_cooling_degradation_2,54,1789812018.7531269,0.0,25.0,25.0,0.0,25.04,0.0,0.02,12.55,0.01,0.0,0.0,25.0,healthy,0.0
fault_cooling_degradation_2,55,1789812019.7531269,0.0,25.0,25.0,0.0,25.05,0.0003,0.02,12.52,0.03,0.0,0.0,25.0,healthy,0.0
fault_cooling_degradation_2,56,1789812020.7531269,0.0,25.0,25.18,0.0,25.03,0.0,0.02,12.55,0.0,0.0,0.0,25.0,healthy,0.0
fault_cooling_degradation_2,57,1789812021.7531269,0.0,25.0,25.47,0.0,25.03,0.0,0.01,12.6,0.0,0.0,0.0,25.0,healthy,0.0
fault_cooling_degradation_2,58,1789812022.7531269,0.0,25.0,25.52,0.01,25.02,0.0,0.03,12.62,0.02,0.0,0.0,25.0,healthy,0.0
fault_cooling_degradation_2,59,1789812023.7531269,0.0,25.0,25.49,0.01,25.01,0.0,0.0,12.6,0.03,0.0,0.0,25.0,healthy,0.0
fault_cooling_degradation_2,60,1789812024.7531269,884.8,28.4,159.62,1.57,25.47,0.0018,3.57,12.99,8.08,10.0,0.0,25.0,healthy,0.0
fault_cooling_degradation_2,61,1789812025.7531269,1340.5,32.36,259.97,2.01,25.83,0.0076,4.82,13.31,9.58,10.0,0.0,25.0,healthy,0.0
fault_cooling_degradation_2,62,1789812026.7531269,1538.5,35.83,339.76,2.18,26.26,0.017,5.71,13.49,10.09,10.0,0.0,25.0,healthy,0.0
fault_cooling_degradation_2,63,1789812027.7531269,1688.4,39.66,396.11,2.27,26.7,0.0191,6.04,13.56,10.67,10.0,0.0,25.0,healthy,0.0
fault_cooling_degradation_2,64,1789812028.7531269,1764.5,42.87,438.53,2.31,26.97,0.0246,6.35,13.56,11.15,10.0,0.0,25.0,healthy,0.0
fault_cooling_degradation_2,65,1789812029.7531269,1774.6,46.51,468.64,2.33,27.49,0.0254,6.31,13.64,11.35,10.0,0.0,25.0,healthy,0.0
fault_cooling_degradation_2,66,1789812030.7531269,1813.4,49.45,492.97,2.29,27.81,0.0282,6.21,13.68,11.49,10.0,0.0,25.0,healthy,0.0
fault_cooling_degradation_2,67,1789812031.7531269,1800.7,52.56,511.74,2.3,28.2,0.0266,6.42,13.58,11.48,10.0,0.0,25.0,healthy,0.0
fault_cooling_degradation_2,68,1789812032.7531269,1775.8,55.4,522.41,2.33,28.61,0.0274,6.47,13.56,11.11,10.0,0.0,25.0,healthy,0.0
fault_cooling_degradation_2,69,1789812033.7531269,1782.5,58.11,528.01,2.33,29.0,0.0351,6.68,13.57,11.35,10.0,0.0,25.0,healthy,0.0
fault_cooling_degradation_2,70,1789812034.7531269,1807.3,60.73,534.26,2.36,29.4,0.0287,6.68,13.61,11.36,10.0,0.0,25.0,healthy,0.0
fault_cooling_degradation_2,71,1789812035.7531269,1788.0,63.1,537.43,2.37,29.68,0.0312,6.69,13.67,11.71,10.0,0.0,25.0,healthy,0.0
fault_cooling_degradation_2,72,1789812036.7531269,1809.9,65.86,535.24,2.37,30.07,0.0335,6.61,13.66,11.6,10.0,0.0,25.0,healthy,0.0
fault_cooling_degradation_2,73,1789812037.7531269,1813.3,68.28,533.41,2.31,30.43,0.0303,6.42,13.7,11.55,10.0,0.0,25.0,healthy,0.0
fault_cooling_degradation_2,74,1789812038.7531269,1820.4,70.17,533.21,2.27,30.74,0.0247,6.64,13.69,11.42,10.0,0.0,25.0,healthy,0.0
fault_cooling_degradation_2,75,1789812039.7531269,1834.5,72.14,533.97,2.27,31.02,0.0207,6.61,13.67,11.33,10.0,0.0,25.0,healthy,0.0
fault_cooling_degradation_2,76,1789812040.7531269,1832.7,73.9,533.04,2.28,31.33,0.0284,6.49,13.72,11.38,10.0,0.0,25.0,healthy,0.0
fault_cooling_degradation_2,77,1789812041.7531269,1834.5,75.54,538.6,2.27,31.59,0.0358,6.57,13.68,11.39,10.0,0.0,25.0,healthy,0.0
fault_cooling_degradation_2,78,1789812042.7531269,1807.3,77.01,541.84,2.3,32.05,0.0318,6.45,13.75,11.44,10.0,0.0,25.0,healthy,0.0
fault_cooling_degradation_2,79,1789812043.7531269,1813.4,78.61,542.82,2.27,32.53,0.0291,6.5,13.78,11.78,10.0,0.0,25.0,healthy,0.0
fault_cooling_degradation_2,80,1789812044.7531269,1819.1,80.46,542.72,2.22,32.97,0.0278,6.5,13.85,11.41,10.0,0.0,25.0,healthy,0.0
fault_cooling_degradation_2,81,1789812045.7531269,1835.8,82.08,541.42,2.31,33.1,0.0355,6.38,13.82,11.31,10.0,0.0,25.0,healthy,0.0
fault_cooling_degradation_2,82,1789812046.7531269,1822.7,83.51,547.15,2.43,33.42,0.0333,6.45,13.92,12.09,10.0,0.0,25.0,healthy,0.0
fault_cooling_degradation_2,83,1789812047.7531269,1848.0,84.98,546.55,2.44,33.69,0.0382,6.37,13.93,11.9,10.0,0.0,25.0,healthy,0.0
fault_cooling_degradation_2,84,1789812048.7531269,1835.9,86.06,547.02,2.44,34.05,0.0275,6.44,13.84,11.66,10.0,0.0,25.0,healthy,0.0
fault_cooling_degradation_2,85,1789812049.7531269,1846.0,87.13,545.98,2.42,34.47,0.0328,6.49,13.83,11.42,10.0,0.0,25.0,healthy,0.0
fault_cooling_degradation_2,86,1789812050.7531269,1859.7,88.25,545.62,2.41,34.81,0.0297,6.33,13.82,11.35,10.0,0.0,25.0,healthy,0.0
fault_cooling_degradation_2,87,1789812051.7531269,1857.3,89.56,545.16,2.36,35.01,0.0274,6.47,13.86,11.18,10.0,0.0,25.0,healthy,0.0
fault_cooling_degradation_2,88,1789812052.7531269,1849.2,90.74,540.97,2.25,35.27,0.0231,6.3,13.84,11.21,10.0,0.0,25.0,healthy,0.0
fault_cooling_degradation_2,89,1789812053.7531269,1853.8,91.76,535.87,2.29,35.66,0.0213,6.46,13.78,10.99,10.0,0.0,25.0,healthy,0.0
fault_cooling_degradation_2,90,1789812054.7531269,1856.9,92.77,538.63,2.27,36.04,0.0222,6.54,13.72,10.89,10.0,0.0,25.0,healthy,0.0
fault_cooling_degradation_2,91,1789812055.7531269,1879.1,93.74,543.71,2.26,36.28,0.0398,6.48,13.72,11.41,10.0,0.0,25.0,healthy,0.0
fault_cooling_degradation_2,92,1789812056.7531269,1872.5,94.56,541.2,2.31,36.75,0.0322,6.28,13.67,11.5,10.0,0.0,25.0,healthy,0.0
fault_cooling_degradation_2,93,1789812057.7531269,1832.0,95.25,537.75,2.35,36.98,0.0295,6.36,13.68,11.21,10.0,0.0,25.0,healthy,0.0
fault_cooling_degradation_2,94,1789812058.7531269,1856.9,96.04,540.02,2.38,37.33,0.0287,6.22,13.7,11.19,10.0,0.0,25.0,healthy,0.0
fault_cooling_degradation_2,95,1789812059.7531269,1851.7,96.43,541.28,2.39,37.61,0.0288,6.31,13.7,11.49,10.0,0.0,25.0,healthy,0.0
fault_cooling_degradation_2,96,1789812060.7531269,1851.9,97.25,536.88,2.36,37.78,0.0192,6.46,13.77,11.13,10.0,0.0,25.0,healthy,0.0
fault_cooling_degradation_2,97,1789812061.7531269,1841.8,97.96,540.94,2.39,38.21,0.02,6.33,13.71,11.14,10.0,0.0,25.0,healthy,0.0
fault_cooling_degradation_2,98,1789812062.7531269,1815.2,98.51,545.51,2.43,38.49,0.0312,6.34,13.73,11.23,10.0,0.0,25.0,healthy,0.0
fault_cooling_degradation_2,99,1789812063.7531269,1808.3,99.18,545.23,2.42,38.88,0.0178,6.34,13.74,11.01,10.0,0.0,25.0,healthy,0.0
fault_cooling_degradation_2,100,1789812064.7531269,1811.6,100.17,543.97,2.43,39.05,0.0329,6.12,13.75,10.92,10.0,0.0,25.0,healthy,0.0
fault_cooling_degradation_2,101,1789812065.7531269,1828.2,100.9,547.96,2.41,39.17,0.0395,6.15,13.76,11.26,10.0,0.0,25.0,healthy,0.0
fault_cooling_degradation_2,102,1789812066.7531269,1838.8,101.35,543.34,2.29,39.45,0.0351,6.1,13.84,11.49,10.0,0.0,25.0,healthy,0.0
fault_cooling_degradation_2,103,1789812067.7531269,1827.9,101.67,543.48,2.32,39.59,0.0371,6.31,13.85,11.53,10.0,0.0,25.0,healthy,0.0
fault_cooling_degradation_2,104,1789812068.7531269,1840.5,102.26,548.99,2.39,39.94,0.0319,6.42,13.9,11.27,10.0,0.0,25.0,healthy,0.0
fault_cooling_degradation_2,105,1789812069.7531269,1835.6,102.72,545.88,2.34,40.16,0.0249,6.28,13.88,11.19,10.0,0.0,25.0,healthy,0.0
fault_cooling_degradation_2,106,1789812070.7531269,1827.7,103.12,544.97,2.3,40.48,0.0271,6.16,13.86,11.15,10.0,0.0,25.0,healthy,0.0
fault_cooling_degradation_2,107,1789812071.7531269,1825.7,103.68,546.95,2.38,40.82,0.0185,6.23,13.88,11.18,10.0,0.0,25.0,healthy,0.0
fault_cooling_degradation_2,108,1789812072.7531269,1821.1,104.39,548.22,2.41,41.2,0.0286,6.48,13.86,11.63,10.0,0.0,25.0,healthy,0.0
fault_cooling_degradation_2,109,1789812073.7531269,1827.0,104.41,541.72,2.41,41.47,0.0285,6.42,13.82,11.6,10.0,0.0,25.0,healthy,0.0
fault_cooling_degradation_2,110,1789812074.7531269,1812.5,104.82,542.14,2.45,41.79,0.0289,6.4,13.83,11.28,10.0,0.0,25.0,healthy,0.0
fault_cooling_degradation_2,111,1789812075.7531269,1827.6,105.2,546.21,2.39,41.87,0.023,6.45,13.78,11.28,10.0,0.0,25.0,healthy,0.0
fault_cooling_degradation_2,112,1789812076.7531269,1824.6,105.57,545.68,2.42,42.27,0.0128,6.59,13.81,11.19,10.0,0.0,25.0,healthy,0.0
fault_cooling_degradation_2,113,1789812077.7531269,1816.9,105.61,549.52,2.42,42.45,0.0174,6.63,13.76,10.86,10.0,0.0,25.0,healthy,0.0
fault_cooling_degradation_2,114,1789812078.7531269,1823.5,106.2,547.81,2.34,42.83,0.0175,6.8,13.72,11.11,10.0,0.0,25.0,healthy,0.0
fault_cooling_degradation_2,115,1789812079.7531269,1817.6,106.38,544.07,2.42,42.96,0.0274,6.85,13.63,11.24,10.0,0.0,25.0,healthy,0.0
fault_cooling_degradation_2,116,1789812080.7531269,1821.7,107.12,543.66,2.39,43.17,0.0289,6.75,13.62,11.23,10.0,0.0,25.0,healthy,0.0
fault_cooling_degradation_2,117,1789812081.7531269,1827.4,107.34,546.98,2.36,43.48,0.0345,6.74,13.72,11.0,10.0,0.0,25.0,healthy,0.0
fault_cooling_degradation_2,118,1789812082.7531269,1837.4,107.68,551.72,2.27,43.98,0.0249,6.59,13.71,11.26,10.0,0.0,25.0,healthy,0.0
fault_cooling_degradation_2,119,1789812083.7531269,1830.1,108.13,552.21,2.3,44.34,0.0214,6.5,13.66,11.01,10.0,0.0,25.0,healthy,0.0
fault_cooling_degradation_2,120,1789812084.7531269,1841.0,108.15,553.14,2.28,44.58,0.0266,6.49,13.62,10.95,10.0,0.0,25.0,healthy,0.0
fault_cooling_degradation_2,121,1789812085.7531269,1840.7,108.12,550.72,2.25,44.69,0.0222,6.59,13.67,11.42,10.0,0.0,25.0,healthy,0.0
fault_cooling_degradation_2,122,1789812086.7531269,1833.3,108.28,556.64,2.27,45.08,0.0283,6.55,13.65,11.08,10.0,0.0,25.0,healthy,0.0
fault_cooling_degradation_2,123,1789812087.7531269,1828.9,108.19,557.18,2.27,45.47,0.032,6.57,13.71,11.19,10.0,0.0,25.0,healthy,0.0
fault_cooling_degradation_2,124,1789812088.7531269,1815.7,107.97,554.27,2.22,45.81,0.0284,6.65,13.81,10.79,10.0,0.0,25.0,healthy,0.0
fault_cooling_degradation_2,125,1789812089.7531269,1829.1,108.34,548.02,2.2,45.99,0.0193,6.55,13.82,10.76,10.0,0.0,25.0,healthy,0.0
fault_cooling_degradation_2,126,1789812090.7531269,1833.8,108.21,542.97,2.18,46.44,0.0218,6.48,13.74,10.77,10.0,0.0,25.0,healthy,0.0
fault_cooling_degradation_2,127,1789812091.7531269,1824.9,108.65,545.15,2.25,46.8,0.0256,6.58,13.75,10.74,10.0,0.0,25.0,healthy,0.0
fault_cooling_degradation_2,128,1789812092.7531269,1834.3,108.51,541.24,2.34,46.86,0.0325,6.79,13.81,11.19,10.0,0.0,25.0,healthy,0.0
fault_cooling_degradation_2,129,1789812093.7531269,1830.5,108.73,538.67,2.4,47.18,0.0308,6.68,13.88,11.26,10.0,0.0,25.0,healthy,0.0
fault_cooling_degradation_2,130,1789812094.7531269,1847.5,109.08,543.54,2.39,47.37,0.0369,6.55,13.85,11.42,10.0,0.0,25.0,healthy,0.0
fault_cooling_degradation_2,131,1789812095.7531269,1845.4,109.23,543.46,2.39,47.68,0.0304,6.54,13.89,11.31,10.0,0.0,25.0,healthy,0.0
fault_cooling_degradation_2,132,1789812096.7531269,1858.7,109.14,541.87,2.34,47.92,0.0449,6.57,13.94,11.56,10.0,0.0,25.0,healthy,0.0
fault_cooling_degradation_2,133,1789812097.7531269,1854.1,109.44,540.05,2.29,48.11,0.0311,6.64,13.88,11.6,10.0,0.0,25.0,healthy,0.0
fault_cooling_degradation_2,134,1789812098.7531269,1862.1,109.43,539.73,2.23,48.44,0.0341,6.65,13.88,11.61,10.0,0.0,25.0,healthy,0.0
fault_cooling_degradation_2,135,1789812099.7531269,1863.2,109.15,540.86,2.27,48.83,0.0347,6.66,13.86,11.41,10.0,0.0,25.0,healthy,0.0
fault_cooling_degradation_2,136,1789812100.7531269,1882.9,109.1,538.45,2.24,49.1,0.0302,6.59,13.78,11.66,10.0,0.0,25.0,healthy,0.0
fault_cooling_degradation_2,137,1789812101.7531269,1895.4,109.14,542.96,2.28,49.1,0.0378,6.43,13.76,11.62,10.0,0.0,25.0,healthy,0.0
fault_cooling_degradation_2,138,1789812102.7531269,1879.2,109.24,547.77,2.26,49.41,0.0412,6.65,13.77,11.7,10.0,0.0,25.0,healthy,0.0
fault_cooling_degradation_2,139,1789812103.7531269,1850.3,109.53,544.96,2.23,49.81,0.0318,6.48,13.81,11.49,10.0,0.0,25.0,healthy,0.0
fault_cooling_degradation_2,140,1789812104.7531269,1831.7,110.09,546.03,2.33,50.07,0.0335,6.47,13.9,11.34,10.0,0.0,25.0,healthy,0.0
fault_cooling_degradation_2,141,1789812105.7531269,1842.3,110.4,545.6,2.34,50.25,0.0303,6.56,13.9,11.32,10.0,0.0,25.0,healthy,0.0
fault_cooling_degradation_2,142,1789812106.7531269,1851.0,110.39,542.76,2.34,50.57,0.0266,6.53,13.91,11.35,10.0,0.0,25.0,healthy,0.0
fault_cooling_degradation_2,143,1789812107.7531269,1853.1,110.59,542.77,2.32,50.73,0.0294,6.64,13.87,11.17,10.0,0.0,25.0,healthy,0.0
fault_cooling_degradation_2,144,1789812108.7531269,1846.0,110.93,544.34,2.38,51.13,0.0279,6.62,13.8,11.1,10.0,0.0,25.0,healthy,0.0
fault_cooling_degradation_2,145,1789812109.7531269,1843.3,111.14,544.17,2.37,51.49,0.0243,6.73,13.89,11.57,10.0,0.0,25.0,healthy,0.0
fault_cooling_degradation_2,146,1789812110.7531269,1846.5,110.97,542.83,2.46,51.71,0.0257,6.6,13.91,11.6,10.0,0.0,25.0,healthy,0.0
fault_cooling_degradation_2,147,1789812111.7531269,1835.4,110.97,547.23,2.44,51.79,0.021,6.52,13.84,11.48,10.0,0.0,25.0,healthy,0.0
fault_cooling_degradation_2,148,1789812112.7531269,1820.3,110.89,547.24,2.43,52.02,0.0251,6.4,13.86,11.48,10.0,0.0,25.0,healthy,0.0
fault_cooling_degradation_2,149,1789812113.7531269,1815.2,111.04,543.92,2.28,52.25,0.0381,6.41,13.75,11.83,10.0,0.0,25.0,healthy,0.0
fault_cooling_degradation_2,150,1789812114.7531269,1827.7,111.19,542.42,2.27,52.41,0.0365,6.44,13.69,11.5,10.0,0.0,25.0,healthy,0.0
fault_cooling_degradation_2,151,1789812115.7531269,1844.9,110.95,543.0,2.26,52.52,0.0394,6.22,13.64,11.74,10.0,0.0,25.0,healthy,0.0
fault_cooling_degradation_2,152,1789812116.7531269,1865.3,110.62,544.45,2.18,52.84,0.035,6.3,13.75,11.46,10.0,0.0,25.0,healthy,0.0
fault_cooling_degradation_2,153,1789812117.7531269,1834.2,110.91,543.15,2.24,53.12,0.0399,6.42,13.69,11.55,10.0,0.0,25.0,healthy,0.0
fault_cooling_degradation_2,154,1789812118.7531269,1850.4,110.86,543.53,2.28,53.3,0.033,6.51,13.71,11.68,10.0,0.0,25.0,healthy,0.0
fault_cooling_degradation_2,155,1789812119.7531269,1847.9,111.01,544.93,2.27,53.4,0.0324,6.47,13.66,11.03,10.0,0.0,25.0,healthy,0.0
fault_cooling_degradation_2,156,1789812120.7531269,1846.9,111.16,547.62,2.24,53.66,0.0237,6.42,13.7,11.19,10.0,0.0,25.0,healthy,0.0
fault_cooling_degradation_2,157,1789812121.7531269,1836.7,111.08,552.47,2.32,53.89,0.017,6.46,13.67,11.13,10.0,0.0,25.0,healthy,0.0
fault_cooling_degradation_2,158,1789812122.7531269,1821.0,110.7,557.85,2.31,54.1,0.0139,6.68,13.72,11.03,10.0,0.0,25.0,healthy,0.0
fault_cooling_degradation_2,159,1789812123.7531269,1812.8,110.97,553.9,2.25,54.32,0.017,6.69,13.74,11.37,10.0,0.0,25.0,healthy,0.0
fault_cooling_degradation_2,160,1789812124.7531269,1802.8,111.29,552.48,2.32,54.46,0.0193,6.62,13.74,11.16,10.0,0.0,25.0,healthy,0.0
fault_cooling_degradation_2,161,1789812125.7531269,1809.3,111.49,550.16,2.39,54.68,0.0237,6.64,13.78,11.28,10.0,0.0,25.0,healthy,0.0
fault_cooling_degradation_2,162,1789812126.7531269,1826.8,111.48,546.87,2.52,54.67,0.0243,6.62,13.81,10.95,10.0,0.0,25.0,healthy,0.0
fault_cooling_degradation_2,163,1789812127.7531269,1846.5,111.32,544.22,2.44,54.87,0.025,6.59,13.83,10.92,10.0,0.0,25.0,healthy,0.0
fault_cooling_degradation_2,164,1789812128.7531269,1872.9,111.32,540.87,2.41,55.1,0.0333,6.54,13.72,11.42,10.0,0.0,25.0,healthy,0.0
fault_cooling_degradation_2,165,1789812129.7531269,1847.7,111.51,537.1,2.46,55.3,0.041,6.7,13.71,11.26,10.0,0.0,25.0,healthy,0.0
fault_cooling_degradation_2,166,1789812130.7531269,1846.0,111.52,533.89,2.38,55.64,0.0384,6.8,13.71,11.41,10.0,0.0,25.0,healthy,0.0
fault_cooling_degradation_2,167,1789812131.7531269,1834.0,111.49,538.73,2.35,56.0,0.0325,6.73,13.67,11.2,10.0,0.0,25.0,healthy,0.0
fault_cooling_degradation_2,168,1789812132.7531269,1844.9,111.48,538.4,2.42,55.94,0.0163,6.62,13.66,11.31,10.0,0.0,25.0,healthy,0.0
fault_cooling_degradation_2,169,1789812133.7531269,1831.3,111.53,541.44,2.37,56.13,0.0159,6.5,13.64,11.46,10.0,0.0,25.0,healthy,0.0
fault_cooling_degradation_2,170,1789812134.7531269,1839.3,111.33,537.89,2.34,56.37,0.0227,6.45,13.59,11.25,10.0,0.0,25.0,healthy,0.0
fault_cooling_degradation_2,171,1789812135.7531269,1847.5,111.16,534.38,2.36,56.59,0.0311,6.47,13.61,11.34,10.0,0.0,25.0,healthy,0.0
fault_cooling_degradation_2,172,1789812136.7531269,1838.9,110.82,530.88,2.4,56.89,0.0273,6.25,13.59,11.53,10.0,0.0,25.0,healthy,0.0
fault_cooling_degradation_2,173,1789812137.7531269,1853.5,111.09,533.97,2.36,56.89,0.0293,6.38,13.61,11.42,10.0,0.0,25.0,healthy,0.0
fault_cooling_degradation_2,174,1789812138.7531269,1857.3,111.19,533.7,2.37,56.98,0.028,6.3,13.61,11.12,10.0,0.0,25.0,healthy,0.0
fault_cooling_degradation_2,175,1789812139.7531269,1868.1,111.2,531.73,2.44,57.04,0.0312,6.38,13.74,11.21,10.0,0.0,25.0,healthy,0.0
fault_cooling_degradation_2,176,1789812140.7531269,1877.5,111.19,535.37,2.39,57.23,0.0252,6.33,13.75,11.28,10.0,0.0,25.0,healthy,0.0
fault_cooling_degradation_2,177,1789812141.7531269,1887.3,111.46,535.8,2.31,57.47,0.0255,6.57,13.71,11.27,10.0,0.0,25.0,healthy,0.0
fault_cooling_degradation_2,178,1789812142.7531269,1879.5,111.49,536.86,2.33,57.65,0.0212,6.59,13.76,11.48,10.0,0.0,25.0,healthy,0.0
fault_cooling_degradation_2,179,1789812143.7531269,1863.3,111.65,536.86,2.32,57.84,0.0253,6.57,13.75,11.51,10.0,0.0,25.0,healthy,0.0
fault_cooling_degradation_2,180,1789812144.7531269,1848.7,111.31,541.89,2.3,58.04,0.0225,6.73,13.7,11.62,10.0,0.0,25.0,healthy,0.0
fault_cooling_degradation_2,181,1789812145.7531269,1838.2,111.08,541.16,2.36,58.2,0.0335,6.45,13.68,11.48,10.0,0.0,25.0,healthy,0.0
fault_cooling_degradation_2,182,1789812146.7531269,1860.0,111.33,540.15,2.32,58.41,0.0313,6.41,13.63,11.19,10.0,0.0,25.0,healthy,0.0
fault_cooling_degradation_2,183,1789812147.7531269,1835.8,111.02,543.27,2.41,58.7,0.0304,6.4,13.61,11.7,10.0,0.0,25.0,healthy,0.0
fault_cooling_degradation_2,184,1789812148.7531269,1846.2,111.36,538.81,2.48,58.91,0.023,6.34,13.6,11.79,10.0,0.0,25.0,healthy,0.0
fault_cooling_degradation_2,185,1789812149.7531269,1833.0,111.02,538.94,2.4,58.97,0.0218,6.35,13.65,11.77,10.0,0.0,25.0,healthy,0.0
fault_cooling_degradation_2,186,1789812150.7531269,1838.0,111.04,538.58,2.38,59.17,0.0196,6.27,13.7,11.6,10.0,0.0,25.0,healthy,0.0
fault_cooling_degradation_2,187,1789812151.7531269,1844.6,111.35,538.74,2.37,59.31,0.0211,6.3,13.71,11.38,10.0,0.0,25.0,healthy,0.0
fault_cooling_degradation_2,188,1789812152.7531269,1840.0,111.4,540.24,2.43,59.24,0.0177,6.24,13.64,11.66,10.0,0.0,25.0,healthy,0.0
fault_cooling_degradation_2,189,1789812153.7531269,1814.8,111.38,541.6,2.37,59.51,0.026,6.46,13.7,11.74,10.0,0.0,25.0,healthy,0.0
fault_cooling_degradation_2,190,1789812154.7531269,1823.4,111.46,543.14,2.36,59.68,0.0217,6.44,13.63,11.69,10.0,0.0,25.0,healthy,0.0
fault_cooling_degradation_2,191,1789812155.7531269,1831.7,111.47,543.56,2.31,59.73,0.0291,6.58,13.69,11.84,10.0,0.0,25.0,healthy,0.0
fault_cooling_degradation_2,192,1789812156.7531269,1838.1,111.59,547.53,2.31,59.89,0.0335,6.49,13.62,11.39,10.0,0.0,25.0,healthy,0.0
fault_cooling_degradation_2,193,1789812157.7531269,1845.0,111.63,550.04,2.3,60.18,0.0311,6.36,13.6,11.37,10.0,0.0,25.0,healthy,0.0
fault_cooling_degradation_2,194,1789812158.7531269,1835.7,111.7,546.69,2.24,60.29,0.0429,6.44,13.68,11.66,10.0,0.0,25.0,healthy,0.0
fault_cooling_degradation_2,195,1789812159.7531269,1860.8,111.78,550.49,2.27,60.43,0.043,6.56,13.57,11.57,10.0,0.0,25.0,healthy,0.0
fault_cooling_degradation_2,196,1789812160.7531269,1870.0,111.58,552.44,2.23,60.53,0.0378,6.54,13.49,11.37,10.0,0.0,25.0,healthy,0.0
fault_cooling_degradation_2,197,1789812161.7531269,1865.6,111.41,546.88,2.27,60.7,0.0295,6.52,13.45,11.55,10.0,0.0,25.0,healthy,0.0
fault_cooling_degradation_2,198,1789812162.7531269,1875.6,111.25,545.65,2.29,60.98,0.0266,6.43,13.44,11.36,10.0,0.0,25.0,healthy,0.0
fault_cooling_degradation_2,199,1789812163.7531269,1878.6,111.1,545.03,2.31,61.16,0.0316,6.38,13.46,11.47,10.0,0.0,25.0,healthy,0.0
fault_cooling_degradation_2,200,1789812164.7531269,1862.5,111.52,540.79,2.36,61.37,0.0432,6.34,13.53,11.43,10.0,0.0,25.0,healthy,0.0
fault_cooling_degradation_2,201,1789812165.7531269,1835.5,111.52,541.6,2.39,61.6,0.031,6.34,13.6,11.3,10.0,0.0,25.0,healthy,0.0
fault_cooling_degradation_2,202,1789812166.7531269,1817.5,111.6,541.92,2.42,61.64,0.0286,6.42,13.67,11.28,10.0,0.0,25.0,healthy,0.0
fault_cooling_degradation_2,203,1789812167.7531269,1824.1,111.22,540.17,2.46,61.83,0.0236,6.41,13.66,11.16,10.0,0.0,25.0,healthy,0.0
fault_cooling_degradation_2,204,1789812168.7531269,1808.9,111.22,543.88,2.31,62.03,0.0359,6.28,13.63,11.12,10.0,0.0,25.0,healthy,0.0
fault_cooling_degradation_2,205,1789812169.7531269,1819.3,111.3,543.81,2.26,62.38,0.0325,6.25,13.78,11.31,10.0,0.0,25.0,healthy,0.0
fault_cooling_degradation_2,206,1789812170.7531269,1804.8,111.72,541.03,2.26,62.67,0.03,6.44,13.76,11.17,10.0,0.0,25.0,healthy,0.0
fault_cooling_degradation_2,207,1789812171.7531269,1787.1,112.0,548.42,2.26,62.91,0.0265,6.45,13.79,11.05,10.0,0.0,25.0,healthy,0.0
fault_cooling_degradation_2,208,1789812172.7531269,1803.7,111.9,550.12,2.27,62.85,0.0226,6.47,13.72,10.77,10.0,0.0,25.0,healthy,0.0
fault_cooling_degradation_2,209,1789812173.7531269,1806.7,112.1,551.18,2.31,62.86,0.0256,6.51,13.69,11.04,10.0,0.0,25.0,healthy,0.0
fault_cooling_degradation_2,210,1789812174.7531269,1781.5,112.21,546.25,2.34,63.04,0.0265,6.3,13.69,11.0,10.0,0.0,25.0,healthy,0.0
fault_cooling_degradation_2,211,1789812175.7531269,1786.7,111.8,547.25,2.33,63.33,0.0291,6.02,13.71,11.25,10.0,0.0,25.0,healthy,0.0
fault_cooling_degradation_2,212,1789812176.7531269,1803.8,111.8,549.97,2.3,63.4,0.0254,6.0,13.7,11.42,10.0,0.0,25.0,healthy,0.0
fault_cooling_degradation_2,213,1789812177.7531269,1807.5,112.1,546.63,2.29,63.47,0.0306,6.17,13.68,11.46,10.0,0.0,25.0,healthy,0.0
fault_cooling_degradation_2,214,1789812178.7531269,1832.9,111.83,545.5,2.37,63.77,0.0324,6.23,13.66,11.6,10.0,0.0,25.0,healthy,0.0
fault_cooling_degradation_2,215,1789812179.7531269,1843.4,111.54,542.69,2.3,64.13,0.0344,6.3,13.66,11.25,10.0,0.0,25.0,healthy,0.0
fault_cooling_degradation_2,216,1789812180.7531269,1826.4,111.5,540.79,2.29,64.13,0.0283,6.37,13.62,11.34,10.0,0.0,25.0,healthy,0.0
fault_cooling_degradation_2,217,1789812181.7531269,1823.2,111.53,547.01,2.29,64.11,0.031,6.41,13.63,11.74,10.0,0.0,25.0,healthy,0.0
fault_cooling_degradation_2,218,1789812182.7531269,1849.0,111.37,548.38,2.33,64.4,0.03,6.53,13.69,11.64,10.0,0.0,25.0,healthy,0.0
fault_cooling_degradation_2,219,1789812183.7531269,1851.1,111.39,549.76,2.35,64.72,0.0271,6.46,13.69,11.67,10.0,0.0,25.0,healthy,0.0
fault_cooling_degradation_2,220,1789812184.7531269,1885.1,111.29,550.21,2.31,64.8,0.0275,6.55,13.72,11.4,10.0,0.0,25.0,healthy,0.0
fault_cooling_degradation_2,221,1789812185.7531269,1895.2,111.04,550.28,2.22,65.05,0.0158,6.4,13.71,11.44,10.0,0.0,25.0,healthy,0.0
fault_cooling_degradation_2,222,1789812186.7531269,1887.1,111.06,549.26,2.25,65.19,0.019,6.38,13.68,11.24,10.0,0.0,25.0,healthy,0.0
fault_cooling_degradation_2,223,1789812187.7531269,1891.8,111.43,550.0,2.26,65.38,0.0233,6.54,13.63,11.24,10.0,0.0,25.0,healthy,0.0
fault_cooling_degradation_2,224,1789812188.7531269,1899.3,111.3,546.0,2.27,65.52,0.0251,6.49,13.6,11.24,10.0,0.0,25.0,healthy,0.0
fault_cooling_degradation_2,225,1789812189.7531269,1898.9,111.39,540.41,2.28,65.67,0.0332,6.44,13.65,10.98,10.0,0.0,25.0,healthy,0.0
fault_cooling_degradation_2,226,1789812190.7531269,1878.7,111.18,539.5,2.27,65.77,0.0283,6.51,13.65,11.07,10.0,0.0,25.0,healthy,0.0
fault_cooling_degradation_2,227,1789812191.7531269,1876.7,111.43,542.42,2.29,65.91,0.0302,6.43,13.65,11.1,10.0,0.0,25.0,healthy,0.0
fault_cooling_degradation_2,228,1789812192.7531269,1857.1,111.54,540.16,2.23,66.04,0.0309,6.48,13.64,10.89,10.0,0.0,25.0,healthy,0.0
fault_cooling_degradation_2,229,1789812193.7531269,1872.2,111.26,542.6,2.28,66.19,0.0211,6.63,13.59,11.08,10.0,0.0,25.0,healthy,0.0
fault_cooling_degradation_2,230,1789812194.7531269,1889.9,111.39,545.65,2.35,66.47,0.0316,6.63,13.6,11.03,10.0,0.0,25.0,healthy,0.0
fault_cooling_degradation_2,231,1789812195.7531269,1879.2,111.55,548.77,2.35,66.54,0.0276,6.54,13.61,11.09,10.0,0.0,25.0,healthy,0.0
fault_cooling_degradation_2,232,1789812196.7531269,1876.1,111.49,551.63,2.39,66.72,0.0245,6.56,13.73,10.88,10.0,0.0,25.0,healthy,0.0
fault_cooling_degradation_2,233,1789812197.7531269,1861.3,111.59,548.22,2.28,66.96,0.0255,6.64,13.78,11.29,10.0,0.0,25.0,healthy,0.0
fault_cooling_degradation_2,234,1789812198.7531269,1861.1,111.47,543.37,2.27,67.17,0.0177,6.58,13.77,11.06,10.0,0.0,25.0,healthy,0.0
fault_cooling_degradation_2,235,1789812199.7531269,1845.5,111.53,541.55,2.27,67.36,0.0154,6.41,13.73,11.1,10.0,0.0,25.0,healthy,0.0
fault_cooling_degradation_2,236,1789812200.7531269,1839.9,111.39,544.67,2.25,67.54,0.023,6.45,13.72,11.15,10.0,0.0,25.0,healthy,0.0
fault_cooling_degradation_2,237,1789812201.7531269,1822.6,111.46,546.68,2.26,67.58,0.0291,6.47,13.69,11.35,10.0,0.0,25.0,healthy,0.0
fault_cooling_degradation_2,238,1789812202.7531269,1823.6,111.67,541.4,2.35,67.77,0.0231,6.36,13.66,10.84,10.0,0.0,25.0,healthy,0.0
fault_cooling_degradation_2,239,1789812203.7531269,1818.8,111.27,538.19,2.32,67.88,0.0175,6.63,13.78,11.09,10.0,0.0,25.0,healthy,0.0
fault_cooling_degradation_2,240,1789812204.7531269,1829.4,111.08,539.47,2.37,68.05,0.016,6.7,13.81,11.21,10.0,0.0,25.0,healthy,0.0
fault_cooling_degradation_2,241,1789812205.7531269,1833.2,110.98,537.42,2.24,68.12,0.0169,6.64,13.81,11.05,10.0,0.0,25.0,healthy,0.0
fault_cooling_degradation_2,242,1789812206.7531269,1822.2,111.01,540.05,2.29,68.26,0.0156,6.57,13.84,11.38,10.0,0.0,25.0,healthy,0.0
fault_cooling_degradation_2,243,1789812207.7531269,1841.2,110.85,537.41,2.27,68.47,0.017,6.62,13.85,11.56,10.0,0.0,25.0,healthy,0.0
fault_cooling_degradation_2,244,1789812208.7531269,1855.0,111.17,537.08,2.31,68.63,0.0208,6.63,13.86,11.42,10.0,0.0,25.0,healthy,0.0
fault_cooling_degradation_2,245,1789812209.7531269,1835.5,111.27,533.95,2.35,68.86,0.026,6.7,13.8,11.28,10.0,0.0,25.0,healthy,0.0
fault_cooling_degradation_2,246,1789812210.7531269,1844.5,111.41,537.54,2.29,68.96,0.0268,6.63,13.8,10.89,10.0,0.0,25.0,healthy,0.0
fault_cooling_degradation_2,247,1789812211.7531269,1859.4,111.56,537.31,2.35,68.98,0.0306,6.49,13.81,11.37,10.0,0.0,25.0,healthy,0.0
fault_cooling_degradation_2,248,1789812212.7531269,1835.4,111.8,543.5,2.35,69.16,0.0267,6.31,13.72,11.13,10.0,0.0,25.0,healthy,0.0
fault_cooling_degradation_2,249,1789812213.7531269,1851.6,111.8,541.72,2.32,69.41,0.0312,6.28,13.75,11.33,10.0,0.0,25.0,healthy,0.0
fault_cooling_degradation_2,250,1789812214.7531269,1851.7,111.65,539.9,2.36,69.48,0.0243,6.2,13.77,11.64,10.0,0.0,25.0,healthy,0.0
fault_cooling_degradation_2,251,1789812215.7531269,1847.2,111.67,539.84,2.41,69.48,0.0238,6.28,13.73,11.33,10.0,0.0,25.0,healthy,0.0
fault_cooling_degradation_2,252,1789812216.7531269,1844.4,111.66,541.15,2.41,69.51,0.0144,6.29,13.87,11.05,10.0,0.0,25.0,healthy,0.0
fault_cooling_degradation_2,253,1789812217.7531269,1840.0,111.4,543.18,2.34,69.53,0.0274,6.14,13.93,11.38,10.0,0.0,25.0,healthy,0.0
fault_cooling_degradation_2,254,1789812218.7531269,1855.5,111.62,547.0,2.28,69.81,0.0438,6.28,14.02,11.49,10.0,0.0,25.0,healthy,0.0
fault_cooling_degradation_2,255,1789812219.7531269,1856.4,111.92,546.85,2.37,69.89,0.035,6.25,14.07,11.24,10.0,0.0,25.0,healthy,0.0
fault_cooling_degradation_2,256,1789812220.7531269,1856.3,111.57,553.52,2.41,69.85,0.0318,6.27,14.02,11.25,10.0,0.0,25.0,healthy,0.0
fault_cooling_degradation_2,257,1789812221.7531269,1865.3,111.5,551.43,2.37,69.86,0.0282,6.3,13.87,11.4,10.0,0.0,25.0,healthy,0.0
fault_cooling_degradation_2,258,1789812222.7531269,1844.5,111.66,551.05,2.39,69.92,0.0346,6.4,13.87,11.35,10.0,0.0,25.0,healthy,0.0
fault_cooling_degradation_2,259,1789812223.7531269,1832.7,111.52,545.89,2.39,70.02,0.0334,6.4,13.89,11.22,10.0,0.0,25.0,healthy,0.0
fault_cooling_degradation_2,260,1789812224.7531269,1846.9,111.54,543.51,2.36,70.22,0.0291,6.48,13.88,11.31,10.0,0.0,25.0,healthy,0.0
fault_cooling_degradation_2,261,1789812225.7531269,1831.7,111.73,543.23,2.34,70.41,0.0329,6.44,13.83,11.25,10.0,0.0,25.0,healthy,0.0
fault_cooling_degradation_2,262,1789812226.7531269,1818.6,111.81,542.19,2.28,70.48,0.0331,6.24,13.84,11.89,10.0,0.0,25.0,healthy,0.0
fault_cooling_degradation_2,263,1789812227.7531269,1825.7,111.39,547.2,2.34,70.66,0.0263,6.41,13.84,11.48,10.0,0.0,25.0,healthy,0.0
fault_cooling_degradation_2,264,1789812228.7531269,1817.2,111.53,547.95,2.33,70.88,0.0257,6.58,13.87,10.98,10.0,0.0,25.0,healthy,0.0
fault_cooling_degradation_2,265,1789812229.7531269,1829.5,111.44,540.43,2.37,71.25,0.0272,6.46,13.78,11.12,10.0,0.0,25.0,healthy,0.0
fault_cooling_degradation_2,266,1789812230.7531269,1825.9,111.46,542.11,2.38,71.27,0.0269,6.51,13.81,11.52,10.0,0.0,25.0,healthy,0.0
fault_cooling_degradation_2,267,1789812231.7531269,1825.8,111.23,546.44,2.35,71.2,0.0273,6.53,13.82,11.64,10.0,0.0,25.0,healthy,0.0
fault_cooling_degradation_2,268,1789812232.7531269,1806.4,111.33,539.28,2.38,71.35,0.0326,6.6,13.81,11.58,10.0,0.0,25.0,healthy,0.0
fault_cooling_degradation_2,269,1789812233.7531269,1813.4,111.39,544.24,2.42,71.37,0.0304,6.52,13.79,11.51,10.0,0.0,25.0,healthy,0.0
fault_cooling_degradation_2,270,1789812234.7531269,1817.3,111.56,543.43,2.36,71.67,0.0413,6.25,13.78,11.26,10.0,0.0,25.0,healthy,0.0
fault_cooling_degradation_2,271,1789812235.7531269,1815.7,111.82,545.67,2.42,71.79,0.0419,6.22,13.77,11.13,10.0,0.0,25.0,healthy,0.0
fault_cooling_degradation_2,272,1789812236.7531269,1805.0,111.81,538.26,2.39,71.86,0.0354,6.24,13.79,11.65,10.0,0.0,25.0,healthy,0.0
fault_cooling_degradation_2,273,1789812237.7531269,1831.4,111.91,536.77,2.32,72.08,0.0375,6.25,13.78,11.35,10.0,0.0,25.0,healthy,0.0
fault_cooling_degradation_2,274,1789812238.7531269,1846.2,111.92,536.75,2.28,72.01,0.0338,6.06,13.83,11.37,10.0,0.0,25.0,healthy,0.0
fault_cooling_degradation_2,275,1789812239.7531269,1844.6,111.79,548.08,2.42,72.36,0.0306,6.18,13.81,11.47,10.0,0.0,25.0,healthy,0.0
fault_cooling_degradation_2,276,1789812240.7531269,1814.7,111.97,545.02,2.4,72.72,0.0258,6.39,13.84,11.4,10.0,0.0,25.0,healthy,0.0
fault_cooling_degradation_2,277,1789812241.7531269,1799.9,111.97,547.11,2.3,72.99,0.0178,6.3,13.88,11.26,10.0,0.0,25.0,healthy,0.0
fault_cooling_degradation_2,278,1789812242.7531269,1807.1,112.08,547.8,2.33,73.16,0.0252,6.36,13.86,11.48,10.0,0.0,25.0,healthy,0.0
fault_cooling_degradation_2,279,1789812243.7531269,1804.2,112.54,548.94,2.36,73.2,0.0281,6.42,13.85,11.12,10.0,0.0,25.0,healthy,0.0
fault_cooling_degradation_2,280,1789812244.7531269,1831.2,112.42,551.16,2.36,73.3,0.0314,6.53,13.86,11.07,10.0,0.0,25.0,healthy,0.0
fault_cooling_degradation_2,281,1789812245.7531269,1851.7,112.53,548.38,2.33,73.48,0.0308,6.73,13.77,11.19,10.0,0.0,25.0,healthy,0.0
fault_cooling_degradation_2,282,1789812246.7531269,1844.6,112.68,553.77,2.36,73.54,0.0324,6.8,13.81,11.21,10.0,0.0,25.0,healthy,0.0
fault_cooling_degradation_2,283,1789812247.7531269,1852.2,112.73,550.61,2.35,73.63,0.0303,6.74,13.76,11.16,10.0,0.0,25.0,healthy,0.0
fault_cooling_degradation_2,284,1789812248.7531269,1842.8,112.56,544.63,2.33,73.88,0.038,6.54,13.76,11.28,10.0,0.0,25.0,healthy,0.0
fault_cooling_degradation_2,285,1789812249.7531269,1811.9,112.43,541.67,2.34,74.02,0.0279,6.54,13.67,11.43,10.0,0.0,25.0,healthy,0.0
fault_cooling_degradation_2,286,1789812250.7531269,1806.6,112.3,547.14,2.34,74.14,0.0237,6.4,13.58,11.34,10.0,0.0,25.0,healthy,0.0
fault_cooling_degradation_2,287,1789812251.7531269,1801.7,112.13,546.72,2.33,74.21,0.029,6.37,13.62,11.07,10.0,0.0,25.0,healthy,0.0
fault_cooling_degradation_2,288,1789812252.7531269,1802.9,112.29,548.63,2.31,74.2,0.0283,6.3,13.62,11.29,10.0,0.0,25.0,healthy,0.0
fault_cooling_degradation_2,289,1789812253.7531269,1803.7,112.48,542.61,2.41,74.25,0.0293,6.24,13.78,10.74,10.0,0.0,25.0,healthy,0.0
fault_cooling_degradation_2,290,1789812254.7531269,1802.8,112.32,537.37,2.34,74.24,0.0229,6.28,13.85,11.11,10.0,0.0,25.0,healthy,0.0
fault_cooling_degradation_2,291,1789812255.7531269,1807.0,112.56,535.04,2.23,74.28,0.0256,6.34,13.82,11.1,10.0,0.0,25.0,healthy,0.0
fault_cooling_degradation_2,292,1789812256.7531269,1810.3,112.58,532.99,2.28,74.26,0.0188,6.38,13.74,10.81,10.0,0.0,25.0,healthy,0.0
fault_cooling_degradation_2,293,1789812257.7531269,1818.5,112.91,532.0,2.31,74.23,0.0268,6.34,13.74,10.96,10.0,0.0,25.0,healthy,0.0
fault_cooling_degradation_2,294,1789812258.7531269,1851.7,112.89,532.03,2.33,74.26,0.0273,6.48,13.84,11.04,10.0,0.0,25.0,healthy,0.0
fault_cooling_degradation_2,295,1789812259.7531269,1846.0,112.28,531.26,2.33,74.32,0.0253,6.46,13.8,11.44,10.0,0.0,25.0,healthy,0.0
fault_cooling_degradation_2,296,1789812260.7531269,1842.1,112.31,530.65,2.23,74.52,0.0305,6.44,13.86,11.63,10.0,0.0,25.0,healthy,0.0
fault_cooling_degradation_2,297,1789812261.7531269,1883.0,112.14,534.23,2.26,74.71,0.0316,6.47,13.9,11.84,10.0,0.0,25.0,healthy,0.0
fault_cooling_degradation_2,298,1789812262.7531269,1886.6,112.33,534.26,2.29,74.62,0.0314,6.56,13.91,11.61,10.0,0.0,25.0,healthy,0.0
fault_cooling_degradation_2,299,1789812263.7531269,1880.0,112.26,534.8,2.33,74.69,0.0234,6.7,13.87,11.66,10.0,0.0,25.0,healthy,0.0
fault_cooling_degradation_2,300,1789812264.7531269,3782.2,112.84,576.6,3.86,74.74,0.0468,15.45,13.97,18.18,100.0,5.0,25.0,healthy,0.0
fault_cooling_degradation_2,301,1789812265.7531269,4766.2,113.39,631.41,4.68,74.88,0.072,20.83,14.06,21.21,100.0,10.0,24.9,healthy,0.0
fault_cooling_degradation_2,302,1789812266.7531269,5278.3,114.4,683.0,5.1,74.99,0.0887,23.81,14.13,23.05,100.0,15.0,24.9,healthy,0.0
fault_cooling_degradation_2,303,1789812267.7531269,5532.0,115.56,720.7,5.26,75.33,0.0959,25.39,14.16,24.13,100.0,20.0,24.9,healthy,0.0
fault_cooling_degradation_2,304,1789812268.7531269,5648.4,117.02,755.79,5.38,75.53,0.0951,26.23,14.17,24.85,100.0,25.0,24.8,healthy,0.0
fault_cooling_degradation_2,305,1789812269.7531269,5737.8,118.05,777.97,5.54,75.81,0.0983,26.74,14.13,24.93,100.0,30.0,24.8,healthy,0.0
fault_cooling_degradation_2,306,1789812270.7531269,5790.0,119.41,798.45,5.61,76.12,0.0991,26.97,14.21,25.07,100.0,35.0,24.8,healthy,0.0
fault_cooling_degradation_2,307,1789812271.7531269,5817.1,120.71,815.47,5.62,76.17,0.102,27.08,14.24,25.02,100.0,40.0,24.7,healthy,0.0
fault_cooling_degradation_2,308,1789812272.7531269,5811.3,121.88,826.18,5.64,76.33,0.1102,27.05,14.28,24.99,100.0,45.0,24.7,healthy,0.0
fault_cooling_degradation_2,309,1789812273.7531269,5839.5,122.6,830.11,5.59,76.7,0.1129,26.98,14.21,25.3,100.0,50.0,24.7,healthy,0.0
fault_cooling_degradation_2,310,1789812274.7531269,5817.3,123.34,845.98,5.43,76.71,0.1097,27.12,14.14,25.2,100.0,55.0,24.6,healthy,0.0
fault_cooling_degradation_2,311,1789812275.7531269,5809.0,124.03,843.49,5.51,76.93,0.1063,27.1,14.11,25.06,100.0,60.0,24.6,healthy,0.0
fault_cooling_degradation_2,312,1789812276.7531269,5813.4,125.16,850.09,5.45,77.25,0.1034,27.05,14.09,25.41,100.0,65.0,24.6,healthy,0.0
fault_cooling_degradation_2,313,1789812277.7531269,5820.7,126.11,854.9,5.41,77.36,0.1014,27.29,14.14,25.41,100.0,70.0,24.5,healthy,0.0
fault_cooling_degradation_2,314,1789812278.7531269,5802.8,127.09,860.95,5.38,77.59,0.1009,27.22,14.21,25.4,100.0,75.0,24.5,healthy,0.0
fault_cooling_degradation_2,315,1789812279.7531269,5790.8,127.57,861.57,5.42,77.76,0.1005,27.23,14.2,25.23,100.0,80.0,24.5,healthy,0.0
fault_cooling_degradation_2,316,1789812280.7531269,5797.4,127.85,862.35,5.44,78.17,0.1026,27.12,14.2,24.89,100.0,85.0,24.4,healthy,0.0
fault_cooling_degradation_2,317,1789812281.7531269,5800.8,129.02,861.29,5.36,78.44,0.0993,26.98,14.11,25.02,100.0,90.0,24.4,healthy,0.0
fault_cooling_degradation_2,318,1789812282.7531269,5795.4,129.3,861.59,5.4,78.71,0.0919,26.85,14.11,24.85,100.0,95.0,24.4,healthy,0.0
fault_cooling_degradation_2,319,1789812283.7531269,5821.2,130.19,862.57,5.44,78.84,0.0945,26.85,14.12,24.91,100.0,100.0,24.4,healthy,0.0
fault_cooling_degradation_2,320,1789812284.7531269,5815.3,130.8,859.57,5.45,79.08,0.0972,26.95,14.12,24.93,100.0,105.0,24.3,healthy,0.0
fault_cooling_degradation_2,321,1789812285.7531269,5845.3,131.31,863.37,5.47,79.15,0.0968,27.0,14.13,25.34,100.0,110.0,24.3,healthy,0.0
fault_cooling_degradation_2,322,1789812286.7531269,5825.3,131.84,857.23,5.5,79.42,0.1059,26.91,14.22,25.37,100.0,115.0,24.3,healthy,0.0
fault_cooling_degradation_2,323,1789812287.7531269,5815.8,132.38,855.42,5.43,79.45,0.1087,26.71,14.25,25.11,100.0,120.0,24.2,healthy,0.0
fault_cooling_degradation_2,324,1789812288.7531269,5833.6,132.54,854.43,5.41,79.63,0.1005,26.61,14.28,24.9,100.0,125.0,24.2,healthy,0.0
fault_cooling_degradation_2,325,1789812289.7531269,5814.7,132.73,854.27,5.44,79.87,0.1091,26.92,14.29,25.25,100.0,130.0,24.2,healthy,0.0
fault_cooling_degradation_2,326,1789812290.7531269,5817.0,133.11,855.3,5.45,80.05,0.1148,27.02,14.29,24.81,100.0,135.0,24.1,healthy,0.0
fault_cooling_degradation_2,327,1789812291.7531269,5815.0,133.63,857.46,5.47,80.06,0.106,26.85,14.25,24.96,100.0,140.0,24.1,healthy,0.0
fault_cooling_degradation_2,328,1789812292.7531269,5818.3,134.45,857.37,5.45,80.33,0.1087,27.03,14.24,25.02,100.0,145.0,24.1,healthy,0.0
fault_cooling_degradation_2,329,1789812293.7531269,5814.9,135.14,859.22,5.46,80.4,0.1116,26.83,14.21,24.73,100.0,150.0,24.0,healthy,0.0
fault_cooling_degradation_2,330,1789812294.7531269,5800.7,135.84,861.0,5.39,80.66,0.1167,26.94,14.25,24.96,100.0,155.0,24.0,healthy,0.0
fault_cooling_degradation_2,331,1789812295.7531269,5758.3,136.29,857.72,5.44,81.01,0.0978,26.95,14.25,25.32,100.0,160.0,24.0,healthy,0.0
fault_cooling_degradation_2,332,1789812296.7531269,5754.9,136.29,856.59,5.45,81.22,0.1022,26.88,14.19,25.23,100.0,165.0,23.9,healthy,0.0
fault_cooling_degradation_2,333,1789812297.7531269,5773.5,136.75,854.21,5.48,81.64,0.0985,26.88,14.21,25.04,100.0,170.0,23.9,healthy,0.0
fault_cooling_degradation_2,334,1789812298.7531269,5768.8,137.59,854.84,5.48,81.99,0.1015,26.72,14.22,25.05,100.0,175.0,23.9,healthy,0.0
fault_cooling_degradation_2,335,1789812299.7531269,5768.4,137.96,854.18,5.46,82.24,0.104,26.88,14.2,24.68,100.0,180.0,23.8,healthy,0.0
fault_cooling_degradation_2,336,1789812300.7531269,5772.3,138.21,853.7,5.51,82.45,0.09,26.91,14.15,25.06,100.0,185.0,23.8,healthy,0.0
fault_cooling_degradation_2,337,1789812301.7531269,5773.1,138.39,848.4,5.58,82.55,0.1037,26.9,14.08,24.82,100.0,190.0,23.8,healthy,0.0
fault_cooling_degradation_2,338,1789812302.7531269,5795.2,138.48,849.69,5.54,82.7,0.1053,26.87,14.08,25.36,100.0,195.0,23.7,healthy,0.0
fault_cooling_degradation_2,339,1789812303.7531269,5804.6,138.69,853.31,5.6,83.06,0.1,26.75,14.12,25.37,100.0,200.0,23.7,healthy,0.0
fault_cooling_degradation_2,340,1789812304.7531269,5772.6,139.12,856.51,5.46,82.92,0.0946,26.83,14.15,25.24,100.0,205.0,23.7,healthy,0.0
fault_cooling_degradation_2,341,1789812305.7531269,5777.9,138.81,854.82,5.5,83.0,0.0913,26.89,14.14,24.92,100.0,210.0,23.6,healthy,0.0
fault_cooling_degradation_2,342,1789812306.7531269,5760.1,138.94,860.8,5.43,83.19,0.0986,26.94,14.11,24.71,100.0,215.0,23.6,healthy,0.0
fault_cooling_degradation_2,343,1789812307.7531269,5763.2,139.24,859.53,5.4,83.35,0.092,26.97,14.1,25.28,100.0,220.0,23.6,healthy,0.0
fault_cooling_degradation_2,344,1789812308.7531269,5780.1,139.37,857.52,5.43,83.56,0.0891,27.0,14.17,24.96,100.0,225.0,23.5,healthy,0.0
fault_cooling_degradation_2,345,1789812309.7531269,5781.6,139.37,858.64,5.42,83.82,0.0996,26.95,14.14,24.94,100.0,230.0,23.5,healthy,0.0
fault_cooling_degradation_2,346,1789812310.7531269,5770.9,139.58,856.93,5.5,83.96,0.0983,26.9,14.15,24.88,100.0,235.0,23.5,healthy,0.0
fault_cooling_degradation_2,347,1789812311.7531269,5791.4,139.71,853.31,5.57,84.14,0.0992,26.98,14.19,25.02,100.0,240.0,23.4,healthy,0.0
fault_cooling_degradation_2,348,1789812312.7531269,5796.1,139.64,855.35,5.55,84.42,0.0983,26.89,14.14,25.17,100.0,245.0,23.4,healthy,0.0
fault_cooling_degradation_2,349,1789812313.7531269,5802.3,139.76,858.05,5.52,84.38,0.1046,26.99,14.11,25.07,100.0,250.0,23.4,healthy,0.0
fault_cooling_degradation_2,350,1789812314.7531269,5795.2,139.78,853.54,5.59,84.76,0.1,27.09,14.07,24.79,100.0,255.0,23.3,healthy,0.0
fault_cooling_degradation_2,351,1789812315.7531269,5801.3,139.85,848.33,5.47,84.79,0.0929,26.96,14.06,24.78,100.0,260.0,23.3,healthy,0.0
fault_cooling_degradation_2,352,1789812316.7531269,5780.0,140.26,852.35,5.52,85.17,0.1067,26.94,14.11,24.76,100.0,265.0,23.3,healthy,0.0
fault_cooling_degradation_2,353,1789812317.7531269,5781.3,140.46,851.56,5.56,85.32,0.1051,26.86,14.12,24.86,100.0,270.0,23.2,healthy,0.0
fault_cooling_degradation_2,354,1789812318.7531269,5740.5,140.55,848.7,5.57,85.38,0.0971,26.77,14.09,25.27,100.0,275.0,23.2,healthy,0.0
fault_cooling_degradation_2,355,1789812319.7531269,5753.0,140.1,849.67,5.56,85.37,0.1003,26.86,14.13,25.09,100.0,280.0,23.2,healthy,0.0
fault_cooling_degradation_2,356,1789812320.7531269,5754.3,140.11,847.56,5.54,85.6,0.0978,26.98,14.13,25.11,100.0,285.0,23.1,healthy,0.0
fault_cooling_degradation_2,357,1789812321.7531269,5728.8,139.86,849.78,5.48,85.64,0.0995,27.02,14.13,25.1,100.0,290.0,23.1,healthy,0.0
fault_cooling_degradation_2,358,1789812322.7531269,5746.4,140.04,854.99,5.5,85.78,0.1044,27.03,14.16,25.2,100.0,295.0,23.1,healthy,0.0
fault_cooling_degradation_2,359,1789812323.7531269,5755.9,139.99,853.88,5.54,85.88,0.0964,26.91,14.21,25.05,100.0,300.0,23.1,healthy,0.0
fault_cooling_degradation_2,360,1789812324.7531269,5747.5,140.21,848.57,5.5,85.76,0.1015,26.99,14.24,24.86,100.0,305.0,23.0,healthy,0.0
fault_cooling_degradation_2,361,1789812325.7531269,5745.4,140.18,848.72,5.44,85.9,0.0981,27.08,14.19,25.17,100.0,310.0,23.0,healthy,0.0
fault_cooling_degradation_2,362,1789812326.7531269,5733.9,140.33,850.07,5.48,85.98,0.0938,27.07,14.17,24.95,100.0,315.0,23.0,healthy,0.0
fault_cooling_degradation_2,363,1789812327.7531269,5747.5,140.07,854.47,5.4,86.18,0.0935,27.0,14.17,24.98,100.0,320.0,22.9,healthy,0.0
fault_cooling_degradation_2,364,1789812328.7531269,5755.2,140.19,856.46,5.35,86.18,0.0904,27.07,14.18,25.16,100.0,325.0,22.9,healthy,0.0
fault_cooling_degradation_2,365,1789812329.7531269,5774.2,140.04,856.27,5.38,86.29,0.0924,27.01,14.13,25.16,100.0,330.0,22.9,healthy,0.0
fault_cooling_degradation_2,366,1789812330.7531269,5754.9,140.37,857.05,5.28,86.41,0.1022,26.99,14.26,25.18,100.0,335.0,22.8,healthy,0.0
fault_cooling_degradation_2,367,1789812331.7531269,5781.6,140.24,851.58,5.38,86.55,0.1046,27.07,14.21,25.16,100.0,340.0,22.8,healthy,0.0
fault_cooling_degradation_2,368,1789812332.7531269,5767.3,140.0,852.62,5.44,86.75,0.0974,27.09,14.09,25.28,100.0,345.0,22.8,healthy,0.0
fault_cooling_degradation_2,369,1789812333.7531269,5793.3,140.17,852.79,5.45,86.86,0.0958,27.0,14.04,25.17,100.0,350.0,22.7,healthy,0.0
fault_cooling_degradation_2,370,1789812334.7531269,5788.4,140.5,852.2,5.47,86.92,0.1032,26.91,14.11,25.33,100.0,355.0,22.7,healthy,0.0
fault_cooling_degradation_2,371,1789812335.7531269,5808.2,140.32,855.43,5.51,87.16,0.1028,27.02,14.17,24.93,100.0,360.0,22.7,healthy,0.0
fault_cooling_degradation_2,372,1789812336.7531269,5825.7,140.6,852.55,5.44,87.22,0.1098,26.99,14.11,25.19,100.0,365.0,22.6,healthy,0.0
fault_cooling_degradation_2,373,1789812337.7531269,5813.9,140.97,852.49,5.53,87.25,0.1056,27.01,14.04,25.2,100.0,370.0,22.6,healthy,0.0
fault_cooling_degradation_2,374,1789812338.7531269,5807.4,140.76,847.3,5.53,87.6,0.1025,27.03,14.15,25.05,100.0,375.0,22.6,healthy,0.0
fault_cooling_degradation_2,375,1789812339.7531269,5781.0,140.68,851.21,5.6,87.64,0.1018,27.0,14.18,25.23,100.0,380.0,22.5,healthy,0.0
fault_cooling_degradation_2,376,1789812340.7531269,5795.2,140.75,853.24,5.48,87.89,0.1038,27.17,14.15,25.12,100.0,385.0,22.5,healthy,0.0
fault_cooling_degradation_2,377,1789812341.7531269,5777.3,140.96,849.63,5.56,88.09,0.0964,27.0,14.15,24.86,100.0,390.0,22.5,healthy,0.0
fault_cooling_degradation_2,378,1789812342.7531269,5773.0,141.21,844.42,5.47,88.24,0.1032,27.03,14.24,24.69,100.0,395.0,22.4,healthy,0.0
fault_cooling_degradation_2,379,1789812343.7531269,5757.9,141.01,845.97,5.49,88.3,0.0981,27.05,14.21,24.61,100.0,400.0,22.4,healthy,0.0
fault_cooling_degradation_2,380,1789812344.7531269,5756.3,141.07,844.39,5.53,88.56,0.0952,27.16,14.18,24.54,100.0,405.0,22.4,healthy,0.0
fault_cooling_degradation_2,381,1789812345.7531269,5744.4,140.86,844.52,5.56,88.78,0.1006,27.15,14.19,24.68,100.0,410.0,22.3,healthy,0.0
fault_cooling_degradation_2,382,1789812346.7531269,5746.0,140.55,847.48,5.54,88.98,0.1008,27.1,14.18,24.67,100.0,415.0,22.3,healthy,0.0
fault_cooling_degradation_2,383,1789812347.7531269,5755.8,140.74,848.03,5.51,89.01,0.0987,27.12,14.14,24.59,100.0,420.0,22.3,healthy,0.0
fault_cooling_degradation_2,384,1789812348.7531269,5766.4,140.67,853.33,5.46,89.18,0.1068,26.9,14.18,24.95,100.0,425.0,22.2,healthy,0.0
fault_cooling_degradation_2,385,1789812349.7531269,5779.8,141.04,854.83,5.39,89.28,0.0863,26.9,14.22,25.21,100.0,430.0,22.2,healthy,0.0
fault_cooling_degradation_2,386,1789812350.7531269,5787.9,141.17,853.37,5.49,89.39,0.0906,26.9,14.2,25.22,100.0,435.0,22.2,healthy,0.0
fault_cooling_degradation_2,387,1789812351.7531269,5789.7,141.21,851.07,5.49,89.56,0.089,27.02,14.24,25.15,100.0,440.0,22.1,healthy,0.0
fault_cooling_degradation_2,388,1789812352.7531269,5792.1,141.06,851.27,5.47,89.67,0.0988,27.04,14.24,25.24,100.0,445.0,22.1,healthy,0.0
fault_cooling_degradation_2,389,1789812353.7531269,5800.5,141.19,851.43,5.5,89.7,0.1007,26.96,14.25,25.4,100.0,450.0,22.1,healthy,0.0
fault_cooling_degradation_2,390,1789812354.7531269,5786.6,140.97,855.77,5.48,90.03,0.1076,27.01,14.26,25.19,100.0,455.0,22.0,healthy,0.0
fault_cooling_degradation_2,391,1789812355.7531269,5793.2,140.94,853.87,5.45,90.1,0.1032,27.11,14.23,25.03,100.0,460.0,22.0,healthy,0.0
fault_cooling_degradation_2,392,1789812356.7531269,5765.5,140.81,849.6,5.56,90.38,0.0971,27.02,14.26,25.16,100.0,465.0,22.0,healthy,0.0
fault_cooling_degradation_2,393,1789812357.7531269,5777.5,141.14,854.51,5.56,90.47,0.0951,27.03,14.33,25.13,100.0,470.0,21.9,healthy,0.0
fault_cooling_degradation_2,394,1789812358.7531269,5773.8,141.05,858.79,5.61,90.49,0.1018,27.05,14.36,25.2,100.0,475.0,21.9,healthy,0.0
fault_cooling_degradation_2,395,1789812359.7531269,5796.6,140.75,857.4,5.66,90.78,0.1089,27.0,14.32,24.91,100.0,480.0,21.9,healthy,0.0
fault_cooling_degradation_2,396,1789812360.7531269,5790.4,141.03,859.17,5.66,90.96,0.1019,27.1,14.23,25.11,100.0,485.0,21.8,healthy,0.0
fault_cooling_degradation_2,397,1789812361.7531269,5789.0,140.66,859.26,5.5,91.06,0.1058,27.16,14.22,24.94,100.0,490.0,21.8,healthy,0.0
fault_cooling_degradation_2,398,1789812362.7531269,5803.6,140.83,855.45,5.44,91.29,0.1011,27.13,14.19,24.78,100.0,495.0,21.8,healthy,0.0
fault_cooling_degradation_2,399,1789812363.7531269,5811.9,140.36,861.27,5.46,91.38,0.0981,27.07,14.14,25.38,100.0,500.0,21.8,healthy,0.0
fault_cooling_degradation_2,400,1789812364.7531269,5843.7,140.48,860.88,5.48,91.57,0.0996,26.97,14.18,25.28,100.0,505.0,21.7,healthy,0.0
fault_cooling_degradation_2,401,1789812365.7531269,5861.2,140.48,861.25,5.46,91.91,0.0988,26.99,14.17,25.16,100.0,510.0,21.7,healthy,0.0
fault_cooling_degradation_2,402,1789812366.7531269,5814.7,140.6,857.0,5.45,92.03,0.1009,27.03,14.16,25.23,100.0,515.0,21.7,healthy,0.0
fault_cooling_degradation_2,403,1789812367.7531269,5817.9,140.43,852.78,5.41,92.21,0.1041,27.0,14.16,25.08,100.0,520.0,21.6,healthy,0.0
fault_cooling_degradation_2,404,1789812368.7531269,5808.5,140.37,852.64,5.37,92.41,0.0897,27.25,14.2,24.79,100.0,525.0,21.6,healthy,0.0
fault_cooling_degradation_2,405,1789812369.7531269,5807.3,140.19,845.23,5.47,92.73,0.085,27.35,14.22,24.64,100.0,530.0,21.6,healthy,0.0
fault_cooling_degradation_2,406,1789812370.7531269,5816.2,140.21,849.2,5.49,92.75,0.0969,27.19,14.21,24.94,100.0,535.0,21.5,healthy,0.0
fault_cooling_degradation_2,407,1789812371.7531269,5807.7,140.06,846.61,5.44,92.9,0.1004,27.22,14.29,25.11,100.0,540.0,21.5,healthy,0.0
fault_cooling_degradation_2,408,1789812372.7531269,5821.3,140.05,852.4,5.47,93.02,0.1061,27.19,14.24,25.07,100.0,545.0,21.5,healthy,0.0
fault_cooling_degradation_2,409,1789812373.7531269,5801.2,139.84,847.91,5.43,93.14,0.1008,27.3,14.25,24.94,100.0,550.0,21.4,healthy,0.0
fault_cooling_degradation_2,410,1789812374.7531269,5796.9,139.87,847.22,5.38,93.27,0.099,27.38,14.21,25.27,100.0,555.0,21.4,healthy,0.0
fault_cooling_degradation_2,411,1789812375.7531269,5809.8,140.3,844.4,5.29,93.26,0.098,27.39,14.25,25.27,100.0,560.0,21.4,healthy,0.0
fault_cooling_degradation_2,412,1789812376.7531269,5792.3,140.3,846.14,5.32,93.26,0.1043,27.33,14.15,25.35,100.0,565.0,21.3,healthy,0.0
fault_cooling_degradation_2,413,1789812377.7531269,5793.9,140.2,843.13,5.34,93.26,0.1002,27.2,14.15,25.29,100.0,570.0,21.3,healthy,0.0
fault_cooling_degradation_2,414,1789812378.7531269,5784.8,140.11,842.21,5.39,93.26,0.103,27.16,14.16,25.04,100.0,575.0,21.3,healthy,0.0
fault_cooling_degradation_2,415,1789812379.7531269,5797.3,140.35,838.31,5.44,93.4,0.1045,26.93,14.23,25.36,100.0,580.0,21.2,healthy,0.0
fault_cooling_degradation_2,416,1789812380.7531269,5799.3,140.29,837.62,5.48,93.44,0.1009,26.94,14.19,24.93,100.0,585.0,21.2,healthy,0.0
fault_cooling_degradation_2,417,1789812381.7531269,5797.1,140.27,842.39,5.41,93.56,0.0974,26.92,14.2,24.97,100.0,590.0,21.2,healthy,0.0
fault_cooling_degradation_2,418,1789812382.7531269,5799.9,140.05,845.18,5.34,93.62,0.0967,26.83,14.17,25.12,100.0,595.0,21.1,healthy,0.0
fault_cooling_degradation_2,419,1789812383.7531269,5790.8,140.04,840.46,5.31,93.69,0.1009,26.78,14.23,25.15,100.0,600.0,21.1,healthy,0.0
fault_cooling_degradation_2,420,1789812384.7531269,5791.7,139.97,839.2,5.39,93.74,0.0989,26.73,14.21,25.12,100.0,605.0,21.1,healthy,0.0
fault_cooling_degradation_2,421,1789812385.7531269,5772.0,139.95,838.98,5.51,93.74,0.0927,26.61,14.18,25.03,100.0,610.0,21.0,healthy,0.0
fault_cooling_degradation_2,422,1789812386.7531269,5774.9,140.0,839.62,5.54,94.04,0.0867,26.89,14.17,24.95,100.0,615.0,21.0,healthy,0.0
fault_cooling_degradation_2,423,1789812387.7531269,5776.8,139.97,835.67,5.58,94.22,0.0913,26.93,14.19,24.84,100.0,620.0,21.0,healthy,0.0
fault_cooling_degradation_2,424,1789812388.7531269,5776.2,139.96,839.24,5.49,94.4,0.0897,27.08,14.07,24.55,100.0,625.0,20.9,healthy,0.0
fault_cooling_degradation_2,425,1789812389.7531269,5800.8,139.68,844.37,5.46,94.51,0.0986,26.93,14.04,25.04,100.0,630.0,20.9,healthy,0.0
fault_cooling_degradation_2,426,1789812390.7531269,5808.7,139.82,844.15,5.4,94.79,0.1077,27.2,14.03,24.8,100.0,635.0,20.9,healthy,0.0
fault_cooling_degradation_2,427,1789812391.7531269,5822.0,139.71,846.23,5.41,94.76,0.1058,27.19,14.03,24.7,100.0,640.0,20.8,healthy,0.0
fault_cooling_degradation_2,428,1789812392.7531269,5829.4,139.64,845.94,5.42,95.04,0.1033,27.28,14.09,24.76,100.0,645.0,20.8,healthy,0.0
fault_cooling_degradation_2,429,1789812393.7531269,5814.9,139.85,843.02,5.45,95.11,0.1021,27.09,14.06,24.89,100.0,650.0,20.8,healthy,0.0
fault_cooling_degradation_2,430,1789812394.7531269,5782.3,139.88,843.88,5.43,95.14,0.1035,27.01,14.08,24.92,100.0,655.0,20.7,healthy,0.0
fault_cooling_degradation_2,431,1789812395.7531269,5756.5,140.13,842.11,5.46,95.21,0.105,26.91,14.09,25.0,100.0,660.0,20.7,healthy,0.0
fault_cooling_degradation_2,432,1789812396.7531269,5764.9,139.95,844.12,5.49,95.26,0.0966,27.07,14.05,25.06,100.0,665.0,20.7,healthy,0.0
fault_cooling_degradation_2,433,1789812397.7531269,5767.5,139.83,844.31,5.47,95.46,0.0984,27.01,14.09,25.04,100.0,670.0,20.6,healthy,0.0
fault_cooling_degradation_2,434,1789812398.7531269,5763.7,139.44,847.25,5.47,95.68,0.1008,27.13,14.13,25.12,100.0,675.0,20.6,healthy,0.0
fault_cooling_degradation_2,435,1789812399.7531269,5774.7,139.7,851.4,5.43,95.81,0.0991,26.99,14.08,24.94,100.0,680.0,20.6,healthy,0.0
fault_cooling_degradation_2,436,1789812400.7531269,5777.9,139.55,849.61,5.35,95.88,0.106,26.88,14.08,25.36,100.0,685.0,20.5,healthy,0.0
fault_cooling_degradation_2,437,1789812401.7531269,5767.5,139.83,845.78,5.32,95.93,0.1036,26.75,14.06,25.39,100.0,690.0,20.5,healthy,0.0
fault_cooling_degradation_2,438,1789812402.7531269,5765.3,139.9,848.4,5.28,95.84,0.1098,26.84,14.03,24.84,100.0,695.0,20.5,healthy,0.0
fault_cooling_degradation_2,439,1789812403.7531269,5778.4,139.73,848.38,5.26,95.91,0.1054,26.73,14.01,24.4,100.0,700.0,20.4,healthy,0.0
fault_cooling_degradation_2,440,1789812404.7531269,5792.9,139.71,843.58,5.27,96.11,0.1031,26.83,14.04,24.8,100.0,705.0,20.4,healthy,0.0
fault_cooling_degradation_2,441,1789812405.7531269,5776.2,139.8,851.64,5.32,96.16,0.0981,27.11,14.15,24.88,100.0,710.0,20.4,healthy,0.0
fault_cooling_degradation_2,442,1789812406.7531269,5748.2,139.88,847.19,5.33,96.15,0.1034,27.04,14.16,24.85,100.0,715.0,20.4,healthy,0.0
fault_cooling_degradation_2,443,1789812407.7531269,5738.0,139.98,846.48,5.31,96.29,0.0979,27.15,14.21,25.05,100.0,720.0,20.3,healthy,0.0
fault_cooling_degradation_2,444,1789812408.7531269,5757.6,139.96,853.74,5.39,96.38,0.1042,27.26,14.25,24.79,100.0,725.0,20.3,healthy,0.0
fault_cooling_degradation_2,445,1789812409.7531269,5754.8,140.1,850.34,5.42,96.33,0.099,27.21,14.2,24.85,100.0,730.0,20.3,healthy,0.0
fault_cooling_degradation_2,446,1789812410.7531269,5754.4,140.16,846.45,5.39,96.52,0.0959,27.13,14.17,24.97,100.0,735.0,20.2,healthy,0.0
fault_cooling_degradation_2,447,1789812411.7531269,5790.1,140.12,840.8,5.38,96.49,0.0936,27.11,14.13,24.85,100.0,740.0,20.2,healthy,0.0
fault_cooling_degradation_2,448,1789812412.7531269,5817.7,140.42,845.24,5.27,96.56,0.0976,26.99,14.15,24.81,100.0,745.0,20.2,healthy,0.0
fault_cooling_degradation_2,449,1789812413.7531269,5799.7,140.57,844.78,5.35,96.78,0.0984,26.86,14.08,24.92,100.0,750.0,20.1,healthy,0.0
fault_cooling_degradation_2,450,1789812414.7531269,5802.4,140.57,841.04,5.35,96.82,0.1027,26.96,14.17,24.98,100.0,755.0,20.1,healthy,0.0
fault_cooling_degradation_2,451,1789812415.7531269,5792.1,140.39,834.94,5.35,96.96,0.094,27.03,14.26,25.16,100.0,760.0,20.1,healthy,0.0
fault_cooling_degradation_2,452,1789812416.7531269,5793.9,140.38,840.84,5.26,97.08,0.1,27.01,14.3,25.18,100.0,765.0,20.0,healthy,0.0
fault_cooling_degradation_2,453,1789812417.7531269,5783.6,140.37,839.35,5.31,97.03,0.0968,26.93,14.2,24.78,100.0,770.0,20.0,healthy,0.0
fault_cooling_degradation_2,454,1789812418.7531269,5802.8,140.41,839.97,5.24,97.17,0.0929,27.05,14.16,25.2,100.0,775.0,20.0,healthy,0.0
fault_cooling_degradation_2,455,1789812419.7531269,5812.4,140.47,837.35,5.33,97.05,0.0941,26.93,14.23,25.07,100.0,780.0,19.9,healthy,0.0
fault_cooling_degradation_2,456,1789812420.7531269,5831.4,140.37,836.94,5.32,97.17,0.0929,26.82,14.21,25.32,100.0,785.0,19.9,healthy,0.0
fault_cooling_degradation_2,457,1789812421.7531269,5797.6,140.58,837.8,5.42,97.29,0.0976,26.82,14.15,24.76,100.0,790.0,19.9,healthy,0.0
fault_cooling_degradation_2,458,1789812422.7531269,5785.1,140.71,839.35,5.44,97.32,0.0989,26.88,14.25,24.75,100.0,795.0,19.8,healthy,0.0
fault_cooling_degradation_2,459,1789812423.7531269,5802.9,140.53,836.27,5.46,97.48,0.1001,27.04,14.32,24.53,100.0,800.0,19.8,healthy,0.0
fault_cooling_degradation_2,460,1789812424.7531269,5813.0,140.13,836.73,5.45,97.49,0.1046,26.9,14.31,24.62,100.0,805.0,19.8,healthy,0.0
fault_cooling_degradation_2,461,1789812425.7531269,5802.4,139.76,836.31,5.38,97.64,0.1001,27.03,14.32,24.53,100.0,810.0,19.7,healthy,0.0
fault_cooling_degradation_2,462,1789812426.7531269,5793.4,139.33,840.51,5.39,97.7,0.1017,27.23,14.4,24.61,100.0,815.0,19.7,healthy,0.0
fault_cooling_degradation_2,463,1789812427.7531269,5784.1,138.87,838.14,5.42,97.73,0.0995,27.24,14.3,24.88,100.0,820.0,19.7,healthy,0.0
fault_cooling_degradation_2,464,1789812428.7531269,5766.0,138.66,841.06,5.44,97.77,0.1067,27.16,14.33,24.81,100.0,825.0,19.6,healthy,0.0
fault_cooling_degradation_2,465,1789812429.7531269,5757.4,138.59,846.41,5.34,97.87,0.1087,27.22,14.29,25.08,100.0,830.0,19.6,healthy,0.0
fault_cooling_degradation_2,466,1789812430.7531269,5749.1,138.47,846.99,5.33,97.99,0.1056,27.36,14.34,24.96,100.0,835.0,19.6,healthy,0.0
fault_cooling_degradation_2,467,1789812431.7531269,5752.4,138.4,847.12,5.29,98.01,0.109,27.32,14.42,24.72,100.0,840.0,19.5,healthy,0.0
fault_cooling_degradation_2,468,1789812432.7531269,5795.4,138.55,845.89,5.27,98.02,0.1031,27.28,14.38,24.98,100.0,845.0,19.5,healthy,0.0
fault_cooling_degradation_2,469,1789812433.7531269,5763.8,138.77,850.09,5.31,98.01,0.1075,27.17,14.3,25.07,100.0,850.0,19.5,healthy,0.0
fault_cooling_degradation_2,470,1789812434.7531269,5755.3,138.76,847.45,5.33,98.02,0.0996,27.16,14.25,25.0,100.0,855.0,19.4,healthy,0.0
fault_cooling_degradation_2,471,1789812435.7531269,5777.8,138.4,848.38,5.26,98.13,0.0942,27.01,14.2,24.85,100.0,860.0,19.4,healthy,0.0
fault_cooling_degradation_2,472,1789812436.7531269,5785.7,138.31,846.62,5.28,98.41,0.0948,26.88,14.24,25.01,100.0,865.0,19.4,healthy,0.0
fault_cooling_degradation_2,473,1789812437.7531269,5797.3,138.09,846.44,5.36,98.46,0.097,26.86,14.24,24.96,100.0,870.0,19.3,healthy,0.0
fault_cooling_degradation_2,474,1789812438.7531269,5807.7,138.3,846.28,5.46,98.52,0.0923,27.0,14.31,24.78,100.0,875.0,19.3,healthy,0.0
fault_cooling_degradation_2,475,1789812439.7531269,5795.3,138.54,841.96,5.49,98.68,0.0988,27.02,14.31,24.47,100.0,880.0,19.3,healthy,0.0
fault_cooling_degradation_2,476,1789812440.7531269,5792.5,138.34,839.98,5.47,98.86,0.1042,27.14,14.26,24.93,100.0,885.0,19.2,healthy,0.0
fault_cooling_degradation_2,477,1789812441.7531269,5777.8,138.09,839.8,5.45,98.99,0.1031,27.1,14.27,24.83,100.0,890.0,19.2,healthy,0.0
fault_cooling_degradation_2,478,1789812442.7531269,5768.8,138.27,841.14,5.39,99.19,0.101,27.07,14.26,25.21,100.0,895.0,19.2,healthy,0.0
fault_cooling_degradation_2,479,1789812443.7531269,5763.3,138.54,839.31,5.45,99.29,0.0976,27.07,14.19,25.07,100.0,900.0,19.1,healthy,0.0
fault_cooling_degradation_2,480,1789812444.7531269,5763.5,138.26,839.38,5.42,99.51,0.0954,27.11,14.2,24.94,100.0,905.0,19.1,healthy,0.0
fault_cooling_degradation_2,481,1789812445.7531269,5763.9,138.05,838.23,5.34,99.52,0.0933,26.94,14.26,24.75,100.0,910.0,19.1,healthy,0.0
fault_cooling_degradation_2,482,1789812446.7531269,5773.5,137.89,839.52,5.4,99.49,0.0961,26.82,14.31,24.84,100.0,915.0,19.1,healthy,0.0
fault_cooling_degradation_2,483,1789812447.7531269,5768.8,138.13,838.85,5.28,99.51,0.0966,26.96,14.26,25.1,100.0,920.0,19.0,healthy,0.0
fault_cooling_degradation_2,484,1789812448.7531269,5768.6,138.45,841.26,5.33,99.43,0.1009,27.08,14.22,24.84,100.0,925.0,19.0,healthy,0.0
fault_cooling_degradation_2,485,1789812449.7531269,5770.3,137.98,847.94,5.32,99.5,0.1071,27.18,14.17,24.62,100.0,930.0,19.0,healthy,0.0
fault_cooling_degradation_2,486,1789812450.7531269,5742.6,138.02,844.68,5.38,99.67,0.1027,27.16,14.14,24.68,100.0,935.0,18.9,healthy,0.0
fault_cooling_degradation_2,487,1789812451.7531269,5755.2,138.21,844.27,5.42,99.59,0.0995,27.08,14.13,24.75,100.0,940.0,18.9,healthy,0.0
fault_cooling_degradation_2,488,1789812452.7531269,5801.2,138.26,842.8,5.3,99.59,0.0935,27.09,14.09,24.94,100.0,945.0,18.9,healthy,0.0
fault_cooling_degradation_2,489,1789812453.7531269,5815.6,138.11,843.59,5.45,99.61,0.0956,27.14,14.13,25.08,100.0,950.0,18.8,healthy,0.0
fault_cooling_degradation_2,490,1789812454.7531269,5827.6,138.03,843.65,5.38,99.58,0.1022,27.16,14.1,24.84,100.0,955.0,18.8,healthy,0.0
fault_cooling_degradation_2,491,1789812455.7531269,5808.0,137.54,840.58,5.3,99.51,0.1048,27.14,14.11,24.78,100.0,960.0,18.8,healthy,0.0
fault_cooling_degradation_2,492,1789812456.7531269,5791.6,137.44,835.54,5.29,99.55,0.1006,27.22,14.19,24.8,100.0,965.0,18.7,healthy,0.0
fault_cooling_degradation_2,493,1789812457.7531269,5776.7,137.43,834.6,5.39,99.6,0.099,27.14,14.12,24.66,100.0,970.0,18.7,healthy,0.0
fault_cooling_degradation_2,494,1789812458.7531269,5786.0,137.57,837.03,5.42,99.64,0.1007,26.97,14.14,24.88,100.0,975.0,18.7,healthy,0.0
fault_cooling_degradation_2,495,1789812459.7531269,5779.7,137.29,839.0,5.44,99.74,0.1029,27.1,14.16,24.62,100.0,980.0,18.6,healthy,0.0
fault_cooling_degradation_2,496,1789812460.7531269,5776.1,137.01,839.15,5.36,99.8,0.1073,26.88,14.18,24.67,100.0,985.0,18.6,healthy,0.0
fault_cooling_degradation_2,497,1789812461.7531269,5749.7,137.05,840.22,5.36,99.77,0.0951,26.87,14.17,24.66,100.0,990.0,18.6,healthy,0.0
fault_cooling_degradation_2,498,1789812462.7531269,5749.0,137.37,840.17,5.29,99.85,0.0938,26.99,14.16,24.49,100.0,995.0,18.5,healthy,0.0
fault_cooling_degradation_2,499,1789812463.7531269,5728.7,137.78,840.94,5.32,99.87,0.098,26.99,14.17,24.94,100.0,1000.0,18.5,healthy,0.0
fault_cooling_degradation_2,500,1789812464.7531269,5734.7,137.88,838.76,5.27,99.86,0.0982,27.01,14.1,24.97,100.0,1005.0,18.5,healthy,0.0
fault_cooling_degradation_2,501,1789812465.7531269,5774.7,137.63,834.06,5.24,99.98,0.0981,26.96,14.14,24.84,100.0,1010.0,18.4,healthy,0.0
fault_cooling_degradation_2,502,1789812466.7531269,5783.1,137.71,834.46,5.14,100.08,0.1052,26.99,14.16,24.87,100.0,1015.0,18.4,healthy,0.0
fault_cooling_degradation_2,503,1789812467.7531269,5814.3,137.92,832.86,5.19,100.1,0.1099,26.96,14.09,24.82,100.0,1020.0,18.4,healthy,0.0
fault_cooling_degradation_2,504,1789812468.7531269,5824.3,137.75,831.41,5.32,100.16,0.1019,26.77,14.17,24.33,100.0,1025.0,18.3,healthy,0.0
fault_cooling_degradation_2,505,1789812469.7531269,5843.1,137.66,831.89,5.27,100.13,0.0959,26.98,14.08,24.96,100.0,1030.0,18.3,healthy,0.0
fault_cooling_degradation_2,506,1789812470.7531269,5832.0,137.34,833.59,5.34,100.26,0.0949,26.97,14.03,25.11,100.0,1035.0,18.3,healthy,0.0
fault_cooling_degradation_2,507,1789812471.7531269,5828.8,137.12,837.78,5.3,100.55,0.1009,26.99,14.06,25.27,100.0,1040.0,18.2,healthy,0.0
fault_cooling_degradation_2,508,1789812472.7531269,5811.5,137.15,834.58,5.29,100.5,0.0964,26.93,14.05,25.1,100.0,1045.0,18.2,healthy,0.0
fault_cooling_degradation_2,509,1789812473.7531269,5828.0,137.22,836.34,5.33,100.61,0.1068,27.02,14.05,25.23,100.0,1050.0,18.2,healthy,0.0
fault_cooling_degradation_2,510,1789812474.7531269,5830.3,137.73,832.5,5.28,100.63,0.1043,27.21,14.08,25.24,100.0,1055.0,18.1,healthy,0.0
fault_cooling_degradation_2,511,1789812475.7531269,5798.1,138.04,833.03,5.26,100.58,0.1008,27.11,14.07,25.3,100.0,1060.0,18.1,healthy,0.0
fault_cooling_degradation_2,512,1789812476.7531269,5801.3,137.93,831.63,5.28,100.67,0.1072,27.25,14.12,24.78,100.0,1065.0,18.1,healthy,0.0
fault_cooling_degradation_2,513,1789812477.7531269,5789.3,138.08,831.83,5.27,100.66,0.1098,27.22,14.22,24.76,100.0,1070.0,18.0,healthy,0.0
fault_cooling_degradation_2,514,1789812478.7531269,5775.3,138.34,835.65,5.32,100.89,0.1073,27.18,14.24,24.99,100.0,1075.0,18.0,healthy,0.0
fault_cooling_degradation_2,515,1789812479.7531269,5789.7,138.54,835.26,5.25,101.06,0.1035,27.01,14.17,24.94,100.0,1080.0,18.0,healthy,0.0
fault_cooling_degradation_2,516,1789812480.7531269,5796.3,138.85,833.5,5.2,101.13,0.1043,27.18,14.17,25.17,100.0,1085.0,17.9,healthy,0.0
fault_cooling_degradation_2,517,1789812481.7531269,5808.2,138.64,831.61,5.2,101.13,0.1086,27.16,14.11,25.33,100.0,1090.0,17.9,healthy,0.0
fault_cooling_degradation_2,518,1789812482.7531269,5809.3,138.37,833.48,5.18,101.32,0.1059,26.98,14.14,25.33,100.0,1095.0,17.9,healthy,0.0
fault_cooling_degradation_2,519,1789812483.7531269,5779.9,138.16,835.3,5.26,101.36,0.105,26.97,14.11,25.08,100.0,1100.0,17.9,healthy,0.0
fault_cooling_degradation_2,520,1789812484.7531269,5800.2,138.37,841.76,5.32,101.57,0.1102,26.99,14.04,24.81,100.0,1105.0,17.8,healthy,0.0
fault_cooling_degradation_2,521,1789812485.7531269,5791.2,138.54,837.73,5.19,101.81,0.0976,27.04,13.99,24.83,100.0,1110.0,17.8,healthy,0.0
fault_cooling_degradation_2,522,1789812486.7531269,5788.2,138.34,845.92,5.24,101.71,0.0999,26.93,14.05,24.83,100.0,1115.0,17.8,healthy,0.0
fault_cooling_degradation_2,523,1789812487.7531269,5782.1,138.44,844.18,5.24,101.67,0.0992,27.08,14.06,25.08,100.0,1120.0,17.7,healthy,0.0
fault_cooling_degradation_2,524,1789812488.7531269,5782.7,138.4,845.72,5.28,101.71,0.0967,27.07,14.01,24.92,100.0,1125.0,17.7,healthy,0.0
fault_cooling_degradation_2,525,1789812489.7531269,5767.0,138.29,846.34,5.31,101.81,0.1028,27.22,13.98,24.91,100.0,1130.0,17.7,healthy,0.0
fault_cooling_degradation_2,526,1789812490.7531269,5785.8,138.03,847.31,5.29,101.89,0.0965,27.13,13.93,25.19,100.0,1135.0,17.6,healthy,0.0
fault_cooling_degradation_2,527,1789812491.7531269,5809.0,137.79,848.74,5.33,101.94,0.0894,26.99,13.97,24.98,100.0,1140.0,17.6,healthy,0.0
fault_cooling_degradation_2,528,1789812492.7531269,5810.4,137.8,845.66,5.28,102.03,0.096,27.13,13.97,24.8,100.0,1145.0,17.6,healthy,0.0
fault_cooling_degradation_2,529,1789812493.7531269,5805.9,137.62,843.14,5.39,102.25,0.0898,27.0,13.96,24.57,100.0,1150.0,17.5,healthy,0.0
fault_cooling_degradation_2,530,1789812494.7531269,5801.8,137.82,839.53,5.42,102.31,0.0972,26.97,14.03,24.89,100.0,1155.0,17.5,healthy,0.0
fault_cooling_degradation_2,531,1789812495.7531269,5806.4,138.0,842.02,5.3,102.46,0.1022,27.0,14.07,24.77,100.0,1160.0,17.5,healthy,0.0
fault_cooling_degradation_2,532,1789812496.7531269,5823.4,137.76,840.6,5.29,102.46,0.0992,27.16,14.06,24.82,100.0,1165.0,17.4,healthy,0.0
fault_cooling_degradation_2,533,1789812497.7531269,5834.4,137.8,836.89,5.31,102.51,0.1041,27.08,14.11,25.28,100.0,1170.0,17.4,healthy,0.0
fault_cooling_degradation_2,534,1789812498.7531269,5798.0,137.9,837.98,5.26,102.59,0.1023,27.11,14.18,25.16,100.0,1175.0,17.4,healthy,0.0
fault_cooling_degradation_2,535,1789812499.7531269,5787.6,137.56,834.96,5.28,102.72,0.1068,27.16,14.15,25.29,100.0,1180.0,17.3,healthy,0.0
fault_cooling_degradation_2,536,1789812500.7531269,5783.5,137.66,836.99,5.25,102.83,0.0966,27.11,14.07,25.12,100.0,1185.0,17.3,healthy,0.0
fault_cooling_degradation_2,537,1789812501.7531269,5776.2,137.39,838.55,5.2,102.77,0.0962,27.0,14.11,24.83,100.0,1190.0,17.3,healthy,0.0
fault_cooling_degradation_2,538,1789812502.7531269,5793.4,137.09,838.5,5.18,102.69,0.1062,27.02,14.14,25.05,100.0,1195.0,17.2,healthy,0.0
fault_cooling_degradation_2,539,1789812503.7531269,5806.5,137.25,834.55,5.22,102.92,0.0996,27.1,14.16,25.13,100.0,1200.0,17.2,healthy,0.0
fault_cooling_degradation_2,540,1789812504.7531269,5806.3,137.16,830.89,5.24,103.09,0.1069,26.99,14.12,25.07,100.0,1205.0,17.2,healthy,0.0
fault_cooling_degradation_2,541,1789812505.7531269,5806.4,137.41,830.5,5.26,103.19,0.1049,26.99,14.2,25.2,100.0,1210.0,17.1,healthy,0.0
fault_cooling_degradation_2,542,1789812506.7531269,5812.3,137.47,828.2,5.29,103.3,0.1055,26.92,14.16,24.98,100.0,1215.0,17.1,healthy,0.0
fault_cooling_degradation_2,543,1789812507.7531269,5818.2,137.09,828.93,5.28,103.26,0.0991,27.23,14.24,24.99,100.0,1220.0,17.1,healthy,0.0
fault_cooling_degradation_2,544,1789812508.7531269,5838.5,136.69,833.8,5.21,103.27,0.0907,27.1,14.14,25.28,100.0,1225.0,17.0,healthy,0.0
fault_cooling_degradation_2,545,1789812509.7531269,5844.9,136.84,829.98,5.21,103.49,0.0947,26.93,14.09,25.28,100.0,1230.0,17.0,healthy,0.0
fault_cooling_degradation_2,546,1789812510.7531269,5828.9,136.47,834.25,5.22,103.53,0.0953,27.24,14.11,25.24,100.0,1235.0,17.0,healthy,0.0
fault_cooling_degradation_2,547,1789812511.7531269,5828.0,136.52,828.78,5.31,103.57,0.0961,27.14,14.17,25.32,100.0,1240.0,16.9,healthy,0.0
fault_cooling_degradation_2,548,1789812512.7531269,5827.0,136.28,827.19,5.25,103.5,0.1076,27.08,14.26,25.14,100.0,1245.0,16.9,healthy,0.0
fault_cooling_degradation_2,549,1789812513.7531269,5803.5,136.19,825.34,5.23,103.45,0.1059,26.98,14.24,25.32,100.0,1250.0,16.9,healthy,0.0
fault_cooling_degradation_2,550,1789812514.7531269,5799.4,136.2,828.85,5.23,103.36,0.0968,26.95,14.16,25.11,100.0,1255.0,16.8,healthy,0.0
fault_cooling_degradation_2,551,1789812515.7531269,5803.7,136.46,831.59,5.23,103.26,0.0972,26.97,14.15,24.99,100.0,1260.0,16.8,healthy,0.0
fault_cooling_degradation_2,552,1789812516.7531269,5810.8,136.31,834.71,5.21,103.32,0.0987,27.07,14.28,25.11,100.0,1265.0,16.8,healthy,0.0
fault_cooling_degradation_2,553,1789812517.7531269,5797.9,136.5,838.45,5.16,103.38,0.0974,27.18,14.24,25.1,100.0,1270.0,16.7,healthy,0.0
fault_cooling_degradation_2,554,1789812518.7531269,5807.7,136.64,835.51,5.22,103.37,0.1097,27.11,14.28,25.01,100.0,1275.0,16.7,healthy,0.0
fault_cooling_degradation_2,555,1789812519.7531269,5795.2,136.25,834.22,5.23,103.43,0.1018,27.13,14.24,25.1,100.0,1280.0,16.7,healthy,0.0
fault_cooling_degradation_2,556,1789812520.7531269,5809.4,136.65,834.85,5.15,103.56,0.0917,26.95,14.21,25.17,100.0,1285.0,16.6,healthy,0.0
fault_cooling_degradation_2,557,1789812521.7531269,5800.1,136.68,831.32,5.11,103.59,0.0985,27.15,14.2,25.46,100.0,1290.0,16.6,healthy,0.0
fault_cooling_degradation_2,558,1789812522.7531269,5808.9,136.39,831.82,5.05,103.54,0.0987,27.06,14.21,24.74,100.0,1295.0,16.6,healthy,0.0
fault_cooling_degradation_2,559,1789812523.7531269,5805.2,136.14,837.36,5.1,103.51,0.0983,27.06,14.08,25.1,100.0,1300.0,16.5,healthy,0.0
fault_cooling_degradation_2,560,1789812524.7531269,5791.7,136.51,835.61,5.16,103.46,0.0957,26.98,14.11,25.09,100.0,1305.0,16.5,healthy,0.0
fault_cooling_degradation_2,561,1789812525.7531269,5776.2,136.5,837.19,5.2,103.41,0.0946,26.93,14.18,25.23,100.0,1310.0,16.5,healthy,0.0
fault_cooling_degradation_2,562,1789812526.7531269,5781.9,136.46,831.31,5.15,103.41,0.1,26.92,14.19,25.09,100.0,1315.0,16.5,healthy,0.0
fault_cooling_degradation_2,563,1789812527.7531269,5755.1,136.02,833.69,5.17,103.34,0.1004,26.96,14.2,25.24,100.0,1320.0,16.4,healthy,0.0
fault_cooling_degradation_2,564,1789812528.7531269,5755.5,136.09,832.65,5.18,103.49,0.1,27.2,14.18,24.89,100.0,1325.0,16.4,healthy,0.0
fault_cooling_degradation_2,565,1789812529.7531269,5763.4,136.03,828.82,5.19,103.48,0.0949,27.06,14.15,25.11,100.0,1330.0,16.4,healthy,0.0
fault_cooling_degradation_2,566,1789812530.7531269,5762.4,136.18,832.03,5.24,103.52,0.1069,27.05,14.26,25.16,100.0,1335.0,16.3,healthy,0.0
fault_cooling_degradation_2,567,1789812531.7531269,5766.9,136.26,829.44,5.18,103.72,0.105,27.01,14.2,25.21,100.0,1340.0,16.3,healthy,0.0
fault_cooling_degradation_2,568,1789812532.7531269,5779.8,136.23,831.65,5.12,103.67,0.106,27.01,14.13,25.35,100.0,1345.0,16.3,healthy,0.0
fault_cooling_degradation_2,569,1789812533.7531269,5765.0,136.39,834.64,5.1,103.71,0.1022,27.05,14.04,25.08,100.0,1350.0,16.2,healthy,0.0
fault_cooling_degradation_2,570,1789812534.7531269,5769.5,136.64,836.0,5.11,103.93,0.0984,27.18,14.02,25.1,100.0,1355.0,16.2,healthy,0.0
fault_cooling_degradation_2,571,1789812535.7531269,5795.7,136.47,836.47,5.13,103.86,0.0919,27.24,14.06,25.24,100.0,1360.0,16.2,healthy,0.0
fault_cooling_degradation_2,572,1789812536.7531269,5798.1,136.43,838.55,5.21,103.87,0.096,27.32,14.08,24.96,100.0,1365.0,16.1,healthy,0.0
fault_cooling_degradation_2,573,1789812537.7531269,5805.6,136.73,836.71,5.17,103.87,0.1031,27.3,14.09,24.91,100.0,1370.0,16.1,healthy,0.0
fault_cooling_degradation_2,574,1789812538.7531269,5810.3,136.45,835.57,5.2,103.97,0.0955,27.14,14.11,24.93,100.0,1375.0,16.1,healthy,0.0
fault_cooling_degradation_2,575,1789812539.7531269,5796.6,136.43,834.1,5.26,104.13,0.0952,26.91,14.03,25.04,100.0,1380.0,16.0,healthy,0.0
fault_cooling_degradation_2,576,1789812540.7531269,5787.2,136.35,834.15,5.25,104.15,0.102,26.95,14.11,24.99,100.0,1385.0,16.0,healthy,0.0
fault_cooling_degradation_2,577,1789812541.7531269,5811.9,135.86,832.2,5.24,104.11,0.1036,26.84,14.08,24.84,100.0,1390.0,16.0,healthy,0.0
fault_cooling_degradation_2,578,1789812542.7531269,5810.1,135.83,830.01,5.2,104.16,0.0993,26.99,14.15,24.94,100.0,1395.0,15.9,healthy,0.0
fault_cooling_degradation_2,579,1789812543.7531269,5819.2,135.5,834.13,5.19,104.01,0.0957,26.84,14.19,24.86,100.0,1400.0,15.9,healthy,0.0
fault_cooling_degradation_2,580,1789812544.7531269,5821.9,135.66,833.36,5.18,104.12,0.092,26.78,14.15,24.85,100.0,1405.0,15.9,healthy,0.0
fault_cooling_degradation_2,581,1789812545.7531269,5819.8,135.74,829.4,5.25,104.16,0.0981,26.77,14.16,25.02,100.0,1410.0,15.8,healthy,0.0
fault_cooling_degradation_2,582,1789812546.7531269,5802.8,135.85,826.25,5.29,104.07,0.0999,27.0,14.16,24.92,100.0,1415.0,15.8,healthy,0.0
fault_cooling_degradation_2,583,1789812547.7531269,5797.5,135.45,831.85,5.28,104.1,0.0998,26.87,14.13,24.72,100.0,1420.0,15.8,healthy,0.0
fault_cooling_degradation_2,584,1789812548.7531269,5787.7,135.52,837.44,5.27,104.15,0.0964,26.88,14.03,24.71,100.0,1425.0,15.7,healthy,0.0
fault_cooling_degradation_2,585,1789812549.7531269,5769.4,135.72,833.48,5.23,104.15,0.0965,26.74,14.03,25.04,100.0,1430.0,15.7,healthy,0.0
fault_cooling_degradation_2,586,1789812550.7531269,5765.2,135.76,835.96,5.21,104.29,0.1063,26.83,14.07,25.05,100.0,1435.0,15.7,healthy,0.0
fault_cooling_degradation_2,587,1789812551.7531269,5782.7,135.53,832.32,5.2,104.34,0.0959,26.76,14.09,24.85,100.0,1440.0,15.6,healthy,0.0
fault_cooling_degradation_2,588,1789812552.7531269,5787.8,135.26,833.21,5.23,104.51,0.0973,26.86,14.08,24.98,100.0,1445.0,15.6,healthy,0.0
fault_cooling_degradation_2,589,1789812553.7531269,5780.7,135.16,838.16,5.22,104.68,0.0984,26.82,14.08,25.05,100.0,1450.0,15.6,healthy,0.0
fault_cooling_degradation_2,590,1789812554.7531269,5797.1,135.01,834.85,5.22,104.66,0.0989,26.92,14.04,24.96,100.0,1455.0,15.5,healthy,0.0
fault_cooling_degradation_2,591,1789812555.7531269,5782.8,135.15,833.2,5.26,104.61,0.1003,26.9,14.0,24.93,100.0,1460.0,15.5,healthy,0.0
fault_cooling_degradation_2,592,1789812556.7531269,5791.6,135.15,835.42,5.19,104.75,0.102,26.96,14.08,24.87,100.0,1465.0,15.5,healthy,0.0
fault_cooling_degradation_2,593,1789812557.7531269,5777.9,135.27,837.75,5.19,104.72,0.0971,27.08,14.11,25.25,100.0,1470.0,15.4,healthy,0.0
fault_cooling_degradation_2,594,1789812558.7531269,5774.5,135.19,832.89,5.15,104.71,0.0963,26.99,14.09,25.1,100.0,1475.0,15.4,healthy,0.0
fault_cooling_degradation_2,595,1789812559.7531269,5786.6,135.23,830.18,5.17,104.81,0.097,26.73,14.07,24.82,100.0,1480.0,15.4,healthy,0.0
fault_cooling_degradation_2,596,1789812560.7531269,5812.9,135.16,831.3,5.13,104.81,0.0951,26.76,14.09,24.82,100.0,1485.0,15.3,healthy,0.0
fault_cooling_degradation_2,597,1789812561.7531269,5810.8,135.38,831.13,5.2,104.86,0.1008,26.87,14.22,24.56,100.0,1490.0,15.3,healthy,0.0
fault_cooling_degradation_2,598,1789812562.7531269,5825.6,135.69,825.44,5.3,105.01,0.0844,26.88,14.23,24.84,100.0,1495.0,15.3,healthy,0.0
fault_cooling_degradation_2,599,1789812563.7531269,5821.4,135.83,823.01,5.29,105.06,0.0861,26.83,14.19,24.75,100.0,1500.0,15.2,healthy,0.0
fault_cooling_degradation_2,600,1789812564.7531269,5274.6,135.42,811.06,4.92,105.12,0.079,23.63,14.09,23.5,75.0,1500.0,15.2,healthy,0.0
fault_cooling_degradation_2,601,1789812565.7531269,4999.6,135.09,802.13,4.69,105.09,0.0776,22.01,14.05,22.62,75.0,1500.0,15.2,healthy,0.0
fault_cooling_degradation_2,602,1789812566.7531269,4856.1,134.84,789.83,4.55,105.17,0.0758,21.39,13.97,21.66,75.0,1500.0,15.2,healthy,0.0
fault_cooling_degradation_2,603,1789812567.7531269,4776.3,134.38,776.94,4.51,105.22,0.0731,21.0,14.0,21.5,75.0,1500.0,15.2,healthy,0.0
fault_cooling_degradation_2,604,1789812568.7531269,4753.6,133.7,764.0,4.42,105.04,0.0712,20.75,13.97,21.28,75.0,1500.0,15.2,healthy,0.0
fault_cooling_degradation_2,605,1789812569.7531269,4721.5,133.31,758.61,4.38,105.02,0.0792,20.66,13.99,21.51,75.0,1500.0,15.2,healthy,0.0
fault_cooling_degradation_2,606,1789812570.7531269,4698.6,133.42,751.88,4.41,104.89,0.0701,20.58,14.05,21.41,75.0,1500.0,15.2,healthy,0.0
fault_cooling_degradation_2,607,1789812571.7531269,4697.7,133.02,750.62,4.41,104.97,0.06,20.36,14.07,21.21,75.0,1500.0,15.2,healthy,0.0
fault_cooling_degradation_2,608,1789812572.7531269,4681.8,132.49,752.18,4.36,104.97,0.0725,20.42,14.02,20.91,75.0,1500.0,15.2,healthy,0.0
fault_cooling_degradation_2,609,1789812573.7531269,4663.9,132.75,749.83,4.37,105.06,0.0669,20.11,14.01,21.11,75.0,1500.0,15.2,healthy,0.0
fault_cooling_degradation_2,610,1789812574.7531269,4670.7,132.43,749.93,4.24,105.02,0.0686,20.37,14.01,21.12,75.0,1500.0,15.2,healthy,0.0
fault_cooling_degradation_2,611,1789812575.7531269,4678.1,131.85,748.13,4.25,105.04,0.0726,20.43,13.96,21.41,75.0,1500.0,15.2,healthy,0.0
fault_cooling_degradation_2,612,1789812576.7531269,4671.9,131.75,742.5,4.31,104.94,0.0755,20.21,13.96,21.22,75.0,1500.0,15.2,healthy,0.0
fault_cooling_degradation_2,613,1789812577.7531269,4662.2,131.47,741.34,4.39,104.91,0.0696,20.07,13.9,20.86,75.0,1500.0,15.2,healthy,0.0
fault_cooling_degradation_2,614,1789812578.7531269,4639.3,131.0,741.29,4.35,105.09,0.0602,20.05,13.89,21.11,75.0,1500.0,15.2,healthy,0.0
fault_cooling_degradation_2,615,1789812579.7531269,4642.9,130.88,743.59,4.27,104.94,0.0586,20.05,14.01,21.16,75.0,1500.0,15.2,healthy,0.0
fault_cooling_degradation_2,616,1789812580.7531269,4634.6,131.07,743.06,4.21,104.79,0.065,20.19,14.0,21.19,75.0,1500.0,15.2,healthy,0.0
fault_cooling_degradation_2,617,1789812581.7531269,4620.4,130.63,739.81,4.26,104.86,0.0724,20.26,14.0,21.35,75.0,1500.0,15.2,healthy,0.0
fault_cooling_degradation_2,618,1789812582.7531269,4631.0,130.51,742.8,4.26,104.84,0.0749,20.24,14.02,21.36,75.0,1500.0,15.2,healthy,0.0
fault_cooling_degradation_2,619,1789812583.7531269,4638.7,130.2,743.82,4.26,104.9,0.0682,20.28,14.05,21.22,75.0,1500.0,15.2,healthy,0.0
fault_cooling_degradation_2,620,1789812584.7531269,4613.1,130.19,741.17,4.17,104.88,0.0703,20.36,14.03,21.09,75.0,1500.0,15.2,healthy,0.0
fault_cooling_degradation_2,621,1789812585.7531269,4622.0,130.1,737.8,4.3,104.94,0.0718,20.34,14.11,20.88,75.0,1500.0,15.2,healthy,0.0
fault_cooling_degradation_2,622,1789812586.7531269,4648.6,130.03,739.94,4.26,104.96,0.0774,20.41,14.17,21.22,75.0,1500.0,15.2,healthy,0.0
fault_cooling_degradation_2,623,1789812587.7531269,4664.6,130.23,742.56,4.28,104.84,0.0725,20.36,14.23,21.38,75.0,1500.0,15.2,healthy,0.0
fault_cooling_degradation_2,624,1789812588.7531269,4655.8,129.98,743.0,4.26,104.77,0.0781,20.41,14.21,21.29,75.0,1500.0,15.2,healthy,0.0
fault_cooling_degradation_2,625,1789812589.7531269,4637.1,129.65,740.97,4.34,104.79,0.0684,20.32,14.22,21.12,75.0,1500.0,15.2,healthy,0.0
fault_cooling_degradation_2,626,1789812590.7531269,4635.0,129.52,741.32,4.3,104.8,0.0722,20.46,14.21,21.12,75.0,1500.0,15.2,healthy,0.0
fault_cooling_degradation_2,627,1789812591.7531269,4661.5,128.98,738.88,4.32,104.77,0.0764,20.43,14.15,21.15,75.0,1500.0,15.2,healthy,0.0
fault_cooling_degradation_2,628,1789812592.7531269,4681.2,128.83,735.66,4.38,104.78,0.0786,20.36,14.14,21.1,75.0,1500.0,15.2,healthy,0.0
fault_cooling_degradation_2,629,1789812593.7531269,4652.3,128.43,733.82,4.38,104.73,0.0772,20.15,14.15,21.16,75.0,1500.0,15.2,healthy,0.0
fault_cooling_degradation_2,630,1789812594.7531269,4635.6,128.2,735.23,4.37,104.67,0.074,20.12,14.17,21.23,75.0,1500.0,15.2,healthy,0.0
fault_cooling_degradation_2,631,1789812595.7531269,4684.2,128.45,742.08,4.29,104.57,0.079,20.11,14.16,21.09,75.0,1500.0,15.2,healthy,0.0
fault_cooling_degradation_2,632,1789812596.7531269,4683.2,128.38,739.2,4.29,104.67,0.0723,20.19,14.18,20.75,75.0,1500.0,15.2,healthy,0.0
fault_cooling_degradation_2,633,1789812597.7531269,4679.1,128.0,739.83,4.31,104.55,0.0696,20.25,14.2,20.83,75.0,1500.0,15.2,healthy,0.0
fault_cooling_degradation_2,634,1789812598.7531269,4680.0,127.98,736.94,4.28,104.49,0.0791,20.32,14.31,20.8,75.0,1500.0,15.2,healthy,0.0
fault_cooling_degradation_2,635,1789812599.7531269,4667.9,127.98,730.72,4.39,104.41,0.0769,20.36,14.37,21.07,75.0,1500.0,15.2,healthy,0.0
fault_cooling_degradation_2,636,1789812600.7531269,4674.0,128.2,733.38,4.41,104.39,0.0718,20.31,14.39,20.79,75.0,1500.0,15.2,healthy,0.0
fault_cooling_degradation_2,637,1789812601.7531269,4708.7,128.41,735.5,4.44,104.5,0.0726,20.36,14.37,21.03,75.0,1500.0,15.2,healthy,0.0
fault_cooling_degradation_2,638,1789812602.7531269,4723.5,128.05,736.33,4.41,104.44,0.066,20.32,14.29,20.97,75.0,1500.0,15.2,healthy,0.0
fault_cooling_degradation_2,639,1789812603.7531269,4720.8,128.14,731.05,4.46,104.42,0.0672,20.54,14.22,21.14,75.0,1500.0,15.2,healthy,0.0
fault_cooling_degradation_2,640,1789812604.7531269,4708.1,128.08,737.79,4.41,104.37,0.075,20.66,14.25,21.34,75.0,1500.0,15.2,healthy,0.0
fault_cooling_degradation_2,641,1789812605.7531269,4683.4,127.98,738.07,4.4,104.53,0.0766,20.6,14.14,21.19,75.0,1500.0,15.2,healthy,0.0
fault_cooling_degradation_2,642,1789812606.7531269,4695.6,127.55,740.54,4.34,104.58,0.0792,20.4,14.17,21.52,75.0,1500.0,15.2,healthy,0.0
fault_cooling_degradation_2,643,1789812607.7531269,4722.8,127.47,740.69,4.36,104.63,0.0667,20.54,14.15,21.6,75.0,1500.0,15.2,healthy,0.0
fault_cooling_degradation_2,644,1789812608.7531269,4717.9,127.33,743.96,4.53,104.56,0.0748,20.37,14.2,21.71,75.0,1500.0,15.2,healthy,0.0
fault_cooling_degradation_2,645,1789812609.7531269,4707.9,127.46,743.89,4.58,104.53,0.0747,20.35,14.21,21.09,75.0,1500.0,15.2,healthy,0.0
fault_cooling_degradation_2,646,1789812610.7531269,4684.2,127.41,742.78,4.5,104.38,0.0742,20.44,14.24,21.34,75.0,1500.0,15.2,healthy,0.0
fault_cooling_degradation_2,647,1789812611.7531269,4687.5,127.2,738.94,4.55,104.53,0.0715,20.69,14.23,21.26,75.0,1500.0,15.2,healthy,0.0
fault_cooling_degradation_2,648,1789812612.7531269,4687.5,127.1,738.65,4.44,104.62,0.0742,20.47,14.23,21.21,75.0,1500.0,15.2,healthy,0.0
fault_cooling_degradation_2,649,1789812613.7531269,4669.1,127.07,741.24,4.43,104.67,0.0682,20.32,14.2,21.19,75.0,1500.0,15.2,healthy,0.0
fault_cooling_degradation_2,650,1789812614.7531269,4668.0,127.06,742.77,4.35,104.67,0.0666,20.26,14.35,21.43,75.0,1500.0,15.2,healthy,0.0
fault_cooling_degradation_2,651,1789812615.7531269,4683.7,127.03,747.23,4.4,104.68,0.0712,20.2,14.3,21.54,75.0,1500.0,15.2,healthy,0.0
fault_cooling_degradation_2,652,1789812616.7531269,4689.5,127.41,753.6,4.4,104.55,0.0725,20.11,14.31,21.59,75.0,1500.0,15.2,healthy,0.0
fault_cooling_degradation_2,653,1789812617.7531269,4680.0,127.42,749.82,4.37,104.53,0.0814,20.13,14.3,21.55,75.0,1500.0,15.2,healthy,0.0
fault_cooling_degradation_2,654,1789812618.7531269,4659.9,127.42,754.63,4.32,104.5,0.0778,20.34,14.33,21.8,75.0,1500.0,15.2,healthy,0.0
fault_cooling_degradation_2,655,1789812619.7531269,4646.4,127.32,751.43,4.34,104.42,0.0827,20.22,14.31,21.08,75.0,1500.0,15.2,healthy,0.0
fault_cooling_degradation_2,656,1789812620.7531269,4670.1,126.98,747.79,4.39,104.44,0.0761,20.13,14.22,20.99,75.0,1500.0,15.2,healthy,0.0
fault_cooling_degradation_2,657,1789812621.7531269,4697.9,127.29,744.39,4.47,104.36,0.071,19.96,14.23,21.26,75.0,1500.0,15.2,healthy,0.0
fault_cooling_degradation_2,658,1789812622.7531269,4707.1,127.59,745.19,4.45,104.48,0.0708,19.89,14.25,20.88,75.0,1500.0,15.2,healthy,0.0
fault_cooling_degradation_2,659,1789812623.7531269,4693.7,127.51,744.72,4.33,104.34,0.086,19.71,14.22,21.22,75.0,1500.0,15.2,healthy,0.0
fault_cooling_degradation_2,660,1789812624.7531269,4679.4,127.6,742.54,4.29,104.37,0.0814,19.8,14.18,21.09,75.0,1500.0,15.2,healthy,0.0
fault_cooling_degradation_2,661,1789812625.7531269,4673.7,127.36,740.87,4.26,104.28,0.0824,19.84,14.17,21.55,75.0,1500.0,15.2,healthy,0.0
fault_cooling_degradation_2,662,1789812626.7531269,4672.1,126.96,740.78,4.33,104.28,0.0833,20.11,14.2,21.58,75.0,1500.0,15.2,healthy,0.0
fault_cooling_degradation_2,663,1789812627.7531269,4680.9,126.82,740.69,4.32,104.38,0.0855,20.24,14.19,21.2,75.0,1500.0,15.2,healthy,0.0
fault_cooling_degradation_2,664,1789812628.7531269,4706.3,127.07,737.12,4.29,104.59,0.0756,20.29,14.17,20.87,75.0,1500.0,15.2,healthy,0.0
fault_cooling_degradation_2,665,1789812629.7531269,4708.2,126.89,738.24,4.37,104.63,0.0669,20.21,14.17,21.05,75.0,1500.0,15.2,healthy,0.0
fault_cooling_degradation_2,666,1789812630.7531269,4697.7,126.8,742.79,4.34,104.78,0.0729,20.24,14.15,20.93,75.0,1500.0,15.2,healthy,0.0
fault_cooling_degradation_2,667,1789812631.7531269,4686.6,126.94,740.36,4.33,104.71,0.0643,20.28,14.2,21.09,75.0,1500.0,15.2,healthy,0.0
fault_cooling_degradation_2,668,1789812632.7531269,4704.1,126.97,738.45,4.35,104.69,0.07,20.09,14.19,20.98,75.0,1500.0,15.2,healthy,0.0
fault_cooling_degradation_2,669,1789812633.7531269,4704.4,126.86,739.11,4.4,104.58,0.0737,20.21,14.14,20.94,75.0,1500.0,15.2,healthy,0.0
fault_cooling_degradation_2,670,1789812634.7531269,4717.8,127.39,742.24,4.35,104.52,0.0697,20.18,14.05,20.78,75.0,1500.0,15.2,healthy,0.0
fault_cooling_degradation_2,671,1789812635.7531269,4710.9,127.09,743.59,4.28,104.56,0.0646,20.11,14.02,21.17,75.0,1500.0,15.2,healthy,0.0
fault_cooling_degradation_2,672,1789812636.7531269,4697.4,127.24,741.76,4.25,104.52,0.0548,20.17,14.01,21.39,75.0,1500.0,15.2,healthy,0.0
fault_cooling_degradation_2,673,1789812637.7531269,4675.5,127.12,742.1,4.28,104.47,0.0537,20.17,14.02,21.68,75.0,1500.0,15.2,healthy,0.0
fault_cooling_degradation_2,674,1789812638.7531269,4688.4,127.15,745.72,4.22,104.37,0.0644,19.92,14.07,21.31,75.0,1500.0,15.2,healthy,0.0
fault_cooling_degradation_2,675,1789812639.7531269,4683.1,126.93,745.28,4.27,104.24,0.0684,19.9,14.11,20.98,75.0,1500.0,15.2,healthy,0.0
fault_cooling_degradation_2,676,1789812640.7531269,4688.9,127.2,747.25,4.2,104.35,0.07,19.97,14.14,21.21,75.0,1500.0,15.2,healthy,0.0
fault_cooling_degradation_2,677,1789812641.7531269,4689.7,127.43,750.23,4.24,104.29,0.0722,19.89,14.04,21.36,75.0,1500.0,15.2,healthy,0.0
fault_cooling_degradation_2,678,1789812642.7531269,4719.3,127.51,745.5,4.23,104.24,0.0764,19.87,14.04,21.01,75.0,1500.0,15.2,healthy,0.0
fault_cooling_degradation_2,679,1789812643.7531269,4720.2,127.22,745.0,4.28,104.2,0.071,20.02,14.04,20.92,75.0,1500.0,15.2,healthy,0.0
fault_cooling_degradation_2,680,1789812644.7531269,4727.2,127.18,738.4,4.36,104.22,0.0764,19.96,14.12,20.93,75.0,1500.0,15.2,healthy,0.0
fault_cooling_degradation_2,681,1789812645.7531269,4712.6,127.33,734.79,4.44,104.26,0.0695,19.86,14.2,20.93,75.0,1500.0,15.2,healthy,0.0
fault_cooling_degradation_2,682,1789812646.7531269,4716.0,127.36,735.27,4.38,104.21,0.0681,19.85,14.21,21.22,75.0,1500.0,15.2,healthy,0.0
fault_cooling_degradation_2,683,1789812647.7531269,4709.0,127.27,740.99,4.39,104.1,0.0643,20.07,14.25,21.27,75.0,1500.0,15.2,healthy,0.0
fault_cooling_degradation_2,684,1789812648.7531269,4700.9,126.99,737.56,4.34,104.05,0.0719,20.02,14.17,21.31,75.0,1500.0,15.2,healthy,0.0
fault_cooling_degradation_2,685,1789812649.7531269,4702.9,126.97,737.84,4.32,103.99,0.0701,20.02,14.19,20.97,75.0,1500.0,15.2,healthy,0.0
fault_cooling_degradation_2,686,1789812650.7531269,4697.1,126.95,738.59,4.3,103.89,0.0734,20.02,14.22,20.83,75.0,1500.0,15.2,healthy,0.0
fault_cooling_degradation_2,687,1789812651.7531269,4734.6,126.82,742.8,4.34,103.99,0.0696,20.12,14.18,21.03,75.0,1500.0,15.2,healthy,0.0
fault_cooling_degradation_2,688,1789812652.7531269,4720.5,126.57,740.72,4.39,103.97,0.0642,19.99,14.16,21.25,75.0,1500.0,15.2,healthy,0.0
fault_cooling_degradation_2,689,1789812653.7531269,4714.0,126.53,746.66,4.36,104.03,0.0687,20.23,14.21,20.98,75.0,1500.0,15.2,healthy,0.0
fault_cooling_degradation_2,690,1789812654.7531269,4695.0,126.48,746.02,4.39,103.99,0.0696,20.17,14.11,20.81,75.0,1500.0,15.2,healthy,0.0
fault_cooling_degradation_2,691,1789812655.7531269,4689.9,126.6,744.65,4.29,103.98,0.0721,20.13,14.09,21.14,75.0,1500.0,15.2,healthy,0.0
fault_cooling_degradation_2,692,1789812656.7531269,4685.6,126.4,746.83,4.27,103.9,0.0813,20.18,14.15,20.9,75.0,1500.0,15.2,healthy,0.0
fault_cooling_degradation_2,693,1789812657.7531269,4687.3,126.57,748.02,4.26,103.98,0.0729,20.17,14.2,21.15,75.0,1500.0,15.2,healthy,0.0
fault_cooling_degradation_2,694,1789812658.7531269,4689.2,126.12,746.45,4.32,104.21,0.078,20.13,14.29,21.43,75.0,1500.0,15.2,healthy,0.0
fault_cooling_degradation_2,695,1789812659.7531269,4686.3,126.28,743.79,4.33,104.27,0.0708,20.35,14.29,21.03,75.0,1500.0,15.2,healthy,0.0
fault_cooling_degradation_2,696,1789812660.7531269,4692.9,126.34,741.18,4.26,103.96,0.0788,20.4,14.34,21.23,75.0,1500.0,15.2,healthy,0.0
fault_cooling_degradation_2,697,1789812661.7531269,4674.2,126.4,737.75,4.33,103.85,0.0687,20.29,14.37,20.99,75.0,1500.0,15.2,healthy,0.0
fault_cooling_degradation_2,698,1789812662.7531269,4668.2,126.58,737.67,4.23,103.88,0.0765,20.27,14.3,21.08,75.0,1500.0,15.2,healthy,0.0
fault_cooling_degradation_2,699,1789812663.7531269,4699.7,126.55,737.24,4.27,103.87,0.0704,20.27,14.18,20.92,75.0,1500.0,15.2,healthy,0.0
fault_cooling_degradation_2,700,1789812664.7531269,4707.4,126.55,737.45,4.34,104.03,0.0785,20.41,14.21,20.74,75.0,1500.0,15.2,healthy,0.0
fault_cooling_degradation_2,701,1789812665.7531269,4706.6,126.77,734.09,4.36,104.07,0.0769,20.32,14.29,21.16,75.0,1500.0,15.2,healthy,0.0
fault_cooling_degradation_2,702,1789812666.7531269,4706.9,126.72,738.5,4.37,104.21,0.0727,20.37,14.28,21.1,75.0,1500.0,15.2,healthy,0.0
fault_cooling_degradation_2,703,1789812667.7531269,4685.7,126.95,736.61,4.37,104.25,0.0739,20.34,14.22,20.93,75.0,1500.0,15.2,healthy,0.0
fault_cooling_degradation_2,704,1789812668.7531269,4678.7,126.96,733.56,4.33,104.36,0.0768,20.37,14.16,21.0,75.0,1500.0,15.2,healthy,0.0
fault_cooling_degradation_2,705,1789812669.7531269,4669.7,126.74,740.06,4.4,104.56,0.07,20.35,14.18,21.39,75.0,1500.0,15.2,healthy,0.0
fault_cooling_degradation_2,706,1789812670.7531269,4671.7,126.9,742.56,4.44,104.73,0.0789,20.4,14.15,21.29,75.0,1500.0,15.2,healthy,0.0
fault_cooling_degradation_2,707,1789812671.7531269,4664.8,127.11,747.01,4.44,104.72,0.0885,20.25,14.17,21.16,75.0,1500.0,15.2,healthy,0.0
fault_cooling_degradation_2,708,1789812672.7531269,4664.6,127.05,747.26,4.44,104.85,0.0851,20.11,14.19,21.23,75.0,1500.0,15.2,healthy,0.0
fault_cooling_degradation_2,709,1789812673.7531269,4684.6,127.1,746.83,4.4,104.91,0.0849,20.2,14.22,21.25,75.0,1500.0,15.2,healthy,0.0
fault_cooling_degradation_2,710,1789812674.7531269,4680.5,127.32,747.88,4.36,104.81,0.0746,20.08,14.31,21.21,75.0,1500.0,15.2,healthy,0.0
fault_cooling_degradation_2,711,1789812675.7531269,4679.4,127.23,745.56,4.29,104.93,0.0695,20.22,14.28,20.99,75.0,1500.0,15.2,healthy,0.0
fault_cooling_degradation_2,712,1789812676.7531269,4679.4,126.93,743.12,4.33,104.87,0.0666,20.21,14.3,21.37,75.0,1500.0,15.2,healthy,0.0
fault_cooling_degradation_2,713,1789812677.7531269,4686.5,126.86,740.56,4.35,104.88,0.0694,20.09,14.18,21.2,75.0,1500.0,15.2,healthy,0.0
fault_cooling_degradation_2,714,1789812678.7531269,4705.2,126.91,745.06,4.51,104.92,0.0686,19.98,14.2,21.03,75.0,1500.0,15.2,healthy,0.0
fault_cooling_degradation_2,715,1789812679.7531269,4693.5,126.82,742.83,4.45,104.92,0.0702,19.95,14.15,21.14,75.0,1500.0,15.2,healthy,0.0
fault_cooling_degradation_2,716,1789812680.7531269,4710.8,126.98,739.53,4.37,104.97,0.0765,20.12,14.2,21.15,75.0,1500.0,15.2,healthy,0.0
fault_cooling_degradation_2,717,1789812681.7531269,4706.6,127.12,731.8,4.36,104.94,0.0769,20.04,14.2,21.04,75.0,1500.0,15.2,healthy,0.0
fault_cooling_degradation_2,718,1789812682.7531269,4708.1,126.94,732.19,4.33,105.0,0.0733,20.16,14.22,21.04,75.0,1500.0,15.2,healthy,0.0
fault_cooling_degradation_2,719,1789812683.7531269,4691.1,127.08,730.03,4.4,105.13,0.065,20.13,14.13,21.08,75.0,1500.0,15.2,healthy,0.0
fault_cooling_degradation_2,720,1789812684.7531269,4686.2,127.06,733.46,4.36,104.99,0.075,20.08,14.12,20.84,75.0,1500.0,15.2,healthy,0.0
fault_cooling_degradation_2,721,1789812685.7531269,4685.4,126.99,737.7,4.39,105.03,0.0676,20.06,14.14,21.22,75.0,1500.0,15.2,healthy,0.0
fault_cooling_degradation_2,722,1789812686.7531269,4677.9,126.95,735.06,4.39,105.07,0.0699,20.1,14.2,20.87,75.0,1500.0,15.2,healthy,0.0
fault_cooling_degradation_2,723,1789812687.7531269,4684.8,126.85,737.72,4.28,105.13,0.0678,20.19,14.18,21.13,75.0,1500.0,15.2,healthy,0.0
fault_cooling_degradation_2,724,1789812688.7531269,4685.1,126.65,735.73,4.33,105.06,0.0734,20.2,14.2,21.23,75.0,1500.0,15.2,healthy,0.0
fault_cooling_degradation_2,725,1789812689.7531269,4682.0,126.76,739.22,4.31,104.95,0.0822,20.18,14.23,21.18,75.0,1500.0,15.2,healthy,0.0
fault_cooling_degradation_2,726,1789812690.7531269,4691.4,126.73,741.64,4.36,105.0,0.084,20.25,14.22,21.33,75.0,1500.0,15.2,healthy,0.0
fault_cooling_degradation_2,727,1789812691.7531269,4703.2,126.76,742.05,4.38,104.77,0.0883,20.33,14.16,21.5,75.0,1500.0,15.2,healthy,0.0
fault_cooling_degradation_2,728,1789812692.7531269,4707.1,126.9,745.79,4.31,104.57,0.073,20.33,14.15,21.17,75.0,1500.0,15.2,healthy,0.0
fault_cooling_degradation_2,729,1789812693.7531269,4716.0,126.73,746.8,4.27,104.68,0.0759,20.34,14.11,21.52,75.0,1500.0,15.2,healthy,0.0
fault_cooling_degradation_2,730,1789812694.7531269,4696.5,126.81,745.92,4.26,104.58,0.0684,20.2,14.07,21.36,75.0,1500.0,15.2,healthy,0.0
fault_cooling_degradation_2,731,1789812695.7531269,4704.3,126.85,744.16,4.32,104.48,0.0686,20.04,14.1,21.61,75.0,1500.0,15.2,healthy,0.0
fault_cooling_degradation_2,732,1789812696.7531269,4714.7,126.85,741.55,4.39,104.4,0.0695,20.02,14.2,21.41,75.0,1500.0,15.2,healthy,0.0
fault_cooling_degradation_2,733,1789812697.7531269,4733.0,127.02,734.94,4.46,104.38,0.0575,20.05,14.23,21.25,75.0,1500.0,15.2,healthy,0.0
fault_cooling_degradation_2,734,1789812698.7531269,4750.0,127.03,735.32,4.39,104.37,0.0686,20.04,14.27,21.64,75.0,1500.0,15.2,healthy,0.0
fault_cooling_degradation_2,735,1789812699.7531269,4739.1,127.19,734.74,4.31,104.23,0.068,20.03,14.36,21.43,75.0,1500.0,15.2,healthy,0.0
fault_cooling_degradation_2,736,1789812700.7531269,4729.7,127.13,734.83,4.31,104.22,0.0667,20.03,14.41,21.48,75.0,1500.0,15.2,healthy,0.0
fault_cooling_degradation_2,737,1789812701.7531269,4697.8,126.82,735.39,4.34,104.3,0.0655,20.15,14.37,21.2,75.0,1500.0,15.2,healthy,0.0
fault_cooling_degradation_2,738,1789812702.7531269,4693.3,126.78,742.04,4.42,104.27,0.0702,20.28,14.26,21.26,75.0,1500.0,15.2,healthy,0.0
fault_cooling_degradation_2,739,1789812703.7531269,4685.7,126.75,738.61,4.42,104.15,0.0687,20.39,14.38,21.3,75.0,1500.0,15.2,healthy,0.0
fault_cooling_degradation_2,740,1789812704.7531269,4699.6,126.82,741.07,4.34,104.22,0.0779,20.47,14.37,21.4,75.0,1500.0,15.2,healthy,0.0
fault_cooling_degradation_2,741,1789812705.7531269,4698.1,126.86,746.89,4.36,104.47,0.081,20.3,14.3,21.2,75.0,1500.0,15.2,healthy,0.0
fault_cooling_degradation_2,742,1789812706.7531269,4698.3,126.66,746.62,4.33,104.51,0.073,20.31,14.28,21.03,75.0,1500.0,15.2,healthy,0.0
fault_cooling_degradation_2,743,1789812707.7531269,4698.0,126.89,749.62,4.38,104.39,0.0748,20.34,14.29,21.32,75.0,1500.0,15.2,healthy,0.0
fault_cooling_degradation_2,744,1789812708.7531269,4700.7,127.04,748.58,4.5,104.42,0.0726,20.36,14.43,21.28,75.0,1500.0,15.2,healthy,0.0
fault_cooling_degradation_2,745,1789812709.7531269,4714.5,126.62,744.07,4.35,104.55,0.0736,20.28,14.41,21.4,75.0,1500.0,15.2,healthy,0.0
fault_cooling_degradation_2,746,1789812710.7531269,4685.9,126.82,742.05,4.28,104.54,0.0695,20.37,14.41,21.11,75.0,1500.0,15.2,healthy,0.0
fault_cooling_degradation_2,747,1789812711.7531269,4686.2,126.66,738.66,4.31,104.54,0.0737,20.41,14.35,21.31,75.0,1500.0,15.2,healthy,0.0
fault_cooling_degradation_2,748,1789812712.7531269,4709.6,126.93,735.08,4.3,104.73,0.0832,20.35,14.27,21.22,75.0,1500.0,15.2,healthy,0.0
fault_cooling_degradation_2,749,1789812713.7531269,4715.5,126.74,738.49,4.34,104.55,0.0735,20.37,14.18,21.31,75.0,1500.0,15.2,healthy,0.0
fault_cooling_degradation_2,750,1789812714.7531269,4714.6,126.73,738.05,4.26,104.55,0.0672,20.32,14.13,21.23,75.0,1500.0,15.2,healthy,0.0
fault_cooling_degradation_2,751,1789812715.7531269,4725.3,126.75,732.33,4.31,104.7,0.0709,20.1,14.14,21.28,75.0,1500.0,15.2,healthy,0.0
fault_cooling_degradation_2,752,1789812716.7531269,4715.1,126.57,737.89,4.28,104.61,0.0707,20.06,14.11,21.07,75.0,1500.0,15.2,healthy,0.0
fault_cooling_degradation_2,753,1789812717.7531269,4708.0,126.78,737.74,4.38,104.63,0.0716,19.94,14.06,21.04,75.0,1500.0,15.2,healthy,0.0
fault_cooling_degradation_2,754,1789812718.7531269,4716.8,126.34,733.92,4.43,104.53,0.0688,19.86,14.11,20.75,75.0,1500.0,15.2,healthy,0.0
fault_cooling_degradation_2,755,1789812719.7531269,4701.1,126.39,731.34,4.39,104.63,0.0654,20.07,14.09,20.71,75.0,1500.0,15.2,healthy,0.0
fault_cooling_degradation_2,756,1789812720.7531269,4723.6,126.57,733.22,4.37,104.75,0.0728,20.04,14.02,20.82,75.0,1500.0,15.2,healthy,0.0
fault_cooling_degradation_2,757,1789812721.7531269,4748.4,126.46,732.9,4.28,104.72,0.0667,20.09,14.04,21.26,75.0,1500.0,15.2,healthy,0.0
fault_cooling_degradation_2,758,1789812722.7531269,4728.4,126.41,731.81,4.33,104.73,0.0629,20.22,14.08,21.43,75.0,1500.0,15.2,healthy,0.0
fault_cooling_degradation_2,759,1789812723.7531269,4744.3,126.34,733.65,4.33,104.7,0.0702,20.16,14.09,21.43,75.0,1500.0,15.2,healthy,0.0
fault_cooling_degradation_2,760,1789812724.7531269,4744.0,126.1,731.9,4.31,104.64,0.0691,20.15,14.04,21.11,75.0,1500.0,15.2,healthy,0.0
fault_cooling_degradation_2,761,1789812725.7531269,4727.0,126.06,731.41,4.3,104.59,0.0697,20.14,14.13,21.36,75.0,1500.0,15.2,healthy,0.0
fault_cooling_degradation_2,762,1789812726.7531269,4706.0,126.11,737.03,4.4,104.58,0.071,20.13,14.21,21.65,75.0,1500.0,15.2,healthy,0.0
fault_cooling_degradation_2,763,1789812727.7531269,4691.6,126.06,739.6,4.42,104.57,0.0652,20.2,14.25,21.45,75.0,1500.0,15.2,healthy,0.0
fault_cooling_degradation_2,764,1789812728.7531269,4679.2,125.91,739.13,4.39,104.47,0.0665,20.14,14.21,21.4,75.0,1500.0,15.2,healthy,0.0
fault_cooling_degradation_2,765,1789812729.7531269,4682.4,125.82,735.25,4.26,104.44,0.0765,20.16,14.21,21.03,75.0,1500.0,15.2,healthy,0.0
fault_cooling_degradation_2,766,1789812730.7531269,4690.4,126.25,732.55,4.26,104.42,0.0731,20.3,14.23,21.07,75.0,1500.0,15.2,healthy,0.0
fault_cooling_degradation_2,767,1789812731.7531269,4713.5,126.04,731.19,4.35,104.4,0.0679,20.13,14.19,21.26,75.0,1500.0,15.2,healthy,0.0
fault_cooling_degradation_2,768,1789812732.7531269,4727.7,126.22,729.78,4.42,104.44,0.0786,20.08,14.27,21.37,75.0,1500.0,15.2,healthy,0.0
fault_cooling_degradation_2,769,1789812733.7531269,4705.6,126.37,735.72,4.42,104.41,0.0762,20.07,14.3,21.2,75.0,1500.0,15.2,healthy,0.0
fault_cooling_degradation_2,770,1789812734.7531269,4698.9,126.27,735.17,4.37,104.49,0.0794,20.02,14.31,21.03,75.0,1500.0,15.2,healthy,0.0
fault_cooling_degradation_2,771,1789812735.7531269,4704.4,126.49,735.31,4.32,104.44,0.0731,20.15,14.29,21.56,75.0,1500.0,15.2,healthy,0.0
fault_cooling_degradation_2,772,1789812736.7531269,4691.2,126.29,737.63,4.29,104.35,0.0682,20.32,14.25,21.63,75.0,1500.0,15.2,healthy,0.0
fault_cooling_degradation_2,773,1789812737.7531269,4710.0,126.02,735.6,4.24,104.43,0.0741,20.45,14.21,21.28,75.0,1500.0,15.2,healthy,0.0
fault_cooling_degradation_2,774,1789812738.7531269,4710.6,126.14,742.24,4.23,104.17,0.0729,20.47,14.17,21.04,75.0,1500.0,15.2,healthy,0.0
fault_cooling_degradation_2,775,1789812739.7531269,4716.7,125.98,738.27,4.32,104.17,0.0718,20.38,14.2,21.32,75.0,1500.0,15.2,healthy,0.0
fault_cooling_degradation_2,776,1789812740.7531269,4740.1,126.22,738.46,4.3,104.25,0.0686,20.46,14.21,21.37,75.0,1500.0,15.2,healthy,0.0
fault_cooling_degradation_2,777,1789812741.7531269,4716.4,126.12,738.3,4.32,104.2,0.0706,20.37,14.22,21.26,75.0,1500.0,15.2,healthy,0.0
fault_cooling_degradation_2,778,1789812742.7531269,4713.1,126.09,741.72,4.3,104.19,0.0694,20.47,14.25,21.19,75.0,1500.0,15.2,healthy,0.0
fault_cooling_degradation_2,779,1789812743.7531269,4701.9,126.34,734.92,4.34,104.06,0.0726,20.43,14.23,21.09,75.0,1500.0,15.2,healthy,0.0
fault_cooling_degradation_2,780,1789812744.7531269,4726.3,126.32,735.41,4.35,104.09,0.0741,20.52,14.31,21.18,75.0,1500.0,15.2,healthy,0.0
fault_cooling_degradation_2,781,1789812745.7531269,4761.3,126.3,735.47,4.41,104.15,0.0783,20.52,14.35,21.62,75.0,1500.0,15.2,healthy,0.0
fault_cooling_degradation_2,782,1789812746.7531269,4759.0,126.47,734.92,4.34,104.06,0.0771,20.38,14.21,21.43,75.0,1500.0,15.2,healthy,0.0
fault_cooling_degradation_2,783,1789812747.7531269,4749.7,126.6,736.93,4.39,104.07,0.077,20.43,14.23,21.47,75.0,1500.0,15.2,healthy,0.0
fault_cooling_degradation_2,784,1789812748.7531269,4738.9,126.52,735.84,4.4,104.09,0.073,20.34,14.23,21.32,75.0,1500.0,15.2,healthy,0.0
fault_cooling_degradation_2,785,1789812749.7531269,4721.2,126.15,736.6,4.34,104.06,0.0796,20.28,14.25,21.23,75.0,1500.0,15.2,healthy,0.0
fault_cooling_degradation_2,786,1789812750.7531269,4725.3,126.07,734.89,4.3,104.03,0.0795,20.42,14.22,21.31,75.0,1500.0,15.2,healthy,0.0
fault_cooling_degradation_2,787,1789812751.7531269,4763.6,126.12,738.57,4.31,104.04,0.0771,20.58,14.26,21.08,75.0,1500.0,15.2,healthy,0.0
fault_cooling_degradation_2,788,1789812752.7531269,4732.6,126.19,739.66,4.26,104.15,0.0798,20.43,14.27,21.62,75.0,1500.0,15.2,healthy,0.0
fault_cooling_degradation_2,789,1789812753.7531269,4737.7,125.76,741.47,4.26,104.26,0.0732,20.31,14.35,21.57,75.0,1500.0,15.2,healthy,0.0
fault_cooling_degradation_2,790,1789812754.7531269,4734.6,126.05,739.95,4.34,104.22,0.0773,20.24,14.26,21.1,75.0,1500.0,15.2,healthy,0.0
fault_cooling_degradation_2,791,1789812755.7531269,4733.1,125.86,737.2,4.34,104.24,0.0809,20.28,14.19,21.17,75.0,1500.0,15.2,healthy,0.0
fault_cooling_degradation_2,792,1789812756.7531269,4717.6,125.77,738.15,4.31,104.13,0.0756,20.22,14.22,21.54,75.0,1500.0,15.2,healthy,0.0
fault_cooling_degradation_2,793,1789812757.7531269,4690.7,125.22,731.68,4.36,104.07,0.0773,20.23,14.2,21.4,75.0,1500.0,15.2,healthy,0.0
fault_cooling_degradation_2,794,1789812758.7531269,4676.8,125.1,731.43,4.35,104.13,0.0815,20.3,14.21,21.74,75.0,1500.0,15.2,healthy,0.0
fault_cooling_degradation_2,795,1789812759.7531269,4646.5,125.29,733.7,4.28,104.16,0.0767,20.3,14.21,21.8,75.0,1500.0,15.2,healthy,0.0
fault_cooling_degradation_2,796,1789812760.7531269,4651.2,125.5,733.1,4.33,104.12,0.0732,20.54,14.24,21.93,75.0,1500.0,15.2,healthy,0.0
fault_cooling_degradation_2,797,1789812761.7531269,4653.6,125.32,727.73,4.44,104.23,0.0755,20.39,14.25,21.83,75.0,1500.0,15.2,healthy,0.0
fault_cooling_degradation_2,798,1789812762.7531269,4666.9,125.49,731.44,4.43,104.2,0.0747,20.25,14.27,21.48,75.0,1500.0,15.2,healthy,0.0
fault_cooling_degradation_2,799,1789812763.7531269,4693.8,125.5,736.67,4.3,104.13,0.066,20.25,14.27,21.48,75.0,1500.0,15.2,healthy,0.0
fault_cooling_degradation_2,800,1789812764.7531269,4687.2,125.65,740.71,4.26,104.07,0.0666,20.19,14.28,21.27,75.0,1500.0,15.2,healthy,0.0
fault_cooling_degradation_2,801,1789812765.7531269,4668.9,126.02,743.75,4.36,104.01,0.0657,20.21,14.34,21.23,75.0,1500.0,15.2,healthy,0.0
fault_cooling_degradation_2,802,1789812766.7531269,4679.0,125.97,747.45,4.36,104.05,0.0725,20.13,14.32,21.36,75.0,1500.0,15.2,healthy,0.0
fault_cooling_degradation_2,803,1789812767.7531269,4668.7,125.85,746.69,4.38,104.06,0.0787,20.25,14.33,21.07,75.0,1500.0,15.2,healthy,0.0
fault_cooling_degradation_2,804,1789812768.7531269,4662.7,126.0,745.63,4.41,104.19,0.0723,20.35,14.32,21.24,75.0,1500.0,15.2,healthy,0.0
fault_cooling_degradation_2,805,1789812769.7531269,4672.4,126.05,743.92,4.43,104.26,0.0815,20.37,14.36,21.11,75.0,1500.0,15.2,healthy,0.0
fault_cooling_degradation_2,806,1789812770.7531269,4681.8,126.48,743.52,4.39,104.23,0.0886,20.38,14.25,21.38,75.0,1500.0,15.2,healthy,0.0
fault_cooling_degradation_2,807,1789812771.7531269,4669.0,126.52,737.74,4.36,104.27,0.0829,20.33,14.22,21.29,75.0,1500.0,15.2,healthy,0.0
fault_cooling_degradation_2,808,1789812772.7531269,4694.7,126.43,737.12,4.34,104.22,0.0719,20.38,14.23,21.07,75.0,1500.0,15.2,healthy,0.0
fault_cooling_degradation_2,809,1789812773.7531269,4716.8,126.66,736.96,4.38,104.17,0.0726,20.19,14.24,21.22,75.0,1500.0,15.2,healthy,0.0
fault_cooling_degradation_2,810,1789812774.7531269,4709.3,126.44,738.33,4.42,104.24,0.0727,20.12,14.19,21.09,75.0,1500.0,15.2,healthy,0.0
fault_cooling_degradation_2,811,1789812775.7531269,4693.5,126.55,733.97,4.37,104.12,0.0732,20.18,14.17,21.21,75.0,1500.0,15.2,healthy,0.0
fault_cooling_degradation_2,812,1789812776.7531269,4707.7,126.87,731.27,4.29,104.36,0.0693,20.2,14.21,21.38,75.0,1500.0,15.2,healthy,0.0
fault_cooling_degradation_2,813,1789812777.7531269,4665.9,126.79,732.88,4.31,104.38,0.0683,20.11,14.17,21.62,75.0,1500.0,15.2,healthy,0.0
fault_cooling_degradation_2,814,1789812778.7531269,4690.2,126.69,736.98,4.33,104.2,0.0725,20.19,14.15,21.36,75.0,1500.0,15.2,healthy,0.0
fault_cooling_degradation_2,815,1789812779.7531269,4687.8,127.21,738.73,4.25,104.09,0.0722,20.32,14.1,21.32,75.0,1500.0,15.2,healthy,0.0
fault_cooling_degradation_2,816,1789812780.7531269,4687.0,126.86,737.44,4.29,104.25,0.0702,20.32,14.05,21.56,75.0,1500.0,15.2,healthy,0.0
fault_cooling_degradation_2,817,1789812781.7531269,4702.4,126.73,741.6,4.28,104.07,0.0675,20.14,14.02,21.37,75.0,1500.0,15.2,healthy,0.0
fault_cooling_degradation_2,818,1789812782.7531269,4699.7,126.48,741.9,4.36,104.24,0.0641,20.22,14.02,21.34,75.0,1500.0,15.2,healthy,0.0
fault_cooling_degradation_2,819,1789812783.7531269,4695.2,126.76,743.12,4.36,104.29,0.0747,20.19,13.97,21.27,75.0,1500.0,15.2,healthy,0.0
fault_cooling_degradation_2,820,1789812784.7531269,4696.8,126.92,737.9,4.28,104.17,0.0706,20.32,14.04,21.35,75.0,1500.0,15.2,healthy,0.0
fault_cooling_degradation_2,821,1789812785.7531269,4676.6,127.1,736.46,4.27,104.27,0.0785,20.23,13.99,21.3,75.0,1500.0,15.2,healthy,0.0
fault_cooling_degradation_2,822,1789812786.7531269,4691.8,127.03,735.66,4.36,104.21,0.0705,20.06,13.93,21.12,75.0,1500.0,15.2,healthy,0.0
fault_cooling_degradation_2,823,1789812787.7531269,4706.5,127.04,730.22,4.34,104.12,0.0761,20.0,14.03,21.05,75.0,1500.0,15.2,healthy,0.0
fault_cooling_degradation_2,824,1789812788.7531269,4703.4,127.13,729.17,4.36,104.06,0.0783,20.01,14.05,21.25,75.0,1500.0,15.2,healthy,0.0
fault_cooling_degradation_2,825,1789812789.7531269,4702.5,127.27,730.59,4.36,103.96,0.0699,20.04,14.13,21.09,75.0,1500.0,15.2,healthy,0.0
fault_cooling_degradation_2,826,1789812790.7531269,4686.3,127.17,730.35,4.37,104.06,0.0722,20.06,14.08,20.95,75.0,1500.0,15.2,healthy,0.0
fault_cooling_degradation_2,827,1789812791.7531269,4711.0,127.13,734.28,4.32,103.95,0.0752,20.04,14.04,21.21,75.0,1500.0,15.2,healthy,0.0
fault_cooling_degradation_2,828,1789812792.7531269,4695.1,127.45,733.76,4.28,103.98,0.0759,20.18,14.05,21.16,75.0,1500.0,15.2,healthy,0.0
fault_cooling_degradation_2,829,1789812793.7531269,4682.2,127.39,731.28,4.33,103.9,0.0794,19.97,14.07,20.93,75.0,1500.0,15.2,healthy,0.0
fault_cooling_degradation_2,830,1789812794.7531269,4698.7,127.7,734.85,4.3,104.04,0.0746,20.11,14.04,20.95,75.0,1500.0,15.2,healthy,0.0
fault_cooling_degradation_2,831,1789812795.7531269,4687.9,127.66,736.07,4.31,104.07,0.0699,20.22,14.07,20.72,75.0,1500.0,15.2,healthy,0.0
fault_cooling_degradation_2,832,1789812796.7531269,4687.2,127.3,741.53,4.36,104.04,0.0645,20.33,14.1,20.89,75.0,1500.0,15.2,healthy,0.0
fault_cooling_degradation_2,833,1789812797.7531269,4702.5,127.33,742.31,4.43,104.0,0.064,20.2,13.98,20.94,75.0,1500.0,15.2,healthy,0.0
fault_cooling_degradation_2,834,1789812798.7531269,4713.5,127.22,744.15,4.45,103.92,0.0684,20.14,13.97,21.28,75.0,1500.0,15.2,healthy,0.0
fault_cooling_degradation_2,835,1789812799.7531269,4705.6,127.07,746.03,4.43,103.95,0.0714,20.23,14.06,21.34,75.0,1500.0,15.2,healthy,0.0
fault_cooling_degradation_2,836,1789812800.7531269,4688.0,127.17,744.67,4.38,103.94,0.0745,20.27,14.13,21.3,75.0,1500.0,15.2,healthy,0.0
fault_cooling_degradation_2,837,1789812801.7531269,4721.4,126.78,747.51,4.37,103.95,0.0703,20.2,14.03,20.84,75.0,1500.0,15.2,healthy,0.0
fault_cooling_degradation_2,838,1789812802.7531269,4736.9,126.95,745.33,4.37,104.04,0.0672,20.04,14.08,20.89,75.0,1500.0,15.2,healthy,0.0
fault_cooling_degradation_2,839,1789812803.7531269,4743.9,126.7,741.66,4.44,103.95,0.0657,19.99,14.14,20.63,75.0,1500.0,15.2,healthy,0.0
fault_cooling_degradation_2,840,1789812804.7531269,4738.4,126.84,737.96,4.43,103.84,0.0639,20.07,14.11,21.02,75.0,1500.0,15.2,healthy,0.0
fault_cooling_degradation_2,841,1789812805.7531269,4730.3,126.99,736.26,4.39,104.02,0.0673,20.03,14.09,21.39,75.0,1500.0,15.2,healthy,0.0
fault_cooling_degradation_2,842,1789812806.7531269,4701.4,127.19,734.99,4.29,104.13,0.0669,20.08,14.1,21.28,75.0,1500.0,15.2,healthy,0.0
fault_cooling_degradation_2,843,1789812807.7531269,4700.4,127.38,738.32,4.33,104.37,0.0607,20.07,14.01,20.97,75.0,1500.0,15.2,healthy,0.0
fault_cooling_degradation_2,844,1789812808.7531269,4709.6,127.37,738.53,4.32,104.39,0.0624,19.97,13.96,21.36,75.0,1500.0,15.2,healthy,0.0
fault_cooling_degradation_2,845,1789812809.7531269,4703.4,127.12,735.83,4.34,104.47,0.0734,20.04,14.0,21.19,75.0,1500.0,15.2,healthy,0.0
fault_cooling_degradation_2,846,1789812810.7531269,4733.7,127.33,734.18,4.37,104.56,0.0739,20.02,13.96,21.28,75.0,1500.0,15.2,healthy,0.0
fault_cooling_degradation_2,847,1789812811.7531269,4728.4,127.27,737.48,4.35,104.49,0.0703,20.0,13.91,21.4,75.0,1500.0,15.2,healthy,0.0
fault_cooling_degradation_2,848,1789812812.7531269,4739.5,127.07,741.68,4.45,104.42,0.0661,20.12,13.99,21.3,75.0,1500.0,15.2,healthy,0.0
fault_cooling_degradation_2,849,1789812813.7531269,4720.4,127.06,737.29,4.43,104.55,0.0701,20.17,13.98,21.28,75.0,1500.0,15.2,healthy,0.0
fault_cooling_degradation_2,850,1789812814.7531269,4714.6,126.88,738.78,4.44,104.48,0.0683,20.3,13.98,21.69,75.0,1500.0,15.2,healthy,0.0
fault_cooling_degradation_2,851,1789812815.7531269,4689.8,127.26,738.73,4.34,104.53,0.0734,20.49,13.96,21.53,75.0,1500.0,15.2,healthy,0.0
fault_cooling_degradation_2,852,1789812816.7531269,4670.3,126.9,736.98,4.37,104.52,0.0722,20.48,14.04,21.63,75.0,1500.0,15.2,healthy,0.0
fault_cooling_degradation_2,853,1789812817.7531269,4684.6,126.98,736.57,4.39,104.39,0.0771,20.32,14.0,21.33,75.0,1500.0,15.2,healthy,0.0
fault_cooling_degradation_2,854,1789812818.7531269,4668.5,127.13,738.91,4.39,104.67,0.0698,20.24,13.97,20.86,75.0,1500.0,15.2,healthy,0.0
fault_cooling_degradation_2,855,1789812819.7531269,4665.6,126.81,743.34,4.39,104.73,0.061,20.14,14.03,21.52,75.0,1500.0,15.2,healthy,0.0
fault_cooling_degradation_2,856,1789812820.7531269,4673.7,126.55,742.94,4.29,104.86,0.069,20.14,13.99,21.4,75.0,1500.0,15.2,healthy,0.0
fault_cooling_degradation_2,857,1789812821.7531269,4696.5,126.71,740.12,4.32,104.84,0.0762,20.25,14.05,21.08,75.0,1500.0,15.2,healthy,0.0
fault_cooling_degradation_2,858,1789812822.7531269,4714.8,126.51,742.96,4.27,105.03,0.0877,20.24,14.05,20.97,75.0,1500.0,15.2,healthy,0.0
fault_cooling_degradation_2,859,1789812823.7531269,4731.2,126.39,740.08,4.36,104.97,0.084,20.22,14.03,21.0,75.0,1500.0,15.2,healthy,0.0
fault_cooling_degradation_2,860,1789812824.7531269,4722.5,126.49,742.54,4.31,105.09,0.0843,20.2,14.02,21.06,75.0,1500.0,15.2,healthy,0.0
fault_cooling_degradation_2,861,1789812825.7531269,4726.8,126.33,740.81,4.33,105.09,0.0792,20.35,14.01,21.52,75.0,1500.0,15.2,healthy,0.0
fault_cooling_degradation_2,862,1789812826.7531269,4747.8,126.43,735.8,4.26,105.01,0.076,20.36,14.0,21.17,75.0,1500.0,15.2,healthy,0.0
fault_cooling_degradation_2,863,1789812827.7531269,4725.4,126.47,737.36,4.3,105.03,0.081,20.27,13.92,20.94,75.0,1500.0,15.2,healthy,0.0
fault_cooling_degradation_2,864,1789812828.7531269,4706.3,126.06,739.43,4.33,104.88,0.0804,20.32,13.99,21.41,75.0,1500.0,15.2,healthy,0.0
fault_cooling_degradation_2,865,1789812829.7531269,4698.2,126.36,736.37,4.35,104.78,0.0862,20.39,13.97,21.04,75.0,1500.0,15.2,healthy,0.0
fault_cooling_degradation_2,866,1789812830.7531269,4688.2,126.36,741.89,4.36,104.74,0.0824,20.21,13.96,21.03,75.0,1500.0,15.2,healthy,0.0
fault_cooling_degradation_2,867,1789812831.7531269,4718.0,126.54,741.11,4.34,104.82,0.0814,20.16,13.97,21.05,75.0,1500.0,15.2,healthy,0.0
fault_cooling_degradation_2,868,1789812832.7531269,4711.0,126.47,741.42,4.21,104.86,0.0716,20.09,14.06,21.23,75.0,1500.0,15.2,healthy,0.0
fault_cooling_degradation_2,869,1789812833.7531269,4709.2,126.53,742.73,4.18,104.66,0.074,20.0,14.04,21.03,75.0,1500.0,15.2,healthy,0.0
fault_cooling_degradation_2,870,1789812834.7531269,4692.1,126.24,736.58,4.2,104.64,0.074,20.06,14.09,21.13,75.0,1500.0,15.2,healthy,0.0
fault_cooling_degradation_2,871,1789812835.7531269,4660.1,126.31,731.9,4.25,104.62,0.0701,20.2,14.09,21.34,75.0,1500.0,15.2,healthy,0.0
fault_cooling_degradation_2,872,1789812836.7531269,4656.7,126.55,729.71,4.31,104.75,0.0745,20.37,14.09,21.04,75.0,1500.0,15.2,healthy,0.0
fault_cooling_degradation_2,873,1789812837.7531269,4675.2,126.52,725.74,4.22,104.73,0.0687,20.33,14.13,21.07,75.0,1500.0,15.2,healthy,0.0
fault_cooling_degradation_2,874,1789812838.7531269,4690.4,126.38,731.89,4.17,104.82,0.0664,20.23,14.13,20.93,75.0,1500.0,15.2,healthy,0.0
fault_cooling_degradation_2,875,1789812839.7531269,4702.1,125.93,733.01,4.15,104.81,0.064,20.35,14.07,20.95,75.0,1500.0,15.2,healthy,0.0
fault_cooling_degradation_2,876,1789812840.7531269,4706.6,126.21,739.56,4.19,104.71,0.0637,20.48,14.2,21.11,75.0,1500.0,15.2,healthy,0.0
fault_cooling_degradation_2,877,1789812841.7531269,4717.6,126.08,741.28,4.13,104.49,0.068,20.47,14.19,21.19,75.0,1500.0,15.2,healthy,0.0
fault_cooling_degradation_2,878,1789812842.7531269,4706.5,126.0,737.64,4.22,104.34,0.0603,20.47,14.21,21.46,75.0,1500.0,15.2,healthy,0.0
fault_cooling_degradation_2,879,1789812843.7531269,4701.9,125.63,737.53,4.18,104.41,0.0611,20.48,14.21,21.41,75.0,1500.0,15.2,healthy,0.0
fault_cooling_degradation_2,880,1789812844.7531269,4720.0,125.67,738.37,4.29,104.46,0.0626,20.47,14.21,21.23,75.0,1500.0,15.2,healthy,0.0
fault_cooling_degradation_2,881,1789812845.7531269,4740.7,125.81,744.33,4.31,104.41,0.0625,20.37,14.21,21.12,75.0,1500.0,15.2,healthy,0.0
fault_cooling_degradation_2,882,1789812846.7531269,4736.3,125.76,740.6,4.32,104.33,0.0696,20.24,14.2,21.2,75.0,1500.0,15.2,healthy,0.0
fault_cooling_degradation_2,883,1789812847.7531269,4723.0,126.01,740.34,4.31,104.39,0.0701,20.28,14.16,21.27,75.0,1500.0,15.2,healthy,0.0
fault_cooling_degradation_2,884,1789812848.7531269,4702.7,126.16,747.29,4.34,104.44,0.0645,20.16,14.15,21.1,75.0,1500.0,15.2,healthy,0.0
fault_cooling_degradation_2,885,1789812849.7531269,4694.3,126.53,747.64,4.38,104.26,0.0722,20.22,14.14,21.0,75.0,1500.0,15.2,healthy,0.0
fault_cooling_degradation_2,886,1789812850.7531269,4680.6,126.51,742.93,4.33,104.41,0.0773,20.18,14.12,21.1,75.0,1500.0,15.2,healthy,0.0
fault_cooling_degradation_2,887,1789812851.7531269,4669.3,126.29,737.94,4.44,104.56,0.0717,20.17,14.18,21.32,75.0,1500.0,15.2,healthy,0.0
fault_cooling_degradation_2,888,1789812852.7531269,4682.2,126.34,738.94,4.5,104.53,0.0666,20.11,14.15,21.54,75.0,1500.0,15.2,healthy,0.0
fault_cooling_degradation_2,889,1789812853.7531269,4689.8,126.13,735.79,4.4,104.47,0.0669,20.26,14.09,21.32,75.0,1500.0,15.2,healthy,0.0
fault_cooling_degradation_2,890,1789812854.7531269,4666.3,126.51,740.66,4.43,104.38,0.0704,20.07,14.06,21.29,75.0,1500.0,15.2,healthy,0.0
fault_cooling_degradation_2,891,1789812855.7531269,4686.1,126.77,741.73,4.39,104.52,0.0798,20.14,14.11,21.56,75.0,1500.0,15.2,healthy,0.0
fault_cooling_degradation_2,892,1789812856.7531269,4674.5,127.0,740.86,4.34,104.47,0.0742,20.16,14.08,21.06,75.0,1500.0,15.2,healthy,0.0
fault_cooling_degradation_2,893,1789812857.7531269,4684.9,126.21,739.97,4.34,104.51,0.0685,20.13,14.03,21.03,75.0,1500.0,15.2,healthy,0.0
fault_cooling_degradation_2,894,1789812858.7531269,4680.2,126.33,736.05,4.26,104.47,0.0642,20.21,14.03,21.14,75.0,1500.0,15.2,healthy,0.0
fault_cooling_degradation_2,895,1789812859.7531269,4689.3,126.76,735.57,4.29,104.43,0.0699,20.21,14.07,21.42,75.0,1500.0,15.2,healthy,0.0
fault_cooling_degradation_2,896,1789812860.7531269,4686.5,126.55,735.74,4.36,104.4,0.0663,20.35,14.11,21.44,75.0,1500.0,15.2,healthy,0.0
fault_cooling_degradation_2,897,1789812861.7531269,4676.0,126.55,733.66,4.44,104.38,0.0591,20.29,14.17,21.44,75.0,1500.0,15.2,healthy,0.0
fault_cooling_degradation_2,898,1789812862.7531269,4683.2,126.63,734.48,4.41,104.14,0.0614,20.32,14.18,21.55,75.0,1500.0,15.2,healthy,0.0
fault_cooling_degradation_2,899,1789812863.7531269,4700.2,126.84,735.37,4.49,104.06,0.0673,20.23,14.17,21.39,75.0,1500.0,15.2,healthy,0.0
fault_cooling_degradation_2,900,1789812864.7531269,4713.2,127.27,740.72,4.43,103.99,0.065,20.21,14.18,21.31,75.0,1500.0,15.2,healthy,0.0
fault_cooling_degradation_2,901,1789812865.7531269,4727.0,127.24,742.89,4.34,103.96,0.0611,20.24,14.22,21.36,75.0,1500.0,15.2,healthy,0.0
fault_cooling_degradation_2,902,1789812866.7531269,4717.7,127.36,742.18,4.38,104.04,0.0681,20.24,14.28,21.31,75.0,1500.0,15.2,healthy,0.0
fault_cooling_degradation_2,903,1789812867.7531269,4718.3,127.64,745.61,4.33,104.09,0.0655,20.25,14.28,20.99,75.0,1500.0,15.2,healthy,0.0
fault_cooling_degradation_2,904,1789812868.7531269,4722.2,127.59,743.39,4.27,104.07,0.0576,20.16,14.29,21.28,75.0,1500.0,15.2,healthy,0.0
fault_cooling_degradation_2,905,1789812869.7531269,4706.6,127.87,741.94,4.3,104.09,0.0643,20.17,14.32,21.03,75.0,1500.0,15.2,healthy,0.0
fault_cooling_degradation_2,906,1789812870.7531269,4694.1,127.76,739.53,4.3,104.05,0.0724,20.07,14.33,21.16,75.0,1500.0,15.2,healthy,0.0
fault_cooling_degradation_2,907,1789812871.7531269,4692.3,127.51,738.28,4.27,103.97,0.0748,20.03,14.29,21.25,75.0,1500.0,15.2,healthy,0.0
fault_cooling_degradation_2,908,1789812872.7531269,4679.1,127.31,739.65,4.33,104.01,0.0849,20.12,14.24,21.25,75.0,1500.0,15.2,healthy,0.0
fault_cooling_degradation_2,909,1789812873.7531269,4704.1,126.84,738.4,4.47,103.98,0.0789,20.03,14.25,21.16,75.0,1500.0,15.2,healthy,0.0
fault_cooling_degradation_2,910,1789812874.7531269,4693.1,126.74,741.93,4.37,104.0,0.0807,20.19,14.19,21.28,75.0,1500.0,15.2,healthy,0.0
fault_cooling_degradation_2,911,1789812875.7531269,4696.7,126.88,741.69,4.47,103.99,0.0766,20.17,14.24,21.33,75.0,1500.0,15.2,healthy,0.0
fault_cooling_degradation_2,912,1789812876.7531269,4684.7,126.95,744.5,4.42,104.06,0.0808,20.26,14.23,21.46,75.0,1500.0,15.2,healthy,0.0
fault_cooling_degradation_2,913,1789812877.7531269,4694.0,126.6,746.55,4.36,103.85,0.0709,20.29,14.23,21.08,75.0,1500.0,15.2,healthy,0.0
fault_cooling_degradation_2,914,1789812878.7531269,4667.4,125.92,748.69,4.42,103.93,0.0718,20.29,14.16,21.27,75.0,1500.0,15.2,healthy,0.0
fault_cooling_degradation_2,915,1789812879.7531269,4657.6,126.37,743.7,4.38,103.67,0.0678,20.37,14.25,21.5,75.0,1500.0,15.2,healthy,0.0
fault_cooling_degradation_2,916,1789812880.7531269,4661.8,126.41,745.1,4.35,103.66,0.073,20.34,14.25,21.62,75.0,1500.0,15.2,healthy,0.0
fault_cooling_degradation_2,917,1789812881.7531269,4657.6,126.38,739.91,4.43,103.73,0.0749,20.22,14.22,21.2,75.0,1500.0,15.2,healthy,0.0
fault_cooling_degradation_2,918,1789812882.7531269,4655.0,126.37,741.62,4.36,103.82,0.0729,20.29,14.21,21.27,75.0,1500.0,15.2,healthy,0.0
fault_cooling_degradation_2,919,1789812883.7531269,4661.2,126.17,743.23,4.37,103.87,0.0786,20.15,14.2,21.56,75.0,1500.0,15.2,healthy,0.0
fault_cooling_degradation_2,920,1789812884.7531269,4661.9,126.07,745.17,4.39,103.88,0.0784,20.05,14.2,21.31,75.0,1500.0,15.2,healthy,0.0
fault_cooling_degradation_2,921,1789812885.7531269,4666.0,125.88,739.95,4.35,103.87,0.0805,20.05,14.12,21.44,75.0,1500.0,15.2,healthy,0.0
fault_cooling_degradation_2,922,1789812886.7531269,4654.2,125.77,742.37,4.44,103.82,0.0774,19.99,14.09,21.63,75.0,1500.0,15.2,healthy,0.0
fault_cooling_degradation_2,923,1789812887.7531269,4667.5,126.05,747.93,4.42,103.88,0.0777,19.93,13.98,21.49,75.0,1500.0,15.2,healthy,0.0
fault_cooling_degradation_2,924,1789812888.7531269,4660.8,126.12,751.69,4.43,103.85,0.0712,19.92,14.0,21.23,75.0,1500.0,15.2,healthy,0.0
fault_cooling_degradation_2,925,1789812889.7531269,4667.3,125.97,747.84,4.37,103.81,0.069,19.95,14.0,21.12,75.0,1500.0,15.2,healthy,0.0
fault_cooling_degradation_2,926,1789812890.7531269,4681.5,125.89,747.83,4.36,103.66,0.0745,20.09,13.97,21.13,75.0,1500.0,15.2,healthy,0.0
fault_cooling_degradation_2,927,1789812891.7531269,4696.9,125.71,748.24,4.34,103.87,0.0805,20.0,14.03,21.1,75.0,1500.0,15.2,healthy,0.0
fault_cooling_degradation_2,928,1789812892.7531269,4662.1,125.74,747.22,4.38,103.89,0.0852,20.05,14.08,21.17,75.0,1500.0,15.2,healthy,0.0
fault_cooling_degradation_2,929,1789812893.7531269,4657.7,125.74,744.87,4.32,103.68,0.072,20.1,14.13,20.7,75.0,1500.0,15.2,healthy,0.0
fault_cooling_degradation_2,930,1789812894.7531269,4670.2,125.76,741.68,4.34,103.74,0.0773,20.03,14.21,21.12,75.0,1500.0,15.2,healthy,0.0
fault_cooling_degradation_2,931,1789812895.7531269,4666.7,125.69,735.86,4.35,103.76,0.0688,19.96,14.22,21.1,75.0,1500.0,15.2,healthy,0.0
fault_cooling_degradation_2,932,1789812896.7531269,4671.7,125.62,742.84,4.33,103.83,0.0704,19.91,14.23,21.27,75.0,1500.0,15.2,healthy,0.0
fault_cooling_degradation_2,933,1789812897.7531269,4659.7,125.9,744.34,4.27,103.79,0.0701,20.0,14.14,21.06,75.0,1500.0,15.2,healthy,0.0
fault_cooling_degradation_2,934,1789812898.7531269,4639.3,125.93,744.42,4.29,104.05,0.0717,20.05,14.2,21.43,75.0,1500.0,15.2,healthy,0.0
fault_cooling_degradation_2,935,1789812899.7531269,4649.5,126.09,747.39,4.38,103.98,0.074,20.23,14.17,21.38,75.0,1500.0,15.2,healthy,0.0
fault_cooling_degradation_2,936,1789812900.7531269,4666.2,126.25,742.75,4.42,104.05,0.0712,20.14,14.28,21.21,75.0,1500.0,15.2,healthy,0.0
fault_cooling_degradation_2,937,1789812901.7531269,4644.0,125.87,743.26,4.38,103.89,0.0773,20.24,14.39,21.23,75.0,1500.0,15.2,healthy,0.0
fault_cooling_degradation_2,938,1789812902.7531269,4648.3,125.65,744.31,4.42,103.79,0.083,20.19,14.34,21.22,75.0,1500.0,15.2,healthy,0.0
fault_cooling_degradation_2,939,1789812903.7531269,4668.9,126.01,744.94,4.35,103.82,0.0794,20.12,14.32,21.44,75.0,1500.0,15.2,healthy,0.0
fault_cooling_degradation_2,940,1789812904.7531269,4659.3,125.9,747.52,4.39,103.97,0.086,20.21,14.31,21.2,75.0,1500.0,15.2,healthy,0.0
fault_cooling_degradation_2,941,1789812905.7531269,4669.3,125.92,745.05,4.47,104.03,0.082,20.03,14.23,21.24,75.0,1500.0,15.2,healthy,0.0
fault_cooling_degradation_2,942,1789812906.7531269,4683.2,126.35,744.28,4.43,104.09,0.0817,20.14,14.14,21.2,75.0,1500.0,15.2,healthy,0.0
fault_cooling_degradation_2,943,1789812907.7531269,4688.6,126.36,746.96,4.32,104.28,0.0706,20.16,14.15,21.15,75.0,1500.0,15.2,healthy,0.0
fault_cooling_degradation_2,944,1789812908.7531269,4686.4,125.99,745.02,4.33,104.46,0.0781,20.06,14.12,21.13,75.0,1500.0,15.2,healthy,0.0
fault_cooling_degradation_2,945,1789812909.7531269,4683.4,125.78,741.33,4.44,104.39,0.0781,19.97,14.09,21.4,75.0,1500.0,15.2,healthy,0.0
fault_cooling_degradation_2,946,1789812910.7531269,4710.8,125.63,737.84,4.42,104.52,0.0667,20.07,14.15,21.39,75.0,1500.0,15.2,healthy,0.0
fault_cooling_degradation_2,947,1789812911.7531269,4700.7,126.07,738.7,4.43,104.45,0.0709,20.05,14.15,21.19,75.0,1500.0,15.2,healthy,0.0
fault_cooling_degradation_2,948,1789812912.7531269,4711.2,126.26,739.2,4.37,104.25,0.0761,20.0,14.04,21.11,75.0,1500.0,15.2,healthy,0.0
fault_cooling_degradation_2,949,1789812913.7531269,4717.3,126.2,737.04,4.35,104.16,0.0708,20.03,14.02,21.09,75.0,1500.0,15.2,healthy,0.0
fault_cooling_degradation_2,950,1789812914.7531269,4736.0,126.56,738.01,4.38,104.24,0.0743,20.03,14.03,21.39,75.0,1500.0,15.2,healthy,0.0
fault_cooling_degradation_2,951,1789812915.7531269,4718.5,126.32,737.83,4.34,104.25,0.0792,19.94,14.05,20.95,75.0,1500.0,15.2,healthy,0.0
fault_cooling_degradation_2,952,1789812916.7531269,4728.4,126.35,738.17,4.3,104.24,0.0744,20.07,14.06,21.15,75.0,1500.0,15.2,healthy,0.0
fault_cooling_degradation_2,953,1789812917.7531269,4718.8,126.57,739.18,4.32,104.26,0.0773,20.18,14.05,21.43,75.0,1500.0,15.2,healthy,0.0
fault_cooling_degradation_2,954,1789812918.7531269,4714.7,126.53,744.22,4.4,104.13,0.0753,20.21,14.06,21.69,75.0,1500.0,15.2,healthy,0.0
fault_cooling_degradation_2,955,1789812919.7531269,4715.0,126.27,742.55,4.39,104.14,0.0774,20.34,14.04,21.56,75.0,1500.0,15.2,healthy,0.0
fault_cooling_degradation_2,956,1789812920.7531269,4691.3,126.19,740.81,4.29,104.19,0.0733,20.21,13.99,21.38,75.0,1500.0,15.2,healthy,0.0
fault_cooling_degradation_2,957,1789812921.7531269,4674.6,126.26,741.74,4.25,104.2,0.0726,20.26,13.92,21.35,75.0,1500.0,15.2,healthy,0.0
fault_cooling_degradation_2,958,1789812922.7531269,4687.2,126.17,733.45,4.3,104.18,0.0747,20.2,13.93,20.94,75.0,1500.0,15.2,healthy,0.0
fault_cooling_degradation_2,959,1789812923.7531269,4663.3,126.03,729.58,4.29,104.24,0.0716,20.25,13.98,21.5,75.0,1500.0,15.2,healthy,0.0
fault_cooling_degradation_2,960,1789812924.7531269,4664.6,125.75,726.27,4.29,104.24,0.0701,20.25,14.04,21.62,75.0,1500.0,15.2,healthy,0.0
fault_cooling_degradation_2,961,1789812925.7531269,4681.5,125.69,731.41,4.35,104.25,0.0648,20.11,14.08,21.35,75.0,1500.0,15.2,healthy,0.0
fault_cooling_degradation_2,962,1789812926.7531269,4681.3,125.97,736.92,4.34,104.25,0.0625,20.13,14.1,20.86,75.0,1500.0,15.2,healthy,0.0
fault_cooling_degradation_2,963,1789812927.7531269,4709.7,125.68,738.11,4.28,104.27,0.0627,20.27,14.09,21.23,75.0,1500.0,15.2,healthy,0.0
fault_cooling_degradation_2,964,1789812928.7531269,4690.0,125.61,742.32,4.34,104.33,0.0631,20.24,14.04,21.11,75.0,1500.0,15.2,healthy,0.0
fault_cooling_degradation_2,965,1789812929.7531269,4683.8,125.62,740.85,4.33,104.5,0.0718,20.14,14.1,21.37,75.0,1500.0,15.2,healthy,0.0
fault_cooling_degradation_2,966,1789812930.7531269,4703.0,125.87,734.83,4.31,104.36,0.0704,20.26,14.08,21.16,75.0,1500.0,15.2,healthy,0.0
fault_cooling_degradation_2,967,1789812931.7531269,4699.5,126.05,734.02,4.29,104.34,0.0746,20.23,14.12,21.27,75.0,1500.0,15.2,healthy,0.0
fault_cooling_degradation_2,968,1789812932.7531269,4720.7,126.22,738.4,4.37,104.3,0.0767,20.17,14.14,21.05,75.0,1500.0,15.2,healthy,0.0
fault_cooling_degradation_2,969,1789812933.7531269,4714.6,126.0,737.9,4.42,104.43,0.0798,20.17,14.18,21.04,75.0,1500.0,15.2,healthy,0.0
fault_cooling_degradation_2,970,1789812934.7531269,4709.0,126.39,737.18,4.31,104.42,0.0765,20.12,14.2,20.95,75.0,1500.0,15.2,healthy,0.0
fault_cooling_degradation_2,971,1789812935.7531269,4724.9,126.47,734.71,4.29,104.39,0.0786,20.26,14.28,21.13,75.0,1500.0,15.2,healthy,0.0
fault_cooling_degradation_2,972,1789812936.7531269,4712.0,126.78,734.23,4.31,104.33,0.0757,20.26,14.24,20.78,75.0,1500.0,15.2,healthy,0.0
fault_cooling_degradation_2,973,1789812937.7531269,4701.3,126.87,737.09,4.28,104.11,0.0748,20.38,14.24,20.69,75.0,1500.0,15.2,healthy,0.0
fault_cooling_degradation_2,974,1789812938.7531269,4679.5,126.91,741.44,4.3,104.02,0.0761,20.37,14.22,20.97,75.0,1500.0,15.2,healthy,0.0
fault_cooling_degradation_2,975,1789812939.7531269,4672.1,126.84,743.02,4.26,104.01,0.076,20.26,14.21,20.87,75.0,1500.0,15.2,healthy,0.0
fault_cooling_degradation_2,976,1789812940.7531269,4668.8,126.94,741.01,4.33,103.86,0.0757,20.18,14.22,20.92,75.0,1500.0,15.2,healthy,0.0
fault_cooling_degradation_2,977,1789812941.7531269,4686.0,126.97,741.88,4.45,103.84,0.0724,20.17,14.29,21.14,75.0,1500.0,15.2,healthy,0.0
fault_cooling_degradation_2,978,1789812942.7531269,4678.0,126.44,742.66,4.48,103.85,0.0694,20.11,14.27,21.35,75.0,1500.0,15.2,healthy,0.0
fault_cooling_degradation_2,979,1789812943.7531269,4688.9,126.49,742.22,4.53,103.75,0.0702,20.01,14.29,21.43,75.0,1500.0,15.2,healthy,0.0
fault_cooling_degradation_2,980,1789812944.7531269,4710.1,126.31,742.69,4.49,104.01,0.0768,20.07,14.25,21.22,75.0,1500.0,15.2,healthy,0.0
fault_cooling_degradation_2,981,1789812945.7531269,4716.4,126.03,743.84,4.42,104.13,0.069,20.24,14.26,21.51,75.0,1500.0,15.2,healthy,0.0
fault_cooling_degradation_2,982,1789812946.7531269,4684.2,125.84,742.19,4.45,104.25,0.0764,20.06,14.27,21.4,75.0,1500.0,15.2,healthy,0.0
fault_cooling_degradation_2,983,1789812947.7531269,4692.1,125.69,743.77,4.41,104.18,0.0742,20.17,14.29,21.43,75.0,1500.0,15.2,healthy,0.0
fault_cooling_degradation_2,984,1789812948.7531269,4698.8,125.86,740.59,4.4,104.3,0.0726,20.2,14.32,21.18,75.0,1500.0,15.2,healthy,0.0
fault_cooling_degradation_2,985,1789812949.7531269,4708.7,125.98,736.67,4.39,104.22,0.0688,20.19,14.34,21.34,75.0,1500.0,15.2,healthy,0.0
fault_cooling_degradation_2,986,1789812950.7531269,4687.9,126.24,739.61,4.35,104.21,0.0775,20.21,14.28,21.34,75.0,1500.0,15.2,healthy,0.0
fault_cooling_degradation_2,987,1789812951.7531269,4698.8,126.45,738.5,4.32,104.18,0.0838,20.14,14.2,21.27,75.0,1500.0,15.2,healthy,0.0
fault_cooling_degradation_2,988,1789812952.7531269,4708.9,126.31,740.8,4.41,104.1,0.0857,20.24,14.19,21.08,75.0,1500.0,15.2,healthy,0.0
fault_cooling_degradation_2,989,1789812953.7531269,4714.9,126.29,741.51,4.45,104.2,0.0834,20.31,14.12,21.29,75.0,1500.0,15.2,healthy,0.0
fault_cooling_degradation_2,990,1789812954.7531269,4718.5,126.1,745.3,4.48,104.08,0.0774,20.47,14.14,21.32,75.0,1500.0,15.2,healthy,0.0
fault_cooling_degradation_2,991,1789812955.7531269,4713.6,126.0,740.38,4.43,103.97,0.0785,20.5,14.05,21.47,75.0,1500.0,15.2,healthy,0.0
fault_cooling_degradation_2,992,1789812956.7531269,4702.7,126.21,741.95,4.39,104.04,0.0806,20.35,14.1,21.26,75.0,1500.0,15.2,healthy,0.0
fault_cooling_degradation_2,993,1789812957.7531269,4696.7,126.32,742.2,4.38,103.99,0.0877,20.24,14.1,21.32,75.0,1500.0,15.2,healthy,0.0
fault_cooling_degradation_2,994,1789812958.7531269,4710.0,126.44,738.4,4.35,104.1,0.0738,20.34,14.09,21.27,75.0,1500.0,15.2,healthy,0.0
fault_cooling_degradation_2,995,1789812959.7531269,4698.1,126.61,737.46,4.33,104.17,0.0792,20.21,14.08,21.19,75.0,1500.0,15.2,healthy,0.0
fault_cooling_degradation_2,996,1789812960.7531269,4716.2,126.79,736.55,4.33,104.26,0.0836,20.45,14.04,21.41,75.0,1500.0,15.2,healthy,0.0
fault_cooling_degradation_2,997,1789812961.7531269,4688.2,126.64,735.07,4.34,104.22,0.0789,20.38,14.0,21.47,75.0,1500.0,15.2,healthy,0.0
fault_cooling_degradation_2,998,1789812962.7531269,4678.5,126.67,736.2,4.28,104.34,0.0835,20.29,14.01,21.39,75.0,1500.0,15.2,healthy,0.0
fault_cooling_degradation_2,999,1789812963.7531269,4689.4,126.41,736.64,4.26,104.27,0.0752,20.48,14.09,21.22,75.0,1500.0,15.2,healthy,0.0
fault_cooling_degradation_2,1000,1789812964.7531269,4698.8,126.43,741.43,4.35,104.29,0.0724,20.52,14.08,21.12,75.0,1500.0,15.2,healthy,0.0
fault_cooling_degradation_2,1001,1789812965.7531269,4685.3,126.87,742.16,4.37,104.23,0.0707,20.44,14.05,21.29,75.0,1500.0,15.2,healthy,0.0
fault_cooling_degradation_2,1002,1789812966.7531269,4685.1,126.64,744.85,4.26,104.28,0.0708,20.33,14.04,21.26,75.0,1500.0,15.2,healthy,0.0
fault_cooling_degradation_2,1003,1789812967.7531269,4682.8,126.49,744.38,4.29,104.3,0.0753,20.28,14.05,21.24,75.0,1500.0,15.2,healthy,0.0
fault_cooling_degradation_2,1004,1789812968.7531269,4674.9,126.6,747.55,4.25,104.38,0.0839,20.34,14.01,21.08,75.0,1500.0,15.2,healthy,0.0
fault_cooling_degradation_2,1005,1789812969.7531269,4693.4,126.43,742.55,4.32,104.5,0.0899,20.18,14.03,20.98,75.0,1500.0,15.2,healthy,0.0
fault_cooling_degradation_2,1006,1789812970.7531269,4685.0,126.21,742.41,4.37,104.28,0.0828,20.29,13.95,20.89,75.0,1500.0,15.2,healthy,0.0
fault_cooling_degradation_2,1007,1789812971.7531269,4704.3,126.24,745.22,4.38,104.41,0.0815,20.3,13.96,21.14,75.0,1500.0,15.2,healthy,0.0
fault_cooling_degradation_2,1008,1789812972.7531269,4730.9,126.41,741.57,4.37,104.21,0.0788,20.29,13.94,21.19,75.0,1500.0,15.2,healthy,0.0
fault_cooling_degradation_2,1009,1789812973.7531269,4722.5,126.15,741.97,4.45,104.34,0.0864,20.1,13.91,21.18,75.0,1500.0,15.2,healthy,0.0
fault_cooling_degradation_2,1010,1789812974.7531269,4711.8,125.95,743.59,4.43,104.15,0.0928,20.19,13.87,20.89,75.0,1500.0,15.2,healthy,0.0
fault_cooling_degradation_2,1011,1789812975.7531269,4718.5,125.97,745.7,4.35,104.31,0.0805,20.19,13.99,21.07,75.0,1500.0,15.2,healthy,0.0
fault_cooling_degradation_2,1012,1789812976.7531269,4711.3,126.24,747.85,4.44,104.29,0.0821,20.12,14.1,21.07,75.0,1500.0,15.2,healthy,0.0
fault_cooling_degradation_2,1013,1789812977.7531269,4703.1,126.45,743.62,4.42,104.25,0.0822,19.94,13.98,21.04,75.0,1500.0,15.2,healthy,0.0
fault_cooling_degradation_2,1014,1789812978.7531269,4700.5,126.38,746.93,4.39,104.26,0.0856,20.0,14.07,21.43,75.0,1500.0,15.2,healthy,0.0
fault_cooling_degradation_2,1015,1789812979.7531269,4701.6,126.75,743.34,4.39,104.3,0.0849,20.16,14.07,21.16,75.0,1500.0,15.2,healthy,0.0
fault_cooling_degradation_2,1016,1789812980.7531269,4705.5,126.96,741.12,4.42,104.29,0.0764,20.15,14.11,21.3,75.0,1500.0,15.2,healthy,0.0
fault_cooling_degradation_2,1017,1789812981.7531269,4707.1,126.86,739.4,4.48,104.3,0.075,20.4,14.14,21.08,75.0,1500.0,15.2,healthy,0.0
fault_cooling_degradation_2,1018,1789812982.7531269,4720.7,126.48,733.68,4.47,104.39,0.0805,20.53,14.09,21.34,75.0,1500.0,15.2,healthy,0.0
fault_cooling_degradation_2,1019,1789812983.7531269,4715.7,126.32,735.89,4.35,104.24,0.0671,20.53,14.11,21.23,75.0,1500.0,15.2,healthy,0.0
fault_cooling_degradation_2,1020,1789812984.7531269,4700.7,126.29,735.76,4.35,104.09,0.0681,20.35,14.18,21.21,75.0,1500.0,15.2,healthy,0.0
fault_cooling_degradation_2,1021,1789812985.7531269,4701.4,125.94,737.78,4.29,104.09,0.0602,20.35,14.12,21.45,75.0,1500.0,15.2,healthy,0.0
fault_cooling_degradation_2,1022,1789812986.7531269,4704.4,125.9,734.43,4.31,104.06,0.0753,20.36,14.2,21.63,75.0,1500.0,15.2,healthy,0.0
fault_cooling_degradation_2,1023,1789812987.7531269,4728.5,126.42,734.21,4.36,104.05,0.0713,20.4,14.27,21.54,75.0,1500.0,15.2,healthy,0.0
fault_cooling_degradation_2,1024,1789812988.7531269,4752.1,126.77,738.75,4.36,104.26,0.0694,20.28,14.28,20.86,75.0,1500.0,15.2,healthy,0.0
fault_cooling_degradation_2,1025,1789812989.7531269,4737.3,126.82,737.97,4.28,104.2,0.071,20.24,14.32,21.02,75.0,1500.0,15.2,healthy,0.0
fault_cooling_degradation_2,1026,1789812990.7531269,4720.7,126.69,744.77,4.23,104.16,0.0722,20.26,14.37,21.47,75.0,1500.0,15.2,healthy,0.0
fault_cooling_degradation_2,1027,1789812991.7531269,4690.0,126.7,743.41,4.26,104.1,0.069,20.34,14.3,21.51,75.0,1500.0,15.2,healthy,0.0
fault_cooling_degradation_2,1028,1789812992.7531269,4706.4,126.6,744.5,4.35,104.01,0.0732,20.28,14.34,21.39,75.0,1500.0,15.2,healthy,0.0
fault_cooling_degradation_2,1029,1789812993.7531269,4683.8,126.69,739.54,4.28,104.1,0.0757,20.16,14.35,21.48,75.0,1500.0,15.2,healthy,0.0
fault_cooling_degradation_2,1030,1789812994.7531269,4679.9,126.56,742.26,4.27,104.21,0.0688,20.19,14.38,21.74,75.0,1500.0,15.2,healthy,0.0
fault_cooling_degradation_2,1031,1789812995.7531269,4663.5,126.33,743.85,4.3,104.08,0.0709,20.13,14.38,21.31,75.0,1500.0,15.2,healthy,0.0
fault_cooling_degradation_2,1032,1789812996.7531269,4664.1,126.35,744.82,4.36,104.11,0.0763,20.41,14.38,21.28,75.0,1500.0,15.2,healthy,0.0
fault_cooling_degradation_2,1033,1789812997.7531269,4659.7,126.46,746.28,4.31,104.3,0.0731,20.17,14.36,20.92,75.0,1500.0,15.2,healthy,0.0
fault_cooling_degradation_2,1034,1789812998.7531269,4665.9,126.2,746.5,4.34,103.97,0.0711,20.1,14.24,21.04,75.0,1500.0,15.2,healthy,0.0
fault_cooling_degradation_2,1035,1789812999.7531269,4686.9,126.13,748.27,4.29,104.0,0.0758,19.97,14.22,20.74,75.0,1500.0,15.2,healthy,0.0
fault_cooling_degradation_2,1036,1789813000.7531269,4710.9,126.37,742.97,4.27,103.89,0.0719,20.18,14.14,20.88,75.0,1500.0,15.2,healthy,0.0
fault_cooling_degradation_2,1037,1789813001.7531269,4730.8,126.73,740.71,4.25,103.9,0.0694,20.13,14.13,21.26,75.0,1500.0,15.2,healthy,0.0
fault_cooling_degradation_2,1038,1789813002.7531269,4730.9,126.85,734.09,4.22,103.98,0.0772,20.16,14.2,20.77,75.0,1500.0,15.2,healthy,0.0
fault_cooling_degradation_2,1039,1789813003.7531269,4715.7,126.71,737.83,4.23,103.9,0.0758,20.15,14.17,20.78,75.0,1500.0,15.2,healthy,0.0
fault_cooling_degradation_2,1040,1789813004.7531269,4703.1,126.84,732.88,4.29,103.85,0.0718,20.19,14.16,21.51,75.0,1500.0,15.2,healthy,0.0
fault_cooling_degradation_2,1041,1789813005.7531269,4723.5,126.5,735.9,4.32,103.84,0.0741,20.14,14.14,21.21,75.0,1500.0,15.2,healthy,0.0
fault_cooling_degradation_2,1042,1789813006.7531269,4705.5,126.51,738.79,4.25,103.97,0.0728,20.19,14.14,21.32,75.0,1500.0,15.2,healthy,0.0
fault_cooling_degradation_2,1043,1789813007.7531269,4690.4,126.35,735.95,4.4,103.93,0.0723,20.23,14.12,21.38,75.0,1500.0,15.2,healthy,0.0
fault_cooling_degradation_2,1044,1789813008.7531269,4695.6,126.49,738.18,4.43,104.1,0.0777,20.37,14.14,21.47,75.0,1500.0,15.2,healthy,0.0
fault_cooling_degradation_2,1045,1789813009.7531269,4728.5,126.76,734.87,4.37,104.04,0.0724,20.5,14.09,21.27,75.0,1500.0,15.2,healthy,0.0
fault_cooling_degradation_2,1046,1789813010.7531269,4728.0,126.78,740.28,4.51,103.95,0.0714,20.46,14.16,21.32,75.0,1500.0,15.2,healthy,0.0
fault_cooling_degradation_2,1047,1789813011.7531269,4759.3,126.86,735.05,4.51,103.92,0.0713,20.41,14.14,21.01,75.0,1500.0,15.2,healthy,0.0
fault_cooling_degradation_2,1048,1789813012.7531269,4732.2,126.77,736.38,4.33,103.78,0.0625,20.45,14.23,21.48,75.0,1500.0,15.2,healthy,0.0
fault_cooling_degradation_2,1049,1789813013.7531269,4708.6,127.0,737.33,4.36,103.93,0.067,20.44,14.29,21.68,75.0,1500.0,15.2,healthy,0.0
fault_cooling_degradation_2,1050,1789813014.7531269,4706.8,126.64,733.87,4.36,103.69,0.0657,20.26,14.22,21.57,75.0,1500.0,15.2,healthy,0.0
fault_cooling_degradation_2,1051,1789813015.7531269,4673.1,126.81,737.42,4.41,103.66,0.0746,20.35,14.17,21.2,75.0,1500.0,15.2,healthy,0.0
fault_cooling_degradation_2,1052,1789813016.7531269,4682.8,126.96,738.87,4.39,103.58,0.0787,20.36,14.21,21.05,75.0,1500.0,15.2,healthy,0.0
fault_cooling_degradation_2,1053,1789813017.7531269,4716.0,126.6,738.57,4.3,103.44,0.0687,20.29,14.15,20.52,75.0,1500.0,15.2,healthy,0.0
fault_cooling_degradation_2,1054,1789813018.7531269,4707.4,126.63,739.82,4.29,103.46,0.0725,20.05,14.2,20.62,75.0,1500.0,15.2,healthy,0.0
fault_cooling_degradation_2,1055,1789813019.7531269,4709.7,126.5,741.79,4.31,103.44,0.0724,20.02,14.18,20.71,75.0,1500.0,15.2,healthy,0.0
fault_cooling_degradation_2,1056,1789813020.7531269,4695.8,126.24,734.44,4.27,103.21,0.0751,20.05,14.25,21.06,75.0,1500.0,15.2,healthy,0.0
fault_cooling_degradation_2,1057,1789813021.7531269,4709.9,126.11,739.34,4.39,103.3,0.0749,20.17,14.29,21.56,75.0,1500.0,15.2,healthy,0.0
fault_cooling_degradation_2,1058,1789813022.7531269,4705.8,126.13,741.65,4.39,103.5,0.0854,20.01,14.26,21.25,75.0,1500.0,15.2,healthy,0.0
fault_cooling_degradation_2,1059,1789813023.7531269,4717.2,126.36,739.76,4.37,103.62,0.0819,19.88,14.26,21.06,75.0,1500.0,15.2,healthy,0.0
fault_cooling_degradation_2,1060,1789813024.7531269,4724.7,126.13,735.28,4.35,103.53,0.0782,19.75,14.34,21.01,75.0,1500.0,15.2,healthy,0.0
fault_cooling_degradation_2,1061,1789813025.7531269,4709.6,126.47,736.75,4.37,103.55,0.0757,19.76,14.28,21.06,75.0,1500.0,15.2,healthy,0.0
fault_cooling_degradation_2,1062,1789813026.7531269,4735.7,126.39,740.09,4.4,103.52,0.0733,19.77,14.22,20.86,75.0,1500.0,15.2,healthy,0.0
fault_cooling_degradation_2,1063,1789813027.7531269,4724.2,126.66,738.45,4.38,103.37,0.0753,19.89,14.13,20.99,75.0,1500.0,15.2,healthy,0.0
fault_cooling_degradation_2,1064,1789813028.7531269,4722.5,126.66,734.01,4.4,103.34,0.0715,19.77,14.26,21.04,75.0,1500.0,15.2,healthy,0.0
fault_cooling_degradation_2,1065,1789813029.7531269,4706.1,126.71,731.81,4.46,103.49,0.0761,19.88,14.34,21.14,75.0,1500.0,15.2,healthy,0.0
fault_cooling_degradation_2,1066,1789813030.7531269,4693.4,126.43,734.97,4.48,103.48,0.0788,19.86,14.28,21.21,75.0,1500.0,15.2,healthy,0.0
fault_cooling_degradation_2,1067,1789813031.7531269,4707.3,126.46,737.98,4.48,103.34,0.0783,19.97,14.3,21.24,75.0,1500.0,15.2,healthy,0.0
fault_cooling_degradation_2,1068,1789813032.7531269,4714.7,126.27,740.65,4.38,103.38,0.0811,20.14,14.26,21.1,75.0,1500.0,15.2,healthy,0.0
fault_cooling_degradation_2,1069,1789813033.7531269,4708.9,126.63,739.7,4.42,103.44,0.0783,20.11,14.27,21.18,75.0,1500.0,15.2,healthy,0.0
fault_cooling_degradation_2,1070,1789813034.7531269,4710.2,126.56,737.45,4.48,103.27,0.0793,20.18,14.19,20.79,75.0,1500.0,15.2,healthy,0.0
fault_cooling_degradation_2,1071,1789813035.7531269,4701.1,126.95,737.08,4.38,103.19,0.0818,20.32,14.3,20.72,75.0,1500.0,15.2,healthy,0.0
fault_cooling_degradation_2,1072,1789813036.7531269,4712.9,126.78,736.91,4.39,103.24,0.08,20.49,14.27,20.65,75.0,1500.0,15.2,healthy,0.0
fault_cooling_degradation_2,1073,1789813037.7531269,4725.8,126.82,734.65,4.41,103.25,0.072,20.5,14.34,21.22,75.0,1500.0,15.2,healthy,0.0
fault_cooling_degradation_2,1074,1789813038.7531269,4706.5,126.53,737.89,4.4,103.37,0.0735,20.44,14.37,21.07,75.0,1500.0,15.2,healthy,0.0
fault_cooling_degradation_2,1075,1789813039.7531269,4705.7,126.65,741.88,4.34,103.36,0.0719,20.45,14.39,21.32,75.0,1500.0,15.2,healthy,0.0
fault_cooling_degradation_2,1076,1789813040.7531269,4693.1,126.84,749.83,4.39,103.52,0.0813,20.19,14.35,21.49,75.0,1500.0,15.2,healthy,0.0
fault_cooling_degradation_2,1077,1789813041.7531269,4697.9,126.9,745.4,4.37,103.57,0.0847,20.16,14.41,21.59,75.0,1500.0,15.2,healthy,0.0
fault_cooling_degradation_2,1078,1789813042.7531269,4684.6,126.92,742.97,4.39,103.58,0.0801,20.26,14.3,21.51,75.0,1500.0,15.2,healthy,0.0
fault_cooling_degradation_2,1079,1789813043.7531269,4673.6,126.66,743.37,4.37,103.65,0.0726,20.29,14.31,21.52,75.0,1500.0,15.2,healthy,0.0
fault_cooling_degradation_2,1080,1789813044.7531269,4674.3,126.58,744.4,4.29,103.65,0.0779,20.34,14.34,21.5,75.0,1500.0,15.2,healthy,0.0
fault_cooling_degradation_2,1081,1789813045.7531269,4655.1,126.59,744.68,4.25,103.71,0.0719,20.36,14.23,21.47,75.0,1500.0,15.2,healthy,0.0
fault_cooling_degradation_2,1082,1789813046.7531269,4650.7,126.34,751.12,4.3,103.69,0.069,20.3,14.22,21.37,75.0,1500.0,15.2,healthy,0.0
fault_cooling_degradation_2,1083,1789813047.7531269,4653.8,126.46,753.55,4.29,103.56,0.0694,20.18,14.28,21.36,75.0,1500.0,15.2,healthy,0.0
fault_cooling_degradation_2,1084,1789813048.7531269,4657.6,126.2,751.87,4.31,103.51,0.0672,20.26,14.36,21.46,75.0,1500.0,15.2,healthy,0.0
fault_cooling_degradation_2,1085,1789813049.7531269,4676.6,126.46,754.18,4.36,103.49,0.0718,20.32,14.31,20.84,75.0,1500.0,15.2,healthy,0.0
fault_cooling_degradation_2,1086,1789813050.7531269,4670.0,126.41,747.79,4.27,103.62,0.0665,20.41,14.25,20.88,75.0,1500.0,15.2,healthy,0.0
fault_cooling_degradation_2,1087,1789813051.7531269,4670.9,126.36,748.52,4.31,103.59,0.0729,20.27,14.26,21.15,75.0,1500.0,15.2,healthy,0.0
fault_cooling_degradation_2,1088,1789813052.7531269,4639.3,126.38,744.7,4.26,103.6,0.0728,20.35,14.31,20.8,75.0,1500.0,15.2,healthy,0.0
fault_cooling_degradation_2,1089,1789813053.7531269,4651.7,126.35,742.9,4.27,103.61,0.0729,20.42,14.25,21.23,75.0,1500.0,15.2,healthy,0.0
fault_cooling_degradation_2,1090,1789813054.7531269,4652.7,126.11,741.2,4.34,103.62,0.0811,20.37,14.27,21.22,75.0,1500.0,15.2,healthy,0.0
fault_cooling_degradation_2,1091,1789813055.7531269,4657.9,125.97,738.38,4.29,103.76,0.0808,20.53,14.25,21.31,75.0,1500.0,15.2,healthy,0.0
fault_cooling_degradation_2,1092,1789813056.7531269,4644.2,126.23,736.02,4.3,103.68,0.0814,20.48,14.14,21.51,75.0,1500.0,15.2,healthy,0.0
fault_cooling_degradation_2,1093,1789813057.7531269,4640.6,126.05,740.71,4.28,103.62,0.0781,20.62,14.2,21.26,75.0,1500.0,15.2,healthy,0.0
fault_cooling_degradation_2,1094,1789813058.7531269,4627.4,126.09,741.51,4.3,103.66,0.0771,20.63,14.25,21.21,75.0,1500.0,15.2,healthy,0.0
fault_cooling_degradation_2,1095,1789813059.7531269,4628.0,126.54,740.51,4.3,103.58,0.0689,20.6,14.23,20.71,75.0,1500.0,15.2,healthy,0.0
fault_cooling_degradation_2,1096,1789813060.7531269,4635.9,126.42,737.7,4.39,103.41,0.0673,20.5,14.22,21.07,75.0,1500.0,15.2,healthy,0.0
fault_cooling_degradation_2,1097,1789813061.7531269,4642.5,126.82,739.25,4.33,103.39,0.0749,20.4,14.16,21.06,75.0,1500.0,15.2,healthy,0.0
fault_cooling_degradation_2,1098,1789813062.7531269,4640.4,126.47,741.12,4.36,103.44,0.0697,20.5,14.16,21.22,75.0,1500.0,15.2,healthy,0.0
fault_cooling_degradation_2,1099,1789813063.7531269,4659.2,126.29,742.62,4.37,103.45,0.0787,20.68,14.13,21.29,75.0,1500.0,15.2,healthy,0.0
fault_cooling_degradation_2,1100,1789813064.7531269,4689.0,126.15,740.1,4.39,103.36,0.0724,20.55,14.15,20.82,75.0,1500.0,15.2,healthy,0.0
fault_cooling_degradation_2,1101,1789813065.7531269,4686.3,126.24,734.77,4.47,103.65,0.0776,20.45,14.28,20.73,75.0,1500.0,15.2,healthy,0.0
fault_cooling_degradation_2,1102,1789813066.7531269,4696.8,126.61,738.33,4.4,103.67,0.0731,20.28,14.24,20.88,75.0,1500.0,15.2,healthy,0.0
fault_cooling_degradation_2,1103,1789813067.7531269,4677.2,126.45,740.05,4.39,103.86,0.0644,20.34,14.26,21.16,75.0,1500.0,15.2,healthy,0.0
fault_cooling_degradation_2,1104,1789813068.7531269,4688.2,126.71,742.45,4.41,103.74,0.0704,20.42,14.19,21.35,75.0,1500.0,15.2,healthy,0.0
fault_cooling_degradation_2,1105,1789813069.7531269,4662.1,126.62,735.18,4.36,103.8,0.064,20.43,14.25,21.59,75.0,1500.0,15.2,healthy,0.0
fault_cooling_degradation_2,1106,1789813070.7531269,4691.4,126.6,733.22,4.31,103.82,0.0728,20.5,14.22,21.11,75.0,1500.0,15.2,healthy,0.0
fault_cooling_degradation_2,1107,1789813071.7531269,4687.0,126.62,735.91,4.35,103.83,0.0706,20.43,14.16,21.33,75.0,1500.0,15.2,healthy,0.0
fault_cooling_degradation_2,1108,1789813072.7531269,4686.4,126.9,746.45,4.37,103.87,0.0714,20.51,14.18,21.1,75.0,1500.0,15.2,healthy,0.0
fault_cooling_degradation_2,1109,1789813073.7531269,4708.4,126.44,746.88,4.31,103.94,0.0788,20.44,14.19,21.31,75.0,1500.0,15.2,healthy,0.0
fault_cooling_degradation_2,1110,1789813074.7531269,4696.3,126.41,749.75,4.31,103.92,0.0724,20.31,14.19,21.44,75.0,1500.0,15.2,healthy,0.0
fault_cooling_degradation_2,1111,1789813075.7531269,4711.9,126.17,750.66,4.3,103.96,0.0737,20.16,14.17,21.63,75.0,1500.0,15.2,healthy,0.0
fault_cooling_degradation_2,1112,1789813076.7531269,4707.2,126.09,748.9,4.31,104.01,0.0758,20.03,14.2,21.63,75.0,1500.0,15.2,healthy,0.0
fault_cooling_degradation_2,1113,1789813077.7531269,4713.1,126.21,748.89,4.26,104.07,0.0764,20.1,14.19,21.22,75.0,1500.0,15.2,healthy,0.0
fault_cooling_degradation_2,1114,1789813078.7531269,4717.5,126.39,752.88,4.34,104.19,0.0807,20.21,14.21,21.27,75.0,1500.0,15.2,healthy,0.0
fault_cooling_degradation_2,1115,1789813079.7531269,4723.9,126.48,748.45,4.43,104.28,0.0794,20.3,14.18,21.09,75.0,1500.0,15.2,healthy,0.0
fault_cooling_degradation_2,1116,1789813080.7531269,4733.3,126.59,746.1,4.43,104.34,0.0799,20.28,14.13,21.32,75.0,1500.0,15.2,healthy,0.0
fault_cooling_degradation_2,1117,1789813081.7531269,4750.4,126.53,748.62,4.29,104.42,0.0711,20.42,14.15,21.53,75.0,1500.0,15.2,healthy,0.0
fault_cooling_degradation_2,1118,1789813082.7531269,4772.2,126.79,750.59,4.23,104.58,0.0665,20.52,14.15,21.41,75.0,1500.0,15.2,healthy,0.0
fault_cooling_degradation_2,1119,1789813083.7531269,4772.7,126.67,745.9,4.25,104.47,0.0637,20.54,14.22,21.12,75.0,1500.0,15.2,healthy,0.0
fault_cooling_degradation_2,1120,1789813084.7531269,4740.4,126.89,745.86,4.31,104.53,0.0636,20.55,14.24,21.03,75.0,1500.0,15.2,healthy,0.0
fault_cooling_degradation_2,1121,1789813085.7531269,4721.3,126.76,746.25,4.33,104.43,0.0561,20.65,14.19,21.1,75.0,1500.0,15.2,healthy,0.0
fault_cooling_degradation_2,1122,1789813086.7531269,4724.6,126.55,744.75,4.34,104.4,0.0637,20.66,14.25,21.36,75.0,1500.0,15.2,healthy,0.0
fault_cooling_degradation_2,1123,1789813087.7531269,4711.0,126.59,741.84,4.33,104.31,0.0678,20.64,14.28,20.99,75.0,1500.0,15.2,healthy,0.0
fault_cooling_degradation_2,1124,1789813088.7531269,4694.2,126.35,741.75,4.34,104.19,0.064,20.44,14.32,21.14,75.0,1500.0,15.2,healthy,0.0
fault_cooling_degradation_2,1125,1789813089.7531269,4722.2,126.14,744.02,4.33,104.17,0.0681,20.5,14.3,21.27,75.0,1500.0,15.2,healthy,0.0
fault_cooling_degradation_2,1126,1789813090.7531269,4722.0,126.35,743.22,4.38,104.18,0.0729,20.47,14.27,21.24,75.0,1500.0,15.2,healthy,0.0
fault_cooling_degradation_2,1127,1789813091.7531269,4716.9,126.2,741.16,4.52,104.19,0.0701,20.46,14.35,21.26,75.0,1500.0,15.2,healthy,0.0
fault_cooling_degradation_2,1128,1789813092.7531269,4742.9,126.7,742.47,4.45,104.33,0.0661,20.41,14.26,21.21,75.0,1500.0,15.2,healthy,0.0
fault_cooling_degradation_2,1129,1789813093.7531269,4726.0,126.67,741.83,4.42,104.21,0.0679,20.53,14.27,21.48,75.0,1500.0,15.2,healthy,0.0
fault_cooling_degradation_2,1130,1789813094.7531269,4730.8,126.57,740.74,4.41,104.37,0.0752,20.4,14.29,21.2,75.0,1500.0,15.2,healthy,0.0
fault_cooling_degradation_2,1131,1789813095.7531269,4719.5,126.84,743.61,4.42,104.2,0.0733,20.5,14.24,21.27,75.0,1500.0,15.2,healthy,0.0
fault_cooling_degradation_2,1132,1789813096.7531269,4726.0,126.73,743.46,4.41,104.16,0.0815,20.44,14.27,21.31,75.0,1500.0,15.2,healthy,0.0
fault_cooling_degradation_2,1133,1789813097.7531269,4718.5,126.74,745.94,4.42,104.05,0.0824,20.44,14.37,20.95,75.0,1500.0,15.2,healthy,0.0
fault_cooling_degradation_2,1134,1789813098.7531269,4702.5,126.62,743.19,4.43,104.14,0.0756,20.45,14.41,20.92,75.0,1500.0,15.2,healthy,0.0
fault_cooling_degradation_2,1135,1789813099.7531269,4692.0,126.45,746.49,4.42,104.18,0.0715,20.41,14.41,21.25,75.0,1500.0,15.2,healthy,0.0
fault_cooling_degradation_2,1136,1789813100.7531269,4669.8,126.57,746.62,4.29,104.28,0.0612,20.4,14.31,21.4,75.0,1500.0,15.2,healthy,0.0
fault_cooling_degradation_2,1137,1789813101.7531269,4672.6,126.56,741.97,4.35,104.11,0.0648,20.38,14.36,21.49,75.0,1500.0,15.2,healthy,0.0
fault_cooling_degradation_2,1138,1789813102.7531269,4666.3,126.63,741.7,4.35,104.3,0.0578,20.25,14.3,21.56,75.0,1500.0,15.2,healthy,0.0
fault_cooling_degradation_2,1139,1789813103.7531269,4681.6,126.67,734.82,4.34,104.25,0.0591,20.22,14.31,21.15,75.0,1500.0,15.2,healthy,0.0
fault_cooling_degradation_2,1140,1789813104.7531269,4669.7,126.63,738.12,4.27,104.19,0.0637,20.26,14.35,21.38,75.0,1500.0,15.2,healthy,0.0
fault_cooling_degradation_2,1141,1789813105.7531269,4682.0,126.39,740.97,4.23,104.16,0.0588,20.36,14.3,21.36,75.0,1500.0,15.2,healthy,0.0
fault_cooling_degradation_2,1142,1789813106.7531269,4674.2,126.29,740.36,4.29,104.02,0.0615,20.24,14.26,21.35,75.0,1500.0,15.2,healthy,0.0
fault_cooling_degradation_2,1143,1789813107.7531269,4692.2,126.86,744.1,4.21,104.22,0.0641,20.31,14.27,21.28,75.0,1500.0,15.2,healthy,0.0
fault_cooling_degradation_2,1144,1789813108.7531269,4677.6,126.91,744.08,4.08,104.39,0.068,20.41,14.27,21.28,75.0,1500.0,15.2,healthy,0.0
fault_cooling_degradation_2,1145,1789813109.7531269,4643.5,126.78,741.65,4.16,104.2,0.0696,20.44,14.29,21.16,75.0,1500.0,15.2,healthy,0.0
fault_cooling_degradation_2,1146,1789813110.7531269,4673.9,126.75,740.97,4.23,104.22,0.0652,20.48,14.23,20.83,75.0,1500.0,15.2,healthy,0.0
fault_cooling_degradation_2,1147,1789813111.7531269,4665.6,126.72,740.4,4.24,104.36,0.0674,20.5,14.17,21.08,75.0,1500.0,15.2,healthy,0.0
fault_cooling_degradation_2,1148,1789813112.7531269,4653.5,126.7,744.1,4.24,104.37,0.067,20.38,14.14,21.11,75.0,1500.0,15.2,healthy,0.0
fault_cooling_degradation_2,1149,1789813113.7531269,4667.7,126.47,738.01,4.22,104.32,0.0684,20.29,14.23,21.2,75.0,1500.0,15.2,healthy,0.0
fault_cooling_degradation_2,1150,1789813114.7531269,4663.2,126.3,743.32,4.24,104.35,0.0602,20.32,14.2,21.35,75.0,1500.0,15.2,healthy,0.0
fault_cooling_degradation_2,1151,1789813115.7531269,4674.8,126.06,743.64,4.26,104.38,0.0603,20.19,14.13,21.18,75.0,1500.0,15.2,healthy,0.0
fault_cooling_degradation_2,1152,1789813116.7531269,4652.3,126.11,745.67,4.3,104.46,0.0719,20.16,14.13,21.09,75.0,1500.0,15.2,healthy,0.0
fault_cooling_degradation_2,1153,1789813117.7531269,4669.2,125.78,740.66,4.34,104.54,0.0716,20.19,14.13,21.3,75.0,1500.0,15.2,healthy,0.0
fault_cooling_degradation_2,1154,1789813118.7531269,4663.0,125.53,740.56,4.4,104.45,0.0685,20.23,14.07,20.95,75.0,1500.0,15.2,healthy,0.0
fault_cooling_degradation_2,1155,1789813119.7531269,4658.5,125.66,738.65,4.39,104.24,0.0689,20.43,14.1,20.92,75.0,1500.0,15.2,healthy,0.0
fault_cooling_degradation_2,1156,1789813120.7531269,4673.2,126.04,736.59,4.33,104.19,0.0678,20.37,14.1,21.24,75.0,1500.0,15.2,healthy,0.0
fault_cooling_degradation_2,1157,1789813121.7531269,4669.3,125.63,740.49,4.3,104.13,0.0694,20.39,14.1,21.29,75.0,1500.0,15.2,healthy,0.0
fault_cooling_degradation_2,1158,1789813122.7531269,4665.2,125.91,738.81,4.33,104.18,0.07,20.09,14.15,21.11,75.0,1500.0,15.2,healthy,0.0
fault_cooling_degradation_2,1159,1789813123.7531269,4682.3,126.07,741.27,4.37,104.17,0.0713,20.16,14.14,21.25,75.0,1500.0,15.2,healthy,0.0
fault_cooling_degradation_2,1160,1789813124.7531269,4713.9,126.29,737.24,4.33,104.29,0.071,20.14,14.1,21.18,75.0,1500.0,15.2,healthy,0.0
fault_cooling_degradation_2,1161,1789813125.7531269,4694.2,126.42,739.13,4.35,104.26,0.0728,20.14,14.11,21.22,75.0,1500.0,15.2,healthy,0.0
fault_cooling_degradation_2,1162,1789813126.7531269,4711.6,126.51,740.71,4.28,104.07,0.0654,20.25,14.18,21.19,75.0,1500.0,15.2,healthy,0.0
fault_cooling_degradation_2,1163,1789813127.7531269,4698.7,126.35,740.18,4.36,104.15,0.0647,20.4,14.2,21.06,75.0,1500.0,15.2,healthy,0.0
fault_cooling_degradation_2,1164,1789813128.7531269,4710.0,126.58,737.96,4.36,104.13,0.0614,20.41,14.09,21.05,75.0,1500.0,15.2,healthy,0.0
fault_cooling_degradation_2,1165,1789813129.7531269,4716.5,126.51,739.75,4.35,104.17,0.0616,20.42,14.02,21.51,75.0,1500.0,15.2,healthy,0.0
fault_cooling_degradation_2,1166,1789813130.7531269,4737.9,126.48,744.73,4.33,104.05,0.068,20.41,14.0,21.48,75.0,1500.0,15.2,healthy,0.0
fault_cooling_degradation_2,1167,1789813131.7531269,4753.1,126.31,744.16,4.34,104.11,0.0674,20.44,14.06,20.94,75.0,1500.0,15.2,healthy,0.0
fault_cooling_degradation_2,1168,1789813132.7531269,4761.6,126.36,745.2,4.32,104.18,0.069,20.39,14.06,20.99,75.0,1500.0,15.2,healthy,0.0
fault_cooling_degradation_2,1169,1789813133.7531269,4766.2,126.34,740.89,4.39,104.09,0.0696,20.2,13.96,20.75,75.0,1500.0,15.2,healthy,0.0
fault_cooling_degradation_2,1170,1789813134.7531269,4738.3,125.93,740.44,4.39,104.09,0.0546,20.26,14.0,21.21,75.0,1500.0,15.2,healthy,0.0
fault_cooling_degradation_2,1171,1789813135.7531269,4735.2,126.18,741.28,4.33,104.23,0.0687,20.19,13.98,21.18,75.0,1500.0,15.2,healthy,0.0
fault_cooling_degradation_2,1172,1789813136.7531269,4744.9,126.12,742.04,4.43,104.17,0.0672,20.16,14.05,21.33,75.0,1500.0,15.2,healthy,0.0
fault_cooling_degradation_2,1173,1789813137.7531269,4749.2,126.2,738.79,4.35,104.17,0.0659,20.28,14.12,20.92,75.0,1500.0,15.2,healthy,0.0
fault_cooling_degradation_2,1174,1789813138.7531269,4709.7,126.42,738.31,4.41,104.24,0.0621,20.26,14.14,21.49,75.0,1500.0,15.2,healthy,0.0
fault_cooling_degradation_2,1175,1789813139.7531269,4725.4,126.63,736.71,4.41,104.18,0.0682,20.16,14.12,21.33,75.0,1500.0,15.2,healthy,0.0
fault_cooling_degradation_2,1176,1789813140.7531269,4719.3,126.8,738.61,4.33,104.15,0.0701,20.11,14.11,21.14,75.0,1500.0,15.2,healthy,0.0
fault_cooling_degradation_2,1177,1789813141.7531269,4708.0,126.91,740.75,4.33,103.98,0.0718,20.1,14.16,21.12,75.0,1500.0,15.2,healthy,0.0
fault_cooling_degradation_2,1178,1789813142.7531269,4711.2,127.2,734.61,4.45,104.03,0.0757,20.14,14.16,21.33,75.0,1500.0,15.2,healthy,0.0
fault_cooling_degradation_2,1179,1789813143.7531269,4708.0,127.42,742.47,4.31,103.86,0.0772,20.21,14.17,21.34,75.0,1500.0,15.2,healthy,0.0
fault_cooling_degradation_2,1180,1789813144.7531269,4737.6,127.25,740.32,4.26,103.8,0.08,20.36,14.12,21.39,75.0,1500.0,15.2,healthy,0.0
fault_cooling_degradation_2,1181,1789813145.7531269,4736.6,127.21,742.06,4.23,103.67,0.0703,20.35,14.14,21.69,75.0,1500.0,15.2,healthy,0.0
fault_cooling_degradation_2,1182,1789813146.7531269,4738.6,127.12,742.59,4.27,103.64,0.066,20.19,14.19,21.5,75.0,1500.0,15.2,healthy,0.0
fault_cooling_degradation_2,1183,1789813147.7531269,4757.1,126.75,739.76,4.23,103.64,0.0638,20.16,14.15,21.47,75.0,1500.0,15.2,healthy,0.0
fault_cooling_degradation_2,1184,1789813148.7531269,4741.8,126.72,742.18,4.31,103.69,0.0594,20.23,14.19,21.4,75.0,1500.0,15.2,healthy,0.0
fault_cooling_degradation_2,1185,1789813149.7531269,4718.7,126.78,738.79,4.32,103.91,0.0699,20.24,14.08,21.22,75.0,1500.0,15.2,healthy,0.0
fault_cooling_degradation_2,1186,1789813150.7531269,4706.4,126.78,741.07,4.32,104.14,0.0753,20.38,14.09,20.97,75.0,1500.0,15.2,healthy,0.0
fault_cooling_degradation_2,1187,1789813151.7531269,4688.6,126.86,737.69,4.34,104.19,0.0797,20.38,14.07,21.14,75.0,1500.0,15.2,healthy,0.0
fault_cooling_degradation_2,1188,1789813152.7531269,4688.1,126.69,735.51,4.32,104.16,0.0762,20.22,14.05,21.04,75.0,1500.0,15.2,healthy,0.0
fault_cooling_degradation_2,1189,1789813153.7531269,4673.8,126.59,740.38,4.36,104.14,0.0768,20.06,14.09,21.25,75.0,1500.0,15.2,healthy,0.0
fault_cooling_degradation_2,1190,1789813154.7531269,4670.0,126.34,743.51,4.41,104.28,0.0829,20.1,14.01,21.27,75.0,1500.0,15.2,healthy,0.0
fault_cooling_degradation_2,1191,1789813155.7531269,4694.4,126.46,742.85,4.41,104.5,0.0837,19.98,14.07,21.35,75.0,1500.0,15.2,healthy,0.0
fault_cooling_degradation_2,1192,1789813156.7531269,4685.0,126.72,742.56,4.42,104.42,0.0785,20.07,14.06,21.42,75.0,1500.0,15.2,healthy,0.0
fault_cooling_degradation_2,1193,1789813157.7531269,4668.8,126.69,743.81,4.4,104.47,0.0749,20.17,14.08,21.03,75.0,1500.0,15.2,healthy,0.0
fault_cooling_degradation_2,1194,1789813158.7531269,4661.4,126.65,742.62,4.44,104.31,0.0666,20.25,14.07,20.95,75.0,1500.0,15.2,healthy,0.0
fault_cooling_degradation_2,1195,1789813159.7531269,4681.8,126.71,738.55,4.37,104.34,0.0676,20.16,14.08,21.14,75.0,1500.0,15.2,healthy,0.0
fault_cooling_degradation_2,1196,1789813160.7531269,4682.7,126.81,741.92,4.44,104.39,0.069,20.28,14.11,20.79,75.0,1500.0,15.2,healthy,0.0
fault_cooling_degradation_2,1197,1789813161.7531269,4683.1,126.76,740.52,4.43,104.2,0.079,20.2,14.09,21.2,75.0,1500.0,15.2,healthy,0.0
fault_cooling_degradation_2,1198,1789813162.7531269,4685.7,126.92,746.33,4.43,104.2,0.0797,20.24,14.11,20.87,75.0,1500.0,15.2,healthy,0.0
fault_cooling_degradation_2,1199,1789813163.7531269,4667.2,126.89,746.8,4.4,104.11,0.0741,20.28,14.16,20.82,75.0,1500.0,15.2,healthy,0.0
fault_cooling_degradation_2,1200,1789813164.7531269,4671.8,126.64,739.16,4.4,104.05,0.0776,20.33,14.11,21.01,75.0,1500.0,15.2,healthy,0.0
fault_cooling_degradation_2,1201,1789813165.7531269,4660.2,126.86,737.72,4.44,104.11,0.0795,20.17,14.12,21.21,75.0,1500.0,15.2,healthy,0.0
fault_cooling_degradation_2,1202,1789813166.7531269,4677.4,126.62,737.49,4.42,104.06,0.0707,20.18,14.06,21.37,75.0,1500.0,15.2,healthy,0.0
fault_cooling_degradation_2,1203,1789813167.7531269,4669.9,126.61,737.16,4.44,104.08,0.0706,20.17,14.15,21.49,75.0,1500.0,15.2,healthy,0.0
fault_cooling_degradation_2,1204,1789813168.7531269,4666.3,126.44,738.79,4.4,104.05,0.0736,20.2,14.05,21.28,75.0,1500.0,15.2,healthy,0.0
fault_cooling_degradation_2,1205,1789813169.7531269,4670.7,126.45,733.83,4.4,103.92,0.0687,20.21,13.99,21.07,75.0,1500.0,15.2,healthy,0.0
fault_cooling_degradation_2,1206,1789813170.7531269,4684.6,126.34,739.36,4.39,103.89,0.0696,20.34,14.06,21.0,75.0,1500.0,15.2,healthy,0.0
fault_cooling_degradation_2,1207,1789813171.7531269,4672.4,126.6,738.38,4.37,103.97,0.0671,20.39,14.05,21.2,75.0,1500.0,15.2,healthy,0.0
fault_cooling_degradation_2,1208,1789813172.7531269,4670.4,126.62,745.45,4.37,103.83,0.0594,20.35,14.02,21.3,75.0,1500.0,15.2,healthy,0.0
fault_cooling_degradation_2,1209,1789813173.7531269,4680.7,126.89,745.28,4.39,104.07,0.0638,20.18,14.07,21.47,75.0,1500.0,15.2,healthy,0.0
fault_cooling_degradation_2,1210,1789813174.7531269,4704.0,127.11,747.44,4.38,104.18,0.0585,20.19,14.08,21.04,75.0,1500.0,15.2,healthy,0.0
fault_cooling_degradation_2,1211,1789813175.7531269,4698.7,127.2,742.02,4.42,104.14,0.0616,20.23,14.15,20.76,75.0,1500.0,15.2,healthy,0.0
fault_cooling_degradation_2,1212,1789813176.7531269,4687.8,127.03,740.87,4.44,104.05,0.0674,20.19,14.07,21.03,75.0,1500.0,15.2,healthy,0.0
fault_cooling_degradation_2,1213,1789813177.7531269,4693.7,127.01,741.69,4.44,104.0,0.0699,20.23,14.06,21.0,75.0,1500.0,15.2,healthy,0.0
fault_cooling_degradation_2,1214,1789813178.7531269,4680.9,126.8,738.18,4.47,104.0,0.0721,20.26,14.09,21.47,75.0,1500.0,15.2,healthy,0.0
fault_cooling_degradation_2,1215,1789813179.7531269,4696.4,126.48,737.17,4.37,104.07,0.0648,20.14,14.16,20.94,75.0,1500.0,15.2,healthy,0.0
fault_cooling_degradation_2,1216,1789813180.7531269,4693.4,126.51,733.38,4.29,104.02,0.0601,20.17,14.23,21.02,75.0,1500.0,15.2,healthy,0.0
fault_cooling_degradation_2,1217,1789813181.7531269,4677.9,126.2,732.55,4.34,103.97,0.0561,20.12,14.16,21.08,75.0,1500.0,15.2,healthy,0.0
fault_cooling_degradation_2,1218,1789813182.7531269,4697.2,126.23,736.41,4.31,103.91,0.0639,20.11,14.23,21.2,75.0,1500.0,15.2,healthy,0.0
fault_cooling_degradation_2,1219,1789813183.7531269,4699.9,126.27,735.81,4.38,103.83,0.0674,20.21,14.27,21.17,75.0,1500.0,15.2,healthy,0.0
fault_cooling_degradation_2,1220,1789813184.7531269,4690.8,126.22,740.26,4.29,103.61,0.0632,20.05,14.21,21.24,75.0,1500.0,15.2,healthy,0.0
fault_cooling_degradation_2,1221,1789813185.7531269,4706.3,126.35,740.11,4.22,103.73,0.065,19.99,14.21,21.39,75.0,1500.0,15.2,healthy,0.0
fault_cooling_degradation_2,1222,1789813186.7531269,4705.2,126.54,741.34,4.34,103.81,0.0763,19.91,14.18,21.08,75.0,1500.0,15.2,healthy,0.0
fault_cooling_degradation_2,1223,1789813187.7531269,4700.6,126.48,744.42,4.36,103.64,0.0848,20.04,14.22,21.27,75.0,1500.0,15.2,healthy,0.0
fault_cooling_degradation_2,1224,1789813188.7531269,4717.7,126.59,744.45,4.32,103.51,0.0816,20.15,14.16,21.18,75.0,1500.0,15.2,healthy,0.0
fault_cooling_degradation_2,1225,1789813189.7531269,4742.4,126.38,744.85,4.27,103.44,0.0738,20.13,14.17,20.8,75.0,1500.0,15.2,healthy,0.0
fault_cooling_degradation_2,1226,1789813190.7531269,4730.9,126.35,742.95,4.29,103.43,0.0731,20.44,14.13,20.79,75.0,1500.0,15.2,healthy,0.0
fault_cooling_degradation_2,1227,1789813191.7531269,4725.1,126.79,742.5,4.3,103.36,0.0683,20.41,14.22,20.77,75.0,1500.0,15.2,healthy,0.0
fault_cooling_degradation_2,1228,1789813192.7531269,4702.6,126.47,745.37,4.37,103.44,0.0704,20.36,14.26,21.02,75.0,1500.0,15.2,healthy,0.0
fault_cooling_degradation_2,1229,1789813193.7531269,4699.3,126.41,742.11,4.36,103.44,0.0786,20.24,14.16,21.29,75.0,1500.0,15.2,healthy,0.0
fault_cooling_degradation_2,1230,1789813194.7531269,4699.2,126.46,739.56,4.37,103.62,0.0694,20.2,14.12,21.17,75.0,1500.0,15.2,healthy,0.0
fault_cooling_degradation_2,1231,1789813195.7531269,4658.2,126.08,739.0,4.36,103.68,0.0701,20.07,14.12,20.85,75.0,1500.0,15.2,healthy,0.0
fault_cooling_degradation_2,1232,1789813196.7531269,4649.7,126.25,737.94,4.52,103.82,0.0715,20.2,14.1,20.97,75.0,1500.0,15.2,healthy,0.0
fault_cooling_degradation_2,1233,1789813197.7531269,4644.1,125.94,738.49,4.39,103.75,0.0689,20.25,14.1,21.15,75.0,1500.0,15.2,healthy,0.0
fault_cooling_degradation_2,1234,1789813198.7531269,4645.9,125.89,734.63,4.33,104.0,0.068,20.1,14.13,21.18,75.0,1500.0,15.2,healthy,0.0
fault_cooling_degradation_2,1235,1789813199.7531269,4679.8,126.04,739.39,4.4,103.9,0.0741,20.09,14.16,21.35,75.0,1500.0,15.2,healthy,0.0
fault_cooling_degradation_2,1236,1789813200.7531269,4667.9,126.0,744.26,4.3,103.85,0.0687,20.22,14.18,21.17,75.0,1500.0,15.2,healthy,0.0
fault_cooling_degradation_2,1237,1789813201.7531269,4676.7,126.15,746.36,4.31,103.79,0.071,20.31,14.14,21.22,75.0,1500.0,15.2,healthy,0.0
fault_cooling_degradation_2,1238,1789813202.7531269,4690.6,126.12,746.48,4.31,103.59,0.0666,20.32,14.11,21.3,75.0,1500.0,15.2,healthy,0.0
fault_cooling_degradation_2,1239,1789813203.7531269,4686.6,126.15,749.44,4.37,103.66,0.0706,20.39,14.1,21.37,75.0,1500.0,15.2,healthy,0.0
fault_cooling_degradation_2,1240,1789813204.7531269,4693.4,126.06,752.91,4.38,103.51,0.07,20.34,14.16,21.25,75.0,1500.0,15.2,healthy,0.0
fault_cooling_degradation_2,1241,1789813205.7531269,4695.7,126.28,752.89,4.4,103.71,0.0742,20.4,14.24,21.48,75.0,1500.0,15.2,healthy,0.0
fault_cooling_degradation_2,1242,1789813206.7531269,4706.7,126.55,752.5,4.41,103.84,0.0766,20.32,14.17,21.39,75.0,1500.0,15.2,healthy,0.0
fault_cooling_degradation_2,1243,1789813207.7531269,4697.9,126.42,752.59,4.42,103.72,0.0806,20.06,14.18,21.17,75.0,1500.0,15.2,healthy,0.0
fault_cooling_degradation_2,1244,1789813208.7531269,4680.6,126.07,748.3,4.34,103.65,0.0794,20.03,14.09,20.97,75.0,1500.0,15.2,healthy,0.0
fault_cooling_degradation_2,1245,1789813209.7531269,4666.0,126.36,747.96,4.45,103.56,0.0804,20.06,14.08,21.0,75.0,1500.0,15.2,healthy,0.0
fault_cooling_degradation_2,1246,1789813210.7531269,4641.6,126.08,742.44,4.37,103.56,0.0802,20.13,14.13,20.77,75.0,1500.0,15.2,healthy,0.0
fault_cooling_degradation_2,1247,1789813211.7531269,4678.9,126.41,744.79,4.41,103.55,0.0688,20.11,14.1,21.05,75.0,1500.0,15.2,healthy,0.0
fault_cooling_degradation_2,1248,1789813212.7531269,4684.4,126.54,738.2,4.43,103.43,0.07,20.06,14.08,21.46,75.0,1500.0,15.2,healthy,0.0
fault_cooling_degradation_2,1249,1789813213.7531269,4700.4,126.86,737.35,4.53,103.31,0.0684,20.16,14.01,21.44,75.0,1500.0,15.2,healthy,0.0
fault_cooling_degradation_2,1250,1789813214.7531269,4671.0,126.81,739.78,4.43,103.48,0.0683,20.28,14.05,21.38,75.0,1500.0,15.2,healthy,0.0
fault_cooling_degradation_2,1251,1789813215.7531269,4679.6,127.12,739.15,4.42,103.46,0.0737,20.35,14.01,21.19,75.0,1500.0,15.2,healthy,0.0
fault_cooling_degradation_2,1252,1789813216.7531269,4705.7,127.2,741.5,4.44,103.67,0.0698,20.27,13.98,21.12,75.0,1500.0,15.2,healthy,0.0
fault_cooling_degradation_2,1253,1789813217.7531269,4686.5,126.86,738.51,4.45,103.59,0.0657,20.26,13.93,21.13,75.0,1500.0,15.2,healthy,0.0
fault_cooling_degradation_2,1254,1789813218.7531269,4687.7,126.8,737.81,4.33,103.77,0.064,20.14,13.89,21.07,75.0,1500.0,15.2,healthy,0.0
fault_cooling_degradation_2,1255,1789813219.7531269,4689.7,127.1,738.76,4.27,103.96,0.0631,20.04,13.89,21.33,75.0,1500.0,15.2,healthy,0.0
fault_cooling_degradation_2,1256,1789813220.7531269,4700.4,126.99,739.45,4.24,103.85,0.0601,19.99,13.81,20.95,75.0,1500.0,15.2,healthy,0.0
fault_cooling_degradation_2,1257,1789813221.7531269,4690.9,126.9,736.53,4.26,103.78,0.0674,20.04,13.83,20.86,75.0,1500.0,15.2,healthy,0.0
fault_cooling_degradation_2,1258,1789813222.7531269,4678.4,126.6,736.93,4.32,103.79,0.0777,20.07,13.93,21.16,75.0,1500.0,15.2,healthy,0.0
fault_cooling_degradation_2,1259,1789813223.7531269,4671.7,126.28,741.37,4.36,103.74,0.0752,20.16,13.92,21.47,75.0,1500.0,15.2,healthy,0.0
fault_cooling_degradation_2,1260,1789813224.7531269,4668.3,126.2,735.77,4.33,103.8,0.0721,20.08,13.88,21.28,75.0,1500.0,15.2,healthy,0.0
fault_cooling_degradation_2,1261,1789813225.7531269,4670.3,126.09,738.9,4.43,103.74,0.0687,20.08,13.95,21.43,75.0,1500.0,15.2,healthy,0.0
fault_cooling_degradation_2,1262,1789813226.7531269,4650.2,126.12,733.6,4.45,103.81,0.0787,20.14,14.0,21.17,75.0,1500.0,15.2,healthy,0.0
fault_cooling_degradation_2,1263,1789813227.7531269,4644.2,126.05,740.47,4.4,103.79,0.0801,20.2,14.08,21.2,75.0,1500.0,15.2,healthy,0.0
fault_cooling_degradation_2,1264,1789813228.7531269,4661.7,125.92,742.91,4.43,103.63,0.0726,20.24,14.02,21.08,75.0,1500.0,15.2,healthy,0.0
fault_cooling_degradation_2,1265,1789813229.7531269,4654.4,125.64,745.06,4.38,103.68,0.0687,20.21,14.07,21.32,75.0,1500.0,15.2,healthy,0.0
fault_cooling_degradation_2,1266,1789813230.7531269,4679.5,125.94,747.84,4.34,103.73,0.0668,20.1,14.12,21.24,75.0,1500.0,15.2,healthy,0.0
fault_cooling_degradation_2,1267,1789813231.7531269,4703.3,125.7,744.2,4.39,103.83,0.0663,20.29,14.06,21.44,75.0,1500.0,15.2,healthy,0.0
fault_cooling_degradation_2,1268,1789813232.7531269,4698.5,125.95,742.73,4.34,103.99,0.0749,20.43,14.12,21.58,75.0,1500.0,15.2,healthy,0.0
fault_cooling_degradation_2,1269,1789813233.7531269,4690.0,126.13,746.58,4.35,103.94,0.069,20.41,14.13,21.38,75.0,1500.0,15.2,healthy,0.0
fault_cooling_degradation_2,1270,1789813234.7531269,4709.7,126.4,745.44,4.31,103.86,0.0687,20.34,14.09,21.5,75.0,1500.0,15.2,healthy,0.0
fault_cooling_degradation_2,1271,1789813235.7531269,4721.3,126.28,743.77,4.22,103.81,0.0648,20.36,14.05,21.6,75.0,1500.0,15.2,healthy,0.0
fault_cooling_degradation_2,1272,1789813236.7531269,4712.3,126.14,740.04,4.22,103.91,0.0723,20.49,14.03,21.54,75.0,1500.0,15.2,healthy,0.0
fault_cooling_degradation_2,1273,1789813237.7531269,4711.5,126.32,742.86,4.27,103.96,0.0702,20.4,14.07,21.12,75.0,1500.0,15.2,healthy,0.0
fault_cooling_degradation_2,1274,1789813238.7531269,4712.5,126.15,744.17,4.33,103.9,0.0633,20.25,14.09,21.45,75.0,1500.0,15.2,healthy,0.0
fault_cooling_degradation_2,1275,1789813239.7531269,4705.0,126.02,742.07,4.35,103.98,0.057,20.36,14.13,21.47,75.0,1500.0,15.2,healthy,0.0
fault_cooling_degradation_2,1276,1789813240.7531269,4727.5,126.19,743.05,4.36,103.9,0.0635,20.2,14.16,21.43,75.0,1500.0,15.2,healthy,0.0
fault_cooling_degradation_2,1277,1789813241.7531269,4685.6,126.21,742.86,4.36,103.88,0.0646,20.2,14.27,21.41,75.0,1500.0,15.2,healthy,0.0
fault_cooling_degradation_2,1278,1789813242.7531269,4668.6,126.27,742.01,4.32,104.03,0.0704,20.27,14.32,21.31,75.0,1500.0,15.2,healthy,0.0
fault_cooling_degradation_2,1279,1789813243.7531269,4692.7,126.04,741.8,4.42,104.12,0.068,20.13,14.32,21.35,75.0,1500.0,15.2,healthy,0.0
fault_cooling_degradation_2,1280,1789813244.7531269,4697.2,126.39,739.43,4.46,104.1,0.0652,20.23,14.31,21.52,75.0,1500.0,15.2,healthy,0.0
fault_cooling_degradation_2,1281,1789813245.7531269,4678.4,126.39,739.08,4.51,104.02,0.0696,20.26,14.27,21.55,75.0,1500.0,15.2,healthy,0.0
fault_cooling_degradation_2,1282,1789813246.7531269,4683.7,126.13,738.17,4.4,103.93,0.0749,20.32,14.35,21.51,75.0,1500.0,15.2,healthy,0.0
fault_cooling_degradation_2,1283,1789813247.7531269,4701.6,126.17,741.06,4.38,103.92,0.0716,20.31,14.33,21.52,75.0,1500.0,15.2,healthy,0.0
fault_cooling_degradation_2,1284,1789813248.7531269,4695.6,126.35,738.65,4.44,103.95,0.0638,20.44,14.23,21.4,75.0,1500.0,15.2,healthy,0.0
fault_cooling_degradation_2,1285,1789813249.7531269,4690.6,126.42,737.17,4.39,103.83,0.0718,20.41,14.24,21.17,75.0,1500.0,15.2,healthy,0.0
fault_cooling_degradation_2,1286,1789813250.7531269,4703.2,126.58,737.68,4.37,103.68,0.0769,20.52,14.16,20.96,75.0,1500.0,15.2,healthy,0.0
fault_cooling_degradation_2,1287,1789813251.7531269,4690.2,126.55,740.09,4.39,103.86,0.0773,20.43,14.21,21.14,75.0,1500.0,15.2,healthy,0.0
fault_cooling_degradation_2,1288,1789813252.7531269,4705.7,126.44,734.59,4.34,103.91,0.0771,20.37,14.18,21.26,75.0,1500.0,15.2,healthy,0.0
fault_cooling_degradation_2,1289,1789813253.7531269,4709.9,126.51,733.23,4.43,103.73,0.0748,20.29,14.26,21.08,75.0,1500.0,15.2,healthy,0.0
fault_cooling_degradation_2,1290,1789813254.7531269,4711.6,126.62,741.49,4.4,103.67,0.0744,20.12,14.26,20.9,75.0,1500.0,15.2,healthy,0.0
fault_cooling_degradation_2,1291,1789813255.7531269,4706.9,126.65,740.23,4.36,103.65,0.0787,20.14,14.27,20.87,75.0,1500.0,15.2,healthy,0.0
fault_cooling_degradation_2,1292,1789813256.7531269,4707.0,126.61,744.41,4.33,103.63,0.0741,20.1,14.32,20.75,75.0,1500.0,15.2,healthy,0.0
fault_cooling_degradation_2,1293,1789813257.7531269,4694.8,126.34,738.39,4.29,103.79,0.0802,20.07,14.32,21.0,75.0,1500.0,15.2,healthy,0.0
fault_cooling_degradation_2,1294,1789813258.7531269,4694.4,126.34,743.44,4.33,103.78,0.0779,20.13,14.19,21.17,75.0,1500.0,15.2,healthy,0.0
fault_cooling_degradation_2,1295,1789813259.7531269,4689.9,126.55,739.7,4.44,103.59,0.0735,20.13,14.19,21.31,75.0,1500.0,15.2,healthy,0.0
fault_cooling_degradation_2,1296,1789813260.7531269,4697.3,126.57,734.8,4.46,103.4,0.0597,20.21,14.14,21.0,75.0,1500.0,15.2,healthy,0.0
fault_cooling_degradation_2,1297,1789813261.7531269,4706.3,126.2,735.34,4.42,103.61,0.07,20.1,14.11,20.98,75.0,1500.0,15.2,healthy,0.0
fault_cooling_degradation_2,1298,1789813262.7531269,4708.7,126.45,733.43,4.36,103.53,0.0768,19.93,14.07,20.69,75.0,1500.0,15.2,healthy,0.0
fault_cooling_degradation_2,1299,1789813263.7531269,4696.8,126.12,736.82,4.41,103.4,0.0698,19.91,14.02,20.97,75.0,1500.0,15.2,healthy,0.0
fault_cooling_degradation_2,1300,1789813264.7531269,4697.8,126.14,736.88,4.32,103.31,0.0632,20.02,13.99,21.42,75.0,1500.0,15.2,healthy,0.0
fault_cooling_degradation_2,1301,1789813265.7531269,4709.6,125.9,737.74,4.32,103.37,0.0693,20.07,14.07,21.36,75.0,1500.0,15.2,healthy,0.0
fault_cooling_degradation_2,1302,1789813266.7531269,4713.2,126.16,736.78,4.26,103.25,0.0702,20.01,14.14,21.03,75.0,1500.0,15.2,healthy,0.0
fault_cooling_degradation_2,1303,1789813267.7531269,4708.8,126.27,732.07,4.25,103.34,0.0708,20.08,14.17,21.05,75.0,1500.0,15.2,healthy,0.0
fault_cooling_degradation_2,1304,1789813268.7531269,4711.6,126.36,741.02,4.25,103.44,0.0749,20.03,14.21,21.29,75.0,1500.0,15.2,healthy,0.0
fault_cooling_degradation_2,1305,1789813269.7531269,4704.8,126.39,738.66,4.27,103.48,0.0835,20.24,14.18,20.87,75.0,1500.0,15.2,healthy,0.0
fault_cooling_degradation_2,1306,1789813270.7531269,4712.8,126.26,739.63,4.35,103.68,0.0838,20.05,14.23,21.41,75.0,1500.0,15.2,healthy,0.0
fault_cooling_degradation_2,1307,1789813271.7531269,4716.2,126.52,735.83,4.36,103.65,0.0766,20.17,14.19,21.28,75.0,1500.0,15.2,healthy,0.0
fault_cooling_degradation_2,1308,1789813272.7531269,4716.7,126.22,733.36,4.36,103.72,0.0775,20.01,14.07,21.19,75.0,1500.0,15.2,healthy,0.0
fault_cooling_degradation_2,1309,1789813273.7531269,4728.8,126.43,739.58,4.33,103.58,0.0797,19.91,14.03,21.29,75.0,1500.0,15.2,healthy,0.0
fault_cooling_degradation_2,1310,1789813274.7531269,4721.1,126.27,741.29,4.38,103.4,0.0828,19.92,14.11,21.75,75.0,1500.0,15.2,healthy,0.0
fault_cooling_degradation_2,1311,1789813275.7531269,4712.7,126.12,741.22,4.33,103.57,0.0762,20.05,14.15,21.57,75.0,1500.0,15.2,healthy,0.0
fault_cooling_degradation_2,1312,1789813276.7531269,4713.3,126.32,737.08,4.38,103.64,0.0836,19.84,14.05,21.4,75.0,1500.0,15.2,healthy,0.0
fault_cooling_degradation_2,1313,1789813277.7531269,4745.3,126.24,741.95,4.39,103.49,0.0838,20.01,13.92,21.4,75.0,1500.0,15.2,healthy,0.0
fault_cooling_degradation_2,1314,1789813278.7531269,4734.6,125.97,744.77,4.39,103.58,0.0786,20.1,13.96,21.52,75.0,1500.0,15.2,healthy,0.0
fault_cooling_degradation_2,1315,1789813279.7531269,4712.5,125.91,743.09,4.3,103.58,0.0717,20.18,13.94,21.57,75.0,1500.0,15.2,healthy,0.0
fault_cooling_degradation_2,1316,1789813280.7531269,4726.1,125.84,743.81,4.23,103.52,0.0804,20.16,14.02,21.39,75.0,1500.0,15.2,healthy,0.0
fault_cooling_degradation_2,1317,1789813281.7531269,4725.1,125.65,745.1,4.17,103.48,0.0765,20.07,14.12,21.06,75.0,1500.0,15.2,healthy,0.0
fault_cooling_degradation_2,1318,1789813282.7531269,4729.2,125.53,739.9,4.24,103.61,0.0776,20.07,14.08,21.28,75.0,1500.0,15.2,healthy,0.0
fault_cooling_degradation_2,1319,1789813283.7531269,4706.9,125.4,740.24,4.28,103.58,0.0816,20.12,14.12,21.12,75.0,1500.0,15.2,healthy,0.0
fault_cooling_degradation_2,1320,1789813284.7531269,4708.0,125.35,746.58,4.3,103.43,0.0736,20.22,14.06,21.04,75.0,1500.0,15.2,healthy,0.0
fault_cooling_degradation_2,1321,1789813285.7531269,4705.0,125.74,744.08,4.43,103.45,0.0669,20.21,14.08,21.2,75.0,1500.0,15.2,healthy,0.0
fault_cooling_degradation_2,1322,1789813286.7531269,4677.2,125.64,737.56,4.31,103.4,0.0704,19.98,14.1,21.35,75.0,1500.0,15.2,healthy,0.0
fault_cooling_degradation_2,1323,1789813287.7531269,4673.9,125.49,750.25,4.34,103.56,0.0704,19.93,14.14,21.31,75.0,1500.0,15.2,healthy,0.0
fault_cooling_degradation_2,1324,1789813288.7531269,4680.7,125.43,749.28,4.27,103.61,0.0705,20.06,14.2,21.31,75.0,1500.0,15.2,healthy,0.0
fault_cooling_degradation_2,1325,1789813289.7531269,4660.8,125.51,746.54,4.28,103.62,0.0764,20.01,14.23,21.58,75.0,1500.0,15.2,healthy,0.0
fault_cooling_degradation_2,1326,1789813290.7531269,4663.6,125.55,742.17,4.38,103.59,0.0703,19.97,14.22,21.8,75.0,1500.0,15.2,healthy,0.0
fault_cooling_degradation_2,1327,1789813291.7531269,4659.8,125.49,740.29,4.29,103.62,0.0784,20.17,14.14,21.39,75.0,1500.0,15.2,healthy,0.0
fault_cooling_degradation_2,1328,1789813292.7531269,4649.5,125.51,740.23,4.26,103.67,0.0809,20.25,14.13,21.33,75.0,1500.0,15.2,healthy,0.0
fault_cooling_degradation_2,1329,1789813293.7531269,4643.6,125.55,743.57,4.29,103.55,0.0706,20.37,14.14,21.22,75.0,1500.0,15.2,healthy,0.0
fault_cooling_degradation_2,1330,1789813294.7531269,4687.9,125.81,740.66,4.26,103.59,0.0635,20.34,14.19,21.03,75.0,1500.0,15.2,healthy,0.0
fault_cooling_degradation_2,1331,1789813295.7531269,4704.7,125.84,738.38,4.36,103.58,0.0604,20.39,14.14,20.88,75.0,1500.0,15.2,healthy,0.0
fault_cooling_degradation_2,1332,1789813296.7531269,4681.6,125.85,738.08,4.33,103.47,0.0595,20.34,14.13,20.71,75.0,1500.0,15.2,healthy,0.0
fault_cooling_degradation_2,1333,1789813297.7531269,4667.3,125.97,739.26,4.31,103.48,0.0565,20.48,14.12,20.95,75.0,1500.0,15.2,healthy,0.0
fault_cooling_degradation_2,1334,1789813298.7531269,4670.3,126.1,744.36,4.31,103.44,0.0632,20.44,14.19,21.1,75.0,1500.0,15.2,healthy,0.0
fault_cooling_degradation_2,1335,1789813299.7531269,4665.7,126.17,743.48,4.31,103.4,0.068,20.28,14.26,21.38,75.0,1500.0,15.2,healthy,0.0
fault_cooling_degradation_2,1336,1789813300.7531269,4680.0,126.12,743.82,4.36,103.43,0.0723,20.34,14.24,21.22,75.0,1500.0,15.2,healthy,0.0
fault_cooling_degradation_2,1337,1789813301.7531269,4674.4,126.16,743.05,4.41,103.49,0.0711,20.38,14.21,21.13,75.0,1500.0,15.2,healthy,0.0
fault_cooling_degradation_2,1338,1789813302.7531269,4664.8,126.25,752.82,4.35,103.54,0.0666,20.29,14.21,20.87,75.0,1500.0,15.2,healthy,0.0
fault_cooling_degradation_2,1339,1789813303.7531269,4690.4,126.12,748.77,4.33,103.48,0.0618,20.36,14.23,21.19,75.0,1500.0,15.2,healthy,0.0
fault_cooling_degradation_2,1340,1789813304.7531269,4710.9,125.86,740.96,4.38,103.47,0.0695,20.23,14.25,21.13,75.0,1500.0,15.2,healthy,0.0
fault_cooling_degradation_2,1341,1789813305.7531269,4732.5,126.08,740.52,4.38,103.48,0.065,20.29,14.28,21.45,75.0,1500.0,15.2,healthy,0.0
fault_cooling_degradation_2,1342,1789813306.7531269,4711.3,126.02,736.38,4.3,103.42,0.0709,20.28,14.25,21.18,75.0,1500.0,15.2,healthy,0.0
fault_cooling_degradation_2,1343,1789813307.7531269,4711.1,126.11,736.2,4.24,103.34,0.0626,20.31,14.25,21.63,75.0,1500.0,15.2,healthy,0.0
fault_cooling_degradation_2,1344,1789813308.7531269,4701.4,126.03,736.91,4.22,103.35,0.0689,20.51,14.25,21.9,75.0,1500.0,15.2,healthy,0.0
fault_cooling_degradation_2,1345,1789813309.7531269,4685.4,126.15,731.45,4.31,103.27,0.074,20.35,14.25,21.52,75.0,1500.0,15.2,healthy,0.0
fault_cooling_degradation_2,1346,1789813310.7531269,4717.1,126.08,735.04,4.32,103.27,0.0708,20.25,14.12,21.42,75.0,1500.0,15.2,healthy,0.0
fault_cooling_degradation_2,1347,1789813311.7531269,4714.1,126.29,738.74,4.41,103.18,0.078,20.18,14.08,21.23,75.0,1500.0,15.2,healthy,0.0
fault_cooling_degradation_2,1348,1789813312.7531269,4709.4,126.18,737.85,4.47,103.23,0.0727,20.28,14.01,21.38,75.0,1500.0,15.2,healthy,0.0
fault_cooling_degradation_2,1349,1789813313.7531269,4674.9,126.17,738.44,4.5,103.17,0.0694,20.16,14.04,21.05,75.0,1500.0,15.2,healthy,0.0
fault_cooling_degradation_2,1350,1789813314.7531269,4680.8,126.0,743.99,4.52,103.12,0.0766,20.14,13.97,20.79,75.0,1500.0,15.2,healthy,0.0
fault_cooling_degradation_2,1351,1789813315.7531269,4706.1,126.14,738.49,4.48,103.12,0.0767,20.27,13.99,21.13,75.0,1500.0,15.2,healthy,0.0
fault_cooling_degradation_2,1352,1789813316.7531269,4722.5,126.31,739.41,4.38,103.12,0.072,20.38,13.93,21.01,75.0,1500.0,15.2,healthy,0.0
fault_cooling_degradation_2,1353,1789813317.7531269,4737.2,126.14,736.69,4.41,103.11,0.077,20.36,13.94,20.99,75.0,1500.0,15.2,healthy,0.0
fault_cooling_degradation_2,1354,1789813318.7531269,4742.9,126.25,734.16,4.4,103.15,0.0762,20.21,13.97,21.21,75.0,1500.0,15.2,healthy,0.0
fault_cooling_degradation_2,1355,1789813319.7531269,4759.8,126.04,736.93,4.38,103.14,0.0764,20.18,14.05,21.34,75.0,1500.0,15.2,healthy,0.0
fault_cooling_degradation_2,1356,1789813320.7531269,4745.1,126.15,736.84,4.36,103.08,0.0766,20.09,14.02,21.13,75.0,1500.0,15.2,healthy,0.0
fault_cooling_degradation_2,1357,1789813321.7531269,4742.5,125.74,737.76,4.35,103.11,0.0698,20.15,14.08,21.3,75.0,1500.0,15.2,healthy,0.0
fault_cooling_degradation_2,1358,1789813322.7531269,4780.2,126.02,734.4,4.29,103.22,0.0604,20.09,14.12,20.86,75.0,1500.0,15.2,healthy,0.0
fault_cooling_degradation_2,1359,1789813323.7531269,4761.5,125.86,729.66,4.37,103.25,0.0613,20.04,14.15,21.1,75.0,1500.0,15.2,healthy,0.0
fault_cooling_degradation_2,1360,1789813324.7531269,4719.9,125.76,733.77,4.31,103.29,0.0649,19.92,14.11,21.09,75.0,1500.0,15.2,healthy,0.0
fault_cooling_degradation_2,1361,1789813325.7531269,4692.3,125.71,734.74,4.38,103.39,0.0634,20.02,14.11,20.93,75.0,1500.0,15.2,healthy,0.0
fault_cooling_degradation_2,1362,1789813326.7531269,4688.8,125.86,737.34,4.36,103.27,0.0721,20.02,14.16,21.04,75.0,1500.0,15.2,healthy,0.0
fault_cooling_degradation_2,1363,1789813327.7531269,4678.4,125.72,737.26,4.34,103.2,0.0737,20.13,14.17,20.91,75.0,1500.0,15.2,healthy,0.0
fault_cooling_degradation_2,1364,1789813328.7531269,4674.5,125.77,738.75,4.35,103.26,0.0693,20.1,14.22,21.17,75.0,1500.0,15.2,healthy,0.0
fault_cooling_degradation_2,1365,1789813329.7531269,4674.3,125.94,740.91,4.34,103.25,0.0697,20.11,14.18,21.01,75.0,1500.0,15.2,healthy,0.0
fault_cooling_degradation_2,1366,1789813330.7531269,4688.4,125.89,737.72,4.28,103.25,0.0854,20.09,14.22,21.2,75.0,1500.0,15.2,healthy,0.0
fault_cooling_degradation_2,1367,1789813331.7531269,4688.0,125.68,739.75,4.32,103.37,0.0689,20.2,14.19,21.54,75.0,1500.0,15.2,healthy,0.0
fault_cooling_degradation_2,1368,1789813332.7531269,4711.6,125.98,740.72,4.32,103.52,0.0809,20.2,14.14,21.1,75.0,1500.0,15.2,healthy,0.0
fault_cooling_degradation_2,1369,1789813333.7531269,4709.2,125.8,746.21,4.34,103.55,0.0781,20.22,14.1,21.27,75.0,1500.0,15.2,healthy,0.0
fault_cooling_degradation_2,1370,1789813334.7531269,4736.7,125.79,746.49,4.44,103.63,0.0822,20.29,14.13,21.49,75.0,1500.0,15.2,healthy,0.0
fault_cooling_degradation_2,1371,1789813335.7531269,4755.5,126.0,749.51,4.53,103.63,0.0731,20.23,14.14,21.42,75.0,1500.0,15.2,healthy,0.0
fault_cooling_degradation_2,1372,1789813336.7531269,4760.8,126.07,743.1,4.41,103.62,0.0808,20.28,14.15,21.04,75.0,1500.0,15.2,healthy,0.0
fault_cooling_degradation_2,1373,1789813337.7531269,4742.1,125.82,744.21,4.4,103.57,0.0787,20.35,14.21,21.01,75.0,1500.0,15.2,healthy,0.0
fault_cooling_degradation_2,1374,1789813338.7531269,4746.1,126.01,744.68,4.37,103.45,0.0689,20.19,14.15,21.0,75.0,1500.0,15.2,healthy,0.0
fault_cooling_degradation_2,1375,1789813339.7531269,4722.2,126.38,748.87,4.36,103.68,0.0699,20.3,14.14,20.99,75.0,1500.0,15.2,healthy,0.0
fault_cooling_degradation_2,1376,1789813340.7531269,4741.9,126.33,747.76,4.34,103.54,0.0676,20.22,14.08,21.06,75.0,1500.0,15.2,healthy,0.0
fault_cooling_degradation_2,1377,1789813341.7531269,4732.4,126.62,741.62,4.36,103.49,0.0709,19.97,14.06,21.05,75.0,1500.0,15.2,healthy,0.0
fault_cooling_degradation_2,1378,1789813342.7531269,4714.7,126.76,740.89,4.42,103.55,0.0727,19.96,14.06,20.96,75.0,1500.0,15.2,healthy,0.0
fault_cooling_degradation_2,1379,1789813343.7531269,4706.4,126.8,741.51,4.42,103.77,0.0706,20.11,14.12,20.95,75.0,1500.0,15.2,healthy,0.0
fault_cooling_degradation_2,1380,1789813344.7531269,4705.6,126.8,741.49,4.37,103.69,0.0721,20.14,14.27,20.67,75.0,1500.0,15.2,healthy,0.0
fault_cooling_degradation_2,1381,1789813345.7531269,4693.0,127.15,740.22,4.26,103.65,0.0683,20.03,14.35,21.25,75.0,1500.0,15.2,healthy,0.0
fault_cooling_degradation_2,1382,1789813346.7531269,4673.9,126.72,744.16,4.21,103.58,0.0616,20.15,14.35,21.33,75.0,1500.0,15.2,healthy,0.0
fault_cooling_degradation_2,1383,1789813347.7531269,4662.7,126.8,739.75,4.24,103.63,0.0613,20.18,14.4,21.33,75.0,1500.0,15.2,healthy,0.0
fault_cooling_degradation_2,1384,1789813348.7531269,4674.1,127.08,737.74,4.27,103.72,0.0615,20.05,14.41,21.36,75.0,1500.0,15.2,healthy,0.0
fault_cooling_degradation_2,1385,1789813349.7531269,4685.8,126.88,735.66,4.26,103.82,0.0729,20.13,14.3,21.28,75.0,1500.0,15.2,healthy,0.0
fault_cooling_degradation_2,1386,1789813350.7531269,4686.2,126.95,738.72,4.21,103.6,0.0681,20.2,14.28,21.43,75.0,1500.0,15.2,healthy,0.0
fault_cooling_degradation_2,1387,1789813351.7531269,4666.6,127.17,739.11,4.23,103.61,0.069,20.13,14.18,21.34,75.0,1500.0,15.2,healthy,0.0
fault_cooling_degradation_2,1388,1789813352.7531269,4662.3,127.07,738.96,4.13,103.63,0.0822,20.29,14.14,21.27,75.0,1500.0,15.2,healthy,0.0
fault_cooling_degradation_2,1389,1789813353.7531269,4656.7,127.19,737.1,4.2,103.65,0.0792,20.01,14.15,21.37,75.0,1500.0,15.2,healthy,0.0
fault_cooling_degradation_2,1390,1789813354.7531269,4659.5,127.44,734.29,4.26,103.65,0.0794,20.1,14.12,21.29,75.0,1500.0,15.2,healthy,0.0
fault_cooling_degradation_2,1391,1789813355.7531269,4681.0,127.35,728.17,4.25,103.59,0.068,20.1,14.02,21.59,75.0,1500.0,15.2,healthy,0.0
fault_cooling_degradation_2,1392,1789813356.7531269,4666.2,127.26,730.68,4.35,103.68,0.0609,20.32,14.03,21.55,75.0,1500.0,15.2,healthy,0.0
fault_cooling_degradation_2,1393,1789813357.7531269,4677.1,127.28,729.72,4.38,103.66,0.0707,20.44,14.03,21.37,75.0,1500.0,15.2,healthy,0.0
fault_cooling_degradation_2,1394,1789813358.7531269,4675.5,127.0,733.62,4.41,103.51,0.064,20.3,14.05,21.58,75.0,1500.0,15.2,healthy,0.0
fault_cooling_degradation_2,1395,1789813359.7531269,4651.6,127.08,737.04,4.37,103.47,0.064,20.2,14.12,21.44,75.0,1500.0,15.2,healthy,0.0
fault_cooling_degradation_2,1396,1789813360.7531269,4680.5,126.56,741.15,4.36,103.5,0.0687,20.29,14.06,21.55,75.0,1500.0,15.2,healthy,0.0
fault_cooling_degradation_2,1397,1789813361.7531269,4670.1,126.36,736.88,4.38,103.66,0.0664,20.34,14.06,21.56,75.0,1500.0,15.2,healthy,0.0
fault_cooling_degradation_2,1398,1789813362.7531269,4674.4,126.36,743.39,4.41,103.59,0.0696,20.3,14.14,22.01,75.0,1500.0,15.2,healthy,0.0
fault_cooling_degradation_2,1399,1789813363.7531269,4661.7,126.51,743.1,4.44,103.48,0.0693,20.28,14.08,21.65,75.0,1500.0,15.2,healthy,0.0
fault_cooling_degradation_2,1400,1789813364.7531269,4675.0,126.45,741.6,4.5,103.37,0.072,20.14,14.09,21.35,75.0,1500.0,15.2,healthy,0.0
fault_cooling_degradation_2,1401,1789813365.7531269,4663.8,126.47,737.78,4.42,103.41,0.0767,20.12,14.09,21.32,75.0,1500.0,15.2,healthy,0.0
fault_cooling_degradation_2,1402,1789813366.7531269,4662.9,126.53,738.29,4.45,103.34,0.0705,20.16,14.1,21.32,75.0,1500.0,15.2,healthy,0.0
fault_cooling_degradation_2,1403,1789813367.7531269,4656.6,126.85,740.62,4.37,103.4,0.0676,20.02,14.06,20.95,75.0,1500.0,15.2,healthy,0.0
fault_cooling_degradation_2,1404,1789813368.7531269,4678.8,126.78,740.14,4.32,103.49,0.0744,19.86,14.04,21.07,75.0,1500.0,15.2,healthy,0.0
fault_cooling_degradation_2,1405,1789813369.7531269,4694.8,126.76,738.99,4.31,103.67,0.0756,19.99,14.1,21.53,75.0,1500.0,15.2,healthy,0.0
fault_cooling_degradation_2,1406,1789813370.7531269,4703.8,126.73,740.41,4.4,103.58,0.0658,20.01,14.14,21.45,75.0,1500.0,15.2,healthy,0.0
fault_cooling_degradation_2,1407,1789813371.7531269,4731.3,126.64,743.48,4.37,103.62,0.0696,20.05,14.1,21.5,75.0,1500.0,15.2,healthy,0.0
fault_cooling_degradation_2,1408,1789813372.7531269,4728.1,126.73,743.74,4.34,103.66,0.0663,20.05,14.13,21.68,75.0,1500.0,15.2,healthy,0.0
fault_cooling_degradation_2,1409,1789813373.7531269,4753.0,126.44,742.01,4.31,103.73,0.0679,20.06,14.14,21.51,75.0,1500.0,15.2,healthy,0.0
fault_cooling_degradation_2,1410,1789813374.7531269,4715.3,126.48,743.74,4.32,103.77,0.0754,20.04,14.15,21.45,75.0,1500.0,15.2,healthy,0.0
fault_cooling_degradation_2,1411,1789813375.7531269,4705.8,126.54,740.04,4.37,103.77,0.0784,20.16,14.31,21.48,75.0,1500.0,15.2,healthy,0.0
fault_cooling_degradation_2,1412,1789813376.7531269,4711.0,126.75,738.01,4.38,103.83,0.0837,20.22,14.45,21.52,75.0,1500.0,15.2,healthy,0.0
fault_cooling_degradation_2,1413,1789813377.7531269,4735.5,127.2,739.97,4.34,103.98,0.0869,20.24,14.45,21.63,75.0,1500.0,15.2,healthy,0.0
fault_cooling_degradation_2,1414,1789813378.7531269,4720.6,127.64,737.84,4.39,103.99,0.0915,20.17,14.39,21.55,75.0,1500.0,15.2,healthy,0.0
fault_cooling_degradation_2,1415,1789813379.7531269,4720.6,127.54,743.32,4.37,104.09,0.0905,20.27,14.37,21.34,75.0,1500.0,15.2,healthy,0.0
fault_cooling_degradation_2,1416,1789813380.7531269,4715.8,127.57,748.23,4.26,104.0,0.0823,20.29,14.32,21.21,75.0,1500.0,15.2,healthy,0.0
fault_cooling_degradation_2,1417,1789813381.7531269,4721.5,127.74,744.9,4.3,104.04,0.0814,20.11,14.23,21.14,75.0,1500.0,15.2,healthy,0.0
fault_cooling_degradation_2,1418,1789813382.7531269,4690.0,127.95,741.82,4.3,104.13,0.0828,20.16,14.24,21.48,75.0,1500.0,15.2,healthy,0.0
fault_cooling_degradation_2,1419,1789813383.7531269,4706.5,127.9,743.39,4.31,104.13,0.0736,20.17,14.26,21.01,75.0,1500.0,15.2,healthy,0.0
fault_cooling_degradation_2,1420,1789813384.7531269,4705.7,127.92,740.2,4.22,104.07,0.0721,20.3,14.22,21.0,75.0,1500.0,15.2,healthy,0.0
fault_cooling_degradation_2,1421,1789813385.7531269,4714.9,127.93,738.3,4.17,104.27,0.0646,20.11,14.26,20.85,75.0,1500.0,15.2,healthy,0.0
fault_cooling_degradation_2,1422,1789813386.7531269,4714.1,128.05,733.19,4.25,104.13,0.065,20.21,14.27,20.93,75.0,1500.0,15.2,healthy,0.0
fault_cooling_degradation_2,1423,1789813387.7531269,4693.4,127.59,732.53,4.29,104.0,0.0685,20.15,14.35,21.19,75.0,1500.0,15.2,healthy,0.0
fault_cooling_degradation_2,1424,1789813388.7531269,4673.7,127.86,734.38,4.34,103.84,0.061,19.93,14.36,21.59,75.0,1500.0,15.2,healthy,0.0
fault_cooling_degradation_2,1425,1789813389.7531269,4733.2,127.72,734.85,4.38,103.73,0.0715,20.04,14.37,21.29,75.0,1500.0,15.2,healthy,0.0
fault_cooling_degradation_2,1426,1789813390.7531269,4715.1,127.66,738.21,4.37,103.69,0.0708,20.02,14.35,21.09,75.0,1500.0,15.2,healthy,0.0
fault_cooling_degradation_2,1427,1789813391.7531269,4737.4,127.61,727.88,4.32,103.56,0.0766,20.13,14.25,20.97,75.0,1500.0,15.2,healthy,0.0
fault_cooling_degradation_2,1428,1789813392.7531269,4708.6,127.53,729.8,4.37,103.54,0.0791,20.16,14.29,21.26,75.0,1500.0,15.2,healthy,0.0
fault_cooling_degradation_2,1429,1789813393.7531269,4737.0,127.2,731.62,4.33,103.55,0.0754,20.28,14.27,21.43,75.0,1500.0,15.2,healthy,0.0
fault_cooling_degradation_2,1430,1789813394.7531269,4695.8,126.86,731.99,4.33,103.55,0.0748,20.3,14.18,21.29,75.0,1500.0,15.2,healthy,0.0
fault_cooling_degradation_2,1431,1789813395.7531269,4712.9,126.83,737.61,4.29,103.64,0.0707,20.4,14.21,21.48,75.0,1500.0,15.2,healthy,0.0
fault_cooling_degradation_2,1432,1789813396.7531269,4730.2,126.68,739.99,4.33,103.67,0.0694,20.37,14.19,21.3,75.0,1500.0,15.2,healthy,0.0
fault_cooling_degradation_2,1433,1789813397.7531269,4728.2,126.53,739.06,4.41,103.58,0.0743,20.31,14.25,21.84,75.0,1500.0,15.2,healthy,0.0
fault_cooling_degradation_2,1434,1789813398.7531269,4713.6,126.83,738.61,4.37,103.61,0.078,20.35,14.31,21.63,75.0,1500.0,15.2,healthy,0.0
fault_cooling_degradation_2,1435,1789813399.7531269,4717.2,126.93,742.01,4.33,103.57,0.0777,20.4,14.37,21.57,75.0,1500.0,15.2,healthy,0.0
fault_cooling_degradation_2,1436,1789813400.7531269,4708.9,126.92,734.44,4.33,103.6,0.0657,20.37,14.38,21.64,75.0,1500.0,15.2,healthy,0.0
fault_cooling_degradation_2,1437,1789813401.7531269,4695.2,126.96,742.09,4.38,103.68,0.0599,20.29,14.28,21.44,75.0,1500.0,15.2,healthy,0.0
fault_cooling_degradation_2,1438,1789813402.7531269,4707.5,126.96,743.13,4.42,103.73,0.0607,20.4,14.21,21.53,75.0,1500.0,15.2,healthy,0.0
fault_cooling_degradation_2,1439,1789813403.7531269,4691.2,126.96,744.45,4.41,103.94,0.0659,20.46,14.16,21.2,75.0,1500.0,15.2,healthy,0.0
fault_cooling_degradation_2,1440,1789813404.7531269,4692.9,126.57,745.42,4.42,103.86,0.0642,20.39,14.2,20.77,75.0,1500.0,15.2,healthy,0.0
fault_cooling_degradation_2,1441,1789813405.7531269,4688.4,126.82,745.68,4.4,103.79,0.0651,20.35,14.21,21.13,75.0,1500.0,15.2,healthy,0.0
fault_cooling_degradation_2,1442,1789813406.7531269,4712.1,126.55,748.6,4.44,103.85,0.0689,20.44,14.26,21.12,75.0,1500.0,15.2,healthy,0.0
fault_cooling_degradation_2,1443,1789813407.7531269,4701.3,126.75,746.71,4.39,103.81,0.0716,20.36,14.22,21.46,75.0,1500.0,15.2,healthy,0.0
fault_cooling_degradation_2,1444,1789813408.7531269,4682.4,126.62,742.54,4.35,103.71,0.0728,20.2,14.25,21.16,75.0,1500.0,15.2,healthy,0.0
fault_cooling_degradation_2,1445,1789813409.7531269,4694.8,126.31,741.66,4.36,103.82,0.0738,20.04,14.27,21.12,75.0,1500.0,15.2,healthy,0.0
fault_cooling_degradation_2,1446,1789813410.7531269,4671.3,126.44,738.34,4.41,103.73,0.0677,20.15,14.4,21.04,75.0,1500.0,15.2,healthy,0.0
fault_cooling_degradation_2,1447,1789813411.7531269,4699.0,126.33,743.48,4.33,103.69,0.0656,20.02,14.28,20.92,75.0,1500.0,15.2,healthy,0.0
fault_cooling_degradation_2,1448,1789813412.7531269,4714.6,126.1,739.27,4.33,103.8,0.0658,20.04,14.27,20.91,75.0,1500.0,15.2,healthy,0.0
fault_cooling_degradation_2,1449,1789813413.7531269,4704.9,126.01,735.63,4.36,103.88,0.0583,20.04,14.27,21.13,75.0,1500.0,15.2,healthy,0.0
fault_cooling_degradation_2,1450,1789813414.7531269,4686.9,126.12,740.63,4.3,104.07,0.0621,19.95,14.2,21.15,75.0,1500.0,15.2,healthy,0.0
fault_cooling_degradation_2,1451,1789813415.7531269,4685.6,125.79,737.52,4.29,104.08,0.0661,19.87,14.3,21.4,75.0,1500.0,15.2,healthy,0.0
fault_cooling_degradation_2,1452,1789813416.7531269,4700.3,125.9,733.01,4.34,104.08,0.061,20.03,14.35,21.54,75.0,1500.0,15.2,healthy,0.0
fault_cooling_degradation_2,1453,1789813417.7531269,4689.3,125.62,732.31,4.37,104.05,0.0584,20.1,14.34,21.58,75.0,1500.0,15.2,healthy,0.0
fault_cooling_degradation_2,1454,1789813418.7531269,4686.9,125.39,735.86,4.39,104.11,0.0735,20.09,14.27,21.4,75.0,1500.0,15.2,healthy,0.0
fault_cooling_degradation_2,1455,1789813419.7531269,4678.0,125.49,735.56,4.39,104.14,0.0756,20.22,14.19,21.3,75.0,1500.0,15.2,healthy,0.0
fault_cooling_degradation_2,1456,1789813420.7531269,4650.7,125.59,735.29,4.43,104.02,0.0721,20.18,14.11,20.89,75.0,1500.0,15.2,healthy,0.0
fault_cooling_degradation_2,1457,1789813421.7531269,4661.5,125.98,733.97,4.45,103.91,0.0694,20.18,14.15,21.11,75.0,1500.0,15.2,healthy,0.0
fault_cooling_degradation_2,1458,1789813422.7531269,4690.0,126.08,734.35,4.35,103.94,0.0711,20.34,14.18,21.17,75.0,1500.0,15.2,healthy,0.0
fault_cooling_degradation_2,1459,1789813423.7531269,4668.8,126.17,734.52,4.29,103.86,0.0886,20.21,14.24,21.1,75.0,1500.0,15.2,healthy,0.0
fault_cooling_degradation_2,1460,1789813424.7531269,4676.6,126.02,732.09,4.34,103.95,0.0768,20.38,14.18,21.16,75.0,1500.0,15.2,healthy,0.0
fault_cooling_degradation_2,1461,1789813425.7531269,4673.9,125.98,733.08,4.29,103.88,0.0839,20.3,14.14,21.12,75.0,1500.0,15.2,healthy,0.0
fault_cooling_degradation_2,1462,1789813426.7531269,4644.8,126.28,735.46,4.23,103.97,0.085,20.13,14.15,21.14,75.0,1500.0,15.2,healthy,0.0
fault_cooling_degradation_2,1463,1789813427.7531269,4652.9,126.37,733.58,4.25,103.78,0.0739,20.06,14.12,21.56,75.0,1500.0,15.2,healthy,0.0
fault_cooling_degradation_2,1464,1789813428.7531269,4649.0,126.14,739.78,4.31,103.67,0.0693,20.11,14.17,21.19,75.0,1500.0,15.2,healthy,0.0
fault_cooling_degradation_2,1465,1789813429.7531269,4659.3,126.22,736.67,4.32,103.7,0.0747,20.22,14.17,21.08,75.0,1500.0,15.2,healthy,0.0
fault_cooling_degradation_2,1466,1789813430.7531269,4688.6,126.44,740.3,4.4,103.64,0.0737,20.12,14.23,21.12,75.0,1500.0,15.2,healthy,0.0
fault_cooling_degradation_2,1467,1789813431.7531269,4690.6,126.32,743.05,4.41,103.63,0.0719,20.06,14.25,21.04,75.0,1500.0,15.2,healthy,0.0
fault_cooling_degradation_2,1468,1789813432.7531269,4688.6,126.6,749.76,4.41,103.46,0.0701,19.97,14.24,21.05,75.0,1500.0,15.2,healthy,0.0
fault_cooling_degradation_2,1469,1789813433.7531269,4687.8,126.68,748.89,4.3,103.4,0.0699,20.07,14.32,21.12,75.0,1500.0,15.2,healthy,0.0
fault_cooling_degradation_2,1470,1789813434.7531269,4693.3,126.71,752.35,4.36,103.35,0.0739,20.06,14.31,21.09,75.0,1500.0,15.2,healthy,0.0
fault_cooling_degradation_2,1471,1789813435.7531269,4685.7,126.64,752.62,4.39,103.39,0.0741,20.14,14.34,21.2,75.0,1500.0,15.2,healthy,0.0
fault_cooling_degradation_2,1472,1789813436.7531269,4679.8,126.72,747.06,4.37,103.49,0.0679,20.26,14.24,21.62,75.0,1500.0,15.2,healthy,0.0
fault_cooling_degradation_2,1473,1789813437.7531269,4670.2,126.84,752.61,4.33,103.44,0.0679,20.25,14.27,21.73,75.0,1500.0,15.2,healthy,0.0
fault_cooling_degradation_2,1474,1789813438.7531269,4668.7,126.59,750.04,4.2,103.46,0.0721,20.06,14.27,21.47,75.0,1500.0,15.2,healthy,0.0
fault_cooling_degradation_2,1475,1789813439.7531269,4678.3,126.33,753.43,4.29,103.36,0.0753,20.0,14.37,21.41,75.0,1500.0,15.2,healthy,0.0
fault_cooling_degradation_2,1476,1789813440.7531269,4668.5,126.36,744.4,4.29,103.38,0.0772,20.19,14.33,21.2,75.0,1500.0,15.2,healthy,0.0
fault_cooling_degradation_2,1477,1789813441.7531269,4677.1,126.26,741.46,4.28,103.38,0.0798,20.19,14.33,21.14,75.0,1500.0,15.2,healthy,0.0
fault_cooling_degradation_2,1478,1789813442.7531269,4695.0,126.07,736.92,4.31,103.35,0.0783,20.31,14.32,21.54,75.0,1500.0,15.2,healthy,0.0
fault_cooling_degradation_2,1479,1789813443.7531269,4682.0,125.99,734.66,4.31,103.33,0.0811,20.39,14.25,20.96,75.0,1500.0,15.2,healthy,0.0
fault_cooling_degradation_2,1480,1789813444.7531269,4651.8,126.02,739.83,4.45,103.38,0.0775,20.3,14.25,21.1,75.0,1500.0,15.2,healthy,0.0
fault_cooling_degradation_2,1481,1789813445.7531269,4653.1,126.32,740.45,4.41,103.42,0.0844,20.24,14.21,21.41,75.0,1500.0,15.2,healthy,0.0
fault_cooling_degradation_2,1482,1789813446.7531269,4673.7,126.11,747.32,4.45,103.53,0.0653,20.25,14.18,21.28,75.0,1500.0,15.2,healthy,0.0
fault_cooling_degradation_2,1483,1789813447.7531269,4675.0,126.0,744.33,4.31,103.55,0.0649,20.16,14.2,20.89,75.0,1500.0,15.2,healthy,0.0
fault_cooling_degradation_2,1484,1789813448.7531269,4706.4,125.94,741.33,4.32,103.51,0.0682,20.26,14.25,21.01,75.0,1500.0,15.2,healthy,0.0
fault_cooling_degradation_2,1485,1789813449.7531269,4706.0,126.23,746.75,4.37,103.62,0.0601,20.22,14.22,20.95,75.0,1500.0,15.2,healthy,0.0
fault_cooling_degradation_2,1486,1789813450.7531269,4690.1,126.37,745.34,4.4,103.58,0.0675,20.15,14.25,21.22,75.0,1500.0,15.2,healthy,0.0
fault_cooling_degradation_2,1487,1789813451.7531269,4709.3,126.18,739.73,4.41,103.78,0.0698,20.13,14.2,21.22,75.0,1500.0,15.2,healthy,0.0
fault_cooling_degradation_2,1488,1789813452.7531269,4679.7,125.97,742.53,4.5,103.74,0.0721,20.25,14.17,21.24,75.0,1500.0,15.2,healthy,0.0
fault_cooling_degradation_2,1489,1789813453.7531269,4687.4,125.98,738.36,4.5,103.77,0.0755,20.32,14.23,21.26,75.0,1500.0,15.2,healthy,0.0
fault_cooling_degradation_2,1490,1789813454.7531269,4707.2,125.82,740.63,4.48,103.71,0.0739,20.44,14.18,21.08,75.0,1500.0,15.2,healthy,0.0
fault_cooling_degradation_2,1491,1789813455.7531269,4721.0,125.9,743.79,4.51,103.74,0.0777,20.15,14.13,21.18,75.0,1500.0,15.2,healthy,0.0
fault_cooling_degradation_2,1492,1789813456.7531269,4717.2,126.21,744.82,4.48,103.7,0.0838,20.2,14.07,21.41,75.0,1500.0,15.2,healthy,0.0
fault_cooling_degradation_2,1493,1789813457.7531269,4714.8,126.25,744.17,4.42,103.71,0.0806,20.21,14.14,21.1,75.0,1500.0,15.2,healthy,0.0
fault_cooling_degradation_2,1494,1789813458.7531269,4687.3,126.15,743.18,4.37,103.53,0.0765,20.37,14.18,21.15,75.0,1500.0,15.2,healthy,0.0
fault_cooling_degradation_2,1495,1789813459.7531269,4686.0,126.25,740.98,4.5,103.66,0.0749,20.2,14.05,21.18,75.0,1500.0,15.2,healthy,0.0
fault_cooling_degradation_2,1496,1789813460.7531269,4701.2,126.35,742.2,4.43,103.6,0.08,20.21,14.08,21.36,75.0,1500.0,15.2,healthy,0.0
fault_cooling_degradation_2,1497,1789813461.7531269,4676.7,126.46,744.59,4.37,103.64,0.0786,20.36,14.03,21.48,75.0,1500.0,15.2,healthy,0.0
fault_cooling_degradation_2,1498,1789813462.7531269,4700.0,126.73,741.6,4.46,103.54,0.0773,20.25,14.0,21.27,75.0,1500.0,15.2,healthy,0.0
fault_cooling_degradation_2,1499,1789813463.7531269,4710.3,126.6,736.19,4.41,103.54,0.0757,20.3,14.01,21.3,75.0,1500.0,15.2,healthy,0.0
fault_cooling_degradation_2,1500,1789813464.7531269,4692.6,126.57,731.23,4.41,103.49,0.0828,20.28,14.04,20.99,75.0,1500.0,15.2,healthy,0.0
fault_cooling_degradation_2,1501,1789813465.7531269,4685.7,126.48,731.08,4.36,103.61,0.0742,20.4,14.0,21.25,75.0,1500.0,15.2,healthy,0.0
fault_cooling_degradation_2,1502,1789813466.7531269,4737.6,126.54,728.19,4.34,103.5,0.0771,20.45,13.94,21.48,75.0,1500.0,15.2,healthy,0.0
fault_cooling_degradation_2,1503,1789813467.7531269,4706.6,126.52,730.47,4.31,103.47,0.0695,20.35,13.96,21.01,75.0,1500.0,15.2,healthy,0.0
fault_cooling_degradation_2,1504,1789813468.7531269,4727.1,126.36,729.92,4.22,103.33,0.0747,20.36,13.92,21.0,75.0,1500.0,15.2,healthy,0.0
fault_cooling_degradation_2,1505,1789813469.7531269,4712.8,126.59,736.82,4.36,103.51,0.0676,20.3,14.01,20.76,75.0,1500.0,15.2,healthy,0.0
fault_cooling_degradation_2,1506,1789813470.7531269,4715.5,126.43,737.42,4.43,103.42,0.076,20.36,14.0,21.12,75.0,1500.0,15.2,healthy,0.0
fault_cooling_degradation_2,1507,1789813471.7531269,4730.4,126.5,736.88,4.38,103.71,0.0815,20.44,13.93,21.23,75.0,1500.0,15.2,healthy,0.0
fault_cooling_degradation_2,1508,1789813472.7531269,4726.9,126.83,736.95,4.38,103.69,0.079,20.38,13.95,21.06,75.0,1500.0,15.2,healthy,0.0
fault_cooling_degradation_2,1509,1789813473.7531269,4739.5,126.57,741.75,4.38,103.72,0.0739,20.35,13.87,21.2,75.0,1500.0,15.2,healthy,0.0
fault_cooling_degradation_2,1510,1789813474.7531269,4728.5,126.43,740.36,4.38,103.61,0.0786,20.35,13.83,21.35,75.0,1500.0,15.2,healthy,0.0
fault_cooling_degradation_2,1511,1789813475.7531269,4745.4,126.41,734.61,4.43,103.64,0.0725,20.38,13.86,21.35,75.0,1500.0,15.2,healthy,0.0
fault_cooling_degradation_2,1512,1789813476.7531269,4759.6,126.65,739.62,4.36,103.6,0.0776,20.33,13.93,21.14,75.0,1500.0,15.2,healthy,0.0
fault_cooling_degradation_2,1513,1789813477.7531269,4745.9,126.85,737.46,4.36,103.59,0.0847,20.12,13.91,20.96,75.0,1500.0,15.2,healthy,0.0
fault_cooling_degradation_2,1514,1789813478.7531269,4746.2,126.92,738.11,4.42,103.76,0.0737,20.19,13.91,21.03,75.0,1500.0,15.2,healthy,0.0
fault_cooling_degradation_2,1515,1789813479.7531269,4741.0,127.02,735.84,4.43,103.87,0.0799,20.0,13.93,20.9,75.0,1500.0,15.2,healthy,0.0
fault_cooling_degradation_2,1516,1789813480.7531269,4701.1,126.81,737.78,4.26,103.78,0.0797,20.03,14.1,21.06,75.0,1500.0,15.2,healthy,0.0
fault_cooling_degradation_2,1517,1789813481.7531269,4705.0,126.56,736.89,4.27,103.89,0.0742,20.06,14.08,21.16,75.0,1500.0,15.2,healthy,0.0
fault_cooling_degradation_2,1518,1789813482.7531269,4696.6,126.91,739.04,4.23,103.85,0.0737,20.12,14.14,21.08,75.0,1500.0,15.2,healthy,0.0
fault_cooling_degradation_2,1519,1789813483.7531269,4702.6,126.92,741.37,4.24,104.04,0.0725,20.17,14.11,21.12,75.0,1500.0,15.2,healthy,0.0
fault_cooling_degradation_2,1520,1789813484.7531269,4710.8,127.08,737.54,4.29,104.0,0.073,20.17,14.17,20.86,75.0,1500.0,15.2,healthy,0.0
fault_cooling_degradation_2,1521,1789813485.7531269,4704.8,127.05,738.68,4.23,103.94,0.075,20.05,14.25,20.99,75.0,1500.0,15.2,healthy,0.0
fault_cooling_degradation_2,1522,1789813486.7531269,4711.5,126.8,740.49,4.14,104.08,0.0735,20.17,14.14,21.02,75.0,1500.0,15.2,healthy,0.0
fault_cooling_degradation_2,1523,1789813487.7531269,4696.1,126.54,738.64,4.23,103.97,0.0778,20.23,14.2,21.02,75.0,1500.0,15.2,healthy,0.0
fault_cooling_degradation_2,1524,1789813488.7531269,4707.0,126.64,735.72,4.31,103.86,0.08,20.28,14.22,20.84,75.0,1500.0,15.2,healthy,0.0
fault_cooling_degradation_2,1525,1789813489.7531269,4694.6,126.64,734.8,4.35,103.98,0.0735,20.34,14.26,21.21,75.0,1500.0,15.2,healthy,0.0
fault_cooling_degradation_2,1526,1789813490.7531269,4704.3,126.84,731.87,4.36,104.18,0.0697,20.04,14.2,21.2,75.0,1500.0,15.2,healthy,0.0
fault_cooling_degradation_2,1527,1789813491.7531269,4693.7,127.0,733.54,4.4,104.17,0.0649,20.2,14.22,21.3,75.0,1500.0,15.2,healthy,0.0
fault_cooling_degradation_2,1528,1789813492.7531269,4677.8,126.94,731.95,4.34,104.18,0.0621,20.17,14.09,21.04,75.0,1500.0,15.2,healthy,0.0
fault_cooling_degradation_2,1529,1789813493.7531269,4707.0,126.84,737.61,4.29,104.2,0.0654,20.19,14.11,21.16,75.0,1500.0,15.2,healthy,0.0
fault_cooling_degradation_2,1530,1789813494.7531269,4734.9,126.5,736.74,4.35,104.14,0.0685,20.13,14.22,20.92,75.0,1500.0,15.2,healthy,0.0
fault_cooling_degradation_2,1531,1789813495.7531269,4717.1,126.56,736.77,4.41,104.11,0.0761,20.29,14.2,20.76,75.0,1500.0,15.2,healthy,0.0
fault_cooling_degradation_2,1532,1789813496.7531269,4716.6,127.08,735.19,4.4,104.1,0.0672,20.37,14.12,20.78,75.0,1500.0,15.2,healthy,0.0
fault_cooling_degradation_2,1533,1789813497.7531269,4701.3,126.98,738.6,4.37,104.08,0.0749,20.29,14.16,21.06,75.0,1500.0,15.2,healthy,0.0
fault_cooling_degradation_2,1534,1789813498.7531269,4707.2,126.85,741.77,4.29,103.98,0.0734,20.22,14.18,21.11,75.0,1500.0,15.2,healthy,0.0
fault_cooling_degradation_2,1535,1789813499.7531269,4695.3,126.89,747.05,4.21,103.99,0.0654,20.21,14.07,21.27,75.0,1500.0,15.2,healthy,0.0
fault_cooling_degradation_2,1536,1789813500.7531269,4703.5,126.63,746.69,4.24,104.12,0.0756,20.19,14.15,20.72,75.0,1500.0,15.2,healthy,0.0
fault_cooling_degradation_2,1537,1789813501.7531269,4698.3,126.97,749.13,4.37,104.26,0.0697,20.24,14.12,20.85,75.0,1500.0,15.2,healthy,0.0
fault_cooling_degradation_2,1538,1789813502.7531269,4711.8,126.78,747.8,4.29,104.28,0.0786,20.24,14.08,21.14,75.0,1500.0,15.2,healthy,0.0
fault_cooling_degradation_2,1539,1789813503.7531269,4724.5,126.68,750.31,4.39,104.31,0.073,20.21,14.09,21.41,75.0,1500.0,15.2,healthy,0.0
fault_cooling_degradation_2,1540,1789813504.7531269,4707.9,126.81,748.06,4.31,104.25,0.0772,20.09,14.0,21.56,75.0,1500.0,15.2,healthy,0.0
fault_cooling_degradation_2,1541,1789813505.7531269,4707.5,126.53,748.9,4.32,104.31,0.0703,20.01,13.96,21.09,75.0,1500.0,15.2,healthy,0.0
fault_cooling_degradation_2,1542,1789813506.7531269,4695.2,126.46,743.64,4.32,104.22,0.0654,19.94,13.93,21.16,75.0,1500.0,15.2,healthy,0.0
fault_cooling_degradation_2,1543,1789813507.7531269,4715.3,126.34,742.47,4.36,104.1,0.079,19.89,14.02,21.15,75.0,1500.0,15.2,healthy,0.0
fault_cooling_degradation_2,1544,1789813508.7531269,4715.4,126.06,742.44,4.35,104.11,0.0824,19.98,14.08,21.04,75.0,1500.0,15.2,healthy,0.0
fault_cooling_degradation_2,1545,1789813509.7531269,4726.5,125.87,736.91,4.45,104.35,0.074,20.01,14.11,21.4,75.0,1500.0,15.2,healthy,0.0
fault_cooling_degradation_2,1546,1789813510.7531269,4703.9,125.97,737.16,4.42,104.35,0.0832,20.12,14.23,21.21,75.0,1500.0,15.2,healthy,0.0
fault_cooling_degradation_2,1547,1789813511.7531269,4718.5,125.93,733.21,4.37,104.25,0.0791,20.3,14.19,20.99,75.0,1500.0,15.2,healthy,0.0
fault_cooling_degradation_2,1548,1789813512.7531269,4743.8,126.08,737.06,4.43,104.24,0.0741,20.26,14.07,21.3,75.0,1500.0,15.2,healthy,0.0
fault_cooling_degradation_2,1549,1789813513.7531269,4756.1,125.65,737.62,4.41,104.27,0.069,20.21,14.06,21.64,75.0,1500.0,15.2,healthy,0.0
fault_cooling_degradation_2,1550,1789813514.7531269,4727.1,125.95,740.6,4.36,104.3,0.0683,20.2,14.13,21.71,75.0,1500.0,15.2,healthy,0.0
fault_cooling_degradation_2,1551,1789813515.7531269,4710.3,125.93,739.9,4.41,104.36,0.0677,20.1,14.1,21.47,75.0,1500.0,15.2,healthy,0.0
fault_cooling_degradation_2,1552,1789813516.7531269,4720.0,126.04,733.78,4.3,104.33,0.0704,20.27,14.15,21.01,75.0,1500.0,15.2,healthy,0.0
fault_cooling_degradation_2,1553,1789813517.7531269,4733.6,125.91,733.49,4.35,104.39,0.0744,20.32,14.24,21.1,75.0,1500.0,15.2,healthy,0.0
fault_cooling_degradation_2,1554,1789813518.7531269,4750.1,126.18,738.88,4.34,104.49,0.0617,20.66,14.32,21.0,75.0,1500.0,15.2,healthy,0.0
fault_cooling_degradation_2,1555,1789813519.7531269,4732.8,126.04,735.83,4.33,104.53,0.0638,20.59,14.23,20.85,75.0,1500.0,15.2,healthy,0.0
fault_cooling_degradation_2,1556,1789813520.7531269,4740.7,125.91,732.46,4.33,104.58,0.0617,20.62,14.26,20.63,75.0,1500.0,15.2,healthy,0.0
fault_cooling_degradation_2,1557,1789813521.7531269,4753.1,125.87,732.53,4.32,104.59,0.0573,20.54,14.19,20.6,75.0,1500.0,15.2,healthy,0.0
fault_cooling_degradation_2,1558,1789813522.7531269,4716.2,125.95,732.88,4.39,104.58,0.0684,20.52,14.26,21.47,75.0,1500.0,15.2,healthy,0.0
fault_cooling_degradation_2,1559,1789813523.7531269,4695.5,126.05,734.25,4.41,104.4,0.0557,20.57,14.21,21.37,75.0,1500.0,15.2,healthy,0.0
fault_cooling_degradation_2,1560,1789813524.7531269,4681.6,126.16,739.23,4.39,104.43,0.0624,20.52,14.25,21.15,75.0,1500.0,15.2,healthy,0.0
fault_cooling_degradation_2,1561,1789813525.7531269,4699.6,126.0,743.63,4.38,104.32,0.0619,20.58,14.22,21.16,75.0,1500.0,15.2,healthy,0.0
fault_cooling_degradation_2,1562,1789813526.7531269,4701.6,126.11,744.65,4.39,104.34,0.0756,20.58,14.25,21.16,75.0,1500.0,15.2,healthy,0.0
fault_cooling_degradation_2,1563,1789813527.7531269,4701.0,125.92,742.81,4.35,104.17,0.0785,20.62,14.17,21.38,75.0,1500.0,15.2,healthy,0.0
fault_cooling_degradation_2,1564,1789813528.7531269,4689.2,125.94,741.75,4.36,104.18,0.0752,20.49,14.09,20.97,75.0,1500.0,15.2,healthy,0.0
fault_cooling_degradation_2,1565,1789813529.7531269,4689.4,125.81,741.44,4.32,104.29,0.0696,20.4,14.09,21.23,75.0,1500.0,15.2,healthy,0.0
fault_cooling_degradation_2,1566,1789813530.7531269,4693.9,125.95,731.93,4.36,104.12,0.0633,20.44,14.06,21.3,75.0,1500.0,15.2,healthy,0.0
fault_cooling_degradation_2,1567,1789813531.7531269,4712.7,125.76,733.94,4.3,104.0,0.0698,20.52,14.15,21.55,75.0,1500.0,15.2,healthy,0.0
fault_cooling_degradation_2,1568,1789813532.7531269,4714.4,125.87,733.64,4.32,104.01,0.0733,20.38,14.21,21.51,75.0,1500.0,15.2,healthy,0.0
fault_cooling_degradation_2,1569,1789813533.7531269,4713.0,126.02,736.3,4.42,104.01,0.0795,20.35,14.2,21.4,75.0,1500.0,15.2,healthy,0.0
fault_cooling_degradation_2,1570,1789813534.7531269,4709.2,125.99,734.97,4.45,104.14,0.0867,20.27,14.2,20.84,75.0,1500.0,15.2,healthy,0.0
fault_cooling_degradation_2,1571,1789813535.7531269,4706.2,126.12,741.4,4.36,104.25,0.0884,19.98,14.23,21.06,75.0,1500.0,15.2,healthy,0.0
fault_cooling_degradation_2,1572,1789813536.7531269,4694.2,126.11,740.98,4.41,104.18,0.0765,19.96,14.24,20.95,75.0,1500.0,15.2,healthy,0.0
fault_cooling_degradation_2,1573,1789813537.7531269,4694.0,125.83,747.9,4.35,104.29,0.0713,20.05,14.32,21.08,75.0,1500.0,15.2,healthy,0.0
fault_cooling_degradation_2,1574,1789813538.7531269,4701.9,125.81,750.88,4.33,104.38,0.0742,20.23,14.31,21.33,75.0,1500.0,15.2,healthy,0.0
fault_cooling_degradation_2,1575,1789813539.7531269,4691.5,126.03,749.5,4.36,104.33,0.0794,20.05,14.4,21.38,75.0,1500.0,15.2,healthy,0.0
fault_cooling_degradation_2,1576,1789813540.7531269,4711.3,126.13,747.59,4.34,104.33,0.0764,19.84,14.36,21.58,75.0,1500.0,15.2,healthy,0.0
fault_cooling_degradation_2,1577,1789813541.7531269,4707.6,125.76,743.51,4.3,104.12,0.0654,19.88,14.29,21.35,75.0,1500.0,15.2,healthy,0.0
fault_cooling_degradation_2,1578,1789813542.7531269,4704.2,125.69,745.23,4.24,103.98,0.0702,19.92,14.19,21.21,75.0,1500.0,15.2,healthy,0.0
fault_cooling_degradation_2,1579,1789813543.7531269,4713.1,125.98,744.1,4.31,103.81,0.0748,19.94,14.22,21.43,75.0,1500.0,15.2,healthy,0.0
fault_cooling_degradation_2,1580,1789813544.7531269,4717.9,126.14,741.77,4.22,103.95,0.0723,20.22,14.17,21.62,75.0,1500.0,15.2,healthy,0.0
fault_cooling_degradation_2,1581,1789813545.7531269,4722.5,125.94,740.53,4.23,103.82,0.0754,20.2,14.15,21.19,75.0,1500.0,15.2,healthy,0.0
fault_cooling_degradation_2,1582,1789813546.7531269,4693.3,126.15,737.85,4.27,103.71,0.0806,20.35,14.18,21.53,75.0,1500.0,15.2,healthy,0.0
fault_cooling_degradation_2,1583,1789813547.7531269,4688.9,126.08,739.43,4.33,103.71,0.0855,20.15,14.15,21.46,75.0,1500.0,15.2,healthy,0.0
fault_cooling_degradation_2,1584,1789813548.7531269,4667.1,126.23,741.61,4.37,103.62,0.0697,20.02,14.26,21.13,75.0,1500.0,15.2,healthy,0.0
fault_cooling_degradation_2,1585,1789813549.7531269,4684.9,126.22,742.35,4.38,103.61,0.0748,20.13,14.3,21.43,75.0,1500.0,15.2,healthy,0.0
fault_cooling_degradation_2,1586,1789813550.7531269,4646.9,126.32,743.62,4.3,103.7,0.0723,20.12,14.24,21.04,75.0,1500.0,15.2,healthy,0.0
fault_cooling_degradation_2,1587,1789813551.7531269,4634.0,126.3,749.47,4.23,103.81,0.0792,20.04,14.34,21.21,75.0,1500.0,15.2,healthy,0.0
fault_cooling_degradation_2,1588,1789813552.7531269,4661.4,126.54,753.93,4.28,103.8,0.0698,19.96,14.23,21.3,75.0,1500.0,15.2,healthy,0.0
fault_cooling_degradation_2,1589,1789813553.7531269,4668.4,126.34,752.11,4.3,103.8,0.0683,20.25,14.23,21.14,75.0,1500.0,15.2,healthy,0.0
fault_cooling_degradation_2,1590,1789813554.7531269,4698.2,126.24,745.99,4.4,103.53,0.068,20.27,14.23,20.94,75.0,1500.0,15.2,healthy,0.0
fault_cooling_degradation_2,1591,1789813555.7531269,4708.2,126.24,744.17,4.45,103.73,0.0675,20.42,14.25,21.01,75.0,1500.0,15.2,healthy,0.0
fault_cooling_degradation_2,1592,1789813556.7531269,4703.8,126.4,739.98,4.41,103.95,0.0713,20.49,14.22,21.01,75.0,1500.0,15.2,healthy,0.0
fault_cooling_degradation_2,1593,1789813557.7531269,4686.6,126.69,735.99,4.36,103.92,0.0681,20.48,14.16,20.8,75.0,1500.0,15.2,healthy,0.0
fault_cooling_degradation_2,1594,1789813558.7531269,4703.3,127.0,734.2,4.4,103.95,0.0725,20.35,14.19,20.81,75.0,1500.0,15.2,healthy,0.0
fault_cooling_degradation_2,1595,1789813559.7531269,4703.6,127.01,731.36,4.33,104.03,0.0859,20.49,14.17,21.06,75.0,1500.0,15.2,healthy,0.0
fault_cooling_degradation_2,1596,1789813560.7531269,4720.2,127.2,733.99,4.39,103.89,0.0795,20.42,14.09,21.13,75.0,1500.0,15.2,healthy,0.0
fault_cooling_degradation_2,1597,1789813561.7531269,4730.6,127.13,731.74,4.39,104.05,0.0756,20.47,14.04,20.89,75.0,1500.0,15.2,healthy,0.0
fault_cooling_degradation_2,1598,1789813562.7531269,4738.3,127.07,739.54,4.43,103.99,0.0842,20.46,14.11,21.35,75.0,1500.0,15.2,healthy,0.0
fault_cooling_degradation_2,1599,1789813563.7531269,4739.2,126.85,740.14,4.38,103.89,0.0815,20.31,14.12,21.43,75.0,1500.0,15.2,healthy,0.0
fault_cooling_degradation_2,1600,1789813564.7531269,4752.4,127.13,740.64,4.41,103.97,0.0785,20.22,14.17,21.26,75.0,1500.0,15.2,healthy,0.0
fault_cooling_degradation_2,1601,1789813565.7531269,4753.2,126.84,737.28,4.32,104.07,0.0733,20.25,14.21,21.07,75.0,1500.0,15.2,healthy,0.0
fault_cooling_degradation_2,1602,1789813566.7531269,4725.3,126.96,737.25,4.41,104.09,0.0683,20.3,14.23,21.28,75.0,1500.0,15.2,healthy,0.0
fault_cooling_degradation_2,1603,1789813567.7531269,4736.9,126.98,735.55,4.34,103.99,0.0664,20.15,14.21,21.24,75.0,1500.0,15.2,healthy,0.0
fault_cooling_degradation_2,1604,1789813568.7531269,4726.1,127.04,738.72,4.3,103.97,0.0692,20.13,14.27,21.17,75.0,1500.0,15.2,healthy,0.0
fault_cooling_degradation_2,1605,1789813569.7531269,4681.3,126.77,735.92,4.37,103.91,0.0669,20.19,14.25,20.94,75.0,1500.0,15.2,healthy,0.0
fault_cooling_degradation_2,1606,1789813570.7531269,4686.1,127.05,738.12,4.34,103.87,0.0694,20.3,14.25,21.33,75.0,1500.0,15.2,healthy,0.0
fault_cooling_degradation_2,1607,1789813571.7531269,4685.9,127.15,735.72,4.36,103.96,0.0726,20.36,14.32,21.74,75.0,1500.0,15.2,healthy,0.0
fault_cooling_degradation_2,1608,1789813572.7531269,4692.1,127.12,738.68,4.3,104.07,0.0643,20.31,14.23,21.33,75.0,1500.0,15.2,healthy,0.0
fault_cooling_degradation_2,1609,1789813573.7531269,4678.8,127.09,739.1,4.25,104.22,0.0637,20.28,14.25,21.22,75.0,1500.0,15.2,healthy,0.0
fault_cooling_degradation_2,1610,1789813574.7531269,4672.7,127.3,743.16,4.29,104.26,0.061,20.3,14.15,21.02,75.0,1500.0,15.2,healthy,0.0
fault_cooling_degradation_2,1611,1789813575.7531269,4672.6,126.96,747.42,4.31,104.14,0.0765,20.37,14.12,20.73,75.0,1500.0,15.2,healthy,0.0
fault_cooling_degradation_2,1612,1789813576.7531269,4672.5,126.81,746.32,4.33,104.23,0.0763,20.37,14.15,20.48,75.0,1500.0,15.2,healthy,0.0
fault_cooling_degradation_2,1613,1789813577.7531269,4680.1,126.83,741.92,4.34,104.2,0.0695,20.28,14.16,20.89,75.0,1500.0,15.2,healthy,0.0
fault_cooling_degradation_2,1614,1789813578.7531269,4711.1,126.29,739.97,4.4,104.31,0.0725,20.21,14.2,20.56,75.0,1500.0,15.2,healthy,0.0
fault_cooling_degradation_2,1615,1789813579.7531269,4705.7,126.41,743.27,4.46,104.33,0.0695,20.18,14.29,20.83,75.0,1500.0,15.2,healthy,0.0
fault_cooling_degradation_2,1616,1789813580.7531269,4692.0,126.3,743.07,4.36,104.21,0.0704,20.1,14.29,20.96,75.0,1500.0,15.2,healthy,0.0
fault_cooling_degradation_2,1617,1789813581.7531269,4677.9,126.22,740.39,4.41,104.06,0.0776,20.0,14.26,21.06,75.0,1500.0,15.2,healthy,0.0
fault_cooling_degradation_2,1618,1789813582.7531269,4689.6,126.2,737.98,4.31,104.03,0.0785,20.16,14.27,21.1,75.0,1500.0,15.2,healthy,0.0
fault_cooling_degradation_2,1619,1789813583.7531269,4683.1,126.16,738.97,4.4,104.14,0.0726,20.25,14.23,21.14,75.0,1500.0,15.2,healthy,0.0
fault_cooling_degradation_2,1620,1789813584.7531269,4666.1,126.18,739.44,4.31,104.03,0.0763,20.16,14.29,21.02,75.0,1500.0,15.2,healthy,0.0
fault_cooling_degradation_2,1621,1789813585.7531269,4665.4,126.05,738.64,4.29,104.14,0.0741,20.19,14.37,21.35,75.0,1500.0,15.2,healthy,0.0
fault_cooling_degradation_2,1622,1789813586.7531269,4668.4,125.97,739.95,4.31,104.06,0.0823,20.21,14.37,21.22,75.0,1500.0,15.2,healthy,0.0
fault_cooling_degradation_2,1623,1789813587.7531269,4694.2,126.25,741.05,4.32,104.01,0.0822,20.34,14.43,20.93,75.0,1500.0,15.2,healthy,0.0
fault_cooling_degradation_2,1624,1789813588.7531269,4695.5,126.8,743.35,4.27,104.08,0.0798,20.28,14.41,20.92,75.0,1500.0,15.2,healthy,0.0
fault_cooling_degradation_2,1625,1789813589.7531269,4700.2,126.74,743.72,4.19,103.97,0.0766,20.16,14.45,21.11,75.0,1500.0,15.2,healthy,0.0
fault_cooling_degradation_2,1626,1789813590.7531269,4699.2,126.73,746.86,4.25,103.86,0.0801,20.08,14.46,21.23,75.0,1500.0,15.2,healthy,0.0
fault_cooling_degradation_2,1627,1789813591.7531269,4737.8,126.73,743.6,4.37,103.85,0.0811,20.01,14.4,21.41,75.0,1500.0,15.2,healthy,0.0
fault_cooling_degradation_2,1628,1789813592.7531269,4752.3,126.54,739.45,4.33,103.78,0.0861,20.04,14.27,21.6,75.0,1500.0,15.2,healthy,0.0
fault_cooling_degradation_2,1629,1789813593.7531269,4754.6,126.21,735.84,4.41,103.85,0.0891,20.14,14.26,21.34,75.0,1500.0,15.2,healthy,0.0
fault_cooling_degradation_2,1630,1789813594.7531269,4754.6,126.18,733.64,4.39,103.95,0.0784,20.13,14.31,21.12,75.0,1500.0,15.2,healthy,0.0
fault_cooling_degradation_2,1631,1789813595.7531269,4746.0,126.0,738.51,4.41,103.83,0.0768,20.11,14.3,21.13,75.0,1500.0,15.2,healthy,0.0
fault_cooling_degradation_2,1632,1789813596.7531269,4730.3,126.35,740.14,4.38,104.03,0.0815,20.2,14.26,20.97,75.0,1500.0,15.2,healthy,0.0
fault_cooling_degradation_2,1633,1789813597.7531269,4748.5,126.29,742.03,4.37,103.75,0.0796,20.3,14.33,20.72,75.0,1500.0,15.2,healthy,0.0
fault_cooling_degradation_2,1634,1789813598.7531269,4747.1,126.62,740.55,4.31,103.43,0.0749,20.22,14.15,20.6,75.0,1500.0,15.2,healthy,0.0
fault_cooling_degradation_2,1635,1789813599.7531269,4769.9,126.69,747.75,4.3,103.35,0.0757,20.35,14.13,21.21,75.0,1500.0,15.2,healthy,0.0
fault_cooling_degradation_2,1636,1789813600.7531269,4735.9,126.67,743.63,4.27,103.4,0.0817,20.19,14.1,21.25,75.0,1500.0,15.2,cooling_degradation,0.83
fault_cooling_degradation_2,1637,1789813601.7531269,4720.7,126.85,748.15,4.35,103.46,0.084,20.17,14.08,21.35,75.0,1500.0,15.2,cooling_degradation,0.83
fault_cooling_degradation_2,1638,1789813602.7531269,4683.4,126.69,746.38,4.31,103.49,0.0683,20.27,14.12,21.32,75.0,1500.0,15.2,cooling_degradation,0.83
fault_cooling_degradation_2,1639,1789813603.7531269,4694.8,126.55,739.84,4.34,103.54,0.0724,20.32,14.22,21.56,75.0,1500.0,15.2,cooling_degradation,0.83
fault_cooling_degradation_2,1640,1789813604.7531269,4698.7,126.83,741.37,4.3,103.53,0.0718,20.32,14.33,21.61,75.0,1500.0,15.2,cooling_degradation,0.83
fault_cooling_degradation_2,1641,1789813605.7531269,4729.2,126.87,739.45,4.33,103.58,0.0763,20.31,14.33,21.6,75.0,1500.0,15.2,cooling_degradation,0.83
fault_cooling_degradation_2,1642,1789813606.7531269,4706.6,127.17,741.91,4.31,103.53,0.0752,20.13,14.25,21.53,75.0,1500.0,15.2,cooling_degradation,0.83
fault_cooling_degradation_2,1643,1789813607.7531269,4692.7,127.25,741.78,4.34,103.6,0.0709,20.28,14.28,21.75,75.0,1500.0,15.2,cooling_degradation,0.83
fault_cooling_degradation_2,1644,1789813608.7531269,4682.2,127.05,745.48,4.33,103.7,0.0699,20.12,14.24,21.51,75.0,1500.0,15.2,cooling_degradation,0.83
fault_cooling_degradation_2,1645,1789813609.7531269,4688.7,127.04,742.53,4.35,103.72,0.0645,20.12,14.27,21.14,75.0,1500.0,15.2,cooling_degradation,0.83
fault_cooling_degradation_2,1646,1789813610.7531269,4706.9,126.6,742.73,4.36,103.82,0.0776,20.13,14.28,20.79,75.0,1500.0,15.2,cooling_degradation,0.83
fault_cooling_degradation_2,1647,1789813611.7531269,4701.1,126.52,747.31,4.39,103.96,0.0699,20.04,14.27,20.38,75.0,1500.0,15.2,cooling_degradation,0.83
fault_cooling_degradation_2,1648,1789813612.7531269,4710.3,126.44,745.58,4.42,103.98,0.0705,20.07,14.34,20.77,75.0,1500.0,15.2,cooling_degradation,0.83
fault_cooling_degradation_2,1649,1789813613.7531269,4728.3,126.39,744.71,4.37,104.08,0.0772,20.22,14.27,21.02,75.0,1500.0,15.2,cooling_degradation,0.83
fault_cooling_degradation_2,1650,1789813614.7531269,4740.2,126.58,746.78,4.32,104.22,0.072,20.15,14.18,20.81,75.0,1500.0,15.2,cooling_degradation,0.83
fault_cooling_degradation_2,1651,1789813615.7531269,4727.2,126.67,739.97,4.43,104.46,0.0705,20.12,14.19,21.02,75.0,1500.0,15.2,cooling_degradation,0.83
fault_cooling_degradation_2,1652,1789813616.7531269,4728.6,126.63,738.81,4.47,104.57,0.0636,20.15,14.22,20.82,75.0,1500.0,15.2,cooling_degradation,0.83
fault_cooling_degradation_2,1653,1789813617.7531269,4727.8,127.11,740.2,4.46,104.57,0.0664,20.22,14.27,20.76,75.0,1500.0,15.2,cooling_degradation,0.83
fault_cooling_degradation_2,1654,1789813618.7531269,4717.3,126.88,748.75,4.35,104.61,0.0692,20.39,14.15,21.25,75.0,1500.0,15.2,cooling_degradation,0.83
fault_cooling_degradation_2,1655,1789813619.7531269,4703.1,126.96,743.41,4.45,104.66,0.075,20.42,14.21,20.94,75.0,1500.0,15.2,cooling_degradation,0.83
fault_cooling_degradation_2,1656,1789813620.7531269,4703.6,126.9,746.4,4.44,104.86,0.0769,20.34,14.29,20.94,75.0,1500.0,15.2,cooling_degradation,0.83
fault_cooling_degradation_2,1657,1789813621.7531269,4709.2,126.93,747.34,4.48,104.84,0.0724,20.31,14.34,21.34,75.0,1500.0,15.2,cooling_degradation,0.83
fault_cooling_degradation_2,1658,1789813622.7531269,4712.4,127.39,749.3,4.43,104.65,0.0744,20.4,14.27,21.01,75.0,1500.0,15.2,cooling_degradation,0.83
fault_cooling_degradation_2,1659,1789813623.7531269,4706.4,127.4,743.92,4.4,104.73,0.0794,20.27,14.31,20.98,75.0,1500.0,15.2,cooling_degradation,0.83
fault_cooling_degradation_2,1660,1789813624.7531269,4742.2,127.29,743.87,4.36,104.76,0.0758,20.08,14.23,21.21,75.0,1500.0,15.2,cooling_degradation,0.83
fault_cooling_degradation_2,1661,1789813625.7531269,4744.1,127.38,746.98,4.41,104.9,0.0778,19.99,14.16,21.4,75.0,1500.0,15.2,cooling_degradation,0.83
fault_cooling_degradation_2,1662,1789813626.7531269,4736.6,127.41,749.76,4.38,105.01,0.0816,20.0,14.19,20.88,75.0,1500.0,15.2,cooling_degradation,0.83
fault_cooling_degradation_2,1663,1789813627.7531269,4739.9,127.63,753.88,4.5,104.98,0.0806,20.05,14.19,20.93,75.0,1500.0,15.2,cooling_degradation,0.83
fault_cooling_degradation_2,1664,1789813628.7531269,4688.3,127.37,750.34,4.5,104.81,0.0784,20.18,14.2,21.19,75.0,1500.0,15.2,cooling_degradation,0.83
fault_cooling_degradation_2,1665,1789813629.7531269,4692.3,127.3,747.39,4.4,104.74,0.0783,20.25,14.14,21.06,75.0,1500.0,15.2,cooling_degradation,0.83
fault_cooling_degradation_2,1666,1789813630.7531269,4698.4,127.32,744.73,4.31,104.71,0.0787,20.23,14.21,20.93,75.0,1500.0,15.2,cooling_degradation,0.83
fault_cooling_degradation_2,1667,1789813631.7531269,4709.4,127.36,747.17,4.31,104.65,0.0726,20.24,14.25,20.87,75.0,1500.0,15.2,cooling_degradation,0.83
fault_cooling_degradation_2,1668,1789813632.7531269,4706.5,127.31,745.54,4.4,104.76,0.0708,20.16,14.19,20.99,75.0,1500.0,15.2,cooling_degradation,0.83
fault_cooling_degradation_2,1669,1789813633.7531269,4699.0,127.12,744.98,4.31,104.97,0.0758,20.13,14.12,21.18,75.0,1500.0,15.2,cooling_degradation,0.83
fault_cooling_degradation_2,1670,1789813634.7531269,4676.6,127.24,748.44,4.38,104.9,0.078,20.16,14.18,21.3,75.0,1500.0,15.2,cooling_degradation,0.83
fault_cooling_degradation_2,1671,1789813635.7531269,4679.9,127.35,748.81,4.37,105.03,0.0748,20.24,14.24,21.18,75.0,1500.0,15.2,cooling_degradation,0.83
fault_cooling_degradation_2,1672,1789813636.7531269,4687.8,127.05,751.63,4.43,105.06,0.073,20.16,14.23,21.1,75.0,1500.0,15.2,cooling_degradation,0.83
fault_cooling_degradation_2,1673,1789813637.7531269,4685.8,127.31,749.79,4.39,104.96,0.0897,20.18,14.22,21.13,75.0,1500.0,15.2,cooling_degradation,0.83
fault_cooling_degradation_2,1674,1789813638.7531269,4680.2,127.25,745.43,4.41,104.96,0.0855,20.26,14.27,21.42,75.0,1500.0,15.2,cooling_degradation,0.83
fault_cooling_degradation_2,1675,1789813639.7531269,4693.4,127.2,743.65,4.45,104.84,0.0741,20.42,14.25,21.46,75.0,1500.0,15.2,cooling_degradation,0.83
fault_cooling_degradation_2,1676,1789813640.7531269,4693.2,127.22,744.71,4.42,104.92,0.0748,20.17,14.23,21.28,75.0,1500.0,15.2,cooling_degradation,0.83
fault_cooling_degradation_2,1677,1789813641.7531269,4696.4,127.29,743.32,4.4,104.89,0.07,20.32,14.24,21.34,75.0,1500.0,15.2,cooling_degradation,0.83
fault_cooling_degradation_2,1678,1789813642.7531269,4727.7,127.32,743.89,4.36,104.63,0.0754,20.19,14.24,21.27,75.0,1500.0,15.2,cooling_degradation,0.83
fault_cooling_degradation_2,1679,1789813643.7531269,4716.5,127.38,744.34,4.33,104.7,0.0682,20.2,14.24,21.1,75.0,1500.0,15.2,cooling_degradation,0.83
fault_cooling_degradation_2,1680,1789813644.7531269,4724.9,127.13,741.68,4.3,104.67,0.0675,20.1,14.25,21.51,75.0,1500.0,15.2,cooling_degradation,0.83
fault_cooling_degradation_2,1681,1789813645.7531269,4714.1,127.06,743.11,4.34,104.62,0.0789,20.14,14.18,21.1,75.0,1500.0,15.2,cooling_degradation,0.83
fault_cooling_degradation_2,1682,1789813646.7531269,4729.2,127.14,744.98,4.28,104.67,0.0752,20.1,14.27,21.07,75.0,1500.0,15.2,cooling_degradation,0.83
fault_cooling_degradation_2,1683,1789813647.7531269,4716.1,127.27,745.83,4.32,104.77,0.0779,20.06,14.4,20.9,75.0,1500.0,15.2,cooling_degradation,0.83
fault_cooling_degradation_2,1684,1789813648.7531269,4696.7,127.2,743.41,4.34,104.9,0.0787,20.2,14.36,21.29,75.0,1500.0,15.2,cooling_degradation,0.83
fault_cooling_degradation_2,1685,1789813649.7531269,4703.1,127.88,743.31,4.37,104.88,0.0847,20.15,14.4,21.67,75.0,1500.0,15.2,cooling_degradation,0.83
fault_cooling_degradation_2,1686,1789813650.7531269,4695.6,127.98,739.2,4.33,104.89,0.0829,19.94,14.35,21.34,75.0,1500.0,15.2,cooling_degradation,0.83
fault_cooling_degradation_2,1687,1789813651.7531269,4705.3,127.82,742.66,4.3,104.92,0.0746,19.99,14.3,21.11,75.0,1500.0,15.2,cooling_degradation,0.83
fault_cooling_degradation_2,1688,1789813652.7531269,4686.6,127.66,738.12,4.37,104.95,0.0798,20.15,14.32,20.83,75.0,1500.0,15.2,cooling_degradation,0.83
fault_cooling_degradation_2,1689,1789813653.7531269,4703.3,127.68,741.85,4.36,104.98,0.0871,20.04,14.29,20.82,75.0,1500.0,15.2,cooling_degradation,0.83
fault_cooling_degradation_2,1690,1789813654.7531269,4709.7,127.93,744.92,4.31,105.01,0.0684,20.05,14.33,20.75,75.0,1500.0,15.2,cooling_degradation,0.83
fault_cooling_degradation_2,1691,1789813655.7531269,4705.2,128.11,749.04,4.33,105.01,0.0725,19.98,14.31,21.21,75.0,1500.0,15.2,cooling_degradation,0.83
fault_cooling_degradation_2,1692,1789813656.7531269,4709.0,128.14,746.01,4.37,105.09,0.0813,20.09,14.34,21.48,75.0,1500.0,15.2,cooling_degradation,0.83
fault_cooling_degradation_2,1693,1789813657.7531269,4712.5,128.22,748.66,4.32,105.04,0.0798,20.14,14.37,21.21,75.0,1500.0,15.2,cooling_degradation,0.83
fault_cooling_degradation_2,1694,1789813658.7531269,4687.7,128.43,745.25,4.36,105.26,0.0798,20.25,14.31,21.05,75.0,1500.0,15.2,cooling_degradation,0.83
fault_cooling_degradation_2,1695,1789813659.7531269,4698.5,128.3,743.49,4.3,105.33,0.0776,20.3,14.29,21.04,75.0,1500.0,15.2,cooling_degradation,0.83
fault_cooling_degradation_2,1696,1789813660.7531269,4696.3,128.29,744.15,4.26,105.37,0.0769,20.4,14.37,20.91,75.0,1500.0,15.2,cooling_degradation,0.83
fault_cooling_degradation_2,1697,1789813661.7531269,4676.7,128.34,743.55,4.28,105.48,0.0741,20.45,14.33,20.71,75.0,1500.0,15.2,cooling_degradation,0.83
fault_cooling_degradation_2,1698,1789813662.7531269,4649.0,128.39,737.61,4.4,105.49,0.0698,20.45,14.32,21.03,75.0,1500.0,15.2,cooling_degradation,0.83
fault_cooling_degradation_2,1699,1789813663.7531269,4687.0,128.33,742.65,4.37,105.59,0.0754,20.37,14.25,21.12,75.0,1500.0,15.2,cooling_degradation,0.83
fault_cooling_degradation_2,1700,1789813664.7531269,4673.0,128.33,741.2,4.43,105.65,0.0807,20.46,14.3,21.54,75.0,1500.0,15.2,cooling_degradation,0.83
fault_cooling_degradation_2,1701,1789813665.7531269,4697.4,128.31,742.75,4.49,105.78,0.0837,20.46,14.22,21.81,75.0,1500.0,15.2,cooling_degradation,0.83
fault_cooling_degradation_2,1702,1789813666.7531269,4706.4,128.22,743.25,4.47,105.92,0.075,20.44,14.21,21.72,75.0,1500.0,15.2,cooling_degradation,0.83
fault_cooling_degradation_2,1703,1789813667.7531269,4714.2,128.51,746.36,4.37,105.97,0.0743,20.33,14.19,21.42,75.0,1500.0,15.2,cooling_degradation,0.83
fault_cooling_degradation_2,1704,1789813668.7531269,4701.6,128.78,743.94,4.31,105.92,0.0717,20.35,14.14,21.22,75.0,1500.0,15.2,cooling_degradation,0.83
fault_cooling_degradation_2,1705,1789813669.7531269,4694.0,128.96,745.47,4.37,105.92,0.0741,20.42,14.2,21.14,75.0,1500.0,15.2,cooling_degradation,0.83
fault_cooling_degradation_2,1706,1789813670.7531269,4702.1,129.05,742.54,4.38,105.74,0.0659,20.39,14.19,21.11,75.0,1500.0,15.2,cooling_degradation,0.83
fault_cooling_degradation_2,1707,1789813671.7531269,4691.8,129.36,744.09,4.46,105.73,0.074,20.43,14.2,21.13,75.0,1500.0,15.2,cooling_degradation,0.83
fault_cooling_degradation_2,1708,1789813672.7531269,4696.8,129.28,746.41,4.45,105.52,0.0707,20.44,14.18,21.3,75.0,1500.0,15.2,cooling_degradation,0.83
fault_cooling_degradation_2,1709,1789813673.7531269,4685.9,129.1,746.58,4.42,105.69,0.0767,20.34,14.16,21.2,75.0,1500.0,15.2,cooling_degradation,0.83
fault_cooling_degradation_2,1710,1789813674.7531269,4710.7,129.17,749.52,4.33,105.76,0.0792,20.25,14.13,21.09,75.0,1500.0,15.2,cooling_degradation,0.83
fault_cooling_degradation_2,1711,1789813675.7531269,4706.2,128.95,748.92,4.26,105.85,0.0735,20.25,14.13,21.23,75.0,1500.0,15.2,cooling_degradation,0.83
fault_cooling_degradation_2,1712,1789813676.7531269,4697.5,128.95,753.56,4.23,106.0,0.0734,20.32,14.13,21.56,75.0,1500.0,15.2,cooling_degradation,0.83
fault_cooling_degradation_2,1713,1789813677.7531269,4677.4,128.93,757.25,4.11,106.04,0.0774,20.11,14.17,21.77,75.0,1500.0,15.2,cooling_degradation,0.83
fault_cooling_degradation_2,1714,1789813678.7531269,4691.2,128.96,755.11,4.19,106.18,0.0711,20.13,14.19,21.5,75.0,1500.0,15.2,cooling_degradation,0.83
fault_cooling_degradation_2,1715,1789813679.7531269,4676.8,129.05,757.9,4.2,106.24,0.0672,20.17,14.15,20.87,75.0,1500.0,15.2,cooling_degradation,0.83
fault_cooling_degradation_2,1716,1789813680.7531269,4665.8,128.89,754.77,4.21,106.15,0.0661,20.22,14.13,21.17,75.0,1500.0,15.2,cooling_degradation,0.83
fault_cooling_degradation_2,1717,1789813681.7531269,4663.6,128.89,751.88,4.25,106.09,0.0641,20.17,14.14,20.98,75.0,1500.0,15.2,cooling_degradation,0.83
fault_cooling_degradation_2,1718,1789813682.7531269,4673.8,128.92,757.37,4.27,106.09,0.0665,20.17,14.07,21.36,75.0,1500.0,15.2,cooling_degradation,0.83
fault_cooling_degradation_2,1719,1789813683.7531269,4671.1,129.06,750.91,4.33,105.91,0.0685,20.14,14.11,21.28,75.0,1500.0,15.2,cooling_degradation,0.83
fault_cooling_degradation_2,1720,1789813684.7531269,4701.7,129.77,749.89,4.32,105.87,0.0824,20.21,14.04,21.6,75.0,1500.0,15.2,cooling_degradation,0.83
fault_cooling_degradation_2,1721,1789813685.7531269,4698.5,129.77,752.35,4.34,105.87,0.0778,20.2,14.15,21.32,75.0,1500.0,15.2,cooling_degradation,0.83
fault_cooling_degradation_2,1722,1789813686.7531269,4695.1,129.59,748.29,4.32,105.91,0.0861,20.14,14.11,20.86,75.0,1500.0,15.2,cooling_degradation,0.83
fault_cooling_degradation_2,1723,1789813687.7531269,4706.0,130.02,751.67,4.22,105.98,0.0698,20.22,14.08,21.19,75.0,1500.0,15.2,cooling_degradation,0.83
fault_cooling_degradation_2,1724,1789813688.7531269,4717.2,129.67,751.22,4.29,105.91,0.0775,20.23,14.04,21.47,75.0,1500.0,15.2,cooling_degradation,0.83
fault_cooling_degradation_2,1725,1789813689.7531269,4701.9,129.75,751.04,4.35,105.85,0.0764,20.21,14.02,21.26,75.0,1500.0,15.2,cooling_degradation,0.83
fault_cooling_degradation_2,1726,1789813690.7531269,4716.2,129.8,745.6,4.33,105.89,0.0823,20.29,14.04,21.06,75.0,1500.0,15.2,cooling_degradation,0.83
fault_cooling_degradation_2,1727,1789813691.7531269,4736.6,129.8,747.76,4.36,105.92,0.0763,20.32,14.02,21.21,75.0,1500.0,15.2,cooling_degradation,0.83
fault_cooling_degradation_2,1728,1789813692.7531269,4716.0,130.13,749.39,4.36,105.86,0.0845,20.23,13.96,21.31,75.0,1500.0,15.2,cooling_degradation,0.83
fault_cooling_degradation_2,1729,1789813693.7531269,4734.6,130.06,750.49,4.37,105.89,0.0812,20.29,14.0,21.15,75.0,1500.0,15.2,cooling_degradation,0.83
fault_cooling_degradation_2,1730,1789813694.7531269,4727.4,129.86,747.51,4.3,105.92,0.0714,20.38,14.03,21.25,75.0,1500.0,15.2,cooling_degradation,0.83
fault_cooling_degradation_2,1731,1789813695.7531269,4709.8,129.85,743.59,4.26,105.9,0.0723,20.3,14.01,21.46,75.0,1500.0,15.2,cooling_degradation,0.83
fault_cooling_degradation_2,1732,1789813696.7531269,4677.9,130.18,747.48,4.3,105.96,0.0802,20.29,14.02,21.24,75.0,1500.0,15.2,cooling_degradation,0.83
fault_cooling_degradation_2,1733,1789813697.7531269,4684.0,130.11,741.42,4.33,106.02,0.0699,20.29,14.13,21.15,75.0,1500.0,15.2,cooling_degradation,0.83
fault_cooling_degradation_2,1734,1789813698.7531269,4685.4,130.12,747.72,4.3,106.11,0.0752,20.23,14.18,20.98,75.0,1500.0,15.2,cooling_degradation,0.83
fault_cooling_degradation_2,1735,1789813699.7531269,4701.9,130.29,749.49,4.31,106.01,0.0775,20.24,14.15,21.4,75.0,1500.0,15.2,cooling_degradation,0.83
fault_cooling_degradation_2,1736,1789813700.7531269,4687.4,130.48,751.17,4.41,106.13,0.0802,20.29,14.12,21.31,75.0,1500.0,15.2,cooling_degradation,0.83
fault_cooling_degradation_2,1737,1789813701.7531269,4689.9,130.76,744.62,4.41,106.13,0.0831,20.37,14.17,21.16,75.0,1500.0,15.2,cooling_degradation,0.83
fault_cooling_degradation_2,1738,1789813702.7531269,4696.0,130.85,745.26,4.38,106.07,0.0801,20.36,14.14,21.25,75.0,1500.0,15.2,cooling_degradation,0.83
fault_cooling_degradation_2,1739,1789813703.7531269,4704.1,130.68,750.78,4.39,106.1,0.0853,20.3,14.15,20.86,75.0,1500.0,15.2,cooling_degradation,0.83
fault_cooling_degradation_2,1740,1789813704.7531269,4686.9,130.69,749.3,4.34,106.04,0.0739,20.31,14.19,21.14,75.0,1500.0,15.2,cooling_degradation,0.83
fault_cooling_degradation_2,1741,1789813705.7531269,4668.4,130.68,751.43,4.37,106.02,0.0795,20.29,14.12,21.06,75.0,1500.0,15.2,cooling_degradation,0.83
fault_cooling_degradation_2,1742,1789813706.7531269,4690.8,130.66,752.19,4.33,105.9,0.0755,20.22,14.06,21.28,75.0,1500.0,15.2,cooling_degradation,0.83
fault_cooling_degradation_2,1743,1789813707.7531269,4700.1,130.67,752.85,4.37,105.69,0.0825,20.1,13.91,21.46,75.0,1500.0,15.2,cooling_degradation,0.83
fault_cooling_degradation_2,1744,1789813708.7531269,4690.2,130.85,751.72,4.34,105.87,0.0786,20.16,13.94,21.42,75.0,1500.0,15.2,cooling_degradation,0.83
fault_cooling_degradation_2,1745,1789813709.7531269,4700.0,130.91,755.88,4.4,105.79,0.0837,20.25,13.94,21.41,75.0,1500.0,15.2,cooling_degradation,0.83
fault_cooling_degradation_2,1746,1789813710.7531269,4715.9,130.51,752.04,4.41,105.78,0.0767,20.28,13.96,20.85,75.0,1500.0,15.2,cooling_degradation,0.83
fault_cooling_degradation_2,1747,1789813711.7531269,4685.1,130.27,754.52,4.4,105.62,0.0697,20.26,13.9,20.72,75.0,1500.0,15.2,cooling_degradation,0.83
fault_cooling_degradation_2,1748,1789813712.7531269,4653.9,130.3,755.1,4.31,105.67,0.069,20.3,13.9,20.81,75.0,1500.0,15.2,cooling_degradation,0.83
fault_cooling_degradation_2,1749,1789813713.7531269,4655.5,130.5,755.7,4.41,105.67,0.0694,20.21,13.99,20.51,75.0,1500.0,15.2,cooling_degradation,0.83
fault_cooling_degradation_2,1750,1789813714.7531269,4654.0,130.65,758.89,4.42,105.56,0.0692,20.12,14.02,21.28,75.0,1500.0,15.2,cooling_degradation,0.83
fault_cooling_degradation_2,1751,1789813715.7531269,4658.9,130.81,755.95,4.46,105.6,0.0758,20.09,14.09,21.3,75.0,1500.0,15.2,cooling_degradation,0.83
fault_cooling_degradation_2,1752,1789813716.7531269,4721.1,130.93,753.47,4.38,105.63,0.072,19.81,14.0,21.16,75.0,1500.0,15.2,cooling_degradation,0.83
fault_cooling_degradation_2,1753,1789813717.7531269,4708.6,131.04,756.23,4.43,105.59,0.0727,19.83,13.98,20.73,75.0,1500.0,15.2,cooling_degradation,0.83
fault_cooling_degradation_2,1754,1789813718.7531269,4695.1,131.0,754.31,4.32,105.6,0.0778,19.89,14.01,21.3,75.0,1500.0,15.2,cooling_degradation,0.83
fault_cooling_degradation_2,1755,1789813719.7531269,4698.8,130.95,749.34,4.39,105.68,0.0793,19.9,14.11,21.19,75.0,1500.0,15.2,cooling_degradation,0.83
fault_cooling_degradation_2,1756,1789813720.7531269,4694.5,131.05,748.79,4.34,105.88,0.0773,20.04,14.16,21.18,75.0,1500.0,15.2,cooling_degradation,0.83
fault_cooling_degradation_2,1757,1789813721.7531269,4687.1,131.17,748.26,4.37,105.91,0.067,19.96,14.18,21.11,75.0,1500.0,15.2,cooling_degradation,0.83
fault_cooling_degradation_2,1758,1789813722.7531269,4683.8,130.84,747.1,4.22,106.02,0.0633,19.85,14.12,20.86,75.0,1500.0,15.2,cooling_degradation,0.83
fault_cooling_degradation_2,1759,1789813723.7531269,4665.0,130.74,747.86,4.25,105.96,0.0623,19.84,14.09,21.14,75.0,1500.0,15.2,cooling_degradation,0.83
fault_cooling_degradation_2,1760,1789813724.7531269,4676.9,130.46,744.09,4.27,105.77,0.0717,19.99,14.05,21.32,75.0,1500.0,15.2,cooling_degradation,0.83
fault_cooling_degradation_2,1761,1789813725.7531269,4672.8,130.64,737.88,4.35,105.79,0.0678,19.97,14.08,21.52,75.0,1500.0,15.2,cooling_degradation,0.83
fault_cooling_degradation_2,1762,1789813726.7531269,4680.5,130.66,743.28,4.38,105.61,0.076,20.05,14.03,21.42,75.0,1500.0,15.2,cooling_degradation,0.83
fault_cooling_degradation_2,1763,1789813727.7531269,4705.6,130.62,748.87,4.35,105.49,0.067,19.96,14.04,21.26,75.0,1500.0,15.2,cooling_degradation,0.83
fault_cooling_degradation_2,1764,1789813728.7531269,4683.2,130.63,747.81,4.34,105.49,0.072,20.01,14.09,21.33,75.0,1500.0,15.2,cooling_degradation,0.83
fault_cooling_degradation_2,1765,1789813729.7531269,4687.1,130.34,742.66,4.31,105.44,0.0766,19.9,14.1,20.93,75.0,1500.0,15.2,cooling_degradation,0.83
fault_cooling_degradation_2,1766,1789813730.7531269,4681.1,130.31,742.99,4.28,105.53,0.074,19.89,14.1,21.15,75.0,1500.0,15.2,cooling_degradation,0.83
fault_cooling_degradation_2,1767,1789813731.7531269,4706.7,130.41,742.78,4.23,105.61,0.0697,19.86,14.05,21.16,75.0,1500.0,15.2,cooling_degradation,0.83
fault_cooling_degradation_2,1768,1789813732.7531269,4722.6,130.3,747.59,4.27,105.71,0.0802,19.91,14.12,21.48,75.0,1500.0,15.2,cooling_degradation,0.83
fault_cooling_degradation_2,1769,1789813733.7531269,4699.6,130.31,753.3,4.25,105.71,0.0777,20.05,14.05,21.84,75.0,1500.0,15.2,cooling_degradation,0.83
fault_cooling_degradation_2,1770,1789813734.7531269,4718.6,130.07,753.58,4.33,105.82,0.0874,20.19,14.06,21.18,75.0,1500.0,15.2,cooling_degradation,0.83
fault_cooling_degradation_2,1771,1789813735.7531269,4707.9,130.14,752.89,4.37,105.59,0.0774,20.14,14.01,21.06,75.0,1500.0,15.2,cooling_degradation,0.83
fault_cooling_degradation_2,1772,1789813736.7531269,4728.6,130.26,756.5,4.31,105.52,0.0748,20.15,14.02,21.24,75.0,1500.0,15.2,cooling_degradation,0.83
fault_cooling_degradation_2,1773,1789813737.7531269,4735.8,130.27,750.25,4.24,105.74,0.0666,20.15,14.03,21.6,75.0,1500.0,15.2,cooling_degradation,0.83
fault_cooling_degradation_2,1774,1789813738.7531269,4725.7,130.16,751.67,4.26,105.83,0.0721,20.02,14.04,21.61,75.0,1500.0,15.2,cooling_degradation,0.83
fault_cooling_degradation_2,1775,1789813739.7531269,4705.2,130.21,750.74,4.38,105.79,0.0686,20.07,14.04,21.62,75.0,1500.0,15.2,cooling_degradation,0.83
fault_cooling_degradation_2,1776,1789813740.7531269,4689.4,130.14,751.73,4.41,105.79,0.0696,20.13,14.01,21.36,75.0,1500.0,15.2,cooling_degradation,0.83
fault_cooling_degradation_2,1777,1789813741.7531269,4671.5,130.27,754.17,4.31,105.92,0.069,20.27,14.0,21.31,75.0,1500.0,15.2,cooling_degradation,0.83
fault_cooling_degradation_2,1778,1789813742.7531269,4673.0,130.44,754.41,4.31,106.04,0.0789,20.35,14.06,21.32,75.0,1500.0,15.2,cooling_degradation,0.83
fault_cooling_degradation_2,1779,1789813743.7531269,4693.8,130.29,753.54,4.35,105.99,0.0724,20.2,14.2,21.62,75.0,1500.0,15.2,cooling_degradation,0.83
fault_cooling_degradation_2,1780,1789813744.7531269,4687.9,130.34,754.39,4.28,106.14,0.0749,20.15,14.14,21.53,75.0,1500.0,15.2,cooling_degradation,0.83
fault_cooling_degradation_2,1781,1789813745.7531269,4675.9,130.6,762.46,4.31,106.24,0.076,20.31,14.1,21.68,75.0,1500.0,15.2,cooling_degradation,0.83
fault_cooling_degradation_2,1782,1789813746.7531269,4680.7,130.92,761.54,4.39,106.26,0.0694,20.34,14.04,21.17,75.0,1500.0,15.2,cooling_degradation,0.83
fault_cooling_degradation_2,1783,1789813747.7531269,4696.0,131.04,765.25,4.41,106.25,0.0716,20.15,13.96,20.89,75.0,1500.0,15.2,cooling_degradation,0.83
fault_cooling_degradation_2,1784,1789813748.7531269,4680.2,131.16,771.6,4.54,106.3,0.0728,20.3,13.94,21.1,75.0,1500.0,15.2,cooling_degradation,0.83
fault_cooling_degradation_2,1785,1789813749.7531269,4674.2,130.9,770.63,4.44,106.17,0.0777,20.36,13.9,21.3,75.0,1500.0,15.2,cooling_degradation,0.83
fault_cooling_degradation_2,1786,1789813750.7531269,4693.8,130.8,766.47,4.45,106.23,0.0768,20.25,13.87,21.29,75.0,1500.0,15.2,cooling_degradation,0.83
fault_cooling_degradation_2,1787,1789813751.7531269,4711.8,130.86,766.82,4.39,106.36,0.0783,20.25,13.93,21.5,75.0,1500.0,15.2,cooling_degradation,0.83
fault_cooling_degradation_2,1788,1789813752.7531269,4690.5,130.68,764.64,4.37,106.3,0.073,20.27,13.97,21.36,75.0,1500.0,15.2,cooling_degradation,0.83
fault_cooling_degradation_2,1789,1789813753.7531269,4670.5,131.22,760.12,4.34,106.29,0.0671,20.03,14.01,21.46,75.0,1500.0,15.2,cooling_degradation,0.83
fault_cooling_degradation_2,1790,1789813754.7531269,4674.9,131.46,764.0,4.42,106.19,0.0627,20.0,14.04,21.57,75.0,1500.0,15.2,cooling_degradation,0.83
fault_cooling_degradation_2,1791,1789813755.7531269,4669.9,131.55,755.86,4.48,106.2,0.0635,19.93,14.06,21.34,75.0,1500.0,15.2,cooling_degradation,0.83
fault_cooling_degradation_2,1792,1789813756.7531269,4680.5,131.83,755.74,4.52,106.12,0.0672,19.86,14.04,21.26,75.0,1500.0,15.2,cooling_degradation,0.83
fault_cooling_degradation_2,1793,1789813757.7531269,4706.7,131.74,753.85,4.57,106.2,0.0627,19.89,14.0,20.88,75.0,1500.0,15.2,cooling_degradation,0.83
fault_cooling_degradation_2,1794,1789813758.7531269,4693.3,131.31,754.95,4.49,106.29,0.073,19.9,14.0,21.08,75.0,1500.0,15.2,cooling_degradation,0.83
fault_cooling_degradation_2,1795,1789813759.7531269,4669.9,131.01,753.43,4.51,106.38,0.0783,20.11,14.05,21.24,75.0,1500.0,15.2,cooling_degradation,0.83
fault_cooling_degradation_2,1796,1789813760.7531269,4688.6,130.92,751.31,4.43,106.52,0.0827,20.23,13.98,21.39,75.0,1500.0,15.2,cooling_degradation,0.83
fault_cooling_degradation_2,1797,1789813761.7531269,4683.3,131.09,751.44,4.48,106.35,0.0748,20.07,13.95,21.27,75.0,1500.0,15.2,cooling_degradation,0.83
fault_cooling_degradation_2,1798,1789813762.7531269,4706.0,130.74,752.26,4.46,106.43,0.0744,19.99,13.87,21.38,75.0,1500.0,15.2,cooling_degradation,0.83
fault_cooling_degradation_2,1799,1789813763.7531269,4705.0,130.88,752.02,4.46,106.47,0.0767,20.09,13.94,21.53,75.0,1500.0,15.2,cooling_degradation,0.83
fault_cooling_degradation_2,1800,1789813764.7531269,4698.1,131.48,755.03,4.44,106.45,0.0742,20.39,13.98,20.71,75.0,1500.0,15.2,cooling_degradation,0.83
fault_cooling_degradation_2,1801,1789813765.7531269,4697.3,131.57,750.0,4.45,106.5,0.0751,20.26,14.11,20.85,75.0,1500.0,15.2,cooling_degradation,0.83
fault_cooling_degradation_2,1802,1789813766.7531269,4691.0,131.87,756.47,4.43,106.51,0.0748,20.21,14.16,21.18,75.0,1500.0,15.2,cooling_degradation,0.83
fault_cooling_degradation_2,1803,1789813767.7531269,4697.7,132.02,759.34,4.47,106.82,0.0658,20.15,14.15,20.72,75.0,1500.0,15.2,cooling_degradation,0.83
fault_cooling_degradation_2,1804,1789813768.7531269,4705.4,131.72,762.44,4.43,106.83,0.0765,20.14,14.18,20.99,75.0,1500.0,15.2,cooling_degradation,0.83
fault_cooling_degradation_2,1805,1789813769.7531269,4722.2,131.78,760.29,4.37,106.85,0.0699,20.2,14.14,20.9,75.0,1500.0,15.2,cooling_degradation,0.83
fault_cooling_degradation_2,1806,1789813770.7531269,4719.7,131.79,764.23,4.36,106.93,0.0688,20.35,14.15,21.45,75.0,1500.0,15.2,cooling_degradation,0.83
fault_cooling_degradation_2,1807,1789813771.7531269,4704.0,132.05,767.22,4.35,107.05,0.0699,20.25,14.19,21.52,75.0,1500.0,15.2,cooling_degradation,0.83
fault_cooling_degradation_2,1808,1789813772.7531269,4711.0,132.04,764.83,4.32,107.06,0.0715,20.21,14.19,21.24,75.0,1500.0,15.2,cooling_degradation,0.83
fault_cooling_degradation_2,1809,1789813773.7531269,4690.5,132.08,760.32,4.37,106.93,0.0688,20.3,14.19,21.29,75.0,1500.0,15.2,cooling_degradation,0.83
fault_cooling_degradation_2,1810,1789813774.7531269,4697.4,132.51,760.1,4.41,106.99,0.0711,20.37,14.23,21.0,75.0,1500.0,15.2,cooling_degradation,0.83
fault_cooling_degradation_2,1811,1789813775.7531269,4700.7,132.72,754.5,4.36,106.92,0.0725,20.35,14.2,20.94,75.0,1500.0,15.2,cooling_degradation,0.83
fault_cooling_degradation_2,1812,1789813776.7531269,4720.5,132.74,752.57,4.35,106.96,0.0695,20.29,14.2,21.33,75.0,1500.0,15.2,cooling_degradation,0.83
fault_cooling_degradation_2,1813,1789813777.7531269,4721.2,132.63,751.44,4.39,106.98,0.0813,20.16,14.19,21.36,75.0,1500.0,15.2,cooling_degradation,0.83
fault_cooling_degradation_2,1814,1789813778.7531269,4702.9,132.46,751.1,4.38,106.99,0.0721,20.26,14.22,21.68,75.0,1500.0,15.2,cooling_degradation,0.83
fault_cooling_degradation_2,1815,1789813779.7531269,4720.2,132.27,750.28,4.37,107.1,0.0761,20.11,14.22,21.36,75.0,1500.0,15.2,cooling_degradation,0.83
fault_cooling_degradation_2,1816,1789813780.7531269,4726.7,132.52,751.64,4.44,107.17,0.0763,20.04,14.28,21.31,75.0,1500.0,15.2,cooling_degradation,0.83
fault_cooling_degradation_2,1817,1789813781.7531269,4720.4,132.72,753.01,4.49,107.15,0.0781,20.16,14.24,21.17,75.0,1500.0,15.2,cooling_degradation,0.83
fault_cooling_degradation_2,1818,1789813782.7531269,4755.6,132.82,751.16,4.45,107.19,0.0775,19.98,14.2,20.88,75.0,1500.0,15.2,cooling_degradation,0.83
fault_cooling_degradation_2,1819,1789813783.7531269,4738.5,132.8,752.71,4.38,107.18,0.0923,20.06,14.1,21.15,75.0,1500.0,15.2,cooling_degradation,0.83
fault_cooling_degradation_2,1820,1789813784.7531269,4736.9,132.62,758.68,4.28,107.13,0.0849,20.2,14.07,21.08,75.0,1500.0,15.2,cooling_degradation,0.83
fault_cooling_degradation_2,1821,1789813785.7531269,4710.3,132.7,755.24,4.24,106.82,0.0851,20.11,14.04,20.83,75.0,1500.0,15.2,cooling_degradation,0.83
fault_cooling_degradation_2,1822,1789813786.7531269,4715.8,132.85,756.62,4.23,106.97,0.0819,20.09,14.03,20.86,75.0,1500.0,15.2,cooling_degradation,0.83
fault_cooling_degradation_2,1823,1789813787.7531269,4725.2,132.36,759.45,4.33,106.99,0.09,20.18,14.12,20.97,75.0,1500.0,15.2,cooling_degradation,0.83
fault_cooling_degradation_2,1824,1789813788.7531269,4713.6,132.5,756.64,4.24,106.88,0.0877,20.14,14.16,20.81,75.0,1500.0,15.2,cooling_degradation,0.83
fault_cooling_degradation_2,1825,1789813789.7531269,4721.8,132.51,755.22,4.38,106.87,0.0802,20.03,14.21,21.29,75.0,1500.0,15.2,cooling_degradation,0.83
fault_cooling_degradation_2,1826,1789813790.7531269,4713.2,132.65,752.7,4.42,106.88,0.0716,19.97,14.16,21.59,75.0,1500.0,15.2,cooling_degradation,0.83
fault_cooling_degradation_2,1827,1789813791.7531269,4701.8,132.47,747.71,4.41,106.7,0.0685,20.1,14.15,21.48,75.0,1500.0,15.2,cooling_degradation,0.83
fault_cooling_degradation_2,1828,1789813792.7531269,4686.6,132.3,752.21,4.44,106.66,0.0692,20.18,14.12,21.38,75.0,1500.0,15.2,cooling_degradation,0.83
fault_cooling_degradation_2,1829,1789813793.7531269,4709.9,132.13,750.66,4.37,106.54,0.0689,20.24,14.11,21.21,75.0,1500.0,15.2,cooling_degradation,0.83
fault_cooling_degradation_2,1830,1789813794.7531269,4707.3,132.37,753.87,4.38,106.43,0.0756,20.08,14.06,21.44,75.0,1500.0,15.2,cooling_degradation,0.83
fault_cooling_degradation_2,1831,1789813795.7531269,4715.8,132.2,761.89,4.4,106.32,0.0815,20.21,14.09,21.53,75.0,1500.0,15.2,cooling_degradation,0.83
fault_cooling_degradation_2,1832,1789813796.7531269,4706.8,132.07,761.17,4.3,106.4,0.0719,20.47,14.07,21.43,75.0,1500.0,15.2,cooling_degradation,0.83
fault_cooling_degradation_2,1833,1789813797.7531269,4676.1,132.01,762.45,4.33,106.39,0.0816,20.4,14.17,21.43,75.0,1500.0,15.2,cooling_degradation,0.83
fault_cooling_degradation_2,1834,1789813798.7531269,4691.2,132.07,760.25,4.28,106.42,0.084,20.19,14.22,21.5,75.0,1500.0,15.2,cooling_degradation,0.83
fault_cooling_degradation_2,1835,1789813799.7531269,4706.2,132.03,758.48,4.29,106.36,0.0749,20.16,14.15,21.23,75.0,1500.0,15.2,cooling_degradation,0.83
fault_cooling_degradation_2,1836,1789813800.7531269,4700.7,131.83,763.4,4.32,106.41,0.0664,20.17,14.18,21.26,75.0,1500.0,15.2,cooling_degradation,0.83
fault_cooling_degradation_2,1837,1789813801.7531269,4688.9,131.79,760.37,4.32,106.53,0.0726,20.31,14.18,21.17,75.0,1500.0,15.2,cooling_degradation,0.83
fault_cooling_degradation_2,1838,1789813802.7531269,4691.3,131.53,764.26,4.33,106.56,0.0729,20.2,14.18,21.04,75.0,1500.0,15.2,cooling_degradation,0.83
fault_cooling_degradation_2,1839,1789813803.7531269,4706.3,131.44,764.44,4.27,106.44,0.0756,20.25,14.21,21.02,75.0,1500.0,15.2,cooling_degradation,0.83
fault_cooling_degradation_2,1840,1789813804.7531269,4715.5,131.55,757.8,4.15,106.45,0.082,20.24,14.26,20.78,75.0,1500.0,15.2,cooling_degradation,0.83
fault_cooling_degradation_2,1841,1789813805.7531269,4694.4,131.6,759.29,4.17,106.55,0.0776,20.04,14.28,21.07,75.0,1500.0,15.2,cooling_degradation,0.83
fault_cooling_degradation_2,1842,1789813806.7531269,4723.6,131.96,755.61,4.22,106.72,0.075,20.06,14.26,21.12,75.0,1500.0,15.2,cooling_degradation,0.83
fault_cooling_degradation_2,1843,1789813807.7531269,4715.7,132.07,760.27,4.21,106.66,0.0778,20.01,14.21,21.15,75.0,1500.0,15.2,cooling_degradation,0.83
fault_cooling_degradation_2,1844,1789813808.7531269,4709.7,132.24,758.67,4.27,106.68,0.0725,19.98,14.17,21.23,75.0,1500.0,15.2,cooling_degradation,0.83
fault_cooling_degradation_2,1845,1789813809.7531269,4715.8,132.27,761.56,4.27,106.75,0.0705,19.9,14.09,20.98,75.0,1500.0,15.2,cooling_degradation,0.83
fault_cooling_degradation_2,1846,1789813810.7531269,4731.6,132.21,761.09,4.26,106.91,0.0691,20.13,14.03,21.18,75.0,1500.0,15.2,cooling_degradation,0.83
fault_cooling_degradation_2,1847,1789813811.7531269,4730.8,132.57,759.63,4.38,106.96,0.0678,19.85,14.03,21.28,75.0,1500.0,15.2,cooling_degradation,0.83
fault_cooling_degradation_2,1848,1789813812.7531269,4742.1,132.67,756.32,4.35,107.17,0.0643,19.91,14.13,21.37,75.0,1500.0,15.2,cooling_degradation,0.83
fault_cooling_degradation_2,1849,1789813813.7531269,4746.4,132.63,751.89,4.35,107.32,0.0663,19.96,14.15,21.39,75.0,1500.0,15.2,cooling_degradation,0.83
fault_cooling_degradation_2,1850,1789813814.7531269,4731.4,132.95,752.31,4.33,107.29,0.073,20.18,14.23,21.18,75.0,1500.0,15.2,cooling_degradation,0.83
fault_cooling_degradation_2,1851,1789813815.7531269,4711.2,132.83,754.24,4.29,107.38,0.0756,20.16,14.16,21.09,75.0,1500.0,15.2,cooling_degradation,0.83
fault_cooling_degradation_2,1852,1789813816.7531269,4694.5,132.45,761.6,4.3,107.38,0.0735,20.3,14.28,21.36,75.0,1500.0,15.2,cooling_degradation,0.83
fault_cooling_degradation_2,1853,1789813817.7531269,4688.1,132.43,761.59,4.31,107.51,0.0704,20.26,14.27,21.65,75.0,1500.0,15.2,cooling_degradation,0.83
fault_cooling_degradation_2,1854,1789813818.7531269,4688.4,132.42,759.16,4.3,107.5,0.0722,20.33,14.23,21.75,75.0,1500.0,15.2,cooling_degradation,0.83
fault_cooling_degradation_2,1855,1789813819.7531269,4698.9,132.46,761.24,4.39,107.4,0.0766,20.25,14.18,21.52,75.0,1500.0,15.2,cooling_degradation,0.83
fault_cooling_degradation_2,1856,1789813820.7531269,4704.4,132.28,759.33,4.4,107.36,0.0664,20.23,14.16,21.35,75.0,1500.0,15.2,cooling_degradation,0.83
fault_cooling_degradation_2,1857,1789813821.7531269,4720.9,132.38,759.62,4.37,107.34,0.068,20.2,14.11,21.12,75.0,1500.0,15.2,cooling_degradation,0.83
fault_cooling_degradation_2,1858,1789813822.7531269,4724.0,132.68,758.69,4.38,107.38,0.0693,20.37,14.05,21.23,75.0,1500.0,15.2,cooling_degradation,0.83
fault_cooling_degradation_2,1859,1789813823.7531269,4691.5,132.72,763.88,4.4,107.56,0.0709,20.32,14.12,21.34,75.0,1500.0,15.2,cooling_degradation,0.83
fault_cooling_degradation_2,1860,1789813824.7531269,4677.8,133.21,760.77,4.34,107.78,0.0676,20.26,14.1,21.52,75.0,1500.0,15.2,cooling_degradation,0.83
fault_cooling_degradation_2,1861,1789813825.7531269,4702.4,133.37,763.23,4.29,107.74,0.0725,20.44,14.06,21.66,75.0,1500.0,15.2,cooling_degradation,0.83
fault_cooling_degradation_2,1862,1789813826.7531269,4716.5,133.64,763.5,4.36,107.76,0.0741,20.39,14.06,21.24,75.0,1500.0,15.2,cooling_degradation,0.83
fault_cooling_degradation_2,1863,1789813827.7531269,4713.1,133.69,761.34,4.33,107.69,0.0787,20.42,14.02,21.64,75.0,1500.0,15.2,cooling_degradation,0.83
fault_cooling_degradation_2,1864,1789813828.7531269,4689.7,133.65,760.61,4.25,107.56,0.0705,20.33,14.04,21.44,75.0,1500.0,15.2,cooling_degradation,0.83
fault_cooling_degradation_2,1865,1789813829.7531269,4735.5,133.73,758.75,4.24,107.63,0.0724,20.31,14.0,21.39,75.0,1500.0,15.2,cooling_degradation,0.83
fault_cooling_degradation_2,1866,1789813830.7531269,4743.5,133.66,759.49,4.19,107.69,0.0684,20.35,13.99,21.17,75.0,1500.0,15.2,cooling_degradation,0.83
fault_cooling_degradation_2,1867,1789813831.7531269,4743.1,133.93,756.5,4.25,107.6,0.0659,20.33,13.98,21.25,75.0,1500.0,15.2,cooling_degradation,0.83
fault_cooling_degradation_2,1868,1789813832.7531269,4739.1,134.14,757.23,4.26,107.63,0.0634,20.39,13.92,21.71,75.0,1500.0,15.2,cooling_degradation,0.83
fault_cooling_degradation_2,1869,1789813833.7531269,4751.3,134.25,761.06,4.19,107.83,0.0682,20.32,13.89,21.3,75.0,1500.0,15.2,cooling_degradation,0.83
fault_cooling_degradation_2,1870,1789813834.7531269,4741.6,134.29,763.89,4.26,107.7,0.0578,20.1,13.87,20.95,75.0,1500.0,15.2,cooling_degradation,0.83
fault_cooling_degradation_2,1871,1789813835.7531269,4693.3,134.59,760.07,4.34,107.9,0.0723,20.12,13.92,21.14,75.0,1500.0,15.2,cooling_degradation,0.83
fault_cooling_degradation_2,1872,1789813836.7531269,4677.8,134.78,761.66,4.43,107.75,0.0733,20.08,13.89,20.85,75.0,1500.0,15.2,cooling_degradation,0.83
fault_cooling_degradation_2,1873,1789813837.7531269,4672.1,135.08,762.54,4.34,107.72,0.0733,20.2,13.92,20.89,75.0,1500.0,15.2,cooling_degradation,0.83
fault_cooling_degradation_2,1874,1789813838.7531269,4674.0,135.19,766.66,4.38,107.72,0.0655,20.22,13.92,21.29,75.0,1500.0,15.2,cooling_degradation,0.83
fault_cooling_degradation_2,1875,1789813839.7531269,4663.5,135.23,768.42,4.32,107.66,0.0706,20.11,13.91,21.47,75.0,1500.0,15.2,cooling_degradation,0.83
fault_cooling_degradation_2,1876,1789813840.7531269,4662.8,134.95,765.36,4.38,107.73,0.065,20.16,13.96,21.45,75.0,1500.0,15.2,cooling_degradation,0.83
fault_cooling_degradation_2,1877,1789813841.7531269,4678.0,134.95,758.91,4.28,107.93,0.0709,19.96,13.99,21.34,75.0,1500.0,15.2,cooling_degradation,0.83
fault_cooling_degradation_2,1878,1789813842.7531269,4671.2,134.67,756.1,4.32,107.72,0.0721,20.12,14.01,21.0,75.0,1500.0,15.2,cooling_degradation,0.83
fault_cooling_degradation_2,1879,1789813843.7531269,4667.2,134.72,757.35,4.3,107.71,0.0738,20.35,14.0,20.94,75.0,1500.0,15.2,cooling_degradation,0.83
fault_cooling_degradation_2,1880,1789813844.7531269,4673.6,134.78,759.81,4.39,107.85,0.0637,20.42,13.98,20.72,75.0,1500.0,15.2,cooling_degradation,0.83
fault_cooling_degradation_2,1881,1789813845.7531269,4672.9,134.84,756.29,4.4,107.79,0.0707,20.39,13.93,21.08,75.0,1500.0,15.2,cooling_degradation,0.83
fault_cooling_degradation_2,1882,1789813846.7531269,4675.9,135.27,753.06,4.38,107.78,0.0621,20.4,13.92,21.19,75.0,1500.0,15.2,cooling_degradation,0.83
fault_cooling_degradation_2,1883,1789813847.7531269,4678.8,135.28,754.97,4.44,107.74,0.065,20.3,13.93,21.34,75.0,1500.0,15.2,cooling_degradation,0.83
fault_cooling_degradation_2,1884,1789813848.7531269,4706.7,134.9,759.36,4.4,107.77,0.0639,20.33,13.94,21.22,75.0,1500.0,15.2,cooling_degradation,0.83
fault_cooling_degradation_2,1885,1789813849.7531269,4727.0,134.71,763.88,4.48,107.84,0.0708,20.17,13.93,21.32,75.0,1500.0,15.2,cooling_degradation,0.83
fault_cooling_degradation_2,1886,1789813850.7531269,4709.8,134.77,762.46,4.52,107.95,0.0691,20.07,13.95,21.03,75.0,1500.0,15.2,cooling_degradation,0.83
fault_cooling_degradation_2,1887,1789813851.7531269,4733.5,134.88,762.15,4.41,108.0,0.0736,20.03,13.91,21.0,75.0,1500.0,15.2,cooling_degradation,0.83
fault_cooling_degradation_2,1888,1789813852.7531269,4729.8,135.16,766.47,4.44,107.77,0.0719,20.09,13.82,21.63,75.0,1500.0,15.2,cooling_degradation,0.83
fault_cooling_degradation_2,1889,1789813853.7531269,4704.4,135.17,768.14,4.29,107.83,0.0779,20.11,13.79,21.37,75.0,1500.0,15.2,cooling_degradation,0.83
fault_cooling_degradation_2,1890,1789813854.7531269,4704.8,134.99,762.65,4.3,107.77,0.0802,20.11,13.82,21.19,75.0,1500.0,15.2,cooling_degradation,0.83
fault_cooling_degradation_2,1891,1789813855.7531269,4714.6,134.61,765.62,4.24,107.87,0.0702,20.28,13.83,21.16,75.0,1500.0,15.2,cooling_degradation,0.83
fault_cooling_degradation_2,1892,1789813856.7531269,4733.4,134.69,767.18,4.22,107.93,0.0704,20.14,13.79,21.45,75.0,1500.0,15.2,cooling_degradation,0.83
fault_cooling_degradation_2,1893,1789813857.7531269,4725.9,134.77,766.85,4.29,107.66,0.0649,20.07,13.74,21.2,75.0,1500.0,15.2,cooling_degradation,0.83
fault_cooling_degradation_2,1894,1789813858.7531269,4722.3,134.99,760.04,4.32,107.63,0.0755,20.17,13.87,21.5,75.0,1500.0,15.2,cooling_degradation,0.83
fault_cooling_degradation_2,1895,1789813859.7531269,4706.7,134.59,759.63,4.33,107.77,0.0803,20.33,13.94,21.19,75.0,1500.0,15.2,cooling_degradation,0.83
fault_cooling_degradation_2,1896,1789813860.7531269,4729.3,134.75,763.8,4.34,107.79,0.0807,20.38,13.97,21.23,75.0,1500.0,15.2,cooling_degradation,0.83
fault_cooling_degradation_2,1897,1789813861.7531269,4700.0,134.88,766.24,4.38,107.8,0.078,20.32,14.0,21.3,75.0,1500.0,15.2,cooling_degradation,0.83
fault_cooling_degradation_2,1898,1789813862.7531269,4685.0,134.75,765.41,4.41,107.92,0.0848,20.23,14.14,21.24,75.0,1500.0,15.2,cooling_degradation,0.83
fault_cooling_degradation_2,1899,1789813863.7531269,4688.1,134.96,766.21,4.3,108.1,0.0866,20.12,14.09,20.93,75.0,1500.0,15.2,cooling_degradation,0.83
fault_cooling_degradation_2,1900,1789813864.7531269,4691.1,134.92,767.41,4.31,108.15,0.0721,20.09,14.15,21.13,75.0,1500.0,15.2,cooling_degradation,0.83
fault_cooling_degradation_2,1901,1789813865.7531269,4670.1,134.94,762.2,4.33,108.3,0.0592,20.26,14.19,20.9,75.0,1500.0,15.2,cooling_degradation,0.83
fault_cooling_degradation_2,1902,1789813866.7531269,4676.5,135.01,760.68,4.37,108.35,0.0664,20.07,14.19,21.1,75.0,1500.0,15.2,cooling_degradation,0.83
fault_cooling_degradation_2,1903,1789813867.7531269,4694.3,134.92,764.61,4.33,108.43,0.0687,20.24,14.14,21.24,75.0,1500.0,15.2,cooling_degradation,0.83
fault_cooling_degradation_2,1904,1789813868.7531269,4670.0,134.8,765.13,4.38,108.42,0.0668,20.27,14.16,21.08,75.0,1500.0,15.2,cooling_degradation,0.83
fault_cooling_degradation_2,1905,1789813869.7531269,4673.5,134.83,765.91,4.43,108.45,0.0678,20.22,14.15,21.32,75.0,1500.0,15.2,cooling_degradation,0.83
fault_cooling_degradation_2,1906,1789813870.7531269,4668.1,135.02,763.97,4.42,108.5,0.0689,20.19,14.09,21.49,75.0,1500.0,15.2,cooling_degradation,0.83
fault_cooling_degradation_2,1907,1789813871.7531269,4675.5,134.81,767.14,4.49,108.5,0.0653,20.21,14.14,21.32,75.0,1500.0,15.2,cooling_degradation,0.83
fault_cooling_degradation_2,1908,1789813872.7531269,4688.8,134.84,769.28,4.36,108.53,0.0678,20.12,14.15,21.5,75.0,1500.0,15.2,cooling_degradation,0.83
fault_cooling_degradation_2,1909,1789813873.7531269,4688.2,135.06,769.4,4.35,108.38,0.0742,20.22,14.11,21.61,75.0,1500.0,15.2,cooling_degradation,0.83
fault_cooling_degradation_2,1910,1789813874.7531269,4686.6,135.27,768.01,4.43,108.26,0.0654,20.09,14.08,21.67,75.0,1500.0,15.2,cooling_degradation,0.83
fault_cooling_degradation_2,1911,1789813875.7531269,4660.7,135.05,764.08,4.43,108.27,0.069,20.07,14.09,21.44,75.0,1500.0,15.2,cooling_degradation,0.83
fault_cooling_degradation_2,1912,1789813876.7531269,4652.0,135.42,762.6,4.4,108.22,0.0583,20.18,14.1,21.51,75.0,1500.0,15.2,cooling_degradation,0.83
fault_cooling_degradation_2,1913,1789813877.7531269,4631.9,135.35,765.31,4.34,108.17,0.0642,20.11,14.14,21.49,75.0,1500.0,15.2,cooling_degradation,0.83
fault_cooling_degradation_2,1914,1789813878.7531269,4656.2,135.02,769.95,4.35,108.23,0.0695,20.08,14.07,21.34,75.0,1500.0,15.2,cooling_degradation,0.83
fault_cooling_degradation_2,1915,1789813879.7531269,4677.4,134.96,768.42,4.41,108.23,0.067,20.07,14.13,21.1,75.0,1500.0,15.2,cooling_degradation,0.83
fault_cooling_degradation_2,1916,1789813880.7531269,4688.3,134.86,768.67,4.37,108.27,0.0685,20.08,14.11,20.9,75.0,1500.0,15.2,cooling_degradation,0.83
fault_cooling_degradation_2,1917,1789813881.7531269,4688.2,135.02,769.7,4.35,108.22,0.076,20.0,14.14,20.88,75.0,1500.0,15.2,cooling_degradation,0.83
fault_cooling_degradation_2,1918,1789813882.7531269,4697.6,135.11,768.83,4.31,108.2,0.0749,20.07,14.17,21.01,75.0,1500.0,15.2,cooling_degradation,0.83
fault_cooling_degradation_2,1919,1789813883.7531269,4713.9,135.48,765.67,4.37,108.15,0.074,20.08,14.2,21.13,75.0,1500.0,15.2,cooling_degradation,0.83
fault_cooling_degradation_2,1920,1789813884.7531269,4728.2,135.58,761.33,4.41,108.17,0.0645,20.08,14.26,20.94,75.0,1500.0,15.2,cooling_degradation,0.83
fault_cooling_degradation_2,1921,1789813885.7531269,4722.0,135.45,761.74,4.32,108.21,0.0719,20.02,14.28,20.97,75.0,1500.0,15.2,cooling_degradation,0.83
fault_cooling_degradation_2,1922,1789813886.7531269,4705.0,135.36,757.25,4.29,108.27,0.0717,20.22,14.21,21.28,75.0,1500.0,15.2,cooling_degradation,0.83
fault_cooling_degradation_2,1923,1789813887.7531269,4712.3,135.33,761.12,4.39,108.33,0.0782,20.04,14.3,21.37,75.0,1500.0,15.2,cooling_degradation,0.83
fault_cooling_degradation_2,1924,1789813888.7531269,4700.0,135.1,760.87,4.42,108.53,0.0818,19.99,14.32,21.22,75.0,1500.0,15.2,cooling_degradation,0.83
fault_cooling_degradation_2,1925,1789813889.7531269,4701.4,135.26,759.72,4.46,108.53,0.0769,20.05,14.31,20.99,75.0,1500.0,15.2,cooling_degradation,0.83
fault_cooling_degradation_2,1926,1789813890.7531269,4707.9,135.46,764.32,4.43,108.68,0.064,20.11,14.32,21.26,75.0,1500.0,15.2,cooling_degradation,0.83
fault_cooling_degradation_2,1927,1789813891.7531269,4715.7,135.26,765.48,4.36,108.76,0.0754,20.21,14.28,21.22,75.0,1500.0,15.2,cooling_degradation,0.83
fault_cooling_degradation_2,1928,1789813892.7531269,4713.4,135.65,761.72,4.37,108.6,0.0642,20.16,14.25,21.44,75.0,1500.0,15.2,cooling_degradation,0.83
fault_cooling_degradation_2,1929,1789813893.7531269,4712.3,135.55,765.55,4.38,108.51,0.0745,20.15,14.27,21.44,75.0,1500.0,15.2,cooling_degradation,0.83
fault_cooling_degradation_2,1930,1789813894.7531269,4686.8,135.63,762.4,4.43,108.49,0.0745,20.24,14.26,21.51,75.0,1500.0,15.2,cooling_degradation,0.83
fault_cooling_degradation_2,1931,1789813895.7531269,4697.2,135.51,761.06,4.37,108.59,0.0748,20.35,14.34,21.19,75.0,1500.0,15.2,cooling_degradation,0.83
fault_cooling_degradation_2,1932,1789813896.7531269,4695.7,135.65,762.15,4.35,108.74,0.0777,20.3,14.3,21.21,75.0,1500.0,15.2,cooling_degradation,0.83
fault_cooling_degradation_2,1933,1789813897.7531269,4697.0,135.86,761.95,4.38,108.72,0.0828,20.34,14.42,21.35,75.0,1500.0,15.2,cooling_degradation,0.83
fault_cooling_degradation_2,1934,1789813898.7531269,4716.0,135.96,752.34,4.41,108.6,0.0803,20.16,14.48,21.62,75.0,1500.0,15.2,cooling_degradation,0.83
fault_cooling_degradation_2,1935,1789813899.7531269,4719.3,135.72,753.29,4.46,108.62,0.0876,20.26,14.41,21.32,75.0,1500.0,15.2,cooling_degradation,0.83
fault_cooling_degradation_2,1936,1789813900.7531269,4712.3,135.79,756.98,4.48,108.79,0.0766,20.3,14.25,21.5,75.0,1500.0,15.2,cooling_degradation,0.83
fault_cooling_degradation_2,1937,1789813901.7531269,4686.7,135.87,757.24,4.45,108.56,0.077,20.43,14.27,21.44,75.0,1500.0,15.2,cooling_degradation,0.83
fault_cooling_degradation_2,1938,1789813902.7531269,4698.1,135.92,761.83,4.42,108.61,0.0764,20.32,14.21,21.46,75.0,1500.0,15.2,cooling_degradation,0.83
fault_cooling_degradation_2,1939,1789813903.7531269,4696.5,136.1,766.12,4.55,108.68,0.0827,20.36,14.23,21.12,75.0,1500.0,15.2,cooling_degradation,0.83
fault_cooling_degradation_2,1940,1789813904.7531269,4697.7,136.39,765.22,4.42,108.64,0.0875,20.26,14.19,21.28,75.0,1500.0,15.2,cooling_degradation,0.83
fault_cooling_degradation_2,1941,1789813905.7531269,4703.3,136.64,769.36,4.38,108.68,0.0739,20.08,14.19,21.27,75.0,1500.0,15.2,cooling_degradation,0.83
fault_cooling_degradation_2,1942,1789813906.7531269,4692.6,136.79,766.25,4.32,108.52,0.0683,20.08,14.17,20.94,75.0,1500.0,15.2,cooling_degradation,0.83
fault_cooling_degradation_2,1943,1789813907.7531269,4680.2,136.72,767.21,4.36,108.46,0.0723,20.06,14.08,21.18,75.0,1500.0,15.2,cooling_degradation,0.83
fault_cooling_degradation_2,1944,1789813908.7531269,4662.7,136.96,768.88,4.33,108.43,0.0735,19.86,14.2,21.19,75.0,1500.0,15.2,cooling_degradation,0.83
fault_cooling_degradation_2,1945,1789813909.7531269,4653.2,136.72,765.22,4.33,108.67,0.0673,19.91,14.22,21.03,75.0,1500.0,15.2,cooling_degradation,0.83
fault_cooling_degradation_2,1946,1789813910.7531269,4654.3,137.2,764.34,4.3,108.65,0.0692,20.0,14.25,21.35,75.0,1500.0,15.2,cooling_degradation,0.83
fault_cooling_degradation_2,1947,1789813911.7531269,4678.3,136.95,764.97,4.36,108.74,0.0729,20.07,14.25,21.37,75.0,1500.0,15.2,cooling_degradation,0.83
fault_cooling_degradation_2,1948,1789813912.7531269,4718.9,136.71,760.54,4.33,108.74,0.0767,20.0,14.29,21.16,75.0,1500.0,15.2,cooling_degradation,0.83
fault_cooling_degradation_2,1949,1789813913.7531269,4715.3,136.6,765.72,4.31,108.73,0.0733,20.26,14.36,21.36,75.0,1500.0,15.2,cooling_degradation,0.83
fault_cooling_degradation_2,1950,1789813914.7531269,4680.8,136.61,763.12,4.28,108.71,0.0762,20.27,14.36,21.2,75.0,1500.0,15.2,cooling_degradation,0.83
fault_cooling_degradation_2,1951,1789813915.7531269,4684.9,136.51,767.67,4.37,108.76,0.0684,20.28,14.33,21.1,75.0,1500.0,15.2,cooling_degradation,0.83
fault_cooling_degradation_2,1952,1789813916.7531269,4708.5,136.78,769.12,4.37,108.94,0.0743,20.26,14.23,20.93,75.0,1500.0,15.2,cooling_degradation,0.83
fault_cooling_degradation_2,1953,1789813917.7531269,4688.2,136.8,772.61,4.48,109.09,0.0694,20.41,14.22,21.28,75.0,1500.0,15.2,cooling_degradation,0.83
fault_cooling_degradation_2,1954,1789813918.7531269,4667.9,136.85,770.77,4.51,109.18,0.0718,20.35,14.25,21.33,75.0,1500.0,15.2,cooling_degradation,0.83
fault_cooling_degradation_2,1955,1789813919.7531269,4696.0,137.22,773.41,4.51,109.12,0.0637,20.4,14.27,21.52,75.0,1500.0,15.2,cooling_degradation,0.83
fault_cooling_degradation_2,1956,1789813920.7531269,4700.1,136.96,771.67,4.42,108.87,0.0656,20.23,14.27,21.43,75.0,1500.0,15.2,cooling_degradation,0.83
fault_cooling_degradation_2,1957,1789813921.7531269,4684.6,137.02,773.87,4.42,109.02,0.063,20.21,14.31,21.3,75.0,1500.0,15.2,cooling_degradation,0.83
fault_cooling_degradation_2,1958,1789813922.7531269,4671.7,136.89,776.47,4.41,109.11,0.0677,20.07,14.27,20.85,75.0,1500.0,15.2,cooling_degradation,0.83
fault_cooling_degradation_2,1959,1789813923.7531269,4670.1,137.19,774.24,4.37,109.11,0.0762,20.24,14.2,20.81,75.0,1500.0,15.2,cooling_degradation,0.83
fault_cooling_degradation_2,1960,1789813924.7531269,4681.9,136.77,772.54,4.39,109.2,0.0741,20.38,14.22,21.15,75.0,1500.0,15.2,cooling_degradation,0.83
fault_cooling_degradation_2,1961,1789813925.7531269,4684.9,136.86,771.62,4.39,109.45,0.0711,20.44,14.16,21.26,75.0,1500.0,15.2,cooling_degradation,0.83
fault_cooling_degradation_2,1962,1789813926.7531269,4708.8,136.79,772.48,4.46,109.51,0.0682,20.45,14.11,21.3,75.0,1500.0,15.2,cooling_degradation,0.83
fault_cooling_degradation_2,1963,1789813927.7531269,4716.6,137.15,771.27,4.43,109.55,0.0644,20.43,14.0,21.28,75.0,1500.0,15.2,cooling_degradation,0.83
fault_cooling_degradation_2,1964,1789813928.7531269,4706.4,137.51,768.67,4.36,109.69,0.0668,20.41,14.03,20.85,75.0,1500.0,15.2,cooling_degradation,0.83
fault_cooling_degradation_2,1965,1789813929.7531269,4713.4,137.18,768.34,4.42,109.73,0.0657,20.25,14.08,20.87,75.0,1500.0,15.2,cooling_degradation,0.83
fault_cooling_degradation_2,1966,1789813930.7531269,4729.2,137.24,769.6,4.42,109.63,0.0683,20.22,14.11,20.7,75.0,1500.0,15.2,cooling_degradation,0.83
fault_cooling_degradation_2,1967,1789813931.7531269,4710.7,137.31,766.6,4.4,109.66,0.0719,20.09,14.06,21.0,75.0,1500.0,15.2,cooling_degradation,0.83
fault_cooling_degradation_2,1968,1789813932.7531269,4723.1,137.76,771.33,4.33,109.49,0.0742,20.15,14.12,20.77,75.0,1500.0,15.2,cooling_degradation,0.83
fault_cooling_degradation_2,1969,1789813933.7531269,4730.5,137.3,771.44,4.31,109.53,0.0761,20.22,14.17,20.85,75.0,1500.0,15.2,cooling_degradation,0.83
fault_cooling_degradation_2,1970,1789813934.7531269,4728.5,137.35,772.81,4.34,109.49,0.078,20.21,14.22,21.18,75.0,1500.0,15.2,cooling_degradation,0.83
fault_cooling_degradation_2,1971,1789813935.7531269,4724.3,137.22,769.42,4.38,109.42,0.0726,20.17,14.14,21.06,75.0,1500.0,15.2,cooling_degradation,0.83
fault_cooling_degradation_2,1972,1789813936.7531269,4741.9,137.26,773.83,4.37,109.46,0.0629,20.22,14.09,21.32,75.0,1500.0,15.2,cooling_degradation,0.83
fault_cooling_degradation_2,1973,1789813937.7531269,4747.1,137.11,769.83,4.28,109.26,0.0625,20.1,14.23,21.65,75.0,1500.0,15.2,cooling_degradation,0.83
fault_cooling_degradation_2,1974,1789813938.7531269,4732.1,137.29,772.64,4.23,109.23,0.066,19.97,14.2,20.86,75.0,1500.0,15.2,cooling_degradation,0.83
fault_cooling_degradation_2,1975,1789813939.7531269,4726.9,137.62,773.87,4.18,109.2,0.0696,20.17,14.21,21.27,75.0,1500.0,15.2,cooling_degradation,0.83
fault_cooling_degradation_2,1976,1789813940.7531269,4731.3,137.58,775.24,4.26,109.2,0.0686,20.14,14.19,21.16,75.0,1500.0,15.2,cooling_degradation,0.83
fault_cooling_degradation_2,1977,1789813941.7531269,4725.2,137.52,776.23,4.26,109.23,0.0724,19.97,14.23,21.17,75.0,1500.0,15.2,cooling_degradation,0.83
fault_cooling_degradation_2,1978,1789813942.7531269,4725.9,137.74,779.93,4.31,109.18,0.0783,19.96,14.17,21.33,75.0,1500.0,15.2,cooling_degradation,0.83
fault_cooling_degradation_2,1979,1789813943.7531269,4720.7,137.72,779.1,4.3,109.19,0.0749,19.77,14.14,21.1,75.0,1500.0,15.2,cooling_degradation,0.83
fault_cooling_degradation_2,1980,1789813944.7531269,4736.7,137.71,780.88,4.33,109.17,0.0756,19.95,14.11,20.98,75.0,1500.0,15.2,cooling_degradation,0.83
fault_cooling_degradation_2,1981,1789813945.7531269,4707.8,137.22,783.96,4.27,109.2,0.0755,20.01,14.15,21.0,75.0,1500.0,15.2,cooling_degradation,0.83
fault_cooling_degradation_2,1982,1789813946.7531269,4701.2,137.31,779.9,4.35,109.13,0.063,20.13,14.07,21.06,75.0,1500.0,15.2,cooling_degradation,0.83
fault_cooling_degradation_2,1983,1789813947.7531269,4688.1,137.32,772.55,4.31,109.18,0.0641,20.0,14.15,21.07,75.0,1500.0,15.2,cooling_degradation,0.83
fault_cooling_degradation_2,1984,1789813948.7531269,4698.1,137.51,775.46,4.32,109.53,0.0679,20.09,14.18,20.95,75.0,1500.0,15.2,cooling_degradation,0.83
fault_cooling_degradation_2,1985,1789813949.7531269,4651.0,137.1,772.7,4.23,109.57,0.0696,20.06,14.18,20.79,75.0,1500.0,15.2,cooling_degradation,0.83
fault_cooling_degradation_2,1986,1789813950.7531269,4674.6,137.23,766.89,4.31,109.42,0.062,20.12,14.16,20.98,75.0,1500.0,15.2,cooling_degradation,0.83
fault_cooling_degradation_2,1987,1789813951.7531269,4663.6,137.59,772.72,4.32,109.59,0.0689,20.11,14.16,21.27,75.0,1500.0,15.2,cooling_degradation,0.83
fault_cooling_degradation_2,1988,1789813952.7531269,4672.8,137.76,770.96,4.34,109.51,0.0731,20.03,14.21,21.19,75.0,1500.0,15.2,cooling_degradation,0.83
fault_cooling_degradation_2,1989,1789813953.7531269,4683.1,137.55,774.68,4.39,109.55,0.0736,20.14,14.26,21.49,75.0,1500.0,15.2,cooling_degradation,0.83
fault_cooling_degradation_2,1990,1789813954.7531269,4692.2,137.48,775.15,4.29,109.57,0.0816,20.26,14.3,21.31,75.0,1500.0,15.2,cooling_degradation,0.83
fault_cooling_degradation_2,1991,1789813955.7531269,4675.0,137.73,773.26,4.34,109.64,0.0862,20.23,14.38,21.23,75.0,1500.0,15.2,cooling_degradation,0.83
fault_cooling_degradation_2,1992,1789813956.7531269,4704.6,137.87,775.54,4.43,109.66,0.0843,20.32,14.41,21.22,75.0,1500.0,15.2,cooling_degradation,0.83
fault_cooling_degradation_2,1993,1789813957.7531269,4692.8,138.06,778.2,4.45,109.7,0.0853,20.17,14.34,21.26,75.0,1500.0,15.2,cooling_degradation,0.83
fault_cooling_degradation_2,1994,1789813958.7531269,4686.3,138.11,776.76,4.35,109.7,0.0836,20.21,14.31,21.17,75.0,1500.0,15.2,cooling_degradation,0.83
fault_cooling_degradation_2,1995,1789813959.7531269,4682.3,137.98,776.44,4.33,109.61,0.0872,20.28,14.22,21.12,75.0,1500.0,15.2,cooling_degradation,0.83
fault_cooling_degradation_2,1996,1789813960.7531269,4687.3,138.3,773.12,4.37,109.78,0.0816,20.22,14.21,21.08,75.0,1500.0,15.2,cooling_degradation,0.83
fault_cooling_degradation_2,1997,1789813961.7531269,4686.0,138.27,776.27,4.31,109.83,0.0727,20.43,14.28,21.11,75.0,1500.0,15.2,cooling_degradation,0.83
fault_cooling_degradation_2,1998,1789813962.7531269,4699.2,138.1,775.62,4.36,109.91,0.073,20.38,14.25,21.51,75.0,1500.0,15.2,cooling_degradation,0.83
fault_cooling_degradation_2,1999,1789813963.7531269,4720.9,137.97,775.9,4.38,109.88,0.0675,20.52,14.28,21.31,75.0,1500.0,15.2,cooling_degradation,0.83
fault_cooling_degradation_2,2000,1789813964.7531269,4704.9,138.23,774.1,4.4,109.89,0.0614,20.54,14.29,21.51,75.0,1500.0,15.2,cooling_degradation,0.83
fault_cooling_degradation_2,2001,1789813965.7531269,4714.8,137.89,777.9,4.39,109.99,0.0557,20.48,14.31,21.34,75.0,1500.0,15.2,cooling_degradation,0.83
fault_cooling_degradation_2,2002,1789813966.7531269,4716.4,137.97,778.05,4.4,109.97,0.0638,20.28,14.31,21.1,75.0,1500.0,15.2,cooling_degradation,0.83
fault_cooling_degradation_2,2003,1789813967.7531269,4744.4,137.74,779.63,4.38,109.96,0.0581,20.22,14.26,21.24,75.0,1500.0,15.2,cooling_degradation,0.83
fault_cooling_degradation_2,2004,1789813968.7531269,4734.7,137.5,778.68,4.36,109.93,0.0655,20.23,14.24,21.06,75.0,1500.0,15.2,cooling_degradation,0.83
fault_cooling_degradation_2,2005,1789813969.7531269,4725.0,137.54,775.85,4.31,109.98,0.0699,20.3,14.22,21.09,75.0,1500.0,15.2,cooling_degradation,0.83
fault_cooling_degradation_2,2006,1789813970.7531269,4726.8,137.65,777.15,4.35,109.95,0.0713,20.39,14.28,21.21,75.0,1500.0,15.2,cooling_degradation,0.83
fault_cooling_degradation_2,2007,1789813971.7531269,4702.2,137.88,776.74,4.32,109.99,0.074,20.5,14.32,21.02,75.0,1500.0,15.2,cooling_degradation,0.83
fault_cooling_degradation_2,2008,1789813972.7531269,4678.2,138.07,774.23,4.34,110.01,0.0721,20.44,14.3,21.18,75.0,1500.0,15.2,cooling_degradation,0.83
fault_cooling_degradation_2,2009,1789813973.7531269,4689.6,138.01,769.69,4.3,110.11,0.0665,20.56,14.39,20.91,75.0,1500.0,15.2,cooling_degradation,0.83
fault_cooling_degradation_2,2010,1789813974.7531269,4690.9,137.98,767.03,4.22,110.08,0.0706,20.44,14.37,21.14,75.0,1500.0,15.2,cooling_degradation,0.83
fault_cooling_degradation_2,2011,1789813975.7531269,4698.8,138.25,764.89,4.27,110.04,0.0755,20.38,14.49,21.15,75.0,1500.0,15.2,cooling_degradation,0.83
fault_cooling_degradation_2,2012,1789813976.7531269,4720.1,137.87,764.77,4.33,109.94,0.0736,20.28,14.47,21.17,75.0,1500.0,15.2,cooling_degradation,0.83
fault_cooling_degradation_2,2013,1789813977.7531269,4701.6,138.18,766.42,4.34,110.07,0.0716,20.12,14.38,21.34,75.0,1500.0,15.2,cooling_degradation,0.83
fault_cooling_degradation_2,2014,1789813978.7531269,4695.1,138.13,775.37,4.28,109.98,0.0691,20.14,14.38,21.45,75.0,1500.0,15.2,cooling_degradation,0.83
fault_cooling_degradation_2,2015,1789813979.7531269,4692.4,137.98,774.51,4.26,110.1,0.067,20.08,14.33,21.05,75.0,1500.0,15.2,cooling_degradation,0.83
fault_cooling_degradation_2,2016,1789813980.7531269,4686.0,137.78,775.49,4.24,110.15,0.0745,20.07,14.33,20.85,75.0,1500.0,15.2,cooling_degradation,0.83
fault_cooling_degradation_2,2017,1789813981.7531269,4681.6,138.27,775.56,4.29,110.11,0.068,20.18,14.29,21.22,75.0,1500.0,15.2,cooling_degradation,0.83
fault_cooling_degradation_2,2018,1789813982.7531269,4699.1,138.17,778.11,4.26,110.28,0.0617,20.16,14.27,20.94,75.0,1500.0,15.2,cooling_degradation,0.83
fault_cooling_degradation_2,2019,1789813983.7531269,4703.8,138.26,771.17,4.24,110.34,0.0627,20.03,14.27,21.07,75.0,1500.0,15.2,cooling_degradation,0.83
fault_cooling_degradation_2,2020,1789813984.7531269,4700.6,138.66,778.18,4.32,110.17,0.0622,20.21,14.23,21.35,75.0,1500.0,15.2,cooling_degradation,0.83
fault_cooling_degradation_2,2021,1789813985.7531269,4692.0,138.85,781.58,4.38,110.32,0.0695,20.35,14.23,21.19,75.0,1500.0,15.2,cooling_degradation,0.83
fault_cooling_degradation_2,2022,1789813986.7531269,4689.2,139.16,776.64,4.36,110.37,0.0752,20.25,14.28,20.89,75.0,1500.0,15.2,cooling_degradation,0.83
fault_cooling_degradation_2,2023,1789813987.7531269,4713.2,139.06,777.53,4.38,110.49,0.0703,20.29,14.23,21.03,75.0,1500.0,15.2,cooling_degradation,0.83
fault_cooling_degradation_2,2024,1789813988.7531269,4697.2,138.83,777.73,4.43,110.36,0.0781,20.37,14.27,21.16,75.0,1500.0,15.2,cooling_degradation,0.83
fault_cooling_degradation_2,2025,1789813989.7531269,4703.2,138.65,778.83,4.43,110.42,0.0756,20.28,14.19,21.48,75.0,1500.0,15.2,cooling_degradation,0.83
fault_cooling_degradation_2,2026,1789813990.7531269,4720.4,138.71,778.77,4.31,110.4,0.0712,20.05,14.29,21.23,75.0,1500.0,15.2,cooling_degradation,0.83
fault_cooling_degradation_2,2027,1789813991.7531269,4700.3,138.65,777.28,4.37,110.29,0.0688,20.03,14.21,21.23,75.0,1500.0,15.2,cooling_degradation,0.83
fault_cooling_degradation_2,2028,1789813992.7531269,4686.4,138.5,780.11,4.38,110.14,0.0701,19.95,14.18,21.14,75.0,1500.0,15.2,cooling_degradation,0.83
fault_cooling_degradation_2,2029,1789813993.7531269,4669.4,138.62,783.95,4.3,110.2,0.0695,19.99,14.08,21.31,75.0,1500.0,15.2,cooling_degradation,0.83
fault_cooling_degradation_2,2030,1789813994.7531269,4664.9,138.87,786.89,4.29,110.14,0.0746,20.16,14.12,21.23,75.0,1500.0,15.2,cooling_degradation,0.83
fault_cooling_degradation_2,2031,1789813995.7531269,4661.9,139.12,785.68,4.19,110.11,0.0728,20.05,14.14,21.3,75.0,1500.0,15.2,cooling_degradation,0.83
fault_cooling_degradation_2,2032,1789813996.7531269,4654.6,139.13,784.68,4.21,110.12,0.0758,20.27,14.09,21.26,75.0,1500.0,15.2,cooling_degradation,0.83
fault_cooling_degradation_2,2033,1789813997.7531269,4667.9,139.2,784.66,4.24,110.23,0.0731,20.24,14.08,21.35,75.0,1500.0,15.2,cooling_degradation,0.83
fault_cooling_degradation_2,2034,1789813998.7531269,4666.9,139.06,787.85,4.3,110.15,0.0675,20.18,14.18,21.3,75.0,1500.0,15.2,cooling_degradation,0.83
fault_cooling_degradation_2,2035,1789813999.7531269,4663.9,139.21,783.46,4.25,110.33,0.0668,20.38,14.18,21.82,75.0,1500.0,15.2,cooling_degradation,0.83
fault_cooling_degradation_2,2036,1789814000.7531269,4683.7,139.1,780.19,4.3,110.42,0.0598,20.26,14.24,21.49,75.0,1500.0,15.2,cooling_degradation,0.83
fault_cooling_degradation_2,2037,1789814001.7531269,4670.1,139.19,775.88,4.35,110.4,0.0707,20.22,14.22,21.46,75.0,1500.0,15.2,cooling_degradation,0.83
fault_cooling_degradation_2,2038,1789814002.7531269,4694.5,139.41,776.06,4.37,110.49,0.0766,20.15,14.21,21.99,75.0,1500.0,15.2,cooling_degradation,0.83
fault_cooling_degradation_2,2039,1789814003.7531269,4696.2,139.18,773.48,4.45,110.61,0.0861,20.11,14.15,22.07,75.0,1500.0,15.2,cooling_degradation,0.83
fault_cooling_degradation_2,2040,1789814004.7531269,4711.7,139.26,774.84,4.32,110.79,0.0826,20.21,14.2,21.61,75.0,1500.0,15.2,cooling_degradation,0.83
fault_cooling_degradation_2,2041,1789814005.7531269,4710.6,139.05,773.71,4.4,110.84,0.0778,20.16,14.19,21.87,75.0,1500.0,15.2,cooling_degradation,0.83
fault_cooling_degradation_2,2042,1789814006.7531269,4686.9,139.35,772.64,4.39,110.75,0.0716,20.31,14.27,21.68,75.0,1500.0,15.2,cooling_degradation,0.83
fault_cooling_degradation_2,2043,1789814007.7531269,4684.9,139.52,776.04,4.31,110.72,0.0764,20.19,14.13,21.02,75.0,1500.0,15.2,cooling_degradation,0.83
fault_cooling_degradation_2,2044,1789814008.7531269,4713.7,139.53,776.53,4.33,110.62,0.0774,19.98,14.08,21.19,75.0,1500.0,15.2,cooling_degradation,0.83
fault_cooling_degradation_2,2045,1789814009.7531269,4702.8,139.4,779.7,4.34,110.57,0.0745,19.81,14.13,21.09,75.0,1500.0,15.2,cooling_degradation,0.83
fault_cooling_degradation_2,2046,1789814010.7531269,4689.9,139.22,781.31,4.35,110.47,0.0832,19.85,14.09,21.27,75.0,1500.0,15.2,cooling_degradation,0.83
fault_cooling_degradation_2,2047,1789814011.7531269,4685.1,139.45,779.26,4.32,110.4,0.0684,19.82,14.1,21.13,75.0,1500.0,15.2,cooling_degradation,0.83
fault_cooling_degradation_2,2048,1789814012.7531269,4682.8,139.29,776.1,4.32,110.62,0.0667,19.85,14.07,20.86,75.0,1500.0,15.2,cooling_degradation,0.83
fault_cooling_degradation_2,2049,1789814013.7531269,4686.6,139.48,776.34,4.27,110.58,0.0711,20.05,14.14,21.1,75.0,1500.0,15.2,cooling_degradation,0.83
fault_cooling_degradation_2,2050,1789814014.7531269,4673.1,139.92,779.56,4.36,110.49,0.0758,20.04,14.19,21.37,75.0,1500.0,15.2,cooling_degradation,0.83
fault_cooling_degradation_2,2051,1789814015.7531269,4693.6,139.6,779.32,4.41,110.58,0.0769,20.09,14.12,21.37,75.0,1500.0,15.2,cooling_degradation,0.83
fault_cooling_degradation_2,2052,1789814016.7531269,4680.5,139.9,777.31,4.39,110.57,0.074,20.18,14.22,21.13,75.0,1500.0,15.2,cooling_degradation,0.83
fault_cooling_degradation_2,2053,1789814017.7531269,4676.3,139.92,776.97,4.37,110.72,0.075,19.95,14.25,21.49,75.0,1500.0,15.2,cooling_degradation,0.83
fault_cooling_degradation_2,2054,1789814018.7531269,4675.6,139.93,771.34,4.38,110.7,0.0733,20.04,14.2,21.27,75.0,1500.0,15.2,cooling_degradation,0.83
fault_cooling_degradation_2,2055,1789814019.7531269,4680.9,139.87,771.03,4.38,110.64,0.0806,20.27,14.2,21.48,75.0,1500.0,15.2,cooling_degradation,0.83
fault_cooling_degradation_2,2056,1789814020.7531269,4698.1,139.61,773.68,4.35,110.57,0.0751,20.34,14.29,21.1,75.0,1500.0,15.2,cooling_degradation,0.83
fault_cooling_degradation_2,2057,1789814021.7531269,4691.2,139.92,777.65,4.39,110.61,0.0741,20.26,14.33,21.08,75.0,1500.0,15.2,cooling_degradation,0.83
fault_cooling_degradation_2,2058,1789814022.7531269,4706.1,140.16,781.1,4.34,110.61,0.0737,20.29,14.22,21.02,75.0,1500.0,15.2,cooling_degradation,0.83
fault_cooling_degradation_2,2059,1789814023.7531269,4706.3,140.22,783.01,4.38,110.59,0.0652,20.1,14.2,20.93,75.0,1500.0,15.2,cooling_degradation,0.83
fault_cooling_degradation_2,2060,1789814024.7531269,4694.6,140.53,780.4,4.35,110.67,0.0619,20.07,14.23,21.14,75.0,1500.0,15.2,cooling_degradation,0.83
fault_cooling_degradation_2,2061,1789814025.7531269,4688.2,140.55,780.29,4.31,110.57,0.0655,20.13,14.23,21.16,75.0,1500.0,15.2,cooling_degradation,0.83
fault_cooling_degradation_2,2062,1789814026.7531269,4674.1,140.31,775.72,4.36,110.38,0.0725,20.1,14.22,20.87,75.0,1500.0,15.2,cooling_degradation,0.83
fault_cooling_degradation_2,2063,1789814027.7531269,4665.6,140.29,773.02,4.35,110.49,0.0785,20.02,14.22,21.05,75.0,1500.0,15.2,cooling_degradation,0.83
fault_cooling_degradation_2,2064,1789814028.7531269,4657.1,140.29,770.54,4.32,110.66,0.07,19.97,14.26,20.89,75.0,1500.0,15.2,cooling_degradation,0.83
fault_cooling_degradation_2,2065,1789814029.7531269,4662.2,140.19,776.45,4.43,110.73,0.0639,19.97,14.27,20.85,75.0,1500.0,15.2,cooling_degradation,0.83
fault_cooling_degradation_2,2066,1789814030.7531269,4668.0,140.03,778.13,4.39,110.87,0.0711,20.02,14.25,21.47,75.0,1500.0,15.2,cooling_degradation,0.83
fault_cooling_degradation_2,2067,1789814031.7531269,4655.3,140.24,773.17,4.44,110.97,0.0654,20.15,14.18,20.95,75.0,1500.0,15.2,cooling_degradation,0.83
fault_cooling_degradation_2,2068,1789814032.7531269,4666.8,140.56,772.31,4.5,110.97,0.0644,20.04,14.19,20.48,75.0,1500.0,15.2,cooling_degradation,0.83
fault_cooling_degradation_2,2069,1789814033.7531269,4690.3,140.64,774.33,4.46,110.95,0.0741,19.92,14.14,21.24,75.0,1500.0,15.2,cooling_degradation,0.83
fault_cooling_degradation_2,2070,1789814034.7531269,4681.8,140.64,774.17,4.37,111.06,0.0743,20.1,14.21,21.19,75.0,1500.0,15.2,cooling_degradation,0.83
fault_cooling_degradation_2,2071,1789814035.7531269,4688.5,140.75,779.64,4.47,110.93,0.0674,20.23,14.32,21.43,75.0,1500.0,15.2,cooling_degradation,0.83
fault_cooling_degradation_2,2072,1789814036.7531269,4687.7,140.61,780.04,4.45,110.74,0.0698,20.3,14.2,21.35,75.0,1500.0,15.2,cooling_degradation,0.83
fault_cooling_degradation_2,2073,1789814037.7531269,4690.7,140.3,783.26,4.37,110.94,0.0718,20.33,14.19,21.52,75.0,1500.0,15.2,cooling_degradation,0.83
fault_cooling_degradation_2,2074,1789814038.7531269,4704.2,140.14,779.25,4.38,111.0,0.0731,20.22,14.18,21.22,75.0,1500.0,15.2,cooling_degradation,0.83
fault_cooling_degradation_2,2075,1789814039.7531269,4698.8,140.42,773.88,4.38,111.06,0.0767,20.29,14.09,21.51,75.0,1500.0,15.2,cooling_degradation,0.83
fault_cooling_degradation_2,2076,1789814040.7531269,4714.7,140.83,775.39,4.37,111.01,0.0735,20.25,14.04,21.4,75.0,1500.0,15.2,cooling_degradation,0.83
fault_cooling_degradation_2,2077,1789814041.7531269,4709.4,140.97,776.57,4.35,111.15,0.0724,20.39,14.07,21.17,75.0,1500.0,15.2,cooling_degradation,0.83
fault_cooling_degradation_2,2078,1789814042.7531269,4714.3,141.49,775.74,4.31,111.14,0.0676,20.18,14.05,21.22,75.0,1500.0,15.2,cooling_degradation,0.83
fault_cooling_degradation_2,2079,1789814043.7531269,4708.2,141.16,776.82,4.24,111.15,0.064,20.25,14.1,21.12,75.0,1500.0,15.2,cooling_degradation,0.83
fault_cooling_degradation_2,2080,1789814044.7531269,4711.6,141.15,778.02,4.19,111.04,0.0653,20.14,14.04,21.48,75.0,1500.0,15.2,cooling_degradation,0.83
fault_cooling_degradation_2,2081,1789814045.7531269,4727.5,141.05,778.98,4.29,110.84,0.0643,20.27,13.94,21.43,75.0,1500.0,15.2,cooling_degradation,0.83
fault_cooling_degradation_2,2082,1789814046.7531269,4718.1,141.13,779.32,4.35,111.05,0.0671,20.32,13.95,21.12,75.0,1500.0,15.2,cooling_degradation,0.83
fault_cooling_degradation_2,2083,1789814047.7531269,4712.5,141.1,778.2,4.43,111.05,0.0696,20.26,13.94,21.23,75.0,1500.0,15.2,cooling_degradation,0.83
fault_cooling_degradation_2,2084,1789814048.7531269,4691.1,141.26,778.62,4.5,110.81,0.0789,20.33,13.99,21.13,75.0,1500.0,15.2,cooling_degradation,0.83
fault_cooling_degradation_2,2085,1789814049.7531269,4706.5,141.07,780.76,4.5,110.86,0.07,20.26,13.95,21.1,75.0,1500.0,15.2,cooling_degradation,0.83
fault_cooling_degradation_2,2086,1789814050.7531269,4696.3,141.1,783.96,4.54,110.96,0.0785,20.16,13.82,21.19,75.0,1500.0,15.2,cooling_degradation,0.83
fault_cooling_degradation_2,2087,1789814051.7531269,4674.5,140.77,784.5,4.43,110.81,0.0669,20.18,13.83,21.33,75.0,1500.0,15.2,cooling_degradation,0.83
fault_cooling_degradation_2,2088,1789814052.7531269,4690.3,140.75,784.12,4.45,110.99,0.07,20.19,13.9,21.71,75.0,1500.0,15.2,cooling_degradation,0.83
fault_cooling_degradation_2,2089,1789814053.7531269,4706.3,140.97,780.66,4.47,111.13,0.0701,20.22,13.91,21.03,75.0,1500.0,15.2,cooling_degradation,0.83
fault_cooling_degradation_2,2090,1789814054.7531269,4720.5,141.32,786.02,4.43,111.05,0.072,20.28,13.99,21.24,75.0,1500.0,15.2,cooling_degradation,0.83
fault_cooling_degradation_2,2091,1789814055.7531269,4705.7,140.87,788.92,4.39,111.0,0.0637,20.14,13.99,21.01,75.0,1500.0,15.2,cooling_degradation,0.83
fault_cooling_degradation_2,2092,1789814056.7531269,4718.2,141.09,789.25,4.34,110.9,0.0647,20.23,14.03,21.14,75.0,1500.0,15.2,cooling_degradation,0.83
fault_cooling_degradation_2,2093,1789814057.7531269,4743.7,141.37,782.17,4.39,110.83,0.0735,20.28,13.98,21.38,75.0,1500.0,15.2,cooling_degradation,0.83
fault_cooling_degradation_2,2094,1789814058.7531269,4717.5,141.35,786.3,4.33,110.73,0.0706,20.43,13.98,21.4,75.0,1500.0,15.2,cooling_degradation,0.83
fault_cooling_degradation_2,2095,1789814059.7531269,4695.2,141.5,786.19,4.39,110.83,0.0677,20.38,13.97,21.25,75.0,1500.0,15.2,cooling_degradation,0.83
fault_cooling_degradation_2,2096,1789814060.7531269,4695.1,141.52,786.37,4.4,110.87,0.0603,20.39,13.95,20.8,75.0,1500.0,15.2,cooling_degradation,0.83
fault_cooling_degradation_2,2097,1789814061.7531269,4679.9,141.62,781.63,4.45,110.94,0.0647,20.32,14.04,20.82,75.0,1500.0,15.2,cooling_degradation,0.83
fault_cooling_degradation_2,2098,1789814062.7531269,4660.0,141.63,775.99,4.41,110.9,0.0726,20.49,13.96,21.08,75.0,1500.0,15.2,cooling_degradation,0.83
fault_cooling_degradation_2,2099,1789814063.7531269,4666.0,141.26,776.33,4.44,110.95,0.0838,20.56,14.05,20.97,75.0,1500.0,15.2,cooling_degradation,0.83
fault_cooling_degradation_2,2100,1789814064.7531269,4672.3,140.9,773.51,4.44,111.04,0.0825,20.45,14.05,21.0,75.0,1500.0,15.2,cooling_degradation,0.83
fault_cooling_degradation_2,2101,1789814065.7531269,4671.5,140.93,772.23,4.44,111.11,0.0827,20.41,14.05,21.0,75.0,1500.0,15.2,cooling_degradation,0.83
fault_cooling_degradation_2,2102,1789814066.7531269,4677.4,141.27,774.02,4.43,111.02,0.0889,20.28,14.07,21.22,75.0,1500.0,15.2,cooling_degradation,0.83
fault_cooling_degradation_2,2103,1789814067.7531269,4704.4,141.25,776.69,4.38,111.08,0.0824,20.21,14.11,21.57,75.0,1500.0,15.2,cooling_degradation,0.83
fault_cooling_degradation_2,2104,1789814068.7531269,4724.5,141.21,779.02,4.31,110.98,0.0802,20.19,14.11,21.06,75.0,1500.0,15.2,cooling_degradation,0.83
fault_cooling_degradation_2,2105,1789814069.7531269,4719.0,141.55,778.94,4.37,111.23,0.0748,20.17,14.16,21.1,75.0,1500.0,15.2,cooling_degradation,0.83
fault_cooling_degradation_2,2106,1789814070.7531269,4718.0,141.6,778.4,4.42,111.28,0.0758,19.98,14.18,20.97,75.0,1500.0,15.2,cooling_degradation,0.83
fault_cooling_degradation_2,2107,1789814071.7531269,4720.5,141.64,780.21,4.39,111.31,0.0743,20.05,14.19,21.01,75.0,1500.0,15.2,cooling_degradation,0.83
fault_cooling_degradation_2,2108,1789814072.7531269,4721.1,141.63,773.87,4.34,111.25,0.0691,20.13,14.05,21.16,75.0,1500.0,15.2,cooling_degradation,0.83
fault_cooling_degradation_2,2109,1789814073.7531269,4712.3,141.62,779.25,4.4,111.3,0.0716,20.05,14.11,21.25,75.0,1500.0,15.2,cooling_degradation,0.83
fault_cooling_degradation_2,2110,1789814074.7531269,4697.8,141.53,778.28,4.36,111.38,0.0654,20.13,14.16,21.09,75.0,1500.0,15.2,cooling_degradation,0.83
fault_cooling_degradation_2,2111,1789814075.7531269,4721.0,141.56,771.23,4.37,111.23,0.0684,20.3,14.15,21.45,75.0,1500.0,15.2,cooling_degradation,0.83
fault_cooling_degradation_2,2112,1789814076.7531269,4726.4,141.75,771.02,4.38,111.27,0.0668,20.53,14.09,21.31,75.0,1500.0,15.2,cooling_degradation,0.83
fault_cooling_degradation_2,2113,1789814077.7531269,4751.0,141.88,773.3,4.45,111.28,0.065,20.58,14.12,21.22,75.0,1500.0,15.2,cooling_degradation,0.83
fault_cooling_degradation_2,2114,1789814078.7531269,4737.5,141.69,774.09,4.51,111.43,0.06,20.37,14.04,21.12,75.0,1500.0,15.2,cooling_degradation,0.83
fault_cooling_degradation_2,2115,1789814079.7531269,4719.3,141.22,775.28,4.46,111.65,0.0626,20.33,14.04,21.01,75.0,1500.0,15.2,cooling_degradation,0.83
fault_cooling_degradation_2,2116,1789814080.7531269,4714.7,141.28,777.68,4.51,111.81,0.061,20.16,14.11,20.88,75.0,1500.0,15.2,cooling_degradation,0.83
fault_cooling_degradation_2,2117,1789814081.7531269,4719.7,141.54,775.03,4.52,111.63,0.0645,20.23,14.13,20.93,75.0,1500.0,15.2,cooling_degradation,0.83
fault_cooling_degradation_2,2118,1789814082.7531269,4718.3,142.04,779.59,4.4,111.5,0.0723,20.16,14.1,20.68,75.0,1500.0,15.2,cooling_degradation,0.83
fault_cooling_degradation_2,2119,1789814083.7531269,4703.6,141.73,782.13,4.3,111.49,0.081,20.14,14.1,20.97,75.0,1500.0,15.2,cooling_degradation,0.83
fault_cooling_degradation_2,2120,1789814084.7531269,4705.7,141.89,777.67,4.33,111.59,0.0758,20.05,14.15,20.81,75.0,1500.0,15.2,cooling_degradation,0.83
fault_cooling_degradation_2,2121,1789814085.7531269,4710.8,141.76,781.35,4.37,111.52,0.0818,20.01,14.11,21.08,75.0,1500.0,15.2,cooling_degradation,0.83
fault_cooling_degradation_2,2122,1789814086.7531269,4686.7,141.45,786.89,4.29,111.59,0.0789,20.0,14.09,21.1,75.0,1500.0,15.2,cooling_degradation,0.83
fault_cooling_degradation_2,2123,1789814087.7531269,4693.7,141.66,787.88,4.32,111.56,0.0779,20.09,14.04,21.18,75.0,1500.0,15.2,cooling_degradation,0.83
fault_cooling_degradation_2,2124,1789814088.7531269,4706.7,141.95,784.23,4.29,111.82,0.076,20.06,13.96,21.34,75.0,1500.0,15.2,cooling_degradation,0.83
fault_cooling_degradation_2,2125,1789814089.7531269,4730.2,141.84,784.81,4.34,111.82,0.0772,20.05,13.93,20.92,75.0,1500.0,15.2,cooling_degradation,0.83
fault_cooling_degradation_2,2126,1789814090.7531269,4710.1,142.0,788.17,4.34,111.98,0.0681,19.99,13.98,20.88,75.0,1500.0,15.2,cooling_degradation,0.83
fault_cooling_degradation_2,2127,1789814091.7531269,4682.2,142.04,789.77,4.37,111.96,0.0702,20.06,14.02,21.2,75.0,1500.0,15.2,cooling_degradation,0.83
fault_cooling_degradation_2,2128,1789814092.7531269,4702.7,141.97,787.87,4.3,111.98,0.0721,20.1,14.05,21.22,75.0,1500.0,15.2,cooling_degradation,0.83
fault_cooling_degradation_2,2129,1789814093.7531269,4698.3,141.69,786.3,4.27,111.9,0.075,20.07,14.16,21.28,75.0,1500.0,15.2,cooling_degradation,0.83
fault_cooling_degradation_2,2130,1789814094.7531269,4686.7,141.9,789.7,4.32,111.9,0.0791,20.33,14.14,21.15,75.0,1500.0,15.2,cooling_degradation,0.83
fault_cooling_degradation_2,2131,1789814095.7531269,4673.3,141.85,787.17,4.4,111.78,0.0761,20.35,14.25,21.4,75.0,1500.0,15.2,cooling_degradation,0.83
fault_cooling_degradation_2,2132,1789814096.7531269,4691.0,141.92,786.92,4.39,111.77,0.0762,20.2,14.14,21.38,75.0,1500.0,15.2,cooling_degradation,0.83
fault_cooling_degradation_2,2133,1789814097.7531269,4707.8,142.04,790.3,4.39,111.86,0.0762,20.1,14.17,21.34,75.0,1500.0,15.2,cooling_degradation,0.83
fault_cooling_degradation_2,2134,1789814098.7531269,4706.2,142.18,790.03,4.45,112.01,0.0785,20.1,14.15,21.31,75.0,1500.0,15.2,cooling_degradation,0.83
fault_cooling_degradation_2,2135,1789814099.7531269,4700.3,142.16,785.97,4.45,112.05,0.0762,20.16,14.1,21.52,75.0,1500.0,15.2,cooling_degradation,0.83
fault_cooling_degradation_2,2136,1789814100.7531269,4694.5,142.19,793.08,4.35,112.12,0.0726,20.15,14.15,21.04,75.0,1500.0,15.2,cooling_degradation,0.83
fault_cooling_degradation_2,2137,1789814101.7531269,4694.3,141.98,790.3,4.32,112.1,0.0787,20.21,14.12,21.24,75.0,1500.0,15.2,cooling_degradation,0.83
fault_cooling_degradation_2,2138,1789814102.7531269,4705.6,142.16,789.35,4.3,111.97,0.0728,20.14,14.09,21.44,75.0,1500.0,15.2,cooling_degradation,0.83
fault_cooling_degradation_2,2139,1789814103.7531269,4692.5,142.24,787.79,4.29,112.06,0.0707,20.04,14.04,21.39,75.0,1500.0,15.2,cooling_degradation,0.83
fault_cooling_degradation_2,2140,1789814104.7531269,4692.4,142.49,787.34,4.35,112.16,0.0764,20.01,13.96,21.5,75.0,1500.0,15.2,cooling_degradation,0.83
fault_cooling_degradation_2,2141,1789814105.7531269,4698.2,142.43,792.54,4.39,112.19,0.079,20.02,13.94,21.23,75.0,1500.0,15.2,cooling_degradation,0.83
fault_cooling_degradation_2,2142,1789814106.7531269,4710.0,142.21,790.38,4.3,112.22,0.079,20.09,13.97,21.16,75.0,1500.0,15.2,cooling_degradation,0.83
fault_cooling_degradation_2,2143,1789814107.7531269,4693.1,142.26,793.68,4.35,112.29,0.0787,20.13,14.01,21.03,75.0,1500.0,15.2,cooling_degradation,0.83
fault_cooling_degradation_2,2144,1789814108.7531269,4686.4,142.67,788.91,4.44,112.35,0.0778,20.06,13.96,21.19,75.0,1500.0,15.2,cooling_degradation,0.83
fault_cooling_degradation_2,2145,1789814109.7531269,4700.1,142.69,787.49,4.36,112.17,0.087,20.11,14.01,20.89,75.0,1500.0,15.2,cooling_degradation,0.83
fault_cooling_degradation_2,2146,1789814110.7531269,4687.9,142.56,787.3,4.36,112.05,0.0719,20.22,14.03,20.79,75.0,1500.0,15.2,cooling_degradation,0.83
fault_cooling_degradation_2,2147,1789814111.7531269,4676.2,142.87,787.71,4.44,112.18,0.063,20.2,14.08,20.58,75.0,1500.0,15.2,cooling_degradation,0.83
fault_cooling_degradation_2,2148,1789814112.7531269,4652.2,143.16,787.88,4.41,112.09,0.0647,20.18,14.12,21.03,75.0,1500.0,15.2,cooling_degradation,0.83
fault_cooling_degradation_2,2149,1789814113.7531269,4664.2,142.96,782.96,4.34,112.0,0.0596,20.35,14.24,21.36,75.0,1500.0,15.2,cooling_degradation,0.83
fault_cooling_degradation_2,2150,1789814114.7531269,4680.6,142.77,780.51,4.35,111.91,0.0729,20.31,14.25,21.28,75.0,1500.0,15.2,cooling_degradation,0.83
fault_cooling_degradation_2,2151,1789814115.7531269,4703.0,142.79,784.06,4.37,111.83,0.0631,20.24,14.29,20.83,75.0,1500.0,15.2,cooling_degradation,0.83
fault_cooling_degradation_2,2152,1789814116.7531269,4667.3,143.29,785.68,4.46,111.88,0.0705,20.11,14.33,20.77,75.0,1500.0,15.2,cooling_degradation,0.83
fault_cooling_degradation_2,2153,1789814117.7531269,4690.5,142.93,784.39,4.39,111.97,0.0735,20.1,14.24,20.92,75.0,1500.0,15.2,cooling_degradation,0.83
fault_cooling_degradation_2,2154,1789814118.7531269,4696.2,142.94,783.72,4.39,112.01,0.0628,20.03,14.24,20.88,75.0,1500.0,15.2,cooling_degradation,0.83
fault_cooling_degradation_2,2155,1789814119.7531269,4701.2,142.76,792.08,4.36,112.11,0.0678,19.97,14.19,20.93,75.0,1500.0,15.2,cooling_degradation,0.83
fault_cooling_degradation_2,2156,1789814120.7531269,4690.3,142.86,790.72,4.3,111.95,0.0677,20.19,14.23,21.33,75.0,1500.0,15.2,cooling_degradation,0.83
fault_cooling_degradation_2,2157,1789814121.7531269,4684.5,142.87,794.46,4.39,111.89,0.066,20.26,14.26,21.23,75.0,1500.0,15.2,cooling_degradation,0.83
fault_cooling_degradation_2,2158,1789814122.7531269,4655.5,142.89,794.29,4.32,111.78,0.0716,20.42,14.27,21.3,75.0,1500.0,15.2,cooling_degradation,0.83
fault_cooling_degradation_2,2159,1789814123.7531269,4666.8,142.59,793.14,4.33,111.97,0.0766,20.32,14.21,21.32,75.0,1500.0,15.2,cooling_degradation,0.83
fault_cooling_degradation_2,2160,1789814124.7531269,4666.5,142.55,790.97,4.36,111.98,0.0754,20.13,14.07,21.29,75.0,1500.0,15.2,cooling_degradation,0.83
fault_cooling_degradation_2,2161,1789814125.7531269,4677.0,142.7,790.39,4.31,112.13,0.0738,20.13,14.06,21.05,75.0,1500.0,15.2,cooling_degradation,0.83
fault_cooling_degradation_2,2162,1789814126.7531269,4707.1,142.8,789.27,4.31,112.09,0.0804,20.3,14.03,20.92,75.0,1500.0,15.2,cooling_degradation,0.83
fault_cooling_degradation_2,2163,1789814127.7531269,4701.5,142.97,792.69,4.26,112.2,0.0822,20.34,14.02,21.37,75.0,1500.0,15.2,cooling_degradation,0.83
fault_cooling_degradation_2,2164,1789814128.7531269,4699.5,143.45,792.75,4.29,112.26,0.0792,20.42,14.02,21.22,75.0,1500.0,15.2,cooling_degradation,0.83
fault_cooling_degradation_2,2165,1789814129.7531269,4694.8,143.41,790.36,4.36,112.27,0.0807,20.37,14.09,21.2,75.0,1500.0,15.2,cooling_degradation,0.83
fault_cooling_degradation_2,2166,1789814130.7531269,4707.9,143.38,789.02,4.38,112.52,0.0819,20.39,14.16,21.19,75.0,1500.0,15.2,cooling_degradation,0.83
fault_cooling_degradation_2,2167,1789814131.7531269,4693.4,143.24,792.09,4.35,112.52,0.0733,20.35,14.25,21.41,75.0,1500.0,15.2,cooling_degradation,0.83
fault_cooling_degradation_2,2168,1789814132.7531269,4689.7,143.19,790.8,4.29,112.66,0.0742,20.49,14.25,21.46,75.0,1500.0,15.2,cooling_degradation,0.83
fault_cooling_degradation_2,2169,1789814133.7531269,4719.4,143.33,791.45,4.38,112.64,0.0722,20.44,14.2,21.38,75.0,1500.0,15.2,cooling_degradation,0.83
fault_cooling_degradation_2,2170,1789814134.7531269,4710.5,143.44,789.39,4.37,112.53,0.0673,20.44,14.23,20.94,75.0,1500.0,15.2,cooling_degradation,0.83
fault_cooling_degradation_2,2171,1789814135.7531269,4713.6,143.41,789.32,4.32,112.47,0.0768,20.49,14.23,21.05,75.0,1500.0,15.2,cooling_degradation,0.83
fault_cooling_degradation_2,2172,1789814136.7531269,4715.9,143.46,785.75,4.28,112.37,0.0748,20.4,14.21,21.48,75.0,1500.0,15.2,cooling_degradation,0.83
fault_cooling_degradation_2,2173,1789814137.7531269,4707.1,143.38,789.48,4.39,112.38,0.0693,20.35,14.19,21.24,75.0,1500.0,15.2,cooling_degradation,0.83
fault_cooling_degradation_2,2174,1789814138.7531269,4690.8,143.73,784.07,4.4,112.32,0.0736,20.43,14.17,21.29,75.0,1500.0,15.2,cooling_degradation,0.83
fault_cooling_degradation_2,2175,1789814139.7531269,4701.3,143.71,789.92,4.4,112.27,0.0623,20.44,14.12,21.52,75.0,1500.0,15.2,cooling_degradation,0.83
fault_cooling_degradation_2,2176,1789814140.7531269,4713.4,143.55,792.66,4.31,112.41,0.0709,20.41,14.12,21.33,75.0,1500.0,15.2,cooling_degradation,0.83
fault_cooling_degradation_2,2177,1789814141.7531269,4707.7,143.65,790.86,4.37,112.36,0.0764,20.37,14.18,21.35,75.0,1500.0,15.2,cooling_degradation,0.83
fault_cooling_degradation_2,2178,1789814142.7531269,4707.5,143.57,788.51,4.37,112.33,0.0815,20.41,14.19,21.25,75.0,1500.0,15.2,cooling_degradation,0.83
fault_cooling_degradation_2,2179,1789814143.7531269,4709.4,143.38,783.68,4.37,112.18,0.0811,20.22,14.13,21.22,75.0,1500.0,15.2,cooling_degradation,0.83
fault_cooling_degradation_2,2180,1789814144.7531269,4701.7,143.23,784.77,4.33,112.22,0.0743,20.17,14.02,21.43,75.0,1500.0,15.2,cooling_degradation,0.83
fault_cooling_degradation_2,2181,1789814145.7531269,4699.1,143.02,787.81,4.42,112.2,0.0623,20.03,14.1,21.17,75.0,1500.0,15.2,cooling_degradation,0.83
fault_cooling_degradation_2,2182,1789814146.7531269,4718.1,143.09,786.02,4.48,112.15,0.0559,20.1,14.2,21.21,75.0,1500.0,15.2,cooling_degradation,0.83
fault_cooling_degradation_2,2183,1789814147.7531269,4736.8,143.31,786.06,4.55,112.15,0.0574,19.96,14.16,21.29,75.0,1500.0,15.2,cooling_degradation,0.83
fault_cooling_degradation_2,2184,1789814148.7531269,4721.5,143.32,784.05,4.51,112.18,0.072,19.95,14.18,21.25,75.0,1500.0,15.2,cooling_degradation,0.83
fault_cooling_degradation_2,2185,1789814149.7531269,4726.0,143.32,786.0,4.51,112.42,0.068,20.0,14.07,21.32,75.0,1500.0,15.2,cooling_degradation,0.83
fault_cooling_degradation_2,2186,1789814150.7531269,4721.0,143.52,789.24,4.37,112.55,0.0697,20.09,14.06,20.97,75.0,1500.0,15.2,cooling_degradation,0.83
fault_cooling_degradation_2,2187,1789814151.7531269,4716.5,143.71,791.8,4.31,112.64,0.0661,20.19,14.09,20.98,75.0,1500.0,15.2,cooling_degradation,0.83
fault_cooling_degradation_2,2188,1789814152.7531269,4718.4,143.73,790.87,4.23,112.48,0.0707,20.15,14.07,20.93,75.0,1500.0,15.2,cooling_degradation,0.83
fault_cooling_degradation_2,2189,1789814153.7531269,4704.9,144.0,795.59,4.34,112.49,0.0723,20.06,14.07,21.0,75.0,1500.0,15.2,cooling_degradation,0.83
fault_cooling_degradation_2,2190,1789814154.7531269,4704.7,144.23,797.69,4.32,112.52,0.076,20.06,14.11,20.75,75.0,1500.0,15.2,cooling_degradation,0.83
fault_cooling_degradation_2,2191,1789814155.7531269,4698.4,144.07,798.79,4.38,112.47,0.0785,20.07,14.12,21.13,75.0,1500.0,15.2,cooling_degradation,0.83
fault_cooling_degradation_2,2192,1789814156.7531269,4686.8,143.71,798.56,4.34,112.47,0.0745,20.1,14.1,21.18,75.0,1500.0,15.2,cooling_degradation,0.83
fault_cooling_degradation_2,2193,1789814157.7531269,4724.7,143.75,793.76,4.34,112.47,0.0724,20.16,14.1,21.23,75.0,1500.0,15.2,cooling_degradation,0.83
fault_cooling_degradation_2,2194,1789814158.7531269,4705.0,143.53,793.86,4.35,112.47,0.0646,20.19,14.04,21.32,75.0,1500.0,15.2,cooling_degradation,0.83
fault_cooling_degradation_2,2195,1789814159.7531269,4711.9,143.62,792.99,4.34,112.49,0.064,20.32,14.03,21.75,75.0,1500.0,15.2,cooling_degradation,0.83
fault_cooling_degradation_2,2196,1789814160.7531269,4691.6,144.08,799.09,4.39,112.53,0.064,20.32,14.05,21.51,75.0,1500.0,15.2,cooling_degradation,0.83
fault_cooling_degradation_2,2197,1789814161.7531269,4692.7,144.02,801.6,4.43,112.6,0.0716,20.32,14.04,21.43,75.0,1500.0,15.2,cooling_degradation,0.83
fault_cooling_degradation_2,2198,1789814162.7531269,4718.6,144.02,802.89,4.28,112.53,0.0728,20.22,14.06,21.34,75.0,1500.0,15.2,cooling_degradation,0.83
fault_cooling_degradation_2,2199,1789814163.7531269,4699.6,144.39,796.24,4.28,112.74,0.0698,20.4,14.21,21.23,75.0,1500.0,15.2,cooling_degradation,0.83
fault_cooling_degradation_2,2200,1789814164.7531269,4706.2,144.1,797.51,4.29,112.79,0.0649,20.29,14.28,20.89,75.0,1500.0,15.2,cooling_degradation,0.83
fault_cooling_degradation_2,2201,1789814165.7531269,4699.8,144.29,792.3,4.28,112.67,0.0604,20.22,14.36,21.01,75.0,1500.0,15.2,cooling_degradation,0.83
fault_cooling_degradation_2,2202,1789814166.7531269,4701.7,144.54,794.42,4.3,112.69,0.0657,20.18,14.33,21.35,75.0,1500.0,15.2,cooling_degradation,0.83
fault_cooling_degradation_2,2203,1789814167.7531269,4726.0,144.3,792.71,4.36,112.74,0.0675,20.2,14.27,21.49,75.0,1500.0,15.2,cooling_degradation,0.83
fault_cooling_degradation_2,2204,1789814168.7531269,4703.9,144.1,791.29,4.45,112.72,0.0673,20.14,14.21,21.33,75.0,1500.0,15.2,cooling_degradation,0.83
fault_cooling_degradation_2,2205,1789814169.7531269,4682.0,144.0,791.74,4.42,112.58,0.0668,20.09,14.2,21.25,75.0,1500.0,15.2,cooling_degradation,0.83
fault_cooling_degradation_2,2206,1789814170.7531269,4677.6,144.15,793.99,4.41,112.57,0.0676,20.01,14.22,21.06,75.0,1500.0,15.2,cooling_degradation,0.83
fault_cooling_degradation_2,2207,1789814171.7531269,4689.8,144.34,791.64,4.3,112.7,0.0722,20.05,14.2,20.9,75.0,1500.0,15.2,cooling_degradation,0.83
fault_cooling_degradation_2,2208,1789814172.7531269,4669.1,144.34,792.54,4.26,112.81,0.0642,20.37,14.17,20.97,75.0,1500.0,15.2,cooling_degradation,0.83
fault_cooling_degradation_2,2209,1789814173.7531269,4668.6,144.36,789.86,4.28,112.76,0.0585,20.33,14.22,21.05,75.0,1500.0,15.2,cooling_degradation,0.83
fault_cooling_degradation_2,2210,1789814174.7531269,4681.2,144.46,790.07,4.18,112.69,0.0628,20.59,14.22,21.21,75.0,1500.0,15.2,cooling_degradation,0.83
fault_cooling_degradation_2,2211,1789814175.7531269,4678.8,144.27,789.18,4.25,112.82,0.0713,20.66,14.2,21.29,75.0,1500.0,15.2,cooling_degradation,0.83
fault_cooling_degradation_2,2212,1789814176.7531269,4678.4,144.22,794.47,4.17,112.81,0.0751,20.8,14.22,21.47,75.0,1500.0,15.2,cooling_degradation,0.83
fault_cooling_degradation_2,2213,1789814177.7531269,4662.2,144.38,794.5,4.27,112.84,0.0672,20.54,14.23,21.54,75.0,1500.0,15.2,cooling_degradation,0.83
fault_cooling_degradation_2,2214,1789814178.7531269,4671.1,144.41,794.61,4.29,112.99,0.0663,20.53,14.29,21.33,75.0,1500.0,15.2,cooling_degradation,0.83
fault_cooling_degradation_2,2215,1789814179.7531269,4681.0,144.62,794.48,4.4,113.15,0.0717,20.41,14.26,21.44,75.0,1500.0,15.2,cooling_degradation,0.83
fault_cooling_degradation_2,2216,1789814180.7531269,4669.7,144.39,794.98,4.4,113.06,0.0705,20.48,14.25,21.19,75.0,1500.0,15.2,cooling_degradation,0.83
fault_cooling_degradation_2,2217,1789814181.7531269,4678.3,144.42,794.12,4.37,112.97,0.0736,20.29,14.24,21.21,75.0,1500.0,15.2,cooling_degradation,0.83
fault_cooling_degradation_2,2218,1789814182.7531269,4703.1,144.3,796.93,4.37,112.94,0.0703,20.35,14.21,21.08,75.0,1500.0,15.2,cooling_degradation,0.83
fault_cooling_degradation_2,2219,1789814183.7531269,4692.7,144.37,801.69,4.37,113.11,0.0767,20.3,14.16,21.03,75.0,1500.0,15.2,cooling_degradation,0.83
fault_cooling_degradation_2,2220,1789814184.7531269,4693.8,144.56,798.86,4.38,113.09,0.0799,20.26,14.06,21.12,75.0,1500.0,15.2,cooling_degradation,0.83
fault_cooling_degradation_2,2221,1789814185.7531269,4680.9,144.7,793.54,4.27,113.1,0.077,20.36,14.09,21.18,75.0,1500.0,15.2,cooling_degradation,0.83
fault_cooling_degradation_2,2222,1789814186.7531269,4691.3,144.62,795.59,4.34,113.28,0.0668,20.58,14.09,21.43,75.0,1500.0,15.2,cooling_degradation,0.83
fault_cooling_degradation_2,2223,1789814187.7531269,4681.3,144.47,791.26,4.34,113.18,0.0681,20.59,14.14,21.51,75.0,1500.0,15.2,cooling_degradation,0.83
fault_cooling_degradation_2,2224,1789814188.7531269,4702.5,144.44,788.62,4.35,113.42,0.0699,20.59,14.1,21.3,75.0,1500.0,15.2,cooling_degradation,0.83
fault_cooling_degradation_2,2225,1789814189.7531269,4717.2,144.47,787.97,4.39,113.2,0.0769,20.59,14.13,21.2,75.0,1500.0,15.2,cooling_degradation,0.83
fault_cooling_degradation_2,2226,1789814190.7531269,4698.3,144.73,792.82,4.34,113.41,0.0739,20.67,14.11,21.31,75.0,1500.0,15.2,cooling_degradation,0.83
fault_cooling_degradation_2,2227,1789814191.7531269,4699.6,144.65,793.48,4.35,113.23,0.0701,20.53,14.18,21.16,75.0,1500.0,15.2,cooling_degradation,0.83
fault_cooling_degradation_2,2228,1789814192.7531269,4679.1,144.71,795.48,4.39,113.02,0.0661,20.67,14.16,21.21,75.0,1500.0,15.2,cooling_degradation,0.83
fault_cooling_degradation_2,2229,1789814193.7531269,4679.5,144.55,787.96,4.44,113.08,0.0735,20.62,14.12,21.6,75.0,1500.0,15.2,cooling_degradation,0.83
fault_cooling_degradation_2,2230,1789814194.7531269,4712.5,144.51,788.92,4.53,113.06,0.0789,20.54,14.14,21.38,75.0,1500.0,15.2,cooling_degradation,0.83
fault_cooling_degradation_2,2231,1789814195.7531269,4708.8,144.44,788.45,4.46,113.09,0.078,20.44,14.09,21.05,75.0,1500.0,15.2,cooling_degradation,0.83
fault_cooling_degradation_2,2232,1789814196.7531269,4699.3,144.71,788.49,4.38,113.11,0.0708,20.54,14.16,21.02,75.0,1500.0,15.2,cooling_degradation,0.83
fault_cooling_degradation_2,2233,1789814197.7531269,4694.5,144.82,787.1,4.39,113.16,0.0759,20.63,14.18,21.07,75.0,1500.0,15.2,cooling_degradation,0.83
fault_cooling_degradation_2,2234,1789814198.7531269,4699.3,144.84,791.89,4.31,112.85,0.0724,20.62,14.21,21.14,75.0,1500.0,15.2,cooling_degradation,0.83
fault_cooling_degradation_2,2235,1789814199.7531269,4710.8,145.08,788.52,4.3,112.95,0.0683,20.54,14.16,21.34,75.0,1500.0,15.2,cooling_degradation,0.83
fault_cooling_degradation_2,2236,1789814200.7531269,4713.4,145.45,790.1,4.32,113.05,0.0742,20.42,14.14,21.3,75.0,1500.0,15.2,cooling_degradation,0.83
fault_cooling_degradation_2,2237,1789814201.7531269,4728.8,145.44,785.29,4.3,113.04,0.0771,20.5,14.03,21.6,75.0,1500.0,15.2,cooling_degradation,0.83
fault_cooling_degradation_2,2238,1789814202.7531269,4701.9,145.57,787.0,4.28,113.18,0.0743,20.27,14.07,21.29,75.0,1500.0,15.2,cooling_degradation,0.83
fault_cooling_degradation_2,2239,1789814203.7531269,4683.7,145.9,792.08,4.24,113.18,0.0744,20.23,14.14,21.33,75.0,1500.0,15.2,cooling_degradation,0.83
fault_cooling_degradation_2,2240,1789814204.7531269,4668.4,145.72,799.27,4.29,113.39,0.066,20.25,14.15,21.21,75.0,1500.0,15.2,cooling_degradation,0.83
fault_cooling_degradation_2,2241,1789814205.7531269,4679.0,146.06,802.04,4.35,113.36,0.0706,20.29,14.15,21.22,75.0,1500.0,15.2,cooling_degradation,0.83
fault_cooling_degradation_2,2242,1789814206.7531269,4712.8,146.05,804.62,4.36,113.36,0.0687,20.42,14.11,21.22,75.0,1500.0,15.2,cooling_degradation,0.83
fault_cooling_degradation_2,2243,1789814207.7531269,4707.7,145.61,800.62,4.37,113.34,0.0662,20.4,14.06,21.28,75.0,1500.0,15.2,cooling_degradation,0.83
fault_cooling_degradation_2,2244,1789814208.7531269,4686.6,145.63,801.63,4.3,113.37,0.0701,20.22,14.0,21.35,75.0,1500.0,15.2,cooling_degradation,0.83
fault_cooling_degradation_2,2245,1789814209.7531269,4706.4,145.7,803.75,4.29,113.34,0.069,20.08,14.09,21.26,75.0,1500.0,15.2,cooling_degradation,0.83
fault_cooling_degradation_2,2246,1789814210.7531269,4686.9,145.59,800.41,4.29,113.24,0.07,20.18,14.03,20.86,75.0,1500.0,15.2,cooling_degradation,0.83
fault_cooling_degradation_2,2247,1789814211.7531269,4679.1,145.67,800.14,4.26,113.28,0.067,20.18,14.07,20.69,75.0,1500.0,15.2,cooling_degradation,0.83
fault_cooling_degradation_2,2248,1789814212.7531269,4684.9,145.83,804.32,4.27,113.13,0.0641,20.15,14.07,21.11,75.0,1500.0,15.2,cooling_degradation,0.83
fault_cooling_degradation_2,2249,1789814213.7531269,4678.7,145.73,805.38,4.31,113.18,0.074,20.16,14.16,21.04,75.0,1500.0,15.2,cooling_degradation,0.83
fault_cooling_degradation_2,2250,1789814214.7531269,4687.1,145.77,804.33,4.35,112.97,0.0698,20.21,14.18,20.9,75.0,1500.0,15.2,cooling_degradation,0.83
fault_cooling_degradation_2,2251,1789814215.7531269,4695.3,145.75,804.94,4.36,112.82,0.0641,20.26,14.15,20.87,75.0,1500.0,15.2,cooling_degradation,0.83
fault_cooling_degradation_2,2252,1789814216.7531269,4693.1,146.12,805.07,4.34,112.77,0.077,20.22,14.12,20.95,75.0,1500.0,15.2,cooling_degradation,0.83
fault_cooling_degradation_2,2253,1789814217.7531269,4666.0,145.95,802.94,4.45,112.98,0.0781,20.13,14.16,21.41,75.0,1500.0,15.2,cooling_degradation,0.83
fault_cooling_degradation_2,2254,1789814218.7531269,4675.3,146.13,803.71,4.33,113.07,0.0756,20.24,14.21,21.16,75.0,1500.0,15.2,cooling_degradation,0.83
fault_cooling_degradation_2,2255,1789814219.7531269,4665.8,145.96,805.22,4.39,113.16,0.0833,20.26,14.27,21.23,75.0,1500.0,15.2,cooling_degradation,0.83
fault_cooling_degradation_2,2256,1789814220.7531269,4639.1,146.25,804.84,4.4,113.16,0.0728,20.24,14.22,21.35,75.0,1500.0,15.2,cooling_degradation,0.83
fault_cooling_degradation_2,2257,1789814221.7531269,4658.6,146.25,802.19,4.39,113.14,0.0669,20.34,14.27,21.4,75.0,1500.0,15.2,cooling_degradation,0.83
fault_cooling_degradation_2,2258,1789814222.7531269,4688.8,146.29,803.42,4.29,113.15,0.0695,20.17,14.34,21.21,75.0,1500.0,15.2,cooling_degradation,0.83
fault_cooling_degradation_2,2259,1789814223.7531269,4682.2,146.35,803.78,4.18,113.37,0.076,20.23,14.36,21.11,75.0,1500.0,15.2,cooling_degradation,0.83
fault_cooling_degradation_2,2260,1789814224.7531269,4705.2,146.25,801.52,4.16,113.38,0.0742,20.24,14.41,21.43,75.0,1500.0,15.2,cooling_degradation,0.83
fault_cooling_degradation_2,2261,1789814225.7531269,4709.2,146.18,802.21,4.22,113.42,0.0797,20.24,14.39,20.96,75.0,1500.0,15.2,cooling_degradation,0.83
fault_cooling_degradation_2,2262,1789814226.7531269,4718.0,146.36,803.41,4.31,113.46,0.08,20.27,14.37,21.25,75.0,1500.0,15.2,cooling_degradation,0.83
fault_cooling_degradation_2,2263,1789814227.7531269,4695.2,145.96,804.76,4.34,113.46,0.0745,20.33,14.51,21.34,75.0,1500.0,15.2,cooling_degradation,0.83
fault_cooling_degradation_2,2264,1789814228.7531269,4730.7,146.05,808.25,4.36,113.29,0.0694,20.31,14.53,21.47,75.0,1500.0,15.2,cooling_degradation,0.83
fault_cooling_degradation_2,2265,1789814229.7531269,4706.9,146.02,804.76,4.35,113.14,0.0787,20.42,14.44,21.13,75.0,1500.0,15.2,cooling_degradation,0.83
fault_cooling_degradation_2,2266,1789814230.7531269,4702.9,146.18,803.76,4.32,113.32,0.0813,20.33,14.41,21.02,75.0,1500.0,15.2,cooling_degradation,0.83
fault_cooling_degradation_2,2267,1789814231.7531269,4732.2,146.21,804.24,4.43,113.28,0.0771,20.41,14.37,21.26,75.0,1500.0,15.2,cooling_degradation,0.83
fault_cooling_degradation_2,2268,1789814232.7531269,4717.6,146.5,798.72,4.4,113.19,0.0762,20.3,14.38,21.31,75.0,1500.0,15.2,cooling_degradation,0.83
fault_cooling_degradation_2,2269,1789814233.7531269,4730.5,146.34,802.55,4.39,113.24,0.0743,20.24,14.28,21.09,75.0,1500.0,15.2,cooling_degradation,0.83
fault_cooling_degradation_2,2270,1789814234.7531269,4728.7,146.08,803.47,4.37,113.07,0.0747,20.37,14.3,21.27,75.0,1500.0,15.2,cooling_degradation,0.83
fault_cooling_degradation_2,2271,1789814235.7531269,4727.6,146.41,799.51,4.32,113.22,0.0809,20.53,14.34,20.95,75.0,1500.0,15.2,cooling_degradation,0.83
fault_cooling_degradation_2,2272,1789814236.7531269,4700.3,146.32,798.46,4.35,113.15,0.0813,20.44,14.3,20.94,75.0,1500.0,15.2,cooling_degradation,0.83
fault_cooling_degradation_2,2273,1789814237.7531269,4698.4,146.19,797.09,4.39,113.21,0.0823,20.27,14.35,21.17,75.0,1500.0,15.2,cooling_degradation,0.83
fault_cooling_degradation_2,2274,1789814238.7531269,4729.8,146.28,793.53,4.39,113.15,0.0868,20.39,14.36,21.05,75.0,1500.0,15.2,cooling_degradation,0.83
fault_cooling_degradation_2,2275,1789814239.7531269,4703.5,145.95,793.16,4.35,113.27,0.0759,20.35,14.34,21.3,75.0,1500.0,15.2,cooling_degradation,0.83
fault_cooling_degradation_2,2276,1789814240.7531269,4694.1,146.26,795.2,4.34,113.33,0.0725,20.28,14.36,20.92,75.0,1500.0,15.2,cooling_degradation,0.83
fault_cooling_degradation_2,2277,1789814241.7531269,4683.9,146.67,799.57,4.43,113.45,0.0783,20.36,14.23,21.06,75.0,1500.0,15.2,cooling_degradation,0.83
fault_cooling_degradation_2,2278,1789814242.7531269,4687.4,146.64,794.55,4.4,113.53,0.0742,20.55,14.16,20.99,75.0,1500.0,15.2,cooling_degradation,0.83
fault_cooling_degradation_2,2279,1789814243.7531269,4699.1,146.8,801.73,4.31,113.5,0.0741,20.42,14.21,21.12,75.0,1500.0,15.2,cooling_degradation,0.83
fault_cooling_degradation_2,2280,1789814244.7531269,4716.7,146.74,802.57,4.37,113.58,0.0886,20.37,14.26,21.4,75.0,1500.0,15.2,cooling_degradation,0.83
fault_cooling_degradation_2,2281,1789814245.7531269,4711.9,146.59,800.44,4.29,113.68,0.0799,20.31,14.27,20.78,75.0,1500.0,15.2,cooling_degradation,0.83
fault_cooling_degradation_2,2282,1789814246.7531269,4733.6,146.71,803.22,4.28,113.58,0.0924,20.4,14.16,20.81,75.0,1500.0,15.2,cooling_degradation,0.83
fault_cooling_degradation_2,2283,1789814247.7531269,4720.7,146.91,803.66,4.28,113.54,0.0891,20.35,14.15,21.02,75.0,1500.0,15.2,cooling_degradation,0.83
fault_cooling_degradation_2,2284,1789814248.7531269,4705.5,146.96,804.22,4.33,113.59,0.0768,20.35,14.19,21.28,75.0,1500.0,15.2,cooling_degradation,0.83
fault_cooling_degradation_2,2285,1789814249.7531269,4720.9,147.14,802.29,4.36,113.66,0.072,20.33,14.24,20.75,75.0,1500.0,15.2,cooling_degradation,0.83
fault_cooling_degradation_2,2286,1789814250.7531269,4714.4,147.05,805.36,4.44,113.69,0.0674,20.39,14.23,20.84,75.0,1500.0,15.2,cooling_degradation,0.83
fault_cooling_degradation_2,2287,1789814251.7531269,4701.4,147.09,804.33,4.43,113.75,0.075,20.29,14.21,21.09,75.0,1500.0,15.2,cooling_degradation,0.83
fault_cooling_degradation_2,2288,1789814252.7531269,4728.9,147.21,806.66,4.41,113.93,0.0802,20.12,14.19,20.87,75.0,1500.0,15.2,cooling_degradation,0.83
fault_cooling_degradation_2,2289,1789814253.7531269,4698.0,147.26,803.52,4.34,113.97,0.0716,20.27,14.16,21.28,75.0,1500.0,15.2,cooling_degradation,0.83
fault_cooling_degradation_2,2290,1789814254.7531269,4686.3,147.37,800.47,4.38,113.9,0.0647,20.16,14.07,21.43,75.0,1500.0,15.2,cooling_degradation,0.83
fault_cooling_degradation_2,2291,1789814255.7531269,4697.8,147.29,800.35,4.3,113.9,0.068,19.99,14.03,21.31,75.0,1500.0,15.2,cooling_degradation,0.83
fault_cooling_degradation_2,2292,1789814256.7531269,4668.3,147.45,798.21,4.29,113.95,0.0685,20.04,13.96,21.05,75.0,1500.0,15.2,cooling_degradation,0.83
fault_cooling_degradation_2,2293,1789814257.7531269,4663.0,147.58,796.58,4.31,114.02,0.0672,20.06,14.01,20.93,75.0,1500.0,15.2,cooling_degradation,0.83
fault_cooling_degradation_2,2294,1789814258.7531269,4678.8,147.63,795.73,4.38,113.93,0.0525,19.95,14.06,21.26,75.0,1500.0,15.2,cooling_degradation,0.83
fault_cooling_degradation_2,2295,1789814259.7531269,4699.0,147.28,795.36,4.32,114.17,0.0602,20.03,14.03,21.31,75.0,1500.0,15.2,cooling_degradation,0.83
fault_cooling_degradation_2,2296,1789814260.7531269,4703.8,147.21,796.83,4.37,114.15,0.0681,20.18,14.03,21.35,75.0,1500.0,15.2,cooling_degradation,0.83
fault_cooling_degradation_2,2297,1789814261.7531269,4735.5,147.2,802.34,4.4,114.11,0.0705,20.19,14.02,20.96,75.0,1500.0,15.2,cooling_degradation,0.83
fault_cooling_degradation_2,2298,1789814262.7531269,4738.7,147.17,801.22,4.35,114.22,0.072,20.06,14.1,21.12,75.0,1500.0,15.2,cooling_degradation,0.83
fault_cooling_degradation_2,2299,1789814263.7531269,4717.1,147.44,802.36,4.27,114.16,0.0756,19.98,14.09,21.34,75.0,1500.0,15.2,cooling_degradation,0.83
fault_cooling_degradation_2,2300,1789814264.7531269,4696.4,147.43,796.48,4.29,114.21,0.0711,20.02,14.07,21.52,75.0,1500.0,15.2,cooling_degradation,0.83
fault_cooling_degradation_2,2301,1789814265.7531269,4696.7,147.36,791.46,4.27,114.22,0.0734,19.93,14.15,21.53,75.0,1500.0,15.2,cooling_degradation,0.83
fault_cooling_degradation_2,2302,1789814266.7531269,4692.9,147.26,791.74,4.41,114.27,0.0685,19.82,13.99,21.8,75.0,1500.0,15.2,cooling_degradation,0.83
fault_cooling_degradation_2,2303,1789814267.7531269,4671.1,146.96,799.1,4.3,114.47,0.0687,19.88,14.09,21.73,75.0,1500.0,15.2,cooling_degradation,0.83
fault_cooling_degradation_2,2304,1789814268.7531269,4667.1,147.19,801.13,4.29,114.61,0.0718,20.07,14.11,21.11,75.0,1500.0,15.2,cooling_degradation,0.83
fault_cooling_degradation_2,2305,1789814269.7531269,4642.2,147.39,801.93,4.39,114.51,0.0746,19.99,14.13,21.19,75.0,1500.0,15.2,cooling_degradation,0.83
fault_cooling_degradation_2,2306,1789814270.7531269,4650.7,147.39,808.63,4.33,114.53,0.0664,20.11,14.18,21.01,75.0,1500.0,15.2,cooling_degradation,0.83
fault_cooling_degradation_2,2307,1789814271.7531269,4639.6,147.2,811.36,4.36,114.4,0.0658,20.12,14.23,21.41,75.0,1500.0,15.2,cooling_degradation,0.83
fault_cooling_degradation_2,2308,1789814272.7531269,4642.2,147.34,807.06,4.39,114.33,0.0664,20.26,14.2,21.86,75.0,1500.0,15.2,cooling_degradation,0.83
fault_cooling_degradation_2,2309,1789814273.7531269,4630.7,147.75,807.47,4.4,114.47,0.0742,20.12,14.23,21.44,75.0,1500.0,15.2,cooling_degradation,0.83
fault_cooling_degradation_2,2310,1789814274.7531269,4620.9,147.74,806.49,4.33,114.6,0.0786,20.08,14.14,21.46,75.0,1500.0,15.2,cooling_degradation,0.83
fault_cooling_degradation_2,2311,1789814275.7531269,4634.0,147.58,808.25,4.36,114.71,0.0749,20.28,14.24,21.13,75.0,1500.0,15.2,cooling_degradation,0.83
fault_cooling_degradation_2,2312,1789814276.7531269,4647.7,147.28,808.78,4.34,114.74,0.0752,20.31,14.27,21.01,75.0,1500.0,15.2,cooling_degradation,0.83
fault_cooling_degradation_2,2313,1789814277.7531269,4682.4,147.34,806.62,4.29,114.7,0.0754,20.48,14.42,21.13,75.0,1500.0,15.2,cooling_degradation,0.83
fault_cooling_degradation_2,2314,1789814278.7531269,4685.2,147.25,810.92,4.28,114.72,0.0623,20.37,14.38,21.01,75.0,1500.0,15.2,cooling_degradation,0.83
fault_cooling_degradation_2,2315,1789814279.7531269,4669.7,147.52,809.46,4.37,114.75,0.0714,20.34,14.42,21.17,75.0,1500.0,15.2,cooling_degradation,0.83
fault_cooling_degradation_2,2316,1789814280.7531269,4698.3,147.53,808.37,4.32,114.64,0.0731,20.45,14.32,21.26,75.0,1500.0,15.2,cooling_degradation,0.83
fault_cooling_degradation_2,2317,1789814281.7531269,4692.2,148.01,805.31,4.29,114.7,0.0796,20.36,14.37,21.47,75.0,1500.0,15.2,cooling_degradation,0.83
fault_cooling_degradation_2,2318,1789814282.7531269,4682.8,148.06,802.07,4.28,114.59,0.0838,20.13,14.3,21.17,75.0,1500.0,15.2,cooling_degradation,0.83
fault_cooling_degradation_2,2319,1789814283.7531269,4662.2,147.86,801.97,4.27,114.57,0.0802,20.14,14.28,21.14,75.0,1500.0,15.2,cooling_degradation,0.83
fault_cooling_degradation_2,2320,1789814284.7531269,4672.6,147.88,801.3,4.39,114.59,0.0812,20.19,14.22,21.02,75.0,1500.0,15.2,cooling_degradation,0.83
fault_cooling_degradation_2,2321,1789814285.7531269,4661.0,147.78,799.48,4.34,114.46,0.0858,20.29,14.23,21.48,75.0,1500.0,15.2,cooling_degradation,0.83
fault_cooling_degradation_2,2322,1789814286.7531269,4688.1,147.54,803.52,4.36,114.35,0.0883,20.36,14.28,21.64,75.0,1500.0,15.2,cooling_degradation,0.83
fault_cooling_degradation_2,2323,1789814287.7531269,4685.6,147.45,804.18,4.38,114.43,0.0734,20.35,14.26,21.08,75.0,1500.0,15.2,cooling_degradation,0.83
fault_cooling_degradation_2,2324,1789814288.7531269,4661.4,147.61,803.35,4.32,114.51,0.0723,20.29,14.22,21.09,75.0,1500.0,15.2,cooling_degradation,0.83
fault_cooling_degradation_2,2325,1789814289.7531269,4672.0,147.95,799.39,4.34,114.49,0.074,20.21,14.26,21.34,75.0,1500.0,15.2,cooling_degradation,0.83
fault_cooling_degradation_2,2326,1789814290.7531269,4671.3,147.47,803.33,4.39,114.53,0.0827,20.31,14.22,21.15,75.0,1500.0,15.2,cooling_degradation,0.83
fault_cooling_degradation_2,2327,1789814291.7531269,4674.5,147.65,805.81,4.38,114.43,0.072,20.37,14.21,21.16,75.0,1500.0,15.2,cooling_degradation,0.83
fault_cooling_degradation_2,2328,1789814292.7531269,4661.0,147.42,812.5,4.4,114.39,0.0755,20.31,14.16,21.14,75.0,1500.0,15.2,cooling_degradation,0.83
fault_cooling_degradation_2,2329,1789814293.7531269,4658.5,147.71,812.08,4.39,114.54,0.0729,20.26,14.22,21.19,75.0,1500.0,15.2,cooling_degradation,0.83
fault_cooling_degradation_2,2330,1789814294.7531269,4670.3,147.3,812.16,4.33,114.57,0.0691,20.22,14.16,21.31,75.0,1500.0,15.2,cooling_degradation,0.83
fault_cooling_degradation_2,2331,1789814295.7531269,4692.5,147.42,813.87,4.27,114.44,0.0722,20.15,14.15,21.52,75.0,1500.0,15.2,cooling_degradation,0.83
fault_cooling_degradation_2,2332,1789814296.7531269,4698.7,147.47,812.8,4.34,114.45,0.0676,20.1,14.13,21.08,75.0,1500.0,15.2,cooling_degradation,0.83
fault_cooling_degradation_2,2333,1789814297.7531269,4690.9,147.59,810.48,4.35,114.35,0.0715,20.03,14.15,21.31,75.0,1500.0,15.2,cooling_degradation,0.83
fault_cooling_degradation_2,2334,1789814298.7531269,4704.4,147.53,807.23,4.36,114.57,0.0773,20.11,14.15,21.14,75.0,1500.0,15.2,cooling_degradation,0.83
fault_cooling_degradation_2,2335,1789814299.7531269,4715.6,147.51,809.36,4.39,114.72,0.074,20.22,14.15,21.11,75.0,1500.0,15.2,cooling_degradation,0.83
fault_cooling_degradation_2,2336,1789814300.7531269,4723.1,147.68,809.6,4.37,114.71,0.081,20.24,14.25,20.76,75.0,1500.0,15.2,cooling_degradation,0.83
fault_cooling_degradation_2,2337,1789814301.7531269,4734.2,147.84,808.18,4.37,114.79,0.0806,20.06,14.3,21.03,75.0,1500.0,15.2,cooling_degradation,0.83
fault_cooling_degradation_2,2338,1789814302.7531269,4719.5,147.69,806.88,4.41,114.83,0.0833,20.0,14.32,20.74,75.0,1500.0,15.2,cooling_degradation,0.83
fault_cooling_degradation_2,2339,1789814303.7531269,4681.4,147.97,811.5,4.43,114.92,0.0767,20.11,14.36,21.16,75.0,1500.0,15.2,cooling_degradation,0.83
fault_cooling_degradation_2,2340,1789814304.7531269,4688.0,148.25,813.29,4.34,115.04,0.0737,20.05,14.36,21.21,75.0,1500.0,15.2,cooling_degradation,0.83
fault_cooling_degradation_2,2341,1789814305.7531269,4690.6,148.46,807.98,4.43,115.22,0.0728,20.09,14.36,21.2,75.0,1500.0,15.2,cooling_degradation,0.83
fault_cooling_degradation_2,2342,1789814306.7531269,4689.3,148.54,806.2,4.4,115.37,0.0642,20.11,14.37,21.13,75.0,1500.0,15.2,cooling_degradation,0.83
fault_cooling_degradation_2,2343,1789814307.7531269,4691.3,148.76,810.42,4.46,115.3,0.0686,20.17,14.28,21.25,75.0,1500.0,15.2,cooling_degradation,0.83
fault_cooling_degradation_2,2344,1789814308.7531269,4695.0,148.53,803.65,4.45,115.37,0.0634,20.26,14.27,21.13,75.0,1500.0,15.2,cooling_degradation,0.83
fault_cooling_degradation_2,2345,1789814309.7531269,4689.0,148.56,801.54,4.47,115.4,0.0668,20.27,14.3,20.9,75.0,1500.0,15.2,cooling_degradation,0.83
fault_cooling_degradation_2,2346,1789814310.7531269,4712.9,148.79,803.17,4.42,115.41,0.0668,20.19,14.25,21.32,75.0,1500.0,15.2,cooling_degradation,0.83
fault_cooling_degradation_2,2347,1789814311.7531269,4711.3,148.52,808.02,4.33,115.34,0.0672,20.28,14.24,20.99,75.0,1500.0,15.2,cooling_degradation,0.83
fault_cooling_degradation_2,2348,1789814312.7531269,4715.1,148.62,809.79,4.28,115.31,0.0652,20.27,14.22,21.34,75.0,1500.0,15.2,cooling_degradation,0.83
fault_cooling_degradation_2,2349,1789814313.7531269,4716.7,148.59,809.9,4.29,115.41,0.0667,20.25,14.29,21.03,75.0,1500.0,15.2,cooling_degradation,0.83
fault_cooling_degradation_2,2350,1789814314.7531269,4704.0,148.83,803.61,4.27,115.58,0.0729,20.29,14.23,20.95,75.0,1500.0,15.2,cooling_degradation,0.83
fault_cooling_degradation_2,2351,1789814315.7531269,4684.4,149.11,799.17,4.3,115.51,0.0701,20.41,14.21,21.02,75.0,1500.0,15.2,cooling_degradation,0.83
fault_cooling_degradation_2,2352,1789814316.7531269,4700.7,149.37,804.65,4.29,115.63,0.0747,20.41,14.32,20.92,75.0,1500.0,15.2,cooling_degradation,0.83
fault_cooling_degradation_2,2353,1789814317.7531269,4717.0,149.28,807.11,4.32,115.42,0.0756,20.29,14.37,20.76,75.0,1500.0,15.2,cooling_degradation,0.83
fault_cooling_degradation_2,2354,1789814318.7531269,4712.5,149.06,805.78,4.33,115.21,0.0842,20.08,14.35,20.97,75.0,1500.0,15.2,cooling_degradation,0.83
fault_cooling_degradation_2,2355,1789814319.7531269,4697.9,148.94,806.77,4.28,115.11,0.0816,20.2,14.36,21.0,75.0,1500.0,15.2,cooling_degradation,0.83
fault_cooling_degradation_2,2356,1789814320.7531269,4698.1,148.92,809.58,4.29,115.14,0.078,20.03,14.35,20.93,75.0,1500.0,15.2,cooling_degradation,0.83
fault_cooling_degradation_2,2357,1789814321.7531269,4674.7,148.87,810.51,4.28,115.05,0.0774,20.17,14.3,21.29,75.0,1500.0,15.2,cooling_degradation,0.83
fault_cooling_degradation_2,2358,1789814322.7531269,4689.0,149.2,813.55,4.38,114.84,0.0777,20.21,14.28,21.19,75.0,1500.0,15.2,cooling_degradation,0.83
fault_cooling_degradation_2,2359,1789814323.7531269,4707.5,149.07,810.49,4.42,115.02,0.0824,20.3,14.36,20.55,75.0,1500.0,15.2,cooling_degradation,0.83
fault_cooling_degradation_2,2360,1789814324.7531269,4714.9,149.32,810.57,4.37,115.0,0.0729,20.16,14.34,20.65,75.0,1500.0,15.2,cooling_degradation,0.83
fault_cooling_degradation_2,2361,1789814325.7531269,4702.0,149.21,818.03,4.33,115.13,0.0637,20.08,14.36,20.67,75.0,1500.0,15.2,cooling_degradation,0.83
fault_cooling_degradation_2,2362,1789814326.7531269,4698.2,148.97,818.31,4.27,115.29,0.0666,20.1,14.34,21.08,75.0,1500.0,15.2,cooling_degradation,0.83
fault_cooling_degradation_2,2363,1789814327.7531269,4689.7,148.96,814.4,4.31,115.16,0.0681,20.21,14.34,21.05,75.0,1500.0,15.2,cooling_degradation,0.83
fault_cooling_degradation_2,2364,1789814328.7531269,4675.1,149.16,814.79,4.32,115.07,0.0702,20.23,14.28,21.36,75.0,1500.0,15.2,cooling_degradation,0.83
fault_cooling_degradation_2,2365,1789814329.7531269,4682.6,148.93,813.46,4.35,115.22,0.0771,20.37,14.25,21.15,75.0,1500.0,15.2,cooling_degradation,0.83
fault_cooling_degradation_2,2366,1789814330.7531269,4691.1,149.23,811.53,4.44,115.25,0.0713,20.33,14.22,21.49,75.0,1500.0,15.2,cooling_degradation,0.83
fault_cooling_degradation_2,2367,1789814331.7531269,4677.4,149.25,808.99,4.43,115.32,0.0689,20.23,14.17,21.51,75.0,1500.0,15.2,cooling_degradation,0.83
fault_cooling_degradation_2,2368,1789814332.7531269,4676.0,149.42,808.33,4.4,115.47,0.0767,20.23,14.13,21.58,75.0,1500.0,15.2,cooling_degradation,0.83
fault_cooling_degradation_2,2369,1789814333.7531269,4689.1,149.22,807.25,4.35,115.41,0.0763,20.19,14.06,21.46,75.0,1500.0,15.2,cooling_degradation,0.83
fault_cooling_degradation_2,2370,1789814334.7531269,4702.1,149.23,811.29,4.38,115.3,0.0792,20.14,14.01,21.3,75.0,1500.0,15.2,cooling_degradation,0.83
fault_cooling_degradation_2,2371,1789814335.7531269,4690.1,149.04,813.86,4.31,115.27,0.0786,20.07,14.05,21.21,75.0,1500.0,15.2,cooling_degradation,0.83
fault_cooling_degradation_2,2372,1789814336.7531269,4683.0,149.43,812.86,4.3,115.2,0.0762,19.98,14.09,21.13,75.0,1500.0,15.2,cooling_degradation,0.83
fault_cooling_degradation_2,2373,1789814337.7531269,4703.4,149.41,808.31,4.37,115.18,0.0792,20.02,14.15,21.21,75.0,1500.0,15.2,cooling_degradation,0.83
fault_cooling_degradation_2,2374,1789814338.7531269,4720.1,149.76,803.39,4.23,115.06,0.0797,20.11,14.16,21.31,75.0,1500.0,15.2,cooling_degradation,0.83
fault_cooling_degradation_2,2375,1789814339.7531269,4694.2,150.02,800.96,4.27,115.01,0.0742,20.17,14.1,21.08,75.0,1500.0,15.2,cooling_degradation,0.83
fault_cooling_degradation_2,2376,1789814340.7531269,4707.8,150.06,803.81,4.33,115.13,0.0691,20.24,14.13,21.16,75.0,1500.0,15.2,cooling_degradation,0.83
fault_cooling_degradation_2,2377,1789814341.7531269,4721.4,149.89,797.51,4.29,115.25,0.0718,20.22,14.08,20.99,75.0,1500.0,15.2,cooling_degradation,0.83
fault_cooling_degradation_2,2378,1789814342.7531269,4715.7,149.53,804.18,4.26,115.29,0.0747,20.37,14.13,21.07,75.0,1500.0,15.2,cooling_degradation,0.83
fault_cooling_degradation_2,2379,1789814343.7531269,4688.4,149.55,807.93,4.25,115.2,0.0728,20.22,14.12,21.47,75.0,1500.0,15.2,cooling_degradation,0.83
fault_cooling_degradation_2,2380,1789814344.7531269,4695.3,149.62,807.37,4.4,115.27,0.0649,20.34,14.1,21.1,75.0,1500.0,15.2,cooling_degradation,0.83
fault_cooling_degradation_2,2381,1789814345.7531269,4685.0,149.62,808.65,4.34,115.09,0.0677,20.55,14.07,21.62,75.0,1500.0,15.2,cooling_degradation,0.83
fault_cooling_degradation_2,2382,1789814346.7531269,4671.2,149.78,806.94,4.4,115.16,0.0728,20.5,14.07,21.64,75.0,1500.0,15.2,cooling_degradation,0.83
fault_cooling_degradation_2,2383,1789814347.7531269,4678.7,150.13,808.83,4.44,115.21,0.0714,20.51,14.08,21.03,75.0,1500.0,15.2,cooling_degradation,0.83
fault_cooling_degradation_2,2384,1789814348.7531269,4704.3,149.61,816.38,4.34,115.37,0.0783,20.48,14.06,20.96,75.0,1500.0,15.2,cooling_degradation,0.83
fault_cooling_degradation_2,2385,1789814349.7531269,4716.3,149.53,815.21,4.32,115.37,0.0829,20.52,14.09,20.96,75.0,1500.0,15.2,cooling_degradation,0.83
fault_cooling_degradation_2,2386,1789814350.7531269,4711.2,149.75,815.56,4.39,115.33,0.0775,20.4,14.08,21.18,75.0,1500.0,15.2,cooling_degradation,0.83
fault_cooling_degradation_2,2387,1789814351.7531269,4710.1,150.17,819.07,4.42,115.42,0.0829,20.42,14.05,21.39,75.0,1500.0,15.2,cooling_degradation,0.83
fault_cooling_degradation_2,2388,1789814352.7531269,4660.2,150.43,818.41,4.38,115.5,0.0727,20.55,14.12,21.41,75.0,1500.0,15.2,cooling_degradation,0.83
fault_cooling_degradation_2,2389,1789814353.7531269,4668.3,150.55,817.36,4.33,115.46,0.0729,20.43,14.09,20.94,75.0,1500.0,15.2,cooling_degradation,0.83
fault_cooling_degradation_2,2390,1789814354.7531269,4683.6,150.5,816.7,4.32,115.41,0.0768,20.4,14.05,21.42,75.0,1500.0,15.2,cooling_degradation,0.83
fault_cooling_degradation_2,2391,1789814355.7531269,4695.6,150.36,815.22,4.32,115.51,0.0752,20.39,14.1,21.48,75.0,1500.0,15.2,cooling_degradation,0.83
fault_cooling_degradation_2,2392,1789814356.7531269,4664.7,150.69,814.14,4.36,115.49,0.073,20.22,14.06,21.22,75.0,1500.0,15.2,cooling_degradation,0.83
fault_cooling_degradation_2,2393,1789814357.7531269,4666.2,150.89,816.73,4.3,115.52,0.0745,20.29,14.14,21.52,75.0,1500.0,15.2,cooling_degradation,0.83
fault_cooling_degradation_2,2394,1789814358.7531269,4667.2,151.09,815.87,4.26,115.53,0.077,20.28,14.21,21.3,75.0,1500.0,15.2,cooling_degradation,0.83
fault_cooling_degradation_2,2395,1789814359.7531269,4682.7,150.92,815.33,4.2,115.66,0.0731,20.25,14.2,20.91,75.0,1500.0,15.2,cooling_degradation,0.83
fault_cooling_degradation_2,2396,1789814360.7531269,4675.7,150.81,820.46,4.24,115.8,0.0753,20.3,14.19,21.07,75.0,1500.0,15.2,cooling_degradation,0.83
fault_cooling_degradation_2,2397,1789814361.7531269,4693.6,150.74,819.95,4.28,115.68,0.0737,20.04,14.17,21.22,75.0,1500.0,15.2,cooling_degradation,0.83
fault_cooling_degradation_2,2398,1789814362.7531269,4672.8,150.78,819.55,4.3,115.73,0.0707,20.03,14.2,21.24,75.0,1500.0,15.2,cooling_degradation,0.83
fault_cooling_degradation_2,2399,1789814363.7531269,4666.8,150.55,815.8,4.36,115.76,0.0657,19.88,14.2,21.09,75.0,1500.0,15.2,cooling_degradation,0.83
fault_cooling_degradation_2,2400,1789814364.7531269,3729.2,150.35,794.14,3.62,115.74,0.0491,14.71,14.22,17.83,30.0,1495.8,15.3,cooling_degradation,0.83
fault_cooling_degradation_2,2401,1789814365.7531269,3243.6,149.59,765.2,3.21,115.87,0.049,12.24,14.23,16.13,30.0,1491.7,15.3,cooling_degradation,0.83
fault_cooling_degradation_2,2402,1789814366.7531269,2994.6,148.94,737.03,2.96,115.66,0.0451,10.98,14.18,14.95,30.0,1487.5,15.3,cooling_degradation,0.83
fault_cooling_degradation_2,2403,1789814367.7531269,2853.9,148.46,719.35,2.84,115.6,0.0376,10.55,14.15,14.85,30.0,1483.4,15.4,cooling_degradation,0.83
fault_cooling_degradation_2,2404,1789814368.7531269,2763.4,148.02,703.75,2.82,115.6,0.0374,10.34,14.16,14.85,30.0,1479.2,15.4,cooling_degradation,0.83
fault_cooling_degradation_2,2405,1789814369.7531269,2725.8,147.56,692.7,2.7,115.65,0.0354,10.09,14.12,14.67,30.0,1475.0,15.4,cooling_degradation,0.83
fault_cooling_degradation_2,2406,1789814370.7531269,2691.3,146.59,684.41,2.74,115.68,0.0353,10.12,14.11,14.46,30.0,1470.9,15.4,cooling_degradation,0.83
fault_cooling_degradation_2,2407,1789814371.7531269,2703.2,145.92,671.14,2.72,115.63,0.038,10.0,14.12,14.41,30.0,1466.7,15.5,cooling_degradation,0.83
fault_cooling_degradation_2,2408,1789814372.7531269,2720.6,145.4,663.64,2.71,115.54,0.0321,10.08,14.1,14.1,30.0,1462.6,15.5,cooling_degradation,0.83
fault_cooling_degradation_2,2409,1789814373.7531269,2720.1,144.89,656.02,2.77,115.5,0.0371,10.17,14.08,14.14,30.0,1458.4,15.5,cooling_degradation,0.83
fault_cooling_degradation_2,2410,1789814374.7531269,2745.0,144.41,655.42,2.68,115.38,0.0443,10.14,14.07,14.28,30.0,1454.2,15.5,cooling_degradation,0.83
fault_cooling_degradation_2,2411,1789814375.7531269,2733.4,143.78,650.76,2.74,115.29,0.0402,10.26,14.09,14.3,30.0,1450.1,15.6,cooling_degradation,0.83
fault_cooling_degradation_2,2412,1789814376.7531269,2747.6,143.34,654.83,2.72,115.16,0.0249,10.13,14.05,14.32,30.0,1445.9,15.6,cooling_degradation,0.83
fault_cooling_degradation_2,2413,1789814377.7531269,2756.0,143.06,659.41,2.7,115.04,0.0338,10.05,14.02,14.33,30.0,1441.8,15.6,cooling_degradation,0.83
fault_cooling_degradation_2,2414,1789814378.7531269,2740.7,142.84,657.04,2.74,114.9,0.0318,9.83,14.06,14.22,30.0,1437.6,15.7,cooling_degradation,0.83
fault_cooling_degradation_2,2415,1789814379.7531269,2735.8,142.59,661.73,2.73,114.86,0.0382,9.91,14.06,13.79,30.0,1433.4,15.7,cooling_degradation,0.83
fault_cooling_degradation_2,2416,1789814380.7531269,2723.8,142.26,665.25,2.69,114.87,0.0449,9.82,14.17,14.48,30.0,1429.3,15.7,cooling_degradation,0.83
fault_cooling_degradation_2,2417,1789814381.7531269,2722.1,141.64,666.39,2.71,114.91,0.0482,9.83,14.13,14.53,30.0,1425.1,15.7,cooling_degradation,0.83
fault_cooling_degradation_2,2418,1789814382.7531269,2714.2,141.39,663.76,2.77,114.85,0.0459,9.88,14.12,14.3,30.0,1421.0,15.8,cooling_degradation,0.83
fault_cooling_degradation_2,2419,1789814383.7531269,2710.6,141.06,663.7,2.76,114.78,0.0427,9.87,14.21,14.11,30.0,1416.8,15.8,cooling_degradation,0.83
fault_cooling_degradation_2,2420,1789814384.7531269,2707.3,140.77,662.69,2.74,114.72,0.0417,9.91,14.18,14.31,30.0,1412.6,15.8,cooling_degradation,0.83
fault_cooling_degradation_2,2421,1789814385.7531269,2695.6,140.83,661.72,2.78,114.66,0.0389,10.05,14.16,14.25,30.0,1408.5,15.8,cooling_degradation,0.83
fault_cooling_degradation_2,2422,1789814386.7531269,2710.4,141.03,663.7,2.74,114.53,0.0282,10.09,14.11,14.34,30.0,1404.3,15.9,cooling_degradation,0.83
fault_cooling_degradation_2,2423,1789814387.7531269,2707.2,140.77,661.38,2.83,114.64,0.031,10.01,14.09,14.44,30.0,1400.2,15.9,cooling_degradation,0.83
fault_cooling_degradation_2,2424,1789814388.7531269,2716.0,140.46,660.55,2.87,114.52,0.0345,9.83,14.08,14.81,30.0,1396.0,15.9,cooling_degradation,0.83
fault_cooling_degradation_2,2425,1789814389.7531269,2734.3,140.22,661.04,2.87,114.71,0.0387,9.92,14.02,14.58,30.0,1391.8,16.0,cooling_degradation,0.83
fault_cooling_degradation_2,2426,1789814390.7531269,2748.6,140.41,659.41,2.87,114.72,0.0347,10.08,14.04,14.39,30.0,1387.7,16.0,cooling_degradation,0.83
fault_cooling_degradation_2,2427,1789814391.7531269,2737.3,140.12,662.81,2.8,114.57,0.0263,10.03,14.03,14.63,30.0,1383.5,16.0,cooling_degradation,0.83
fault_cooling_degradation_2,2428,1789814392.7531269,2746.8,139.84,665.33,2.71,114.55,0.03,9.97,14.08,14.64,30.0,1379.4,16.0,cooling_degradation,0.83
fault_cooling_degradation_2,2429,1789814393.7531269,2731.6,140.01,668.56,2.83,114.6,0.0286,10.14,14.06,14.74,30.0,1375.2,16.1,cooling_degradation,0.83
fault_cooling_degradation_2,2430,1789814394.7531269,2718.2,139.99,664.68,2.85,114.63,0.0395,10.09,13.99,14.68,30.0,1371.0,16.1,cooling_degradation,0.83
fault_cooling_degradation_2,2431,1789814395.7531269,2730.1,140.03,663.56,2.76,114.58,0.0484,10.04,14.01,14.42,30.0,1366.9,16.1,cooling_degradation,0.83
fault_cooling_degradation_2,2432,1789814396.7531269,2714.4,140.06,659.82,2.73,114.65,0.0459,9.89,14.05,14.49,30.0,1362.7,16.1,cooling_degradation,0.83
fault_cooling_degradation_2,2433,1789814397.7531269,2726.4,139.92,661.17,2.72,114.45,0.0412,9.9,13.98,14.32,30.0,1358.6,16.2,cooling_degradation,0.83
fault_cooling_degradation_2,2434,1789814398.7531269,2726.5,139.65,665.15,2.73,114.47,0.0358,9.81,14.04,14.47,30.0,1354.4,16.2,cooling_degradation,0.83
fault_cooling_degradation_2,2435,1789814399.7531269,2712.8,139.59,666.09,2.75,114.55,0.0453,9.9,14.06,14.24,30.0,1350.2,16.2,cooling_degradation,0.83
fault_cooling_degradation_2,2436,1789814400.7531269,2722.5,139.51,662.29,2.7,114.55,0.0429,10.08,14.09,14.37,30.0,1346.1,16.3,cooling_degradation,0.83
fault_cooling_degradation_2,2437,1789814401.7531269,2722.0,139.19,665.12,2.77,114.45,0.0365,10.2,14.11,14.41,30.0,1341.9,16.3,cooling_degradation,0.83
fault_cooling_degradation_2,2438,1789814402.7531269,2730.9,138.86,670.39,2.75,114.38,0.0308,10.22,14.13,14.63,30.0,1337.8,16.3,cooling_degradation,0.83
fault_cooling_degradation_2,2439,1789814403.7531269,2733.8,138.73,667.31,2.81,114.31,0.0335,10.22,14.14,14.53,30.0,1333.6,16.3,cooling_degradation,0.83
fault_cooling_degradation_2,2440,1789814404.7531269,2749.4,138.65,663.92,2.74,114.21,0.0326,10.05,14.13,14.71,30.0,1329.4,16.4,cooling_degradation,0.83
fault_cooling_degradation_2,2441,1789814405.7531269,2736.1,138.98,665.77,2.82,114.41,0.031,10.15,14.1,14.32,30.0,1325.3,16.4,cooling_degradation,0.83
fault_cooling_degradation_2,2442,1789814406.7531269,2715.9,138.75,664.79,2.84,114.34,0.03,10.14,14.02,14.36,30.0,1321.1,16.4,cooling_degradation,0.83
fault_cooling_degradation_2,2443,1789814407.7531269,2705.6,138.65,665.1,2.84,114.44,0.0408,9.94,13.98,14.41,30.0,1317.0,16.4,cooling_degradation,0.83
fault_cooling_degradation_2,2444,1789814408.7531269,2703.5,138.4,669.18,2.86,114.37,0.0424,9.85,13.97,14.07,30.0,1312.8,16.5,cooling_degradation,0.83
fault_cooling_degradation_2,2445,1789814409.7531269,2721.3,138.51,666.06,2.86,114.36,0.0399,9.72,14.01,14.02,30.0,1308.6,16.5,cooling_degradation,0.83
fault_cooling_degradation_2,2446,1789814410.7531269,2727.9,138.79,668.65,2.91,114.38,0.0403,9.9,14.03,14.39,30.0,1304.5,16.5,cooling_degradation,0.83
fault_cooling_degradation_2,2447,1789814411.7531269,2734.7,138.71,667.08,2.94,114.37,0.0294,9.88,14.05,14.4,30.0,1300.3,16.5,cooling_degradation,0.83
fault_cooling_degradation_2,2448,1789814412.7531269,2746.0,138.68,671.53,2.92,114.3,0.0362,9.84,14.02,14.31,30.0,1296.2,16.6,cooling_degradation,0.83
fault_cooling_degradation_2,2449,1789814413.7531269,2724.3,138.57,669.38,2.91,114.43,0.0395,9.95,13.98,14.12,30.0,1292.0,16.6,cooling_degradation,0.83
fault_cooling_degradation_2,2450,1789814414.7531269,2731.1,138.76,671.4,2.89,114.26,0.0395,10.02,13.97,14.05,30.0,1287.8,16.6,cooling_degradation,0.83
fault_cooling_degradation_2,2451,1789814415.7531269,2718.4,138.87,668.92,2.9,114.17,0.0408,9.99,14.05,14.03,30.0,1283.7,16.7,cooling_degradation,0.83
fault_cooling_degradation_2,2452,1789814416.7531269,2703.3,138.81,671.25,2.95,114.03,0.0404,9.99,14.13,14.08,30.0,1279.5,16.7,cooling_degradation,0.83
fault_cooling_degradation_2,2453,1789814417.7531269,2706.2,138.82,670.6,2.85,114.01,0.043,9.89,14.15,14.09,30.0,1275.4,16.7,cooling_degradation,0.83
fault_cooling_degradation_2,2454,1789814418.7531269,2724.7,138.14,668.88,2.94,113.93,0.0383,9.77,14.07,13.92,30.0,1271.2,16.7,cooling_degradation,0.83
fault_cooling_degradation_2,2455,1789814419.7531269,2729.1,138.16,664.59,2.93,113.78,0.0362,9.77,14.1,14.19,30.0,1267.0,16.8,cooling_degradation,0.83
fault_cooling_degradation_2,2456,1789814420.7531269,2711.3,138.03,662.69,2.91,113.82,0.0365,9.74,14.16,14.32,30.0,1262.9,16.8,cooling_degradation,0.83
fault_cooling_degradation_2,2457,1789814421.7531269,2725.7,137.94,659.08,2.86,113.84,0.0346,9.73,14.18,14.47,30.0,1258.7,16.8,cooling_degradation,0.83
fault_cooling_degradation_2,2458,1789814422.7531269,2741.9,137.72,664.91,2.82,113.78,0.0377,9.74,14.08,14.4,30.0,1254.6,16.8,cooling_degradation,0.83
fault_cooling_degradation_2,2459,1789814423.7531269,2719.9,138.03,667.8,2.89,113.79,0.03,9.69,14.05,14.22,30.0,1250.4,16.9,cooling_degradation,0.83
fault_cooling_degradation_2,2460,1789814424.7531269,2707.5,138.03,666.28,2.89,113.71,0.0417,9.64,14.02,14.7,30.0,1246.2,16.9,cooling_degradation,0.83
fault_cooling_degradation_2,2461,1789814425.7531269,2697.2,137.89,664.01,2.89,113.51,0.0414,9.76,13.98,14.48,30.0,1242.1,16.9,cooling_degradation,0.83
fault_cooling_degradation_2,2462,1789814426.7531269,2705.5,138.09,660.85,2.82,113.52,0.045,9.73,13.99,14.38,30.0,1237.9,17.0,cooling_degradation,0.83
fault_cooling_degradation_2,2463,1789814427.7531269,2715.5,138.2,659.31,2.9,113.76,0.0387,9.75,13.98,14.2,30.0,1233.8,17.0,cooling_degradation,0.83
fault_cooling_degradation_2,2464,1789814428.7531269,2708.2,138.39,661.71,2.93,113.77,0.0319,9.88,13.98,14.31,30.0,1229.6,17.0,cooling_degradation,0.83
fault_cooling_degradation_2,2465,1789814429.7531269,2703.6,138.69,664.02,2.94,113.79,0.0245,9.98,14.07,13.94,30.0,1225.4,17.0,cooling_degradation,0.83
fault_cooling_degradation_2,2466,1789814430.7531269,2724.3,138.93,664.12,2.89,113.69,0.0299,10.07,14.08,14.06,30.0,1221.3,17.1,cooling_degradation,0.83
fault_cooling_degradation_2,2467,1789814431.7531269,2717.8,138.41,669.2,2.87,113.65,0.0201,9.94,14.05,14.03,30.0,1217.1,17.1,cooling_degradation,0.83
fault_cooling_degradation_2,2468,1789814432.7531269,2717.2,138.46,663.26,2.81,113.65,0.0323,9.97,13.96,14.16,30.0,1213.0,17.1,cooling_degradation,0.83
fault_cooling_degradation_2,2469,1789814433.7531269,2718.8,138.38,667.23,2.79,113.67,0.0259,9.87,13.95,14.28,30.0,1208.8,17.1,cooling_degradation,0.83
fault_cooling_degradation_2,2470,1789814434.7531269,2712.5,138.68,668.17,2.8,113.75,0.0402,10.11,13.94,14.39,30.0,1204.6,17.2,cooling_degradation,0.83
fault_cooling_degradation_2,2471,1789814435.7531269,2700.6,138.61,669.34,2.75,113.54,0.0338,10.35,13.91,14.48,30.0,1200.5,17.2,cooling_degradation,0.83
fault_cooling_degradation_2,2472,1789814436.7531269,2703.5,138.43,669.81,2.77,113.44,0.0327,10.35,13.98,14.63,30.0,1196.3,17.2,cooling_degradation,0.83
fault_cooling_degradation_2,2473,1789814437.7531269,2727.5,138.36,673.44,2.87,113.34,0.0324,10.26,14.08,14.68,30.0,1192.2,17.3,cooling_degradation,0.83
fault_cooling_degradation_2,2474,1789814438.7531269,2721.4,138.51,667.97,2.89,113.34,0.0394,10.14,14.09,14.52,30.0,1188.0,17.3,cooling_degradation,0.83
fault_cooling_degradation_2,2475,1789814439.7531269,2719.7,138.57,666.58,2.93,113.39,0.0341,10.22,14.1,14.82,30.0,1183.8,17.3,cooling_degradation,0.83
fault_cooling_degradation_2,2476,1789814440.7531269,2711.2,138.54,667.04,2.84,113.41,0.0396,10.29,14.11,14.46,30.0,1179.7,17.3,cooling_degradation,0.83
fault_cooling_degradation_2,2477,1789814441.7531269,2704.3,138.65,668.15,2.81,113.35,0.0434,10.2,14.06,14.01,30.0,1175.5,17.4,cooling_degradation,0.83
fault_cooling_degradation_2,2478,1789814442.7531269,2717.1,138.52,668.32,2.78,113.37,0.0443,10.18,14.05,13.77,30.0,1171.4,17.4,cooling_degradation,0.83
fault_cooling_degradation_2,2479,1789814443.7531269,2722.7,138.72,666.36,2.83,113.26,0.0431,10.09,13.99,14.08,30.0,1167.2,17.4,cooling_degradation,0.83
fault_cooling_degradation_2,2480,1789814444.7531269,2735.6,138.72,665.99,2.81,113.32,0.0406,10.3,13.96,14.19,30.0,1163.0,17.4,cooling_degradation,0.83
fault_cooling_degradation_2,2481,1789814445.7531269,2735.0,139.15,665.18,2.85,113.47,0.0455,10.22,13.96,14.48,30.0,1158.9,17.5,cooling_degradation,0.83
fault_cooling_degradation_2,2482,1789814446.7531269,2735.1,139.46,663.25,2.88,113.43,0.0359,10.21,13.99,14.6,30.0,1154.7,17.5,cooling_degradation,0.83
fault_cooling_degradation_2,2483,1789814447.7531269,2730.5,139.83,663.68,2.91,113.33,0.0359,10.23,13.97,14.3,30.0,1150.6,17.5,cooling_degradation,0.83
fault_cooling_degradation_2,2484,1789814448.7531269,2758.7,139.74,669.21,2.86,113.34,0.0488,10.29,13.96,14.34,30.0,1146.4,17.5,cooling_degradation,0.83
fault_cooling_degradation_2,2485,1789814449.7531269,2721.7,139.84,672.16,2.7,113.36,0.0373,10.29,13.97,14.27,30.0,1142.2,17.6,cooling_degradation,0.83
fault_cooling_degradation_2,2486,1789814450.7531269,2731.8,139.5,666.23,2.73,113.39,0.0339,10.31,13.99,14.0,30.0,1138.1,17.6,cooling_degradation,0.83
fault_cooling_degradation_2,2487,1789814451.7531269,2726.7,139.57,666.99,2.87,113.48,0.0346,10.27,14.01,14.17,30.0,1133.9,17.6,cooling_degradation,0.83
fault_cooling_degradation_2,2488,1789814452.7531269,2686.8,139.64,669.79,2.92,113.5,0.0354,10.15,14.05,14.21,30.0,1129.8,17.7,cooling_degradation,0.83
fault_cooling_degradation_2,2489,1789814453.7531269,2719.0,139.96,671.47,2.92,113.48,0.033,10.02,14.02,14.21,30.0,1125.6,17.7,cooling_degradation,0.83
fault_cooling_degradation_2,2490,1789814454.7531269,2733.7,140.11,668.44,2.86,113.45,0.0317,9.94,13.99,14.22,30.0,1121.4,17.7,cooling_degradation,0.83
fault_cooling_degradation_2,2491,1789814455.7531269,2742.8,139.88,663.81,2.95,113.37,0.04,9.96,14.08,14.56,30.0,1117.3,17.7,cooling_degradation,0.83
fault_cooling_degradation_2,2492,1789814456.7531269,2745.9,139.78,669.53,2.93,113.37,0.0432,9.92,14.16,14.32,30.0,1113.1,17.8,cooling_degradation,0.83
fault_cooling_degradation_2,2493,1789814457.7531269,2743.5,139.67,670.46,2.89,113.32,0.043,9.92,14.17,13.91,30.0,1109.0,17.8,cooling_degradation,0.83
fault_cooling_degradation_2,2494,1789814458.7531269,2728.9,139.49,673.94,2.83,113.29,0.0414,10.01,14.1,14.0,30.0,1104.8,17.8,cooling_degradation,0.83
fault_cooling_degradation_2,2495,1789814459.7531269,2723.6,139.45,672.41,2.91,113.17,0.0368,10.05,14.11,14.1,30.0,1100.6,17.8,cooling_degradation,0.83
fault_cooling_degradation_2,2496,1789814460.7531269,2717.7,139.51,669.5,2.93,113.19,0.0366,10.07,14.16,14.36,30.0,1096.5,17.9,cooling_degradation,0.83
fault_cooling_degradation_2,2497,1789814461.7531269,2705.8,139.34,674.39,2.84,113.09,0.0437,10.16,14.18,14.39,30.0,1092.3,17.9,cooling_degradation,0.83
fault_cooling_degradation_2,2498,1789814462.7531269,2706.9,139.43,674.65,2.77,113.05,0.0371,10.11,14.18,14.35,30.0,1088.2,17.9,cooling_degradation,0.83
fault_cooling_degradation_2,2499,1789814463.7531269,2729.9,139.29,671.19,2.8,113.01,0.0322,9.95,14.17,14.49,30.0,1084.0,18.0,cooling_degradation,0.83
fault_cooling_degradation_2,2500,1789814464.7531269,2713.1,139.41,673.34,2.79,112.99,0.0365,10.03,14.14,14.69,30.0,1079.8,18.0,cooling_degradation,0.83
fault_cooling_degradation_2,2501,1789814465.7531269,2720.0,139.37,680.78,2.78,113.05,0.0365,10.0,14.12,14.98,30.0,1075.7,18.0,cooling_degradation,0.83
fault_cooling_degradation_2,2502,1789814466.7531269,2706.2,139.45,679.62,2.76,113.11,0.0428,10.03,14.03,14.61,30.0,1071.5,18.0,cooling_degradation,0.83
fault_cooling_degradation_2,2503,1789814467.7531269,2710.2,139.85,674.59,2.76,113.19,0.0485,10.03,14.0,14.73,30.0,1067.4,18.1,cooling_degradation,0.83
fault_cooling_degradation_2,2504,1789814468.7531269,2703.8,140.02,677.18,2.78,113.23,0.0477,9.94,13.97,14.62,30.0,1063.2,18.1,cooling_degradation,0.83
fault_cooling_degradation_2,2505,1789814469.7531269,2721.3,140.12,677.24,2.9,113.36,0.0485,10.01,14.03,14.32,30.0,1059.0,18.1,cooling_degradation,0.83
fault_cooling_degradation_2,2506,1789814470.7531269,2695.7,140.13,678.62,2.86,113.35,0.0464,10.08,14.03,14.73,30.0,1054.9,18.1,cooling_degradation,0.83
fault_cooling_degradation_2,2507,1789814471.7531269,2701.3,140.37,677.46,2.74,113.36,0.0433,10.09,13.94,14.84,30.0,1050.7,18.2,cooling_degradation,0.83
fault_cooling_degradation_2,2508,1789814472.7531269,2679.6,140.25,675.38,2.76,113.24,0.052,10.0,13.95,14.51,30.0,1046.6,18.2,cooling_degradation,0.83
fault_cooling_degradation_2,2509,1789814473.7531269,2664.9,140.03,671.17,2.84,113.31,0.0432,10.03,13.9,14.3,30.0,1042.4,18.2,cooling_degradation,0.83
fault_cooling_degradation_2,2510,1789814474.7531269,2673.2,140.07,670.66,2.97,113.36,0.0382,9.96,13.87,14.22,30.0,1038.2,18.3,cooling_degradation,0.83
fault_cooling_degradation_2,2511,1789814475.7531269,2666.0,139.82,665.84,2.99,113.17,0.0359,10.09,13.91,14.53,30.0,1034.1,18.3,cooling_degradation,0.83
fault_cooling_degradation_2,2512,1789814476.7531269,2674.9,139.82,659.94,2.8,113.24,0.0383,9.91,13.87,14.31,30.0,1029.9,18.3,cooling_degradation,0.83
fault_cooling_degradation_2,2513,1789814477.7531269,2673.5,139.87,664.39,2.77,113.13,0.0335,9.78,13.86,14.22,30.0,1025.8,18.3,cooling_degradation,0.83
fault_cooling_degradation_2,2514,1789814478.7531269,2688.6,140.01,666.12,2.77,113.0,0.0362,9.73,13.93,14.55,30.0,1021.6,18.4,cooling_degradation,0.83
fault_cooling_degradation_2,2515,1789814479.7531269,2681.2,140.2,665.26,2.76,112.96,0.0331,9.59,13.92,14.38,30.0,1017.4,18.4,cooling_degradation,0.83
fault_cooling_degradation_2,2516,1789814480.7531269,2653.6,140.28,667.69,2.89,112.98,0.0361,9.7,14.0,14.16,30.0,1013.3,18.4,cooling_degradation,0.83
fault_cooling_degradation_2,2517,1789814481.7531269,2666.7,140.17,668.71,2.99,113.12,0.0403,9.78,13.97,14.38,30.0,1009.1,18.4,cooling_degradation,0.83
fault_cooling_degradation_2,2518,1789814482.7531269,2680.9,140.18,669.52,2.98,113.16,0.0491,9.8,14.0,14.48,30.0,1005.0,18.5,cooling_degradation,0.83
fault_cooling_degradation_2,2519,1789814483.7531269,2707.9,140.11,674.4,2.94,113.17,0.0431,10.03,13.92,14.6,30.0,1000.8,18.5,cooling_degradation,0.83
fault_cooling_degradation_2,2520,1789814484.7531269,2694.7,140.23,677.09,2.87,113.06,0.0346,9.9,13.98,15.1,30.0,996.6,18.5,cooling_degradation,0.83
fault_cooling_degradation_2,2521,1789814485.7531269,2684.2,140.46,676.52,2.85,113.21,0.0348,9.87,13.95,14.87,30.0,992.5,18.5,cooling_degradation,0.83
fault_cooling_degradation_2,2522,1789814486.7531269,2695.7,140.88,672.54,2.94,113.2,0.0398,9.85,13.9,14.41,30.0,988.3,18.6,cooling_degradation,0.83
fault_cooling_degradation_2,2523,1789814487.7531269,2686.7,140.97,670.4,2.94,113.22,0.0353,9.83,13.96,14.51,30.0,984.2,18.6,cooling_degradation,0.83
fault_cooling_degradation_2,2524,1789814488.7531269,2689.9,141.28,677.78,2.8,113.17,0.0385,10.01,13.92,14.34,30.0,980.0,18.6,cooling_degradation,0.83
fault_cooling_degradation_2,2525,1789814489.7531269,2690.5,141.14,680.02,2.85,113.22,0.0267,10.12,13.91,14.37,30.0,975.8,18.7,cooling_degradation,0.83
fault_cooling_degradation_2,2526,1789814490.7531269,2682.6,141.44,683.05,2.86,113.17,0.0414,10.24,13.96,14.17,30.0,971.7,18.7,cooling_degradation,0.83
fault_cooling_degradation_2,2527,1789814491.7531269,2685.6,141.52,678.78,2.8,113.28,0.0303,10.2,14.01,13.89,30.0,967.5,18.7,cooling_degradation,0.83
fault_cooling_degradation_2,2528,1789814492.7531269,2714.6,141.61,675.4,2.79,113.27,0.0318,10.14,13.98,14.09,30.0,963.4,18.7,cooling_degradation,0.83
fault_cooling_degradation_2,2529,1789814493.7531269,2718.5,141.83,674.88,2.85,113.4,0.0251,10.11,14.01,14.1,30.0,959.2,18.8,cooling_degradation,0.83
fault_cooling_degradation_2,2530,1789814494.7531269,2709.9,142.01,682.01,2.78,113.29,0.0258,10.08,14.04,14.19,30.0,955.0,18.8,cooling_degradation,0.83
fault_cooling_degradation_2,2531,1789814495.7531269,2734.9,142.13,685.37,2.73,113.3,0.0363,10.01,13.99,14.52,30.0,950.9,18.8,cooling_degradation,0.83
fault_cooling_degradation_2,2532,1789814496.7531269,2733.6,142.23,681.1,2.81,113.33,0.0415,10.15,13.99,14.62,30.0,946.7,18.8,cooling_degradation,0.83
fault_cooling_degradation_2,2533,1789814497.7531269,2735.5,141.83,678.4,2.86,113.41,0.0473,10.32,14.01,14.54,30.0,942.6,18.9,cooling_degradation,0.83
fault_cooling_degradation_2,2534,1789814498.7531269,2728.5,141.52,677.63,2.92,113.51,0.0496,10.15,14.04,14.72,30.0,938.4,18.9,cooling_degradation,0.83
fault_cooling_degradation_2,2535,1789814499.7531269,2730.5,141.41,675.34,2.98,113.59,0.0484,9.98,13.96,14.54,30.0,934.2,18.9,cooling_degradation,0.83
fault_cooling_degradation_2,2536,1789814500.7531269,2714.5,141.23,676.67,2.9,113.67,0.0432,9.99,14.05,14.19,30.0,930.1,19.0,cooling_degradation,0.83
fault_cooling_degradation_2,2537,1789814501.7531269,2695.2,141.2,683.39,2.82,113.54,0.0528,9.96,14.05,14.47,30.0,925.9,19.0,cooling_degradation,0.83
fault_cooling_degradation_2,2538,1789814502.7531269,2704.5,141.46,681.04,2.81,113.39,0.0435,9.98,14.02,14.27,30.0,921.8,19.0,cooling_degradation,0.83
fault_cooling_degradation_2,2539,1789814503.7531269,2706.3,141.58,681.14,2.71,113.27,0.0311,10.19,14.09,14.43,30.0,917.6,19.0,cooling_degradation,0.83
fault_cooling_degradation_2,2540,1789814504.7531269,2702.5,141.74,674.95,2.8,113.16,0.0356,10.2,14.12,14.46,30.0,913.4,19.1,cooling_degradation,0.83
fault_cooling_degradation_2,2541,1789814505.7531269,2701.8,141.79,676.97,2.75,113.29,0.0296,10.15,14.13,14.63,30.0,909.3,19.1,cooling_degradation,0.83
fault_cooling_degradation_2,2542,1789814506.7531269,2721.5,141.96,680.15,2.84,113.12,0.0338,10.27,14.17,14.8,30.0,905.1,19.1,cooling_degradation,0.83
fault_cooling_degradation_2,2543,1789814507.7531269,2741.0,142.2,677.66,2.85,113.17,0.0317,10.23,14.12,14.59,30.0,901.0,19.1,cooling_degradation,0.83
fault_cooling_degradation_2,2544,1789814508.7531269,2757.6,142.14,679.67,2.94,112.99,0.0365,10.18,14.0,14.58,30.0,896.8,19.2,cooling_degradation,0.83
fault_cooling_degradation_2,2545,1789814509.7531269,2724.9,142.23,679.68,2.9,112.86,0.0299,10.37,14.03,14.4,30.0,892.6,19.2,cooling_degradation,0.83
fault_cooling_degradation_2,2546,1789814510.7531269,2719.5,142.52,679.97,2.86,112.76,0.0336,10.31,13.98,14.6,30.0,888.5,19.2,cooling_degradation,0.83
fault_cooling_degradation_2,2547,1789814511.7531269,2738.6,142.95,678.38,2.88,112.93,0.0279,10.13,14.0,14.33,30.0,884.3,19.3,cooling_degradation,0.83
fault_cooling_degradation_2,2548,1789814512.7531269,2752.3,142.76,680.37,2.82,112.94,0.0241,10.08,14.06,14.21,30.0,880.2,19.3,cooling_degradation,0.83
fault_cooling_degradation_2,2549,1789814513.7531269,2740.6,142.66,680.36,2.85,112.97,0.0317,10.01,14.01,14.02,30.0,876.0,19.3,cooling_degradation,0.83
fault_cooling_degradation_2,2550,1789814514.7531269,2740.1,142.91,681.48,2.8,113.09,0.0343,9.92,13.99,14.15,30.0,871.8,19.3,cooling_degradation,0.83
fault_cooling_degradation_2,2551,1789814515.7531269,2730.1,143.35,681.63,2.8,113.08,0.0344,9.88,14.08,14.37,30.0,867.7,19.4,cooling_degradation,0.83
fault_cooling_degradation_2,2552,1789814516.7531269,2734.1,143.83,685.83,2.8,113.08,0.0309,9.81,14.07,14.6,30.0,863.5,19.4,cooling_degradation,0.83
fault_cooling_degradation_2,2553,1789814517.7531269,2742.0,143.67,688.36,2.84,113.12,0.0335,9.81,14.08,14.69,30.0,859.4,19.4,cooling_degradation,0.83
fault_cooling_degradation_2,2554,1789814518.7531269,2745.0,143.83,688.19,2.9,113.0,0.0371,9.93,14.13,14.44,30.0,855.2,19.4,cooling_degradation,0.83
fault_cooling_degradation_2,2555,1789814519.7531269,2736.6,143.73,686.53,2.89,113.16,0.0187,10.14,14.12,14.48,30.0,851.0,19.5,cooling_degradation,0.83
fault_cooling_degradation_2,2556,1789814520.7531269,2745.4,143.59,691.06,2.86,113.1,0.0274,10.09,14.1,14.41,30.0,846.9,19.5,cooling_degradation,0.83
fault_cooling_degradation_2,2557,1789814521.7531269,2731.2,143.69,692.29,2.94,113.01,0.0335,10.04,14.04,14.42,30.0,842.7,19.5,cooling_degradation,0.83
fault_cooling_degradation_2,2558,1789814522.7531269,2698.8,143.71,691.83,2.95,112.88,0.0376,10.1,14.07,14.38,30.0,838.6,19.5,cooling_degradation,0.83
fault_cooling_degradation_2,2559,1789814523.7531269,2696.4,143.28,692.05,2.93,112.77,0.0437,10.05,14.07,14.25,30.0,834.4,19.6,cooling_degradation,0.83
fault_cooling_degradation_2,2560,1789814524.7531269,2697.0,143.2,687.35,2.92,112.79,0.0413,10.06,14.05,14.02,30.0,830.2,19.6,cooling_degradation,0.83
fault_cooling_degradation_2,2561,1789814525.7531269,2699.2,143.09,685.1,2.96,112.89,0.0436,10.08,13.98,14.24,30.0,826.1,19.6,cooling_degradation,0.83
fault_cooling_degradation_2,2562,1789814526.7531269,2718.9,143.35,682.87,2.95,112.78,0.0368,10.26,14.01,14.64,30.0,821.9,19.7,cooling_degradation,0.83
fault_cooling_degradation_2,2563,1789814527.7531269,2733.1,143.62,682.37,2.89,112.81,0.047,10.19,14.12,14.67,30.0,817.8,19.7,cooling_degradation,0.83
fault_cooling_degradation_2,2564,1789814528.7531269,2725.2,143.42,685.7,2.85,112.85,0.0432,10.24,14.16,14.8,30.0,813.6,19.7,cooling_degradation,0.83
fault_cooling_degradation_2,2565,1789814529.7531269,2727.7,143.84,681.46,2.89,112.77,0.0422,10.02,14.15,14.58,30.0,809.4,19.7,cooling_degradation,0.83
fault_cooling_degradation_2,2566,1789814530.7531269,2718.6,144.13,682.37,2.86,112.6,0.0412,10.11,14.07,14.62,30.0,805.3,19.8,cooling_degradation,0.83
fault_cooling_degradation_2,2567,1789814531.7531269,2728.1,143.48,684.25,2.88,112.73,0.0393,9.99,14.04,14.34,30.0,801.1,19.8,cooling_degradation,0.83
fault_cooling_degradation_2,2568,1789814532.7531269,2710.4,143.81,684.28,2.96,112.84,0.0442,10.16,14.1,14.45,30.0,797.0,19.8,cooling_degradation,0.83
fault_cooling_degradation_2,2569,1789814533.7531269,2742.4,143.96,682.57,2.94,112.8,0.0472,10.12,14.03,14.39,30.0,792.8,19.8,cooling_degradation,0.83
fault_cooling_degradation_2,2570,1789814534.7531269,2755.5,143.94,685.37,2.97,112.81,0.0472,10.18,14.02,14.56,30.0,788.6,19.9,cooling_degradation,0.83
fault_cooling_degradation_2,2571,1789814535.7531269,2733.2,143.97,688.52,2.95,112.79,0.0478,10.15,14.01,14.36,30.0,784.5,19.9,cooling_degradation,0.83
fault_cooling_degradation_2,2572,1789814536.7531269,2735.2,143.98,688.91,3.02,112.71,0.0395,10.18,14.11,14.31,30.0,780.3,19.9,cooling_degradation,0.83
fault_cooling_degradation_2,2573,1789814537.7531269,2743.5,143.8,689.1,3.03,112.84,0.0299,10.16,14.05,14.1,30.0,776.2,20.0,cooling_degradation,0.83
fault_cooling_degradation_2,2574,1789814538.7531269,2747.6,143.92,685.4,3.04,112.87,0.0267,10.06,14.12,14.56,30.0,772.0,20.0,cooling_degradation,0.83
fault_cooling_degradation_2,2575,1789814539.7531269,2756.5,143.63,689.83,2.97,112.66,0.0287,9.92,14.03,14.77,30.0,767.8,20.0,cooling_degradation,0.83
fault_cooling_degradation_2,2576,1789814540.7531269,2781.8,143.45,692.01,3.04,112.7,0.0363,10.01,14.08,14.77,30.0,763.7,20.0,cooling_degradation,0.83
fault_cooling_degradation_2,2577,1789814541.7531269,2784.3,143.61,691.28,2.95,112.77,0.034,10.01,14.05,14.46,30.0,759.5,20.1,cooling_degradation,0.83
fault_cooling_degradation_2,2578,1789814542.7531269,2767.2,143.55,693.62,2.9,112.76,0.0289,10.01,13.99,13.84,30.0,755.4,20.1,cooling_degradation,0.83
fault_cooling_degradation_2,2579,1789814543.7531269,2709.1,143.9,692.93,2.91,112.87,0.034,9.96,14.09,14.17,30.0,751.2,20.1,cooling_degradation,0.83
fault_cooling_degradation_2,2580,1789814544.7531269,2726.6,143.77,689.86,2.92,113.06,0.0424,10.05,14.08,14.22,30.0,747.0,20.1,cooling_degradation,0.83
fault_cooling_degradation_2,2581,1789814545.7531269,2693.4,143.41,689.37,2.92,112.98,0.0443,10.05,14.16,14.74,30.0,742.9,20.2,cooling_degradation,0.83
fault_cooling_degradation_2,2582,1789814546.7531269,2694.4,143.36,690.86,2.84,113.03,0.0498,9.92,14.08,14.44,30.0,738.7,20.2,cooling_degradation,0.83
fault_cooling_degradation_2,2583,1789814547.7531269,2704.8,143.72,688.9,2.89,113.17,0.0427,9.85,14.12,14.42,30.0,734.6,20.2,cooling_degradation,0.83
fault_cooling_degradation_2,2584,1789814548.7531269,2709.4,144.12,689.13,2.96,113.24,0.0436,9.92,14.11,14.54,30.0,730.4,20.3,cooling_degradation,0.83
fault_cooling_degradation_2,2585,1789814549.7531269,2725.1,144.35,690.43,2.98,113.26,0.0361,9.78,14.1,14.4,30.0,726.2,20.3,cooling_degradation,0.83
fault_cooling_degradation_2,2586,1789814550.7531269,2723.3,144.31,694.9,2.96,113.17,0.0324,9.97,14.1,14.35,30.0,722.1,20.3,cooling_degradation,0.83
fault_cooling_degradation_2,2587,1789814551.7531269,2709.3,144.52,694.87,2.92,113.05,0.035,9.89,14.12,14.34,30.0,717.9,20.3,cooling_degradation,0.83
fault_cooling_degradation_2,2588,1789814552.7531269,2690.0,144.36,690.48,3.0,113.15,0.048,9.91,14.11,14.61,30.0,713.8,20.4,cooling_degradation,0.83
fault_cooling_degradation_2,2589,1789814553.7531269,2672.2,144.98,690.67,2.95,113.17,0.0452,9.87,14.1,14.84,30.0,709.6,20.4,cooling_degradation,0.83
fault_cooling_degradation_2,2590,1789814554.7531269,2663.2,144.81,695.03,2.85,113.29,0.046,9.98,14.1,14.72,30.0,705.4,20.4,cooling_degradation,0.83
fault_cooling_degradation_2,2591,1789814555.7531269,2646.6,144.84,692.9,2.9,113.02,0.0413,9.78,14.1,14.68,30.0,701.3,20.4,cooling_degradation,0.83
fault_cooling_degradation_2,2592,1789814556.7531269,2636.8,144.81,691.81,2.96,113.05,0.0337,9.67,14.14,14.58,30.0,697.1,20.5,cooling_degradation,0.83
fault_cooling_degradation_2,2593,1789814557.7531269,2672.6,145.02,689.68,2.89,112.99,0.0327,9.81,14.15,14.43,30.0,693.0,20.5,cooling_degradation,0.83
fault_cooling_degradation_2,2594,1789814558.7531269,2695.2,145.24,685.79,2.9,112.89,0.0304,9.92,14.06,14.48,30.0,688.8,20.5,cooling_degradation,0.83
fault_cooling_degradation_2,2595,1789814559.7531269,2704.6,145.26,686.69,2.91,112.94,0.0309,9.77,14.15,14.23,30.0,684.6,20.5,cooling_degradation,0.83
fault_cooling_degradation_2,2596,1789814560.7531269,2698.1,144.98,686.96,2.88,112.66,0.0309,9.78,14.2,14.19,30.0,680.5,20.6,cooling_degradation,0.83
fault_cooling_degradation_2,2597,1789814561.7531269,2708.4,145.16,687.28,2.84,112.69,0.036,9.84,14.19,14.39,30.0,676.3,20.6,cooling_degradation,0.83
fault_cooling_degradation_2,2598,1789814562.7531269,2704.6,145.23,691.65,2.84,112.84,0.0302,10.03,14.19,14.37,30.0,672.2,20.6,cooling_degradation,0.83
fault_cooling_degradation_2,2599,1789814563.7531269,2724.0,145.35,691.03,2.81,112.95,0.0328,10.03,14.18,14.38,30.0,668.0,20.7,cooling_degradation,0.83
fault_cooling_degradation_2,2600,1789814564.7531269,2714.8,145.19,691.92,2.8,112.93,0.031,10.17,14.16,14.43,30.0,663.8,20.7,cooling_degradation,0.83
fault_cooling_degradation_2,2601,1789814565.7531269,2718.3,145.27,693.52,2.91,112.86,0.0283,10.04,14.13,14.19,30.0,659.7,20.7,cooling_degradation,0.83
fault_cooling_degradation_2,2602,1789814566.7531269,2706.6,145.33,693.37,2.87,112.75,0.0364,9.85,14.07,14.37,30.0,655.5,20.7,cooling_degradation,0.83
fault_cooling_degradation_2,2603,1789814567.7531269,2717.8,145.44,697.48,2.92,112.64,0.0385,9.82,14.09,14.33,30.0,651.4,20.8,cooling_degradation,0.83
fault_cooling_degradation_2,2604,1789814568.7531269,2719.2,145.35,696.53,2.83,112.63,0.0337,9.99,14.0,13.88,30.0,647.2,20.8,cooling_degradation,0.83
fault_cooling_degradation_2,2605,1789814569.7531269,2715.9,145.43,693.82,2.86,112.6,0.0445,9.99,13.96,14.28,30.0,643.0,20.8,cooling_degradation,0.83
fault_cooling_degradation_2,2606,1789814570.7531269,2723.9,145.21,693.69,2.86,112.57,0.0467,10.03,14.03,14.29,30.0,638.9,20.8,cooling_degradation,0.83
fault_cooling_degradation_2,2607,1789814571.7531269,2710.5,145.24,690.21,2.87,112.41,0.0472,9.8,14.03,14.34,30.0,634.7,20.9,cooling_degradation,0.83
fault_cooling_degradation_2,2608,1789814572.7531269,2699.2,145.56,692.82,2.79,112.45,0.0463,9.79,14.06,14.07,30.0,630.6,20.9,cooling_degradation,0.83
fault_cooling_degradation_2,2609,1789814573.7531269,2701.7,145.73,695.4,2.77,112.39,0.0459,9.72,14.07,14.16,30.0,626.4,20.9,cooling_degradation,0.83
fault_cooling_degradation_2,2610,1789814574.7531269,2687.1,145.57,692.3,2.82,112.35,0.0442,9.86,14.08,14.4,30.0,622.2,21.0,cooling_degradation,0.83
fault_cooling_degradation_2,2611,1789814575.7531269,2673.2,145.69,691.1,2.86,112.47,0.0398,9.78,14.12,14.67,30.0,618.1,21.0,cooling_degradation,0.83
fault_cooling_degradation_2,2612,1789814576.7531269,2676.0,145.8,690.91,2.91,112.44,0.0326,9.81,14.03,14.62,30.0,613.9,21.0,cooling_degradation,0.83
fault_cooling_degradation_2,2613,1789814577.7531269,2686.3,145.98,689.44,2.86,112.34,0.037,9.99,14.03,14.53,30.0,609.8,21.0,cooling_degradation,0.83
fault_cooling_degradation_2,2614,1789814578.7531269,2697.7,146.12,690.97,2.79,112.39,0.0354,9.8,14.02,14.44,30.0,605.6,21.1,cooling_degradation,0.83
fault_cooling_degradation_2,2615,1789814579.7531269,2714.0,145.71,694.15,2.81,112.43,0.0297,9.8,14.11,14.09,30.0,601.4,21.1,cooling_degradation,0.83
fault_cooling_degradation_2,2616,1789814580.7531269,2704.3,145.98,688.24,2.86,112.33,0.0407,9.65,14.11,14.58,30.0,597.3,21.1,cooling_degradation,0.83
fault_cooling_degradation_2,2617,1789814581.7531269,2720.7,146.3,695.73,2.87,112.45,0.0475,9.74,14.14,14.61,30.0,593.1,21.1,cooling_degradation,0.83
fault_cooling_degradation_2,2618,1789814582.7531269,2729.5,145.99,691.8,2.86,112.4,0.0385,9.85,14.13,14.74,30.0,589.0,21.2,cooling_degradation,0.83
fault_cooling_degradation_2,2619,1789814583.7531269,2711.5,145.76,692.33,2.86,112.47,0.0463,9.93,14.13,14.62,30.0,584.8,21.2,cooling_degradation,0.83
fault_cooling_degradation_2,2620,1789814584.7531269,2707.7,145.78,696.12,2.86,112.39,0.0535,9.93,14.06,14.27,30.0,580.6,21.2,cooling_degradation,0.83
fault_cooling_degradation_2,2621,1789814585.7531269,2726.2,145.91,692.43,2.93,112.41,0.0546,10.11,14.09,14.63,30.0,576.5,21.3,cooling_degradation,0.83
fault_cooling_degradation_2,2622,1789814586.7531269,2713.8,145.84,694.68,2.95,112.56,0.0449,10.0,14.11,14.4,30.0,572.3,21.3,cooling_degradation,0.83
fault_cooling_degradation_2,2623,1789814587.7531269,2716.0,146.14,694.01,2.91,112.44,0.0494,10.0,14.13,14.3,30.0,568.2,21.3,cooling_degradation,0.83
fault_cooling_degradation_2,2624,1789814588.7531269,2720.1,145.99,696.64,2.98,112.43,0.0319,10.03,14.15,14.15,30.0,564.0,21.3,cooling_degradation,0.83
fault_cooling_degradation_2,2625,1789814589.7531269,2735.9,146.23,693.26,2.99,112.42,0.0345,9.95,14.13,13.98,30.0,559.8,21.4,cooling_degradation,0.83
fault_cooling_degradation_2,2626,1789814590.7531269,2727.5,146.24,700.06,2.91,112.47,0.037,9.81,14.13,14.25,30.0,555.7,21.4,cooling_degradation,0.83
fault_cooling_degradation_2,2627,1789814591.7531269,2735.1,146.14,700.48,2.85,112.46,0.0342,9.89,14.11,14.27,30.0,551.5,21.4,cooling_degradation,0.83
fault_cooling_degradation_2,2628,1789814592.7531269,2708.6,146.14,698.83,2.85,112.52,0.0315,9.92,14.16,14.51,30.0,547.4,21.4,cooling_degradation,0.83
fault_cooling_degradation_2,2629,1789814593.7531269,2718.1,146.24,702.25,2.85,112.52,0.0299,9.83,14.15,14.35,30.0,543.2,21.5,cooling_degradation,0.83
fault_cooling_degradation_2,2630,1789814594.7531269,2698.6,146.23,705.77,2.92,112.3,0.0263,9.83,14.13,14.17,30.0,539.0,21.5,cooling_degradation,0.83
fault_cooling_degradation_2,2631,1789814595.7531269,2710.1,146.19,705.65,2.91,112.08,0.0282,9.9,14.17,14.4,30.0,534.9,21.5,cooling_degradation,0.83
fault_cooling_degradation_2,2632,1789814596.7531269,2699.7,146.08,700.62,2.9,112.12,0.0361,9.81,14.18,14.24,30.0,530.7,21.6,cooling_degradation,0.83
fault_cooling_degradation_2,2633,1789814597.7531269,2667.9,146.02,698.53,2.97,112.06,0.0387,9.99,14.18,14.08,30.0,526.6,21.6,cooling_degradation,0.83
fault_cooling_degradation_2,2634,1789814598.7531269,2675.7,146.18,698.2,2.9,112.02,0.0425,9.95,14.17,14.41,30.0,522.4,21.6,cooling_degradation,0.83
fault_cooling_degradation_2,2635,1789814599.7531269,2688.3,146.28,705.49,2.92,112.01,0.0435,9.93,14.12,14.25,30.0,518.2,21.6,cooling_degradation,0.83
fault_cooling_degradation_2,2636,1789814600.7531269,2697.2,146.31,706.66,2.9,112.05,0.0437,9.91,14.1,14.25,30.0,514.1,21.7,cooling_degradation,0.83
fault_cooling_degradation_2,2637,1789814601.7531269,2695.4,146.33,708.66,2.87,111.94,0.0372,10.03,14.03,14.27,30.0,509.9,21.7,cooling_degradation,0.83
fault_cooling_degradation_2,2638,1789814602.7531269,2679.1,146.48,707.95,2.86,111.97,0.0393,10.13,14.0,14.15,30.0,505.8,21.7,cooling_degradation,0.83
fault_cooling_degradation_2,2639,1789814603.7531269,2673.7,146.58,705.7,2.83,112.03,0.0356,10.14,13.96,14.59,30.0,501.6,21.7,cooling_degradation,0.83
fault_cooling_degradation_2,2640,1789814604.7531269,2679.6,146.4,705.94,2.83,112.08,0.0399,10.19,13.98,14.49,30.0,497.4,21.8,cooling_degradation,0.83
fault_cooling_degradation_2,2641,1789814605.7531269,2684.1,146.36,701.16,2.85,112.19,0.0456,10.02,14.05,14.32,30.0,493.3,21.8,cooling_degradation,0.83
fault_cooling_degradation_2,2642,1789814606.7531269,2683.4,146.62,702.04,2.93,112.19,0.0472,9.88,14.05,14.32,30.0,489.1,21.8,cooling_degradation,0.83
fault_cooling_degradation_2,2643,1789814607.7531269,2695.3,146.74,698.44,2.88,111.93,0.0362,9.76,14.03,14.51,30.0,485.0,21.8,cooling_degradation,0.83
fault_cooling_degradation_2,2644,1789814608.7531269,2704.1,146.77,698.98,2.98,112.11,0.0391,9.87,13.99,14.44,30.0,480.8,21.9,cooling_degradation,0.83
fault_cooling_degradation_2,2645,1789814609.7531269,2700.3,146.92,702.0,2.96,111.97,0.0333,9.83,13.98,14.07,30.0,476.6,21.9,cooling_degradation,0.83
fault_cooling_degradation_2,2646,1789814610.7531269,2688.5,147.21,702.95,3.01,112.15,0.0283,9.7,13.99,13.92,30.0,472.5,21.9,cooling_degradation,0.83
fault_cooling_degradation_2,2647,1789814611.7531269,2699.1,147.29,700.79,2.95,112.16,0.0346,9.75,14.02,14.2,30.0,468.3,22.0,cooling_degradation,0.83
fault_cooling_degradation_2,2648,1789814612.7531269,2688.6,147.68,695.35,2.87,112.32,0.0337,9.74,13.98,14.27,30.0,464.2,22.0,cooling_degradation,0.83
fault_cooling_degradation_2,2649,1789814613.7531269,2724.0,147.67,697.34,2.91,112.33,0.0263,9.7,13.98,14.46,30.0,460.0,22.0,cooling_degradation,0.83
fault_cooling_degradation_2,2650,1789814614.7531269,2720.0,147.84,693.11,2.88,112.19,0.037,9.56,13.99,14.76,30.0,455.8,22.0,cooling_degradation,0.83
fault_cooling_degradation_2,2651,1789814615.7531269,2731.6,148.02,693.42,2.82,112.32,0.0346,9.69,14.01,14.72,30.0,451.7,22.1,cooling_degradation,0.83
fault_cooling_degradation_2,2652,1789814616.7531269,2704.3,148.09,691.36,2.88,112.4,0.0364,9.9,14.05,14.43,30.0,447.5,22.1,cooling_degradation,0.83
fault_cooling_degradation_2,2653,1789814617.7531269,2678.5,148.04,693.03,2.91,112.71,0.0307,9.88,14.13,14.4,30.0,443.4,22.1,cooling_degradation,0.83
fault_cooling_degradation_2,2654,1789814618.7531269,2664.9,148.14,699.11,2.9,112.84,0.0301,9.79,14.13,14.46,30.0,439.2,22.1,cooling_degradation,0.83
fault_cooling_degradation_2,2655,1789814619.7531269,2657.3,148.06,701.42,2.84,112.79,0.0293,9.85,14.16,14.39,30.0,435.0,22.2,cooling_degradation,0.83
fault_cooling_degradation_2,2656,1789814620.7531269,2676.0,148.39,699.58,2.86,112.91,0.0335,9.82,14.19,14.33,30.0,430.9,22.2,cooling_degradation,0.83
fault_cooling_degradation_2,2657,1789814621.7531269,2704.1,148.44,701.24,2.97,112.91,0.0394,9.97,14.16,14.14,30.0,426.7,22.2,cooling_degradation,0.83
fault_cooling_degradation_2,2658,1789814622.7531269,2721.7,148.42,696.76,2.98,112.86,0.0366,10.27,14.16,14.26,30.0,422.6,22.3,cooling_degradation,0.83
fault_cooling_degradation_2,2659,1789814623.7531269,2718.8,148.52,701.24,3.0,112.93,0.0402,10.1,14.12,14.14,30.0,418.4,22.3,cooling_degradation,0.83
fault_cooling_degradation_2,2660,1789814624.7531269,2701.9,148.63,699.54,3.01,112.95,0.0343,9.9,14.12,14.58,30.0,414.2,22.3,cooling_degradation,0.83
fault_cooling_degradation_2,2661,1789814625.7531269,2680.4,148.75,699.02,2.91,112.99,0.0356,10.04,14.1,13.95,30.0,410.1,22.3,cooling_degradation,0.83
fault_cooling_degradation_2,2662,1789814626.7531269,2704.6,148.5,699.17,2.95,112.89,0.0362,10.15,14.14,13.98,30.0,405.9,22.4,cooling_degradation,0.83
fault_cooling_degradation_2,2663,1789814627.7531269,2701.0,148.93,704.9,2.94,112.97,0.0445,10.1,14.15,14.42,30.0,401.8,22.4,cooling_degradation,0.83
fault_cooling_degradation_2,2664,1789814628.7531269,2715.4,148.88,701.62,2.96,112.96,0.0366,10.04,14.17,14.56,30.0,397.6,22.4,cooling_degradation,0.83
fault_cooling_degradation_2,2665,1789814629.7531269,2705.4,148.7,700.56,2.95,113.0,0.0336,10.09,14.12,14.41,30.0,393.4,22.4,cooling_degradation,0.83
fault_cooling_degradation_2,2666,1789814630.7531269,2680.7,148.37,695.38,2.93,112.9,0.0404,10.16,14.04,14.06,30.0,389.3,22.5,cooling_degradation,0.83
fault_cooling_degradation_2,2667,1789814631.7531269,2685.1,148.39,696.89,3.02,113.0,0.0476,10.01,14.04,14.01,30.0,385.1,22.5,cooling_degradation,0.83
fault_cooling_degradation_2,2668,1789814632.7531269,2682.5,148.21,696.71,2.95,113.14,0.0423,10.13,14.05,14.09,30.0,381.0,22.5,cooling_degradation,0.83
fault_cooling_degradation_2,2669,1789814633.7531269,2683.6,148.2,691.87,2.9,113.14,0.0383,10.09,14.16,14.07,30.0,376.8,22.6,cooling_degradation,0.83
fault_cooling_degradation_2,2670,1789814634.7531269,2672.2,147.82,695.78,2.88,113.14,0.042,9.98,14.23,14.36,30.0,372.6,22.6,cooling_degradation,0.83
fault_cooling_degradation_2,2671,1789814635.7531269,2677.3,147.45,696.77,2.84,113.15,0.0352,10.04,14.24,14.28,30.0,368.5,22.6,cooling_degradation,0.83
fault_cooling_degradation_2,2672,1789814636.7531269,2692.3,148.06,697.9,2.88,113.28,0.0347,10.0,14.21,14.72,30.0,364.3,22.6,cooling_degradation,0.83
fault_cooling_degradation_2,2673,1789814637.7531269,2690.4,147.87,697.26,2.91,113.15,0.0385,9.97,14.27,14.29,30.0,360.2,22.7,cooling_degradation,0.83
fault_cooling_degradation_2,2674,1789814638.7531269,2703.2,147.99,702.93,2.97,113.1,0.0364,10.19,14.21,14.5,30.0,356.0,22.7,cooling_degradation,0.83
fault_cooling_degradation_2,2675,1789814639.7531269,2714.5,148.27,705.0,2.95,113.04,0.0373,10.15,14.16,14.7,30.0,351.8,22.7,cooling_degradation,0.83
fault_cooling_degradation_2,2676,1789814640.7531269,2722.4,148.59,705.81,2.9,112.9,0.0377,10.15,14.13,14.66,30.0,347.7,22.7,cooling_degradation,0.83
fault_cooling_degradation_2,2677,1789814641.7531269,2718.9,148.99,708.22,2.87,112.9,0.034,10.21,14.08,14.69,30.0,343.5,22.8,cooling_degradation,0.83
fault_cooling_degradation_2,2678,1789814642.7531269,2719.6,148.95,709.07,2.99,113.05,0.0419,9.88,14.13,14.58,30.0,339.4,22.8,cooling_degradation,0.83
fault_cooling_degradation_2,2679,1789814643.7531269,2722.6,148.77,709.82,3.04,113.05,0.0442,9.93,14.16,14.59,30.0,335.2,22.8,cooling_degradation,0.83
fault_cooling_degradation_2,2680,1789814644.7531269,2743.3,149.02,707.23,3.0,113.05,0.0446,9.84,14.15,14.55,30.0,331.0,22.8,cooling_degradation,0.83
fault_cooling_degradation_2,2681,1789814645.7531269,2755.2,149.32,707.21,3.01,113.04,0.0372,9.9,14.09,14.45,30.0,326.9,22.9,cooling_degradation,0.83
fault_cooling_degradation_2,2682,1789814646.7531269,2761.5,149.55,703.17,3.06,113.14,0.0345,10.17,14.08,14.44,30.0,322.7,22.9,cooling_degradation,0.83
fault_cooling_degradation_2,2683,1789814647.7531269,2760.7,149.4,711.55,2.94,113.14,0.0242,10.4,14.11,14.39,30.0,318.6,22.9,cooling_degradation,0.83
fault_cooling_degradation_2,2684,1789814648.7531269,2752.9,149.52,708.36,2.91,113.21,0.0251,10.34,14.06,14.33,30.0,314.4,23.0,cooling_degradation,0.83
fault_cooling_degradation_2,2685,1789814649.7531269,2758.9,149.58,704.1,3.0,113.31,0.0361,10.26,14.02,14.06,30.0,310.2,23.0,cooling_degradation,0.83
fault_cooling_degradation_2,2686,1789814650.7531269,2733.8,149.71,705.47,3.0,113.38,0.0435,10.27,14.04,14.12,30.0,306.1,23.0,cooling_degradation,0.83
fault_cooling_degradation_2,2687,1789814651.7531269,2737.8,149.55,702.01,3.0,113.52,0.0473,10.3,14.12,14.16,30.0,301.9,23.0,cooling_degradation,0.83
fault_cooling_degradation_2,2688,1789814652.7531269,2705.3,149.54,700.92,2.87,113.69,0.0447,10.13,14.14,14.17,30.0,297.8,23.1,cooling_degradation,0.83
fault_cooling_degradation_2,2689,1789814653.7531269,2720.7,149.48,698.74,2.86,113.76,0.0417,10.01,14.14,14.03,30.0,293.6,23.1,cooling_degradation,0.83
fault_cooling_degradation_2,2690,1789814654.7531269,2697.5,149.32,700.05,2.84,113.65,0.0449,9.99,14.1,14.26,30.0,289.4,23.1,cooling_degradation,0.83
fault_cooling_degradation_2,2691,1789814655.7531269,2718.7,149.47,702.59,2.85,113.8,0.0412,10.03,14.11,14.31,30.0,285.3,23.1,cooling_degradation,0.83
fault_cooling_degradation_2,2692,1789814656.7531269,2724.9,149.7,704.33,2.93,113.8,0.0374,10.05,14.14,14.04,30.0,281.1,23.2,cooling_degradation,0.83
fault_cooling_degradation_2,2693,1789814657.7531269,2711.5,149.67,701.11,2.94,113.66,0.0384,10.13,14.13,14.14,30.0,277.0,23.2,cooling_degradation,0.83
fault_cooling_degradation_2,2694,1789814658.7531269,2731.7,149.66,703.46,2.92,113.58,0.0437,9.98,14.06,14.03,30.0,272.8,23.2,cooling_degradation,0.83
fault_cooling_degradation_2,2695,1789814659.7531269,2747.8,149.94,707.65,2.83,113.68,0.0448,10.15,14.13,14.22,30.0,268.6,23.3,cooling_degradation,0.83
fault_cooling_degradation_2,2696,1789814660.7531269,2724.7,149.8,705.34,2.82,113.6,0.047,9.99,14.07,14.7,30.0,264.5,23.3,cooling_degradation,0.83
fault_cooling_degradation_2,2697,1789814661.7531269,2732.0,149.94,706.4,2.83,113.56,0.043,10.05,14.04,14.58,30.0,260.3,23.3,cooling_degradation,0.83
fault_cooling_degradation_2,2698,1789814662.7531269,2731.0,149.79,705.54,2.83,113.6,0.0369,10.04,14.04,14.6,30.0,256.2,23.3,cooling_degradation,0.83
fault_cooling_degradation_2,2699,1789814663.7531269,2706.0,149.92,707.01,2.96,113.7,0.0337,9.96,14.06,14.41,30.0,252.0,23.4,cooling_degradation,0.83
fault_cooling_degradation_2,2700,1789814664.7531269,2719.4,149.68,710.46,2.87,113.68,0.0389,9.96,14.06,14.34,30.0,247.8,23.4,cooling_degradation,0.83
fault_cooling_degradation_2,2701,1789814665.7531269,2718.6,149.79,713.28,2.94,113.49,0.0457,10.01,14.06,14.35,30.0,243.7,23.4,cooling_degradation,0.83
fault_cooling_degradation_2,2702,1789814666.7531269,2710.2,149.99,716.17,2.91,113.38,0.0252,10.04,14.01,14.6,30.0,239.5,23.4,cooling_degradation,0.83
fault_cooling_degradation_2,2703,1789814667.7531269,2722.4,150.31,720.16,2.92,113.57,0.0373,10.14,14.07,14.78,30.0,235.4,23.5,cooling_degradation,0.83
fault_cooling_degradation_2,2704,1789814668.7531269,2724.6,150.43,715.77,2.96,113.63,0.0354,9.93,14.04,14.66,30.0,231.2,23.5,cooling_degradation,0.83
fault_cooling_degradation_2,2705,1789814669.7531269,2741.7,150.47,718.04,2.91,113.69,0.0318,9.87,13.89,14.39,30.0,227.0,23.5,cooling_degradation,0.83
fault_cooling_degradation_2,2706,1789814670.7531269,2745.9,150.47,721.59,2.87,113.7,0.037,9.91,13.88,14.64,30.0,222.9,23.6,cooling_degradation,0.83
fault_cooling_degradation_2,2707,1789814671.7531269,2729.6,150.58,718.03,2.9,113.78,0.0352,9.88,13.86,14.45,30.0,218.7,23.6,cooling_degradation,0.83
fault_cooling_degradation_2,2708,1789814672.7531269,2725.0,150.44,717.13,2.94,113.67,0.0396,9.9,13.91,14.46,30.0,214.6,23.6,cooling_degradation,0.83
fault_cooling_degradation_2,2709,1789814673.7531269,2728.6,150.47,715.4,2.9,113.62,0.0446,9.8,13.94,14.45,30.0,210.4,23.6,cooling_degradation,0.83
fault_cooling_degradation_2,2710,1789814674.7531269,2738.0,150.62,714.55,2.82,113.55,0.0413,9.85,14.02,14.11,30.0,206.2,23.7,cooling_degradation,0.83
fault_cooling_degradation_2,2711,1789814675.7531269,2741.9,150.89,711.84,2.83,113.65,0.0424,9.88,14.05,14.12,30.0,202.1,23.7,cooling_degradation,0.83
fault_cooling_degradation_2,2712,1789814676.7531269,2724.9,150.5,703.78,2.76,113.75,0.0331,9.88,14.1,14.45,30.0,197.9,23.7,cooling_degradation,0.83
fault_cooling_degradation_2,2713,1789814677.7531269,2722.8,150.27,708.63,2.81,113.74,0.0355,9.85,14.18,14.4,30.0,193.8,23.7,cooling_degradation,0.83
fault_cooling_degradation_2,2714,1789814678.7531269,2701.9,150.21,707.57,2.89,113.71,0.0404,9.93,14.19,14.2,30.0,189.6,23.8,cooling_degradation,0.83
fault_cooling_degradation_2,2715,1789814679.7531269,2699.9,149.93,703.49,2.85,113.84,0.0347,9.75,14.21,14.48,30.0,185.4,23.8,cooling_degradation,0.83
fault_cooling_degradation_2,2716,1789814680.7531269,2715.3,149.72,704.87,2.96,113.9,0.0422,9.77,14.21,14.34,30.0,181.3,23.8,cooling_degradation,0.83
fault_cooling_degradation_2,2717,1789814681.7531269,2698.6,149.71,705.18,3.0,113.76,0.0431,9.78,14.22,14.33,30.0,177.1,23.8,cooling_degradation,0.83
fault_cooling_degradation_2,2718,1789814682.7531269,2705.6,149.78,706.69,2.98,113.64,0.0322,9.85,14.18,14.47,30.0,173.0,23.9,cooling_degradation,0.83
fault_cooling_degradation_2,2719,1789814683.7531269,2714.4,149.61,706.97,3.03,113.57,0.032,9.88,14.18,14.49,30.0,168.8,23.9,cooling_degradation,0.83
fault_cooling_degradation_2,2720,1789814684.7531269,2688.8,149.45,705.29,3.03,113.59,0.0399,9.85,14.14,14.56,30.0,164.6,23.9,cooling_degradation,0.83
fault_cooling_degradation_2,2721,1789814685.7531269,2695.8,149.5,705.84,3.04,113.59,0.042,9.9,14.16,14.52,30.0,160.5,24.0,cooling_degradation,0.83
fault_cooling_degradation_2,2722,1789814686.7531269,2695.7,149.7,704.5,2.99,113.45,0.0493,9.81,14.16,14.54,30.0,156.3,24.0,cooling_degradation,0.83
fault_cooling_degradation_2,2723,1789814687.7531269,2687.7,150.0,707.55,2.93,113.38,0.0419,10.02,14.13,14.35,30.0,152.2,24.0,cooling_degradation,0.83
fault_cooling_degradation_2,2724,1789814688.7531269,2685.0,150.31,705.08,2.99,113.39,0.0434,9.86,14.13,14.18,30.0,148.0,24.0,cooling_degradation,0.83
fault_cooling_degradation_2,2725,1789814689.7531269,2696.6,150.17,706.85,3.02,113.27,0.0394,9.94,14.13,14.21,30.0,143.8,24.1,cooling_degradation,0.83
fault_cooling_degradation_2,2726,1789814690.7531269,2693.4,150.31,709.5,2.88,113.47,0.0376,10.01,14.12,14.58,30.0,139.7,24.1,cooling_degradation,0.83
fault_cooling_degradation_2,2727,1789814691.7531269,2705.1,150.81,716.03,2.9,113.57,0.0345,10.0,14.11,14.64,30.0,135.5,24.1,cooling_degradation,0.83
fault_cooling_degradation_2,2728,1789814692.7531269,2727.5,150.85,714.78,2.85,113.52,0.0177,9.93,14.11,14.62,30.0,131.4,24.1,cooling_degradation,0.83
fault_cooling_degradation_2,2729,1789814693.7531269,2708.8,150.86,715.88,2.87,113.41,0.0339,9.89,14.03,14.83,30.0,127.2,24.2,cooling_degradation,0.83
fault_cooling_degradation_2,2730,1789814694.7531269,2727.9,150.81,717.79,2.87,113.51,0.037,9.84,14.05,14.69,30.0,123.0,24.2,cooling_degradation,0.83
fault_cooling_degradation_2,2731,1789814695.7531269,2721.1,151.18,715.35,2.86,113.69,0.0336,9.96,14.06,14.13,30.0,118.9,24.2,cooling_degradation,0.83
fault_cooling_degradation_2,2732,1789814696.7531269,2716.4,151.22,716.82,2.89,113.61,0.027,9.91,14.03,13.95,30.0,114.7,24.3,cooling_degradation,0.83
fault_cooling_degradation_2,2733,1789814697.7531269,2709.1,151.23,717.91,2.94,113.49,0.0352,9.85,14.13,13.78,30.0,110.6,24.3,cooling_degradation,0.83
fault_cooling_degradation_2,2734,1789814698.7531269,2698.5,151.29,717.12,2.92,113.46,0.0331,9.88,14.07,14.33,30.0,106.4,24.3,cooling_degradation,0.83
fault_cooling_degradation_2,2735,1789814699.7531269,2674.1,151.34,715.04,2.94,113.33,0.0364,9.9,14.02,14.62,30.0,102.2,24.3,cooling_degradation,0.83
fault_cooling_degradation_2,2736,1789814700.7531269,2694.2,151.33,715.53,2.97,113.41,0.0358,9.86,14.01,14.72,30.0,98.1,24.4,cooling_degradation,0.83
fault_cooling_degradation_2,2737,1789814701.7531269,2718.9,151.35,708.94,2.95,113.37,0.0375,9.91,13.93,14.65,30.0,93.9,24.4,cooling_degradation,0.83
fault_cooling_degradation_2,2738,1789814702.7531269,2732.9,151.49,711.46,2.99,113.29,0.0392,9.83,13.97,14.44,30.0,89.8,24.4,cooling_degradation,0.83
fault_cooling_degradation_2,2739,1789814703.7531269,2733.3,151.35,709.27,2.93,113.28,0.0295,9.93,13.98,14.34,30.0,85.6,24.4,cooling_degradation,0.83
fault_cooling_degradation_2,2740,1789814704.7531269,2738.3,151.22,707.52,2.96,113.33,0.031,10.17,14.05,14.49,30.0,81.4,24.5,cooling_degradation,0.83
fault_cooling_degradation_2,2741,1789814705.7531269,2734.8,151.41,711.02,2.89,113.24,0.0334,10.11,14.01,14.34,30.0,77.3,24.5,cooling_degradation,0.83
fault_cooling_degradation_2,2742,1789814706.7531269,2706.1,151.26,712.97,2.93,113.29,0.041,10.12,14.0,14.46,30.0,73.1,24.5,cooling_degradation,0.83
fault_cooling_degradation_2,2743,1789814707.7531269,2730.6,151.39,716.11,2.9,113.32,0.0453,10.05,13.96,14.33,30.0,69.0,24.6,cooling_degradation,0.83
fault_cooling_degradation_2,2744,1789814708.7531269,2731.9,151.04,717.3,2.9,113.41,0.0515,10.07,13.99,14.41,30.0,64.8,24.6,cooling_degradation,0.83
fault_cooling_degradation_2,2745,1789814709.7531269,2694.6,150.96,721.76,2.96,113.3,0.0434,10.12,14.07,14.84,30.0,60.6,24.6,cooling_degradation,0.83
fault_cooling_degradation_2,2746,1789814710.7531269,2691.9,150.85,719.67,2.97,113.23,0.0438,10.09,14.14,14.91,30.0,56.5,24.6,cooling_degradation,0.83
fault_cooling_degradation_2,2747,1789814711.7531269,2677.8,151.04,720.0,2.97,113.41,0.0419,10.1,14.09,14.66,30.0,52.3,24.7,cooling_degradation,0.83
fault_cooling_degradation_2,2748,1789814712.7531269,2683.0,150.94,715.85,2.92,113.46,0.0446,10.17,14.02,14.44,30.0,48.2,24.7,cooling_degradation,0.83
fault_cooling_degradation_2,2749,1789814713.7531269,2693.7,151.17,718.74,2.96,113.25,0.0339,10.17,14.05,14.2,30.0,44.0,24.7,cooling_degradation,0.83
fault_cooling_degradation_2,2750,1789814714.7531269,2667.9,151.21,717.78,2.89,113.13,0.0348,10.1,14.11,14.24,30.0,39.8,24.7,cooling_degradation,0.83
fault_cooling_degradation_2,2751,1789814715.7531269,2710.1,151.26,714.56,2.87,113.16,0.0324,10.19,14.16,14.78,30.0,35.7,24.8,cooling_degradation,0.83
fault_cooling_degradation_2,2752,1789814716.7531269,2685.7,151.44,716.91,2.83,113.29,0.0348,9.96,14.08,14.25,30.0,31.5,24.8,cooling_degradation,0.83
fault_cooling_degradation_2,2753,1789814717.7531269,2718.8,151.62,715.11,2.87,113.09,0.0362,9.94,14.06,14.12,30.0,27.4,24.8,cooling_degradation,0.83
fault_cooling_degradation_2,2754,1789814718.7531269,2728.5,151.6,719.96,2.92,113.14,0.0366,10.0,14.01,14.15,30.0,23.2,24.8,cooling_degradation,0.83
fault_cooling_degradation_2,2755,1789814719.7531269,2750.7,151.31,720.97,2.88,113.31,0.0323,10.01,14.07,14.34,30.0,19.0,24.9,cooling_degradation,0.83
fault_cooling_degradation_2,2756,1789814720.7531269,2751.2,151.37,717.67,2.85,113.23,0.0419,10.07,14.09,14.35,30.0,14.9,24.9,cooling_degradation,0.83
fault_cooling_degradation_2,2757,1789814721.7531269,2752.3,151.53,713.46,2.84,113.3,0.0396,9.9,14.09,14.75,30.0,10.7,24.9,cooling_degradation,0.83
fault_cooling_degradation_2,2758,1789814722.7531269,2767.9,151.31,714.99,2.96,113.18,0.0426,9.73,14.03,14.74,30.0,6.6,25.0,cooling_degradation,0.83
fault_cooling_degradation_2,2759,1789814723.7531269,2772.4,151.3,713.74,3.03,113.16,0.0342,9.77,14.09,14.53,30.0,2.4,25.0,cooling_degradation,0.83
fault_cooling_degradation_2,2760,1789814724.7531269,2770.1,151.23,712.57,2.91,113.21,0.0415,9.64,14.03,14.41,30.0,0.0,25.0,cooling_degradation,0.83
fault_cooling_degradation_2,2761,1789814725.7531269,2783.8,151.1,714.48,2.85,113.32,0.0363,9.72,13.94,14.78,30.0,0.0,25.0,cooling_degradation,0.83
fault_cooling_degradation_2,2762,1789814726.7531269,2761.7,151.1,712.17,2.79,113.5,0.0295,9.81,13.9,14.44,30.0,0.0,25.0,cooling_degradation,0.83
fault_cooling_degradation_2,2763,1789814727.7531269,2739.2,151.34,711.38,2.81,113.49,0.0303,9.63,13.97,14.24,30.0,0.0,25.0,cooling_degradation,0.83
fault_cooling_degradation_2,2764,1789814728.7531269,2735.2,151.37,716.64,2.88,113.32,0.0314,9.71,14.06,14.28,30.0,0.0,25.0,cooling_degradation,0.83
fault_cooling_degradation_2,2765,1789814729.7531269,2723.1,151.2,713.84,2.83,113.21,0.0337,9.6,13.99,14.56,30.0,0.0,25.0,cooling_degradation,0.83
fault_cooling_degradation_2,2766,1789814730.7531269,2713.4,151.1,718.51,2.85,113.23,0.0378,9.61,14.02,14.62,30.0,0.0,25.0,cooling_degradation,0.83
fault_cooling_degradation_2,2767,1789814731.7531269,2716.7,150.91,710.08,2.81,113.07,0.0372,9.67,14.09,14.22,30.0,0.0,25.0,cooling_degradation,0.83
fault_cooling_degradation_2,2768,1789814732.7531269,2707.9,151.12,715.88,2.8,113.1,0.0369,9.64,14.05,14.12,30.0,0.0,25.0,cooling_degradation,0.83
fault_cooling_degradation_2,2769,1789814733.7531269,2736.6,151.09,714.52,2.77,113.12,0.0366,9.67,14.01,13.98,30.0,0.0,25.0,cooling_degradation,0.83
fault_cooling_degradation_2,2770,1789814734.7531269,2735.4,151.35,719.83,2.8,113.09,0.0351,9.81,13.98,14.39,30.0,0.0,25.0,cooling_degradation,0.83
fault_cooling_degradation_2,2771,1789814735.7531269,2745.8,151.47,716.36,2.85,113.06,0.0345,9.87,14.01,14.24,30.0,0.0,25.0,cooling_degradation,0.83
fault_cooling_degradation_2,2772,1789814736.7531269,2730.5,151.66,712.94,2.94,113.08,0.0223,9.87,14.08,14.51,30.0,0.0,25.0,cooling_degradation,0.83
fault_cooling_degradation_2,2773,1789814737.7531269,2723.8,151.94,719.88,2.88,113.05,0.0265,9.83,14.07,14.24,30.0,0.0,25.0,cooling_degradation,0.83
fault_cooling_degradation_2,2774,1789814738.7531269,2705.2,152.11,718.13,2.84,112.91,0.0245,9.89,14.15,14.57,30.0,0.0,25.0,cooling_degradation,0.83
fault_cooling_degradation_2,2775,1789814739.7531269,2696.2,152.19,716.4,2.84,113.02,0.0397,10.07,14.15,14.48,30.0,0.0,25.0,cooling_degradation,0.83
fault_cooling_degradation_2,2776,1789814740.7531269,2693.6,152.34,715.06,2.91,112.91,0.0401,10.04,14.13,14.7,30.0,0.0,25.0,cooling_degradation,0.83
fault_cooling_degradation_2,2777,1789814741.7531269,2701.4,152.45,712.78,3.02,112.9,0.0407,9.96,14.2,14.39,30.0,0.0,25.0,cooling_degradation,0.83
fault_cooling_degradation_2,2778,1789814742.7531269,2696.9,152.25,712.33,3.01,112.79,0.0435,9.97,14.29,14.26,30.0,0.0,25.0,cooling_degradation,0.83
fault_cooling_degradation_2,2779,1789814743.7531269,2704.4,152.12,712.61,2.95,112.86,0.047,9.91,14.31,14.16,30.0,0.0,25.0,cooling_degradation,0.83
fault_cooling_degradation_2,2780,1789814744.7531269,2712.6,151.94,713.86,2.95,113.06,0.0297,9.94,14.25,14.32,30.0,0.0,25.0,cooling_degradation,0.83
fault_cooling_degradation_2,2781,1789814745.7531269,2730.9,151.87,711.47,2.88,113.3,0.0293,10.06,14.15,14.53,30.0,0.0,25.0,cooling_degradation,0.83
fault_cooling_degradation_2,2782,1789814746.7531269,2727.5,151.9,713.48,2.94,113.33,0.0329,9.93,14.19,14.32,30.0,0.0,25.0,cooling_degradation,0.83
fault_cooling_degradation_2,2783,1789814747.7531269,2719.3,151.52,712.77,2.95,113.55,0.0375,10.06,14.15,14.35,30.0,0.0,25.0,cooling_degradation,0.83
fault_cooling_degradation_2,2784,1789814748.7531269,2719.4,151.76,715.58,2.88,113.65,0.035,10.07,14.22,14.18,30.0,0.0,25.0,cooling_degradation,0.83
fault_cooling_degradation_2,2785,1789814749.7531269,2700.1,151.62,710.41,2.79,113.54,0.0341,10.2,14.28,14.99,30.0,0.0,25.0,cooling_degradation,0.83
fault_cooling_degradation_2,2786,1789814750.7531269,2702.6,151.64,714.98,2.83,113.49,0.0384,10.31,14.33,14.75,30.0,0.0,25.0,cooling_degradation,0.83
fault_cooling_degradation_2,2787,1789814751.7531269,2718.1,152.05,715.95,2.93,113.31,0.0392,10.35,14.26,14.61,30.0,0.0,25.0,cooling_degradation,0.83
fault_cooling_degradation_2,2788,1789814752.7531269,2703.7,152.24,715.92,2.96,113.42,0.0425,10.33,14.31,14.37,30.0,0.0,25.0,cooling_degradation,0.83
fault_cooling_degradation_2,2789,1789814753.7531269,2693.0,152.06,713.86,2.97,113.59,0.0338,10.24,14.27,14.48,30.0,0.0,25.0,cooling_degradation,0.83
fault_cooling_degradation_2,2790,1789814754.7531269,2685.5,152.03,710.07,2.91,113.63,0.0396,10.21,14.19,14.44,30.0,0.0,25.0,cooling_degradation,0.83
fault_cooling_degradation_2,2791,1789814755.7531269,2696.2,152.14,705.93,2.85,113.75,0.0483,10.2,14.23,14.13,30.0,0.0,25.0,cooling_degradation,0.83
fault_cooling_degradation_2,2792,1789814756.7531269,2698.3,152.04,710.08,2.8,113.63,0.0478,10.03,14.18,14.29,30.0,0.0,25.0,cooling_degradation,0.83
fault_cooling_degradation_2,2793,1789814757.7531269,2707.5,152.11,713.28,2.81,113.81,0.0378,10.0,14.21,14.35,30.0,0.0,25.0,cooling_degradation,0.83
fault_cooling_degradation_2,2794,1789814758.7531269,2733.8,151.91,718.89,2.8,113.9,0.0312,9.84,14.13,14.39,30.0,0.0,25.0,cooling_degradation,0.83
fault_cooling_degradation_2,2795,1789814759.7531269,2728.2,152.28,717.93,2.86,114.0,0.0377,9.84,14.14,14.54,30.0,0.0,25.0,cooling_degradation,0.83
fault_cooling_degradation_2,2796,1789814760.7531269,2738.5,152.23,714.73,2.8,113.98,0.0405,9.9,14.09,14.49,30.0,0.0,25.0,cooling_degradation,0.83
fault_cooling_degradation_2,2797,1789814761.7531269,2747.0,151.84,719.71,2.85,113.84,0.0383,9.97,14.09,14.75,30.0,0.0,25.0,cooling_degradation,0.83
fault_cooling_degradation_2,2798,1789814762.7531269,2753.4,151.89,715.21,2.94,113.83,0.0317,9.96,14.06,14.55,30.0,0.0,25.0,cooling_degradation,0.83
fault_cooling_degradation_2,2799,1789814763.7531269,2736.0,151.85,713.37,2.95,113.95,0.0255,10.04,14.06,14.76,30.0,0.0,25.0,cooling_degradation,0.83
fault_cooling_degradation_2,2800,1789814764.7531269,2725.0,151.66,706.3,2.89,114.05,0.0333,10.1,14.07,14.61,30.0,0.0,25.0,cooling_degradation,0.83
fault_cooling_degradation_2,2801,1789814765.7531269,2721.4,151.92,703.18,2.87,114.11,0.0241,10.07,14.06,14.83,30.0,0.0,25.0,cooling_degradation,0.83
fault_cooling_degradation_2,2802,1789814766.7531269,2709.7,152.0,707.75,2.84,114.12,0.0346,9.96,14.02,14.69,30.0,0.0,25.0,cooling_degradation,0.83
fault_cooling_degradation_2,2803,1789814767.7531269,2711.0,152.29,709.38,2.84,114.13,0.0329,9.99,14.13,14.47,30.0,0.0,25.0,cooling_degradation,0.83
fault_cooling_degradation_2,2804,1789814768.7531269,2695.2,152.11,710.55,2.91,114.15,0.0315,9.89,14.03,14.81,30.0,0.0,25.0,cooling_degradation,0.83
fault_cooling_degradation_2,2805,1789814769.7531269,2715.2,151.92,711.99,2.91,114.22,0.0343,9.93,14.05,14.72,30.0,0.0,25.0,cooling_degradation,0.83
fault_cooling_degradation_2,2806,1789814770.7531269,2696.4,151.78,712.92,2.89,114.27,0.0383,9.88,14.18,14.28,30.0,0.0,25.0,cooling_degradation,0.83
fault_cooling_degradation_2,2807,1789814771.7531269,2698.9,151.84,711.89,2.82,114.5,0.0332,9.9,14.18,14.57,30.0,0.0,25.0,cooling_degradation,0.83
fault_cooling_degradation_2,2808,1789814772.7531269,2670.1,151.72,711.51,2.84,114.41,0.038,9.85,14.12,14.38,30.0,0.0,25.0,cooling_degradation,0.83
fault_cooling_degradation_2,2809,1789814773.7531269,2660.2,151.67,706.1,2.89,114.35,0.0351,9.86,14.14,14.92,30.0,0.0,25.0,cooling_degradation,0.83
fault_cooling_degradation_2,2810,1789814774.7531269,2675.6,151.85,705.2,2.88,114.29,0.0299,9.9,14.13,14.42,30.0,0.0,25.0,cooling_degradation,0.83
fault_cooling_degradation_2,2811,1789814775.7531269,2686.6,152.1,704.44,2.89,114.4,0.0318,9.93,14.05,14.26,30.0,0.0,25.0,cooling_degradation,0.83
fault_cooling_degradation_2,2812,1789814776.7531269,2699.7,152.21,711.9,2.95,114.47,0.0352,9.89,14.15,14.1,30.0,0.0,25.0,cooling_degradation,0.83
fault_cooling_degradation_2,2813,1789814777.7531269,2686.0,152.28,712.55,2.9,114.55,0.0392,9.95,14.15,13.98,30.0,0.0,25.0,cooling_degradation,0.83
fault_cooling_degradation_2,2814,1789814778.7531269,2689.2,152.44,714.45,2.96,114.41,0.0406,9.76,14.18,13.95,30.0,0.0,25.0,cooling_degradation,0.83
fault_cooling_degradation_2,2815,1789814779.7531269,2681.1,152.22,711.72,2.98,114.33,0.0436,9.69,14.11,13.94,30.0,0.0,25.0,cooling_degradation,0.83
fault_cooling_degradation_2,2816,1789814780.7531269,2664.9,151.68,704.56,3.0,114.16,0.0358,9.65,14.13,13.87,30.0,0.0,25.0,cooling_degradation,0.83
fault_cooling_degradation_2,2817,1789814781.7531269,2691.3,151.74,704.65,2.93,114.04,0.0334,9.83,14.1,14.42,30.0,0.0,25.0,cooling_degradation,0.83
fault_cooling_degradation_2,2818,1789814782.7531269,2717.1,152.23,710.26,2.94,114.14,0.0352,9.91,14.09,14.14,30.0,0.0,25.0,cooling_degradation,0.83
fault_cooling_degradation_2,2819,1789814783.7531269,2697.1,151.9,714.15,2.9,114.08,0.0347,9.92,14.14,14.44,30.0,0.0,25.0,cooling_degradation,0.83
fault_cooling_degradation_2,2820,1789814784.7531269,2707.1,151.94,710.91,2.87,114.03,0.0328,9.86,14.21,14.3,30.0,0.0,25.0,cooling_degradation,0.83
fault_cooling_degradation_2,2821,1789814785.7531269,2721.3,151.74,713.95,2.91,114.02,0.0284,9.81,14.26,14.38,30.0,0.0,25.0,cooling_degradation,0.83
fault_cooling_degradation_2,2822,1789814786.7531269,2709.8,151.79,711.97,2.89,114.06,0.0265,9.95,14.35,14.49,30.0,0.0,25.0,cooling_degradation,0.83
fault_cooling_degradation_2,2823,1789814787.7531269,2686.8,151.76,716.37,2.92,114.04,0.0386,10.08,14.26,14.58,30.0,0.0,25.0,cooling_degradation,0.83
fault_cooling_degradation_2,2824,1789814788.7531269,2687.0,151.78,715.29,2.88,114.06,0.0364,10.23,14.16,14.6,30.0,0.0,25.0,cooling_degradation,0.83
fault_cooling_degradation_2,2825,1789814789.7531269,2713.1,151.7,713.57,2.9,113.99,0.0423,10.06,14.22,14.49,30.0,0.0,25.0,cooling_degradation,0.83
fault_cooling_degradation_2,2826,1789814790.7531269,2719.1,151.68,714.62,2.93,113.82,0.0378,10.06,14.26,14.54,30.0,0.0,25.0,cooling_degradation,0.83
fault_cooling_degradation_2,2827,1789814791.7531269,2734.1,151.99,720.6,2.9,113.85,0.0359,10.02,14.3,14.23,30.0,0.0,25.0,cooling_degradation,0.83
fault_cooling_degradation_2,2828,1789814792.7531269,2754.3,152.04,713.84,3.04,113.73,0.0377,10.0,14.35,14.42,30.0,0.0,25.0,cooling_degradation,0.83
fault_cooling_degradation_2,2829,1789814793.7531269,2756.0,152.11,715.38,2.92,113.66,0.0325,10.11,14.37,14.46,30.0,0.0,25.0,cooling_degradation,0.83
fault_cooling_degradation_2,2830,1789814794.7531269,2748.0,151.98,709.25,2.95,113.9,0.0355,10.14,14.35,14.87,30.0,0.0,25.0,cooling_degradation,0.83
fault_cooling_degradation_2,2831,1789814795.7531269,2754.3,151.71,713.65,2.93,113.93,0.0383,10.08,14.26,14.66,30.0,0.0,25.0,cooling_degradation,0.83
fault_cooling_degradation_2,2832,1789814796.7531269,2743.7,151.57,716.03,2.87,113.93,0.0479,9.96,14.26,14.49,30.0,0.0,25.0,cooling_degradation,0.83
fault_cooling_degradation_2,2833,1789814797.7531269,2721.6,151.13,717.19,2.91,113.8,0.0477,10.04,14.23,14.34,30.0,0.0,25.0,cooling_degradation,0.83
fault_cooling_degradation_2,2834,1789814798.7531269,2725.6,151.06,716.68,2.93,113.77,0.0476,9.97,14.3,14.76,30.0,0.0,25.0,cooling_degradation,0.83
fault_cooling_degradation_2,2835,1789814799.7531269,2737.7,151.29,709.29,3.0,113.81,0.0339,10.08,14.36,14.75,30.0,0.0,25.0,cooling_degradation,0.83
fault_cooling_degradation_2,2836,1789814800.7531269,2762.5,151.48,713.87,3.11,113.81,0.0324,10.03,14.32,14.68,30.0,0.0,25.0,cooling_degradation,0.83
fault_cooling_degradation_2,2837,1789814801.7531269,2763.8,151.63,714.7,3.12,113.98,0.0382,9.95,14.24,14.44,30.0,0.0,25.0,cooling_degradation,0.83
fault_cooling_degradation_2,2838,1789814802.7531269,2746.6,151.83,717.7,3.07,113.87,0.0377,9.96,14.24,14.3,30.0,0.0,25.0,cooling_degradation,0.83
fault_cooling_degradation_2,2839,1789814803.7531269,2727.7,151.66,715.95,2.98,114.04,0.0393,9.96,14.21,14.57,30.0,0.0,25.0,cooling_degradation,0.83
fault_cooling_degradation_2,2840,1789814804.7531269,2740.6,151.87,712.93,2.91,114.12,0.037,10.03,14.22,14.18,30.0,0.0,25.0,cooling_degradation,0.83
fault_cooling_degradation_2,2841,1789814805.7531269,2770.9,152.01,715.03,2.88,113.96,0.0339,9.98,14.21,14.61,30.0,0.0,25.0,cooling_degradation,0.83
fault_cooling_degradation_2,2842,1789814806.7531269,2756.6,151.75,717.67,2.89,114.09,0.0295,10.07,14.23,14.2,30.0,0.0,25.0,cooling_degradation,0.83
fault_cooling_degradation_2,2843,1789814807.7531269,2734.5,151.84,716.63,2.91,114.21,0.0305,10.14,14.31,14.87,30.0,0.0,25.0,cooling_degradation,0.83
fault_cooling_degradation_2,2844,1789814808.7531269,2760.7,151.93,720.52,2.97,114.08,0.0374,10.19,14.33,14.39,30.0,0.0,25.0,cooling_degradation,0.83
fault_cooling_degradation_2,2845,1789814809.7531269,2751.5,151.92,720.35,3.02,114.08,0.0388,10.34,14.38,14.2,30.0,0.0,25.0,cooling_degradation,0.83
fault_cooling_degradation_2,2846,1789814810.7531269,2747.2,151.79,719.49,3.0,113.96,0.0445,10.2,14.31,14.08,30.0,0.0,25.0,cooling_degradation,0.83
fault_cooling_degradation_2,2847,1789814811.7531269,2767.7,151.83,723.7,2.9,113.94,0.0454,10.21,14.34,14.35,30.0,0.0,25.0,cooling_degradation,0.83
fault_cooling_degradation_2,2848,1789814812.7531269,2758.8,151.77,720.1,3.01,114.02,0.0484,10.09,14.27,14.11,30.0,0.0,25.0,cooling_degradation,0.83
fault_cooling_degradation_2,2849,1789814813.7531269,2732.4,151.88,716.86,2.84,113.91,0.0355,10.08,14.31,14.17,30.0,0.0,25.0,cooling_degradation,0.83
fault_cooling_degradation_2,2850,1789814814.7531269,2740.6,152.01,714.3,2.83,113.74,0.0322,10.17,14.35,14.05,30.0,0.0,25.0,cooling_degradation,0.83
fault_cooling_degradation_2,2851,1789814815.7531269,2731.7,151.86,714.05,2.93,113.84,0.0305,10.25,14.34,14.26,30.0,0.0,25.0,cooling_degradation,0.83
fault_cooling_degradation_2,2852,1789814816.7531269,2687.1,152.02,710.8,2.89,113.89,0.0337,10.09,14.3,14.47,30.0,0.0,25.0,cooling_degradation,0.83
fault_cooling_degradation_2,2853,1789814817.7531269,2715.2,151.83,708.18,2.88,113.86,0.037,9.92,14.23,14.47,30.0,0.0,25.0,cooling_degradation,0.83
fault_cooling_degradation_2,2854,1789814818.7531269,2703.9,151.93,706.48,2.91,113.85,0.0314,10.17,14.32,14.61,30.0,0.0,25.0,cooling_degradation,0.83
fault_cooling_degradation_2,2855,1789814819.7531269,2709.7,151.93,704.63,2.91,113.81,0.0327,10.16,14.33,14.59,30.0,0.0,25.0,cooling_degradation,0.83
fault_cooling_degradation_2,2856,1789814820.7531269,2724.1,151.89,710.84,2.95,113.81,0.0282,10.11,14.32,14.36,30.0,0.0,25.0,cooling_degradation,0.83
fault_cooling_degradation_2,2857,1789814821.7531269,2710.7,151.67,707.86,2.9,113.72,0.0275,10.27,14.38,14.53,30.0,0.0,25.0,cooling_degradation,0.83
fault_cooling_degradation_2,2858,1789814822.7531269,2730.2,151.5,712.8,2.86,113.57,0.0234,10.25,14.35,14.47,30.0,0.0,25.0,cooling_degradation,0.83
fault_cooling_degradation_2,2859,1789814823.7531269,2739.9,151.54,709.21,2.86,113.57,0.0253,10.37,14.35,14.3,30.0,0.0,25.0,cooling_degradation,0.83
fault_cooling_degradation_2,2860,1789814824.7531269,2724.2,151.41,709.93,2.92,113.7,0.0325,10.19,14.37,14.37,30.0,0.0,25.0,cooling_degradation,0.83
fault_cooling_degradation_2,2861,1789814825.7531269,2736.3,151.6,712.52,2.94,113.85,0.0314,9.99,14.28,14.27,30.0,0.0,25.0,cooling_degradation,0.83
fault_cooling_degradation_2,2862,1789814826.7531269,2742.6,151.39,709.5,2.92,114.03,0.0301,9.86,14.32,13.92,30.0,0.0,25.0,cooling_degradation,0.83
fault_cooling_degradation_2,2863,1789814827.7531269,2750.0,151.12,711.1,2.96,114.02,0.0385,9.81,14.29,14.0,30.0,0.0,25.0,cooling_degradation,0.83
fault_cooling_degradation_2,2864,1789814828.7531269,2766.0,151.39,715.97,2.96,114.01,0.0394,9.93,14.26,14.46,30.0,0.0,25.0,cooling_degradation,0.83
fault_cooling_degradation_2,2865,1789814829.7531269,2761.2,151.42,713.42,2.97,114.18,0.0294,9.74,14.26,14.3,30.0,0.0,25.0,cooling_degradation,0.83
fault_cooling_degradation_2,2866,1789814830.7531269,2759.3,151.76,712.35,2.93,114.12,0.0313,9.8,14.26,14.24,30.0,0.0,25.0,cooling_degradation,0.83
fault_cooling_degradation_2,2867,1789814831.7531269,2755.7,151.37,716.25,2.92,113.83,0.0321,9.74,14.24,14.18,30.0,0.0,25.0,cooling_degradation,0.83
fault_cooling_degradation_2,2868,1789814832.7531269,2777.5,151.17,716.48,2.89,113.71,0.043,9.83,14.33,14.56,30.0,0.0,25.0,cooling_degradation,0.83
fault_cooling_degradation_2,2869,1789814833.7531269,2769.7,151.36,719.4,2.91,113.75,0.0399,9.86,14.27,14.7,30.0,0.0,25.0,cooling_degradation,0.83
fault_cooling_degradation_2,2870,1789814834.7531269,2761.7,151.69,717.37,2.96,113.75,0.0399,9.88,14.19,14.58,30.0,0.0,25.0,cooling_degradation,0.83
fault_cooling_degradation_2,2871,1789814835.7531269,2778.2,151.86,713.95,2.91,113.63,0.0371,10.02,14.25,14.72,30.0,0.0,25.0,cooling_degradation,0.83
fault_cooling_degradation_2,2872,1789814836.7531269,2754.8,151.61,714.75,2.9,113.64,0.0376,9.95,14.22,14.48,30.0,0.0,25.0,cooling_degradation,0.83
fault_cooling_degradation_2,2873,1789814837.7531269,2776.2,151.72,714.89,2.93,113.77,0.0376,9.8,14.22,14.29,30.0,0.0,25.0,cooling_degradation,0.83
fault_cooling_degradation_2,2874,1789814838.7531269,2797.6,151.53,715.67,2.93,113.85,0.0409,9.83,14.18,14.38,30.0,0.0,25.0,cooling_degradation,0.83
fault_cooling_degradation_2,2875,1789814839.7531269,2781.5,151.59,710.66,2.93,113.83,0.0399,9.83,14.24,14.65,30.0,0.0,25.0,cooling_degradation,0.83
fault_cooling_degradation_2,2876,1789814840.7531269,2737.9,151.98,710.49,3.0,113.74,0.036,9.89,14.24,14.87,30.0,0.0,25.0,cooling_degradation,0.83
fault_cooling_degradation_2,2877,1789814841.7531269,2735.3,152.05,707.26,2.93,113.8,0.0337,9.97,14.23,14.59,30.0,0.0,25.0,cooling_degradation,0.83
fault_cooling_degradation_2,2878,1789814842.7531269,2713.3,152.3,712.68,2.84,113.83,0.0411,10.06,14.23,14.29,30.0,0.0,25.0,cooling_degradation,0.83
fault_cooling_degradation_2,2879,1789814843.7531269,2713.1,152.14,710.27,2.86,113.86,0.0423,9.96,14.27,14.23,30.0,0.0,25.0,cooling_degradation,0.83
fault_cooling_degradation_2,2880,1789814844.7531269,2706.7,152.0,710.02,2.96,113.86,0.0403,9.99,14.28,14.4,30.0,0.0,25.0,cooling_degradation,0.83
fault_cooling_degradation_2,2881,1789814845.7531269,2690.5,151.98,713.48,2.97,113.97,0.044,9.8,14.2,14.52,30.0,0.0,25.0,cooling_degradation,0.83
fault_cooling_degradation_2,2882,1789814846.7531269,2671.6,151.64,714.75,2.96,113.94,0.0371,9.77,14.18,14.32,30.0,0.0,25.0,cooling_degradation,0.83
fault_cooling_degradation_2,2883,1789814847.7531269,2681.2,151.99,717.39,2.89,113.9,0.0347,9.85,14.22,14.73,30.0,0.0,25.0,cooling_degradation,0.83
fault_cooling_degradation_2,2884,1789814848.7531269,2658.1,152.11,718.8,2.94,113.85,0.0403,9.92,14.2,14.37,30.0,0.0,25.0,cooling_degradation,0.83
fault_cooling_degradation_2,2885,1789814849.7531269,2672.5,152.2,717.04,2.9,113.89,0.0443,9.85,14.2,14.39,30.0,0.0,25.0,cooling_degradation,0.83
fault_cooling_degradation_2,2886,1789814850.7531269,2686.9,152.14,719.96,2.9,113.88,0.0413,9.86,14.24,14.5,30.0,0.0,25.0,cooling_degradation,0.83
fault_cooling_degradation_2,2887,1789814851.7531269,2712.3,152.32,717.76,2.8,113.77,0.0413,9.9,14.25,14.41,30.0,0.0,25.0,cooling_degradation,0.83
fault_cooling_degradation_2,2888,1789814852.7531269,2698.0,151.87,712.54,2.89,113.85,0.0327,9.93,14.33,14.4,30.0,0.0,25.0,cooling_degradation,0.83
fault_cooling_degradation_2,2889,1789814853.7531269,2705.0,151.96,714.29,2.79,113.86,0.0217,9.92,14.37,14.3,30.0,0.0,25.0,cooling_degradation,0.83
fault_cooling_degradation_2,2890,1789814854.7531269,2713.5,151.84,717.59,2.85,113.91,0.0292,9.94,14.25,14.47,30.0,0.0,25.0,cooling_degradation,0.83
fault_cooling_degradation_2,2891,1789814855.7531269,2707.6,151.99,714.3,2.85,113.96,0.0339,10.0,14.34,14.6,30.0,0.0,25.0,cooling_degradation,0.83
fault_cooling_degradation_2,2892,1789814856.7531269,2707.4,152.17,712.54,2.9,113.94,0.0312,9.94,14.37,14.37,30.0,0.0,25.0,cooling_degradation,0.83
fault_cooling_degradation_2,2893,1789814857.7531269,2683.9,152.19,713.33,2.85,114.03,0.0335,10.05,14.36,14.45,30.0,0.0,25.0,cooling_degradation,0.83
fault_cooling_degradation_2,2894,1789814858.7531269,2708.3,151.9,711.0,2.88,113.98,0.0446,10.12,14.29,14.39,30.0,0.0,25.0,cooling_degradation,0.83
fault_cooling_degradation_2,2895,1789814859.7531269,2708.8,151.85,707.36,2.83,113.88,0.0392,9.99,14.28,14.31,30.0,0.0,25.0,cooling_degradation,0.83
fault_cooling_degradation_2,2896,1789814860.7531269,2707.1,151.65,710.14,2.83,113.77,0.0381,10.06,14.24,14.51,30.0,0.0,25.0,cooling_degradation,0.83
fault_cooling_degradation_2,2897,1789814861.7531269,2711.7,152.0,712.78,2.85,113.68,0.0373,9.86,14.27,14.64,30.0,0.0,25.0,cooling_degradation,0.83
fault_cooling_degradation_2,2898,1789814862.7531269,2721.6,152.18,715.13,2.82,113.71,0.0368,9.86,14.33,14.65,30.0,0.0,25.0,cooling_degradation,0.83
fault_cooling_degradation_2,2899,1789814863.7531269,2744.7,152.09,718.16,2.8,113.64,0.0334,9.83,14.29,14.39,30.0,0.0,25.0,cooling_degradation,0.83
fault_cooling_degradation_2,2900,1789814864.7531269,2726.5,152.12,717.41,2.85,113.81,0.0469,9.72,14.27,14.08,30.0,0.0,25.0,cooling_degradation,0.83
fault_cooling_degradation_2,2901,1789814865.7531269,2736.0,152.19,717.74,2.84,113.98,0.0348,9.94,14.18,14.16,30.0,0.0,25.0,cooling_degradation,0.83
fault_cooling_degradation_2,2902,1789814866.7531269,2753.8,151.97,718.55,2.98,113.9,0.0246,9.98,14.16,14.3,30.0,0.0,25.0,cooling_degradation,0.83
fault_cooling_degradation_2,2903,1789814867.7531269,2733.3,151.63,716.21,3.0,113.8,0.0267,10.08,14.15,14.42,30.0,0.0,25.0,cooling_degradation,0.83
fault_cooling_degradation_2,2904,1789814868.7531269,2732.7,151.53,720.66,3.11,113.86,0.0251,10.09,14.17,14.48,30.0,0.0,25.0,cooling_degradation,0.83
fault_cooling_degradation_2,2905,1789814869.7531269,2691.2,151.84,722.75,3.03,113.78,0.0283,10.03,14.06,14.5,30.0,0.0,25.0,cooling_degradation,0.83
fault_cooling_degradation_2,2906,1789814870.7531269,2692.0,151.65,721.13,2.97,113.79,0.027,10.08,14.11,14.45,30.0,0.0,25.0,cooling_degradation,0.83
fault_cooling_degradation_2,2907,1789814871.7531269,2696.7,151.38,716.61,2.95,113.65,0.0359,9.99,14.17,14.67,30.0,0.0,25.0,cooling_degradation,0.83
fault_cooling_degradation_2,2908,1789814872.7531269,2692.9,151.57,711.69,2.84,113.59,0.0358,9.95,14.13,14.2,30.0,0.0,25.0,cooling_degradation,0.83
fault_cooling_degradation_2,2909,1789814873.7531269,2726.1,151.74,714.17,2.86,113.78,0.0368,10.03,14.11,14.35,30.0,0.0,25.0,cooling_degradation,0.83
fault_cooling_degradation_2,2910,1789814874.7531269,2703.4,151.77,715.38,2.9,113.94,0.0377,10.03,14.09,14.25,30.0,0.0,25.0,cooling_degradation,0.83
fault_cooling_degradation_2,2911,1789814875.7531269,2711.3,151.71,718.81,2.88,113.99,0.0381,10.21,14.05,14.42,30.0,0.0,25.0,cooling_degradation,0.83
fault_cooling_degradation_2,2912,1789814876.7531269,2733.8,152.06,722.06,2.89,113.96,0.033,10.37,14.05,14.49,30.0,0.0,25.0,cooling_degradation,0.83
fault_cooling_degradation_2,2913,1789814877.7531269,2743.7,152.32,722.63,3.01,114.02,0.0358,10.2,14.05,14.26,30.0,0.0,25.0,cooling_degradation,0.83
fault_cooling_degradation_2,2914,1789814878.7531269,2717.8,152.2,726.2,3.07,113.85,0.0313,10.33,14.07,14.37,30.0,0.0,25.0,cooling_degradation,0.83
fault_cooling_degradation_2,2915,1789814879.7531269,2705.2,152.3,724.14,3.09,113.88,0.035,10.31,14.02,14.49,30.0,0.0,25.0,cooling_degradation,0.83
fault_cooling_degradation_2,2916,1789814880.7531269,2713.2,152.06,716.4,3.12,113.93,0.0292,10.39,14.06,14.46,30.0,0.0,25.0,cooling_degradation,0.83
fault_cooling_degradation_2,2917,1789814881.7531269,2721.4,152.0,716.63,3.04,113.97,0.0354,10.06,14.11,14.53,30.0,0.0,25.0,cooling_degradation,0.83
fault_cooling_degradation_2,2918,1789814882.7531269,2718.4,152.18,712.26,2.92,113.98,0.0364,9.97,14.04,14.52,30.0,0.0,25.0,cooling_degradation,0.83
fault_cooling_degradation_2,2919,1789814883.7531269,2721.2,151.91,713.72,2.94,114.11,0.0333,9.9,13.98,14.62,30.0,0.0,25.0,cooling_degradation,0.83
fault_cooling_degradation_2,2920,1789814884.7531269,2700.4,151.96,715.39,2.86,114.11,0.0304,10.0,13.97,14.39,30.0,0.0,25.0,cooling_degradation,0.83
fault_cooling_degradation_2,2921,1789814885.7531269,2709.3,152.04,720.81,2.88,114.17,0.0387,9.99,13.99,14.55,30.0,0.0,25.0,cooling_degradation,0.83
fault_cooling_degradation_2,2922,1789814886.7531269,2731.6,151.98,718.54,2.87,114.1,0.0441,10.13,13.98,14.48,30.0,0.0,25.0,cooling_degradation,0.83
fault_cooling_degradation_2,2923,1789814887.7531269,2748.3,152.17,716.99,2.86,114.02,0.0489,10.11,14.01,14.32,30.0,0.0,25.0,cooling_degradation,0.83
fault_cooling_degradation_2,2924,1789814888.7531269,2734.0,152.24,715.08,2.8,113.89,0.0373,10.06,13.99,14.03,30.0,0.0,25.0,cooling_degradation,0.83
fault_cooling_degradation_2,2925,1789814889.7531269,2758.7,152.25,713.98,2.8,113.76,0.0416,10.11,14.0,14.53,30.0,0.0,25.0,cooling_degradation,0.83
fault_cooling_degradation_2,2926,1789814890.7531269,2739.5,152.15,715.93,2.87,113.75,0.0336,10.21,13.93,14.74,30.0,0.0,25.0,cooling_degradation,0.83
fault_cooling_degradation_2,2927,1789814891.7531269,2740.4,152.16,721.11,2.84,113.99,0.0312,10.3,13.87,14.41,30.0,0.0,25.0,cooling_degradation,0.83
fault_cooling_degradation_2,2928,1789814892.7531269,2756.6,152.25,720.57,2.93,114.05,0.0258,10.18,13.95,14.25,30.0,0.0,25.0,cooling_degradation,0.83
fault_cooling_degradation_2,2929,1789814893.7531269,2725.9,151.99,720.53,2.94,114.11,0.0255,10.14,13.99,14.32,30.0,0.0,25.0,cooling_degradation,0.83
fault_cooling_degradation_2,2930,1789814894.7531269,2703.1,151.89,725.7,2.91,114.01,0.0335,10.05,14.01,14.06,30.0,0.0,25.0,cooling_degradation,0.83
fault_cooling_degradation_2,2931,1789814895.7531269,2718.3,151.7,722.99,2.93,114.04,0.0401,9.91,14.03,14.14,30.0,0.0,25.0,cooling_degradation,0.83
fault_cooling_degradation_2,2932,1789814896.7531269,2694.1,151.78,718.42,2.92,113.98,0.0334,10.02,13.96,14.51,30.0,0.0,25.0,cooling_degradation,0.83
fault_cooling_degradation_2,2933,1789814897.7531269,2714.5,152.05,719.93,2.95,114.14,0.0262,10.02,14.06,14.47,30.0,0.0,25.0,cooling_degradation,0.83
fault_cooling_degradation_2,2934,1789814898.7531269,2725.9,152.28,718.8,2.98,114.18,0.0293,9.96,14.03,14.01,30.0,0.0,25.0,cooling_degradation,0.83
fault_cooling_degradation_2,2935,1789814899.7531269,2738.8,152.2,717.44,2.95,114.17,0.0348,10.08,13.98,14.01,30.0,0.0,25.0,cooling_degradation,0.83
fault_cooling_degradation_2,2936,1789814900.7531269,2735.7,152.19,722.9,2.86,113.93,0.0349,9.89,14.01,14.23,30.0,0.0,25.0,cooling_degradation,0.83
fault_cooling_degradation_2,2937,1789814901.7531269,2752.4,151.88,721.4,2.88,114.06,0.0337,10.02,13.95,14.48,30.0,0.0,25.0,cooling_degradation,0.83
fault_cooling_degradation_2,2938,1789814902.7531269,2759.7,152.02,723.5,2.84,114.11,0.0359,10.0,13.96,14.06,30.0,0.0,25.0,cooling_degradation,0.83
fault_cooling_degradation_2,2939,1789814903.7531269,2702.3,151.85,723.77,2.89,114.07,0.0366,9.9,13.97,14.38,30.0,0.0,25.0,cooling_degradation,0.83
fault_cooling_degradation_2,2940,1789814904.7531269,2692.0,152.07,721.63,2.82,114.07,0.0373,9.78,13.97,14.48,30.0,0.0,25.0,cooling_degradation,0.83
fault_cooling_degradation_2,2941,1789814905.7531269,2731.4,151.61,725.31,2.85,113.93,0.0317,9.8,14.02,14.3,30.0,0.0,25.0,cooling_degradation,0.83
fault_cooling_degradation_2,2942,1789814906.7531269,2718.4,151.72,722.11,2.77,113.88,0.0344,9.86,14.12,14.35,30.0,0.0,25.0,cooling_degradation,0.83
fault_cooling_degradation_2,2943,1789814907.7531269,2724.1,151.75,721.78,2.73,113.91,0.0226,9.73,14.13,14.28,30.0,0.0,25.0,cooling_degradation,0.83
fault_cooling_degradation_2,2944,1789814908.7531269,2730.6,151.85,724.55,2.68,113.82,0.0311,9.72,14.15,14.17,30.0,0.0,25.0,cooling_degradation,0.83
fault_cooling_degradation_2,2945,1789814909.7531269,2730.3,151.91,720.37,2.71,113.78,0.0373,9.65,14.16,13.98,30.0,0.0,25.0,cooling_degradation,0.83
fault_cooling_degradation_2,2946,1789814910.7531269,2703.7,151.72,719.07,2.75,113.75,0.0386,9.94,14.07,14.34,30.0,0.0,25.0,cooling_degradation,0.83
fault_cooling_degradation_2,2947,1789814911.7531269,2700.2,152.01,716.9,2.75,113.58,0.0368,10.02,14.17,14.49,30.0,0.0,25.0,cooling_degradation,0.83
fault_cooling_degradation_2,2948,1789814912.7531269,2698.3,151.99,713.35,2.79,113.45,0.038,10.08,14.1,13.97,30.0,0.0,25.0,cooling_degradation,0.83
fault_cooling_degradation_2,2949,1789814913.7531269,2709.6,151.9,711.64,2.76,113.55,0.0406,10.03,14.04,14.15,30.0,0.0,25.0,cooling_degradation,0.83
fault_cooling_degradation_2,2950,1789814914.7531269,2736.3,151.74,713.43,2.81,113.78,0.035,9.94,14.09,14.16,30.0,0.0,25.0,cooling_degradation,0.83
fault_cooling_degradation_2,2951,1789814915.7531269,2745.8,151.83,709.72,2.87,113.76,0.035,10.03,14.1,14.22,30.0,0.0,25.0,cooling_degradation,0.83
fault_cooling_degradation_2,2952,1789814916.7531269,2735.6,151.85,714.17,2.88,113.96,0.0336,10.09,14.12,14.07,30.0,0.0,25.0,cooling_degradation,0.83
fault_cooling_degradation_2,2953,1789814917.7531269,2715.1,152.14,717.19,2.82,113.92,0.0445,10.11,14.12,14.46,30.0,0.0,25.0,cooling_degradation,0.83
fault_cooling_degradation_2,2954,1789814918.7531269,2727.2,151.78,713.32,2.78,114.0,0.0452,9.9,14.08,14.32,30.0,0.0,25.0,cooling_degradation,0.83
fault_cooling_degradation_2,2955,1789814919.7531269,2712.1,151.96,712.64,2.76,114.14,0.0408,9.95,14.04,14.34,30.0,0.0,25.0,cooling_degradation,0.83
fault_cooling_degradation_2,2956,1789814920.7531269,2685.2,151.82,712.92,2.78,114.08,0.0353,10.12,14.07,14.6,30.0,0.0,25.0,cooling_degradation,0.83
fault_cooling_degradation_2,2957,1789814921.7531269,2688.3,151.72,708.49,2.81,114.09,0.0414,10.19,14.09,14.44,30.0,0.0,25.0,cooling_degradation,0.83
fault_cooling_degradation_2,2958,1789814922.7531269,2687.4,151.8,709.57,2.83,114.2,0.0321,10.14,14.11,14.72,30.0,0.0,25.0,cooling_degradation,0.83
fault_cooling_degradation_2,2959,1789814923.7531269,2681.8,151.99,709.96,2.82,114.12,0.0398,10.26,14.04,14.39,30.0,0.0,25.0,cooling_degradation,0.83
fault_cooling_degradation_2,2960,1789814924.7531269,2731.9,152.05,713.33,2.87,114.12,0.0366,10.17,14.05,14.26,30.0,0.0,25.0,cooling_degradation,0.83
fault_cooling_degradation_2,2961,1789814925.7531269,2753.5,152.23,713.3,2.84,114.12,0.0345,10.23,14.07,14.0,30.0,0.0,25.0,cooling_degradation,0.83
fault_cooling_degradation_2,2962,1789814926.7531269,2757.5,152.16,711.55,2.88,113.98,0.0393,10.35,14.13,13.85,30.0,0.0,25.0,cooling_degradation,0.83
fault_cooling_degradation_2,2963,1789814927.7531269,2736.6,151.84,716.36,2.89,114.06,0.0377,10.28,14.15,13.96,30.0,0.0,25.0,cooling_degradation,0.83
fault_cooling_degradation_2,2964,1789814928.7531269,2737.2,151.66,716.97,2.91,114.1,0.0349,10.27,14.22,14.49,30.0,0.0,25.0,cooling_degradation,0.83
fault_cooling_degradation_2,2965,1789814929.7531269,2753.5,151.99,719.89,2.88,114.11,0.0362,10.22,14.34,14.33,30.0,0.0,25.0,cooling_degradation,0.83
fault_cooling_degradation_2,2966,1789814930.7531269,2734.8,151.91,726.74,2.87,114.09,0.0448,10.15,14.32,14.3,30.0,0.0,25.0,cooling_degradation,0.83
fault_cooling_degradation_2,2967,1789814931.7531269,2718.1,151.77,720.97,2.84,114.01,0.0444,10.09,14.31,14.42,30.0,0.0,25.0,cooling_degradation,0.83
fault_cooling_degradation_2,2968,1789814932.7531269,2736.5,151.8,717.48,2.86,113.92,0.0385,9.89,14.34,14.74,30.0,0.0,25.0,cooling_degradation,0.83
fault_cooling_degradation_2,2969,1789814933.7531269,2745.7,151.65,717.26,2.89,113.88,0.0349,9.75,14.25,14.17,30.0,0.0,25.0,cooling_degradation,0.83
fault_cooling_degradation_2,2970,1789814934.7531269,2742.6,151.25,715.09,2.81,114.04,0.036,9.79,14.22,14.0,30.0,0.0,25.0,cooling_degradation,0.83
fault_cooling_degradation_2,2971,1789814935.7531269,2741.1,151.58,714.61,2.83,113.91,0.039,9.74,14.12,14.06,30.0,0.0,25.0,cooling_degradation,0.83
fault_cooling_degradation_2,2972,1789814936.7531269,2719.7,151.97,721.24,2.86,113.59,0.0437,10.06,14.08,14.09,30.0,0.0,25.0,cooling_degradation,0.83
fault_cooling_degradation_2,2973,1789814937.7531269,2722.9,151.76,719.01,2.78,113.79,0.0499,10.06,14.02,14.53,30.0,0.0,25.0,cooling_degradation,0.83
fault_cooling_degradation_2,2974,1789814938.7531269,2704.1,151.91,719.13,2.89,113.94,0.048,9.93,14.04,14.51,30.0,0.0,25.0,cooling_degradation,0.83
fault_cooling_degradation_2,2975,1789814939.7531269,2704.7,151.67,722.63,2.91,113.85,0.0441,9.93,14.07,14.79,30.0,0.0,25.0,cooling_degradation,0.83
fault_cooling_degradation_2,2976,1789814940.7531269,2754.0,151.63,724.37,2.93,113.7,0.0354,9.83,14.11,14.62,30.0,0.0,25.0,cooling_degradation,0.83
fault_cooling_degradation_2,2977,1789814941.7531269,2743.6,151.85,718.01,2.87,113.9,0.0401,9.96,14.09,14.2,30.0,0.0,25.0,cooling_degradation,0.83
fault_cooling_degradation_2,2978,1789814942.7531269,2731.7,151.87,720.52,2.91,113.96,0.0468,10.05,14.18,14.58,30.0,0.0,25.0,cooling_degradation,0.83
fault_cooling_degradation_2,2979,1789814943.7531269,2752.1,151.77,721.12,2.88,114.15,0.0329,9.91,14.14,14.49,30.0,0.0,25.0,cooling_degradation,0.83
fault_cooling_degradation_2,2980,1789814944.7531269,2737.7,151.79,721.32,2.83,114.16,0.0307,9.91,14.15,14.27,30.0,0.0,25.0,cooling_degradation,0.83
fault_cooling_degradation_2,2981,1789814945.7531269,2732.2,151.85,719.12,2.91,114.17,0.0333,10.04,14.19,14.33,30.0,0.0,25.0,cooling_degradation,0.83
fault_cooling_degradation_2,2982,1789814946.7531269,2722.6,151.85,709.99,2.84,114.02,0.037,10.07,14.25,14.48,30.0,0.0,25.0,cooling_degradation,0.83
fault_cooling_degradation_2,2983,1789814947.7531269,2716.8,151.53,707.86,2.94,113.75,0.0446,10.21,14.21,14.2,30.0,0.0,25.0,cooling_degradation,0.83
fault_cooling_degradation_2,2984,1789814948.7531269,2721.7,151.16,705.53,2.98,113.75,0.0424,10.27,14.14,14.43,30.0,0.0,25.0,cooling_degradation,0.83
fault_cooling_degradation_2,2985,1789814949.7531269,2699.7,151.46,707.13,2.96,113.79,0.0391,10.14,14.15,14.42,30.0,0.0,25.0,cooling_degradation,0.83
fault_cooling_degradation_2,2986,1789814950.7531269,2683.3,151.26,707.22,2.98,114.13,0.0367,10.08,14.19,14.3,30.0,0.0,25.0,cooling_degradation,0.83
fault_cooling_degradation_2,2987,1789814951.7531269,2686.2,151.55,709.66,3.02,114.11,0.0408,10.19,14.12,14.45,30.0,0.0,25.0,cooling_degradation,0.83
fault_cooling_degradation_2,2988,1789814952.7531269,2693.0,151.59,703.95,2.97,114.16,0.0487,10.14,14.12,14.39,30.0,0.0,25.0,cooling_degradation,0.83
fault_cooling_degradation_2,2989,1789814953.7531269,2703.9,151.76,702.57,2.92,114.08,0.0493,9.82,14.12,14.58,30.0,0.0,25.0,cooling_degradation,0.83
fault_cooling_degradation_2,2990,1789814954.7531269,2710.6,151.61,708.55,2.92,114.2,0.0512,9.89,14.09,14.14,30.0,0.0,25.0,cooling_degradation,0.83
fault_cooling_degradation_2,2991,1789814955.7531269,2714.7,151.63,706.59,2.91,114.11,0.0473,9.85,14.12,14.38,30.0,0.0,25.0,cooling_degradation,0.83
fault_cooling_degradation_2,2992,1789814956.7531269,2696.4,151.8,706.31,2.93,114.18,0.0449,9.92,14.09,14.53,30.0,0.0,25.0,cooling_degradation,0.83
fault_cooling_degradation_2,2993,1789814957.7531269,2718.7,151.86,708.81,2.93,114.2,0.0389,9.93,14.07,14.66,30.0,0.0,25.0,cooling_degradation,0.83
fault_cooling_degradation_2,2994,1789814958.7531269,2729.7,152.0,710.95,2.94,114.06,0.0418,9.93,14.06,14.47,30.0,0.0,25.0,cooling_degradation,0.83
fault_cooling_degradation_2,2995,1789814959.7531269,2739.9,151.81,713.74,2.88,114.04,0.0328,9.91,14.1,14.66,30.0,0.0,25.0,cooling_degradation,0.83
fault_cooling_degradation_2,2996,1789814960.7531269,2715.6,151.57,706.13,2.86,114.07,0.0285,9.89,14.09,14.8,30.0,0.0,25.0,cooling_degradation,0.83
fault_cooling_degradation_2,2997,1789814961.7531269,2735.7,151.5,709.08,2.9,113.94,0.036,9.88,14.07,14.49,30.0,0.0,25.0,cooling_degradation,0.83
fault_cooling_degradation_2,2998,1789814962.7531269,2734.1,151.66,709.77,2.93,113.95,0.04,10.1,14.01,14.82,30.0,0.0,25.0,cooling_degradation,0.83
fault_cooling_degradation_2,2999,1789814963.7531269,2693.7,151.81,706.77,2.99,113.89,0.0461,10.08,14.06,14.73,30.0,0.0,25.0,cooling_degradation,0.83
fault_cooling_degradation_2,3000,1789814964.7531269,2281.0,151.7,705.17,2.64,113.98,0.0451,8.31,14.06,13.27,10.0,0.0,25.0,cooling_degradation,0.83
fault_cooling_degradation_2,3001,1789814965.7531269,2061.9,151.29,697.43,2.34,113.91,0.0403,7.41,14.1,11.9,10.0,0.0,25.0,cooling_degradation,0.83
fault_cooling_degradation_2,3002,1789814966.7531269,1944.6,150.87,683.0,2.27,113.93,0.0256,6.91,13.99,11.57,10.0,0.0,25.0,cooling_degradation,0.83
fault_cooling_degradation_2,3003,1789814967.7531269,1889.7,150.33,670.33,2.13,113.93,0.0286,6.85,13.89,11.21,10.0,0.0,25.0,cooling_degradation,0.83
fault_cooling_degradation_2,3004,1789814968.7531269,1873.7,150.2,664.85,2.23,113.98,0.0312,6.76,13.83,11.48,10.0,0.0,25.0,cooling_degradation,0.83
fault_cooling_degradation_2,3005,1789814969.7531269,1851.0,150.05,663.27,2.16,113.96,0.0396,6.78,13.91,11.43,10.0,0.0,25.0,cooling_degradation,0.83
fault_cooling_degradation_2,3006,1789814970.7531269,1849.6,149.58,656.08,2.19,113.97,0.0479,6.7,13.98,11.3,10.0,0.0,25.0,cooling_degradation,0.83
fault_cooling_degradation_2,3007,1789814971.7531269,1826.5,149.45,654.22,2.17,113.87,0.0374,6.74,13.88,11.24,10.0,0.0,25.0,cooling_degradation,0.83
fault_cooling_degradation_2,3008,1789814972.7531269,1835.9,149.52,648.62,2.13,113.73,0.0309,6.68,13.8,11.09,10.0,0.0,25.0,cooling_degradation,0.83
fault_cooling_degradation_2,3009,1789814973.7531269,1846.3,149.33,650.29,2.15,113.62,0.0277,6.59,13.76,11.11,10.0,0.0,25.0,cooling_degradation,0.83
fault_cooling_degradation_2,3010,1789814974.7531269,1851.5,149.04,651.34,2.24,113.55,0.0306,6.51,13.84,11.13,10.0,0.0,25.0,cooling_degradation,0.83
fault_cooling_degradation_2,3011,1789814975.7531269,1863.3,149.04,650.34,2.25,113.47,0.0338,6.5,13.72,11.18,10.0,0.0,25.0,cooling_degradation,0.83
fault_cooling_degradation_2,3012,1789814976.7531269,1877.4,148.8,644.95,2.3,113.48,0.034,6.64,13.78,11.12,10.0,0.0,25.0,cooling_degradation,0.83
fault_cooling_degradation_2,3013,1789814977.7531269,1871.7,148.33,644.76,2.35,113.44,0.0277,6.95,13.86,11.08,10.0,0.0,25.0,cooling_degradation,0.83
fault_cooling_degradation_2,3014,1789814978.7531269,1842.2,147.74,649.04,2.33,113.54,0.0346,6.88,13.88,11.32,10.0,0.0,25.0,cooling_degradation,0.83
fault_cooling_degradation_2,3015,1789814979.7531269,1864.7,147.5,646.32,2.31,113.41,0.0356,6.51,13.87,11.14,10.0,0.0,25.0,cooling_degradation,0.83
fault_cooling_degradation_2,3016,1789814980.7531269,1866.6,147.27,642.08,2.32,113.4,0.0369,6.53,13.96,11.18,10.0,0.0,25.0,cooling_degradation,0.83
fault_cooling_degradation_2,3017,1789814981.7531269,1870.2,147.28,636.35,2.29,113.48,0.0361,6.67,13.98,11.34,10.0,0.0,25.0,cooling_degradation,0.83
fault_cooling_degradation_2,3018,1789814982.7531269,1868.9,147.01,637.77,2.39,113.36,0.0305,6.76,13.93,11.29,10.0,0.0,25.0,cooling_degradation,0.83
fault_cooling_degradation_2,3019,1789814983.7531269,1852.7,146.89,634.81,2.38,113.41,0.0255,6.78,13.96,11.09,10.0,0.0,25.0,cooling_degradation,0.83
fault_cooling_degradation_2,3020,1789814984.7531269,1840.3,147.15,633.22,2.45,113.34,0.0254,6.61,13.92,11.35,10.0,0.0,25.0,cooling_degradation,0.83
fault_cooling_degradation_2,3021,1789814985.7531269,1837.4,147.24,636.86,2.33,113.5,0.0245,6.63,13.97,11.19,10.0,0.0,25.0,cooling_degradation,0.83
fault_cooling_degradation_2,3022,1789814986.7531269,1864.1,146.74,643.21,2.33,113.24,0.0327,6.43,14.0,11.29,10.0,0.0,25.0,cooling_degradation,0.83
fault_cooling_degradation_2,3023,1789814987.7531269,1851.2,146.99,644.42,2.37,113.09,0.0284,6.25,13.99,11.22,10.0,0.0,25.0,cooling_degradation,0.83
fault_cooling_degradation_2,3024,1789814988.7531269,1852.5,147.05,645.87,2.25,113.04,0.0251,6.13,13.91,11.34,10.0,0.0,25.0,cooling_degradation,0.83
fault_cooling_degradation_2,3025,1789814989.7531269,1832.4,147.13,648.79,2.25,113.17,0.0296,6.35,13.8,11.34,10.0,0.0,25.0,cooling_degradation,0.83
fault_cooling_degradation_2,3026,1789814990.7531269,1834.7,146.82,653.15,2.23,113.17,0.0289,6.3,13.79,11.2,10.0,0.0,25.0,cooling_degradation,0.83
fault_cooling_degradation_2,3027,1789814991.7531269,1828.9,146.87,647.4,2.24,113.21,0.0313,6.26,13.85,11.41,10.0,0.0,25.0,cooling_degradation,0.83
fault_cooling_degradation_2,3028,1789814992.7531269,1853.6,147.12,651.63,2.29,113.02,0.0317,6.22,13.84,11.5,10.0,0.0,25.0,cooling_degradation,0.83
fault_cooling_degradation_2,3029,1789814993.7531269,1855.9,147.29,652.22,2.19,112.99,0.0331,6.41,13.73,11.27,10.0,0.0,25.0,cooling_degradation,0.83
fault_cooling_degradation_2,3030,1789814994.7531269,1868.8,146.72,648.62,2.14,112.95,0.0331,6.56,13.63,11.54,10.0,0.0,25.0,cooling_degradation,0.83
fault_cooling_degradation_2,3031,1789814995.7531269,1880.2,146.44,648.74,2.2,112.8,0.0273,6.45,13.63,11.62,10.0,0.0,25.0,cooling_degradation,0.83
fault_cooling_degradation_2,3032,1789814996.7531269,1871.3,146.32,648.43,2.2,112.79,0.0305,6.59,13.64,11.78,10.0,0.0,25.0,cooling_degradation,0.83
fault_cooling_degradation_2,3033,1789814997.7531269,1856.2,146.44,645.85,2.23,112.89,0.0295,6.52,13.67,11.35,10.0,0.0,25.0,cooling_degradation,0.83
fault_cooling_degradation_2,3034,1789814998.7531269,1839.3,146.19,642.42,2.17,113.03,0.0202,6.56,13.6,11.26,10.0,0.0,25.0,cooling_degradation,0.83
fault_cooling_degradation_2,3035,1789814999.7531269,1841.2,146.12,640.63,2.15,112.92,0.0092,6.35,13.63,10.82,10.0,0.0,25.0,cooling_degradation,0.83
fault_cooling_degradation_2,3036,1789815000.7531269,1854.6,146.49,641.12,2.23,112.95,0.0097,6.4,13.69,10.98,10.0,0.0,25.0,cooling_degradation,0.83
fault_cooling_degradation_2,3037,1789815001.7531269,1833.6,146.47,641.46,2.22,112.95,0.022,6.28,13.7,11.04,10.0,0.0,25.0,cooling_degradation,0.83
fault_cooling_degradation_2,3038,1789815002.7531269,1818.8,146.41,648.84,2.23,113.14,0.0209,6.45,13.74,11.28,10.0,0.0,25.0,cooling_degradation,0.83
fault_cooling_degradation_2,3039,1789815003.7531269,1825.8,146.25,646.78,2.21,113.07,0.0184,6.6,13.76,11.17,10.0,0.0,25.0,cooling_degradation,0.83
fault_cooling_degradation_2,3040,1789815004.7531269,1830.6,146.36,647.79,2.15,113.07,0.0205,6.53,13.73,11.32,10.0,0.0,25.0,cooling_degradation,0.83
fault_cooling_degradation_2,3041,1789815005.7531269,1852.5,146.24,649.59,2.14,112.83,0.0248,6.42,13.71,11.28,10.0,0.0,25.0,cooling_degradation,0.83
fault_cooling_degradation_2,3042,1789815006.7531269,1854.8,146.08,649.83,2.24,112.81,0.0234,6.36,13.65,11.41,10.0,0.0,25.0,cooling_degradation,0.83
fault_cooling_degradation_2,3043,1789815007.7531269,1855.1,146.01,647.32,2.23,112.87,0.0245,6.24,13.6,11.8,10.0,0.0,25.0,cooling_degradation,0.83
fault_cooling_degradation_2,3044,1789815008.7531269,1829.5,145.93,644.94,2.27,112.72,0.0152,6.49,13.62,11.85,10.0,0.0,25.0,cooling_degradation,0.83
fault_cooling_degradation_2,3045,1789815009.7531269,1855.1,145.59,645.41,2.27,112.61,0.0157,6.38,13.68,11.71,10.0,0.0,25.0,cooling_degradation,0.83
fault_cooling_degradation_2,3046,1789815010.7531269,1849.8,145.34,640.56,2.29,112.64,0.0174,6.4,13.72,11.79,10.0,0.0,25.0,cooling_degradation,0.83
fault_cooling_degradation_2,3047,1789815011.7531269,1851.7,145.07,642.27,2.22,112.7,0.0202,6.43,13.71,11.69,10.0,0.0,25.0,cooling_degradation,0.83
fault_cooling_degradation_2,3048,1789815012.7531269,1838.8,144.96,640.8,2.24,112.59,0.0217,6.37,13.82,11.65,10.0,0.0,25.0,cooling_degradation,0.83
fault_cooling_degradation_2,3049,1789815013.7531269,1846.3,144.7,639.0,2.19,112.64,0.0197,6.64,13.84,11.4,10.0,0.0,25.0,cooling_degradation,0.83
fault_cooling_degradation_2,3050,1789815014.7531269,1853.5,144.78,643.65,2.25,112.55,0.0194,6.48,13.82,11.31,10.0,0.0,25.0,cooling_degradation,0.83
fault_cooling_degradation_2,3051,1789815015.7531269,1863.6,144.61,636.76,2.28,112.76,0.0209,6.53,13.71,11.23,10.0,0.0,25.0,cooling_degradation,0.83
fault_cooling_degradation_2,3052,1789815016.7531269,1877.3,144.41,634.04,2.29,112.54,0.0284,6.54,13.73,11.43,10.0,0.0,25.0,cooling_degradation,0.83
fault_cooling_degradation_2,3053,1789815017.7531269,1873.1,144.22,632.36,2.4,112.5,0.0268,6.38,13.68,11.21,10.0,0.0,25.0,cooling_degradation,0.83
fault_cooling_degradation_2,3054,1789815018.7531269,1866.3,144.26,635.09,2.28,112.65,0.0287,6.41,13.62,11.41,10.0,0.0,25.0,cooling_degradation,0.83
fault_cooling_degradation_2,3055,1789815019.7531269,1864.9,144.4,640.12,2.19,112.61,0.027,6.48,13.63,11.39,10.0,0.0,25.0,cooling_degradation,0.83
fault_cooling_degradation_2,3056,1789815020.7531269,1851.0,144.37,637.14,2.15,112.59,0.0314,6.43,13.61,11.39,10.0,0.0,25.0,cooling_degradation,0.83
fault_cooling_degradation_2,3057,1789815021.7531269,1831.5,144.69,642.0,2.23,112.55,0.0257,6.52,13.64,11.1,10.0,0.0,25.0,cooling_degradation,0.83
fault_cooling_degradation_2,3058,1789815022.7531269,1840.8,144.68,642.94,2.31,112.35,0.0337,6.53,13.68,11.42,10.0,0.0,25.0,cooling_degradation,0.83
fault_cooling_degradation_2,3059,1789815023.7531269,1815.3,144.61,644.27,2.37,112.36,0.035,6.45,13.67,11.54,10.0,0.0,25.0,cooling_degradation,0.83
fault_cooling_degradation_2,3060,1789815024.7531269,1805.2,144.74,646.27,2.3,112.29,0.0264,6.54,13.64,11.4,10.0,0.0,25.0,cooling_degradation,0.83
fault_cooling_degradation_2,3061,1789815025.7531269,1828.6,145.04,651.61,2.23,112.33,0.0232,6.54,13.7,11.42,10.0,0.0,25.0,cooling_degradation,0.83
fault_cooling_degradation_2,3062,1789815026.7531269,1844.8,144.88,648.34,2.29,112.51,0.0286,6.68,13.81,11.21,10.0,0.0,25.0,cooling_degradation,0.83
fault_cooling_degradation_2,3063,1789815027.7531269,1856.1,144.81,648.45,2.29,112.42,0.0256,6.6,13.79,11.13,10.0,0.0,25.0,cooling_degradation,0.83
fault_cooling_degradation_2,3064,1789815028.7531269,1844.0,144.68,642.83,2.34,112.56,0.0194,6.63,13.77,10.96,10.0,0.0,25.0,cooling_degradation,0.83
fault_cooling_degradation_2,3065,1789815029.7531269,1850.0,144.68,642.28,2.37,112.43,0.0211,6.51,13.7,11.54,10.0,0.0,25.0,cooling_degradation,0.83
fault_cooling_degradation_2,3066,1789815030.7531269,1839.8,144.45,639.93,2.35,112.5,0.024,6.44,13.57,11.56,10.0,0.0,25.0,cooling_degradation,0.83
fault_cooling_degradation_2,3067,1789815031.7531269,1848.8,144.88,641.14,2.27,112.47,0.0301,6.34,13.59,11.2,10.0,0.0,25.0,cooling_degradation,0.83
fault_cooling_degradation_2,3068,1789815032.7531269,1814.8,145.02,640.46,2.19,112.41,0.033,6.44,13.62,11.35,10.0,0.0,25.0,cooling_degradation,0.83
fault_cooling_degradation_2,3069,1789815033.7531269,1824.5,144.98,645.91,2.22,112.63,0.0266,6.43,13.58,11.29,10.0,0.0,25.0,cooling_degradation,0.83
fault_cooling_degradation_2,3070,1789815034.7531269,1834.0,144.98,644.96,2.24,112.72,0.0229,6.29,13.62,11.43,10.0,0.0,25.0,cooling_degradation,0.83
fault_cooling_degradation_2,3071,1789815035.7531269,1851.2,144.98,644.04,2.2,112.64,0.0238,6.16,13.64,11.39,10.0,0.0,25.0,cooling_degradation,0.83
fault_cooling_degradation_2,3072,1789815036.7531269,1842.1,144.9,644.09,2.16,112.69,0.0232,6.2,13.66,11.3,10.0,0.0,25.0,cooling_degradation,0.83
fault_cooling_degradation_2,3073,1789815037.7531269,1845.2,144.96,640.64,2.2,112.62,0.0229,6.15,13.58,11.11,10.0,0.0,25.0,cooling_degradation,0.83
fault_cooling_degradation_2,3074,1789815038.7531269,1843.2,144.83,649.87,2.25,112.69,0.0342,6.1,13.58,11.16,10.0,0.0,25.0,cooling_degradation,0.83
fault_cooling_degradation_2,3075,1789815039.7531269,1854.4,144.9,649.61,2.21,112.71,0.0271,6.04,13.6,11.4,10.0,0.0,25.0,cooling_degradation,0.83
fault_cooling_degradation_2,3076,1789815040.7531269,1816.5,144.62,647.61,2.19,112.62,0.0275,6.04,13.66,11.53,10.0,0.0,25.0,cooling_degradation,0.83
fault_cooling_degradation_2,3077,1789815041.7531269,1818.8,144.93,647.82,2.09,112.5,0.0319,6.07,13.49,11.54,10.0,0.0,25.0,cooling_degradation,0.83
fault_cooling_degradation_2,3078,1789815042.7531269,1796.8,144.88,650.11,2.14,112.56,0.0257,6.08,13.6,11.51,10.0,0.0,25.0,cooling_degradation,0.83
fault_cooling_degradation_2,3079,1789815043.7531269,1781.8,144.78,651.8,2.21,112.66,0.0226,6.04,13.66,11.25,10.0,0.0,25.0,cooling_degradation,0.83
fault_cooling_degradation_2,3080,1789815044.7531269,1795.9,144.59,651.27,2.24,112.72,0.0274,6.03,13.64,11.12,10.0,0.0,25.0,cooling_degradation,0.83
fault_cooling_degradation_2,3081,1789815045.7531269,1794.1,144.48,649.77,2.27,112.54,0.0299,6.0,13.61,11.05,10.0,0.0,25.0,cooling_degradation,0.83
fault_cooling_degradation_2,3082,1789815046.7531269,1801.0,144.63,648.2,2.23,112.61,0.0261,6.14,13.63,11.29,10.0,0.0,25.0,cooling_degradation,0.83
fault_cooling_degradation_2,3083,1789815047.7531269,1808.0,144.66,648.9,2.17,112.65,0.0309,6.15,13.61,11.2,10.0,0.0,25.0,cooling_degradation,0.83
fault_cooling_degradation_2,3084,1789815048.7531269,1841.9,144.58,644.34,2.23,112.61,0.0363,6.09,13.64,11.43,10.0,0.0,25.0,cooling_degradation,0.83
fault_cooling_degradation_2,3085,1789815049.7531269,1845.5,144.9,645.02,2.17,112.6,0.0297,6.2,13.67,11.49,10.0,0.0,25.0,cooling_degradation,0.83
fault_cooling_degradation_2,3086,1789815050.7531269,1830.6,144.9,646.79,2.1,112.45,0.0373,6.19,13.73,11.28,10.0,0.0,25.0,cooling_degradation,0.83
fault_cooling_degradation_2,3087,1789815051.7531269,1833.0,144.75,646.18,2.13,112.51,0.0357,6.25,13.72,11.36,10.0,0.0,25.0,cooling_degradation,0.83
fault_cooling_degradation_2,3088,1789815052.7531269,1855.9,144.93,651.68,2.05,112.45,0.0298,6.3,13.63,10.95,10.0,0.0,25.0,cooling_degradation,0.83
fault_cooling_degradation_2,3089,1789815053.7531269,1866.7,145.05,644.67,2.11,112.36,0.0257,6.42,13.7,11.11,10.0,0.0,25.0,cooling_degradation,0.83
fault_cooling_degradation_2,3090,1789815054.7531269,1862.5,144.62,646.29,2.22,112.34,0.0337,6.45,13.72,11.3,10.0,0.0,25.0,cooling_degradation,0.83
fault_cooling_degradation_2,3091,1789815055.7531269,1883.0,144.45,647.13,2.25,112.25,0.0355,6.4,13.81,11.1,10.0,0.0,25.0,cooling_degradation,0.83
fault_cooling_degradation_2,3092,1789815056.7531269,1876.7,144.96,647.15,2.25,112.2,0.0316,6.4,13.83,11.21,10.0,0.0,25.0,cooling_degradation,0.83
fault_cooling_degradation_2,3093,1789815057.7531269,1866.7,144.61,650.3,2.23,112.26,0.0306,6.41,13.91,11.06,10.0,0.0,25.0,cooling_degradation,0.83
fault_cooling_degradation_2,3094,1789815058.7531269,1845.6,144.65,646.28,2.21,112.44,0.0318,6.52,13.91,11.27,10.0,0.0,25.0,cooling_degradation,0.83
fault_cooling_degradation_2,3095,1789815059.7531269,1871.1,144.71,648.85,2.29,112.33,0.0285,6.45,13.88,11.43,10.0,0.0,25.0,cooling_degradation,0.83
fault_cooling_degradation_2,3096,1789815060.7531269,1870.3,144.35,648.43,2.35,112.06,0.0332,6.34,13.93,11.55,10.0,0.0,25.0,cooling_degradation,0.83
fault_cooling_degradation_2,3097,1789815061.7531269,1865.1,143.9,650.78,2.36,111.82,0.0336,6.34,13.94,11.46,10.0,0.0,25.0,cooling_degradation,0.83
fault_cooling_degradation_2,3098,1789815062.7531269,1859.5,143.9,648.11,2.29,111.82,0.0251,6.39,13.88,11.62,10.0,0.0,25.0,cooling_degradation,0.83
fault_cooling_degradation_2,3099,1789815063.7531269,1832.5,143.75,649.19,2.26,111.75,0.0255,6.21,13.85,11.37,10.0,0.0,25.0,cooling_degradation,0.83
fault_cooling_degradation_2,3100,1789815064.7531269,1818.7,143.84,649.0,2.32,111.82,0.0319,6.32,13.82,11.65,10.0,0.0,25.0,cooling_degradation,0.83
fault_cooling_degradation_2,3101,1789815065.7531269,1806.1,143.63,648.88,2.3,111.9,0.0367,6.41,13.87,11.54,10.0,0.0,25.0,cooling_degradation,0.83
fault_cooling_degradation_2,3102,1789815066.7531269,1779.9,143.77,650.34,2.26,112.05,0.0329,6.45,13.9,11.3,10.0,0.0,25.0,cooling_degradation,0.83
fault_cooling_degradation_2,3103,1789815067.7531269,1800.5,143.89,648.98,2.28,112.01,0.0349,6.45,13.99,11.3,10.0,0.0,25.0,cooling_degradation,0.83
fault_cooling_degradation_2,3104,1789815068.7531269,1817.1,143.93,646.72,2.27,112.09,0.04,6.42,13.99,11.4,10.0,0.0,25.0,cooling_degradation,0.83
fault_cooling_degradation_2,3105,1789815069.7531269,1837.5,143.63,642.91,2.31,112.14,0.0381,6.37,13.97,11.66,10.0,0.0,25.0,cooling_degradation,0.83
fault_cooling_degradation_2,3106,1789815070.7531269,1835.8,143.86,637.51,2.33,112.12,0.0337,6.47,13.99,11.82,10.0,0.0,25.0,cooling_degradation,0.83
fault_cooling_degradation_2,3107,1789815071.7531269,1867.2,144.15,640.13,2.28,112.16,0.0278,6.5,13.89,11.34,10.0,0.0,25.0,cooling_degradation,0.83
fault_cooling_degradation_2,3108,1789815072.7531269,1870.2,144.03,634.1,2.28,112.11,0.0282,6.46,13.93,11.95,10.0,0.0,25.0,cooling_degradation,0.83
fault_cooling_degradation_2,3109,1789815073.7531269,1862.7,144.15,638.63,2.35,112.01,0.0354,6.46,13.96,12.05,10.0,0.0,25.0,cooling_degradation,0.83
fault_cooling_degradation_2,3110,1789815074.7531269,1828.5,144.1,641.08,2.35,111.98,0.0329,6.3,13.88,11.5,10.0,0.0,25.0,cooling_degradation,0.83
fault_cooling_degradation_2,3111,1789815075.7531269,1833.6,144.36,643.83,2.33,112.14,0.0281,6.16,13.9,11.45,10.0,0.0,25.0,cooling_degradation,0.83
fault_cooling_degradation_2,3112,1789815076.7531269,1858.1,144.63,642.89,2.35,112.04,0.0257,6.19,13.91,11.24,10.0,0.0,25.0,cooling_degradation,0.83
fault_cooling_degradation_2,3113,1789815077.7531269,1868.0,144.77,640.69,2.27,112.03,0.0287,6.36,13.86,11.37,10.0,0.0,25.0,cooling_degradation,0.83
fault_cooling_degradation_2,3114,1789815078.7531269,1873.0,144.61,641.89,2.27,111.97,0.0267,6.51,13.88,11.34,10.0,0.0,25.0,cooling_degradation,0.83
fault_cooling_degradation_2,3115,1789815079.7531269,1853.7,144.55,642.93,2.35,111.99,0.0215,6.54,13.78,10.95,10.0,0.0,25.0,cooling_degradation,0.83
fault_cooling_degradation_2,3116,1789815080.7531269,1858.1,144.29,646.24,2.3,112.1,0.0294,6.65,13.68,10.99,10.0,0.0,25.0,cooling_degradation,0.83
fault_cooling_degradation_2,3117,1789815081.7531269,1883.8,144.17,643.11,2.33,112.09,0.0341,6.64,13.77,11.12,10.0,0.0,25.0,cooling_degradation,0.83
fault_cooling_degradation_2,3118,1789815082.7531269,1885.4,144.03,637.71,2.33,112.04,0.0351,6.56,13.78,11.53,10.0,0.0,25.0,cooling_degradation,0.83
fault_cooling_degradation_2,3119,1789815083.7531269,1875.4,144.08,639.64,2.24,111.89,0.0318,6.51,13.73,11.62,10.0,0.0,25.0,cooling_degradation,0.83
fault_cooling_degradation_2,3120,1789815084.7531269,1876.1,144.02,638.43,2.22,111.78,0.0364,6.54,13.74,11.32,10.0,0.0,25.0,cooling_degradation,0.83
fault_cooling_degradation_2,3121,1789815085.7531269,1867.2,144.19,640.04,2.24,111.56,0.0391,6.7,13.75,11.29,10.0,0.0,25.0,cooling_degradation,0.83
fault_cooling_degradation_2,3122,1789815086.7531269,1870.3,144.31,641.29,2.18,111.42,0.0201,6.7,13.76,11.58,10.0,0.0,25.0,cooling_degradation,0.83
fault_cooling_degradation_2,3123,1789815087.7531269,1877.4,144.27,640.42,2.2,111.42,0.0273,6.61,13.75,11.65,10.0,0.0,25.0,cooling_degradation,0.83
fault_cooling_degradation_2,3124,1789815088.7531269,1865.2,144.26,639.78,2.17,111.46,0.031,6.65,13.79,11.45,10.0,0.0,25.0,cooling_degradation,0.83
fault_cooling_degradation_2,3125,1789815089.7531269,1834.0,144.28,643.94,2.18,111.58,0.0183,6.58,13.81,11.36,10.0,0.0,25.0,cooling_degradation,0.83
fault_cooling_degradation_2,3126,1789815090.7531269,1821.2,144.61,643.39,2.24,111.5,0.0219,6.44,13.78,11.49,10.0,0.0,25.0,cooling_degradation,0.83
fault_cooling_degradation_2,3127,1789815091.7531269,1818.3,144.83,647.84,2.24,111.59,0.0217,6.24,13.76,11.26,10.0,0.0,25.0,cooling_degradation,0.83
fault_cooling_degradation_2,3128,1789815092.7531269,1820.7,144.73,651.39,2.26,111.56,0.029,6.35,13.7,11.63,10.0,0.0,25.0,cooling_degradation,0.83
fault_cooling_degradation_2,3129,1789815093.7531269,1839.3,144.71,642.94,2.24,111.64,0.0256,6.43,13.67,11.33,10.0,0.0,25.0,cooling_degradation,0.83
fault_cooling_degradation_2,3130,1789815094.7531269,1857.6,144.81,641.72,2.26,111.7,0.0221,6.34,13.68,11.5,10.0,0.0,25.0,cooling_degradation,0.83
fault_cooling_degradation_2,3131,1789815095.7531269,1844.5,145.08,642.22,2.26,111.47,0.027,6.45,13.63,11.17,10.0,0.0,25.0,cooling_degradation,0.83
fault_cooling_degradation_2,3132,1789815096.7531269,1853.7,144.88,647.58,2.26,111.41,0.0273,6.4,13.56,11.31,10.0,0.0,25.0,cooling_degradation,0.83
fault_cooling_degradation_2,3133,1789815097.7531269,1851.5,145.14,647.61,2.25,111.4,0.0303,6.45,13.59,10.74,10.0,0.0,25.0,cooling_degradation,0.83
fault_cooling_degradation_2,3134,1789815098.7531269,1854.7,145.36,644.41,2.22,111.36,0.028,6.63,13.64,11.06,10.0,0.0,25.0,cooling_degradation,0.83
fault_cooling_degradation_2,3135,1789815099.7531269,1840.0,144.91,645.04,2.18,111.5,0.031,6.71,13.72,11.47,10.0,0.0,25.0,cooling_degradation,0.83
fault_cooling_degradation_2,3136,1789815100.7531269,1860.4,145.06,645.14,2.15,111.33,0.0285,6.62,13.72,11.38,10.0,0.0,25.0,cooling_degradation,0.83
fault_cooling_degradation_2,3137,1789815101.7531269,1831.4,145.1,641.17,2.14,111.38,0.0333,6.58,13.74,11.3,10.0,0.0,25.0,cooling_degradation,0.83
fault_cooling_degradation_2,3138,1789815102.7531269,1817.1,145.31,638.18,2.17,111.33,0.038,6.46,13.76,11.26,10.0,0.0,25.0,cooling_degradation,0.83
fault_cooling_degradation_2,3139,1789815103.7531269,1808.1,145.48,639.41,2.25,111.46,0.0446,6.46,13.75,11.19,10.0,0.0,25.0,cooling_degradation,0.83
fault_cooling_degradation_2,3140,1789815104.7531269,1828.7,145.01,639.87,2.22,111.24,0.0425,6.31,13.77,11.21,10.0,0.0,25.0,cooling_degradation,0.83
fault_cooling_degradation_2,3141,1789815105.7531269,1816.2,144.91,636.16,2.24,111.06,0.0471,6.36,13.83,11.06,10.0,0.0,25.0,cooling_degradation,0.83
fault_cooling_degradation_2,3142,1789815106.7531269,1795.4,144.59,638.66,2.32,111.03,0.0339,6.33,13.79,11.57,10.0,0.0,25.0,cooling_degradation,0.83
fault_cooling_degradation_2,3143,1789815107.7531269,1817.9,144.51,633.95,2.31,110.84,0.0338,6.52,13.77,11.85,10.0,0.0,25.0,cooling_degradation,0.83
fault_cooling_degradation_2,3144,1789815108.7531269,1836.2,145.0,640.97,2.26,110.89,0.0393,6.62,13.73,11.77,10.0,0.0,25.0,cooling_degradation,0.83
fault_cooling_degradation_2,3145,1789815109.7531269,1850.6,145.04,642.19,2.25,110.88,0.0283,6.53,13.75,11.36,10.0,0.0,25.0,cooling_degradation,0.83
fault_cooling_degradation_2,3146,1789815110.7531269,1853.5,145.05,640.55,2.27,111.08,0.0305,6.62,13.69,11.44,10.0,0.0,25.0,cooling_degradation,0.83
fault_cooling_degradation_2,3147,1789815111.7531269,1829.5,145.04,642.52,2.3,110.9,0.0332,6.62,13.64,11.29,10.0,0.0,25.0,cooling_degradation,0.83
fault_cooling_degradation_2,3148,1789815112.7531269,1818.9,145.42,648.29,2.28,110.98,0.0218,6.45,13.67,11.06,10.0,0.0,25.0,cooling_degradation,0.83
fault_cooling_degradation_2,3149,1789815113.7531269,1841.0,145.32,649.72,2.25,111.0,0.0249,6.4,13.69,10.94,10.0,0.0,25.0,cooling_degradation,0.83
fault_cooling_degradation_2,3150,1789815114.7531269,1844.0,145.27,647.82,2.3,110.93,0.0309,6.29,13.75,11.25,10.0,0.0,25.0,cooling_degradation,0.83
fault_cooling_degradation_2,3151,1789815115.7531269,1844.3,145.0,648.72,2.13,110.81,0.0277,6.43,13.75,11.59,10.0,0.0,25.0,cooling_degradation,0.83
fault_cooling_degradation_2,3152,1789815116.7531269,1859.3,144.8,643.8,2.12,110.8,0.0375,6.38,13.78,11.3,10.0,0.0,25.0,cooling_degradation,0.83
fault_cooling_degradation_2,3153,1789815117.7531269,1839.5,144.83,639.64,2.16,110.85,0.0467,6.41,13.84,11.51,10.0,0.0,25.0,cooling_degradation,0.83
fault_cooling_degradation_2,3154,1789815118.7531269,1841.7,144.93,645.76,2.21,110.8,0.0332,6.49,13.87,11.25,10.0,0.0,25.0,cooling_degradation,0.83
fault_cooling_degradation_2,3155,1789815119.7531269,1854.9,144.86,648.72,2.13,110.85,0.0389,6.52,13.86,11.3,10.0,0.0,25.0,cooling_degradation,0.83
fault_cooling_degradation_2,3156,1789815120.7531269,1864.5,144.86,643.38,2.22,111.06,0.036,6.61,13.88,11.48,10.0,0.0,25.0,cooling_degradation,0.83
fault_cooling_degradation_2,3157,1789815121.7531269,1848.4,145.02,645.22,2.32,111.08,0.0289,6.68,13.97,11.15,10.0,0.0,25.0,cooling_degradation,0.83
fault_cooling_degradation_2,3158,1789815122.7531269,1855.1,144.74,643.96,2.26,111.16,0.0208,6.45,14.01,10.97,10.0,0.0,25.0,cooling_degradation,0.83
fault_cooling_degradation_2,3159,1789815123.7531269,1842.9,144.83,640.45,2.25,111.13,0.024,6.33,14.02,10.81,10.0,0.0,25.0,cooling_degradation,0.83
fault_cooling_degradation_2,3160,1789815124.7531269,1853.5,144.57,646.06,2.19,110.96,0.029,6.52,14.03,11.3,10.0,0.0,25.0,cooling_degradation,0.83
fault_cooling_degradation_2,3161,1789815125.7531269,1855.7,144.44,644.77,2.19,111.04,0.0295,6.69,13.95,11.14,10.0,0.0,25.0,cooling_degradation,0.83
fault_cooling_degradation_2,3162,1789815126.7531269,1861.1,144.8,645.58,2.34,110.91,0.0237,6.45,13.9,10.69,10.0,0.0,25.0,cooling_degradation,0.83
fault_cooling_degradation_2,3163,1789815127.7531269,1859.5,144.75,648.59,2.42,110.78,0.0259,6.42,13.89,11.12,10.0,0.0,25.0,cooling_degradation,0.83
fault_cooling_degradation_2,3164,1789815128.7531269,1848.9,144.72,648.52,2.33,110.68,0.0238,6.34,13.87,11.16,10.0,0.0,25.0,cooling_degradation,0.83
fault_cooling_degradation_2,3165,1789815129.7531269,1845.7,144.76,648.63,2.31,110.54,0.0218,6.54,13.77,11.44,10.0,0.0,25.0,cooling_degradation,0.83
fault_cooling_degradation_2,3166,1789815130.7531269,1828.1,144.6,647.15,2.31,110.57,0.032,6.72,13.83,11.42,10.0,0.0,25.0,cooling_degradation,0.83
fault_cooling_degradation_2,3167,1789815131.7531269,1812.5,144.6,644.58,2.24,110.67,0.0247,6.74,13.9,11.07,10.0,0.0,25.0,cooling_degradation,0.83
fault_cooling_degradation_2,3168,1789815132.7531269,1814.9,144.75,645.29,2.29,110.54,0.0174,6.74,13.88,11.13,10.0,0.0,25.0,cooling_degradation,0.83
fault_cooling_degradation_2,3169,1789815133.7531269,1789.8,144.66,649.83,2.31,110.52,0.0195,6.61,13.8,11.03,10.0,0.0,25.0,cooling_degradation,0.83
fault_cooling_degradation_2,3170,1789815134.7531269,1815.1,144.56,646.2,2.31,110.5,0.019,6.59,13.83,10.79,10.0,0.0,25.0,cooling_degradation,0.83
fault_cooling_degradation_2,3171,1789815135.7531269,1827.9,144.85,651.75,2.28,110.62,0.0189,6.61,13.75,10.97,10.0,0.0,25.0,cooling_degradation,0.83
fault_cooling_degradation_2,3172,1789815136.7531269,1831.9,145.02,654.8,2.28,110.6,0.0211,6.53,13.83,10.86,10.0,0.0,25.0,cooling_degradation,0.83
fault_cooling_degradation_2,3173,1789815137.7531269,1837.9,144.53,651.87,2.27,110.69,0.0284,6.62,13.85,10.88,10.0,0.0,25.0,cooling_degradation,0.83
fault_cooling_degradation_2,3174,1789815138.7531269,1829.5,144.49,650.21,2.35,110.71,0.0369,6.61,13.88,11.28,10.0,0.0,25.0,cooling_degradation,0.83
fault_cooling_degradation_2,3175,1789815139.7531269,1829.6,144.61,646.96,2.35,110.87,0.0282,6.72,13.83,11.47,10.0,0.0,25.0,cooling_degradation,0.83
fault_cooling_degradation_2,3176,1789815140.7531269,1818.5,144.42,645.98,2.29,110.83,0.0215,6.77,13.86,11.52,10.0,0.0,25.0,cooling_degradation,0.83
fault_cooling_degradation_2,3177,1789815141.7531269,1831.4,144.87,646.07,2.26,110.75,0.0278,6.81,13.85,11.57,10.0,0.0,25.0,cooling_degradation,0.83
fault_cooling_degradation_2,3178,1789815142.7531269,1809.6,144.41,646.86,2.25,110.81,0.0374,6.43,13.77,11.48,10.0,0.0,25.0,cooling_degradation,0.83
fault_cooling_degradation_2,3179,1789815143.7531269,1824.0,144.31,644.63,2.28,110.85,0.0231,6.44,13.78,11.32,10.0,0.0,25.0,cooling_degradation,0.83
fault_cooling_degradation_2,3180,1789815144.7531269,1845.4,144.35,646.27,2.24,110.78,0.0273,6.31,13.79,11.08,10.0,0.0,25.0,cooling_degradation,0.83
fault_cooling_degradation_2,3181,1789815145.7531269,1856.2,144.47,649.71,2.25,110.73,0.0267,6.35,13.76,11.43,10.0,0.0,25.0,cooling_degradation,0.83
fault_cooling_degradation_2,3182,1789815146.7531269,1849.5,144.33,648.01,2.14,110.76,0.0259,6.36,13.69,11.37,10.0,0.0,25.0,cooling_degradation,0.83
fault_cooling_degradation_2,3183,1789815147.7531269,1869.7,144.31,647.45,2.1,110.71,0.0307,6.43,13.72,11.37,10.0,0.0,25.0,cooling_degradation,0.83
fault_cooling_degradation_2,3184,1789815148.7531269,1871.6,144.55,647.15,2.05,110.7,0.0269,6.37,13.73,11.73,10.0,0.0,25.0,cooling_degradation,0.83
fault_cooling_degradation_2,3185,1789815149.7531269,1852.8,144.51,649.82,2.18,110.7,0.0175,6.39,13.7,11.29,10.0,0.0,25.0,cooling_degradation,0.83
fault_cooling_degradation_2,3186,1789815150.7531269,1857.6,144.64,652.76,2.27,110.79,0.0201,6.41,13.66,11.28,10.0,0.0,25.0,cooling_degradation,0.83
fault_cooling_degradation_2,3187,1789815151.7531269,1816.8,144.84,654.9,2.27,110.91,0.0311,6.38,13.64,11.33,10.0,0.0,25.0,cooling_degradation,0.83
fault_cooling_degradation_2,3188,1789815152.7531269,1821.7,144.68,649.26,2.25,110.91,0.0263,6.35,13.7,11.55,10.0,0.0,25.0,cooling_degradation,0.83
fault_cooling_degradation_2,3189,1789815153.7531269,1838.3,145.02,653.17,2.25,110.76,0.0253,6.4,13.67,11.27,10.0,0.0,25.0,cooling_degradation,0.83
fault_cooling_degradation_2,3190,1789815154.7531269,1826.6,144.81,652.94,2.27,110.77,0.0236,6.35,13.72,11.29,10.0,0.0,25.0,cooling_degradation,0.83
fault_cooling_degradation_2,3191,1789815155.7531269,1822.4,144.38,650.57,2.41,110.79,0.0361,6.31,13.73,11.19,10.0,0.0,25.0,cooling_degradation,0.83
fault_cooling_degradation_2,3192,1789815156.7531269,1803.0,144.48,649.87,2.37,110.89,0.0251,6.33,13.68,11.58,10.0,0.0,25.0,cooling_degradation,0.83
fault_cooling_degradation_2,3193,1789815157.7531269,1812.5,144.49,648.21,2.42,111.1,0.0264,6.21,13.7,11.56,10.0,0.0,25.0,cooling_degradation,0.83
fault_cooling_degradation_2,3194,1789815158.7531269,1845.1,144.38,640.94,2.27,110.94,0.0199,6.26,13.71,11.71,10.0,0.0,25.0,cooling_degradation,0.83
fault_cooling_degradation_2,3195,1789815159.7531269,1859.3,144.72,641.97,2.23,111.01,0.031,6.05,13.66,11.55,10.0,0.0,25.0,cooling_degradation,0.83
fault_cooling_degradation_2,3196,1789815160.7531269,1863.5,144.65,642.99,2.16,111.04,0.0366,6.03,13.64,11.05,10.0,0.0,25.0,cooling_degradation,0.83
fault_cooling_degradation_2,3197,1789815161.7531269,1853.6,144.52,640.1,2.13,110.99,0.0326,6.33,13.62,11.04,10.0,0.0,25.0,cooling_degradation,0.83
fault_cooling_degradation_2,3198,1789815162.7531269,1863.0,144.34,637.23,2.27,110.95,0.0318,6.36,13.61,11.25,10.0,0.0,25.0,cooling_degradation,0.83
fault_cooling_degradation_2,3199,1789815163.7531269,1863.3,144.69,637.11,2.38,110.83,0.0347,6.26,13.61,11.63,10.0,0.0,25.0,cooling_degradation,0.83
fault_cooling_degradation_2,3200,1789815164.7531269,1845.1,144.59,640.41,2.34,110.7,0.0322,6.28,13.68,11.5,10.0,0.0,25.0,cooling_degradation,0.83
fault_cooling_degradation_2,3201,1789815165.7531269,1820.9,144.96,638.31,2.4,110.75,0.0325,6.41,13.65,11.03,10.0,0.0,25.0,cooling_degradation,0.83
fault_cooling_degradation_2,3202,1789815166.7531269,1804.5,144.48,640.98,2.44,110.58,0.0289,6.44,13.6,10.99,10.0,0.0,25.0,cooling_degradation,0.83
fault_cooling_degradation_2,3203,1789815167.7531269,1812.8,144.41,641.99,2.33,110.62,0.0278,6.31,13.62,11.04,10.0,0.0,25.0,cooling_degradation,0.83
fault_cooling_degradation_2,3204,1789815168.7531269,1833.5,144.48,640.95,2.28,110.73,0.0313,6.3,13.66,11.36,10.0,0.0,25.0,cooling_degradation,0.83
fault_cooling_degradation_2,3205,1789815169.7531269,1833.6,144.22,639.73,2.18,110.72,0.0275,6.14,13.65,11.53,10.0,0.0,25.0,cooling_degradation,0.83
fault_cooling_degradation_2,3206,1789815170.7531269,1828.6,144.32,633.91,2.14,110.72,0.0293,6.04,13.68,11.64,10.0,0.0,25.0,cooling_degradation,0.83
fault_cooling_degradation_2,3207,1789815171.7531269,1837.8,144.43,639.29,2.16,110.66,0.0273,6.05,13.64,11.78,10.0,0.0,25.0,cooling_degradation,0.83
fault_cooling_degradation_2,3208,1789815172.7531269,1816.7,144.47,645.46,2.17,110.67,0.0259,6.28,13.6,11.43,10.0,0.0,25.0,cooling_degradation,0.83
fault_cooling_degradation_2,3209,1789815173.7531269,1813.7,144.35,642.16,2.22,110.48,0.0276,6.32,13.65,11.64,10.0,0.0,25.0,cooling_degradation,0.83
fault_cooling_degradation_2,3210,1789815174.7531269,1834.0,144.41,647.35,2.2,110.6,0.0269,6.17,13.67,11.12,10.0,0.0,25.0,cooling_degradation,0.83
fault_cooling_degradation_2,3211,1789815175.7531269,1835.8,144.44,641.98,2.15,110.58,0.0319,6.1,13.63,11.24,10.0,0.0,25.0,cooling_degradation,0.83
fault_cooling_degradation_2,3212,1789815176.7531269,1835.0,144.67,644.23,2.16,110.4,0.0286,6.06,13.64,11.29,10.0,0.0,25.0,cooling_degradation,0.83
fault_cooling_degradation_2,3213,1789815177.7531269,1838.4,144.92,646.31,2.15,110.49,0.0251,6.22,13.63,10.74,10.0,0.0,25.0,cooling_degradation,0.83
fault_cooling_degradation_2,3214,1789815178.7531269,1864.7,144.92,642.77,2.18,110.55,0.0212,6.23,13.74,11.24,10.0,0.0,25.0,cooling_degradation,0.83
fault_cooling_degradation_2,3215,1789815179.7531269,1821.3,144.88,640.42,2.23,110.45,0.0214,6.33,13.77,11.64,10.0,0.0,25.0,cooling_degradation,0.83
fault_cooling_degradation_2,3216,1789815180.7531269,1812.5,145.06,638.9,2.23,110.42,0.0241,6.36,13.65,11.74,10.0,0.0,25.0,cooling_degradation,0.83
fault_cooling_degradation_2,3217,1789815181.7531269,1791.2,144.93,643.0,2.16,110.52,0.0347,6.35,13.65,11.86,10.0,0.0,25.0,cooling_degradation,0.83
fault_cooling_degradation_2,3218,1789815182.7531269,1794.9,145.03,645.39,2.14,110.58,0.018,6.33,13.66,11.57,10.0,0.0,25.0,cooling_degradation,0.83
fault_cooling_degradation_2,3219,1789815183.7531269,1790.1,145.04,647.77,2.17,110.52,0.0192,6.36,13.59,11.53,10.0,0.0,25.0,cooling_degradation,0.83
fault_cooling_degradation_2,3220,1789815184.7531269,1804.5,144.76,648.9,2.16,110.57,0.022,6.42,13.63,11.34,10.0,0.0,25.0,cooling_degradation,0.83
fault_cooling_degradation_2,3221,1789815185.7531269,1805.4,144.77,653.05,2.12,110.52,0.0332,6.5,13.64,11.22,10.0,0.0,25.0,cooling_degradation,0.83
fault_cooling_degradation_2,3222,1789815186.7531269,1803.9,144.85,658.05,2.12,110.52,0.0398,6.59,13.67,11.05,10.0,0.0,25.0,cooling_degradation,0.83
fault_cooling_degradation_2,3223,1789815187.7531269,1808.9,144.69,655.24,2.14,110.52,0.036,6.51,13.7,10.86,10.0,0.0,25.0,cooling_degradation,0.83
fault_cooling_degradation_2,3224,1789815188.7531269,1810.7,144.37,659.16,2.21,110.4,0.0301,6.36,13.74,11.33,10.0,0.0,25.0,cooling_degradation,0.83
fault_cooling_degradation_2,3225,1789815189.7531269,1812.3,144.83,661.25,2.2,110.39,0.0215,6.03,13.68,11.39,10.0,0.0,25.0,cooling_degradation,0.83
fault_cooling_degradation_2,3226,1789815190.7531269,1813.7,144.45,659.7,2.28,110.44,0.0309,6.17,13.71,11.35,10.0,0.0,25.0,cooling_degradation,0.83
fault_cooling_degradation_2,3227,1789815191.7531269,1851.4,144.57,655.42,2.3,110.31,0.0296,6.2,13.7,11.25,10.0,0.0,25.0,cooling_degradation,0.83
fault_cooling_degradation_2,3228,1789815192.7531269,1865.6,144.89,654.56,2.27,110.19,0.0332,6.2,13.7,11.44,10.0,0.0,25.0,cooling_degradation,0.83
fault_cooling_degradation_2,3229,1789815193.7531269,1872.7,144.92,649.4,2.24,110.08,0.0315,6.3,13.74,11.84,10.0,0.0,25.0,cooling_degradation,0.83
fault_cooling_degradation_2,3230,1789815194.7531269,1867.9,144.69,647.98,2.27,110.23,0.0325,6.07,13.82,11.45,10.0,0.0,25.0,cooling_degradation,0.83
fault_cooling_degradation_2,3231,1789815195.7531269,1860.4,144.58,646.21,2.17,110.23,0.0324,6.14,13.85,11.24,10.0,0.0,25.0,cooling_degradation,0.83
fault_cooling_degradation_2,3232,1789815196.7531269,1885.9,144.41,641.39,2.18,110.41,0.0361,6.17,13.81,11.6,10.0,0.0,25.0,cooling_degradation,0.83
fault_cooling_degradation_2,3233,1789815197.7531269,1884.7,144.36,638.2,2.3,110.36,0.0221,6.25,13.83,11.59,10.0,0.0,25.0,cooling_degradation,0.83
fault_cooling_degradation_2,3234,1789815198.7531269,1885.4,144.55,644.17,2.32,110.17,0.029,6.41,13.87,11.38,10.0,0.0,25.0,cooling_degradation,0.83
fault_cooling_degradation_2,3235,1789815199.7531269,1901.0,144.52,640.98,2.35,110.27,0.0295,6.51,13.83,11.08,10.0,0.0,25.0,cooling_degradation,0.83
fault_cooling_degradation_2,3236,1789815200.7531269,1886.9,144.51,640.44,2.42,110.35,0.0327,6.37,13.83,11.15,10.0,0.0,25.0,cooling_degradation,0.83
fault_cooling_degradation_2,3237,1789815201.7531269,1875.1,144.97,641.2,2.36,110.44,0.0233,6.53,13.9,11.33,10.0,0.0,25.0,cooling_degradation,0.83
fault_cooling_degradation_2,3238,1789815202.7531269,1908.2,144.49,640.13,2.36,110.45,0.0163,6.48,13.88,11.5,10.0,0.0,25.0,cooling_degradation,0.83
fault_cooling_degradation_2,3239,1789815203.7531269,1894.6,144.22,638.57,2.38,110.37,0.0212,6.4,13.87,11.32,10.0,0.0,25.0,cooling_degradation,0.83
fault_cooling_degradation_2,3240,1789815204.7531269,1878.3,144.18,643.2,2.28,110.18,0.0262,6.3,13.82,11.35,10.0,0.0,25.0,cooling_degradation,0.83
fault_cooling_degradation_2,3241,1789815205.7531269,1852.6,144.21,642.02,2.3,110.32,0.0301,6.24,13.84,11.36,10.0,0.0,25.0,cooling_degradation,0.83
fault_cooling_degradation_2,3242,1789815206.7531269,1833.6,144.22,641.43,2.22,110.44,0.0365,6.3,13.81,11.44,10.0,0.0,25.0,cooling_degradation,0.83
fault_cooling_degradation_2,3243,1789815207.7531269,1847.5,144.38,641.04,2.19,110.55,0.026,6.33,13.87,11.53,10.0,0.0,25.0,cooling_degradation,0.83
fault_cooling_degradation_2,3244,1789815208.7531269,1852.3,144.39,639.31,2.29,110.6,0.0257,6.39,13.86,11.41,10.0,0.0,25.0,cooling_degradation,0.83
fault_cooling_degradation_2,3245,1789815209.7531269,1830.4,144.19,638.35,2.25,110.6,0.0376,6.48,13.88,11.59,10.0,0.0,25.0,cooling_degradation,0.83
fault_cooling_degradation_2,3246,1789815210.7531269,1862.1,144.19,640.1,2.33,110.66,0.0331,6.47,13.8,11.53,10.0,0.0,25.0,cooling_degradation,0.83
fault_cooling_degradation_2,3247,1789815211.7531269,1854.3,144.09,637.12,2.41,110.44,0.033,6.37,13.79,11.23,10.0,0.0,25.0,cooling_degradation,0.83
fault_cooling_degradation_2,3248,1789815212.7531269,1835.6,144.23,638.24,2.42,110.27,0.0426,6.5,13.76,11.27,10.0,0.0,25.0,cooling_degradation,0.83
fault_cooling_degradation_2,3249,1789815213.7531269,1863.5,144.31,635.42,2.39,110.25,0.0351,6.49,13.93,11.49,10.0,0.0,25.0,cooling_degradation,0.83
fault_cooling_degradation_2,3250,1789815214.7531269,1894.0,144.31,638.03,2.31,110.23,0.0315,6.3,13.93,11.27,10.0,0.0,25.0,cooling_degradation,0.83
fault_cooling_degradation_2,3251,1789815215.7531269,1878.8,144.06,637.41,2.29,110.29,0.0267,6.22,13.93,11.49,10.0,0.0,25.0,cooling_degradation,0.83
fault_cooling_degradation_2,3252,1789815216.7531269,1897.2,144.49,635.81,2.26,110.36,0.0223,6.37,13.86,11.36,10.0,0.0,25.0,cooling_degradation,0.83
fault_cooling_degradation_2,3253,1789815217.7531269,1904.0,144.37,640.35,2.25,110.32,0.0263,6.47,13.88,10.95,10.0,0.0,25.0,cooling_degradation,0.83
fault_cooling_degradation_2,3254,1789815218.7531269,1899.4,144.4,646.41,2.2,110.24,0.0169,6.52,13.83,11.17,10.0,0.0,25.0,cooling_degradation,0.83
fault_cooling_degradation_2,3255,1789815219.7531269,1897.4,144.66,650.31,2.23,110.22,0.0151,6.69,13.83,11.15,10.0,0.0,25.0,cooling_degradation,0.83
fault_cooling_degradation_2,3256,1789815220.7531269,1879.6,144.89,651.58,2.25,110.21,0.0231,6.61,13.81,10.93,10.0,0.0,25.0,cooling_degradation,0.83
fault_cooling_degradation_2,3257,1789815221.7531269,1894.1,144.86,649.51,2.14,110.16,0.0233,6.64,13.79,10.95,10.0,0.0,25.0,cooling_degradation,0.83
fault_cooling_degradation_2,3258,1789815222.7531269,1874.6,144.82,644.13,2.14,110.28,0.0191,6.71,13.75,11.2,10.0,0.0,25.0,cooling_degradation,0.83
fault_cooling_degradation_2,3259,1789815223.7531269,1830.3,144.87,643.56,2.15,110.34,0.026,6.51,13.76,11.27,10.0,0.0,25.0,cooling_degradation,0.83
fault_cooling_degradation_2,3260,1789815224.7531269,1806.3,144.68,641.38,2.27,110.34,0.0266,6.53,13.81,11.34,10.0,0.0,25.0,cooling_degradation,0.83
fault_cooling_degradation_2,3261,1789815225.7531269,1811.8,144.59,642.39,2.24,110.24,0.0278,6.51,13.78,11.4,10.0,0.0,25.0,cooling_degradation,0.83
fault_cooling_degradation_2,3262,1789815226.7531269,1824.2,144.83,642.43,2.3,110.11,0.0338,6.58,13.82,11.16,10.0,0.0,25.0,cooling_degradation,0.83
fault_cooling_degradation_2,3263,1789815227.7531269,1826.6,144.55,645.24,2.22,110.05,0.0312,6.67,13.84,11.09,10.0,0.0,25.0,cooling_degradation,0.83
fault_cooling_degradation_2,3264,1789815228.7531269,1830.9,144.57,645.55,2.19,109.95,0.034,6.72,13.89,11.06,10.0,0.0,25.0,cooling_degradation,0.83
fault_cooling_degradation_2,3265,1789815229.7531269,1804.1,144.27,644.3,2.21,110.08,0.0397,6.66,13.82,11.0,10.0,0.0,25.0,cooling_degradation,0.83
fault_cooling_degradation_2,3266,1789815230.7531269,1807.9,144.17,644.15,2.21,110.29,0.0405,6.72,13.81,11.21,10.0,0.0,25.0,cooling_degradation,0.83
fault_cooling_degradation_2,3267,1789815231.7531269,1788.5,144.28,641.62,2.19,110.03,0.0352,6.68,13.83,11.06,10.0,0.0,25.0,cooling_degradation,0.83
fault_cooling_degradation_2,3268,1789815232.7531269,1831.1,144.61,639.95,2.27,110.18,0.0397,6.53,13.78,11.06,10.0,0.0,25.0,cooling_degradation,0.83
fault_cooling_degradation_2,3269,1789815233.7531269,1830.2,144.55,632.36,2.29,110.17,0.0351,6.49,13.8,11.02,10.0,0.0,25.0,cooling_degradation,0.83
fault_cooling_degradation_2,3270,1789815234.7531269,1797.0,144.32,637.41,2.3,110.2,0.0296,6.61,13.84,11.24,10.0,0.0,25.0,cooling_degradation,0.83
fault_cooling_degradation_2,3271,1789815235.7531269,1768.7,144.64,641.58,2.3,110.14,0.0392,6.53,13.97,11.09,10.0,0.0,25.0,cooling_degradation,0.83
fault_cooling_degradation_2,3272,1789815236.7531269,1786.0,144.62,639.36,2.33,110.04,0.033,6.64,13.91,11.22,10.0,0.0,25.0,cooling_degradation,0.83
fault_cooling_degradation_2,3273,1789815237.7531269,1807.2,144.54,643.78,2.29,109.86,0.0289,6.48,13.95,11.4,10.0,0.0,25.0,cooling_degradation,0.83
fault_cooling_degradation_2,3274,1789815238.7531269,1835.1,144.28,641.37,2.31,109.93,0.0323,6.48,13.89,11.41,10.0,0.0,25.0,cooling_degradation,0.83
fault_cooling_degradation_2,3275,1789815239.7531269,1855.3,144.65,642.78,2.3,110.1,0.0347,6.59,13.87,11.73,10.0,0.0,25.0,cooling_degradation,0.83
fault_cooling_degradation_2,3276,1789815240.7531269,1872.4,144.85,641.88,2.28,109.96,0.0314,6.57,13.91,11.31,10.0,0.0,25.0,cooling_degradation,0.83
fault_cooling_degradation_2,3277,1789815241.7531269,1852.2,144.85,644.41,2.31,110.02,0.0245,6.61,13.83,10.91,10.0,0.0,25.0,cooling_degradation,0.83
fault_cooling_degradation_2,3278,1789815242.7531269,1843.9,144.67,641.84,2.18,109.96,0.0248,6.63,13.84,10.84,10.0,0.0,25.0,cooling_degradation,0.83
fault_cooling_degradation_2,3279,1789815243.7531269,1833.3,144.73,644.8,2.2,109.93,0.0297,6.7,13.78,10.85,10.0,0.0,25.0,cooling_degradation,0.83
fault_cooling_degradation_2,3280,1789815244.7531269,1839.2,144.6,644.62,2.29,109.82,0.016,6.75,13.78,11.15,10.0,0.0,25.0,cooling_degradation,0.83
fault_cooling_degradation_2,3281,1789815245.7531269,1852.2,144.36,638.14,2.36,109.98,0.0269,6.61,13.66,11.31,10.0,0.0,25.0,cooling_degradation,0.83
fault_cooling_degradation_2,3282,1789815246.7531269,1866.8,144.31,640.63,2.28,109.93,0.0302,6.67,13.71,11.46,10.0,0.0,25.0,cooling_degradation,0.83
fault_cooling_degradation_2,3283,1789815247.7531269,1877.7,144.47,643.99,2.33,110.22,0.0209,6.65,13.75,11.41,10.0,0.0,25.0,cooling_degradation,0.83
fault_cooling_degradation_2,3284,1789815248.7531269,1890.6,144.79,644.56,2.4,110.17,0.0262,6.55,13.8,11.36,10.0,0.0,25.0,cooling_degradation,0.83
fault_cooling_degradation_2,3285,1789815249.7531269,1881.0,145.03,642.31,2.35,110.29,0.0235,6.47,13.74,11.63,10.0,0.0,25.0,cooling_degradation,0.83
fault_cooling_degradation_2,3286,1789815250.7531269,1843.2,144.76,644.12,2.36,110.08,0.0241,6.61,13.75,11.42,10.0,0.0,25.0,cooling_degradation,0.83
fault_cooling_degradation_2,3287,1789815251.7531269,1830.2,144.78,641.4,2.43,110.22,0.0294,6.74,13.67,11.12,10.0,0.0,25.0,cooling_degradation,0.83
fault_cooling_degradation_2,3288,1789815252.7531269,1849.0,144.77,638.15,2.37,110.24,0.0336,6.83,13.66,11.3,10.0,0.0,25.0,cooling_degradation,0.83
fault_cooling_degradation_2,3289,1789815253.7531269,1842.0,144.52,640.25,2.26,110.16,0.0366,6.75,13.7,11.22,10.0,0.0,25.0,cooling_degradation,0.83
fault_cooling_degradation_2,3290,1789815254.7531269,1838.1,144.28,643.21,2.32,110.02,0.0315,6.77,13.78,11.09,10.0,0.0,25.0,cooling_degradation,0.83
fault_cooling_degradation_2,3291,1789815255.7531269,1848.7,144.5,639.93,2.34,110.01,0.0276,6.67,13.71,11.02,10.0,0.0,25.0,cooling_degradation,0.83
fault_cooling_degradation_2,3292,1789815256.7531269,1853.7,144.44,640.32,2.23,110.03,0.0296,6.59,13.75,11.51,10.0,0.0,25.0,cooling_degradation,0.83
fault_cooling_degradation_2,3293,1789815257.7531269,1890.3,144.67,639.96,2.23,110.16,0.0271,6.6,13.76,11.33,10.0,0.0,25.0,cooling_degradation,0.83
fault_cooling_degradation_2,3294,1789815258.7531269,1876.2,144.44,640.64,2.24,110.2,0.0248,6.62,13.63,11.04,10.0,0.0,25.0,cooling_degradation,0.83
fault_cooling_degradation_2,3295,1789815259.7531269,1901.8,144.37,638.46,2.39,110.22,0.0297,6.59,13.68,11.12,10.0,0.0,25.0,cooling_degradation,0.83
fault_cooling_degradation_2,3296,1789815260.7531269,1905.9,144.49,636.95,2.32,110.21,0.0315,6.49,13.67,11.37,10.0,0.0,25.0,cooling_degradation,0.83
fault_cooling_degradation_2,3297,1789815261.7531269,1926.5,144.53,638.76,2.29,110.3,0.0378,6.53,13.63,11.38,10.0,0.0,25.0,cooling_degradation,0.83
fault_cooling_degradation_2,3298,1789815262.7531269,1916.7,144.69,643.62,2.29,110.35,0.0384,6.53,13.67,11.14,10.0,0.0,25.0,cooling_degradation,0.83
fault_cooling_degradation_2,3299,1789815263.7531269,1898.2,144.76,643.44,2.23,110.18,0.0297,6.6,13.66,10.85,10.0,0.0,25.0,cooling_degradation,0.83
fault_cooling_degradation_2,3300,1789815264.7531269,951.7,140.45,497.77,0.0,109.66,0.0,0.02,13.07,0.0,0.0,0.0,25.0,cooling_degradation,0.83
fault_cooling_degradation_2,3301,1789815265.7531269,490.4,136.47,392.46,0.0,109.27,0.0,0.0,12.75,0.0,0.0,0.0,25.0,cooling_degradation,0.83
fault_cooling_degradation_2,3302,1789815266.7531269,251.7,132.62,316.04,0.0,108.88,0.0004,0.01,12.64,0.0,0.0,0.0,25.0,cooling_degradation,0.83
fault_cooling_degradation_2,3303,1789815267.7531269,128.5,128.99,261.42,0.0,108.52,0.0,0.0,12.64,0.0,0.0,0.0,25.0,cooling_degradation,0.83
fault_cooling_degradation_2,3304,1789815268.7531269,65.6,125.51,222.92,0.01,108.16,0.0,0.0,12.69,0.0,0.0,0.0,25.0,cooling_degradation,0.83
fault_cooling_degradation_2,3305,1789815269.7531269,34.2,122.21,194.4,0.01,107.8,0.0,0.0,12.62,0.01,0.0,0.0,25.0,cooling_degradation,0.83
fault_cooling_degradation_2,3306,1789815270.7531269,17.6,119.11,174.66,0.0,107.45,0.0,0.01,12.56,0.0,0.0,0.0,25.0,cooling_degradation,0.83
fault_cooling_degradation_2,3307,1789815271.7531269,8.8,116.13,159.76,0.0,107.08,0.0,0.02,12.53,0.0,0.0,0.0,25.0,cooling_degradation,0.83
fault_cooling_degradation_2,3308,1789815272.7531269,4.7,113.32,149.57,0.0,106.73,0.0,0.0,12.47,0.03,0.0,0.0,25.0,cooling_degradation,0.83
fault_cooling_degradation_2,3309,1789815273.7531269,2.5,110.67,142.48,0.0,106.37,0.0,0.0,12.44,0.02,0.0,0.0,25.0,cooling_degradation,0.83
fault_cooling_degradation_2,3310,1789815274.7531269,2.9,108.11,136.86,0.0,106.0,0.0,0.0,12.36,0.04,0.0,0.0,25.0,cooling_degradation,0.83
fault_cooling_degradation_2,3311,1789815275.7531269,2.7,105.68,133.15,0.0,105.65,0.0,0.02,12.4,0.03,0.0,0.0,25.0,cooling_degradation,0.83
fault_cooling_degradation_2,3312,1789815276.7531269,2.8,103.33,130.7,0.0,105.28,0.0,0.03,12.34,0.0,0.0,0.0,25.0,cooling_degradation,0.83
fault_cooling_degradation_2,3313,1789815277.7531269,1.0,101.13,128.73,0.0,104.94,0.0,0.03,12.36,0.0,0.0,0.0,25.0,cooling_degradation,0.83
fault_cooling_degradation_2,3314,1789815278.7531269,1.2,99.05,127.66,0.0,104.59,0.0,0.02,12.41,0.0,0.0,0.0,25.0,cooling_degradation,0.83
fault_cooling_degradation_2,3315,1789815279.7531269,0.0,97.07,126.97,0.0,104.25,0.0,0.03,12.39,0.0,0.0,0.0,25.0,cooling_degradation,0.83
fault_cooling_degradation_2,3316,1789815280.7531269,0.0,95.2,126.45,0.01,103.89,0.0,0.02,12.4,0.03,0.0,0.0,25.0,cooling_degradation,0.83
fault_cooling_degradation_2,3317,1789815281.7531269,0.0,93.38,125.84,0.01,103.54,0.0,0.02,12.34,0.01,0.0,0.0,25.0,cooling_degradation,0.83
fault_cooling_degradation_2,3318,1789815282.7531269,0.0,91.66,125.68,0.0,103.19,0.0008,0.0,12.39,0.02,0.0,0.0,25.0,cooling_degradation,0.83
fault_cooling_degradation_2,3319,1789815283.7531269,0.0,90.03,125.44,0.01,102.83,0.0003,0.0,12.39,0.02,0.0,0.0,25.0,cooling_degradation,0.83
fault_cooling_degradation_2,3320,1789815284.7531269,0.0,88.46,124.82,0.0,102.49,0.0005,0.0,12.41,0.0,0.0,0.0,25.0,cooling_degradation,0.83
fault_cooling_degradation_2,3321,1789815285.7531269,0.0,87.02,124.75,0.0,102.16,0.0007,0.0,12.33,0.0,0.0,0.0,25.0,cooling_degradation,0.83
fault_cooling_degradation_2,3322,1789815286.7531269,0.0,85.6,124.84,0.0,101.83,0.0003,0.0,12.32,0.0,0.0,0.0,25.0,cooling_degradation,0.83
fault_cooling_degradation_2,3323,1789815287.7531269,0.0,84.27,124.91,0.0,101.47,0.0003,0.0,12.36,0.0,0.0,0.0,25.0,cooling_degradation,0.83
fault_cooling_degradation_2,3324,1789815288.7531269,0.0,83.01,124.6,0.0,101.13,0.0006,0.0,12.51,0.03,0.0,0.0,25.0,cooling_degradation,0.83
fault_cooling_degradation_2,3325,1789815289.7531269,0.0,81.79,124.61,0.0,100.78,0.0,0.0,12.58,0.02,0.0,0.0,25.0,cooling_degradation,0.83
fault_cooling_degradation_2,3326,1789815290.7531269,0.0,80.65,124.73,0.0,100.46,0.0003,0.0,12.6,0.02,0.0,0.0,25.0,cooling_degradation,0.83
fault_cooling_degradation_2,3327,1789815291.7531269,0.0,79.56,124.94,0.0,100.13,0.0005,0.0,12.54,0.04,0.0,0.0,25.0,cooling_degradation,0.83
fault_cooling_degradation_2,3328,1789815292.7531269,0.0,78.48,125.24,0.0,99.82,0.0005,0.0,12.51,0.02,0.0,0.0,25.0,cooling_degradation,0.83
fault_cooling_degradation_2,3329,1789815293.7531269,0.0,77.52,125.55,0.0,99.49,0.0004,0.0,12.4,0.0,0.0,0.0,25.0,cooling_degradation,0.83
fault_cooling_degradation_2,3330,1789815294.7531269,0.0,76.59,125.31,0.0,99.16,0.0005,0.0,12.4,0.02,0.0,0.0,25.0,cooling_degradation,0.83
fault_cooling_degradation_2,3331,1789815295.7531269,1.2,75.68,125.48,0.0,98.85,0.0005,0.0,12.44,0.03,0.0,0.0,25.0,cooling_degradation,0.83
fault_cooling_degradation_2,3332,1789815296.7531269,0.0,74.81,125.74,0.0,98.52,0.0,0.0,12.47,0.03,0.0,0.0,25.0,cooling_degradation,0.83
fault_cooling_degradation_2,3333,1789815297.7531269,0.0,73.98,125.4,0.0,98.22,0.0,0.0,12.45,0.01,0.0,0.0,25.0,cooling_degradation,0.83
fault_cooling_degradation_2,3334,1789815298.7531269,0.7,73.23,125.79,0.0,97.9,0.0,0.0,12.47,0.02,0.0,0.0,25.0,cooling_degradation,0.83
fault_cooling_degradation_2,3335,1789815299.7531269,1.6,72.49,125.52,0.01,97.6,0.0,0.0,12.49,0.0,0.0,0.0,25.0,cooling_degradation,0.83
fault_cooling_degradation_2,3336,1789815300.7531269,0.0,71.81,125.61,0.01,97.29,0.0,0.0,12.37,0.0,0.0,0.0,25.0,cooling_degradation,0.83
fault_cooling_degradation_2,3337,1789815301.7531269,0.0,71.12,125.42,0.01,96.98,0.0,0.0,12.35,0.0,0.0,0.0,25.0,cooling_degradation,0.83
fault_cooling_degradation_2,3338,1789815302.7531269,0.0,70.5,124.99,0.0,96.66,0.0001,0.0,12.34,0.0,0.0,0.0,25.0,cooling_degradation,0.83
fault_cooling_degradation_2,3339,1789815303.7531269,0.0,69.9,125.06,0.0,96.35,0.0009,0.0,12.26,0.0,0.0,0.0,25.0,cooling_degradation,0.83
fault_cooling_degradation_2,3340,1789815304.7531269,0.0,69.36,125.05,0.0,96.06,0.0,0.01,12.27,0.0,0.0,0.0,25.0,cooling_degradation,0.83
fault_cooling_degradation_2,3341,1789815305.7531269,0.0,68.8,125.29,0.0,95.76,0.0,0.0,12.3,0.0,0.0,0.0,25.0,cooling_degradation,0.83
fault_cooling_degradation_2,3342,1789815306.7531269,0.0,68.26,125.09,0.0,95.47,0.0,0.01,12.33,0.0,0.0,0.0,25.0,cooling_degradation,0.83
fault_cooling_degradation_2,3343,1789815307.7531269,0.5,67.76,124.6,0.0,95.18,0.0,0.0,12.27,0.01,0.0,0.0,25.0,cooling_degradation,0.83
fault_cooling_degradation_2,3344,1789815308.7531269,1.5,67.29,124.6,0.01,94.89,0.0,0.0,12.23,0.0,0.0,0.0,25.0,cooling_degradation,0.83
fault_cooling_degradation_2,3345,1789815309.7531269,2.9,66.87,124.6,0.01,94.58,0.0011,0.0,12.23,0.0,0.0,0.0,25.0,cooling_degradation,0.83
fault_cooling_degradation_2,3346,1789815310.7531269,0.0,66.42,124.6,0.01,94.28,0.0005,0.01,12.32,0.0,0.0,0.0,25.0,cooling_degradation,0.83
fault_cooling_degradation_2,3347,1789815311.7531269,0.0,66.0,124.6,0.0,94.0,0.0003,0.01,12.35,0.0,0.0,0.0,25.0,cooling_degradation,0.83
fault_cooling_degradation_2,3348,1789815312.7531269,0.0,65.64,124.6,0.0,93.71,0.0005,0.01,12.42,0.0,0.0,0.0,25.0,cooling_degradation,0.83
fault_cooling_degradation_2,3349,1789815313.7531269,0.2,65.28,124.6,0.0,93.43,0.0,0.02,12.41,0.0,0.0,0.0,25.0,cooling_degradation,0.83
fault_cooling_degradation_2,3350,1789815314.7531269,0.0,64.92,124.6,0.0,93.15,0.0005,0.01,12.34,0.0,0.0,0.0,25.0,cooling_degradation,0.83
fault_cooling_degradation_2,3351,1789815315.7531269,0.0,64.57,124.6,0.0,92.86,0.0,0.01,12.33,0.0,0.0,0.0,25.0,cooling_degradation,0.83
fault_cooling_degradation_2,3352,1789815316.7531269,0.0,64.29,124.6,0.0,92.57,0.0,0.02,12.37,0.0,0.0,0.0,25.0,cooling_degradation,0.83
fault_cooling_degradation_2,3353,1789815317.7531269,0.0,63.94,124.6,0.0,92.29,0.0002,0.01,12.34,0.0,0.0,0.0,25.0,cooling_degradation,0.83
fault_cooling_degradation_2,3354,1789815318.7531269,0.0,63.64,124.6,0.01,92.0,0.0,0.0,12.29,0.04,0.0,0.0,25.0,cooling_degradation,0.83
fault_cooling_degradation_2,3355,1789815319.7531269,0.0,63.38,124.6,0.01,91.74,0.0002,0.01,12.29,0.0,0.0,0.0,25.0,cooling_degradation,0.83
fault_cooling_degradation_2,3356,1789815320.7531269,0.0,63.12,124.6,0.0,91.47,0.0,0.0,12.3,0.0,0.0,0.0,25.0,cooling_degradation,0.83
fault_cooling_degradation_2,3357,1789815321.7531269,0.0,62.91,125.02,0.0,91.21,0.0,0.01,12.34,0.0,0.0,0.0,25.0,cooling_degradation,0.83
fault_cooling_degradation_2,3358,1789815322.7531269,0.0,62.65,124.95,0.0,90.94,0.0,0.0,12.26,0.0,0.0,0.0,25.0,cooling_degradation,0.83
fault_cooling_degradation_2,3359,1789815323.7531269,0.0,62.43,124.6,0.0,90.67,0.0005,0.0,12.33,0.0,0.0,0.0,25.0,cooling_degradation,0.83
fault_cooling_degradation_2,3360,1789815324.7531269,0.0,62.24,124.6,0.0,90.4,0.0,0.0,12.23,0.05,0.0,0.0,25.0,cooling_degradation,0.83
fault_cooling_degradation_2,3361,1789815325.7531269,0.0,62.01,124.6,0.0,90.15,0.0005,0.0,12.2,0.07,0.0,0.0,25.0,cooling_degradation,0.83
fault_cooling_degradation_2,3362,1789815326.7531269,0.0,61.86,124.6,0.0,89.86,0.0005,0.0,12.27,0.02,0.0,0.0,25.0,cooling_degradation,0.83
fault_cooling_degradation_2,3363,1789815327.7531269,1.3,61.67,124.6,0.0,89.59,0.0,0.0,12.31,0.02,0.0,0.0,25.0,cooling_degradation,0.83
fault_cooling_degradation_2,3364,1789815328.7531269,0.6,61.51,124.6,0.0,89.33,0.0007,0.01,12.27,0.02,0.0,0.0,25.0,cooling_degradation,0.83
fault_cooling_degradation_2,3365,1789815329.7531269,2.0,61.35,124.6,0.0,89.05,0.0,0.02,12.34,0.01,0.0,0.0,25.0,cooling_degradation,0.83
fault_cooling_degradation_2,3366,1789815330.7531269,3.3,61.2,124.6,0.0,88.77,0.0,0.01,12.43,0.02,0.0,0.0,25.0,cooling_degradation,0.83
fault_cooling_degradation_2,3367,1789815331.7531269,1.2,61.05,124.6,0.0,88.52,0.0,0.02,12.45,0.0,0.0,0.0,25.0,cooling_degradation,0.83
fault_cooling_degradation_2,3368,1789815332.7531269,0.9,60.91,124.8,0.01,88.27,0.0,0.0,12.4,0.0,0.0,0.0,25.0,cooling_degradation,0.83
fault_cooling_degradation_2,3369,1789815333.7531269,2.0,60.8,124.6,0.02,88.02,0.0,0.0,12.39,0.0,0.0,0.0,25.0,cooling_degradation,0.83
fault_cooling_degradation_2,3370,1789815334.7531269,2.6,60.71,124.6,0.03,87.76,0.0,0.0,12.46,0.0,0.0,0.0,25.0,cooling_degradation,0.83
fault_cooling_degradation_2,3371,1789815335.7531269,2.4,60.61,124.6,0.02,87.5,0.0,0.0,12.41,0.01,0.0,0.0,25.0,cooling_degradation,0.83
fault_cooling_degradation_2,3372,1789815336.7531269,0.5,60.47,124.76,0.01,87.24,0.0,0.0,12.37,0.02,0.0,0.0,25.0,cooling_degradation,0.83
fault_cooling_degradation_2,3373,1789815337.7531269,0.5,60.34,124.77,0.0,86.99,0.0002,0.0,12.47,0.0,0.0,0.0,25.0,cooling_degradation,0.83
fault_cooling_degradation_2,3374,1789815338.7531269,0.4,60.27,124.6,0.0,86.75,0.0006,0.0,12.49,0.0,0.0,0.0,25.0,cooling_degradation,0.83
fault_cooling_degradation_2,3375,1789815339.7531269,0.0,60.14,124.6,0.0,86.49,0.0,0.0,12.57,0.0,0.0,0.0,25.0,cooling_degradation,0.83
fault_cooling_degradation_2,3376,1789815340.7531269,0.0,60.03,124.67,0.0,86.24,0.0,0.01,12.58,0.0,0.0,0.0,25.0,cooling_degradation,0.83
fault_cooling_degradation_2,3377,1789815341.7531269,0.0,59.94,124.79,0.0,85.98,0.0002,0.02,12.62,0.0,0.0,0.0,25.0,cooling_degradation,0.83
fault_cooling_degradation_2,3378,1789815342.7531269,0.0,59.84,125.06,0.0,85.76,0.0003,0.02,12.68,0.0,0.0,0.0,25.0,cooling_degradation,0.83
fault_cooling_degradation_2,3379,1789815343.7531269,0.0,59.78,125.27,0.0,85.52,0.0003,0.01,12.71,0.0,0.0,0.0,25.0,cooling_degradation,0.83
fault_cooling_degradation_2,3380,1789815344.7531269,0.0,59.68,124.96,0.0,85.28,0.0004,0.02,12.68,0.0,0.0,0.0,25.0,cooling_degradation,0.83
fault_cooling_degradation_2,3381,1789815345.7531269,0.0,59.59,124.6,0.0,85.05,0.0006,0.02,12.65,0.02,0.0,0.0,25.0,cooling_degradation,0.83
fault_cooling_degradation_2,3382,1789815346.7531269,0.0,59.52,124.6,0.0,84.83,0.0006,0.03,12.59,0.0,0.0,0.0,25.0,cooling_degradation,0.83
fault_cooling_degradation_2,3383,1789815347.7531269,0.0,59.45,124.6,0.0,84.58,0.0014,0.02,12.62,0.0,0.0,0.0,25.0,cooling_degradation,0.83
fault_cooling_degradation_2,3384,1789815348.7531269,0.0,59.38,124.6,0.0,84.33,0.0016,0.01,12.65,0.0,0.0,0.0,25.0,cooling_degradation,0.83
fault_cooling_degradation_2,3385,1789815349.7531269,0.0,59.31,124.6,0.0,84.09,0.0009,0.02,12.7,0.0,0.0,0.0,25.0,cooling_degradation,0.83
fault_cooling_degradation_2,3386,1789815350.7531269,0.0,59.24,124.6,0.0,83.86,0.0012,0.02,12.68,0.0,0.0,0.0,25.0,cooling_degradation,0.83
fault_cooling_degradation_2,3387,1789815351.7531269,0.0,59.22,124.81,0.0,83.61,0.0,0.0,12.67,0.0,0.0,0.0,25.0,cooling_degradation,0.83
fault_cooling_degradation_2,3388,1789815352.7531269,0.0,59.15,124.6,0.01,83.37,0.0,0.0,12.69,0.0,0.0,0.0,25.0,cooling_degradation,0.83
fault_cooling_degradation_2,3389,1789815353.7531269,0.0,59.1,124.6,0.0,83.12,0.0003,0.0,12.59,0.0,0.0,0.0,25.0,cooling_degradation,0.83
fault_cooling_degradation_2,3390,1789815354.7531269,0.0,59.02,124.6,0.01,82.89,0.0004,0.0,12.65,0.0,0.0,0.0,25.0,cooling_degradation,0.83
fault_cooling_degradation_2,3391,1789815355.7531269,0.0,59.01,124.6,0.01,82.65,0.0,0.0,12.64,0.0,0.0,0.0,25.0,cooling_degradation,0.83
fault_cooling_degradation_2,3392,1789815356.7531269,0.0,59.01,124.6,0.0,82.41,0.0004,0.0,12.6,0.02,0.0,0.0,25.0,cooling_degradation,0.83
fault_cooling_degradation_2,3393,1789815357.7531269,0.0,58.97,124.6,0.0,82.17,0.0007,0.0,12.63,0.04,0.0,0.0,25.0,cooling_degradation,0.83
fault_cooling_degradation_2,3394,1789815358.7531269,0.0,58.94,124.6,0.0,81.94,0.0004,0.0,12.59,0.02,0.0,0.0,25.0,cooling_degradation,0.83
fault_cooling_degradation_2,3395,1789815359.7531269,0.3,58.88,124.6,0.01,81.71,0.0,0.0,12.63,0.01,0.0,0.0,25.0,cooling_degradation,0.83
fault_cooling_degradation_2,3396,1789815360.7531269,0.0,58.84,124.6,0.01,81.5,0.0005,0.01,12.73,0.01,0.0,0.0,25.0,cooling_degradation,0.83
fault_cooling_degradation_2,3397,1789815361.7531269,0.0,58.81,124.6,0.01,81.27,0.0,0.0,12.75,0.05,0.0,0.0,25.0,cooling_degradation,0.83
fault_cooling_degradation_2,3398,1789815362.7531269,0.0,58.8,124.8,0.01,81.05,0.0,0.0,12.78,0.0,0.0,0.0,25.0,cooling_degradation,0.83
fault_cooling_degradation_2,3399,1789815363.7531269,0.0,58.77,124.6,0.01,80.85,0.0,0.0,12.88,0.01,0.0,0.0,25.0,cooling_degradation,0.83
fault_cooling_degradation_2,3400,1789815364.7531269,1.4,58.75,124.89,0.01,80.63,0.0,0.01,12.9,0.01,0.0,0.0,25.0,cooling_degradation,0.83
fault_cooling_degradation_2,3401,1789815365.7531269,0.0,58.73,124.6,0.0,80.4,0.0,0.01,12.88,0.0,0.0,0.0,25.0,cooling_degradation,0.83
fault_cooling_degradation_2,3402,1789815366.7531269,1.5,58.69,124.6,0.0,80.19,0.0004,0.0,12.87,0.0,0.0,0.0,25.0,cooling_degradation,0.83
fault_cooling_degradation_2,3403,1789815367.7531269,2.0,58.69,124.6,0.01,79.97,0.0007,0.0,12.9,0.0,0.0,0.0,25.0,cooling_degradation,0.83
fault_cooling_degradation_2,3404,1789815368.7531269,1.7,58.64,124.6,0.0,79.77,0.0008,0.0,12.77,0.0,0.0,0.0,25.0,cooling_degradation,0.83
fault_cooling_degradation_2,3405,1789815369.7531269,0.0,58.6,124.6,0.01,79.56,0.0008,0.0,12.68,0.0,0.0,0.0,25.0,cooling_degradation,0.83
fault_cooling_degradation_2,3406,1789815370.7531269,0.0,58.58,124.6,0.0,79.34,0.0013,0.0,12.67,0.0,0.0,0.0,25.0,cooling_degradation,0.83
fault_cooling_degradation_2,3407,1789815371.7531269,0.1,58.6,124.6,0.0,79.13,0.0002,0.0,12.61,0.0,0.0,0.0,25.0,cooling_degradation,0.83
fault_cooling_degradation_2,3408,1789815372.7531269,0.0,58.58,124.63,0.0,78.91,0.0,0.01,12.58,0.0,0.0,0.0,25.0,cooling_degradation,0.83
fault_cooling_degradation_2,3409,1789815373.7531269,0.0,58.53,124.6,0.0,78.73,0.0,0.02,12.58,0.0,0.0,0.0,25.0,cooling_degradation,0.83
fault_cooling_degradation_2,3410,1789815374.7531269,1.3,58.53,124.63,0.0,78.52,0.0,0.0,12.59,0.0,0.0,0.0,25.0,cooling_degradation,0.83
fault_cooling_degradation_2,3411,1789815375.7531269,1.8,58.53,125.02,0.0,78.31,0.0,0.01,12.64,0.01,0.0,0.0,25.0,cooling_degradation,0.83
fault_cooling_degradation_2,3412,1789815376.7531269,1.2,58.51,124.98,0.0,78.11,0.0003,0.01,12.59,0.0,0.0,0.0,25.0,cooling_degradation,0.83
fault_cooling_degradation_2,3413,1789815377.7531269,1.1,58.47,124.83,0.0,77.88,0.0004,0.0,12.55,0.0,0.0,0.0,25.0,cooling_degradation,0.83
fault_cooling_degradation_2,3414,1789815378.7531269,1.9,58.47,124.86,0.0,77.68,0.0,0.01,12.44,0.01,0.0,0.0,25.0,cooling_degradation,0.83
fault_cooling_degradation_2,3415,1789815379.7531269,1.6,58.44,124.6,0.0,77.49,0.0,0.01,12.41,0.0,0.0,0.0,25.0,cooling_degradation,0.83
fault_cooling_degradation_2,3416,1789815380.7531269,3.1,58.43,124.6,0.0,77.28,0.0,0.01,12.43,0.0,0.0,0.0,25.0,cooling_degradation,0.83
fault_cooling_degradation_2,3417,1789815381.7531269,2.0,58.41,124.6,0.0,77.07,0.0,0.02,12.52,0.0,0.0,0.0,25.0,cooling_degradation,0.83
fault_cooling_degradation_2,3418,1789815382.7531269,0.0,58.42,124.6,0.0,76.87,0.0,0.0,12.43,0.0,0.0,0.0,25.0,cooling_degradation,0.83
fault_cooling_degradation_2,3419,1789815383.7531269,0.0,58.44,124.6,0.0,76.7,0.0,0.0,12.44,0.0,0.0,0.0,25.0,cooling_degradation,0.83
fault_cooling_degradation_2,3420,1789815384.7531269,0.0,58.43,124.6,0.0,76.51,0.0002,0.0,12.47,0.0,0.0,0.0,25.0,cooling_degradation,0.83
fault_cooling_degradation_2,3421,1789815385.7531269,0.0,58.42,124.6,0.0,76.32,0.0007,0.0,12.49,0.0,0.0,0.0,25.0,cooling_degradation,0.83
fault_cooling_degradation_2,3422,1789815386.7531269,0.0,58.4,124.6,0.0,76.1,0.0003,0.0,12.5,0.0,0.0,0.0,25.0,cooling_degradation,0.83
fault_cooling_degradation_2,3423,1789815387.7531269,0.0,58.4,124.81,0.0,75.92,0.0,0.0,12.52,0.0,0.0,0.0,25.0,cooling_degradation,0.83
fault_cooling_degradation_2,3424,1789815388.7531269,0.0,58.38,124.71,0.0,75.73,0.0002,0.0,12.55,0.0,0.0,0.0,25.0,cooling_degradation,0.83
fault_cooling_degradation_2,3425,1789815389.7531269,0.0,58.37,124.82,0.0,75.54,0.0006,0.0,12.46,0.02,0.0,0.0,25.0,cooling_degradation,0.83
fault_cooling_degradation_2,3426,1789815390.7531269,0.0,58.35,124.95,0.0,75.36,0.0003,0.0,12.39,0.04,0.0,0.0,25.0,cooling_degradation,0.83
fault_cooling_degradation_2,3427,1789815391.7531269,1.2,58.33,124.6,0.0,75.16,0.0006,0.0,12.42,0.04,0.0,0.0,25.0,cooling_degradation,0.83
fault_cooling_degradation_2,3428,1789815392.7531269,0.0,58.31,124.6,0.0,74.96,0.0,0.0,12.46,0.01,0.0,0.0,25.0,cooling_degradation,0.83
fault_cooling_degradation_2,3429,1789815393.7531269,1.3,58.28,124.6,0.0,74.78,0.0003,0.0,12.46,0.0,0.0,0.0,25.0,cooling_degradation,0.83
fault_cooling_degradation_2,3430,1789815394.7531269,3.3,58.27,124.6,0.0,74.62,0.0008,0.0,12.47,0.0,0.0,0.0,25.0,cooling_degradation,0.83
fault_cooling_degradation_2,3431,1789815395.7531269,3.6,58.25,124.6,0.0,74.44,0.0008,0.0,12.57,0.0,0.0,0.0,25.0,cooling_degradation,0.83
fault_cooling_degradation_2,3432,1789815396.7531269,0.0,58.23,124.75,0.0,74.26,0.0002,0.0,12.53,0.0,0.0,0.0,25.0,cooling_degradation,0.83
fault_cooling_degradation_2,3433,1789815397.7531269,0.0,58.22,124.98,0.0,74.09,0.0008,0.0,12.5,0.0,0.0,0.0,25.0,cooling_degradation,0.83
fault_cooling_degradation_2,3434,1789815398.7531269,0.7,58.21,124.99,0.0,73.91,0.0006,0.0,12.37,0.0,0.0,0.0,25.0,cooling_degradation,0.83
fault_cooling_degradation_2,3435,1789815399.7531269,0.0,58.23,125.28,0.0,73.73,0.0009,0.0,12.35,0.01,0.0,0.0,25.0,cooling_degradation,0.83
fault_cooling_degradation_2,3436,1789815400.7531269,0.0,58.27,125.31,0.0,73.56,0.0003,0.0,12.36,0.01,0.0,0.0,25.0,cooling_degradation,0.83
fault_cooling_degradation_2,3437,1789815401.7531269,0.0,58.25,125.04,0.0,73.37,0.0009,0.0,12.4,0.0,0.0,0.0,25.0,cooling_degradation,0.83
fault_cooling_degradation_2,3438,1789815402.7531269,0.0,58.25,125.11,0.0,73.19,0.0003,0.0,12.36,0.0,0.0,0.0,25.0,cooling_degradation,0.83
fault_cooling_degradation_2,3439,1789815403.7531269,0.0,58.27,125.68,0.0,73.01,0.0,0.0,12.36,0.0,0.0,0.0,25.0,cooling_degradation,0.83
fault_cooling_degradation_2,3440,1789815404.7531269,0.0,58.3,125.46,0.0,72.84,0.0008,0.0,12.29,0.04,0.0,0.0,25.0,cooling_degradation,0.83
fault_cooling_degradation_2,3441,1789815405.7531269,0.0,58.31,125.29,0.0,72.68,0.0007,0.0,12.32,0.02,0.0,0.0,25.0,cooling_degradation,0.83
fault_cooling_degradation_2,3442,1789815406.7531269,0.0,58.32,124.82,0.0,72.52,0.0009,0.0,12.24,0.0,0.0,0.0,25.0,cooling_degradation,0.83
fault_cooling_degradation_2,3443,1789815407.7531269,0.0,58.31,124.61,0.0,72.35,0.0017,0.02,12.19,0.01,0.0,0.0,25.0,cooling_degradation,0.83
fault_cooling_degradation_2,3444,1789815408.7531269,0.0,58.29,124.6,0.0,72.17,0.0014,0.01,12.22,0.01,0.0,0.0,25.0,cooling_degradation,0.83
fault_cooling_degradation_2,3445,1789815409.7531269,0.0,58.31,124.6,0.01,71.99,0.0006,0.0,12.25,0.0,0.0,0.0,25.0,cooling_degradation,0.83
fault_cooling_degradation_2,3446,1789815410.7531269,0.0,58.31,124.6,0.01,71.82,0.0,0.0,12.24,0.0,0.0,0.0,25.0,cooling_degradation,0.83
fault_cooling_degradation_2,3447,1789815411.7531269,0.0,58.34,124.6,0.0,71.68,0.0,0.0,12.3,0.0,0.0,0.0,25.0,cooling_degradation,0.83
fault_cooling_degradation_2,3448,1789815412.7531269,0.0,58.3,124.6,0.0,71.52,0.0001,0.0,12.29,0.01,0.0,0.0,25.0,cooling_degradation,0.83
fault_cooling_degradation_2,3449,1789815413.7531269,0.0,58.29,124.6,0.0,71.35,0.0,0.0,12.28,0.06,0.0,0.0,25.0,cooling_degradation,0.83
fault_cooling_degradation_2,3450,1789815414.7531269,0.0,58.29,124.6,0.0,71.19,0.0,0.0,12.23,0.02,0.0,0.0,25.0,cooling_degradation,0.83
fault_cooling_degradation_2,3451,1789815415.7531269,0.0,58.27,124.6,0.01,71.02,0.0,0.0,12.2,0.0,0.0,0.0,25.0,cooling_degradation,0.83
fault_cooling_degradation_2,3452,1789815416.7531269,0.0,58.25,124.6,0.0,70.85,0.0004,0.0,12.21,0.01,0.0,0.0,25.0,cooling_degradation,0.83
fault_cooling_degradation_2,3453,1789815417.7531269,0.0,58.28,124.6,0.0,70.7,0.0008,0.0,12.21,0.0,0.0,0.0,25.0,cooling_degradation,0.83
fault_cooling_degradation_2,3454,1789815418.7531269,0.0,58.25,124.6,0.0,70.53,0.0016,0.0,12.29,0.02,0.0,0.0,25.0,cooling_degradation,0.83
fault_cooling_degradation_2,3455,1789815419.7531269,0.0,58.23,124.6,0.0,70.37,0.0017,0.0,12.31,0.02,0.0,0.0,25.0,cooling_degradation,0.83
fault_cooling_degradation_2,3456,1789815420.7531269,0.0,58.2,124.6,0.0,70.19,0.0008,0.0,12.34,0.01,0.0,0.0,25.0,cooling_degradation,0.83
fault_cooling_degradation_2,3457,1789815421.7531269,1.2,58.2,124.6,0.0,70.02,0.0013,0.0,12.34,0.01,0.0,0.0,25.0,cooling_degradation,0.83
fault_cooling_degradation_2,3458,1789815422.7531269,1.8,58.21,124.6,0.0,69.86,0.0004,0.0,12.41,0.0,0.0,0.0,25.0,cooling_degradation,0.83
fault_cooling_degradation_2,3459,1789815423.7531269,0.0,58.2,124.6,0.0,69.69,0.0004,0.0,12.32,0.01,0.0,0.0,25.0,cooling_degradation,0.83
fault_cooling_degradation_2,3460,1789815424.7531269,0.0,58.2,124.6,0.0,69.53,0.0,0.0,12.34,0.03,0.0,0.0,25.0,cooling_degradation,0.83
fault_cooling_degradation_2,3461,1789815425.7531269,0.0,58.2,124.6,0.0,69.37,0.0,0.0,12.38,0.03,0.0,0.0,25.0,cooling_degradation,0.83
fault_cooling_degradation_2,3462,1789815426.7531269,0.0,58.2,124.6,0.0,69.22,0.0013,0.0,12.41,0.04,0.0,0.0,25.0,cooling_degradation,0.83
fault_cooling_degradation_2,3463,1789815427.7531269,0.0,58.2,124.6,0.0,69.09,0.0009,0.0,12.45,0.0,0.0,0.0,25.0,cooling_degradation,0.83
fault_cooling_degradation_2,3464,1789815428.7531269,0.0,58.2,124.6,0.0,68.94,0.0011,0.0,12.43,0.01,0.0,0.0,25.0,cooling_degradation,0.83
fault_cooling_degradation_2,3465,1789815429.7531269,0.0,58.2,124.6,0.0,68.81,0.0006,0.0,12.47,0.02,0.0,0.0,25.0,cooling_degradation,0.83
fault_cooling_degradation_2,3466,1789815430.7531269,0.0,58.2,124.6,0.01,68.66,0.0002,0.01,12.47,0.0,0.0,0.0,25.0,cooling_degradation,0.83
fault_cooling_degradation_2,3467,1789815431.7531269,0.0,58.2,124.6,0.0,68.51,0.0008,0.02,12.44,0.0,0.0,0.0,25.0,cooling_degradation,0.83
fault_cooling_degradation_2,3468,1789815432.7531269,0.4,58.2,124.6,0.0,68.37,0.0008,0.0,12.42,0.0,0.0,0.0,25.0,cooling_degradation,0.83
fault_cooling_degradation_2,3469,1789815433.7531269,0.0,58.22,124.6,0.0,68.22,0.001,0.02,12.4,0.01,0.0,0.0,25.0,cooling_degradation,0.83
fault_cooling_degradation_2,3470,1789815434.7531269,0.0,58.21,124.6,0.01,68.07,0.0005,0.02,12.5,0.0,0.0,0.0,25.0,cooling_degradation,0.83
fault_cooling_degradation_2,3471,1789815435.7531269,0.0,58.23,124.6,0.0,67.94,0.0007,0.02,12.5,0.02,0.0,0.0,25.0,cooling_degradation,0.83
fault_cooling_degradation_2,3472,1789815436.7531269,0.0,58.23,124.6,0.01,67.8,0.0006,0.01,12.43,0.03,0.0,0.0,25.0,cooling_degradation,0.83
fault_cooling_degradation_2,3473,1789815437.7531269,0.0,58.21,124.6,0.01,67.67,0.0,0.01,12.37,0.03,0.0,0.0,25.0,cooling_degradation,0.83
fault_cooling_degradation_2,3474,1789815438.7531269,0.0,58.2,124.6,0.0,67.53,0.0004,0.0,12.38,0.0,0.0,0.0,25.0,cooling_degradation,0.83
fault_cooling_degradation_2,3475,1789815439.7531269,0.0,58.2,124.6,0.0,67.39,0.0005,0.0,12.4,0.02,0.0,0.0,25.0,cooling_degradation,0.83
fault_cooling_degradation_2,3476,1789815440.7531269,0.0,58.2,124.6,0.0,67.25,0.0,0.0,12.36,0.01,0.0,0.0,25.0,cooling_degradation,0.83
fault_cooling_degradation_2,3477,1789815441.7531269,0.0,58.21,124.6,0.01,67.1,0.0,0.0,12.42,0.0,0.0,0.0,25.0,cooling_degradation,0.83
fault_cooling_degradation_2,3478,1789815442.7531269,2.3,58.2,124.6,0.0,66.95,0.0007,0.0,12.48,0.0,0.0,0.0,25.0,cooling_degradation,0.83
fault_cooling_degradation_2,3479,1789815443.7531269,1.0,58.2,124.6,0.0,66.82,0.0005,0.0,12.5,0.0,0.0,0.0,25.0,cooling_degradation,0.83
fault_cooling_degradation_2,3480,1789815444.7531269,1.4,58.2,124.6,0.0,66.67,0.0,0.03,12.53,0.0,0.0,0.0,25.0,cooling_degradation,0.83
fault_cooling_degradation_2,3481,1789815445.7531269,0.9,58.2,124.6,0.0,66.53,0.0004,0.01,12.56,0.01,0.0,0.0,25.0,cooling_degradation,0.83
fault_cooling_degradation_2,3482,1789815446.7531269,2.3,58.2,124.64,0.0,66.4,0.0005,0.0,12.58,0.0,0.0,0.0,25.0,cooling_degradation,0.83
fault_cooling_degradation_2,3483,1789815447.7531269,1.0,58.2,124.8,0.0,66.26,0.0016,0.0,12.57,0.01,0.0,0.0,25.0,cooling_degradation,0.83
fault_cooling_degradation_2,3484,1789815448.7531269,0.8,58.2,124.6,0.0,66.12,0.0007,0.0,12.6,0.03,0.0,0.0,25.0,cooling_degradation,0.83
fault_cooling_degradation_2,3485,1789815449.7531269,2.4,58.2,124.6,0.0,65.98,0.0004,0.0,12.77,0.0,0.0,0.0,25.0,cooling_degradation,0.83
fault_cooling_degradation_2,3486,1789815450.7531269,1.6,58.2,124.64,0.01,65.85,0.0002,0.0,12.67,0.0,0.0,0.0,25.0,cooling_degradation,0.83
fault_cooling_degradation_2,3487,1789815451.7531269,0.2,58.21,124.72,0.0,65.71,0.0004,0.0,12.62,0.02,0.0,0.0,25.0,cooling_degradation,0.83
fault_cooling_degradation_2,3488,1789815452.7531269,0.4,58.2,124.6,0.0,65.58,0.0001,0.0,12.61,0.0,0.0,0.0,25.0,cooling_degradation,0.83
fault_cooling_degradation_2,3489,1789815453.7531269,0.0,58.2,124.61,0.0,65.43,0.0011,0.0,12.64,0.0,0.0,0.0,25.0,cooling_degradation,0.83
fault_cooling_degradation_2,3490,1789815454.7531269,0.0,58.2,124.66,0.01,65.29,0.0015,0.0,12.51,0.0,0.0,0.0,25.0,cooling_degradation,0.83
fault_cooling_degradation_2,3491,1789815455.7531269,0.0,58.2,124.73,0.01,65.14,0.0021,0.0,12.53,0.0,0.0,0.0,25.0,cooling_degradation,0.83
fault_cooling_degradation_2,3492,1789815456.7531269,0.4,58.2,124.72,0.01,65.01,0.0015,0.0,12.49,0.0,0.0,0.0,25.0,cooling_degradation,0.83
fault_cooling_degradation_2,3493,1789815457.7531269,0.7,58.2,125.15,0.01,64.89,0.0012,0.0,12.49,0.0,0.0,0.0,25.0,cooling_degradation,0.83
fault_cooling_degradation_2,3494,1789815458.7531269,2.7,58.2,124.64,0.0,64.75,0.0007,0.0,12.44,0.0,0.0,0.0,25.0,cooling_degradation,0.83
fault_cooling_degradation_2,3495,1789815459.7531269,1.7,58.21,124.92,0.0,64.62,0.0003,0.0,12.36,0.0,0.0,0.0,25.0,cooling_degradation,0.83
fault_cooling_degradation_2,3496,1789815460.7531269,3.2,58.21,124.82,0.0,64.49,0.0,0.0,12.37,0.01,0.0,0.0,25.0,cooling_degradation,0.83
fault_cooling_degradation_2,3497,1789815461.7531269,3.6,58.2,124.67,0.01,64.35,0.0,0.0,12.35,0.01,0.0,0.0,25.0,cooling_degradation,0.83
fault_cooling_degradation_2,3498,1789815462.7531269,2.1,58.25,125.01,0.01,64.23,0.0,0.0,12.24,0.0,0.0,0.0,25.0,cooling_degradation,0.83
fault_cooling_degradation_2,3499,1789815463.7531269,0.0,58.22,124.81,0.01,64.1,0.0,0.0,12.3,0.0,0.0,0.0,25.0,cooling_degradation,0.83
fault_cooling_degradation_2,3500,1789815464.7531269,0.7,58.23,124.62,0.0,63.97,0.0,0.0,12.39,0.0,0.0,0.0,25.0,cooling_degradation,0.83
fault_cooling_degradation_2,3501,1789815465.7531269,1.0,58.2,124.6,0.01,63.85,0.0,0.0,12.44,0.0,0.0,0.0,25.0,cooling_degradation,0.83
fault_cooling_degradation_2,3502,1789815466.7531269,1.7,58.2,124.6,0.0,63.72,0.0001,0.02,12.43,0.02,0.0,0.0,25.0,cooling_degradation,0.83
fault_cooling_degradation_2,3503,1789815467.7531269,0.1,58.2,124.6,0.0,63.6,0.0002,0.03,12.49,0.01,0.0,0.0,25.0,cooling_degradation,0.83
fault_cooling_degradation_2,3504,1789815468.7531269,0.0,58.2,124.6,0.0,63.48,0.0,0.02,12.5,0.0,0.0,0.0,25.0,cooling_degradation,0.83
fault_cooling_degradation_2,3505,1789815469.7531269,0.0,58.2,124.6,0.0,63.36,0.0003,0.01,12.4,0.0,0.0,0.0,25.0,cooling_degradation,0.83
fault_cooling_degradation_2,3506,1789815470.7531269,0.2,58.2,124.6,0.0,63.23,0.0005,0.02,12.35,0.03,0.0,0.0,25.0,cooling_degradation,0.83
fault_cooling_degradation_2,3507,1789815471.7531269,0.0,58.21,124.6,0.0,63.12,0.0003,0.03,12.34,0.0,0.0,0.0,25.0,cooling_degradation,0.83
fault_cooling_degradation_2,3508,1789815472.7531269,0.0,58.22,124.6,0.01,62.99,0.0,0.02,12.33,0.0,0.0,0.0,25.0,cooling_degradation,0.83
fault_cooling_degradation_2,3509,1789815473.7531269,0.0,58.22,124.6,0.01,62.89,0.0012,0.03,12.3,0.02,0.0,0.0,25.0,cooling_degradation,0.83
fault_cooling_degradation_2,3510,1789815474.7531269,0.0,58.2,124.6,0.01,62.78,0.0002,0.02,12.35,0.02,0.0,0.0,25.0,cooling_degradation,0.83
fault_cooling_degradation_2,3511,1789815475.7531269,0.0,58.21,124.6,0.01,62.66,0.0002,0.0,12.41,0.04,0.0,0.0,25.0,cooling_degradation,0.83
fault_cooling_degradation_2,3512,1789815476.7531269,0.0,58.22,125.06,0.0,62.54,0.0003,0.01,12.39,0.02,0.0,0.0,25.0,cooling_degradation,0.83
fault_cooling_degradation_2,3513,1789815477.7531269,1.3,58.21,125.51,0.0,62.43,0.0,0.0,12.46,0.0,0.0,0.0,25.0,cooling_degradation,0.83
fault_cooling_degradation_2,3514,1789815478.7531269,1.4,58.21,125.69,0.0,62.31,0.0,0.01,12.47,0.0,0.0,0.0,25.0,cooling_degradation,0.83
fault_cooling_degradation_2,3515,1789815479.7531269,0.5,58.25,125.56,0.01,62.2,0.0006,0.01,12.36,0.0,0.0,0.0,25.0,cooling_degradation,0.83
fault_cooling_degradation_2,3516,1789815480.7531269,1.3,58.24,124.9,0.02,62.07,0.0004,0.01,12.36,0.02,0.0,0.0,25.0,cooling_degradation,0.83
fault_cooling_degradation_2,3517,1789815481.7531269,0.7,58.25,124.76,0.01,61.94,0.0008,0.01,12.37,0.03,0.0,0.0,25.0,cooling_degradation,0.83
fault_cooling_degradation_2,3518,1789815482.7531269,1.7,58.24,124.6,0.0,61.84,0.0011,0.02,12.33,0.01,0.0,0.0,25.0,cooling_degradation,0.83
fault_cooling_degradation_2,3519,1789815483.7531269,3.3,58.26,124.6,0.01,61.75,0.0014,0.03,12.33,0.0,0.0,0.0,25.0,cooling_degradation,0.83
fault_cooling_degradation_2,3520,1789815484.7531269,1.6,58.25,124.6,0.01,61.63,0.0013,0.03,12.37,0.02,0.0,0.0,25.0,cooling_degradation,0.83
fault_cooling_degradation_2,3521,1789815485.7531269,0.0,58.24,124.6,0.01,61.51,0.0006,0.03,12.4,0.0,0.0,0.0,25.0,cooling_degradation,0.83
fault_cooling_degradation_2,3522,1789815486.7531269,1.7,58.28,124.6,0.01,61.41,0.0001,0.02,12.33,0.0,0.0,0.0,25.0,cooling_degradation,0.83
fault_cooling_degradation_2,3523,1789815487.7531269,0.9,58.28,124.6,0.01,61.31,0.0,0.0,12.36,0.02,0.0,0.0,25.0,cooling_degradation,0.83
fault_cooling_degradation_2,3524,1789815488.7531269,0.0,58.28,124.6,0.0,61.21,0.0,0.0,12.43,0.0,0.0,0.0,25.0,cooling_degradation,0.83
fault_cooling_degradation_2,3525,1789815489.7531269,0.0,58.26,124.62,0.0,61.09,0.0003,0.0,12.41,0.01,0.0,0.0,25.0,cooling_degradation,0.83
fault_cooling_degradation_2,3526,1789815490.7531269,0.0,58.21,125.08,0.0,60.99,0.0,0.0,12.4,0.0,0.0,0.0,25.0,cooling_degradation,0.83
fault_cooling_degradation_2,3527,1789815491.7531269,0.0,58.21,125.29,0.0,60.87,0.0002,0.01,12.49,0.0,0.0,0.0,25.0,cooling_degradation,0.83
fault_cooling_degradation_2,3528,1789815492.7531269,0.0,58.2,125.15,0.0,60.77,0.0008,0.01,12.56,0.0,0.0,0.0,25.0,cooling_degradation,0.83
fault_cooling_degradation_2,3529,1789815493.7531269,0.0,58.2,124.6,0.0,60.64,0.0008,0.02,12.57,0.0,0.0,0.0,25.0,cooling_degradation,0.83
fault_cooling_degradation_2,3530,1789815494.7531269,0.0,58.2,124.6,0.0,60.55,0.0009,0.03,12.61,0.0,0.0,0.0,25.0,cooling_degradation,0.83
fault_cooling_degradation_2,3531,1789815495.7531269,1.6,58.2,124.6,0.0,60.46,0.0013,0.03,12.58,0.0,0.0,0.0,25.0,cooling_degradation,0.83
fault_cooling_degradation_2,3532,1789815496.7531269,3.3,58.2,124.6,0.0,60.34,0.001,0.03,12.57,0.02,0.0,0.0,25.0,cooling_degradation,0.83
fault_cooling_degradation_2,3533,1789815497.7531269,3.1,58.2,124.6,0.0,60.24,0.0014,0.01,12.63,0.0,0.0,0.0,25.0,cooling_degradation,0.83
fault_cooling_degradation_2,3534,1789815498.7531269,3.1,58.2,124.6,0.0,60.12,0.0012,0.0,12.62,0.0,0.0,0.0,25.0,cooling_degradation,0.83
fault_cooling_degradation_2,3535,1789815499.7531269,4.3,58.2,124.6,0.0,60.03,0.0009,0.0,12.57,0.01,0.0,0.0,25.0,cooling_degradation,0.83
fault_cooling_degradation_2,3536,1789815500.7531269,4.6,58.22,124.6,0.0,59.91,0.0012,0.0,12.57,0.01,0.0,0.0,25.0,cooling_degradation,0.83
fault_cooling_degradation_2,3537,1789815501.7531269,2.6,58.21,124.6,0.0,59.82,0.0,0.01,12.6,0.02,0.0,0.0,25.0,cooling_degradation,0.83
fault_cooling_degradation_2,3538,1789815502.7531269,2.5,58.21,124.6,0.0,59.72,0.0006,0.01,12.55,0.0,0.0,0.0,25.0,cooling_degradation,0.83
fault_cooling_degradation_2,3539,1789815503.7531269,1.0,58.2,124.6,0.0,59.62,0.0008,0.02,12.58,0.0,0.0,0.0,25.0,cooling_degradation,0.83
fault_cooling_degradation_2,3540,1789815504.7531269,3.2,58.21,124.6,0.0,59.52,0.0015,0.0,12.48,0.02,0.0,0.0,25.0,cooling_degradation,0.83
fault_cooling_degradation_2,3541,1789815505.7531269,2.3,58.23,124.6,0.0,59.4,0.0006,0.0,12.51,0.01,0.0,0.0,25.0,cooling_degradation,0.83
fault_cooling_degradation_2,3542,1789815506.7531269,1.9,58.23,124.6,0.01,59.29,0.0004,0.0,12.56,0.0,0.0,0.0,25.0,cooling_degradation,0.83
fault_cooling_degradation_2,3543,1789815507.7531269,2.0,58.24,124.6,0.0,59.22,0.0006,0.0,12.51,0.0,0.0,0.0,25.0,cooling_degradation,0.83
fault_cooling_degradation_2,3544,1789815508.7531269,0.0,58.24,124.6,0.0,59.11,0.0,0.0,12.57,0.0,0.0,0.0,25.0,cooling_degradation,0.83
fault_cooling_degradation_2,3545,1789815509.7531269,0.0,58.25,124.61,0.0,59.01,0.0,0.0,12.54,0.0,0.0,0.0,25.0,cooling_degradation,0.83
fault_cooling_degradation_2,3546,1789815510.7531269,0.4,58.26,124.7,0.0,58.92,0.0,0.0,12.58,0.0,0.0,0.0,25.0,cooling_degradation,0.83
fault_cooling_degradation_2,3547,1789815511.7531269,0.0,58.28,125.21,0.0,58.82,0.0,0.0,12.67,0.0,0.0,0.0,25.0,cooling_degradation,0.83
fault_cooling_degradation_2,3548,1789815512.7531269,0.0,58.32,125.0,0.0,58.73,0.0,0.01,12.57,0.0,0.0,0.0,25.0,cooling_degradation,0.83
fault_cooling_degradation_2,3549,1789815513.7531269,0.0,58.29,124.6,0.01,58.64,0.0005,0.01,12.56,0.0,0.0,0.0,25.0,cooling_degradation,0.83
fault_cooling_degradation_2,3550,1789815514.7531269,0.0,58.28,124.6,0.0,58.55,0.0,0.02,12.59,0.0,0.0,0.0,25.0,cooling_degradation,0.83
fault_cooling_degradation_2,3551,1789815515.7531269,0.0,58.29,124.6,0.01,58.45,0.0,0.03,12.56,0.01,0.0,0.0,25.0,cooling_degradation,0.83
fault_cooling_degradation_2,3552,1789815516.7531269,0.0,58.32,125.05,0.0,58.36,0.0001,0.03,12.6,0.0,0.0,0.0,25.0,cooling_degradation,0.83
fault_cooling_degradation_2,3553,1789815517.7531269,0.0,58.32,124.97,0.0,58.28,0.0,0.03,12.54,0.0,0.0,0.0,25.0,cooling_degradation,0.83
fault_cooling_degradation_2,3554,1789815518.7531269,0.0,58.29,124.71,0.0,58.2,0.0001,0.02,12.57,0.0,0.0,0.0,25.0,cooling_degradation,0.83
fault_cooling_degradation_2,3555,1789815519.7531269,0.0,58.29,124.6,0.0,58.11,0.0,0.01,12.56,0.0,0.0,0.0,25.0,cooling_degradation,0.83
fault_cooling_degradation_2,3556,1789815520.7531269,0.0,58.28,124.81,0.0,58.01,0.0,0.0,12.61,0.0,0.0,0.0,25.0,cooling_degradation,0.83
fault_cooling_degradation_2,3557,1789815521.7531269,0.0,58.27,124.71,0.0,57.91,0.0,0.0,12.72,0.0,0.0,0.0,25.0,cooling_degradation,0.83
fault_cooling_degradation_2,3558,1789815522.7531269,0.0,58.31,124.97,0.0,57.82,0.0,0.01,12.8,0.0,0.0,0.0,25.0,cooling_degradation,0.83
fault_cooling_degradation_2,3559,1789815523.7531269,0.0,58.32,124.92,0.0,57.72,0.0003,0.0,12.84,0.0,0.0,0.0,25.0,cooling_degradation,0.83
fault_cooling_degradation_2,3560,1789815524.7531269,0.0,58.29,124.68,0.0,57.61,0.0002,0.01,12.77,0.01,0.0,0.0,25.0,cooling_degradation,0.83
fault_cooling_degradation_2,3561,1789815525.7531269,1.8,58.27,124.99,0.0,57.52,0.0004,0.02,12.71,0.0,0.0,0.0,25.0,cooling_degradation,0.83
fault_cooling_degradation_2,3562,1789815526.7531269,0.0,58.29,124.6,0.0,57.44,0.0006,0.02,12.69,0.02,0.0,0.0,25.0,cooling_degradation,0.83
fault_cooling_degradation_2,3563,1789815527.7531269,0.5,58.29,124.6,0.0,57.36,0.0009,0.02,12.65,0.04,0.0,0.0,25.0,cooling_degradation,0.83
fault_cooling_degradation_2,3564,1789815528.7531269,0.6,58.31,124.6,0.0,57.26,0.0,0.01,12.66,0.0,0.0,0.0,25.0,cooling_degradation,0.83
fault_cooling_degradation_2,3565,1789815529.7531269,0.1,58.3,124.6,0.0,57.18,0.0,0.01,12.66,0.0,0.0,0.0,25.0,cooling_degradation,0.83
fault_cooling_degradation_2,3566,1789815530.7531269,0.0,58.3,124.6,0.01,57.11,0.0,0.0,12.6,0.0,0.0,0.0,25.0,cooling_degradation,0.83
fault_cooling_degradation_2,3567,1789815531.7531269,0.0,58.3,124.6,0.02,57.03,0.0,0.0,12.58,0.0,0.0,0.0,25.0,cooling_degradation,0.83
fault_cooling_degradation_2,3568,1789815532.7531269,0.0,58.28,124.6,0.01,56.95,0.0,0.0,12.63,0.0,0.0,0.0,25.0,cooling_degradation,0.83
fault_cooling_degradation_2,3569,1789815533.7531269,1.8,58.24,124.6,0.0,56.86,0.0001,0.0,12.61,0.01,0.0,0.0,25.0,cooling_degradation,0.83
fault_cooling_degradation_2,3570,1789815534.7531269,0.0,58.24,124.6,0.0,56.79,0.0002,0.0,12.53,0.02,0.0,0.0,25.0,cooling_degradation,0.83
fault_cooling_degradation_2,3571,1789815535.7531269,0.0,58.21,124.6,0.0,56.71,0.0,0.0,12.52,0.0,0.0,0.0,25.0,cooling_degradation,0.83
fault_cooling_degradation_2,3572,1789815536.7531269,0.0,58.2,124.6,0.0,56.62,0.0,0.0,12.58,0.0,0.0,0.0,25.0,cooling_degradation,0.83
fault_cooling_degradation_2,3573,1789815537.7531269,0.0,58.2,124.6,0.01,56.56,0.0,0.0,12.51,0.0,0.0,0.0,25.0,cooling_degradation,0.83
fault_cooling_degradation_2,3574,1789815538.7531269,0.0,58.2,124.6,0.01,56.47,0.0002,0.0,12.51,0.0,0.0,0.0,25.0,cooling_degradation,0.83
fault_cooling_degradation_2,3575,1789815539.7531269,0.0,58.2,124.6,0.0,56.37,0.001,0.0,12.54,0.0,0.0,0.0,25.0,cooling_degradation,0.83
fault_cooling_degradation_2,3576,1789815540.7531269,0.0,58.2,124.6,0.01,56.28,0.0,0.0,12.66,0.0,0.0,0.0,25.0,cooling_degradation,0.83
fault_cooling_degradation_2,3577,1789815541.7531269,0.0,58.2,124.6,0.01,56.2,0.0005,0.0,12.57,0.0,0.0,0.0,25.0,cooling_degradation,0.83
fault_cooling_degradation_2,3578,1789815542.7531269,0.0,58.2,124.6,0.0,56.12,0.0002,0.0,12.54,0.0,0.0,0.0,25.0,cooling_degradation,0.83
fault_cooling_degradation_2,3579,1789815543.7531269,0.0,58.2,124.6,0.0,56.04,0.0004,0.0,12.53,0.0,0.0,0.0,25.0,cooling_degradation,0.83
fault_cooling_degradation_2,3580,1789815544.7531269,0.0,58.2,124.75,0.0,55.96,0.0,0.0,12.51,0.0,0.0,0.0,25.0,cooling_degradation,0.83
fault_cooling_degradation_2,3581,1789815545.7531269,0.0,58.2,125.01,0.0,55.89,0.0,0.0,12.5,0.0,0.0,0.0,25.0,cooling_degradation,0.83
fault_cooling_degradation_2,3582,1789815546.7531269,0.0,58.2,124.6,0.0,55.81,0.0004,0.0,12.53,0.0,0.0,0.0,25.0,cooling_degradation,0.83
fault_cooling_degradation_2,3583,1789815547.7531269,0.0,58.2,124.64,0.0,55.73,0.0005,0.0,12.49,0.0,0.0,0.0,25.0,cooling_degradation,0.83
fault_cooling_degradation_2,3584,1789815548.7531269,0.0,58.2,124.74,0.01,55.64,0.0,0.0,12.4,0.0,0.0,0.0,25.0,cooling_degradation,0.83
fault_cooling_degradation_2,3585,1789815549.7531269,2.7,58.2,124.86,0.01,55.56,0.0,0.0,12.4,0.02,0.0,0.0,25.0,cooling_degradation,0.83
fault_cooling_degradation_2,3586,1789815550.7531269,2.9,58.2,124.65,0.01,55.49,0.0,0.0,12.45,0.04,0.0,0.0,25.0,cooling_degradation,0.83
fault_cooling_degradation_2,3587,1789815551.7531269,2.5,58.2,124.78,0.01,55.4,0.0003,0.0,12.57,0.01,0.0,0.0,25.0,cooling_degradation,0.83
fault_cooling_degradation_2,3588,1789815552.7531269,0.0,58.2,124.82,0.02,55.32,0.0001,0.0,12.54,0.02,0.0,0.0,25.0,cooling_degradation,0.83
fault_cooling_degradation_2,3589,1789815553.7531269,0.0,58.2,124.6,0.02,55.26,0.0006,0.0,12.53,0.03,0.0,0.0,25.0,cooling_degradation,0.83
fault_cooling_degradation_2,3590,1789815554.7531269,1.7,58.2,124.6,0.01,55.19,0.0007,0.01,12.54,0.03,0.0,0.0,25.0,cooling_degradation,0.83
fault_cooling_degradation_2,3591,1789815555.7531269,0.1,58.2,124.6,0.01,55.12,0.0008,0.01,12.61,0.01,0.0,0.0,25.0,cooling_degradation,0.83
fault_cooling_degradation_2,3592,1789815556.7531269,0.8,58.2,124.6,0.0,55.03,0.0005,0.0,12.54,0.02,0.0,0.0,25.0,cooling_degradation,0.83
fault_cooling_degradation_2,3593,1789815557.7531269,0.0,58.2,124.83,0.0,54.97,0.0006,0.0,12.51,0.0,0.0,0.0,25.0,cooling_degradation,0.83
fault_cooling_degradation_2,3594,1789815558.7531269,0.0,58.2,124.9,0.0,54.88,0.0013,0.01,12.56,0.0,0.0,0.0,25.0,cooling_degradation,0.83
fault_cooling_degradation_2,3595,1789815559.7531269,0.0,58.23,124.6,0.0,54.79,0.0006,0.0,12.54,0.01,0.0,0.0,25.0,cooling_degradation,0.83
fault_cooling_degradation_2,3596,1789815560.7531269,0.0,58.22,124.6,0.01,54.71,0.0002,0.0,12.53,0.04,0.0,0.0,25.0,cooling_degradation,0.83
fault_cooling_degradation_2,3597,1789815561.7531269,0.0,58.25,124.6,0.0,54.62,0.0,0.02,12.49,0.02,0.0,0.0,25.0,cooling_degradation,0.83
fault_cooling_degradation_2,3598,1789815562.7531269,0.1,58.24,124.6,0.0,54.56,0.0001,0.02,12.56,0.0,0.0,0.0,25.0,cooling_degradation,0.83
fault_cooling_degradation_2,3599,1789815563.7531269,1.8,58.24,124.87,0.0,54.49,0.0004,0.04,12.58,0.0,0.0,0.0,25.0,cooling_degradation,0.83
