mission_id,tick,timestamp,rpm,cht_celsius,egt_celsius,oil_pressure_bar,oil_temp_celsius,vibration,fuel_flow,battery_voltage_v,injection_timing_deg,throttle_position,altitude_m,ambient_temp_celsius,label_fault_type,label_severity
fault_misfire_2,0,1789811964.974543,0.0,25.0,25.0,0.0,25.0,0.0007,0.0,12.55,0.03,0.0,0.0,25.0,healthy,0.0
fault_misfire_2,1,1789811965.974543,0.5,25.02,25.0,0.0,25.01,0.0,0.01,12.59,0.04,0.0,0.0,25.0,healthy,0.0
fault_misfire_2,2,1789811966.974543,0.0,25.03,25.0,0.0,25.0,0.0,0.01,12.61,0.0,0.0,0.0,25.0,healthy,0.0
fault_misfire_2,3,1789811967.974543,0.0,25.04,25.0,0.0,25.0,0.0,0.01,12.65,0.0,0.0,0.0,25.0,healthy,0.0
fault_misfire_2,4,1789811968.974543,0.0,25.06,25.0,0.0,25.0,0.0,0.02,12.64,0.0,0.0,0.0,25.0,healthy,0.0
fault_misfire_2,5,1789811969.974543,0.0,25.08,25.0,0.0,25.0,0.0,0.01,12.69,0.05,0.0,0.0,25.0,healthy,0.0
fault_misfire_2,6,1789811970.974543,0.0,25.09,25.0,0.0,25.0,0.0,0.01,12.65,0.0,0.0,0.0,25.0,healthy,0.0
fault_misfire_2,7,1789811971.974543,0.0,25.04,25.0,0.0,25.0,0.0,0.0,12.57,0.04,0.0,0.0,25.0,healthy,0.0
fault_misfire_2,8,1789811972.974543,0.0,25.06,25.0,0.0,25.0,0.0,0.01,12.53,0.04,0.0,0.0,25.0,healthy,0.0
fault_misfire_2,9,1789811973.974543,0.0,25.08,25.0,0.0,25.0,0.0,0.01,12.51,0.02,0.0,0.0,25.0,healthy,0.0
fault_misfire_2,10,1789811974.974543,0.0,25.07,25.25,0.0,25.0,0.0,0.01,12.49,0.02,0.0,0.0,25.0,healthy,0.0
fault_misfire_2,11,1789811975.974543,0.0,25.04,25.41,0.0,25.0,0.0,0.02,12.51,0.02,0.0,0.0,25.0,healthy,0.0
fault_misfire_2,12,1789811976.974543,0.0,25.02,25.34,0.0,25.0,0.0,0.0,12.48,0.0,0.0,0.0,25.0,healthy,0.0
fault_misfire_2,13,1789811977.974543,0.0,25.01,25.0,0.0,25.0,0.0002,0.0,12.55,0.0,0.0,0.0,25.0,healthy,0.0
fault_misfire_2,14,1789811978.974543,0.0,25.03,25.0,0.0,25.0,0.0009,0.0,12.55,0.02,0.0,0.0,25.0,healthy,0.0
fault_misfire_2,15,1789811979.974543,0.0,25.03,25.0,0.0,25.0,0.0007,0.0,12.57,0.01,0.0,0.0,25.0,healthy,0.0
fault_misfire_2,16,1789811980.974543,3.0,25.01,25.0,0.01,25.0,0.001,0.0,12.59,0.0,0.0,0.0,25.0,healthy,0.0
fault_misfire_2,17,1789811981.974543,2.5,25.01,25.07,0.01,25.0,0.0017,0.0,12.61,0.0,0.0,0.0,25.0,healthy,0.0
fault_misfire_2,18,1789811982.974543,1.9,25.02,25.41,0.01,25.0,0.0009,0.0,12.52,0.0,0.0,0.0,25.0,healthy,0.0
fault_misfire_2,19,1789811983.974543,0.7,25.0,25.75,0.02,25.0,0.0,0.0,12.49,0.0,0.0,0.0,25.0,healthy,0.0
fault_misfire_2,20,1789811984.974543,0.0,25.0,26.28,0.01,25.0,0.0,0.0,12.47,0.0,0.0,0.0,25.0,healthy,0.0
fault_misfire_2,21,1789811985.974543,0.0,25.0,26.12,0.0,25.0,0.0004,0.0,12.49,0.0,0.0,0.0,25.0,healthy,0.0
fault_misfire_2,22,1789811986.974543,0.0,25.0,25.78,0.01,25.0,0.0004,0.0,12.56,0.03,0.0,0.0,25.0,healthy,0.0
fault_misfire_2,23,1789811987.974543,0.0,25.0,25.35,0.0,25.0,0.0004,0.0,12.53,0.03,0.0,0.0,25.0,healthy,0.0
fault_misfire_2,24,1789811988.974543,0.0,25.0,25.17,0.01,25.0,0.0,0.0,12.48,0.01,0.0,0.0,25.0,healthy,0.0
fault_misfire_2,25,1789811989.974543,0.0,25.0,25.0,0.01,25.0,0.0,0.03,12.46,0.01,0.0,0.0,25.0,healthy,0.0
fault_misfire_2,26,1789811990.974543,0.0,25.0,25.0,0.0,25.0,0.0,0.03,12.43,0.02,0.0,0.0,25.0,healthy,0.0
fault_misfire_2,27,1789811991.974543,0.5,25.0,25.0,0.0,25.0,0.0005,0.03,12.36,0.02,0.0,0.0,25.0,healthy,0.0
fault_misfire_2,28,1789811992.974543,0.1,25.0,25.0,0.01,25.0,0.0,0.02,12.39,0.01,0.0,0.0,25.0,healthy,0.0
fault_misfire_2,29,1789811993.974543,0.3,25.0,25.0,0.01,25.0,0.0002,0.02,12.41,0.01,0.0,0.0,25.0,healthy,0.0
fault_misfire_2,30,1789811994.974543,1.7,25.0,25.02,0.0,25.0,0.0,0.01,12.44,0.03,0.0,0.0,25.0,healthy,0.0
fault_misfire_2,31,1789811995.974543,0.6,25.0,25.06,0.01,25.0,0.0,0.02,12.44,0.04,0.0,0.0,25.0,healthy,0.0
fault_misfire_2,32,1789811996.974543,0.0,25.01,25.0,0.02,25.0,0.0005,0.01,12.48,0.06,0.0,0.0,25.0,healthy,0.0
fault_misfire_2,33,1789811997.974543,1.1,25.0,25.0,0.02,25.0,0.0001,0.01,12.54,0.05,0.0,0.0,25.0,healthy,0.0
fault_misfire_2,34,1789811998.974543,0.8,25.01,25.33,0.01,25.0,0.0,0.01,12.53,0.02,0.0,0.0,25.0,healthy,0.0
fault_misfire_2,35,1789811999.974543,0.0,25.01,25.0,0.01,25.0,0.0,0.0,12.53,0.01,0.0,0.0,25.0,healthy,0.0
fault_misfire_2,36,1789812000.974543,0.0,25.02,25.02,0.01,25.0,0.0009,0.0,12.52,0.0,0.0,0.0,25.0,healthy,0.0
fault_misfire_2,37,1789812001.974543,0.0,25.0,25.0,0.01,25.0,0.0008,0.0,12.48,0.0,0.0,0.0,25.0,healthy,0.0
fault_misfire_2,38,1789812002.974543,0.0,25.02,25.0,0.01,25.0,0.0,0.0,12.47,0.0,0.0,0.0,25.0,healthy,0.0
fault_misfire_2,39,1789812003.974543,0.0,25.01,25.0,0.01,25.0,0.0,0.0,12.48,0.0,0.0,0.0,25.0,healthy,0.0
fault_misfire_2,40,1789812004.974543,0.0,25.02,25.0,0.01,25.0,0.0,0.0,12.5,0.0,0.0,0.0,25.0,healthy,0.0
fault_misfire_2,41,1789812005.974543,0.0,25.0,25.0,0.01,25.0,0.0,0.0,12.46,0.01,0.0,0.0,25.0,healthy,0.0
fault_misfire_2,42,1789812006.974543,0.0,25.0,25.03,0.01,25.0,0.0,0.0,12.45,0.0,0.0,0.0,25.0,healthy,0.0
fault_misfire_2,43,1789812007.974543,1.1,25.01,25.19,0.0,25.0,0.0006,0.0,12.44,0.0,0.0,0.0,25.0,healthy,0.0
fault_misfire_2,44,1789812008.974543,0.0,25.03,25.59,0.01,25.0,0.0006,0.0,12.48,0.0,0.0,0.0,25.0,healthy,0.0
fault_misfire_2,45,1789812009.974543,1.1,25.01,25.77,0.01,25.0,0.0,0.0,12.53,0.0,0.0,0.0,25.0,healthy,0.0
fault_misfire_2,46,1789812010.974543,1.4,25.03,25.86,0.0,25.0,0.0004,0.0,12.48,0.0,0.0,0.0,25.0,healthy,0.0
fault_misfire_2,47,1789812011.974543,0.5,25.0,25.95,0.01,25.0,0.0004,0.0,12.5,0.0,0.0,0.0,25.0,healthy,0.0
fault_misfire_2,48,1789812012.974543,2.2,25.0,25.75,0.0,25.0,0.0008,0.0,12.54,0.0,0.0,0.0,25.0,healthy,0.0
fault_misfire_2,49,1789812013.974543,1.9,25.03,25.65,0.0,25.0,0.0,0.0,12.46,0.0,0.0,0.0,25.0,healthy,0.0
fault_misfire_2,50,1789812014.974543,0.0,25.02,25.84,0.0,25.0,0.0001,0.0,12.54,0.0,0.0,0.0,25.0,healthy,0.0
fault_misfire_2,51,1789812015.974543,0.0,25.06,25.62,0.0,25.0,0.0,0.0,12.5,0.0,0.0,0.0,25.0,healthy,0.0
fault_misfire_2,52,1789812016.974543,0.8,25.05,25.95,0.0,25.01,0.0,0.0,12.5,0.0,0.0,0.0,25.0,healthy,0.0
fault_misfire_2,53,1789812017.974543,1.6,25.05,25.93,0.0,25.0,0.0,0.0,12.49,0.0,0.0,0.0,25.0,healthy,0.0
fault_misfire_2,54,1789812018.974543,0.0,25.06,25.41,0.01,25.0,0.0005,0.0,12.51,0.03,0.0,0.0,25.0,healthy,0.0
fault_misfire_2,55,1789812019.974543,0.0,25.09,25.62,0.01,25.0,0.0001,0.0,12.6,0.03,0.0,0.0,25.0,healthy,0.0
fault_misfire_2,56,1789812020.974543,0.0,25.08,25.76,0.01,25.0,0.0,0.0,12.51,0.02,0.0,0.0,25.0,healthy,0.0
fault_misfire_2,57,1789812021.974543,0.0,25.08,25.05,0.01,25.0,0.0,0.0,12.55,0.04,0.0,0.0,25.0,healthy,0.0
fault_misfire_2,58,1789812022.974543,0.0,25.09,25.08,0.01,25.0,0.0006,0.0,12.65,0.01,0.0,0.0,25.0,healthy,0.0
fault_misfire_2,59,1789812023.974543,0.0,25.11,25.0,0.01,25.0,0.0005,0.0,12.67,0.0,0.0,0.0,25.0,healthy,0.0
fault_misfire_2,60,1789812024.974543,837.9,29.9,146.56,1.64,25.15,0.0247,3.32,13.18,7.89,10.0,0.0,25.0,healthy,0.0
fault_misfire_2,61,1789812025.974543,1299.1,33.63,247.3,2.01,25.59,0.0236,4.55,13.49,9.62,10.0,0.0,25.0,healthy,0.0
fault_misfire_2,62,1789812026.974543,1548.0,37.1,325.72,2.15,26.09,0.0267,5.28,13.69,10.52,10.0,0.0,25.0,healthy,0.0
fault_misfire_2,63,1789812027.974543,1687.2,40.0,383.33,2.34,26.29,0.0247,5.69,13.82,10.99,10.0,0.0,25.0,healthy,0.0
fault_misfire_2,64,1789812028.974543,1731.2,43.5,424.87,2.31,26.65,0.0164,5.97,13.9,11.31,10.0,0.0,25.0,healthy,0.0
fault_misfire_2,65,1789812029.974543,1747.3,46.49,454.85,2.34,26.85,0.0231,6.17,13.91,11.36,10.0,0.0,25.0,healthy,0.0
fault_misfire_2,66,1789812030.974543,1759.4,49.82,478.9,2.38,27.23,0.0206,6.25,13.87,11.37,10.0,0.0,25.0,healthy,0.0
fault_misfire_2,67,1789812031.974543,1752.6,52.57,499.56,2.25,27.61,0.0145,6.47,13.99,11.44,10.0,0.0,25.0,healthy,0.0
fault_misfire_2,68,1789812032.974543,1809.2,55.35,509.69,2.27,27.93,0.0197,6.43,13.97,10.99,10.0,0.0,25.0,healthy,0.0
fault_misfire_2,69,1789812033.974543,1837.4,57.74,519.12,2.26,28.33,0.0223,6.55,14.01,11.35,10.0,0.0,25.0,healthy,0.0
fault_misfire_2,70,1789812034.974543,1829.7,60.34,528.06,2.21,28.75,0.0268,6.78,13.98,11.39,10.0,0.0,25.0,healthy,0.0
fault_misfire_2,71,1789812035.974543,1849.8,63.17,535.46,2.26,29.18,0.035,6.5,13.94,11.33,10.0,0.0,25.0,healthy,0.0
fault_misfire_2,72,1789812036.974543,1838.8,65.51,540.77,2.28,29.58,0.0282,6.41,13.89,11.3,10.0,0.0,25.0,healthy,0.0
fault_misfire_2,73,1789812037.974543,1855.0,67.78,537.22,2.3,29.98,0.0297,6.41,13.86,10.95,10.0,0.0,25.0,healthy,0.0
fault_misfire_2,74,1789812038.974543,1867.3,69.54,540.09,2.29,30.32,0.0298,6.45,13.86,10.91,10.0,0.0,25.0,healthy,0.0
fault_misfire_2,75,1789812039.974543,1887.4,71.85,548.59,2.37,30.69,0.0134,6.49,13.9,11.34,10.0,0.0,25.0,healthy,0.0
fault_misfire_2,76,1789812040.974543,1886.4,73.56,552.77,2.33,31.21,0.0081,6.31,13.86,11.45,10.0,0.0,25.0,healthy,0.0
fault_misfire_2,77,1789812041.974543,1866.6,75.62,550.44,2.32,31.44,0.0226,6.38,13.91,11.38,10.0,0.0,25.0,healthy,0.0
fault_misfire_2,78,1789812042.974543,1864.2,77.52,552.17,2.37,31.78,0.0266,6.36,13.91,11.37,10.0,0.0,25.0,healthy,0.0
fault_misfire_2,79,1789812043.974543,1851.3,79.33,544.96,2.38,32.14,0.0308,6.29,13.91,11.46,10.0,0.0,25.0,healthy,0.0
fault_misfire_2,80,1789812044.974543,1820.5,80.93,547.5,2.39,32.53,0.0233,6.14,13.93,11.44,10.0,0.0,25.0,healthy,0.0
fault_misfire_2,81,1789812045.974543,1845.2,82.23,543.47,2.34,32.91,0.0195,6.26,13.91,11.74,10.0,0.0,25.0,healthy,0.0
fault_misfire_2,82,1789812046.974543,1851.5,83.45,545.72,2.35,33.32,0.0244,6.44,13.88,11.51,10.0,0.0,25.0,healthy,0.0
fault_misfire_2,83,1789812047.974543,1850.0,85.18,545.71,2.35,33.76,0.0313,6.33,13.82,11.23,10.0,0.0,25.0,healthy,0.0
fault_misfire_2,84,1789812048.974543,1832.8,86.63,542.79,2.35,34.13,0.0277,6.31,13.79,11.3,10.0,0.0,25.0,healthy,0.0
fault_misfire_2,85,1789812049.974543,1823.9,87.38,545.45,2.46,34.62,0.0223,6.41,13.76,11.35,10.0,0.0,25.0,healthy,0.0
fault_misfire_2,86,1789812050.974543,1825.2,88.42,544.43,2.41,34.94,0.0278,6.53,13.77,11.63,10.0,0.0,25.0,healthy,0.0
fault_misfire_2,87,1789812051.974543,1828.9,89.75,545.59,2.46,35.3,0.0288,6.4,13.76,11.61,10.0,0.0,25.0,healthy,0.0
fault_misfire_2,88,1789812052.974543,1822.9,90.52,550.17,2.43,35.6,0.0305,6.57,13.84,11.52,10.0,0.0,25.0,healthy,0.0
fault_misfire_2,89,1789812053.974543,1829.4,91.39,546.89,2.32,35.93,0.0297,6.66,13.84,11.57,10.0,0.0,25.0,healthy,0.0
fault_misfire_2,90,1789812054.974543,1816.4,92.9,549.2,2.29,36.09,0.0327,6.63,13.83,11.2,10.0,0.0,25.0,healthy,0.0
fault_misfire_2,91,1789812055.974543,1817.7,93.95,545.22,2.22,36.51,0.028,6.51,13.75,11.26,10.0,0.0,25.0,healthy,0.0
fault_misfire_2,92,1789812056.974543,1806.3,94.78,541.75,2.22,36.75,0.0243,6.58,13.72,11.42,10.0,0.0,25.0,healthy,0.0
fault_misfire_2,93,1789812057.974543,1815.3,95.28,541.31,2.3,37.1,0.0308,6.53,13.75,11.23,10.0,0.0,25.0,healthy,0.0
fault_misfire_2,94,1789812058.974543,1822.0,95.97,543.92,2.27,37.46,0.0309,6.44,13.76,11.52,10.0,0.0,25.0,healthy,0.0
fault_misfire_2,95,1789812059.974543,1817.8,96.83,538.96,2.27,37.67,0.0258,6.42,13.75,11.54,10.0,0.0,25.0,healthy,0.0
fault_misfire_2,96,1789812060.974543,1838.6,97.74,544.73,2.28,38.1,0.0279,6.34,13.74,11.65,10.0,0.0,25.0,healthy,0.0
fault_misfire_2,97,1789812061.974543,1846.8,98.28,549.42,2.32,38.56,0.0268,6.43,13.68,11.37,10.0,0.0,25.0,healthy,0.0
fault_misfire_2,98,1789812062.974543,1840.3,99.01,551.21,2.3,38.7,0.0304,6.35,13.67,11.27,10.0,0.0,25.0,healthy,0.0
fault_misfire_2,99,1789812063.974543,1847.4,99.27,555.51,2.29,38.99,0.0267,6.27,13.66,11.82,10.0,0.0,25.0,healthy,0.0
fault_misfire_2,100,1789812064.974543,1847.4,100.07,553.93,2.31,39.21,0.0212,6.18,13.71,11.72,10.0,0.0,25.0,healthy,0.0
fault_misfire_2,101,1789812065.974543,1835.9,100.86,553.17,2.3,39.35,0.0259,6.18,13.73,11.59,10.0,0.0,25.0,healthy,0.0
fault_misfire_2,102,1789812066.974543,1826.0,101.42,549.73,2.28,39.52,0.0361,6.33,13.73,11.71,10.0,0.0,25.0,healthy,0.0
fault_misfire_2,103,1789812067.974543,1833.0,102.08,547.59,2.27,39.71,0.0288,6.23,13.64,11.59,10.0,0.0,25.0,healthy,0.0
fault_misfire_2,104,1789812068.974543,1834.8,102.78,547.86,2.26,40.04,0.0388,6.26,13.65,11.64,10.0,0.0,25.0,healthy,0.0
fault_misfire_2,105,1789812069.974543,1826.7,103.13,548.72,2.27,40.23,0.0311,6.38,13.66,11.42,10.0,0.0,25.0,healthy,0.0
fault_misfire_2,106,1789812070.974543,1807.4,103.61,544.59,2.22,40.5,0.0289,6.49,13.67,11.24,10.0,0.0,25.0,healthy,0.0
fault_misfire_2,107,1789812071.974543,1797.0,104.11,543.11,2.34,40.64,0.0293,6.51,13.65,11.39,10.0,0.0,25.0,healthy,0.0
fault_misfire_2,108,1789812072.974543,1797.5,104.57,543.24,2.37,40.98,0.0315,6.5,13.68,11.22,10.0,0.0,25.0,healthy,0.0
fault_misfire_2,109,1789812073.974543,1797.0,104.73,542.1,2.31,41.29,0.0198,6.48,13.74,11.53,10.0,0.0,25.0,healthy,0.0
fault_misfire_2,110,1789812074.974543,1805.0,105.01,543.42,2.31,41.58,0.0217,6.35,13.74,11.37,10.0,0.0,25.0,healthy,0.0
fault_misfire_2,111,1789812075.974543,1801.0,105.46,543.8,2.3,41.76,0.0159,6.36,13.73,11.55,10.0,0.0,25.0,healthy,0.0
fault_misfire_2,112,1789812076.974543,1819.9,105.97,543.27,2.27,42.24,0.0156,6.38,13.74,11.5,10.0,0.0,25.0,healthy,0.0
fault_misfire_2,113,1789812077.974543,1854.6,106.23,542.8,2.37,42.44,0.0345,6.48,13.71,11.6,10.0,0.0,25.0,healthy,0.0
fault_misfire_2,114,1789812078.974543,1859.3,106.04,548.07,2.48,42.82,0.0342,6.54,13.77,11.48,10.0,0.0,25.0,healthy,0.0
fault_misfire_2,115,1789812079.974543,1866.9,106.07,547.32,2.51,43.0,0.0223,6.48,13.75,11.28,10.0,0.0,25.0,healthy,0.0
fault_misfire_2,116,1789812080.974543,1844.2,106.13,541.0,2.56,43.32,0.0203,6.64,13.79,11.26,10.0,0.0,25.0,healthy,0.0
fault_misfire_2,117,1789812081.974543,1842.2,106.51,543.77,2.46,43.59,0.0331,6.6,13.84,11.1,10.0,0.0,25.0,healthy,0.0
fault_misfire_2,118,1789812082.974543,1846.0,106.38,536.26,2.47,43.91,0.0207,6.6,13.79,11.35,10.0,0.0,25.0,healthy,0.0
fault_misfire_2,119,1789812083.974543,1853.7,106.71,534.28,2.45,44.19,0.0252,6.63,13.78,11.69,10.0,0.0,25.0,healthy,0.0
fault_misfire_2,120,1789812084.974543,1857.8,106.84,537.24,2.42,44.44,0.0237,6.53,13.83,11.53,10.0,0.0,25.0,healthy,0.0
fault_misfire_2,121,1789812085.974543,1841.8,107.24,538.14,2.36,44.72,0.0232,6.62,13.79,11.52,10.0,0.0,25.0,healthy,0.0
fault_misfire_2,122,1789812086.974543,1824.1,107.47,544.77,2.27,45.0,0.022,6.7,13.82,11.36,10.0,0.0,25.0,healthy,0.0
fault_misfire_2,123,1789812087.974543,1825.8,108.01,541.65,2.3,45.22,0.0212,6.57,13.78,11.4,10.0,0.0,25.0,healthy,0.0
fault_misfire_2,124,1789812088.974543,1830.3,108.25,543.46,2.37,45.58,0.0248,6.59,13.7,11.5,10.0,0.0,25.0,healthy,0.0
fault_misfire_2,125,1789812089.974543,1829.4,108.38,550.09,2.37,45.89,0.0258,6.58,13.63,11.6,10.0,0.0,25.0,healthy,0.0
fault_misfire_2,126,1789812090.974543,1810.8,108.58,547.03,2.38,46.12,0.0261,6.52,13.65,11.51,10.0,0.0,25.0,healthy,0.0
fault_misfire_2,127,1789812091.974543,1810.3,108.51,545.89,2.34,46.33,0.0337,6.5,13.62,11.3,10.0,0.0,25.0,healthy,0.0
fault_misfire_2,128,1789812092.974543,1817.8,108.78,547.75,2.28,46.65,0.0228,6.54,13.59,10.81,10.0,0.0,25.0,healthy,0.0
fault_misfire_2,129,1789812093.974543,1847.2,108.98,551.93,2.26,47.01,0.026,6.52,13.53,10.84,10.0,0.0,25.0,healthy,0.0
fault_misfire_2,130,1789812094.974543,1862.3,108.88,549.31,2.22,47.33,0.0255,6.42,13.52,11.25,10.0,0.0,25.0,healthy,0.0
fault_misfire_2,131,1789812095.974543,1852.6,109.16,546.74,2.27,47.6,0.0266,6.25,13.53,11.23,10.0,0.0,25.0,healthy,0.0
fault_misfire_2,132,1789812096.974543,1848.4,109.3,546.44,2.35,47.91,0.0201,6.31,13.51,11.25,10.0,0.0,25.0,healthy,0.0
fault_misfire_2,133,1789812097.974543,1838.0,109.38,543.96,2.27,48.31,0.0304,6.47,13.54,11.12,10.0,0.0,25.0,healthy,0.0
fault_misfire_2,134,1789812098.974543,1844.7,109.75,538.09,2.32,48.58,0.0301,6.5,13.59,11.09,10.0,0.0,25.0,healthy,0.0
fault_misfire_2,135,1789812099.974543,1830.7,109.94,539.39,2.33,48.78,0.0273,6.26,13.66,11.25,10.0,0.0,25.0,healthy,0.0
fault_misfire_2,136,1789812100.974543,1837.3,110.27,539.95,2.38,49.05,0.0213,6.32,13.64,10.83,10.0,0.0,25.0,healthy,0.0
fault_misfire_2,137,1789812101.974543,1820.1,110.5,544.06,2.35,49.35,0.0174,6.27,13.69,11.01,10.0,0.0,25.0,healthy,0.0
fault_misfire_2,138,1789812102.974543,1834.2,110.32,543.72,2.33,49.72,0.0218,6.36,13.74,11.17,10.0,0.0,25.0,healthy,0.0
fault_misfire_2,139,1789812103.974543,1844.4,110.68,543.94,2.31,49.8,0.0231,6.37,13.81,11.17,10.0,0.0,25.0,healthy,0.0
fault_misfire_2,140,1789812104.974543,1864.9,110.67,539.56,2.24,49.97,0.0295,6.29,13.86,11.42,10.0,0.0,25.0,healthy,0.0
fault_misfire_2,141,1789812105.974543,1843.5,110.58,542.09,2.31,50.2,0.0317,6.29,13.91,11.44,10.0,0.0,25.0,healthy,0.0
fault_misfire_2,142,1789812106.974543,1822.9,110.79,541.37,2.31,50.56,0.0311,6.38,13.95,11.15,10.0,0.0,25.0,healthy,0.0
fault_misfire_2,143,1789812107.974543,1828.8,110.91,542.64,2.33,50.84,0.0364,6.37,13.86,11.19,10.0,0.0,25.0,healthy,0.0
fault_misfire_2,144,1789812108.974543,1854.2,110.69,547.68,2.39,50.99,0.0331,6.39,13.94,11.1,10.0,0.0,25.0,healthy,0.0
fault_misfire_2,145,1789812109.974543,1867.4,110.68,550.49,2.31,51.23,0.034,6.4,13.91,11.21,10.0,0.0,25.0,healthy,0.0
fault_misfire_2,146,1789812110.974543,1854.1,110.79,552.57,2.28,51.43,0.0304,6.32,13.91,11.07,10.0,0.0,25.0,healthy,0.0
fault_misfire_2,147,1789812111.974543,1885.4,110.7,551.35,2.31,51.54,0.0157,6.4,14.01,11.21,10.0,0.0,25.0,healthy,0.0
fault_misfire_2,148,1789812112.974543,1859.3,110.64,548.96,2.31,51.79,0.0187,6.3,14.06,11.44,10.0,0.0,25.0,healthy,0.0
fault_misfire_2,149,1789812113.974543,1863.3,110.65,543.4,2.26,52.05,0.0276,6.31,14.06,11.45,10.0,0.0,25.0,healthy,0.0
fault_misfire_2,150,1789812114.974543,1880.1,110.99,543.56,2.3,52.11,0.0263,6.43,13.98,11.38,10.0,0.0,25.0,healthy,0.0
fault_misfire_2,151,1789812115.974543,1900.1,110.84,540.87,2.3,52.29,0.033,6.42,13.89,11.59,10.0,0.0,25.0,healthy,0.0
fault_misfire_2,152,1789812116.974543,1902.4,110.63,539.42,2.35,52.64,0.0317,6.43,13.81,11.49,10.0,0.0,25.0,healthy,0.0
fault_misfire_2,153,1789812117.974543,1862.7,110.79,543.84,2.35,52.74,0.0176,6.18,13.81,11.4,10.0,0.0,25.0,healthy,0.0
fault_misfire_2,154,1789812118.974543,1863.6,110.67,538.61,2.29,52.88,0.0276,6.37,13.87,11.27,10.0,0.0,25.0,healthy,0.0
fault_misfire_2,155,1789812119.974543,1861.2,110.86,530.81,2.37,53.01,0.0265,6.31,13.86,10.9,10.0,0.0,25.0,healthy,0.0
fault_misfire_2,156,1789812120.974543,1852.2,110.76,536.95,2.23,53.28,0.0304,6.24,13.84,10.89,10.0,0.0,25.0,healthy,0.0
fault_misfire_2,157,1789812121.974543,1844.0,110.79,536.15,2.28,53.36,0.0336,6.21,13.76,11.27,10.0,0.0,25.0,healthy,0.0
fault_misfire_2,158,1789812122.974543,1864.8,110.93,540.56,2.37,53.52,0.0288,6.2,13.76,11.16,10.0,0.0,25.0,healthy,0.0
fault_misfire_2,159,1789812123.974543,1873.5,110.61,539.32,2.35,53.91,0.0261,6.25,13.76,11.54,10.0,0.0,25.0,healthy,0.0
fault_misfire_2,160,1789812124.974543,1867.6,110.93,540.49,2.34,54.25,0.0203,6.35,13.82,11.41,10.0,0.0,25.0,healthy,0.0
fault_misfire_2,161,1789812125.974543,1847.9,110.86,542.72,2.36,54.42,0.0215,6.44,13.8,11.03,10.0,0.0,25.0,healthy,0.0
fault_misfire_2,162,1789812126.974543,1847.6,110.95,543.65,2.39,54.56,0.029,6.52,13.77,10.98,10.0,0.0,25.0,healthy,0.0
fault_misfire_2,163,1789812127.974543,1832.4,110.77,545.68,2.45,54.78,0.031,6.5,13.67,11.0,10.0,0.0,25.0,healthy,0.0
fault_misfire_2,164,1789812128.974543,1822.2,110.71,545.47,2.48,54.94,0.0306,6.63,13.64,11.11,10.0,0.0,25.0,healthy,0.0
fault_misfire_2,165,1789812129.974543,1788.5,110.58,540.45,2.55,55.03,0.0389,6.87,13.61,11.08,10.0,0.0,25.0,healthy,0.0
fault_misfire_2,166,1789812130.974543,1799.2,110.53,545.86,2.49,55.28,0.0254,6.84,13.65,10.98,10.0,0.0,25.0,healthy,0.0
fault_misfire_2,167,1789812131.974543,1829.6,110.66,545.54,2.37,55.57,0.0249,6.76,13.59,11.18,10.0,0.0,25.0,healthy,0.0
fault_misfire_2,168,1789812132.974543,1821.1,110.34,547.92,2.41,55.8,0.0184,6.56,13.65,11.34,10.0,0.0,25.0,healthy,0.0
fault_misfire_2,169,1789812133.974543,1837.8,110.56,550.89,2.4,56.11,0.0172,6.56,13.67,11.13,10.0,0.0,25.0,healthy,0.0
fault_misfire_2,170,1789812134.974543,1833.9,110.86,548.91,2.26,56.12,0.0175,6.54,13.71,11.33,10.0,0.0,25.0,healthy,0.0
fault_misfire_2,171,1789812135.974543,1856.6,111.12,550.41,2.3,56.51,0.0185,6.5,13.7,11.44,10.0,0.0,25.0,healthy,0.0
fault_misfire_2,172,1789812136.974543,1855.2,111.01,543.2,2.35,56.67,0.0235,6.5,13.67,11.39,10.0,0.0,25.0,healthy,0.0
fault_misfire_2,173,1789812137.974543,1834.5,110.74,540.32,2.34,56.85,0.0245,6.69,13.65,11.82,10.0,0.0,25.0,healthy,0.0
fault_misfire_2,174,1789812138.974543,1814.9,110.88,541.86,2.26,56.97,0.0276,6.48,13.65,11.73,10.0,0.0,25.0,healthy,0.0
fault_misfire_2,175,1789812139.974543,1797.2,111.18,542.19,2.28,57.16,0.0386,6.57,13.66,11.37,10.0,0.0,25.0,healthy,0.0
fault_misfire_2,176,1789812140.974543,1815.7,111.36,549.24,2.35,57.29,0.0355,6.6,13.65,11.55,10.0,0.0,25.0,healthy,0.0
fault_misfire_2,177,1789812141.974543,1832.6,111.26,549.51,2.39,57.62,0.0315,6.45,13.61,11.36,10.0,0.0,25.0,healthy,0.0
fault_misfire_2,178,1789812142.974543,1812.6,111.3,548.26,2.39,57.89,0.025,6.46,13.63,11.33,10.0,0.0,25.0,healthy,0.0
fault_misfire_2,179,1789812143.974543,1815.0,111.2,546.34,2.38,58.09,0.023,6.54,13.6,11.22,10.0,0.0,25.0,healthy,0.0
fault_misfire_2,180,1789812144.974543,1829.5,111.39,549.07,2.33,58.29,0.0306,6.48,13.67,11.31,10.0,0.0,25.0,healthy,0.0
fault_misfire_2,181,1789812145.974543,1858.3,111.6,552.32,2.26,58.47,0.0347,6.58,13.68,11.15,10.0,0.0,25.0,healthy,0.0
fault_misfire_2,182,1789812146.974543,1871.1,111.62,549.2,2.28,58.59,0.0286,6.71,13.72,10.97,10.0,0.0,25.0,healthy,0.0
fault_misfire_2,183,1789812147.974543,1865.8,111.53,549.78,2.28,58.59,0.0316,6.55,13.76,10.97,10.0,0.0,25.0,healthy,0.0
fault_misfire_2,184,1789812148.974543,1843.3,111.47,551.21,2.23,58.83,0.0173,6.55,13.71,11.0,10.0,0.0,25.0,healthy,0.0
fault_misfire_2,185,1789812149.974543,1840.0,111.59,556.27,2.21,59.08,0.0218,6.48,13.64,11.48,10.0,0.0,25.0,healthy,0.0
fault_misfire_2,186,1789812150.974543,1827.3,111.45,552.23,2.24,59.22,0.0191,6.39,13.56,11.04,10.0,0.0,25.0,healthy,0.0
fault_misfire_2,187,1789812151.974543,1837.3,111.3,548.26,2.25,59.42,0.0262,6.45,13.6,11.03,10.0,0.0,25.0,healthy,0.0
fault_misfire_2,188,1789812152.974543,1840.6,111.35,548.44,2.29,59.65,0.0227,6.24,13.61,11.07,10.0,0.0,25.0,healthy,0.0
fault_misfire_2,189,1789812153.974543,1858.2,111.49,546.61,2.34,59.85,0.0285,6.24,13.57,11.19,10.0,0.0,25.0,healthy,0.0
fault_misfire_2,190,1789812154.974543,1877.9,111.52,552.37,2.34,59.86,0.0259,6.13,13.62,11.47,10.0,0.0,25.0,healthy,0.0
fault_misfire_2,191,1789812155.974543,1876.4,111.54,551.06,2.33,60.06,0.032,6.32,13.57,11.6,10.0,0.0,25.0,healthy,0.0
fault_misfire_2,192,1789812156.974543,1853.6,111.72,554.64,2.32,60.27,0.0253,6.56,13.51,11.19,10.0,0.0,25.0,healthy,0.0
fault_misfire_2,193,1789812157.974543,1851.7,111.81,555.69,2.31,60.59,0.0299,6.4,13.46,11.25,10.0,0.0,25.0,healthy,0.0
fault_misfire_2,194,1789812158.974543,1846.4,111.52,550.77,2.34,60.82,0.025,6.46,13.45,11.4,10.0,0.0,25.0,healthy,0.0
fault_misfire_2,195,1789812159.974543,1865.4,111.54,547.63,2.35,61.0,0.0306,6.65,13.5,11.23,10.0,0.0,25.0,healthy,0.0
fault_misfire_2,196,1789812160.974543,1858.5,111.64,544.71,2.34,61.32,0.0351,6.44,13.6,11.21,10.0,0.0,25.0,healthy,0.0
fault_misfire_2,197,1789812161.974543,1841.6,111.79,548.21,2.34,61.52,0.0361,6.44,13.6,11.14,10.0,0.0,25.0,healthy,0.0
fault_misfire_2,198,1789812162.974543,1846.3,111.85,550.86,2.34,61.73,0.0463,6.59,13.63,11.29,10.0,0.0,25.0,healthy,0.0
fault_misfire_2,199,1789812163.974543,1830.4,111.91,546.41,2.35,61.82,0.0348,6.46,13.55,11.43,10.0,0.0,25.0,healthy,0.0
fault_misfire_2,200,1789812164.974543,1848.5,111.63,543.33,2.36,61.95,0.0323,6.54,13.56,11.5,10.0,0.0,25.0,healthy,0.0
fault_misfire_2,201,1789812165.974543,1863.3,112.02,543.43,2.34,61.99,0.0236,6.5,13.57,11.53,10.0,0.0,25.0,healthy,0.0
fault_misfire_2,202,1789812166.974543,1854.8,111.89,545.56,2.28,62.29,0.0231,6.37,13.61,12.03,10.0,0.0,25.0,healthy,0.0
fault_misfire_2,203,1789812167.974543,1858.0,111.79,541.2,2.39,62.69,0.0235,6.55,13.62,11.88,10.0,0.0,25.0,healthy,0.0
fault_misfire_2,204,1789812168.974543,1852.4,111.88,543.82,2.32,62.67,0.0231,6.49,13.58,11.55,10.0,0.0,25.0,healthy,0.0
fault_misfire_2,205,1789812169.974543,1844.1,111.8,542.18,2.28,62.67,0.0283,6.57,13.6,11.26,10.0,0.0,25.0,healthy,0.0
fault_misfire_2,206,1789812170.974543,1842.8,111.6,542.08,2.31,62.98,0.0259,6.5,13.52,11.59,10.0,0.0,25.0,healthy,0.0
fault_misfire_2,207,1789812171.974543,1835.6,111.68,539.08,2.3,63.06,0.0273,6.4,13.49,11.81,10.0,0.0,25.0,healthy,0.0
fault_misfire_2,208,1789812172.974543,1842.9,111.69,547.12,2.35,63.23,0.0249,6.5,13.47,11.34,10.0,0.0,25.0,healthy,0.0
fault_misfire_2,209,1789812173.974543,1852.0,111.98,549.93,2.33,63.37,0.0165,6.55,13.51,10.98,10.0,0.0,25.0,healthy,0.0
fault_misfire_2,210,1789812174.974543,1845.1,111.84,548.84,2.33,63.52,0.0252,6.52,13.53,10.99,10.0,0.0,25.0,healthy,0.0
fault_misfire_2,211,1789812175.974543,1813.9,111.66,551.79,2.33,63.72,0.0266,6.56,13.54,11.12,10.0,0.0,25.0,healthy,0.0
fault_misfire_2,212,1789812176.974543,1796.7,111.26,553.22,2.41,63.84,0.0268,6.5,13.41,11.08,10.0,0.0,25.0,healthy,0.0
fault_misfire_2,213,1789812177.974543,1818.0,111.32,550.25,2.37,64.15,0.0255,6.49,13.4,11.05,10.0,0.0,25.0,healthy,0.0
fault_misfire_2,214,1789812178.974543,1816.3,111.58,550.63,2.35,64.32,0.0306,6.52,13.5,11.12,10.0,0.0,25.0,healthy,0.0
fault_misfire_2,215,1789812179.974543,1826.7,111.47,549.84,2.34,64.56,0.0298,6.55,13.59,10.97,10.0,0.0,25.0,healthy,0.0
fault_misfire_2,216,1789812180.974543,1795.9,111.83,545.72,2.43,64.76,0.0336,6.39,13.57,11.14,10.0,0.0,25.0,healthy,0.0
fault_misfire_2,217,1789812181.974543,1800.2,111.79,545.72,2.43,64.78,0.0288,6.38,13.53,10.85,10.0,0.0,25.0,healthy,0.0
fault_misfire_2,218,1789812182.974543,1815.7,111.89,548.36,2.32,64.84,0.0213,6.4,13.54,11.15,10.0,0.0,25.0,healthy,0.0
fault_misfire_2,219,1789812183.974543,1846.9,111.77,547.01,2.3,64.97,0.0286,6.53,13.63,11.43,10.0,0.0,25.0,healthy,0.0
fault_misfire_2,220,1789812184.974543,1828.2,111.68,550.43,2.28,65.13,0.0337,6.58,13.76,11.4,10.0,0.0,25.0,healthy,0.0
fault_misfire_2,221,1789812185.974543,1839.7,111.96,547.5,2.28,65.33,0.0435,6.55,13.62,11.03,10.0,0.0,25.0,healthy,0.0
fault_misfire_2,222,1789812186.974543,1849.8,111.81,547.68,2.25,65.38,0.0398,6.45,13.65,10.85,10.0,0.0,25.0,healthy,0.0
fault_misfire_2,223,1789812187.974543,1847.3,112.02,547.14,2.32,65.64,0.0292,6.28,13.71,11.22,10.0,0.0,25.0,healthy,0.0
fault_misfire_2,224,1789812188.974543,1857.6,112.04,550.09,2.29,65.75,0.0308,6.36,13.69,11.19,10.0,0.0,25.0,healthy,0.0
fault_misfire_2,225,1789812189.974543,1833.6,111.91,551.0,2.29,65.89,0.0345,6.43,13.78,11.22,10.0,0.0,25.0,healthy,0.0
fault_misfire_2,226,1789812190.974543,1825.0,112.05,545.96,2.29,65.86,0.0297,6.49,13.78,11.18,10.0,0.0,25.0,healthy,0.0
fault_misfire_2,227,1789812191.974543,1818.1,112.28,540.14,2.37,65.98,0.0338,6.59,13.82,11.36,10.0,0.0,25.0,healthy,0.0
fault_misfire_2,228,1789812192.974543,1844.0,112.19,542.42,2.35,66.28,0.0392,6.59,13.84,11.77,10.0,0.0,25.0,healthy,0.0
fault_misfire_2,229,1789812193.974543,1836.8,111.63,543.91,2.39,66.43,0.0244,6.58,13.84,11.79,10.0,0.0,25.0,healthy,0.0
fault_misfire_2,230,1789812194.974543,1876.0,111.78,551.55,2.38,66.65,0.0214,6.58,13.9,11.57,10.0,0.0,25.0,healthy,0.0
fault_misfire_2,231,1789812195.974543,1851.8,111.5,555.46,2.39,66.7,0.0255,6.7,13.89,11.56,10.0,0.0,25.0,healthy,0.0
fault_misfire_2,232,1789812196.974543,1851.5,111.19,556.98,2.39,66.78,0.0341,6.78,13.93,11.51,10.0,0.0,25.0,healthy,0.0
fault_misfire_2,233,1789812197.974543,1841.8,111.42,554.97,2.32,66.69,0.0276,6.6,13.96,11.55,10.0,0.0,25.0,healthy,0.0
fault_misfire_2,234,1789812198.974543,1833.9,111.47,553.42,2.36,66.84,0.0213,6.51,13.89,11.32,10.0,0.0,25.0,healthy,0.0
fault_misfire_2,235,1789812199.974543,1848.2,111.78,551.09,2.42,67.14,0.0252,6.35,13.88,11.21,10.0,0.0,25.0,healthy,0.0
fault_misfire_2,236,1789812200.974543,1837.1,111.92,551.62,2.39,67.1,0.0253,6.25,13.8,11.34,10.0,0.0,25.0,healthy,0.0
fault_misfire_2,237,1789812201.974543,1867.4,111.76,552.88,2.43,67.33,0.0295,6.45,13.78,11.4,10.0,0.0,25.0,healthy,0.0
fault_misfire_2,238,1789812202.974543,1877.2,111.27,550.21,2.4,67.49,0.0311,6.46,13.74,11.24,10.0,0.0,25.0,healthy,0.0
fault_misfire_2,239,1789812203.974543,1859.0,111.23,544.48,2.32,67.64,0.0278,6.49,13.69,11.26,10.0,0.0,25.0,healthy,0.0
fault_misfire_2,240,1789812204.974543,1860.7,111.73,546.27,2.34,67.74,0.032,6.61,13.75,11.14,10.0,0.0,25.0,healthy,0.0
fault_misfire_2,241,1789812205.974543,1849.8,111.56,542.96,2.42,67.94,0.0286,6.43,13.8,11.33,10.0,0.0,25.0,healthy,0.0
fault_misfire_2,242,1789812206.974543,1844.3,111.32,546.68,2.44,68.15,0.0277,6.29,13.88,11.34,10.0,0.0,25.0,healthy,0.0
fault_misfire_2,243,1789812207.974543,1846.3,111.16,551.05,2.41,68.07,0.0225,6.29,13.91,10.99,10.0,0.0,25.0,healthy,0.0
fault_misfire_2,244,1789812208.974543,1852.5,111.16,548.48,2.42,68.26,0.0214,6.26,13.96,11.16,10.0,0.0,25.0,healthy,0.0
fault_misfire_2,245,1789812209.974543,1847.3,111.13,548.65,2.41,68.22,0.0316,6.25,13.91,11.42,10.0,0.0,25.0,healthy,0.0
fault_misfire_2,246,1789812210.974543,1810.3,110.93,550.25,2.38,68.42,0.0315,6.37,13.85,11.14,10.0,0.0,25.0,healthy,0.0
fault_misfire_2,247,1789812211.974543,1808.8,110.83,547.91,2.4,68.59,0.0295,6.48,13.75,11.4,10.0,0.0,25.0,healthy,0.0
fault_misfire_2,248,1789812212.974543,1828.1,110.9,545.96,2.43,68.73,0.023,6.49,13.71,11.18,10.0,0.0,25.0,healthy,0.0
fault_misfire_2,249,1789812213.974543,1847.3,110.42,550.02,2.43,68.96,0.0279,6.35,13.62,11.42,10.0,0.0,25.0,healthy,0.0
fault_misfire_2,250,1789812214.974543,1837.1,110.7,541.34,2.4,69.05,0.0227,6.49,13.61,11.38,10.0,0.0,25.0,healthy,0.0
fault_misfire_2,251,1789812215.974543,1838.6,111.16,548.27,2.49,68.98,0.0334,6.45,13.67,11.22,10.0,0.0,25.0,healthy,0.0
fault_misfire_2,252,1789812216.974543,1837.8,111.04,551.14,2.46,69.17,0.0266,6.47,13.57,11.44,10.0,0.0,25.0,healthy,0.0
fault_misfire_2,253,1789812217.974543,1838.8,111.13,554.16,2.43,69.53,0.0245,6.52,13.59,11.63,10.0,0.0,25.0,healthy,0.0
fault_misfire_2,254,1789812218.974543,1815.7,111.39,546.63,2.45,69.63,0.0215,6.31,13.67,11.64,10.0,0.0,25.0,healthy,0.0
fault_misfire_2,255,1789812219.974543,1827.6,111.9,549.23,2.45,69.62,0.0319,6.43,13.66,11.11,10.0,0.0,25.0,healthy,0.0
fault_misfire_2,256,1789812220.974543,1807.5,111.8,551.62,2.32,69.7,0.0284,6.29,13.68,10.98,10.0,0.0,25.0,healthy,0.0
fault_misfire_2,257,1789812221.974543,1795.0,111.7,549.58,2.2,69.89,0.0352,6.4,13.74,11.17,10.0,0.0,25.0,healthy,0.0
fault_misfire_2,258,1789812222.974543,1825.7,111.76,552.25,2.22,69.94,0.0406,6.6,13.76,11.6,10.0,0.0,25.0,healthy,0.0
fault_misfire_2,259,1789812223.974543,1821.7,111.9,551.96,2.22,69.99,0.0286,6.49,13.79,11.63,10.0,0.0,25.0,healthy,0.0
fault_misfire_2,260,1789812224.974543,1807.9,111.82,552.16,2.23,70.06,0.0265,6.64,13.78,11.67,10.0,0.0,25.0,healthy,0.0
fault_misfire_2,261,1789812225.974543,1812.1,111.62,547.06,2.27,70.25,0.0201,6.65,13.83,11.17,10.0,0.0,25.0,healthy,0.0
fault_misfire_2,262,1789812226.974543,1821.4,111.61,545.71,2.28,70.52,0.0208,6.58,13.89,11.35,10.0,0.0,25.0,healthy,0.0
fault_misfire_2,263,1789812227.974543,1814.2,111.5,548.84,2.23,70.61,0.0197,6.56,13.87,11.22,10.0,0.0,25.0,healthy,0.0
fault_misfire_2,264,1789812228.974543,1837.1,111.51,547.32,2.14,70.61,0.0235,6.43,13.8,11.2,10.0,0.0,25.0,healthy,0.0
fault_misfire_2,265,1789812229.974543,1849.9,111.24,545.74,2.18,70.76,0.0217,6.24,13.86,11.25,10.0,0.0,25.0,healthy,0.0
fault_misfire_2,266,1789812230.974543,1837.2,111.46,543.53,2.22,70.96,0.0154,6.4,13.83,11.19,10.0,0.0,25.0,healthy,0.0
fault_misfire_2,267,1789812231.974543,1808.3,111.28,544.66,2.25,71.25,0.0164,6.35,13.89,11.41,10.0,0.0,25.0,healthy,0.0
fault_misfire_2,268,1789812232.974543,1794.5,111.53,541.04,2.28,71.43,0.0208,6.26,13.94,11.83,10.0,0.0,25.0,healthy,0.0
fault_misfire_2,269,1789812233.974543,1809.6,111.47,543.26,2.2,71.51,0.0281,6.25,13.9,11.55,10.0,0.0,25.0,healthy,0.0
fault_misfire_2,270,1789812234.974543,1818.7,111.31,547.03,2.25,71.54,0.0212,6.2,13.85,11.62,10.0,0.0,25.0,healthy,0.0
fault_misfire_2,271,1789812235.974543,1833.9,111.49,544.6,2.32,71.94,0.031,6.13,13.89,11.63,10.0,0.0,25.0,healthy,0.0
fault_misfire_2,272,1789812236.974543,1808.9,110.94,543.65,2.33,72.1,0.0337,6.07,13.96,11.14,10.0,0.0,25.0,healthy,0.0
fault_misfire_2,273,1789812237.974543,1812.1,111.12,538.93,2.32,72.18,0.03,5.99,13.86,11.05,10.0,0.0,25.0,healthy,0.0
fault_misfire_2,274,1789812238.974543,1819.1,110.95,547.04,2.31,72.22,0.0327,6.12,13.86,11.15,10.0,0.0,25.0,healthy,0.0
fault_misfire_2,275,1789812239.974543,1827.1,110.73,545.3,2.37,72.25,0.033,6.2,13.84,11.14,10.0,0.0,25.0,healthy,0.0
fault_misfire_2,276,1789812240.974543,1833.8,110.69,547.46,2.3,72.46,0.0215,6.22,13.86,11.26,10.0,0.0,25.0,healthy,0.0
fault_misfire_2,277,1789812241.974543,1849.0,110.84,550.8,2.27,72.47,0.029,6.21,13.85,11.31,10.0,0.0,25.0,healthy,0.0
fault_misfire_2,278,1789812242.974543,1853.6,111.16,551.71,2.28,72.4,0.0193,6.34,13.88,11.47,10.0,0.0,25.0,healthy,0.0
fault_misfire_2,279,1789812243.974543,1835.7,111.27,548.65,2.34,72.63,0.0224,6.36,13.83,11.47,10.0,0.0,25.0,healthy,0.0
fault_misfire_2,280,1789812244.974543,1836.9,111.29,544.91,2.43,72.81,0.028,6.35,13.86,11.55,10.0,0.0,25.0,healthy,0.0
fault_misfire_2,281,1789812245.974543,1829.7,111.55,544.41,2.39,72.91,0.029,6.43,13.81,11.81,10.0,0.0,25.0,healthy,0.0
fault_misfire_2,282,1789812246.974543,1846.8,111.74,548.11,2.36,72.96,0.0319,6.55,13.75,11.31,10.0,0.0,25.0,healthy,0.0
fault_misfire_2,283,1789812247.974543,1862.8,111.7,547.03,2.4,73.15,0.0304,6.46,13.81,10.93,10.0,0.0,25.0,healthy,0.0
fault_misfire_2,284,1789812248.974543,1864.8,111.5,549.27,2.43,73.04,0.0332,6.45,13.82,11.2,10.0,0.0,25.0,healthy,0.0
fault_misfire_2,285,1789812249.974543,1849.0,111.56,547.28,2.35,73.05,0.034,6.46,13.83,11.35,10.0,0.0,25.0,healthy,0.0
fault_misfire_2,286,1789812250.974543,1860.4,111.75,547.55,2.35,73.24,0.0297,6.47,13.83,11.82,10.0,0.0,25.0,healthy,0.0
fault_misfire_2,287,1789812251.974543,1871.9,111.98,545.13,2.34,73.49,0.0315,6.24,13.86,11.61,10.0,0.0,25.0,healthy,0.0
fault_misfire_2,288,1789812252.974543,1890.8,111.84,543.73,2.34,73.65,0.0257,6.24,13.81,11.31,10.0,0.0,25.0,healthy,0.0
fault_misfire_2,289,1789812253.974543,1876.2,111.64,544.84,2.35,73.83,0.034,6.26,13.73,11.32,10.0,0.0,25.0,healthy,0.0
fault_misfire_2,290,1789812254.974543,1844.1,111.81,545.38,2.3,73.75,0.0384,6.46,13.76,11.32,10.0,0.0,25.0,healthy,0.0
fault_misfire_2,291,1789812255.974543,1854.1,111.88,541.9,2.38,73.89,0.0392,6.56,13.61,11.2,10.0,0.0,25.0,healthy,0.0
fault_misfire_2,292,1789812256.974543,1832.3,111.69,545.21,2.3,73.81,0.0466,6.43,13.52,11.03,10.0,0.0,25.0,healthy,0.0
fault_misfire_2,293,1789812257.974543,1841.1,112.04,539.09,2.2,73.89,0.0374,6.5,13.54,11.25,10.0,0.0,25.0,healthy,0.0
fault_misfire_2,294,1789812258.974543,1837.9,111.67,536.8,2.27,74.14,0.0415,6.43,13.54,11.3,10.0,0.0,25.0,healthy,0.0
fault_misfire_2,295,1789812259.974543,1860.6,111.42,534.05,2.28,74.1,0.0404,6.52,13.62,11.68,10.0,0.0,25.0,healthy,0.0
fault_misfire_2,296,1789812260.974543,1859.7,111.52,540.85,2.32,74.26,0.0382,6.6,13.6,11.89,10.0,0.0,25.0,healthy,0.0
fault_misfire_2,297,1789812261.974543,1854.7,111.41,544.14,2.41,74.27,0.0342,6.71,13.69,11.52,10.0,0.0,25.0,healthy,0.0
fault_misfire_2,298,1789812262.974543,1854.3,111.55,539.12,2.37,74.47,0.0298,6.55,13.7,11.47,10.0,0.0,25.0,healthy,0.0
fault_misfire_2,299,1789812263.974543,1865.1,111.45,535.93,2.37,74.78,0.0347,6.57,13.72,11.6,10.0,0.0,25.0,healthy,0.0
fault_misfire_2,300,1789812264.974543,3787.9,112.08,581.11,3.92,74.92,0.0522,15.35,13.97,17.84,100.0,5.0,25.0,healthy,0.0
fault_misfire_2,301,1789812265.974543,4798.4,113.29,638.04,4.72,75.11,0.0824,20.66,14.12,21.41,100.0,10.0,24.9,healthy,0.0
fault_misfire_2,302,1789812266.974543,5308.4,114.38,693.01,5.16,75.18,0.0874,23.64,14.19,23.24,100.0,15.0,24.9,healthy,0.0
fault_misfire_2,303,1789812267.974543,5563.2,115.48,732.22,5.23,75.41,0.101,25.25,14.24,23.92,100.0,20.0,24.9,healthy,0.0
fault_misfire_2,304,1789812268.974543,5704.0,116.7,765.54,5.29,75.57,0.1071,26.14,14.2,24.87,100.0,25.0,24.8,healthy,0.0
fault_misfire_2,305,1789812269.974543,5764.7,117.56,794.18,5.36,76.05,0.0919,26.51,14.15,24.81,100.0,30.0,24.8,healthy,0.0
fault_misfire_2,306,1789812270.974543,5764.4,118.82,805.74,5.47,76.33,0.0918,26.63,14.1,25.14,100.0,35.0,24.8,healthy,0.0
fault_misfire_2,307,1789812271.974543,5796.1,120.08,818.97,5.48,76.76,0.0969,26.8,14.13,25.19,100.0,40.0,24.7,healthy,0.0
fault_misfire_2,308,1789812272.974543,5812.8,120.86,826.78,5.55,76.77,0.0992,26.88,14.07,25.11,100.0,45.0,24.7,healthy,0.0
fault_misfire_2,309,1789812273.974543,5825.0,121.62,836.82,5.58,76.91,0.0982,26.8,14.11,25.43,100.0,50.0,24.7,healthy,0.0
fault_misfire_2,310,1789812274.974543,5811.4,122.34,844.73,5.6,76.91,0.103,26.66,14.09,25.25,100.0,55.0,24.6,healthy,0.0
fault_misfire_2,311,1789812275.974543,5794.9,123.63,845.51,5.61,77.09,0.1097,26.75,14.11,24.96,100.0,60.0,24.6,healthy,0.0
fault_misfire_2,312,1789812276.974543,5795.8,124.58,852.87,5.55,77.33,0.1097,26.92,14.14,24.98,100.0,65.0,24.6,healthy,0.0
fault_misfire_2,313,1789812277.974543,5812.0,125.55,850.24,5.54,77.61,0.1052,26.89,14.07,25.13,100.0,70.0,24.5,healthy,0.0
fault_misfire_2,314,1789812278.974543,5795.8,126.67,854.11,5.51,77.69,0.1016,26.8,14.1,25.15,100.0,75.0,24.5,healthy,0.0
fault_misfire_2,315,1789812279.974543,5807.3,127.38,851.1,5.44,77.86,0.1051,26.86,14.07,24.97,100.0,80.0,24.5,healthy,0.0
fault_misfire_2,316,1789812280.974543,5809.1,127.8,851.93,5.58,78.05,0.103,26.8,14.13,25.19,100.0,85.0,24.4,healthy,0.0
fault_misfire_2,317,1789812281.974543,5802.7,128.55,853.12,5.54,78.16,0.1053,26.95,14.19,25.41,100.0,90.0,24.4,healthy,0.0
fault_misfire_2,318,1789812282.974543,5802.9,129.28,853.76,5.45,78.47,0.1022,26.99,14.19,25.27,100.0,95.0,24.4,healthy,0.0
fault_misfire_2,319,1789812283.974543,5809.1,129.88,851.86,5.4,78.55,0.0965,26.8,14.11,25.26,100.0,100.0,24.4,healthy,0.0
fault_misfire_2,320,1789812284.974543,5809.3,130.42,850.08,5.32,78.89,0.0923,26.85,14.1,24.88,100.0,105.0,24.3,healthy,0.0
fault_misfire_2,321,1789812285.974543,5787.2,130.97,851.67,5.4,79.11,0.0899,26.98,14.12,24.53,100.0,110.0,24.3,healthy,0.0
fault_misfire_2,322,1789812286.974543,5794.9,131.4,853.18,5.45,79.33,0.099,26.88,14.15,24.76,100.0,115.0,24.3,healthy,0.0
fault_misfire_2,323,1789812287.974543,5810.8,131.81,857.13,5.58,79.6,0.1067,26.88,14.14,25.07,100.0,120.0,24.2,healthy,0.0
fault_misfire_2,324,1789812288.974543,5795.3,132.54,857.29,5.6,79.77,0.096,26.88,14.16,25.13,100.0,125.0,24.2,healthy,0.0
fault_misfire_2,325,1789812289.974543,5794.5,132.78,860.58,5.6,79.82,0.0889,26.7,14.17,25.14,100.0,130.0,24.2,healthy,0.0
fault_misfire_2,326,1789812290.974543,5778.4,133.37,856.33,5.58,80.03,0.0893,26.65,14.17,25.45,100.0,135.0,24.1,healthy,0.0
fault_misfire_2,327,1789812291.974543,5755.3,133.77,856.32,5.6,80.09,0.1018,26.83,14.06,25.31,100.0,140.0,24.1,healthy,0.0
fault_misfire_2,328,1789812292.974543,5763.6,134.07,856.98,5.63,80.34,0.0953,26.97,14.11,25.09,100.0,145.0,24.1,healthy,0.0
fault_misfire_2,329,1789812293.974543,5764.7,134.38,856.71,5.58,80.67,0.094,26.92,14.18,24.78,100.0,150.0,24.0,healthy,0.0
fault_misfire_2,330,1789812294.974543,5786.7,134.54,853.1,5.61,80.85,0.088,26.86,14.12,25.02,100.0,155.0,24.0,healthy,0.0
fault_misfire_2,331,1789812295.974543,5790.5,134.98,856.19,5.63,81.23,0.0866,26.84,14.15,25.1,100.0,160.0,24.0,healthy,0.0
fault_misfire_2,332,1789812296.974543,5772.3,135.41,857.35,5.62,81.25,0.0893,26.87,14.19,24.89,100.0,165.0,23.9,healthy,0.0
fault_misfire_2,333,1789812297.974543,5775.0,135.81,859.12,5.66,81.4,0.0951,26.71,14.16,24.97,100.0,170.0,23.9,healthy,0.0
fault_misfire_2,334,1789812298.974543,5771.9,136.14,856.09,5.63,81.6,0.0924,27.0,14.17,24.87,100.0,175.0,23.9,healthy,0.0
fault_misfire_2,335,1789812299.974543,5770.4,136.94,859.44,5.61,81.64,0.0992,27.15,14.17,25.0,100.0,180.0,23.8,healthy,0.0
fault_misfire_2,336,1789812300.974543,5792.9,136.83,856.78,5.57,81.94,0.0996,27.28,14.09,24.96,100.0,185.0,23.8,healthy,0.0
fault_misfire_2,337,1789812301.974543,5793.1,137.19,857.98,5.57,82.17,0.1043,27.23,14.12,25.33,100.0,190.0,23.8,healthy,0.0
fault_misfire_2,338,1789812302.974543,5804.0,137.4,853.91,5.62,82.5,0.0995,27.1,14.15,25.4,100.0,195.0,23.7,healthy,0.0
fault_misfire_2,339,1789812303.974543,5818.2,137.47,855.26,5.57,82.6,0.0967,27.13,14.14,25.27,100.0,200.0,23.7,healthy,0.0
fault_misfire_2,340,1789812304.974543,5820.3,137.66,853.69,5.55,82.71,0.0989,27.14,14.24,25.31,100.0,205.0,23.7,healthy,0.0
fault_misfire_2,341,1789812305.974543,5823.7,137.82,855.07,5.59,82.76,0.0926,27.07,14.29,25.38,100.0,210.0,23.6,healthy,0.0
fault_misfire_2,342,1789812306.974543,5815.2,138.08,846.85,5.6,82.82,0.0941,27.05,14.34,25.13,100.0,215.0,23.6,healthy,0.0
fault_misfire_2,343,1789812307.974543,5815.0,138.43,846.66,5.59,83.06,0.0909,26.96,14.42,25.28,100.0,220.0,23.6,healthy,0.0
fault_misfire_2,344,1789812308.974543,5801.6,138.49,843.53,5.62,83.18,0.0888,27.18,14.44,25.44,100.0,225.0,23.5,healthy,0.0
fault_misfire_2,345,1789812309.974543,5788.9,138.71,850.65,5.59,83.48,0.0942,26.99,14.4,25.48,100.0,230.0,23.5,healthy,0.0
fault_misfire_2,346,1789812310.974543,5786.0,139.12,851.76,5.56,83.74,0.0924,27.04,14.43,25.17,100.0,235.0,23.5,healthy,0.0
fault_misfire_2,347,1789812311.974543,5757.6,139.59,858.31,5.63,83.81,0.1005,27.03,14.42,25.01,100.0,240.0,23.4,healthy,0.0
fault_misfire_2,348,1789812312.974543,5773.4,139.67,859.34,5.65,84.03,0.0988,27.11,14.29,25.12,100.0,245.0,23.4,healthy,0.0
fault_misfire_2,349,1789812313.974543,5795.5,139.94,853.46,5.59,84.06,0.1036,27.2,14.32,25.14,100.0,250.0,23.4,healthy,0.0
fault_misfire_2,350,1789812314.974543,5828.0,140.1,857.86,5.57,84.23,0.1065,27.07,14.37,25.62,100.0,255.0,23.3,healthy,0.0
fault_misfire_2,351,1789812315.974543,5809.8,140.25,856.01,5.57,84.36,0.0988,27.1,14.48,25.46,100.0,260.0,23.3,healthy,0.0
fault_misfire_2,352,1789812316.974543,5786.5,140.28,857.09,5.55,84.71,0.0984,26.88,14.4,25.22,100.0,265.0,23.3,healthy,0.0
fault_misfire_2,353,1789812317.974543,5783.8,140.33,853.33,5.51,84.75,0.1007,26.6,14.34,25.6,100.0,270.0,23.2,healthy,0.0
fault_misfire_2,354,1789812318.974543,5773.0,140.33,853.64,5.56,84.95,0.0956,26.68,14.35,25.34,100.0,275.0,23.2,healthy,0.0
fault_misfire_2,355,1789812319.974543,5754.4,140.38,852.59,5.5,85.28,0.1144,26.76,14.34,25.26,100.0,280.0,23.2,healthy,0.0
fault_misfire_2,356,1789812320.974543,5738.1,140.19,853.2,5.52,85.36,0.0992,26.67,14.36,25.16,100.0,285.0,23.1,healthy,0.0
fault_misfire_2,357,1789812321.974543,5748.6,140.19,856.66,5.54,85.5,0.1,26.82,14.3,25.29,100.0,290.0,23.1,healthy,0.0
fault_misfire_2,358,1789812322.974543,5766.5,140.11,858.93,5.46,85.7,0.1064,26.82,14.27,24.97,100.0,295.0,23.1,healthy,0.0
fault_misfire_2,359,1789812323.974543,5768.7,140.11,856.18,5.47,85.67,0.1052,26.84,14.39,24.9,100.0,300.0,23.1,healthy,0.0
fault_misfire_2,360,1789812324.974543,5798.7,140.02,859.44,5.42,85.76,0.0941,26.9,14.37,25.36,100.0,305.0,23.0,healthy,0.0
fault_misfire_2,361,1789812325.974543,5798.2,140.34,856.3,5.48,86.12,0.1076,26.83,14.34,24.99,100.0,310.0,23.0,healthy,0.0
fault_misfire_2,362,1789812326.974543,5799.5,140.45,861.32,5.52,86.48,0.1147,26.98,14.39,25.07,100.0,315.0,23.0,healthy,0.0
fault_misfire_2,363,1789812327.974543,5795.0,140.64,858.64,5.54,86.56,0.1094,26.79,14.3,25.19,100.0,320.0,22.9,healthy,0.0
fault_misfire_2,364,1789812328.974543,5784.8,141.09,855.27,5.47,86.62,0.1093,26.77,14.32,24.92,100.0,325.0,22.9,healthy,0.0
fault_misfire_2,365,1789812329.974543,5794.7,141.23,856.24,5.45,86.72,0.1035,26.74,14.25,25.08,100.0,330.0,22.9,healthy,0.0
fault_misfire_2,366,1789812330.974543,5779.1,140.94,851.3,5.53,86.83,0.1021,26.82,14.29,25.26,100.0,335.0,22.8,healthy,0.0
fault_misfire_2,367,1789812331.974543,5771.6,140.89,852.66,5.57,86.98,0.0952,26.67,14.32,25.34,100.0,340.0,22.8,healthy,0.0
fault_misfire_2,368,1789812332.974543,5776.2,140.92,852.66,5.54,87.07,0.0929,26.8,14.38,25.1,100.0,345.0,22.8,healthy,0.0
fault_misfire_2,369,1789812333.974543,5780.0,140.58,855.83,5.65,87.4,0.0835,26.96,14.39,24.9,100.0,350.0,22.7,healthy,0.0
fault_misfire_2,370,1789812334.974543,5773.4,140.4,852.95,5.51,87.56,0.0878,26.98,14.35,24.76,100.0,355.0,22.7,healthy,0.0
fault_misfire_2,371,1789812335.974543,5762.9,140.41,851.24,5.53,87.87,0.0932,27.0,14.37,24.74,100.0,360.0,22.7,healthy,0.0
fault_misfire_2,372,1789812336.974543,5771.2,140.54,850.45,5.53,88.08,0.0954,27.06,14.3,24.6,100.0,365.0,22.6,healthy,0.0
fault_misfire_2,373,1789812337.974543,5777.2,140.47,849.11,5.56,88.22,0.1013,26.89,14.38,25.09,100.0,370.0,22.6,healthy,0.0
fault_misfire_2,374,1789812338.974543,5800.3,140.34,843.71,5.49,88.36,0.1033,26.91,14.35,24.99,100.0,375.0,22.6,healthy,0.0
fault_misfire_2,375,1789812339.974543,5809.5,140.34,843.14,5.54,88.62,0.1072,27.02,14.31,25.08,100.0,380.0,22.5,healthy,0.0
fault_misfire_2,376,1789812340.974543,5820.6,140.31,844.07,5.59,88.76,0.1099,27.07,14.36,24.8,100.0,385.0,22.5,healthy,0.0
fault_misfire_2,377,1789812341.974543,5829.5,140.65,848.24,5.63,88.87,0.1037,27.18,14.3,24.81,100.0,390.0,22.5,healthy,0.0
fault_misfire_2,378,1789812342.974543,5829.0,141.25,852.94,5.67,88.95,0.1018,27.0,14.31,25.06,100.0,395.0,22.4,healthy,0.0
fault_misfire_2,379,1789812343.974543,5841.7,141.1,854.44,5.59,88.95,0.1024,26.93,14.28,24.98,100.0,400.0,22.4,healthy,0.0
fault_misfire_2,380,1789812344.974543,5834.6,140.95,853.1,5.53,89.11,0.0977,26.87,14.17,25.07,100.0,405.0,22.4,healthy,0.0
fault_misfire_2,381,1789812345.974543,5826.0,140.92,849.86,5.53,89.17,0.0892,26.83,14.18,25.2,100.0,410.0,22.3,healthy,0.0
fault_misfire_2,382,1789812346.974543,5805.1,140.77,852.25,5.56,89.19,0.1008,26.83,14.2,25.18,100.0,415.0,22.3,healthy,0.0
fault_misfire_2,383,1789812347.974543,5809.5,140.72,854.29,5.5,89.3,0.0948,26.9,14.19,24.97,100.0,420.0,22.3,healthy,0.0
fault_misfire_2,384,1789812348.974543,5832.2,140.77,854.53,5.5,89.35,0.1051,26.96,14.12,25.15,100.0,425.0,22.2,healthy,0.0
fault_misfire_2,385,1789812349.974543,5853.2,140.62,856.32,5.59,89.43,0.0982,26.84,14.11,25.2,100.0,430.0,22.2,healthy,0.0
fault_misfire_2,386,1789812350.974543,5840.3,140.56,854.39,5.54,89.66,0.0927,26.98,14.16,25.3,100.0,435.0,22.2,healthy,0.0
fault_misfire_2,387,1789812351.974543,5835.3,140.31,857.52,5.52,89.91,0.0942,27.09,14.22,25.16,100.0,440.0,22.1,healthy,0.0
fault_misfire_2,388,1789812352.974543,5825.8,140.1,859.33,5.53,90.3,0.0952,27.09,14.23,25.08,100.0,445.0,22.1,healthy,0.0
fault_misfire_2,389,1789812353.974543,5837.6,139.92,860.78,5.48,90.45,0.0976,27.02,14.18,25.41,100.0,450.0,22.1,healthy,0.0
fault_misfire_2,390,1789812354.974543,5833.1,139.88,853.35,5.47,90.58,0.1003,27.03,14.22,24.97,100.0,455.0,22.0,healthy,0.0
fault_misfire_2,391,1789812355.974543,5834.4,139.94,850.59,5.47,90.71,0.0966,26.93,14.33,24.37,100.0,460.0,22.0,healthy,0.0
fault_misfire_2,392,1789812356.974543,5810.6,140.02,850.91,5.53,90.84,0.1026,26.77,14.34,24.69,100.0,465.0,22.0,healthy,0.0
fault_misfire_2,393,1789812357.974543,5813.6,140.14,853.88,5.53,91.1,0.1017,26.7,14.32,24.93,100.0,470.0,21.9,healthy,0.0
fault_misfire_2,394,1789812358.974543,5808.4,140.47,852.84,5.44,91.15,0.1039,26.71,14.27,24.94,100.0,475.0,21.9,healthy,0.0
fault_misfire_2,395,1789812359.974543,5798.6,140.63,852.54,5.47,91.29,0.1028,26.72,14.21,24.85,100.0,480.0,21.9,healthy,0.0
fault_misfire_2,396,1789812360.974543,5811.8,140.39,855.03,5.4,91.45,0.1022,26.68,14.18,25.23,100.0,485.0,21.8,healthy,0.0
fault_misfire_2,397,1789812361.974543,5836.6,140.17,851.81,5.42,91.51,0.0951,26.74,14.15,25.46,100.0,490.0,21.8,healthy,0.0
fault_misfire_2,398,1789812362.974543,5834.9,139.9,850.62,5.46,91.69,0.0932,26.65,14.06,25.25,100.0,495.0,21.8,healthy,0.0
fault_misfire_2,399,1789812363.974543,5811.1,140.08,848.34,5.54,91.74,0.1053,26.66,14.07,25.52,100.0,500.0,21.8,healthy,0.0
fault_misfire_2,400,1789812364.974543,5788.1,139.93,849.92,5.51,91.86,0.1091,26.67,14.08,25.31,100.0,505.0,21.7,healthy,0.0
fault_misfire_2,401,1789812365.974543,5797.0,139.6,848.09,5.5,91.99,0.104,26.77,14.08,25.14,100.0,510.0,21.7,healthy,0.0
fault_misfire_2,402,1789812366.974543,5791.3,139.54,841.74,5.47,92.11,0.1014,26.82,14.2,24.79,100.0,515.0,21.7,healthy,0.0
fault_misfire_2,403,1789812367.974543,5787.0,139.83,843.95,5.35,92.3,0.1146,26.83,14.2,24.65,100.0,520.0,21.6,healthy,0.0
fault_misfire_2,404,1789812368.974543,5801.8,140.26,846.06,5.38,92.39,0.1027,26.84,14.14,24.65,100.0,525.0,21.6,healthy,0.0
fault_misfire_2,405,1789812369.974543,5796.1,140.28,848.91,5.5,92.46,0.1143,26.77,14.16,24.79,100.0,530.0,21.6,healthy,0.0
fault_misfire_2,406,1789812370.974543,5794.9,140.58,844.63,5.49,92.49,0.1063,26.76,14.12,24.93,100.0,535.0,21.5,healthy,0.0
fault_misfire_2,407,1789812371.974543,5810.8,140.73,849.74,5.55,92.58,0.1013,26.75,14.16,24.73,100.0,540.0,21.5,healthy,0.0
fault_misfire_2,408,1789812372.974543,5807.0,140.88,848.41,5.59,92.71,0.0996,26.86,14.14,25.19,100.0,545.0,21.5,healthy,0.0
fault_misfire_2,409,1789812373.974543,5793.0,140.73,845.39,5.5,92.87,0.0956,26.99,14.19,25.26,100.0,550.0,21.4,healthy,0.0
fault_misfire_2,410,1789812374.974543,5806.0,140.52,845.66,5.43,93.07,0.0929,26.97,14.13,25.07,100.0,555.0,21.4,healthy,0.0
fault_misfire_2,411,1789812375.974543,5822.0,140.68,848.42,5.41,93.24,0.1094,27.0,14.11,24.96,100.0,560.0,21.4,healthy,0.0
fault_misfire_2,412,1789812376.974543,5815.8,140.17,853.04,5.4,93.3,0.1113,26.93,14.13,24.59,100.0,565.0,21.3,healthy,0.0
fault_misfire_2,413,1789812377.974543,5819.6,140.29,849.95,5.42,93.44,0.1004,26.88,14.16,24.48,100.0,570.0,21.3,healthy,0.0
fault_misfire_2,414,1789812378.974543,5812.0,140.64,850.88,5.4,93.59,0.1052,26.96,14.14,24.83,100.0,575.0,21.3,healthy,0.0
fault_misfire_2,415,1789812379.974543,5787.3,140.74,848.36,5.45,93.36,0.1047,27.0,14.16,24.82,100.0,580.0,21.2,healthy,0.0
fault_misfire_2,416,1789812380.974543,5776.2,140.78,847.47,5.43,93.33,0.0994,27.03,14.2,24.75,100.0,585.0,21.2,healthy,0.0
fault_misfire_2,417,1789812381.974543,5785.6,140.47,847.56,5.4,93.51,0.0905,26.94,14.23,24.79,100.0,590.0,21.2,healthy,0.0
fault_misfire_2,418,1789812382.974543,5771.2,140.35,851.79,5.37,93.63,0.1009,26.91,14.18,25.1,100.0,595.0,21.1,healthy,0.0
fault_misfire_2,419,1789812383.974543,5749.5,140.52,851.51,5.46,93.79,0.0974,26.84,14.16,25.2,100.0,600.0,21.1,healthy,0.0
fault_misfire_2,420,1789812384.974543,5742.2,140.44,852.71,5.42,93.99,0.0997,26.79,14.17,24.91,100.0,605.0,21.1,healthy,0.0
fault_misfire_2,421,1789812385.974543,5748.0,140.33,853.97,5.4,94.07,0.1028,26.73,14.2,24.74,100.0,610.0,21.0,healthy,0.0
fault_misfire_2,422,1789812386.974543,5770.8,140.4,853.71,5.4,94.12,0.1052,26.94,14.22,24.69,100.0,615.0,21.0,healthy,0.0
fault_misfire_2,423,1789812387.974543,5765.6,140.3,853.98,5.36,94.18,0.1122,27.06,14.23,24.69,100.0,620.0,21.0,healthy,0.0
fault_misfire_2,424,1789812388.974543,5752.7,140.69,857.39,5.46,94.11,0.11,27.05,14.22,24.61,100.0,625.0,20.9,healthy,0.0
fault_misfire_2,425,1789812389.974543,5757.4,140.61,850.72,5.35,94.29,0.1044,27.01,14.22,25.11,100.0,630.0,20.9,healthy,0.0
fault_misfire_2,426,1789812390.974543,5753.1,140.65,846.39,5.33,94.29,0.0974,26.99,14.19,24.77,100.0,635.0,20.9,healthy,0.0
fault_misfire_2,427,1789812391.974543,5778.7,140.75,845.96,5.39,94.31,0.0985,26.95,14.16,24.9,100.0,640.0,20.8,healthy,0.0
fault_misfire_2,428,1789812392.974543,5776.9,140.36,848.44,5.43,94.28,0.0992,27.07,14.14,24.85,100.0,645.0,20.8,healthy,0.0
fault_misfire_2,429,1789812393.974543,5752.3,140.69,850.87,5.44,94.33,0.0967,26.83,14.19,24.82,100.0,650.0,20.8,healthy,0.0
fault_misfire_2,430,1789812394.974543,5761.7,140.27,845.51,5.42,94.47,0.0963,26.97,14.14,24.91,100.0,655.0,20.7,healthy,0.0
fault_misfire_2,431,1789812395.974543,5788.2,140.2,852.17,5.49,94.62,0.1017,27.03,14.2,25.24,100.0,660.0,20.7,healthy,0.0
fault_misfire_2,432,1789812396.974543,5798.2,140.62,851.07,5.46,94.59,0.1017,27.09,14.26,25.07,100.0,665.0,20.7,healthy,0.0
fault_misfire_2,433,1789812397.974543,5789.6,140.39,846.08,5.47,94.7,0.1008,27.26,14.2,24.64,100.0,670.0,20.6,healthy,0.0
fault_misfire_2,434,1789812398.974543,5799.4,140.37,846.98,5.43,94.63,0.0939,27.3,14.27,24.59,100.0,675.0,20.6,healthy,0.0
fault_misfire_2,435,1789812399.974543,5792.3,140.28,845.06,5.4,94.67,0.0911,27.32,14.17,24.7,100.0,680.0,20.6,healthy,0.0
fault_misfire_2,436,1789812400.974543,5799.9,140.07,847.91,5.39,94.76,0.0888,27.44,14.2,24.75,100.0,685.0,20.5,healthy,0.0
fault_misfire_2,437,1789812401.974543,5826.1,140.24,848.48,5.42,95.0,0.094,27.17,14.07,25.21,100.0,690.0,20.5,healthy,0.0
fault_misfire_2,438,1789812402.974543,5819.4,140.43,850.41,5.43,95.1,0.0923,27.28,14.05,25.27,100.0,695.0,20.5,healthy,0.0
fault_misfire_2,439,1789812403.974543,5826.7,140.39,854.56,5.36,95.14,0.1021,27.4,14.01,25.13,100.0,700.0,20.4,healthy,0.0
fault_misfire_2,440,1789812404.974543,5823.6,140.35,857.49,5.4,95.17,0.1078,27.27,14.02,25.02,100.0,705.0,20.4,healthy,0.0
fault_misfire_2,441,1789812405.974543,5827.3,140.36,854.27,5.42,95.45,0.1095,27.14,14.08,25.0,100.0,710.0,20.4,healthy,0.0
fault_misfire_2,442,1789812406.974543,5810.6,140.47,849.0,5.45,95.71,0.1078,27.05,14.08,24.72,100.0,715.0,20.4,healthy,0.0
fault_misfire_2,443,1789812407.974543,5789.9,140.56,851.1,5.5,96.06,0.1072,27.16,14.04,24.74,100.0,720.0,20.3,healthy,0.0
fault_misfire_2,444,1789812408.974543,5775.9,140.36,849.18,5.39,96.27,0.103,27.21,14.02,24.86,100.0,725.0,20.3,healthy,0.0
fault_misfire_2,445,1789812409.974543,5779.9,140.03,848.65,5.48,96.52,0.104,27.04,14.09,24.98,100.0,730.0,20.3,healthy,0.0
fault_misfire_2,446,1789812410.974543,5790.2,140.06,842.43,5.42,96.6,0.1108,26.97,14.06,24.91,100.0,735.0,20.2,healthy,0.0
fault_misfire_2,447,1789812411.974543,5763.7,139.96,843.35,5.4,96.83,0.1131,27.03,14.01,25.01,100.0,740.0,20.2,healthy,0.0
fault_misfire_2,448,1789812412.974543,5765.3,140.02,845.03,5.39,96.94,0.1079,27.08,14.03,24.72,100.0,745.0,20.2,healthy,0.0
fault_misfire_2,449,1789812413.974543,5791.3,140.05,841.91,5.34,96.95,0.1091,27.02,14.07,25.0,100.0,750.0,20.1,healthy,0.0
fault_misfire_2,450,1789812414.974543,5800.3,140.06,844.29,5.32,97.07,0.1086,27.04,14.06,25.15,100.0,755.0,20.1,healthy,0.0
fault_misfire_2,451,1789812415.974543,5807.5,139.94,843.54,5.41,97.16,0.0972,27.14,14.02,24.95,100.0,760.0,20.1,healthy,0.0
fault_misfire_2,452,1789812416.974543,5807.8,139.99,845.22,5.4,97.42,0.0963,27.11,14.08,24.97,100.0,765.0,20.0,healthy,0.0
fault_misfire_2,453,1789812417.974543,5801.9,140.18,842.36,5.32,97.53,0.0922,26.99,14.17,24.83,100.0,770.0,20.0,healthy,0.0
fault_misfire_2,454,1789812418.974543,5770.4,140.33,846.79,5.36,97.63,0.0949,26.95,14.28,24.65,100.0,775.0,20.0,healthy,0.0
fault_misfire_2,455,1789812419.974543,5763.7,139.97,841.86,5.42,97.75,0.1055,26.94,14.33,24.97,100.0,780.0,19.9,healthy,0.0
fault_misfire_2,456,1789812420.974543,5772.4,139.83,841.62,5.36,97.87,0.1036,26.97,14.3,24.79,100.0,785.0,19.9,healthy,0.0
fault_misfire_2,457,1789812421.974543,5765.4,139.68,844.85,5.35,97.72,0.0963,27.03,14.12,24.87,100.0,790.0,19.9,healthy,0.0
fault_misfire_2,458,1789812422.974543,5757.6,139.62,846.77,5.32,98.0,0.0962,27.03,14.16,25.11,100.0,795.0,19.8,healthy,0.0
fault_misfire_2,459,1789812423.974543,5759.2,139.83,849.27,5.29,98.04,0.1007,26.99,14.1,25.33,100.0,800.0,19.8,healthy,0.0
fault_misfire_2,460,1789812424.974543,5763.1,139.88,849.86,5.32,98.2,0.0989,26.97,14.02,25.14,100.0,805.0,19.8,healthy,0.0
fault_misfire_2,461,1789812425.974543,5779.0,139.98,854.11,5.26,98.43,0.0952,27.08,14.04,25.09,100.0,810.0,19.7,healthy,0.0
fault_misfire_2,462,1789812426.974543,5783.9,140.05,850.91,5.28,98.53,0.0907,27.09,14.09,25.1,100.0,815.0,19.7,healthy,0.0
fault_misfire_2,463,1789812427.974543,5780.1,139.92,848.97,5.24,98.54,0.0994,27.21,14.08,25.31,100.0,820.0,19.7,healthy,0.0
fault_misfire_2,464,1789812428.974543,5780.7,139.99,844.66,5.22,98.45,0.0946,27.2,14.04,25.25,100.0,825.0,19.6,healthy,0.0
fault_misfire_2,465,1789812429.974543,5765.1,139.91,839.02,5.21,98.4,0.0973,27.28,13.99,25.35,100.0,830.0,19.6,healthy,0.0
fault_misfire_2,466,1789812430.974543,5771.9,139.3,840.43,5.19,98.57,0.0984,27.13,13.92,24.98,100.0,835.0,19.6,healthy,0.0
fault_misfire_2,467,1789812431.974543,5775.8,139.22,841.52,5.19,98.51,0.1011,26.84,13.9,24.67,100.0,840.0,19.5,healthy,0.0
fault_misfire_2,468,1789812432.974543,5778.0,139.3,842.3,5.2,98.52,0.1067,26.72,13.99,24.82,100.0,845.0,19.5,healthy,0.0
fault_misfire_2,469,1789812433.974543,5795.0,139.84,841.68,5.24,98.49,0.1046,26.69,14.02,24.97,100.0,850.0,19.5,healthy,0.0
fault_misfire_2,470,1789812434.974543,5798.6,139.75,839.12,5.25,98.64,0.1081,26.61,14.1,24.78,100.0,855.0,19.4,healthy,0.0
fault_misfire_2,471,1789812435.974543,5795.2,139.72,837.58,5.26,98.77,0.1118,26.85,14.12,25.21,100.0,860.0,19.4,healthy,0.0
fault_misfire_2,472,1789812436.974543,5791.3,139.76,842.56,5.31,98.66,0.1166,26.87,14.07,25.42,100.0,865.0,19.4,healthy,0.0
fault_misfire_2,473,1789812437.974543,5812.6,139.75,842.68,5.35,98.79,0.1061,26.88,14.03,25.31,100.0,870.0,19.3,healthy,0.0
fault_misfire_2,474,1789812438.974543,5817.1,139.55,848.72,5.32,98.89,0.1018,26.94,14.05,24.81,100.0,875.0,19.3,healthy,0.0
fault_misfire_2,475,1789812439.974543,5802.6,139.15,849.61,5.25,98.87,0.0929,26.81,14.1,24.79,100.0,880.0,19.3,healthy,0.0
fault_misfire_2,476,1789812440.974543,5788.9,138.97,846.96,5.33,98.86,0.0947,26.86,14.1,24.94,100.0,885.0,19.2,healthy,0.0
fault_misfire_2,477,1789812441.974543,5770.4,138.79,847.12,5.25,98.88,0.091,26.92,14.2,24.88,100.0,890.0,19.2,healthy,0.0
fault_misfire_2,478,1789812442.974543,5771.3,138.68,850.03,5.3,98.86,0.1011,26.8,14.24,24.94,100.0,895.0,19.2,healthy,0.0
fault_misfire_2,479,1789812443.974543,5786.2,138.62,846.09,5.39,99.02,0.088,26.72,14.29,25.0,100.0,900.0,19.1,healthy,0.0
fault_misfire_2,480,1789812444.974543,5796.2,138.75,845.15,5.4,99.04,0.092,26.73,14.31,24.82,100.0,905.0,19.1,healthy,0.0
fault_misfire_2,481,1789812445.974543,5796.5,138.78,846.83,5.41,99.18,0.1032,26.76,14.22,24.92,100.0,910.0,19.1,healthy,0.0
fault_misfire_2,482,1789812446.974543,5821.1,138.85,841.98,5.4,99.26,0.1102,26.9,14.23,25.04,100.0,915.0,19.1,healthy,0.0
fault_misfire_2,483,1789812447.974543,5827.2,138.74,839.09,5.29,99.55,0.1093,27.03,14.13,24.92,100.0,920.0,19.0,healthy,0.0
fault_misfire_2,484,1789812448.974543,5824.9,138.66,833.35,5.28,99.52,0.1038,26.87,14.19,24.75,100.0,925.0,19.0,healthy,0.0
fault_misfire_2,485,1789812449.974543,5820.5,138.53,837.95,5.26,99.59,0.108,26.99,14.19,24.68,100.0,930.0,19.0,healthy,0.0
fault_misfire_2,486,1789812450.974543,5800.6,138.72,841.48,5.29,99.67,0.1015,26.99,14.19,25.18,100.0,935.0,18.9,healthy,0.0
fault_misfire_2,487,1789812451.974543,5807.6,138.74,845.46,5.32,99.79,0.1023,27.05,14.15,24.72,100.0,940.0,18.9,healthy,0.0
fault_misfire_2,488,1789812452.974543,5819.1,138.76,843.08,5.37,99.93,0.1103,27.18,14.26,24.77,100.0,945.0,18.9,healthy,0.0
fault_misfire_2,489,1789812453.974543,5820.7,139.32,842.95,5.33,100.07,0.1014,27.19,14.25,25.2,100.0,950.0,18.8,healthy,0.0
fault_misfire_2,490,1789812454.974543,5782.8,139.59,839.16,5.33,100.11,0.0918,27.2,14.19,24.95,100.0,955.0,18.8,healthy,0.0
fault_misfire_2,491,1789812455.974543,5765.1,139.59,834.33,5.29,100.09,0.0993,27.26,14.22,24.95,100.0,960.0,18.8,healthy,0.0
fault_misfire_2,492,1789812456.974543,5774.0,139.34,835.28,5.3,100.14,0.1001,27.28,14.26,25.12,100.0,965.0,18.7,healthy,0.0
fault_misfire_2,493,1789812457.974543,5777.0,138.93,835.06,5.29,100.14,0.1029,27.19,14.26,24.85,100.0,970.0,18.7,healthy,0.0
fault_misfire_2,494,1789812458.974543,5770.8,138.8,837.95,5.29,100.15,0.0998,27.1,14.41,24.4,100.0,975.0,18.7,healthy,0.0
fault_misfire_2,495,1789812459.974543,5785.2,138.72,836.77,5.24,100.25,0.0985,27.06,14.38,24.82,100.0,980.0,18.6,healthy,0.0
fault_misfire_2,496,1789812460.974543,5755.3,138.46,840.03,5.22,100.25,0.1054,27.11,14.37,24.65,100.0,985.0,18.6,healthy,0.0
fault_misfire_2,497,1789812461.974543,5767.3,138.5,841.46,5.22,100.42,0.0973,27.19,14.42,25.15,100.0,990.0,18.6,healthy,0.0
fault_misfire_2,498,1789812462.974543,5794.6,138.52,838.26,5.21,100.52,0.1025,27.22,14.38,25.23,100.0,995.0,18.5,healthy,0.0
fault_misfire_2,499,1789812463.974543,5783.8,138.32,835.86,5.14,100.57,0.1113,27.16,14.34,25.41,100.0,1000.0,18.5,healthy,0.0
fault_misfire_2,500,1789812464.974543,5778.7,137.98,837.23,5.1,100.57,0.1091,27.04,14.33,25.27,100.0,1005.0,18.5,healthy,0.0
fault_misfire_2,501,1789812465.974543,5810.4,138.1,833.59,5.16,100.53,0.1039,26.93,14.33,24.8,100.0,1010.0,18.4,healthy,0.0
fault_misfire_2,502,1789812466.974543,5827.3,138.14,831.99,5.15,100.68,0.1027,26.86,14.37,24.81,100.0,1015.0,18.4,healthy,0.0
fault_misfire_2,503,1789812467.974543,5809.8,138.03,833.12,5.15,100.83,0.1019,27.04,14.37,24.91,100.0,1020.0,18.4,healthy,0.0
fault_misfire_2,504,1789812468.974543,5796.0,138.13,832.48,5.22,100.78,0.1031,27.18,14.45,25.11,100.0,1025.0,18.3,healthy,0.0
fault_misfire_2,505,1789812469.974543,5802.5,138.12,835.39,5.18,101.0,0.0914,27.23,14.45,25.07,100.0,1030.0,18.3,healthy,0.0
fault_misfire_2,506,1789812470.974543,5826.1,138.29,832.8,5.23,101.08,0.092,27.28,14.41,25.31,100.0,1035.0,18.3,healthy,0.0
fault_misfire_2,507,1789812471.974543,5801.0,138.41,834.15,5.33,101.19,0.103,27.26,14.43,25.26,100.0,1040.0,18.2,healthy,0.0
fault_misfire_2,508,1789812472.974543,5786.6,138.3,831.88,5.37,101.33,0.1086,27.2,14.5,25.29,100.0,1045.0,18.2,healthy,0.0
fault_misfire_2,509,1789812473.974543,5766.7,138.1,831.69,5.33,101.42,0.0985,27.15,14.36,25.1,100.0,1050.0,18.2,healthy,0.0
fault_misfire_2,510,1789812474.974543,5798.0,138.11,829.34,5.32,101.52,0.0951,27.03,14.42,24.9,100.0,1055.0,18.1,healthy,0.0
fault_misfire_2,511,1789812475.974543,5830.2,138.24,830.35,5.32,101.7,0.0922,27.09,14.36,24.88,100.0,1060.0,18.1,healthy,0.0
fault_misfire_2,512,1789812476.974543,5826.4,138.15,830.84,5.23,101.57,0.0864,26.97,14.34,24.88,100.0,1065.0,18.1,healthy,0.0
fault_misfire_2,513,1789812477.974543,5795.2,138.24,830.51,5.3,101.7,0.1008,27.03,14.39,24.89,100.0,1070.0,18.0,healthy,0.0
fault_misfire_2,514,1789812478.974543,5793.8,137.99,834.17,5.32,101.79,0.1038,27.01,14.41,24.56,100.0,1075.0,18.0,healthy,0.0
fault_misfire_2,515,1789812479.974543,5772.6,138.06,832.75,5.33,101.67,0.1105,27.04,14.4,24.86,100.0,1080.0,18.0,healthy,0.0
fault_misfire_2,516,1789812480.974543,5762.4,137.9,829.39,5.33,101.62,0.1008,27.09,14.41,24.98,100.0,1085.0,17.9,healthy,0.0
fault_misfire_2,517,1789812481.974543,5773.8,137.99,834.09,5.32,101.68,0.1038,27.1,14.45,24.84,100.0,1090.0,17.9,healthy,0.0
fault_misfire_2,518,1789812482.974543,5775.1,138.07,843.51,5.25,101.64,0.0943,27.26,14.4,24.45,100.0,1095.0,17.9,healthy,0.0
fault_misfire_2,519,1789812483.974543,5762.9,138.18,845.47,5.25,101.62,0.0985,27.22,14.36,25.01,100.0,1100.0,17.9,healthy,0.0
fault_misfire_2,520,1789812484.974543,5776.8,138.03,842.08,5.25,101.64,0.0986,27.21,14.32,24.81,100.0,1105.0,17.8,healthy,0.0
fault_misfire_2,521,1789812485.974543,5790.6,138.22,837.84,5.25,101.71,0.1037,27.03,14.22,24.89,100.0,1110.0,17.8,healthy,0.0
fault_misfire_2,522,1789812486.974543,5786.2,138.4,835.76,5.2,101.9,0.1059,27.13,14.15,24.69,100.0,1115.0,17.8,healthy,0.0
fault_misfire_2,523,1789812487.974543,5810.0,138.42,838.23,5.18,101.88,0.1027,27.0,14.15,24.73,100.0,1120.0,17.7,healthy,0.0
fault_misfire_2,524,1789812488.974543,5798.0,138.28,833.84,5.14,101.73,0.1066,26.96,14.07,24.7,100.0,1125.0,17.7,healthy,0.0
fault_misfire_2,525,1789812489.974543,5807.4,138.43,836.12,5.11,101.76,0.1079,27.1,14.11,24.96,100.0,1130.0,17.7,healthy,0.0
fault_misfire_2,526,1789812490.974543,5805.8,138.08,834.61,5.05,101.69,0.1101,27.16,14.18,25.01,100.0,1135.0,17.6,healthy,0.0
fault_misfire_2,527,1789812491.974543,5805.6,137.71,836.46,5.01,101.65,0.1083,27.26,14.2,24.84,100.0,1140.0,17.6,healthy,0.0
fault_misfire_2,528,1789812492.974543,5827.7,137.65,838.36,5.11,101.6,0.1008,27.41,14.17,24.51,100.0,1145.0,17.6,healthy,0.0
fault_misfire_2,529,1789812493.974543,5843.5,137.92,839.4,5.25,101.66,0.0996,27.29,14.17,25.14,100.0,1150.0,17.5,healthy,0.0
fault_misfire_2,530,1789812494.974543,5830.3,138.08,842.4,5.32,102.03,0.109,27.33,14.11,24.85,100.0,1155.0,17.5,healthy,0.0
fault_misfire_2,531,1789812495.974543,5806.8,137.97,842.47,5.32,102.22,0.1075,27.3,14.17,24.9,100.0,1160.0,17.5,healthy,0.0
fault_misfire_2,532,1789812496.974543,5786.1,137.84,840.27,5.31,102.24,0.1038,27.27,14.26,25.09,100.0,1165.0,17.4,healthy,0.0
fault_misfire_2,533,1789812497.974543,5790.5,137.64,843.53,5.2,102.19,0.1035,27.38,14.25,25.13,100.0,1170.0,17.4,healthy,0.0
fault_misfire_2,534,1789812498.974543,5798.4,137.68,843.15,5.22,102.27,0.0994,27.3,14.16,25.07,100.0,1175.0,17.4,healthy,0.0
fault_misfire_2,535,1789812499.974543,5817.8,138.1,846.23,5.2,102.43,0.0978,27.14,14.17,25.08,100.0,1180.0,17.3,healthy,0.0
fault_misfire_2,536,1789812500.974543,5790.4,138.14,843.84,5.23,102.64,0.0987,27.11,14.13,25.35,100.0,1185.0,17.3,healthy,0.0
fault_misfire_2,537,1789812501.974543,5797.9,137.7,845.54,5.18,102.61,0.0992,26.98,14.12,25.23,100.0,1190.0,17.3,healthy,0.0
fault_misfire_2,538,1789812502.974543,5804.2,137.35,845.51,5.2,102.59,0.0984,27.06,14.12,25.21,100.0,1195.0,17.2,healthy,0.0
fault_misfire_2,539,1789812503.974543,5782.9,137.5,845.35,5.23,102.53,0.0946,26.93,14.12,24.78,100.0,1200.0,17.2,healthy,0.0
fault_misfire_2,540,1789812504.974543,5785.1,137.44,841.16,5.24,102.38,0.0923,27.09,14.11,24.9,100.0,1205.0,17.2,healthy,0.0
fault_misfire_2,541,1789812505.974543,5805.7,137.22,838.09,5.19,102.4,0.0921,27.12,14.18,25.28,100.0,1210.0,17.1,healthy,0.0
fault_misfire_2,542,1789812506.974543,5795.5,137.13,834.1,5.17,102.42,0.0899,27.09,14.21,24.73,100.0,1215.0,17.1,healthy,0.0
fault_misfire_2,543,1789812507.974543,5765.3,137.16,834.48,5.17,102.44,0.0994,27.1,14.24,24.65,100.0,1220.0,17.1,healthy,0.0
fault_misfire_2,544,1789812508.974543,5780.1,137.5,837.1,5.21,102.43,0.0979,27.04,14.17,25.09,100.0,1225.0,17.0,healthy,0.0
fault_misfire_2,545,1789812509.974543,5789.9,137.23,833.98,5.19,102.63,0.0974,27.15,14.19,25.24,100.0,1230.0,17.0,healthy,0.0
fault_misfire_2,546,1789812510.974543,5778.0,137.39,831.72,5.28,102.65,0.1058,26.97,14.14,25.0,100.0,1235.0,17.0,healthy,0.0
fault_misfire_2,547,1789812511.974543,5779.3,137.16,834.78,5.22,102.81,0.103,27.0,14.15,25.27,100.0,1240.0,16.9,healthy,0.0
fault_misfire_2,548,1789812512.974543,5801.7,137.13,836.74,5.25,102.92,0.1029,26.88,14.16,25.32,100.0,1245.0,16.9,healthy,0.0
fault_misfire_2,549,1789812513.974543,5805.6,137.2,838.98,5.29,102.87,0.1073,26.98,14.17,25.49,100.0,1250.0,16.9,healthy,0.0
fault_misfire_2,550,1789812514.974543,5817.1,137.04,836.41,5.23,102.99,0.1043,27.25,14.13,25.3,100.0,1255.0,16.8,healthy,0.0
fault_misfire_2,551,1789812515.974543,5834.3,137.23,829.82,5.28,103.17,0.1089,27.0,14.2,25.25,100.0,1260.0,16.8,healthy,0.0
fault_misfire_2,552,1789812516.974543,5822.5,137.13,831.92,5.14,103.3,0.0981,26.87,14.11,25.11,100.0,1265.0,16.8,healthy,0.0
fault_misfire_2,553,1789812517.974543,5832.1,137.04,836.62,5.19,103.33,0.0954,26.99,14.17,24.99,100.0,1270.0,16.7,healthy,0.0
fault_misfire_2,554,1789812518.974543,5802.8,137.46,835.09,5.29,103.56,0.1001,27.0,14.06,25.23,100.0,1275.0,16.7,healthy,0.0
fault_misfire_2,555,1789812519.974543,5793.6,137.66,832.98,5.28,103.68,0.1007,26.96,14.13,25.12,100.0,1280.0,16.7,healthy,0.0
fault_misfire_2,556,1789812520.974543,5782.1,137.8,830.89,5.24,103.7,0.0991,26.88,14.1,24.91,100.0,1285.0,16.6,healthy,0.0
fault_misfire_2,557,1789812521.974543,5802.0,137.54,829.76,5.23,104.02,0.0988,27.02,14.05,25.06,100.0,1290.0,16.6,healthy,0.0
fault_misfire_2,558,1789812522.974543,5792.1,137.12,827.41,5.21,104.14,0.0963,26.94,14.13,25.26,100.0,1295.0,16.6,healthy,0.0
fault_misfire_2,559,1789812523.974543,5804.2,137.12,831.48,5.22,103.99,0.105,26.79,14.13,25.31,100.0,1300.0,16.5,healthy,0.0
fault_misfire_2,560,1789812524.974543,5794.1,136.99,831.59,5.13,103.93,0.1023,26.84,14.11,25.08,100.0,1305.0,16.5,healthy,0.0
fault_misfire_2,561,1789812525.974543,5776.3,137.16,827.2,5.16,103.83,0.1049,27.01,14.08,25.36,100.0,1310.0,16.5,healthy,0.0
fault_misfire_2,562,1789812526.974543,5769.2,136.91,827.99,5.25,103.99,0.0996,26.99,14.11,25.21,100.0,1315.0,16.5,healthy,0.0
fault_misfire_2,563,1789812527.974543,5786.6,136.87,832.06,5.22,104.09,0.109,26.97,14.14,24.87,100.0,1320.0,16.4,healthy,0.0
fault_misfire_2,564,1789812528.974543,5783.6,136.38,831.42,5.2,104.19,0.1021,27.04,14.1,24.96,100.0,1325.0,16.4,healthy,0.0
fault_misfire_2,565,1789812529.974543,5803.6,136.78,827.83,5.18,104.17,0.1017,27.05,13.99,25.22,100.0,1330.0,16.4,healthy,0.0
fault_misfire_2,566,1789812530.974543,5815.9,136.6,825.76,5.18,104.28,0.0974,27.04,13.98,25.07,100.0,1335.0,16.3,healthy,0.0
fault_misfire_2,567,1789812531.974543,5821.6,136.73,831.75,5.21,104.29,0.0979,27.08,13.99,25.08,100.0,1340.0,16.3,healthy,0.0
fault_misfire_2,568,1789812532.974543,5816.0,136.79,828.52,5.18,104.36,0.1093,27.17,13.96,24.96,100.0,1345.0,16.3,healthy,0.0
fault_misfire_2,569,1789812533.974543,5816.3,136.85,834.81,5.18,104.47,0.1157,27.13,13.93,25.16,100.0,1350.0,16.2,healthy,0.0
fault_misfire_2,570,1789812534.974543,5811.5,137.01,835.0,5.27,104.42,0.1168,27.14,13.92,24.98,100.0,1355.0,16.2,healthy,0.0
fault_misfire_2,571,1789812535.974543,5806.0,137.15,835.77,5.3,104.61,0.115,26.98,13.93,24.95,100.0,1360.0,16.2,healthy,0.0
fault_misfire_2,572,1789812536.974543,5792.1,137.13,833.99,5.35,104.66,0.1144,27.05,13.97,24.92,100.0,1365.0,16.1,healthy,0.0
fault_misfire_2,573,1789812537.974543,5813.6,137.18,833.5,5.41,104.57,0.1122,27.15,14.05,25.43,100.0,1370.0,16.1,healthy,0.0
fault_misfire_2,574,1789812538.974543,5790.9,136.87,834.15,5.31,104.61,0.0993,27.01,14.23,25.26,100.0,1375.0,16.1,healthy,0.0
fault_misfire_2,575,1789812539.974543,5783.0,136.75,835.69,5.3,104.37,0.0982,27.08,14.33,25.2,100.0,1380.0,16.0,healthy,0.0
fault_misfire_2,576,1789812540.974543,5783.8,136.87,831.79,5.25,104.33,0.1068,27.12,14.32,25.22,100.0,1385.0,16.0,healthy,0.0
fault_misfire_2,577,1789812541.974543,5786.9,136.69,830.35,5.28,104.21,0.105,27.0,14.35,25.14,100.0,1390.0,16.0,healthy,0.0
fault_misfire_2,578,1789812542.974543,5827.3,136.86,825.65,5.3,104.24,0.1041,27.12,14.37,25.21,100.0,1395.0,15.9,healthy,0.0
fault_misfire_2,579,1789812543.974543,5820.2,136.57,826.73,5.25,104.49,0.1023,27.01,14.35,25.02,100.0,1400.0,15.9,healthy,0.0
fault_misfire_2,580,1789812544.974543,5835.0,136.36,832.18,5.28,104.45,0.0938,27.08,14.38,24.69,100.0,1405.0,15.9,healthy,0.0
fault_misfire_2,581,1789812545.974543,5825.0,136.48,831.36,5.23,104.38,0.092,27.06,14.31,24.35,100.0,1410.0,15.8,healthy,0.0
fault_misfire_2,582,1789812546.974543,5808.2,136.49,831.25,5.24,104.49,0.086,27.14,14.3,24.65,100.0,1415.0,15.8,healthy,0.0
fault_misfire_2,583,1789812547.974543,5797.5,136.11,826.79,5.25,104.64,0.0843,27.12,14.28,25.08,100.0,1420.0,15.8,healthy,0.0
fault_misfire_2,584,1789812548.974543,5787.2,136.38,830.26,5.25,104.61,0.09,27.19,14.22,24.84,100.0,1425.0,15.7,healthy,0.0
fault_misfire_2,585,1789812549.974543,5776.5,135.91,835.49,5.26,104.37,0.0912,27.1,14.13,25.14,100.0,1430.0,15.7,healthy,0.0
fault_misfire_2,586,1789812550.974543,5777.9,135.92,832.94,5.27,104.14,0.094,26.97,14.19,25.04,100.0,1435.0,15.7,healthy,0.0
fault_misfire_2,587,1789812551.974543,5772.5,136.1,829.43,5.2,104.26,0.0933,27.02,14.17,24.77,100.0,1440.0,15.6,healthy,0.0
fault_misfire_2,588,1789812552.974543,5754.9,136.08,832.92,5.18,104.23,0.0973,26.9,14.15,24.71,100.0,1445.0,15.6,healthy,0.0
fault_misfire_2,589,1789812553.974543,5780.4,136.21,834.16,5.16,104.16,0.095,26.87,14.08,24.84,100.0,1450.0,15.6,healthy,0.0
fault_misfire_2,590,1789812554.974543,5781.6,136.32,830.23,5.17,104.26,0.0897,26.97,14.14,24.9,100.0,1455.0,15.5,healthy,0.0
fault_misfire_2,591,1789812555.974543,5792.2,136.12,831.26,5.12,104.36,0.0933,27.11,14.21,25.1,100.0,1460.0,15.5,healthy,0.0
fault_misfire_2,592,1789812556.974543,5787.6,136.09,833.64,5.18,104.25,0.0929,27.18,14.33,24.97,100.0,1465.0,15.5,healthy,0.0
fault_misfire_2,593,1789812557.974543,5798.2,135.99,830.78,5.2,104.3,0.0924,26.99,14.36,24.98,100.0,1470.0,15.4,healthy,0.0
fault_misfire_2,594,1789812558.974543,5777.6,135.53,830.61,5.17,104.29,0.0914,26.91,14.35,25.09,100.0,1475.0,15.4,healthy,0.0
fault_misfire_2,595,1789812559.974543,5764.1,135.86,827.19,5.17,104.38,0.0851,27.01,14.29,25.18,100.0,1480.0,15.4,healthy,0.0
fault_misfire_2,596,1789812560.974543,5784.0,136.02,831.7,5.06,104.35,0.0958,27.15,14.3,24.78,100.0,1485.0,15.3,healthy,0.0
fault_misfire_2,597,1789812561.974543,5805.1,135.95,832.25,5.11,104.36,0.103,27.22,14.39,25.26,100.0,1490.0,15.3,healthy,0.0
fault_misfire_2,598,1789812562.974543,5802.5,136.12,830.68,5.18,104.45,0.1074,27.03,14.39,24.84,100.0,1495.0,15.3,healthy,0.0
fault_misfire_2,599,1789812563.974543,5788.7,136.16,828.99,5.22,104.46,0.0968,26.97,14.44,24.73,100.0,1500.0,15.2,healthy,0.0
fault_misfire_2,600,1789812564.974543,5267.8,136.01,817.36,4.81,104.6,0.0898,23.61,14.35,22.79,75.0,1500.0,15.2,healthy,0.0
fault_misfire_2,601,1789812565.974543,4989.0,135.7,803.09,4.64,104.6,0.0792,22.14,14.32,21.96,75.0,1500.0,15.2,healthy,0.0
fault_misfire_2,602,1789812566.974543,4844.4,135.27,789.56,4.5,104.48,0.0723,21.12,14.33,21.66,75.0,1500.0,15.2,healthy,0.0
fault_misfire_2,603,1789812567.974543,4790.3,134.79,772.55,4.38,104.51,0.081,20.75,14.29,21.09,75.0,1500.0,15.2,healthy,0.0
fault_misfire_2,604,1789812568.974543,4727.3,134.19,760.63,4.41,104.39,0.069,20.55,14.34,21.13,75.0,1500.0,15.2,healthy,0.0
fault_misfire_2,605,1789812569.974543,4719.3,133.87,756.2,4.25,104.4,0.0755,20.51,14.3,20.98,75.0,1500.0,15.2,healthy,0.0
fault_misfire_2,606,1789812570.974543,4719.2,133.4,749.35,4.25,104.36,0.0753,20.52,14.23,21.12,75.0,1500.0,15.2,healthy,0.0
fault_misfire_2,607,1789812571.974543,4721.5,132.98,745.79,4.34,104.69,0.0711,20.55,14.18,20.92,75.0,1500.0,15.2,healthy,0.0
fault_misfire_2,608,1789812572.974543,4696.4,132.68,739.74,4.3,104.72,0.0747,20.62,14.22,21.06,75.0,1500.0,15.2,healthy,0.0
fault_misfire_2,609,1789812573.974543,4686.3,132.38,742.82,4.38,104.71,0.0777,20.55,14.29,21.12,75.0,1500.0,15.2,healthy,0.0
fault_misfire_2,610,1789812574.974543,4675.2,132.32,741.67,4.36,104.75,0.0714,20.58,14.28,21.46,75.0,1500.0,15.2,healthy,0.0
fault_misfire_2,611,1789812575.974543,4686.9,132.44,743.37,4.37,104.73,0.0765,20.43,14.31,21.4,75.0,1500.0,15.2,healthy,0.0
fault_misfire_2,612,1789812576.974543,4696.1,132.45,740.17,4.32,104.77,0.0739,20.5,14.18,20.98,75.0,1500.0,15.2,healthy,0.0
fault_misfire_2,613,1789812577.974543,4676.1,132.3,741.22,4.35,104.93,0.0632,20.46,14.22,20.84,75.0,1500.0,15.2,healthy,0.0
fault_misfire_2,614,1789812578.974543,4667.0,131.76,740.0,4.35,104.9,0.062,20.3,14.29,21.12,75.0,1500.0,15.2,healthy,0.0
fault_misfire_2,615,1789812579.974543,4698.7,131.6,740.27,4.33,104.83,0.071,20.2,14.24,20.98,75.0,1500.0,15.2,healthy,0.0
fault_misfire_2,616,1789812580.974543,4705.3,130.83,741.83,4.31,104.67,0.074,20.32,14.3,21.15,75.0,1500.0,15.2,healthy,0.0
fault_misfire_2,617,1789812581.974543,4687.6,130.37,737.89,4.36,104.66,0.0755,20.37,14.41,20.73,75.0,1500.0,15.2,healthy,0.0
fault_misfire_2,618,1789812582.974543,4667.9,129.8,737.81,4.39,104.91,0.0786,20.22,14.42,20.9,75.0,1500.0,15.2,healthy,0.0
fault_misfire_2,619,1789812583.974543,4675.2,129.86,738.5,4.41,104.78,0.0842,20.41,14.36,20.94,75.0,1500.0,15.2,healthy,0.0
fault_misfire_2,620,1789812584.974543,4696.4,129.76,736.04,4.35,104.95,0.0771,20.33,14.33,21.37,75.0,1500.0,15.2,healthy,0.0
fault_misfire_2,621,1789812585.974543,4660.1,129.61,735.16,4.36,104.97,0.0733,20.29,14.25,21.25,75.0,1500.0,15.2,healthy,0.0
fault_misfire_2,622,1789812586.974543,4656.8,129.36,740.26,4.35,105.0,0.0725,20.1,14.24,21.46,75.0,1500.0,15.2,healthy,0.0
fault_misfire_2,623,1789812587.974543,4654.4,128.99,737.83,4.29,104.87,0.0762,20.12,14.25,21.36,75.0,1500.0,15.2,healthy,0.0
fault_misfire_2,624,1789812588.974543,4647.1,128.96,740.89,4.3,105.06,0.0703,20.07,14.26,20.85,75.0,1500.0,15.2,healthy,0.0
fault_misfire_2,625,1789812589.974543,4661.6,128.95,742.72,4.29,105.03,0.0683,20.15,14.25,21.12,75.0,1500.0,15.2,healthy,0.0
fault_misfire_2,626,1789812590.974543,4679.5,128.64,740.04,4.3,105.02,0.0616,20.24,14.3,20.82,75.0,1500.0,15.2,healthy,0.0
fault_misfire_2,627,1789812591.974543,4671.5,128.42,737.01,4.28,105.2,0.0696,20.23,14.25,21.0,75.0,1500.0,15.2,healthy,0.0
fault_misfire_2,628,1789812592.974543,4676.2,128.38,741.01,4.33,105.07,0.0723,20.03,14.22,21.2,75.0,1500.0,15.2,healthy,0.0
fault_misfire_2,629,1789812593.974543,4668.3,128.55,746.03,4.32,105.04,0.0818,20.1,14.22,21.23,75.0,1500.0,15.2,healthy,0.0
fault_misfire_2,630,1789812594.974543,4648.7,128.49,741.96,4.25,104.9,0.0763,20.13,14.18,21.0,75.0,1500.0,15.2,healthy,0.0
fault_misfire_2,631,1789812595.974543,4653.0,128.28,741.08,4.14,104.68,0.0712,20.12,14.18,21.04,75.0,1500.0,15.2,healthy,0.0
fault_misfire_2,632,1789812596.974543,4658.6,128.04,742.61,4.19,104.76,0.0778,20.08,14.14,21.04,75.0,1500.0,15.2,healthy,0.0
fault_misfire_2,633,1789812597.974543,4653.9,127.86,740.84,4.2,104.59,0.0703,20.16,14.13,21.21,75.0,1500.0,15.2,healthy,0.0
fault_misfire_2,634,1789812598.974543,4661.2,127.58,738.42,4.23,104.73,0.0729,20.33,14.16,21.17,75.0,1500.0,15.2,healthy,0.0
fault_misfire_2,635,1789812599.974543,4669.6,127.67,742.82,4.26,104.79,0.0742,20.33,14.14,21.02,75.0,1500.0,15.2,healthy,0.0
fault_misfire_2,636,1789812600.974543,4679.2,127.56,750.61,4.3,104.86,0.0699,20.04,14.04,21.07,75.0,1500.0,15.2,healthy,0.0
fault_misfire_2,637,1789812601.974543,4678.7,127.83,748.07,4.24,104.83,0.065,20.03,14.08,20.99,75.0,1500.0,15.2,healthy,0.0
fault_misfire_2,638,1789812602.974543,4687.1,127.52,748.89,4.3,105.01,0.0716,20.09,14.2,21.4,75.0,1500.0,15.2,healthy,0.0
fault_misfire_2,639,1789812603.974543,4697.7,127.32,746.69,4.31,104.83,0.0617,20.12,14.23,21.41,75.0,1500.0,15.2,healthy,0.0
fault_misfire_2,640,1789812604.974543,4688.4,127.68,742.17,4.31,104.91,0.0639,20.33,14.21,21.4,75.0,1500.0,15.2,healthy,0.0
fault_misfire_2,641,1789812605.974543,4685.0,127.55,747.33,4.36,104.81,0.0759,20.33,14.12,21.22,75.0,1500.0,15.2,healthy,0.0
fault_misfire_2,642,1789812606.974543,4690.7,127.46,739.91,4.39,104.85,0.0826,20.33,14.1,21.37,75.0,1500.0,15.2,healthy,0.0
fault_misfire_2,643,1789812607.974543,4684.8,127.39,743.34,4.31,104.78,0.0813,20.42,14.12,21.51,75.0,1500.0,15.2,healthy,0.0
fault_misfire_2,644,1789812608.974543,4690.7,127.48,741.62,4.28,104.83,0.073,20.52,14.09,21.61,75.0,1500.0,15.2,healthy,0.0
fault_misfire_2,645,1789812609.974543,4692.3,127.39,747.13,4.26,104.95,0.0775,20.4,14.07,21.5,75.0,1500.0,15.2,healthy,0.0
fault_misfire_2,646,1789812610.974543,4703.1,127.29,744.62,4.24,104.96,0.0747,20.17,14.02,21.01,75.0,1500.0,15.2,healthy,0.0
fault_misfire_2,647,1789812611.974543,4702.4,127.19,747.68,4.27,104.94,0.0705,20.16,14.12,20.99,75.0,1500.0,15.2,healthy,0.0
fault_misfire_2,648,1789812612.974543,4705.8,127.14,746.6,4.22,104.87,0.066,20.31,14.09,21.37,75.0,1500.0,15.2,healthy,0.0
fault_misfire_2,649,1789812613.974543,4677.9,127.36,737.58,4.29,104.97,0.0727,20.1,14.15,21.4,75.0,1500.0,15.2,healthy,0.0
fault_misfire_2,650,1789812614.974543,4699.9,127.4,733.59,4.28,105.06,0.0716,20.23,14.24,21.33,75.0,1500.0,15.2,healthy,0.0
fault_misfire_2,651,1789812615.974543,4711.6,127.24,732.76,4.3,105.04,0.0738,20.29,14.25,20.87,75.0,1500.0,15.2,healthy,0.0
fault_misfire_2,652,1789812616.974543,4703.3,127.07,726.3,4.21,105.13,0.0686,20.48,14.26,20.96,75.0,1500.0,15.2,healthy,0.0
fault_misfire_2,653,1789812617.974543,4694.3,127.02,730.85,4.25,105.08,0.0618,20.49,14.25,21.22,75.0,1500.0,15.2,healthy,0.0
fault_misfire_2,654,1789812618.974543,4700.3,126.93,729.65,4.27,105.12,0.0634,20.45,14.28,21.38,75.0,1500.0,15.2,healthy,0.0
fault_misfire_2,655,1789812619.974543,4701.6,126.67,737.69,4.25,105.07,0.0759,20.55,14.27,21.39,75.0,1500.0,15.2,healthy,0.0
fault_misfire_2,656,1789812620.974543,4684.2,126.72,738.0,4.29,105.01,0.0758,20.32,14.23,21.28,75.0,1500.0,15.2,healthy,0.0
fault_misfire_2,657,1789812621.974543,4687.7,126.67,736.27,4.31,104.82,0.0781,20.18,14.23,21.36,75.0,1500.0,15.2,healthy,0.0
fault_misfire_2,658,1789812622.974543,4686.2,126.76,738.97,4.3,104.9,0.0849,20.1,14.18,21.33,75.0,1500.0,15.2,healthy,0.0
fault_misfire_2,659,1789812623.974543,4686.6,126.88,736.11,4.21,104.59,0.0817,20.19,14.24,21.44,75.0,1500.0,15.2,healthy,0.0
fault_misfire_2,660,1789812624.974543,4681.8,126.86,732.57,4.22,104.57,0.0731,20.19,14.09,21.57,75.0,1500.0,15.2,healthy,0.0
fault_misfire_2,661,1789812625.974543,4691.6,127.21,733.14,4.26,104.48,0.0674,20.12,14.06,21.93,75.0,1500.0,15.2,healthy,0.0
fault_misfire_2,662,1789812626.974543,4708.2,127.15,739.04,4.33,104.39,0.0669,20.09,14.12,21.28,75.0,1500.0,15.2,healthy,0.0
fault_misfire_2,663,1789812627.974543,4700.5,127.06,736.68,4.28,104.42,0.0684,20.16,14.07,21.37,75.0,1500.0,15.2,healthy,0.0
fault_misfire_2,664,1789812628.974543,4705.4,127.06,736.9,4.26,104.49,0.0763,20.1,14.04,21.69,75.0,1500.0,15.2,healthy,0.0
fault_misfire_2,665,1789812629.974543,4703.5,126.81,739.04,4.29,104.47,0.0793,20.2,13.98,21.4,75.0,1500.0,15.2,healthy,0.0
fault_misfire_2,666,1789812630.974543,4692.3,127.33,744.99,4.26,104.46,0.0779,20.15,14.01,21.25,75.0,1500.0,15.2,healthy,0.0
fault_misfire_2,667,1789812631.974543,4681.4,127.46,739.23,4.25,104.53,0.0827,20.07,14.13,21.25,75.0,1500.0,15.2,healthy,0.0
fault_misfire_2,668,1789812632.974543,4663.4,127.28,741.61,4.27,104.68,0.0742,20.01,14.19,21.45,75.0,1500.0,15.2,healthy,0.0
fault_misfire_2,669,1789812633.974543,4675.1,127.1,737.92,4.31,104.55,0.0779,19.95,14.19,21.34,75.0,1500.0,15.2,healthy,0.0
fault_misfire_2,670,1789812634.974543,4648.7,127.17,736.78,4.34,104.6,0.0741,19.88,14.29,20.99,75.0,1500.0,15.2,healthy,0.0
fault_misfire_2,671,1789812635.974543,4659.3,127.17,737.4,4.21,104.73,0.0706,19.81,14.21,21.19,75.0,1500.0,15.2,healthy,0.0
fault_misfire_2,672,1789812636.974543,4656.4,127.13,733.95,4.29,104.9,0.0651,19.87,14.22,21.3,75.0,1500.0,15.2,healthy,0.0
fault_misfire_2,673,1789812637.974543,4666.1,127.1,728.61,4.27,104.72,0.0668,20.04,14.28,21.08,75.0,1500.0,15.2,healthy,0.0
fault_misfire_2,674,1789812638.974543,4676.8,127.36,731.12,4.33,104.74,0.0647,20.1,14.32,21.6,75.0,1500.0,15.2,healthy,0.0
fault_misfire_2,675,1789812639.974543,4683.2,127.05,735.26,4.42,104.69,0.0769,20.12,14.28,21.19,75.0,1500.0,15.2,healthy,0.0
fault_misfire_2,676,1789812640.974543,4713.5,127.03,736.53,4.5,104.57,0.0765,20.15,14.25,20.82,75.0,1500.0,15.2,healthy,0.0
fault_misfire_2,677,1789812641.974543,4728.2,126.66,734.52,4.46,104.38,0.0735,20.06,14.17,20.96,75.0,1500.0,15.2,healthy,0.0
fault_misfire_2,678,1789812642.974543,4697.8,126.72,735.43,4.44,104.63,0.0777,20.14,14.2,21.04,75.0,1500.0,15.2,healthy,0.0
fault_misfire_2,679,1789812643.974543,4698.8,126.87,736.55,4.38,104.52,0.0778,20.2,14.28,21.34,75.0,1500.0,15.2,healthy,0.0
fault_misfire_2,680,1789812644.974543,4710.8,126.57,738.16,4.38,104.57,0.0788,20.08,14.27,21.41,75.0,1500.0,15.2,healthy,0.0
fault_misfire_2,681,1789812645.974543,4699.8,126.65,734.55,4.4,104.69,0.0737,20.1,14.26,21.45,75.0,1500.0,15.2,healthy,0.0
fault_misfire_2,682,1789812646.974543,4700.9,126.51,739.41,4.38,104.79,0.0815,20.25,14.26,21.74,75.0,1500.0,15.2,healthy,0.0
fault_misfire_2,683,1789812647.974543,4713.3,126.32,735.12,4.43,104.8,0.0783,20.26,14.26,21.59,75.0,1500.0,15.2,healthy,0.0
fault_misfire_2,684,1789812648.974543,4729.2,126.31,734.83,4.41,104.63,0.0727,20.3,14.22,21.59,75.0,1500.0,15.2,healthy,0.0
fault_misfire_2,685,1789812649.974543,4721.4,126.47,735.92,4.38,104.9,0.0704,20.17,14.13,21.6,75.0,1500.0,15.2,healthy,0.0
fault_misfire_2,686,1789812650.974543,4691.2,126.47,740.06,4.45,104.97,0.0658,20.06,14.19,21.86,75.0,1500.0,15.2,healthy,0.0
fault_misfire_2,687,1789812651.974543,4690.5,126.65,741.34,4.41,105.04,0.0794,20.14,14.18,21.35,75.0,1500.0,15.2,healthy,0.0
fault_misfire_2,688,1789812652.974543,4702.4,126.55,737.83,4.41,105.0,0.0847,20.21,14.12,21.24,75.0,1500.0,15.2,healthy,0.0
fault_misfire_2,689,1789812653.974543,4699.1,126.72,737.22,4.4,105.09,0.0777,20.32,14.17,21.27,75.0,1500.0,15.2,healthy,0.0
fault_misfire_2,690,1789812654.974543,4695.1,126.73,736.7,4.33,105.0,0.071,20.35,14.13,21.19,75.0,1500.0,15.2,healthy,0.0
fault_misfire_2,691,1789812655.974543,4670.8,126.61,736.79,4.39,104.92,0.0718,20.33,14.2,21.28,75.0,1500.0,15.2,healthy,0.0
fault_misfire_2,692,1789812656.974543,4679.1,126.86,739.14,4.38,104.99,0.0763,20.28,14.21,21.4,75.0,1500.0,15.2,healthy,0.0
fault_misfire_2,693,1789812657.974543,4683.7,126.79,737.88,4.41,104.95,0.0703,20.3,14.26,21.03,75.0,1500.0,15.2,healthy,0.0
fault_misfire_2,694,1789812658.974543,4715.7,126.53,741.02,4.4,104.86,0.0707,20.28,14.24,21.07,75.0,1500.0,15.2,healthy,0.0
fault_misfire_2,695,1789812659.974543,4693.6,126.55,737.03,4.41,104.73,0.0702,20.34,14.19,21.42,75.0,1500.0,15.2,healthy,0.0
fault_misfire_2,696,1789812660.974543,4675.2,126.61,740.73,4.34,104.94,0.0721,20.32,14.17,21.15,75.0,1500.0,15.2,healthy,0.0
fault_misfire_2,697,1789812661.974543,4688.8,126.61,736.07,4.35,104.84,0.0705,20.36,14.2,21.3,75.0,1500.0,15.2,healthy,0.0
fault_misfire_2,698,1789812662.974543,4692.0,126.43,737.9,4.35,104.79,0.0638,20.19,14.12,21.11,75.0,1500.0,15.2,healthy,0.0
fault_misfire_2,699,1789812663.974543,4702.4,126.4,732.74,4.47,104.78,0.0634,20.06,13.99,20.96,75.0,1500.0,15.2,healthy,0.0
fault_misfire_2,700,1789812664.974543,4715.0,126.11,732.16,4.43,104.8,0.0607,20.15,13.85,20.9,75.0,1500.0,15.2,healthy,0.0
fault_misfire_2,701,1789812665.974543,4720.0,126.19,742.63,4.54,104.68,0.0688,20.01,13.97,21.18,75.0,1500.0,15.2,healthy,0.0
fault_misfire_2,702,1789812666.974543,4715.0,126.35,745.44,4.42,104.77,0.0744,20.19,13.92,21.2,75.0,1500.0,15.2,healthy,0.0
fault_misfire_2,703,1789812667.974543,4712.8,126.19,742.19,4.35,104.74,0.0741,20.2,14.0,21.12,75.0,1500.0,15.2,healthy,0.0
fault_misfire_2,704,1789812668.974543,4703.3,126.22,744.87,4.39,104.84,0.0801,20.38,14.06,20.8,75.0,1500.0,15.2,healthy,0.0
fault_misfire_2,705,1789812669.974543,4697.5,125.97,742.06,4.32,104.95,0.0766,20.38,14.04,21.19,75.0,1500.0,15.2,healthy,0.0
fault_misfire_2,706,1789812670.974543,4685.7,126.21,740.79,4.33,104.94,0.0734,20.29,13.98,21.42,75.0,1500.0,15.2,healthy,0.0
fault_misfire_2,707,1789812671.974543,4696.7,126.51,742.88,4.37,104.85,0.0693,20.36,13.97,20.99,75.0,1500.0,15.2,healthy,0.0
fault_misfire_2,708,1789812672.974543,4691.5,126.45,740.86,4.41,104.81,0.0621,20.22,13.9,21.15,75.0,1500.0,15.2,healthy,0.0
fault_misfire_2,709,1789812673.974543,4689.3,126.35,739.48,4.36,104.6,0.073,20.22,13.92,21.06,75.0,1500.0,15.2,healthy,0.0
fault_misfire_2,710,1789812674.974543,4672.3,126.19,736.04,4.36,104.89,0.076,20.17,13.96,21.11,75.0,1500.0,15.2,healthy,0.0
fault_misfire_2,711,1789812675.974543,4691.7,126.47,736.64,4.4,105.02,0.0705,20.18,13.97,21.26,75.0,1500.0,15.2,healthy,0.0
fault_misfire_2,712,1789812676.974543,4697.8,126.08,742.3,4.38,105.01,0.065,20.24,14.01,21.04,75.0,1500.0,15.2,healthy,0.0
fault_misfire_2,713,1789812677.974543,4667.1,126.07,738.59,4.38,105.06,0.0642,20.36,14.05,21.29,75.0,1500.0,15.2,healthy,0.0
fault_misfire_2,714,1789812678.974543,4676.5,125.97,742.12,4.38,105.08,0.0713,20.37,14.09,21.27,75.0,1500.0,15.2,healthy,0.0
fault_misfire_2,715,1789812679.974543,4665.3,125.9,744.92,4.33,105.22,0.0778,20.41,14.06,21.39,75.0,1500.0,15.2,healthy,0.0
fault_misfire_2,716,1789812680.974543,4658.5,126.0,746.81,4.39,104.93,0.0684,20.29,14.03,21.3,75.0,1500.0,15.2,healthy,0.0
fault_misfire_2,717,1789812681.974543,4663.1,126.07,751.93,4.34,104.93,0.0839,20.2,14.05,21.39,75.0,1500.0,15.2,healthy,0.0
fault_misfire_2,718,1789812682.974543,4687.3,126.3,745.65,4.41,104.86,0.0777,20.26,14.06,21.37,75.0,1500.0,15.2,healthy,0.0
fault_misfire_2,719,1789812683.974543,4675.1,126.7,745.6,4.45,104.89,0.0747,20.33,14.03,21.11,75.0,1500.0,15.2,healthy,0.0
fault_misfire_2,720,1789812684.974543,4670.0,126.61,746.05,4.4,104.81,0.0666,20.5,14.08,21.12,75.0,1500.0,15.2,healthy,0.0
fault_misfire_2,721,1789812685.974543,4686.7,126.8,741.29,4.38,104.97,0.0708,20.22,14.06,21.57,75.0,1500.0,15.2,healthy,0.0
fault_misfire_2,722,1789812686.974543,4674.4,126.62,739.6,4.45,104.98,0.07,20.17,14.07,21.48,75.0,1500.0,15.2,healthy,0.0
fault_misfire_2,723,1789812687.974543,4694.4,126.85,739.45,4.41,105.09,0.0804,20.18,14.17,21.39,75.0,1500.0,15.2,healthy,0.0
fault_misfire_2,724,1789812688.974543,4690.3,126.72,737.77,4.39,105.05,0.0733,20.16,14.08,21.23,75.0,1500.0,15.2,healthy,0.0
fault_misfire_2,725,1789812689.974543,4733.0,126.6,742.26,4.36,105.09,0.0707,20.19,14.08,21.17,75.0,1500.0,15.2,healthy,0.0
fault_misfire_2,726,1789812690.974543,4730.8,126.8,738.16,4.34,105.02,0.0704,20.16,14.12,21.64,75.0,1500.0,15.2,healthy,0.0
fault_misfire_2,727,1789812691.974543,4717.8,126.75,744.69,4.42,104.89,0.071,20.04,14.14,21.43,75.0,1500.0,15.2,healthy,0.0
fault_misfire_2,728,1789812692.974543,4704.1,126.35,746.53,4.4,104.88,0.068,20.08,14.14,21.17,75.0,1500.0,15.2,healthy,0.0
fault_misfire_2,729,1789812693.974543,4705.7,126.58,746.75,4.5,104.77,0.0667,20.08,14.24,21.25,75.0,1500.0,15.2,healthy,0.0
fault_misfire_2,730,1789812694.974543,4715.9,126.5,743.36,4.5,104.9,0.0622,20.26,14.22,21.18,75.0,1500.0,15.2,healthy,0.0
fault_misfire_2,731,1789812695.974543,4710.4,126.53,741.05,4.37,104.95,0.0604,20.24,14.28,21.19,75.0,1500.0,15.2,healthy,0.0
fault_misfire_2,732,1789812696.974543,4677.0,126.53,738.23,4.44,104.98,0.0633,20.22,14.33,21.28,75.0,1500.0,15.2,healthy,0.0
fault_misfire_2,733,1789812697.974543,4664.9,126.57,737.93,4.37,104.92,0.065,20.15,14.42,21.34,75.0,1500.0,15.2,healthy,0.0
fault_misfire_2,734,1789812698.974543,4693.3,126.69,739.82,4.42,104.85,0.0734,20.1,14.43,21.25,75.0,1500.0,15.2,healthy,0.0
fault_misfire_2,735,1789812699.974543,4715.8,126.74,742.32,4.42,104.66,0.0726,20.21,14.49,21.1,75.0,1500.0,15.2,healthy,0.0
fault_misfire_2,736,1789812700.974543,4732.2,126.77,744.9,4.39,104.7,0.0701,20.19,14.5,21.15,75.0,1500.0,15.2,healthy,0.0
fault_misfire_2,737,1789812701.974543,4739.8,126.44,745.29,4.44,104.8,0.069,20.34,14.49,21.61,75.0,1500.0,15.2,healthy,0.0
fault_misfire_2,738,1789812702.974543,4737.1,126.34,745.53,4.49,104.85,0.0628,20.27,14.45,21.93,75.0,1500.0,15.2,healthy,0.0
fault_misfire_2,739,1789812703.974543,4754.9,126.19,749.1,4.45,104.66,0.0659,20.25,14.49,21.79,75.0,1500.0,15.2,healthy,0.0
fault_misfire_2,740,1789812704.974543,4744.6,126.47,748.29,4.41,104.56,0.0713,20.21,14.45,21.43,75.0,1500.0,15.2,healthy,0.0
fault_misfire_2,741,1789812705.974543,4774.5,126.83,747.23,4.46,104.51,0.0632,20.26,14.35,21.24,75.0,1500.0,15.2,healthy,0.0
fault_misfire_2,742,1789812706.974543,4733.5,126.78,744.27,4.51,104.42,0.0591,20.38,14.35,21.18,75.0,1500.0,15.2,healthy,0.0
fault_misfire_2,743,1789812707.974543,4727.9,126.5,746.72,4.44,104.58,0.0596,20.4,14.31,20.94,75.0,1500.0,15.2,healthy,0.0
fault_misfire_2,744,1789812708.974543,4727.7,126.73,745.04,4.48,104.56,0.0652,20.44,14.3,21.25,75.0,1500.0,15.2,healthy,0.0
fault_misfire_2,745,1789812709.974543,4698.6,126.67,748.94,4.39,104.63,0.069,20.21,14.27,21.05,75.0,1500.0,15.2,healthy,0.0
fault_misfire_2,746,1789812710.974543,4708.3,126.29,742.51,4.38,104.81,0.0782,20.24,14.31,21.02,75.0,1500.0,15.2,healthy,0.0
fault_misfire_2,747,1789812711.974543,4687.3,126.38,743.33,4.56,104.67,0.0788,20.24,14.3,21.08,75.0,1500.0,15.2,healthy,0.0
fault_misfire_2,748,1789812712.974543,4714.9,126.47,746.96,4.46,104.67,0.0828,20.38,14.4,21.42,75.0,1500.0,15.2,healthy,0.0
fault_misfire_2,749,1789812713.974543,4708.1,126.32,740.4,4.45,104.56,0.0809,20.2,14.42,21.43,75.0,1500.0,15.2,healthy,0.0
fault_misfire_2,750,1789812714.974543,4701.4,126.43,742.79,4.37,104.49,0.0755,20.28,14.36,21.61,75.0,1500.0,15.2,healthy,0.0
fault_misfire_2,751,1789812715.974543,4704.6,126.27,743.69,4.26,104.36,0.0788,20.33,14.38,21.34,75.0,1500.0,15.2,healthy,0.0
fault_misfire_2,752,1789812716.974543,4716.6,126.44,741.12,4.26,104.48,0.0796,20.19,14.37,21.05,75.0,1500.0,15.2,healthy,0.0
fault_misfire_2,753,1789812717.974543,4722.5,126.09,736.84,4.26,104.55,0.0722,20.05,14.34,21.21,75.0,1500.0,15.2,healthy,0.0
fault_misfire_2,754,1789812718.974543,4725.8,125.8,736.65,4.34,104.67,0.0742,20.07,14.29,21.05,75.0,1500.0,15.2,healthy,0.0
fault_misfire_2,755,1789812719.974543,4725.2,125.61,732.47,4.39,104.6,0.0671,20.09,14.24,21.12,75.0,1500.0,15.2,healthy,0.0
fault_misfire_2,756,1789812720.974543,4738.2,125.41,739.69,4.44,104.67,0.0698,20.09,14.17,21.14,75.0,1500.0,15.2,healthy,0.0
fault_misfire_2,757,1789812721.974543,4733.6,125.51,746.06,4.44,104.65,0.0633,20.04,14.22,21.1,75.0,1500.0,15.2,healthy,0.0
fault_misfire_2,758,1789812722.974543,4707.5,125.65,748.59,4.32,104.9,0.0752,20.0,14.16,21.22,75.0,1500.0,15.2,healthy,0.0
fault_misfire_2,759,1789812723.974543,4723.8,125.52,746.18,4.32,104.88,0.0781,20.12,14.16,21.28,75.0,1500.0,15.2,healthy,0.0
fault_misfire_2,760,1789812724.974543,4734.4,125.81,744.29,4.32,104.64,0.0733,20.09,14.22,21.36,75.0,1500.0,15.2,healthy,0.0
fault_misfire_2,761,1789812725.974543,4719.4,126.19,746.22,4.23,104.75,0.0661,20.25,14.22,21.08,75.0,1500.0,15.2,healthy,0.0
fault_misfire_2,762,1789812726.974543,4718.6,126.04,745.57,4.18,104.64,0.073,20.24,14.19,21.12,75.0,1500.0,15.2,healthy,0.0
fault_misfire_2,763,1789812727.974543,4701.6,126.21,744.96,4.22,104.54,0.0646,20.22,14.27,21.32,75.0,1500.0,15.2,healthy,0.0
fault_misfire_2,764,1789812728.974543,4696.3,126.52,741.89,4.27,104.56,0.0712,20.34,14.18,21.52,75.0,1500.0,15.2,healthy,0.0
fault_misfire_2,765,1789812729.974543,4716.0,126.43,738.2,4.25,104.39,0.0808,20.41,14.19,21.14,75.0,1500.0,15.2,healthy,0.0
fault_misfire_2,766,1789812730.974543,4724.9,126.39,734.74,4.24,104.32,0.0689,20.52,14.2,21.27,75.0,1500.0,15.2,healthy,0.0
fault_misfire_2,767,1789812731.974543,4730.6,126.62,738.45,4.24,104.45,0.0643,20.41,14.21,21.24,75.0,1500.0,15.2,healthy,0.0
fault_misfire_2,768,1789812732.974543,4731.5,126.45,739.78,4.2,104.46,0.0713,20.26,14.16,21.61,75.0,1500.0,15.2,healthy,0.0
fault_misfire_2,769,1789812733.974543,4727.6,126.13,741.23,4.16,104.54,0.0737,20.4,14.08,21.76,75.0,1500.0,15.2,healthy,0.0
fault_misfire_2,770,1789812734.974543,4717.4,126.2,740.67,4.23,104.49,0.0752,20.34,14.07,21.26,75.0,1500.0,15.2,healthy,0.0
fault_misfire_2,771,1789812735.974543,4732.3,126.35,738.9,4.27,104.63,0.0651,20.33,14.16,21.12,75.0,1500.0,15.2,healthy,0.0
fault_misfire_2,772,1789812736.974543,4722.8,126.27,739.52,4.29,104.59,0.0743,20.21,14.29,20.91,75.0,1500.0,15.2,healthy,0.0
fault_misfire_2,773,1789812737.974543,4725.2,126.12,736.43,4.26,104.68,0.0688,20.21,14.22,20.97,75.0,1500.0,15.2,healthy,0.0
fault_misfire_2,774,1789812738.974543,4732.5,126.24,735.57,4.29,104.64,0.0749,20.23,14.23,20.96,75.0,1500.0,15.2,healthy,0.0
fault_misfire_2,775,1789812739.974543,4749.4,126.4,739.11,4.22,104.68,0.0722,20.12,14.39,21.17,75.0,1500.0,15.2,healthy,0.0
fault_misfire_2,776,1789812740.974543,4731.9,126.25,739.46,4.27,104.64,0.0708,20.03,14.37,21.01,75.0,1500.0,15.2,healthy,0.0
fault_misfire_2,777,1789812741.974543,4723.8,126.13,739.06,4.28,104.62,0.0708,20.23,14.29,20.88,75.0,1500.0,15.2,healthy,0.0
fault_misfire_2,778,1789812742.974543,4691.7,125.99,739.43,4.29,104.69,0.0604,20.12,14.24,20.76,75.0,1500.0,15.2,healthy,0.0
fault_misfire_2,779,1789812743.974543,4711.4,126.13,739.99,4.3,104.59,0.0657,20.07,14.31,21.01,75.0,1500.0,15.2,healthy,0.0
fault_misfire_2,780,1789812744.974543,4680.0,126.21,736.87,4.29,104.42,0.0788,20.09,14.19,21.32,75.0,1500.0,15.2,healthy,0.0
fault_misfire_2,781,1789812745.974543,4687.6,126.16,738.97,4.25,104.5,0.0797,20.09,14.2,21.37,75.0,1500.0,15.2,healthy,0.0
fault_misfire_2,782,1789812746.974543,4693.9,126.07,737.14,4.2,104.5,0.08,20.09,14.13,21.32,75.0,1500.0,15.2,healthy,0.0
fault_misfire_2,783,1789812747.974543,4715.0,126.25,740.73,4.26,104.26,0.0758,20.25,14.17,21.27,75.0,1500.0,15.2,healthy,0.0
fault_misfire_2,784,1789812748.974543,4725.0,126.57,740.12,4.31,104.14,0.0708,20.3,14.11,21.59,75.0,1500.0,15.2,healthy,0.0
fault_misfire_2,785,1789812749.974543,4732.9,126.45,743.2,4.27,104.24,0.0826,20.25,14.03,21.21,75.0,1500.0,15.2,healthy,0.0
fault_misfire_2,786,1789812750.974543,4727.1,126.21,741.7,4.35,104.33,0.0728,20.2,14.05,20.82,75.0,1500.0,15.2,healthy,0.0
fault_misfire_2,787,1789812751.974543,4719.6,125.97,740.68,4.37,104.15,0.0704,20.13,14.05,20.77,75.0,1500.0,15.2,healthy,0.0
fault_misfire_2,788,1789812752.974543,4682.6,126.22,738.71,4.36,104.19,0.0746,20.12,14.1,20.89,75.0,1500.0,15.2,healthy,0.0
fault_misfire_2,789,1789812753.974543,4695.3,126.51,740.69,4.32,104.23,0.0747,20.22,14.16,21.2,75.0,1500.0,15.2,healthy,0.0
fault_misfire_2,790,1789812754.974543,4692.6,126.44,735.32,4.28,104.23,0.0793,20.1,14.15,21.02,75.0,1500.0,15.2,healthy,0.0
fault_misfire_2,791,1789812755.974543,4683.9,126.71,737.32,4.32,104.23,0.0692,20.02,14.17,21.13,75.0,1500.0,15.2,healthy,0.0
fault_misfire_2,792,1789812756.974543,4708.7,126.81,734.95,4.32,104.11,0.0725,20.09,14.16,21.04,75.0,1500.0,15.2,healthy,0.0
fault_misfire_2,793,1789812757.974543,4701.6,126.52,735.99,4.41,104.08,0.076,20.02,14.1,20.9,75.0,1500.0,15.2,healthy,0.0
fault_misfire_2,794,1789812758.974543,4704.1,126.62,735.39,4.29,103.86,0.0706,20.2,14.19,21.14,75.0,1500.0,15.2,healthy,0.0
fault_misfire_2,795,1789812759.974543,4710.8,126.63,737.43,4.35,103.8,0.0648,20.18,14.24,21.3,75.0,1500.0,15.2,healthy,0.0
fault_misfire_2,796,1789812760.974543,4706.4,126.81,736.72,4.34,103.66,0.0688,20.0,14.3,21.49,75.0,1500.0,15.2,healthy,0.0
fault_misfire_2,797,1789812761.974543,4692.7,127.49,744.63,4.36,103.63,0.0665,20.18,14.36,21.27,75.0,1500.0,15.2,healthy,0.0
fault_misfire_2,798,1789812762.974543,4713.4,127.39,744.11,4.28,103.74,0.066,20.06,14.26,21.1,75.0,1500.0,15.2,healthy,0.0
fault_misfire_2,799,1789812763.974543,4698.5,126.99,745.47,4.37,103.63,0.0725,20.16,14.23,21.03,75.0,1500.0,15.2,healthy,0.0
fault_misfire_2,800,1789812764.974543,4692.1,126.72,749.05,4.42,103.71,0.0745,20.04,14.23,20.97,75.0,1500.0,15.2,healthy,0.0
fault_misfire_2,801,1789812765.974543,4681.1,127.24,747.39,4.4,103.65,0.0739,19.95,14.3,21.2,75.0,1500.0,15.2,healthy,0.0
fault_misfire_2,802,1789812766.974543,4687.7,127.06,747.5,4.35,103.62,0.0733,20.11,14.35,21.36,75.0,1500.0,15.2,healthy,0.0
fault_misfire_2,803,1789812767.974543,4700.7,127.01,747.12,4.28,103.73,0.0705,20.06,14.32,21.04,75.0,1500.0,15.2,healthy,0.0
fault_misfire_2,804,1789812768.974543,4701.3,126.95,746.18,4.34,103.64,0.0679,20.2,14.33,21.09,75.0,1500.0,15.2,healthy,0.0
fault_misfire_2,805,1789812769.974543,4697.7,126.92,743.69,4.41,103.79,0.0721,20.26,14.37,21.26,75.0,1500.0,15.2,healthy,0.0
fault_misfire_2,806,1789812770.974543,4703.0,126.96,741.71,4.36,103.84,0.0764,20.3,14.28,21.55,75.0,1500.0,15.2,healthy,0.0
fault_misfire_2,807,1789812771.974543,4708.7,126.78,745.13,4.44,103.83,0.0738,20.25,14.26,21.37,75.0,1500.0,15.2,healthy,0.0
fault_misfire_2,808,1789812772.974543,4702.4,126.55,740.72,4.41,103.73,0.0791,20.45,14.31,21.11,75.0,1500.0,15.2,healthy,0.0
fault_misfire_2,809,1789812773.974543,4684.6,126.5,742.18,4.45,103.67,0.0693,20.5,14.2,21.03,75.0,1500.0,15.2,healthy,0.0
fault_misfire_2,810,1789812774.974543,4670.1,126.33,740.35,4.44,103.68,0.073,20.5,14.19,21.01,75.0,1500.0,15.2,healthy,0.0
fault_misfire_2,811,1789812775.974543,4689.6,126.31,740.75,4.4,103.58,0.0808,20.48,14.17,21.03,75.0,1500.0,15.2,healthy,0.0
fault_misfire_2,812,1789812776.974543,4697.2,126.51,740.03,4.41,103.68,0.0806,20.44,14.21,21.14,75.0,1500.0,15.2,healthy,0.0
fault_misfire_2,813,1789812777.974543,4696.9,126.57,741.06,4.4,103.61,0.0832,20.22,14.24,21.25,75.0,1500.0,15.2,healthy,0.0
fault_misfire_2,814,1789812778.974543,4692.6,126.85,737.35,4.42,103.56,0.0797,20.33,14.24,21.11,75.0,1500.0,15.2,healthy,0.0
fault_misfire_2,815,1789812779.974543,4693.3,126.95,740.19,4.43,103.72,0.0766,20.24,14.19,21.06,75.0,1500.0,15.2,healthy,0.0
fault_misfire_2,816,1789812780.974543,4734.2,126.87,740.12,4.46,103.77,0.076,20.29,14.19,21.09,75.0,1500.0,15.2,healthy,0.0
fault_misfire_2,817,1789812781.974543,4742.3,126.87,741.87,4.37,103.58,0.0787,20.15,14.31,21.12,75.0,1500.0,15.2,healthy,0.0
fault_misfire_2,818,1789812782.974543,4722.2,126.9,741.93,4.36,103.62,0.081,20.01,14.34,21.02,75.0,1500.0,15.2,healthy,0.0
fault_misfire_2,819,1789812783.974543,4745.1,127.2,743.42,4.34,103.72,0.0772,20.13,14.23,21.18,75.0,1500.0,15.2,healthy,0.0
fault_misfire_2,820,1789812784.974543,4735.2,127.12,747.08,4.3,103.77,0.0809,20.0,14.24,21.44,75.0,1500.0,15.2,healthy,0.0
fault_misfire_2,821,1789812785.974543,4722.2,127.43,742.97,4.35,103.78,0.0832,20.03,14.22,21.33,75.0,1500.0,15.2,healthy,0.0
fault_misfire_2,822,1789812786.974543,4734.0,127.53,739.67,4.32,103.62,0.0791,20.05,14.24,21.45,75.0,1500.0,15.2,healthy,0.0
fault_misfire_2,823,1789812787.974543,4723.9,127.33,739.2,4.32,103.55,0.0817,20.12,14.27,21.14,75.0,1500.0,15.2,healthy,0.0
fault_misfire_2,824,1789812788.974543,4708.7,127.3,739.45,4.33,103.44,0.0842,20.19,14.2,21.26,75.0,1500.0,15.2,healthy,0.0
fault_misfire_2,825,1789812789.974543,4716.9,127.41,735.63,4.38,103.5,0.0795,20.11,14.17,20.96,75.0,1500.0,15.2,healthy,0.0
fault_misfire_2,826,1789812790.974543,4712.8,127.31,735.85,4.38,103.31,0.0751,20.16,14.24,21.06,75.0,1500.0,15.2,healthy,0.0
fault_misfire_2,827,1789812791.974543,4709.3,127.33,737.74,4.39,103.3,0.0739,20.41,14.29,21.19,75.0,1500.0,15.2,healthy,0.0
fault_misfire_2,828,1789812792.974543,4721.4,127.21,735.4,4.43,103.29,0.0801,20.38,14.31,21.08,75.0,1500.0,15.2,healthy,0.0
fault_misfire_2,829,1789812793.974543,4726.9,127.0,739.19,4.45,103.32,0.0841,20.43,14.28,21.11,75.0,1500.0,15.2,healthy,0.0
fault_misfire_2,830,1789812794.974543,4718.7,126.66,742.65,4.41,103.36,0.075,20.42,14.19,20.97,75.0,1500.0,15.2,healthy,0.0
fault_misfire_2,831,1789812795.974543,4723.8,126.71,745.09,4.48,103.43,0.0785,20.26,14.19,20.97,75.0,1500.0,15.2,healthy,0.0
fault_misfire_2,832,1789812796.974543,4735.9,126.46,747.85,4.47,103.5,0.0752,20.29,14.16,21.55,75.0,1500.0,15.2,healthy,0.0
fault_misfire_2,833,1789812797.974543,4740.3,126.29,748.34,4.43,103.69,0.0798,20.25,14.13,21.45,75.0,1500.0,15.2,healthy,0.0
fault_misfire_2,834,1789812798.974543,4731.6,126.08,748.81,4.41,103.64,0.0707,20.31,14.02,21.34,75.0,1500.0,15.2,healthy,0.0
fault_misfire_2,835,1789812799.974543,4728.5,126.23,748.55,4.37,103.8,0.064,20.11,14.03,21.2,75.0,1500.0,15.2,healthy,0.0
fault_misfire_2,836,1789812800.974543,4736.0,126.34,746.06,4.32,103.71,0.0611,20.21,14.02,21.44,75.0,1500.0,15.2,healthy,0.0
fault_misfire_2,837,1789812801.974543,4724.5,126.25,740.43,4.42,103.65,0.0679,20.32,14.03,21.55,75.0,1500.0,15.2,healthy,0.0
fault_misfire_2,838,1789812802.974543,4723.1,126.34,741.26,4.42,103.66,0.0763,20.32,14.14,21.63,75.0,1500.0,15.2,healthy,0.0
fault_misfire_2,839,1789812803.974543,4692.8,126.41,738.7,4.45,103.42,0.0738,20.38,14.02,21.59,75.0,1500.0,15.2,healthy,0.0
fault_misfire_2,840,1789812804.974543,4722.3,126.44,740.71,4.4,103.38,0.0817,20.27,14.02,21.6,75.0,1500.0,15.2,healthy,0.0
fault_misfire_2,841,1789812805.974543,4706.4,126.45,734.96,4.28,103.4,0.0799,20.17,14.02,21.57,75.0,1500.0,15.2,healthy,0.0
fault_misfire_2,842,1789812806.974543,4737.6,126.19,734.65,4.28,103.43,0.0782,20.17,14.04,21.44,75.0,1500.0,15.2,healthy,0.0
fault_misfire_2,843,1789812807.974543,4723.9,125.96,735.67,4.28,103.35,0.0798,20.22,14.04,21.37,75.0,1500.0,15.2,healthy,0.0
fault_misfire_2,844,1789812808.974543,4710.2,125.79,737.86,4.26,103.4,0.0778,20.17,13.99,21.34,75.0,1500.0,15.2,healthy,0.0
fault_misfire_2,845,1789812809.974543,4708.8,125.75,738.97,4.33,103.32,0.0774,19.89,14.06,21.41,75.0,1500.0,15.2,healthy,0.0
fault_misfire_2,846,1789812810.974543,4725.8,125.83,737.99,4.29,103.38,0.0714,20.18,14.05,21.37,75.0,1500.0,15.2,healthy,0.0
fault_misfire_2,847,1789812811.974543,4718.7,125.56,741.15,4.25,103.29,0.0746,20.13,14.11,21.03,75.0,1500.0,15.2,healthy,0.0
fault_misfire_2,848,1789812812.974543,4736.3,125.73,744.09,4.24,103.22,0.0728,20.13,14.19,20.96,75.0,1500.0,15.2,healthy,0.0
fault_misfire_2,849,1789812813.974543,4723.4,125.64,748.22,4.29,103.36,0.064,20.09,14.16,21.3,75.0,1500.0,15.2,healthy,0.0
fault_misfire_2,850,1789812814.974543,4733.5,126.1,742.18,4.21,103.47,0.07,19.96,14.12,21.5,75.0,1500.0,15.2,healthy,0.0
fault_misfire_2,851,1789812815.974543,4744.3,126.11,744.96,4.29,103.41,0.0745,19.88,14.09,21.42,75.0,1500.0,15.2,healthy,0.0
fault_misfire_2,852,1789812816.974543,4746.7,126.07,750.17,4.23,103.38,0.0847,19.9,14.06,21.21,75.0,1500.0,15.2,healthy,0.0
fault_misfire_2,853,1789812817.974543,4729.3,126.3,743.73,4.23,103.34,0.0848,19.92,13.99,21.43,75.0,1500.0,15.2,healthy,0.0
fault_misfire_2,854,1789812818.974543,4725.5,126.49,745.33,4.31,103.54,0.0653,19.97,14.01,21.03,75.0,1500.0,15.2,healthy,0.0
fault_misfire_2,855,1789812819.974543,4725.9,126.54,739.23,4.3,103.44,0.0675,20.06,13.98,21.07,75.0,1500.0,15.2,healthy,0.0
fault_misfire_2,856,1789812820.974543,4710.1,126.42,740.04,4.21,103.44,0.0633,20.1,14.02,21.11,75.0,1500.0,15.2,healthy,0.0
fault_misfire_2,857,1789812821.974543,4733.6,126.75,738.43,4.29,103.57,0.0671,20.22,13.91,21.13,75.0,1500.0,15.2,healthy,0.0
fault_misfire_2,858,1789812822.974543,4720.3,126.48,740.68,4.32,103.49,0.0683,20.28,13.9,21.51,75.0,1500.0,15.2,healthy,0.0
fault_misfire_2,859,1789812823.974543,4752.4,126.09,743.21,4.34,103.37,0.0699,20.25,13.96,21.71,75.0,1500.0,15.2,healthy,0.0
fault_misfire_2,860,1789812824.974543,4754.6,126.06,737.51,4.37,103.39,0.0635,20.36,14.05,21.52,75.0,1500.0,15.2,healthy,0.0
fault_misfire_2,861,1789812825.974543,4731.1,126.17,736.53,4.36,103.19,0.0705,20.17,14.05,21.04,75.0,1500.0,15.2,healthy,0.0
fault_misfire_2,862,1789812826.974543,4724.1,126.06,740.28,4.27,103.11,0.0792,20.21,14.07,20.52,75.0,1500.0,15.2,healthy,0.0
fault_misfire_2,863,1789812827.974543,4708.3,126.19,739.43,4.29,103.02,0.0817,20.29,14.05,20.81,75.0,1500.0,15.2,healthy,0.0
fault_misfire_2,864,1789812828.974543,4724.2,126.39,737.57,4.24,103.02,0.0767,20.25,14.11,21.02,75.0,1500.0,15.2,healthy,0.0
fault_misfire_2,865,1789812829.974543,4733.3,126.59,742.65,4.35,103.16,0.0692,20.13,14.11,21.09,75.0,1500.0,15.2,healthy,0.0
fault_misfire_2,866,1789812830.974543,4725.3,126.51,736.58,4.37,103.18,0.0835,20.03,14.16,20.92,75.0,1500.0,15.2,healthy,0.0
fault_misfire_2,867,1789812831.974543,4700.0,126.12,734.32,4.41,103.21,0.0804,20.03,14.12,20.88,75.0,1500.0,15.2,healthy,0.0
fault_misfire_2,868,1789812832.974543,4692.3,126.31,737.3,4.37,103.26,0.0742,19.99,14.11,21.13,75.0,1500.0,15.2,healthy,0.0
fault_misfire_2,869,1789812833.974543,4711.4,126.12,736.74,4.51,103.54,0.0773,19.92,14.16,21.4,75.0,1500.0,15.2,healthy,0.0
fault_misfire_2,870,1789812834.974543,4684.4,126.17,738.33,4.35,103.47,0.0804,19.93,14.22,21.0,75.0,1500.0,15.2,healthy,0.0
fault_misfire_2,871,1789812835.974543,4697.3,125.97,739.85,4.37,103.55,0.0703,20.03,14.17,20.98,75.0,1500.0,15.2,healthy,0.0
fault_misfire_2,872,1789812836.974543,4697.7,126.18,733.94,4.4,103.54,0.0806,20.12,14.13,20.92,75.0,1500.0,15.2,healthy,0.0
fault_misfire_2,873,1789812837.974543,4714.6,126.39,737.59,4.36,103.66,0.0852,20.08,14.14,20.88,75.0,1500.0,15.2,healthy,0.0
fault_misfire_2,874,1789812838.974543,4744.5,126.45,733.14,4.28,103.48,0.0772,19.99,14.13,20.71,75.0,1500.0,15.2,healthy,0.0
fault_misfire_2,875,1789812839.974543,4740.6,126.87,735.95,4.24,103.47,0.0736,20.1,14.09,21.16,75.0,1500.0,15.2,healthy,0.0
fault_misfire_2,876,1789812840.974543,4724.1,126.84,737.0,4.31,103.51,0.0706,19.98,14.09,21.03,75.0,1500.0,15.2,healthy,0.0
fault_misfire_2,877,1789812841.974543,4694.3,126.91,734.04,4.25,103.65,0.0644,20.08,14.15,20.73,75.0,1500.0,15.2,healthy,0.0
fault_misfire_2,878,1789812842.974543,4679.2,127.01,732.28,4.25,103.73,0.0662,20.18,14.18,21.06,75.0,1500.0,15.2,healthy,0.0
fault_misfire_2,879,1789812843.974543,4652.7,127.04,732.42,4.33,103.81,0.0685,20.29,14.17,20.88,75.0,1500.0,15.2,healthy,0.0
fault_misfire_2,880,1789812844.974543,4686.7,126.88,732.82,4.23,103.99,0.0772,20.29,14.09,21.0,75.0,1500.0,15.2,healthy,0.0
fault_misfire_2,881,1789812845.974543,4652.2,126.94,735.71,4.3,103.98,0.0851,20.19,14.13,21.27,75.0,1500.0,15.2,healthy,0.0
fault_misfire_2,882,1789812846.974543,4675.1,127.03,739.26,4.35,103.94,0.0771,20.22,14.14,21.03,75.0,1500.0,15.2,healthy,0.0
fault_misfire_2,883,1789812847.974543,4691.8,126.99,740.72,4.4,103.93,0.0777,20.06,14.09,21.26,75.0,1500.0,15.2,healthy,0.0
fault_misfire_2,884,1789812848.974543,4699.3,127.16,738.5,4.42,103.76,0.0678,20.06,13.98,21.21,75.0,1500.0,15.2,healthy,0.0
fault_misfire_2,885,1789812849.974543,4682.3,127.08,734.67,4.47,103.88,0.0664,20.25,13.96,20.75,75.0,1500.0,15.2,healthy,0.0
fault_misfire_2,886,1789812850.974543,4699.0,126.98,733.62,4.43,103.91,0.0666,20.28,14.01,21.17,75.0,1500.0,15.2,healthy,0.0
fault_misfire_2,887,1789812851.974543,4706.3,126.85,729.27,4.38,103.9,0.0689,20.22,13.95,21.43,75.0,1500.0,15.2,healthy,0.0
fault_misfire_2,888,1789812852.974543,4703.5,126.55,732.6,4.35,104.04,0.0674,20.21,14.01,21.33,75.0,1500.0,15.2,healthy,0.0
fault_misfire_2,889,1789812853.974543,4708.2,126.47,730.56,4.36,104.03,0.0709,20.22,13.99,21.05,75.0,1500.0,15.2,healthy,0.0
fault_misfire_2,890,1789812854.974543,4695.6,126.57,730.13,4.44,104.08,0.077,20.18,14.09,20.64,75.0,1500.0,15.2,healthy,0.0
fault_misfire_2,891,1789812855.974543,4722.8,126.61,726.86,4.44,104.08,0.0799,20.19,14.11,21.1,75.0,1500.0,15.2,healthy,0.0
fault_misfire_2,892,1789812856.974543,4718.3,126.78,735.07,4.43,104.09,0.0714,20.26,14.15,20.78,75.0,1500.0,15.2,healthy,0.0
fault_misfire_2,893,1789812857.974543,4724.2,126.44,735.49,4.56,104.01,0.0672,20.29,14.11,21.14,75.0,1500.0,15.2,healthy,0.0
fault_misfire_2,894,1789812858.974543,4721.3,126.61,739.6,4.53,104.09,0.0675,20.29,14.03,20.99,75.0,1500.0,15.2,healthy,0.0
fault_misfire_2,895,1789812859.974543,4746.7,126.42,740.3,4.49,104.22,0.0788,20.32,13.99,21.25,75.0,1500.0,15.2,healthy,0.0
fault_misfire_2,896,1789812860.974543,4739.5,126.56,744.47,4.47,104.1,0.074,20.22,14.0,21.11,75.0,1500.0,15.2,healthy,0.0
fault_misfire_2,897,1789812861.974543,4721.7,126.31,746.02,4.43,104.1,0.0701,20.14,14.02,20.97,75.0,1500.0,15.2,healthy,0.0
fault_misfire_2,898,1789812862.974543,4713.8,126.49,743.3,4.41,104.14,0.0654,20.26,14.03,21.19,75.0,1500.0,15.2,healthy,0.0
fault_misfire_2,899,1789812863.974543,4691.0,126.61,743.76,4.4,104.03,0.0685,20.31,13.98,21.03,75.0,1500.0,15.2,healthy,0.0
fault_misfire_2,900,1789812864.974543,4719.4,126.4,745.07,4.4,104.0,0.0602,20.43,14.05,20.81,75.0,1500.0,15.2,healthy,0.0
fault_misfire_2,901,1789812865.974543,4703.6,126.14,747.05,4.38,104.17,0.071,20.35,14.01,21.06,75.0,1500.0,15.2,healthy,0.0
fault_misfire_2,902,1789812866.974543,4693.1,126.17,741.99,4.4,104.25,0.075,20.29,14.11,21.08,75.0,1500.0,15.2,healthy,0.0
fault_misfire_2,903,1789812867.974543,4716.3,126.27,740.45,4.39,104.13,0.0728,20.37,14.14,20.79,75.0,1500.0,15.2,healthy,0.0
fault_misfire_2,904,1789812868.974543,4713.8,126.38,738.86,4.42,104.01,0.0689,20.39,14.21,20.86,75.0,1500.0,15.2,healthy,0.0
fault_misfire_2,905,1789812869.974543,4731.1,126.34,738.81,4.36,103.98,0.0666,20.43,14.21,20.69,75.0,1500.0,15.2,healthy,0.0
fault_misfire_2,906,1789812870.974543,4719.2,126.35,746.2,4.42,103.96,0.0652,20.34,14.26,21.15,75.0,1500.0,15.2,healthy,0.0
fault_misfire_2,907,1789812871.974543,4742.2,126.23,748.87,4.39,103.83,0.067,20.24,14.25,21.45,75.0,1500.0,15.2,healthy,0.0
fault_misfire_2,908,1789812872.974543,4732.0,126.21,743.19,4.31,104.0,0.0694,20.36,14.23,21.21,75.0,1500.0,15.2,healthy,0.0
fault_misfire_2,909,1789812873.974543,4727.5,126.12,739.32,4.39,104.12,0.0703,20.34,14.18,21.31,75.0,1500.0,15.2,healthy,0.0
fault_misfire_2,910,1789812874.974543,4722.6,126.44,741.55,4.36,104.08,0.0638,20.25,14.18,20.8,75.0,1500.0,15.2,healthy,0.0
fault_misfire_2,911,1789812875.974543,4725.6,126.46,742.39,4.37,104.15,0.0672,20.33,14.17,21.16,75.0,1500.0,15.2,healthy,0.0
fault_misfire_2,912,1789812876.974543,4696.3,126.31,742.86,4.25,104.19,0.0657,20.16,14.18,20.92,75.0,1500.0,15.2,healthy,0.0
fault_misfire_2,913,1789812877.974543,4700.4,126.29,746.62,4.19,104.2,0.0665,20.1,14.15,21.15,75.0,1500.0,15.2,healthy,0.0
fault_misfire_2,914,1789812878.974543,4725.8,125.94,747.9,4.26,104.12,0.0698,20.19,14.21,21.21,75.0,1500.0,15.2,healthy,0.0
fault_misfire_2,915,1789812879.974543,4722.1,126.11,748.05,4.25,104.13,0.0686,20.04,14.17,21.4,75.0,1500.0,15.2,healthy,0.0
fault_misfire_2,916,1789812880.974543,4721.8,126.17,740.03,4.3,104.13,0.0767,20.09,14.16,21.52,75.0,1500.0,15.2,healthy,0.0
fault_misfire_2,917,1789812881.974543,4714.9,126.14,738.3,4.33,104.14,0.0685,20.18,14.15,21.33,75.0,1500.0,15.2,healthy,0.0
fault_misfire_2,918,1789812882.974543,4710.0,126.3,738.3,4.35,104.21,0.0666,20.19,14.14,21.23,75.0,1500.0,15.2,healthy,0.0
fault_misfire_2,919,1789812883.974543,4705.2,126.35,738.76,4.31,104.13,0.0714,20.22,14.14,21.37,75.0,1500.0,15.2,healthy,0.0
fault_misfire_2,920,1789812884.974543,4729.7,126.24,736.72,4.41,104.02,0.0747,20.29,14.17,21.57,75.0,1500.0,15.2,healthy,0.0
fault_misfire_2,921,1789812885.974543,4718.5,126.18,729.49,4.49,103.99,0.08,20.32,14.15,21.17,75.0,1500.0,15.2,healthy,0.0
fault_misfire_2,922,1789812886.974543,4713.7,125.74,733.35,4.45,103.92,0.0828,20.18,14.06,21.41,75.0,1500.0,15.2,healthy,0.0
fault_misfire_2,923,1789812887.974543,4711.1,125.99,736.69,4.45,103.89,0.0847,20.18,14.01,21.47,75.0,1500.0,15.2,healthy,0.0
fault_misfire_2,924,1789812888.974543,4718.1,126.13,738.79,4.38,103.85,0.0856,20.21,13.95,21.26,75.0,1500.0,15.2,healthy,0.0
fault_misfire_2,925,1789812889.974543,4725.2,125.97,741.55,4.32,103.8,0.0718,20.15,14.01,21.41,75.0,1500.0,15.2,healthy,0.0
fault_misfire_2,926,1789812890.974543,4730.2,126.17,738.44,4.37,103.88,0.0785,19.89,13.93,21.31,75.0,1500.0,15.2,healthy,0.0
fault_misfire_2,927,1789812891.974543,4750.5,126.19,736.98,4.41,104.0,0.0776,19.93,13.99,21.38,75.0,1500.0,15.2,healthy,0.0
fault_misfire_2,928,1789812892.974543,4753.3,126.38,737.65,4.43,104.09,0.0788,19.98,14.01,21.6,75.0,1500.0,15.2,healthy,0.0
fault_misfire_2,929,1789812893.974543,4734.8,126.34,738.88,4.41,104.24,0.0753,19.94,14.09,21.4,75.0,1500.0,15.2,healthy,0.0
fault_misfire_2,930,1789812894.974543,4723.5,126.85,739.17,4.4,104.2,0.0702,19.93,14.04,21.54,75.0,1500.0,15.2,healthy,0.0
fault_misfire_2,931,1789812895.974543,4741.9,126.83,738.31,4.41,104.19,0.0752,19.98,14.05,21.54,75.0,1500.0,15.2,healthy,0.0
fault_misfire_2,932,1789812896.974543,4713.6,126.73,733.52,4.47,104.29,0.0759,19.92,14.05,21.47,75.0,1500.0,15.2,healthy,0.0
fault_misfire_2,933,1789812897.974543,4713.7,126.57,736.49,4.36,104.28,0.0754,19.86,13.96,21.28,75.0,1500.0,15.2,healthy,0.0
fault_misfire_2,934,1789812898.974543,4689.3,126.52,737.04,4.4,104.14,0.086,19.99,13.98,21.58,75.0,1500.0,15.2,healthy,0.0
fault_misfire_2,935,1789812899.974543,4672.5,126.41,736.49,4.4,104.07,0.078,20.2,14.0,21.69,75.0,1500.0,15.2,healthy,0.0
fault_misfire_2,936,1789812900.974543,4678.6,126.4,734.9,4.31,104.13,0.0721,20.14,13.93,21.15,75.0,1500.0,15.2,healthy,0.0
fault_misfire_2,937,1789812901.974543,4694.7,126.52,741.73,4.28,104.1,0.0835,20.14,14.0,21.28,75.0,1500.0,15.2,healthy,0.0
fault_misfire_2,938,1789812902.974543,4694.3,126.52,741.56,4.3,104.08,0.0765,20.16,14.03,21.35,75.0,1500.0,15.2,healthy,0.0
fault_misfire_2,939,1789812903.974543,4707.7,126.57,743.64,4.28,104.08,0.0726,20.1,14.07,21.09,75.0,1500.0,15.2,healthy,0.0
fault_misfire_2,940,1789812904.974543,4679.0,126.44,744.7,4.35,104.05,0.0735,20.23,14.08,21.07,75.0,1500.0,15.2,healthy,0.0
fault_misfire_2,941,1789812905.974543,4689.0,126.49,743.82,4.4,103.9,0.0671,20.25,14.04,21.21,75.0,1500.0,15.2,healthy,0.0
fault_misfire_2,942,1789812906.974543,4701.1,126.93,743.79,4.4,103.88,0.0693,20.3,14.03,20.99,75.0,1500.0,15.2,healthy,0.0
fault_misfire_2,943,1789812907.974543,4674.8,126.95,741.28,4.37,103.7,0.073,20.22,14.07,21.26,75.0,1500.0,15.2,healthy,0.0
fault_misfire_2,944,1789812908.974543,4680.6,126.83,739.65,4.35,103.83,0.0755,20.35,14.13,21.56,75.0,1500.0,15.2,healthy,0.0
fault_misfire_2,945,1789812909.974543,4683.8,126.62,745.57,4.36,103.89,0.0824,20.35,14.07,21.39,75.0,1500.0,15.2,healthy,0.0
fault_misfire_2,946,1789812910.974543,4683.5,126.89,748.76,4.33,103.63,0.0803,20.38,14.15,21.42,75.0,1500.0,15.2,healthy,0.0
fault_misfire_2,947,1789812911.974543,4694.0,126.94,738.39,4.34,103.72,0.0806,20.31,14.14,21.07,75.0,1500.0,15.2,healthy,0.0
fault_misfire_2,948,1789812912.974543,4685.8,126.66,735.53,4.35,103.72,0.0827,20.25,14.21,21.05,75.0,1500.0,15.2,healthy,0.0
fault_misfire_2,949,1789812913.974543,4702.8,126.5,738.31,4.3,103.59,0.0763,20.1,14.21,21.41,75.0,1500.0,15.2,healthy,0.0
fault_misfire_2,950,1789812914.974543,4707.5,126.51,734.97,4.36,103.65,0.0679,20.02,14.22,21.08,75.0,1500.0,15.2,healthy,0.0
fault_misfire_2,951,1789812915.974543,4715.9,126.41,735.36,4.31,103.6,0.0712,20.11,14.22,21.12,75.0,1500.0,15.2,healthy,0.0
fault_misfire_2,952,1789812916.974543,4704.1,126.46,741.64,4.35,103.65,0.0745,20.1,14.19,21.06,75.0,1500.0,15.2,healthy,0.0
fault_misfire_2,953,1789812917.974543,4696.5,126.1,738.49,4.33,103.71,0.0772,20.18,14.22,21.19,75.0,1500.0,15.2,healthy,0.0
fault_misfire_2,954,1789812918.974543,4693.4,125.93,738.02,4.44,103.69,0.0754,20.26,14.21,21.18,75.0,1500.0,15.2,healthy,0.0
fault_misfire_2,955,1789812919.974543,4661.6,126.27,736.67,4.46,103.65,0.0639,20.16,14.26,21.23,75.0,1500.0,15.2,healthy,0.0
fault_misfire_2,956,1789812920.974543,4670.4,126.28,737.3,4.44,103.49,0.0651,20.17,14.33,20.89,75.0,1500.0,15.2,healthy,0.0
fault_misfire_2,957,1789812921.974543,4674.4,126.36,739.75,4.43,103.43,0.0683,20.17,14.29,21.13,75.0,1500.0,15.2,healthy,0.0
fault_misfire_2,958,1789812922.974543,4697.9,126.6,742.57,4.4,103.38,0.0777,20.15,14.22,20.87,75.0,1500.0,15.2,healthy,0.0
fault_misfire_2,959,1789812923.974543,4705.7,126.64,740.15,4.33,103.44,0.0723,20.24,14.28,21.07,75.0,1500.0,15.2,healthy,0.0
fault_misfire_2,960,1789812924.974543,4697.1,126.49,737.04,4.36,103.47,0.0739,20.32,14.3,21.31,75.0,1500.0,15.2,healthy,0.0
fault_misfire_2,961,1789812925.974543,4690.2,126.47,740.53,4.39,103.57,0.0756,20.39,14.3,21.47,75.0,1500.0,15.2,healthy,0.0
fault_misfire_2,962,1789812926.974543,4690.4,126.55,736.2,4.32,103.58,0.0805,20.3,14.22,21.13,75.0,1500.0,15.2,healthy,0.0
fault_misfire_2,963,1789812927.974543,4689.5,126.54,741.18,4.31,103.66,0.0818,20.21,14.28,21.26,75.0,1500.0,15.2,healthy,0.0
fault_misfire_2,964,1789812928.974543,4689.6,126.77,737.26,4.29,103.79,0.0754,20.42,14.31,20.91,75.0,1500.0,15.2,healthy,0.0
fault_misfire_2,965,1789812929.974543,4701.5,126.57,734.26,4.27,103.82,0.0787,20.56,14.3,21.04,75.0,1500.0,15.2,healthy,0.0
fault_misfire_2,966,1789812930.974543,4683.1,126.69,738.45,4.32,103.76,0.0868,20.46,14.22,21.16,75.0,1500.0,15.2,healthy,0.0
fault_misfire_2,967,1789812931.974543,4680.1,126.87,740.67,4.26,103.7,0.0778,20.43,14.17,21.29,75.0,1500.0,15.2,healthy,0.0
fault_misfire_2,968,1789812932.974543,4710.3,127.05,744.17,4.26,103.89,0.0902,20.26,14.17,21.56,75.0,1500.0,15.2,healthy,0.0
fault_misfire_2,969,1789812933.974543,4711.4,127.12,743.35,4.26,103.78,0.0807,20.37,14.16,21.0,75.0,1500.0,15.2,healthy,0.0
fault_misfire_2,970,1789812934.974543,4702.2,127.17,741.85,4.32,103.77,0.0696,20.55,14.07,21.07,75.0,1500.0,15.2,healthy,0.0
fault_misfire_2,971,1789812935.974543,4704.0,126.97,743.04,4.31,103.75,0.0679,20.49,14.11,21.54,75.0,1500.0,15.2,healthy,0.0
fault_misfire_2,972,1789812936.974543,4711.7,127.26,743.35,4.29,103.68,0.0729,20.55,14.2,21.15,75.0,1500.0,15.2,healthy,0.0
fault_misfire_2,973,1789812937.974543,4707.1,127.13,742.1,4.32,103.8,0.069,20.56,14.17,21.29,75.0,1500.0,15.2,healthy,0.0
fault_misfire_2,974,1789812938.974543,4701.0,126.83,747.08,4.35,103.74,0.0814,20.55,14.07,21.12,75.0,1500.0,15.2,healthy,0.0
fault_misfire_2,975,1789812939.974543,4698.3,127.03,748.25,4.37,103.55,0.0746,20.39,14.02,21.11,75.0,1500.0,15.2,healthy,0.0
fault_misfire_2,976,1789812940.974543,4690.6,127.05,751.03,4.38,103.54,0.0721,20.39,14.07,21.01,75.0,1500.0,15.2,healthy,0.0
fault_misfire_2,977,1789812941.974543,4695.3,127.32,748.96,4.41,103.58,0.0706,20.5,14.09,21.13,75.0,1500.0,15.2,healthy,0.0
fault_misfire_2,978,1789812942.974543,4720.2,127.11,743.51,4.33,103.73,0.0704,20.56,14.14,21.18,75.0,1500.0,15.2,healthy,0.0
fault_misfire_2,979,1789812943.974543,4720.1,127.39,740.99,4.26,103.79,0.0635,20.54,14.19,20.99,75.0,1500.0,15.2,healthy,0.0
fault_misfire_2,980,1789812944.974543,4734.9,127.44,734.5,4.28,103.85,0.0685,20.54,14.12,21.04,75.0,1500.0,15.2,healthy,0.0
fault_misfire_2,981,1789812945.974543,4735.5,127.31,733.56,4.23,104.09,0.065,20.52,14.14,21.0,75.0,1500.0,15.2,healthy,0.0
fault_misfire_2,982,1789812946.974543,4741.8,127.18,742.02,4.33,104.04,0.0637,20.52,14.07,20.72,75.0,1500.0,15.2,healthy,0.0
fault_misfire_2,983,1789812947.974543,4776.7,127.01,739.1,4.27,104.27,0.0751,20.47,14.09,20.72,75.0,1500.0,15.2,healthy,0.0
fault_misfire_2,984,1789812948.974543,4784.0,126.58,741.04,4.27,104.28,0.0812,20.48,14.02,20.95,75.0,1500.0,15.2,healthy,0.0
fault_misfire_2,985,1789812949.974543,4741.8,126.6,742.62,4.22,104.26,0.0751,20.37,14.03,21.23,75.0,1500.0,15.2,healthy,0.0
fault_misfire_2,986,1789812950.974543,4701.6,126.6,742.8,4.33,104.34,0.0724,20.38,14.11,21.41,75.0,1500.0,15.2,healthy,0.0
fault_misfire_2,987,1789812951.974543,4718.8,126.83,745.82,4.31,104.37,0.0704,20.29,14.16,21.49,75.0,1500.0,15.2,healthy,0.0
fault_misfire_2,988,1789812952.974543,4743.7,126.72,746.95,4.34,104.3,0.0681,20.48,14.18,21.3,75.0,1500.0,15.2,healthy,0.0
fault_misfire_2,989,1789812953.974543,4739.7,126.9,742.54,4.27,104.25,0.0709,20.52,14.13,21.1,75.0,1500.0,15.2,healthy,0.0
fault_misfire_2,990,1789812954.974543,4735.6,126.85,745.63,4.26,104.07,0.0711,20.49,14.08,21.11,75.0,1500.0,15.2,healthy,0.0
fault_misfire_2,991,1789812955.974543,4720.8,126.63,746.05,4.31,104.16,0.0711,20.25,14.16,20.75,75.0,1500.0,15.2,healthy,0.0
fault_misfire_2,992,1789812956.974543,4705.0,126.74,747.04,4.37,103.99,0.062,19.89,14.18,20.95,75.0,1500.0,15.2,healthy,0.0
fault_misfire_2,993,1789812957.974543,4699.7,126.99,744.67,4.35,104.02,0.0653,20.14,14.19,20.82,75.0,1500.0,15.2,healthy,0.0
fault_misfire_2,994,1789812958.974543,4704.5,126.46,742.75,4.34,103.98,0.073,20.26,14.15,20.7,75.0,1500.0,15.2,healthy,0.0
fault_misfire_2,995,1789812959.974543,4703.4,126.14,740.98,4.33,104.05,0.0733,20.33,14.13,20.45,75.0,1500.0,15.2,healthy,0.0
fault_misfire_2,996,1789812960.974543,4674.4,126.18,744.98,4.29,104.12,0.0777,20.33,14.08,20.8,75.0,1500.0,15.2,healthy,0.0
fault_misfire_2,997,1789812961.974543,4684.9,126.16,743.48,4.34,103.97,0.0747,20.37,14.04,21.02,75.0,1500.0,15.2,healthy,0.0
fault_misfire_2,998,1789812962.974543,4693.1,126.11,745.13,4.3,103.87,0.0869,20.42,13.93,21.29,75.0,1500.0,15.2,healthy,0.0
fault_misfire_2,999,1789812963.974543,4686.7,125.86,749.31,4.35,103.87,0.0888,20.34,13.94,21.73,75.0,1500.0,15.2,healthy,0.0
fault_misfire_2,1000,1789812964.974543,4661.1,126.05,746.85,4.25,103.9,0.0849,20.52,13.96,21.55,75.0,1500.0,15.2,healthy,0.0
fault_misfire_2,1001,1789812965.974543,4664.3,125.79,747.05,4.31,103.85,0.0752,20.45,14.07,21.57,75.0,1500.0,15.2,healthy,0.0
fault_misfire_2,1002,1789812966.974543,4655.2,125.94,747.83,4.34,103.89,0.0754,20.42,14.07,21.54,75.0,1500.0,15.2,healthy,0.0
fault_misfire_2,1003,1789812967.974543,4683.3,126.32,746.61,4.34,103.88,0.0734,20.34,14.12,21.88,75.0,1500.0,15.2,healthy,0.0
fault_misfire_2,1004,1789812968.974543,4706.2,126.26,747.42,4.4,103.75,0.077,20.32,14.15,21.41,75.0,1500.0,15.2,healthy,0.0
fault_misfire_2,1005,1789812969.974543,4714.1,126.12,751.17,4.46,103.93,0.0778,20.23,14.1,21.55,75.0,1500.0,15.2,healthy,0.0
fault_misfire_2,1006,1789812970.974543,4710.4,126.1,754.05,4.4,103.96,0.0749,20.23,14.08,21.66,75.0,1500.0,15.2,healthy,0.0
fault_misfire_2,1007,1789812971.974543,4708.9,126.11,751.6,4.4,104.01,0.0775,20.32,14.12,21.52,75.0,1500.0,15.2,healthy,0.0
fault_misfire_2,1008,1789812972.974543,4708.7,126.24,750.18,4.45,104.2,0.0775,20.33,14.18,21.21,75.0,1500.0,15.2,healthy,0.0
fault_misfire_2,1009,1789812973.974543,4704.1,126.29,746.35,4.36,103.99,0.0709,20.2,14.16,21.4,75.0,1500.0,15.2,healthy,0.0
fault_misfire_2,1010,1789812974.974543,4723.3,126.33,742.94,4.33,104.16,0.0718,20.39,14.11,21.23,75.0,1500.0,15.2,healthy,0.0
fault_misfire_2,1011,1789812975.974543,4713.0,126.41,740.88,4.34,104.33,0.069,20.38,14.15,21.06,75.0,1500.0,15.2,healthy,0.0
fault_misfire_2,1012,1789812976.974543,4712.2,126.48,736.7,4.31,104.28,0.0645,20.27,14.12,21.19,75.0,1500.0,15.2,healthy,0.0
fault_misfire_2,1013,1789812977.974543,4721.3,126.32,736.34,4.33,104.25,0.0707,20.1,14.12,21.38,75.0,1500.0,15.2,healthy,0.0
fault_misfire_2,1014,1789812978.974543,4708.9,126.5,740.18,4.29,104.4,0.0726,20.08,14.15,21.49,75.0,1500.0,15.2,healthy,0.0
fault_misfire_2,1015,1789812979.974543,4712.6,126.6,740.47,4.27,104.47,0.0713,20.31,14.05,21.18,75.0,1500.0,15.2,healthy,0.0
fault_misfire_2,1016,1789812980.974543,4709.8,126.58,739.96,4.2,104.35,0.0712,20.23,14.08,21.26,75.0,1500.0,15.2,healthy,0.0
fault_misfire_2,1017,1789812981.974543,4729.6,126.29,739.93,4.19,104.36,0.0737,20.45,14.16,21.05,75.0,1500.0,15.2,healthy,0.0
fault_misfire_2,1018,1789812982.974543,4742.7,126.46,739.33,4.22,104.31,0.0747,20.36,14.2,21.36,75.0,1500.0,15.2,healthy,0.0
fault_misfire_2,1019,1789812983.974543,4743.2,126.37,744.57,4.32,104.22,0.0697,20.47,14.15,21.24,75.0,1500.0,15.2,healthy,0.0
fault_misfire_2,1020,1789812984.974543,4717.1,126.64,739.08,4.35,104.26,0.0739,20.47,14.23,21.21,75.0,1500.0,15.2,healthy,0.0
fault_misfire_2,1021,1789812985.974543,4727.9,126.89,743.64,4.31,104.39,0.0753,20.55,14.29,21.33,75.0,1500.0,15.2,healthy,0.0
fault_misfire_2,1022,1789812986.974543,4732.6,126.9,744.29,4.25,104.48,0.0757,20.52,14.3,21.47,75.0,1500.0,15.2,healthy,0.0
fault_misfire_2,1023,1789812987.974543,4718.5,126.9,740.42,4.42,104.51,0.0705,20.54,14.28,21.32,75.0,1500.0,15.2,healthy,0.0
fault_misfire_2,1024,1789812988.974543,4710.2,126.89,738.19,4.4,104.58,0.0831,20.46,14.32,21.33,75.0,1500.0,15.2,healthy,0.0
fault_misfire_2,1025,1789812989.974543,4706.2,127.02,741.81,4.3,104.69,0.0793,20.29,14.34,21.39,75.0,1500.0,15.2,healthy,0.0
fault_misfire_2,1026,1789812990.974543,4700.7,127.14,741.34,4.39,104.78,0.0738,20.15,14.32,21.19,75.0,1500.0,15.2,healthy,0.0
fault_misfire_2,1027,1789812991.974543,4714.4,126.92,739.06,4.41,104.94,0.0766,20.13,14.28,20.88,75.0,1500.0,15.2,healthy,0.0
fault_misfire_2,1028,1789812992.974543,4705.1,126.76,737.79,4.48,104.85,0.0787,20.33,14.27,20.97,75.0,1500.0,15.2,healthy,0.0
fault_misfire_2,1029,1789812993.974543,4716.0,126.69,737.8,4.5,104.8,0.0701,20.36,14.24,21.0,75.0,1500.0,15.2,healthy,0.0
fault_misfire_2,1030,1789812994.974543,4720.3,126.91,735.04,4.56,104.73,0.0759,20.31,14.26,21.48,75.0,1500.0,15.2,healthy,0.0
fault_misfire_2,1031,1789812995.974543,4714.6,126.78,740.62,4.6,104.55,0.0719,20.2,14.24,21.32,75.0,1500.0,15.2,healthy,0.0
fault_misfire_2,1032,1789812996.974543,4723.0,126.89,737.98,4.48,104.61,0.0668,20.18,14.14,21.17,75.0,1500.0,15.2,healthy,0.0
fault_misfire_2,1033,1789812997.974543,4721.0,127.12,740.53,4.47,104.48,0.0679,20.27,14.2,21.45,75.0,1500.0,15.2,healthy,0.0
fault_misfire_2,1034,1789812998.974543,4713.7,126.88,740.98,4.42,104.41,0.0761,20.33,14.25,21.35,75.0,1500.0,15.2,healthy,0.0
fault_misfire_2,1035,1789812999.974543,4728.6,126.95,741.78,4.45,104.37,0.0785,20.39,14.18,21.36,75.0,1500.0,15.2,healthy,0.0
fault_misfire_2,1036,1789813000.974543,4730.1,126.84,741.22,4.5,104.18,0.0733,20.24,14.2,21.18,75.0,1500.0,15.2,healthy,0.0
fault_misfire_2,1037,1789813001.974543,4706.0,127.01,747.14,4.46,104.15,0.0712,20.1,14.15,21.18,75.0,1500.0,15.2,healthy,0.0
fault_misfire_2,1038,1789813002.974543,4709.6,126.9,750.59,4.44,104.27,0.0788,19.96,14.19,21.28,75.0,1500.0,15.2,healthy,0.0
fault_misfire_2,1039,1789813003.974543,4694.8,126.88,752.86,4.43,104.38,0.0704,20.02,14.25,21.3,75.0,1500.0,15.2,healthy,0.0
fault_misfire_2,1040,1789813004.974543,4694.7,126.93,750.28,4.39,104.39,0.074,20.21,14.26,20.95,75.0,1500.0,15.2,healthy,0.0
fault_misfire_2,1041,1789813005.974543,4698.3,126.63,745.54,4.38,104.36,0.0684,20.49,14.27,20.93,75.0,1500.0,15.2,healthy,0.0
fault_misfire_2,1042,1789813006.974543,4699.4,126.68,745.35,4.35,104.38,0.0735,20.49,14.23,21.06,75.0,1500.0,15.2,healthy,0.0
fault_misfire_2,1043,1789813007.974543,4695.7,126.73,742.44,4.36,104.3,0.0621,20.51,14.2,21.5,75.0,1500.0,15.2,healthy,0.0
fault_misfire_2,1044,1789813008.974543,4690.6,126.82,742.92,4.41,104.28,0.0753,20.53,14.23,21.28,75.0,1500.0,15.2,healthy,0.0
fault_misfire_2,1045,1789813009.974543,4699.9,126.49,745.3,4.38,104.02,0.0708,20.48,14.24,20.86,75.0,1500.0,15.2,healthy,0.0
fault_misfire_2,1046,1789813010.974543,4715.1,126.4,742.75,4.34,104.12,0.0787,20.52,14.14,21.29,75.0,1500.0,15.2,healthy,0.0
fault_misfire_2,1047,1789813011.974543,4676.4,126.88,741.69,4.26,104.05,0.0735,20.63,14.26,21.56,75.0,1500.0,15.2,healthy,0.0
fault_misfire_2,1048,1789813012.974543,4691.9,126.56,742.56,4.22,104.21,0.0835,20.44,14.24,21.54,75.0,1500.0,15.2,healthy,0.0
fault_misfire_2,1049,1789813013.974543,4674.0,126.7,746.17,4.23,104.14,0.0717,20.3,14.29,21.03,75.0,1500.0,15.2,healthy,0.0
fault_misfire_2,1050,1789813014.974543,4683.4,126.45,748.16,4.2,104.01,0.066,20.28,14.27,21.25,75.0,1500.0,15.2,healthy,0.0
fault_misfire_2,1051,1789813015.974543,4695.5,126.74,742.08,4.21,104.01,0.0735,20.13,14.32,20.98,75.0,1500.0,15.2,healthy,0.0
fault_misfire_2,1052,1789813016.974543,4702.5,127.11,734.89,4.33,104.03,0.073,20.17,14.28,21.09,75.0,1500.0,15.2,healthy,0.0
fault_misfire_2,1053,1789813017.974543,4696.7,127.16,737.49,4.36,103.98,0.0622,20.04,14.35,21.14,75.0,1500.0,15.2,healthy,0.0
fault_misfire_2,1054,1789813018.974543,4726.0,127.38,739.1,4.35,104.0,0.0517,20.11,14.33,21.32,75.0,1500.0,15.2,healthy,0.0
fault_misfire_2,1055,1789813019.974543,4734.8,127.38,735.03,4.37,103.89,0.0548,20.26,14.24,21.33,75.0,1500.0,15.2,healthy,0.0
fault_misfire_2,1056,1789813020.974543,4723.2,127.02,732.32,4.45,104.02,0.0527,20.09,14.2,21.39,75.0,1500.0,15.2,healthy,0.0
fault_misfire_2,1057,1789813021.974543,4692.7,127.02,733.73,4.41,104.13,0.0623,20.06,14.25,20.96,75.0,1500.0,15.2,healthy,0.0
fault_misfire_2,1058,1789813022.974543,4698.3,126.97,736.96,4.45,104.18,0.0613,19.96,14.25,21.44,75.0,1500.0,15.2,healthy,0.0
fault_misfire_2,1059,1789813023.974543,4691.7,127.1,736.22,4.4,104.33,0.0716,20.02,14.14,21.58,75.0,1500.0,15.2,healthy,0.0
fault_misfire_2,1060,1789813024.974543,4687.1,126.91,740.3,4.34,104.36,0.0732,20.24,14.19,21.26,75.0,1500.0,15.2,healthy,0.0
fault_misfire_2,1061,1789813025.974543,4697.6,126.66,739.98,4.38,104.35,0.0716,20.18,14.19,21.18,75.0,1500.0,15.2,healthy,0.0
fault_misfire_2,1062,1789813026.974543,4672.9,126.64,736.82,4.35,104.38,0.0737,20.31,14.2,21.34,75.0,1500.0,15.2,healthy,0.0
fault_misfire_2,1063,1789813027.974543,4648.9,126.67,737.84,4.37,104.34,0.0749,20.35,14.25,21.22,75.0,1500.0,15.2,healthy,0.0
fault_misfire_2,1064,1789813028.974543,4645.0,126.58,741.65,4.3,104.39,0.0638,20.34,14.25,21.16,75.0,1500.0,15.2,healthy,0.0
fault_misfire_2,1065,1789813029.974543,4666.5,126.77,743.94,4.28,104.32,0.0637,20.52,14.23,21.05,75.0,1500.0,15.2,healthy,0.0
fault_misfire_2,1066,1789813030.974543,4662.4,126.66,747.87,4.2,104.25,0.0669,20.42,14.21,21.29,75.0,1500.0,15.2,healthy,0.0
fault_misfire_2,1067,1789813031.974543,4704.7,126.55,753.51,4.25,104.29,0.0766,20.46,14.23,21.44,75.0,1500.0,15.2,healthy,0.0
fault_misfire_2,1068,1789813032.974543,4742.0,126.36,749.7,4.27,104.24,0.0741,20.42,14.33,21.37,75.0,1500.0,15.2,healthy,0.0
fault_misfire_2,1069,1789813033.974543,4748.9,125.86,748.11,4.27,104.11,0.0819,20.54,14.35,21.31,75.0,1500.0,15.2,healthy,0.0
fault_misfire_2,1070,1789813034.974543,4755.8,126.04,748.23,4.25,104.17,0.0904,20.45,14.35,21.28,75.0,1500.0,15.2,healthy,0.0
fault_misfire_2,1071,1789813035.974543,4748.5,126.09,749.85,4.28,104.13,0.0907,20.39,14.33,21.29,75.0,1500.0,15.2,healthy,0.0
fault_misfire_2,1072,1789813036.974543,4703.5,126.15,748.86,4.19,104.19,0.0792,20.41,14.29,21.47,75.0,1500.0,15.2,healthy,0.0
fault_misfire_2,1073,1789813037.974543,4720.3,126.37,749.36,4.31,104.16,0.082,20.39,14.25,21.53,75.0,1500.0,15.2,healthy,0.0
fault_misfire_2,1074,1789813038.974543,4733.7,126.51,744.92,4.26,104.2,0.0903,20.41,14.36,21.61,75.0,1500.0,15.2,healthy,0.0
fault_misfire_2,1075,1789813039.974543,4681.1,126.11,749.43,4.21,104.19,0.0853,20.46,14.26,21.44,75.0,1500.0,15.2,healthy,0.0
fault_misfire_2,1076,1789813040.974543,4663.9,126.15,746.6,4.28,104.24,0.0866,20.43,14.23,21.62,75.0,1500.0,15.2,healthy,0.0
fault_misfire_2,1077,1789813041.974543,4658.3,125.97,744.27,4.37,104.38,0.0751,20.24,14.16,21.41,75.0,1500.0,15.2,healthy,0.0
fault_misfire_2,1078,1789813042.974543,4678.9,126.38,743.11,4.33,104.43,0.0769,20.2,14.07,21.26,75.0,1500.0,15.2,healthy,0.0
fault_misfire_2,1079,1789813043.974543,4677.6,126.22,747.24,4.32,104.35,0.0653,20.25,14.07,21.29,75.0,1500.0,15.2,healthy,0.0
fault_misfire_2,1080,1789813044.974543,4678.3,126.3,743.88,4.3,104.43,0.0682,20.34,14.12,21.44,75.0,1500.0,15.2,healthy,0.0
fault_misfire_2,1081,1789813045.974543,4664.8,126.3,745.53,4.38,104.34,0.0714,20.22,14.1,21.31,75.0,1500.0,15.2,healthy,0.0
fault_misfire_2,1082,1789813046.974543,4677.7,126.31,745.35,4.38,104.35,0.076,20.24,14.11,21.47,75.0,1500.0,15.2,healthy,0.0
fault_misfire_2,1083,1789813047.974543,4658.3,126.31,744.56,4.41,104.37,0.0663,20.08,14.06,20.94,75.0,1500.0,15.2,healthy,0.0
fault_misfire_2,1084,1789813048.974543,4676.1,126.72,746.14,4.35,104.26,0.0684,20.15,14.11,21.32,75.0,1500.0,15.2,healthy,0.0
fault_misfire_2,1085,1789813049.974543,4693.0,126.75,742.52,4.39,104.27,0.0802,20.28,14.14,21.36,75.0,1500.0,15.2,healthy,0.0
fault_misfire_2,1086,1789813050.974543,4695.3,126.6,739.75,4.33,104.06,0.0753,20.25,14.19,21.44,75.0,1500.0,15.2,healthy,0.0
fault_misfire_2,1087,1789813051.974543,4704.2,126.24,738.21,4.35,104.13,0.0764,20.3,14.14,21.6,75.0,1500.0,15.2,healthy,0.0
fault_misfire_2,1088,1789813052.974543,4687.8,126.27,739.46,4.34,104.29,0.0747,20.27,14.08,21.28,75.0,1500.0,15.2,healthy,0.0
fault_misfire_2,1089,1789813053.974543,4667.1,126.19,744.46,4.27,104.3,0.077,20.19,14.11,21.32,75.0,1500.0,15.2,healthy,0.0
fault_misfire_2,1090,1789813054.974543,4694.4,126.25,739.98,4.32,104.3,0.0806,20.17,13.98,21.38,75.0,1500.0,15.2,healthy,0.0
fault_misfire_2,1091,1789813055.974543,4677.0,126.32,737.66,4.35,104.2,0.0736,20.26,14.02,21.16,75.0,1500.0,15.2,healthy,0.0
fault_misfire_2,1092,1789813056.974543,4672.2,126.17,740.61,4.35,104.09,0.0738,20.32,14.07,21.27,75.0,1500.0,15.2,healthy,0.0
fault_misfire_2,1093,1789813057.974543,4640.7,126.61,738.39,4.32,103.91,0.0632,20.15,14.1,21.09,75.0,1500.0,15.2,healthy,0.0
fault_misfire_2,1094,1789813058.974543,4681.7,126.67,739.82,4.29,104.05,0.0635,20.22,14.07,21.19,75.0,1500.0,15.2,healthy,0.0
fault_misfire_2,1095,1789813059.974543,4676.0,126.49,741.8,4.32,104.21,0.062,20.2,14.12,21.1,75.0,1500.0,15.2,healthy,0.0
fault_misfire_2,1096,1789813060.974543,4649.6,126.53,744.01,4.4,104.06,0.0643,20.2,14.15,21.25,75.0,1500.0,15.2,healthy,0.0
fault_misfire_2,1097,1789813061.974543,4640.8,126.77,738.82,4.36,103.96,0.0652,20.09,14.09,21.26,75.0,1500.0,15.2,healthy,0.0
fault_misfire_2,1098,1789813062.974543,4625.2,126.57,739.56,4.36,103.84,0.075,20.19,14.12,21.42,75.0,1500.0,15.2,healthy,0.0
fault_misfire_2,1099,1789813063.974543,4666.4,126.45,739.78,4.33,103.79,0.0704,20.21,14.18,21.58,75.0,1500.0,15.2,healthy,0.0
fault_misfire_2,1100,1789813064.974543,4696.2,126.5,734.13,4.32,103.71,0.0707,20.01,14.24,21.25,75.0,1500.0,15.2,healthy,0.0
fault_misfire_2,1101,1789813065.974543,4680.9,126.37,728.95,4.19,103.78,0.0675,20.14,14.33,21.3,75.0,1500.0,15.2,healthy,0.0
fault_misfire_2,1102,1789813066.974543,4670.9,126.47,734.33,4.25,103.87,0.0708,20.12,14.3,21.63,75.0,1500.0,15.2,healthy,0.0
fault_misfire_2,1103,1789813067.974543,4703.8,126.1,735.18,4.26,103.95,0.0746,20.18,14.21,21.45,75.0,1500.0,15.2,healthy,0.0
fault_misfire_2,1104,1789813068.974543,4686.6,126.06,734.61,4.29,103.97,0.071,20.34,14.22,21.08,75.0,1500.0,15.2,healthy,0.0
fault_misfire_2,1105,1789813069.974543,4675.8,126.06,733.47,4.28,104.07,0.0658,20.22,14.18,21.17,75.0,1500.0,15.2,healthy,0.0
fault_misfire_2,1106,1789813070.974543,4670.7,125.87,736.62,4.38,103.97,0.0542,20.23,14.2,20.66,75.0,1500.0,15.2,healthy,0.0
fault_misfire_2,1107,1789813071.974543,4664.4,125.97,738.28,4.42,103.91,0.0572,20.26,14.22,21.09,75.0,1500.0,15.2,healthy,0.0
fault_misfire_2,1108,1789813072.974543,4676.1,125.88,741.14,4.38,103.8,0.0662,20.24,14.18,21.2,75.0,1500.0,15.2,healthy,0.0
fault_misfire_2,1109,1789813073.974543,4693.4,125.71,745.43,4.38,103.79,0.0783,20.3,14.27,21.05,75.0,1500.0,15.2,healthy,0.0
fault_misfire_2,1110,1789813074.974543,4662.3,125.6,747.51,4.4,103.7,0.0791,20.21,14.22,20.99,75.0,1500.0,15.2,healthy,0.0
fault_misfire_2,1111,1789813075.974543,4679.1,125.94,745.44,4.36,103.63,0.0777,20.28,14.21,20.99,75.0,1500.0,15.2,healthy,0.0
fault_misfire_2,1112,1789813076.974543,4658.4,126.01,745.84,4.29,103.8,0.077,20.28,14.24,21.44,75.0,1500.0,15.2,healthy,0.0
fault_misfire_2,1113,1789813077.974543,4663.6,125.9,741.74,4.32,103.72,0.0768,20.17,14.12,21.38,75.0,1500.0,15.2,healthy,0.0
fault_misfire_2,1114,1789813078.974543,4695.6,126.0,740.24,4.29,103.8,0.0817,20.1,14.16,21.49,75.0,1500.0,15.2,healthy,0.0
fault_misfire_2,1115,1789813079.974543,4684.6,125.87,739.77,4.3,103.85,0.0832,20.05,14.16,21.38,75.0,1500.0,15.2,healthy,0.0
fault_misfire_2,1116,1789813080.974543,4678.3,125.74,740.12,4.29,103.85,0.0811,20.17,14.14,21.38,75.0,1500.0,15.2,healthy,0.0
fault_misfire_2,1117,1789813081.974543,4659.3,125.68,735.96,4.35,103.93,0.0664,20.16,14.14,21.42,75.0,1500.0,15.2,healthy,0.0
fault_misfire_2,1118,1789813082.974543,4673.8,125.7,734.46,4.34,104.15,0.0699,20.04,14.1,21.34,75.0,1500.0,15.2,healthy,0.0
fault_misfire_2,1119,1789813083.974543,4677.3,126.12,738.65,4.3,104.14,0.0691,20.16,14.11,21.29,75.0,1500.0,15.2,healthy,0.0
fault_misfire_2,1120,1789813084.974543,4683.5,126.58,734.26,4.37,104.19,0.0656,20.15,14.06,21.28,75.0,1500.0,15.2,healthy,0.0
fault_misfire_2,1121,1789813085.974543,4666.2,126.46,739.8,4.35,104.03,0.0635,20.0,14.03,20.8,75.0,1500.0,15.2,healthy,0.0
fault_misfire_2,1122,1789813086.974543,4668.4,126.48,736.65,4.35,103.96,0.0604,19.82,14.13,20.93,75.0,1500.0,15.2,healthy,0.0
fault_misfire_2,1123,1789813087.974543,4667.1,126.48,736.56,4.27,104.06,0.0675,20.08,14.09,20.96,75.0,1500.0,15.2,healthy,0.0
fault_misfire_2,1124,1789813088.974543,4686.2,126.8,742.87,4.34,103.95,0.0634,20.23,14.03,21.23,75.0,1500.0,15.2,healthy,0.0
fault_misfire_2,1125,1789813089.974543,4688.9,126.78,744.78,4.34,104.01,0.0738,20.26,14.02,21.52,75.0,1500.0,15.2,healthy,0.0
fault_misfire_2,1126,1789813090.974543,4723.8,126.66,742.83,4.33,103.71,0.0692,20.34,14.11,21.19,75.0,1500.0,15.2,healthy,0.0
fault_misfire_2,1127,1789813091.974543,4711.7,126.74,749.17,4.31,103.6,0.0705,20.44,14.07,20.93,75.0,1500.0,15.2,healthy,0.0
fault_misfire_2,1128,1789813092.974543,4725.8,126.61,744.63,4.31,103.52,0.0684,20.42,14.06,21.02,75.0,1500.0,15.2,healthy,0.0
fault_misfire_2,1129,1789813093.974543,4732.9,126.68,741.4,4.37,103.4,0.0686,20.43,14.04,21.0,75.0,1500.0,15.2,healthy,0.0
fault_misfire_2,1130,1789813094.974543,4714.5,126.8,742.24,4.32,103.43,0.0642,20.36,14.11,21.32,75.0,1500.0,15.2,healthy,0.0
fault_misfire_2,1131,1789813095.974543,4724.7,126.72,744.94,4.25,103.74,0.0667,20.2,14.06,21.36,75.0,1500.0,15.2,healthy,0.0
fault_misfire_2,1132,1789813096.974543,4713.0,127.07,745.55,4.37,103.68,0.0652,20.29,14.11,21.05,75.0,1500.0,15.2,healthy,0.0
fault_misfire_2,1133,1789813097.974543,4718.2,127.2,747.4,4.28,103.68,0.064,20.28,14.04,20.98,75.0,1500.0,15.2,healthy,0.0
fault_misfire_2,1134,1789813098.974543,4702.0,126.85,744.14,4.31,103.66,0.0682,20.16,14.06,21.37,75.0,1500.0,15.2,healthy,0.0
fault_misfire_2,1135,1789813099.974543,4711.9,126.48,741.91,4.3,103.65,0.0732,20.1,14.12,21.49,75.0,1500.0,15.2,healthy,0.0
fault_misfire_2,1136,1789813100.974543,4689.9,126.09,740.28,4.34,103.67,0.0708,20.08,14.15,21.11,75.0,1500.0,15.2,healthy,0.0
fault_misfire_2,1137,1789813101.974543,4671.4,126.07,741.41,4.34,103.81,0.0669,20.12,14.12,21.21,75.0,1500.0,15.2,healthy,0.0
fault_misfire_2,1138,1789813102.974543,4671.9,125.86,741.88,4.44,103.82,0.075,20.01,14.09,21.21,75.0,1500.0,15.2,healthy,0.0
fault_misfire_2,1139,1789813103.974543,4672.8,126.14,736.22,4.44,103.86,0.0669,20.06,14.08,21.04,75.0,1500.0,15.2,healthy,0.0
fault_misfire_2,1140,1789813104.974543,4691.5,126.32,739.87,4.45,103.9,0.0708,19.97,14.07,21.31,75.0,1500.0,15.2,healthy,0.0
fault_misfire_2,1141,1789813105.974543,4682.6,126.56,736.61,4.37,103.97,0.0761,20.08,14.16,21.32,75.0,1500.0,15.2,healthy,0.0
fault_misfire_2,1142,1789813106.974543,4677.7,126.94,738.36,4.37,103.94,0.0705,20.1,14.16,21.19,75.0,1500.0,15.2,healthy,0.0
fault_misfire_2,1143,1789813107.974543,4696.1,126.82,737.82,4.42,104.03,0.0736,20.14,14.17,20.97,75.0,1500.0,15.2,healthy,0.0
fault_misfire_2,1144,1789813108.974543,4687.7,126.43,743.4,4.37,103.93,0.0696,20.34,14.13,20.89,75.0,1500.0,15.2,healthy,0.0
fault_misfire_2,1145,1789813109.974543,4676.1,126.41,741.19,4.45,103.91,0.0706,20.33,14.24,21.33,75.0,1500.0,15.2,healthy,0.0
fault_misfire_2,1146,1789813110.974543,4674.7,126.8,741.29,4.41,103.81,0.0591,20.08,14.28,21.39,75.0,1500.0,15.2,healthy,0.0
fault_misfire_2,1147,1789813111.974543,4684.9,126.84,740.18,4.45,103.69,0.0577,20.1,14.31,21.5,75.0,1500.0,15.2,healthy,0.0
fault_misfire_2,1148,1789813112.974543,4690.1,126.78,737.98,4.41,103.44,0.0682,20.27,14.35,21.33,75.0,1500.0,15.2,healthy,0.0
fault_misfire_2,1149,1789813113.974543,4684.2,126.86,741.34,4.38,103.53,0.0581,20.3,14.32,21.33,75.0,1500.0,15.2,healthy,0.0
fault_misfire_2,1150,1789813114.974543,4686.5,126.83,738.58,4.4,103.55,0.0639,20.25,14.31,21.07,75.0,1500.0,15.2,healthy,0.0
fault_misfire_2,1151,1789813115.974543,4673.5,126.81,738.78,4.38,103.66,0.0613,20.34,14.19,21.34,75.0,1500.0,15.2,healthy,0.0
fault_misfire_2,1152,1789813116.974543,4689.5,126.94,743.03,4.37,103.78,0.0661,20.08,14.26,21.26,75.0,1500.0,15.2,healthy,0.0
fault_misfire_2,1153,1789813117.974543,4668.4,126.74,744.09,4.41,103.73,0.0697,20.14,14.31,21.09,75.0,1500.0,15.2,healthy,0.0
fault_misfire_2,1154,1789813118.974543,4699.5,126.83,737.87,4.38,103.8,0.0743,20.18,14.23,21.21,75.0,1500.0,15.2,healthy,0.0
fault_misfire_2,1155,1789813119.974543,4691.6,126.79,737.44,4.44,103.79,0.0753,20.07,14.26,21.59,75.0,1500.0,15.2,healthy,0.0
fault_misfire_2,1156,1789813120.974543,4678.7,127.16,738.59,4.42,103.8,0.075,20.2,14.22,21.11,75.0,1500.0,15.2,healthy,0.0
fault_misfire_2,1157,1789813121.974543,4688.1,127.31,742.37,4.35,103.63,0.0742,20.25,14.09,21.39,75.0,1500.0,15.2,healthy,0.0
fault_misfire_2,1158,1789813122.974543,4711.8,127.6,742.09,4.33,103.7,0.083,20.02,14.19,21.06,75.0,1500.0,15.2,healthy,0.0
fault_misfire_2,1159,1789813123.974543,4690.1,127.61,740.77,4.36,103.72,0.0793,20.05,14.1,21.12,75.0,1500.0,15.2,healthy,0.0
fault_misfire_2,1160,1789813124.974543,4679.7,127.5,742.61,4.4,103.69,0.0802,20.22,14.2,21.24,75.0,1500.0,15.2,healthy,0.0
fault_misfire_2,1161,1789813125.974543,4685.5,127.57,740.72,4.39,103.69,0.0729,20.41,14.17,21.11,75.0,1500.0,15.2,healthy,0.0
fault_misfire_2,1162,1789813126.974543,4686.5,127.4,737.72,4.3,103.71,0.0781,20.45,14.32,21.18,75.0,1500.0,15.2,healthy,0.0
fault_misfire_2,1163,1789813127.974543,4696.8,127.18,740.59,4.26,103.75,0.0808,20.33,14.33,21.25,75.0,1500.0,15.2,healthy,0.0
fault_misfire_2,1164,1789813128.974543,4734.5,127.37,739.45,4.35,103.78,0.0757,20.09,14.23,21.09,75.0,1500.0,15.2,healthy,0.0
fault_misfire_2,1165,1789813129.974543,4732.4,127.27,733.84,4.29,103.85,0.0798,20.1,14.28,21.29,75.0,1500.0,15.2,healthy,0.0
fault_misfire_2,1166,1789813130.974543,4715.8,127.5,737.9,4.34,103.95,0.0755,20.09,14.32,21.19,75.0,1500.0,15.2,healthy,0.0
fault_misfire_2,1167,1789813131.974543,4716.4,127.6,737.42,4.24,104.09,0.0773,20.27,14.33,21.54,75.0,1500.0,15.2,healthy,0.0
fault_misfire_2,1168,1789813132.974543,4705.6,127.79,741.56,4.23,103.99,0.0681,20.35,14.44,21.43,75.0,1500.0,15.2,healthy,0.0
fault_misfire_2,1169,1789813133.974543,4704.4,127.57,742.97,4.27,103.96,0.0727,20.17,14.5,21.17,75.0,1500.0,15.2,healthy,0.0
fault_misfire_2,1170,1789813134.974543,4700.8,127.5,743.56,4.35,104.1,0.0695,20.15,14.46,21.31,75.0,1500.0,15.2,healthy,0.0
fault_misfire_2,1171,1789813135.974543,4679.1,127.47,743.02,4.26,104.02,0.0696,19.96,14.46,21.39,75.0,1500.0,15.2,healthy,0.0
fault_misfire_2,1172,1789813136.974543,4667.8,127.37,740.86,4.27,104.21,0.0772,19.92,14.42,21.43,75.0,1500.0,15.2,healthy,0.0
fault_misfire_2,1173,1789813137.974543,4680.0,127.16,736.7,4.29,104.11,0.0761,19.79,14.43,21.42,75.0,1500.0,15.2,healthy,0.0
fault_misfire_2,1174,1789813138.974543,4676.5,126.96,736.49,4.27,104.25,0.0777,19.98,14.38,21.02,75.0,1500.0,15.2,healthy,0.0
fault_misfire_2,1175,1789813139.974543,4663.2,127.26,738.3,4.25,104.25,0.0677,20.08,14.33,20.77,75.0,1500.0,15.2,healthy,0.0
fault_misfire_2,1176,1789813140.974543,4680.0,127.13,738.68,4.35,104.21,0.0588,20.0,14.29,21.01,75.0,1500.0,15.2,healthy,0.0
fault_misfire_2,1177,1789813141.974543,4705.5,127.07,738.7,4.38,104.2,0.077,19.98,14.3,21.03,75.0,1500.0,15.2,healthy,0.0
fault_misfire_2,1178,1789813142.974543,4692.8,126.97,731.34,4.45,104.15,0.0718,20.03,14.32,20.74,75.0,1500.0,15.2,healthy,0.0
fault_misfire_2,1179,1789813143.974543,4713.7,126.97,731.69,4.41,104.13,0.0616,20.1,14.24,20.8,75.0,1500.0,15.2,healthy,0.0
fault_misfire_2,1180,1789813144.974543,4706.3,126.94,734.55,4.36,104.15,0.0745,20.09,14.26,21.5,75.0,1500.0,15.2,healthy,0.0
fault_misfire_2,1181,1789813145.974543,4736.3,127.24,737.7,4.41,104.11,0.0719,20.07,14.28,21.56,75.0,1500.0,15.2,healthy,0.0
fault_misfire_2,1182,1789813146.974543,4773.7,127.35,742.65,4.41,104.23,0.0723,20.01,14.3,21.15,75.0,1500.0,15.2,healthy,0.0
fault_misfire_2,1183,1789813147.974543,4714.0,126.98,746.77,4.41,104.21,0.071,19.97,14.22,21.25,75.0,1500.0,15.2,healthy,0.0
fault_misfire_2,1184,1789813148.974543,4739.1,127.1,744.18,4.43,104.44,0.0735,20.08,14.23,21.23,75.0,1500.0,15.2,healthy,0.0
fault_misfire_2,1185,1789813149.974543,4725.5,126.82,740.97,4.31,104.56,0.0708,20.12,14.26,21.27,75.0,1500.0,15.2,healthy,0.0
fault_misfire_2,1186,1789813150.974543,4722.0,127.2,741.79,4.29,104.65,0.064,19.98,14.21,21.05,75.0,1500.0,15.2,healthy,0.0
fault_misfire_2,1187,1789813151.974543,4729.2,127.04,742.57,4.27,104.75,0.0571,20.06,14.23,21.22,75.0,1500.0,15.2,healthy,0.0
fault_misfire_2,1188,1789813152.974543,4732.3,127.15,744.87,4.22,104.8,0.0661,20.21,14.15,21.13,75.0,1500.0,15.2,healthy,0.0
fault_misfire_2,1189,1789813153.974543,4711.1,127.02,740.45,4.34,104.54,0.0712,20.17,14.05,20.84,75.0,1500.0,15.2,healthy,0.0
fault_misfire_2,1190,1789813154.974543,4725.5,127.02,744.67,4.4,104.49,0.0799,20.23,14.03,21.25,75.0,1500.0,15.2,healthy,0.0
fault_misfire_2,1191,1789813155.974543,4722.4,127.25,744.35,4.38,104.27,0.0829,20.13,14.03,21.06,75.0,1500.0,15.2,healthy,0.0
fault_misfire_2,1192,1789813156.974543,4743.2,127.32,744.84,4.29,104.27,0.0792,20.26,13.97,20.84,75.0,1500.0,15.2,healthy,0.0
fault_misfire_2,1193,1789813157.974543,4744.3,127.08,746.5,4.3,104.38,0.0704,20.36,14.02,21.33,75.0,1500.0,15.2,healthy,0.0
fault_misfire_2,1194,1789813158.974543,4732.1,127.08,742.79,4.36,104.31,0.0705,20.38,14.01,21.24,75.0,1500.0,15.2,healthy,0.0
fault_misfire_2,1195,1789813159.974543,4748.2,126.99,741.49,4.33,104.23,0.0741,20.43,14.01,21.16,75.0,1500.0,15.2,healthy,0.0
fault_misfire_2,1196,1789813160.974543,4745.0,126.86,740.25,4.38,104.39,0.0666,20.37,14.02,21.47,75.0,1500.0,15.2,healthy,0.0
fault_misfire_2,1197,1789813161.974543,4729.7,126.58,743.12,4.41,104.34,0.0737,20.13,14.04,21.07,75.0,1500.0,15.2,healthy,0.0
fault_misfire_2,1198,1789813162.974543,4722.4,126.44,741.67,4.43,104.27,0.0747,20.21,14.08,21.46,75.0,1500.0,15.2,healthy,0.0
fault_misfire_2,1199,1789813163.974543,4740.2,126.51,741.15,4.35,104.16,0.0775,20.24,14.07,21.3,75.0,1500.0,15.2,healthy,0.0
fault_misfire_2,1200,1789813164.974543,4749.8,127.05,740.03,4.3,103.93,0.0765,20.22,14.28,21.41,75.0,1500.0,15.2,healthy,0.0
fault_misfire_2,1201,1789813165.974543,4699.9,126.81,740.59,4.33,103.93,0.0798,20.2,14.28,21.05,75.0,1500.0,15.2,healthy,0.0
fault_misfire_2,1202,1789813166.974543,4713.2,126.83,744.26,4.32,103.82,0.0786,20.3,14.25,21.04,75.0,1500.0,15.2,healthy,0.0
fault_misfire_2,1203,1789813167.974543,4713.8,126.82,746.76,4.25,103.96,0.0707,20.22,14.2,21.03,75.0,1500.0,15.2,healthy,0.0
fault_misfire_2,1204,1789813168.974543,4707.3,127.25,745.02,4.24,103.86,0.0712,20.2,14.17,21.04,75.0,1500.0,15.2,healthy,0.0
fault_misfire_2,1205,1789813169.974543,4700.1,127.26,741.75,4.33,103.77,0.0746,20.0,14.22,21.46,75.0,1500.0,15.2,healthy,0.0
fault_misfire_2,1206,1789813170.974543,4713.0,127.42,740.37,4.39,103.57,0.0755,20.09,14.25,21.42,75.0,1500.0,15.2,healthy,0.0
fault_misfire_2,1207,1789813171.974543,4710.5,127.28,743.92,4.36,103.4,0.0633,20.14,14.24,20.97,75.0,1500.0,15.2,healthy,0.0
fault_misfire_2,1208,1789813172.974543,4693.7,127.05,745.69,4.35,103.45,0.0688,20.19,14.15,21.38,75.0,1500.0,15.2,healthy,0.0
fault_misfire_2,1209,1789813173.974543,4706.2,127.3,742.08,4.36,103.38,0.063,20.2,14.17,21.44,75.0,1500.0,15.2,healthy,0.0
fault_misfire_2,1210,1789813174.974543,4727.6,127.3,742.24,4.44,103.35,0.0644,20.14,14.13,21.48,75.0,1500.0,15.2,healthy,0.0
fault_misfire_2,1211,1789813175.974543,4737.1,127.49,737.05,4.46,103.45,0.064,20.25,14.17,21.39,75.0,1500.0,15.2,healthy,0.0
fault_misfire_2,1212,1789813176.974543,4720.2,127.16,736.6,4.48,103.63,0.0669,20.22,14.2,21.37,75.0,1500.0,15.2,healthy,0.0
fault_misfire_2,1213,1789813177.974543,4715.5,127.1,733.51,4.49,103.83,0.0829,20.31,14.2,21.4,75.0,1500.0,15.2,healthy,0.0
fault_misfire_2,1214,1789813178.974543,4733.1,127.13,734.73,4.48,103.93,0.0671,20.25,14.2,21.08,75.0,1500.0,15.2,healthy,0.0
fault_misfire_2,1215,1789813179.974543,4724.8,127.26,732.25,4.5,103.91,0.0751,20.14,14.26,20.84,75.0,1500.0,15.2,healthy,0.0
fault_misfire_2,1216,1789813180.974543,4710.1,127.17,733.0,4.43,103.98,0.0745,20.02,14.28,21.21,75.0,1500.0,15.2,healthy,0.0
fault_misfire_2,1217,1789813181.974543,4706.8,127.06,734.96,4.44,104.0,0.0669,20.17,14.24,21.08,75.0,1500.0,15.2,healthy,0.0
fault_misfire_2,1218,1789813182.974543,4724.7,126.84,731.46,4.47,103.95,0.0665,20.28,14.27,21.42,75.0,1500.0,15.2,healthy,0.0
fault_misfire_2,1219,1789813183.974543,4722.4,127.16,732.54,4.34,103.81,0.0721,20.22,14.33,21.27,75.0,1500.0,15.2,healthy,0.0
fault_misfire_2,1220,1789813184.974543,4720.4,127.16,730.52,4.37,103.95,0.0766,20.21,14.31,21.14,75.0,1500.0,15.2,healthy,0.0
fault_misfire_2,1221,1789813185.974543,4739.6,127.19,733.76,4.36,103.89,0.0792,20.22,14.24,20.95,75.0,1500.0,15.2,healthy,0.0
fault_misfire_2,1222,1789813186.974543,4722.1,127.23,740.09,4.39,103.98,0.0741,20.25,14.24,20.81,75.0,1500.0,15.2,healthy,0.0
fault_misfire_2,1223,1789813187.974543,4719.5,127.21,736.34,4.4,103.93,0.077,20.32,14.2,21.05,75.0,1500.0,15.2,healthy,0.0
fault_misfire_2,1224,1789813188.974543,4721.0,127.41,738.22,4.39,103.73,0.078,20.22,14.13,21.23,75.0,1500.0,15.2,healthy,0.0
fault_misfire_2,1225,1789813189.974543,4733.2,127.48,736.64,4.38,103.83,0.0808,20.35,14.15,21.18,75.0,1500.0,15.2,healthy,0.0
fault_misfire_2,1226,1789813190.974543,4708.3,127.52,736.12,4.36,103.94,0.0664,20.41,14.17,21.28,75.0,1500.0,15.2,healthy,0.0
fault_misfire_2,1227,1789813191.974543,4687.7,127.57,733.79,4.4,104.02,0.0731,20.38,14.16,21.57,75.0,1500.0,15.2,healthy,0.0
fault_misfire_2,1228,1789813192.974543,4700.0,127.13,737.59,4.41,103.93,0.0766,20.46,14.19,21.5,75.0,1500.0,15.2,healthy,0.0
fault_misfire_2,1229,1789813193.974543,4699.6,127.46,732.61,4.37,103.81,0.0709,20.35,14.17,21.17,75.0,1500.0,15.2,healthy,0.0
fault_misfire_2,1230,1789813194.974543,4715.8,127.36,738.25,4.38,103.92,0.0777,20.16,14.16,20.96,75.0,1500.0,15.2,healthy,0.0
fault_misfire_2,1231,1789813195.974543,4712.1,126.82,739.73,4.35,103.96,0.0781,20.16,14.09,21.28,75.0,1500.0,15.2,healthy,0.0
fault_misfire_2,1232,1789813196.974543,4710.0,126.8,740.04,4.33,104.12,0.085,20.28,14.07,21.4,75.0,1500.0,15.2,healthy,0.0
fault_misfire_2,1233,1789813197.974543,4708.4,127.19,746.34,4.33,104.16,0.0828,20.28,14.01,21.45,75.0,1500.0,15.2,healthy,0.0
fault_misfire_2,1234,1789813198.974543,4727.6,126.52,749.95,4.34,104.2,0.0711,20.35,14.06,21.42,75.0,1500.0,15.2,healthy,0.0
fault_misfire_2,1235,1789813199.974543,4735.5,126.07,749.2,4.3,104.4,0.0754,20.46,14.01,21.24,75.0,1500.0,15.2,healthy,0.0
fault_misfire_2,1236,1789813200.974543,4741.8,126.34,744.01,4.38,104.38,0.0883,20.46,14.05,21.35,75.0,1500.0,15.2,healthy,0.0
fault_misfire_2,1237,1789813201.974543,4749.2,126.27,741.18,4.38,104.5,0.0782,20.43,14.11,21.28,75.0,1500.0,15.2,healthy,0.0
fault_misfire_2,1238,1789813202.974543,4723.6,126.35,738.27,4.4,104.45,0.0723,20.31,14.18,21.09,75.0,1500.0,15.2,healthy,0.0
fault_misfire_2,1239,1789813203.974543,4719.0,126.1,732.55,4.35,104.47,0.0777,20.36,14.22,21.54,75.0,1500.0,15.2,healthy,0.0
fault_misfire_2,1240,1789813204.974543,4687.1,126.19,729.09,4.35,104.42,0.074,20.3,14.22,21.83,75.0,1500.0,15.2,healthy,0.0
fault_misfire_2,1241,1789813205.974543,4686.7,125.88,728.35,4.46,104.48,0.0619,20.28,14.21,21.56,75.0,1500.0,15.2,healthy,0.0
fault_misfire_2,1242,1789813206.974543,4710.1,125.68,725.86,4.39,104.46,0.0628,20.42,14.21,21.65,75.0,1500.0,15.2,healthy,0.0
fault_misfire_2,1243,1789813207.974543,4718.2,126.02,730.95,4.4,104.74,0.0564,20.41,14.2,21.5,75.0,1500.0,15.2,healthy,0.0
fault_misfire_2,1244,1789813208.974543,4727.8,125.88,728.13,4.41,104.72,0.0653,20.32,14.26,21.32,75.0,1500.0,15.2,healthy,0.0
fault_misfire_2,1245,1789813209.974543,4723.9,125.74,729.69,4.39,104.74,0.0736,20.36,14.27,21.08,75.0,1500.0,15.2,healthy,0.0
fault_misfire_2,1246,1789813210.974543,4702.6,125.86,736.88,4.3,104.6,0.0741,20.41,14.25,20.82,75.0,1500.0,15.2,healthy,0.0
fault_misfire_2,1247,1789813211.974543,4722.8,126.15,736.46,4.36,104.42,0.0704,20.22,14.18,21.21,75.0,1500.0,15.2,healthy,0.0
fault_misfire_2,1248,1789813212.974543,4734.6,126.36,735.49,4.37,104.53,0.0679,20.21,14.12,21.26,75.0,1500.0,15.2,healthy,0.0
fault_misfire_2,1249,1789813213.974543,4731.1,126.38,735.38,4.4,104.7,0.071,20.26,14.16,21.14,75.0,1500.0,15.2,healthy,0.0
fault_misfire_2,1250,1789813214.974543,4744.7,126.71,734.97,4.49,104.79,0.0754,20.25,14.08,21.27,75.0,1500.0,15.2,healthy,0.0
fault_misfire_2,1251,1789813215.974543,4728.7,126.74,735.75,4.51,104.77,0.0796,20.27,14.09,21.38,75.0,1500.0,15.2,healthy,0.0
fault_misfire_2,1252,1789813216.974543,4710.5,126.62,733.91,4.47,104.69,0.0737,20.37,14.11,21.09,75.0,1500.0,15.2,healthy,0.0
fault_misfire_2,1253,1789813217.974543,4703.2,126.49,733.41,4.38,104.59,0.0676,20.51,14.04,21.18,75.0,1500.0,15.2,healthy,0.0
fault_misfire_2,1254,1789813218.974543,4720.9,126.55,735.47,4.29,104.44,0.0649,20.5,14.13,21.49,75.0,1500.0,15.2,healthy,0.0
fault_misfire_2,1255,1789813219.974543,4713.0,126.6,732.16,4.29,104.45,0.07,20.43,14.16,21.4,75.0,1500.0,15.2,healthy,0.0
fault_misfire_2,1256,1789813220.974543,4715.9,126.25,733.93,4.25,104.39,0.0743,20.42,14.21,20.79,75.0,1500.0,15.2,healthy,0.0
fault_misfire_2,1257,1789813221.974543,4716.8,125.77,731.34,4.28,104.32,0.0768,20.38,14.22,20.91,75.0,1500.0,15.2,healthy,0.0
fault_misfire_2,1258,1789813222.974543,4727.8,125.82,732.52,4.29,104.32,0.0662,20.38,14.13,21.29,75.0,1500.0,15.2,healthy,0.0
fault_misfire_2,1259,1789813223.974543,4726.0,125.8,729.21,4.33,104.25,0.0768,20.26,14.13,21.3,75.0,1500.0,15.2,healthy,0.0
fault_misfire_2,1260,1789813224.974543,4738.1,125.84,732.12,4.35,104.16,0.0708,20.16,14.15,21.13,75.0,1500.0,15.2,healthy,0.0
fault_misfire_2,1261,1789813225.974543,4746.7,125.98,734.98,4.3,104.14,0.0722,20.17,14.15,21.31,75.0,1500.0,15.2,healthy,0.0
fault_misfire_2,1262,1789813226.974543,4759.5,126.21,734.38,4.23,104.09,0.0734,20.23,14.17,21.43,75.0,1500.0,15.2,healthy,0.0
fault_misfire_2,1263,1789813227.974543,4736.7,126.19,737.83,4.2,104.11,0.0683,20.3,14.13,21.26,75.0,1500.0,15.2,healthy,0.0
fault_misfire_2,1264,1789813228.974543,4709.0,126.2,736.05,4.31,104.11,0.0734,20.18,14.14,21.23,75.0,1500.0,15.2,healthy,0.0
fault_misfire_2,1265,1789813229.974543,4689.8,126.31,734.39,4.3,104.07,0.0741,20.17,14.1,21.16,75.0,1500.0,15.2,healthy,0.0
fault_misfire_2,1266,1789813230.974543,4682.7,126.3,731.42,4.36,104.27,0.0717,20.31,14.09,21.39,75.0,1500.0,15.2,healthy,0.0
fault_misfire_2,1267,1789813231.974543,4717.9,125.94,735.69,4.43,104.25,0.0688,20.3,14.11,21.27,75.0,1500.0,15.2,healthy,0.0
fault_misfire_2,1268,1789813232.974543,4689.9,125.99,735.05,4.43,104.31,0.0748,20.28,14.08,21.38,75.0,1500.0,15.2,healthy,0.0
fault_misfire_2,1269,1789813233.974543,4694.6,125.8,734.18,4.34,104.21,0.0706,20.31,14.07,21.43,75.0,1500.0,15.2,healthy,0.0
fault_misfire_2,1270,1789813234.974543,4706.4,126.1,736.53,4.35,104.24,0.0693,20.18,14.01,21.43,75.0,1500.0,15.2,healthy,0.0
fault_misfire_2,1271,1789813235.974543,4671.4,126.1,734.13,4.38,104.28,0.0657,20.19,14.06,21.25,75.0,1500.0,15.2,healthy,0.0
fault_misfire_2,1272,1789813236.974543,4699.8,125.65,736.31,4.35,104.17,0.0763,20.26,14.06,21.33,75.0,1500.0,15.2,healthy,0.0
fault_misfire_2,1273,1789813237.974543,4711.1,125.53,737.61,4.31,104.3,0.0759,20.27,14.0,21.12,75.0,1500.0,15.2,healthy,0.0
fault_misfire_2,1274,1789813238.974543,4713.3,125.56,739.32,4.39,104.37,0.0782,20.46,13.99,21.05,75.0,1500.0,15.2,healthy,0.0
fault_misfire_2,1275,1789813239.974543,4694.4,125.83,736.36,4.46,104.24,0.08,20.34,14.02,21.2,75.0,1500.0,15.2,healthy,0.0
fault_misfire_2,1276,1789813240.974543,4713.2,126.17,745.61,4.44,104.26,0.0782,20.2,14.05,20.91,75.0,1500.0,15.2,healthy,0.0
fault_misfire_2,1277,1789813241.974543,4711.9,126.25,744.89,4.39,104.15,0.0795,20.4,13.99,21.28,75.0,1500.0,15.2,healthy,0.0
fault_misfire_2,1278,1789813242.974543,4731.1,126.46,742.06,4.44,104.08,0.0754,20.47,14.0,21.26,75.0,1500.0,15.2,healthy,0.0
fault_misfire_2,1279,1789813243.974543,4723.0,126.33,741.0,4.4,103.92,0.0728,20.57,14.0,21.21,75.0,1500.0,15.2,healthy,0.0
fault_misfire_2,1280,1789813244.974543,4714.5,126.43,737.41,4.31,104.03,0.074,20.4,13.94,21.35,75.0,1500.0,15.2,healthy,0.0
fault_misfire_2,1281,1789813245.974543,4705.9,126.07,736.15,4.31,103.93,0.0673,20.5,13.95,21.36,75.0,1500.0,15.2,healthy,0.0
fault_misfire_2,1282,1789813246.974543,4681.6,126.1,734.08,4.34,103.77,0.0744,20.38,13.95,21.12,75.0,1500.0,15.2,healthy,0.0
fault_misfire_2,1283,1789813247.974543,4693.3,126.04,741.07,4.33,103.72,0.0796,20.45,14.02,21.01,75.0,1500.0,15.2,healthy,0.0
fault_misfire_2,1284,1789813248.974543,4686.1,126.17,745.26,4.35,103.69,0.0757,20.42,13.91,21.21,75.0,1500.0,15.2,healthy,0.0
fault_misfire_2,1285,1789813249.974543,4695.6,126.19,745.08,4.3,103.81,0.0732,20.52,13.98,21.38,75.0,1500.0,15.2,healthy,0.0
fault_misfire_2,1286,1789813250.974543,4695.0,126.22,744.33,4.37,104.02,0.0744,20.34,14.03,21.1,75.0,1500.0,15.2,healthy,0.0
fault_misfire_2,1287,1789813251.974543,4678.6,126.26,738.15,4.46,103.9,0.0674,20.32,14.07,21.03,75.0,1500.0,15.2,healthy,0.0
fault_misfire_2,1288,1789813252.974543,4687.8,126.38,736.59,4.46,103.99,0.0675,20.16,13.99,21.25,75.0,1500.0,15.2,healthy,0.0
fault_misfire_2,1289,1789813253.974543,4706.2,126.5,737.31,4.48,104.25,0.072,20.31,14.0,21.24,75.0,1500.0,15.2,healthy,0.0
fault_misfire_2,1290,1789813254.974543,4728.5,126.3,734.48,4.32,104.33,0.0705,20.31,14.01,21.51,75.0,1500.0,15.2,healthy,0.0
fault_misfire_2,1291,1789813255.974543,4713.0,126.43,741.53,4.34,104.38,0.0661,20.17,14.01,21.45,75.0,1500.0,15.2,healthy,0.0
fault_misfire_2,1292,1789813256.974543,4717.6,126.26,746.43,4.38,104.48,0.0615,20.13,14.02,21.25,75.0,1500.0,15.2,healthy,0.0
fault_misfire_2,1293,1789813257.974543,4691.3,126.67,744.16,4.3,104.48,0.0661,20.07,14.02,20.94,75.0,1500.0,15.2,healthy,0.0
fault_misfire_2,1294,1789813258.974543,4713.9,126.61,740.55,4.38,104.53,0.0715,20.2,14.01,20.63,75.0,1500.0,15.2,healthy,0.0
fault_misfire_2,1295,1789813259.974543,4702.3,126.45,737.94,4.36,104.25,0.0724,20.21,14.08,20.73,75.0,1500.0,15.2,healthy,0.0
fault_misfire_2,1296,1789813260.974543,4726.8,126.51,743.68,4.35,104.23,0.0738,20.23,14.1,21.03,75.0,1500.0,15.2,healthy,0.0
fault_misfire_2,1297,1789813261.974543,4704.0,126.79,746.94,4.33,104.4,0.0691,20.04,14.08,20.64,75.0,1500.0,15.2,healthy,0.0
fault_misfire_2,1298,1789813262.974543,4679.1,127.0,739.94,4.32,104.48,0.0779,20.27,14.1,20.74,75.0,1500.0,15.2,healthy,0.0
fault_misfire_2,1299,1789813263.974543,4643.9,126.7,735.92,4.33,104.34,0.0812,20.18,14.12,21.02,75.0,1500.0,15.2,healthy,0.0
fault_misfire_2,1300,1789813264.974543,4649.3,126.69,737.29,4.37,104.36,0.0766,20.08,14.06,21.23,75.0,1500.0,15.2,healthy,0.0
fault_misfire_2,1301,1789813265.974543,4680.7,126.71,735.24,4.27,104.18,0.0708,20.05,14.09,20.95,75.0,1500.0,15.2,healthy,0.0
fault_misfire_2,1302,1789813266.974543,4676.7,126.59,731.82,4.27,104.23,0.0801,20.11,14.08,20.82,75.0,1500.0,15.2,healthy,0.0
fault_misfire_2,1303,1789813267.974543,4684.3,126.81,730.06,4.31,104.28,0.0719,20.18,14.1,20.89,75.0,1500.0,15.2,healthy,0.0
fault_misfire_2,1304,1789813268.974543,4672.0,126.89,728.99,4.29,104.45,0.0691,20.08,14.09,21.51,75.0,1500.0,15.2,healthy,0.0
fault_misfire_2,1305,1789813269.974543,4685.1,126.97,729.14,4.4,104.52,0.0696,20.06,14.15,21.38,75.0,1500.0,15.2,healthy,0.0
fault_misfire_2,1306,1789813270.974543,4681.1,126.82,731.38,4.37,104.65,0.074,20.23,14.13,21.09,75.0,1500.0,15.2,healthy,0.0
fault_misfire_2,1307,1789813271.974543,4700.5,126.76,730.75,4.38,104.74,0.0784,20.26,14.23,21.63,75.0,1500.0,15.2,healthy,0.0
fault_misfire_2,1308,1789813272.974543,4714.4,126.76,726.68,4.32,104.8,0.075,20.27,14.21,21.64,75.0,1500.0,15.2,healthy,0.0
fault_misfire_2,1309,1789813273.974543,4699.2,126.95,727.13,4.26,104.75,0.0726,20.15,14.22,21.56,75.0,1500.0,15.2,healthy,0.0
fault_misfire_2,1310,1789813274.974543,4699.7,126.89,736.23,4.27,104.68,0.0829,20.27,14.19,21.23,75.0,1500.0,15.2,healthy,0.0
fault_misfire_2,1311,1789813275.974543,4712.2,126.86,739.84,4.27,104.83,0.0735,20.38,14.17,20.94,75.0,1500.0,15.2,healthy,0.0
fault_misfire_2,1312,1789813276.974543,4707.4,126.82,738.41,4.28,104.85,0.0714,20.32,14.13,21.11,75.0,1500.0,15.2,healthy,0.0
fault_misfire_2,1313,1789813277.974543,4678.3,126.69,740.03,4.3,104.74,0.0746,20.36,14.1,21.03,75.0,1500.0,15.2,healthy,0.0
fault_misfire_2,1314,1789813278.974543,4696.3,126.64,736.19,4.35,104.57,0.0764,20.43,14.1,21.03,75.0,1500.0,15.2,healthy,0.0
fault_misfire_2,1315,1789813279.974543,4685.1,126.52,737.26,4.31,104.65,0.0747,20.43,14.12,21.32,75.0,1500.0,15.2,healthy,0.0
fault_misfire_2,1316,1789813280.974543,4670.1,126.78,738.97,4.26,104.75,0.0727,20.35,14.18,21.15,75.0,1500.0,15.2,healthy,0.0
fault_misfire_2,1317,1789813281.974543,4675.3,126.75,740.67,4.3,104.75,0.069,20.22,14.16,20.9,75.0,1500.0,15.2,healthy,0.0
fault_misfire_2,1318,1789813282.974543,4664.1,126.59,739.47,4.4,104.68,0.0794,20.27,14.16,21.5,75.0,1500.0,15.2,healthy,0.0
fault_misfire_2,1319,1789813283.974543,4668.6,126.34,740.19,4.39,104.6,0.0818,20.25,14.23,21.07,75.0,1500.0,15.2,healthy,0.0
fault_misfire_2,1320,1789813284.974543,4703.0,126.07,742.73,4.43,104.5,0.0774,20.27,14.35,21.23,75.0,1500.0,15.2,healthy,0.0
fault_misfire_2,1321,1789813285.974543,4698.4,126.26,745.59,4.34,104.24,0.0712,20.32,14.35,21.25,75.0,1500.0,15.2,healthy,0.0
fault_misfire_2,1322,1789813286.974543,4703.9,126.43,745.69,4.37,104.16,0.069,20.26,14.33,21.22,75.0,1500.0,15.2,healthy,0.0
fault_misfire_2,1323,1789813287.974543,4702.8,126.54,740.32,4.39,104.25,0.0625,20.14,14.29,21.37,75.0,1500.0,15.2,healthy,0.0
fault_misfire_2,1324,1789813288.974543,4676.7,126.68,738.75,4.34,104.29,0.0637,20.25,14.3,21.08,75.0,1500.0,15.2,healthy,0.0
fault_misfire_2,1325,1789813289.974543,4679.9,126.66,741.58,4.3,104.19,0.0663,20.11,14.31,20.88,75.0,1500.0,15.2,healthy,0.0
fault_misfire_2,1326,1789813290.974543,4663.6,126.91,739.49,4.32,104.25,0.0704,20.16,14.32,21.09,75.0,1500.0,15.2,healthy,0.0
fault_misfire_2,1327,1789813291.974543,4668.3,126.99,742.87,4.28,104.3,0.0729,20.07,14.29,21.49,75.0,1500.0,15.2,healthy,0.0
fault_misfire_2,1328,1789813292.974543,4688.6,126.93,740.2,4.3,104.38,0.0746,19.99,14.14,21.05,75.0,1500.0,15.2,healthy,0.0
fault_misfire_2,1329,1789813293.974543,4701.7,126.73,742.03,4.27,104.36,0.0812,20.0,14.13,21.17,75.0,1500.0,15.2,healthy,0.0
fault_misfire_2,1330,1789813294.974543,4705.6,126.71,735.18,4.29,104.43,0.0814,19.91,14.1,21.65,75.0,1500.0,15.2,healthy,0.0
fault_misfire_2,1331,1789813295.974543,4723.1,126.65,733.42,4.3,104.31,0.0828,19.73,14.13,21.23,75.0,1500.0,15.2,healthy,0.0
fault_misfire_2,1332,1789813296.974543,4724.2,126.61,733.73,4.24,104.36,0.076,19.85,14.11,21.61,75.0,1500.0,15.2,healthy,0.0
fault_misfire_2,1333,1789813297.974543,4715.5,126.76,734.14,4.23,104.4,0.0826,19.87,14.09,21.49,75.0,1500.0,15.2,healthy,0.0
fault_misfire_2,1334,1789813298.974543,4723.6,126.88,734.6,4.26,104.43,0.0694,20.03,14.08,21.34,75.0,1500.0,15.2,healthy,0.0
fault_misfire_2,1335,1789813299.974543,4695.2,126.5,738.18,4.2,104.54,0.0739,19.94,14.02,20.85,75.0,1500.0,15.2,healthy,0.0
fault_misfire_2,1336,1789813300.974543,4709.1,126.49,740.75,4.19,104.69,0.072,19.91,14.05,20.64,75.0,1500.0,15.2,healthy,0.0
fault_misfire_2,1337,1789813301.974543,4713.4,126.38,741.37,4.26,104.59,0.0675,20.17,13.96,20.86,75.0,1500.0,15.2,healthy,0.0
fault_misfire_2,1338,1789813302.974543,4710.3,126.33,736.71,4.33,104.6,0.0652,20.14,14.0,20.95,75.0,1500.0,15.2,healthy,0.0
fault_misfire_2,1339,1789813303.974543,4719.0,126.18,737.93,4.27,104.42,0.0667,20.13,13.98,20.67,75.0,1500.0,15.2,healthy,0.0
fault_misfire_2,1340,1789813304.974543,4716.3,126.17,737.82,4.35,104.17,0.0767,20.13,14.0,20.99,75.0,1500.0,15.2,healthy,0.0
fault_misfire_2,1341,1789813305.974543,4721.5,126.35,738.86,4.33,104.3,0.0772,20.01,13.98,21.19,75.0,1500.0,15.2,healthy,0.0
fault_misfire_2,1342,1789813306.974543,4729.6,126.47,741.35,4.4,104.25,0.0723,20.08,14.0,21.1,75.0,1500.0,15.2,healthy,0.0
fault_misfire_2,1343,1789813307.974543,4737.3,126.16,740.58,4.41,104.31,0.0735,20.19,14.06,21.0,75.0,1500.0,15.2,healthy,0.0
fault_misfire_2,1344,1789813308.974543,4726.3,125.89,741.9,4.44,104.11,0.0689,20.17,14.13,21.15,75.0,1500.0,15.2,healthy,0.0
fault_misfire_2,1345,1789813309.974543,4696.1,125.74,742.09,4.32,104.14,0.0732,20.1,14.14,21.21,75.0,1500.0,15.2,healthy,0.0
fault_misfire_2,1346,1789813310.974543,4703.2,125.78,738.62,4.33,104.15,0.0698,20.18,14.1,21.27,75.0,1500.0,15.2,healthy,0.0
fault_misfire_2,1347,1789813311.974543,4694.1,125.59,739.74,4.26,104.41,0.0728,20.28,14.19,21.03,75.0,1500.0,15.2,healthy,0.0
fault_misfire_2,1348,1789813312.974543,4687.5,125.86,738.1,4.34,104.25,0.077,20.29,14.18,20.95,75.0,1500.0,15.2,healthy,0.0
fault_misfire_2,1349,1789813313.974543,4681.5,126.2,739.62,4.37,104.16,0.0796,20.24,14.15,21.25,75.0,1500.0,15.2,healthy,0.0
fault_misfire_2,1350,1789813314.974543,4690.1,126.54,738.63,4.34,104.23,0.078,20.37,14.12,21.33,75.0,1500.0,15.2,healthy,0.0
fault_misfire_2,1351,1789813315.974543,4715.8,126.56,742.6,4.36,104.36,0.0735,20.12,14.17,21.28,75.0,1500.0,15.2,healthy,0.0
fault_misfire_2,1352,1789813316.974543,4742.0,126.43,741.76,4.44,104.47,0.0698,20.24,14.15,20.77,75.0,1500.0,15.2,healthy,0.0
fault_misfire_2,1353,1789813317.974543,4713.2,126.55,736.86,4.45,104.39,0.0741,20.16,14.21,20.82,75.0,1500.0,15.2,healthy,0.0
fault_misfire_2,1354,1789813318.974543,4744.1,126.58,738.07,4.4,104.28,0.0785,20.15,14.19,21.18,75.0,1500.0,15.2,healthy,0.0
fault_misfire_2,1355,1789813319.974543,4726.8,126.65,740.3,4.42,104.41,0.0832,20.03,14.22,21.34,75.0,1500.0,15.2,healthy,0.0
fault_misfire_2,1356,1789813320.974543,4681.1,126.95,737.68,4.44,104.3,0.0811,19.86,14.15,21.71,75.0,1500.0,15.2,healthy,0.0
fault_misfire_2,1357,1789813321.974543,4688.9,127.28,739.42,4.45,104.1,0.0747,20.1,14.19,21.24,75.0,1500.0,15.2,healthy,0.0
fault_misfire_2,1358,1789813322.974543,4682.2,126.73,736.92,4.35,103.96,0.0748,20.25,14.17,20.77,75.0,1500.0,15.2,healthy,0.0
fault_misfire_2,1359,1789813323.974543,4697.8,126.72,737.93,4.39,103.96,0.073,20.3,14.2,21.14,75.0,1500.0,15.2,healthy,0.0
fault_misfire_2,1360,1789813324.974543,4717.0,126.55,741.53,4.39,104.03,0.0718,20.3,14.16,21.22,75.0,1500.0,15.2,healthy,0.0
fault_misfire_2,1361,1789813325.974543,4697.0,126.58,740.64,4.32,103.93,0.0692,20.1,14.18,21.56,75.0,1500.0,15.2,healthy,0.0
fault_misfire_2,1362,1789813326.974543,4708.6,126.58,743.67,4.29,103.88,0.075,20.05,14.27,21.51,75.0,1500.0,15.2,healthy,0.0
fault_misfire_2,1363,1789813327.974543,4706.2,126.72,747.03,4.25,103.92,0.0743,20.05,14.17,21.33,75.0,1500.0,15.2,healthy,0.0
fault_misfire_2,1364,1789813328.974543,4696.1,126.6,751.17,4.25,103.82,0.0669,19.97,14.17,21.73,75.0,1500.0,15.2,healthy,0.0
fault_misfire_2,1365,1789813329.974543,4700.5,126.77,745.89,4.3,103.81,0.0602,20.03,14.24,21.21,75.0,1500.0,15.2,healthy,0.0
fault_misfire_2,1366,1789813330.974543,4685.9,126.84,744.54,4.29,103.82,0.0581,20.16,14.28,21.11,75.0,1500.0,15.2,healthy,0.0
fault_misfire_2,1367,1789813331.974543,4692.0,126.61,743.53,4.23,103.74,0.0665,20.3,14.18,21.07,75.0,1500.0,15.2,healthy,0.0
fault_misfire_2,1368,1789813332.974543,4664.8,126.44,744.38,4.23,103.7,0.0761,20.18,14.25,21.16,75.0,1500.0,15.2,healthy,0.0
fault_misfire_2,1369,1789813333.974543,4681.3,126.53,744.76,4.33,103.71,0.0798,20.23,14.23,21.13,75.0,1500.0,15.2,healthy,0.0
fault_misfire_2,1370,1789813334.974543,4694.2,126.51,736.62,4.32,103.77,0.0782,20.27,14.21,21.33,75.0,1500.0,15.2,healthy,0.0
fault_misfire_2,1371,1789813335.974543,4681.9,126.48,738.15,4.32,103.7,0.0811,20.3,14.31,21.18,75.0,1500.0,15.2,healthy,0.0
fault_misfire_2,1372,1789813336.974543,4687.7,126.65,735.4,4.34,103.67,0.0762,20.08,14.25,20.94,75.0,1500.0,15.2,healthy,0.0
fault_misfire_2,1373,1789813337.974543,4703.2,126.48,740.91,4.36,103.59,0.0715,20.14,14.23,21.21,75.0,1500.0,15.2,healthy,0.0
fault_misfire_2,1374,1789813338.974543,4731.4,126.23,739.4,4.46,103.95,0.0691,20.3,14.22,21.34,75.0,1500.0,15.2,healthy,0.0
fault_misfire_2,1375,1789813339.974543,4701.4,126.42,741.28,4.42,103.95,0.0701,20.27,14.14,21.34,75.0,1500.0,15.2,healthy,0.0
fault_misfire_2,1376,1789813340.974543,4725.8,126.17,742.16,4.4,104.0,0.0794,20.19,14.16,21.39,75.0,1500.0,15.2,healthy,0.0
fault_misfire_2,1377,1789813341.974543,4743.8,126.01,743.65,4.44,103.87,0.0811,20.18,14.2,21.32,75.0,1500.0,15.2,healthy,0.0
fault_misfire_2,1378,1789813342.974543,4728.2,126.03,745.88,4.46,103.9,0.0785,20.24,14.3,21.28,75.0,1500.0,15.2,healthy,0.0
fault_misfire_2,1379,1789813343.974543,4736.2,126.07,744.92,4.44,104.05,0.0781,20.2,14.27,21.2,75.0,1500.0,15.2,healthy,0.0
fault_misfire_2,1380,1789813344.974543,4737.2,126.25,746.6,4.38,103.82,0.0755,20.04,14.32,21.13,75.0,1500.0,15.2,healthy,0.0
fault_misfire_2,1381,1789813345.974543,4770.3,126.42,745.73,4.4,103.92,0.08,20.11,14.33,21.4,75.0,1500.0,15.2,healthy,0.0
fault_misfire_2,1382,1789813346.974543,4732.3,126.57,744.96,4.46,103.91,0.0745,20.26,14.27,21.59,75.0,1500.0,15.2,healthy,0.0
fault_misfire_2,1383,1789813347.974543,4735.4,126.41,744.9,4.48,103.94,0.0792,20.3,14.23,21.3,75.0,1500.0,15.2,healthy,0.0
fault_misfire_2,1384,1789813348.974543,4703.4,126.46,747.18,4.52,104.04,0.072,20.31,14.22,21.57,75.0,1500.0,15.2,healthy,0.0
fault_misfire_2,1385,1789813349.974543,4704.4,126.47,742.32,4.5,104.04,0.0669,20.2,14.18,21.55,75.0,1500.0,15.2,healthy,0.0
fault_misfire_2,1386,1789813350.974543,4682.3,126.61,743.67,4.47,104.34,0.0676,20.1,14.28,21.64,75.0,1500.0,15.2,healthy,0.0
fault_misfire_2,1387,1789813351.974543,4706.5,126.38,743.79,4.41,104.29,0.0738,20.1,14.32,21.67,75.0,1500.0,15.2,healthy,0.0
fault_misfire_2,1388,1789813352.974543,4697.4,126.24,743.24,4.38,104.36,0.0704,20.19,14.29,21.42,75.0,1500.0,15.2,healthy,0.0
fault_misfire_2,1389,1789813353.974543,4695.3,126.52,744.67,4.32,104.29,0.0812,20.2,14.21,21.07,75.0,1500.0,15.2,healthy,0.0
fault_misfire_2,1390,1789813354.974543,4705.0,126.72,739.11,4.38,104.45,0.068,20.13,14.21,21.31,75.0,1500.0,15.2,healthy,0.0
fault_misfire_2,1391,1789813355.974543,4717.7,126.54,736.51,4.3,104.27,0.0716,20.24,14.18,21.5,75.0,1500.0,15.2,healthy,0.0
fault_misfire_2,1392,1789813356.974543,4712.9,126.32,735.92,4.31,104.11,0.0796,20.34,14.25,21.11,75.0,1500.0,15.2,healthy,0.0
fault_misfire_2,1393,1789813357.974543,4720.3,126.5,733.4,4.33,104.13,0.087,20.18,14.24,21.42,75.0,1500.0,15.2,healthy,0.0
fault_misfire_2,1394,1789813358.974543,4700.4,126.41,732.97,4.26,104.04,0.0719,20.15,14.26,21.53,75.0,1500.0,15.2,healthy,0.0
fault_misfire_2,1395,1789813359.974543,4691.3,126.55,731.35,4.38,104.13,0.0704,20.1,14.25,21.34,75.0,1500.0,15.2,healthy,0.0
fault_misfire_2,1396,1789813360.974543,4704.5,126.41,732.0,4.32,104.1,0.0724,20.07,14.26,21.49,75.0,1500.0,15.2,healthy,0.0
fault_misfire_2,1397,1789813361.974543,4718.5,126.6,734.31,4.28,103.97,0.0668,20.14,14.17,21.46,75.0,1500.0,15.2,healthy,0.0
fault_misfire_2,1398,1789813362.974543,4728.6,126.94,741.33,4.29,103.87,0.0704,20.22,14.18,21.48,75.0,1500.0,15.2,healthy,0.0
fault_misfire_2,1399,1789813363.974543,4722.8,126.96,740.35,4.39,103.79,0.0726,20.24,14.24,21.28,75.0,1500.0,15.2,healthy,0.0
fault_misfire_2,1400,1789813364.974543,4697.2,126.97,742.4,4.35,103.8,0.0728,20.32,14.25,21.4,75.0,1500.0,15.2,healthy,0.0
fault_misfire_2,1401,1789813365.974543,4708.3,126.9,739.16,4.3,103.94,0.0767,20.47,14.24,21.03,75.0,1500.0,15.2,healthy,0.0
fault_misfire_2,1402,1789813366.974543,4712.1,126.74,742.79,4.26,103.97,0.0653,20.54,14.24,21.01,75.0,1500.0,15.2,healthy,0.0
fault_misfire_2,1403,1789813367.974543,4692.1,126.72,742.82,4.22,104.01,0.064,20.52,14.34,21.28,75.0,1500.0,15.2,healthy,0.0
fault_misfire_2,1404,1789813368.974543,4680.2,126.69,742.16,4.3,103.96,0.0664,20.52,14.3,20.9,75.0,1500.0,15.2,healthy,0.0
fault_misfire_2,1405,1789813369.974543,4675.2,126.84,741.22,4.28,103.95,0.0782,20.44,14.3,21.16,75.0,1500.0,15.2,healthy,0.0
fault_misfire_2,1406,1789813370.974543,4681.8,126.53,737.13,4.36,103.64,0.069,20.4,14.23,21.12,75.0,1500.0,15.2,healthy,0.0
fault_misfire_2,1407,1789813371.974543,4695.1,126.37,733.33,4.42,103.66,0.0647,20.42,14.19,21.0,75.0,1500.0,15.2,healthy,0.0
fault_misfire_2,1408,1789813372.974543,4710.3,126.55,733.93,4.37,103.47,0.0672,20.32,14.19,21.07,75.0,1500.0,15.2,healthy,0.0
fault_misfire_2,1409,1789813373.974543,4682.2,126.7,734.17,4.27,103.49,0.0726,20.48,14.19,21.08,75.0,1500.0,15.2,healthy,0.0
fault_misfire_2,1410,1789813374.974543,4701.7,126.57,735.44,4.34,103.66,0.0774,20.5,14.12,21.28,75.0,1500.0,15.2,healthy,0.0
fault_misfire_2,1411,1789813375.974543,4679.2,126.38,732.53,4.36,103.56,0.08,20.52,14.13,21.23,75.0,1500.0,15.2,healthy,0.0
fault_misfire_2,1412,1789813376.974543,4693.3,126.38,734.19,4.23,103.56,0.0805,20.5,14.14,21.16,75.0,1500.0,15.2,healthy,0.0
fault_misfire_2,1413,1789813377.974543,4690.5,125.91,728.06,4.23,103.57,0.0696,20.39,14.21,21.25,75.0,1500.0,15.2,healthy,0.0
fault_misfire_2,1414,1789813378.974543,4684.5,125.92,730.09,4.35,103.5,0.0783,20.43,14.25,21.43,75.0,1500.0,15.2,healthy,0.0
fault_misfire_2,1415,1789813379.974543,4670.1,126.12,733.68,4.39,103.37,0.0755,20.39,14.21,21.57,75.0,1500.0,15.2,healthy,0.0
fault_misfire_2,1416,1789813380.974543,4674.0,125.87,735.59,4.35,103.38,0.0818,20.41,14.26,21.42,75.0,1500.0,15.2,healthy,0.0
fault_misfire_2,1417,1789813381.974543,4668.9,125.94,734.38,4.44,103.38,0.0769,20.33,14.27,21.31,75.0,1500.0,15.2,healthy,0.0
fault_misfire_2,1418,1789813382.974543,4684.4,125.92,732.86,4.4,103.51,0.0664,20.12,14.24,20.88,75.0,1500.0,15.2,healthy,0.0
fault_misfire_2,1419,1789813383.974543,4676.7,126.24,735.19,4.36,103.62,0.0685,20.3,14.25,21.01,75.0,1500.0,15.2,healthy,0.0
fault_misfire_2,1420,1789813384.974543,4679.0,126.11,740.29,4.41,103.58,0.0731,20.23,14.15,21.49,75.0,1500.0,15.2,healthy,0.0
fault_misfire_2,1421,1789813385.974543,4693.0,126.29,738.06,4.3,103.54,0.0758,20.11,14.18,21.64,75.0,1500.0,15.2,healthy,0.0
fault_misfire_2,1422,1789813386.974543,4695.0,126.39,739.24,4.28,103.59,0.0715,20.1,14.2,21.36,75.0,1500.0,15.2,healthy,0.0
fault_misfire_2,1423,1789813387.974543,4688.3,126.38,737.77,4.26,103.55,0.0746,20.08,14.18,21.03,75.0,1500.0,15.2,healthy,0.0
fault_misfire_2,1424,1789813388.974543,4708.4,126.49,742.07,4.29,103.62,0.0772,20.02,14.14,21.35,75.0,1500.0,15.2,healthy,0.0
fault_misfire_2,1425,1789813389.974543,4715.4,126.17,742.98,4.36,103.75,0.0725,20.01,14.13,21.13,75.0,1500.0,15.2,healthy,0.0
fault_misfire_2,1426,1789813390.974543,4729.5,126.1,740.86,4.24,103.75,0.0667,20.23,14.15,21.05,75.0,1500.0,15.2,healthy,0.0
fault_misfire_2,1427,1789813391.974543,4728.6,126.03,743.08,4.24,103.73,0.068,20.19,14.11,21.08,75.0,1500.0,15.2,healthy,0.0
fault_misfire_2,1428,1789813392.974543,4710.7,126.05,744.14,4.3,103.8,0.0675,20.24,14.06,21.01,75.0,1500.0,15.2,healthy,0.0
fault_misfire_2,1429,1789813393.974543,4699.6,126.15,751.11,4.33,103.9,0.0783,20.23,14.15,21.13,75.0,1500.0,15.2,healthy,0.0
fault_misfire_2,1430,1789813394.974543,4724.2,126.08,748.96,4.34,103.93,0.083,20.14,14.11,21.58,75.0,1500.0,15.2,healthy,0.0
fault_misfire_2,1431,1789813395.974543,4718.1,126.09,749.51,4.34,103.86,0.0872,20.21,14.19,21.25,75.0,1500.0,15.2,healthy,0.0
fault_misfire_2,1432,1789813396.974543,4692.6,126.29,750.31,4.35,103.76,0.0887,20.27,14.13,21.39,75.0,1500.0,15.2,healthy,0.0
fault_misfire_2,1433,1789813397.974543,4676.8,126.12,745.91,4.26,103.81,0.0808,20.03,14.13,21.14,75.0,1500.0,15.2,healthy,0.0
fault_misfire_2,1434,1789813398.974543,4688.4,125.38,750.45,4.28,103.53,0.0813,20.11,14.16,21.13,75.0,1500.0,15.2,healthy,0.0
fault_misfire_2,1435,1789813399.974543,4681.1,125.56,754.21,4.25,103.69,0.0841,20.25,14.15,21.27,75.0,1500.0,15.2,healthy,0.0
fault_misfire_2,1436,1789813400.974543,4683.7,125.55,749.02,4.3,103.66,0.0762,20.28,14.1,21.29,75.0,1500.0,15.2,healthy,0.0
fault_misfire_2,1437,1789813401.974543,4668.8,125.9,745.68,4.28,103.8,0.0804,20.2,14.07,21.2,75.0,1500.0,15.2,healthy,0.0
fault_misfire_2,1438,1789813402.974543,4676.5,126.24,746.08,4.33,103.89,0.0868,20.24,14.14,21.23,75.0,1500.0,15.2,healthy,0.0
fault_misfire_2,1439,1789813403.974543,4688.3,126.06,742.05,4.35,103.83,0.0816,20.31,14.28,21.23,75.0,1500.0,15.2,healthy,0.0
fault_misfire_2,1440,1789813404.974543,4682.3,125.84,742.04,4.41,103.92,0.0777,20.3,14.26,21.36,75.0,1500.0,15.2,healthy,0.0
fault_misfire_2,1441,1789813405.974543,4683.0,126.05,742.68,4.43,103.96,0.0815,20.36,14.29,21.38,75.0,1500.0,15.2,healthy,0.0
fault_misfire_2,1442,1789813406.974543,4685.3,126.27,740.41,4.46,103.93,0.0763,20.36,14.25,21.46,75.0,1500.0,15.2,healthy,0.0
fault_misfire_2,1443,1789813407.974543,4704.0,126.32,742.87,4.42,104.04,0.0746,20.45,14.31,21.28,75.0,1500.0,15.2,healthy,0.0
fault_misfire_2,1444,1789813408.974543,4685.3,126.23,740.72,4.43,104.0,0.0745,20.33,14.42,21.24,75.0,1500.0,15.2,healthy,0.0
fault_misfire_2,1445,1789813409.974543,4655.8,125.7,738.86,4.35,104.04,0.0744,20.44,14.32,20.85,75.0,1500.0,15.2,healthy,0.0
fault_misfire_2,1446,1789813410.974543,4660.9,125.71,738.44,4.26,103.96,0.0776,20.38,14.34,20.79,75.0,1500.0,15.2,healthy,0.0
fault_misfire_2,1447,1789813411.974543,4647.4,125.9,737.29,4.19,104.09,0.0793,20.3,14.34,21.07,75.0,1500.0,15.2,healthy,0.0
fault_misfire_2,1448,1789813412.974543,4642.4,125.98,737.03,4.23,104.08,0.0712,20.45,14.41,21.17,75.0,1500.0,15.2,healthy,0.0
fault_misfire_2,1449,1789813413.974543,4641.5,126.24,740.03,4.28,103.96,0.0687,20.52,14.34,21.28,75.0,1500.0,15.2,healthy,0.0
fault_misfire_2,1450,1789813414.974543,4660.1,126.32,740.85,4.32,104.16,0.0644,20.47,14.37,21.18,75.0,1500.0,15.2,healthy,0.0
fault_misfire_2,1451,1789813415.974543,4683.5,126.34,741.94,4.29,104.24,0.0692,20.27,14.32,21.22,75.0,1500.0,15.2,healthy,0.0
fault_misfire_2,1452,1789813416.974543,4708.8,126.48,741.06,4.27,104.38,0.0684,20.32,14.33,20.9,75.0,1500.0,15.2,healthy,0.0
fault_misfire_2,1453,1789813417.974543,4712.8,126.6,741.73,4.33,104.13,0.0699,20.56,14.45,21.58,75.0,1500.0,15.2,healthy,0.0
fault_misfire_2,1454,1789813418.974543,4704.3,126.68,746.36,4.34,103.99,0.0669,20.52,14.4,21.54,75.0,1500.0,15.2,healthy,0.0
fault_misfire_2,1455,1789813419.974543,4708.6,126.97,743.42,4.31,104.12,0.0574,20.49,14.29,21.44,75.0,1500.0,15.2,healthy,0.0
fault_misfire_2,1456,1789813420.974543,4709.2,126.95,741.19,4.32,104.09,0.0576,20.44,14.24,21.67,75.0,1500.0,15.2,healthy,0.0
fault_misfire_2,1457,1789813421.974543,4711.6,127.3,740.19,4.28,103.96,0.0613,20.39,14.25,21.42,75.0,1500.0,15.2,healthy,0.0
fault_misfire_2,1458,1789813422.974543,4679.0,127.14,737.9,4.29,104.2,0.0672,20.47,14.23,21.56,75.0,1500.0,15.2,healthy,0.0
fault_misfire_2,1459,1789813423.974543,4669.2,127.23,741.59,4.3,104.03,0.0685,20.47,14.27,21.62,75.0,1500.0,15.2,healthy,0.0
fault_misfire_2,1460,1789813424.974543,4669.2,126.85,743.63,4.37,103.97,0.073,20.63,14.19,21.3,75.0,1500.0,15.2,healthy,0.0
fault_misfire_2,1461,1789813425.974543,4660.6,126.62,742.08,4.39,103.93,0.071,20.43,14.17,21.34,75.0,1500.0,15.2,healthy,0.0
fault_misfire_2,1462,1789813426.974543,4649.3,126.96,742.05,4.38,104.09,0.089,20.5,14.16,21.33,75.0,1500.0,15.2,healthy,0.0
fault_misfire_2,1463,1789813427.974543,4616.6,126.75,738.24,4.3,103.83,0.0886,20.31,14.21,21.13,75.0,1500.0,15.2,healthy,0.0
fault_misfire_2,1464,1789813428.974543,4589.5,126.59,743.25,4.25,103.75,0.0876,20.33,14.31,21.16,75.0,1500.0,15.2,healthy,0.0
fault_misfire_2,1465,1789813429.974543,4640.9,126.85,747.85,4.3,103.64,0.0834,20.3,14.25,21.16,75.0,1500.0,15.2,healthy,0.0
fault_misfire_2,1466,1789813430.974543,4647.2,126.78,744.96,4.38,103.65,0.0801,20.25,14.21,21.28,75.0,1500.0,15.2,healthy,0.0
fault_misfire_2,1467,1789813431.974543,4661.6,126.86,740.84,4.4,103.68,0.0673,20.2,14.21,20.93,75.0,1500.0,15.2,healthy,0.0
fault_misfire_2,1468,1789813432.974543,4660.1,126.91,743.38,4.37,103.44,0.0775,20.39,14.19,21.13,75.0,1500.0,15.2,healthy,0.0
fault_misfire_2,1469,1789813433.974543,4647.0,126.74,742.28,4.38,103.32,0.0816,20.34,14.21,21.19,75.0,1500.0,15.2,healthy,0.0
fault_misfire_2,1470,1789813434.974543,4641.4,126.96,740.03,4.37,103.21,0.0848,20.31,14.13,21.17,75.0,1500.0,15.2,healthy,0.0
fault_misfire_2,1471,1789813435.974543,4656.0,126.77,744.01,4.37,103.11,0.0857,20.3,14.1,20.71,75.0,1500.0,15.2,healthy,0.0
fault_misfire_2,1472,1789813436.974543,4656.1,126.43,748.98,4.45,103.25,0.0781,20.21,14.08,21.0,75.0,1500.0,15.2,healthy,0.0
fault_misfire_2,1473,1789813437.974543,4692.1,126.45,742.14,4.43,103.42,0.0693,20.25,13.97,21.09,75.0,1500.0,15.2,healthy,0.0
fault_misfire_2,1474,1789813438.974543,4691.7,126.54,742.15,4.4,103.5,0.0688,20.25,13.96,21.44,75.0,1500.0,15.2,healthy,0.0
fault_misfire_2,1475,1789813439.974543,4656.1,126.59,741.36,4.37,103.54,0.0657,20.21,13.91,21.38,75.0,1500.0,15.2,healthy,0.0
fault_misfire_2,1476,1789813440.974543,4630.6,126.26,739.79,4.32,103.67,0.0739,20.33,13.96,21.33,75.0,1500.0,15.2,healthy,0.0
fault_misfire_2,1477,1789813441.974543,4634.5,126.1,739.21,4.35,103.64,0.072,20.42,13.97,21.49,75.0,1500.0,15.2,healthy,0.0
fault_misfire_2,1478,1789813442.974543,4631.0,125.91,738.96,4.27,103.73,0.0683,20.5,14.03,21.39,75.0,1500.0,15.2,healthy,0.0
fault_misfire_2,1479,1789813443.974543,4646.4,126.0,739.86,4.38,103.74,0.0618,20.44,14.07,21.55,75.0,1500.0,15.2,healthy,0.0
fault_misfire_2,1480,1789813444.974543,4653.1,126.18,737.67,4.3,103.73,0.0697,20.49,14.03,21.31,75.0,1500.0,15.2,healthy,0.0
fault_misfire_2,1481,1789813445.974543,4678.8,126.04,740.82,4.25,103.82,0.0783,20.47,14.12,20.91,75.0,1500.0,15.2,healthy,0.0
fault_misfire_2,1482,1789813446.974543,4687.8,126.41,741.66,4.38,103.88,0.0608,20.39,14.13,21.13,75.0,1500.0,15.2,healthy,0.0
fault_misfire_2,1483,1789813447.974543,4677.6,126.4,740.66,4.36,104.01,0.0592,20.55,14.09,20.92,75.0,1500.0,15.2,healthy,0.0
fault_misfire_2,1484,1789813448.974543,4680.3,126.31,742.0,4.37,104.11,0.0598,20.49,14.12,21.15,75.0,1500.0,15.2,healthy,0.0
fault_misfire_2,1485,1789813449.974543,4683.3,126.46,737.43,4.32,103.96,0.0696,20.43,14.15,21.47,75.0,1500.0,15.2,healthy,0.0
fault_misfire_2,1486,1789813450.974543,4667.1,126.89,734.93,4.34,103.93,0.0795,20.31,14.08,21.79,75.0,1500.0,15.2,healthy,0.0
fault_misfire_2,1487,1789813451.974543,4697.2,126.84,742.31,4.43,104.11,0.0821,20.17,14.09,21.23,75.0,1500.0,15.2,healthy,0.0
fault_misfire_2,1488,1789813452.974543,4704.3,126.9,745.39,4.33,104.1,0.0825,19.98,14.15,21.1,75.0,1500.0,15.2,healthy,0.0
fault_misfire_2,1489,1789813453.974543,4721.0,126.73,747.46,4.35,104.01,0.0865,20.05,14.05,21.08,75.0,1500.0,15.2,healthy,0.0
fault_misfire_2,1490,1789813454.974543,4744.8,126.8,745.86,4.38,104.04,0.0858,19.98,14.06,21.55,75.0,1500.0,15.2,healthy,0.0
fault_misfire_2,1491,1789813455.974543,4713.4,126.93,746.19,4.3,104.11,0.0848,20.12,14.06,21.0,75.0,1500.0,15.2,healthy,0.0
fault_misfire_2,1492,1789813456.974543,4726.3,126.94,744.84,4.33,104.29,0.0827,20.13,14.09,21.28,75.0,1500.0,15.2,healthy,0.0
fault_misfire_2,1493,1789813457.974543,4708.3,127.25,745.34,4.4,104.35,0.0802,20.17,14.09,21.26,75.0,1500.0,15.2,healthy,0.0
fault_misfire_2,1494,1789813458.974543,4708.8,127.18,741.94,4.35,104.37,0.0752,20.19,14.11,21.48,75.0,1500.0,15.2,healthy,0.0
fault_misfire_2,1495,1789813459.974543,4675.3,127.17,738.3,4.34,104.36,0.0717,20.22,14.14,21.18,75.0,1500.0,15.2,healthy,0.0
fault_misfire_2,1496,1789813460.974543,4696.0,127.22,735.03,4.31,104.38,0.0725,20.24,14.13,21.14,75.0,1500.0,15.2,healthy,0.0
fault_misfire_2,1497,1789813461.974543,4706.8,127.2,738.2,4.28,104.25,0.0753,20.16,14.13,21.36,75.0,1500.0,15.2,healthy,0.0
fault_misfire_2,1498,1789813462.974543,4715.6,127.06,736.95,4.3,104.23,0.0711,20.11,14.06,21.22,75.0,1500.0,15.2,healthy,0.0
fault_misfire_2,1499,1789813463.974543,4716.4,127.11,735.5,4.26,104.18,0.0637,20.25,14.02,21.03,75.0,1500.0,15.2,healthy,0.0
fault_misfire_2,1500,1789813464.974543,4724.7,127.09,737.83,4.18,104.23,0.0628,20.14,14.0,21.06,75.0,1500.0,15.2,healthy,0.0
fault_misfire_2,1501,1789813465.974543,4721.2,126.88,742.68,4.2,104.49,0.0617,20.3,14.04,20.74,75.0,1500.0,15.2,healthy,0.0
fault_misfire_2,1502,1789813466.974543,4698.3,126.85,742.87,4.22,104.29,0.0717,20.27,14.08,21.12,75.0,1500.0,15.2,healthy,0.0
fault_misfire_2,1503,1789813467.974543,4729.5,126.99,743.89,4.33,104.21,0.0754,20.22,14.08,21.09,75.0,1500.0,15.2,healthy,0.0
fault_misfire_2,1504,1789813468.974543,4734.2,127.16,739.56,4.34,104.15,0.0721,20.3,14.04,21.12,75.0,1500.0,15.2,healthy,0.0
fault_misfire_2,1505,1789813469.974543,4715.7,127.33,737.07,4.3,104.07,0.0797,20.51,14.02,21.07,75.0,1500.0,15.2,healthy,0.0
fault_misfire_2,1506,1789813470.974543,4707.6,127.15,735.49,4.32,104.11,0.0778,20.36,13.97,21.16,75.0,1500.0,15.2,healthy,0.0
fault_misfire_2,1507,1789813471.974543,4704.3,126.54,741.24,4.27,103.9,0.0759,20.28,13.98,21.37,75.0,1500.0,15.2,healthy,0.0
fault_misfire_2,1508,1789813472.974543,4688.2,126.63,738.9,4.34,103.88,0.0765,20.29,14.07,21.13,75.0,1500.0,15.2,healthy,0.0
fault_misfire_2,1509,1789813473.974543,4700.1,126.61,736.7,4.44,103.8,0.0843,20.13,14.05,21.3,75.0,1500.0,15.2,healthy,0.0
fault_misfire_2,1510,1789813474.974543,4711.4,126.51,730.61,4.46,103.8,0.0675,20.22,14.06,21.24,75.0,1500.0,15.2,healthy,0.0
fault_misfire_2,1511,1789813475.974543,4729.0,126.59,728.55,4.45,103.87,0.0697,20.22,14.06,21.21,75.0,1500.0,15.2,healthy,0.0
fault_misfire_2,1512,1789813476.974543,4732.7,126.91,731.67,4.46,103.83,0.0746,20.39,14.04,21.17,75.0,1500.0,15.2,healthy,0.0
fault_misfire_2,1513,1789813477.974543,4713.8,126.87,735.98,4.47,103.64,0.0737,20.45,13.98,21.27,75.0,1500.0,15.2,healthy,0.0
fault_misfire_2,1514,1789813478.974543,4710.4,126.99,741.27,4.42,103.93,0.0737,20.67,14.0,21.22,75.0,1500.0,15.2,healthy,0.0
fault_misfire_2,1515,1789813479.974543,4706.4,127.0,737.91,4.46,103.87,0.0811,20.67,13.96,21.11,75.0,1500.0,15.2,healthy,0.0
fault_misfire_2,1516,1789813480.974543,4701.2,126.88,737.28,4.43,103.78,0.0774,20.65,13.86,20.73,75.0,1500.0,15.2,healthy,0.0
fault_misfire_2,1517,1789813481.974543,4704.9,126.8,736.38,4.43,103.8,0.0798,20.48,13.9,20.98,75.0,1500.0,15.2,healthy,0.0
fault_misfire_2,1518,1789813482.974543,4708.5,126.74,744.59,4.35,103.97,0.0774,20.41,13.92,21.03,75.0,1500.0,15.2,healthy,0.0
fault_misfire_2,1519,1789813483.974543,4679.2,126.78,743.28,4.34,103.78,0.0749,20.31,13.98,21.11,75.0,1500.0,15.2,healthy,0.0
fault_misfire_2,1520,1789813484.974543,4681.5,126.89,741.77,4.32,103.62,0.0755,20.3,14.08,21.21,75.0,1500.0,15.2,healthy,0.0
fault_misfire_2,1521,1789813485.974543,4649.6,126.64,741.12,4.34,103.54,0.0706,20.27,14.07,21.45,75.0,1500.0,15.2,healthy,0.0
fault_misfire_2,1522,1789813486.974543,4672.9,126.63,739.51,4.36,103.5,0.0722,20.49,14.04,21.44,75.0,1500.0,15.2,healthy,0.0
fault_misfire_2,1523,1789813487.974543,4649.6,126.91,741.59,4.28,103.53,0.069,20.19,14.11,21.51,75.0,1500.0,15.2,healthy,0.0
fault_misfire_2,1524,1789813488.974543,4656.7,126.93,737.43,4.34,103.52,0.077,20.06,14.13,21.59,75.0,1500.0,15.2,healthy,0.0
fault_misfire_2,1525,1789813489.974543,4680.1,126.95,739.45,4.31,103.36,0.081,20.09,14.12,21.45,75.0,1500.0,15.2,healthy,0.0
fault_misfire_2,1526,1789813490.974543,4695.3,126.94,742.77,4.39,103.4,0.0721,20.15,14.07,21.63,75.0,1500.0,15.2,healthy,0.0
fault_misfire_2,1527,1789813491.974543,4696.8,126.71,744.29,4.41,103.42,0.0725,20.29,14.02,21.88,75.0,1500.0,15.2,healthy,0.0
fault_misfire_2,1528,1789813492.974543,4697.1,126.93,743.33,4.4,103.46,0.0764,20.24,14.02,21.79,75.0,1500.0,15.2,healthy,0.0
fault_misfire_2,1529,1789813493.974543,4707.9,126.77,743.45,4.37,103.47,0.0783,20.04,14.09,21.8,75.0,1500.0,15.2,healthy,0.0
fault_misfire_2,1530,1789813494.974543,4687.0,126.82,739.04,4.35,103.44,0.0757,20.13,14.14,21.27,75.0,1500.0,15.2,healthy,0.0
fault_misfire_2,1531,1789813495.974543,4680.1,126.36,741.04,4.24,103.26,0.0713,20.17,14.16,21.33,75.0,1500.0,15.2,healthy,0.0
fault_misfire_2,1532,1789813496.974543,4679.8,126.6,742.85,4.35,103.15,0.0722,20.13,14.07,21.23,75.0,1500.0,15.2,healthy,0.0
fault_misfire_2,1533,1789813497.974543,4684.1,126.68,744.94,4.39,103.17,0.0755,20.26,14.15,21.2,75.0,1500.0,15.2,healthy,0.0
fault_misfire_2,1534,1789813498.974543,4695.0,126.77,744.41,4.36,103.31,0.0743,20.05,14.17,20.99,75.0,1500.0,15.2,healthy,0.0
fault_misfire_2,1535,1789813499.974543,4701.6,126.76,743.35,4.33,103.45,0.0702,20.08,14.16,20.86,75.0,1500.0,15.2,healthy,0.0
fault_misfire_2,1536,1789813500.974543,4703.5,126.65,744.42,4.29,103.51,0.0711,20.23,14.17,20.61,75.0,1500.0,15.2,healthy,0.0
fault_misfire_2,1537,1789813501.974543,4694.0,126.73,737.24,4.25,103.52,0.0659,20.05,14.25,20.76,75.0,1500.0,15.2,healthy,0.0
fault_misfire_2,1538,1789813502.974543,4684.6,126.9,730.98,4.26,103.52,0.0694,19.95,14.24,21.01,75.0,1500.0,15.2,healthy,0.0
fault_misfire_2,1539,1789813503.974543,4686.5,126.68,732.69,4.35,103.45,0.0664,19.98,14.32,20.83,75.0,1500.0,15.2,healthy,0.0
fault_misfire_2,1540,1789813504.974543,4676.7,126.57,729.7,4.41,103.5,0.0713,20.04,14.29,20.8,75.0,1500.0,15.2,healthy,0.0
fault_misfire_2,1541,1789813505.974543,4676.1,126.37,729.61,4.35,103.62,0.0676,19.97,14.28,21.16,75.0,1500.0,15.2,healthy,0.0
fault_misfire_2,1542,1789813506.974543,4682.1,126.29,733.02,4.4,103.86,0.0764,20.1,14.25,21.44,75.0,1500.0,15.2,healthy,0.0
fault_misfire_2,1543,1789813507.974543,4680.3,126.24,735.88,4.35,103.88,0.0769,20.07,14.15,21.23,75.0,1500.0,15.2,healthy,0.0
fault_misfire_2,1544,1789813508.974543,4674.5,126.13,736.72,4.33,103.86,0.0759,20.39,14.15,21.56,75.0,1500.0,15.2,healthy,0.0
fault_misfire_2,1545,1789813509.974543,4686.1,126.46,739.64,4.35,103.88,0.079,20.4,14.15,21.31,75.0,1500.0,15.2,healthy,0.0
fault_misfire_2,1546,1789813510.974543,4681.6,126.9,741.23,4.43,103.86,0.0734,20.32,14.12,21.11,75.0,1500.0,15.2,healthy,0.0
fault_misfire_2,1547,1789813511.974543,4701.7,126.95,739.96,4.38,103.77,0.0769,20.56,14.14,20.97,75.0,1500.0,15.2,healthy,0.0
fault_misfire_2,1548,1789813512.974543,4693.3,126.89,742.79,4.39,103.92,0.0706,20.42,14.09,20.9,75.0,1500.0,15.2,healthy,0.0
fault_misfire_2,1549,1789813513.974543,4677.9,126.7,743.62,4.33,103.88,0.0717,20.39,14.06,21.05,75.0,1500.0,15.2,healthy,0.0
fault_misfire_2,1550,1789813514.974543,4706.0,126.84,751.27,4.29,104.07,0.0634,20.41,14.06,21.13,75.0,1500.0,15.2,healthy,0.0
fault_misfire_2,1551,1789813515.974543,4690.9,126.58,747.71,4.36,103.85,0.0594,20.47,14.07,20.96,75.0,1500.0,15.2,healthy,0.0
fault_misfire_2,1552,1789813516.974543,4690.6,126.32,747.56,4.29,103.83,0.0627,20.49,14.02,21.06,75.0,1500.0,15.2,healthy,0.0
fault_misfire_2,1553,1789813517.974543,4679.8,126.16,743.84,4.34,103.84,0.068,20.26,13.95,20.79,75.0,1500.0,15.2,healthy,0.0
fault_misfire_2,1554,1789813518.974543,4683.0,126.34,738.66,4.42,103.83,0.0653,20.14,13.98,20.73,75.0,1500.0,15.2,healthy,0.0
fault_misfire_2,1555,1789813519.974543,4669.7,126.4,740.14,4.33,103.83,0.0707,20.08,13.99,21.19,75.0,1500.0,15.2,healthy,0.0
fault_misfire_2,1556,1789813520.974543,4697.0,126.38,741.64,4.43,103.7,0.0732,20.22,14.08,20.95,75.0,1500.0,15.2,healthy,0.0
fault_misfire_2,1557,1789813521.974543,4714.2,126.57,737.43,4.37,103.56,0.0659,20.26,14.04,21.45,75.0,1500.0,15.2,healthy,0.0
fault_misfire_2,1558,1789813522.974543,4706.7,126.59,738.83,4.39,103.49,0.0677,20.17,14.07,21.33,75.0,1500.0,15.2,healthy,0.0
fault_misfire_2,1559,1789813523.974543,4682.0,126.46,739.43,4.41,103.54,0.057,20.17,14.14,21.36,75.0,1500.0,15.2,healthy,0.0
fault_misfire_2,1560,1789813524.974543,4697.0,126.67,739.47,4.35,103.62,0.0619,20.11,14.12,21.45,75.0,1500.0,15.2,healthy,0.0
fault_misfire_2,1561,1789813525.974543,4695.7,126.98,739.05,4.3,103.9,0.0689,20.29,14.13,21.41,75.0,1500.0,15.2,healthy,0.0
fault_misfire_2,1562,1789813526.974543,4693.2,126.97,739.64,4.34,103.91,0.0754,20.44,14.07,21.37,75.0,1500.0,15.2,healthy,0.0
fault_misfire_2,1563,1789813527.974543,4691.9,126.81,740.18,4.46,103.94,0.0719,20.35,14.06,21.02,75.0,1500.0,15.2,healthy,0.0
fault_misfire_2,1564,1789813528.974543,4693.0,126.79,736.35,4.42,104.08,0.0738,20.56,14.09,21.32,75.0,1500.0,15.2,healthy,0.0
fault_misfire_2,1565,1789813529.974543,4676.1,126.83,733.9,4.45,104.01,0.0759,20.6,14.13,20.83,75.0,1500.0,15.2,healthy,0.0
fault_misfire_2,1566,1789813530.974543,4673.3,126.72,733.41,4.33,104.04,0.0745,20.58,14.12,21.19,75.0,1500.0,15.2,healthy,0.0
fault_misfire_2,1567,1789813531.974543,4680.0,126.52,733.7,4.32,103.81,0.0784,20.54,14.21,21.34,75.0,1500.0,15.2,healthy,0.0
fault_misfire_2,1568,1789813532.974543,4682.1,126.56,737.92,4.21,103.74,0.0748,20.45,14.19,21.13,75.0,1500.0,15.2,healthy,0.0
fault_misfire_2,1569,1789813533.974543,4703.4,126.67,740.63,4.2,103.75,0.0721,20.41,14.2,21.0,75.0,1500.0,15.2,healthy,0.0
fault_misfire_2,1570,1789813534.974543,4684.0,126.44,738.59,4.16,103.84,0.0761,20.31,14.23,21.4,75.0,1500.0,15.2,healthy,0.0
fault_misfire_2,1571,1789813535.974543,4670.7,126.51,735.64,4.09,103.81,0.0718,20.24,14.19,21.15,75.0,1500.0,15.2,healthy,0.0
fault_misfire_2,1572,1789813536.974543,4672.3,126.68,734.51,4.18,104.06,0.0724,20.26,14.29,21.19,75.0,1500.0,15.2,healthy,0.0
fault_misfire_2,1573,1789813537.974543,4678.9,126.81,735.8,4.23,104.09,0.068,20.25,14.34,21.16,75.0,1500.0,15.2,healthy,0.0
fault_misfire_2,1574,1789813538.974543,4685.9,126.92,737.93,4.26,104.18,0.079,20.16,14.33,20.8,75.0,1500.0,15.2,healthy,0.0
fault_misfire_2,1575,1789813539.974543,4680.5,126.85,745.94,4.32,104.23,0.0738,20.04,14.28,21.16,75.0,1500.0,15.2,healthy,0.0
fault_misfire_2,1576,1789813540.974543,4676.8,127.05,747.24,4.4,104.12,0.0722,20.29,14.24,21.38,75.0,1500.0,15.2,healthy,0.0
fault_misfire_2,1577,1789813541.974543,4688.3,126.98,749.61,4.47,104.12,0.0748,20.26,14.27,20.87,75.0,1500.0,15.2,healthy,0.0
fault_misfire_2,1578,1789813542.974543,4695.2,126.97,743.26,4.46,104.24,0.08,20.13,14.2,20.78,75.0,1500.0,15.2,healthy,0.0
fault_misfire_2,1579,1789813543.974543,4702.0,126.81,746.53,4.4,104.32,0.0695,20.16,14.09,21.03,75.0,1500.0,15.2,healthy,0.0
fault_misfire_2,1580,1789813544.974543,4714.6,127.08,743.38,4.27,104.24,0.08,20.23,14.17,21.17,75.0,1500.0,15.2,healthy,0.0
fault_misfire_2,1581,1789813545.974543,4705.7,126.95,744.77,4.3,104.29,0.076,20.24,14.18,21.06,75.0,1500.0,15.2,healthy,0.0
fault_misfire_2,1582,1789813546.974543,4691.6,127.22,745.06,4.31,104.32,0.0804,20.08,14.2,21.31,75.0,1500.0,15.2,healthy,0.0
fault_misfire_2,1583,1789813547.974543,4708.0,126.92,738.89,4.27,104.21,0.0814,19.9,14.13,21.01,75.0,1500.0,15.2,healthy,0.0
fault_misfire_2,1584,1789813548.974543,4730.7,127.08,746.51,4.21,104.07,0.084,19.95,14.11,21.12,75.0,1500.0,15.2,healthy,0.0
fault_misfire_2,1585,1789813549.974543,4725.4,126.89,744.54,4.28,103.75,0.0818,20.11,14.09,21.19,75.0,1500.0,15.2,healthy,0.0
fault_misfire_2,1586,1789813550.974543,4724.6,126.62,737.19,4.3,103.9,0.0842,19.89,14.09,21.3,75.0,1500.0,15.2,healthy,0.0
fault_misfire_2,1587,1789813551.974543,4718.7,126.29,736.21,4.32,103.82,0.0832,20.03,14.08,21.55,75.0,1500.0,15.2,healthy,0.0
fault_misfire_2,1588,1789813552.974543,4718.3,126.19,735.29,4.32,103.82,0.0879,20.02,14.08,20.9,75.0,1500.0,15.2,healthy,0.0
fault_misfire_2,1589,1789813553.974543,4711.3,126.48,738.79,4.22,103.98,0.0739,20.19,14.06,20.93,75.0,1500.0,15.2,healthy,0.0
fault_misfire_2,1590,1789813554.974543,4721.5,126.48,733.39,4.34,103.89,0.0733,20.1,14.07,21.0,75.0,1500.0,15.2,healthy,0.0
fault_misfire_2,1591,1789813555.974543,4710.6,126.21,730.99,4.35,103.98,0.0809,20.24,14.16,21.29,75.0,1500.0,15.2,healthy,0.0
fault_misfire_2,1592,1789813556.974543,4709.6,126.58,730.48,4.37,103.89,0.0821,20.37,14.1,21.31,75.0,1500.0,15.2,healthy,0.0
fault_misfire_2,1593,1789813557.974543,4694.0,126.51,739.28,4.29,103.93,0.0822,20.25,14.13,21.22,75.0,1500.0,15.2,healthy,0.0
fault_misfire_2,1594,1789813558.974543,4681.3,126.5,737.95,4.32,103.96,0.0793,20.37,14.2,21.26,75.0,1500.0,15.2,healthy,0.0
fault_misfire_2,1595,1789813559.974543,4667.5,126.28,740.07,4.32,103.94,0.0736,20.43,14.26,21.51,75.0,1500.0,15.2,healthy,0.0
fault_misfire_2,1596,1789813560.974543,4654.9,126.32,744.92,4.3,103.83,0.0776,20.51,14.31,21.39,75.0,1500.0,15.2,healthy,0.0
fault_misfire_2,1597,1789813561.974543,4657.8,126.13,738.53,4.35,103.99,0.0812,20.34,14.23,21.45,75.0,1500.0,15.2,healthy,0.0
fault_misfire_2,1598,1789813562.974543,4666.7,126.26,734.09,4.41,103.84,0.0789,20.25,14.15,21.32,75.0,1500.0,15.2,healthy,0.0
fault_misfire_2,1599,1789813563.974543,4653.8,126.15,736.58,4.36,103.84,0.0798,20.42,14.19,21.26,75.0,1500.0,15.2,healthy,0.0
fault_misfire_2,1600,1789813564.974543,4666.1,126.05,740.48,4.34,103.95,0.079,20.41,14.29,20.99,75.0,1500.0,15.2,healthy,0.0
fault_misfire_2,1601,1789813565.974543,4654.1,126.21,740.56,4.33,103.9,0.0761,20.4,14.32,20.89,75.0,1500.0,15.2,healthy,0.0
fault_misfire_2,1602,1789813566.974543,4668.2,126.46,743.51,4.28,103.87,0.0611,20.26,14.34,21.13,75.0,1500.0,15.2,healthy,0.0
fault_misfire_2,1603,1789813567.974543,4654.7,126.43,739.0,4.3,103.83,0.0676,20.34,14.31,21.24,75.0,1500.0,15.2,healthy,0.0
fault_misfire_2,1604,1789813568.974543,4650.7,125.96,740.61,4.33,103.53,0.0693,20.38,14.3,21.31,75.0,1500.0,15.2,healthy,0.0
fault_misfire_2,1605,1789813569.974543,4658.0,126.03,741.66,4.34,103.55,0.0684,20.39,14.38,21.18,75.0,1500.0,15.2,healthy,0.0
fault_misfire_2,1606,1789813570.974543,4666.8,126.16,740.88,4.33,103.47,0.073,20.29,14.41,21.28,75.0,1500.0,15.2,healthy,0.0
fault_misfire_2,1607,1789813571.974543,4669.9,126.14,739.01,4.37,103.63,0.0592,20.32,14.38,21.55,75.0,1500.0,15.2,healthy,0.0
fault_misfire_2,1608,1789813572.974543,4666.3,126.28,736.63,4.36,103.7,0.0606,20.18,14.38,21.55,75.0,1500.0,15.2,healthy,0.0
fault_misfire_2,1609,1789813573.974543,4668.3,126.57,734.44,4.33,103.71,0.0656,20.17,14.31,21.27,75.0,1500.0,15.2,healthy,0.0
fault_misfire_2,1610,1789813574.974543,4660.3,126.49,733.3,4.33,103.88,0.071,20.18,14.3,21.41,75.0,1500.0,15.2,healthy,0.0
fault_misfire_2,1611,1789813575.974543,4672.8,126.36,735.3,4.29,103.84,0.061,20.11,14.17,21.49,75.0,1500.0,15.2,healthy,0.0
fault_misfire_2,1612,1789813576.974543,4696.5,126.16,737.85,4.33,104.01,0.0607,20.21,14.03,21.43,75.0,1500.0,15.2,healthy,0.0
fault_misfire_2,1613,1789813577.974543,4695.4,125.93,742.46,4.39,103.95,0.0637,20.15,14.03,21.31,75.0,1500.0,15.2,healthy,0.0
fault_misfire_2,1614,1789813578.974543,4697.6,125.7,744.55,4.42,103.85,0.0713,20.03,14.06,21.54,75.0,1500.0,15.2,healthy,0.0
fault_misfire_2,1615,1789813579.974543,4694.8,126.01,742.01,4.45,104.01,0.0743,20.03,14.05,21.04,75.0,1500.0,15.2,healthy,0.0
fault_misfire_2,1616,1789813580.974543,4696.8,126.06,748.26,4.44,103.87,0.0676,19.99,14.13,21.25,75.0,1500.0,15.2,healthy,0.0
fault_misfire_2,1617,1789813581.974543,4688.5,125.82,747.28,4.39,103.91,0.0706,20.05,14.26,21.71,75.0,1500.0,15.2,healthy,0.0
fault_misfire_2,1618,1789813582.974543,4680.6,126.13,743.71,4.47,103.83,0.0693,20.02,14.21,21.1,75.0,1500.0,15.2,healthy,0.0
fault_misfire_2,1619,1789813583.974543,4668.3,126.0,736.68,4.39,103.79,0.0711,20.16,14.21,21.04,75.0,1500.0,15.2,healthy,0.0
fault_misfire_2,1620,1789813584.974543,4647.3,126.03,733.46,4.3,103.73,0.0692,20.12,14.13,21.34,75.0,1500.0,15.2,healthy,0.0
fault_misfire_2,1621,1789813585.974543,4651.1,126.31,738.87,4.26,103.92,0.0812,20.22,14.17,21.11,75.0,1500.0,15.2,healthy,0.0
fault_misfire_2,1622,1789813586.974543,4659.0,125.95,742.23,4.29,103.92,0.0804,20.18,14.17,21.2,75.0,1500.0,15.2,healthy,0.0
fault_misfire_2,1623,1789813587.974543,4669.2,125.9,743.28,4.25,103.84,0.0878,20.3,14.16,21.13,75.0,1500.0,15.2,healthy,0.0
fault_misfire_2,1624,1789813588.974543,4674.3,125.35,748.24,4.27,103.89,0.0864,20.32,14.11,21.24,75.0,1500.0,15.2,healthy,0.0
fault_misfire_2,1625,1789813589.974543,4655.1,125.4,745.94,4.22,103.91,0.079,20.3,14.19,21.48,75.0,1500.0,15.2,healthy,0.0
fault_misfire_2,1626,1789813590.974543,4662.2,125.49,747.52,4.23,103.91,0.0727,20.29,14.2,21.34,75.0,1500.0,15.2,healthy,0.0
fault_misfire_2,1627,1789813591.974543,4681.2,125.49,748.19,4.26,103.88,0.062,20.13,14.24,21.44,75.0,1500.0,15.2,healthy,0.0
fault_misfire_2,1628,1789813592.974543,4698.7,125.76,750.42,4.21,103.99,0.0677,20.11,14.22,21.59,75.0,1500.0,15.2,healthy,0.0
fault_misfire_2,1629,1789813593.974543,4696.1,125.78,752.22,4.24,104.04,0.0616,20.22,14.18,21.67,75.0,1500.0,15.2,healthy,0.0
fault_misfire_2,1630,1789813594.974543,4696.0,125.91,750.73,4.36,103.83,0.0567,20.16,14.15,21.52,75.0,1500.0,15.2,healthy,0.0
fault_misfire_2,1631,1789813595.974543,4681.6,125.94,749.58,4.27,103.84,0.0655,20.13,14.16,21.1,75.0,1500.0,15.2,healthy,0.0
fault_misfire_2,1632,1789813596.974543,4674.7,126.02,743.8,4.23,103.95,0.0752,20.21,14.2,21.19,75.0,1500.0,15.2,healthy,0.0
fault_misfire_2,1633,1789813597.974543,4647.6,126.01,740.97,4.13,103.83,0.0762,20.35,14.22,21.16,75.0,1500.0,15.2,healthy,0.0
fault_misfire_2,1634,1789813598.974543,4654.7,125.86,740.25,4.23,103.86,0.0801,20.33,14.22,21.12,75.0,1500.0,15.2,healthy,0.0
fault_misfire_2,1635,1789813599.974543,4649.2,125.63,741.64,4.25,103.86,0.0719,20.39,14.24,21.33,75.0,1500.0,15.2,healthy,0.0
fault_misfire_2,1636,1789813600.974543,4666.5,125.55,740.14,4.23,103.92,0.0696,20.29,14.19,21.42,75.0,1500.0,15.2,healthy,0.0
fault_misfire_2,1637,1789813601.974543,4670.3,125.54,741.59,4.22,104.03,0.0732,20.35,14.2,21.69,75.0,1500.0,15.2,healthy,0.0
fault_misfire_2,1638,1789813602.974543,4671.0,125.76,742.61,4.25,103.94,0.0721,20.43,14.19,21.49,75.0,1500.0,15.2,healthy,0.0
fault_misfire_2,1639,1789813603.974543,4669.8,125.81,744.64,4.19,103.82,0.0738,20.39,14.19,21.88,75.0,1500.0,15.2,healthy,0.0
fault_misfire_2,1640,1789813604.974543,4679.4,125.55,745.51,4.23,103.72,0.0742,20.31,14.18,21.49,75.0,1500.0,15.2,healthy,0.0
fault_misfire_2,1641,1789813605.974543,4704.3,125.77,750.69,4.35,103.91,0.0707,20.18,14.29,21.45,75.0,1500.0,15.2,healthy,0.0
fault_misfire_2,1642,1789813606.974543,4705.0,125.66,747.63,4.44,103.9,0.0673,19.96,14.18,20.95,75.0,1500.0,15.2,healthy,0.0
fault_misfire_2,1643,1789813607.974543,4678.5,125.59,743.41,4.33,103.89,0.0658,20.11,14.15,21.12,75.0,1500.0,15.2,healthy,0.0
fault_misfire_2,1644,1789813608.974543,4691.0,125.4,738.51,4.36,103.81,0.07,20.25,14.2,21.21,75.0,1500.0,15.2,healthy,0.0
fault_misfire_2,1645,1789813609.974543,4702.6,125.87,735.98,4.32,103.68,0.0737,20.17,14.21,21.31,75.0,1500.0,15.2,healthy,0.0
fault_misfire_2,1646,1789813610.974543,4708.8,125.99,735.78,4.42,103.84,0.0735,20.3,14.21,21.08,75.0,1500.0,15.2,healthy,0.0
fault_misfire_2,1647,1789813611.974543,4729.1,126.08,732.53,4.37,103.82,0.0758,20.28,14.11,20.97,75.0,1500.0,15.2,healthy,0.0
fault_misfire_2,1648,1789813612.974543,4717.9,125.73,735.57,4.33,103.7,0.0765,20.11,14.08,20.96,75.0,1500.0,15.2,healthy,0.0
fault_misfire_2,1649,1789813613.974543,4710.8,125.86,737.17,4.22,103.54,0.0672,20.22,14.03,21.09,75.0,1500.0,15.2,healthy,0.0
fault_misfire_2,1650,1789813614.974543,4684.3,126.01,738.56,4.32,103.53,0.0594,20.15,13.94,21.27,75.0,1500.0,15.2,healthy,0.0
fault_misfire_2,1651,1789813615.974543,4694.5,126.42,738.41,4.35,103.5,0.0653,20.25,13.95,21.48,75.0,1500.0,15.2,healthy,0.0
fault_misfire_2,1652,1789813616.974543,4665.3,126.6,740.0,4.32,103.48,0.0724,20.35,13.93,21.34,75.0,1500.0,15.2,healthy,0.0
fault_misfire_2,1653,1789813617.974543,4668.9,126.7,740.89,4.33,103.62,0.0742,20.53,13.87,21.21,75.0,1500.0,15.2,healthy,0.0
fault_misfire_2,1654,1789813618.974543,4696.4,126.53,741.27,4.4,103.7,0.0762,20.46,13.88,20.9,75.0,1500.0,15.2,healthy,0.0
fault_misfire_2,1655,1789813619.974543,4712.0,126.45,748.93,4.28,103.47,0.0743,20.66,13.87,20.85,75.0,1500.0,15.2,healthy,0.0
fault_misfire_2,1656,1789813620.974543,4724.6,126.24,749.24,4.13,103.7,0.0777,20.66,13.95,21.15,75.0,1500.0,15.2,healthy,0.0
fault_misfire_2,1657,1789813621.974543,4734.4,126.13,748.24,4.21,103.6,0.0772,20.67,14.06,21.39,75.0,1500.0,15.2,healthy,0.0
fault_misfire_2,1658,1789813622.974543,4729.8,126.2,740.5,4.28,103.74,0.0733,20.56,13.99,21.44,75.0,1500.0,15.2,healthy,0.0
fault_misfire_2,1659,1789813623.974543,4733.3,126.48,744.79,4.35,103.79,0.0815,20.5,13.93,21.57,75.0,1500.0,15.2,healthy,0.0
fault_misfire_2,1660,1789813624.974543,4713.0,126.48,739.63,4.3,103.77,0.0772,20.32,13.96,21.29,75.0,1500.0,15.2,healthy,0.0
fault_misfire_2,1661,1789813625.974543,4682.3,126.51,736.65,4.28,103.59,0.0758,20.38,13.99,21.24,75.0,1500.0,15.2,healthy,0.0
fault_misfire_2,1662,1789813626.974543,4678.0,126.13,739.96,4.34,103.57,0.0738,20.42,14.01,21.26,75.0,1500.0,15.2,healthy,0.0
fault_misfire_2,1663,1789813627.974543,4661.4,126.09,737.5,4.34,103.49,0.0706,20.24,14.07,21.26,75.0,1500.0,15.2,healthy,0.0
fault_misfire_2,1664,1789813628.974543,4647.7,126.11,734.67,4.4,103.41,0.0754,20.13,14.06,21.35,75.0,1500.0,15.2,healthy,0.0
fault_misfire_2,1665,1789813629.974543,4656.2,126.38,738.82,4.44,103.29,0.0668,20.31,14.16,21.27,75.0,1500.0,15.2,healthy,0.0
fault_misfire_2,1666,1789813630.974543,4688.3,126.68,739.58,4.35,103.31,0.0604,20.3,14.12,21.33,75.0,1500.0,15.2,healthy,0.0
fault_misfire_2,1667,1789813631.974543,4703.0,127.02,741.1,4.39,103.33,0.0661,20.35,14.1,21.2,75.0,1500.0,15.2,healthy,0.0
fault_misfire_2,1668,1789813632.974543,4692.4,126.36,745.92,4.38,103.43,0.0734,20.32,14.16,21.13,75.0,1500.0,15.2,healthy,0.0
fault_misfire_2,1669,1789813633.974543,4679.4,126.45,742.19,4.38,103.45,0.0808,20.36,14.19,21.41,75.0,1500.0,15.2,healthy,0.0
fault_misfire_2,1670,1789813634.974543,4692.3,126.16,743.34,4.23,103.38,0.0768,20.22,14.27,21.5,75.0,1500.0,15.2,healthy,0.0
fault_misfire_2,1671,1789813635.974543,4695.1,125.9,744.38,4.2,103.45,0.0748,20.19,14.32,21.3,75.0,1500.0,15.2,healthy,0.0
fault_misfire_2,1672,1789813636.974543,4661.7,125.83,740.77,4.34,103.44,0.0759,20.17,14.3,21.3,75.0,1500.0,15.2,healthy,0.0
fault_misfire_2,1673,1789813637.974543,4663.1,125.92,738.91,4.35,103.46,0.0722,20.03,14.29,21.2,75.0,1500.0,15.2,healthy,0.0
fault_misfire_2,1674,1789813638.974543,4688.8,126.3,744.43,4.27,103.46,0.0737,20.08,14.29,21.27,75.0,1500.0,15.2,healthy,0.0
fault_misfire_2,1675,1789813639.974543,4697.0,126.11,739.05,4.33,103.46,0.0726,20.12,14.25,21.17,75.0,1500.0,15.2,healthy,0.0
fault_misfire_2,1676,1789813640.974543,4681.3,126.14,738.75,4.34,103.34,0.0775,20.1,14.26,21.09,75.0,1500.0,15.2,healthy,0.0
fault_misfire_2,1677,1789813641.974543,4686.3,126.6,737.23,4.34,103.39,0.0748,19.94,14.34,21.15,75.0,1500.0,15.2,healthy,0.0
fault_misfire_2,1678,1789813642.974543,4682.3,126.15,733.52,4.29,103.4,0.0686,19.92,14.4,21.09,75.0,1500.0,15.2,healthy,0.0
fault_misfire_2,1679,1789813643.974543,4655.9,125.84,729.75,4.33,103.45,0.0748,19.87,14.34,21.04,75.0,1500.0,15.2,healthy,0.0
fault_misfire_2,1680,1789813644.974543,4672.9,125.56,728.27,4.31,103.52,0.082,20.05,14.35,21.33,75.0,1500.0,15.2,healthy,0.0
fault_misfire_2,1681,1789813645.974543,4670.6,125.83,727.13,4.29,103.53,0.0824,20.23,14.35,21.23,75.0,1500.0,15.2,healthy,0.0
fault_misfire_2,1682,1789813646.974543,4662.1,125.71,733.7,4.41,103.65,0.0888,20.28,14.34,21.47,75.0,1500.0,15.2,healthy,0.0
fault_misfire_2,1683,1789813647.974543,4668.5,125.62,737.43,4.41,103.48,0.0913,20.21,14.33,21.3,75.0,1500.0,15.2,healthy,0.0
fault_misfire_2,1684,1789813648.974543,4686.1,125.97,743.2,4.43,103.46,0.0896,20.07,14.37,21.21,75.0,1500.0,15.2,healthy,0.0
fault_misfire_2,1685,1789813649.974543,4694.3,125.9,743.52,4.46,103.34,0.08,19.94,14.39,21.15,75.0,1500.0,15.2,healthy,0.0
fault_misfire_2,1686,1789813650.974543,4697.2,126.45,746.36,4.42,103.35,0.0791,20.09,14.42,20.91,75.0,1500.0,15.2,healthy,0.0
fault_misfire_2,1687,1789813651.974543,4690.1,126.51,751.2,4.38,103.5,0.0768,20.22,14.39,21.6,75.0,1500.0,15.2,healthy,0.0
fault_misfire_2,1688,1789813652.974543,4695.7,126.27,751.9,4.39,103.6,0.0664,20.28,14.38,21.33,75.0,1500.0,15.2,healthy,0.0
fault_misfire_2,1689,1789813653.974543,4674.2,126.34,748.61,4.31,103.55,0.0765,20.35,14.25,21.27,75.0,1500.0,15.2,healthy,0.0
fault_misfire_2,1690,1789813654.974543,4687.2,126.42,750.69,4.28,103.59,0.0835,20.37,14.25,21.02,75.0,1500.0,15.2,healthy,0.0
fault_misfire_2,1691,1789813655.974543,4673.6,126.6,749.32,4.32,103.71,0.0772,20.5,14.18,20.87,75.0,1500.0,15.2,healthy,0.0
fault_misfire_2,1692,1789813656.974543,4687.1,126.85,749.2,4.24,103.5,0.0726,20.52,14.12,21.2,75.0,1500.0,15.2,healthy,0.0
fault_misfire_2,1693,1789813657.974543,4659.7,126.61,743.76,4.31,103.46,0.072,20.49,14.07,21.44,75.0,1500.0,15.2,healthy,0.0
fault_misfire_2,1694,1789813658.974543,4668.9,126.69,739.68,4.38,103.48,0.069,20.47,14.12,21.7,75.0,1500.0,15.2,healthy,0.0
fault_misfire_2,1695,1789813659.974543,4689.8,126.76,743.8,4.38,103.46,0.0658,20.57,14.08,21.7,75.0,1500.0,15.2,healthy,0.0
fault_misfire_2,1696,1789813660.974543,4722.9,126.48,742.72,4.39,103.39,0.0631,20.42,14.07,21.34,75.0,1500.0,15.2,healthy,0.0
fault_misfire_2,1697,1789813661.974543,4746.7,126.77,739.25,4.36,103.33,0.071,20.54,14.06,21.3,75.0,1500.0,15.2,healthy,0.0
fault_misfire_2,1698,1789813662.974543,4726.7,126.69,742.89,4.38,103.27,0.076,20.39,14.1,21.34,75.0,1500.0,15.2,healthy,0.0
fault_misfire_2,1699,1789813663.974543,4726.4,126.18,737.71,4.44,103.09,0.0816,20.4,14.08,21.31,75.0,1500.0,15.2,healthy,0.0
fault_misfire_2,1700,1789813664.974543,4737.2,126.26,739.22,4.42,103.16,0.0678,20.28,14.06,21.07,75.0,1500.0,15.2,healthy,0.0
fault_misfire_2,1701,1789813665.974543,4707.7,126.34,740.44,4.36,103.17,0.0685,20.2,14.06,21.0,75.0,1500.0,15.2,healthy,0.0
fault_misfire_2,1702,1789813666.974543,4694.9,126.33,741.8,4.35,103.1,0.0706,20.27,14.07,20.97,75.0,1500.0,15.2,healthy,0.0
fault_misfire_2,1703,1789813667.974543,4679.4,126.66,739.42,4.25,103.13,0.0749,20.15,14.05,21.27,75.0,1500.0,15.2,healthy,0.0
fault_misfire_2,1704,1789813668.974543,4688.2,126.59,742.21,4.37,103.07,0.0763,20.12,14.1,21.35,75.0,1500.0,15.2,healthy,0.0
fault_misfire_2,1705,1789813669.974543,4694.9,126.59,742.67,4.36,103.19,0.077,20.06,14.13,21.32,75.0,1500.0,15.2,healthy,0.0
fault_misfire_2,1706,1789813670.974543,4686.7,126.59,739.58,4.35,103.33,0.072,19.83,14.19,21.19,75.0,1500.0,15.2,healthy,0.0
fault_misfire_2,1707,1789813671.974543,4682.1,126.47,738.77,4.36,103.3,0.0694,20.14,14.12,21.13,75.0,1500.0,15.2,healthy,0.0
fault_misfire_2,1708,1789813672.974543,4700.9,126.13,732.78,4.36,103.45,0.0702,20.01,14.1,21.21,75.0,1500.0,15.2,healthy,0.0
fault_misfire_2,1709,1789813673.974543,4705.3,126.2,741.37,4.33,103.48,0.0654,20.09,14.07,21.19,75.0,1500.0,15.2,healthy,0.0
fault_misfire_2,1710,1789813674.974543,4701.1,126.28,743.62,4.36,103.52,0.0698,20.15,14.05,21.47,75.0,1500.0,15.2,healthy,0.0
fault_misfire_2,1711,1789813675.974543,4693.0,126.41,739.83,4.42,103.68,0.0668,20.12,14.05,21.45,75.0,1500.0,15.2,healthy,0.0
fault_misfire_2,1712,1789813676.974543,4706.6,126.39,739.46,4.4,103.78,0.0769,19.94,14.0,21.34,75.0,1500.0,15.2,healthy,0.0
fault_misfire_2,1713,1789813677.974543,4717.0,126.4,737.9,4.48,103.84,0.0818,19.95,14.02,21.47,75.0,1500.0,15.2,healthy,0.0
fault_misfire_2,1714,1789813678.974543,4725.8,126.57,737.45,4.41,103.72,0.0805,20.07,14.09,21.29,75.0,1500.0,15.2,healthy,0.0
fault_misfire_2,1715,1789813679.974543,4708.2,126.53,740.58,4.42,103.71,0.0834,20.35,13.99,21.1,75.0,1500.0,15.2,healthy,0.0
fault_misfire_2,1716,1789813680.974543,4699.5,126.13,747.2,4.48,103.78,0.0741,20.29,14.02,20.99,75.0,1500.0,15.2,healthy,0.0
fault_misfire_2,1717,1789813681.974543,4701.7,126.24,749.29,4.49,103.77,0.0798,20.36,14.05,20.97,75.0,1500.0,15.2,healthy,0.0
fault_misfire_2,1718,1789813682.974543,4701.1,126.44,748.53,4.41,103.77,0.0825,20.37,14.0,20.94,75.0,1500.0,15.2,healthy,0.0
fault_misfire_2,1719,1789813683.974543,4704.4,126.37,751.63,4.38,103.82,0.0758,20.36,14.03,21.42,75.0,1500.0,15.2,healthy,0.0
fault_misfire_2,1720,1789813684.974543,4713.6,126.19,752.09,4.38,103.67,0.0779,20.3,14.09,21.53,75.0,1500.0,15.2,healthy,0.0
fault_misfire_2,1721,1789813685.974543,4702.5,125.85,752.06,4.33,103.6,0.0818,20.31,14.13,21.47,75.0,1500.0,15.2,healthy,0.0
fault_misfire_2,1722,1789813686.974543,4697.5,125.77,749.75,4.37,103.59,0.0784,20.39,14.07,21.27,75.0,1500.0,15.2,healthy,0.0
fault_misfire_2,1723,1789813687.974543,4672.0,125.75,744.13,4.38,103.52,0.0659,20.51,14.02,21.47,75.0,1500.0,15.2,healthy,0.0
fault_misfire_2,1724,1789813688.974543,4665.0,125.73,740.07,4.35,103.57,0.0646,20.47,13.98,21.48,75.0,1500.0,15.2,healthy,0.0
fault_misfire_2,1725,1789813689.974543,4649.9,125.63,741.25,4.36,103.47,0.0589,20.39,14.06,20.93,75.0,1500.0,15.2,healthy,0.0
fault_misfire_2,1726,1789813690.974543,4683.0,125.83,741.71,4.37,103.47,0.0753,20.3,14.05,20.79,75.0,1500.0,15.2,healthy,0.0
fault_misfire_2,1727,1789813691.974543,4646.8,125.85,737.69,4.38,103.55,0.0715,20.44,13.95,21.15,75.0,1500.0,15.2,healthy,0.0
fault_misfire_2,1728,1789813692.974543,4671.6,125.83,739.66,4.36,103.48,0.0716,20.38,14.02,20.7,75.0,1500.0,15.2,healthy,0.0
fault_misfire_2,1729,1789813693.974543,4694.0,125.97,738.08,4.34,103.64,0.0746,20.64,14.03,20.92,75.0,1500.0,15.2,healthy,0.0
fault_misfire_2,1730,1789813694.974543,4712.3,125.86,737.08,4.42,103.71,0.0727,20.57,14.04,20.94,75.0,1500.0,15.2,healthy,0.0
fault_misfire_2,1731,1789813695.974543,4735.6,126.03,735.09,4.43,103.85,0.075,20.59,14.08,21.35,75.0,1500.0,15.2,healthy,0.0
fault_misfire_2,1732,1789813696.974543,4743.5,126.22,743.79,4.41,103.78,0.0731,20.47,14.06,21.1,75.0,1500.0,15.2,healthy,0.0
fault_misfire_2,1733,1789813697.974543,4730.9,126.08,745.23,4.45,103.74,0.0767,20.37,14.01,20.98,75.0,1500.0,15.2,healthy,0.0
fault_misfire_2,1734,1789813698.974543,4724.2,126.19,738.32,4.5,103.97,0.0651,20.43,14.05,21.06,75.0,1500.0,15.2,healthy,0.0
fault_misfire_2,1735,1789813699.974543,4726.9,126.2,739.33,4.47,104.06,0.0705,20.4,14.0,21.39,75.0,1500.0,15.2,healthy,0.0
fault_misfire_2,1736,1789813700.974543,4716.1,126.26,732.55,4.42,104.04,0.066,20.34,14.03,21.13,75.0,1500.0,15.2,healthy,0.0
fault_misfire_2,1737,1789813701.974543,4704.1,126.54,736.94,4.42,103.97,0.0743,20.44,14.03,21.18,75.0,1500.0,15.2,healthy,0.0
fault_misfire_2,1738,1789813702.974543,4706.9,126.52,733.52,4.42,103.93,0.0753,20.36,13.96,21.23,75.0,1500.0,15.2,healthy,0.0
fault_misfire_2,1739,1789813703.974543,4688.8,126.29,736.39,4.4,103.94,0.0713,20.22,14.0,21.08,75.0,1500.0,15.2,healthy,0.0
fault_misfire_2,1740,1789813704.974543,4688.0,126.2,739.63,4.41,103.91,0.0721,20.2,14.1,21.11,75.0,1500.0,15.2,healthy,0.0
fault_misfire_2,1741,1789813705.974543,4695.5,126.19,739.72,4.37,104.07,0.069,20.18,14.02,21.36,75.0,1500.0,15.2,healthy,0.0
fault_misfire_2,1742,1789813706.974543,4695.2,126.03,738.52,4.36,104.06,0.0736,20.19,14.07,21.46,75.0,1500.0,15.2,healthy,0.0
fault_misfire_2,1743,1789813707.974543,4680.8,125.94,741.84,4.37,104.22,0.0749,20.23,14.1,21.63,75.0,1500.0,15.2,healthy,0.0
fault_misfire_2,1744,1789813708.974543,4689.5,125.71,737.63,4.47,104.06,0.0701,20.15,14.23,21.62,75.0,1500.0,15.2,healthy,0.0
fault_misfire_2,1745,1789813709.974543,4680.1,126.06,735.45,4.48,103.98,0.07,20.23,14.21,21.62,75.0,1500.0,15.2,healthy,0.0
fault_misfire_2,1746,1789813710.974543,4667.3,125.9,734.12,4.44,103.89,0.0722,20.21,14.1,21.48,75.0,1500.0,15.2,healthy,0.0
fault_misfire_2,1747,1789813711.974543,4677.1,126.03,739.68,4.44,103.86,0.0765,20.17,14.18,21.48,75.0,1500.0,15.2,healthy,0.0
fault_misfire_2,1748,1789813712.974543,4677.4,125.91,736.67,4.45,103.93,0.0742,20.17,14.19,21.38,75.0,1500.0,15.2,healthy,0.0
fault_misfire_2,1749,1789813713.974543,4692.4,125.91,736.43,4.38,103.76,0.0728,20.22,14.23,21.08,75.0,1500.0,15.2,healthy,0.0
fault_misfire_2,1750,1789813714.974543,4701.0,126.35,738.95,4.33,103.98,0.0665,20.37,14.15,21.05,75.0,1500.0,15.2,healthy,0.0
fault_misfire_2,1751,1789813715.974543,4693.4,126.06,738.47,4.33,103.96,0.0759,20.26,14.17,21.05,75.0,1500.0,15.2,healthy,0.0
fault_misfire_2,1752,1789813716.974543,4676.3,126.04,737.64,4.37,104.03,0.0779,20.09,14.24,21.54,75.0,1500.0,15.2,healthy,0.0
fault_misfire_2,1753,1789813717.974543,4676.5,125.88,738.4,4.36,103.87,0.077,20.24,14.23,21.04,75.0,1500.0,15.2,healthy,0.0
fault_misfire_2,1754,1789813718.974543,4694.8,126.45,740.39,4.43,103.75,0.0752,20.25,14.22,20.96,75.0,1500.0,15.2,healthy,0.0
fault_misfire_2,1755,1789813719.974543,4691.7,126.3,738.08,4.44,103.82,0.0722,20.24,14.33,20.84,75.0,1500.0,15.2,healthy,0.0
fault_misfire_2,1756,1789813720.974543,4691.0,126.56,740.71,4.42,103.61,0.0669,20.26,14.35,21.12,75.0,1500.0,15.2,healthy,0.0
fault_misfire_2,1757,1789813721.974543,4709.1,126.5,740.78,4.35,103.55,0.0776,20.31,14.34,20.92,75.0,1500.0,15.2,healthy,0.0
fault_misfire_2,1758,1789813722.974543,4687.8,126.66,743.79,4.22,103.57,0.0689,20.2,14.26,21.08,75.0,1500.0,15.2,healthy,0.0
fault_misfire_2,1759,1789813723.974543,4675.7,126.62,743.11,4.21,103.79,0.0665,20.14,14.29,21.17,75.0,1500.0,15.2,healthy,0.0
fault_misfire_2,1760,1789813724.974543,4695.7,126.28,740.28,4.2,103.76,0.0725,20.23,14.29,21.31,75.0,1500.0,15.2,healthy,0.0
fault_misfire_2,1761,1789813725.974543,4708.9,126.34,737.39,4.21,103.82,0.0711,20.27,14.29,21.21,75.0,1500.0,15.2,healthy,0.0
fault_misfire_2,1762,1789813726.974543,4674.7,126.48,736.78,4.3,103.94,0.0624,20.34,14.22,21.15,75.0,1500.0,15.2,healthy,0.0
fault_misfire_2,1763,1789813727.974543,4673.1,126.2,738.3,4.33,104.02,0.0705,20.38,14.2,21.26,75.0,1500.0,15.2,healthy,0.0
fault_misfire_2,1764,1789813728.974543,4687.3,126.45,737.9,4.26,104.22,0.0772,20.29,14.31,21.01,75.0,1500.0,15.2,healthy,0.0
fault_misfire_2,1765,1789813729.974543,4711.5,126.73,742.35,4.28,104.29,0.0735,20.32,14.27,21.45,75.0,1500.0,15.2,healthy,0.0
fault_misfire_2,1766,1789813730.974543,4703.9,126.62,740.85,4.35,104.4,0.0735,20.21,14.36,21.32,75.0,1500.0,15.2,healthy,0.0
fault_misfire_2,1767,1789813731.974543,4721.5,126.64,738.03,4.39,104.39,0.0807,20.22,14.27,20.88,75.0,1500.0,15.2,healthy,0.0
fault_misfire_2,1768,1789813732.974543,4707.6,126.78,736.61,4.39,104.19,0.0742,20.11,14.21,21.21,75.0,1500.0,15.2,healthy,0.0
fault_misfire_2,1769,1789813733.974543,4678.6,126.91,737.24,4.43,104.14,0.0683,20.14,14.21,21.32,75.0,1500.0,15.2,healthy,0.0
fault_misfire_2,1770,1789813734.974543,4685.0,126.76,739.93,4.37,104.09,0.0641,20.03,14.22,21.17,75.0,1500.0,15.2,healthy,0.0
fault_misfire_2,1771,1789813735.974543,4686.2,126.61,743.36,4.32,104.16,0.062,20.04,14.2,21.4,75.0,1500.0,15.2,healthy,0.0
fault_misfire_2,1772,1789813736.974543,4696.1,126.91,736.56,4.29,104.06,0.0652,20.24,14.25,21.18,75.0,1500.0,15.2,healthy,0.0
fault_misfire_2,1773,1789813737.974543,4671.9,127.06,739.96,4.31,103.92,0.0772,20.19,14.34,20.96,75.0,1500.0,15.2,healthy,0.0
fault_misfire_2,1774,1789813738.974543,4686.3,127.13,738.87,4.31,103.87,0.0771,20.26,14.29,20.77,75.0,1500.0,15.2,healthy,0.0
fault_misfire_2,1775,1789813739.974543,4682.2,126.53,732.59,4.42,103.82,0.0774,20.36,14.27,20.66,75.0,1500.0,15.2,healthy,0.0
fault_misfire_2,1776,1789813740.974543,4684.9,126.55,734.98,4.38,103.74,0.0813,20.28,14.23,20.93,75.0,1500.0,15.2,healthy,0.0
fault_misfire_2,1777,1789813741.974543,4659.7,126.81,734.98,4.35,103.83,0.083,20.0,14.24,21.19,75.0,1500.0,15.2,healthy,0.0
fault_misfire_2,1778,1789813742.974543,4688.0,126.71,738.22,4.36,103.77,0.0734,20.07,14.19,21.08,75.0,1500.0,15.2,healthy,0.0
fault_misfire_2,1779,1789813743.974543,4693.9,126.67,735.79,4.34,103.93,0.0693,20.03,14.2,21.28,75.0,1500.0,15.2,healthy,0.0
fault_misfire_2,1780,1789813744.974543,4693.3,126.74,737.36,4.32,103.81,0.0702,20.12,14.16,21.39,75.0,1500.0,15.2,healthy,0.0
fault_misfire_2,1781,1789813745.974543,4699.1,126.62,738.29,4.32,103.95,0.0644,20.16,14.19,20.84,75.0,1500.0,15.2,healthy,0.0
fault_misfire_2,1782,1789813746.974543,4683.2,126.25,737.72,4.35,103.98,0.0706,20.34,14.13,21.1,75.0,1500.0,15.2,healthy,0.0
fault_misfire_2,1783,1789813747.974543,4689.9,126.22,737.81,4.28,103.94,0.0707,20.21,14.14,21.34,75.0,1500.0,15.2,healthy,0.0
fault_misfire_2,1784,1789813748.974543,4688.9,126.03,741.87,4.32,103.78,0.0738,20.25,14.13,21.26,75.0,1500.0,15.2,healthy,0.0
fault_misfire_2,1785,1789813749.974543,4683.4,125.73,743.38,4.31,103.75,0.0739,20.27,14.12,21.14,75.0,1500.0,15.2,healthy,0.0
fault_misfire_2,1786,1789813750.974543,4689.7,125.5,736.63,4.32,103.84,0.0768,20.34,14.05,21.54,75.0,1500.0,15.2,healthy,0.0
fault_misfire_2,1787,1789813751.974543,4699.6,125.66,740.25,4.37,103.77,0.0674,20.21,14.07,21.37,75.0,1500.0,15.2,healthy,0.0
fault_misfire_2,1788,1789813752.974543,4712.4,125.47,738.95,4.37,103.81,0.0647,20.09,14.11,21.06,75.0,1500.0,15.2,healthy,0.0
fault_misfire_2,1789,1789813753.974543,4732.4,125.51,739.75,4.38,103.95,0.0712,20.25,14.14,21.26,75.0,1500.0,15.2,healthy,0.0
fault_misfire_2,1790,1789813754.974543,4708.3,125.49,739.17,4.46,104.02,0.0695,20.07,14.11,21.22,75.0,1500.0,15.2,healthy,0.0
fault_misfire_2,1791,1789813755.974543,4702.8,125.59,739.65,4.52,104.02,0.0741,19.97,14.15,21.17,75.0,1500.0,15.2,healthy,0.0
fault_misfire_2,1792,1789813756.974543,4716.1,125.66,743.68,4.45,103.87,0.0687,19.91,14.19,21.3,75.0,1500.0,15.2,healthy,0.0
fault_misfire_2,1793,1789813757.974543,4697.8,125.42,742.42,4.45,103.68,0.0816,19.77,14.25,21.22,75.0,1500.0,15.2,healthy,0.0
fault_misfire_2,1794,1789813758.974543,4700.0,125.41,742.88,4.44,103.69,0.0829,20.03,14.27,21.3,75.0,1500.0,15.2,healthy,0.0
fault_misfire_2,1795,1789813759.974543,4683.0,125.44,743.56,4.44,103.72,0.0842,20.3,14.25,21.49,75.0,1500.0,15.2,healthy,0.0
fault_misfire_2,1796,1789813760.974543,4665.9,125.57,743.12,4.35,103.68,0.0784,20.14,14.28,21.51,75.0,1500.0,15.2,healthy,0.0
fault_misfire_2,1797,1789813761.974543,4682.1,125.49,747.28,4.43,103.73,0.068,20.17,14.27,21.61,75.0,1500.0,15.2,healthy,0.0
fault_misfire_2,1798,1789813762.974543,4689.2,125.95,748.31,4.38,103.73,0.0694,20.17,14.23,21.17,75.0,1500.0,15.2,healthy,0.0
fault_misfire_2,1799,1789813763.974543,4695.4,126.31,748.81,4.4,103.67,0.0654,20.34,14.29,21.09,75.0,1500.0,15.2,healthy,0.0
fault_misfire_2,1800,1789813764.974543,4698.9,126.53,747.76,4.46,103.66,0.0653,20.28,14.24,20.9,75.0,1500.0,15.2,healthy,0.0
fault_misfire_2,1801,1789813765.974543,4679.8,126.24,743.24,4.48,103.71,0.0734,20.22,14.21,20.99,75.0,1500.0,15.2,healthy,0.0
fault_misfire_2,1802,1789813766.974543,4661.0,126.51,743.63,4.41,103.84,0.069,20.2,14.27,21.02,75.0,1500.0,15.2,healthy,0.0
fault_misfire_2,1803,1789813767.974543,4679.1,126.51,743.83,4.39,103.8,0.0724,20.1,14.28,21.24,75.0,1500.0,15.2,healthy,0.0
fault_misfire_2,1804,1789813768.974543,4694.0,126.15,743.83,4.46,104.1,0.0714,19.92,14.32,21.43,75.0,1500.0,15.2,healthy,0.0
fault_misfire_2,1805,1789813769.974543,4692.6,126.05,743.23,4.5,104.04,0.0745,20.01,14.39,21.24,75.0,1500.0,15.2,healthy,0.0
fault_misfire_2,1806,1789813770.974543,4706.3,126.04,741.88,4.43,103.9,0.0821,20.03,14.41,21.06,75.0,1500.0,15.2,healthy,0.0
fault_misfire_2,1807,1789813771.974543,4707.2,125.89,740.94,4.3,103.9,0.0848,19.94,14.38,21.15,75.0,1500.0,15.2,healthy,0.0
fault_misfire_2,1808,1789813772.974543,4714.5,126.09,741.19,4.35,103.78,0.0801,19.94,14.38,21.32,75.0,1500.0,15.2,healthy,0.0
fault_misfire_2,1809,1789813773.974543,4720.6,126.34,741.24,4.26,103.92,0.0835,19.72,14.38,21.45,75.0,1500.0,15.2,healthy,0.0
fault_misfire_2,1810,1789813774.974543,4724.6,126.22,739.03,4.19,103.87,0.0692,19.82,14.35,21.36,75.0,1500.0,15.2,healthy,0.0
fault_misfire_2,1811,1789813775.974543,4720.4,126.0,736.96,4.1,103.6,0.0847,19.95,14.33,21.12,75.0,1500.0,15.2,healthy,0.0
fault_misfire_2,1812,1789813776.974543,4719.2,125.71,733.41,4.23,103.64,0.0839,19.98,14.35,21.22,75.0,1500.0,15.2,healthy,0.0
fault_misfire_2,1813,1789813777.974543,4720.1,125.85,738.51,4.26,103.69,0.0813,20.2,14.46,21.54,75.0,1500.0,15.2,healthy,0.0
fault_misfire_2,1814,1789813778.974543,4699.3,125.52,736.78,4.19,103.67,0.0799,20.32,14.45,21.57,75.0,1500.0,15.2,healthy,0.0
fault_misfire_2,1815,1789813779.974543,4693.8,125.66,736.64,4.3,103.85,0.0779,20.41,14.38,21.28,75.0,1500.0,15.2,healthy,0.0
fault_misfire_2,1816,1789813780.974543,4725.3,125.78,740.17,4.19,103.99,0.0773,20.22,14.33,21.19,75.0,1500.0,15.2,healthy,0.0
fault_misfire_2,1817,1789813781.974543,4757.5,125.68,741.66,4.24,104.08,0.0739,20.32,14.32,21.2,75.0,1500.0,15.2,healthy,0.0
fault_misfire_2,1818,1789813782.974543,4755.4,125.9,744.8,4.33,104.1,0.0665,20.45,14.32,21.62,75.0,1500.0,15.2,healthy,0.0
fault_misfire_2,1819,1789813783.974543,4759.9,125.91,747.0,4.36,103.93,0.0597,20.39,14.36,21.54,75.0,1500.0,15.2,healthy,0.0
fault_misfire_2,1820,1789813784.974543,4740.2,126.11,742.47,4.42,104.04,0.0618,20.39,14.26,21.83,75.0,1500.0,15.2,healthy,0.0
fault_misfire_2,1821,1789813785.974543,4739.0,125.97,745.06,4.4,104.07,0.0631,20.44,14.2,22.01,75.0,1500.0,15.2,healthy,0.0
fault_misfire_2,1822,1789813786.974543,4695.2,126.01,745.7,4.42,104.08,0.0681,20.48,14.21,21.52,75.0,1500.0,15.2,healthy,0.0
fault_misfire_2,1823,1789813787.974543,4700.3,126.14,741.67,4.39,103.99,0.0742,20.43,14.31,21.1,75.0,1500.0,15.2,healthy,0.0
fault_misfire_2,1824,1789813788.974543,4710.7,126.21,743.28,4.37,103.98,0.0742,20.37,14.26,20.86,75.0,1500.0,15.2,healthy,0.0
fault_misfire_2,1825,1789813789.974543,4707.8,126.33,740.16,4.39,103.9,0.0661,20.26,14.26,21.43,75.0,1500.0,15.2,healthy,0.0
fault_misfire_2,1826,1789813790.974543,4718.0,126.18,741.27,4.32,104.0,0.0573,20.29,14.31,21.26,75.0,1500.0,15.2,healthy,0.0
fault_misfire_2,1827,1789813791.974543,4734.8,126.1,741.23,4.33,104.15,0.0614,20.23,14.31,21.17,75.0,1500.0,15.2,healthy,0.0
fault_misfire_2,1828,1789813792.974543,4712.6,126.04,741.87,4.29,103.98,0.0685,20.19,14.25,20.9,75.0,1500.0,15.2,healthy,0.0
fault_misfire_2,1829,1789813793.974543,4687.8,125.82,738.56,4.28,104.05,0.0659,20.21,14.15,21.11,75.0,1500.0,15.2,healthy,0.0
fault_misfire_2,1830,1789813794.974543,4706.2,125.69,738.12,4.33,103.99,0.0665,20.22,14.24,21.15,75.0,1500.0,15.2,healthy,0.0
fault_misfire_2,1831,1789813795.974543,4722.0,125.99,744.81,4.39,104.02,0.0619,20.27,14.13,20.89,75.0,1500.0,15.2,healthy,0.0
fault_misfire_2,1832,1789813796.974543,4716.7,126.14,742.75,4.34,103.86,0.0694,20.49,14.12,21.34,75.0,1500.0,15.2,healthy,0.0
fault_misfire_2,1833,1789813797.974543,4714.8,126.31,742.1,4.42,103.83,0.0781,20.35,14.15,21.34,75.0,1500.0,15.2,healthy,0.0
fault_misfire_2,1834,1789813798.974543,4699.4,126.28,742.38,4.41,103.94,0.07,20.33,14.15,21.35,75.0,1500.0,15.2,healthy,0.0
fault_misfire_2,1835,1789813799.974543,4697.7,126.12,744.27,4.36,103.84,0.0752,20.41,14.16,20.91,75.0,1500.0,15.2,healthy,0.0
fault_misfire_2,1836,1789813800.974543,4695.3,126.09,747.61,4.38,103.78,0.0755,20.26,14.11,21.25,75.0,1500.0,15.2,healthy,0.0
fault_misfire_2,1837,1789813801.974543,4667.9,126.08,742.21,4.45,103.78,0.0685,20.36,14.11,21.22,75.0,1500.0,15.2,healthy,0.0
fault_misfire_2,1838,1789813802.974543,4683.0,126.04,742.45,4.39,103.84,0.0707,20.37,14.17,21.32,75.0,1500.0,15.2,healthy,0.0
fault_misfire_2,1839,1789813803.974543,4698.1,125.98,740.39,4.37,103.76,0.0729,20.42,14.16,21.23,75.0,1500.0,15.2,healthy,0.0
fault_misfire_2,1840,1789813804.974543,4707.3,126.03,743.88,4.43,103.69,0.0803,20.44,14.2,20.97,75.0,1500.0,15.2,healthy,0.0
fault_misfire_2,1841,1789813805.974543,4710.8,125.5,742.2,4.42,103.69,0.0791,20.54,14.27,21.15,75.0,1500.0,15.2,healthy,0.0
fault_misfire_2,1842,1789813806.974543,4714.4,125.88,743.59,4.4,103.55,0.0793,20.47,14.21,21.36,75.0,1500.0,15.2,healthy,0.0
fault_misfire_2,1843,1789813807.974543,4717.3,126.07,737.94,4.38,103.52,0.0846,20.24,14.22,21.07,75.0,1500.0,15.2,healthy,0.0
fault_misfire_2,1844,1789813808.974543,4708.5,126.0,736.31,4.44,103.52,0.0795,20.23,14.25,21.31,75.0,1500.0,15.2,healthy,0.0
fault_misfire_2,1845,1789813809.974543,4680.6,125.93,740.86,4.42,103.55,0.0678,20.2,14.26,20.77,75.0,1500.0,15.2,healthy,0.0
fault_misfire_2,1846,1789813810.974543,4678.9,125.88,741.51,4.41,103.68,0.0772,20.12,14.26,21.15,75.0,1500.0,15.2,healthy,0.0
fault_misfire_2,1847,1789813811.974543,4715.3,126.24,750.39,4.37,103.64,0.0764,20.22,14.23,21.18,75.0,1500.0,15.2,healthy,0.0
fault_misfire_2,1848,1789813812.974543,4715.5,126.33,748.63,4.38,103.7,0.07,20.16,14.23,21.25,75.0,1500.0,15.2,healthy,0.0
fault_misfire_2,1849,1789813813.974543,4710.9,126.21,748.08,4.45,103.81,0.0811,20.06,14.24,21.17,75.0,1500.0,15.2,healthy,0.0
fault_misfire_2,1850,1789813814.974543,4709.0,126.12,744.05,4.36,103.95,0.0782,20.09,14.17,21.2,75.0,1500.0,15.2,healthy,0.0
fault_misfire_2,1851,1789813815.974543,4712.4,126.42,744.72,4.36,103.85,0.0751,20.08,14.21,21.32,75.0,1500.0,15.2,healthy,0.0
fault_misfire_2,1852,1789813816.974543,4735.8,126.34,746.67,4.35,103.97,0.0678,20.08,14.17,21.13,75.0,1500.0,15.2,healthy,0.0
fault_misfire_2,1853,1789813817.974543,4743.0,126.34,744.34,4.35,103.97,0.0722,20.2,14.15,20.98,75.0,1500.0,15.2,healthy,0.0
fault_misfire_2,1854,1789813818.974543,4734.2,126.09,741.66,4.39,104.11,0.0675,20.22,14.24,21.06,75.0,1500.0,15.2,healthy,0.0
fault_misfire_2,1855,1789813819.974543,4729.7,126.03,740.3,4.34,104.14,0.0641,20.26,14.29,21.27,75.0,1500.0,15.2,healthy,0.0
fault_misfire_2,1856,1789813820.974543,4720.4,126.12,742.19,4.31,104.08,0.0689,20.12,14.29,21.74,75.0,1500.0,15.2,healthy,0.0
fault_misfire_2,1857,1789813821.974543,4699.0,126.22,740.19,4.29,104.12,0.0694,20.08,14.23,21.85,75.0,1500.0,15.2,healthy,0.0
fault_misfire_2,1858,1789813822.974543,4709.9,126.24,744.45,4.26,104.03,0.0712,20.25,14.21,21.56,75.0,1500.0,15.2,healthy,0.0
fault_misfire_2,1859,1789813823.974543,4717.3,126.35,741.13,4.33,104.01,0.0639,20.26,14.19,21.26,75.0,1500.0,15.2,healthy,0.0
fault_misfire_2,1860,1789813824.974543,4699.9,126.42,740.85,4.38,103.97,0.0596,20.13,14.25,20.76,75.0,1500.0,15.2,healthy,0.0
fault_misfire_2,1861,1789813825.974543,4698.8,126.36,737.72,4.44,104.15,0.0616,20.14,14.18,20.87,75.0,1500.0,15.2,healthy,0.0
fault_misfire_2,1862,1789813826.974543,4692.5,126.38,736.83,4.49,104.09,0.062,20.19,14.14,21.17,75.0,1500.0,15.2,healthy,0.0
fault_misfire_2,1863,1789813827.974543,4708.8,126.75,735.25,4.41,103.95,0.0669,20.24,14.11,21.14,75.0,1500.0,15.2,healthy,0.0
fault_misfire_2,1864,1789813828.974543,4707.2,126.92,732.11,4.36,104.08,0.0613,20.09,14.15,20.93,75.0,1500.0,15.2,healthy,0.0
fault_misfire_2,1865,1789813829.974543,4718.7,126.65,728.66,4.39,104.2,0.0736,19.97,14.18,21.13,75.0,1500.0,15.2,healthy,0.0
fault_misfire_2,1866,1789813830.974543,4716.0,126.71,732.94,4.34,104.19,0.0732,20.11,14.21,21.26,75.0,1500.0,15.2,healthy,0.0
fault_misfire_2,1867,1789813831.974543,4717.1,126.46,733.13,4.37,104.3,0.082,20.14,14.27,21.24,75.0,1500.0,15.2,healthy,0.0
fault_misfire_2,1868,1789813832.974543,4696.5,126.59,736.46,4.34,104.39,0.076,20.18,14.24,21.1,75.0,1500.0,15.2,healthy,0.0
fault_misfire_2,1869,1789813833.974543,4711.5,126.56,742.69,4.32,104.46,0.0734,20.13,14.24,21.31,75.0,1500.0,15.2,healthy,0.0
fault_misfire_2,1870,1789813834.974543,4723.4,126.27,740.58,4.37,104.4,0.0753,20.15,14.2,21.33,75.0,1500.0,15.2,healthy,0.0
fault_misfire_2,1871,1789813835.974543,4746.3,126.47,740.14,4.45,104.39,0.0758,20.0,14.15,21.12,75.0,1500.0,15.2,misfire,0.84
fault_misfire_2,1872,1789813836.974543,4747.4,126.39,738.24,4.43,104.38,0.0716,20.17,14.23,21.38,75.0,1500.0,15.2,misfire,0.84
fault_misfire_2,1873,1789813837.974543,4746.8,126.03,734.16,4.43,104.3,0.0677,20.08,14.16,20.96,75.0,1500.0,15.2,misfire,0.84
fault_misfire_2,1874,1789813838.974543,4753.9,125.96,732.64,4.46,104.16,0.0755,20.2,14.22,21.03,75.0,1500.0,15.2,misfire,0.84
fault_misfire_2,1875,1789813839.974543,4762.9,126.09,734.04,4.41,104.04,0.0779,20.18,14.29,21.23,75.0,1500.0,15.2,misfire,0.84
fault_misfire_2,1876,1789813840.974543,4732.4,125.91,741.76,4.32,103.93,0.0786,20.28,14.29,20.83,75.0,1500.0,15.2,misfire,0.84
fault_misfire_2,1877,1789813841.974543,4709.4,125.66,739.52,4.34,103.77,0.0712,20.29,14.24,20.97,75.0,1500.0,15.2,misfire,0.84
fault_misfire_2,1878,1789813842.974543,4711.6,125.8,738.97,4.32,103.72,0.0675,20.11,14.21,21.16,75.0,1500.0,15.2,misfire,0.84
fault_misfire_2,1879,1789813843.974543,4731.1,125.63,742.72,4.3,103.81,0.0677,20.07,14.28,21.04,75.0,1500.0,15.2,misfire,0.84
fault_misfire_2,1880,1789813844.974543,4727.0,125.52,738.9,4.32,103.86,0.0654,20.1,14.28,21.06,75.0,1500.0,15.2,misfire,0.84
fault_misfire_2,1881,1789813845.974543,4722.5,125.28,735.56,4.35,103.92,0.064,20.25,14.2,20.81,75.0,1500.0,15.2,misfire,0.84
fault_misfire_2,1882,1789813846.974543,4725.3,125.47,736.59,4.36,103.9,0.0714,20.16,14.14,21.0,75.0,1500.0,15.2,misfire,0.84
fault_misfire_2,1883,1789813847.974543,4710.3,125.27,737.02,4.33,104.02,0.0697,20.39,14.11,20.86,75.0,1500.0,15.2,misfire,0.84
fault_misfire_2,1884,1789813848.974543,4692.1,125.49,735.38,4.35,104.01,0.0652,20.28,14.13,21.05,75.0,1500.0,15.2,misfire,0.84
fault_misfire_2,1885,1789813849.974543,4674.1,125.49,737.55,4.3,104.11,0.07,20.34,14.1,21.48,75.0,1500.0,15.2,misfire,0.84
fault_misfire_2,1886,1789813850.974543,4696.1,125.67,735.22,4.32,104.14,0.0677,20.12,13.95,21.39,75.0,1500.0,15.2,misfire,0.84
fault_misfire_2,1887,1789813851.974543,4681.0,125.54,730.75,4.34,104.19,0.0805,20.05,13.98,21.09,75.0,1500.0,15.2,misfire,0.84
fault_misfire_2,1888,1789813852.974543,4683.0,125.74,732.57,4.34,104.02,0.0835,20.05,13.91,21.25,75.0,1500.0,15.2,misfire,0.84
fault_misfire_2,1889,1789813853.974543,4675.1,125.76,736.07,4.33,103.98,0.0794,19.85,13.99,21.24,75.0,1500.0,15.2,misfire,0.84
fault_misfire_2,1890,1789813854.974543,4668.9,125.57,734.65,4.31,104.2,0.0769,19.99,14.07,21.19,75.0,1500.0,15.2,misfire,0.84
fault_misfire_2,1891,1789813855.974543,4675.3,125.57,735.68,4.36,104.23,0.0819,19.97,14.06,21.35,75.0,1500.0,15.2,misfire,0.84
fault_misfire_2,1892,1789813856.974543,4662.2,125.97,735.43,4.3,104.28,0.0929,19.96,14.07,21.44,75.0,1500.0,15.2,misfire,0.84
fault_misfire_2,1893,1789813857.974543,4659.5,126.09,737.56,4.41,104.25,0.0802,19.81,14.05,20.88,75.0,1500.0,15.2,misfire,0.84
fault_misfire_2,1894,1789813858.974543,4689.2,126.52,733.42,4.42,104.02,0.0697,19.93,14.03,20.97,75.0,1500.0,15.2,misfire,0.84
fault_misfire_2,1895,1789813859.974543,4687.6,126.57,732.82,4.39,103.83,0.0762,20.05,13.96,21.11,75.0,1500.0,15.2,misfire,0.84
fault_misfire_2,1896,1789813860.974543,4688.5,126.87,730.92,4.45,103.82,0.0729,20.24,14.06,20.85,75.0,1500.0,15.2,misfire,0.84
fault_misfire_2,1897,1789813861.974543,4697.3,127.1,732.67,4.4,103.77,0.076,20.23,14.1,20.96,75.0,1500.0,15.2,misfire,0.84
fault_misfire_2,1898,1789813862.974543,4720.4,126.82,736.52,4.35,103.68,0.0709,20.23,14.18,20.67,75.0,1500.0,15.2,misfire,0.84
fault_misfire_2,1899,1789813863.974543,4723.3,126.43,736.84,4.31,103.6,0.0737,20.38,14.24,20.98,75.0,1500.0,15.2,misfire,0.84
fault_misfire_2,1900,1789813864.974543,4739.1,126.68,737.64,4.29,103.72,0.0695,20.28,14.2,21.12,75.0,1500.0,15.2,misfire,0.84
fault_misfire_2,1901,1789813865.974543,4713.7,126.33,733.26,4.34,103.72,0.071,20.26,14.24,21.33,75.0,1500.0,15.2,misfire,0.84
fault_misfire_2,1902,1789813866.974543,4725.2,126.6,735.12,4.37,103.72,0.0747,20.22,14.21,21.23,75.0,1500.0,15.2,misfire,0.84
fault_misfire_2,1903,1789813867.974543,4714.0,126.54,735.12,4.44,103.94,0.0832,20.19,14.25,21.47,75.0,1500.0,15.2,misfire,0.84
fault_misfire_2,1904,1789813868.974543,4691.3,126.14,736.34,4.43,103.76,0.0766,20.35,14.22,21.33,75.0,1500.0,15.2,misfire,0.84
fault_misfire_2,1905,1789813869.974543,4693.9,126.1,736.41,4.47,103.76,0.0772,20.17,14.21,21.33,75.0,1500.0,15.2,misfire,0.84
fault_misfire_2,1906,1789813870.974543,4701.2,126.2,737.24,4.45,103.78,0.0771,20.05,14.18,21.32,75.0,1500.0,15.2,misfire,0.84
fault_misfire_2,1907,1789813871.974543,4694.8,126.14,735.8,4.4,103.7,0.0806,20.24,14.2,21.4,75.0,1500.0,15.2,misfire,0.84
fault_misfire_2,1908,1789813872.974543,4702.7,126.32,735.35,4.35,103.61,0.0791,20.23,14.14,21.32,75.0,1500.0,15.2,misfire,0.84
fault_misfire_2,1909,1789813873.974543,4724.8,126.59,734.62,4.32,103.68,0.0768,20.36,14.14,21.28,75.0,1500.0,15.2,misfire,0.84
fault_misfire_2,1910,1789813874.974543,4738.1,126.06,734.98,4.31,103.56,0.0695,20.38,14.08,20.92,75.0,1500.0,15.2,misfire,0.84
fault_misfire_2,1911,1789813875.974543,4753.5,126.26,734.9,4.34,103.45,0.0716,20.56,14.13,21.12,75.0,1500.0,15.2,misfire,0.84
fault_misfire_2,1912,1789813876.974543,4754.8,126.66,741.12,4.32,103.45,0.0712,20.43,14.15,21.37,75.0,1500.0,15.2,misfire,0.84
fault_misfire_2,1913,1789813877.974543,4738.5,126.58,743.21,4.27,103.47,0.068,20.42,14.18,21.13,75.0,1500.0,15.2,misfire,0.84
fault_misfire_2,1914,1789813878.974543,4724.1,126.87,744.71,4.24,103.24,0.076,20.32,14.27,21.3,75.0,1500.0,15.2,misfire,0.84
fault_misfire_2,1915,1789813879.974543,4691.5,126.89,740.45,4.22,103.12,0.072,20.21,14.12,21.39,75.0,1500.0,15.2,misfire,0.84
fault_misfire_2,1916,1789813880.974543,4666.1,126.93,740.02,4.36,103.27,0.0766,20.24,14.08,21.53,75.0,1500.0,15.2,misfire,0.84
fault_misfire_2,1917,1789813881.974543,4651.6,127.05,746.94,4.31,103.26,0.0798,20.22,14.14,21.44,75.0,1500.0,15.2,misfire,0.84
fault_misfire_2,1918,1789813882.974543,4664.7,126.97,746.28,4.27,103.24,0.0808,20.15,14.12,21.06,75.0,1500.0,15.2,misfire,0.84
fault_misfire_2,1919,1789813883.974543,4656.6,127.11,740.5,4.3,103.38,0.0742,20.17,14.1,21.02,75.0,1500.0,15.2,misfire,0.84
fault_misfire_2,1920,1789813884.974543,4656.6,126.93,741.77,4.32,103.48,0.061,20.3,14.15,20.76,75.0,1500.0,15.2,misfire,0.84
fault_misfire_2,1921,1789813885.974543,4683.3,126.94,740.24,4.44,103.49,0.0619,20.38,14.19,21.26,75.0,1500.0,15.2,misfire,0.84
fault_misfire_2,1922,1789813886.974543,4703.1,126.7,744.7,4.52,103.74,0.0683,20.48,14.17,21.5,75.0,1500.0,15.2,misfire,0.84
fault_misfire_2,1923,1789813887.974543,4743.3,126.82,746.56,4.5,103.78,0.0702,20.27,14.08,21.15,75.0,1500.0,15.2,misfire,0.84
fault_misfire_2,1924,1789813888.974543,4747.2,126.89,747.22,4.47,103.76,0.0736,20.42,14.08,21.2,75.0,1500.0,15.2,misfire,0.84
fault_misfire_2,1925,1789813889.974543,4711.9,126.73,747.77,4.49,103.92,0.0707,20.52,14.07,21.2,75.0,1500.0,15.2,misfire,0.84
fault_misfire_2,1926,1789813890.974543,4707.1,126.87,741.24,4.42,104.06,0.0728,20.48,14.1,21.24,75.0,1500.0,15.2,misfire,0.84
fault_misfire_2,1927,1789813891.974543,4654.9,126.75,740.35,4.26,103.88,0.0644,20.16,14.2,21.01,75.0,1500.0,15.2,misfire,0.84
fault_misfire_2,1928,1789813892.974543,4642.2,126.57,741.17,4.21,103.66,0.0723,19.92,14.13,21.32,75.0,1500.0,15.2,misfire,0.84
fault_misfire_2,1929,1789813893.974543,4659.3,126.09,746.54,4.27,103.73,0.0757,19.78,14.19,21.38,75.0,1500.0,15.2,misfire,0.84
fault_misfire_2,1930,1789813894.974543,4666.4,125.9,744.42,4.27,103.75,0.0737,19.77,14.2,21.04,75.0,1500.0,15.2,misfire,0.84
fault_misfire_2,1931,1789813895.974543,4674.6,125.99,741.04,4.3,103.8,0.0691,19.8,14.15,21.36,75.0,1500.0,15.2,misfire,0.84
fault_misfire_2,1932,1789813896.974543,4713.6,126.18,744.07,4.35,103.76,0.079,19.98,14.21,21.23,75.0,1500.0,15.2,misfire,0.84
fault_misfire_2,1933,1789813897.974543,4735.0,126.06,740.72,4.43,103.59,0.0773,19.9,14.18,21.34,75.0,1500.0,15.2,misfire,0.84
fault_misfire_2,1934,1789813898.974543,4780.2,126.18,737.42,4.41,103.51,0.0706,20.05,14.15,21.33,75.0,1500.0,15.2,misfire,0.84
fault_misfire_2,1935,1789813899.974543,4777.4,126.25,739.92,4.45,103.57,0.0734,19.96,14.06,20.86,75.0,1500.0,15.2,misfire,0.84
fault_misfire_2,1936,1789813900.974543,4778.9,126.23,739.97,4.44,103.65,0.0677,20.23,14.04,21.11,75.0,1500.0,15.2,misfire,0.84
fault_misfire_2,1937,1789813901.974543,4791.0,125.98,742.43,4.41,103.68,0.0709,20.12,14.01,21.17,75.0,1500.0,15.2,misfire,0.84
fault_misfire_2,1938,1789813902.974543,4751.5,126.18,738.56,4.36,103.65,0.075,20.17,13.99,21.44,75.0,1500.0,15.2,misfire,0.84
fault_misfire_2,1939,1789813903.974543,4722.4,126.51,742.58,4.27,103.65,0.0781,20.17,14.03,21.21,75.0,1500.0,15.2,misfire,0.84
fault_misfire_2,1940,1789813904.974543,4664.0,126.83,738.77,4.32,103.69,0.0683,19.97,14.08,21.6,75.0,1500.0,15.2,misfire,0.84
fault_misfire_2,1941,1789813905.974543,4665.8,126.87,738.26,4.33,103.73,0.0763,19.95,14.08,21.49,75.0,1500.0,15.2,misfire,0.84
fault_misfire_2,1942,1789813906.974543,4658.6,126.55,738.87,4.31,103.7,0.0738,19.89,14.1,21.42,75.0,1500.0,15.2,misfire,0.84
fault_misfire_2,1943,1789813907.974543,4659.0,126.07,738.56,4.42,103.45,0.0656,19.87,14.07,21.3,75.0,1500.0,15.2,misfire,0.84
fault_misfire_2,1944,1789813908.974543,4675.8,125.98,736.18,4.39,103.41,0.0763,19.92,14.09,21.51,75.0,1500.0,15.2,misfire,0.84
fault_misfire_2,1945,1789813909.974543,4684.5,125.95,731.26,4.34,103.36,0.0804,20.26,14.16,21.25,75.0,1500.0,15.2,misfire,0.84
fault_misfire_2,1946,1789813910.974543,4700.8,125.99,731.15,4.32,103.44,0.0723,20.34,14.16,21.21,75.0,1500.0,15.2,misfire,0.84
fault_misfire_2,1947,1789813911.974543,4731.7,126.33,735.91,4.39,103.56,0.0654,20.53,14.18,21.19,75.0,1500.0,15.2,misfire,0.84
fault_misfire_2,1948,1789813912.974543,4715.2,126.58,735.34,4.32,103.73,0.0647,20.64,14.22,21.03,75.0,1500.0,15.2,misfire,0.84
fault_misfire_2,1949,1789813913.974543,4729.8,126.74,739.35,4.35,103.74,0.0687,20.5,14.17,21.09,75.0,1500.0,15.2,misfire,0.84
fault_misfire_2,1950,1789813914.974543,4731.7,126.68,740.21,4.32,103.77,0.0681,20.54,14.14,20.71,75.0,1500.0,15.2,misfire,0.84
fault_misfire_2,1951,1789813915.974543,4724.2,126.78,743.44,4.45,103.72,0.0718,20.43,14.14,21.01,75.0,1500.0,15.2,misfire,0.84
fault_misfire_2,1952,1789813916.974543,4672.9,126.62,744.5,4.47,103.76,0.0693,20.41,14.19,21.1,75.0,1500.0,15.2,misfire,0.84
fault_misfire_2,1953,1789813917.974543,4645.8,126.99,744.34,4.42,103.76,0.0767,20.13,14.11,20.85,75.0,1500.0,15.2,misfire,0.84
fault_misfire_2,1954,1789813918.974543,4629.5,126.88,744.8,4.45,103.78,0.0768,20.15,14.09,21.11,75.0,1500.0,15.2,misfire,0.84
fault_misfire_2,1955,1789813919.974543,4619.1,127.21,743.59,4.43,103.73,0.069,20.08,14.08,20.81,75.0,1500.0,15.2,misfire,0.84
fault_misfire_2,1956,1789813920.974543,4653.8,126.97,740.17,4.24,103.86,0.0702,20.05,14.04,20.94,75.0,1500.0,15.2,misfire,0.84
fault_misfire_2,1957,1789813921.974543,4655.8,127.12,742.49,4.25,103.86,0.0683,20.21,14.02,21.11,75.0,1500.0,15.2,misfire,0.84
fault_misfire_2,1958,1789813922.974543,4674.9,127.36,744.38,4.24,103.62,0.0682,20.18,13.95,20.99,75.0,1500.0,15.2,misfire,0.84
fault_misfire_2,1959,1789813923.974543,4677.2,126.98,744.78,4.35,103.62,0.0721,20.5,13.96,21.16,75.0,1500.0,15.2,misfire,0.84
fault_misfire_2,1960,1789813924.974543,4707.9,126.76,749.07,4.27,103.65,0.0633,20.68,13.97,21.53,75.0,1500.0,15.2,misfire,0.84
fault_misfire_2,1961,1789813925.974543,4718.9,126.99,743.5,4.39,103.65,0.0621,20.72,14.03,21.45,75.0,1500.0,15.2,misfire,0.84
fault_misfire_2,1962,1789813926.974543,4715.5,126.9,739.84,4.49,103.57,0.0623,20.6,14.05,21.38,75.0,1500.0,15.2,misfire,0.84
fault_misfire_2,1963,1789813927.974543,4698.8,126.79,740.23,4.38,103.66,0.0709,20.53,14.03,21.34,75.0,1500.0,15.2,misfire,0.84
fault_misfire_2,1964,1789813928.974543,4661.5,126.91,741.87,4.31,103.69,0.0724,20.36,14.12,21.36,75.0,1500.0,15.2,misfire,0.84
fault_misfire_2,1965,1789813929.974543,4635.3,126.83,743.55,4.32,103.82,0.0692,20.3,14.11,21.24,75.0,1500.0,15.2,misfire,0.84
fault_misfire_2,1966,1789813930.974543,4604.7,126.82,742.84,4.33,103.83,0.0735,20.14,14.08,21.13,75.0,1500.0,15.2,misfire,0.84
fault_misfire_2,1967,1789813931.974543,4571.2,127.11,739.62,4.32,103.82,0.084,20.0,14.1,21.42,75.0,1500.0,15.2,misfire,0.84
fault_misfire_2,1968,1789813932.974543,4580.0,127.31,735.53,4.39,103.82,0.0714,19.94,14.19,21.06,75.0,1500.0,15.2,misfire,0.84
fault_misfire_2,1969,1789813933.974543,4616.9,127.21,739.59,4.44,103.7,0.0726,19.93,14.24,21.17,75.0,1500.0,15.2,misfire,0.84
fault_misfire_2,1970,1789813934.974543,4646.4,127.11,736.6,4.37,103.71,0.0675,20.23,14.28,20.86,75.0,1500.0,15.2,misfire,0.84
fault_misfire_2,1971,1789813935.974543,4706.7,127.05,735.6,4.36,103.76,0.0624,20.45,14.27,20.9,75.0,1500.0,15.2,misfire,0.84
fault_misfire_2,1972,1789813936.974543,4728.7,126.97,742.58,4.3,103.87,0.0664,20.75,14.19,20.97,75.0,1500.0,15.2,misfire,0.84
fault_misfire_2,1973,1789813937.974543,4746.1,126.84,746.11,4.33,103.91,0.0659,20.71,14.17,21.03,75.0,1500.0,15.2,misfire,0.84
fault_misfire_2,1974,1789813938.974543,4782.3,126.71,742.81,4.39,103.92,0.0625,20.66,14.12,21.57,75.0,1500.0,15.2,misfire,0.84
fault_misfire_2,1975,1789813939.974543,4777.2,126.56,743.19,4.42,103.87,0.0664,20.49,14.09,21.23,75.0,1500.0,15.2,misfire,0.84
fault_misfire_2,1976,1789813940.974543,4767.5,126.03,743.72,4.33,103.86,0.0646,20.28,14.07,21.36,75.0,1500.0,15.2,misfire,0.84
fault_misfire_2,1977,1789813941.974543,4717.7,126.34,741.68,4.33,103.74,0.0709,19.97,13.98,21.42,75.0,1500.0,15.2,misfire,0.84
fault_misfire_2,1978,1789813942.974543,4690.7,126.35,739.25,4.32,103.56,0.0785,19.86,14.05,21.31,75.0,1500.0,15.2,misfire,0.84
fault_misfire_2,1979,1789813943.974543,4665.7,126.43,738.81,4.36,103.53,0.0803,19.84,13.97,21.22,75.0,1500.0,15.2,misfire,0.84
fault_misfire_2,1980,1789813944.974543,4648.4,126.72,738.26,4.35,103.59,0.0854,19.74,13.97,21.33,75.0,1500.0,15.2,misfire,0.84
fault_misfire_2,1981,1789813945.974543,4637.1,126.54,739.2,4.37,103.49,0.0808,19.89,13.92,21.39,75.0,1500.0,15.2,misfire,0.84
fault_misfire_2,1982,1789813946.974543,4658.7,126.68,737.18,4.3,103.5,0.0883,19.92,13.9,21.52,75.0,1500.0,15.2,misfire,0.84
fault_misfire_2,1983,1789813947.974543,4680.0,126.58,741.77,4.3,103.4,0.0829,20.08,13.88,21.32,75.0,1500.0,15.2,misfire,0.84
fault_misfire_2,1984,1789813948.974543,4704.0,126.76,744.27,4.26,103.5,0.0806,20.11,13.94,21.45,75.0,1500.0,15.2,misfire,0.84
fault_misfire_2,1985,1789813949.974543,4724.3,126.53,737.08,4.36,103.38,0.0721,20.38,13.95,21.1,75.0,1500.0,15.2,misfire,0.84
fault_misfire_2,1986,1789813950.974543,4743.8,126.49,734.06,4.4,103.46,0.0779,20.52,13.98,21.26,75.0,1500.0,15.2,misfire,0.84
fault_misfire_2,1987,1789813951.974543,4747.2,126.59,731.92,4.33,103.44,0.0718,20.5,14.05,21.35,75.0,1500.0,15.2,misfire,0.84
fault_misfire_2,1988,1789813952.974543,4733.6,126.62,734.07,4.29,103.46,0.0772,20.4,14.02,21.5,75.0,1500.0,15.2,misfire,0.84
fault_misfire_2,1989,1789813953.974543,4694.7,126.73,732.89,4.26,103.51,0.075,20.42,14.07,21.3,75.0,1500.0,15.2,misfire,0.84
fault_misfire_2,1990,1789813954.974543,4649.3,126.68,730.4,4.35,103.47,0.0779,20.22,14.09,20.9,75.0,1500.0,15.2,misfire,0.84
fault_misfire_2,1991,1789813955.974543,4607.9,126.85,734.36,4.33,103.55,0.0836,20.07,14.08,20.93,75.0,1500.0,15.2,misfire,0.84
fault_misfire_2,1992,1789813956.974543,4567.7,126.62,734.4,4.25,103.68,0.0809,19.73,14.12,21.17,75.0,1500.0,15.2,misfire,0.84
fault_misfire_2,1993,1789813957.974543,4608.0,126.62,736.39,4.33,103.82,0.0751,19.58,14.09,21.33,75.0,1500.0,15.2,misfire,0.84
fault_misfire_2,1994,1789813958.974543,4633.7,126.28,733.41,4.33,103.9,0.0763,19.91,14.14,21.34,75.0,1500.0,15.2,misfire,0.84
fault_misfire_2,1995,1789813959.974543,4677.7,126.55,736.71,4.34,103.84,0.0774,20.1,14.2,21.52,75.0,1500.0,15.2,misfire,0.84
fault_misfire_2,1996,1789813960.974543,4756.4,126.5,737.62,4.21,103.74,0.0863,20.18,14.21,21.35,75.0,1500.0,15.2,misfire,0.84
fault_misfire_2,1997,1789813961.974543,4791.1,126.37,737.09,4.23,103.67,0.0769,20.28,14.11,21.15,75.0,1500.0,15.2,misfire,0.84
fault_misfire_2,1998,1789813962.974543,4794.1,126.23,737.52,4.29,103.65,0.0879,20.37,14.09,21.19,75.0,1500.0,15.2,misfire,0.84
fault_misfire_2,1999,1789813963.974543,4788.5,126.4,741.87,4.3,103.56,0.0793,20.42,14.21,21.37,75.0,1500.0,15.2,misfire,0.84
fault_misfire_2,2000,1789813964.974543,4756.9,126.31,740.69,4.33,103.49,0.075,20.29,14.18,21.33,75.0,1500.0,15.2,misfire,0.84
fault_misfire_2,2001,1789813965.974543,4699.3,126.51,735.75,4.34,103.58,0.0904,20.26,14.18,21.15,75.0,1500.0,15.2,misfire,0.84
fault_misfire_2,2002,1789813966.974543,4662.7,126.7,731.74,4.31,103.41,0.081,19.9,14.16,21.56,75.0,1500.0,15.2,misfire,0.84
fault_misfire_2,2003,1789813967.974543,4610.0,126.69,740.91,4.23,103.65,0.0747,19.97,14.13,21.39,75.0,1500.0,15.2,misfire,0.84
fault_misfire_2,2004,1789813968.974543,4587.4,126.8,741.52,4.26,103.62,0.0777,19.88,14.17,21.53,75.0,1500.0,15.2,misfire,0.84
fault_misfire_2,2005,1789813969.974543,4576.6,127.08,737.75,4.29,103.49,0.0805,19.85,14.23,21.67,75.0,1500.0,15.2,misfire,0.84
fault_misfire_2,2006,1789813970.974543,4620.3,126.57,739.19,4.28,103.48,0.0706,19.88,14.26,21.78,75.0,1500.0,15.2,misfire,0.84
fault_misfire_2,2007,1789813971.974543,4650.6,125.99,735.88,4.35,103.45,0.0772,19.85,14.15,21.33,75.0,1500.0,15.2,misfire,0.84
fault_misfire_2,2008,1789813972.974543,4721.0,126.24,736.46,4.33,103.39,0.0754,19.99,14.15,21.51,75.0,1500.0,15.2,misfire,0.84
fault_misfire_2,2009,1789813973.974543,4767.8,126.13,738.76,4.36,103.38,0.0763,20.17,14.21,21.56,75.0,1500.0,15.2,misfire,0.84
fault_misfire_2,2010,1789813974.974543,4794.1,126.02,737.15,4.32,103.48,0.0703,20.49,14.22,22.14,75.0,1500.0,15.2,misfire,0.84
fault_misfire_2,2011,1789813975.974543,4828.5,125.81,740.84,4.4,103.5,0.0729,20.68,14.29,21.92,75.0,1500.0,15.2,misfire,0.84
fault_misfire_2,2012,1789813976.974543,4811.9,126.11,735.14,4.43,103.75,0.0723,20.85,14.23,21.59,75.0,1500.0,15.2,misfire,0.84
fault_misfire_2,2013,1789813977.974543,4758.5,125.71,736.97,4.41,103.75,0.0758,20.77,14.11,21.31,75.0,1500.0,15.2,misfire,0.84
fault_misfire_2,2014,1789813978.974543,4714.3,126.14,733.06,4.38,103.85,0.0753,20.51,14.14,21.29,75.0,1500.0,15.2,misfire,0.84
fault_misfire_2,2015,1789813979.974543,4683.3,126.27,736.67,4.35,103.69,0.0789,20.11,14.21,21.12,75.0,1500.0,15.2,misfire,0.84
fault_misfire_2,2016,1789813980.974543,4626.0,126.05,734.77,4.25,103.68,0.0721,19.83,14.3,21.31,75.0,1500.0,15.2,misfire,0.84
fault_misfire_2,2017,1789813981.974543,4576.8,126.06,738.23,4.33,103.62,0.0706,19.86,14.22,21.34,75.0,1500.0,15.2,misfire,0.84
fault_misfire_2,2018,1789813982.974543,4574.8,125.89,735.07,4.33,103.62,0.0675,19.74,14.14,21.42,75.0,1500.0,15.2,misfire,0.84
fault_misfire_2,2019,1789813983.974543,4595.4,125.87,729.03,4.38,103.53,0.0631,19.86,14.11,21.16,75.0,1500.0,15.2,misfire,0.84
fault_misfire_2,2020,1789813984.974543,4637.4,125.82,732.02,4.46,103.63,0.0624,19.96,14.15,21.17,75.0,1500.0,15.2,misfire,0.84
fault_misfire_2,2021,1789813985.974543,4696.2,125.97,735.83,4.41,103.41,0.068,20.24,14.05,21.36,75.0,1500.0,15.2,misfire,0.84
fault_misfire_2,2022,1789813986.974543,4752.3,126.12,736.22,4.37,103.49,0.0679,20.3,14.05,21.73,75.0,1500.0,15.2,misfire,0.84
fault_misfire_2,2023,1789813987.974543,4791.9,126.12,729.77,4.25,103.52,0.0614,20.44,14.03,21.9,75.0,1500.0,15.2,misfire,0.84
fault_misfire_2,2024,1789813988.974543,4792.7,126.29,729.6,4.27,103.49,0.0667,20.51,14.01,21.34,75.0,1500.0,15.2,misfire,0.84
fault_misfire_2,2025,1789813989.974543,4785.7,126.28,727.49,4.35,103.48,0.0667,20.46,14.08,21.4,75.0,1500.0,15.2,misfire,0.84
fault_misfire_2,2026,1789813990.974543,4752.0,126.16,727.7,4.33,103.39,0.0638,20.33,14.12,21.15,75.0,1500.0,15.2,misfire,0.84
fault_misfire_2,2027,1789813991.974543,4709.1,126.27,726.38,4.36,103.29,0.0629,20.2,14.08,20.97,75.0,1500.0,15.2,misfire,0.84
fault_misfire_2,2028,1789813992.974543,4653.4,126.09,729.57,4.34,103.25,0.0645,19.92,14.06,21.4,75.0,1500.0,15.2,misfire,0.84
fault_misfire_2,2029,1789813993.974543,4632.9,125.94,734.26,4.44,103.22,0.0729,19.68,14.04,21.31,75.0,1500.0,15.2,misfire,0.84
fault_misfire_2,2030,1789813994.974543,4638.2,126.11,733.37,4.41,103.25,0.077,19.76,14.0,21.25,75.0,1500.0,15.2,misfire,0.84
fault_misfire_2,2031,1789813995.974543,4631.1,126.34,734.92,4.48,103.25,0.0761,19.73,14.08,21.23,75.0,1500.0,15.2,misfire,0.84
fault_misfire_2,2032,1789813996.974543,4679.4,126.5,734.32,4.46,103.2,0.0736,19.94,14.08,21.14,75.0,1500.0,15.2,misfire,0.84
fault_misfire_2,2033,1789813997.974543,4728.5,126.79,739.91,4.51,103.26,0.0806,20.24,14.06,21.0,75.0,1500.0,15.2,misfire,0.84
fault_misfire_2,2034,1789813998.974543,4783.3,126.57,740.54,4.44,103.16,0.0751,20.62,14.03,20.9,75.0,1500.0,15.2,misfire,0.84
fault_misfire_2,2035,1789813999.974543,4824.0,126.83,737.71,4.4,103.25,0.0786,20.84,14.02,21.18,75.0,1500.0,15.2,misfire,0.84
fault_misfire_2,2036,1789814000.974543,4823.1,126.81,738.37,4.4,103.16,0.0729,20.97,14.12,20.91,75.0,1500.0,15.2,misfire,0.84
fault_misfire_2,2037,1789814001.974543,4836.7,126.96,735.05,4.44,103.18,0.0622,20.87,14.02,21.22,75.0,1500.0,15.2,misfire,0.84
fault_misfire_2,2038,1789814002.974543,4805.3,127.14,735.18,4.34,103.16,0.0669,20.72,14.08,21.29,75.0,1500.0,15.2,misfire,0.84
fault_misfire_2,2039,1789814003.974543,4752.7,126.68,735.28,4.32,103.26,0.0827,20.51,14.03,20.75,75.0,1500.0,15.2,misfire,0.84
fault_misfire_2,2040,1789814004.974543,4717.4,126.61,737.9,4.33,103.23,0.0746,20.21,14.02,21.04,75.0,1500.0,15.2,misfire,0.84
fault_misfire_2,2041,1789814005.974543,4671.4,126.88,739.58,4.39,103.26,0.0783,19.86,14.07,21.03,75.0,1500.0,15.2,misfire,0.84
fault_misfire_2,2042,1789814006.974543,4628.2,127.2,737.38,4.34,103.28,0.0749,19.8,14.12,20.9,75.0,1500.0,15.2,misfire,0.84
fault_misfire_2,2043,1789814007.974543,4613.9,127.1,741.74,4.34,103.1,0.0729,19.87,14.07,20.84,75.0,1500.0,15.2,misfire,0.84
fault_misfire_2,2044,1789814008.974543,4639.9,126.99,738.66,4.41,103.06,0.0714,19.99,14.12,20.93,75.0,1500.0,15.2,misfire,0.84
fault_misfire_2,2045,1789814009.974543,4691.3,126.75,733.71,4.4,103.08,0.0643,20.22,14.13,21.14,75.0,1500.0,15.2,misfire,0.84
fault_misfire_2,2046,1789814010.974543,4734.8,126.95,736.1,4.36,103.1,0.0655,20.27,14.13,21.16,75.0,1500.0,15.2,misfire,0.84
fault_misfire_2,2047,1789814011.974543,4801.8,127.37,741.63,4.4,103.06,0.0787,20.45,14.1,21.58,75.0,1500.0,15.2,misfire,0.84
fault_misfire_2,2048,1789814012.974543,4829.7,127.23,739.1,4.41,103.01,0.0772,20.75,14.07,21.25,75.0,1500.0,15.2,misfire,0.84
fault_misfire_2,2049,1789814013.974543,4830.9,127.1,744.14,4.42,103.14,0.0775,20.83,14.11,21.2,75.0,1500.0,15.2,misfire,0.84
fault_misfire_2,2050,1789814014.974543,4813.6,127.16,743.93,4.34,103.34,0.0705,20.63,14.11,21.34,75.0,1500.0,15.2,misfire,0.84
fault_misfire_2,2051,1789814015.974543,4780.9,126.73,746.31,4.36,103.27,0.0789,20.3,14.09,21.08,75.0,1500.0,15.2,misfire,0.84
fault_misfire_2,2052,1789814016.974543,4752.5,126.48,744.41,4.41,103.38,0.0797,20.06,14.06,21.04,75.0,1500.0,15.2,misfire,0.84
fault_misfire_2,2053,1789814017.974543,4675.4,126.72,747.97,4.34,103.48,0.0813,19.95,14.08,21.0,75.0,1500.0,15.2,misfire,0.84
fault_misfire_2,2054,1789814018.974543,4622.6,126.55,746.47,4.39,103.58,0.0832,19.73,14.05,21.23,75.0,1500.0,15.2,misfire,0.84
fault_misfire_2,2055,1789814019.974543,4620.1,126.62,745.69,4.41,103.6,0.0844,19.65,14.05,21.26,75.0,1500.0,15.2,misfire,0.84
fault_misfire_2,2056,1789814020.974543,4613.0,126.58,740.41,4.42,103.66,0.0821,19.71,14.0,21.19,75.0,1500.0,15.2,misfire,0.84
fault_misfire_2,2057,1789814021.974543,4637.0,126.52,742.5,4.32,103.71,0.0784,19.69,13.99,21.24,75.0,1500.0,15.2,misfire,0.84
fault_misfire_2,2058,1789814022.974543,4684.4,126.35,743.31,4.34,103.61,0.0787,19.81,13.96,21.33,75.0,1500.0,15.2,misfire,0.84
fault_misfire_2,2059,1789814023.974543,4751.8,126.29,743.9,4.38,103.63,0.068,20.06,14.01,21.39,75.0,1500.0,15.2,misfire,0.84
fault_misfire_2,2060,1789814024.974543,4821.1,126.39,741.89,4.41,103.59,0.0752,20.37,14.09,21.47,75.0,1500.0,15.2,misfire,0.84
fault_misfire_2,2061,1789814025.974543,4861.7,126.43,740.63,4.37,103.45,0.0618,20.56,14.07,21.49,75.0,1500.0,15.2,misfire,0.84
fault_misfire_2,2062,1789814026.974543,4833.6,126.63,735.95,4.31,103.46,0.0689,20.64,14.14,21.65,75.0,1500.0,15.2,misfire,0.84
fault_misfire_2,2063,1789814027.974543,4794.6,126.71,735.19,4.28,103.38,0.0738,20.63,14.13,21.38,75.0,1500.0,15.2,misfire,0.84
fault_misfire_2,2064,1789814028.974543,4737.3,126.74,737.1,4.3,103.31,0.0689,20.56,14.09,21.41,75.0,1500.0,15.2,misfire,0.84
fault_misfire_2,2065,1789814029.974543,4702.4,126.75,730.19,4.4,103.21,0.0677,20.22,14.1,21.59,75.0,1500.0,15.2,misfire,0.84
fault_misfire_2,2066,1789814030.974543,4646.1,126.6,730.1,4.37,103.26,0.0621,20.1,14.04,21.6,75.0,1500.0,15.2,misfire,0.84
fault_misfire_2,2067,1789814031.974543,4581.3,126.47,732.38,4.36,103.29,0.0648,19.77,14.02,21.2,75.0,1500.0,15.2,misfire,0.84
fault_misfire_2,2068,1789814032.974543,4584.8,126.45,732.51,4.24,103.36,0.0695,19.71,14.0,21.13,75.0,1500.0,15.2,misfire,0.84
fault_misfire_2,2069,1789814033.974543,4580.5,126.37,731.41,4.22,103.49,0.0792,19.59,14.04,20.86,75.0,1500.0,15.2,misfire,0.84
fault_misfire_2,2070,1789814034.974543,4623.5,126.41,731.67,4.22,103.6,0.0773,19.97,14.09,21.4,75.0,1500.0,15.2,misfire,0.84
fault_misfire_2,2071,1789814035.974543,4683.3,126.36,733.79,4.28,103.55,0.0751,20.36,14.03,21.23,75.0,1500.0,15.2,misfire,0.84
fault_misfire_2,2072,1789814036.974543,4752.8,125.94,732.13,4.34,103.36,0.0841,20.67,13.99,21.35,75.0,1500.0,15.2,misfire,0.84
fault_misfire_2,2073,1789814037.974543,4812.7,126.13,737.01,4.32,103.34,0.076,20.79,14.04,20.84,75.0,1500.0,15.2,misfire,0.84
fault_misfire_2,2074,1789814038.974543,4835.4,125.94,736.41,4.39,103.38,0.0764,20.7,13.99,20.92,75.0,1500.0,15.2,misfire,0.84
fault_misfire_2,2075,1789814039.974543,4800.2,125.85,735.92,4.35,103.33,0.0773,20.65,14.01,21.0,75.0,1500.0,15.2,misfire,0.84
fault_misfire_2,2076,1789814040.974543,4737.4,126.0,739.21,4.4,103.38,0.077,20.39,14.06,21.37,75.0,1500.0,15.2,misfire,0.84
fault_misfire_2,2077,1789814041.974543,4670.2,126.05,737.16,4.46,103.39,0.0787,20.05,14.05,21.07,75.0,1500.0,15.2,misfire,0.84
fault_misfire_2,2078,1789814042.974543,4605.6,125.7,740.67,4.47,103.53,0.08,19.72,14.08,21.51,75.0,1500.0,15.2,misfire,0.84
fault_misfire_2,2079,1789814043.974543,4544.1,125.58,737.35,4.38,103.62,0.0816,19.49,14.04,21.69,75.0,1500.0,15.2,misfire,0.84
fault_misfire_2,2080,1789814044.974543,4508.4,125.4,731.68,4.34,103.79,0.0817,19.52,13.97,21.25,75.0,1500.0,15.2,misfire,0.84
fault_misfire_2,2081,1789814045.974543,4508.3,125.22,732.82,4.34,103.6,0.0816,19.57,14.01,21.25,75.0,1500.0,15.2,misfire,0.84
fault_misfire_2,2082,1789814046.974543,4554.5,125.67,737.2,4.29,103.55,0.082,19.88,14.0,20.94,75.0,1500.0,15.2,misfire,0.84
fault_misfire_2,2083,1789814047.974543,4606.5,125.38,735.41,4.39,103.6,0.0733,20.18,13.95,21.33,75.0,1500.0,15.2,misfire,0.84
fault_misfire_2,2084,1789814048.974543,4710.0,125.83,737.51,4.34,103.59,0.0689,20.48,13.96,21.83,75.0,1500.0,15.2,misfire,0.84
fault_misfire_2,2085,1789814049.974543,4761.2,125.73,737.68,4.37,103.67,0.0619,20.96,14.03,21.31,75.0,1500.0,15.2,misfire,0.84
fault_misfire_2,2086,1789814050.974543,4834.3,126.0,734.75,4.36,103.71,0.0698,21.09,14.05,21.5,75.0,1500.0,15.2,misfire,0.84
fault_misfire_2,2087,1789814051.974543,4848.4,125.96,731.57,4.38,103.67,0.0731,21.08,14.02,21.23,75.0,1500.0,15.2,misfire,0.84
fault_misfire_2,2088,1789814052.974543,4820.4,125.99,732.01,4.41,103.72,0.0756,21.16,14.01,21.34,75.0,1500.0,15.2,misfire,0.84
fault_misfire_2,2089,1789814053.974543,4756.3,125.78,741.86,4.47,103.72,0.0794,20.96,14.02,21.42,75.0,1500.0,15.2,misfire,0.84
fault_misfire_2,2090,1789814054.974543,4681.9,125.81,737.71,4.4,103.71,0.0766,20.82,14.01,21.19,75.0,1500.0,15.2,misfire,0.84
fault_misfire_2,2091,1789814055.974543,4629.0,125.83,739.14,4.41,103.7,0.0776,20.43,14.02,21.15,75.0,1500.0,15.2,misfire,0.84
fault_misfire_2,2092,1789814056.974543,4555.1,125.92,740.92,4.43,103.77,0.0814,20.08,14.08,21.2,75.0,1500.0,15.2,misfire,0.84
fault_misfire_2,2093,1789814057.974543,4559.8,125.44,736.76,4.43,103.88,0.0833,20.05,14.22,21.59,75.0,1500.0,15.2,misfire,0.84
fault_misfire_2,2094,1789814058.974543,4579.5,125.57,739.44,4.43,103.94,0.0756,20.14,14.19,21.47,75.0,1500.0,15.2,misfire,0.84
fault_misfire_2,2095,1789814059.974543,4615.7,125.99,738.85,4.41,103.99,0.0672,20.33,14.09,21.35,75.0,1500.0,15.2,misfire,0.84
fault_misfire_2,2096,1789814060.974543,4700.7,125.79,735.05,4.35,103.95,0.0689,20.35,14.1,21.56,75.0,1500.0,15.2,misfire,0.84
fault_misfire_2,2097,1789814061.974543,4771.8,125.94,735.15,4.34,103.88,0.0681,20.78,14.11,21.6,75.0,1500.0,15.2,misfire,0.84
fault_misfire_2,2098,1789814062.974543,4855.9,126.03,731.82,4.41,103.82,0.0731,21.12,14.1,21.5,75.0,1500.0,15.2,misfire,0.84
fault_misfire_2,2099,1789814063.974543,4873.7,126.36,731.61,4.35,103.76,0.0703,21.13,14.07,21.3,75.0,1500.0,15.2,misfire,0.84
fault_misfire_2,2100,1789814064.974543,4843.5,126.17,736.9,4.32,103.77,0.0688,21.14,14.08,21.14,75.0,1500.0,15.2,misfire,0.84
fault_misfire_2,2101,1789814065.974543,4807.2,126.24,735.23,4.31,103.76,0.0694,20.99,14.07,21.45,75.0,1500.0,15.2,misfire,0.84
fault_misfire_2,2102,1789814066.974543,4713.9,126.05,736.33,4.26,103.85,0.0662,20.7,14.08,21.29,75.0,1500.0,15.2,misfire,0.84
fault_misfire_2,2103,1789814067.974543,4634.2,126.03,738.28,4.22,103.76,0.0684,20.23,14.02,21.13,75.0,1500.0,15.2,misfire,0.84
fault_misfire_2,2104,1789814068.974543,4559.1,126.01,736.88,4.2,103.75,0.0663,19.83,14.04,21.4,75.0,1500.0,15.2,misfire,0.84
fault_misfire_2,2105,1789814069.974543,4508.7,126.19,741.89,4.29,103.82,0.0643,19.7,14.09,21.66,75.0,1500.0,15.2,misfire,0.84
fault_misfire_2,2106,1789814070.974543,4502.2,126.4,741.7,4.26,103.87,0.0651,19.57,14.07,21.13,75.0,1500.0,15.2,misfire,0.84
fault_misfire_2,2107,1789814071.974543,4546.4,126.39,737.0,4.24,103.85,0.0715,19.61,14.1,20.82,75.0,1500.0,15.2,misfire,0.84
fault_misfire_2,2108,1789814072.974543,4621.5,126.24,737.52,4.26,103.68,0.0692,20.07,14.21,20.94,75.0,1500.0,15.2,misfire,0.84
fault_misfire_2,2109,1789814073.974543,4685.1,126.26,735.84,4.32,103.73,0.0675,20.25,14.21,20.89,75.0,1500.0,15.2,misfire,0.84
fault_misfire_2,2110,1789814074.974543,4762.9,126.24,737.49,4.38,103.65,0.073,20.54,14.27,20.9,75.0,1500.0,15.2,misfire,0.84
fault_misfire_2,2111,1789814075.974543,4807.7,126.34,739.59,4.3,103.62,0.0717,20.86,14.25,21.22,75.0,1500.0,15.2,misfire,0.84
fault_misfire_2,2112,1789814076.974543,4839.8,126.32,736.6,4.32,103.56,0.066,21.05,14.23,21.48,75.0,1500.0,15.2,misfire,0.84
fault_misfire_2,2113,1789814077.974543,4813.7,126.32,741.88,4.33,103.45,0.072,20.77,14.18,21.33,75.0,1500.0,15.2,misfire,0.84
fault_misfire_2,2114,1789814078.974543,4772.2,126.08,739.49,4.27,103.3,0.0775,20.6,14.2,20.95,75.0,1500.0,15.2,misfire,0.84
fault_misfire_2,2115,1789814079.974543,4716.5,126.31,737.42,4.28,103.2,0.076,20.17,14.22,21.18,75.0,1500.0,15.2,misfire,0.84
fault_misfire_2,2116,1789814080.974543,4622.9,126.28,739.12,4.32,103.17,0.0725,19.79,14.23,21.15,75.0,1500.0,15.2,misfire,0.84
fault_misfire_2,2117,1789814081.974543,4555.0,126.17,739.61,4.35,103.31,0.075,19.5,14.19,20.85,75.0,1500.0,15.2,misfire,0.84
fault_misfire_2,2118,1789814082.974543,4516.7,125.79,738.79,4.43,103.34,0.0705,19.41,14.14,20.87,75.0,1500.0,15.2,misfire,0.84
fault_misfire_2,2119,1789814083.974543,4547.7,126.07,746.18,4.42,103.39,0.0727,19.43,14.12,20.84,75.0,1500.0,15.2,misfire,0.84
fault_misfire_2,2120,1789814084.974543,4598.9,125.93,743.5,4.39,103.48,0.0789,19.75,14.15,20.92,75.0,1500.0,15.2,misfire,0.84
fault_misfire_2,2121,1789814085.974543,4670.7,126.08,739.86,4.41,103.45,0.076,19.86,14.18,21.09,75.0,1500.0,15.2,misfire,0.84
fault_misfire_2,2122,1789814086.974543,4762.9,126.3,737.42,4.44,103.45,0.0744,20.29,14.17,20.94,75.0,1500.0,15.2,misfire,0.84
fault_misfire_2,2123,1789814087.974543,4837.8,126.14,736.22,4.31,103.6,0.0708,20.56,14.17,21.26,75.0,1500.0,15.2,misfire,0.84
fault_misfire_2,2124,1789814088.974543,4895.5,126.38,742.69,4.3,103.62,0.0743,20.85,14.06,21.36,75.0,1500.0,15.2,misfire,0.84
fault_misfire_2,2125,1789814089.974543,4912.0,126.46,744.59,4.43,103.48,0.0758,20.78,14.08,21.68,75.0,1500.0,15.2,misfire,0.84
fault_misfire_2,2126,1789814090.974543,4835.5,126.34,739.86,4.48,103.53,0.072,20.72,14.15,21.46,75.0,1500.0,15.2,misfire,0.84
fault_misfire_2,2127,1789814091.974543,4774.3,126.26,738.92,4.49,103.5,0.0614,20.44,14.2,21.46,75.0,1500.0,15.2,misfire,0.84
fault_misfire_2,2128,1789814092.974543,4678.7,126.48,740.59,4.5,103.63,0.0619,19.83,14.16,21.45,75.0,1500.0,15.2,misfire,0.84
fault_misfire_2,2129,1789814093.974543,4590.0,126.4,741.14,4.4,103.47,0.0682,19.59,14.2,21.46,75.0,1500.0,15.2,misfire,0.84
fault_misfire_2,2130,1789814094.974543,4536.9,126.08,739.74,4.37,103.58,0.0698,19.47,14.2,21.19,75.0,1500.0,15.2,misfire,0.84
fault_misfire_2,2131,1789814095.974543,4550.4,126.24,739.18,4.32,103.8,0.0697,19.44,14.15,21.46,75.0,1500.0,15.2,misfire,0.84
fault_misfire_2,2132,1789814096.974543,4575.5,126.41,741.87,4.38,103.84,0.0718,19.68,14.09,21.36,75.0,1500.0,15.2,misfire,0.84
fault_misfire_2,2133,1789814097.974543,4655.0,126.58,741.55,4.28,103.79,0.0675,19.8,14.09,21.0,75.0,1500.0,15.2,misfire,0.84
fault_misfire_2,2134,1789814098.974543,4722.2,126.38,742.71,4.26,103.85,0.0673,20.02,14.08,21.26,75.0,1500.0,15.2,misfire,0.84
fault_misfire_2,2135,1789814099.974543,4813.8,126.39,737.91,4.32,103.89,0.0626,20.4,14.08,21.17,75.0,1500.0,15.2,misfire,0.84
fault_misfire_2,2136,1789814100.974543,4867.4,126.53,734.3,4.27,103.99,0.0668,20.69,14.21,21.26,75.0,1500.0,15.2,misfire,0.84
fault_misfire_2,2137,1789814101.974543,4889.2,126.88,739.86,4.3,104.0,0.0619,20.83,14.19,21.32,75.0,1500.0,15.2,misfire,0.84
fault_misfire_2,2138,1789814102.974543,4876.2,126.82,740.07,4.22,103.81,0.0729,20.86,14.19,21.27,75.0,1500.0,15.2,misfire,0.84
fault_misfire_2,2139,1789814103.974543,4830.3,126.56,738.37,4.3,103.86,0.0714,20.62,14.1,21.01,75.0,1500.0,15.2,misfire,0.84
fault_misfire_2,2140,1789814104.974543,4744.2,126.4,740.41,4.3,103.92,0.0742,20.26,14.12,20.91,75.0,1500.0,15.2,misfire,0.84
fault_misfire_2,2141,1789814105.974543,4616.9,126.54,744.78,4.25,104.0,0.073,19.92,14.04,20.8,75.0,1500.0,15.2,misfire,0.84
fault_misfire_2,2142,1789814106.974543,4543.8,126.26,748.0,4.25,104.05,0.081,19.52,14.07,20.88,75.0,1500.0,15.2,misfire,0.84
fault_misfire_2,2143,1789814107.974543,4503.4,126.05,748.06,4.27,103.98,0.0787,19.39,14.09,20.84,75.0,1500.0,15.2,misfire,0.84
fault_misfire_2,2144,1789814108.974543,4501.5,126.03,747.0,4.39,103.9,0.0717,19.39,14.13,21.06,75.0,1500.0,15.2,misfire,0.84
fault_misfire_2,2145,1789814109.974543,4553.4,126.04,750.51,4.39,104.02,0.0711,19.7,14.13,21.22,75.0,1500.0,15.2,misfire,0.84
fault_misfire_2,2146,1789814110.974543,4622.7,126.22,751.63,4.39,104.07,0.0707,20.01,14.04,21.27,75.0,1500.0,15.2,misfire,0.84
fault_misfire_2,2147,1789814111.974543,4761.3,125.93,750.64,4.39,104.1,0.0676,20.3,14.13,21.2,75.0,1500.0,15.2,misfire,0.84
fault_misfire_2,2148,1789814112.974543,4844.2,126.32,741.53,4.32,104.03,0.0666,20.86,14.1,21.44,75.0,1500.0,15.2,misfire,0.84
fault_misfire_2,2149,1789814113.974543,4879.7,126.34,743.8,4.39,103.92,0.0654,21.12,14.09,21.32,75.0,1500.0,15.2,misfire,0.84
fault_misfire_2,2150,1789814114.974543,4895.2,126.16,742.42,4.39,103.94,0.0627,21.15,14.06,21.17,75.0,1500.0,15.2,misfire,0.84
fault_misfire_2,2151,1789814115.974543,4859.2,126.13,740.37,4.37,104.04,0.061,20.93,14.07,21.39,75.0,1500.0,15.2,misfire,0.84
fault_misfire_2,2152,1789814116.974543,4767.4,126.26,739.54,4.32,103.98,0.0715,20.62,14.0,20.97,75.0,1500.0,15.2,misfire,0.84
fault_misfire_2,2153,1789814117.974543,4655.5,126.44,738.66,4.4,104.12,0.0688,20.12,13.96,20.92,75.0,1500.0,15.2,misfire,0.84
fault_misfire_2,2154,1789814118.974543,4567.4,126.29,742.12,4.33,104.12,0.0786,19.71,14.0,20.96,75.0,1500.0,15.2,misfire,0.84
fault_misfire_2,2155,1789814119.974543,4507.7,126.3,740.53,4.32,104.22,0.0769,19.36,14.08,21.2,75.0,1500.0,15.2,misfire,0.84
fault_misfire_2,2156,1789814120.974543,4493.4,126.34,740.77,4.4,103.93,0.0772,19.27,14.15,20.8,75.0,1500.0,15.2,misfire,0.84
fault_misfire_2,2157,1789814121.974543,4500.4,126.59,743.4,4.42,103.89,0.0649,19.46,14.12,20.96,75.0,1500.0,15.2,misfire,0.84
fault_misfire_2,2158,1789814122.974543,4568.7,126.61,745.82,4.43,103.86,0.0573,19.74,14.24,21.22,75.0,1500.0,15.2,misfire,0.84
fault_misfire_2,2159,1789814123.974543,4685.2,126.86,742.33,4.42,103.71,0.0544,20.34,14.31,21.17,75.0,1500.0,15.2,misfire,0.84
fault_misfire_2,2160,1789814124.974543,4792.3,126.69,746.38,4.4,103.67,0.0513,20.69,14.35,21.41,75.0,1500.0,15.2,misfire,0.84
fault_misfire_2,2161,1789814125.974543,4879.2,126.71,748.75,4.44,103.67,0.0604,20.94,14.37,21.47,75.0,1500.0,15.2,misfire,0.84
fault_misfire_2,2162,1789814126.974543,4911.3,126.9,746.38,4.42,103.71,0.0606,21.28,14.34,21.43,75.0,1500.0,15.2,misfire,0.84
fault_misfire_2,2163,1789814127.974543,4904.4,126.83,744.26,4.46,103.69,0.0681,21.15,14.29,21.21,75.0,1500.0,15.2,misfire,0.84
fault_misfire_2,2164,1789814128.974543,4847.6,126.87,740.78,4.47,103.72,0.0696,20.91,14.25,21.44,75.0,1500.0,15.2,misfire,0.84
fault_misfire_2,2165,1789814129.974543,4775.8,126.6,744.44,4.45,103.56,0.07,20.41,14.22,21.37,75.0,1500.0,15.2,misfire,0.84
fault_misfire_2,2166,1789814130.974543,4681.2,126.63,742.93,4.46,103.48,0.0792,20.01,14.2,21.27,75.0,1500.0,15.2,misfire,0.84
fault_misfire_2,2167,1789814131.974543,4577.4,126.72,736.54,4.53,103.37,0.0772,19.51,14.18,21.06,75.0,1500.0,15.2,misfire,0.84
fault_misfire_2,2168,1789814132.974543,4499.2,126.65,736.51,4.46,103.21,0.0824,19.3,14.1,21.21,75.0,1500.0,15.2,misfire,0.84
fault_misfire_2,2169,1789814133.974543,4489.4,126.4,736.1,4.37,103.21,0.0851,19.35,14.25,21.28,75.0,1500.0,15.2,misfire,0.84
fault_misfire_2,2170,1789814134.974543,4537.4,126.51,738.84,4.27,103.34,0.0872,19.69,14.17,20.79,75.0,1500.0,15.2,misfire,0.84
fault_misfire_2,2171,1789814135.974543,4629.7,126.29,739.0,4.3,103.43,0.0772,20.11,14.25,20.94,75.0,1500.0,15.2,misfire,0.84
fault_misfire_2,2172,1789814136.974543,4745.4,126.33,743.34,4.28,103.55,0.0789,20.52,14.23,21.32,75.0,1500.0,15.2,misfire,0.84
fault_misfire_2,2173,1789814137.974543,4850.2,126.34,743.49,4.26,103.6,0.0859,20.76,14.22,21.49,75.0,1500.0,15.2,misfire,0.84
fault_misfire_2,2174,1789814138.974543,4888.1,126.67,738.96,4.29,103.54,0.0915,21.17,14.19,21.04,75.0,1500.0,15.2,misfire,0.84
fault_misfire_2,2175,1789814139.974543,4899.3,126.24,734.5,4.35,103.39,0.0839,21.35,14.27,20.91,75.0,1500.0,15.2,misfire,0.84
fault_misfire_2,2176,1789814140.974543,4896.1,126.18,733.94,4.34,103.31,0.0778,21.26,14.22,21.06,75.0,1500.0,15.2,misfire,0.84
fault_misfire_2,2177,1789814141.974543,4810.6,126.25,733.91,4.38,103.27,0.0714,20.86,14.22,21.18,75.0,1500.0,15.2,misfire,0.84
fault_misfire_2,2178,1789814142.974543,4711.4,126.3,733.98,4.42,103.2,0.0707,20.11,14.19,21.09,75.0,1500.0,15.2,misfire,0.84
fault_misfire_2,2179,1789814143.974543,4593.1,126.22,736.19,4.41,103.4,0.0682,19.68,14.22,21.11,75.0,1500.0,15.2,misfire,0.84
fault_misfire_2,2180,1789814144.974543,4530.1,126.19,739.36,4.39,103.39,0.0665,19.36,14.24,21.36,75.0,1500.0,15.2,misfire,0.84
fault_misfire_2,2181,1789814145.974543,4495.3,126.18,744.11,4.33,103.41,0.071,19.31,14.13,21.2,75.0,1500.0,15.2,misfire,0.84
fault_misfire_2,2182,1789814146.974543,4522.2,125.9,742.36,4.39,103.35,0.075,19.3,14.18,21.29,75.0,1500.0,15.2,misfire,0.84
fault_misfire_2,2183,1789814147.974543,4622.2,126.11,739.3,4.36,103.38,0.0755,19.49,14.27,21.03,75.0,1500.0,15.2,misfire,0.84
fault_misfire_2,2184,1789814148.974543,4732.2,125.73,737.56,4.33,103.33,0.0799,19.9,14.16,21.22,75.0,1500.0,15.2,misfire,0.84
fault_misfire_2,2185,1789814149.974543,4828.6,126.25,732.97,4.33,103.22,0.0743,20.23,14.2,21.19,75.0,1500.0,15.2,misfire,0.84
fault_misfire_2,2186,1789814150.974543,4910.9,126.24,737.55,4.33,103.22,0.0712,20.7,14.14,21.58,75.0,1500.0,15.2,misfire,0.84
fault_misfire_2,2187,1789814151.974543,4973.5,126.58,742.82,4.3,103.03,0.0739,21.0,14.18,21.23,75.0,1500.0,15.2,misfire,0.84
fault_misfire_2,2188,1789814152.974543,4976.5,126.53,738.72,4.35,103.04,0.0692,21.05,14.25,21.13,75.0,1500.0,15.2,misfire,0.84
fault_misfire_2,2189,1789814153.974543,4917.9,126.49,740.86,4.28,103.08,0.0736,20.6,14.28,21.27,75.0,1500.0,15.2,misfire,0.84
fault_misfire_2,2190,1789814154.974543,4820.2,126.48,743.72,4.33,103.13,0.074,20.24,14.21,21.22,75.0,1500.0,15.2,misfire,0.84
fault_misfire_2,2191,1789814155.974543,4675.5,126.16,743.15,4.37,103.07,0.0783,19.77,14.16,21.28,75.0,1500.0,15.2,misfire,0.84
fault_misfire_2,2192,1789814156.974543,4588.8,126.22,739.31,4.46,102.97,0.0728,19.4,14.21,21.64,75.0,1500.0,15.2,misfire,0.84
fault_misfire_2,2193,1789814157.974543,4479.5,126.33,735.25,4.29,103.09,0.0762,19.32,14.27,21.67,75.0,1500.0,15.2,misfire,0.84
fault_misfire_2,2194,1789814158.974543,4505.8,126.34,740.81,4.29,102.97,0.0784,19.26,14.25,21.58,75.0,1500.0,15.2,misfire,0.84
fault_misfire_2,2195,1789814159.974543,4560.1,126.3,743.11,4.29,103.02,0.0746,19.49,14.19,21.21,75.0,1500.0,15.2,misfire,0.84
fault_misfire_2,2196,1789814160.974543,4669.4,126.24,741.51,4.38,103.04,0.072,19.88,14.05,21.37,75.0,1500.0,15.2,misfire,0.84
fault_misfire_2,2197,1789814161.974543,4773.9,126.2,739.36,4.37,103.12,0.0727,20.39,14.2,21.11,75.0,1500.0,15.2,misfire,0.84
fault_misfire_2,2198,1789814162.974543,4858.3,126.44,738.72,4.37,102.99,0.0656,20.66,14.18,21.13,75.0,1500.0,15.2,misfire,0.84
fault_misfire_2,2199,1789814163.974543,4929.7,126.54,741.65,4.39,103.07,0.0655,20.8,14.21,21.22,75.0,1500.0,15.2,misfire,0.84
fault_misfire_2,2200,1789814164.974543,4922.3,126.9,737.55,4.4,103.19,0.0635,20.79,14.21,21.1,75.0,1500.0,15.2,misfire,0.84
fault_misfire_2,2201,1789814165.974543,4910.1,126.99,740.68,4.41,103.12,0.065,20.78,14.2,20.86,75.0,1500.0,15.2,misfire,0.84
fault_misfire_2,2202,1789814166.974543,4832.3,127.39,747.48,4.33,103.02,0.0644,20.47,14.22,21.4,75.0,1500.0,15.2,misfire,0.84
fault_misfire_2,2203,1789814167.974543,4728.6,127.41,746.31,4.41,102.94,0.072,20.22,14.22,21.33,75.0,1500.0,15.2,misfire,0.84
fault_misfire_2,2204,1789814168.974543,4605.1,127.39,746.31,4.47,103.07,0.0738,19.81,14.17,21.19,75.0,1500.0,15.2,misfire,0.84
fault_misfire_2,2205,1789814169.974543,4516.1,127.47,746.66,4.42,103.2,0.0811,19.42,14.17,21.29,75.0,1500.0,15.2,misfire,0.84
fault_misfire_2,2206,1789814170.974543,4464.8,127.51,746.47,4.38,103.28,0.0807,19.21,14.09,20.88,75.0,1500.0,15.2,misfire,0.84
fault_misfire_2,2207,1789814171.974543,4479.6,127.33,748.25,4.32,103.41,0.0761,19.35,14.09,21.17,75.0,1500.0,15.2,misfire,0.84
fault_misfire_2,2208,1789814172.974543,4559.4,127.15,747.82,4.33,103.44,0.0799,19.45,14.09,21.0,75.0,1500.0,15.2,misfire,0.84
fault_misfire_2,2209,1789814173.974543,4666.4,127.48,745.2,4.34,103.44,0.0743,20.0,14.04,20.9,75.0,1500.0,15.2,misfire,0.84
fault_misfire_2,2210,1789814174.974543,4794.3,127.34,742.46,4.33,103.5,0.0766,20.41,13.96,21.04,75.0,1500.0,15.2,misfire,0.84
fault_misfire_2,2211,1789814175.974543,4886.8,127.38,739.92,4.28,103.53,0.0895,20.87,13.97,20.64,75.0,1500.0,15.2,misfire,0.84
fault_misfire_2,2212,1789814176.974543,4973.5,127.42,735.42,4.28,103.41,0.0903,21.18,14.0,20.74,75.0,1500.0,15.2,misfire,0.84
fault_misfire_2,2213,1789814177.974543,4949.3,127.25,734.16,4.25,103.38,0.0818,21.26,14.01,20.89,75.0,1500.0,15.2,misfire,0.84
fault_misfire_2,2214,1789814178.974543,4893.5,127.49,737.07,4.29,103.37,0.079,20.97,14.11,20.99,75.0,1500.0,15.2,misfire,0.84
fault_misfire_2,2215,1789814179.974543,4776.9,127.32,734.6,4.19,103.39,0.0784,20.59,14.1,21.05,75.0,1500.0,15.2,misfire,0.84
fault_misfire_2,2216,1789814180.974543,4665.5,127.03,737.59,4.2,103.38,0.0717,20.19,14.13,21.0,75.0,1500.0,15.2,misfire,0.84
fault_misfire_2,2217,1789814181.974543,4560.5,126.51,735.19,4.09,103.42,0.0702,19.72,14.11,21.14,75.0,1500.0,15.2,misfire,0.84
fault_misfire_2,2218,1789814182.974543,4485.7,126.0,735.82,4.27,103.39,0.0607,19.49,14.1,21.2,75.0,1500.0,15.2,misfire,0.84
fault_misfire_2,2219,1789814183.974543,4495.9,126.37,735.74,4.41,103.4,0.0615,19.33,14.06,21.11,75.0,1500.0,15.2,misfire,0.84
fault_misfire_2,2220,1789814184.974543,4531.1,126.69,735.61,4.33,103.59,0.0631,19.46,14.09,20.7,75.0,1500.0,15.2,misfire,0.84
fault_misfire_2,2221,1789814185.974543,4617.5,126.71,737.29,4.34,103.61,0.072,19.81,14.04,20.5,75.0,1500.0,15.2,misfire,0.84
fault_misfire_2,2222,1789814186.974543,4747.0,126.55,737.14,4.31,103.66,0.0761,20.27,14.09,20.6,75.0,1500.0,15.2,misfire,0.84
fault_misfire_2,2223,1789814187.974543,4859.5,126.81,739.72,4.32,103.65,0.0725,20.67,14.08,20.83,75.0,1500.0,15.2,misfire,0.84
fault_misfire_2,2224,1789814188.974543,4936.9,127.26,739.13,4.3,103.8,0.0601,20.8,14.1,20.87,75.0,1500.0,15.2,misfire,0.84
fault_misfire_2,2225,1789814189.974543,4964.4,127.21,742.48,4.33,103.69,0.0615,21.07,14.06,20.84,75.0,1500.0,15.2,misfire,0.84
fault_misfire_2,2226,1789814190.974543,4928.2,127.0,738.41,4.29,103.54,0.0661,20.99,14.14,21.23,75.0,1500.0,15.2,misfire,0.84
fault_misfire_2,2227,1789814191.974543,4830.7,126.98,737.2,4.33,103.61,0.0642,20.5,14.2,21.16,75.0,1500.0,15.2,misfire,0.84
fault_misfire_2,2228,1789814192.974543,4719.8,126.43,737.9,4.37,103.6,0.0631,20.15,14.18,21.24,75.0,1500.0,15.2,misfire,0.84
fault_misfire_2,2229,1789814193.974543,4606.2,126.41,740.9,4.27,103.46,0.0613,19.65,14.13,21.34,75.0,1500.0,15.2,misfire,0.84
fault_misfire_2,2230,1789814194.974543,4509.5,126.67,735.37,4.26,103.54,0.0666,19.22,14.03,21.55,75.0,1500.0,15.2,misfire,0.84
fault_misfire_2,2231,1789814195.974543,4434.4,126.66,735.75,4.17,103.48,0.0624,19.08,13.98,21.34,75.0,1500.0,15.2,misfire,0.84
fault_misfire_2,2232,1789814196.974543,4467.4,126.86,735.63,4.17,103.58,0.0716,19.22,14.05,21.62,75.0,1500.0,15.2,misfire,0.84
fault_misfire_2,2233,1789814197.974543,4546.8,126.6,738.06,4.2,103.6,0.075,19.59,13.93,21.54,75.0,1500.0,15.2,misfire,0.84
fault_misfire_2,2234,1789814198.974543,4659.6,126.43,736.77,4.25,103.5,0.0681,20.07,13.83,21.58,75.0,1500.0,15.2,misfire,0.84
fault_misfire_2,2235,1789814199.974543,4787.7,126.68,734.78,4.33,103.38,0.0618,20.55,13.9,21.19,75.0,1500.0,15.2,misfire,0.84
fault_misfire_2,2236,1789814200.974543,4872.6,126.68,735.28,4.27,103.45,0.0536,20.93,13.93,21.45,75.0,1500.0,15.2,misfire,0.84
fault_misfire_2,2237,1789814201.974543,4972.6,126.84,733.8,4.25,103.38,0.0608,21.32,13.96,21.17,75.0,1500.0,15.2,misfire,0.84
fault_misfire_2,2238,1789814202.974543,4971.8,126.95,735.15,4.19,103.61,0.0653,21.23,13.97,21.45,75.0,1500.0,15.2,misfire,0.84
fault_misfire_2,2239,1789814203.974543,4926.5,126.62,734.82,4.3,103.86,0.0779,20.81,14.04,21.45,75.0,1500.0,15.2,misfire,0.84
fault_misfire_2,2240,1789814204.974543,4820.5,126.68,739.04,4.38,103.73,0.0702,20.54,14.06,21.06,75.0,1500.0,15.2,misfire,0.84
fault_misfire_2,2241,1789814205.974543,4687.4,126.72,740.84,4.33,103.87,0.0693,19.92,14.05,21.12,75.0,1500.0,15.2,misfire,0.84
fault_misfire_2,2242,1789814206.974543,4565.8,126.36,738.95,4.31,103.86,0.0694,19.45,14.07,21.07,75.0,1500.0,15.2,misfire,0.84
fault_misfire_2,2243,1789814207.974543,4469.8,126.44,743.34,4.26,103.75,0.0663,19.09,14.23,21.28,75.0,1500.0,15.2,misfire,0.84
fault_misfire_2,2244,1789814208.974543,4464.0,126.31,738.57,4.22,103.74,0.0637,18.89,14.21,21.44,75.0,1500.0,15.2,misfire,0.84
fault_misfire_2,2245,1789814209.974543,4485.8,126.5,736.09,4.25,103.93,0.0682,19.0,14.28,21.4,75.0,1500.0,15.2,misfire,0.84
fault_misfire_2,2246,1789814210.974543,4581.9,126.45,728.38,4.24,103.82,0.0694,19.58,14.31,21.32,75.0,1500.0,15.2,misfire,0.84
fault_misfire_2,2247,1789814211.974543,4708.6,126.36,726.55,4.25,103.65,0.0691,20.13,14.38,21.48,75.0,1500.0,15.2,misfire,0.84
fault_misfire_2,2248,1789814212.974543,4831.3,126.52,732.77,4.25,103.73,0.076,20.92,14.3,21.52,75.0,1500.0,15.2,misfire,0.84
fault_misfire_2,2249,1789814213.974543,4947.6,126.99,729.43,4.21,103.73,0.0807,21.22,14.26,21.33,75.0,1500.0,15.2,misfire,0.84
fault_misfire_2,2250,1789814214.974543,4981.6,127.07,738.43,4.25,103.64,0.0792,21.45,14.24,20.96,75.0,1500.0,15.2,misfire,0.84
fault_misfire_2,2251,1789814215.974543,4960.6,126.93,743.21,4.33,103.51,0.0793,21.46,14.17,20.93,75.0,1500.0,15.2,misfire,0.84
fault_misfire_2,2252,1789814216.974543,4875.8,126.95,740.37,4.38,103.59,0.0751,21.07,14.12,20.61,75.0,1500.0,15.2,misfire,0.84
fault_misfire_2,2253,1789814217.974543,4744.3,127.18,738.94,4.45,103.59,0.0655,20.58,14.14,21.12,75.0,1500.0,15.2,misfire,0.84
fault_misfire_2,2254,1789814218.974543,4605.8,127.09,735.96,4.51,103.58,0.0695,19.99,14.14,21.35,75.0,1500.0,15.2,misfire,0.84
fault_misfire_2,2255,1789814219.974543,4499.8,127.08,735.65,4.48,103.69,0.0735,19.47,14.16,21.36,75.0,1500.0,15.2,misfire,0.84
fault_misfire_2,2256,1789814220.974543,4437.7,126.97,740.53,4.52,103.58,0.0648,19.16,14.13,21.32,75.0,1500.0,15.2,misfire,0.84
fault_misfire_2,2257,1789814221.974543,4437.8,126.77,742.14,4.45,103.63,0.0684,19.27,14.14,21.56,75.0,1500.0,15.2,misfire,0.84
fault_misfire_2,2258,1789814222.974543,4531.2,126.59,742.07,4.32,103.71,0.0675,19.71,14.1,21.47,75.0,1500.0,15.2,misfire,0.84
fault_misfire_2,2259,1789814223.974543,4640.4,126.33,743.83,4.38,103.86,0.0748,20.07,14.12,21.21,75.0,1500.0,15.2,misfire,0.84
fault_misfire_2,2260,1789814224.974543,4766.6,126.53,739.81,4.34,104.04,0.0671,20.64,14.09,21.32,75.0,1500.0,15.2,misfire,0.84
fault_misfire_2,2261,1789814225.974543,4894.9,126.64,733.05,4.4,103.94,0.0664,21.23,14.06,21.2,75.0,1500.0,15.2,misfire,0.84
fault_misfire_2,2262,1789814226.974543,4987.0,126.49,736.92,4.43,103.97,0.0648,21.47,14.05,21.7,75.0,1500.0,15.2,misfire,0.84
fault_misfire_2,2263,1789814227.974543,5015.3,126.62,737.34,4.38,103.83,0.0723,21.5,14.13,21.35,75.0,1500.0,15.2,misfire,0.84
fault_misfire_2,2264,1789814228.974543,4924.3,126.6,740.52,4.38,103.94,0.0728,21.37,14.08,21.42,75.0,1500.0,15.2,misfire,0.84
fault_misfire_2,2265,1789814229.974543,4816.8,126.8,737.8,4.22,104.07,0.0745,20.93,13.98,21.33,75.0,1500.0,15.2,misfire,0.84
fault_misfire_2,2266,1789814230.974543,4684.5,127.15,742.34,4.23,104.06,0.0716,20.33,13.98,21.16,75.0,1500.0,15.2,misfire,0.84
fault_misfire_2,2267,1789814231.974543,4549.7,127.03,740.7,4.22,104.13,0.0755,20.0,14.04,21.21,75.0,1500.0,15.2,misfire,0.84
fault_misfire_2,2268,1789814232.974543,4435.2,127.04,738.39,4.22,104.14,0.0625,19.61,14.09,21.48,75.0,1500.0,15.2,misfire,0.84
fault_misfire_2,2269,1789814233.974543,4412.8,126.85,737.56,4.31,104.15,0.076,19.51,14.08,21.46,75.0,1500.0,15.2,misfire,0.84
fault_misfire_2,2270,1789814234.974543,4463.9,126.46,739.03,4.32,104.09,0.0746,19.51,14.05,21.45,75.0,1500.0,15.2,misfire,0.84
fault_misfire_2,2271,1789814235.974543,4576.2,126.37,742.1,4.33,104.09,0.0752,19.88,14.09,21.32,75.0,1500.0,15.2,misfire,0.84
fault_misfire_2,2272,1789814236.974543,4703.8,126.54,743.61,4.33,104.05,0.0818,20.6,14.05,21.42,75.0,1500.0,15.2,misfire,0.84
fault_misfire_2,2273,1789814237.974543,4826.6,126.7,748.11,4.42,104.17,0.0721,21.11,14.04,21.37,75.0,1500.0,15.2,misfire,0.84
fault_misfire_2,2274,1789814238.974543,4928.8,126.83,749.07,4.39,104.03,0.0723,21.52,14.0,21.08,75.0,1500.0,15.2,misfire,0.84
fault_misfire_2,2275,1789814239.974543,4987.4,126.64,749.85,4.41,103.87,0.0712,21.62,14.04,21.12,75.0,1500.0,15.2,misfire,0.84
fault_misfire_2,2276,1789814240.974543,4955.8,126.48,746.15,4.37,103.84,0.0776,21.31,14.08,20.75,75.0,1500.0,15.2,misfire,0.84
fault_misfire_2,2277,1789814241.974543,4871.6,126.28,746.64,4.38,104.03,0.0676,20.75,14.15,20.65,75.0,1500.0,15.2,misfire,0.84
fault_misfire_2,2278,1789814242.974543,4760.3,126.45,748.49,4.37,104.35,0.0756,20.34,14.19,20.57,75.0,1500.0,15.2,misfire,0.84
fault_misfire_2,2279,1789814243.974543,4596.8,126.69,746.05,4.3,104.45,0.0707,19.68,14.14,20.97,75.0,1500.0,15.2,misfire,0.84
fault_misfire_2,2280,1789814244.974543,4484.6,126.61,746.29,4.36,104.46,0.0719,19.1,14.1,21.1,75.0,1500.0,15.2,misfire,0.84
fault_misfire_2,2281,1789814245.974543,4436.9,126.59,746.04,4.34,104.5,0.0719,19.02,14.04,20.85,75.0,1500.0,15.2,misfire,0.84
fault_misfire_2,2282,1789814246.974543,4411.3,126.28,746.5,4.35,104.43,0.0613,19.03,14.02,21.23,75.0,1500.0,15.2,misfire,0.84
fault_misfire_2,2283,1789814247.974543,4500.9,126.48,746.29,4.29,104.23,0.0595,19.33,14.06,21.32,75.0,1500.0,15.2,misfire,0.84
fault_misfire_2,2284,1789814248.974543,4621.0,126.52,744.67,4.35,104.21,0.0607,19.88,14.05,21.13,75.0,1500.0,15.2,misfire,0.84
fault_misfire_2,2285,1789814249.974543,4754.7,126.16,740.53,4.38,104.08,0.0649,20.54,14.05,21.06,75.0,1500.0,15.2,misfire,0.84
fault_misfire_2,2286,1789814250.974543,4878.0,126.29,737.78,4.38,104.0,0.0756,21.43,14.01,20.8,75.0,1500.0,15.2,misfire,0.84
fault_misfire_2,2287,1789814251.974543,4973.9,126.57,739.74,4.39,103.9,0.0752,21.56,13.99,20.74,75.0,1500.0,15.2,misfire,0.84
fault_misfire_2,2288,1789814252.974543,5015.0,126.35,737.4,4.35,103.74,0.0802,21.53,14.04,20.95,75.0,1500.0,15.2,misfire,0.84
fault_misfire_2,2289,1789814253.974543,4963.6,126.31,741.21,4.35,103.81,0.0789,21.22,14.06,21.12,75.0,1500.0,15.2,misfire,0.84
fault_misfire_2,2290,1789814254.974543,4858.7,126.03,742.4,4.31,103.91,0.0696,20.68,14.03,21.05,75.0,1500.0,15.2,misfire,0.84
fault_misfire_2,2291,1789814255.974543,4705.7,126.14,745.38,4.28,103.83,0.0712,20.13,14.0,21.31,75.0,1500.0,15.2,misfire,0.84
fault_misfire_2,2292,1789814256.974543,4537.5,126.0,744.74,4.35,103.87,0.0731,19.58,13.91,21.27,75.0,1500.0,15.2,misfire,0.84
fault_misfire_2,2293,1789814257.974543,4467.0,125.89,743.96,4.38,103.85,0.0748,18.91,13.94,20.88,75.0,1500.0,15.2,misfire,0.84
fault_misfire_2,2294,1789814258.974543,4421.3,126.0,745.53,4.32,103.98,0.0766,18.73,13.96,20.83,75.0,1500.0,15.2,misfire,0.84
fault_misfire_2,2295,1789814259.974543,4437.6,126.16,742.65,4.4,103.89,0.0864,18.88,13.92,21.1,75.0,1500.0,15.2,misfire,0.84
fault_misfire_2,2296,1789814260.974543,4533.8,126.09,739.44,4.45,103.95,0.0703,19.47,13.93,21.33,75.0,1500.0,15.2,misfire,0.84
fault_misfire_2,2297,1789814261.974543,4673.8,125.98,741.53,4.4,103.76,0.0786,19.93,13.91,21.28,75.0,1500.0,15.2,misfire,0.84
fault_misfire_2,2298,1789814262.974543,4797.3,125.85,737.96,4.4,103.93,0.0836,20.49,13.93,21.36,75.0,1500.0,15.2,misfire,0.84
fault_misfire_2,2299,1789814263.974543,4925.5,126.01,737.4,4.43,103.92,0.0792,21.05,13.89,21.26,75.0,1500.0,15.2,misfire,0.84
fault_misfire_2,2300,1789814264.974543,4986.8,126.32,739.36,4.39,103.84,0.0881,21.17,13.89,21.34,75.0,1500.0,15.2,misfire,0.84
fault_misfire_2,2301,1789814265.974543,4996.9,126.29,740.7,4.44,103.9,0.0684,21.27,13.93,21.5,75.0,1500.0,15.2,misfire,0.84
fault_misfire_2,2302,1789814266.974543,4909.3,126.25,738.94,4.37,103.93,0.0623,20.91,13.95,21.29,75.0,1500.0,15.2,misfire,0.84
fault_misfire_2,2303,1789814267.974543,4777.5,126.62,740.86,4.39,103.96,0.0637,20.35,14.0,21.25,75.0,1500.0,15.2,misfire,0.84
fault_misfire_2,2304,1789814268.974543,4648.3,126.62,740.21,4.45,103.95,0.0694,19.64,13.97,21.13,75.0,1500.0,15.2,misfire,0.84
fault_misfire_2,2305,1789814269.974543,4491.6,126.66,740.87,4.39,103.92,0.0698,19.17,14.04,21.04,75.0,1500.0,15.2,misfire,0.84
fault_misfire_2,2306,1789814270.974543,4412.3,126.46,747.03,4.53,103.99,0.0696,18.74,14.08,21.1,75.0,1500.0,15.2,misfire,0.84
fault_misfire_2,2307,1789814271.974543,4407.7,126.34,749.29,4.46,103.95,0.0712,18.7,14.06,21.12,75.0,1500.0,15.2,misfire,0.84
fault_misfire_2,2308,1789814272.974543,4467.7,126.21,750.61,4.42,103.93,0.07,19.07,14.06,21.19,75.0,1500.0,15.2,misfire,0.84
fault_misfire_2,2309,1789814273.974543,4583.5,126.07,745.83,4.34,103.99,0.0703,19.52,14.15,21.41,75.0,1500.0,15.2,misfire,0.84
fault_misfire_2,2310,1789814274.974543,4734.9,126.45,746.59,4.41,104.04,0.0666,20.31,14.22,21.08,75.0,1500.0,15.2,misfire,0.84
fault_misfire_2,2311,1789814275.974543,4863.0,126.22,740.36,4.28,104.09,0.0738,21.03,14.19,20.61,75.0,1500.0,15.2,misfire,0.84
fault_misfire_2,2312,1789814276.974543,4964.7,126.26,742.9,4.26,104.01,0.0804,21.57,14.22,20.65,75.0,1500.0,15.2,misfire,0.84
fault_misfire_2,2313,1789814277.974543,4993.0,126.37,744.63,4.31,104.05,0.0804,21.73,14.15,20.78,75.0,1500.0,15.2,misfire,0.84
fault_misfire_2,2314,1789814278.974543,4953.4,126.4,739.13,4.38,104.22,0.0744,21.17,14.14,20.62,75.0,1500.0,15.2,misfire,0.84
fault_misfire_2,2315,1789814279.974543,4849.9,126.57,738.36,4.36,104.0,0.0713,20.65,14.15,21.09,75.0,1500.0,15.2,misfire,0.84
fault_misfire_2,2316,1789814280.974543,4706.3,126.71,742.15,4.42,103.99,0.0663,20.14,14.19,21.21,75.0,1500.0,15.2,misfire,0.84
fault_misfire_2,2317,1789814281.974543,4566.8,126.85,746.16,4.41,103.91,0.0668,19.52,14.15,21.01,75.0,1500.0,15.2,misfire,0.84
fault_misfire_2,2318,1789814282.974543,4455.1,127.1,743.56,4.4,104.09,0.0618,19.08,14.16,20.76,75.0,1500.0,15.2,misfire,0.84
fault_misfire_2,2319,1789814283.974543,4413.1,127.15,745.92,4.42,104.01,0.0724,18.94,14.14,21.15,75.0,1500.0,15.2,misfire,0.84
fault_misfire_2,2320,1789814284.974543,4429.5,127.17,737.17,4.32,103.94,0.0779,19.02,14.15,21.25,75.0,1500.0,15.2,misfire,0.84
fault_misfire_2,2321,1789814285.974543,4512.0,126.96,733.24,4.33,104.03,0.0759,19.54,14.2,20.84,75.0,1500.0,15.2,misfire,0.84
fault_misfire_2,2322,1789814286.974543,4664.0,127.16,736.53,4.28,104.09,0.0797,20.19,14.24,21.09,75.0,1500.0,15.2,misfire,0.84
fault_misfire_2,2323,1789814287.974543,4833.3,127.31,734.31,4.36,104.2,0.0792,20.69,14.24,21.42,75.0,1500.0,15.2,misfire,0.84
fault_misfire_2,2324,1789814288.974543,4959.7,127.44,734.74,4.3,104.16,0.0833,21.24,14.23,21.61,75.0,1500.0,15.2,misfire,0.84
fault_misfire_2,2325,1789814289.974543,5023.9,127.41,733.63,4.28,104.21,0.0866,21.5,14.17,21.39,75.0,1500.0,15.2,misfire,0.84
fault_misfire_2,2326,1789814290.974543,5034.3,127.46,731.3,4.27,104.39,0.0811,21.54,14.2,21.49,75.0,1500.0,15.2,misfire,0.84
fault_misfire_2,2327,1789814291.974543,4945.5,127.47,728.08,4.31,104.38,0.0742,21.3,14.17,21.47,75.0,1500.0,15.2,misfire,0.84
fault_misfire_2,2328,1789814292.974543,4801.9,127.75,731.82,4.28,104.42,0.0728,20.7,14.07,21.14,75.0,1500.0,15.2,misfire,0.84
fault_misfire_2,2329,1789814293.974543,4666.4,127.72,735.85,4.3,104.43,0.0755,20.1,14.11,21.3,75.0,1500.0,15.2,misfire,0.84
fault_misfire_2,2330,1789814294.974543,4522.2,127.48,738.86,4.33,104.36,0.0819,19.37,14.08,21.19,75.0,1500.0,15.2,misfire,0.84
fault_misfire_2,2331,1789814295.974543,4417.7,126.99,732.51,4.39,104.33,0.0768,18.94,14.12,20.92,75.0,1500.0,15.2,misfire,0.84
fault_misfire_2,2332,1789814296.974543,4399.8,126.95,729.89,4.32,104.36,0.0722,18.88,14.08,21.15,75.0,1500.0,15.2,misfire,0.84
fault_misfire_2,2333,1789814297.974543,4460.6,127.2,732.97,4.33,104.37,0.0752,19.08,14.08,21.07,75.0,1500.0,15.2,misfire,0.84
fault_misfire_2,2334,1789814298.974543,4572.1,126.85,736.86,4.3,104.3,0.0709,19.58,13.98,21.06,75.0,1500.0,15.2,misfire,0.84
fault_misfire_2,2335,1789814299.974543,4709.5,127.16,741.83,4.26,104.24,0.0745,20.22,13.98,21.14,75.0,1500.0,15.2,misfire,0.84
fault_misfire_2,2336,1789814300.974543,4858.9,127.03,742.57,4.2,104.04,0.0778,20.78,14.0,20.93,75.0,1500.0,15.2,misfire,0.84
fault_misfire_2,2337,1789814301.974543,4992.5,127.07,744.57,4.21,104.19,0.0709,21.24,14.07,21.07,75.0,1500.0,15.2,misfire,0.84
fault_misfire_2,2338,1789814302.974543,5026.0,126.97,742.55,4.27,104.21,0.0681,21.45,14.13,21.01,75.0,1500.0,15.2,misfire,0.84
fault_misfire_2,2339,1789814303.974543,5008.1,126.95,743.99,4.29,104.29,0.0712,21.27,14.16,21.23,75.0,1500.0,15.2,misfire,0.84
fault_misfire_2,2340,1789814304.974543,4889.7,126.87,743.1,4.29,104.4,0.0668,20.8,14.19,21.28,75.0,1500.0,15.2,misfire,0.84
fault_misfire_2,2341,1789814305.974543,4735.1,126.83,740.3,4.27,104.14,0.0677,20.24,14.17,21.2,75.0,1500.0,15.2,misfire,0.84
fault_misfire_2,2342,1789814306.974543,4582.4,126.61,739.36,4.3,104.14,0.0709,19.57,14.21,21.09,75.0,1500.0,15.2,misfire,0.84
fault_misfire_2,2343,1789814307.974543,4434.5,126.56,743.07,4.29,104.27,0.0744,19.27,14.11,21.48,75.0,1500.0,15.2,misfire,0.84
fault_misfire_2,2344,1789814308.974543,4365.9,126.49,748.02,4.37,104.21,0.0727,18.85,14.07,21.68,75.0,1500.0,15.2,misfire,0.84
fault_misfire_2,2345,1789814309.974543,4356.2,126.23,747.73,4.29,104.19,0.0736,18.83,14.08,21.37,75.0,1500.0,15.2,misfire,0.84
fault_misfire_2,2346,1789814310.974543,4458.7,126.19,748.69,4.35,104.13,0.0692,19.04,14.07,21.29,75.0,1500.0,15.2,misfire,0.84
fault_misfire_2,2347,1789814311.974543,4605.4,126.11,748.58,4.47,104.24,0.0764,19.61,13.98,21.35,75.0,1500.0,15.2,misfire,0.84
fault_misfire_2,2348,1789814312.974543,4759.6,126.56,746.25,4.4,104.24,0.0694,20.37,13.95,21.47,75.0,1500.0,15.2,misfire,0.84
fault_misfire_2,2349,1789814313.974543,4912.9,126.78,748.77,4.36,104.38,0.0729,21.31,13.97,21.57,75.0,1500.0,15.2,misfire,0.84
fault_misfire_2,2350,1789814314.974543,5033.2,126.77,750.01,4.36,104.37,0.0671,21.85,13.97,21.53,75.0,1500.0,15.2,misfire,0.84
fault_misfire_2,2351,1789814315.974543,5052.7,126.88,741.01,4.42,104.38,0.064,21.89,14.01,21.66,75.0,1500.0,15.2,misfire,0.84
fault_misfire_2,2352,1789814316.974543,4986.6,126.74,739.55,4.44,104.39,0.0672,21.58,13.94,21.55,75.0,1500.0,15.2,misfire,0.84
fault_misfire_2,2353,1789814317.974543,4843.1,126.51,741.78,4.39,104.34,0.0695,20.8,14.01,21.64,75.0,1500.0,15.2,misfire,0.84
fault_misfire_2,2354,1789814318.974543,4689.0,126.28,737.68,4.39,104.27,0.07,19.99,14.06,21.62,75.0,1500.0,15.2,misfire,0.84
fault_misfire_2,2355,1789814319.974543,4537.1,126.04,735.46,4.37,104.31,0.0757,19.09,14.14,21.68,75.0,1500.0,15.2,misfire,0.84
fault_misfire_2,2356,1789814320.974543,4380.5,126.23,736.88,4.41,104.3,0.0749,18.8,14.12,21.47,75.0,1500.0,15.2,misfire,0.84
fault_misfire_2,2357,1789814321.974543,4336.4,126.31,737.78,4.41,104.3,0.0684,18.64,14.18,21.48,75.0,1500.0,15.2,misfire,0.84
fault_misfire_2,2358,1789814322.974543,4389.8,126.48,740.05,4.29,104.45,0.0716,18.9,14.14,21.47,75.0,1500.0,15.2,misfire,0.84
fault_misfire_2,2359,1789814323.974543,4489.2,126.52,742.91,4.34,104.43,0.0775,19.5,14.1,21.52,75.0,1500.0,15.2,misfire,0.84
fault_misfire_2,2360,1789814324.974543,4676.8,126.36,742.82,4.38,104.49,0.0715,20.28,14.08,21.37,75.0,1500.0,15.2,misfire,0.84
fault_misfire_2,2361,1789814325.974543,4844.0,126.45,745.31,4.43,104.54,0.0736,20.92,14.13,21.2,75.0,1500.0,15.2,misfire,0.84
fault_misfire_2,2362,1789814326.974543,4990.4,126.74,739.59,4.41,104.52,0.0703,21.44,14.14,21.41,75.0,1500.0,15.2,misfire,0.84
fault_misfire_2,2363,1789814327.974543,5067.6,126.33,743.57,4.39,104.43,0.0747,21.66,14.11,21.45,75.0,1500.0,15.2,misfire,0.84
fault_misfire_2,2364,1789814328.974543,5058.6,126.3,748.4,4.39,104.42,0.0748,21.66,14.13,21.18,75.0,1500.0,15.2,misfire,0.84
fault_misfire_2,2365,1789814329.974543,4954.6,126.33,745.59,4.4,104.51,0.0744,21.25,14.11,21.23,75.0,1500.0,15.2,misfire,0.84
fault_misfire_2,2366,1789814330.974543,4790.2,126.27,746.44,4.46,104.62,0.0789,20.55,14.15,21.1,75.0,1500.0,15.2,misfire,0.84
fault_misfire_2,2367,1789814331.974543,4632.8,126.08,743.95,4.42,104.58,0.075,19.78,14.19,20.9,75.0,1500.0,15.2,misfire,0.84
fault_misfire_2,2368,1789814332.974543,4487.2,125.98,739.62,4.43,104.53,0.0701,19.04,14.18,20.93,75.0,1500.0,15.2,misfire,0.84
fault_misfire_2,2369,1789814333.974543,4403.8,125.89,746.53,4.45,104.45,0.0765,18.85,14.2,21.25,75.0,1500.0,15.2,misfire,0.84
fault_misfire_2,2370,1789814334.974543,4399.9,126.08,745.92,4.37,104.27,0.0766,18.77,14.18,21.46,75.0,1500.0,15.2,misfire,0.84
fault_misfire_2,2371,1789814335.974543,4497.2,126.08,745.19,4.39,104.17,0.0866,18.96,14.17,21.61,75.0,1500.0,15.2,misfire,0.84
fault_misfire_2,2372,1789814336.974543,4665.2,126.03,740.38,4.33,104.15,0.0834,19.68,14.2,21.88,75.0,1500.0,15.2,misfire,0.84
fault_misfire_2,2373,1789814337.974543,4838.7,126.43,743.13,4.33,104.3,0.0836,20.31,14.23,21.53,75.0,1500.0,15.2,misfire,0.84
fault_misfire_2,2374,1789814338.974543,4962.9,126.55,744.07,4.4,104.18,0.0707,20.91,14.29,21.54,75.0,1500.0,15.2,misfire,0.84
fault_misfire_2,2375,1789814339.974543,5079.0,126.73,751.87,4.37,104.12,0.0788,21.22,14.27,21.7,75.0,1500.0,15.2,misfire,0.84
fault_misfire_2,2376,1789814340.974543,5074.7,127.06,747.72,4.28,104.19,0.0785,21.49,14.17,21.44,75.0,1500.0,15.2,misfire,0.84
fault_misfire_2,2377,1789814341.974543,4981.9,127.06,750.14,4.34,104.18,0.0733,21.17,14.15,21.19,75.0,1500.0,15.2,misfire,0.84
fault_misfire_2,2378,1789814342.974543,4857.9,126.94,749.49,4.28,104.3,0.0698,20.62,14.17,21.09,75.0,1500.0,15.2,misfire,0.84
fault_misfire_2,2379,1789814343.974543,4684.0,126.97,750.02,4.27,104.34,0.0676,19.88,14.2,21.27,75.0,1500.0,15.2,misfire,0.84
fault_misfire_2,2380,1789814344.974543,4517.6,126.56,747.51,4.19,104.18,0.0673,19.27,14.17,21.49,75.0,1500.0,15.2,misfire,0.84
fault_misfire_2,2381,1789814345.974543,4396.5,126.55,748.7,4.26,104.06,0.0716,18.78,14.14,21.12,75.0,1500.0,15.2,misfire,0.84
fault_misfire_2,2382,1789814346.974543,4351.7,126.39,747.81,4.38,104.05,0.0628,18.68,14.24,21.58,75.0,1500.0,15.2,misfire,0.84
fault_misfire_2,2383,1789814347.974543,4416.3,126.18,752.72,4.44,104.08,0.0649,18.81,14.23,21.53,75.0,1500.0,15.2,misfire,0.84
fault_misfire_2,2384,1789814348.974543,4516.2,126.12,750.18,4.41,104.05,0.0763,19.21,14.2,21.3,75.0,1500.0,15.2,misfire,0.84
fault_misfire_2,2385,1789814349.974543,4690.9,126.55,745.96,4.46,104.03,0.0795,19.98,14.19,21.21,75.0,1500.0,15.2,misfire,0.84
fault_misfire_2,2386,1789814350.974543,4845.7,126.5,746.49,4.51,104.19,0.0783,21.02,14.15,21.57,75.0,1500.0,15.2,misfire,0.84
fault_misfire_2,2387,1789814351.974543,4942.2,126.86,740.98,4.46,104.06,0.0698,21.55,14.04,21.74,75.0,1500.0,15.2,misfire,0.84
fault_misfire_2,2388,1789814352.974543,5036.6,126.93,741.04,4.46,104.03,0.0625,21.91,14.03,21.65,75.0,1500.0,15.2,misfire,0.84
fault_misfire_2,2389,1789814353.974543,5054.0,127.08,739.07,4.39,103.87,0.0711,21.8,14.07,21.53,75.0,1500.0,15.2,misfire,0.84
fault_misfire_2,2390,1789814354.974543,4949.6,126.96,741.74,4.45,103.9,0.0661,21.29,14.05,21.52,75.0,1500.0,15.2,misfire,0.84
fault_misfire_2,2391,1789814355.974543,4792.3,127.13,746.8,4.39,104.01,0.0645,20.5,13.98,21.3,75.0,1500.0,15.2,misfire,0.84
fault_misfire_2,2392,1789814356.974543,4618.5,126.74,744.36,4.3,104.0,0.0697,19.95,14.07,21.62,75.0,1500.0,15.2,misfire,0.84
fault_misfire_2,2393,1789814357.974543,4456.7,126.87,746.26,4.4,104.25,0.0792,19.15,13.96,21.56,75.0,1500.0,15.2,misfire,0.84
fault_misfire_2,2394,1789814358.974543,4349.5,126.9,746.98,4.39,104.08,0.076,18.74,13.88,21.23,75.0,1500.0,15.2,misfire,0.84
fault_misfire_2,2395,1789814359.974543,4301.6,126.62,750.7,4.41,104.16,0.0712,18.78,13.81,21.4,75.0,1500.0,15.2,misfire,0.84
fault_misfire_2,2396,1789814360.974543,4393.6,126.25,747.83,4.49,104.2,0.0762,19.24,13.92,21.19,75.0,1500.0,15.2,misfire,0.84
fault_misfire_2,2397,1789814361.974543,4522.6,126.35,745.75,4.48,104.13,0.0706,19.83,14.0,21.35,75.0,1500.0,15.2,misfire,0.84
fault_misfire_2,2398,1789814362.974543,4731.9,125.88,746.64,4.48,104.06,0.0698,20.76,13.94,21.29,75.0,1500.0,15.2,misfire,0.84
fault_misfire_2,2399,1789814363.974543,4907.5,126.06,745.67,4.45,104.2,0.0652,21.39,13.92,21.04,75.0,1500.0,15.2,misfire,0.84
fault_misfire_2,2400,1789814364.974543,4011.0,125.67,722.44,3.66,104.15,0.0627,16.1,13.81,17.85,30.0,1495.8,15.3,misfire,0.84
fault_misfire_2,2401,1789814365.974543,3505.6,125.31,689.3,3.11,104.1,0.0582,13.24,13.84,16.12,30.0,1491.7,15.3,misfire,0.84
fault_misfire_2,2402,1789814366.974543,3198.1,125.3,669.48,2.92,103.88,0.0504,11.94,13.84,15.1,30.0,1487.5,15.3,misfire,0.84
fault_misfire_2,2403,1789814367.974543,2959.3,124.69,647.1,2.81,104.02,0.0453,11.03,13.84,14.44,30.0,1483.4,15.4,misfire,0.84
fault_misfire_2,2404,1789814368.974543,2808.0,124.09,629.05,2.82,103.98,0.0449,10.35,13.84,14.39,30.0,1479.2,15.4,misfire,0.84
fault_misfire_2,2405,1789814369.974543,2660.8,123.09,613.14,2.75,103.86,0.0506,9.86,13.88,14.42,30.0,1475.0,15.4,misfire,0.84
fault_misfire_2,2406,1789814370.974543,2570.4,122.34,608.39,2.74,103.88,0.0528,9.48,13.84,14.21,30.0,1470.9,15.4,misfire,0.84
fault_misfire_2,2407,1789814371.974543,2522.3,121.79,609.77,2.73,103.88,0.0514,9.19,13.87,14.41,30.0,1466.7,15.5,misfire,0.84
fault_misfire_2,2408,1789814372.974543,2547.2,121.53,600.3,2.68,103.83,0.0461,9.25,13.8,14.37,30.0,1462.6,15.5,misfire,0.84
fault_misfire_2,2409,1789814373.974543,2606.3,120.67,599.2,2.7,103.78,0.0332,9.48,13.8,14.11,30.0,1458.4,15.5,misfire,0.84
fault_misfire_2,2410,1789814374.974543,2709.9,120.36,595.19,2.7,103.7,0.0371,9.76,13.89,14.39,30.0,1454.2,15.5,misfire,0.84
fault_misfire_2,2411,1789814375.974543,2797.8,119.62,591.83,2.68,103.74,0.0323,10.23,13.95,14.43,30.0,1450.1,15.6,misfire,0.84
fault_misfire_2,2412,1789814376.974543,2869.8,118.88,587.92,2.81,103.84,0.0324,10.48,14.03,14.51,30.0,1445.9,15.6,misfire,0.84
fault_misfire_2,2413,1789814377.974543,2925.6,118.56,583.33,2.9,103.66,0.0411,10.59,14.09,14.58,30.0,1441.8,15.6,misfire,0.84
fault_misfire_2,2414,1789814378.974543,2938.0,118.03,584.15,2.93,103.76,0.0323,10.78,14.08,14.69,30.0,1437.6,15.7,misfire,0.84
fault_misfire_2,2415,1789814379.974543,2874.6,117.59,587.02,2.88,103.7,0.0309,10.41,14.04,14.78,30.0,1433.4,15.7,misfire,0.84
fault_misfire_2,2416,1789814380.974543,2793.3,117.15,587.57,2.92,103.42,0.0377,10.04,14.09,14.99,30.0,1429.3,15.7,misfire,0.84
fault_misfire_2,2417,1789814381.974543,2662.5,116.79,590.53,2.94,103.33,0.0429,9.68,14.12,14.5,30.0,1425.1,15.7,misfire,0.84
fault_misfire_2,2418,1789814382.974543,2552.6,116.16,586.65,2.91,103.11,0.0395,9.54,14.15,14.15,30.0,1421.0,15.8,misfire,0.84
fault_misfire_2,2419,1789814383.974543,2495.5,116.25,586.68,2.85,102.86,0.0298,9.39,14.07,14.36,30.0,1416.8,15.8,misfire,0.84
fault_misfire_2,2420,1789814384.974543,2492.4,116.21,585.74,2.81,102.84,0.0387,9.26,14.12,14.4,30.0,1412.6,15.8,misfire,0.84
fault_misfire_2,2421,1789814385.974543,2524.2,115.74,584.07,2.79,102.75,0.0419,9.34,14.06,14.45,30.0,1408.5,15.8,misfire,0.84
fault_misfire_2,2422,1789814386.974543,2627.0,115.47,578.89,2.7,102.67,0.0386,9.81,14.06,14.57,30.0,1404.3,15.9,misfire,0.84
fault_misfire_2,2423,1789814387.974543,2708.8,115.47,583.07,2.69,102.56,0.0315,10.11,14.03,14.68,30.0,1400.2,15.9,misfire,0.84
fault_misfire_2,2424,1789814388.974543,2795.8,115.46,582.82,2.78,102.57,0.0324,10.47,14.0,14.43,30.0,1396.0,15.9,misfire,0.84
fault_misfire_2,2425,1789814389.974543,2857.8,115.11,587.12,2.76,102.38,0.0339,10.75,14.06,14.34,30.0,1391.8,16.0,misfire,0.84
fault_misfire_2,2426,1789814390.974543,2894.1,115.4,588.07,2.7,102.32,0.0295,10.88,14.16,14.21,30.0,1387.7,16.0,misfire,0.84
fault_misfire_2,2427,1789814391.974543,2884.7,115.13,584.15,2.64,102.23,0.0385,10.83,14.13,14.42,30.0,1383.5,16.0,misfire,0.84
fault_misfire_2,2428,1789814392.974543,2810.8,114.83,587.11,2.68,102.15,0.0404,10.52,14.09,14.52,30.0,1379.4,16.0,misfire,0.84
fault_misfire_2,2429,1789814393.974543,2723.9,114.6,586.37,2.7,102.16,0.042,10.18,14.07,14.63,30.0,1375.2,16.1,misfire,0.84
fault_misfire_2,2430,1789814394.974543,2589.4,113.97,588.75,2.73,101.94,0.0475,9.7,14.14,14.55,30.0,1371.0,16.1,misfire,0.84
fault_misfire_2,2431,1789814395.974543,2495.3,114.06,589.66,2.69,101.8,0.0449,9.55,14.16,14.39,30.0,1366.9,16.1,misfire,0.84
fault_misfire_2,2432,1789814396.974543,2462.5,114.25,587.28,2.69,101.59,0.0371,9.36,14.19,14.49,30.0,1362.7,16.1,misfire,0.84
fault_misfire_2,2433,1789814397.974543,2470.7,114.05,590.85,2.71,101.57,0.0397,9.15,14.16,14.54,30.0,1358.6,16.2,misfire,0.84
fault_misfire_2,2434,1789814398.974543,2531.6,114.12,593.87,2.73,101.64,0.0356,9.25,14.14,14.27,30.0,1354.4,16.2,misfire,0.84
fault_misfire_2,2435,1789814399.974543,2607.6,114.01,594.23,2.8,101.63,0.0366,9.48,14.09,14.58,30.0,1350.2,16.2,misfire,0.84
fault_misfire_2,2436,1789814400.974543,2731.5,114.1,595.37,2.79,101.57,0.0349,9.88,14.09,14.23,30.0,1346.1,16.3,misfire,0.84
fault_misfire_2,2437,1789814401.974543,2848.1,114.17,589.9,2.76,101.44,0.031,10.3,14.07,14.58,30.0,1341.9,16.3,misfire,0.84
fault_misfire_2,2438,1789814402.974543,2922.2,114.06,592.91,2.76,101.47,0.0351,10.57,14.05,14.3,30.0,1337.8,16.3,misfire,0.84
fault_misfire_2,2439,1789814403.974543,2934.9,114.08,588.04,2.74,101.49,0.0431,10.65,14.09,14.51,30.0,1333.6,16.3,misfire,0.84
fault_misfire_2,2440,1789814404.974543,2910.7,114.19,584.26,2.76,101.45,0.0377,10.54,14.14,14.41,30.0,1329.4,16.4,misfire,0.84
fault_misfire_2,2441,1789814405.974543,2791.6,114.07,592.08,2.87,101.47,0.0365,10.27,14.16,14.57,30.0,1325.3,16.4,misfire,0.84
fault_misfire_2,2442,1789814406.974543,2690.3,113.88,592.03,2.81,101.43,0.0332,9.75,14.17,14.45,30.0,1321.1,16.4,misfire,0.84
fault_misfire_2,2443,1789814407.974543,2584.0,114.07,594.17,2.83,101.49,0.0394,9.38,14.12,14.4,30.0,1317.0,16.4,misfire,0.84
fault_misfire_2,2444,1789814408.974543,2530.0,113.73,600.9,2.91,101.43,0.0374,9.0,14.14,14.63,30.0,1312.8,16.5,misfire,0.84
fault_misfire_2,2445,1789814409.974543,2516.6,113.65,598.18,2.94,101.21,0.0411,8.94,14.1,14.44,30.0,1308.6,16.5,misfire,0.84
fault_misfire_2,2446,1789814410.974543,2553.3,113.41,594.6,2.81,101.21,0.04,9.17,14.06,14.23,30.0,1304.5,16.5,misfire,0.84
fault_misfire_2,2447,1789814411.974543,2624.4,112.98,595.1,2.94,101.06,0.04,9.5,14.03,14.5,30.0,1300.3,16.5,misfire,0.84
fault_misfire_2,2448,1789814412.974543,2718.0,113.19,592.37,2.89,101.05,0.0408,9.91,13.97,14.59,30.0,1296.2,16.6,misfire,0.84
fault_misfire_2,2449,1789814413.974543,2842.2,113.02,590.34,2.97,100.96,0.0398,10.32,13.97,14.58,30.0,1292.0,16.6,misfire,0.84
fault_misfire_2,2450,1789814414.974543,2945.9,113.14,587.49,2.91,100.88,0.0384,10.6,13.99,14.53,30.0,1287.8,16.6,misfire,0.84
fault_misfire_2,2451,1789814415.974543,2987.4,112.83,585.94,2.8,100.79,0.0381,10.85,14.02,14.58,30.0,1283.7,16.7,misfire,0.84
fault_misfire_2,2452,1789814416.974543,2958.7,112.76,593.22,2.78,100.72,0.035,10.92,14.09,14.09,30.0,1279.5,16.7,misfire,0.84
fault_misfire_2,2453,1789814417.974543,2876.8,112.75,592.83,2.78,100.65,0.0388,10.62,14.1,14.28,30.0,1275.4,16.7,misfire,0.84
fault_misfire_2,2454,1789814418.974543,2783.2,112.78,590.9,2.8,100.61,0.0427,10.16,14.13,14.35,30.0,1271.2,16.7,misfire,0.84
fault_misfire_2,2455,1789814419.974543,2638.2,112.85,591.69,2.8,100.7,0.0442,9.73,14.13,14.31,30.0,1267.0,16.8,misfire,0.84
fault_misfire_2,2456,1789814420.974543,2515.0,112.83,584.88,2.83,100.84,0.0498,9.41,14.12,14.42,30.0,1262.9,16.8,misfire,0.84
fault_misfire_2,2457,1789814421.974543,2466.5,112.79,583.08,2.77,100.57,0.0453,9.19,14.12,14.4,30.0,1258.7,16.8,misfire,0.84
fault_misfire_2,2458,1789814422.974543,2472.1,112.44,587.28,2.82,100.48,0.0452,9.23,14.11,14.46,30.0,1254.6,16.8,misfire,0.84
fault_misfire_2,2459,1789814423.974543,2533.9,112.34,583.73,2.78,100.52,0.0467,9.6,14.13,14.44,30.0,1250.4,16.9,misfire,0.84
fault_misfire_2,2460,1789814424.974543,2634.8,112.19,587.82,2.83,100.58,0.0413,10.01,14.1,14.63,30.0,1246.2,16.9,misfire,0.84
fault_misfire_2,2461,1789814425.974543,2753.6,112.51,589.71,2.78,100.53,0.0351,10.33,14.15,14.63,30.0,1242.1,16.9,misfire,0.84
fault_misfire_2,2462,1789814426.974543,2874.6,113.11,583.0,2.77,100.39,0.0396,10.74,14.13,14.44,30.0,1237.9,17.0,misfire,0.84
fault_misfire_2,2463,1789814427.974543,2948.0,113.0,580.57,2.78,100.3,0.0408,10.87,14.13,14.56,30.0,1233.8,17.0,misfire,0.84
fault_misfire_2,2464,1789814428.974543,2969.9,113.21,581.58,2.9,100.2,0.0328,10.8,14.16,14.64,30.0,1229.6,17.0,misfire,0.84
fault_misfire_2,2465,1789814429.974543,2936.4,113.14,583.46,2.9,100.28,0.0275,10.87,14.26,14.58,30.0,1225.4,17.0,misfire,0.84
fault_misfire_2,2466,1789814430.974543,2845.1,112.93,580.29,3.01,100.24,0.0296,10.53,14.28,14.59,30.0,1221.3,17.1,misfire,0.84
fault_misfire_2,2467,1789814431.974543,2717.0,112.93,581.23,2.94,100.36,0.0428,10.16,14.21,14.11,30.0,1217.1,17.1,misfire,0.84
fault_misfire_2,2468,1789814432.974543,2607.6,112.58,582.91,2.88,100.45,0.0427,9.63,14.16,14.23,30.0,1213.0,17.1,misfire,0.84
fault_misfire_2,2469,1789814433.974543,2534.4,112.58,588.31,2.91,100.38,0.0398,9.21,14.19,14.38,30.0,1208.8,17.1,misfire,0.84
fault_misfire_2,2470,1789814434.974543,2488.3,112.76,585.26,2.94,100.32,0.041,9.16,14.16,14.39,30.0,1204.6,17.2,misfire,0.84
fault_misfire_2,2471,1789814435.974543,2510.8,112.6,584.03,2.9,100.43,0.0321,9.23,14.17,14.37,30.0,1200.5,17.2,misfire,0.84
fault_misfire_2,2472,1789814436.974543,2571.1,112.76,586.83,2.86,100.27,0.0344,9.56,14.13,14.54,30.0,1196.3,17.2,misfire,0.84
fault_misfire_2,2473,1789814437.974543,2671.9,112.67,592.21,2.77,100.39,0.0338,10.02,14.15,14.45,30.0,1192.2,17.3,misfire,0.84
fault_misfire_2,2474,1789814438.974543,2763.2,112.74,591.13,2.7,100.18,0.0389,10.57,14.21,14.3,30.0,1188.0,17.3,misfire,0.84
fault_misfire_2,2475,1789814439.974543,2863.5,112.75,588.07,2.74,100.05,0.0341,11.23,14.18,14.17,30.0,1183.8,17.3,misfire,0.84
fault_misfire_2,2476,1789814440.974543,2931.7,112.82,594.2,2.82,99.96,0.0321,11.31,14.23,14.33,30.0,1179.7,17.3,misfire,0.84
fault_misfire_2,2477,1789814441.974543,2940.1,112.81,599.63,2.78,99.89,0.0335,11.13,14.15,14.19,30.0,1175.5,17.4,misfire,0.84
fault_misfire_2,2478,1789814442.974543,2889.5,112.75,594.71,2.87,99.81,0.0361,10.91,14.16,14.32,30.0,1171.4,17.4,misfire,0.84
fault_misfire_2,2479,1789814443.974543,2764.4,112.75,596.27,2.95,99.66,0.039,10.58,14.15,14.1,30.0,1167.2,17.4,misfire,0.84
fault_misfire_2,2480,1789814444.974543,2654.5,112.72,593.16,2.97,99.41,0.0418,9.93,14.12,14.37,30.0,1163.0,17.4,misfire,0.84
fault_misfire_2,2481,1789814445.974543,2550.1,112.62,587.75,2.93,99.43,0.0426,9.48,14.06,14.43,30.0,1158.9,17.5,misfire,0.84
fault_misfire_2,2482,1789814446.974543,2487.9,112.55,579.33,2.88,99.39,0.0351,9.28,14.07,14.39,30.0,1154.7,17.5,misfire,0.84
fault_misfire_2,2483,1789814447.974543,2491.8,112.27,579.82,2.89,99.55,0.0299,9.17,14.0,14.45,30.0,1150.6,17.5,misfire,0.84
fault_misfire_2,2484,1789814448.974543,2551.3,112.03,583.49,2.9,99.63,0.0378,9.35,13.98,14.45,30.0,1146.4,17.5,misfire,0.84
fault_misfire_2,2485,1789814449.974543,2630.4,112.3,587.0,2.8,99.71,0.041,9.91,14.01,14.44,30.0,1142.2,17.6,misfire,0.84
fault_misfire_2,2486,1789814450.974543,2763.8,111.99,586.75,2.9,99.74,0.0486,10.4,14.06,14.22,30.0,1138.1,17.6,misfire,0.84
fault_misfire_2,2487,1789814451.974543,2874.2,111.86,591.42,2.92,99.77,0.0463,10.75,13.98,14.13,30.0,1133.9,17.6,misfire,0.84
fault_misfire_2,2488,1789814452.974543,2949.4,111.72,584.61,2.94,99.84,0.0432,10.97,13.98,14.54,30.0,1129.8,17.7,misfire,0.84
fault_misfire_2,2489,1789814453.974543,2961.6,111.68,594.52,2.91,99.7,0.0333,11.11,13.94,14.66,30.0,1125.6,17.7,misfire,0.84
fault_misfire_2,2490,1789814454.974543,2920.6,111.74,595.95,2.83,99.59,0.036,10.88,13.93,14.67,30.0,1121.4,17.7,misfire,0.84
fault_misfire_2,2491,1789814455.974543,2839.1,111.75,593.06,2.81,99.7,0.0312,10.35,13.9,14.3,30.0,1117.3,17.7,misfire,0.84
fault_misfire_2,2492,1789814456.974543,2692.7,111.75,592.04,2.86,99.49,0.0278,9.92,13.89,14.32,30.0,1113.1,17.8,misfire,0.84
fault_misfire_2,2493,1789814457.974543,2566.1,111.55,594.02,2.81,99.6,0.0304,9.43,13.76,14.25,30.0,1109.0,17.8,misfire,0.84
fault_misfire_2,2494,1789814458.974543,2478.9,111.55,591.76,2.83,99.68,0.0269,9.11,13.73,14.32,30.0,1104.8,17.8,misfire,0.84
fault_misfire_2,2495,1789814459.974543,2448.2,111.76,593.85,2.8,99.65,0.0276,9.06,13.73,14.43,30.0,1100.6,17.8,misfire,0.84
fault_misfire_2,2496,1789814460.974543,2471.2,111.79,594.89,2.79,99.61,0.0419,9.08,13.8,14.45,30.0,1096.5,17.9,misfire,0.84
fault_misfire_2,2497,1789814461.974543,2543.7,111.68,594.37,2.85,99.3,0.0424,9.38,13.82,14.67,30.0,1092.3,17.9,misfire,0.84
fault_misfire_2,2498,1789814462.974543,2678.1,111.94,588.83,2.8,99.32,0.0418,10.03,13.85,14.6,30.0,1088.2,17.9,misfire,0.84
fault_misfire_2,2499,1789814463.974543,2823.0,112.08,588.45,2.82,99.4,0.0433,10.45,13.82,14.55,30.0,1084.0,18.0,misfire,0.84
fault_misfire_2,2500,1789814464.974543,2920.1,112.16,583.08,2.73,99.4,0.0353,10.67,13.83,14.39,30.0,1079.8,18.0,misfire,0.84
fault_misfire_2,2501,1789814465.974543,2969.6,112.41,586.0,2.81,99.51,0.0393,10.93,13.89,14.21,30.0,1075.7,18.0,misfire,0.84
fault_misfire_2,2502,1789814466.974543,2990.5,112.37,582.05,2.76,99.49,0.0455,10.8,13.89,14.15,30.0,1071.5,18.0,misfire,0.84
fault_misfire_2,2503,1789814467.974543,2914.0,112.49,585.08,2.76,99.42,0.0404,10.64,13.95,13.84,30.0,1067.4,18.1,misfire,0.84
fault_misfire_2,2504,1789814468.974543,2824.2,112.52,589.93,2.81,99.29,0.0318,10.22,13.98,14.1,30.0,1063.2,18.1,misfire,0.84
fault_misfire_2,2505,1789814469.974543,2722.5,112.7,593.64,2.82,99.17,0.0387,9.9,13.99,14.29,30.0,1059.0,18.1,misfire,0.84
fault_misfire_2,2506,1789814470.974543,2607.8,112.52,589.46,2.74,99.16,0.0363,9.22,13.96,14.46,30.0,1054.9,18.1,misfire,0.84
fault_misfire_2,2507,1789814471.974543,2525.5,112.55,593.39,2.71,99.15,0.0304,8.98,14.01,14.44,30.0,1050.7,18.2,misfire,0.84
fault_misfire_2,2508,1789814472.974543,2521.7,112.69,597.0,2.79,99.03,0.0349,8.88,14.07,14.14,30.0,1046.6,18.2,misfire,0.84
fault_misfire_2,2509,1789814473.974543,2538.8,112.56,598.3,2.81,99.04,0.0332,9.15,14.1,14.05,30.0,1042.4,18.2,misfire,0.84
fault_misfire_2,2510,1789814474.974543,2630.4,112.54,597.12,2.78,98.86,0.0331,9.62,14.16,14.64,30.0,1038.2,18.3,misfire,0.84
fault_misfire_2,2511,1789814475.974543,2763.1,112.79,594.9,2.83,99.0,0.0369,10.15,14.15,14.46,30.0,1034.1,18.3,misfire,0.84
fault_misfire_2,2512,1789814476.974543,2858.1,112.77,590.45,2.77,99.06,0.0432,10.44,14.11,14.71,30.0,1029.9,18.3,misfire,0.84
fault_misfire_2,2513,1789814477.974543,2939.0,113.06,594.33,2.74,98.9,0.0439,10.61,14.16,14.49,30.0,1025.8,18.3,misfire,0.84
fault_misfire_2,2514,1789814478.974543,2953.0,113.14,594.47,2.88,98.75,0.0422,10.88,14.08,14.39,30.0,1021.6,18.4,misfire,0.84
fault_misfire_2,2515,1789814479.974543,2928.7,112.98,596.28,2.84,98.66,0.0434,10.73,14.11,14.54,30.0,1017.4,18.4,misfire,0.84
fault_misfire_2,2516,1789814480.974543,2864.5,112.67,595.41,2.85,98.8,0.0482,10.41,13.99,14.56,30.0,1013.3,18.4,misfire,0.84
fault_misfire_2,2517,1789814481.974543,2755.3,112.8,594.6,2.84,98.67,0.0413,10.02,13.96,14.71,30.0,1009.1,18.4,misfire,0.84
fault_misfire_2,2518,1789814482.974543,2617.6,112.94,590.2,2.86,98.86,0.0447,9.65,13.98,14.73,30.0,1005.0,18.5,misfire,0.84
fault_misfire_2,2519,1789814483.974543,2483.9,112.87,588.87,2.85,98.88,0.039,9.21,14.01,14.21,30.0,1000.8,18.5,misfire,0.84
fault_misfire_2,2520,1789814484.974543,2445.6,112.71,589.7,2.82,98.88,0.0379,9.03,14.05,14.54,30.0,996.6,18.5,misfire,0.84
fault_misfire_2,2521,1789814485.974543,2459.2,112.47,589.64,2.74,98.71,0.0413,8.98,14.06,14.23,30.0,992.5,18.5,misfire,0.84
fault_misfire_2,2522,1789814486.974543,2529.5,112.4,594.0,2.83,98.64,0.0333,9.42,14.01,14.02,30.0,988.3,18.6,misfire,0.84
fault_misfire_2,2523,1789814487.974543,2663.2,112.53,596.8,2.83,98.65,0.0366,10.0,14.0,14.23,30.0,984.2,18.6,misfire,0.84
fault_misfire_2,2524,1789814488.974543,2827.5,112.74,597.31,2.84,98.54,0.0496,10.37,13.98,13.96,30.0,980.0,18.6,misfire,0.84
fault_misfire_2,2525,1789814489.974543,2939.7,112.74,593.57,2.79,98.71,0.045,10.78,13.99,13.84,30.0,975.8,18.7,misfire,0.84
fault_misfire_2,2526,1789814490.974543,3000.4,112.52,592.99,2.79,98.74,0.0356,10.99,13.95,14.18,30.0,971.7,18.7,misfire,0.84
fault_misfire_2,2527,1789814491.974543,3018.9,112.65,597.07,2.81,98.86,0.0457,10.88,13.89,14.32,30.0,967.5,18.7,misfire,0.84
fault_misfire_2,2528,1789814492.974543,2948.4,112.47,601.36,2.88,98.9,0.0353,10.48,13.95,14.27,30.0,963.4,18.7,misfire,0.84
fault_misfire_2,2529,1789814493.974543,2871.9,112.2,603.37,2.88,98.97,0.0401,10.08,13.99,14.07,30.0,959.2,18.8,misfire,0.84
fault_misfire_2,2530,1789814494.974543,2724.2,112.35,605.51,2.86,98.87,0.0357,9.4,13.95,14.16,30.0,955.0,18.8,misfire,0.84
fault_misfire_2,2531,1789814495.974543,2615.7,112.51,601.32,2.89,98.9,0.0323,9.21,14.05,14.04,30.0,950.9,18.8,misfire,0.84
fault_misfire_2,2532,1789814496.974543,2507.9,112.9,599.34,2.87,98.84,0.0365,9.11,14.06,14.34,30.0,946.7,18.8,misfire,0.84
fault_misfire_2,2533,1789814497.974543,2475.4,112.98,600.44,2.84,98.71,0.0478,9.1,14.08,14.35,30.0,942.6,18.9,misfire,0.84
fault_misfire_2,2534,1789814498.974543,2505.9,112.86,597.62,2.75,98.77,0.0483,9.33,14.03,14.37,30.0,938.4,18.9,misfire,0.84
fault_misfire_2,2535,1789814499.974543,2625.1,112.9,597.57,2.72,98.72,0.0416,9.69,13.96,14.33,30.0,934.2,18.9,misfire,0.84
fault_misfire_2,2536,1789814500.974543,2758.0,112.9,597.14,2.81,98.63,0.0419,10.17,13.96,14.35,30.0,930.1,19.0,misfire,0.84
fault_misfire_2,2537,1789814501.974543,2874.8,112.93,595.51,2.81,98.55,0.0386,10.74,14.01,14.06,30.0,925.9,19.0,misfire,0.84
fault_misfire_2,2538,1789814502.974543,2984.5,113.25,597.39,2.85,98.44,0.0428,11.28,14.06,13.85,30.0,921.8,19.0,misfire,0.84
fault_misfire_2,2539,1789814503.974543,2994.2,113.1,598.57,2.86,98.47,0.041,11.19,14.09,14.06,30.0,917.6,19.0,misfire,0.84
fault_misfire_2,2540,1789814504.974543,2995.8,113.22,600.28,2.9,98.3,0.0398,11.18,14.11,14.52,30.0,913.4,19.1,misfire,0.84
fault_misfire_2,2541,1789814505.974543,2927.6,113.06,600.35,2.85,98.23,0.0317,11.01,14.12,14.49,30.0,909.3,19.1,misfire,0.84
fault_misfire_2,2542,1789814506.974543,2811.5,112.94,600.91,2.81,98.13,0.0301,10.63,14.09,14.34,30.0,905.1,19.1,misfire,0.84
fault_misfire_2,2543,1789814507.974543,2642.1,113.31,597.4,2.81,98.21,0.0252,10.05,14.12,14.4,30.0,901.0,19.1,misfire,0.84
fault_misfire_2,2544,1789814508.974543,2509.9,113.59,594.17,2.78,98.25,0.0313,9.49,14.12,14.21,30.0,896.8,19.2,misfire,0.84
fault_misfire_2,2545,1789814509.974543,2451.5,113.51,589.58,2.78,98.12,0.031,9.27,14.17,14.4,30.0,892.6,19.2,misfire,0.84
fault_misfire_2,2546,1789814510.974543,2464.1,113.74,591.15,2.78,98.19,0.0372,9.22,14.15,14.17,30.0,888.5,19.2,misfire,0.84
fault_misfire_2,2547,1789814511.974543,2509.9,113.98,590.71,2.79,98.38,0.0246,9.61,14.04,14.02,30.0,884.3,19.3,misfire,0.84
fault_misfire_2,2548,1789814512.974543,2640.6,114.04,595.1,2.78,98.17,0.0247,9.95,13.93,14.04,30.0,880.2,19.3,misfire,0.84
fault_misfire_2,2549,1789814513.974543,2765.9,113.95,599.53,2.8,98.27,0.0288,10.52,13.86,14.04,30.0,876.0,19.3,misfire,0.84
fault_misfire_2,2550,1789814514.974543,2886.6,114.09,597.9,2.76,98.34,0.031,10.92,13.84,14.23,30.0,871.8,19.3,misfire,0.84
fault_misfire_2,2551,1789814515.974543,2999.0,113.88,589.39,2.76,98.45,0.0365,11.17,13.87,14.42,30.0,867.7,19.4,misfire,0.84
fault_misfire_2,2552,1789814516.974543,3022.1,113.71,595.9,2.69,98.37,0.0395,11.25,13.94,14.28,30.0,863.5,19.4,misfire,0.84
fault_misfire_2,2553,1789814517.974543,2959.8,113.8,599.31,2.59,98.22,0.0439,10.99,13.99,14.41,30.0,859.4,19.4,misfire,0.84
fault_misfire_2,2554,1789814518.974543,2854.9,114.02,601.43,2.73,98.25,0.046,10.61,13.99,14.43,30.0,855.2,19.4,misfire,0.84
fault_misfire_2,2555,1789814519.974543,2707.0,113.97,600.42,2.76,98.25,0.0372,10.01,14.01,14.55,30.0,851.0,19.5,misfire,0.84
fault_misfire_2,2556,1789814520.974543,2583.7,113.94,602.86,2.85,98.19,0.0379,9.36,14.07,14.49,30.0,846.9,19.5,misfire,0.84
fault_misfire_2,2557,1789814521.974543,2460.8,114.01,604.98,2.85,98.18,0.0422,9.04,13.98,14.46,30.0,842.7,19.5,misfire,0.84
fault_misfire_2,2558,1789814522.974543,2439.6,113.89,603.94,2.92,98.2,0.0354,8.72,14.01,14.46,30.0,838.6,19.5,misfire,0.84
fault_misfire_2,2559,1789814523.974543,2472.0,113.96,603.59,2.93,98.08,0.032,8.85,14.03,14.72,30.0,834.4,19.6,misfire,0.84
fault_misfire_2,2560,1789814524.974543,2562.5,114.04,606.11,3.06,98.05,0.045,9.22,14.07,14.63,30.0,830.2,19.6,misfire,0.84
fault_misfire_2,2561,1789814525.974543,2684.0,113.96,605.73,2.98,97.93,0.0426,10.07,14.07,14.39,30.0,826.1,19.6,misfire,0.84
fault_misfire_2,2562,1789814526.974543,2850.0,114.46,607.61,2.97,98.19,0.0418,10.61,14.09,14.41,30.0,821.9,19.7,misfire,0.84
fault_misfire_2,2563,1789814527.974543,2968.1,114.26,605.14,3.0,98.3,0.0487,10.95,14.09,14.6,30.0,817.8,19.7,misfire,0.84
fault_misfire_2,2564,1789814528.974543,3025.5,114.13,601.9,2.98,98.23,0.046,11.1,14.13,14.78,30.0,813.6,19.7,misfire,0.84
fault_misfire_2,2565,1789814529.974543,2972.6,113.97,600.94,2.91,98.29,0.0426,10.93,14.08,14.69,30.0,809.4,19.7,misfire,0.84
fault_misfire_2,2566,1789814530.974543,2899.0,113.84,598.69,2.88,98.3,0.0381,10.81,14.08,14.42,30.0,805.3,19.8,misfire,0.84
fault_misfire_2,2567,1789814531.974543,2783.6,114.3,593.63,2.98,98.38,0.0377,10.35,14.12,14.45,30.0,801.1,19.8,misfire,0.84
fault_misfire_2,2568,1789814532.974543,2630.8,114.47,596.54,2.89,98.45,0.0437,9.74,14.08,14.69,30.0,797.0,19.8,misfire,0.84
fault_misfire_2,2569,1789814533.974543,2521.3,114.48,599.29,2.91,98.54,0.0328,9.23,14.1,14.63,30.0,792.8,19.8,misfire,0.84
fault_misfire_2,2570,1789814534.974543,2444.6,114.64,596.32,2.82,98.42,0.035,8.89,14.09,14.1,30.0,788.6,19.9,misfire,0.84
fault_misfire_2,2571,1789814535.974543,2451.2,114.84,598.36,2.82,98.45,0.0335,8.93,14.22,14.16,30.0,784.5,19.9,misfire,0.84
fault_misfire_2,2572,1789814536.974543,2503.2,114.88,597.71,2.94,98.63,0.0318,9.23,14.2,14.4,30.0,780.3,19.9,misfire,0.84
fault_misfire_2,2573,1789814537.974543,2595.6,114.92,595.11,2.83,98.64,0.0292,9.76,14.25,14.24,30.0,776.2,20.0,misfire,0.84
fault_misfire_2,2574,1789814538.974543,2720.3,114.75,595.98,2.79,98.55,0.0305,10.17,14.17,14.57,30.0,772.0,20.0,misfire,0.84
fault_misfire_2,2575,1789814539.974543,2855.8,114.6,594.59,2.77,98.35,0.0391,10.83,14.22,14.13,30.0,767.8,20.0,misfire,0.84
fault_misfire_2,2576,1789814540.974543,2953.9,114.72,594.67,2.83,98.31,0.0369,10.96,14.08,14.3,30.0,763.7,20.0,misfire,0.84
fault_misfire_2,2577,1789814541.974543,2973.3,114.46,596.84,2.84,98.25,0.0495,11.12,14.11,14.51,30.0,759.5,20.1,misfire,0.84
fault_misfire_2,2578,1789814542.974543,2928.8,114.43,594.12,2.92,98.47,0.0473,10.95,14.06,14.46,30.0,755.4,20.1,misfire,0.84
fault_misfire_2,2579,1789814543.974543,2838.7,114.61,592.87,2.9,98.5,0.0397,10.42,14.08,14.63,30.0,751.2,20.1,misfire,0.84
fault_misfire_2,2580,1789814544.974543,2707.6,114.73,596.87,2.95,98.75,0.0411,10.06,14.08,14.77,30.0,747.0,20.1,misfire,0.84
fault_misfire_2,2581,1789814545.974543,2577.5,114.84,595.63,2.86,98.74,0.0414,9.49,14.06,14.62,30.0,742.9,20.2,misfire,0.84
fault_misfire_2,2582,1789814546.974543,2464.2,114.52,591.88,2.81,98.56,0.0443,9.04,14.09,14.25,30.0,738.7,20.2,misfire,0.84
fault_misfire_2,2583,1789814547.974543,2428.5,114.76,597.01,2.79,98.46,0.0411,9.0,14.13,14.38,30.0,734.6,20.2,misfire,0.84
fault_misfire_2,2584,1789814548.974543,2439.0,115.04,596.1,2.8,98.52,0.0444,9.02,14.06,14.32,30.0,730.4,20.3,misfire,0.84
fault_misfire_2,2585,1789814549.974543,2553.8,115.11,596.63,2.82,98.5,0.0424,9.23,14.11,14.21,30.0,726.2,20.3,misfire,0.84
fault_misfire_2,2586,1789814550.974543,2709.8,114.98,596.81,2.89,98.36,0.0375,9.6,14.14,14.71,30.0,722.1,20.3,misfire,0.84
fault_misfire_2,2587,1789814551.974543,2852.7,115.18,601.64,3.04,98.51,0.0311,10.08,14.09,14.47,30.0,717.9,20.3,misfire,0.84
fault_misfire_2,2588,1789814552.974543,2981.7,115.16,598.05,3.0,98.54,0.034,10.65,14.02,14.36,30.0,713.8,20.4,misfire,0.84
fault_misfire_2,2589,1789814553.974543,3041.2,115.06,596.94,2.91,98.46,0.0361,11.13,13.99,14.49,30.0,709.6,20.4,misfire,0.84
fault_misfire_2,2590,1789814554.974543,3057.8,115.12,601.39,2.81,98.34,0.0315,10.91,13.93,14.67,30.0,705.4,20.4,misfire,0.84
fault_misfire_2,2591,1789814555.974543,2965.1,115.54,597.34,2.86,98.18,0.0359,10.6,13.97,14.55,30.0,701.3,20.4,misfire,0.84
fault_misfire_2,2592,1789814556.974543,2832.1,115.72,598.59,2.86,98.28,0.0345,10.25,13.96,14.58,30.0,697.1,20.5,misfire,0.84
fault_misfire_2,2593,1789814557.974543,2674.7,115.56,593.19,2.94,98.23,0.0475,9.83,14.07,14.46,30.0,693.0,20.5,misfire,0.84
fault_misfire_2,2594,1789814558.974543,2533.3,115.53,591.26,2.91,98.03,0.0374,9.35,13.96,14.39,30.0,688.8,20.5,misfire,0.84
fault_misfire_2,2595,1789814559.974543,2444.8,115.61,589.65,2.79,98.05,0.0429,8.98,14.0,14.64,30.0,684.6,20.5,misfire,0.84
fault_misfire_2,2596,1789814560.974543,2419.4,115.57,593.85,2.76,97.88,0.0417,8.88,13.96,14.66,30.0,680.5,20.6,misfire,0.84
fault_misfire_2,2597,1789814561.974543,2488.8,115.65,592.95,2.82,97.77,0.0415,9.17,14.08,14.52,30.0,676.3,20.6,misfire,0.84
fault_misfire_2,2598,1789814562.974543,2607.4,115.38,591.54,2.76,97.77,0.0363,9.62,14.14,14.26,30.0,672.2,20.6,misfire,0.84
fault_misfire_2,2599,1789814563.974543,2754.7,115.17,591.28,2.82,97.62,0.0279,9.96,14.16,14.25,30.0,668.0,20.7,misfire,0.84
fault_misfire_2,2600,1789814564.974543,2883.9,115.22,599.78,2.78,97.61,0.0328,10.6,14.12,14.35,30.0,663.8,20.7,misfire,0.84
fault_misfire_2,2601,1789814565.974543,2957.3,115.45,597.38,2.84,97.75,0.0375,10.92,14.14,14.25,30.0,659.7,20.7,misfire,0.84
fault_misfire_2,2602,1789814566.974543,2999.5,115.32,596.0,2.78,97.67,0.0386,10.94,14.08,14.22,30.0,655.5,20.7,misfire,0.84
fault_misfire_2,2603,1789814567.974543,2967.4,115.13,599.69,2.81,97.71,0.0456,10.99,14.08,14.3,30.0,651.4,20.8,misfire,0.84
fault_misfire_2,2604,1789814568.974543,2897.0,114.86,602.68,2.83,97.7,0.0426,10.69,14.01,14.35,30.0,647.2,20.8,misfire,0.84
fault_misfire_2,2605,1789814569.974543,2710.5,115.07,601.97,2.91,97.66,0.0448,10.11,14.04,14.18,30.0,643.0,20.8,misfire,0.84
fault_misfire_2,2606,1789814570.974543,2585.5,115.23,602.23,2.89,97.49,0.0416,9.68,13.95,14.57,30.0,638.9,20.8,misfire,0.84
fault_misfire_2,2607,1789814571.974543,2472.1,115.02,602.73,2.82,97.46,0.0288,9.12,13.97,14.22,30.0,634.7,20.9,misfire,0.84
fault_misfire_2,2608,1789814572.974543,2403.1,114.94,603.62,2.85,97.41,0.0276,8.8,13.94,14.24,30.0,630.6,20.9,misfire,0.84
fault_misfire_2,2609,1789814573.974543,2410.3,114.94,600.76,2.85,97.39,0.0327,8.85,14.01,14.53,30.0,626.4,20.9,misfire,0.84
fault_misfire_2,2610,1789814574.974543,2508.0,114.7,604.99,2.86,97.5,0.0332,9.31,14.0,14.69,30.0,622.2,21.0,misfire,0.84
fault_misfire_2,2611,1789814575.974543,2672.5,114.64,603.18,2.98,97.47,0.0291,9.99,13.96,14.49,30.0,618.1,21.0,misfire,0.84
fault_misfire_2,2612,1789814576.974543,2823.4,114.96,598.81,3.03,97.48,0.0309,10.37,13.94,14.18,30.0,613.9,21.0,misfire,0.84
fault_misfire_2,2613,1789814577.974543,2933.2,114.95,604.06,2.98,97.46,0.0311,11.09,13.94,14.25,30.0,609.8,21.0,misfire,0.84
fault_misfire_2,2614,1789814578.974543,3030.0,114.78,609.01,2.94,97.44,0.0347,11.34,14.0,13.85,30.0,605.6,21.1,misfire,0.84
fault_misfire_2,2615,1789814579.974543,3015.7,114.96,604.16,2.91,97.49,0.0312,11.35,14.02,14.02,30.0,601.4,21.1,misfire,0.84
fault_misfire_2,2616,1789814580.974543,2961.4,114.73,608.56,2.91,97.41,0.0354,11.11,13.99,14.11,30.0,597.3,21.1,misfire,0.84
fault_misfire_2,2617,1789814581.974543,2844.2,114.89,607.06,2.97,97.38,0.0313,10.5,13.95,14.17,30.0,593.1,21.1,misfire,0.84
fault_misfire_2,2618,1789814582.974543,2701.3,115.29,608.83,2.93,97.46,0.0369,10.07,13.98,14.22,30.0,589.0,21.2,misfire,0.84
fault_misfire_2,2619,1789814583.974543,2563.6,115.36,609.68,2.93,97.49,0.0293,9.44,14.1,14.05,30.0,584.8,21.2,misfire,0.84
fault_misfire_2,2620,1789814584.974543,2452.4,115.42,607.75,2.89,97.42,0.0318,9.25,14.16,14.43,30.0,580.6,21.2,misfire,0.84
fault_misfire_2,2621,1789814585.974543,2414.9,115.75,603.62,2.97,97.44,0.0445,9.09,14.17,14.38,30.0,576.5,21.3,misfire,0.84
fault_misfire_2,2622,1789814586.974543,2492.1,115.33,604.11,2.97,97.57,0.0411,9.36,14.24,13.95,30.0,572.3,21.3,misfire,0.84
fault_misfire_2,2623,1789814587.974543,2600.7,115.29,605.87,2.98,97.61,0.0398,9.73,14.2,14.17,30.0,568.2,21.3,misfire,0.84
fault_misfire_2,2624,1789814588.974543,2741.1,115.01,607.2,2.97,97.57,0.0389,10.31,14.18,14.24,30.0,564.0,21.3,misfire,0.84
fault_misfire_2,2625,1789814589.974543,2864.9,115.55,608.79,2.94,97.61,0.04,10.7,14.24,14.1,30.0,559.8,21.4,misfire,0.84
fault_misfire_2,2626,1789814590.974543,2997.9,115.5,608.29,2.97,97.57,0.0331,11.0,14.26,14.29,30.0,555.7,21.4,misfire,0.84
fault_misfire_2,2627,1789814591.974543,3030.0,115.31,612.64,2.94,97.68,0.0402,11.21,14.19,14.37,30.0,551.5,21.4,misfire,0.84
fault_misfire_2,2628,1789814592.974543,2994.1,115.49,606.93,2.93,97.66,0.039,11.29,14.18,14.26,30.0,547.4,21.4,misfire,0.84
fault_misfire_2,2629,1789814593.974543,2916.7,115.65,606.59,2.95,97.53,0.043,11.0,14.25,14.55,30.0,543.2,21.5,misfire,0.84
fault_misfire_2,2630,1789814594.974543,2755.9,115.51,602.3,2.95,97.49,0.0433,10.43,14.23,14.53,30.0,539.0,21.5,misfire,0.84
fault_misfire_2,2631,1789814595.974543,2620.9,115.48,602.95,2.89,97.45,0.0358,9.71,14.37,14.59,30.0,534.9,21.5,misfire,0.84
fault_misfire_2,2632,1789814596.974543,2499.3,115.4,606.47,2.96,97.6,0.0334,9.14,14.28,14.56,30.0,530.7,21.6,misfire,0.84
fault_misfire_2,2633,1789814597.974543,2426.3,115.34,605.31,2.99,97.49,0.0388,8.86,14.22,14.38,30.0,526.6,21.6,misfire,0.84
fault_misfire_2,2634,1789814598.974543,2415.1,115.58,602.79,2.96,97.25,0.0338,8.86,14.27,14.48,30.0,522.4,21.6,misfire,0.84
fault_misfire_2,2635,1789814599.974543,2525.9,115.64,603.99,2.99,97.37,0.0361,9.26,14.3,14.52,30.0,518.2,21.6,misfire,0.84
fault_misfire_2,2636,1789814600.974543,2646.4,115.73,603.84,2.95,97.28,0.041,9.73,14.29,14.64,30.0,514.1,21.7,misfire,0.84
fault_misfire_2,2637,1789814601.974543,2786.9,115.46,601.72,2.89,97.25,0.0351,10.19,14.22,14.67,30.0,509.9,21.7,misfire,0.84
fault_misfire_2,2638,1789814602.974543,2941.1,115.37,600.15,2.8,97.28,0.0387,10.66,14.26,14.48,30.0,505.8,21.7,misfire,0.84
fault_misfire_2,2639,1789814603.974543,2986.9,115.02,604.8,2.87,97.2,0.0359,11.2,14.2,14.43,30.0,501.6,21.7,misfire,0.84
fault_misfire_2,2640,1789814604.974543,2994.1,115.03,606.22,2.86,97.26,0.0357,11.22,14.16,14.28,30.0,497.4,21.8,misfire,0.84
fault_misfire_2,2641,1789814605.974543,2963.0,115.37,613.59,2.95,97.03,0.0462,10.75,14.04,14.28,30.0,493.3,21.8,misfire,0.84
fault_misfire_2,2642,1789814606.974543,2829.4,115.53,613.99,3.01,97.18,0.0453,10.37,14.02,14.17,30.0,489.1,21.8,misfire,0.84
fault_misfire_2,2643,1789814607.974543,2661.0,115.34,611.9,2.95,97.21,0.0517,10.02,14.08,14.07,30.0,485.0,21.8,misfire,0.84
fault_misfire_2,2644,1789814608.974543,2534.4,115.52,613.76,2.91,97.11,0.0469,9.48,14.07,14.37,30.0,480.8,21.9,misfire,0.84
fault_misfire_2,2645,1789814609.974543,2442.6,115.54,608.03,2.93,97.06,0.0457,9.17,14.06,14.9,30.0,476.6,21.9,misfire,0.84
fault_misfire_2,2646,1789814610.974543,2409.8,115.87,603.18,2.87,97.01,0.031,8.99,13.99,14.72,30.0,472.5,21.9,misfire,0.84
fault_misfire_2,2647,1789814611.974543,2459.2,115.98,604.39,2.91,96.81,0.0363,9.1,13.92,14.72,30.0,468.3,22.0,misfire,0.84
fault_misfire_2,2648,1789814612.974543,2590.9,115.81,607.51,2.93,96.64,0.0426,9.47,13.94,14.2,30.0,464.2,22.0,misfire,0.84
fault_misfire_2,2649,1789814613.974543,2743.7,115.63,610.77,2.94,96.73,0.0402,9.96,13.82,14.12,30.0,460.0,22.0,misfire,0.84
fault_misfire_2,2650,1789814614.974543,2869.7,115.67,610.23,2.97,96.46,0.0363,10.4,13.86,14.08,30.0,455.8,22.0,misfire,0.84
fault_misfire_2,2651,1789814615.974543,2992.8,115.71,607.29,2.96,96.4,0.0374,10.84,13.9,14.43,30.0,451.7,22.1,misfire,0.84
fault_misfire_2,2652,1789814616.974543,3051.4,115.77,612.09,2.89,96.48,0.039,10.89,13.96,14.2,30.0,447.5,22.1,misfire,0.84
fault_misfire_2,2653,1789814617.974543,3043.1,115.74,610.46,2.83,96.34,0.042,10.79,13.92,14.21,30.0,443.4,22.1,misfire,0.84
fault_misfire_2,2654,1789814618.974543,2960.5,115.68,610.74,2.85,96.37,0.0404,10.51,13.9,14.11,30.0,439.2,22.1,misfire,0.84
fault_misfire_2,2655,1789814619.974543,2794.9,115.86,608.86,2.81,96.37,0.0418,9.98,13.99,14.42,30.0,435.0,22.2,misfire,0.84
fault_misfire_2,2656,1789814620.974543,2618.4,115.95,602.01,2.8,96.3,0.0519,9.49,14.05,14.63,30.0,430.9,22.2,misfire,0.84
fault_misfire_2,2657,1789814621.974543,2485.4,115.4,601.26,2.84,96.21,0.0473,9.06,13.98,14.31,30.0,426.7,22.2,misfire,0.84
fault_misfire_2,2658,1789814622.974543,2407.3,115.32,600.88,2.96,96.2,0.0401,8.85,14.04,14.23,30.0,422.6,22.3,misfire,0.84
fault_misfire_2,2659,1789814623.974543,2391.3,115.41,597.7,3.04,96.22,0.0382,8.94,14.02,14.37,30.0,418.4,22.3,misfire,0.84
fault_misfire_2,2660,1789814624.974543,2469.1,115.26,594.8,2.96,96.42,0.0368,9.22,14.03,14.38,30.0,414.2,22.3,misfire,0.84
fault_misfire_2,2661,1789814625.974543,2575.2,115.26,600.67,2.89,96.34,0.0321,9.82,14.06,14.38,30.0,410.1,22.3,misfire,0.84
fault_misfire_2,2662,1789814626.974543,2759.6,115.21,598.26,2.9,96.37,0.0337,10.63,14.07,14.2,30.0,405.9,22.4,misfire,0.84
fault_misfire_2,2663,1789814627.974543,2945.1,114.94,597.39,2.88,96.35,0.0326,11.23,14.1,14.09,30.0,401.8,22.4,misfire,0.84
fault_misfire_2,2664,1789814628.974543,3052.8,114.66,598.68,2.88,96.4,0.038,11.59,14.16,14.39,30.0,397.6,22.4,misfire,0.84
fault_misfire_2,2665,1789814629.974543,3057.9,115.15,599.28,2.88,96.51,0.0329,11.46,14.21,14.13,30.0,393.4,22.4,misfire,0.84
fault_misfire_2,2666,1789814630.974543,3000.6,115.35,595.94,2.89,96.34,0.0372,11.03,14.23,14.33,30.0,389.3,22.5,misfire,0.84
fault_misfire_2,2667,1789814631.974543,2879.9,115.21,593.07,2.86,96.42,0.0401,10.51,14.2,14.18,30.0,385.1,22.5,misfire,0.84
fault_misfire_2,2668,1789814632.974543,2715.0,115.51,599.69,2.88,96.5,0.0317,10.08,14.13,14.49,30.0,381.0,22.5,misfire,0.84
fault_misfire_2,2669,1789814633.974543,2570.8,115.21,600.16,2.91,96.48,0.032,9.51,14.07,14.71,30.0,376.8,22.6,misfire,0.84
fault_misfire_2,2670,1789814634.974543,2462.9,115.23,594.64,2.92,96.38,0.0334,9.0,14.07,14.41,30.0,372.6,22.6,misfire,0.84
fault_misfire_2,2671,1789814635.974543,2396.5,115.35,592.64,3.04,96.29,0.0273,8.73,14.01,14.36,30.0,368.5,22.6,misfire,0.84
fault_misfire_2,2672,1789814636.974543,2431.1,115.43,592.51,2.91,96.22,0.0296,8.86,14.06,14.48,30.0,364.3,22.6,misfire,0.84
fault_misfire_2,2673,1789814637.974543,2514.5,115.71,597.32,2.87,96.38,0.021,9.34,14.13,14.56,30.0,360.2,22.7,misfire,0.84
fault_misfire_2,2674,1789814638.974543,2649.5,115.87,599.76,2.92,96.57,0.0262,9.83,14.18,14.64,30.0,356.0,22.7,misfire,0.84
fault_misfire_2,2675,1789814639.974543,2819.5,115.91,599.86,2.93,96.6,0.036,10.51,14.08,14.66,30.0,351.8,22.7,misfire,0.84
fault_misfire_2,2676,1789814640.974543,2949.8,115.92,603.89,2.82,96.72,0.0369,10.89,14.08,14.8,30.0,347.7,22.7,misfire,0.84
fault_misfire_2,2677,1789814641.974543,3021.6,115.81,605.84,2.8,96.65,0.0303,11.31,14.01,14.55,30.0,343.5,22.8,misfire,0.84
fault_misfire_2,2678,1789814642.974543,3022.6,115.73,606.93,2.87,96.78,0.0373,11.27,13.99,14.13,30.0,339.4,22.8,misfire,0.84
fault_misfire_2,2679,1789814643.974543,2955.6,116.02,607.99,2.95,96.78,0.0408,10.85,13.91,14.24,30.0,335.2,22.8,misfire,0.84
fault_misfire_2,2680,1789814644.974543,2823.2,115.98,607.88,2.96,96.82,0.0362,10.38,13.97,14.46,30.0,331.0,22.8,misfire,0.84
fault_misfire_2,2681,1789814645.974543,2660.8,115.89,607.58,3.05,97.03,0.0374,9.64,14.03,14.46,30.0,326.9,22.9,misfire,0.84
fault_misfire_2,2682,1789814646.974543,2504.8,116.1,607.89,3.2,96.85,0.0392,8.99,13.97,14.38,30.0,322.7,22.9,misfire,0.84
fault_misfire_2,2683,1789814647.974543,2404.9,116.07,604.77,3.1,96.7,0.035,8.69,13.93,14.24,30.0,318.6,22.9,misfire,0.84
fault_misfire_2,2684,1789814648.974543,2384.6,116.24,600.56,3.02,96.56,0.0281,8.63,13.9,14.13,30.0,314.4,23.0,misfire,0.84
fault_misfire_2,2685,1789814649.974543,2439.6,116.08,600.6,3.09,96.48,0.0293,8.83,13.93,14.23,30.0,310.2,23.0,misfire,0.84
fault_misfire_2,2686,1789814650.974543,2555.8,116.35,604.82,2.95,96.49,0.0356,9.33,13.96,14.21,30.0,306.1,23.0,misfire,0.84
fault_misfire_2,2687,1789814651.974543,2703.9,116.22,607.19,2.96,96.42,0.0482,10.07,13.89,14.14,30.0,301.9,23.0,misfire,0.84
fault_misfire_2,2688,1789814652.974543,2874.4,116.32,609.06,2.98,96.46,0.0424,10.78,13.99,14.35,30.0,297.8,23.1,misfire,0.84
fault_misfire_2,2689,1789814653.974543,3001.6,116.42,606.61,2.97,96.48,0.0398,11.17,14.05,14.28,30.0,293.6,23.1,misfire,0.84
fault_misfire_2,2690,1789814654.974543,3027.6,116.35,610.41,2.89,96.41,0.031,11.4,14.07,14.32,30.0,289.4,23.1,misfire,0.84
fault_misfire_2,2691,1789814655.974543,2992.0,116.43,606.94,2.8,96.59,0.0391,11.01,14.11,14.21,30.0,285.3,23.1,misfire,0.84
fault_misfire_2,2692,1789814656.974543,2863.2,116.17,610.08,2.91,96.69,0.0346,10.66,14.08,14.7,30.0,281.1,23.2,misfire,0.84
fault_misfire_2,2693,1789814657.974543,2731.4,116.31,613.03,2.86,96.65,0.0387,10.18,14.03,14.9,30.0,277.0,23.2,misfire,0.84
fault_misfire_2,2694,1789814658.974543,2579.0,116.63,615.16,2.75,96.52,0.0355,9.42,14.06,14.63,30.0,272.8,23.2,misfire,0.84
fault_misfire_2,2695,1789814659.974543,2459.2,116.66,614.02,2.77,96.63,0.033,9.02,14.09,14.45,30.0,268.6,23.3,misfire,0.84
fault_misfire_2,2696,1789814660.974543,2399.3,116.74,612.83,2.76,96.66,0.0417,8.9,14.09,14.34,30.0,264.5,23.3,misfire,0.84
fault_misfire_2,2697,1789814661.974543,2419.6,116.98,616.78,2.82,96.94,0.0476,9.06,14.04,14.21,30.0,260.3,23.3,misfire,0.84
fault_misfire_2,2698,1789814662.974543,2533.2,117.35,617.28,2.88,96.87,0.0375,9.46,13.97,14.16,30.0,256.2,23.3,misfire,0.84
fault_misfire_2,2699,1789814663.974543,2658.2,117.13,618.32,2.97,96.9,0.0375,9.82,14.0,14.68,30.0,252.0,23.4,misfire,0.84
fault_misfire_2,2700,1789814664.974543,2832.4,117.18,616.19,2.91,96.86,0.0378,10.31,14.03,14.4,30.0,247.8,23.4,misfire,0.84
fault_misfire_2,2701,1789814665.974543,2956.5,117.62,613.49,2.91,96.74,0.0445,10.92,14.0,14.41,30.0,243.7,23.4,misfire,0.84
fault_misfire_2,2702,1789814666.974543,3050.9,117.69,614.24,3.02,96.81,0.0426,11.33,14.07,14.21,30.0,239.5,23.4,misfire,0.84
fault_misfire_2,2703,1789814667.974543,3039.2,117.95,613.29,2.99,96.82,0.0345,11.12,13.98,14.58,30.0,235.4,23.5,misfire,0.84
fault_misfire_2,2704,1789814668.974543,2951.5,118.01,609.91,2.93,96.84,0.022,10.87,13.96,14.52,30.0,231.2,23.5,misfire,0.84
fault_misfire_2,2705,1789814669.974543,2818.6,117.93,607.49,2.93,96.9,0.0347,10.36,14.07,14.39,30.0,227.0,23.5,misfire,0.84
fault_misfire_2,2706,1789814670.974543,2656.4,117.85,611.52,2.99,96.77,0.0428,9.77,14.08,14.57,30.0,222.9,23.6,misfire,0.84
fault_misfire_2,2707,1789814671.974543,2487.5,117.44,609.2,3.0,96.63,0.0456,9.29,14.08,14.39,30.0,218.7,23.6,misfire,0.84
fault_misfire_2,2708,1789814672.974543,2408.5,117.36,607.66,2.99,96.74,0.0412,8.8,14.06,14.26,30.0,214.6,23.6,misfire,0.84
fault_misfire_2,2709,1789814673.974543,2400.4,117.17,604.37,3.03,96.77,0.0316,8.66,13.98,14.14,30.0,210.4,23.6,misfire,0.84
fault_misfire_2,2710,1789814674.974543,2446.1,117.7,601.29,2.99,96.75,0.0238,9.04,14.13,14.22,30.0,206.2,23.7,misfire,0.84
fault_misfire_2,2711,1789814675.974543,2575.1,117.56,603.6,2.91,96.74,0.0313,9.51,14.14,14.25,30.0,202.1,23.7,misfire,0.84
fault_misfire_2,2712,1789814676.974543,2735.8,117.3,607.62,2.92,96.78,0.0278,10.03,14.18,14.24,30.0,197.9,23.7,misfire,0.84
fault_misfire_2,2713,1789814677.974543,2912.9,117.1,609.27,2.87,96.67,0.0301,10.74,14.21,14.17,30.0,193.8,23.7,misfire,0.84
fault_misfire_2,2714,1789814678.974543,3029.3,117.43,608.76,2.93,96.73,0.0291,11.21,14.24,14.32,30.0,189.6,23.8,misfire,0.84
fault_misfire_2,2715,1789814679.974543,3067.3,117.59,608.29,2.92,96.73,0.0281,11.47,14.37,14.08,30.0,185.4,23.8,misfire,0.84
fault_misfire_2,2716,1789814680.974543,3026.8,117.83,606.61,2.94,96.73,0.027,11.22,14.3,14.16,30.0,181.3,23.8,misfire,0.84
fault_misfire_2,2717,1789814681.974543,2922.5,117.7,612.74,2.98,96.74,0.0311,10.78,14.28,14.4,30.0,177.1,23.8,misfire,0.84
fault_misfire_2,2718,1789814682.974543,2767.3,117.99,613.59,3.02,96.91,0.0371,10.19,14.18,14.25,30.0,173.0,23.9,misfire,0.84
fault_misfire_2,2719,1789814683.974543,2594.6,117.67,612.3,2.97,96.9,0.0321,9.66,14.18,14.49,30.0,168.8,23.9,misfire,0.84
fault_misfire_2,2720,1789814684.974543,2452.1,117.66,611.41,2.93,96.9,0.0427,9.12,14.1,14.32,30.0,164.6,23.9,misfire,0.84
fault_misfire_2,2721,1789814685.974543,2364.5,117.61,610.07,2.97,96.86,0.043,9.07,14.1,14.37,30.0,160.5,24.0,misfire,0.84
fault_misfire_2,2722,1789814686.974543,2378.0,117.57,613.22,3.0,96.8,0.0408,8.96,14.05,14.31,30.0,156.3,24.0,misfire,0.84
fault_misfire_2,2723,1789814687.974543,2474.0,117.19,609.41,2.99,96.86,0.0448,9.41,14.12,14.34,30.0,152.2,24.0,misfire,0.84
fault_misfire_2,2724,1789814688.974543,2618.2,117.42,609.52,3.0,96.93,0.0363,10.11,14.17,14.39,30.0,148.0,24.0,misfire,0.84
fault_misfire_2,2725,1789814689.974543,2765.2,117.02,605.36,2.88,96.72,0.0365,10.62,14.15,14.58,30.0,143.8,24.1,misfire,0.84
fault_misfire_2,2726,1789814690.974543,2893.8,116.82,605.02,2.82,96.68,0.0362,11.07,14.12,14.37,30.0,139.7,24.1,misfire,0.84
fault_misfire_2,2727,1789814691.974543,2998.8,117.06,608.74,2.88,96.61,0.0411,11.25,14.07,14.21,30.0,135.5,24.1,misfire,0.84
fault_misfire_2,2728,1789814692.974543,3003.7,117.34,607.51,2.89,96.55,0.0295,11.5,14.07,14.5,30.0,131.4,24.1,misfire,0.84
fault_misfire_2,2729,1789814693.974543,2942.9,117.78,610.94,2.91,96.44,0.0448,11.26,14.01,14.3,30.0,127.2,24.2,misfire,0.84
fault_misfire_2,2730,1789814694.974543,2800.6,117.76,605.71,2.91,96.43,0.0367,10.69,14.02,14.21,30.0,123.0,24.2,misfire,0.84
fault_misfire_2,2731,1789814695.974543,2636.4,117.5,604.27,2.91,96.53,0.04,10.19,14.06,14.05,30.0,118.9,24.2,misfire,0.84
fault_misfire_2,2732,1789814696.974543,2492.1,117.37,606.91,2.86,96.72,0.0462,9.31,14.11,14.11,30.0,114.7,24.3,misfire,0.84
fault_misfire_2,2733,1789814697.974543,2367.1,117.68,608.15,2.8,96.82,0.0416,8.85,14.07,14.39,30.0,110.6,24.3,misfire,0.84
fault_misfire_2,2734,1789814698.974543,2325.7,117.5,606.76,2.9,96.8,0.0363,8.71,14.16,14.57,30.0,106.4,24.3,misfire,0.84
fault_misfire_2,2735,1789814699.974543,2381.9,117.45,603.07,2.85,96.74,0.0388,8.81,14.15,14.24,30.0,102.2,24.3,misfire,0.84
fault_misfire_2,2736,1789814700.974543,2539.6,117.64,605.33,2.88,96.77,0.0351,9.46,14.2,14.81,30.0,98.1,24.4,misfire,0.84
fault_misfire_2,2737,1789814701.974543,2695.6,117.77,608.33,2.93,96.9,0.0333,10.12,14.13,14.56,30.0,93.9,24.4,misfire,0.84
fault_misfire_2,2738,1789814702.974543,2877.3,117.85,612.44,2.94,96.94,0.0454,10.63,14.24,14.59,30.0,89.8,24.4,misfire,0.84
fault_misfire_2,2739,1789814703.974543,2999.5,117.7,615.27,2.91,96.87,0.0341,11.07,14.23,14.8,30.0,85.6,24.4,misfire,0.84
fault_misfire_2,2740,1789814704.974543,3058.3,118.05,611.19,2.95,96.93,0.0327,11.31,14.2,14.64,30.0,81.4,24.5,misfire,0.84
fault_misfire_2,2741,1789814705.974543,3027.1,118.18,610.12,2.98,96.8,0.0374,11.36,14.19,14.47,30.0,77.3,24.5,misfire,0.84
fault_misfire_2,2742,1789814706.974543,2941.2,118.31,607.85,2.98,96.85,0.0314,10.91,14.17,14.44,30.0,73.1,24.5,misfire,0.84
fault_misfire_2,2743,1789814707.974543,2784.1,118.3,605.26,3.0,96.9,0.0315,10.3,14.16,14.59,30.0,69.0,24.6,misfire,0.84
fault_misfire_2,2744,1789814708.974543,2624.2,118.23,603.99,2.94,96.95,0.0403,9.6,14.18,14.71,30.0,64.8,24.6,misfire,0.84
fault_misfire_2,2745,1789814709.974543,2508.6,118.27,612.35,2.91,96.88,0.0365,9.14,14.2,14.82,30.0,60.6,24.6,misfire,0.84
fault_misfire_2,2746,1789814710.974543,2406.4,118.2,612.58,2.98,96.9,0.0333,8.87,14.19,14.62,30.0,56.5,24.6,misfire,0.84
fault_misfire_2,2747,1789814711.974543,2392.9,118.11,613.0,2.96,96.9,0.0378,8.81,14.1,14.43,30.0,52.3,24.7,misfire,0.84
fault_misfire_2,2748,1789814712.974543,2481.5,118.0,615.98,2.98,96.86,0.0344,9.19,14.14,14.19,30.0,48.2,24.7,misfire,0.84
fault_misfire_2,2749,1789814713.974543,2636.3,118.09,615.3,2.95,96.8,0.0389,9.68,14.18,14.48,30.0,44.0,24.7,misfire,0.84
fault_misfire_2,2750,1789814714.974543,2788.9,118.19,616.72,2.94,96.62,0.0356,10.3,14.12,14.53,30.0,39.8,24.7,misfire,0.84
fault_misfire_2,2751,1789814715.974543,2952.3,118.4,613.37,3.02,96.74,0.0304,10.84,14.09,14.28,30.0,35.7,24.8,misfire,0.84
fault_misfire_2,2752,1789814716.974543,3046.9,118.21,617.74,2.99,96.96,0.0256,11.13,14.0,14.05,30.0,31.5,24.8,misfire,0.84
fault_misfire_2,2753,1789814717.974543,3087.6,118.37,616.61,3.11,96.97,0.02,11.37,13.98,14.29,30.0,27.4,24.8,misfire,0.84
fault_misfire_2,2754,1789814718.974543,3044.2,118.11,612.63,3.01,96.93,0.026,11.34,13.94,14.34,30.0,23.2,24.8,misfire,0.84
fault_misfire_2,2755,1789814719.974543,2924.2,118.01,610.82,2.83,96.88,0.041,10.72,13.92,14.3,30.0,19.0,24.9,misfire,0.84
fault_misfire_2,2756,1789814720.974543,2758.2,117.69,612.01,2.91,97.01,0.0318,10.05,13.9,14.26,30.0,14.9,24.9,misfire,0.84
fault_misfire_2,2757,1789814721.974543,2592.8,118.04,608.32,2.84,96.99,0.0345,9.51,13.94,14.48,30.0,10.7,24.9,misfire,0.84
fault_misfire_2,2758,1789814722.974543,2477.6,117.73,611.04,2.91,96.87,0.0397,9.07,13.99,14.43,30.0,6.6,25.0,misfire,0.84
fault_misfire_2,2759,1789814723.974543,2417.3,117.81,611.05,2.91,96.71,0.0415,8.94,14.12,14.08,30.0,2.4,25.0,misfire,0.84
fault_misfire_2,2760,1789814724.974543,2460.8,117.94,610.05,2.95,96.62,0.0437,9.22,14.17,14.38,30.0,0.0,25.0,misfire,0.84
fault_misfire_2,2761,1789814725.974543,2569.9,118.25,611.58,2.91,96.56,0.0393,9.61,14.18,14.47,30.0,0.0,25.0,misfire,0.84
fault_misfire_2,2762,1789814726.974543,2719.1,118.3,617.54,2.9,96.61,0.0409,10.04,14.13,13.97,30.0,0.0,25.0,misfire,0.84
fault_misfire_2,2763,1789814727.974543,2916.7,118.14,617.69,2.96,96.58,0.0399,10.6,14.07,14.31,30.0,0.0,25.0,misfire,0.84
fault_misfire_2,2764,1789814728.974543,3077.0,118.33,617.21,2.98,96.74,0.0439,11.15,14.11,14.06,30.0,0.0,25.0,misfire,0.84
fault_misfire_2,2765,1789814729.974543,3125.9,118.63,618.95,2.99,96.8,0.0417,11.3,14.19,13.98,30.0,0.0,25.0,misfire,0.84
fault_misfire_2,2766,1789814730.974543,3090.8,118.59,616.2,2.98,96.79,0.0315,11.34,14.19,13.94,30.0,0.0,25.0,misfire,0.84
fault_misfire_2,2767,1789814731.974543,2970.2,118.19,617.88,2.96,96.73,0.0269,10.97,14.22,13.83,30.0,0.0,25.0,misfire,0.84
fault_misfire_2,2768,1789814732.974543,2821.6,118.26,614.62,3.04,96.9,0.0386,10.37,14.34,14.45,30.0,0.0,25.0,misfire,0.84
fault_misfire_2,2769,1789814733.974543,2637.9,118.16,610.65,2.96,97.01,0.0433,9.78,14.29,14.14,30.0,0.0,25.0,misfire,0.84
fault_misfire_2,2770,1789814734.974543,2476.7,118.28,614.04,2.94,97.14,0.045,9.33,14.33,14.51,30.0,0.0,25.0,misfire,0.84
fault_misfire_2,2771,1789814735.974543,2413.7,118.16,610.87,2.94,97.01,0.0402,8.94,14.3,14.23,30.0,0.0,25.0,misfire,0.84
fault_misfire_2,2772,1789814736.974543,2387.1,118.26,610.88,2.92,96.95,0.0351,8.97,14.31,14.39,30.0,0.0,25.0,misfire,0.84
fault_misfire_2,2773,1789814737.974543,2466.3,118.19,617.68,2.88,96.84,0.0444,9.17,14.31,14.39,30.0,0.0,25.0,misfire,0.84
fault_misfire_2,2774,1789814738.974543,2625.7,118.19,613.77,2.96,96.88,0.0434,9.69,14.33,14.62,30.0,0.0,25.0,misfire,0.84
fault_misfire_2,2775,1789814739.974543,2768.1,118.3,613.89,3.02,96.89,0.0475,10.17,14.31,14.58,30.0,0.0,25.0,misfire,0.84
fault_misfire_2,2776,1789814740.974543,2932.5,118.25,613.82,3.03,96.85,0.0421,10.78,14.27,14.51,30.0,0.0,25.0,misfire,0.84
fault_misfire_2,2777,1789814741.974543,3032.0,118.22,614.21,2.92,96.68,0.0265,10.74,14.27,14.49,30.0,0.0,25.0,misfire,0.84
fault_misfire_2,2778,1789814742.974543,3081.6,117.86,615.33,2.88,96.61,0.0272,11.08,14.35,14.63,30.0,0.0,25.0,misfire,0.84
fault_misfire_2,2779,1789814743.974543,3005.7,117.95,610.96,2.93,96.71,0.0342,11.08,14.37,14.5,30.0,0.0,25.0,misfire,0.84
fault_misfire_2,2780,1789814744.974543,2882.2,118.14,615.96,2.92,96.84,0.03,10.63,14.42,14.17,30.0,0.0,25.0,misfire,0.84
fault_misfire_2,2781,1789814745.974543,2741.7,118.36,614.05,2.96,96.92,0.0403,9.88,14.46,14.59,30.0,0.0,25.0,misfire,0.84
fault_misfire_2,2782,1789814746.974543,2573.7,118.32,612.2,2.92,96.77,0.0341,9.22,14.4,14.32,30.0,0.0,25.0,misfire,0.84
fault_misfire_2,2783,1789814747.974543,2455.5,118.01,617.57,2.9,96.93,0.0263,8.7,14.39,14.46,30.0,0.0,25.0,misfire,0.84
fault_misfire_2,2784,1789814748.974543,2376.9,118.49,621.52,2.9,97.1,0.0388,8.58,14.3,14.19,30.0,0.0,25.0,misfire,0.84
fault_misfire_2,2785,1789814749.974543,2411.2,118.23,619.5,2.87,97.08,0.0362,8.79,14.29,14.28,30.0,0.0,25.0,misfire,0.84
fault_misfire_2,2786,1789814750.974543,2516.0,118.17,618.4,2.91,97.12,0.0405,9.2,14.27,14.19,30.0,0.0,25.0,misfire,0.84
fault_misfire_2,2787,1789814751.974543,2679.7,118.04,614.03,2.91,97.24,0.0402,9.85,14.2,14.62,30.0,0.0,25.0,misfire,0.84
fault_misfire_2,2788,1789814752.974543,2843.2,118.08,613.28,2.88,97.15,0.0394,10.56,14.17,14.38,30.0,0.0,25.0,misfire,0.84
fault_misfire_2,2789,1789814753.974543,2977.3,118.19,608.67,2.96,97.17,0.0398,11.15,14.14,14.33,30.0,0.0,25.0,misfire,0.84
fault_misfire_2,2790,1789814754.974543,3018.1,118.2,614.21,2.99,97.17,0.0382,11.48,14.15,14.35,30.0,0.0,25.0,misfire,0.84
fault_misfire_2,2791,1789814755.974543,3005.5,118.17,618.37,2.92,97.26,0.0394,11.59,14.12,14.0,30.0,0.0,25.0,misfire,0.84
fault_misfire_2,2792,1789814756.974543,2931.2,118.28,621.71,2.89,97.47,0.0399,11.3,14.08,14.31,30.0,0.0,25.0,misfire,0.84
fault_misfire_2,2793,1789814757.974543,2822.0,118.69,614.91,2.83,97.47,0.0302,10.64,14.17,14.39,30.0,0.0,25.0,misfire,0.84
fault_misfire_2,2794,1789814758.974543,2667.4,118.7,617.98,2.78,97.46,0.0359,10.05,14.11,14.57,30.0,0.0,25.0,misfire,0.84
fault_misfire_2,2795,1789814759.974543,2510.8,118.63,618.22,2.83,97.52,0.0433,9.39,14.11,14.6,30.0,0.0,25.0,misfire,0.84
fault_misfire_2,2796,1789814760.974543,2402.7,118.65,617.9,2.87,97.55,0.0423,8.96,14.05,14.58,30.0,0.0,25.0,misfire,0.84
fault_misfire_2,2797,1789814761.974543,2369.3,118.94,613.11,2.85,97.48,0.0495,8.91,14.05,14.34,30.0,0.0,25.0,misfire,0.84
fault_misfire_2,2798,1789814762.974543,2432.9,118.78,613.73,2.88,97.35,0.051,9.08,14.11,14.08,30.0,0.0,25.0,misfire,0.84
fault_misfire_2,2799,1789814763.974543,2538.0,118.62,619.88,2.85,97.34,0.0435,9.45,14.14,14.3,30.0,0.0,25.0,misfire,0.84
fault_misfire_2,2800,1789814764.974543,2710.8,118.72,619.08,2.86,97.4,0.0339,10.23,14.18,14.49,30.0,0.0,25.0,misfire,0.84
fault_misfire_2,2801,1789814765.974543,2907.6,119.12,618.96,2.84,97.37,0.0399,10.58,14.24,14.68,30.0,0.0,25.0,misfire,0.84
fault_misfire_2,2802,1789814766.974543,3029.9,119.14,619.43,2.82,97.47,0.0376,11.03,14.27,14.46,30.0,0.0,25.0,misfire,0.84
fault_misfire_2,2803,1789814767.974543,3103.8,119.18,616.57,2.84,97.48,0.033,11.23,14.34,14.58,30.0,0.0,25.0,misfire,0.84
fault_misfire_2,2804,1789814768.974543,3054.6,119.16,615.71,2.89,97.58,0.0283,10.98,14.22,14.41,30.0,0.0,25.0,misfire,0.84
fault_misfire_2,2805,1789814769.974543,2943.3,118.87,611.51,2.89,97.54,0.0243,10.6,14.15,14.27,30.0,0.0,25.0,misfire,0.84
fault_misfire_2,2806,1789814770.974543,2757.0,118.94,613.99,2.84,97.42,0.0341,9.98,14.1,14.08,30.0,0.0,25.0,misfire,0.84
fault_misfire_2,2807,1789814771.974543,2563.3,118.61,614.89,2.78,97.39,0.0378,9.34,14.08,14.01,30.0,0.0,25.0,misfire,0.84
fault_misfire_2,2808,1789814772.974543,2428.3,118.81,608.54,2.8,97.48,0.0371,9.05,14.13,14.54,30.0,0.0,25.0,misfire,0.84
fault_misfire_2,2809,1789814773.974543,2373.1,118.59,609.23,2.8,97.4,0.0325,8.58,14.05,14.67,30.0,0.0,25.0,misfire,0.84
fault_misfire_2,2810,1789814774.974543,2390.1,118.93,608.6,2.93,97.23,0.0351,8.8,14.05,14.28,30.0,0.0,25.0,misfire,0.84
fault_misfire_2,2811,1789814775.974543,2493.3,118.59,611.2,2.95,97.01,0.0325,9.13,13.98,14.33,30.0,0.0,25.0,misfire,0.84
fault_misfire_2,2812,1789814776.974543,2632.8,118.55,609.64,2.84,97.03,0.0255,9.66,14.01,14.09,30.0,0.0,25.0,misfire,0.84
fault_misfire_2,2813,1789814777.974543,2801.7,118.42,608.91,2.9,97.12,0.0242,10.38,14.05,14.19,30.0,0.0,25.0,misfire,0.84
fault_misfire_2,2814,1789814778.974543,2969.1,118.48,609.17,2.92,97.16,0.0195,10.91,14.14,13.86,30.0,0.0,25.0,misfire,0.84
fault_misfire_2,2815,1789814779.974543,3076.5,118.47,609.21,2.82,97.07,0.035,11.33,14.05,14.24,30.0,0.0,25.0,misfire,0.84
fault_misfire_2,2816,1789814780.974543,3081.1,118.66,613.22,2.72,96.99,0.0327,11.16,13.99,14.3,30.0,0.0,25.0,misfire,0.84
fault_misfire_2,2817,1789814781.974543,3010.6,118.86,611.57,2.76,96.92,0.0406,10.97,13.96,14.39,30.0,0.0,25.0,misfire,0.84
fault_misfire_2,2818,1789814782.974543,2866.3,118.5,612.75,2.8,97.01,0.039,10.52,13.93,14.19,30.0,0.0,25.0,misfire,0.84
fault_misfire_2,2819,1789814783.974543,2708.9,118.51,613.88,2.83,96.86,0.0359,9.92,13.92,13.94,30.0,0.0,25.0,misfire,0.84
fault_misfire_2,2820,1789814784.974543,2538.5,118.79,613.94,2.79,96.75,0.0321,9.28,13.89,14.0,30.0,0.0,25.0,misfire,0.84
fault_misfire_2,2821,1789814785.974543,2423.6,118.81,614.1,2.74,96.63,0.0394,8.91,13.88,14.43,30.0,0.0,25.0,misfire,0.84
fault_misfire_2,2822,1789814786.974543,2359.2,118.73,614.61,2.75,96.67,0.0321,8.77,13.9,14.5,30.0,0.0,25.0,misfire,0.84
fault_misfire_2,2823,1789814787.974543,2434.7,118.82,615.85,2.84,96.74,0.0338,8.94,13.9,14.18,30.0,0.0,25.0,misfire,0.84
fault_misfire_2,2824,1789814788.974543,2552.0,118.35,617.61,2.91,96.74,0.0367,9.38,13.94,14.19,30.0,0.0,25.0,misfire,0.84
fault_misfire_2,2825,1789814789.974543,2711.2,118.32,619.17,2.83,96.92,0.041,10.05,13.9,14.55,30.0,0.0,25.0,misfire,0.84
fault_misfire_2,2826,1789814790.974543,2867.2,118.55,617.86,2.87,96.99,0.0433,10.76,13.97,14.7,30.0,0.0,25.0,misfire,0.84
fault_misfire_2,2827,1789814791.974543,3013.9,118.05,618.25,2.82,96.92,0.0444,11.24,13.97,14.12,30.0,0.0,25.0,misfire,0.84
fault_misfire_2,2828,1789814792.974543,3062.0,118.21,623.33,2.9,96.8,0.0382,11.58,13.97,14.45,30.0,0.0,25.0,misfire,0.84
fault_misfire_2,2829,1789814793.974543,3037.4,118.25,628.32,2.93,96.94,0.0343,11.39,14.07,14.5,30.0,0.0,25.0,misfire,0.84
fault_misfire_2,2830,1789814794.974543,2951.6,118.38,626.91,2.96,97.0,0.0401,10.82,14.03,14.42,30.0,0.0,25.0,misfire,0.84
fault_misfire_2,2831,1789814795.974543,2803.9,118.41,622.98,2.89,97.08,0.0348,10.33,14.01,14.46,30.0,0.0,25.0,misfire,0.84
fault_misfire_2,2832,1789814796.974543,2619.2,118.35,618.71,2.85,97.26,0.0323,9.65,14.06,14.1,30.0,0.0,25.0,misfire,0.84
fault_misfire_2,2833,1789814797.974543,2449.6,118.38,615.89,2.84,97.27,0.0327,9.24,14.09,14.49,30.0,0.0,25.0,misfire,0.84
fault_misfire_2,2834,1789814798.974543,2367.4,118.21,614.95,2.87,97.43,0.0351,8.84,14.03,14.58,30.0,0.0,25.0,misfire,0.84
fault_misfire_2,2835,1789814799.974543,2376.5,118.26,616.58,2.83,97.34,0.0286,8.78,14.06,14.48,30.0,0.0,25.0,misfire,0.84
fault_misfire_2,2836,1789814800.974543,2460.1,118.14,613.16,2.91,97.22,0.0376,9.15,14.02,14.54,30.0,0.0,25.0,misfire,0.84
fault_misfire_2,2837,1789814801.974543,2596.8,118.32,612.2,2.89,97.33,0.0376,9.67,14.0,14.23,30.0,0.0,25.0,misfire,0.84
fault_misfire_2,2838,1789814802.974543,2768.5,118.29,619.72,3.01,97.4,0.0356,10.36,13.99,14.4,30.0,0.0,25.0,misfire,0.84
fault_misfire_2,2839,1789814803.974543,2919.2,118.27,618.56,2.97,97.33,0.0414,10.97,14.05,14.48,30.0,0.0,25.0,misfire,0.84
fault_misfire_2,2840,1789814804.974543,3057.7,118.21,617.48,2.92,97.26,0.0329,11.34,14.13,14.24,30.0,0.0,25.0,misfire,0.84
fault_misfire_2,2841,1789814805.974543,3069.4,118.28,617.77,2.9,97.14,0.0447,11.33,14.06,14.36,30.0,0.0,25.0,misfire,0.84
fault_misfire_2,2842,1789814806.974543,2987.1,118.49,617.29,2.83,97.15,0.0449,11.15,14.05,14.43,30.0,0.0,25.0,misfire,0.84
fault_misfire_2,2843,1789814807.974543,2881.5,118.38,611.3,2.91,97.18,0.0368,10.67,14.08,14.3,30.0,0.0,25.0,misfire,0.84
fault_misfire_2,2844,1789814808.974543,2717.8,118.36,614.76,3.01,96.92,0.0328,9.89,14.11,14.2,30.0,0.0,25.0,misfire,0.84
fault_misfire_2,2845,1789814809.974543,2583.3,118.57,618.23,3.04,97.06,0.0364,9.26,14.06,14.41,30.0,0.0,25.0,misfire,0.84
fault_misfire_2,2846,1789814810.974543,2448.7,118.84,617.08,3.0,97.24,0.0478,8.84,14.07,14.38,30.0,0.0,25.0,misfire,0.84
fault_misfire_2,2847,1789814811.974543,2416.1,119.03,617.3,2.96,97.26,0.0475,8.62,14.07,14.22,30.0,0.0,25.0,misfire,0.84
fault_misfire_2,2848,1789814812.974543,2434.8,118.98,619.42,2.85,97.25,0.0427,8.78,13.98,14.25,30.0,0.0,25.0,misfire,0.84
fault_misfire_2,2849,1789814813.974543,2549.7,119.03,617.95,2.82,97.24,0.0336,9.27,13.99,14.26,30.0,0.0,25.0,misfire,0.84
fault_misfire_2,2850,1789814814.974543,2716.0,118.73,616.46,2.86,97.3,0.0421,9.9,13.97,14.21,30.0,0.0,25.0,misfire,0.84
fault_misfire_2,2851,1789814815.974543,2885.7,118.76,614.65,2.86,97.2,0.0355,10.44,13.89,14.5,30.0,0.0,25.0,misfire,0.84
fault_misfire_2,2852,1789814816.974543,2996.2,119.08,618.89,2.8,97.22,0.0439,11.02,13.9,14.52,30.0,0.0,25.0,misfire,0.84
fault_misfire_2,2853,1789814817.974543,3059.6,118.74,623.2,2.84,97.29,0.0385,11.22,13.93,14.71,30.0,0.0,25.0,misfire,0.84
fault_misfire_2,2854,1789814818.974543,3021.1,118.74,628.44,2.77,97.25,0.0436,11.15,13.89,14.63,30.0,0.0,25.0,misfire,0.84
fault_misfire_2,2855,1789814819.974543,2915.0,119.06,624.24,2.72,97.31,0.0424,10.8,13.98,14.57,30.0,0.0,25.0,misfire,0.84
fault_misfire_2,2856,1789814820.974543,2765.1,119.2,628.99,2.76,97.38,0.0411,10.29,14.03,14.19,30.0,0.0,25.0,misfire,0.84
fault_misfire_2,2857,1789814821.974543,2596.7,119.23,629.14,2.83,97.25,0.0348,9.74,14.13,14.04,30.0,0.0,25.0,misfire,0.84
fault_misfire_2,2858,1789814822.974543,2431.4,119.1,626.8,2.78,97.42,0.0418,9.3,14.1,14.03,30.0,0.0,25.0,misfire,0.84
fault_misfire_2,2859,1789814823.974543,2374.3,119.37,623.57,2.79,97.44,0.0459,9.12,14.14,14.11,30.0,0.0,25.0,misfire,0.84
fault_misfire_2,2860,1789814824.974543,2365.2,119.43,622.05,2.76,97.52,0.0419,9.13,14.14,14.26,30.0,0.0,25.0,misfire,0.84
fault_misfire_2,2861,1789814825.974543,2457.3,119.15,626.91,2.87,97.48,0.0358,9.26,14.13,14.44,30.0,0.0,25.0,misfire,0.84
fault_misfire_2,2862,1789814826.974543,2595.9,119.03,621.49,2.85,97.35,0.0348,9.8,14.15,14.65,30.0,0.0,25.0,misfire,0.84
fault_misfire_2,2863,1789814827.974543,2760.6,118.92,613.12,2.9,97.3,0.0321,10.48,14.16,14.73,30.0,0.0,25.0,misfire,0.84
fault_misfire_2,2864,1789814828.974543,2935.4,119.03,615.86,2.95,97.32,0.0349,11.03,14.19,14.72,30.0,0.0,25.0,misfire,0.84
fault_misfire_2,2865,1789814829.974543,3036.4,119.33,617.35,2.84,97.31,0.0248,11.48,14.09,14.37,30.0,0.0,25.0,misfire,0.84
fault_misfire_2,2866,1789814830.974543,3063.7,118.65,615.22,2.82,97.35,0.0332,11.56,14.03,14.09,30.0,0.0,25.0,misfire,0.84
fault_misfire_2,2867,1789814831.974543,3026.1,118.52,614.78,2.81,97.39,0.0341,11.43,14.04,14.26,30.0,0.0,25.0,misfire,0.84
fault_misfire_2,2868,1789814832.974543,2905.6,118.43,609.64,2.82,97.39,0.0336,10.68,14.09,14.14,30.0,0.0,25.0,misfire,0.84
fault_misfire_2,2869,1789814833.974543,2749.3,118.62,613.0,2.82,97.45,0.0397,10.25,14.15,14.12,30.0,0.0,25.0,misfire,0.84
fault_misfire_2,2870,1789814834.974543,2589.7,118.18,612.37,2.85,97.46,0.0369,9.55,14.13,14.2,30.0,0.0,25.0,misfire,0.84
fault_misfire_2,2871,1789814835.974543,2446.3,118.36,612.03,2.86,97.38,0.0398,9.08,14.15,14.14,30.0,0.0,25.0,misfire,0.84
fault_misfire_2,2872,1789814836.974543,2387.9,118.22,616.17,2.89,97.4,0.0385,8.88,14.12,13.92,30.0,0.0,25.0,misfire,0.84
fault_misfire_2,2873,1789814837.974543,2413.1,118.3,611.95,2.91,97.35,0.0378,8.91,14.11,13.92,30.0,0.0,25.0,misfire,0.84
fault_misfire_2,2874,1789814838.974543,2495.9,118.44,612.56,2.95,97.36,0.033,9.31,14.1,14.21,30.0,0.0,25.0,misfire,0.84
fault_misfire_2,2875,1789814839.974543,2657.4,118.49,613.82,2.85,97.14,0.0409,9.86,14.13,14.25,30.0,0.0,25.0,misfire,0.84
fault_misfire_2,2876,1789814840.974543,2815.5,118.34,611.04,2.83,97.16,0.041,10.48,14.09,13.93,30.0,0.0,25.0,misfire,0.84
fault_misfire_2,2877,1789814841.974543,2974.1,118.36,613.94,2.8,97.28,0.039,11.07,14.09,14.13,30.0,0.0,25.0,misfire,0.84
fault_misfire_2,2878,1789814842.974543,3049.3,118.65,613.12,2.85,97.47,0.0385,11.33,14.12,14.53,30.0,0.0,25.0,misfire,0.84
fault_misfire_2,2879,1789814843.974543,3070.2,118.76,612.27,2.91,97.45,0.0372,11.34,14.05,14.55,30.0,0.0,25.0,misfire,0.84
fault_misfire_2,2880,1789814844.974543,3013.0,118.67,614.8,2.92,97.25,0.0323,11.16,14.05,14.3,30.0,0.0,25.0,misfire,0.84
fault_misfire_2,2881,1789814845.974543,2836.8,118.88,612.34,2.9,97.02,0.038,10.66,14.13,14.53,30.0,0.0,25.0,misfire,0.84
fault_misfire_2,2882,1789814846.974543,2678.9,118.82,612.15,2.95,97.11,0.037,10.0,14.03,14.71,30.0,0.0,25.0,misfire,0.84
fault_misfire_2,2883,1789814847.974543,2519.8,119.03,613.49,2.88,97.23,0.0383,9.45,14.08,14.45,30.0,0.0,25.0,misfire,0.84
fault_misfire_2,2884,1789814848.974543,2417.4,118.9,615.04,2.87,97.13,0.0392,8.99,14.2,14.17,30.0,0.0,25.0,misfire,0.84
fault_misfire_2,2885,1789814849.974543,2408.2,119.33,616.75,2.89,97.13,0.0476,8.96,14.12,14.02,30.0,0.0,25.0,misfire,0.84
fault_misfire_2,2886,1789814850.974543,2463.8,118.91,625.54,2.87,97.28,0.0445,9.11,14.1,13.98,30.0,0.0,25.0,misfire,0.84
fault_misfire_2,2887,1789814851.974543,2596.0,118.84,627.69,2.84,97.54,0.0378,9.51,14.07,14.29,30.0,0.0,25.0,misfire,0.84
fault_misfire_2,2888,1789814852.974543,2728.5,118.79,623.96,2.85,97.58,0.0447,9.92,14.1,14.28,30.0,0.0,25.0,misfire,0.84
fault_misfire_2,2889,1789814853.974543,2915.8,118.49,620.54,2.89,97.43,0.0427,10.67,14.05,14.42,30.0,0.0,25.0,misfire,0.84
fault_misfire_2,2890,1789814854.974543,3017.6,118.5,619.3,2.93,97.61,0.0401,11.01,13.98,14.37,30.0,0.0,25.0,misfire,0.84
fault_misfire_2,2891,1789814855.974543,3031.2,118.57,624.6,2.93,97.62,0.0367,11.03,14.0,14.55,30.0,0.0,25.0,misfire,0.84
fault_misfire_2,2892,1789814856.974543,3013.9,118.72,632.76,2.98,97.63,0.0394,11.16,14.04,14.32,30.0,0.0,25.0,misfire,0.84
fault_misfire_2,2893,1789814857.974543,2901.2,118.16,630.96,2.99,97.62,0.0291,10.81,13.99,14.37,30.0,0.0,25.0,misfire,0.84
fault_misfire_2,2894,1789814858.974543,2761.8,118.09,631.31,2.95,97.58,0.0306,10.31,13.99,14.48,30.0,0.0,25.0,misfire,0.84
fault_misfire_2,2895,1789814859.974543,2575.7,118.14,626.82,2.91,97.32,0.036,9.61,14.02,14.27,30.0,0.0,25.0,misfire,0.84
fault_misfire_2,2896,1789814860.974543,2450.6,118.32,625.85,3.03,97.37,0.0438,9.0,14.0,14.07,30.0,0.0,25.0,misfire,0.84
fault_misfire_2,2897,1789814861.974543,2386.1,118.07,623.74,3.05,97.56,0.0368,8.68,14.1,14.33,30.0,0.0,25.0,misfire,0.84
fault_misfire_2,2898,1789814862.974543,2407.2,117.96,615.97,3.03,97.4,0.0357,8.89,14.12,14.54,30.0,0.0,25.0,misfire,0.84
fault_misfire_2,2899,1789814863.974543,2508.3,117.73,615.26,3.1,97.37,0.0378,9.24,14.2,14.4,30.0,0.0,25.0,misfire,0.84
fault_misfire_2,2900,1789814864.974543,2658.6,117.96,612.76,3.11,97.34,0.0489,9.65,14.19,14.52,30.0,0.0,25.0,misfire,0.84
fault_misfire_2,2901,1789814865.974543,2820.5,117.9,613.64,3.05,97.3,0.0426,10.14,14.2,14.64,30.0,0.0,25.0,misfire,0.84
fault_misfire_2,2902,1789814866.974543,2971.7,118.01,609.51,3.0,97.26,0.0391,10.73,14.18,14.4,30.0,0.0,25.0,misfire,0.84
fault_misfire_2,2903,1789814867.974543,3045.2,117.74,611.79,3.06,97.26,0.0383,10.95,14.17,14.34,30.0,0.0,25.0,misfire,0.84
fault_misfire_2,2904,1789814868.974543,3069.9,117.92,615.48,3.03,97.19,0.0425,11.06,14.15,14.56,30.0,0.0,25.0,misfire,0.84
fault_misfire_2,2905,1789814869.974543,2994.7,117.6,617.6,2.98,97.06,0.0438,11.02,14.19,14.23,30.0,0.0,25.0,misfire,0.84
fault_misfire_2,2906,1789814870.974543,2842.8,117.61,620.89,2.89,97.12,0.0387,10.5,14.09,14.3,30.0,0.0,25.0,misfire,0.84
fault_misfire_2,2907,1789814871.974543,2656.6,117.7,618.8,2.91,97.21,0.04,9.77,13.99,14.13,30.0,0.0,25.0,misfire,0.84
fault_misfire_2,2908,1789814872.974543,2495.5,117.73,618.88,2.84,97.24,0.038,9.15,13.96,14.12,30.0,0.0,25.0,misfire,0.84
fault_misfire_2,2909,1789814873.974543,2409.2,117.77,610.1,2.81,97.29,0.0465,8.79,13.98,14.47,30.0,0.0,25.0,misfire,0.84
fault_misfire_2,2910,1789814874.974543,2365.7,117.83,617.14,2.82,97.06,0.0537,8.66,14.01,14.28,30.0,0.0,25.0,misfire,0.84
fault_misfire_2,2911,1789814875.974543,2418.4,118.2,614.62,2.85,97.07,0.0489,8.87,14.09,14.49,30.0,0.0,25.0,misfire,0.84
fault_misfire_2,2912,1789814876.974543,2559.8,118.37,613.83,2.8,97.01,0.0448,9.29,14.06,14.55,30.0,0.0,25.0,misfire,0.84
fault_misfire_2,2913,1789814877.974543,2705.5,118.39,611.69,2.82,97.06,0.0434,9.91,14.16,14.78,30.0,0.0,25.0,misfire,0.84
fault_misfire_2,2914,1789814878.974543,2870.4,118.37,612.62,2.85,96.9,0.0453,10.63,14.16,14.52,30.0,0.0,25.0,misfire,0.84
fault_misfire_2,2915,1789814879.974543,2999.6,118.43,610.99,2.81,96.84,0.0386,11.08,14.13,14.21,30.0,0.0,25.0,misfire,0.84
fault_misfire_2,2916,1789814880.974543,3032.6,118.11,609.01,2.81,96.86,0.0435,11.04,14.06,14.14,30.0,0.0,25.0,misfire,0.84
fault_misfire_2,2917,1789814881.974543,3015.6,118.1,610.4,2.88,96.95,0.0474,11.05,14.12,14.59,30.0,0.0,25.0,misfire,0.84
fault_misfire_2,2918,1789814882.974543,2896.8,118.12,608.29,2.87,96.9,0.044,10.66,14.13,14.35,30.0,0.0,25.0,misfire,0.84
fault_misfire_2,2919,1789814883.974543,2727.2,118.01,605.89,2.89,96.83,0.042,9.91,14.1,14.64,30.0,0.0,25.0,misfire,0.84
fault_misfire_2,2920,1789814884.974543,2592.3,118.29,605.5,2.9,96.9,0.0459,9.15,14.09,14.45,30.0,0.0,25.0,misfire,0.84
fault_misfire_2,2921,1789814885.974543,2448.2,118.29,612.26,2.91,96.91,0.0409,8.81,14.04,14.77,30.0,0.0,25.0,misfire,0.84
fault_misfire_2,2922,1789814886.974543,2381.4,118.39,616.82,2.91,96.82,0.0418,8.53,14.22,14.8,30.0,0.0,25.0,misfire,0.84
fault_misfire_2,2923,1789814887.974543,2400.4,118.36,613.96,2.9,96.66,0.0343,8.57,14.21,14.62,30.0,0.0,25.0,misfire,0.84
fault_misfire_2,2924,1789814888.974543,2493.4,118.33,616.49,2.96,96.8,0.0388,8.8,14.16,14.33,30.0,0.0,25.0,misfire,0.84
fault_misfire_2,2925,1789814889.974543,2637.5,118.42,619.38,2.97,96.88,0.0366,9.41,14.17,14.25,30.0,0.0,25.0,misfire,0.84
fault_misfire_2,2926,1789814890.974543,2772.2,118.08,615.29,2.94,96.77,0.0414,10.19,14.15,14.38,30.0,0.0,25.0,misfire,0.84
fault_misfire_2,2927,1789814891.974543,2938.8,117.92,621.06,2.93,96.83,0.037,10.73,14.1,14.45,30.0,0.0,25.0,misfire,0.84
fault_misfire_2,2928,1789814892.974543,3048.0,118.03,617.82,2.95,96.81,0.0362,10.89,14.05,14.36,30.0,0.0,25.0,misfire,0.84
fault_misfire_2,2929,1789814893.974543,3065.8,118.27,619.21,2.87,96.75,0.0317,10.82,14.09,14.34,30.0,0.0,25.0,misfire,0.84
fault_misfire_2,2930,1789814894.974543,3000.4,118.14,619.26,2.89,96.64,0.0349,10.75,14.12,14.14,30.0,0.0,25.0,misfire,0.84
fault_misfire_2,2931,1789814895.974543,2867.9,118.37,616.35,2.91,96.55,0.0375,10.32,14.08,14.47,30.0,0.0,25.0,misfire,0.84
fault_misfire_2,2932,1789814896.974543,2696.6,118.26,618.92,3.03,96.55,0.048,9.6,14.06,14.59,30.0,0.0,25.0,misfire,0.84
fault_misfire_2,2933,1789814897.974543,2499.9,118.43,618.37,2.93,96.43,0.0367,9.07,14.03,14.75,30.0,0.0,25.0,misfire,0.84
fault_misfire_2,2934,1789814898.974543,2421.2,118.64,618.8,2.85,96.41,0.0376,8.69,14.09,14.57,30.0,0.0,25.0,misfire,0.84
fault_misfire_2,2935,1789814899.974543,2385.5,118.73,617.6,2.89,96.48,0.0352,8.72,14.21,14.1,30.0,0.0,25.0,misfire,0.84
fault_misfire_2,2936,1789814900.974543,2417.6,118.74,613.58,2.93,96.48,0.0387,8.96,14.26,14.82,30.0,0.0,25.0,misfire,0.84
fault_misfire_2,2937,1789814901.974543,2551.6,118.57,607.79,2.9,96.38,0.0355,9.45,14.24,14.61,30.0,0.0,25.0,misfire,0.84
fault_misfire_2,2938,1789814902.974543,2700.6,118.55,605.49,2.94,96.45,0.0319,9.88,14.18,14.54,30.0,0.0,25.0,misfire,0.84
fault_misfire_2,2939,1789814903.974543,2864.1,118.58,604.75,2.89,96.54,0.0372,10.51,14.09,14.19,30.0,0.0,25.0,misfire,0.84
fault_misfire_2,2940,1789814904.974543,2977.3,118.16,605.64,2.84,96.47,0.0318,11.11,14.04,14.28,30.0,0.0,25.0,misfire,0.84
fault_misfire_2,2941,1789814905.974543,3055.5,118.43,604.3,2.83,96.53,0.0429,11.4,14.09,14.43,30.0,0.0,25.0,misfire,0.84
fault_misfire_2,2942,1789814906.974543,3021.1,118.38,604.7,2.89,96.64,0.032,11.17,14.18,14.31,30.0,0.0,25.0,misfire,0.84
fault_misfire_2,2943,1789814907.974543,2910.5,118.4,608.4,2.96,96.67,0.0353,10.87,14.26,14.02,30.0,0.0,25.0,misfire,0.84
fault_misfire_2,2944,1789814908.974543,2761.7,118.44,612.98,3.06,96.64,0.0343,10.21,14.29,14.08,30.0,0.0,25.0,misfire,0.84
fault_misfire_2,2945,1789814909.974543,2603.8,118.64,613.52,3.05,96.69,0.0331,9.46,14.18,14.57,30.0,0.0,25.0,misfire,0.84
fault_misfire_2,2946,1789814910.974543,2443.0,118.49,613.98,2.92,96.81,0.0456,9.03,14.15,14.06,30.0,0.0,25.0,misfire,0.84
fault_misfire_2,2947,1789814911.974543,2344.3,118.5,611.53,2.89,96.78,0.0453,8.76,14.15,14.3,30.0,0.0,25.0,misfire,0.84
fault_misfire_2,2948,1789814912.974543,2362.6,118.58,611.23,2.88,96.77,0.0425,8.63,14.08,14.37,30.0,0.0,25.0,misfire,0.84
fault_misfire_2,2949,1789814913.974543,2437.5,118.72,619.18,2.93,96.79,0.0519,9.0,14.03,14.86,30.0,0.0,25.0,misfire,0.84
fault_misfire_2,2950,1789814914.974543,2567.6,118.82,617.68,3.0,96.81,0.0445,9.44,14.11,14.56,30.0,0.0,25.0,misfire,0.84
fault_misfire_2,2951,1789814915.974543,2750.9,118.99,619.59,3.04,96.99,0.0381,10.41,13.98,14.16,30.0,0.0,25.0,misfire,0.84
fault_misfire_2,2952,1789814916.974543,2896.7,118.79,620.74,2.97,97.13,0.0327,11.01,14.0,14.29,30.0,0.0,25.0,misfire,0.84
fault_misfire_2,2953,1789814917.974543,2999.8,118.43,624.47,2.99,97.31,0.0309,11.36,14.0,14.45,30.0,0.0,25.0,misfire,0.84
fault_misfire_2,2954,1789814918.974543,3034.8,118.46,617.89,2.95,97.48,0.0364,11.49,13.97,14.54,30.0,0.0,25.0,misfire,0.84
fault_misfire_2,2955,1789814919.974543,2984.1,118.92,621.36,2.96,97.5,0.0373,11.26,13.96,14.34,30.0,0.0,25.0,misfire,0.84
fault_misfire_2,2956,1789814920.974543,2883.7,119.02,612.97,2.93,97.62,0.0291,10.93,14.0,14.3,30.0,0.0,25.0,misfire,0.84
fault_misfire_2,2957,1789814921.974543,2725.1,119.09,616.57,2.95,97.62,0.0357,9.97,13.94,14.69,30.0,0.0,25.0,misfire,0.84
fault_misfire_2,2958,1789814922.974543,2548.5,118.88,621.35,2.97,97.71,0.0354,9.3,13.98,14.46,30.0,0.0,25.0,misfire,0.84
fault_misfire_2,2959,1789814923.974543,2450.7,118.69,619.91,3.0,97.84,0.034,8.95,14.04,14.2,30.0,0.0,25.0,misfire,0.84
fault_misfire_2,2960,1789814924.974543,2386.6,118.61,618.94,3.02,97.91,0.0356,8.76,14.06,14.12,30.0,0.0,25.0,misfire,0.84
fault_misfire_2,2961,1789814925.974543,2424.0,118.66,614.49,3.0,97.96,0.0498,8.72,14.08,14.36,30.0,0.0,25.0,misfire,0.84
fault_misfire_2,2962,1789814926.974543,2525.6,118.89,613.34,2.98,97.91,0.0398,9.09,14.13,14.23,30.0,0.0,25.0,misfire,0.84
fault_misfire_2,2963,1789814927.974543,2698.1,118.83,619.4,3.0,97.82,0.0398,9.83,14.04,14.46,30.0,0.0,25.0,misfire,0.84
fault_misfire_2,2964,1789814928.974543,2878.6,118.83,617.23,2.98,97.85,0.0345,10.49,14.05,14.55,30.0,0.0,25.0,misfire,0.84
fault_misfire_2,2965,1789814929.974543,3014.3,118.63,622.93,2.92,97.8,0.038,10.85,14.07,14.51,30.0,0.0,25.0,misfire,0.84
fault_misfire_2,2966,1789814930.974543,3097.1,118.61,619.35,3.01,97.61,0.0452,11.12,13.98,14.43,30.0,0.0,25.0,misfire,0.84
fault_misfire_2,2967,1789814931.974543,3081.4,118.88,623.75,2.92,97.5,0.0454,11.16,13.96,14.24,30.0,0.0,25.0,misfire,0.84
fault_misfire_2,2968,1789814932.974543,2993.9,118.95,622.65,2.9,97.46,0.0445,10.93,13.98,14.26,30.0,0.0,25.0,misfire,0.84
fault_misfire_2,2969,1789814933.974543,2821.9,118.75,621.47,2.91,97.58,0.0388,10.46,13.97,14.26,30.0,0.0,25.0,misfire,0.84
fault_misfire_2,2970,1789814934.974543,2638.3,118.81,620.86,2.88,97.56,0.0281,9.9,13.98,14.16,30.0,0.0,25.0,misfire,0.84
fault_misfire_2,2971,1789814935.974543,2483.8,118.44,615.42,2.79,97.3,0.0346,9.25,13.95,14.02,30.0,0.0,25.0,misfire,0.84
fault_misfire_2,2972,1789814936.974543,2390.7,118.63,616.75,2.79,97.37,0.0386,8.84,14.0,14.49,30.0,0.0,25.0,misfire,0.84
fault_misfire_2,2973,1789814937.974543,2384.7,118.71,618.97,2.87,97.44,0.0418,8.64,13.97,14.47,30.0,0.0,25.0,misfire,0.84
fault_misfire_2,2974,1789814938.974543,2440.9,118.66,619.19,2.82,97.4,0.0444,8.86,14.0,14.61,30.0,0.0,25.0,misfire,0.84
fault_misfire_2,2975,1789814939.974543,2596.9,118.65,620.16,2.89,97.44,0.0453,9.36,14.02,14.48,30.0,0.0,25.0,misfire,0.84
fault_misfire_2,2976,1789814940.974543,2746.4,118.71,623.09,2.85,97.43,0.0448,9.98,14.03,14.13,30.0,0.0,25.0,misfire,0.84
fault_misfire_2,2977,1789814941.974543,2934.1,118.51,619.52,2.87,97.57,0.0453,10.4,14.0,14.0,30.0,0.0,25.0,misfire,0.84
fault_misfire_2,2978,1789814942.974543,3057.4,118.63,619.23,2.95,97.63,0.0423,10.9,14.03,14.02,30.0,0.0,25.0,misfire,0.84
fault_misfire_2,2979,1789814943.974543,3057.5,118.59,618.99,2.91,97.52,0.0472,10.9,14.03,14.18,30.0,0.0,25.0,misfire,0.84
fault_misfire_2,2980,1789814944.974543,2994.8,119.18,619.58,2.99,97.52,0.0403,10.68,13.99,14.61,30.0,0.0,25.0,misfire,0.84
fault_misfire_2,2981,1789814945.974543,2916.9,119.32,617.59,2.98,97.56,0.0378,10.32,13.94,14.54,30.0,0.0,25.0,misfire,0.84
fault_misfire_2,2982,1789814946.974543,2738.1,119.36,618.94,2.89,97.65,0.0367,9.89,13.94,14.65,30.0,0.0,25.0,misfire,0.84
fault_misfire_2,2983,1789814947.974543,2585.7,119.24,623.74,2.9,97.76,0.0454,9.29,13.96,14.34,30.0,0.0,25.0,misfire,0.84
fault_misfire_2,2984,1789814948.974543,2451.0,119.33,624.65,2.89,97.83,0.0424,8.89,13.97,14.08,30.0,0.0,25.0,misfire,0.84
fault_misfire_2,2985,1789814949.974543,2409.0,119.35,625.37,2.97,97.62,0.0383,8.52,14.07,13.8,30.0,0.0,25.0,misfire,0.84
fault_misfire_2,2986,1789814950.974543,2427.5,119.17,624.15,3.04,97.69,0.0346,8.8,14.04,14.13,30.0,0.0,25.0,misfire,0.84
fault_misfire_2,2987,1789814951.974543,2517.8,119.07,618.49,2.93,97.6,0.0409,9.15,13.99,14.33,30.0,0.0,25.0,misfire,0.84
fault_misfire_2,2988,1789814952.974543,2686.5,119.2,621.45,2.88,97.61,0.0378,9.68,13.91,14.22,30.0,0.0,25.0,misfire,0.84
fault_misfire_2,2989,1789814953.974543,2846.0,119.08,621.24,2.93,97.5,0.0402,10.26,13.96,14.54,30.0,0.0,25.0,misfire,0.84
fault_misfire_2,2990,1789814954.974543,3005.9,118.93,619.77,2.99,97.38,0.0418,11.0,14.03,14.8,30.0,0.0,25.0,misfire,0.84
fault_misfire_2,2991,1789814955.974543,3079.6,118.86,622.75,2.98,97.27,0.0395,11.07,14.08,14.37,30.0,0.0,25.0,misfire,0.84
fault_misfire_2,2992,1789814956.974543,3071.4,118.39,615.34,2.98,97.32,0.038,11.18,14.11,14.22,30.0,0.0,25.0,misfire,0.84
fault_misfire_2,2993,1789814957.974543,2978.9,118.58,618.33,2.91,97.39,0.0312,11.01,14.19,14.3,30.0,0.0,25.0,misfire,0.84
fault_misfire_2,2994,1789814958.974543,2816.6,118.67,621.46,2.93,97.32,0.0325,10.53,14.16,14.6,30.0,0.0,25.0,misfire,0.84
fault_misfire_2,2995,1789814959.974543,2636.8,118.65,624.42,2.96,97.42,0.0378,9.99,14.11,14.52,30.0,0.0,25.0,misfire,0.84
fault_misfire_2,2996,1789814960.974543,2501.2,118.72,623.21,2.95,97.2,0.0415,9.48,14.1,14.1,30.0,0.0,25.0,misfire,0.84
fault_misfire_2,2997,1789814961.974543,2401.8,118.7,623.39,2.83,97.29,0.0373,9.11,14.14,14.05,30.0,0.0,25.0,misfire,0.84
fault_misfire_2,2998,1789814962.974543,2377.1,118.3,622.82,2.9,97.42,0.0342,8.9,14.13,14.28,30.0,0.0,25.0,misfire,0.84
fault_misfire_2,2999,1789814963.974543,2444.6,118.67,622.23,2.83,97.32,0.0373,9.11,14.19,14.17,30.0,0.0,25.0,misfire,0.84
fault_misfire_2,3000,1789814964.974543,2176.3,118.4,608.75,2.52,97.36,0.0276,7.69,14.19,12.78,10.0,0.0,25.0,misfire,0.84
fault_misfire_2,3001,1789814965.974543,2104.7,118.12,593.69,2.35,97.46,0.027,7.39,14.06,11.96,10.0,0.0,25.0,misfire,0.84
fault_misfire_2,3002,1789814966.974543,2098.9,117.65,582.28,2.29,97.31,0.0252,7.27,13.93,11.62,10.0,0.0,25.0,misfire,0.84
fault_misfire_2,3003,1789814967.974543,2123.3,117.26,569.4,2.31,97.45,0.0249,7.11,13.78,11.71,10.0,0.0,25.0,misfire,0.84
fault_misfire_2,3004,1789814968.974543,2149.0,116.97,564.69,2.2,97.29,0.0292,7.37,13.7,11.31,10.0,0.0,25.0,misfire,0.84
fault_misfire_2,3005,1789814969.974543,2117.8,116.88,561.99,2.23,97.43,0.0277,7.01,13.73,11.3,10.0,0.0,25.0,misfire,0.84
fault_misfire_2,3006,1789814970.974543,2026.1,116.58,557.54,2.28,97.39,0.0254,6.92,13.8,11.65,10.0,0.0,25.0,misfire,0.84
fault_misfire_2,3007,1789814971.974543,1900.9,116.55,554.45,2.33,97.1,0.0333,6.53,13.83,11.23,10.0,0.0,25.0,misfire,0.84
fault_misfire_2,3008,1789814972.974543,1792.2,116.22,547.48,2.22,96.93,0.0276,6.09,13.81,11.34,10.0,0.0,25.0,misfire,0.84
fault_misfire_2,3009,1789814973.974543,1686.5,115.97,547.53,2.16,96.88,0.0234,5.8,13.76,11.35,10.0,0.0,25.0,misfire,0.84
fault_misfire_2,3010,1789814974.974543,1643.1,115.43,548.88,2.11,96.66,0.0301,5.74,13.76,11.44,10.0,0.0,25.0,misfire,0.84
fault_misfire_2,3011,1789814975.974543,1672.4,115.31,544.03,2.17,96.71,0.0354,5.88,13.79,11.3,10.0,0.0,25.0,misfire,0.84
fault_misfire_2,3012,1789814976.974543,1722.1,115.3,547.72,2.13,96.76,0.0348,5.88,13.8,11.25,10.0,0.0,25.0,misfire,0.84
fault_misfire_2,3013,1789814977.974543,1794.5,115.08,545.18,2.17,96.62,0.0299,6.4,13.77,11.24,10.0,0.0,25.0,misfire,0.84
fault_misfire_2,3014,1789814978.974543,1934.5,115.11,542.06,2.19,96.55,0.0264,6.88,13.8,11.25,10.0,0.0,25.0,misfire,0.84
fault_misfire_2,3015,1789814979.974543,2045.0,114.53,544.72,2.24,96.37,0.0225,7.12,13.75,11.19,10.0,0.0,25.0,misfire,0.84
fault_misfire_2,3016,1789814980.974543,2091.4,114.42,543.26,2.32,96.28,0.0215,7.43,13.82,11.23,10.0,0.0,25.0,misfire,0.84
fault_misfire_2,3017,1789814981.974543,2084.1,114.45,540.55,2.28,96.27,0.0255,7.41,13.81,11.26,10.0,0.0,25.0,misfire,0.84
fault_misfire_2,3018,1789814982.974543,2063.2,114.31,540.94,2.33,96.22,0.039,7.22,13.82,11.33,10.0,0.0,25.0,misfire,0.84
fault_misfire_2,3019,1789814983.974543,1965.7,114.26,543.98,2.24,96.46,0.035,6.83,13.81,11.57,10.0,0.0,25.0,misfire,0.84
fault_misfire_2,3020,1789814984.974543,1843.7,114.12,546.17,2.24,96.62,0.0297,6.56,13.74,11.55,10.0,0.0,25.0,misfire,0.84
fault_misfire_2,3021,1789814985.974543,1707.7,113.95,542.2,2.14,96.71,0.0349,6.1,13.79,11.44,10.0,0.0,25.0,misfire,0.84
fault_misfire_2,3022,1789814986.974543,1630.7,113.4,538.07,2.12,96.69,0.0277,5.8,13.85,11.65,10.0,0.0,25.0,misfire,0.84
fault_misfire_2,3023,1789814987.974543,1574.5,113.69,543.81,2.13,96.65,0.0316,5.63,13.76,11.79,10.0,0.0,25.0,misfire,0.84
fault_misfire_2,3024,1789814988.974543,1595.3,113.33,545.85,2.19,96.57,0.0277,5.69,13.83,11.51,10.0,0.0,25.0,misfire,0.84
fault_misfire_2,3025,1789814989.974543,1672.4,113.7,546.52,2.16,96.45,0.02,6.05,13.73,11.56,10.0,0.0,25.0,misfire,0.84
fault_misfire_2,3026,1789814990.974543,1803.4,113.43,547.81,2.23,96.52,0.0244,6.46,13.73,11.44,10.0,0.0,25.0,misfire,0.84
fault_misfire_2,3027,1789814991.974543,1885.4,113.24,545.99,2.26,96.61,0.0266,6.74,13.76,11.71,10.0,0.0,25.0,misfire,0.84
fault_misfire_2,3028,1789814992.974543,1983.4,113.26,547.22,2.36,96.35,0.0228,7.1,13.8,11.42,10.0,0.0,25.0,misfire,0.84
fault_misfire_2,3029,1789814993.974543,2046.0,113.27,551.18,2.29,96.28,0.0221,7.39,13.83,11.25,10.0,0.0,25.0,misfire,0.84
fault_misfire_2,3030,1789814994.974543,2057.4,113.43,548.08,2.25,96.43,0.0177,7.38,13.76,11.43,10.0,0.0,25.0,misfire,0.84
fault_misfire_2,3031,1789814995.974543,1977.5,113.22,546.11,2.32,96.58,0.022,7.09,13.76,11.48,10.0,0.0,25.0,misfire,0.84
fault_misfire_2,3032,1789814996.974543,1877.6,113.21,550.11,2.29,96.47,0.021,6.84,13.72,11.32,10.0,0.0,25.0,misfire,0.84
fault_misfire_2,3033,1789814997.974543,1754.4,112.53,550.91,2.26,96.31,0.0257,6.39,13.78,11.28,10.0,0.0,25.0,misfire,0.84
fault_misfire_2,3034,1789814998.974543,1667.1,112.48,548.98,2.21,96.36,0.0304,6.12,13.66,11.22,10.0,0.0,25.0,misfire,0.84
fault_misfire_2,3035,1789814999.974543,1602.0,112.25,546.12,2.22,96.4,0.0355,5.94,13.61,11.48,10.0,0.0,25.0,misfire,0.84
fault_misfire_2,3036,1789815000.974543,1613.7,112.17,548.97,2.25,96.26,0.0324,5.75,13.69,11.12,10.0,0.0,25.0,misfire,0.84
fault_misfire_2,3037,1789815001.974543,1647.5,111.94,551.72,2.25,96.23,0.03,5.77,13.72,11.41,10.0,0.0,25.0,misfire,0.84
fault_misfire_2,3038,1789815002.974543,1738.1,111.57,546.87,2.24,96.45,0.0309,6.25,13.82,11.36,10.0,0.0,25.0,misfire,0.84
fault_misfire_2,3039,1789815003.974543,1824.9,111.62,545.05,2.24,96.44,0.0288,6.69,13.86,11.81,10.0,0.0,25.0,misfire,0.84
fault_misfire_2,3040,1789815004.974543,1951.9,111.49,547.57,2.3,96.45,0.035,7.05,13.88,11.56,10.0,0.0,25.0,misfire,0.84
fault_misfire_2,3041,1789815005.974543,2033.9,111.51,543.23,2.28,96.53,0.0313,7.33,13.82,11.2,10.0,0.0,25.0,misfire,0.84
fault_misfire_2,3042,1789815006.974543,2064.4,111.42,541.84,2.24,96.52,0.0276,7.41,13.88,11.48,10.0,0.0,25.0,misfire,0.84
fault_misfire_2,3043,1789815007.974543,2041.0,111.26,539.77,2.19,96.47,0.0192,7.33,13.91,11.18,10.0,0.0,25.0,misfire,0.84
fault_misfire_2,3044,1789815008.974543,1951.9,111.39,534.04,2.21,96.39,0.0296,6.95,13.91,11.47,10.0,0.0,25.0,misfire,0.84
fault_misfire_2,3045,1789815009.974543,1848.4,111.28,537.56,2.28,96.31,0.0312,6.62,13.8,11.44,10.0,0.0,25.0,misfire,0.84
fault_misfire_2,3046,1789815010.974543,1739.3,111.09,536.0,2.27,96.48,0.028,6.34,13.77,11.46,10.0,0.0,25.0,misfire,0.84
fault_misfire_2,3047,1789815011.974543,1661.9,111.4,538.87,2.25,96.45,0.0219,5.95,13.85,11.25,10.0,0.0,25.0,misfire,0.84
fault_misfire_2,3048,1789815012.974543,1623.0,111.42,541.03,2.23,96.45,0.0186,5.98,13.88,11.18,10.0,0.0,25.0,misfire,0.84
fault_misfire_2,3049,1789815013.974543,1637.2,111.45,539.18,2.14,96.31,0.0269,5.96,13.8,11.52,10.0,0.0,25.0,misfire,0.84
fault_misfire_2,3050,1789815014.974543,1717.7,111.65,540.77,2.15,96.33,0.0283,6.03,13.81,11.52,10.0,0.0,25.0,misfire,0.84
fault_misfire_2,3051,1789815015.974543,1818.8,111.89,541.89,2.11,96.35,0.0273,6.39,13.82,11.24,10.0,0.0,25.0,misfire,0.84
fault_misfire_2,3052,1789815016.974543,1941.3,111.92,542.51,2.24,96.41,0.0266,6.84,13.79,11.3,10.0,0.0,25.0,misfire,0.84
fault_misfire_2,3053,1789815017.974543,2029.5,111.5,542.6,2.25,96.31,0.03,7.2,13.78,11.32,10.0,0.0,25.0,misfire,0.84
fault_misfire_2,3054,1789815018.974543,2094.6,111.56,540.53,2.29,96.3,0.0268,7.44,13.81,11.37,10.0,0.0,25.0,misfire,0.84
fault_misfire_2,3055,1789815019.974543,2061.8,111.77,540.31,2.25,96.28,0.022,7.32,13.75,11.2,10.0,0.0,25.0,misfire,0.84
fault_misfire_2,3056,1789815020.974543,2031.2,111.74,543.37,2.13,96.17,0.0202,7.01,13.86,11.41,10.0,0.0,25.0,misfire,0.84
fault_misfire_2,3057,1789815021.974543,1903.4,111.7,545.19,2.2,96.16,0.0257,6.62,13.87,11.43,10.0,0.0,25.0,misfire,0.84
fault_misfire_2,3058,1789815022.974543,1832.1,111.4,547.92,2.17,96.18,0.0286,6.2,13.85,11.21,10.0,0.0,25.0,misfire,0.84
fault_misfire_2,3059,1789815023.974543,1721.9,111.61,543.98,2.17,96.31,0.0207,5.88,13.79,11.29,10.0,0.0,25.0,misfire,0.84
fault_misfire_2,3060,1789815024.974543,1653.3,111.64,540.12,2.14,96.13,0.0199,5.65,13.78,11.51,10.0,0.0,25.0,misfire,0.84
fault_misfire_2,3061,1789815025.974543,1646.5,111.57,544.45,2.1,96.11,0.0205,5.51,13.81,11.29,10.0,0.0,25.0,misfire,0.84
fault_misfire_2,3062,1789815026.974543,1700.2,111.79,550.19,2.17,96.23,0.0278,5.79,13.85,11.2,10.0,0.0,25.0,misfire,0.84
fault_misfire_2,3063,1789815027.974543,1813.3,111.91,552.42,2.28,96.21,0.0397,6.16,13.87,11.4,10.0,0.0,25.0,misfire,0.84
fault_misfire_2,3064,1789815028.974543,1941.8,111.99,551.51,2.23,95.93,0.0371,6.54,13.85,11.47,10.0,0.0,25.0,misfire,0.84
fault_misfire_2,3065,1789815029.974543,2037.8,112.21,550.4,2.26,95.96,0.0393,6.99,13.85,11.28,10.0,0.0,25.0,misfire,0.84
fault_misfire_2,3066,1789815030.974543,2109.0,112.49,551.11,2.29,96.0,0.0317,7.37,13.88,11.31,10.0,0.0,25.0,misfire,0.84
fault_misfire_2,3067,1789815031.974543,2141.6,112.11,548.19,2.33,95.78,0.0321,7.47,13.86,11.36,10.0,0.0,25.0,misfire,0.84
fault_misfire_2,3068,1789815032.974543,2077.9,112.0,549.9,2.25,95.72,0.0332,7.34,13.81,11.27,10.0,0.0,25.0,misfire,0.84
fault_misfire_2,3069,1789815033.974543,2014.1,112.0,553.14,2.33,95.67,0.0289,6.93,13.73,11.22,10.0,0.0,25.0,misfire,0.84
fault_misfire_2,3070,1789815034.974543,1884.2,111.94,555.62,2.39,95.49,0.0251,6.45,13.74,11.23,10.0,0.0,25.0,misfire,0.84
fault_misfire_2,3071,1789815035.974543,1785.5,111.76,551.09,2.25,95.65,0.0315,6.09,13.73,11.39,10.0,0.0,25.0,misfire,0.84
fault_misfire_2,3072,1789815036.974543,1667.3,111.86,550.69,2.25,95.49,0.0305,5.71,13.67,11.37,10.0,0.0,25.0,misfire,0.84
fault_misfire_2,3073,1789815037.974543,1633.7,112.01,552.4,2.18,95.59,0.0311,5.79,13.68,11.12,10.0,0.0,25.0,misfire,0.84
fault_misfire_2,3074,1789815038.974543,1642.7,111.59,552.31,2.17,95.52,0.0287,5.56,13.73,11.14,10.0,0.0,25.0,misfire,0.84
fault_misfire_2,3075,1789815039.974543,1704.5,111.26,546.39,2.19,95.7,0.0317,5.93,13.73,11.28,10.0,0.0,25.0,misfire,0.84
fault_misfire_2,3076,1789815040.974543,1828.3,111.31,540.72,2.32,95.73,0.04,6.32,13.63,11.46,10.0,0.0,25.0,misfire,0.84
fault_misfire_2,3077,1789815041.974543,1926.3,111.17,540.3,2.31,95.7,0.0347,6.72,13.71,11.38,10.0,0.0,25.0,misfire,0.84
fault_misfire_2,3078,1789815042.974543,1986.3,111.2,535.91,2.29,95.57,0.0334,6.96,13.85,11.37,10.0,0.0,25.0,misfire,0.84
fault_misfire_2,3079,1789815043.974543,2059.8,111.31,537.89,2.33,95.46,0.036,7.05,13.83,11.59,10.0,0.0,25.0,misfire,0.84
fault_misfire_2,3080,1789815044.974543,2075.8,111.57,537.62,2.35,95.41,0.0253,7.06,13.87,11.46,10.0,0.0,25.0,misfire,0.84
fault_misfire_2,3081,1789815045.974543,2003.7,111.43,538.94,2.37,95.44,0.0237,6.94,13.84,11.44,10.0,0.0,25.0,misfire,0.84
fault_misfire_2,3082,1789815046.974543,1903.5,111.92,541.27,2.38,95.45,0.0301,6.65,13.83,11.87,10.0,0.0,25.0,misfire,0.84
fault_misfire_2,3083,1789815047.974543,1803.3,112.03,542.91,2.37,95.25,0.0251,6.19,13.85,11.6,10.0,0.0,25.0,misfire,0.84
fault_misfire_2,3084,1789815048.974543,1694.5,112.48,545.14,2.35,95.22,0.03,5.83,13.91,11.53,10.0,0.0,25.0,misfire,0.84
fault_misfire_2,3085,1789815049.974543,1616.8,112.51,545.79,2.36,95.15,0.0335,5.6,13.96,11.54,10.0,0.0,25.0,misfire,0.84
fault_misfire_2,3086,1789815050.974543,1605.1,112.17,542.29,2.29,94.97,0.0253,5.46,13.88,11.72,10.0,0.0,25.0,misfire,0.84
fault_misfire_2,3087,1789815051.974543,1653.2,112.12,542.65,2.2,95.04,0.0263,5.74,13.88,11.46,10.0,0.0,25.0,misfire,0.84
fault_misfire_2,3088,1789815052.974543,1733.6,111.75,541.63,2.25,95.14,0.0261,5.85,13.76,11.77,10.0,0.0,25.0,misfire,0.84
fault_misfire_2,3089,1789815053.974543,1851.0,111.45,543.76,2.26,95.01,0.033,6.15,13.84,11.6,10.0,0.0,25.0,misfire,0.84
fault_misfire_2,3090,1789815054.974543,1962.5,111.43,543.88,2.24,95.06,0.0297,6.72,13.76,11.57,10.0,0.0,25.0,misfire,0.84
fault_misfire_2,3091,1789815055.974543,2061.4,111.37,546.22,2.21,94.93,0.0266,6.95,13.75,11.13,10.0,0.0,25.0,misfire,0.84
fault_misfire_2,3092,1789815056.974543,2059.9,111.37,546.72,2.29,95.06,0.0205,7.1,13.73,11.0,10.0,0.0,25.0,misfire,0.84
fault_misfire_2,3093,1789815057.974543,2036.0,111.41,549.29,2.29,95.16,0.0226,7.19,13.8,11.3,10.0,0.0,25.0,misfire,0.84
fault_misfire_2,3094,1789815058.974543,1938.5,111.43,550.21,2.28,95.17,0.0338,7.12,13.89,11.03,10.0,0.0,25.0,misfire,0.84
fault_misfire_2,3095,1789815059.974543,1857.9,111.3,547.57,2.26,95.21,0.0336,6.64,13.85,11.28,10.0,0.0,25.0,misfire,0.84
fault_misfire_2,3096,1789815060.974543,1784.6,111.38,543.74,2.28,95.07,0.0315,6.19,13.91,11.37,10.0,0.0,25.0,misfire,0.84
fault_misfire_2,3097,1789815061.974543,1677.8,111.18,544.38,2.35,95.3,0.0386,5.9,13.92,11.39,10.0,0.0,25.0,misfire,0.84
fault_misfire_2,3098,1789815062.974543,1620.3,110.88,543.31,2.26,95.31,0.031,5.83,13.86,11.32,10.0,0.0,25.0,misfire,0.84
fault_misfire_2,3099,1789815063.974543,1635.1,110.92,547.15,2.2,95.36,0.0249,5.65,13.8,11.25,10.0,0.0,25.0,misfire,0.84
fault_misfire_2,3100,1789815064.974543,1689.8,110.92,545.56,2.16,95.35,0.0235,5.92,13.79,11.12,10.0,0.0,25.0,misfire,0.84
fault_misfire_2,3101,1789815065.974543,1807.7,111.04,545.33,2.06,95.3,0.0234,6.11,13.74,11.17,10.0,0.0,25.0,misfire,0.84
fault_misfire_2,3102,1789815066.974543,1925.8,111.48,541.62,2.12,95.32,0.0321,6.32,13.75,11.06,10.0,0.0,25.0,misfire,0.84
fault_misfire_2,3103,1789815067.974543,1985.9,111.53,539.74,2.21,95.25,0.024,6.63,13.69,11.14,10.0,0.0,25.0,misfire,0.84
fault_misfire_2,3104,1789815068.974543,2053.1,111.59,541.78,2.26,95.35,0.0247,6.8,13.77,11.53,10.0,0.0,25.0,misfire,0.84
fault_misfire_2,3105,1789815069.974543,2025.4,111.76,548.14,2.27,95.3,0.0302,7.0,13.66,11.54,10.0,0.0,25.0,misfire,0.84
fault_misfire_2,3106,1789815070.974543,1958.2,111.53,548.78,2.3,95.28,0.0256,6.86,13.66,11.25,10.0,0.0,25.0,misfire,0.84
fault_misfire_2,3107,1789815071.974543,1898.0,111.41,546.13,2.35,95.27,0.0263,6.9,13.61,11.14,10.0,0.0,25.0,misfire,0.84
fault_misfire_2,3108,1789815072.974543,1790.3,111.67,545.61,2.24,95.12,0.0324,6.38,13.62,11.38,10.0,0.0,25.0,misfire,0.84
fault_misfire_2,3109,1789815073.974543,1665.7,111.87,543.84,2.16,95.17,0.0297,5.95,13.65,11.45,10.0,0.0,25.0,misfire,0.84
fault_misfire_2,3110,1789815074.974543,1608.9,111.46,547.06,2.15,95.1,0.0267,5.68,13.69,11.05,10.0,0.0,25.0,misfire,0.84
fault_misfire_2,3111,1789815075.974543,1609.6,111.34,543.12,2.06,95.26,0.0193,5.69,13.64,11.23,10.0,0.0,25.0,misfire,0.84
fault_misfire_2,3112,1789815076.974543,1628.5,111.01,546.2,2.11,95.25,0.0138,5.8,13.62,11.44,10.0,0.0,25.0,misfire,0.84
fault_misfire_2,3113,1789815077.974543,1721.7,110.85,551.64,2.14,95.35,0.0243,6.08,13.66,11.41,10.0,0.0,25.0,misfire,0.84
fault_misfire_2,3114,1789815078.974543,1794.3,111.06,550.61,2.18,95.5,0.0287,6.64,13.68,11.37,10.0,0.0,25.0,misfire,0.84
fault_misfire_2,3115,1789815079.974543,1893.2,111.12,550.22,2.27,95.4,0.0177,6.92,13.67,11.55,10.0,0.0,25.0,misfire,0.84
fault_misfire_2,3116,1789815080.974543,1986.5,111.41,546.38,2.2,95.46,0.016,7.13,13.69,11.36,10.0,0.0,25.0,misfire,0.84
fault_misfire_2,3117,1789815081.974543,2018.9,111.44,543.64,2.19,95.58,0.0278,7.39,13.69,11.4,10.0,0.0,25.0,misfire,0.84
fault_misfire_2,3118,1789815082.974543,2017.7,111.26,544.58,2.17,95.54,0.0315,7.26,13.76,11.32,10.0,0.0,25.0,misfire,0.84
fault_misfire_2,3119,1789815083.974543,1955.8,110.77,541.82,2.18,95.47,0.0272,6.91,13.82,11.25,10.0,0.0,25.0,misfire,0.84
fault_misfire_2,3120,1789815084.974543,1866.7,110.87,545.17,2.13,95.44,0.0267,6.6,13.89,11.2,10.0,0.0,25.0,misfire,0.84
fault_misfire_2,3121,1789815085.974543,1742.3,110.86,546.56,2.14,95.38,0.0289,6.35,13.99,11.32,10.0,0.0,25.0,misfire,0.84
fault_misfire_2,3122,1789815086.974543,1657.3,110.77,543.11,2.2,95.42,0.0272,6.01,13.98,11.29,10.0,0.0,25.0,misfire,0.84
fault_misfire_2,3123,1789815087.974543,1604.5,111.0,541.37,2.12,95.55,0.0375,5.82,13.95,11.1,10.0,0.0,25.0,misfire,0.84
fault_misfire_2,3124,1789815088.974543,1624.3,111.01,539.27,2.1,95.76,0.0324,5.91,13.92,11.22,10.0,0.0,25.0,misfire,0.84
fault_misfire_2,3125,1789815089.974543,1666.5,110.93,542.94,2.11,95.69,0.0315,6.03,13.8,11.45,10.0,0.0,25.0,misfire,0.84
fault_misfire_2,3126,1789815090.974543,1770.3,110.75,545.48,2.14,95.68,0.0225,6.28,13.78,11.28,10.0,0.0,25.0,misfire,0.84
fault_misfire_2,3127,1789815091.974543,1878.3,110.83,549.44,2.19,95.84,0.0255,6.6,13.68,11.32,10.0,0.0,25.0,misfire,0.84
fault_misfire_2,3128,1789815092.974543,1980.2,110.85,549.55,2.21,95.65,0.0191,7.02,13.69,11.36,10.0,0.0,25.0,misfire,0.84
fault_misfire_2,3129,1789815093.974543,2052.3,111.06,550.01,2.21,95.39,0.0237,7.26,13.7,11.42,10.0,0.0,25.0,misfire,0.84
fault_misfire_2,3130,1789815094.974543,2061.4,111.15,549.33,2.26,95.41,0.0201,7.39,13.73,11.45,10.0,0.0,25.0,misfire,0.84
fault_misfire_2,3131,1789815095.974543,2035.2,111.09,546.05,2.27,95.57,0.0256,7.23,13.75,11.92,10.0,0.0,25.0,misfire,0.84
fault_misfire_2,3132,1789815096.974543,1991.4,111.17,546.26,2.33,95.54,0.0287,6.94,13.66,11.35,10.0,0.0,25.0,misfire,0.84
fault_misfire_2,3133,1789815097.974543,1858.7,111.31,547.4,2.43,95.7,0.0253,6.62,13.62,11.29,10.0,0.0,25.0,misfire,0.84
fault_misfire_2,3134,1789815098.974543,1746.3,111.59,551.16,2.36,95.63,0.0161,6.23,13.61,11.22,10.0,0.0,25.0,misfire,0.84
fault_misfire_2,3135,1789815099.974543,1666.9,111.65,548.72,2.39,95.58,0.0243,6.03,13.64,10.98,10.0,0.0,25.0,misfire,0.84
fault_misfire_2,3136,1789815100.974543,1633.4,111.42,550.32,2.38,95.48,0.0318,5.81,13.66,10.97,10.0,0.0,25.0,misfire,0.84
fault_misfire_2,3137,1789815101.974543,1643.2,111.42,552.6,2.38,95.46,0.0359,5.83,13.73,11.36,10.0,0.0,25.0,misfire,0.84
fault_misfire_2,3138,1789815102.974543,1679.4,111.51,552.44,2.38,95.27,0.0364,6.06,13.79,11.7,10.0,0.0,25.0,misfire,0.84
fault_misfire_2,3139,1789815103.974543,1789.1,111.2,553.35,2.3,95.17,0.0401,6.35,13.77,11.47,10.0,0.0,25.0,misfire,0.84
fault_misfire_2,3140,1789815104.974543,1908.3,111.12,545.08,2.3,95.28,0.0352,6.66,13.76,11.58,10.0,0.0,25.0,misfire,0.84
fault_misfire_2,3141,1789815105.974543,2013.7,111.2,550.05,2.32,95.24,0.0307,7.14,13.75,10.87,10.0,0.0,25.0,misfire,0.84
fault_misfire_2,3142,1789815106.974543,2058.8,110.92,546.25,2.39,95.21,0.0268,7.36,13.81,10.87,10.0,0.0,25.0,misfire,0.84
fault_misfire_2,3143,1789815107.974543,2049.4,111.31,547.79,2.36,95.19,0.0313,7.25,13.82,11.44,10.0,0.0,25.0,misfire,0.84
fault_misfire_2,3144,1789815108.974543,1986.5,111.36,544.72,2.31,95.17,0.0296,7.14,13.84,11.39,10.0,0.0,25.0,misfire,0.84
fault_misfire_2,3145,1789815109.974543,1869.8,111.54,546.56,2.28,95.04,0.0183,6.93,13.83,11.62,10.0,0.0,25.0,misfire,0.84
fault_misfire_2,3146,1789815110.974543,1759.4,111.24,552.56,2.32,94.8,0.0223,6.56,13.8,11.14,10.0,0.0,25.0,misfire,0.84
fault_misfire_2,3147,1789815111.974543,1661.3,111.51,556.79,2.32,94.71,0.0213,6.07,13.85,11.11,10.0,0.0,25.0,misfire,0.84
fault_misfire_2,3148,1789815112.974543,1598.8,111.59,549.78,2.26,94.85,0.0224,5.79,13.82,11.15,10.0,0.0,25.0,misfire,0.84
fault_misfire_2,3149,1789815113.974543,1612.2,111.31,547.99,2.26,94.79,0.0183,5.77,13.94,11.59,10.0,0.0,25.0,misfire,0.84
fault_misfire_2,3150,1789815114.974543,1661.9,111.48,547.91,2.16,94.82,0.026,5.97,14.0,11.62,10.0,0.0,25.0,misfire,0.84
fault_misfire_2,3151,1789815115.974543,1730.2,111.39,543.36,2.22,94.83,0.0346,6.3,13.97,11.13,10.0,0.0,25.0,misfire,0.84
fault_misfire_2,3152,1789815116.974543,1855.3,111.1,543.26,2.23,94.71,0.0321,6.93,13.89,11.11,10.0,0.0,25.0,misfire,0.84
fault_misfire_2,3153,1789815117.974543,1961.7,111.22,538.04,2.19,94.6,0.0304,7.17,13.87,11.04,10.0,0.0,25.0,misfire,0.84
fault_misfire_2,3154,1789815118.974543,2039.3,111.11,532.75,2.2,94.68,0.0271,7.39,13.75,11.39,10.0,0.0,25.0,misfire,0.84
fault_misfire_2,3155,1789815119.974543,2077.6,110.85,535.99,2.21,94.56,0.0341,7.48,13.73,11.71,10.0,0.0,25.0,misfire,0.84
fault_misfire_2,3156,1789815120.974543,2022.1,110.9,542.0,2.22,94.67,0.0321,7.31,13.84,11.75,10.0,0.0,25.0,misfire,0.84
fault_misfire_2,3157,1789815121.974543,1934.7,110.83,541.39,2.29,94.63,0.0355,6.9,13.87,11.87,10.0,0.0,25.0,misfire,0.84
fault_misfire_2,3158,1789815122.974543,1834.5,110.8,546.62,2.24,94.63,0.0321,6.52,13.8,11.51,10.0,0.0,25.0,misfire,0.84
fault_misfire_2,3159,1789815123.974543,1730.0,110.92,544.1,2.3,94.47,0.0268,6.22,13.75,11.52,10.0,0.0,25.0,misfire,0.84
fault_misfire_2,3160,1789815124.974543,1642.5,111.22,547.49,2.27,94.37,0.0323,5.87,13.74,11.26,10.0,0.0,25.0,misfire,0.84
fault_misfire_2,3161,1789815125.974543,1619.1,111.59,552.01,2.2,94.46,0.0332,5.64,13.74,11.12,10.0,0.0,25.0,misfire,0.84
fault_misfire_2,3162,1789815126.974543,1641.8,111.96,549.33,2.23,94.61,0.0321,5.63,13.76,11.17,10.0,0.0,25.0,misfire,0.84
fault_misfire_2,3163,1789815127.974543,1701.4,111.94,540.93,2.21,94.69,0.029,5.78,13.73,10.98,10.0,0.0,25.0,misfire,0.84
fault_misfire_2,3164,1789815128.974543,1801.2,112.22,543.76,2.32,94.68,0.0353,6.12,13.77,11.02,10.0,0.0,25.0,misfire,0.84
fault_misfire_2,3165,1789815129.974543,1881.5,112.14,536.34,2.26,94.61,0.0307,6.45,13.74,10.97,10.0,0.0,25.0,misfire,0.84
fault_misfire_2,3166,1789815130.974543,1994.0,112.41,538.72,2.27,94.68,0.0397,6.91,13.77,10.93,10.0,0.0,25.0,misfire,0.84
fault_misfire_2,3167,1789815131.974543,2064.9,112.42,544.65,2.21,94.52,0.0374,7.12,13.83,11.12,10.0,0.0,25.0,misfire,0.84
fault_misfire_2,3168,1789815132.974543,2033.6,112.36,543.99,2.29,94.42,0.0302,7.03,13.89,11.35,10.0,0.0,25.0,misfire,0.84
fault_misfire_2,3169,1789815133.974543,1980.5,112.33,539.41,2.21,94.26,0.0241,7.11,13.88,11.47,10.0,0.0,25.0,misfire,0.84
fault_misfire_2,3170,1789815134.974543,1912.8,111.95,541.75,2.27,94.37,0.0233,6.77,13.96,11.31,10.0,0.0,25.0,misfire,0.84
fault_misfire_2,3171,1789815135.974543,1786.8,111.8,543.77,2.3,94.27,0.0249,6.33,13.92,11.19,10.0,0.0,25.0,misfire,0.84
fault_misfire_2,3172,1789815136.974543,1680.5,111.72,543.91,2.27,94.21,0.0313,6.04,13.86,11.44,10.0,0.0,25.0,misfire,0.84
fault_misfire_2,3173,1789815137.974543,1588.1,111.78,544.47,2.27,94.22,0.0206,5.85,13.71,11.52,10.0,0.0,25.0,misfire,0.84
fault_misfire_2,3174,1789815138.974543,1578.3,112.17,545.34,2.33,94.29,0.0222,5.7,13.7,11.52,10.0,0.0,25.0,misfire,0.84
fault_misfire_2,3175,1789815139.974543,1619.1,111.82,540.69,2.31,94.23,0.0165,5.84,13.67,11.45,10.0,0.0,25.0,misfire,0.84
fault_misfire_2,3176,1789815140.974543,1720.8,111.67,541.86,2.23,94.29,0.0263,6.06,13.66,11.41,10.0,0.0,25.0,misfire,0.84
fault_misfire_2,3177,1789815141.974543,1846.2,112.06,543.42,2.22,94.35,0.0335,6.28,13.56,11.25,10.0,0.0,25.0,misfire,0.84
fault_misfire_2,3178,1789815142.974543,1939.5,111.85,539.56,2.22,94.47,0.0246,6.72,13.61,11.24,10.0,0.0,25.0,misfire,0.84
fault_misfire_2,3179,1789815143.974543,2035.0,111.97,539.97,2.15,94.53,0.0223,7.05,13.67,11.52,10.0,0.0,25.0,misfire,0.84
fault_misfire_2,3180,1789815144.974543,2059.4,111.66,538.3,2.18,94.59,0.0172,7.29,13.61,11.9,10.0,0.0,25.0,misfire,0.84
fault_misfire_2,3181,1789815145.974543,2039.6,111.45,543.65,2.12,94.54,0.018,7.28,13.54,11.52,10.0,0.0,25.0,misfire,0.84
fault_misfire_2,3182,1789815146.974543,1971.0,111.52,542.77,2.2,94.34,0.0232,7.01,13.63,11.4,10.0,0.0,25.0,misfire,0.84
fault_misfire_2,3183,1789815147.974543,1870.4,111.51,544.08,2.27,94.35,0.019,6.73,13.59,11.04,10.0,0.0,25.0,misfire,0.84
fault_misfire_2,3184,1789815148.974543,1759.1,111.39,553.32,2.28,94.32,0.0345,6.38,13.57,11.12,10.0,0.0,25.0,misfire,0.84
fault_misfire_2,3185,1789815149.974543,1648.7,111.73,545.14,2.26,94.26,0.0245,5.76,13.51,11.14,10.0,0.0,25.0,misfire,0.84
fault_misfire_2,3186,1789815150.974543,1596.0,111.76,544.12,2.19,94.33,0.03,5.68,13.6,11.17,10.0,0.0,25.0,misfire,0.84
fault_misfire_2,3187,1789815151.974543,1619.7,111.8,541.12,2.29,94.43,0.0266,5.45,13.59,11.21,10.0,0.0,25.0,misfire,0.84
fault_misfire_2,3188,1789815152.974543,1701.5,112.18,538.75,2.32,94.38,0.029,5.8,13.54,11.12,10.0,0.0,25.0,misfire,0.84
fault_misfire_2,3189,1789815153.974543,1817.2,112.37,543.86,2.34,94.2,0.0368,6.18,13.59,11.25,10.0,0.0,25.0,misfire,0.84
fault_misfire_2,3190,1789815154.974543,1904.3,112.21,537.04,2.23,94.14,0.0235,6.71,13.62,11.16,10.0,0.0,25.0,misfire,0.84
fault_misfire_2,3191,1789815155.974543,1999.9,112.29,536.12,2.27,94.18,0.0245,7.0,13.68,11.29,10.0,0.0,25.0,misfire,0.84
fault_misfire_2,3192,1789815156.974543,2055.5,112.01,542.32,2.3,94.27,0.0186,7.11,13.68,11.6,10.0,0.0,25.0,misfire,0.84
fault_misfire_2,3193,1789815157.974543,2079.4,111.97,543.93,2.24,94.39,0.0259,7.01,13.63,11.62,10.0,0.0,25.0,misfire,0.84
fault_misfire_2,3194,1789815158.974543,2023.5,111.7,541.43,2.23,94.29,0.0309,6.89,13.71,11.6,10.0,0.0,25.0,misfire,0.84
fault_misfire_2,3195,1789815159.974543,1921.2,111.69,546.12,2.24,94.49,0.0284,6.58,13.75,11.34,10.0,0.0,25.0,misfire,0.84
fault_misfire_2,3196,1789815160.974543,1803.6,111.59,546.59,2.25,94.64,0.025,6.18,13.78,11.5,10.0,0.0,25.0,misfire,0.84
fault_misfire_2,3197,1789815161.974543,1689.3,111.48,543.96,2.23,94.6,0.023,5.82,13.76,11.49,10.0,0.0,25.0,misfire,0.84
fault_misfire_2,3198,1789815162.974543,1631.1,111.72,544.85,2.27,94.56,0.0303,5.56,13.75,11.44,10.0,0.0,25.0,misfire,0.84
fault_misfire_2,3199,1789815163.974543,1599.5,111.44,545.68,2.27,94.53,0.0326,5.64,13.77,11.38,10.0,0.0,25.0,misfire,0.84
fault_misfire_2,3200,1789815164.974543,1641.8,111.84,546.56,2.27,94.62,0.0232,5.73,13.77,11.16,10.0,0.0,25.0,misfire,0.84
fault_misfire_2,3201,1789815165.974543,1717.0,111.83,550.52,2.21,94.55,0.0257,6.09,13.72,11.23,10.0,0.0,25.0,misfire,0.84
fault_misfire_2,3202,1789815166.974543,1832.7,111.68,545.3,2.27,94.57,0.0304,6.46,13.64,11.47,10.0,0.0,25.0,misfire,0.84
fault_misfire_2,3203,1789815167.974543,1967.7,111.8,544.49,2.22,94.32,0.0336,6.93,13.6,11.41,10.0,0.0,25.0,misfire,0.84
fault_misfire_2,3204,1789815168.974543,2034.1,111.76,545.96,2.25,94.21,0.0368,7.08,13.67,11.21,10.0,0.0,25.0,misfire,0.84
fault_misfire_2,3205,1789815169.974543,2056.4,111.79,540.11,2.22,94.17,0.0285,7.39,13.7,11.19,10.0,0.0,25.0,misfire,0.84
fault_misfire_2,3206,1789815170.974543,2043.0,111.85,540.69,2.15,94.24,0.0335,7.35,13.77,11.11,10.0,0.0,25.0,misfire,0.84
fault_misfire_2,3207,1789815171.974543,1972.3,111.71,539.78,2.17,94.27,0.0315,7.07,13.79,11.33,10.0,0.0,25.0,misfire,0.84
fault_misfire_2,3208,1789815172.974543,1884.5,111.52,545.76,2.21,94.33,0.04,6.67,13.8,11.24,10.0,0.0,25.0,misfire,0.84
fault_misfire_2,3209,1789815173.974543,1780.4,111.41,545.72,2.24,94.39,0.0344,6.19,13.71,11.39,10.0,0.0,25.0,misfire,0.84
fault_misfire_2,3210,1789815174.974543,1684.4,111.49,546.65,2.29,94.29,0.03,5.88,13.71,11.38,10.0,0.0,25.0,misfire,0.84
fault_misfire_2,3211,1789815175.974543,1625.5,111.87,546.45,2.36,94.27,0.0273,5.58,13.75,11.18,10.0,0.0,25.0,misfire,0.84
fault_misfire_2,3212,1789815176.974543,1607.6,111.85,551.08,2.32,94.19,0.0263,5.49,13.8,11.2,10.0,0.0,25.0,misfire,0.84
fault_misfire_2,3213,1789815177.974543,1644.9,111.53,552.5,2.34,94.25,0.0314,5.81,13.76,11.51,10.0,0.0,25.0,misfire,0.84
fault_misfire_2,3214,1789815178.974543,1737.4,111.4,553.65,2.27,94.18,0.0314,5.97,13.72,11.52,10.0,0.0,25.0,misfire,0.84
fault_misfire_2,3215,1789815179.974543,1835.1,111.59,552.18,2.27,94.15,0.0278,6.35,13.65,11.29,10.0,0.0,25.0,misfire,0.84
fault_misfire_2,3216,1789815180.974543,1931.2,111.73,548.59,2.23,94.12,0.0315,6.61,13.65,11.29,10.0,0.0,25.0,misfire,0.84
fault_misfire_2,3217,1789815181.974543,2048.3,111.64,548.77,2.21,93.98,0.0365,6.85,13.65,10.98,10.0,0.0,25.0,misfire,0.84
fault_misfire_2,3218,1789815182.974543,2031.0,111.56,549.67,2.15,93.96,0.0277,6.96,13.79,11.1,10.0,0.0,25.0,misfire,0.84
fault_misfire_2,3219,1789815183.974543,2005.7,111.51,551.16,2.17,93.99,0.0245,6.98,13.81,11.52,10.0,0.0,25.0,misfire,0.84
fault_misfire_2,3220,1789815184.974543,1927.8,111.49,550.44,2.25,93.98,0.0342,6.66,13.8,11.58,10.0,0.0,25.0,misfire,0.84
fault_misfire_2,3221,1789815185.974543,1828.1,111.39,549.36,2.31,93.83,0.0259,6.37,13.76,11.23,10.0,0.0,25.0,misfire,0.84
fault_misfire_2,3222,1789815186.974543,1708.8,111.51,548.91,2.33,93.91,0.0313,5.9,13.73,11.24,10.0,0.0,25.0,misfire,0.84
fault_misfire_2,3223,1789815187.974543,1622.4,111.27,551.67,2.25,94.06,0.0268,5.64,13.79,11.52,10.0,0.0,25.0,misfire,0.84
fault_misfire_2,3224,1789815188.974543,1615.8,110.97,550.53,2.2,93.95,0.0263,5.78,13.76,11.09,10.0,0.0,25.0,misfire,0.84
fault_misfire_2,3225,1789815189.974543,1653.0,111.24,546.44,2.22,93.92,0.0395,5.81,13.75,11.18,10.0,0.0,25.0,misfire,0.84
fault_misfire_2,3226,1789815190.974543,1696.1,111.26,547.84,2.18,94.07,0.032,6.04,13.75,11.34,10.0,0.0,25.0,misfire,0.84
fault_misfire_2,3227,1789815191.974543,1779.6,110.77,546.82,2.22,94.19,0.0268,6.46,13.75,11.02,10.0,0.0,25.0,misfire,0.84
fault_misfire_2,3228,1789815192.974543,1898.5,110.59,545.3,2.24,94.13,0.0257,7.09,13.66,11.08,10.0,0.0,25.0,misfire,0.84
fault_misfire_2,3229,1789815193.974543,2000.7,110.89,548.65,2.24,93.99,0.0201,7.37,13.73,10.93,10.0,0.0,25.0,misfire,0.84
fault_misfire_2,3230,1789815194.974543,2065.9,110.81,556.06,2.2,93.92,0.0266,7.21,13.78,10.71,10.0,0.0,25.0,misfire,0.84
fault_misfire_2,3231,1789815195.974543,2035.1,111.03,550.78,2.27,93.85,0.0255,7.2,13.74,11.33,10.0,0.0,25.0,misfire,0.84
fault_misfire_2,3232,1789815196.974543,1967.8,110.7,546.86,2.22,93.77,0.0209,7.12,13.81,11.42,10.0,0.0,25.0,misfire,0.84
fault_misfire_2,3233,1789815197.974543,1881.9,110.35,548.69,2.27,93.67,0.0283,6.84,13.78,11.2,10.0,0.0,25.0,misfire,0.84
fault_misfire_2,3234,1789815198.974543,1771.6,110.41,545.36,2.35,93.57,0.0213,6.32,13.73,10.98,10.0,0.0,25.0,misfire,0.84
fault_misfire_2,3235,1789815199.974543,1700.3,110.57,548.22,2.27,93.74,0.0183,5.95,13.74,11.44,10.0,0.0,25.0,misfire,0.84
fault_misfire_2,3236,1789815200.974543,1626.6,110.83,545.37,2.31,93.79,0.0308,5.73,13.69,11.25,10.0,0.0,25.0,misfire,0.84
fault_misfire_2,3237,1789815201.974543,1632.7,111.03,551.55,2.31,94.01,0.0193,5.65,13.6,10.77,10.0,0.0,25.0,misfire,0.84
fault_misfire_2,3238,1789815202.974543,1678.8,111.53,546.07,2.37,94.04,0.0228,5.9,13.53,11.64,10.0,0.0,25.0,misfire,0.84
fault_misfire_2,3239,1789815203.974543,1756.1,111.54,544.47,2.31,94.04,0.0179,6.27,13.63,11.34,10.0,0.0,25.0,misfire,0.84
fault_misfire_2,3240,1789815204.974543,1881.3,111.81,546.78,2.32,93.94,0.0226,6.79,13.68,11.26,10.0,0.0,25.0,misfire,0.84
fault_misfire_2,3241,1789815205.974543,1994.0,112.16,544.51,2.23,93.87,0.0254,7.19,13.67,11.22,10.0,0.0,25.0,misfire,0.84
fault_misfire_2,3242,1789815206.974543,2051.8,112.05,541.77,2.29,93.79,0.0287,7.54,13.61,11.17,10.0,0.0,25.0,misfire,0.84
fault_misfire_2,3243,1789815207.974543,2073.9,111.92,542.61,2.3,93.82,0.0317,7.49,13.67,11.27,10.0,0.0,25.0,misfire,0.84
fault_misfire_2,3244,1789815208.974543,2037.4,111.72,537.39,2.27,93.68,0.0219,7.33,13.69,11.27,10.0,0.0,25.0,misfire,0.84
fault_misfire_2,3245,1789815209.974543,1978.1,111.71,538.07,2.24,93.77,0.0233,7.04,13.73,11.31,10.0,0.0,25.0,misfire,0.84
fault_misfire_2,3246,1789815210.974543,1841.7,111.93,538.95,2.29,93.72,0.0304,6.56,13.74,11.22,10.0,0.0,25.0,misfire,0.84
fault_misfire_2,3247,1789815211.974543,1743.3,112.16,535.56,2.38,93.89,0.0303,6.09,13.76,11.12,10.0,0.0,25.0,misfire,0.84
fault_misfire_2,3248,1789815212.974543,1642.4,112.05,538.32,2.36,93.99,0.0191,5.73,13.65,11.22,10.0,0.0,25.0,misfire,0.84
fault_misfire_2,3249,1789815213.974543,1598.9,111.7,537.5,2.32,94.09,0.0262,5.42,13.72,11.44,10.0,0.0,25.0,misfire,0.84
fault_misfire_2,3250,1789815214.974543,1620.6,111.54,535.53,2.37,93.97,0.0245,5.39,13.72,11.19,10.0,0.0,25.0,misfire,0.84
fault_misfire_2,3251,1789815215.974543,1701.9,111.71,537.97,2.33,93.91,0.0224,5.75,13.74,11.24,10.0,0.0,25.0,misfire,0.84
fault_misfire_2,3252,1789815216.974543,1795.1,111.41,532.37,2.33,93.9,0.0234,6.29,13.68,11.5,10.0,0.0,25.0,misfire,0.84
fault_misfire_2,3253,1789815217.974543,1910.5,111.36,534.6,2.17,94.02,0.0283,6.81,13.65,11.26,10.0,0.0,25.0,misfire,0.84
fault_misfire_2,3254,1789815218.974543,2025.3,111.53,534.56,2.14,93.97,0.0253,7.13,13.73,11.34,10.0,0.0,25.0,misfire,0.84
fault_misfire_2,3255,1789815219.974543,2076.7,111.29,534.31,2.1,94.05,0.0298,7.32,13.7,11.65,10.0,0.0,25.0,misfire,0.84
fault_misfire_2,3256,1789815220.974543,2076.5,111.31,539.08,2.1,94.04,0.0308,7.33,13.74,11.45,10.0,0.0,25.0,misfire,0.84
fault_misfire_2,3257,1789815221.974543,2025.5,111.09,537.94,2.11,94.04,0.0392,7.17,13.69,11.56,10.0,0.0,25.0,misfire,0.84
fault_misfire_2,3258,1789815222.974543,1917.3,111.16,545.09,2.17,94.07,0.0418,6.79,13.67,11.51,10.0,0.0,25.0,misfire,0.84
fault_misfire_2,3259,1789815223.974543,1767.8,111.17,543.29,2.14,94.11,0.0377,6.25,13.65,11.19,10.0,0.0,25.0,misfire,0.84
fault_misfire_2,3260,1789815224.974543,1679.6,111.17,546.51,2.22,93.99,0.0373,5.92,13.6,11.23,10.0,0.0,25.0,misfire,0.84
fault_misfire_2,3261,1789815225.974543,1620.1,111.17,544.94,2.16,93.89,0.0391,5.67,13.6,11.3,10.0,0.0,25.0,misfire,0.84
fault_misfire_2,3262,1789815226.974543,1605.5,110.83,547.17,2.2,93.72,0.036,5.75,13.62,11.18,10.0,0.0,25.0,misfire,0.84
fault_misfire_2,3263,1789815227.974543,1618.2,110.83,548.41,2.1,93.74,0.0344,6.03,13.58,11.3,10.0,0.0,25.0,misfire,0.84
fault_misfire_2,3264,1789815228.974543,1731.6,110.93,548.96,2.12,93.65,0.0217,6.44,13.69,10.91,10.0,0.0,25.0,misfire,0.84
fault_misfire_2,3265,1789815229.974543,1826.8,111.23,549.13,2.13,93.67,0.0301,6.83,13.69,11.32,10.0,0.0,25.0,misfire,0.84
fault_misfire_2,3266,1789815230.974543,1956.7,110.8,546.84,2.12,93.68,0.0311,7.17,13.69,11.38,10.0,0.0,25.0,misfire,0.84
fault_misfire_2,3267,1789815231.974543,2014.7,111.07,542.32,2.28,93.7,0.0261,7.56,13.66,11.31,10.0,0.0,25.0,misfire,0.84
fault_misfire_2,3268,1789815232.974543,2015.7,111.11,544.44,2.24,93.69,0.0271,7.58,13.67,11.16,10.0,0.0,25.0,misfire,0.84
fault_misfire_2,3269,1789815233.974543,1992.5,111.02,545.56,2.16,93.7,0.0301,7.35,13.68,11.09,10.0,0.0,25.0,misfire,0.84
fault_misfire_2,3270,1789815234.974543,1932.5,111.01,546.25,2.14,93.71,0.0264,7.22,13.72,10.55,10.0,0.0,25.0,misfire,0.84
fault_misfire_2,3271,1789815235.974543,1836.4,110.82,552.2,2.07,93.72,0.0237,6.77,13.72,10.55,10.0,0.0,25.0,misfire,0.84
fault_misfire_2,3272,1789815236.974543,1734.8,110.92,555.48,2.1,93.64,0.034,6.23,13.83,11.07,10.0,0.0,25.0,misfire,0.84
fault_misfire_2,3273,1789815237.974543,1632.0,111.26,555.86,2.17,93.66,0.0376,5.82,13.79,11.02,10.0,0.0,25.0,misfire,0.84
fault_misfire_2,3274,1789815238.974543,1612.0,111.06,555.8,2.22,93.62,0.0338,5.66,13.79,11.19,10.0,0.0,25.0,misfire,0.84
fault_misfire_2,3275,1789815239.974543,1582.9,111.11,554.88,2.21,93.57,0.0282,5.71,13.74,10.97,10.0,0.0,25.0,misfire,0.84
fault_misfire_2,3276,1789815240.974543,1643.9,111.1,554.67,2.27,93.59,0.0283,6.02,13.75,11.11,10.0,0.0,25.0,misfire,0.84
fault_misfire_2,3277,1789815241.974543,1762.1,110.84,553.26,2.31,93.33,0.0257,6.46,13.7,11.05,10.0,0.0,25.0,misfire,0.84
fault_misfire_2,3278,1789815242.974543,1892.6,111.04,546.82,2.27,93.38,0.0288,6.89,13.65,11.19,10.0,0.0,25.0,misfire,0.84
fault_misfire_2,3279,1789815243.974543,2015.1,110.8,542.01,2.29,93.43,0.0287,7.32,13.59,11.61,10.0,0.0,25.0,misfire,0.84
fault_misfire_2,3280,1789815244.974543,2040.7,111.11,539.18,2.29,93.41,0.0312,7.35,13.62,11.79,10.0,0.0,25.0,misfire,0.84
fault_misfire_2,3281,1789815245.974543,2042.0,111.2,544.92,2.25,93.28,0.0335,7.44,13.66,11.65,10.0,0.0,25.0,misfire,0.84
fault_misfire_2,3282,1789815246.974543,2023.0,110.94,540.07,2.22,93.33,0.0232,7.36,13.73,11.48,10.0,0.0,25.0,misfire,0.84
fault_misfire_2,3283,1789815247.974543,1895.0,111.13,541.98,2.24,93.36,0.0169,7.1,13.74,11.16,10.0,0.0,25.0,misfire,0.84
fault_misfire_2,3284,1789815248.974543,1773.8,111.32,539.51,2.28,93.38,0.0217,6.65,13.82,11.55,10.0,0.0,25.0,misfire,0.84
fault_misfire_2,3285,1789815249.974543,1700.8,111.27,539.57,2.2,93.43,0.0199,6.27,13.83,11.23,10.0,0.0,25.0,misfire,0.84
fault_misfire_2,3286,1789815250.974543,1639.4,111.43,544.42,2.18,93.35,0.0232,5.92,13.88,11.39,10.0,0.0,25.0,misfire,0.84
fault_misfire_2,3287,1789815251.974543,1628.1,111.27,543.09,2.18,93.5,0.0273,5.85,13.85,11.28,10.0,0.0,25.0,misfire,0.84
fault_misfire_2,3288,1789815252.974543,1662.4,111.42,537.65,2.14,93.61,0.0305,6.06,13.83,11.21,10.0,0.0,25.0,misfire,0.84
fault_misfire_2,3289,1789815253.974543,1743.3,111.78,539.37,2.2,93.64,0.0241,6.34,13.83,11.42,10.0,0.0,25.0,misfire,0.84
fault_misfire_2,3290,1789815254.974543,1849.8,111.9,534.11,2.18,93.61,0.0207,6.66,13.72,11.45,10.0,0.0,25.0,misfire,0.84
fault_misfire_2,3291,1789815255.974543,1943.1,111.78,534.4,2.17,93.65,0.0298,6.88,13.73,11.26,10.0,0.0,25.0,misfire,0.84
fault_misfire_2,3292,1789815256.974543,2061.5,111.57,540.66,2.1,93.61,0.0302,7.11,13.69,11.32,10.0,0.0,25.0,misfire,0.84
fault_misfire_2,3293,1789815257.974543,2111.8,111.44,547.1,2.17,93.59,0.0247,7.15,13.71,11.41,10.0,0.0,25.0,misfire,0.84
fault_misfire_2,3294,1789815258.974543,2060.4,111.32,547.53,2.16,93.76,0.0234,7.08,13.71,11.61,10.0,0.0,25.0,misfire,0.84
fault_misfire_2,3295,1789815259.974543,2012.5,111.57,544.97,2.18,93.76,0.0266,6.78,13.79,11.25,10.0,0.0,25.0,misfire,0.84
fault_misfire_2,3296,1789815260.974543,1901.0,111.6,544.11,2.17,93.87,0.0268,6.58,13.76,11.48,10.0,0.0,25.0,misfire,0.84
fault_misfire_2,3297,1789815261.974543,1797.8,111.61,546.31,2.21,93.76,0.0234,5.95,13.74,11.46,10.0,0.0,25.0,misfire,0.84
fault_misfire_2,3298,1789815262.974543,1697.0,111.56,546.97,2.21,93.67,0.0233,5.66,13.69,11.58,10.0,0.0,25.0,misfire,0.84
fault_misfire_2,3299,1789815263.974543,1632.2,111.63,546.37,2.3,93.42,0.0268,5.41,13.7,11.52,10.0,0.0,25.0,misfire,0.84
fault_misfire_2,3300,1789815264.974543,830.8,107.3,397.29,0.01,93.05,0.0003,0.0,13.05,0.02,0.0,0.0,25.0,misfire,0.84
fault_misfire_2,3301,1789815265.974543,443.1,103.25,291.7,0.0,92.69,0.0,0.0,12.7,0.0,0.0,0.0,25.0,misfire,0.84
fault_misfire_2,3302,1789815266.974543,244.4,99.46,216.51,0.0,92.32,0.0,0.0,12.59,0.0,0.0,0.0,25.0,misfire,0.84
fault_misfire_2,3303,1789815267.974543,136.0,95.81,162.11,0.0,91.94,0.0,0.0,12.52,0.0,0.0,0.0,25.0,misfire,0.84
fault_misfire_2,3304,1789815268.974543,75.6,92.34,123.99,0.01,91.56,0.0,0.0,12.55,0.0,0.0,0.0,25.0,misfire,0.84
fault_misfire_2,3305,1789815269.974543,42.6,89.05,95.91,0.01,91.2,0.0,0.0,12.57,0.01,0.0,0.0,25.0,misfire,0.84
fault_misfire_2,3306,1789815270.974543,24.5,85.89,75.98,0.0,90.84,0.0003,0.0,12.66,0.02,0.0,0.0,25.0,misfire,0.84
fault_misfire_2,3307,1789815271.974543,16.9,82.9,61.51,0.01,90.48,0.0006,0.0,12.62,0.03,0.0,0.0,25.0,misfire,0.84
fault_misfire_2,3308,1789815272.974543,13.9,80.06,51.05,0.01,90.14,0.0007,0.0,12.75,0.04,0.0,0.0,25.0,misfire,0.84
fault_misfire_2,3309,1789815273.974543,8.2,77.39,43.97,0.01,89.76,0.0009,0.0,12.72,0.03,0.0,0.0,25.0,misfire,0.84
fault_misfire_2,3310,1789815274.974543,5.6,74.82,38.78,0.0,89.4,0.0005,0.0,12.76,0.04,0.0,0.0,25.0,misfire,0.84
fault_misfire_2,3311,1789815275.974543,5.2,72.4,34.62,0.01,89.01,0.0,0.0,12.73,0.0,0.0,0.0,25.0,misfire,0.84
fault_misfire_2,3312,1789815276.974543,4.4,70.09,31.77,0.0,88.65,0.0,0.0,12.68,0.0,0.0,0.0,25.0,misfire,0.84
fault_misfire_2,3313,1789815277.974543,4.1,67.86,29.33,0.0,88.28,0.0,0.0,12.67,0.01,0.0,0.0,25.0,misfire,0.84
fault_misfire_2,3314,1789815278.974543,2.8,65.75,27.68,0.0,87.94,0.0003,0.0,12.67,0.0,0.0,0.0,25.0,misfire,0.84
fault_misfire_2,3315,1789815279.974543,3.0,63.75,27.19,0.0,87.59,0.0002,0.0,12.65,0.03,0.0,0.0,25.0,misfire,0.84
fault_misfire_2,3316,1789815280.974543,2.0,61.88,26.2,0.0,87.25,0.0001,0.0,12.58,0.01,0.0,0.0,25.0,misfire,0.84
fault_misfire_2,3317,1789815281.974543,3.1,60.11,25.72,0.0,86.89,0.0001,0.0,12.52,0.0,0.0,0.0,25.0,misfire,0.84
fault_misfire_2,3318,1789815282.974543,2.8,58.43,25.31,0.0,86.57,0.0001,0.0,12.52,0.01,0.0,0.0,25.0,misfire,0.84
fault_misfire_2,3319,1789815283.974543,0.6,56.81,25.4,0.0,86.22,0.0,0.02,12.53,0.0,0.0,0.0,25.0,misfire,0.84
fault_misfire_2,3320,1789815284.974543,0.0,55.26,25.24,0.0,85.9,0.0,0.03,12.43,0.0,0.0,0.0,25.0,misfire,0.84
fault_misfire_2,3321,1789815285.974543,0.0,53.79,25.26,0.0,85.57,0.0,0.04,12.47,0.0,0.0,0.0,25.0,misfire,0.84
fault_misfire_2,3322,1789815286.974543,0.0,52.39,25.15,0.0,85.23,0.0004,0.04,12.41,0.03,0.0,0.0,25.0,misfire,0.84
fault_misfire_2,3323,1789815287.974543,0.0,51.04,25.0,0.0,84.89,0.0005,0.03,12.55,0.02,0.0,0.0,25.0,misfire,0.84
fault_misfire_2,3324,1789815288.974543,0.0,49.78,25.33,0.01,84.56,0.0003,0.02,12.59,0.03,0.0,0.0,25.0,misfire,0.84
fault_misfire_2,3325,1789815289.974543,0.0,48.6,25.0,0.01,84.24,0.0008,0.02,12.66,0.01,0.0,0.0,25.0,misfire,0.84
fault_misfire_2,3326,1789815290.974543,0.0,47.45,25.82,0.0,83.93,0.0001,0.02,12.71,0.0,0.0,0.0,25.0,misfire,0.84
fault_misfire_2,3327,1789815291.974543,0.0,46.35,25.27,0.01,83.59,0.0,0.02,12.7,0.0,0.0,0.0,25.0,misfire,0.84
fault_misfire_2,3328,1789815292.974543,0.0,45.37,25.26,0.0,83.27,0.0,0.01,12.65,0.02,0.0,0.0,25.0,misfire,0.84
fault_misfire_2,3329,1789815293.974543,0.0,44.36,25.18,0.0,82.94,0.0,0.01,12.64,0.01,0.0,0.0,25.0,misfire,0.84
fault_misfire_2,3330,1789815294.974543,0.0,43.44,25.08,0.0,82.61,0.0,0.0,12.59,0.0,0.0,0.0,25.0,misfire,0.84
fault_misfire_2,3331,1789815295.974543,0.0,42.54,25.29,0.0,82.29,0.0002,0.0,12.61,0.01,0.0,0.0,25.0,misfire,0.84
fault_misfire_2,3332,1789815296.974543,0.0,41.65,25.68,0.0,81.97,0.0008,0.01,12.5,0.05,0.0,0.0,25.0,misfire,0.84
fault_misfire_2,3333,1789815297.974543,0.0,40.82,25.91,0.0,81.64,0.0,0.0,12.47,0.01,0.0,0.0,25.0,misfire,0.84
fault_misfire_2,3334,1789815298.974543,0.0,40.05,25.96,0.0,81.33,0.0,0.0,12.49,0.0,0.0,0.0,25.0,misfire,0.84
fault_misfire_2,3335,1789815299.974543,0.0,39.33,25.85,0.0,81.0,0.0003,0.0,12.53,0.0,0.0,0.0,25.0,misfire,0.84
fault_misfire_2,3336,1789815300.974543,0.0,38.61,25.48,0.0,80.7,0.0,0.0,12.54,0.0,0.0,0.0,25.0,misfire,0.84
fault_misfire_2,3337,1789815301.974543,0.0,37.96,25.52,0.0,80.39,0.0004,0.0,12.51,0.01,0.0,0.0,25.0,misfire,0.84
fault_misfire_2,3338,1789815302.974543,0.0,37.31,25.93,0.0,80.07,0.0002,0.0,12.54,0.02,0.0,0.0,25.0,misfire,0.84
fault_misfire_2,3339,1789815303.974543,0.0,36.65,25.14,0.0,79.78,0.0003,0.01,12.5,0.07,0.0,0.0,25.0,misfire,0.84
fault_misfire_2,3340,1789815304.974543,0.0,36.1,25.17,0.0,79.49,0.0,0.01,12.56,0.03,0.0,0.0,25.0,misfire,0.84
fault_misfire_2,3341,1789815305.974543,0.0,35.58,25.33,0.0,79.17,0.0,0.0,12.5,0.01,0.0,0.0,25.0,misfire,0.84
fault_misfire_2,3342,1789815306.974543,0.5,35.01,25.38,0.0,78.87,0.0,0.01,12.47,0.0,0.0,0.0,25.0,misfire,0.84
fault_misfire_2,3343,1789815307.974543,0.0,34.53,25.0,0.0,78.57,0.0,0.0,12.45,0.01,0.0,0.0,25.0,misfire,0.84
fault_misfire_2,3344,1789815308.974543,0.0,34.05,25.0,0.0,78.29,0.0,0.0,12.36,0.01,0.0,0.0,25.0,misfire,0.84
fault_misfire_2,3345,1789815309.974543,0.0,33.59,25.0,0.0,78.0,0.0001,0.02,12.32,0.0,0.0,0.0,25.0,misfire,0.84
fault_misfire_2,3346,1789815310.974543,0.0,33.16,25.0,0.01,77.71,0.0,0.0,12.42,0.0,0.0,0.0,25.0,misfire,0.84
fault_misfire_2,3347,1789815311.974543,0.0,32.8,25.0,0.0,77.42,0.0,0.0,12.36,0.0,0.0,0.0,25.0,misfire,0.84
fault_misfire_2,3348,1789815312.974543,0.0,32.43,25.0,0.0,77.13,0.0,0.0,12.33,0.0,0.0,0.0,25.0,misfire,0.84
fault_misfire_2,3349,1789815313.974543,0.0,32.1,25.0,0.0,76.86,0.0,0.0,12.32,0.0,0.0,0.0,25.0,misfire,0.84
fault_misfire_2,3350,1789815314.974543,0.0,31.8,25.0,0.0,76.57,0.0,0.0,12.41,0.0,0.0,0.0,25.0,misfire,0.84
fault_misfire_2,3351,1789815315.974543,0.0,31.48,25.0,0.0,76.28,0.0,0.0,12.45,0.0,0.0,0.0,25.0,misfire,0.84
fault_misfire_2,3352,1789815316.974543,0.8,31.17,25.0,0.0,75.99,0.0004,0.01,12.43,0.0,0.0,0.0,25.0,misfire,0.84
fault_misfire_2,3353,1789815317.974543,0.0,30.84,25.0,0.0,75.69,0.0,0.0,12.45,0.0,0.0,0.0,25.0,misfire,0.84
fault_misfire_2,3354,1789815318.974543,0.0,30.56,25.0,0.01,75.41,0.0,0.02,12.45,0.01,0.0,0.0,25.0,misfire,0.84
fault_misfire_2,3355,1789815319.974543,0.0,30.26,25.0,0.0,75.16,0.0,0.01,12.32,0.01,0.0,0.0,25.0,misfire,0.84
fault_misfire_2,3356,1789815320.974543,0.0,30.02,25.0,0.0,74.88,0.0,0.01,12.33,0.01,0.0,0.0,25.0,misfire,0.84
fault_misfire_2,3357,1789815321.974543,0.0,29.78,25.2,0.01,74.61,0.0,0.01,12.23,0.03,0.0,0.0,25.0,misfire,0.84
fault_misfire_2,3358,1789815322.974543,0.0,29.55,25.55,0.0,74.34,0.0,0.0,12.27,0.0,0.0,0.0,25.0,misfire,0.84
fault_misfire_2,3359,1789815323.974543,0.0,29.32,25.62,0.0,74.07,0.0,0.01,12.21,0.0,0.0,0.0,25.0,misfire,0.84
fault_misfire_2,3360,1789815324.974543,1.1,29.11,25.86,0.0,73.81,0.0,0.01,12.26,0.0,0.0,0.0,25.0,misfire,0.84
fault_misfire_2,3361,1789815325.974543,0.7,28.9,25.9,0.0,73.52,0.0,0.01,12.2,0.0,0.0,0.0,25.0,misfire,0.84
fault_misfire_2,3362,1789815326.974543,0.6,28.69,25.72,0.0,73.25,0.0,0.0,12.27,0.0,0.0,0.0,25.0,misfire,0.84
fault_misfire_2,3363,1789815327.974543,0.0,28.48,25.53,0.0,72.99,0.0,0.0,12.22,0.0,0.0,0.0,25.0,misfire,0.84
fault_misfire_2,3364,1789815328.974543,0.0,28.31,25.5,0.0,72.72,0.0,0.0,12.25,0.0,0.0,0.0,25.0,misfire,0.84
fault_misfire_2,3365,1789815329.974543,0.0,28.12,25.51,0.0,72.48,0.0,0.0,12.24,0.04,0.0,0.0,25.0,misfire,0.84
fault_misfire_2,3366,1789815330.974543,0.0,27.95,25.15,0.0,72.22,0.0,0.0,12.22,0.04,0.0,0.0,25.0,misfire,0.84
fault_misfire_2,3367,1789815331.974543,0.3,27.82,25.0,0.01,71.95,0.0,0.0,12.27,0.0,0.0,0.0,25.0,misfire,0.84
fault_misfire_2,3368,1789815332.974543,0.0,27.67,25.0,0.0,71.7,0.0,0.0,12.29,0.0,0.0,0.0,25.0,misfire,0.84
fault_misfire_2,3369,1789815333.974543,0.0,27.53,25.12,0.0,71.43,0.0,0.0,12.27,0.0,0.0,0.0,25.0,misfire,0.84
fault_misfire_2,3370,1789815334.974543,0.0,27.4,25.0,0.0,71.18,0.0002,0.0,12.32,0.0,0.0,0.0,25.0,misfire,0.84
fault_misfire_2,3371,1789815335.974543,1.1,27.3,25.0,0.0,70.93,0.0003,0.0,12.36,0.01,0.0,0.0,25.0,misfire,0.84
fault_misfire_2,3372,1789815336.974543,1.5,27.19,25.0,0.0,70.67,0.0012,0.0,12.37,0.0,0.0,0.0,25.0,misfire,0.84
fault_misfire_2,3373,1789815337.974543,3.1,27.07,25.0,0.0,70.43,0.0003,0.0,12.39,0.0,0.0,0.0,25.0,misfire,0.84
fault_misfire_2,3374,1789815338.974543,4.2,26.96,25.0,0.0,70.19,0.0004,0.0,12.4,0.0,0.0,0.0,25.0,misfire,0.84
fault_misfire_2,3375,1789815339.974543,3.5,26.88,25.0,0.01,69.94,0.0,0.0,12.47,0.0,0.0,0.0,25.0,misfire,0.84
fault_misfire_2,3376,1789815340.974543,2.4,26.79,25.0,0.01,69.7,0.0,0.0,12.5,0.0,0.0,0.0,25.0,misfire,0.84
fault_misfire_2,3377,1789815341.974543,0.3,26.73,25.0,0.01,69.46,0.0,0.0,12.52,0.0,0.0,0.0,25.0,misfire,0.84
fault_misfire_2,3378,1789815342.974543,0.0,26.64,25.0,0.0,69.21,0.0,0.0,12.52,0.0,0.0,0.0,25.0,misfire,0.84
fault_misfire_2,3379,1789815343.974543,0.3,26.57,25.0,0.0,68.97,0.0,0.01,12.51,0.0,0.0,0.0,25.0,misfire,0.84
fault_misfire_2,3380,1789815344.974543,1.8,26.47,25.0,0.0,68.72,0.0002,0.0,12.49,0.01,0.0,0.0,25.0,misfire,0.84
fault_misfire_2,3381,1789815345.974543,0.2,26.4,25.0,0.0,68.47,0.0,0.0,12.52,0.0,0.0,0.0,25.0,misfire,0.84
fault_misfire_2,3382,1789815346.974543,0.0,26.33,25.0,0.0,68.22,0.0,0.0,12.67,0.0,0.0,0.0,25.0,misfire,0.84
fault_misfire_2,3383,1789815347.974543,0.0,26.26,25.0,0.0,67.97,0.0,0.0,12.65,0.0,0.0,0.0,25.0,misfire,0.84
fault_misfire_2,3384,1789815348.974543,0.0,26.2,25.0,0.0,67.74,0.0,0.0,12.63,0.0,0.0,0.0,25.0,misfire,0.84
fault_misfire_2,3385,1789815349.974543,0.0,26.11,25.0,0.0,67.49,0.0,0.0,12.6,0.01,0.0,0.0,25.0,misfire,0.84
fault_misfire_2,3386,1789815350.974543,0.0,26.06,25.18,0.0,67.24,0.0,0.0,12.62,0.03,0.0,0.0,25.0,misfire,0.84
fault_misfire_2,3387,1789815351.974543,0.0,25.98,25.0,0.0,67.01,0.0,0.0,12.63,0.01,0.0,0.0,25.0,misfire,0.84
fault_misfire_2,3388,1789815352.974543,0.0,25.95,25.38,0.01,66.76,0.0,0.01,12.64,0.03,0.0,0.0,25.0,misfire,0.84
fault_misfire_2,3389,1789815353.974543,1.3,25.92,25.57,0.0,66.54,0.0,0.02,12.5,0.0,0.0,0.0,25.0,misfire,0.84
fault_misfire_2,3390,1789815354.974543,1.5,25.83,25.56,0.01,66.3,0.0002,0.01,12.59,0.0,0.0,0.0,25.0,misfire,0.84
fault_misfire_2,3391,1789815355.974543,1.7,25.82,25.65,0.0,66.06,0.0,0.01,12.61,0.0,0.0,0.0,25.0,misfire,0.84
fault_misfire_2,3392,1789815356.974543,0.9,25.8,25.48,0.0,65.83,0.0002,0.01,12.56,0.0,0.0,0.0,25.0,misfire,0.84
fault_misfire_2,3393,1789815357.974543,2.1,25.77,25.58,0.0,65.6,0.0,0.02,12.61,0.0,0.0,0.0,25.0,misfire,0.84
fault_misfire_2,3394,1789815358.974543,0.2,25.75,25.73,0.01,65.37,0.0011,0.02,12.56,0.0,0.0,0.0,25.0,misfire,0.84
fault_misfire_2,3395,1789815359.974543,0.0,25.72,25.81,0.01,65.12,0.0004,0.02,12.5,0.02,0.0,0.0,25.0,misfire,0.84
fault_misfire_2,3396,1789815360.974543,0.0,25.69,26.0,0.0,64.92,0.0015,0.02,12.49,0.01,0.0,0.0,25.0,misfire,0.84
fault_misfire_2,3397,1789815361.974543,0.0,25.67,26.04,0.0,64.69,0.0003,0.01,12.5,0.01,0.0,0.0,25.0,misfire,0.84
fault_misfire_2,3398,1789815362.974543,0.7,25.63,25.62,0.0,64.47,0.0003,0.01,12.51,0.01,0.0,0.0,25.0,misfire,0.84
fault_misfire_2,3399,1789815363.974543,0.0,25.61,25.0,0.0,64.25,0.0,0.01,12.52,0.03,0.0,0.0,25.0,misfire,0.84
fault_misfire_2,3400,1789815364.974543,0.0,25.57,25.0,0.0,64.03,0.0,0.01,12.47,0.01,0.0,0.0,25.0,misfire,0.84
fault_misfire_2,3401,1789815365.974543,0.0,25.53,25.08,0.0,63.81,0.0002,0.01,12.5,0.01,0.0,0.0,25.0,misfire,0.84
fault_misfire_2,3402,1789815366.974543,0.0,25.51,25.0,0.0,63.6,0.0,0.0,12.49,0.01,0.0,0.0,25.0,misfire,0.84
fault_misfire_2,3403,1789815367.974543,0.0,25.52,25.0,0.0,63.39,0.0001,0.0,12.65,0.01,0.0,0.0,25.0,misfire,0.84
fault_misfire_2,3404,1789815368.974543,0.0,25.51,25.0,0.0,63.17,0.0005,0.02,12.61,0.01,0.0,0.0,25.0,misfire,0.84
fault_misfire_2,3405,1789815369.974543,0.6,25.5,25.0,0.0,62.95,0.0003,0.01,12.59,0.0,0.0,0.0,25.0,misfire,0.84
fault_misfire_2,3406,1789815370.974543,0.0,25.47,25.0,0.0,62.74,0.0003,0.01,12.55,0.0,0.0,0.0,25.0,misfire,0.84
fault_misfire_2,3407,1789815371.974543,0.9,25.45,25.0,0.0,62.53,0.0,0.0,12.56,0.0,0.0,0.0,25.0,misfire,0.84
fault_misfire_2,3408,1789815372.974543,1.5,25.44,25.0,0.0,62.33,0.0,0.01,12.65,0.01,0.0,0.0,25.0,misfire,0.84
fault_misfire_2,3409,1789815373.974543,0.6,25.42,25.0,0.0,62.13,0.0,0.01,12.63,0.0,0.0,0.0,25.0,misfire,0.84
fault_misfire_2,3410,1789815374.974543,0.0,25.39,25.0,0.0,61.92,0.0,0.01,12.59,0.0,0.0,0.0,25.0,misfire,0.84
fault_misfire_2,3411,1789815375.974543,0.0,25.41,25.0,0.0,61.71,0.0,0.02,12.6,0.0,0.0,0.0,25.0,misfire,0.84
fault_misfire_2,3412,1789815376.974543,0.0,25.37,25.0,0.01,61.5,0.0,0.02,12.53,0.04,0.0,0.0,25.0,misfire,0.84
fault_misfire_2,3413,1789815377.974543,0.0,25.36,25.0,0.01,61.3,0.0003,0.01,12.45,0.0,0.0,0.0,25.0,misfire,0.84
fault_misfire_2,3414,1789815378.974543,0.0,25.32,25.0,0.0,61.11,0.0,0.01,12.47,0.0,0.0,0.0,25.0,misfire,0.84
fault_misfire_2,3415,1789815379.974543,0.0,25.34,25.0,0.01,60.9,0.0,0.01,12.49,0.01,0.0,0.0,25.0,misfire,0.84
fault_misfire_2,3416,1789815380.974543,0.0,25.3,25.0,0.01,60.72,0.0006,0.01,12.55,0.02,0.0,0.0,25.0,misfire,0.84
fault_misfire_2,3417,1789815381.974543,2.3,25.3,25.0,0.0,60.51,0.0,0.0,12.54,0.01,0.0,0.0,25.0,misfire,0.84
fault_misfire_2,3418,1789815382.974543,4.1,25.31,25.0,0.01,60.3,0.0,0.01,12.53,0.0,0.0,0.0,25.0,misfire,0.84
fault_misfire_2,3419,1789815383.974543,0.0,25.28,25.36,0.01,60.08,0.0,0.0,12.47,0.0,0.0,0.0,25.0,misfire,0.84
fault_misfire_2,3420,1789815384.974543,0.0,25.31,25.54,0.0,59.88,0.0,0.0,12.44,0.0,0.0,0.0,25.0,misfire,0.84
fault_misfire_2,3421,1789815385.974543,0.0,25.29,25.26,0.01,59.7,0.0,0.0,12.36,0.0,0.0,0.0,25.0,misfire,0.84
fault_misfire_2,3422,1789815386.974543,0.6,25.25,25.0,0.01,59.51,0.0003,0.0,12.41,0.0,0.0,0.0,25.0,misfire,0.84
fault_misfire_2,3423,1789815387.974543,0.3,25.22,25.0,0.0,59.31,0.0003,0.0,12.49,0.0,0.0,0.0,25.0,misfire,0.84
fault_misfire_2,3424,1789815388.974543,1.1,25.17,25.02,0.0,59.12,0.0,0.0,12.43,0.0,0.0,0.0,25.0,misfire,0.84
fault_misfire_2,3425,1789815389.974543,0.9,25.17,25.0,0.0,58.93,0.0,0.0,12.45,0.0,0.0,0.0,25.0,misfire,0.84
fault_misfire_2,3426,1789815390.974543,2.4,25.18,25.0,0.0,58.74,0.0,0.0,12.43,0.01,0.0,0.0,25.0,misfire,0.84
fault_misfire_2,3427,1789815391.974543,3.2,25.19,25.0,0.0,58.57,0.0005,0.01,12.49,0.0,0.0,0.0,25.0,misfire,0.84
fault_misfire_2,3428,1789815392.974543,5.2,25.17,25.0,0.0,58.38,0.0006,0.0,12.45,0.0,0.0,0.0,25.0,misfire,0.84
fault_misfire_2,3429,1789815393.974543,4.5,25.15,25.0,0.0,58.19,0.0006,0.01,12.45,0.0,0.0,0.0,25.0,misfire,0.84
fault_misfire_2,3430,1789815394.974543,5.9,25.17,25.0,0.0,58.0,0.0,0.02,12.43,0.0,0.0,0.0,25.0,misfire,0.84
fault_misfire_2,3431,1789815395.974543,4.3,25.16,25.0,0.01,57.83,0.0,0.02,12.43,0.0,0.0,0.0,25.0,misfire,0.84
fault_misfire_2,3432,1789815396.974543,3.2,25.15,25.0,0.01,57.63,0.0,0.01,12.39,0.0,0.0,0.0,25.0,misfire,0.84
fault_misfire_2,3433,1789815397.974543,3.6,25.13,25.0,0.0,57.46,0.0,0.01,12.35,0.0,0.0,0.0,25.0,misfire,0.84
fault_misfire_2,3434,1789815398.974543,2.9,25.1,25.0,0.01,57.29,0.0,0.01,12.37,0.0,0.0,0.0,25.0,misfire,0.84
fault_misfire_2,3435,1789815399.974543,0.9,25.09,25.0,0.01,57.11,0.0,0.01,12.26,0.0,0.0,0.0,25.0,misfire,0.84
fault_misfire_2,3436,1789815400.974543,0.0,25.08,25.02,0.01,56.95,0.0002,0.0,12.32,0.01,0.0,0.0,25.0,misfire,0.84
fault_misfire_2,3437,1789815401.974543,0.0,25.08,25.0,0.01,56.79,0.0001,0.01,12.33,0.0,0.0,0.0,25.0,misfire,0.84
fault_misfire_2,3438,1789815402.974543,0.0,25.1,25.0,0.01,56.61,0.0004,0.0,12.34,0.0,0.0,0.0,25.0,misfire,0.84
fault_misfire_2,3439,1789815403.974543,0.0,25.11,25.29,0.01,56.45,0.0,0.0,12.23,0.0,0.0,0.0,25.0,misfire,0.84
fault_misfire_2,3440,1789815404.974543,0.0,25.12,25.66,0.0,56.27,0.0,0.0,12.22,0.02,0.0,0.0,25.0,misfire,0.84
fault_misfire_2,3441,1789815405.974543,1.6,25.16,25.57,0.0,56.12,0.0009,0.0,12.22,0.03,0.0,0.0,25.0,misfire,0.84
fault_misfire_2,3442,1789815406.974543,2.2,25.16,25.41,0.0,55.93,0.0004,0.0,12.26,0.02,0.0,0.0,25.0,misfire,0.84
fault_misfire_2,3443,1789815407.974543,1.1,25.12,25.57,0.0,55.75,0.0003,0.01,12.36,0.02,0.0,0.0,25.0,misfire,0.84
fault_misfire_2,3444,1789815408.974543,1.5,25.12,26.01,0.0,55.59,0.0,0.01,12.34,0.0,0.0,0.0,25.0,misfire,0.84
fault_misfire_2,3445,1789815409.974543,1.2,25.1,25.73,0.0,55.43,0.0004,0.0,12.37,0.0,0.0,0.0,25.0,misfire,0.84
fault_misfire_2,3446,1789815410.974543,1.5,25.11,25.73,0.0,55.26,0.0,0.01,12.38,0.0,0.0,0.0,25.0,misfire,0.84
fault_misfire_2,3447,1789815411.974543,0.0,25.11,25.59,0.0,55.1,0.0003,0.0,12.39,0.0,0.0,0.0,25.0,misfire,0.84
fault_misfire_2,3448,1789815412.974543,0.0,25.11,25.32,0.0,54.92,0.0,0.0,12.47,0.0,0.0,0.0,25.0,misfire,0.84
fault_misfire_2,3449,1789815413.974543,1.1,25.11,25.0,0.0,54.76,0.0,0.0,12.52,0.0,0.0,0.0,25.0,misfire,0.84
fault_misfire_2,3450,1789815414.974543,0.0,25.1,25.0,0.0,54.6,0.0008,0.0,12.54,0.04,0.0,0.0,25.0,misfire,0.84
fault_misfire_2,3451,1789815415.974543,0.7,25.08,25.0,0.0,54.44,0.0003,0.0,12.57,0.04,0.0,0.0,25.0,misfire,0.84
fault_misfire_2,3452,1789815416.974543,1.6,25.08,25.0,0.01,54.26,0.0006,0.01,12.53,0.0,0.0,0.0,25.0,misfire,0.84
fault_misfire_2,3453,1789815417.974543,0.1,25.06,25.0,0.01,54.09,0.0,0.0,12.53,0.0,0.0,0.0,25.0,misfire,0.84
fault_misfire_2,3454,1789815418.974543,0.0,25.05,25.0,0.0,53.94,0.0,0.0,12.58,0.0,0.0,0.0,25.0,misfire,0.84
fault_misfire_2,3455,1789815419.974543,0.0,25.04,25.0,0.0,53.77,0.0,0.0,12.59,0.0,0.0,0.0,25.0,misfire,0.84
fault_misfire_2,3456,1789815420.974543,0.0,25.05,25.0,0.0,53.6,0.0,0.01,12.67,0.0,0.0,0.0,25.0,misfire,0.84
fault_misfire_2,3457,1789815421.974543,0.0,25.07,25.0,0.01,53.45,0.0,0.01,12.65,0.01,0.0,0.0,25.0,misfire,0.84
fault_misfire_2,3458,1789815422.974543,0.0,25.08,25.0,0.0,53.3,0.0,0.0,12.72,0.0,0.0,0.0,25.0,misfire,0.84
fault_misfire_2,3459,1789815423.974543,0.0,25.06,25.0,0.01,53.14,0.0,0.0,12.67,0.0,0.0,0.0,25.0,misfire,0.84
fault_misfire_2,3460,1789815424.974543,0.0,25.04,25.0,0.0,52.97,0.0004,0.0,12.66,0.0,0.0,0.0,25.0,misfire,0.84
fault_misfire_2,3461,1789815425.974543,0.2,25.04,25.0,0.0,52.81,0.0012,0.0,12.57,0.0,0.0,0.0,25.0,misfire,0.84
fault_misfire_2,3462,1789815426.974543,2.0,25.04,25.0,0.0,52.66,0.0002,0.0,12.52,0.0,0.0,0.0,25.0,misfire,0.84
fault_misfire_2,3463,1789815427.974543,3.3,25.1,25.0,0.0,52.52,0.0002,0.0,12.52,0.0,0.0,0.0,25.0,misfire,0.84
fault_misfire_2,3464,1789815428.974543,2.9,25.08,25.0,0.0,52.35,0.0014,0.0,12.48,0.0,0.0,0.0,25.0,misfire,0.84
fault_misfire_2,3465,1789815429.974543,3.4,25.05,25.0,0.0,52.2,0.0009,0.0,12.45,0.0,0.0,0.0,25.0,misfire,0.84
fault_misfire_2,3466,1789815430.974543,2.8,25.02,25.0,0.01,52.04,0.0,0.0,12.36,0.0,0.0,0.0,25.0,misfire,0.84
fault_misfire_2,3467,1789815431.974543,0.0,25.01,25.0,0.0,51.9,0.0,0.0,12.39,0.0,0.0,0.0,25.0,misfire,0.84
fault_misfire_2,3468,1789815432.974543,0.0,25.02,25.4,0.0,51.74,0.0002,0.0,12.42,0.01,0.0,0.0,25.0,misfire,0.84
fault_misfire_2,3469,1789815433.974543,0.0,25.01,25.32,0.0,51.61,0.0002,0.0,12.43,0.01,0.0,0.0,25.0,misfire,0.84
fault_misfire_2,3470,1789815434.974543,0.0,25.02,25.38,0.01,51.47,0.0001,0.0,12.39,0.0,0.0,0.0,25.0,misfire,0.84
fault_misfire_2,3471,1789815435.974543,0.0,25.05,25.0,0.0,51.32,0.0001,0.0,12.37,0.0,0.0,0.0,25.0,misfire,0.84
fault_misfire_2,3472,1789815436.974543,0.0,25.02,25.0,0.0,51.17,0.0003,0.0,12.4,0.0,0.0,0.0,25.0,misfire,0.84
fault_misfire_2,3473,1789815437.974543,0.0,25.04,25.0,0.0,51.0,0.0,0.0,12.39,0.0,0.0,0.0,25.0,misfire,0.84
fault_misfire_2,3474,1789815438.974543,0.0,25.02,25.0,0.0,50.85,0.0,0.02,12.39,0.0,0.0,0.0,25.0,misfire,0.84
fault_misfire_2,3475,1789815439.974543,0.0,25.06,25.0,0.0,50.71,0.0001,0.01,12.39,0.04,0.0,0.0,25.0,misfire,0.84
fault_misfire_2,3476,1789815440.974543,0.0,25.04,25.0,0.0,50.58,0.0,0.0,12.37,0.02,0.0,0.0,25.0,misfire,0.84
fault_misfire_2,3477,1789815441.974543,0.0,25.03,25.0,0.0,50.42,0.0,0.0,12.43,0.0,0.0,0.0,25.0,misfire,0.84
fault_misfire_2,3478,1789815442.974543,0.0,25.04,25.04,0.0,50.29,0.0003,0.0,12.53,0.0,0.0,0.0,25.0,misfire,0.84
fault_misfire_2,3479,1789815443.974543,0.0,25.04,25.59,0.0,50.15,0.0,0.0,12.52,0.0,0.0,0.0,25.0,misfire,0.84
fault_misfire_2,3480,1789815444.974543,0.4,25.04,25.58,0.0,50.0,0.0,0.0,12.57,0.0,0.0,0.0,25.0,misfire,0.84
fault_misfire_2,3481,1789815445.974543,0.0,25.02,25.29,0.0,49.85,0.0,0.0,12.56,0.0,0.0,0.0,25.0,misfire,0.84
fault_misfire_2,3482,1789815446.974543,0.0,25.02,25.3,0.0,49.72,0.0,0.0,12.58,0.01,0.0,0.0,25.0,misfire,0.84
fault_misfire_2,3483,1789815447.974543,0.0,25.0,25.63,0.0,49.58,0.0,0.0,12.64,0.0,0.0,0.0,25.0,misfire,0.84
fault_misfire_2,3484,1789815448.974543,0.0,25.0,25.24,0.0,49.43,0.0,0.0,12.69,0.03,0.0,0.0,25.0,misfire,0.84
fault_misfire_2,3485,1789815449.974543,0.0,25.0,25.26,0.0,49.3,0.0004,0.0,12.72,0.0,0.0,0.0,25.0,misfire,0.84
fault_misfire_2,3486,1789815450.974543,0.0,25.0,25.63,0.0,49.15,0.0004,0.02,12.71,0.0,0.0,0.0,25.0,misfire,0.84
fault_misfire_2,3487,1789815451.974543,0.0,25.0,25.7,0.01,49.01,0.0,0.02,12.66,0.0,0.0,0.0,25.0,misfire,0.84
fault_misfire_2,3488,1789815452.974543,0.0,25.0,25.69,0.01,48.87,0.0,0.0,12.58,0.0,0.0,0.0,25.0,misfire,0.84
fault_misfire_2,3489,1789815453.974543,0.0,25.0,25.64,0.02,48.74,0.0,0.0,12.61,0.0,0.0,0.0,25.0,misfire,0.84
fault_misfire_2,3490,1789815454.974543,0.0,25.03,25.83,0.02,48.6,0.0,0.0,12.64,0.01,0.0,0.0,25.0,misfire,0.84
fault_misfire_2,3491,1789815455.974543,2.0,25.01,25.3,0.01,48.47,0.0,0.0,12.7,0.0,0.0,0.0,25.0,misfire,0.84
fault_misfire_2,3492,1789815456.974543,0.5,25.01,25.0,0.01,48.35,0.0,0.0,12.69,0.01,0.0,0.0,25.0,misfire,0.84
fault_misfire_2,3493,1789815457.974543,0.1,25.04,25.0,0.01,48.24,0.0003,0.0,12.7,0.0,0.0,0.0,25.0,misfire,0.84
fault_misfire_2,3494,1789815458.974543,2.0,25.02,25.27,0.01,48.11,0.0,0.01,12.65,0.0,0.0,0.0,25.0,misfire,0.84
fault_misfire_2,3495,1789815459.974543,1.0,25.03,25.58,0.0,48.0,0.0005,0.01,12.68,0.01,0.0,0.0,25.0,misfire,0.84
fault_misfire_2,3496,1789815460.974543,2.0,25.05,25.62,0.0,47.87,0.0014,0.02,12.67,0.04,0.0,0.0,25.0,misfire,0.84
fault_misfire_2,3497,1789815461.974543,1.7,25.06,25.03,0.0,47.73,0.0,0.03,12.66,0.01,0.0,0.0,25.0,misfire,0.84
fault_misfire_2,3498,1789815462.974543,0.2,25.03,25.0,0.01,47.6,0.0005,0.03,12.72,0.03,0.0,0.0,25.0,misfire,0.84
fault_misfire_2,3499,1789815463.974543,1.6,25.04,25.55,0.0,47.46,0.0,0.03,12.67,0.0,0.0,0.0,25.0,misfire,0.84
fault_misfire_2,3500,1789815464.974543,1.1,25.01,25.42,0.0,47.34,0.0,0.02,12.72,0.0,0.0,0.0,25.0,misfire,0.84
fault_misfire_2,3501,1789815465.974543,1.4,25.02,25.26,0.0,47.22,0.0,0.01,12.73,0.0,0.0,0.0,25.0,misfire,0.84
fault_misfire_2,3502,1789815466.974543,1.5,25.0,25.0,0.0,47.11,0.0,0.0,12.78,0.0,0.0,0.0,25.0,misfire,0.84
fault_misfire_2,3503,1789815467.974543,1.7,25.0,25.0,0.0,46.98,0.0,0.0,12.78,0.0,0.0,0.0,25.0,misfire,0.84
fault_misfire_2,3504,1789815468.974543,2.7,25.0,25.13,0.0,46.86,0.0,0.0,12.72,0.0,0.0,0.0,25.0,misfire,0.84
fault_misfire_2,3505,1789815469.974543,7.2,25.0,25.45,0.0,46.73,0.0,0.0,12.72,0.0,0.0,0.0,25.0,misfire,0.84
fault_misfire_2,3506,1789815470.974543,7.4,25.0,25.0,0.0,46.61,0.0003,0.0,12.78,0.0,0.0,0.0,25.0,misfire,0.84
fault_misfire_2,3507,1789815471.974543,8.1,25.0,25.0,0.0,46.49,0.0004,0.0,12.79,0.02,0.0,0.0,25.0,misfire,0.84
fault_misfire_2,3508,1789815472.974543,4.9,25.0,25.0,0.0,46.37,0.0006,0.0,12.76,0.01,0.0,0.0,25.0,misfire,0.84
fault_misfire_2,3509,1789815473.974543,3.3,25.0,25.0,0.01,46.26,0.0003,0.0,12.71,0.01,0.0,0.0,25.0,misfire,0.84
fault_misfire_2,3510,1789815474.974543,2.0,25.0,25.0,0.0,46.14,0.0,0.0,12.63,0.02,0.0,0.0,25.0,misfire,0.84
fault_misfire_2,3511,1789815475.974543,2.6,25.0,25.0,0.0,46.02,0.0,0.0,12.65,0.01,0.0,0.0,25.0,misfire,0.84
fault_misfire_2,3512,1789815476.974543,2.3,25.0,25.0,0.0,45.91,0.0,0.0,12.69,0.04,0.0,0.0,25.0,misfire,0.84
fault_misfire_2,3513,1789815477.974543,3.1,25.0,25.0,0.0,45.8,0.0,0.0,12.76,0.03,0.0,0.0,25.0,misfire,0.84
fault_misfire_2,3514,1789815478.974543,0.9,25.0,25.0,0.01,45.68,0.0,0.0,12.65,0.01,0.0,0.0,25.0,misfire,0.84
fault_misfire_2,3515,1789815479.974543,0.0,25.0,25.0,0.01,45.56,0.0,0.0,12.66,0.03,0.0,0.0,25.0,misfire,0.84
fault_misfire_2,3516,1789815480.974543,0.0,25.0,25.0,0.01,45.42,0.0002,0.0,12.65,0.02,0.0,0.0,25.0,misfire,0.84
fault_misfire_2,3517,1789815481.974543,0.0,25.0,25.0,0.0,45.33,0.0,0.0,12.7,0.0,0.0,0.0,25.0,misfire,0.84
fault_misfire_2,3518,1789815482.974543,2.1,25.0,25.0,0.0,45.22,0.0,0.0,12.7,0.0,0.0,0.0,25.0,misfire,0.84
fault_misfire_2,3519,1789815483.974543,2.2,25.0,25.0,0.0,45.11,0.0001,0.0,12.68,0.0,0.0,0.0,25.0,misfire,0.84
fault_misfire_2,3520,1789815484.974543,2.0,25.0,25.0,0.0,45.0,0.0003,0.01,12.65,0.0,0.0,0.0,25.0,misfire,0.84
fault_misfire_2,3521,1789815485.974543,0.2,25.0,25.0,0.01,44.88,0.0003,0.0,12.6,0.01,0.0,0.0,25.0,misfire,0.84
fault_misfire_2,3522,1789815486.974543,0.0,25.0,25.0,0.0,44.78,0.0007,0.0,12.56,0.0,0.0,0.0,25.0,misfire,0.84
fault_misfire_2,3523,1789815487.974543,1.5,25.0,25.0,0.0,44.68,0.001,0.0,12.49,0.03,0.0,0.0,25.0,misfire,0.84
fault_misfire_2,3524,1789815488.974543,0.3,25.0,25.0,0.0,44.57,0.0005,0.0,12.44,0.02,0.0,0.0,25.0,misfire,0.84
fault_misfire_2,3525,1789815489.974543,0.0,25.0,25.0,0.0,44.47,0.0,0.0,12.4,0.02,0.0,0.0,25.0,misfire,0.84
fault_misfire_2,3526,1789815490.974543,0.0,25.01,25.05,0.0,44.37,0.0,0.0,12.38,0.03,0.0,0.0,25.0,misfire,0.84
fault_misfire_2,3527,1789815491.974543,0.0,25.02,25.17,0.01,44.24,0.0,0.01,12.4,0.0,0.0,0.0,25.0,misfire,0.84
fault_misfire_2,3528,1789815492.974543,0.0,25.02,25.28,0.0,44.13,0.0001,0.0,12.41,0.0,0.0,0.0,25.0,misfire,0.84
fault_misfire_2,3529,1789815493.974543,0.0,25.06,25.79,0.01,44.02,0.0006,0.0,12.4,0.0,0.0,0.0,25.0,misfire,0.84
fault_misfire_2,3530,1789815494.974543,0.0,25.03,25.43,0.01,43.94,0.0005,0.0,12.39,0.0,0.0,0.0,25.0,misfire,0.84
fault_misfire_2,3531,1789815495.974543,0.0,25.04,25.47,0.01,43.85,0.0,0.0,12.47,0.01,0.0,0.0,25.0,misfire,0.84
fault_misfire_2,3532,1789815496.974543,1.2,25.04,25.16,0.0,43.74,0.0001,0.0,12.46,0.01,0.0,0.0,25.0,misfire,0.84
fault_misfire_2,3533,1789815497.974543,0.8,25.03,25.0,0.0,43.62,0.0006,0.0,12.49,0.01,0.0,0.0,25.0,misfire,0.84
fault_misfire_2,3534,1789815498.974543,2.6,25.05,25.0,0.0,43.53,0.0001,0.01,12.48,0.0,0.0,0.0,25.0,misfire,0.84
fault_misfire_2,3535,1789815499.974543,0.7,25.05,25.0,0.0,43.45,0.0004,0.0,12.42,0.0,0.0,0.0,25.0,misfire,0.84
fault_misfire_2,3536,1789815500.974543,0.0,25.03,25.0,0.0,43.36,0.0006,0.0,12.39,0.0,0.0,0.0,25.0,misfire,0.84
fault_misfire_2,3537,1789815501.974543,0.0,25.06,25.0,0.0,43.25,0.0,0.0,12.48,0.01,0.0,0.0,25.0,misfire,0.84
fault_misfire_2,3538,1789815502.974543,0.0,25.04,25.2,0.0,43.14,0.0,0.0,12.45,0.0,0.0,0.0,25.0,misfire,0.84
fault_misfire_2,3539,1789815503.974543,0.0,25.02,25.16,0.0,43.03,0.0,0.0,12.36,0.0,0.0,0.0,25.0,misfire,0.84
fault_misfire_2,3540,1789815504.974543,0.0,25.04,25.0,0.01,42.94,0.0,0.01,12.35,0.01,0.0,0.0,25.0,misfire,0.84
fault_misfire_2,3541,1789815505.974543,0.0,25.02,25.0,0.01,42.84,0.0,0.0,12.33,0.0,0.0,0.0,25.0,misfire,0.84
fault_misfire_2,3542,1789815506.974543,0.0,25.0,25.0,0.01,42.73,0.0,0.01,12.34,0.0,0.0,0.0,25.0,misfire,0.84
fault_misfire_2,3543,1789815507.974543,0.0,25.0,25.0,0.01,42.61,0.0,0.01,12.24,0.01,0.0,0.0,25.0,misfire,0.84
fault_misfire_2,3544,1789815508.974543,0.0,25.0,25.05,0.0,42.51,0.0001,0.01,12.3,0.0,0.0,0.0,25.0,misfire,0.84
fault_misfire_2,3545,1789815509.974543,0.0,25.0,25.23,0.0,42.41,0.0,0.01,12.3,0.0,0.0,0.0,25.0,misfire,0.84
fault_misfire_2,3546,1789815510.974543,0.7,25.0,25.18,0.01,42.31,0.0,0.01,12.26,0.0,0.0,0.0,25.0,misfire,0.84
fault_misfire_2,3547,1789815511.974543,0.0,25.0,25.59,0.01,42.23,0.0,0.0,12.3,0.0,0.0,0.0,25.0,misfire,0.84
fault_misfire_2,3548,1789815512.974543,0.0,25.0,25.52,0.01,42.12,0.0,0.01,12.25,0.05,0.0,0.0,25.0,misfire,0.84
fault_misfire_2,3549,1789815513.974543,0.0,25.0,25.55,0.0,42.02,0.0,0.0,12.24,0.04,0.0,0.0,25.0,misfire,0.84
fault_misfire_2,3550,1789815514.974543,0.0,25.0,25.64,0.0,41.95,0.0,0.0,12.23,0.0,0.0,0.0,25.0,misfire,0.84
fault_misfire_2,3551,1789815515.974543,0.0,25.0,25.88,0.01,41.84,0.0,0.0,12.27,0.0,0.0,0.0,25.0,misfire,0.84
fault_misfire_2,3552,1789815516.974543,0.0,25.0,25.76,0.0,41.75,0.0,0.0,12.28,0.0,0.0,0.0,25.0,misfire,0.84
fault_misfire_2,3553,1789815517.974543,0.0,25.0,26.18,0.0,41.65,0.0002,0.0,12.33,0.0,0.0,0.0,25.0,misfire,0.84
fault_misfire_2,3554,1789815518.974543,0.0,25.0,25.49,0.0,41.57,0.0004,0.0,12.34,0.0,0.0,0.0,25.0,misfire,0.84
fault_misfire_2,3555,1789815519.974543,0.0,25.02,25.0,0.0,41.48,0.0003,0.0,12.38,0.0,0.0,0.0,25.0,misfire,0.84
fault_misfire_2,3556,1789815520.974543,0.0,25.0,25.0,0.0,41.4,0.0,0.0,12.39,0.04,0.0,0.0,25.0,misfire,0.84
fault_misfire_2,3557,1789815521.974543,0.0,25.0,25.0,0.0,41.29,0.0,0.0,12.4,0.02,0.0,0.0,25.0,misfire,0.84
fault_misfire_2,3558,1789815522.974543,0.0,25.0,25.0,0.01,41.21,0.0002,0.0,12.43,0.01,0.0,0.0,25.0,misfire,0.84
fault_misfire_2,3559,1789815523.974543,0.0,25.02,25.0,0.01,41.12,0.0,0.0,12.44,0.0,0.0,0.0,25.0,misfire,0.84
fault_misfire_2,3560,1789815524.974543,0.0,25.01,25.0,0.01,41.02,0.0001,0.0,12.55,0.0,0.0,0.0,25.0,misfire,0.84
fault_misfire_2,3561,1789815525.974543,0.0,25.01,25.0,0.01,40.93,0.0,0.0,12.48,0.0,0.0,0.0,25.0,misfire,0.84
fault_misfire_2,3562,1789815526.974543,0.0,25.0,25.0,0.0,40.83,0.0,0.0,12.54,0.0,0.0,0.0,25.0,misfire,0.84
fault_misfire_2,3563,1789815527.974543,0.0,25.0,25.0,0.0,40.76,0.0,0.02,12.57,0.0,0.0,0.0,25.0,misfire,0.84
fault_misfire_2,3564,1789815528.974543,0.0,25.0,25.0,0.0,40.68,0.0,0.02,12.54,0.0,0.0,0.0,25.0,misfire,0.84
fault_misfire_2,3565,1789815529.974543,0.0,25.0,25.1,0.0,40.61,0.0,0.01,12.63,0.0,0.0,0.0,25.0,misfire,0.84
fault_misfire_2,3566,1789815530.974543,0.0,25.0,25.03,0.0,40.5,0.0,0.01,12.58,0.0,0.0,0.0,25.0,misfire,0.84
fault_misfire_2,3567,1789815531.974543,0.0,25.0,25.0,0.0,40.41,0.0002,0.01,12.61,0.01,0.0,0.0,25.0,misfire,0.84
fault_misfire_2,3568,1789815532.974543,0.0,25.0,25.0,0.01,40.32,0.0,0.03,12.55,0.0,0.0,0.0,25.0,misfire,0.84
fault_misfire_2,3569,1789815533.974543,0.0,25.0,25.19,0.01,40.23,0.0004,0.0,12.53,0.0,0.0,0.0,25.0,misfire,0.84
fault_misfire_2,3570,1789815534.974543,0.0,25.0,25.35,0.0,40.15,0.0,0.0,12.52,0.01,0.0,0.0,25.0,misfire,0.84
fault_misfire_2,3571,1789815535.974543,0.0,25.0,25.05,0.0,40.09,0.0001,0.0,12.55,0.0,0.0,0.0,25.0,misfire,0.84
fault_misfire_2,3572,1789815536.974543,0.0,25.0,25.0,0.0,39.99,0.0,0.0,12.5,0.0,0.0,0.0,25.0,misfire,0.84
fault_misfire_2,3573,1789815537.974543,0.0,25.0,25.0,0.0,39.92,0.0,0.0,12.52,0.02,0.0,0.0,25.0,misfire,0.84
fault_misfire_2,3574,1789815538.974543,0.0,25.0,25.0,0.0,39.84,0.0,0.0,12.49,0.03,0.0,0.0,25.0,misfire,0.84
fault_misfire_2,3575,1789815539.974543,0.0,25.0,25.0,0.0,39.78,0.0,0.01,12.53,0.01,0.0,0.0,25.0,misfire,0.84
fault_misfire_2,3576,1789815540.974543,0.0,25.0,25.0,0.0,39.69,0.0,0.0,12.5,0.01,0.0,0.0,25.0,misfire,0.84
fault_misfire_2,3577,1789815541.974543,1.4,25.0,25.0,0.0,39.63,0.0,0.0,12.47,0.0,0.0,0.0,25.0,misfire,0.84
fault_misfire_2,3578,1789815542.974543,4.1,25.0,25.0,0.0,39.55,0.0002,0.0,12.58,0.0,0.0,0.0,25.0,misfire,0.84
fault_misfire_2,3579,1789815543.974543,3.3,25.0,25.0,0.0,39.48,0.0,0.0,12.56,0.02,0.0,0.0,25.0,misfire,0.84
fault_misfire_2,3580,1789815544.974543,5.1,25.01,25.0,0.01,39.39,0.0006,0.02,12.56,0.01,0.0,0.0,25.0,misfire,0.84
fault_misfire_2,3581,1789815545.974543,2.8,25.02,25.0,0.0,39.3,0.0,0.01,12.55,0.0,0.0,0.0,25.0,misfire,0.84
fault_misfire_2,3582,1789815546.974543,1.5,25.02,25.0,0.0,39.2,0.0,0.01,12.62,0.02,0.0,0.0,25.0,misfire,0.84
fault_misfire_2,3583,1789815547.974543,1.7,25.03,25.0,0.0,39.12,0.0,0.01,12.56,0.0,0.0,0.0,25.0,misfire,0.84
fault_misfire_2,3584,1789815548.974543,0.0,25.02,25.0,0.01,39.04,0.0,0.01,12.53,0.01,0.0,0.0,25.0,misfire,0.84
fault_misfire_2,3585,1789815549.974543,0.0,25.0,25.0,0.01,38.96,0.0,0.0,12.44,0.0,0.0,0.0,25.0,misfire,0.84
fault_misfire_2,3586,1789815550.974543,0.1,25.0,25.0,0.0,38.89,0.0,0.0,12.5,0.01,0.0,0.0,25.0,misfire,0.84
fault_misfire_2,3587,1789815551.974543,0.0,25.0,25.0,0.0,38.81,0.0,0.0,12.52,0.0,0.0,0.0,25.0,misfire,0.84
fault_misfire_2,3588,1789815552.974543,0.0,25.0,25.0,0.01,38.73,0.0,0.0,12.55,0.03,0.0,0.0,25.0,misfire,0.84
fault_misfire_2,3589,1789815553.974543,0.0,25.0,25.0,0.01,38.66,0.0002,0.01,12.54,0.0,0.0,0.0,25.0,misfire,0.84
fault_misfire_2,3590,1789815554.974543,0.0,25.0,25.44,0.01,38.59,0.0,0.0,12.6,0.0,0.0,0.0,25.0,misfire,0.84
fault_misfire_2,3591,1789815555.974543,0.0,25.0,25.61,0.01,38.52,0.0,0.0,12.62,0.0,0.0,0.0,25.0,misfire,0.84
fault_misfire_2,3592,1789815556.974543,0.0,25.0,25.65,0.0,38.44,0.0,0.0,12.7,0.0,0.0,0.0,25.0,misfire,0.84
fault_misfire_2,3593,1789815557.974543,0.0,25.0,25.0,0.0,38.38,0.0,0.0,12.64,0.0,0.0,0.0,25.0,misfire,0.84
fault_misfire_2,3594,1789815558.974543,0.0,25.0,25.0,0.0,38.29,0.0,0.0,12.65,0.01,0.0,0.0,25.0,misfire,0.84
fault_misfire_2,3595,1789815559.974543,0.0,25.0,25.0,0.01,38.21,0.0,0.0,12.63,0.0,0.0,0.0,25.0,misfire,0.84
fault_misfire_2,3596,1789815560.974543,0.0,25.0,25.0,0.01,38.14,0.0,0.0,12.62,0.0,0.0,0.0,25.0,misfire,0.84
fault_misfire_2,3597,1789815561.974543,0.0,25.0,25.0,0.0,38.07,0.0,0.0,12.62,0.0,0.0,0.0,25.0,misfire,0.84
fault_misfire_2,3598,1789815562.974543,0.0,25.0,25.0,0.0,37.98,0.0,0.0,12.62,0.0,0.0,0.0,25.0,misfire,0.84
fault_misfire_2,3599,1789815563.974543,0.0,25.01,25.0,0.0,37.92,0.0,0.0,12.7,0.02,0.0,0.0,25.0,misfire,0.84
